timestamp_ms,phone_roll,phone_pitch,phone_yaw,phone_accelX,phone_accelY,phone_accelZ,phone_gyroX_rad,phone_gyroY_rad,phone_gyroZ_rad,esp32_roll,esp32_pitch,esp32_yaw,esp32_accelX,esp32_accelY,esp32_accelZ,esp32_gyroX_deg,esp32_gyroY_deg,esp32_gyroZ_deg,esp32_gyroX_rad,esp32_gyroY_rad,esp32_gyroZ_rad,esp32_qw,esp32_qx,esp32_qy,esp32_qz,esp32_quatNorm,diff_roll,diff_pitch,diff_yaw,diff_accelX,diff_accelY,diff_accelZ,diff_gyroX_rad,diff_gyroY_rad,diff_gyroZ_rad,phone_qw,phone_qx,phone_qy,phone_qz,diff_quat_angle_deg
1773306588799,-1.55,18.950000000000003,36.6,0.1,3.2250000000000005,9.325,-0.005235987755982992,-0.006981317007977317,0.030106929596902185,-1.8125,17.1875,108.1875,0.03999999910593033,3.069999933242798,9.5,0.010908307507634163,0.04254240170121193,-0.018544122576713562,0.00019038588182823261,0.0007425049813921851,-0.0003236559958570664,-0.57989501953125,0.10125732421875,0.11163330078125,-0.8006591796875,1.0000241973303783,-0.26249999999999996,-1.7625000000000028,71.5875,-0.06000000089406968,-0.15500006675720268,0.1750000000000007,0.005426373637811224,0.007723821989369502,-0.03043058559275925,0.9370864289066627,0.1604665932961645,0.30756650370306376,0.03901721408243697,116.78893295995215
1773306588909,-1.4666666666666668,19.233333333333334,36.63333333333333,0.2285714285714286,3.3714285714285714,9.257142857142856,0.028423933532479077,0.04288523304900352,0.08951045735228061,-1.8125,17.4375,108.25,0.25,3.1700000762939453,9.25,-0.09381144493818283,-0.039269909262657166,0.01636246219277382,-0.0016373185902246587,-0.0006853892135927863,0.00028557883899699426,-0.57928466796875,0.10247802734375,0.113525390625,-0.8006591796875,1.0000078044527205,-0.3458333333333332,-1.7958333333333343,71.61666666666667,0.021428571428571408,-0.20142849513462613,-0.007142857142856229,-0.030061252122703736,-0.0435706222625963,-0.08922487851328362,0.9365888413625578,0.16254426178709802,0.3077972050275941,0.04051648766157081,116.87996237503928
1773306589009,-1.2,20.100000000000005,37,0.2833333333333334,3.4,9.250000000000002,0.06137741202846726,0.04625122517784974,0.1899500002587162,-1.75,18,108.625,0.4699999988079071,3.009999990463257,9.510000228881836,-0.16798794269561768,-0.08290313929319382,0.06981316953897476,-0.002931942703690087,-0.0014469327409057167,0.0012184696697081214,-0.57647705078125,0.1043701171875,0.1181640625,-0.8017578125,0.9999986235042874,-0.55,-2.100000000000005,71.625,0.18666666547457372,-0.3900000095367431,0.26000022888183416,-0.06430935473215735,-0.04769815791875546,-0.18873153058900807,0.9343010714574796,0.1687522948621781,0.310685780937395,0.04559074879265474,117.2239434523116
1773306589109,-1.24,20.860000000000003,37.260000000000005,0.19999999999999998,3.5999999999999996,9.25,-0.006981317007977319,0.010471975511965976,0.1355539052382263,-1.5625,18.9375,108.875,0.38999998569488525,3.190000057220459,9.260000228881836,-0.09053895622491837,0.06763150542974472,0.03272492438554764,-0.0015802028874438412,0.001180392447829468,0.0005711576779939885,-0.57373046875,0.107421875,0.12591552734375,-0.8021240234375,0.999981889337216,-0.3225,-1.922500000000003,71.615,0.18999998569488527,-0.40999994277954066,0.010000228881835938,0.0054011141205334776,-0.009291583064136508,-0.13498274756023232,0.9325151151517649,0.1749377734477299,0.312302406184531,0.04774455493554999,117.9792176031368
1773306589209,-1.2200000000000002,21.900000000000002,37.38,0.03333333333333333,3.9,9.316666666666668,0.025889050571249222,0.0590503063591415,0.24463698348787183,-1.5625,19.75,108.9375,0.10999999940395355,3.5,9.4399995803833,-0.19634954631328583,-0.018544122576713562,0.0021816615480929613,-0.003426946067963931,-0.0003236559958570664,0.000038077177178378795,-0.57275390625,0.11138916015625,0.13177490234375,-0.80133056640625,0.9999749415208437,-0.3424999999999998,-2.150000000000002,71.5575,0.07666666607062023,-0.3999999999999999,0.12333291371663258,-0.02931599663921315,-0.05937396235499857,-0.24459890631069345,0.9306149804547225,0.18327466246100016,0.31267990111428506,0.050965043826371265,118.37436091060673
1773306589309,-1.2166666666666668,23.25,37.800000000000004,-0.033333333333333326,4.483333333333333,9.383333333333335,-0.05992297098513865,0.18442312429406751,0.3324852225049198,-1.5,21.5625,109.375,-0.2199999988079071,4.230000019073486,9.40999984741211,-0.31525009870529175,0.046905722469091415,0.07744898647069931,-0.005502152189644454,0.0008186592951123293,0.0013517398162462457,-0.5675048828125,0.12091064453125,0.14569091796875,-0.80133056640625,1.000018847928643,-0.2833333333333332,-1.6875,71.57499999999999,-0.18666666547457378,-0.25333331425984706,0.02666651407877474,0.054420818795494194,-0.1836044649989552,-0.33113348268867354,0.9273194726963198,0.19399904749104008,0.31523107327741356,0.05542865297983317,119.82895054931494
1773306589409,-1.9500000000000002,25.933333333333337,39.45,0.3666666666666667,4.616666666666667,9.350000000000001,-0.024143721319254897,0.3679735839621378,0.5794493116621173,-2.375,23.8125,110.75,0.27000001072883606,4.360000133514404,9.460000038146973,-0.6032294034957886,-0.021816615015268326,0.30543261766433716,-0.010528339235842902,-0.00038077176365646523,0.005330804821227676,-0.55621337890625,0.1351318359375,0.1575927734375,-0.8046875,0.9999956954177954,-0.4249999999999998,-2.120833333333337,71.3,-0.09666665593783064,-0.25666653315226284,0.11000003814697124,0.013615382083411995,-0.3683543557257943,-0.5741185068408896,0.9184761846168202,0.21678406971189546,0.32525814171707695,0.060110786533124703,122.80071513838244
1773306589509,-3.3666666666666667,28.833333333333332,41.933333333333344,0.85,4.516666666666667,8.700000000000001,-0.05555964785515283,0.31386837715031357,0.7147123286916779,-3.375,26.8125,112.75,1.159999966621399,4.010000228881836,9.119999885559082,-0.7123125195503235,0.06435901671648026,0.36106500029563904,-0.012432198769329623,0.0011232767450486503,0.006301773068873201,-0.538818359375,0.15411376953125,0.1759033203125,-0.809326171875,1.0000135543768904,-0.008333333333333304,-2.020833333333332,70.81666666666666,0.30999996662139895,-0.5066664377848307,0.41999988555908097,0.04312744908582321,-0.31274510040526493,-0.7084105556228046,0.9066111978236773,0.24256685826969748,0.3395781584714589,0.062483034009388615,127.54300216088723
1773306589609,-5.033333333333333,31.416666666666668,44.383333333333326,0.7833333333333333,5.033333333333334,8.166666666666666,0.0445058959258554,0.37699111843077526,0.730420291959627,-4.5,30.8125,114.5,0.7099999785423279,4.730000019073486,8.350000381469727,-0.675224244594574,0.09272061288356781,0.37088245153427124,-0.011784886257466841,0.001618279979285332,0.006473119917141328,-0.5213623046875,0.17816162109375,0.20074462890625,-0.80999755859375,0.9999773332142874,0.5333333333333332,-0.6041666666666679,70.11666666666667,-0.07333335479100545,-0.3033333142598478,0.1833337148030605,-0.056290782183322244,-0.37537283845148994,-0.7239471720424857,0.8949749549543862,0.2664093777718244,0.3522414004487135,0.06302276770781327,132.9086507511356
1773306589709,-5.866666666666667,35.13333333333334,47.26666666666667,0.9833333333333334,5.516666666666667,7.75,0.3909537524467299,0.23823744289722598,1.103338975469082,-5.25,34.3125,116.75,0.9399999976158142,4.980000019073486,8.140000343322754,-1.0330168008804321,-0.3130684196949005,0.3490658402442932,-0.0180295444037822,-0.005464074707691475,0.006092348218503444,-0.50067138671875,0.19512939453125,0.225341796875,-0.81268310546875,0.9999900366614627,0.6166666666666671,-0.82083333333334,69.48333333333332,-0.043333335717519184,-0.5366666475931803,0.3900003433227539,-0.4089832968505121,-0.24370151760491746,-1.0972466272505788,0.8784545330628704,0.29569770881530244,0.3675370558159944,0.07613810442075471,137.6555677636992
1773306589809,-4.980000000000001,41.339999999999996,49.9,0.7333333333333334,6.483333333333334,7.150000000000001,0.48491064384575794,0.057014088898481426,1.1894418852341357,-3.625,42.3125,119.625,0.6899999976158142,6.190000057220459,7.369999885559082,-1.1170107126235962,-0.4352414906024933,0.062177352607250214,-0.019495514715329943,-0.0075963970523014665,0.001085199523169997,-0.46893310546875,0.21087646484375,0.294677734375,-0.80548095703125,1.0000008400526095,1.3550000000000013,0.9725000000000037,69.725,-0.043333335717519184,-0.2933332761128753,0.2199998855590808,-0.5044061585610878,-0.06461048595078289,-1.1883566857109658,0.8539805180932698,0.33688754334150656,0.3803968291235965,0.11190312887130689,144.18761718294982
1773306589909,-3.5333333333333337,46.916666666666664,51.26666666666667,0.4166666666666667,7.283333333333334,6.050000000000001,0.4732751154991291,0.04828744263850977,1.1556988530289118,-3.625,42.3125,119.625,0.6899999976158142,6.190000057220459,7.369999885559082,-1.1170107126235962,-0.4352414906024933,0.062177352607250214,-0.019495514715329943,-0.0075963970523014665,0.001085199523169997,-0.46893310546875,0.21087646484375,0.294677734375,-0.80548095703125,1.0000008400526095,-0.09166666666666634,-4.604166666666664,68.35833333333332,0.2733333309491475,-1.0933332761128751,1.3199998855590813,-0.49277063021445905,-0.05588383969081124,-1.1546136535057419,0.831981267111364,0.37096736811775494,0.38560165263413304,0.1466347450414833,143.1094732605412
1773306590009,-2.15,52.5,52.06666666666666,0.18333333333333335,7.883333333333334,4.95,0.0538143186031585,-0.06574073515845309,0.7045312413883777,-0.625,54.375,122.4375,0,7.840000152587891,5.190000057220459,-0.9315694570541382,-0.1898045539855957,-0.11453723162412643,-0.016258954236610626,-0.003312714402327971,-0.0019990518079603787,-0.42840576171875,0.2257080078125,0.397705078125,-0.77935791015625,1.0000218411385022,1.525,1.875,70.37083333333334,-0.18333333333333335,-0.04333318074544312,0.2400000572204588,-0.07007327283976914,0.06242802075612512,-0.7065302931963381,0.8093750530261014,0.4047286331216434,0.38610680498508815,0.17896449987270913,152.07211677140225
1773306590109,-1.916666666666667,56.166666666666664,51.800000000000004,-0.05000000000000001,8.483333333333334,4.4,-0.1439896632895322,0.013089969389957472,0.32317679982761666,-0.3125,57.5,122.125,-0.27000001072883606,8.390000343322754,4.809999942779541,-0.5508695244789124,0,-0.06872233748435974,-0.009614486951052522,0,-0.0011994310587687947,-0.4241943359375,0.23577880859375,0.4195556640625,-0.76708984375,0.9999931324037529,1.604166666666667,1.3333333333333357,70.32499999999999,-0.22000001072883604,-0.09333299001058037,0.40999994277954066,0.13437517633847967,-0.013089969389957472,-0.32437623088638545,0.7969754547177723,0.42985782268185246,0.37823783264044536,0.19232399438467304,153.92848912703727
1773306590209,-3.3800000000000003,58.660000000000004,52.36,0.21666666666666667,8.516666666666667,4.133333333333334,-0.2583087292951608,0.16347917327013553,0.016871516102611853,-1,59.0625,121.8125,0.18000000715255737,8.380000114440918,4.610000133514404,-0.19853119552135468,0.12980885803699493,0.13417218625545502,-0.0034650230297682593,0.002265591970999465,0.0023417464147567715,-0.423095703125,0.24884033203125,0.42572021484375,-0.7601318359375,0.999984796974726,2.3800000000000003,0.4024999999999963,69.4525,-0.0366666595141093,-0.13666655222574953,0.47666680018107055,0.25484370626539254,-0.16121358129913607,-0.014529769687855082,0.7884089976481348,0.450740040852508,0.371505893487939,0.19294568951772648,155.76505271953184
1773306590309,-6.300000000000001,58.6,53.81666666666666,0.7333333333333334,8.366666666666667,4.3500000000000005,-0.5538511492995339,0.18704111817205898,-0.4657120220738203,-3.3125,58.5,121.625,0.7599999904632568,8.270000457763672,4.710000038146973,0.3392483592033386,0.43305981159210205,0.20180369913578033,0.005921000850086666,0.007558319570348487,0.003522138992623402,-0.42535400390625,0.2674560546875,0.40997314453125,-0.76123046875,1.0000042877999409,2.9875000000000007,-0.10000000000000142,67.80833333333334,0.026666657129923443,-0.09666620890299527,0.3600000381469721,0.5597721501496206,-0.17948279860171049,0.46923416106644367,0.788647078285475,0.45742555000727614,0.37009107209522,0.1784103429393476,157.25381632959667
1773306590409,-11.200000000000001,54.916666666666664,54.63333333333335,1.1833333333333336,7.8999999999999995,4.816666666666666,-1.6606807832726045,0.2728531397284469,-1.675806970123222,-3.3125,58.5,121.625,0.7599999904632568,8.270000457763672,4.710000038146973,0.3392483592033386,0.43305981159210205,0.20180369913578033,0.005921000850086666,0.007558319570348487,0.003522138992623402,-0.42535400390625,0.2674560546875,0.40997314453125,-0.76123046875,1.0000042877999409,7.887500000000001,3.5833333333333357,66.99166666666665,-0.42333334287007673,0.3700004577636724,-0.10666662851969377,1.6666017841226912,-0.2652948201580984,1.6793291091158455,0.8052791302967167,0.4474644427016657,0.3652888784783949,0.13366050308991012,159.86137011068004
1773306590509,-19.36666666666667,45.51666666666667,52.70000000000001,2.883333333333334,6.383333333333333,6.533333333333334,-1.8221237390820804,0.12130038301360593,-1.944296786721683,-15,44.875,115.0625,2.740000009536743,6.21999979019165,6.400000095367432,1.9700403213500977,1.854412317276001,0.20398534834384918,0.034383690004606345,0.032365600626003944,0.0035602159544277302,-0.4927978515625,0.31854248046875,0.23773193359375,-0.7740478515625,0.9999927915372915,4.366666666666671,-0.6416666666666728,62.36249999999999,-0.14333332379659103,-0.16333354314168247,-0.13333323796590246,1.8565074290866868,-0.088934782387602,1.9478570026761106,0.8434409388141083,0.4105575645015829,0.34515781518191635,0.0302646919982745,153.84872547933423
1773306590609,-26.8,34.63333333333333,46.96666666666667,3.866666666666667,5.066666666666667,6.566666666666667,-1.46927634197056,-0.10355620228499689,-1.8375408141413636,-21.8125,37.125,110.125,3.740000009536743,5.139999866485596,7.119999885559082,1.8860464096069336,1.6209745407104492,0.014180799946188927,0.0329177196930586,0.028291342826400202,0.0002475016496276315,-0.5382080078125,0.33685302734375,0.12109375,-0.76300048828125,0.9999856314520913,4.987500000000001,2.491666666666667,63.15833333333333,-0.12666665712992398,0.07333319981892839,0.5533332188924147,1.5021940616636185,0.1318475451113971,1.8377883157909913,0.879254235510596,0.3537293588292409,0.3067970262268417,-0.08753921828128271,151.0303951390489
1773306590709,-30.883333333333336,26.166666666666668,40.35,4.216666666666666,3.8000000000000007,7.016666666666667,-0.7237298631603152,-0.17831447191208732,-1.7453292519943295,-28.1875,28.6875,104.4375,4.949999809265137,3.609999895095825,7.079999923706055,2.0540342330932617,1.2184579372406006,-0.09817477315664291,0.03584966031615409,0.02126610280190691,-0.0017134730339819655,-0.576904296875,0.33599853515625,0.02386474609375,-0.744140625,1.0000141895300754,2.6958333333333364,2.520833333333332,64.0875,0.7333331425984708,-0.19000010490417552,0.06333325703938808,0.7595795234764693,0.19958057471399424,1.7436157789603475,0.9020617314252745,0.29425416475920896,0.2672353784990216,-0.1681795816928469,146.28318308960178
1773306590809,-30.983333333333338,19.3,34.4,4.1000000000000005,2.766666666666667,7.383333333333333,0.46309402819582873,-0.29932396671702755,-1.1917689909034612,-29.4375,19.375,99.9375,4.820000171661377,2.549999952316284,7.630000114440918,1.3646292686462402,-0.17780540883541107,-0.12435470521450043,0.023817273806959114,-0.0031032898120325397,-0.002170399046339994,-0.61407470703125,0.294921875,-0.0499267578125,-0.73040771484375,1.000027384234036,1.5458333333333378,0.07499999999999929,65.5375,0.7200001716613764,-0.21666671435038287,0.2466667811075851,-0.4392767543888696,0.296220676904995,1.1895985918571212,0.9207863265108526,0.23218024749539226,0.23816145837092798,-0.20377436867835133,137.79852483308414
1773306590909,-25.933333333333337,14.516666666666667,29.21666666666667,4.133333333333334,2.1999999999999997,9.250000000000002,0.9215338450530061,-0.3484840739815344,-0.9872745802114591,-24.25,13.5625,96.8125,3.880000114440918,2.6700000762939453,8.869999885559082,1.1562806367874146,-0.8464846611022949,-0.31088677048683167,0.020180904188997054,-0.014773944403863419,-0.005425997745887147,-0.6448974609375,0.231689453125,-0.05816650390625,-0.7259521484375,0.9999813007305155,1.6833333333333371,-0.9541666666666675,67.59583333333333,-0.2533332188924158,0.4700000762939456,-0.38000011444091975,-0.901352940864009,0.333710129577671,0.9818485824655719,0.9425909747780258,0.17527983510810086,0.21637645456056617,-0.1843379059859563,127.02156336137094
1773306591009,-19.666666666666668,10.65,25.233333333333334,3.85,1.5666666666666667,10.583333333333336,0.7138396640656809,-0.3921173052813927,-0.38280888260408963,-19.4375,9.75,95.125,3.690000057220459,1.2200000286102295,10.710000038146973,0.5574145317077637,-0.7526732087135315,-0.3479750156402588,0.009728718876762807,-0.013136625683601598,-0.00607330973760128,-0.66290283203125,0.1800537109375,-0.05426025390625,-0.7247314453125,1.0000196730645514,0.22916666666666785,-0.9000000000000004,69.89166666666667,-0.1599999427795411,-0.34666663805643716,0.12666670481363695,-0.704110945188918,0.37898067959779114,0.37673557286648834,0.9608290622940585,0.126376196794233,0.19882253331518346,-0.14596633235468529,117.44499372792319
1773306591112,-15.91666666666667,9.916666666666666,22.5,3.016666666666667,1.5999999999999999,9.633333333333335,0.3487749621902002,-0.45465827014452287,-0.14486232791552933,-15.9375,8.9375,92.75,2.869999885559082,1.4500000476837158,9.800000190734863,0.13089969754219055,-0.44396811723709106,-0.4832380414009094,0.002284630711975954,-0.007748705419667429,-0.008434094893334541,-0.68145751953125,0.1531982421875,-0.0411376953125,-0.7144775390625,1.0000122579925979,-0.020833333333330373,-0.9791666666666661,70.25,-0.14666678110758502,-0.14999995231628405,0.16666685740152865,-0.3464903314782243,0.44690956472485543,0.13642823302219478,0.9700390027997077,0.11086383601837312,0.18075165242798588,-0.11858491917268678,110.95001429836526
1773306591226,-14.185714285714287,9.62857142857143,19.7,2.8142857142857145,1.5000000000000002,9.571428571428571,0.1418703349121105,-0.5016574935732273,-0.17752491820285182,-14.1875,8.6875,90.4375,2.549999952316284,1.600000023841858,9.539999961853027,0.16253378987312317,-0.25852689146995544,-0.49523717164993286,0.002836749779030616,-0.004512145461096765,-0.008643519223555647,-0.6971435546875,0.1402587890625,-0.03466796875,-0.70220947265625,0.9999908376065362,-0.0017857142857131691,-0.9410714285714299,70.7375,-0.2642857619694303,0.10000002384185769,-0.03142860957554383,-0.1390335851330799,0.49714534811213057,0.1688813989792962,0.9760425041775957,0.10310508773463746,0.15895103865916765,-0.10698101808794189,106.77960206697128
1773306591326,-13.716666666666669,9.200000000000001,16.166666666666668,2.233333333333334,1.6499999999999997,9.483333333333334,0.08144869842640205,-0.5814855291227775,-0.12246393584826877,-13,8.1875,86.875,2.7100000381469727,1.3600000143051147,9.829999923706055,0.19089537858963013,-0.04581489413976669,-0.5443245768547058,0.003331752883230135,-0.0007996207491915839,-0.009500256065639536,-0.719970703125,0.12896728515625,-0.0343017578125,-0.68109130859375,1.0000261772723025,0.7166666666666686,-1.012500000000001,70.70833333333333,0.4766667048136388,-0.28999998569488494,0.3466665903727204,-0.07811694554317192,0.5806859083735859,0.11296367978262924,0.9811604874505176,0.09557117254085451,0.12967559062768977,-0.1066512542841793,102.50490199568354
1773306591426,-12.883333333333335,9.250000000000002,12.65,1.8499999999999999,1.5666666666666667,9.450000000000001,0.028797932657906443,-0.580903752705446,-0.17686003086875873,-12,8.25,83.8125,1.9800000190734863,1.4500000476837158,9.510000228881836,0.14508049190044403,-0.06872233748435974,-0.6065019369125366,0.002532132264075714,-0.0011994310587687947,-0.010585455718846696,-0.73834228515625,0.12310791015625,-0.03106689453125,-0.662353515625,0.9999911095551827,0.8833333333333346,-1.0000000000000018,71.1625,0.13000001907348646,-0.11666661898295083,0.06000022888183487,-0.02626580039383073,0.5797043216466773,0.16627457514991204,0.98541867547318,0.0919567247291224,0.1001246239514591,-0.10231839758496544,98.67602408837297
1773306591526,-11.966666666666669,9.033333333333333,9.25,1.7333333333333334,1.45,9.366666666666665,0.0456694487605183,-0.5759586531581289,-0.1972222054753593,-11.25,7.9375,80.4375,1.9600000381469727,1.2999999523162842,9.350000381469727,0.11671889573335648,-0.1276271939277649,-0.5955936312675476,0.002037129029839032,-0.0022275147491208113,-0.010395069869527753,-0.75830078125,0.11566162109375,-0.03106689453125,-0.64080810546875,0.99999893270376,0.7166666666666686,-1.0958333333333332,71.1875,0.22666670481363926,-0.15000004768371578,-0.0166662851969388,-0.04363231973067927,0.573731138409008,0.18682713560583153,0.9888971347462027,0.0864441545339965,0.0717635151930666,-0.0972618266576762,94.34607646186883
1773306591626,-10.983333333333334,8.583333333333334,5.900000000000001,1.5833333333333333,1.4666666666666668,9.700000000000001,0.0619591884457987,-0.5666502304808257,-0.14311699866353503,-10.625,7.3125,77.4375,1.7400000095367432,1.059999942779541,10.09000015258789,0.2705260217189789,-0.038179077208042145,-0.5585053563117981,0.004721569791317872,-0.0006663506026534595,-0.009747757357664972,-0.77545166015625,0.10748291015625,-0.03302001953125,-0.621337890625,1.000014474510699,0.3583333333333343,-1.270833333333334,71.5375,0.1566666762034099,-0.40666672388712577,0.39000015258788956,-0.05723761865448083,0.5659838798781723,0.13336924130587005,0.9916722042961301,0.07930289151940488,0.04393244293012108,-0.09147257010332448,90.3271078842247
1773306591726,-9.966666666666667,8.416666666666666,2.3833333333333337,1.6833333333333336,1.4333333333333333,9.650000000000002,0.02036217460660051,-0.5346525275275964,-0.13817189911621777,-9.8125,7.125,74.5,1.7799999713897705,1.1399999856948853,9.800000190734863,0.18762288987636566,-0.06108652427792549,-0.5388703942298889,0.0032746371804493173,-0.0010661609772492516,-0.009405062620831415,-0.79156494140625,0.10137939453125,-0.03125,-0.60174560546875,0.9999635864870057,0.15416666666666679,-1.291666666666666,72.11666666666666,0.09666663805643694,-0.2933333476384481,0.15000019073486115,-0.01708753742615119,0.5335863665503472,0.12876683649538637,0.9934517026691098,0.0748917315570078,0.014289406713313612,-0.08509263107943912,86.55676085249172
1773306591826,-9.566666666666668,8.083333333333334,298.98333333333335,1.5333333333333334,1.1666666666666667,9.5,0.0014544410433286001,-0.5762495413667944,-0.1521345331321724,-9.25,6.75,70.375,1.690000057220459,1.100000023841858,9.390000343322754,0.1690787672996521,0.07417649030685425,-0.607592761516571,0.002950981184592251,0.0012946239834282656,-0.01060449419974886,-0.813232421875,0.094482421875,-0.0328369140625,-0.57330322265625,1.0000143739293117,0.3166666666666682,-1.333333333333334,-228.60833333333335,0.15666672388712555,-0.06666664282480883,-0.1099996566772461,0.0014965401412636507,0.5775441653502227,0.14153003893242355,-0.8534357826297,-0.018284803692850012,0.5097010874834474,0.10732116426565952,104.2342281409658
1773306591931,-8.833333333333334,7.666666666666667,355.5833333333333,1.1833333333333336,1.1333333333333335,9.8,0.05992297098513864,-0.6611888982971852,-0.10239264945033401,-8.5,6.5,66.9375,1.2899999618530273,0.8899999856948853,9.880000114440918,0.09926559776067734,-0.11235556751489639,-0.6795875430107117,0.0017325115148841296,-0.001960974586081725,-0.011861040181075496,-0.83074951171875,0.08795166015625,-0.03094482421875,-0.54876708984375,0.9999915733578407,0.3333333333333339,-1.166666666666667,-288.6458333333333,0.10666662851969377,-0.24333334763844827,0.08000011444091726,-0.058190459470254516,0.6592279237111035,0.09053160926925852,-0.9938625808621233,-0.06364558916917891,0.043477334330371556,0.07934816154715074,78.36018155908125
1773306592042,-7.600000000000001,7.428571428571428,351.6,0.9000000000000001,1.2857142857142858,9.700000000000001,0.08252914034430331,-0.616849224204853,-0.09499577785854853,-7.75,6.375,63.625,1.2300000190734863,0.9599999785423279,9.800000190734863,0.11562806367874146,-0.05345070734620094,-0.6185010671615601,0.0020180904188997054,-0.0009328908307111271,-0.010794880049067802,-0.848388671875,0.08233642578125,-0.02813720703125,-0.52215576171875,0.9999904837006526,-0.14999999999999858,-1.053571428571428,-287.975,0.3300000190734862,-0.32571430717195793,0.10000019073486222,-0.0805110499254036,0.6159163333741419,0.08420089780948073,-0.9927171601626513,-0.05962152165363044,0.0772054495086625,0.0706911072234121,74.07967924697532
1773306592143,-5.78,7.359999999999999,347.32000000000005,0.7500000000000001,1.2500000000000002,9.583333333333334,0.1387536755335492,-0.4936372901057295,-0.05759586531581288,-6.6875,6.3125,60.125,0.699999988079071,1.1100000143051147,9.779999732971191,0.04363323003053665,-0.14071716368198395,-0.5705044865608215,0.0007615435273129305,-0.0024559778203184068,-0.009957181687886077,-0.86285400390625,0.0767822265625,-0.02313232421875,-0.49908447265625,1.0000164786858616,-0.9074999999999998,-1.0474999999999994,-287.19500000000005,-0.050000011920929066,-0.13999998569488548,0.19666639963785748,-0.13799213200623628,0.49118131228541106,0.0476386836279268,-0.9902160019192714,-0.05815413336924246,0.11327662631824645,0.05708565708689165,70.06317147146106
1773306592243,-4.550000000000002,7.216666666666668,344.7166666666667,0.7833333333333333,1.1500000000000001,9.616666666666667,0.16377006147880124,-0.48229264996776633,-0.09890199094634536,-5.4375,6.1875,57.375,0.8600000143051147,0.9399999976158142,9.550000190734863,0.06544984877109528,-0.20725785195827484,-0.4756022095680237,0.001142315355987977,-0.003617331917282873,-0.008300824486722091,-0.87493896484375,0.0706787109375,-0.01605224609375,-0.478759765625,0.9999911300444613,-0.8874999999999984,-1.0291666666666677,-287.3416666666667,0.07666668097178142,-0.21000000238418592,-0.06666647593180386,-0.16262774612281328,0.47867531805048347,0.09060116645962327,-0.9880424342734295,-0.05705941330750833,0.13508506368068338,0.04762769150845381,66.66969319940293
1773306592359,-3.5000000000000004,6.850000000000001,341.84999999999997,0.6,1.1428571428571428,9.614285714285716,0.10571708612079939,-0.5061454830783556,-0.07479982508547127,-4.125,5.8125,54.4375,0.9200000166893005,0.8299999833106995,9.65999984741211,0.06981316953897476,-0.15598879754543304,-0.5028730034828186,0.0012184696697081214,-0.002722518113394656,-0.008776789630168097,-0.88763427734375,0.0616455078125,-0.0089111328125,-0.45635986328125,1.000019255840159,-0.6249999999999996,-1.0375000000000014,-287.41249999999997,0.32000001668930056,-0.31285715954644333,0.04571413312639372,-0.10449861645109126,0.503422964964961,0.06602303545530318,-0.9849714249397259,-0.05415845933091163,0.15917364696169525,0.03952092417975119,63.249263285889384
1773306592459,-2.5999999999999996,6.625000000000001,338.82500000000005,0.16666666666666666,1.166666666666667,9.883333333333335,0.029088820866572163,-0.4194607968959705,-0.09453866781635953,-3.1875,5.5,51.625,0.4399999976158142,0.9700000286102295,9.510000228881836,0.07417649030685425,-0.11126473546028137,-0.5061454772949219,0.0012946239834282656,-0.0019419359751423984,-0.00883390507287459,-0.8990478515625,0.0556640625,-0.004150390625,-0.43426513671875,0.999994480967193,-0.5875000000000004,-1.1250000000000009,-287.20000000000005,0.2733333309491476,-0.19666663805643747,-0.3733331044514987,-0.0277941968831439,0.41751886092082807,0.08570476274348494,-0.9808396864874105,-0.05262196564949314,0.1846713064607469,0.03287775406780011,60.49703494618953
1773306592559,-1.9500000000000004,6.25,336.1000000000001,0.16666666666666666,0.8999999999999999,9.633333333333335,0.04014257279586959,-0.41626102660064757,-0.03607013787454948,-2.6875,5.125,49.4375,0.5699999928474426,0.4699999988079071,9.989999771118164,0.17235125601291656,0.06872233748435974,-0.40251654386520386,0.0030080968873730687,0.0011994310587687947,-0.00702523898419599,-0.90728759765625,0.05078125,-0.00262451171875,-0.41741943359375,0.999997695905296,-0.7374999999999996,-1.125,-286.6625000000001,0.403333326180776,-0.4300000011920928,0.3566664377848294,-0.03713447590849652,0.41746045765941636,0.029044898890353485,-0.976540360981922,-0.04980728908256005,0.2076277064399734,0.027908651813015228,58.78474691612197
1773306592659,-1.4500000000000002,5.8999999999999995,333.8,-0.016666666666666666,0.9666666666666668,9.75,0.026179938779914945,-0.4020075043760273,-0.07737626350508195,-2.25,4.9375,47.0625,0.3199999928474426,0.5899999737739563,9.75,0.1178097203373909,-0.006544984877109528,-0.4297873377799988,0.002056167510741196,-0.0001142315355987977,-0.007501204127641995,-0.91583251953125,0.04791259765625,-0.00091552734375,-0.39874267578125,1.0000206900482786,-0.7999999999999998,-0.9624999999999995,-286.7375,0.3366666595141093,-0.3766666928927105,0,-0.024123771269173748,0.4018932728404285,0.06987505937743996,-0.9724598161256184,-0.0472570555281554,0.2269670828651155,0.023971233164716766,57.05692541940898
1773306592760,-0.8400000000000001,5.6000000000000005,331.6,-0.09999999999999999,0.9500000000000001,9.950000000000001,-0.011344640137963144,-0.2868157737444015,-0.0011635528346628874,-1.75,4.5625,45,0.03999999910593033,0.7799999713897705,9.880000114440918,0.10471975803375244,-0.01745329238474369,-0.40142571926116943,0.0018277045695807633,-0.00030461741742703036,-0.007006200503293826,-0.92315673828125,0.043212890625,0.000732421875,-0.3819580078125,0.9999890867025206,-0.9099999999999999,-1.0375000000000005,-286.6,0.1399999991059303,-0.17000002861022956,-0.0699998855590831,0.013172344707543908,0.28651115632697444,-0.005842647668630938,-0.9681741094422431,-0.045559875648722895,0.2453550828798687,0.019080745310523287,55.57091092293934
1773306592860,-0.6333333333333334,5.55,330.0166666666667,-0.08333333333333333,0.9500000000000001,9.783333333333335,-0.08028514559173917,-0.23038346126325154,-0.008435758051305926,-1.625,4.4375,42.75,0.05000000074505806,0.7699999809265137,9.899999618530273,0.05781403183937073,0.13199052214622498,-0.285797655582428,0.0010090452094498527,0.0023036691928781184,-0.004988110084394121,-0.9305419921875,0.041748046875,0.00079345703125,-0.36383056640625,1.0000123045581548,-0.9916666666666666,-1.1124999999999998,-287.2666666666667,0.13333333407839137,-0.1800000190734864,0.11666628519693845,0.08129419080118902,0.23268713045612965,0.0034476479669118057,-0.9647467771705672,-0.04533739551286119,0.2586297395257539,0.017855932906323736,54.36565889647542
1773306592960,-0.7666666666666667,5.5,328.6666666666667,0.06666666666666667,0.9,9.683333333333335,-0.07883070454841055,-0.18151424220741025,-0.020071286397934793,-1.8125,4.5,41.5,0.23000000417232513,0.6299999952316284,9.680000305175781,0.03272492438554764,0.1079922467470169,-0.18653206527233124,0.0005711576779939885,0.001884820272361581,-0.0032555986995471534,-0.93438720703125,0.04248046875,-0.00128173828125,-0.35382080078125,1.0000374217035013,-1.0458333333333334,-1,-287.1666666666667,0.16333333750565848,-0.2700000047683716,-0.0033330281575540965,0.07940186222640454,0.18339906247977183,0.01681568769838764,-0.961631977226219,-0.04439006824137682,0.27003237669116553,0.019390145848837807,54.39303395685174
1773306593059,-0.9666666666666668,5.449999999999999,327.7166666666667,0.13333333333333333,0.9666666666666667,9.8,-0.07592182246175334,-0.14224433403753783,-0.0026179938779914954,-2.0625,4.375,40.5625,0.1899999976158142,0.6899999976158142,9.680000305175781,-0.01745329238474369,0.04036073759198189,-0.17780540883541107,-0.00030461741742703036,0.0007044277595135317,-0.0031032898120325397,-0.937255859375,0.04266357421875,-0.00390625,-0.345947265625,0.9999817477736108,-1.0958333333333332,-1.0749999999999993,-287.1541666666667,0.05666666428248088,-0.27666666905085247,-0.11999969482421946,0.07561720504432631,0.14294876179705138,-0.00048529593404104433,-0.959345398444495,-0.04332384735135103,0.2780742672530534,0.021310856991862165,54.54304458328629
1773306593159,-1.2500000000000002,5.475,327.05,-0.06666666666666667,0.8333333333333334,9.700000000000001,-0.09919287915501107,-0.0430514548825268,0.02821615624057499,-2.4375,4.375,39.75,0.029999999329447746,0.7300000190734863,9.970000267028809,-0.027270769700407982,0.10362892597913742,-0.11890055239200592,-0.00047596472082522687,0.0018086659586414365,-0.002075206121680523,-0.93963623046875,0.04364013671875,-0.00726318359375,-0.33935546875,1.000017797416027,-1.1874999999999998,-1.0999999999999996,-287.3,0.09666666599611441,-0.10333331425984704,0.27000026702880753,0.09871691443418584,0.044860120841168236,-0.030291362362255513,-0.9576445174219173,-0.0427066524453542,0.28375605142793053,0.023992152189514556,54.811070967887616
1773306593259,-0.6333333333333334,5.666666666666667,326.8666666666667,-0.7833333333333333,1.3,9.816666666666666,0.027052603405912104,0.13817189911621777,0.03665191429188092,-2.75,4.5,39.5,-0.15000000596046448,0.6299999952316284,9.579999923706055,-0.08508480340242386,0.0010908307740464807,-0.030543262138962746,-0.0014850099627843703,0.000019038588589189398,-0.0005330804886246258,-0.940185546875,0.04541015625,-0.00933837890625,-0.33740234375,0.9999692453930181,-2.1166666666666667,-1.166666666666667,-287.3666666666667,0.6333333273728688,-0.6700000047683716,-0.23666674296061174,-0.028537613368696473,-0.1381528605276286,-0.03718499478050555,-0.9572243953037729,-0.04580422910239077,0.28503973755750683,0.019384985035069736,54.582762324054876
1773306593359,0.30000000000000004,6.133333333333333,328.1333333333334,-0.25,1.1666666666666667,10.366666666666667,0.11780972450961724,0.469202680577809,0.1512618685061752,-2.25,4.8125,40.625,-0.3700000047683716,1.0299999713897705,10.220000267028809,-0.0719948336482048,-0.09053895622491837,0.4046982228755951,-0.0012565468915867748,-0.0015802028874438412,0.007063316466148968,-0.93682861328125,0.046630859375,-0.00408935546875,-0.34674072265625,1.0000340690620741,-2.55,-1.3208333333333329,-287.5083333333334,-0.12000000476837158,-0.13666669527689623,-0.14666639963785855,-0.11906627140120402,-0.4707828834652528,-0.14419855204002624,-0.9602399009227447,-0.05216006658822725,0.27398995419109207,0.012172310041752003,53.79763470275961
1773306593459,0.7833333333333333,7.333333333333333,330.95,0.15,1.0833333333333333,9.633333333333333,0.12013683017894303,0.5983570452253894,0.2780891274844299,-1.875,5.625,43.25,0.1599999964237213,0.800000011920929,10.050000190734863,-0.3588833212852478,-0.18653206527233124,0.5475970506668091,-0.006263695586920222,-0.0032555986995471534,0.009557371508346029,-0.9273681640625,0.0535888671875,0.0040283203125,-0.37017822265625,0.999965810563827,-2.658333333333333,-1.708333333333333,-287.7,0.009999996423721319,-0.2833333214124043,0.4166668574015304,-0.12640052576586325,-0.6016126439249365,-0.26853175597608386,-0.9661437879271315,-0.06361721158754408,0.24985998201410978,0.00943508492533441,54.23448594236857
1773306593559,0.65,8.399999999999999,334.4666666666667,0.35000000000000003,1.05,9.4,0.28041623315375563,0.6850417314077744,0.41509747376598466,-1.6875,7.0625,46.75,0.7099999785423279,0.6399999856948853,9.649999618530273,-0.25416356325149536,-0.11562806367874146,0.6981316804885864,-0.004435991017339458,-0.0020180904188997054,0.012184696437006887,-0.91619873046875,0.06280517578125,0.010498046875,-0.3956298828125,0.9999989084893468,-2.3375,-1.3374999999999986,-287.7166666666667,0.35999997854232785,-0.4100000143051148,0.24999961853027308,-0.28485222417109507,-0.687059821826674,-0.4029127773289778,-0.9727351035634705,-0.07267656207257502,0.21997898778807173,0.010666796726799821,55.560066892517995
1773306593659,0.9800000000000001,10.040000000000003,338.62,-0.08333333333333333,1.7166666666666668,9.433333333333335,0.06923139366244173,0.5875941815047576,0.058759418150475765,-0.8125,9.25,50.75,0.3499999940395355,1.2200000286102295,9.25,-0.21816615760326385,-0.14071716368198395,0.6523168087005615,-0.003807717766601815,-0.0024559778203184068,0.011385076077926793,-0.90069580078125,0.07611083984375,0.0279541015625,-0.42681884765625,1.000000772997438,-1.7925,-0.7900000000000027,-287.87,0.43333332737286884,-0.4966666380564373,-0.18333333333333535,-0.07303911142904354,-0.590050159325076,-0.047374342072548974,-0.9789789852098336,-0.08756199508507166,0.18404149402133121,0.0078595173288634,57.46158064984835
1773306593760,0.65,10.366666666666665,342.0833333333333,0.25,1.7333333333333334,9.633333333333335,0.04683300159518118,0.6126105674500097,0.01716240431127758,-1.0625,9.375,53.75,0.14000000059604645,1.5299999713897705,9.84000015258789,-0.11017391085624695,-0.14508049190044403,0.6872233748435974,-0.0019228974942402343,-0.002532132264075714,0.011994310587687946,-0.88909912109375,0.07769775390625,0.028564453125,-0.45013427734375,0.999985491751688,-1.7125,-0.9916666666666654,-288.3333333333333,-0.10999999940395355,-0.20333336194356288,0.206666819254556,-0.04875589908942141,-0.6151426997140854,-0.005168093723589633,-0.9838264144395547,-0.0901190880767916,0.15457069470600773,0.008487435025923818,59.47388183268165
1773306593859,-0.35000000000000003,10.133333333333333,345.4333333333334,0.5333333333333334,1.5000000000000002,9.616666666666667,-0.012508192972626028,0.49858238965304674,-0.06428629411512447,-1.6875,9.3125,58.1875,0.3499999940395355,1.5700000524520874,9.569999694824219,0.06763150542974472,0.046905722469091415,0.5465062260627747,0.001180392447829468,0.0008186592951123293,0.009538333027443864,-0.8709716796875,0.07830810546875,0.02630615234375,-0.48431396484375,0.9999879281239228,-1.3375,-0.8208333333333329,-287.2458333333334,-0.18333333929379791,0.07000005245208718,-0.04666697184244839,0.013688585420455496,-0.4977637303579344,0.07382462714256834,-0.9880166974151349,-0.0872161179556184,0.1265476860449234,0.014213991498414073,63.544071600684376
1773306593959,-1.3166666666666667,9.733333333333334,348.16666666666674,0.7333333333333334,1.4833333333333334,9.533333333333333,0.11228284854496852,0.3505202914421945,-0.002327105669325775,-2.0625,9,60.625,0.7200000286102295,1.2799999713897705,9.550000190734863,-0.11344639956951141,-0.1952587068080902,0.41778817772865295,-0.001980013197021052,-0.003407907326987442,0.007291779277272239,-0.86065673828125,0.0770263671875,0.0240478515625,-0.5028076171875,1.0000284403243576,-0.7458333333333333,-0.7333333333333343,-287.54166666666674,-0.0133333047231039,-0.20333336194356288,0.016666857401530066,-0.11426286174198957,-0.3539281987691819,0.009618884946598013,-0.9909209976393273,-0.08319962597331995,0.10367304430421598,0.020132028215661367,65.9717427324519
1773306594059,-1.9000000000000004,9.433333333333334,350.2666666666667,0.2833333333333333,1.7000000000000004,9.783333333333333,0.10181087303300256,0.2728531397284468,0.05992297098513866,-2,8.6875,62.5,0.6899999976158142,1.3200000524520874,10.010000228881836,0.021816615015268326,-0.054541539400815964,0.2727077007293701,0.00038077176365646523,-0.0009519294416504537,0.00475964727327085,-0.8524169921875,0.07427978515625,0.02410888671875,-0.51702880859375,1.0000161210638223,-0.09999999999999964,-0.7458333333333336,-287.7666666666667,0.4066666642824809,-0.379999947547913,0.22666689554850272,-0.1014301012693461,-0.2738050691700973,-0.05516332371186781,-0.9927683819266057,-0.08051887792335882,0.08589675732648665,0.0234392240824546,67.75652389037201
1773306594159,-1.8,9.733333333333336,351.98333333333335,0.18333333333333335,1.8833333333333335,9.700000000000001,0.02123483923259768,0.3362667692175742,0.0322885911618951,-1.6875,9.0625,64,0.2800000011920929,1.6100000143051147,9.800000190734863,-0.013089969754219055,-0.04036073759198189,0.2988876402378082,-0.0002284630711975954,-0.0007044277595135317,0.005216573415666041,-0.84552001953125,0.0751953125,0.029052734375,-0.52783203125,1.0000045765086594,0.11250000000000004,-0.6708333333333361,-287.98333333333335,0.09666666785875955,-0.2733333190282188,0.10000019073486222,-0.021463302303795274,-0.3369711969770877,-0.027072017746229058,-0.9937417633145156,-0.08352528936981675,0.07097026882773243,0.021541931732443904,68.89614169699355
1773306594259,-1.7999999999999998,10.200000000000001,354,0.20000000000000004,1.8,9.616666666666669,0.1742420369907672,0.3781546712654381,0.20565796352666524,-1.9375,9.1875,66,0.4099999964237213,1.440000057220459,9.789999961853027,-0.0818123072385788,-0.02617993950843811,0.4210606813430786,-0.00142789412996639,-0.0004569261423951908,0.007348895240127382,-0.8360595703125,0.07708740234375,0.029296875,-0.54241943359375,1.000007610739118,-0.13750000000000018,-1.012500000000001,-288,0.20999999642372127,-0.35999994277954106,0.17333329518635843,-0.1756699311207336,-0.3786115974078333,-0.19830906828653785,-0.9944802388138437,-0.08794271568294187,0.05351670797946149,0.02027548603882932,70.77869143810426
1773306594359,-1.2833333333333334,11.116666666666669,356.1333333333334,0.21666666666666667,2.033333333333333,9.316666666666668,0.08726646259971647,0.3639011490408178,0.020653062815266233,-1.3125,10.375,68.6875,0.20000000298023224,1.9500000476837158,9.300000190734863,-0.02508910745382309,-0.0512690469622612,0.37088245153427124,-0.0004378875314558641,-0.000894813673851055,0.006473119917141328,-0.82244873046875,0.081787109375,0.0413818359375,-0.5614013671875,0.9999974984644358,-0.029166666666666563,-0.7416666666666689,-287.4458333333334,-0.016666663686434435,-0.0833332856496174,-0.016666475931804925,-0.08770435013117234,-0.36479596271466885,-0.014179942898124905,-0.9946325607165919,-0.0964218785502631,0.03466000157818294,0.014407456048657124,73.0698469711584
1773306594459,-1.1166666666666665,11.266666666666666,358.4333333333334,0.3333333333333333,1.8500000000000003,9.516666666666666,0.07214027574909897,0.32434035266227956,-0.05003277189050412,-1.25,10.375,70.8125,0.3799999952316284,1.7599999904632568,9.489999771118164,-0.04472406208515167,-0.14508049190044403,0.3392483592033386,-0.0007805821382522572,-0.002532132264075714,0.005921000850086666,-0.81195068359375,0.08050537109375,0.04345703125,-0.57647705078125,0.9999796652961558,-0.13333333333333353,-0.8916666666666657,-287.6208333333334,0.0466666618982951,-0.09000000953674347,-0.026666895548501657,-0.07292085788735123,-0.3268724849263553,0.05595377274059078,-0.9950171313170613,-0.09801547072055686,0.014561106702500258,0.01103857131118954,74.82475956104307
1773306594560,-1.2166666666666668,10.916666666666666,120.16666666666664,0.18333333333333332,1.8499999999999999,9.833333333333334,0.005526875964648706,0.27779823927576414,-0.03170681474456365,-1.375,9.9375,72.4375,0.3799999952316284,1.3700000047683716,10.069999694824219,0.03272492438554764,-0.05672319978475571,0.2988876402378082,0.0005711576779939885,-0.000990006598510526,0.005216573415666041,-0.803955078125,0.0772705078125,0.04144287109375,-0.588134765625,0.9999672560248377,-0.15833333333333321,-0.9791666666666661,-47.72916666666664,0.1966666618982951,-0.4799999952316283,0.23666636149088482,-0.004955718286654718,-0.27878824587427464,0.036923388160229685,0.4973257952050951,0.056599155475766924,0.8622692159268149,0.07717116228233072,132.20442470624505
1773306594659,-1.5166666666666666,10.783333333333333,1.7000000000000002,0.15,2.033333333333333,9.733333333333334,0.022980168484592004,0.28623399732707006,0.0363610260832152,-1.75,9.75,74,0.3499999940395355,1.590000033378601,9.960000038146973,0.013089969754219055,0.022907447069883347,0.29561513662338257,0.0002284630711975954,0.00039981037459579195,0.005159457452810898,-0.79595947265625,0.07708740234375,0.038818359375,-0.59918212890625,1.0000100191180663,-0.2333333333333334,-1.0333333333333332,72.3,0.19999999403953553,-0.44333329995473214,0.22666670481363838,-0.02275170541339441,-0.28583418695247426,-0.031201568630404304,0.9953973463567255,0.0941404145113761,0.013524353823100962,-0.01178121705440833,77.94374376940438
1773306594760,-1.5833333333333333,11.116666666666667,3.3333333333333335,0.16666666666666666,1.9833333333333334,9.633333333333335,0.036070137874549484,0.28885199120506155,0.08261225126106493,-1.875,9.9375,75.4375,0.25999999046325684,1.7100000381469727,9.8100004196167,-0.02617993950843811,0.003272492438554764,0.29561513662338257,-0.0004569261423951908,0.00005711576779939885,0.005159457452810898,-0.78802490234375,0.07861328125,0.0399169921875,-0.60931396484375,1.0000100843099913,-0.29166666666666674,-1.1791666666666671,72.10416666666667,0.09333332379659018,-0.27333329518636074,0.17666708628336458,-0.03652706401694467,-0.2887948754372622,-0.07745279380825404,0.9948209969356078,0.09720887293519648,0.027607489911574943,-0.010929116135110674,79.55397828157182
1773306594859,-1.6,11.620000000000001,5.24,0.1666666666666667,2.033333333333333,9.333333333333334,0.04421500771718968,0.291469985083053,0.024434609527920616,-2,10.375,77.625,0.3700000047683716,1.840000033378601,9.390000343322754,-0.021816615015268326,-0.01745329238474369,0.2934334874153137,-0.00038077176365646523,-0.00030461741742703036,0.0051213804910065705,-0.77606201171875,0.08203125,0.04290771484375,-0.62384033203125,1.000009601889646,-0.3999999999999999,-1.245000000000001,72.385,0.20333333810170487,-0.19333329995473214,0.05666700998941998,-0.04459577948084615,-0.29177460250048004,-0.019313229036914046,0.9937908346495947,0.10174921596162441,0.044060527410758915,-0.00924899680735275,81.9079632288155
1773306594959,-1.4833333333333334,11.716666666666669,6.816666666666666,0.26666666666666666,1.9833333333333334,9.100000000000001,0.1454441043328608,0.3240494644536138,0.006399540590645878,-1.9375,10.375,79.1875,0.3700000047683716,1.690000057220459,9.350000381469727,-0.009817477315664291,-0.12980885803699493,0.28907015919685364,-0.00017134730339819656,-0.002265591970999465,0.005045226047249263,-0.7674560546875,0.08099365234375,0.04425048828125,-0.6343994140625,0.9999847448198675,-0.4541666666666666,-1.3416666666666686,72.37083333333334,0.10333333810170492,-0.2933332761128744,0.25000038146972514,-0.145615451636259,-0.3263150564246133,-0.0013543145433966147,0.9930130896295822,0.10264559608540437,0.05781724626438073,-0.006786122824362656,83.3520095199932
1773306595060,-1.2,11.450000000000001,8.716666666666667,0.36666666666666664,1.7500000000000002,9.566666666666666,0.03403392041388943,0.3429571980168858,-0.17278759594743867,-1.6875,10.0625,81.25,0.5899999737739563,1.4900000095367432,9.550000190734863,0.25961771607398987,-0.003272492438554764,0.37633660435676575,0.00453118394199893,-0.00005711576779939885,0.006568312841800799,-0.75628662109375,0.076416015625,0.0458984375,-0.64813232421875,0.9999955184657289,-0.48750000000000004,-1.387500000000001,72.53333333333333,0.22333330710728966,-0.25999999046325706,-0.01666647593180315,-0.0295027364718905,-0.34301431378468517,0.17935590878923946,0.9921598265375005,0.10025182378694492,0.0745691567234867,-0.0028091454245971655,84.97019146950136
1773306595159,-1.4600000000000002,10.52,10.680000000000001,0.3666666666666667,1.7166666666666668,10.066666666666668,0.004945099547317266,0.28157978598841843,-0.08232136305239919,-1.875,9.1875,82.9375,0.4300000071525574,1.4500000476837158,10.180000305175781,0.153807133436203,0,0.34688419103622437,0.0026844408915160023,0,0.006054271256699116,-0.746826171875,0.0711669921875,0.0408935546875,-0.65997314453125,1.0000254527220438,-0.4149999999999998,-1.3324999999999996,72.2575,0.06333334048589068,-0.26666661898295096,0.11333363850911304,-0.0022606586558012636,-0.28157978598841843,0.08837563430909831,0.99149541591698,0.09245085145017427,0.09150335806608204,-0.004100700474702328,86.65441174111315
1773306595260,-1.6500000000000001,10.200000000000001,12.316666666666668,0.18333333333333335,1.8166666666666667,9.766666666666667,0.054396095020489935,0.24550964811386905,0.015417075059283244,-2.125,8.8125,84.4375,0.28999999165534973,1.5800000429153442,9.970000267028809,0.02508910745382309,-0.013089969754219055,0.24761858582496643,0.0004378875314558641,-0.0002284630711975954,0.004321759611777823,-0.73828125,0.06939697265625,0.03778076171875,-0.66986083984375,1.0000080372815199,-0.47499999999999987,-1.387500000000001,72.12083333333334,0.10666665832201638,-0.2366666237513224,0.2033336003621411,-0.05395820748903407,-0.24573811118506664,-0.01109531544750542,0.9903278023180365,0.08991064764444635,0.10556802801618627,-0.004723436975139712,88.26220284021147
1773306595359,-1.5,10.283333333333333,13.666666666666666,0.13333333333333333,1.9166666666666667,9.516666666666667,0.09512044423369097,0.25365451795650923,0.0189077335632719,-1.9375,8.875,86.1875,0.3199999928474426,1.600000023841858,9.600000381469727,0.021816615015268326,-0.047996554523706436,0.2454369217157364,0.00038077176365646523,-0.0008376979060516561,0.00428368238989917,-0.72735595703125,0.06817626953125,0.0404052734375,-0.681640625,0.9999806096760042,-0.4375,-1.4083333333333332,72.52083333333333,0.1866666595141093,-0.31666664282480883,0.08333371480305907,-0.09473967247003451,-0.2544922158625609,-0.014624051173372732,0.9889560476553523,0.09052553629616929,0.11732797777237458,-0.002282261168396175,90.0407910602876
1773306595461,-1.1166666666666667,10.466666666666667,15.15,0.2333333333333333,1.75,9.533333333333333,0.1210094948049402,0.3127048243156507,-0.019198621771937627,-1.5625,8.9375,87.8125,0.20000000298023224,1.5700000524520874,9.550000190734863,0.029452430084347725,-0.10690141469240189,0.2977968156337738,0.000514041877685299,-0.0018657816614222542,0.005197534934763877,-0.71856689453125,0.06597900390625,0.04388427734375,-0.69091796875,0.9999925400783521,-0.4458333333333333,-1.5291666666666668,72.6625,-0.03333333035310107,-0.1799999475479126,0.016666857401530066,-0.12049545292725491,-0.314570605977073,0.024396156706701505,0.987211332674503,0.09169087764382809,0.1303870705121018,0.0024040464239589027,91.26358791829985
1773306595576,-0.8166666666666668,10.350000000000001,17.21666666666667,0.2857142857142857,1.7285714285714289,9.671428571428573,0.08851312635114099,0.29271664883447757,-0.0067319842576924116,-1.25,8.8125,89.4375,0.1599999964237213,1.659999966621399,9.520000457763672,-0.04908738657832146,-0.1385355144739151,0.28361600637435913,-0.0008567365169909828,-0.0024179008585140786,0.004950033122589792,-0.70867919921875,0.0626220703125,0.04656982421875,-0.701171875,0.9999792387416517,-0.43333333333333324,-1.5375000000000014,72.22083333333333,-0.12571428929056438,-0.06857146195002994,-0.15142811366490072,-0.08936986286813198,-0.29513454969299163,0.011682017380282204,0.9847755997629994,0.09024202565879513,0.14842967743297789,0.006482728867094587,92.76004451781708
1773306595676,-0.8500000000000001,10.25,19.150000000000002,0.2666666666666667,1.7,9.75,0.06544984694978735,0.2839068916577443,0.020653062815266236,-1.125,8.625,91.1875,0.25999999046325684,1.590000033378601,9.699999809265137,-0.08617562800645828,-0.1330813616514206,0.3087051212787628,-0.0015040484436865344,-0.0023227079338546076,0.005387920784082819,-0.6978759765625,0.060302734375,0.0467529296875,-0.712158203125,1.000011220511429,-0.2749999999999999,-1.625,72.0375,-0.0066666762034098825,-0.10999996662139888,-0.05000019073486328,-0.06695389539347389,-0.2862295995915989,-0.015265142031183418,0.982209785380213,0.08931090008753435,0.16501558684912113,0.007573422327509077,94.66332612506466
1773306595776,-0.9166666666666666,10.266666666666666,20.7,0.2666666666666667,1.5833333333333333,9.799999999999999,0.08552113334772217,0.21467549799530253,0.07388560500109329,-1.1875,8.625,92.6875,0.3799999952316284,1.340000033378601,9.84000015258789,-0.09817477315664291,-0.10908307880163193,0.2879793345928192,-0.0017134730339819655,-0.0019038588833009075,0.005026187566347099,-0.68853759765625,0.0599365234375,0.04742431640625,-0.72119140625,1.0000212600057394,-0.27083333333333337,-1.6416666666666657,71.9875,0.1133333285649617,-0.24333329995473219,0.04000015258789169,-0.08723460638170413,-0.21657935687860344,-0.06885941743474619,0.9798803111139145,0.08944648144154348,0.17823035138106702,0.008236789156409437,96.35715173687386
1773306595876,-0.8200000000000001,10.48,21.78,0.18333333333333335,1.6666666666666667,9.383333333333333,0.08581202155638787,0.15038920388017807,0.03432480862255515,-1.1875,8.625,92.6875,0.3799999952316284,1.340000033378601,9.84000015258789,-0.09817477315664291,-0.10908307880163193,0.2879793345928192,-0.0017134730339819655,-0.0019038588833009075,0.005026187566347099,-0.68853759765625,0.0599365234375,0.04742431640625,-0.72119140625,1.0000212600057394,-0.36749999999999994,-1.8550000000000004,70.9075,0.19666666189829507,-0.32666663328806567,0.45666681925455777,-0.08752549459036983,-0.15229306276347898,-0.029298621056208052,0.9779862716590076,0.09102711265519126,0.18748794959886111,0.010256020835966032,96.4158217214881
1773306595982,-0.38,10.419999999999998,22.680000000000003,0.3666666666666667,1.6000000000000003,9.733333333333334,0.12479104151759456,0.02501638594525205,0.0031997702953229365,-0.25,9.0625,95.125,0.3799999952316284,1.2699999809265137,9.920000076293945,-0.01636246219277382,-0.23889194428920746,0.10471975803375244,-0.00028557883899699426,-0.004169450984337535,0.0018277045695807633,-0.67291259765625,0.05535888671875,0.05694580078125,-0.7354736328125,1.0000201294035314,0.13,-1.3574999999999982,72.445,0.013333328564961722,-0.33000001907348664,0.18666674296061103,-0.12507662035659156,-0.029185836929589586,-0.0013720657257421732,0.9764806855426713,0.08968250425896623,0.19552200484211538,0.01461727794341605,98.65447934144166
1773306596093,-0.22000000000000003,10.32,22.659999999999997,-0.07142857142857142,1.9142857142857144,9.742857142857144,0.03789857804330544,-0.038397243543875255,0.038646576294160156,-0.0625,9.0625,95,0.25,1.6100000143051147,9.520000457763672,0.011999138630926609,0.015271631069481373,-0.07090400159358978,0.00020942447651291403,0.0002665402443123129,-0.001237508280647448,-0.6737060546875,0.05413818359375,0.0579833984375,-0.7347412109375,1.0000087562565105,0.15750000000000003,-1.2575000000000003,72.34,0.3214285714285714,-0.3042856999805996,-0.2228566850934719,-0.037689153566792526,0.03866378378818757,-0.039884084574807604,0.9765704555684033,0.08856007904533716,0.19549373697244413,0.015794192443861522,98.40369418420569
1773306596209,0,10.933333333333335,22.350000000000005,-0.2,2.0000000000000004,9.542857142857144,-0.06258252032151096,-0.04911855180612613,0.10122909661567112,0.1875,9.3125,94.875,0.009999999776482582,1.600000023841858,9.920000076293945,-0.09490227699279785,0.004363323096185923,-0.046905722469091415,-0.0016563572011639854,0.00007615435435675759,-0.0008186592951123293,-0.6744384765625,0.0538330078125,0.06097412109375,-0.73382568359375,0.9999916143363785,0.1875,-1.6208333333333353,72.52499999999999,0.2099999997764826,-0.39999997615814253,0.37714293343680083,0.060926163120346974,0.04919470616048288,-0.10204775591078344,0.9765778383000594,0.09346036499210726,0.1929248386508661,0.018463275664477315,98.10066006508501
1773306596310,-0.11666666666666668,11.350000000000001,22.066666666666666,-0.20000000000000004,1.9500000000000002,9.433333333333332,-0.03956079637853814,-0.016289739685280406,-0.049160107264506946,0,10.0625,94.5,-0.07000000029802322,1.8799999952316284,9.300000190734863,0.04254240170121193,0.09162978827953339,-0.03272492438554764,0.0007425049813921851,0.0015992414983831678,-0.0005711576779939885,-0.67620849609375,0.05963134765625,0.06451416015625,-0.7314453125,0.9999940749082269,0.11666666666666668,-1.2875000000000014,72.43333333333334,0.12999999970197681,-0.07000000476837176,-0.1333331425984685,0.04030330135993033,0.017888981183663576,0.048588949586512956,0.9767241755560112,0.0972516059080579,0.1903431468833328,0.01793032256497866,98.08406951143061
1773306596409,0.05,11.125,21.925000000000004,-0.06666666666666667,1.866666666666667,9.716666666666669,-0.01948950998060335,-0.010471975511965976,-0.055268759646487094,0,10.0625,94.5,-0.07000000029802322,1.8799999952316284,9.300000190734863,0.04254240170121193,0.09162978827953339,-0.03272492438554764,0.0007425049813921851,0.0015992414983831678,-0.0005711576779939885,-0.67620849609375,0.05963134765625,0.06451416015625,-0.7314453125,0.9999940749082269,-0.05,-1.0625,72.57499999999999,-0.003333333631356558,0.0133333285649615,-0.4166664759318053,0.020232014961995535,0.012071217010349144,0.054697601968493104,0.977120705582301,0.095080090075951,0.18931250203830527,0.0188594741573599,97.91040541734219
1773306596527,0.05,10.95,21.75,-0.05714285714285715,1.9571428571428573,9.685714285714287,-0.041638569297579,-0.02169194927478667,0.007978648009116933,-0.3125,9.375,94.3125,-0.009999999776482582,1.7200000286102295,9.850000381469727,0.027270769700407982,0.010908307507634163,-0.030543262138962746,0.00047596472082522687,0.00019038588182823261,-0.0005330804886246258,-0.67803955078125,0.05828857421875,0.05804443359375,-0.73040771484375,0.9999998882412848,-0.3625,-1.5749999999999993,72.5625,0.047142857366374566,-0.2371428285326278,0.16428609575543973,0.04211453401840423,0.021882335156614904,-0.008511728497741558,0.9775530341498221,0.09361598352310083,0.18784711725364273,0.018427522703163682,97.41260838913523
1773306596643,-0.2,11.025,21.725,-0.08571428571428572,1.8571428571428577,9.557142857142859,-0.01894928902165272,0.042386567548433715,0.005485320506267891,-0.5,9.5,94.125,0.029999999329447746,1.75,9.479999542236328,-0.0021816615480929613,0.09381144493818283,-0.029452430084347725,-0.000038077177178378795,0.0016373185902246587,-0.000514041877685299,-0.67901611328125,0.06011962890625,0.057373046875,-0.72943115234375,1.0000193620088826,-0.3,-1.5250000000000004,72.4,0.11571428504373346,-0.10714285714285765,-0.07714331490653059,0.018911211844474342,-0.040749248958209056,-0.00599936238395319,0.9775705015646501,0.0946689292471833,0.18741622517324877,0.016397159743090542,97.50658328887042
1773306596742,-0.13333333333333333,11.233333333333334,21.933333333333337,0,1.9000000000000001,9.716666666666667,0.024143721319254886,0.0378154671265438,0.09104800931237086,-0.8125,9.625,94.5,0.1599999964237213,1.6699999570846558,9.789999961853027,-0.05017821490764618,-0.004363323096185923,0.04036073759198189,-0.0008757750629117282,-0.00007615435435675759,0.0007044277595135317,-0.6766357421875,0.06256103515625,0.05694580078125,-0.7314453125,1.0000024400621685,-0.6791666666666667,-1.6083333333333343,72.56666666666666,0.1599999964237213,-0.23000004291534437,0.07333329518636056,-0.025019496382166613,-0.037891621480900556,-0.09034358155285734,0.977045676754807,0.09630527636056097,0.18921261006645526,0.017482204428984845,97.84314385055379
1773306596843,0.07500000000000001,11.9,22.1,0.03333333333333333,2.0166666666666666,9.650000000000002,0.02181661564992912,-0.010471975511965978,0.12915436464758037,-0.8125,9.625,94.5,0.1599999964237213,1.6699999570846558,9.789999961853027,-0.05017821490764618,-0.004363323096185923,0.04036073759198189,-0.0008757750629117282,-0.00007615435435675759,0.0007044277595135317,-0.6766357421875,0.06256103515625,0.05694580078125,-0.7314453125,1.0000024400621685,-0.8875,-2.2750000000000004,72.4,0.126666663090388,-0.34666670958201085,0.1399999618530252,-0.022692390712840845,0.01039582115760922,-0.12844993688806683,0.9761596979302408,0.10161391313898527,0.19069954778528414,0.02050705409881942,97.66117003497101
1773306596942,-0.28,12.120000000000001,21.96,0.06666666666666667,2.083333333333333,9.633333333333333,-0.1372992344902206,-0.04566944876051829,-0.022107503858594828,-0.5,10.625,94.625,0.019999999552965164,1.9199999570846558,9.630000114440918,-0.16035212576389313,-0.02617993950843811,-0.01636246219277382,-0.0027986725571519625,-0.0004569261423951908,-0.00028557883899699426,-0.67547607421875,0.06640625,0.06494140625,-0.73150634765625,0.999998319892664,-0.21999999999999997,-1.495000000000001,72.66499999999999,-0.0466666671137015,-0.16333337624867728,-0.003333218892414891,0.13450056193306864,0.0452125226181231,0.021821925019597833,0.9762541318001008,0.10409976252909621,0.18914818526743812,0.017722121618254802,98.43282582691381
1773306597042,-0.5666666666666668,12.366666666666667,21.8,0.08333333333333336,2.0833333333333335,9.450000000000001,-0.00872664625997165,-0.022980168484592004,0.08872090364304508,-1.375,10.375,94.25,0.49000000953674316,1.5700000524520874,9.890000343322754,-0.14726215600967407,-0.009817477315664291,-0.011999138630926609,-0.002570209485954367,-0.00017134730339819656,-0.00020942447651291403,-0.67791748046875,0.070556640625,0.05804443359375,-0.72943115234375,0.999994656056788,-0.8083333333333332,-1.9916666666666671,72.45,0.4066666762034098,-0.5133332808812461,0.44000034332275284,0.006156436774017282,0.022808821181193806,-0.08893032811955799,0.9763347908352025,0.10669529304612443,0.18747002504801483,0.015539638190116351,98.1910472236379
1773306597142,-0.5200000000000001,13.000000000000004,21.639999999999997,0.03333333333333333,2.2166666666666672,9.583333333333334,0.08319402767839637,-0.015998851476614687,0.18529578892006465,-1.1875,11,94.125,0.18000000715255737,1.8799999952316284,9.640000343322754,0.018544122576713562,0.06981316953897476,-0.004363323096185923,0.0003236559958570664,0.0012184696697081214,-0.00007615435435675759,-0.67828369140625,0.07379150390625,0.06280517578125,-0.7283935546875,1.0000078063153512,-0.6674999999999999,-2.0000000000000036,72.485,0.14666667381922405,-0.3366666714350388,0.05666700998941998,-0.0828703716825393,0.01721732114632281,-0.1853719432744214,0.9759943046572149,0.11203590409989155,0.18601098205373232,0.016822247905839076,98.26613309975995
1773306597243,-5.551115123125783e-18,13.98,21.6,-0.03333333333333333,2.416666666666667,9.416666666666666,0.09512044423369097,-0.006399540590645873,0.1655153907307956,-0.9375,11.75,94.0625,0.09000000357627869,1.9700000286102295,9.649999618530273,-0.22798363864421844,-0.15162548422813416,0,-0.003979065135018593,-0.002646363929711674,0,-0.67816162109375,0.07635498046875,0.0692138671875,-0.72760009765625,0.9999628637541094,-0.9375,-2.2300000000000004,72.4625,0.12333333690961201,-0.44666663805643747,0.23333295186360736,-0.09909950936870957,0.003753176660934199,-0.1655153907307956,0.9749863091264626,0.11954053689056195,0.18598858548929803,0.022803576990559633,98.04089092589562
1773306597343,0.42500000000000004,14.775,21.575000000000003,-0.03333333333333333,2.5,9.383333333333333,0.041015237421866746,-0.0526507657684956,0.11170107212763711,-0.4375,12.75,94.0625,0.15000000596046448,2.0799999237060547,9.5600004196167,-0.1592612862586975,-0.11126473546028137,0.006544984877109528,-0.0027796338161754732,-0.0019419359751423984,0.0001142315355987977,-0.6773681640625,0.07879638671875,0.078857421875,-0.72711181640625,0.9999732930372194,-0.8625,-2.0250000000000004,72.4875,0.1833333392937978,-0.4200000762939453,0.17666708628336636,-0.04379487123804222,0.050708829793353206,-0.11158684059203831,0.9740780797558193,0.12561773125720843,0.18608055230768128,0.027678659394485126,98.10565388844839
1773306597443,0.8600000000000001,15.460000000000003,21.28,-0.18333333333333335,2.6666666666666665,9.35,0.1128646249623,-0.01774418072860902,0.14253522224620363,0,13.5625,93.875,-0.07000000029802322,2.3399999141693115,9.4399995803833,-0.11017391085624695,-0.047996554523706436,-0.055632367730140686,-0.0019228974942402343,-0.0008376979060516561,-0.0009709679875711992,-0.67816162109375,0.0810546875,0.0865478515625,-0.72528076171875,0.9999978803075736,-0.8600000000000001,-1.8975000000000026,72.595,0.11333333303531012,-0.326666752497355,0.08999958038330114,-0.11478752245654024,0.016906482822557363,-0.14350619023377484,0.9736620269612444,0.13081565026688557,0.1839466375310529,0.03214276652673838,97.84346929990615
1773306597543,1.4333333333333336,16.133333333333336,21.200000000000003,-0.3333333333333333,2.8000000000000003,9.4,0.08203047484373349,-0.0023271056693257735,0.09570222065102242,0.625,14.375,93.875,-0.25999999046325684,2.5799999237060547,9.4399995803833,-0.08944812417030334,-0.07963064312934875,-0.011999138630926609,-0.0015611642765045145,-0.0013898169080877366,-0.00020942447651291403,-0.677490234375,0.08148193359375,0.09613037109375,-0.72467041015625,1.0000102873362446,-0.8083333333333336,-1.7583333333333364,72.675,0.07333334287007648,-0.22000007629394558,0.039999580383300426,-0.08359163912023801,0.0009372887612380369,-0.09591164512753533,0.9728106626606343,0.13564177147745377,0.18384220773226825,0.03798377417215726,97.72470230554318
1773306597642,1.9000000000000001,16.65,21.175000000000004,-0.3333333333333333,2.75,9.333333333333334,0.05905030635914148,-0.005235987755982988,0.06428629411512447,1,14.8125,93.875,-0.2199999988079071,2.559999942779541,9.489999771118164,-0.1276271939277649,-0.11453723162412643,0.007635815534740686,-0.0022275147491208113,-0.0019990518079603787,0.00013327012215615645,-0.67718505859375,0.08154296875,0.1004638671875,-0.724365234375,1.0000134202682485,-0.9000000000000001,-1.8374999999999986,72.69999999999999,0.11333333452542621,-0.19000005722045898,0.15666643778483014,-0.06127782110826229,0.0032369359480226094,-0.06415302399296832,0.9720427939012595,0.13928920415785717,0.1841355206156973,0.04272510359602005,97.50021350040912
1773306597742,2.2500000000000004,16.950000000000003,21.1,-0.43333333333333335,2.9,9.333333333333334,0.07650359887908478,-0.015998851476614687,0.08115781021773631,1.375,15.25,93.9375,-0.25999999046325684,2.4700000286102295,9.460000038146973,-0.023998277261853218,-0.023998277261853218,-0.011999138630926609,-0.00041884895302582805,-0.00041884895302582805,-0.00020942447651291403,-0.67657470703125,0.08160400390625,0.10577392578125,-0.72418212890625,1.0000202132208722,-0.8750000000000004,-1.7000000000000028,72.8375,0.1733333428700765,-0.4299999713897704,0.12666670481363873,-0.07692244783211061,0.015580002523588859,-0.08136723469424922,0.9716431327119814,0.14130303330909838,0.18390392439256545,0.04606975172831272,97.43549577702726
1773306597842,2.68,17.4,21,-0.5833333333333334,3.0666666666666664,9.266666666666667,0.11519173063162577,0.009890199094634535,0.11199196033630282,1.75,15.625,93.9375,-0.3700000047683716,2.630000114440918,9.520000457763672,-0.06326818466186523,-0.062177352607250214,-0.008726646192371845,-0.0011042381341093237,-0.001085199523169997,-0.00015230870871351518,-0.67620849609375,0.0811767578125,0.1102294921875,-0.723876953125,0.9999979902038644,-0.9300000000000002,-1.7749999999999986,72.9375,0.2133333285649618,-0.43666655222574846,0.2533337910970044,-0.1162959687657351,-0.010975398617804532,-0.11214426904501633,0.9710310480346126,0.1444746767396716,0.18356748443675844,0.05028668005873521,97.23873394015537
1773306597942,3.4,18.080000000000002,21.02,-0.5833333333333334,3.0833333333333335,9.383333333333333,0.10966485466697702,0.00930842267730309,0.11141018391897137,2.5625,16.375,94.0625,-0.5199999809265137,2.869999885559082,9.3100004196167,-0.0719948336482048,-0.10035642981529236,0.014180799946188927,-0.0012565468915867748,-0.0017515501258234564,0.0002475016496276315,-0.6746826171875,0.080810546875,0.11981201171875,-0.72381591796875,0.9999956898298359,-0.8374999999999999,-1.7050000000000018,73.0425,0.0633333524068197,-0.21333344777425145,-0.07333291371663364,-0.1109214015585638,-0.011059972803126547,-0.11116268226934374,0.9697327317469773,0.1490757922286159,0.1846452222162721,0.05745414748004933,97.14398894421937
1773306598043,3.9800000000000004,18.7,21.080000000000002,-0.6000000000000001,3.033333333333333,9.233333333333336,0.09948376736367678,-0.00727220521664304,0.1265363707695889,3.0625,17,94.1875,-0.5400000214576721,2.759999990463257,9.40999984741211,-0.19634954631328583,-0.1843504011631012,0.03490658476948738,-0.003426946067963931,-0.0032175214776685,0.0006092348348540607,-0.6732177734375,0.08050537109375,0.12689208984375,-0.7239990234375,0.9999897367725609,-0.9175000000000004,-1.6999999999999993,73.1075,0.05999997854232797,-0.2733333428700764,0.17666651407877332,-0.10291071343164071,0.0040546837389745394,-0.12592713593473484,0.9684489042583659,0.15335983938347092,0.18592924383272053,0.06338608516732266,97.10565216652786
1773306598143,4.6000000000000005,19.35,20.916666666666668,-0.8000000000000002,3.3333333333333335,9.133333333333335,0.13526301702956053,-0.04537856055185257,0.15038920388017807,3.5625,17.625,94.25,-0.46000000834465027,2.8299999237060547,9.270000457763672,-0.11671889573335648,-0.10035642981529236,-0.01745329238474369,-0.002037129029839032,-0.0017515501258234564,-0.00030461741742703036,-0.67205810546875,0.0809326171875,0.1341552734375,-0.72369384765625,0.9999713036770915,-1.0375000000000005,-1.7250000000000014,73.33333333333333,0.3399999916553499,-0.5033334096272788,0.13666712443033724,-0.13730014605939955,0.043627010426029116,-0.15069382129760509,0.9673951297983814,0.15795306076410573,0.1854269699296675,0.06938538938657018,96.98777321603959
1773306598242,5.425,20.125000000000004,20.575000000000003,-0.9500000000000002,3.483333333333333,9.100000000000001,0.07737626350508194,-0.029961485492569325,0.09570222065102242,4.4375,18.5,94.125,-0.7300000190734863,3.0799999237060547,9.289999961853027,-0.11999138444662094,-0.11890055239200592,-0.0359974168241024,-0.0020942447326198496,-0.002075206121680523,-0.0006282734457933874,-0.6719970703125,0.0806884765625,0.144287109375,-0.72186279296875,0.9999976772788014,-0.9874999999999998,-1.6250000000000036,73.55,0.21999998092651385,-0.40333340962727826,0.18999996185302592,-0.07947050823770178,0.027886279370888802,-0.09633049409681581,0.9662269243701432,0.16339934361828434,0.18377916379313342,0.07701560934527543,96.60543261814774
1773306598342,5.833333333333333,20.6,20.36666666666667,-1.0166666666666666,3.533333333333333,9.100000000000001,0.04712388980384691,-0.024434609527920616,0.08435758051305926,4.9375,19,94,-0.8399999737739563,3.1700000762939453,9.239999771118164,-0.06544984877109528,-0.055632367730140686,-0.009817477315664291,-0.001142315355987977,-0.0009709679875711992,-0.00017134730339819656,-0.6719970703125,0.08050537109375,0.150634765625,-0.7205810546875,0.9999945331215436,-0.895833333333333,-1.6000000000000014,73.63333333333333,0.1766666928927103,-0.3633332570393879,0.13999977111816264,-0.04826620515983489,0.02346364154034942,-0.08452892781645746,0.965522999428678,0.16690644250361325,0.1826787603985704,0.08084582564535306,96.46185734076515
1773306598442,6.283333333333334,21.183333333333337,20.150000000000002,-1.0999999999999999,3.616666666666667,9.116666666666667,0.10006554378100824,-0.02210750385859484,0.13409946419489766,5.3125,19.5625,93.9375,-0.8600000143051147,3.2699999809265137,9.199999809265137,-0.11017391085624695,-0.0872664600610733,-0.02617993950843811,-0.0019228974942402343,-0.001523087054625861,-0.0004569261423951908,-0.672119140625,0.08148193359375,0.15625,-0.71917724609375,1.0000067092253206,-0.9708333333333341,-1.6208333333333371,73.7875,0.23999998569488512,-0.34666668574015347,0.08333314259846958,-0.10198844127524848,0.02058441680396898,-0.13455639033729286,0.9645876469699038,0.17127792647193543,0.18161641038191256,0.08514706510812417,96.29426725136751
1773306598542,6.94,21.92,19.919999999999998,-1.1833333333333333,3.7500000000000004,8.966666666666667,0.11606439525762294,-0.020071286397934793,0.16377006147880127,5.8125,20.25,93.875,-1.0499999523162842,3.380000114440918,9.210000038146973,-0.142898827791214,-0.10908307880163193,-0.023998277261853218,-0.0024940550421970603,-0.0019038588833009075,-0.00041884895302582805,-0.67138671875,0.0819091796875,0.16448974609375,-0.71795654296875,0.9999938569774295,-1.1275000000000004,-1.6700000000000017,73.955,0.13333338101704917,-0.3699998855590825,0.24333337148030587,-0.11855845029982,0.018167427514633887,-0.1641889104318271,0.9632006599737343,0.17663727463470216,0.18082849278654026,0.09134997554644293,96.16608803175296
1773306598643,7.733333333333334,22.883333333333336,19.650000000000002,-1.2666666666666668,3.9,8.733333333333334,0.08930268006037652,-0.014835298641951801,0.12304571226560022,6.5,21.125,93.8125,-1.0099999904632568,3.4600000381469727,9.069999694824219,-0.1898045539855957,-0.15707963705062866,0.0021816615480929613,-0.003312714402327971,-0.002741556854371145,0.000038077177178378795,-0.670654296875,0.08270263671875,0.17291259765625,-0.71661376953125,1.0000254862488025,-1.2333333333333343,-1.7583333333333364,74.1625,0.25666667620341,-0.43999996185302725,0.33666636149088447,-0.09261539446270449,0.012093741787580655,-0.12300763508842184,0.9612711599987881,0.18373747326837542,0.18004851740317301,0.09889807506952089,95.98557863648882
1773306598742,8.175,23.450000000000003,19.55,-1.3,3.85,9.05,0.0363610260832152,-0.0063995405906458755,0.09162978572970232,7.125,22,93.8125,-1.2300000190734863,3.819999933242798,8.779999732971191,-0.05890486016869545,-0.062177352607250214,0.021816615015268326,-0.001028083755370598,-0.001085199523169997,0.00038077176365646523,-0.66943359375,0.08367919921875,0.18212890625,-0.71533203125,1.0000071990975883,-1.0500000000000007,-1.4500000000000028,74.2625,0.06999998092651372,-0.030000066757202237,-0.2700002670288093,-0.0373891098385858,0.005314341067475878,-0.09124901396604586,0.9600055523209392,0.1879055463726765,0.18008889618377924,0.1031931907960129,96.18127338449241
1773306598842,8.38,23.980000000000004,19.3,-1.3,3.966666666666667,8.966666666666667,-0.09075712110370514,-0.06050474740247009,0.11577350704895718,7.1875,22.25,93.8125,-1.1399999856948853,3.509999990463257,9.069999694824219,-0.15489797294139862,-0.07308565825223923,-0.01636246219277382,-0.0027034796324924915,-0.0012755853724889389,-0.00028557883899699426,-0.6690673828125,0.084228515625,0.1842041015625,-0.715087890625,1.000013723875287,-1.1925000000000008,-1.730000000000004,74.5125,0.1600000143051148,-0.45666667620340995,0.10333302815755196,0.08805364147121264,0.05922916202998115,-0.11605908588795417,0.9592209006819727,0.19227359668101696,0.17849749225330286,0.10518922460733736,96.18529431235025
1773306598942,7.9,24.520000000000003,18.8,-1.2,4.166666666666667,9.15,-0.2911790968743873,-0.07679448708775051,0.21525727441263398,7,23.0625,93.25,-1.1399999856948853,3.799999952316284,8.869999885559082,-0.10035642981529236,0.17126043140888214,-0.07635815441608429,-0.0017515501258234564,0.0029890584064709044,-0.001332701205306919,-0.6717529296875,0.09130859375,0.18756103515625,-0.7108154296875,1.0000134873225717,-0.9000000000000004,-1.4575000000000031,74.45,0.0600000143051147,-0.3666667143503828,-0.2800001144409183,0.28942754674856386,0.07978354549422141,-0.2165899756179409,0.9593932447729234,0.19800492887767535,0.17365341545502128,0.10101060006273595,96.53942454151885
1773306599042,5.96,25.46,18.119999999999997,-0.6666666666666666,4.166666666666667,8.833333333333334,-0.8083783318820402,-0.16144295580947549,0.1372992344902206,5.875,24.0625,92.5,-1.2599999904632568,3.9100000858306885,9.170000076293945,-0.3632466495037079,0.7101308107376099,-0.11235556751489639,-0.006339850030677528,0.012394120767227994,-0.001960974586081725,-0.67578125,0.10589599609375,0.1864013671875,-0.70526123046875,1.0000165662287372,-0.08499999999999996,-1.3975000000000009,74.38,-0.5933333237965902,-0.2566665808359785,0.3366667429606114,0.8020384818513627,0.17383707657670347,-0.13926020907630232,0.9601434614383154,0.20932836852540368,0.16470314472461373,0.08472922580530327,98.04915053152835
1773306599142,1.6666666666666667,26.133333333333336,16.633333333333333,-0.10000000000000002,4.383333333333333,8.816666666666666,-0.8156505370986832,-0.21932970933395404,0.08261225126106495,2.125,24.6875,90.4375,-0.20000000298023224,3.9800000190734863,8.8100004196167,-0.2203478217124939,0.6435901522636414,-0.19744037091732025,-0.0038457949884804685,0.011232767190412178,-0.0034459845488660954,-0.6881103515625,0.13726806640625,0.165283203125,-0.69305419921875,0.9999905190912466,0.45833333333333326,-1.4458333333333364,73.80416666666667,-0.10000000298023222,-0.40333331425984653,-0.006666247049967211,0.8118047421102027,0.23056247652436623,-0.08605823580993104,0.9632861511113614,0.22163419190420328,0.14413753426917356,0.04671667015994347,100.27049732650165
1773306599242,-1.9000000000000004,26.666666666666668,15.049999999999999,0.3666666666666667,4.6,8.55,-0.7097672291443606,-0.24172810140121467,0.19751309368402498,-1,25.1875,88.3125,0.3100000023841858,4,9.119999885559082,-0.10035642981529236,0.8803004622459412,-0.19853119552135468,-0.0017515501258234564,0.01536414147301971,-0.0034650230297682593,-0.701416015625,0.16607666015625,0.14300537109375,-0.67822265625,1.0000011958174708,0.9000000000000004,-1.4791666666666679,73.2625,-0.056666664282480905,-0.5999999999999996,0.5699998855590813,0.7080156790185371,0.2570922428742344,-0.20097811671379323,0.9650329603809948,0.2307110897886998,0.12362060123705791,0.014203005899879738,101.82178864134474
1773306599342,-3.9333333333333336,28.066666666666674,13.083333333333334,0.8333333333333335,4.583333333333333,8.233333333333334,-0.22980168484592,-0.5358160803622593,0.19402243518003634,-4.4375,26.3125,85.9375,0.7200000286102295,4.289999961853027,8.670000076293945,-0.285797655582428,0.4461497962474823,-0.2519819140434265,-0.004988110084394121,0.0077867829016204084,-0.0043979140555351305,-0.7122802734375,0.19390869140625,0.125732421875,-0.66278076171875,1.0000153741548794,-0.5041666666666664,-1.7541666666666735,72.85416666666667,-0.11333330472310399,-0.2933333714803057,0.43666674296061103,0.2248135747615259,0.5436028632638796,-0.19842034923557147,0.9642187145503838,0.24455870763533838,0.10219300848529904,-0.005467910685277806,102.94372264983383
1773306599442,-3.5,28.800000000000008,9.533333333333335,0.65,4.650000000000001,8.366666666666669,-0.3319034460875883,-0.5113814708343385,-0.23445589618457163,-4.0625,28,81.625,0.41999998688697815,4.570000171661377,8.640000343322754,0.06108652427792549,0.11344639956951141,-0.7384924292564392,0.0010661609772492516,0.001980013197021052,-0.012889124391576164,-0.73406982421875,0.206787109375,0.13006591796875,-0.63360595703125,0.9999965336113693,-0.5625,-0.8000000000000078,72.09166666666667,-0.23000001311302187,-0.07999982833862429,0.273333676656085,0.3329696070648376,0.5133614840313595,0.22156677179299547,0.9654140974637992,0.25017213733484095,0.0728815212438422,-0.00882076984502621,100.13559769791115
1773306599542,-3.9833333333333343,27.58333333333334,6.1000000000000005,0.8333333333333334,4.566666666666667,8.633333333333335,-0.1928588823453734,-0.48549242026308925,-0.1602794029748126,-4.6875,26.75,78.6875,1,4.199999809265137,8.779999732971191,0.4156065285205841,0.41233402490615845,-0.4668755829334259,0.00725370231546791,0.007196586352612768,-0.008148516119356127,-0.75189208984375,0.20556640625,0.1138916015625,-0.615966796875,0.9999928269278038,-0.7041666666666657,-0.8333333333333393,72.5875,0.16666666666666663,-0.3666668574015306,0.14666639963785677,0.2001125846608413,0.49268900661570203,0.15213088685545648,0.9696482553811289,0.23970657600990916,0.04336878352331313,-0.02102776425697472,97.10958849773994
1773306599642,-3.75,27.316666666666666,3.066666666666667,0.9833333333333334,4.283333333333333,8.633333333333335,-0.15446163880149819,-0.7106398937703579,-0.07941248096574201,-4.375,26.1875,75.9375,0.7900000214576721,4.21999979019165,8.930000305175781,0.13089969754219055,0.1941678822040558,-0.5497786998748779,0.002284630711975954,0.003388868846085278,-0.009595448470150357,-0.767333984375,0.202880859375,0.10821533203125,-0.5986328125,1.0000169443393672,-0.625,-1.1291666666666664,72.87083333333334,-0.19333331187566127,-0.06333354314168282,0.2966669718424466,0.15674626951347415,0.7140287626164431,0.06981703249559165,0.9710598004263307,0.23677137379102026,0.01826465621233124,-0.025467290443498384,94.3332273243016
1773306599742,-2.8333333333333335,27.01666666666667,298.3833333333334,0.38333333333333347,4.366666666666667,8.65,0.0861029097650536,-0.9645852999355329,0.013380857598623194,-3.3125,26,71.6875,0.9599999785423279,3.819999933242798,8.90999984741211,0.19198621809482574,0.1843504011631012,-0.9948376417160034,0.0033507916242066244,0.0032175214776685,-0.01736319237071995,-0.78961181640625,0.2000732421875,0.10748291015625,-0.57000732421875,0.9999885241773884,-0.4791666666666665,-1.0166666666666693,-226.69583333333338,0.5766666452089944,-0.5466667334238693,0.259999847412109,-0.08275211814084697,0.9678028214132014,-0.030744049969343143,-0.831912158029953,-0.18825093898366402,0.5028069699330452,0.14024584229297196,107.2132671915406
1773306599842,0.06666666666666665,27.000000000000004,352.6833333333334,-0.4166666666666667,4.533333333333334,8.466666666666667,0.020362174606600517,-0.6390813944385904,-0.13759012269888632,-0.8125,26.0625,66.625,-0.4399999976158142,4.639999866485596,8.5600004196167,-0.12544554471969604,-0.29561513662338257,-0.9872018694877625,-0.002189437787316483,-0.005159457452810898,-0.0172299230044048,-0.814208984375,0.192626953125,0.11761474609375,-0.53497314453125,1.0000354529593143,-0.8791666666666667,-0.9375000000000036,-286.0583333333334,-0.023333330949147524,0.1066665331522616,0.09333375295003243,-0.022551612393917,0.6339219369857795,0.12036019969448152,-0.9703970078201309,-0.23300572449113902,0.06190805872017799,0.014330800172888628,83.70971565215275
1773306599942,2.2500000000000004,26.316666666666666,348.56666666666666,-0.7000000000000001,4.416666666666667,8.733333333333333,0.01250819297262604,-0.4278965549472765,-0.15562519163616106,1.6875,25.1875,62,-0.7900000214576721,4.210000038146973,8.84000015258789,0.08617562800645828,-0.1494438201189041,-0.5475970506668091,0.0015040484436865344,-0.0026082867078330205,-0.009557371508346029,-0.83648681640625,0.17901611328125,0.12530517578125,-0.50250244140625,0.9999835266306143,-0.5625000000000004,-1.1291666666666664,-286.56666666666666,-0.09000002145767205,-0.2066666285196943,0.10666681925455812,-0.011004144528939505,0.4252882682394435,0.14606782012781502,-0.9691603560064348,-0.22837133976640248,0.09252798984212898,0.00364782326240011,77.55775625617892
1773306600042,3.4333333333333336,25.58333333333334,346.1833333333334,-0.65,4.2,8.983333333333333,0.061668300237132975,-0.35313828532018604,-0.03577924966588375,2.5,24.125,59.9375,-0.47999998927116394,3.8399999141693115,9.09000015258789,0.09817477315664291,-0.037088245153427124,-0.34688419103622437,0.0017134730339819655,-0.0006473119917141328,-0.006054271256699116,-0.8480224609375,0.16925048828125,0.1240234375,-0.48663330078125,0.9999908022159535,-0.9333333333333336,-1.4583333333333393,-286.2458333333334,0.17000001072883608,-0.36000008583068865,0.10666681925455812,-0.05995482720315101,0.3524909733284719,0.029724978409184633,-0.9684649020463729,-0.22321441102553563,0.11065886686677244,-0.002382309508538832,74.04779192066779
1773306600142,4.683333333333334,25.41666666666667,344.0833333333334,-0.7166666666666668,4.05,9.083333333333334,0.012217304763960305,-0.3551745027808461,0.05323254218582706,3.8125,24,58.0625,-1.059999942779541,3.930000066757202,9.119999885559082,-0.047996554523706436,-0.07417649030685425,-0.318522572517395,-0.0008376979060516561,-0.0012946239834282656,-0.0055592676323509465,-0.85491943359375,0.1650390625,0.13079833984375,-0.47406005859375,0.9999831373312892,-0.8708333333333336,-1.4166666666666714,-286.0208333333334,-0.34333327611287423,-0.11999993324279767,0.036666552225748106,-0.01305500267001196,0.35387987879741784,-0.05879180981817801,-0.9665452228405721,-0.22320583935518906,0.12604659713004057,-0.00904106375111347,71.75862525944683
1773306600242,5.616666666666667,25.400000000000002,341.61666666666673,-0.9333333333333332,4.166666666666667,8.983333333333334,0.004363323129985825,-0.4537856055185257,0.15533430342749532,4.6875,24.25,55.8125,-0.949999988079071,3.9200000762939453,9.039999961853027,-0.10471975803375244,-0.003272492438554764,-0.4210606813430786,-0.0018277045695807633,-0.00005711576779939885,-0.007348895240127382,-0.86328125,0.1656494140625,0.1356201171875,-0.45709228515625,1.00001020910595,-0.9291666666666671,-1.1500000000000021,-285.80416666666673,-0.016666654745737808,-0.24666659037272165,0.05666662851969306,-0.006191027699566588,0.4537284897507263,-0.1626831986676227,-0.9635722425378692,-0.22439750626244423,0.14500934762221188,-0.012107092793837544,69.85788067296913
1773306600342,6.833333333333335,25.850000000000005,338.4166666666667,-1.3333333333333333,4.3500000000000005,8.65,-0.07999425738307343,-0.4817108735504349,0.15300719775816957,5.8125,24.875,53.375,-1.1699999570846558,3.940000057220459,8.970000267028809,-0.2508910894393921,-0.027270769700407982,-0.5486878752708435,-0.004378875574632966,-0.00047596472082522687,-0.009576409989248193,-0.8714599609375,0.16839599609375,0.14276123046875,-0.43798828125,1.0000070892023096,-1.0208333333333348,-0.975000000000005,-285.0416666666667,0.1633333762486775,-0.40999994277954155,0.32000026702880824,0.07561538180844046,0.4812349088296097,-0.16258360774741776,-0.958220426714433,-0.23020513694166855,0.16907556213777164,-0.015253296059351704,68.395364233242
1773306600442,7.850000000000001,26.349999999999998,335.5166666666667,-1.4500000000000002,4.416666666666667,8.5,-0.07824892813107912,-0.3857177646907468,0.11170107212763708,6.6875,25.4375,50.125,-1.2599999904632568,4,8.6899995803833,-0.1494438201189041,0.054541539400815964,-0.41669735312461853,-0.0026082867078330205,0.0009519294416504537,-0.007272740796370075,-0.8822021484375,0.17303466796875,0.1474609375,-0.412353515625,1.0000008884813414,-1.1625000000000014,-0.9124999999999979,-285.3916666666667,0.19000000953674334,-0.41666666666666696,0.18999958038330078,0.0756406414232461,0.38666969413239727,-0.11897381292400716,-0.952615185305676,-0.23635293980290173,0.19072327098501382,-0.016918347328732333,66.8510626601427
1773306600542,8.65,26.583333333333332,333.03333333333336,-1.3666666666666665,4.3500000000000005,8.5,-0.10471975511965978,-0.3871722057340755,0.01250819297262603,7.25,25.625,48.0625,-1.2999999523162842,4.090000152587891,8.630000114440918,-0.030543262138962746,0.09817477315664291,-0.38615408539772034,-0.0005330804886246258,0.0017134730339819655,-0.006739660210217577,-0.88897705078125,0.175048828125,0.149169921875,-0.39593505859375,0.9999692621573399,-1.4000000000000004,-0.9583333333333321,-284.97083333333336,0.0666667143503823,-0.2599998474121099,0.13000011444091797,0.10418667463103515,0.38888567876805746,-0.019247853182843607,-0.9477360578600474,-0.24004740367730726,0.20941006057754968,-0.017917453741745602,65.96699127484423
1773306600642,9.316666666666668,26.299999999999997,330.45,-1.6333333333333335,4.366666666666666,8.600000000000001,-0.02472549773658634,-0.3522656206941889,-0.004945099547317267,7.75,25.375,46,-1.4299999475479126,4.090000152587891,8.6899995803833,0.01636246219277382,0.055632367730140686,-0.3348850607872009,0.00028557883899699426,0.0009709679875711992,-0.00584484692647801,-0.8961181640625,0.173828125,0.149169921875,-0.38018798828125,1.000019276328861,-1.5666666666666682,-0.9249999999999972,-284.45,0.20333338578542093,-0.2766665140787756,0.08999958038329936,0.025011076575583335,0.35323658868176006,-0.000899747379160743,-0.9431811709962965,-0.23942047627941876,0.22965096975461874,-0.01864259389018872,64.67145338953895
1773306600742,10.133333333333335,25.983333333333334,328.3,-1.6833333333333333,4.383333333333334,8.666666666666668,-0.08930268006037655,-0.26267205242514663,-0.02850704444924072,8.5,25.0625,44.0625,-1.7799999713897705,4.110000133514404,8.890000343322754,0.009817477315664291,0.0818123072385788,-0.3032509684562683,0.00017134730339819656,0.00142789412996639,-0.005292727859423348,-0.90264892578125,0.1710205078125,0.15130615234375,-0.36474609375,0.9999781807366818,-1.6333333333333346,-0.9208333333333343,-284.2375,-0.09666663805643716,-0.27333319981892945,0.22333367665608606,0.08947402736377474,0.26409994655511304,0.02321431658981737,-0.9391159035018372,-0.23892017660971093,0.24598971342155007,-0.021622439489944627,63.153789478689774
1773306600843,10.416666666666666,25.733333333333334,326.81666666666666,-1.5666666666666667,4.316666666666666,8.566666666666666,-0.1157735070489572,-0.18442312429406751,-0.06806784082777885,8.6875,24.6875,42.625,-1.5299999713897705,3.9800000190734863,8.710000038146973,-0.003272492438554764,0.037088245153427124,-0.23671028017997742,-0.00005711576779939885,0.0006473119917141328,-0.0041313737624588814,-0.90753173828125,0.16943359375,0.149658203125,-0.35400390625,1.0000189708608982,-1.729166666666666,-1.0458333333333343,-284.19166666666666,0.036666695276896144,-0.3366666475931801,0.14333337148030623,0.1157163912811578,0.18507043628578165,0.06393646706531997,-0.9362151869635146,-0.23780078909352512,0.2578568015254864,-0.021489027721474017,62.35864862678195
1773306600943,10.299999999999999,25.25,325.7666666666667,-1.4166666666666667,4.016666666666667,8.666666666666666,-0.05497787143782139,-0.2751802453977727,-0.1087921900409799,8.625,23.9375,41.125,-1.2599999904632568,3.680000066757202,8.819999694824219,0.06763150542974472,0.055632367730140686,-0.23343779146671295,0.001180392447829468,0.0009709679875711992,-0.004074258059678064,-0.91351318359375,0.16552734375,0.1444091796875,-0.3424072265625,1.0000011790536845,-1.674999999999999,-1.3125,-284.6416666666667,0.1566666762034099,-0.33666659990946446,0.15333302815755268,0.05615826388565086,0.2761512133853439,0.10471793198130183,-0.9346094375217076,-0.2338250679640008,0.26729224052081346,-0.019644211471869417,61.27709173916345
1773306601042,10.533333333333333,24.200000000000003,323.81666666666666,-1.4666666666666668,3.6833333333333336,8.816666666666668,-0.034033920413889425,-0.5814855291227775,-0.08057603380040487,9.25,22.875,39.0625,-1.4199999570846558,3.390000104904175,9.039999961853027,0.10581058263778687,0.009817477315664291,-0.48541969060897827,0.0018467430504829274,0.00017134730339819656,-0.00847217185513887,-0.92095947265625,0.15777587890625,0.14324951171875,-0.326171875,0.9999840463170369,-1.2833333333333332,-1.3250000000000028,-284.75416666666666,0.04666670958201102,-0.29333322842915877,0.22333329518635914,0.03588066346437235,0.5816568764261757,0.072103861945266,-0.9314937782102648,-0.22628542514253347,0.2840672524059966,-0.02049496606820153,59.18884381219456
1773306601142,12.016666666666667,23.033333333333335,319.56666666666666,-1.8833333333333335,3.4333333333333336,8.516666666666667,0.05846852994181006,-0.933169373399635,-0.015417075059283246,10.6875,22.0625,35.375,-1.5199999809265137,2.9600000381469727,8.600000381469727,-0.10362892597913742,-0.16035212576389313,-0.9293878078460693,-0.0018086659586414365,-0.0027986725571519625,-0.016220877274806297,-0.93121337890625,0.15118408203125,0.148193359375,-0.296630859375,0.9999830609615474,-1.3291666666666675,-0.970833333333335,-284.19166666666666,0.36333335240681985,-0.4733332951863609,0.08333371480305907,-0.0602771959004515,0.9303707008424831,-0.0008038022155230518,-0.9216703182927478,-0.22176741999659533,0.31714276277402326,-0.027631572996452792,56.73002287600241
1773306601242,13.933333333333332,21.36666666666667,314.4833333333334,-2.4833333333333334,3.4166666666666674,8.9,-0.08057603380040487,-0.781325728476128,-0.23300145514124299,12.6875,20.6875,30.625,-2.130000114440918,2.9700000286102295,9.010000228881836,0.2508910894393921,0.0818123072385788,-0.8563021421432495,0.004378875574632966,0.00142789412996639,-0.014945291772280198,-0.9432373046875,0.14044189453125,0.1549072265625,-0.258056640625,1.000005008640263,-1.2458333333333318,-0.6791666666666707,-283.8583333333334,0.3533332188924154,-0.4466666380564379,0.11000022888183558,0.08495490937503784,0.7827536226060944,0.21805616336896277,-0.9081689559178051,-0.21579364922898117,0.3565985994199212,-0.03872579697506389,53.863793795034084
1773306601342,15.25,19.46666666666667,310.68333333333334,-3.016666666666667,3.3000000000000007,8.933333333333334,0.05032366009916985,-0.4360414247899167,-0.14951653925418093,13.875,18.5,26.5625,-2.9200000762939453,3.140000104904175,8.930000305175781,0.13089969754219055,-0.09490227699279785,-0.5301437377929688,0.002284630711975954,-0.0016563572011639854,-0.009252753733316802,-0.9537353515625,0.125,0.155517578125,-0.224853515625,0.9999904706620124,-1.375,-0.9666666666666686,-284.12083333333334,0.09666659037272174,-0.1599998950958259,-0.00333302815755232,-0.0480390293871939,0.4343850675887527,0.14026378552086413,-0.8971685355143645,-0.20684945964990506,0.3871776129838537,-0.04894298652185031,51.41424824911121
1773306601442,16.9,18,308.00000000000006,-3.1500000000000004,2.983333333333334,9.216666666666667,0.10006554378100822,-0.3438298626428829,-0.061086523819801536,15.3125,16.75,23.875,-2.819999933242798,2.5299999713897705,9.380000114440918,0.09053895622491837,-0.11562806367874146,-0.3850632607936859,0.0015802028874438412,-0.0020180904188997054,-0.006720621729315413,-0.95947265625,0.11114501953125,0.16156005859375,-0.20233154296875,0.9999903495889166,-1.5874999999999986,-1.25,-284.12500000000006,0.3300000667572025,-0.45333336194356333,0.16333344777425118,-0.09848534089356438,0.3418117722239832,0.054365902090486126,-0.8881686822064521,-0.202699980471912,0.40761291557862644,-0.06261645884136528,49.49328029279868
1773306601558,17.857142857142858,16.97142857142857,306.3714285714286,-2.7142857142857144,2.542857142857143,8.914285714285715,0.0413892365472941,-0.3398405386383245,-0.07330382858376185,15.9375,16,22.5625,-2.2300000190734863,2,8.949999809265137,0.13526301085948944,-0.023998277261853218,-0.22362031042575836,0.002360784895658936,-0.00041884895302582805,-0.003902910691261286,-0.9619140625,0.10528564453125,0.16412353515625,-0.19146728515625,0.9999799931283146,-1.9196428571428577,-0.9714285714285715,-283.8089285714286,0.4842856952122281,-0.5428571428571431,0.03571409497942213,-0.03902845165163517,0.3394216896852986,0.06940091789250057,-0.8823382956542656,-0.19934572225559022,0.42031582105617055,-0.07123921399201366,48.88719191243058
1773306601659,18.450000000000003,15.800000000000002,304.2666666666667,-3.1,2.816666666666667,9.083333333333334,-0.08435758051305926,-0.30950505402032785,-0.02763437982324355,16.9375,15.25,20.5625,-2.700000047683716,2.259999990463257,9.0600004196167,0.03163409233093262,-0.03490658476948738,-0.4265148341655731,0.0005521190670546618,-0.0006092348348540607,-0.007444088164786852,-0.96514892578125,0.09918212890625,0.169677734375,-0.1728515625,1.0000088698768632,-1.5125000000000028,-0.5500000000000025,-283.7041666666667,0.39999995231628427,-0.55666667620341,-0.023332913716634707,0.08490969958011392,0.3088958191854738,0.020190291658456698,-0.874621482549977,-0.19415577955926075,0.4375126857921971,-0.07696392204607588,48.31534594245449
1773306601759,18.04,15.320000000000002,303.17999999999995,-3.483333333333334,2.833333333333334,8.966666666666667,-0.16580627893946134,0.08668468618238503,-0.05468698322915566,16.75,14.5,19,-3.190000057220459,2.390000104904175,8.609999656677246,0.13089969754219055,0.2977968156337738,-0.029452430084347725,0.002284630711975954,0.005197534934763877,-0.000514041877685299,-0.96807861328125,0.096435546875,0.16534423828125,-0.16180419921875,0.9999976661029045,-1.2899999999999991,-0.8200000000000021,-284.17999999999995,0.29333327611287485,-0.4433332284291591,-0.3566670099894207,0.1680909096514373,-0.08148715124762115,0.05417294135147036,-0.8708795076970637,-0.18971768729561933,0.4473200395093608,-0.07403286063543361,48.78855486760967
1773306601859,17.250000000000004,15.866666666666667,304.3833333333334,-3.366666666666667,2.983333333333333,9.3,-0.22776546738526005,0.6233734311706413,0.11460995421429432,15.9375,14.4375,19.5,-3.640000104904175,2.619999885559082,9.380000114440918,-0.054541539400815964,0.07417649030685425,0.257436066865921,-0.0009519294416504537,0.0012946239834282656,0.004493106980194601,-0.96856689453125,0.0966796875,0.1583251953125,-0.1658935546875,1.0000281646606775,-1.3125000000000036,-1.4291666666666671,-284.8833333333334,-0.27333343823750766,-0.3633334477742509,0.08000011444091726,0.2268135379436096,-0.622078807187213,-0.11011684723409972,-0.8757967433838802,-0.18999278314597526,0.4385170002948409,-0.06771740605672043,48.83388639033312
1773306601959,15.416666666666666,17.71666666666667,307.93333333333334,-2.7833333333333337,2.983333333333334,8.966666666666667,-0.158824961931484,0.8476482400519127,0.1576614090968211,13.1875,16.5625,23.9375,-2.7200000286102295,2.5899999141693115,9.119999885559082,-0.2356194406747818,0.07090400159358978,0.7908523082733154,-0.004112335021482392,0.001237508280647448,0.013802976676366546,-0.961669921875,0.1143798828125,0.143310546875,-0.203857421875,0.9999937787458496,-2.229166666666666,-1.1541666666666686,-283.99583333333334,0.06333330472310417,-0.3933334191640223,0.15333321889241525,0.1547126269100016,-0.8464107317712652,-0.14385843242045457,-0.8888639192668569,-0.195284161839511,0.4111809190745464,-0.05210835776738332,51.153880550001084
1773306602059,13.600000000000001,19.283333333333335,312.40000000000003,-1.9833333333333336,3.0500000000000003,8.866666666666667,-0.1087921900409799,0.8598655448158732,0.06574073515845309,10.5625,18.125,28.6875,-1.6200000047683716,2.5799999237060547,8.899999618530273,-0.03272492438554764,0.22798363864421844,0.9108436703681946,-0.0005711576779939885,0.003979065135018593,0.015897221018874908,-0.9527587890625,0.1278076171875,0.12908935546875,-0.2435302734375,1.0000275760812143,-3.0375000000000014,-1.158333333333335,-283.71250000000003,0.36333332856496203,-0.4700000762939456,0.0333329518636063,0.10822103236298591,-0.8558864796808546,-0.04984351413957819,-0.9036927402854067,-0.19927114047278544,0.376901835853926,-0.039691936965435826,53.27703268385802
1773306602159,11.433333333333335,20.25,317.41666666666674,-1.4666666666666668,3.1333333333333333,8.799999999999999,-0.06486807053245591,0.7269296334556383,-0.053232542185827056,8.5625,19.125,33.3125,-1.2799999713897705,2.8399999141693115,8.859999656677246,0.047996554523706436,0.15489797294139862,0.8235772252082825,0.0008376979060516561,0.0027034796324924915,0.01437413422432337,-0.9422607421875,0.13616943359375,0.11968994140625,-0.2816162109375,1.0000153965062772,-2.8708333333333353,-1.125,-284.10416666666674,0.18666669527689628,-0.2933334191640218,0.05999965667724716,0.06570576843850758,-0.7242261538231458,0.06760667641015043,-0.9190303547048783,-0.19858889397575613,0.33936727645670267,-0.027847980014206925,54.906877493167755
1773306602259,9.733333333333334,20.450000000000003,322.0166666666667,-1.216666666666667,3.383333333333334,9.05,0.049741883681838385,0.7470009198535731,-0.15940673834881544,7.1875,19.25,36.875,-1.0499999523162842,3.190000057220459,8.890000343322754,0.08072147518396378,-0.08508480340242386,0.7526732087135315,0.0014088555190270634,-0.0014850099627843703,0.013136625683601598,-0.93353271484375,0.13763427734375,0.11322021484375,-0.31097412109375,0.9999751222019344,-2.5458333333333343,-1.2000000000000028,-285.1416666666667,0.16666671435038283,-0.1933332761128752,-0.1599996566772468,-0.04833302816281132,-0.7484859298163574,0.17254336403241705,-0.9320948033076251,-0.1944163741931609,0.304867571778167,-0.02138491923269307,55.60761912292683
1773306602359,8.183333333333334,20.26666666666667,326.31666666666666,-0.9500000000000001,3.4333333333333336,9.466666666666669,-0.011053751929297423,0.6018477037293779,0.01832595714594046,5.875,18.8125,41.125,-0.6499999761581421,2.559999942779541,9.819999694824219,0.07090400159358978,0.023998277261853218,0.7210391163825989,0.001237508280647448,0.00041884895302582805,0.012584506616546936,-0.92242431640625,0.13446044921875,0.10638427734375,-0.345947265625,0.9999716780794403,-2.3083333333333336,-1.4541666666666693,-285.19166666666666,0.300000023841858,-0.8733333905537926,0.3533330281575502,0.01229126020994487,-0.6014288547763521,-0.005741450529393526,-0.9434148033215126,-0.18831434011375406,0.27246622910223134,-0.01638206886091013,56.8210039307698
1773306602459,6.750000000000001,20.85,329.9166666666667,-0.9833333333333334,3.633333333333334,9.15,-0.016289739685280406,0.6608980100885194,0.05992297098513865,4.5,19.4375,44.8125,-0.9300000071525574,3.4700000286102295,9.069999694824219,-0.1178097203373909,-0.014180799946188927,0.6544984579086304,-0.002056167510741196,-0.0002475016496276315,0.01142315303973112,-0.9105224609375,0.1407470703125,0.10162353515625,-0.37530517578125,1.000021103546861,-2.250000000000001,-1.4125000000000014,-285.1041666666667,0.05333332618077602,-0.1633333047231047,-0.0800003051757816,0.01423357217453921,-0.6611455117381471,-0.04849981794540753,-0.9509128047743887,-0.18947147309884818,0.24450712943612865,-0.009036716923866173,59.68441483782923
1773306602559,5.1000000000000005,21.616666666666664,334.00000000000006,-0.7000000000000001,3.6500000000000004,9.016666666666667,-0.013089969389957472,0.6012659273120464,0.09482955602502524,3,20.0625,48.6875,-0.28999999165534973,2.9600000381469727,9.25,-0.11126473546028137,0.021816615015268326,0.7275841236114502,-0.0019419359751423984,0.00038077176365646523,0.012698738542257221,-0.89697265625,0.1478271484375,0.096435546875,-0.40533447265625,1.0000043306405948,-2.1000000000000005,-1.5541666666666636,-285.31250000000006,0.41000000834465034,-0.6899999618530277,0.2333333333333325,0.011148033414815075,-0.60088515554839,-0.08213081748276801,-0.9580138052107772,-0.19236781147288698,0.21261227776481498,-0.0004398617466664645,63.23722450261717
1773306602659,3.6500000000000004,22.266666666666666,337.78333333333336,-0.3666666666666667,3.6,8.966666666666667,0.01861684535460618,0.5541420375081997,0.05701408889848144,1.9375,20.625,51.5625,-0.3700000047683716,3.450000047683716,9,-0.047996554523706436,0,0.6294093728065491,-0.0008376979060516561,0,0.010985265898386744,-0.88592529296875,0.15386962890625,0.09356689453125,-0.4273681640625,0.999968898930305,-1.7125000000000004,-1.6416666666666657,-286.22083333333336,-0.0033333381017048858,-0.14999995231628427,0.033333333333333215,-0.019454543260657837,-0.5541420375081997,-0.0460288230000947,-0.9634941385615821,-0.19539935190977425,0.182908753651416,0.006521201453783227,66.1734857810961
1773306602759,2.483333333333334,22.66666666666667,341.05,-0.30000000000000004,3.7500000000000004,8.95,0.034033920413889425,0.555887366760194,0.041597013839198185,1,21,54.3125,-0.550000011920929,3.6600000858306885,9.140000343322754,-0.05017821490764618,-0.046905722469091415,0.5563237071037292,-0.0008757750629117282,-0.0008186592951123293,0.009709680395860643,-0.87359619140625,0.1583251953125,0.09112548828125,-0.45111083984375,1.0000210085539585,-1.4833333333333338,-1.6666666666666714,-286.7375,-0.2500000119209289,-0.08999991416931197,0.19000034332275462,-0.03490969547680115,-0.5567060260553064,-0.031887333443337544,-0.9675979575259597,-0.19728773281194448,0.15716907059424645,0.011385355596325218,69.1790191480556
1773306602859,1.4833333333333334,23,344.20000000000005,0.016666666666666673,3.6999999999999997,8.866666666666667,0.06952228187110747,0.4238241200259564,0.05934119456780721,0,21.25,57.5625,0.18000000715255737,3.380000114440918,9.020000457763672,-0.13526301085948944,-0.0970839411020279,0.5574145317077637,-0.002360784895658936,-0.001694434423042639,0.009728718876762807,-0.86163330078125,0.1619873046875,0.0889892578125,-0.47271728515625,1.0000162756608655,-1.4833333333333334,-1.75,-286.63750000000005,0.1633333404858907,-0.31999988555908176,0.15333379109700473,-0.07188306676676641,-0.425518554448999,-0.049612475691044405,-0.9708980714623066,-0.199202670003502,0.13211786291788025,0.014835814512931445,71.99673704259861
1773306602959,0.825,23.225,346.975,0.06666666666666667,3.6833333333333336,9.05,0.1823869068334074,0.3490658503988659,0.09453866781635953,-0.3125,21.75,60.6875,0.029999999329447746,3.490000009536743,8.989999771118164,-0.07526732236146927,-0.20834867656230927,0.35670167207717896,-0.0013136625943675924,-0.0036363703981850373,0.0062256186251158935,-0.84771728515625,0.16461181640625,0.09246826171875,-0.49566650390625,0.999978653858761,-1.1375,-1.4750000000000014,-286.2875,-0.03666666733721892,-0.1933333237965904,-0.06000022888183665,-0.183700569427775,-0.35270222079705094,-0.08831304919124364,-0.9733497186271177,-0.2007873800828126,0.1096557109333528,0.01582334691814507,74.80842261156715
1773306603076,0.5714285714285714,23.485714285714288,349.34285714285716,-0.17142857142857146,3.985714285714286,8.871428571428572,0.09599310885968812,0.3298672286269283,0.03116659378561303,-0.375,22.125,62.625,-0.28999999165534973,3.880000114440918,8.899999618530273,-0.023998277261853218,-0.06108652427792549,0.2977968156337738,-0.00041884895302582805,-0.0010661609772492516,0.005197534934763877,-0.838623046875,0.166015625,0.09674072265625,-0.50970458984375,1.0000036694042118,-0.9464285714285714,-1.3607142857142875,-286.71785714285716,-0.11857142022677827,-0.10571417127336824,0.028571047101701552,-0.09641195781271394,-0.33093338960417756,-0.02596905885084915,-0.9749219378696454,-0.20309107031278822,0.08991185703113724,0.014038881184545066,76.48125897864162
1773306603175,0.35000000000000003,23.700000000000003,351.61666666666673,-0.25,4.116666666666667,8.916666666666666,0.11082840750163994,0.4290601077819393,0.01803506893727474,-0.5625,22.1875,64.5625,-0.11999999731779099,3.869999885559082,9.020000457763672,-0.010908307507634163,-0.09162978827953339,0.4210606813430786,-0.00019038588182823261,-0.0015992414983831678,0.007348895240127382,-0.8297119140625,0.1658935546875,0.098388671875,-0.52374267578125,0.9999646258803068,-0.9125000000000001,-1.5125000000000028,-287.05416666666673,0.13000000268220901,-0.2466667811075851,0.1033337910970058,-0.11101879338346818,-0.43065934928032246,-0.010686173697147357,-0.9761119754894658,-0.2050184463091847,0.07090956120202235,0.012028387637470819,78.107105452708
1773306603276,0.06666666666666667,23.983333333333334,354.11666666666673,0.05000000000000001,3.9833333333333343,9.133333333333335,0.05701408889848144,0.46891179236914327,0.05061454830783556,-0.9375,22.25,67.1875,0.14000000059604645,3.569999933242798,9.380000114440918,-0.007635815534740686,-0.07744898647069931,0.5334162712097168,-0.00013327012215615645,-0.0013517398162462457,0.009309870216320595,-0.8173828125,0.165771484375,0.0999755859375,-0.5426025390625,1.0000037401844653,-1.0041666666666667,-1.7333333333333343,-286.92916666666673,0.09000000059604643,-0.41333340009053643,0.24666678110758333,-0.0571473590206376,-0.4702635321853895,-0.04130467809151496,-0.9768949237559181,-0.20752481489478627,0.05007859462827815,0.010094231167366885,80.43037571951078
1773306603376,-0.78,24.5,357.38000000000005,0.16666666666666666,3.983333333333333,8.616666666666667,0.019198621771937624,0.4491313941798742,0.0415970138391982,-1.5625,22.5625,69.5625,0.03999999910593033,3.7100000381469727,9,-0.17562375962734222,-0.1079922467470169,0.3992440700531006,-0.0030652128502282115,-0.001884820272361581,0.006968123541489498,-0.80438232421875,0.16949462890625,0.1004638671875,-0.56048583984375,0.999998359008277,-0.7825,-1.9375,-287.81750000000005,-0.12666666756073633,-0.2733332951863603,0.38333333333333286,-0.022263834622165836,-0.4510162144522358,-0.0346288902977087,-0.9769200413188546,-0.21196523106244575,0.02378462427047576,0.011500666873012183,83.53847129662567
1773306603475,-1.6500000000000004,24.483333333333334,179.98333333333332,0.3833333333333333,3.9166666666666665,8.816666666666668,0.09366600319036236,0.4351687601639195,-0.011635528346628869,-2.625,22.6875,72.625,0.44999998807907104,3.690000057220459,9.010000228881836,-0.028361599892377853,-0.11671889573335648,0.44396811723709106,-0.000495003299255263,-0.002037129029839032,0.007748705419667429,-0.7899169921875,0.17236328125,0.097412109375,-0.580322265625,0.9999705027163719,-0.9749999999999996,-1.7958333333333343,-107.35833333333332,0.06666665474573774,-0.22666660944620753,0.19333356221516773,-0.09416100648961763,-0.4372058891937585,0.019384233766296298,0.003195109287787592,0.01410191173536218,0.9771601955201157,0.21201150830352686,176.79778252035217
1773306603575,-2.2833333333333337,24.2,2.6666666666666665,0.4833333333333334,3.9166666666666665,8.783333333333333,0.15271630954950383,0.443022741797894,-0.050614548307835565,-3.125,22.375,75.3125,0.6299999952316284,3.630000114440918,9.010000228881836,0.07526732236146927,-0.10144726186990738,0.5028730034828186,0.0013136625943675924,-0.0017705887367627832,0.008776789630168097,-0.776611328125,0.170654296875,0.0960693359375,-0.59869384765625,0.9999558412964517,-0.8416666666666663,-1.8249999999999993,72.64583333333333,0.14666666189829503,-0.28666655222574855,0.22666689554850272,-0.15140264695513622,-0.4447933305346568,0.05939133793800366,0.9774216271279473,0.2099735287548729,0.01857205971192626,-0.01459995352181013,89.08689957670776
1773306603676,-2.6166666666666667,23.7,5.3500000000000005,0.6,3.8166666666666664,8.933333333333335,0.13031791748224328,0.3653555900841463,-0.1451532161241951,-3.25,21.875,77.6875,0.7200000286102295,3.630000114440918,8.979999542236328,0.10908307880163193,-0.1494438201189041,0.4614214301109314,0.0019038588833009075,-0.0026082867078330205,0.008053323194696657,-0.7646484375,0.16607666015625,0.09649658203125,-0.6151123046875,0.9999717134706999,-0.6333333333333333,-1.8249999999999993,72.3375,0.12000002861022951,-0.18666655222574846,0.04666620890299278,-0.12841405859894237,-0.36796387679197934,0.15320653931889175,0.9775860736201671,0.20611586479669955,0.04098047433419083,-0.012740473553157954,90.90709009355592
1773306603775,-2.8,22.740000000000002,7.74,0.45,3.8333333333333335,9.233333333333334,0.16464272610479846,0.317649923862968,-0.10588330795432266,-3.3125,20.9375,79.5,0.6899999976158142,3.5,9.350000381469727,0.10144726186990738,-0.2050761878490448,0.3327033817768097,0.0017705887367627832,-0.00357925469540422,0.005806769444525031,-0.7547607421875,0.15802001953125,0.093505859375,-0.6297607421875,0.9999880212573001,-0.5125000000000002,-1.802500000000002,71.76,0.2399999976158142,-0.3333333333333335,0.11666704813639228,-0.16287213736803569,-0.3212291785583722,0.11169007739884769,0.9781721447802745,0.19825242851219957,0.06134288836580296,-0.010596216867998595,92.01740873008447
1773306603875,-2.9,22.05,9.683333333333334,0.46666666666666673,3.7833333333333337,8.983333333333333,0.09482955602502524,0.3894993114034013,-0.1332267995689005,-3.25,20.1875,81.5,0.5699999928474426,3.569999933242798,9.180000305175781,0.11890055239200592,-0.07308565825223923,0.39706239104270935,0.002075206121680523,-0.0012755853724889389,0.0069300460595365185,-0.74566650390625,0.15179443359375,0.09246826171875,-0.6422119140625,1.0000233032819406,-0.3500000000000001,-1.8625000000000007,71.81666666666666,0.1033333261807759,-0.2133334000905358,0.19666697184244875,-0.09275434990334472,-0.3907748967758903,0.140156845628437,0.9781366918266148,0.19259024206597417,0.07799630633753474,-0.008613185308418304,93.1529198172253
1773306603975,-3.3833333333333333,21.216666666666672,12,0.6166666666666667,3.483333333333333,9.233333333333334,0,0.4601851461091715,-0.18733200638072472,-3.75,19,84.375,0.6899999976158142,3.200000047683716,9.40999984741211,0.2552543878555298,0.038179077208042145,0.4756022095680237,0.0044550294982416225,0.0006663506026534595,0.008300824486722091,-0.7293701171875,0.14434814453125,0.08453369140625,-0.663330078125,0.9999849459885923,-0.3666666666666667,-2.216666666666672,72.375,0.07333333094914751,-0.28333328564961713,0.1766665140787751,0.0044550294982416225,-0.45951879550651803,0.19563283086744682,0.9776661409656666,0.18603905791642325,0.09729229361371151,-0.009622647362046398,95.61577420431419
1773306604076,-4.1499999999999995,20.216666666666665,14.733333333333334,0.75,3.25,9.15,0.08203047484373349,0.5075999241216842,-0.1471894335848551,-4.5,18,87.125,0.8700000047683716,2.990000009536743,9.220000267028809,0.11017391085624695,-0.11671889573335648,0.5595961809158325,0.0019228974942402343,-0.002037129029839032,0.009766795838567134,-0.71551513671875,0.1407470703125,0.07843017578125,-0.67974853515625,0.9999905060526069,-0.35000000000000053,-2.216666666666665,72.39166666666667,0.12000000476837158,-0.25999999046325684,0.07000026702880824,-0.08010757734949325,-0.5096370531515232,0.15695622942342222,0.9765263091942168,0.17851754366777461,0.11984327012460583,-0.012862529307487339,98.09230008525563
1773306604176,-4.7,19,17.983333333333334,0.8833333333333333,3.0500000000000003,9.183333333333335,0.1090830782496456,0.4462225120932169,-0.14602588075019224,-4.9375,16.8125,89.9375,0.9300000071525574,2.7799999713897705,9.359999656677246,0.12980885803699493,-0.17126043140888214,0.49960049986839294,0.002265591970999465,-0.0029890584064709044,0.008719673667312954,-0.6993408203125,0.13421630859375,0.07220458984375,-0.6983642578125,1.0000088698768632,-0.23749999999999982,-2.1875,71.95416666666667,0.04666667381922407,-0.27000002861022976,0.17666632334391075,-0.10681748627864614,-0.4492115704996878,0.1547455544175052,0.9744036483803485,0.16920286777668125,0.14733333366782228,-0.014170686276228238,100.6851353747767
1773306604276,-5.2,17.950000000000003,20.3,0.9333333333333332,2.85,9.216666666666667,-0.06486807053245591,0.3569198320328404,-0.19198621771937624,-5.25,15.8125,92.125,1.0499999523162842,2.7100000381469727,9.270000457763672,0.16035212576389313,-0.0010908307740464807,0.38288161158561707,0.0027986725571519625,-0.000019038588589189398,0.0066825447675110845,-0.68682861328125,0.1290283203125,0.06640625,-0.712158203125,0.9999804737002624,-0.04999999999999982,-2.137500000000003,71.825,0.11666661898295094,-0.13999996185302743,0.05333379109700509,0.06766674308960788,-0.3569388706214296,0.19866876248688733,0.9725440854998872,0.16130017057941423,0.1669229582361961,-0.016642798560252223,102.74981777288114
1773306604375,-5.983333333333333,16.8,22.183333333333337,1.0666666666666669,2.6,9.316666666666666,0.06777695261911315,0.268489816598461,-0.09075712110370514,-6.125,14.625,93.9375,1.2899999618530273,2.259999990463257,9.529999732971191,0.07853981852531433,-0.09381144493818283,0.3087051212787628,0.0013707784271855725,-0.0016373185902246587,0.005387920784082819,-0.67608642578125,0.12615966796875,0.0557861328125,-0.72381591796875,1.0000153462156314,-0.1416666666666666,-2.1750000000000007,71.75416666666666,0.22333329518636047,-0.34000000953674325,0.21333306630452498,-0.06640617419192758,-0.27012713518868564,0.09614504188778795,0.9709370477687015,0.15309162005677956,0.1825743242738765,-0.02260135514800807,104.7372346146281
1773306604476,-6.1000000000000005,15.950000000000001,23.61666666666667,1.0666666666666667,2.5833333333333335,9.35,0.04130612563053247,0.2318379023065801,-0.19460421159736774,-6.125,14.625,93.9375,1.2899999618530273,2.259999990463257,9.529999732971191,0.07853981852531433,-0.09381144493818283,0.3087051212787628,0.0013707784271855725,-0.0016373185902246587,0.005387920784082819,-0.67608642578125,0.12615966796875,0.0557861328125,-0.72381591796875,1.0000153462156314,-0.024999999999999467,-1.325000000000001,70.32083333333333,0.2233332951863607,-0.32333334287007665,0.17999973297119176,-0.0399353472033469,-0.23347522089680475,0.19999213238145055,0.9695085234756511,0.14639551960167396,0.19514640321454438,-0.023226193425642083,104.9215542942437
1773306604575,-6.2,14.683333333333335,25.083333333333332,1.1666666666666667,2.4666666666666672,9.950000000000001,0.046542113386515455,0.2426007660272118,-0.09948376736367678,-6.375,12.375,97.0625,1.2200000286102295,2.309999942779541,9.640000343322754,0.1276271939277649,-0.047996554523706436,0.34033921360969543,0.0022275147491208113,-0.0008376979060516561,0.005940039851137481,-0.657470703125,0.11346435546875,0.0435791015625,-0.74365234375,1.0000299154962733,-0.17499999999999982,-2.3083333333333353,71.97916666666667,0.05333336194356275,-0.1566667238871262,-0.30999965667724716,-0.04431459863739464,-0.24343846393326346,0.10542380721481426,0.9682196613771715,0.1362011035271706,0.20830852868787753,-0.024647588047272333,107.15784331670865
1773306604675,-6.216666666666666,14.483333333333333,26.150000000000002,1,2.45,9.466666666666667,0.08813912722571365,0.11897327734428015,0.14893476283684945,-6.3125,12.375,97.9375,1.1200000047683716,2.200000047683716,9.5,-0.17016960680484772,-0.09162978827953339,0.11344639956951141,-0.0029700199255687405,-0.0015992414983831678,0.001980013197021052,-0.65191650390625,0.1126708984375,0.04425048828125,-0.74853515625,0.9999764223597485,-0.0958333333333341,-2.1083333333333325,71.7875,0.12000000476837158,-0.24999995231628436,0.033333333333333215,-0.09110914715128239,-0.12057251884266332,-0.1469547496398284,0.9664295295636096,0.13477510104400942,0.2174336065434995,-0.023922024820735657,108.06615374135802
1773306604775,-5.9399999999999995,15.180000000000001,26.860000000000003,1.1333333333333335,2.416666666666667,9.65,0.10442886691099407,0.028797932657906433,0.2600540585471552,-5.9375,13.25,98.75,1.409999966621399,2.0899999141693115,9.680000305175781,-0.21271200478076935,-0.09599310904741287,0.08399397134780884,-0.003712524841942344,-0.0016753958121033122,0.0014659713518450435,-0.64630126953125,0.1146240234375,0.0533447265625,-0.7525634765625,1.0000207217125905,0.0024999999999995026,-1.9300000000000015,71.89,0.2766666332880654,-0.32666675249735544,0.030000305175780895,-0.10814139175293641,-0.030473328470009744,-0.2585880871953101,0.9644270597359053,0.1402274511276849,0.22325658310079913,-0.01931855329846382,108.98788838384128
1773306604875,-5.616666666666667,16.616666666666667,27.166666666666668,0.9,2.9333333333333336,9.633333333333333,0.12100949480494018,-0.04217879025652963,0.5480333851262196,-5.4375,14.875,98.875,1.1100000143051147,2.319999933242798,10.010000228881836,-0.5061454772949219,-0.07417649030685425,-0.047996554523706436,-0.00883390507287459,-0.0012946239834282656,-0.0008376979060516561,-0.64447021484375,0.1204833984375,0.06695556640625,-0.75213623046875,1.0000250317748656,0.17916666666666714,-1.7416666666666671,71.70833333333333,0.21000001430511472,-0.6133334000905357,0.3766668955485031,-0.12984339987781476,0.04088416627310137,-0.5488710830322713,0.9623353211006334,0.1516758481832561,0.22523360749037472,-0.013228336891038361,109.53554150084605
1773306604975,-4.883333333333334,19.683333333333334,27.316666666666666,0.7166666666666668,3.4500000000000006,9.049999999999999,0.08755735080838221,0.03985168458720385,0.40811615675800744,-4.375,18.75,99,0.6600000262260437,3.309999942779541,9.149999618530273,-0.411243200302124,-0.08399397134780884,0.0512690469622612,-0.007177547871710603,-0.0014659713518450435,0.000894813673851055,-0.640380859375,0.13531494140625,0.0985107421875,-0.7496337890625,1.0000264808754682,0.5083333333333337,-0.9333333333333336,71.68333333333334,-0.056666640440623084,-0.1400000572204596,0.0999996185302745,-0.09473489868009281,-0.041317655939048896,-0.40722134308415636,0.9582713509490782,0.1758533573469957,0.22536947326277135,-0.00046387636224928813,110.87373218877421
1773306605076,-4.616666666666667,21.61666666666667,27.700000000000003,0.6833333333333335,3.6333333333333333,8.766666666666667,0.07126761112310179,0.033452143996557986,0.2871066619530672,-4.375,18.75,99,0.6600000262260437,3.309999942779541,9.149999618530273,-0.411243200302124,-0.08399397134780884,0.0512690469622612,-0.007177547871710603,-0.0014659713518450435,0.000894813673851055,-0.640380859375,0.13531494140625,0.0985107421875,-0.7496337890625,1.0000264808754682,0.24166666666666714,-2.8666666666666707,71.3,-0.023333307107289758,-0.3233333905537923,0.38333295186360594,-0.07844515899481239,-0.03491811534840303,-0.28621184827921614,0.9547356591085359,0.19139484191360462,0.22761008381671588,0.006440920772959908,110.79186855308103
1773306605175,-4.316666666666667,23,27.96666666666667,0.7333333333333334,3.75,8.65,0.08203047484373349,-0.047123889803846894,0.20129464039667935,-3.6875,21.875,99.5,0.7099999785423279,3.609999895095825,8.75,-0.23343779146671295,-0.11017391085624695,-0.047996554523706436,-0.004074258059678064,-0.0019228974942402343,-0.0008376979060516561,-0.6341552734375,0.14788818359375,0.12359619140625,-0.748779296875,0.9999851397065853,0.6291666666666673,-1.125,71.53333333333333,-0.02333335479100551,-0.1400001049041748,0.09999999999999964,-0.08610473290341156,0.04520099230960666,-0.202132338302731,0.9520254156016847,0.20224035447361918,0.2293347508100086,0.012329604281385432,112.61848310690921
1773306605275,-3.966666666666667,23.733333333333334,27.86666666666667,0.6666666666666669,3.933333333333333,8.75,0.007853981633974483,-0.054396095020489935,-0.008144869842640203,-3.3125,22.4375,99.3125,0.4099999964237213,3.799999952316284,8.960000038146973,0.04908738657832146,0.014180799946188927,-0.03272492438554764,0.0008567365169909828,0.0002475016496276315,-0.0005711576779939885,-0.6348876953125,0.1484375,0.12884521484375,-0.7471923828125,1.0000068116701113,0.6541666666666668,-1.2958333333333343,71.44583333333333,-0.25666667024294554,-0.13333338101704895,0.21000003814697266,-0.006997245116983501,0.05464359667011757,0.007573712164646215,0.9509788136678275,0.20762027363093433,0.22859816765662697,0.01661311759965809,112.45378407853522
1773306605375,-3.6999999999999997,23.633333333333336,27.26666666666667,0.7333333333333334,3.733333333333334,8.85,-0.008435758051305926,-0.1748238134080987,-0.10442886691099405,-3.0625,22.25,98.875,0.6000000238418579,3.6600000858306885,8.970000267028809,0.11235556751489639,0.01636246219277382,-0.1439896672964096,0.001960974586081725,0.00028557883899699426,-0.0025130937831735495,-0.63812255859375,0.14642333984375,0.1285400390625,-0.744873046875,0.9999992959198857,0.6374999999999997,-1.3833333333333364,71.60833333333333,-0.13333330949147548,-0.07333324750264536,0.12000026702880895,0.010396732637387652,0.17510939224709568,0.1019157731278205,0.9522914434499948,0.20635524118588142,0.22416747133577233,0.01753470735335132,111.65171447508112
1773306605475,-3.4166666666666665,23,26.100000000000005,0.5333333333333333,3.733333333333334,8.983333333333334,-0.02501638594525206,-0.21293016874330822,-0.16260650864413836,-2.625,21.25,97.3125,0.4399999976158142,3.619999885559082,9.130000114440918,0.20398534834384918,0.03272492438554764,-0.25416356325149536,0.0035602159544277302,0.0005711576779939885,-0.004435991017339458,-0.64923095703125,0.13958740234375,0.12298583984375,-0.73748779296875,0.9999996200203174,0.7916666666666665,-1.75,71.21249999999999,-0.09333333571751912,-0.1133334477742518,0.1466667811075837,0.02857660189967979,0.2135013264213022,0.1581705176267989,0.9555343203361073,0.2007289778948808,0.21537991183578054,0.01653885336719078,109.3727413879801
1773306605576,-3.1166666666666667,22.349999999999998,24.783333333333335,0.3166666666666667,4.016666666666667,9.333333333333334,-0.015417075059283246,-0.21351194516063968,0.02908882086657216,-2.625,21.25,97.3125,0.4399999976158142,3.619999885559082,9.130000114440918,0.20398534834384918,0.03272492438554764,-0.25416356325149536,0.0035602159544277302,0.0005711576779939885,-0.004435991017339458,-0.64923095703125,0.13958740234375,0.12298583984375,-0.73748779296875,0.9999996200203174,0.4916666666666667,-1.0999999999999979,72.52916666666667,0.1233333309491475,-0.3966667811075846,-0.20333321889241596,0.018977291013710977,0.21408310283863366,-0.03352481188391162,0.9589616541898047,0.19494644400035743,0.2052989646451009,0.015516600169447628,108.87791728434775
1773306605676,-2.6833333333333336,23.01666666666667,23.600000000000005,0.3166666666666667,4.133333333333334,9.316666666666668,-0.06341362948912731,-0.12246393584826878,0.23561944901923448,-2.3125,20.875,96.125,0.10000000149011612,3.7699999809265137,9.4399995803833,-0.020725784823298454,0.007635815534740686,-0.21925698220729828,-0.0003617331852264292,0.00013327012215615645,-0.0038267562475039793,-0.65716552734375,0.13671875,0.1209716796875,-0.73126220703125,0.9999685543301756,0.37083333333333357,-2.1416666666666693,72.52499999999999,-0.2166666651765506,-0.3633333524068201,0.12333291371663258,0.06305189630390087,0.12259720597042494,-0.23944620526673846,0.9598802624551268,0.1999326210548793,0.19575717435163448,0.01832914283502993,107.2328652265757
1773306605776,-2.5,24.650000000000002,22.666666666666668,0.35000000000000003,4.2,8.766666666666667,0.024434609527920616,-0.20420352248333662,0.26907159301579253,-2.0625,21.6875,95.3125,0.07000000029802322,3.869999885559082,9.40999984741211,-0.2356194406747818,0.05672319978475571,-0.1287180334329605,-0.004112335021482392,0.000990006598510526,-0.0022465534900973005,-0.66162109375,0.1407470703125,0.12664794921875,-0.72552490234375,0.9999891481704795,0.4375,-2.962500000000002,72.64583333333333,-0.2799999997019768,-0.33000011444091815,0.6433331807454419,-0.028546944549403007,0.20519352908184715,-0.2713181465058898,0.9585895706307503,0.21343275968712108,0.18737597804355205,0.021041269508173723,106.87230046542622
1773306605876,-1.9166666666666667,26.000000000000004,21.483333333333334,0.30000000000000004,4.3500000000000005,8.800000000000002,0.011926416555294587,-0.24056454856655177,0.26179938779914946,-1.4375,24.5,93.4375,0.36000001430511475,4.050000190734863,8.90999984741211,-0.20289452373981476,0.04145156964659691,-0.2203478217124939,-0.0035411774735255664,0.0007234663704528584,-0.0038457949884804685,-0.6702880859375,0.1551513671875,0.14544677734375,-0.71099853515625,1.0000158733359803,0.47916666666666674,-1.5000000000000036,71.95416666666667,0.0600000143051147,-0.29999980926513725,0.10999984741210689,-0.015467594028820152,0.24128801493700464,-0.26564518278762994,0.9578640120276259,0.2240158222898449,0.17788235748069214,0.02590970326453269,106.28343358295703
1773306605975,-0.9500000000000001,27.683333333333337,20.000000000000004,0.03333333333333334,4.55,8.583333333333334,0.21293016874330825,-0.2760529100237698,0.48578330847175505,-1.4375,24.5,93.4375,0.36000001430511475,4.050000190734863,8.90999984741211,-0.20289452373981476,0.04145156964659691,-0.2203478217124939,-0.0035411774735255664,0.0007234663704528584,-0.0038457949884804685,-0.6702880859375,0.1551513671875,0.14544677734375,-0.71099853515625,1.0000158733359803,-0.48749999999999993,-3.183333333333337,73.4375,0.3266666809717814,-0.49999980926513654,0.32666651407877545,-0.2164713462168338,0.27677637639422265,-0.4896291034602355,0.9565210294121796,0.23699471611156556,0.16664651988138127,0.03361491096056878,105.68091101370588
1773306606075,0.45,29.650000000000002,18.26666666666667,-0.25,4.983333333333333,8.25,-0.14311699866353503,-0.26238116421648094,0.07446738141842472,0.25,27.375,91.8125,-0.11999999731779099,4.539999961853027,8.520000457763672,-0.5388703942298889,-0.28361600637435913,-0.27379852533340454,-0.009405062620831415,-0.004950033122589792,-0.004778685754173014,-0.67626953125,0.16314697265625,0.17181396484375,-0.697509765625,0.9999986626198886,-0.2,-2.275000000000002,73.54583333333333,0.13000000268220901,-0.44333337148030605,0.2700004577636719,0.13371193604270362,0.25743113109389115,-0.07924606717259775,0.9542886522932653,0.2520190676475593,0.15443944626999323,0.04436231601456816,105.01631244263726
1773306606176,0.55,29.983333333333334,16.46666666666667,-0.25,5,8.483333333333333,-0.18733200638072472,-0.1899500002587162,-0.02734349161457783,0.9375,28.625,90.1875,-0.3499999940395355,4.880000114440918,8.470000267028809,0,0.1996220350265503,-0.30434179306030273,0,0.003484061770744749,-0.0053117663403255124,-0.684326171875,0.168701171875,0.18133544921875,-0.68585205078125,1.0000189876243863,0.38749999999999996,-1.3583333333333343,73.72083333333333,-0.09999999403953552,-0.11999988555908203,-0.01333306630452391,0.18733200638072472,0.19343406202946095,0.022031725274252317,0.9558185474252567,0.2553454911126703,0.1395577173217028,0.041632056185794714,104.2034803777436
1773306606275,0.18333333333333335,29.96666666666667,15.200000000000001,0.06666666666666667,4.8999999999999995,8.6,-0.19053177667604762,-0.21671171545596257,0.08319402767839638,0.75,28.5625,88.8125,-0.1599999964237213,4.769999980926514,8.670000076293945,0.022907447069883347,0.1843504011631012,-0.18544122576713562,0.00039981037459579195,0.0032175214776685,-0.003236559958570664,-0.69232177734375,0.17156982421875,0.177978515625,-0.67791748046875,0.999997055153683,0.5666666666666667,-1.4041666666666686,73.6125,-0.22666666309038797,-0.1300000190734858,0.07000007629394567,0.19093158705064342,0.21992923693363106,-0.08643058763696705,0.9574593444995615,0.2560622116439335,0.1281696488650912,0.03572518031146562,103.31738059129286
1773306606375,0.15,30.683333333333334,13.6,-0.11666666666666668,5.05,8.450000000000001,0.009599310885968807,-0.3156137064023079,0.34702963293820593,0.375,29.4375,85.8125,-0.12999999523162842,4.860000133514404,8.529999732971191,-0.3730641305446625,-0.029452430084347725,-0.3239767253398895,-0.006511197399094307,-0.000514041877685299,-0.005654460557010417,-0.70849609375,0.1839599609375,0.1759033203125,-0.658203125,0.9999906569282849,0.225,-1.2458333333333336,72.2125,-0.013333328564961736,-0.18999986648559553,0.07999973297119034,-0.016110508285063115,0.3150996645246226,-0.35268409349521634,0.9575396229661605,0.2625635869993806,0.1145284677629221,0.03258010595009088,101.6915047573653
1773306606476,1.4166666666666667,32.68333333333333,11.466666666666669,-0.46666666666666673,5.583333333333333,7.75,0.04945099547317267,-0.2556907354171693,0.30106929596902177,0.375,29.4375,85.8125,-0.12999999523162842,4.860000133514404,8.529999732971191,-0.3730641305446625,-0.029452430084347725,-0.3239767253398895,-0.006511197399094307,-0.000514041877685299,-0.005654460557010417,-0.70849609375,0.1839599609375,0.1759033203125,-0.658203125,0.9999906569282849,-1.0416666666666667,-3.24583333333333,74.34583333333333,0.3366666714350383,-0.7233331998189287,0.7799997329711914,-0.05596219287226698,0.255176693539484,-0.3067237565260322,0.9543801964531853,0.27875064038370934,0.09931644699661726,0.03990945326134674,101.3536063678823
1773306606575,3,34.666666666666664,9.533333333333333,-0.6000000000000001,5.866666666666667,7.783333333333334,-0.0037815467126543776,-0.23125612588924865,0.09075712110370514,1.8125,32,83.8125,-0.3799999952316284,5.409999847412109,7.769999980926514,-0.285797655582428,-0.10035642981529236,-0.22471113502979279,-0.004988110084394121,-0.0017515501258234564,-0.00392194917216345,-0.71551513671875,0.19439697265625,0.19671630859375,-0.64154052734375,1.000011824001504,-1.1875,-2.6666666666666643,74.27916666666667,0.22000000476837167,-0.45666681925455777,-0.013333352406820431,-0.001206563371739743,0.2295045757634252,-0.09467907027586858,0.9503120129620601,0.2947216399508554,0.08706916155375062,0.04965072075008168,100.80436176161223
1773306606675,3.483333333333333,35.050000000000004,7.966666666666666,-0.6833333333333335,5.683333333333334,8.383333333333335,-0.1468985453761894,-0.1791871365380845,0.0779580399224134,2.875,33.1875,82.6875,-0.8899999856948853,5.679999828338623,8.15999984741211,-0.03272492438554764,0.027270769700407982,-0.2519819140434265,-0.0005711576779939885,0.00047596472082522687,-0.0043979140555351305,-0.71942138671875,0.1971435546875,0.20855712890625,-0.6324462890625,0.999958547835708,-0.608333333333333,-1.8625000000000043,74.72083333333333,-0.2066666523615518,-0.0033335049947105233,-0.22333348592122526,0.14632738769819542,0.17966310125890972,-0.08235595397794854,0.9502068451649092,0.2982424084034113,0.07534138692003825,0.049820604657593574,100.32708506526353
1773306606775,3.46,35.4,6.88,-0.6,5.666666666666667,8.066666666666668,-0.24725497736586335,-0.02268928027592629,0.04363323129985824,2.75,33.0625,81.3125,-0.6000000238418579,5.289999961853027,8.420000076293945,-0.10581058263778687,0.13417218625545502,-0.19307704269886017,-0.0018467430504829274,0.0023417464147567715,-0.0033698301051087883,-0.72735595703125,0.199462890625,0.204345703125,-0.62396240234375,0.9999591886119956,-0.71,-2.3374999999999986,74.4325,-2.384185793236071e-8,-0.3766667048136396,0.3533334096272771,0.24540823431538042,0.025031026690683064,-0.047003061404967024,0.9499607590946767,0.3016211943038344,0.06629884179285823,0.046943315859872624,99.43746992443039
1773306606876,1.9600000000000002,35.519999999999996,6.7,0.016666666666666666,5.383333333333334,7.983333333333333,-0.27256225151978114,0.001163552834662886,0.07359471679242756,2.375,33.5625,80.5625,-0.36000001430511475,5.21999979019165,8.229999542236328,-0.013089969754219055,0.31525009870529175,-0.010908307507634163,-0.0002284630711975954,0.005502152189644454,-0.00019038588182823261,-0.7303466796875,0.20599365234375,0.20343017578125,-0.61871337890625,1.000014869385677,0.4149999999999998,-1.957499999999996,73.8625,-0.3766666809717814,-0.16333354314168336,0.24666620890299473,0.2723337884485835,0.004338599354981569,-0.0737851026742558,0.9502712910395186,0.3035129318860495,0.06085035202789364,0.034082374654686665,100.3844173244994
1773306606976,0.3666666666666667,35.43333333333334,6.666666666666667,0.23333333333333336,5.283333333333333,8.066666666666666,-0.215257274412634,-0.1183915009269487,0.1748238134080987,0.9375,33.75,80.0625,0,5,8.239999771118164,-0.06108652427792549,0.29452431201934814,-0.018544122576713562,-0.0010661609772492516,0.005140418971908734,-0.0003236559958570664,-0.732666015625,0.21673583984375,0.1934814453125,-0.61541748046875,0.9999738294932056,0.5708333333333333,-1.6833333333333371,73.39583333333333,-0.23333333333333336,-0.2833333333333332,0.17333310445149763,0.21419111343538474,0.12353191989885742,-0.17514746940395576,0.9508999135055639,0.3036165402092082,0.05635898423139092,0.020736824802923565,101.4941513855818
1773306607076,-0.3833333333333333,35.78333333333333,5.816666666666667,0.08333333333333333,5.783333333333334,8.033333333333333,-0.15533430342749532,-0.2545271825825064,0.2801253449450899,-0.375,34.25,79,0.3700000047683716,5.090000152587891,8.069999694824219,-0.2050761878490448,0.18107791244983673,-0.18762288987636566,-0.00357925469540422,0.0031604057748876825,-0.0032746371804493173,-0.7374267578125,0.22979736328125,0.184326171875,-0.6077880859375,0.9999937731578793,0.008333333333333304,-1.5333333333333314,73.18333333333334,0.28666667143503827,-0.6933331807454435,0.036666361490885535,0.1517550487320911,0.2576875883573941,-0.2833999821255392,0.9504602009321351,0.30698231486878724,0.04725779701566836,0.012408280423663768,102.02043194869469
1773306607176,-0.21666666666666667,37.28333333333334,4.066666666666667,-0.3833333333333333,6.516666666666667,7.8,-0.08813912722571364,-0.2964150846303703,0.5174901232163187,-0.25,35.75,77.4375,0,5.710000038146973,8.220000267028809,-0.2650718688964844,0.1898045539855957,-0.29561513662338257,-0.004626376866658401,0.003312714402327971,-0.005159457452810898,-0.74273681640625,0.241455078125,0.190185546875,-0.59490966796875,1.0000232939689317,-0.033333333333333326,-1.5333333333333385,73.37083333333334,0.3833333333333333,-0.806666628519694,0.42000026702880877,0.08351275035905524,0.2997277990326983,-0.5226495806691296,0.9469593448320447,0.31951019192467833,0.03301538748486484,0.009550951823997504,102.54794496010874
1773306607276,1.2500000000000002,40.91666666666667,1.2166666666666668,-0.46666666666666673,6.883333333333334,7.133333333333333,-0.07708537529641622,-0.333357887130917,0.6114470146153468,0.25,38.1875,75.75,-0.2800000011920929,6.21999979019165,7.679999828338623,-0.6348634958267212,0.05017821490764618,-0.378518283367157,-0.011080458302897564,0.0008757750629117282,-0.0066063903237537774,-0.74609375,0.2569580078125,0.2027587890625,-0.579833984375,1.0000009387727147,-1.0000000000000002,-2.7291666666666714,74.53333333333333,0.18666666547457383,-0.6633335431416834,0.5466664950052902,0.06600491699351865,0.3342336621938288,-0.6180534049391005,0.9367775911673026,0.3493771179558591,0.013759412354425059,0.013930280230666317,104.17808950415885
1773306607376,2.8000000000000003,44.116666666666674,358.4666666666667,-0.65,7.05,6.583333333333333,-0.02734349161457783,-0.24201898960988036,0.5375614096142535,1.3125,41.6875,73.625,-0.5400000214576721,6.730000019073486,7.079999923706055,-0.593411922454834,0.09817477315664291,-0.31961342692375183,-0.010356991867426125,0.0017134730339819655,-0.005578306633401761,-0.748291015625,0.27752685546875,0.2235107421875,-0.55950927734375,0.9999841413134505,-1.4875000000000003,-2.4291666666666742,-284.8416666666667,0.1099999785423279,-0.3199999809265135,0.49666659037272165,0.016986499747151704,0.24373246264386234,-0.5431397162476552,-0.9265651518554134,-0.37570764164911263,0.003222641255538131,-0.017618227974312454,106.31043409437521
1773306607475,4.333333333333334,46.916666666666664,356.3333333333333,-0.8333333333333334,7.466666666666666,6.283333333333334,-0.23271056693257727,-0.03810635533520953,0.15009831567151236,2.125,44.375,72.0625,-0.5600000023841858,6.730000019073486,6.730000019073486,-0.6021385788917542,-0.07090400159358978,-0.2312561273574829,-0.01050930075494074,-0.001237508280647448,-0.004036180837799411,-0.74884033203125,0.29376220703125,0.23846435546875,-0.5440673828125,0.9999663209459174,-2.208333333333334,-2.5416666666666643,-284.2708333333333,0.2733333309491476,-0.7366666475931796,0.4466666857401522,0.22220126617763652,0.03686884705456208,-0.15413449650931177,-0.9167062246792447,-0.39870338309131503,0.014284729030109456,-0.021937558259813826,108.43858864802901
1773306607575,3.7399999999999998,48.18,355.71999999999997,-0.5166666666666667,7.433333333333334,6.416666666666667,-0.10908307824964561,-0.017453292519943292,0.27954356852775847,1.75,46.0625,71,-0.27000001072883606,6.909999847412109,6.840000152587891,-0.07635815441608429,0.25307273864746094,-0.0054541537538170815,-0.001332701205306919,0.004416952536437295,-0.00009519294091411631,-0.7491455078125,0.30889892578125,0.24114990234375,-0.5340576171875,1.0000041760417049,-1.9899999999999998,-2.1174999999999997,-284.71999999999997,0.24666665593783066,-0.5233334859212242,0.42333348592122366,0.1077503770443387,0.021870245056380588,-0.27963876146867256,-0.9122802662519353,-0.4087816304421549,0.02076088294621581,-0.01453547934005652,110.50962807298136
1773306607676,3.1500000000000004,49.63333333333333,355.5,-0.3333333333333334,7.449999999999999,6.05,-0.19431332338870205,0.03781546712654381,0.19751309368402498,1.5625,47.5625,70.625,-0.6800000071525574,7.28000020980835,6.489999771118164,-0.23452861607074738,0.13526301085948944,-0.0021816615480929613,-0.004093296540580228,0.002360784895658936,-0.000038077177178378795,-0.746826171875,0.32025146484375,0.24554443359375,-0.52862548828125,1.0000236534510072,-1.5875000000000004,-2.070833333333333,-284.875,-0.34666667381922395,-0.16999979019164968,0.43999977111816424,0.19022002684812184,-0.035454682230884875,-0.19755117086120336,-0.9070659169234445,-0.4202135232467371,0.02409371953100901,-0.008456353561429939,112.82182624657028
1773306607776,1.9833333333333334,50.63333333333335,355.6333333333334,-0.18333333333333332,7.483333333333333,5.733333333333334,-0.2524909651218463,0.07737626350508194,0.0363610260832152,0.8125,48.75,70.3125,-0.4099999964237213,7.289999961853027,6.25,-0.1799870729446411,0.20725785195827484,0.027270769700407982,-0.0031413670339111932,0.003617331917282873,0.00047596472082522687,-0.744873046875,0.33294677734375,0.24395751953125,-0.524169921875,0.9999793952070805,-1.1708333333333334,-1.883333333333347,-285.3208333333334,-0.226666663090388,-0.19333337148030605,0.5166666666666657,0.24934959808793514,-0.07375893158779906,-0.035885061362389975,-0.9034486175599323,-0.4278424173037768,0.027037603914781005,0.0006552551071672721,115.07352814706324
1773306607875,-0.020000000000000018,50.78000000000001,356.3,0.10000000000000002,7.266666666666667,5.250000000000001,-0.43255076628592803,0.14108078120287498,-0.41858813226997343,0,49.1875,70,-0.36000001430511475,7.309999942779541,6.059999942779541,-0.019634954631328583,0.2519819140434265,0.09599310904741287,-0.00034269460679639313,0.0043979140555351305,0.0016753958121033122,-0.74493408203125,0.3416748046875,0.23834228515625,-0.5211181640625,1.0000198220732208,0.020000000000000018,-1.5925000000000082,-286.3,-0.4600000143051148,0.04333327611287441,0.8099999427795401,0.43220807167913167,-0.13668286714733985,0.42026352808207673,-0.9029368271145709,-0.4285488761555448,0.029239568819756798,0.01399980718887763,116.54532547367623
1773306607976,-3.72,47.22,357.48,0.46666666666666673,6.733333333333334,5.95,-0.672824426643814,0.266453599137801,-1.2551826203925887,-1.875,48.0625,69.625,0.14000000059604645,7.170000076293945,5.46999979019165,0.5072363018989563,0.5115996599197388,0.14508049190044403,0.008852943553776754,0.00892909851768271,0.002532132264075714,-0.7498779296875,0.3448486328125,0.2174072265625,-0.5211181640625,1.0000337654612121,1.8450000000000002,0.8425000000000011,-287.855,-0.3266666660706203,0.43666674296061103,-0.4800002098083498,0.6816773701975908,-0.2575245006201183,1.2577147526566643,-0.9153027748314537,-0.39954717599714423,0.03313443730102011,0.038535614738743916,115.21664997993958
1773306608075,-8.416666666666666,39.35,358.7333333333334,1.2166666666666668,5.883333333333334,7.45,-0.49596439577505536,0.44069563612856827,-1.43320620409601,-6.125,40.875,68.9375,0.8899999856948853,6.039999961853027,7.099999904632568,1.5500705242156982,0.789761483669281,0.37088245153427124,0.027053834285678428,0.013783938195464382,0.006473119917141328,-0.77154541015625,0.31951904296875,0.14947509765625,-0.5294189453125,1.0000009816135118,2.291666666666666,1.5249999999999986,-289.7958333333334,-0.32666668097178153,0.1566666285196936,-0.3500000953674318,0.5230182300607338,-0.4269116979331039,1.4396793240131514,-0.9387482955340017,-0.3349923682240781,0.03508562074732584,0.0728062502839231,108.54231800882316
1773306608175,-11.333333333333336,32.333333333333336,120.11666666666667,1.7833333333333334,5.083333333333333,8.966666666666667,-0.06486807053245591,0.3607013787454948,-0.6495533699505565,-10.125,32.75,69.75,1.8899999856948853,4.659999847412109,8.970000267028809,1.2370021343231201,0.40142571926116943,0.5323254466056824,0.021589760098135603,0.007006200503293826,0.00929083173541843,-0.78460693359375,0.28131103515625,0.08343505859375,-0.54620361328125,1.0000218672149643,1.2083333333333357,0.4166666666666643,-50.366666666666674,0.10666665236155182,-0.42333348592122366,0.0033336003621418087,0.08645783063059151,-0.353695178242201,0.6588442016859749,0.5008614925506617,0.22047029975269372,0.8144784297709492,0.19275761890189963,136.7799136828407
1773306608275,-12.083333333333334,29.400000000000006,1.616666666666667,1.8833333333333335,4.900000000000001,9.450000000000001,0.11664617167495438,0.28972465583105866,0.1087921900409799,-11.8125,28.25,71.25,2.059999942779541,4.340000152587891,9.460000038146973,0.4472406208515167,-0.013089969754219055,0.34470251202583313,0.007805821382522572,-0.0002284630711975954,0.0060161937747461374,-0.78424072265625,0.25750732421875,0.0535888671875,-0.56195068359375,1.0000019352864373,0.2708333333333339,-1.1500000000000057,69.63333333333334,0.1766666094462075,-0.5599998474121106,0.01000003814697159,-0.1088403502924318,-0.2899531189022563,-0.10277599626623377,0.9621762445400107,0.2537596098700681,-0.013135747937029018,-0.09823638311545876,101.1996664555012
1773306608375,-12.42,30.5,3.9400000000000004,2.0166666666666666,5.283333333333332,8.316666666666666,0.16377006147880127,0.24289165423587752,0.46716646311714893,-11.875,27.875,72.9375,1.9299999475479126,4.400000095367432,9.470000267028809,-0.28470683097839355,-0.09053895622491837,0.27488934993743896,-0.004969071603491956,-0.0015802028874438412,0.004797724235075179,-0.77667236328125,0.254150390625,0.0546875,-0.57373046875,0.9999848770696819,0.5449999999999999,-2.625,68.9975,-0.08666671911875401,-0.8833332379659007,1.1533336003621422,-0.1687391330822932,-0.24447185712332137,-0.46236873888207375,0.9595372699368373,0.264920857050041,0.004535096794335568,-0.09531316802571824,102.93122035597065
1773306608475,-12.816666666666668,32.716666666666676,6.116666666666667,2.066666666666667,5.7,8.333333333333334,0.08086692200907061,0.17395114878210152,0.5413429563269079,-11.875,30,75.125,1.8899999856948853,5.079999923706055,8.550000190734863,-0.3992440700531006,-0.20289452373981476,0.2519819140434265,-0.006968123541489498,-0.0035411774735255664,0.0043979140555351305,-0.761962890625,0.26727294921875,0.07037353515625,-0.58563232421875,0.9999699643958999,0.9416666666666682,-2.7166666666666757,69.00833333333333,-0.17666668097178162,-0.6200000762939455,0.21666685740152936,-0.08783504555056011,-0.17749232625562708,-0.5369450422713727,0.9538427598817008,0.28519913889524184,0.019482544184130923,-0.092010168279306,106.93030471561269
1773306608575,-13.616666666666669,35.23333333333333,8,2.1166666666666667,5.883333333333333,8.233333333333334,0.07824892813107912,0.143116998663535,0.6827146257384485,-11.9375,33.3125,76.875,2.049999952316284,5.570000171661377,8.130000114440918,-0.5083271265029907,-0.013089969754219055,0.13962633907794952,-0.008871982034678916,-0.0002284630711975954,0.002436939339416243,-0.7467041015625,0.28839111328125,0.090087890625,-0.59259033203125,1.0000077895516755,1.679166666666669,-1.9208333333333272,68.875,-0.06666671435038252,-0.3133331616719559,-0.10333321889241631,-0.08712091016575803,-0.1433454617347326,-0.6802776863990323,0.9465790628314529,0.30766263060173027,0.03022531312589385,-0.09175082553739405,111.75090494942722
1773306608675,-14.300000000000002,38.800000000000004,9.933333333333335,2.116666666666667,6.2,7.583333333333333,0.0753400460444219,-0.024434609527920616,0.9087347638717141,-12,36.5625,78.1875,2.2699999809265137,5.809999942779541,7.599999904632568,-0.9872018694877625,-0.23671028017997742,0.04254240170121193,-0.0172299230044048,-0.0041313737624588814,0.0007425049813921851,-0.73193359375,0.31170654296875,0.1123046875,-0.5953369140625,0.999963068652664,2.3000000000000025,-2.2375000000000043,68.25416666666666,0.15333331425984653,-0.39000005722045916,0.016666571299235322,-0.09256996904882671,0.020303235765461735,-0.907992258890322,0.9359531724064841,0.33850474069475534,0.039837584174308646,-0.08842605089321635,117.00999583095292
1773306608775,-14.716666666666669,44.75000000000001,11.750000000000002,1.9500000000000002,6.866666666666667,6.6000000000000005,0.2408554367752175,-0.14602588075019224,1.1929325437381244,-11.5625,41.625,78.8125,2.4800000190734863,6.349999904632568,7.690000057220459,-1.2402745485305786,-0.17344209551811218,-0.04145156964659691,-0.021646874500544797,-0.003027135628349558,-0.0007234663704528584,-0.71917724609375,0.33880615234375,0.13873291015625,-0.590576171875,1.0000162775234802,3.1541666666666686,-3.125000000000007,67.0625,0.5300000190734862,-0.5166667620340988,1.0900000572204585,-0.2625023112757623,0.14299874512184269,-1.1936560101085774,0.9172701813489418,0.38767153219909,0.045375046094074487,-0.07916629789531662,123.24410573210947
1773306608875,-14.75,49.81666666666667,13.083333333333336,1.616666666666667,7.616666666666667,5.983333333333333,0.2140937215779711,-0.280998009571087,1.1205013797803596,-10,47.75,79.3125,1.6399999856948853,7.179999828338623,6.670000076293945,-1.1726430654525757,-0.20725785195827484,-0.12435470521450043,-0.020466482442826815,-0.003617331917282873,-0.002170399046339994,-0.699951171875,0.372314453125,0.185791015625,-0.58050537109375,1.0000272408142765,4.75,-2.06666666666667,66.22916666666666,0.023333319028218336,-0.4366668383280441,0.6866667429606119,-0.2345602040207979,0.27738067765380414,-1.1226717788266996,0.8997823585740736,0.4282276661460592,0.04876354220737225,-0.06808002715456554,130.1049897673937
1773306608975,-13.583333333333334,55.616666666666674,13.15,1.2333333333333336,8.200000000000001,4.900000000000001,0.23649211364523162,-0.41247947988799327,1.2636183784438944,-8.0625,54,79.0625,1.4800000190734863,7.420000076293945,6.349999904632568,-1.2773628234863281,-0.2868884801864624,-0.29561513662338257,-0.02229418701240758,-0.005007148565296285,-0.005159457452810898,-0.68597412109375,0.39788818359375,0.22564697265625,-0.56585693359375,0.9999930634854066,5.520833333333334,-1.6166666666666742,65.9125,0.2466666857401527,-0.7799999237060558,1.4499999046325671,-0.2587863006576392,0.407472331322697,-1.2687778358967052,0.8788466346328143,0.47217213062697644,0.04576229046686912,-0.05087125539029034,135.84228267621728
1773306609075,-11.533333333333333,62.400000000000006,12.100000000000001,0.7166666666666668,8.833333333333334,3.5666666666666664,0.17860536012075304,-0.4092797095926703,1.2420926510026313,-4.4375,63.5,77.875,0.8799999952316284,8.670000076293945,4.230000019073486,-1.4344425201416016,-0.34143003821372986,-0.46469390392303467,-0.025035744907076024,-0.0059590783320396445,-0.008110438637403149,-0.6611328125,0.43701171875,0.29443359375,-0.53411865234375,1.000024856690589,7.095833333333333,1.0999999999999943,65.775,0.16333332856496163,-0.1633332570393886,0.6633333524068199,-0.20364110502782906,0.40332063126063067,-1.2502030896400345,0.8517814151373252,0.5215930619689332,0.037935857805104375,-0.031144328939941665,144.1954978816435
1773306609175,-8.549999999999999,69.83333333333333,9.733333333333334,0.3666666666666667,9.333333333333334,2.6166666666666667,0.07417649320975901,-0.35255650890285456,1.0765772602718358,-1.75,70.875,76.4375,0.5199999809265137,9.180000305175781,3.2100000381469727,-1.1061023473739624,-0.13526301085948944,-0.3348850607872009,-0.019305127825713697,-0.002360784895658936,-0.00584484692647801,-0.64013671875,0.46728515625,0.34344482421875,-0.50390625,1.0000031460027083,6.799999999999999,1.0416666666666714,66.70416666666667,0.15333331425984698,-0.15333302815755268,0.593333371480306,-0.09348162103547271,0.3501957240071956,-1.0824221071983138,0.8183758431136522,0.5739197507352334,0.026857986498606823,-0.012479891236199657,152.20622436924214
1773306609275,-4.500000000000001,75.73333333333333,5.816666666666667,-0.05000000000000001,9.416666666666666,1.666666666666667,0.027052603405912104,-0.26558093451180387,0.9765117164908274,-1.75,70.875,76.4375,0.5199999809265137,9.180000305175781,3.2100000381469727,-1.1061023473739624,-0.13526301085948944,-0.3348850607872009,-0.019305127825713697,-0.002360784895658936,-0.00584484692647801,-0.64013671875,0.46728515625,0.34344482421875,-0.50390625,1.0000031460027083,2.750000000000001,-4.858333333333334,70.62083333333334,0.5699999809265137,-0.23666636149088482,1.5433333714803057,-0.0463577312316258,0.2632201496161449,-0.9823565634173054,0.7890393958526604,0.6141353276355972,0.01595629182725548,0.00016701350239508791,155.43630576687846
1773306609377,2.7833333333333337,81.35000000000001,178.6833333333333,-0.23333333333333336,9.333333333333334,0.5666666666666667,0.08377580409572782,-0.22602013813326569,0.9640035235182013,1.4375,81.3125,73.8125,-0.1599999964237213,9.270000457763672,1.1399999856948853,-0.9664760828018188,-0.0818123072385788,-0.2454369217157364,-0.016868189786669083,-0.00142789412996639,-0.00428368238989917,-0.60650634765625,0.5108642578125,0.40472412109375,-0.45538330078125,1.000003902233974,-1.3458333333333337,-0.037500000000008527,-104.87083333333331,0.07333333690961205,-0.06333287556966205,0.5733333190282186,-0.1006439938823969,0.2245922440032993,-0.9682872059081005,-0.007116754483060253,-0.010931842163357276,0.7583269145880273,0.6517439199900114,178.9856720300115
1773306609492,47.6,87.025,314,-0.6142857142857142,9.600000000000003,-0.3285714285714286,-0.026927937030769657,-0.13788101090755203,0.8903672512673932,2.8125,86.8125,72.875,-0.8100000023841858,9.479999542236328,0.17000000178813934,-0.9315694570541382,-0.07417649030685425,-0.23343779146671295,-0.016258954236610626,-0.0012946239834282656,-0.004074258059678064,-0.58441162109375,0.5323486328125,0.4349365234375,-0.43109130859375,0.9999707523181534,-44.7875,-0.21250000000000568,-241.125,-0.19571428809847158,-0.12000045776367507,0.49857143035956797,0.01066898279415903,0.13658638692412375,-0.8944415093270713,-0.7193649219476729,-0.6942342621668715,0.0035112918713205436,-0.023250142671233407,172.8470560115958
1773306609592,-41.583333333333336,94.30000000000001,42.98333333333334,-0.6833333333333335,9.616666666666669,-1.1500000000000001,-0.07068583470577035,-0.0255981623625835,0.7132578876483495,3.6875,92.4375,71.625,-0.75,9.880000114440918,-0.9700000286102295,-1.070104956626892,-0.011999138630926609,-0.1276271939277649,-0.01867685483505038,-0.00020942447651291403,-0.0022275147491208113,-0.56103515625,0.55712890625,0.4595947265625,-0.40447998046875,0.9999922159756258,45.270833333333336,-1.8625000000000114,28.64166666666666,-0.06666666666666654,0.26333344777424905,0.17999997138977064,0.052008979870719965,0.025388737886070583,-0.7154854023974704,0.6869303957364367,0.7261821416927317,-0.009215094569362314,0.02648038013355683,179.5142486018884
1773306609692,-22.03333333333333,97.93333333333334,23.150000000000006,-0.6833333333333335,9.433333333333332,-1.8833333333333335,0.08813912722571365,-0.06050474740247009,0.774344411468151,3.9375,96.5625,70.75,-0.25999999046325684,9.430000305175781,-1.0399999618530273,-0.8922995924949646,0.003272492438554764,-0.022907447069883347,-0.015573565803240817,0.00005711576779939885,-0.00039981037459579195,-0.54241943359375,0.577392578125,0.47332763671875,-0.3851318359375,0.9999833068348417,25.97083333333333,-1.3708333333333371,47.599999999999994,0.4233333428700766,-0.003333028157550544,0.8433333714803062,-0.10371269302895447,0.060561863170269487,-0.7747442218427468,0.66021792768817,0.7505408496857183,-0.011917228776373273,0.025665162584130694,173.1529244785372
1773306609792,-16.233333333333334,102.0166666666667,17.650000000000002,-0.6166666666666667,9.083333333333334,-3.1833333333333336,0.0997746555723425,-0.04974188368183839,0.37960911230876665,4.125,100.5625,70.5625,-0.5,9.390000343322754,-2.059999942779541,-0.8475754857063293,-0.14071716368198395,-0.0512690469622612,-0.014792982884765583,-0.0024559778203184068,-0.000894813673851055,-0.52178955078125,0.59320068359375,0.48944091796875,-0.369140625,0.9999842996407865,20.358333333333334,-1.4541666666666941,52.912499999999994,0.1166666666666667,0.30666700998942,1.1233333905537926,-0.11456763845710807,0.04728590586151998,-0.38050392598261773,0.6323657256375754,0.7739716342060237,-0.012874296265654145,0.03026137767822179,167.17488154446383
1773306609892,-14.520000000000001,103.54,16.240000000000002,-0.7833333333333333,8.9,-2.8333333333333335,-0.041887902047863905,0.06428629411512447,-0.21002128665665099,4.3125,103.125,70.6875,-1.090000033378601,9.40999984741211,-2.940000057220459,-0.3119775950908661,-0.16253378987312317,0.02508910745382309,-0.005445036226789312,-0.002836749779030616,0.0004378875314558641,-0.5072021484375,0.6015625,0.5015869140625,-0.35955810546875,1.0000014621753732,18.832500000000003,-0.41500000000000625,54.4475,-0.30666670004526775,0.509999847412109,-0.1066667238871255,0.036442865821074595,-0.06712304389415509,0.21045917418810686,0.6217258504428429,0.7824687275314164,-0.011568648389252242,0.03264695546196622,164.1563317579487
1773306609992,-14.460000000000003,102.72,16.060000000000002,-0.6666666666666666,9.3,-2.6999999999999997,-0.12420926510026313,0.10151998482433684,-0.5052728184523585,3.5,102.4375,71.5625,-0.15000000596046448,9.279999732971191,-2.549999952316284,0.08508480340242386,-0.04254240170121193,0.13089969754219055,0.0014850099627843703,-0.0007425049813921851,0.002284630711975954,-0.50811767578125,0.60284423828125,0.49456787109375,-0.3658447265625,1.00002224532359,17.96,-0.28249999999999886,55.5025,0.5166666607062022,-0.020000267028809304,0.15000004768371555,0.1256942750630475,-0.10226248980572902,0.5075574491643344,0.6271183475473188,0.7782544297188516,-0.010804392254059965,0.030428373280967664,164.59369431811427
1773306610092,-15.683333333333332,100.33333333333333,16.816666666666666,-0.55,9.600000000000001,-1.95,-0.03548836145721804,0.05497787143782138,-0.5026548245743668,2.875,99.0625,71.75,-0.2199999988079071,9.119999885559082,-1.4500000476837158,0.5770494937896729,0.020725784823298454,0.15053464472293854,0.010071413613596363,0.0003617331852264292,0.002627325188735185,-0.52587890625,0.5927734375,0.47711181640625,-0.38006591796875,1.0000073797728508,18.55833333333333,-1.2708333333333286,54.93333333333334,0.33000000119209294,-0.4800001144409194,0.49999995231628414,0.0455597750708144,-0.054616138252594953,0.505282149763102,0.6430660320318843,0.7653326364090782,-0.010853833927336812,0.024783631351663254,168.41845269136073
1773306610192,-19.05,98,19.983333333333334,-0.4833333333333334,9.816666666666666,-1.0333333333333334,-0.011344640137963142,0.06428629411512449,-0.37931822410010096,2.625,96.25,71.9375,-0.07999999821186066,9.460000038146973,-0.6800000071525574,0.6337726712226868,0.14071716368198395,0.08944812417030334,0.0110614198219954,0.0024559778203184068,0.0015611642765045145,-0.5401611328125,0.5816650390625,0.46514892578125,-0.391845703125,1.0000074226133722,21.675,-1.75,51.954166666666666,0.40333333512147274,-0.3566666285196938,0.35333332618077606,0.022406059959958542,-0.06183031629480608,0.38087938837660545,0.6588696476445535,0.7518521674052183,-0.01073343996269359,0.022223839618413652,172.2328385659028
1773306610292,-22.350000000000005,96.3,23.26666666666667,-0.5833333333333334,9.9,-0.8833333333333334,-0.009599310885968812,0.054105206811824215,-0.19838575831002214,2.3125,94.375,72.3125,-0.44999998807907104,9.710000038146973,-0.41999998688697815,0.3141592741012573,0.015271631069481373,0.05017821490764618,0.00548311370874229,0.0002665402443123129,0.0008757750629117282,-0.5487060546875,0.57421875,0.4566650390625,-0.40081787109375,1.000001715494711,24.662500000000005,-1.9249999999999972,49.045833333333334,0.13333334525426233,-0.1899999618530277,0.46333334644635527,0.015082424594711102,-0.0538386665675119,0.19926153337293387,0.6701984250256139,0.7418332187401608,-0.009414535979283073,0.020710219194736146,174.76910777112812
1773306610392,-24.900000000000002,95.16666666666669,25.650000000000002,-0.45,9.6,-0.9333333333333332,-0.030252373701235045,0.11373728958829714,-0.2426007660272118,2.0625,93.3125,72.625,-0.4699999988079071,9.850000381469727,-0.6100000143051147,0.18871372938156128,0.014180799946188927,0.07090400159358978,0.0032936759214258066,0.0002475016496276315,0.001237508280647448,-0.5531005859375,0.5704345703125,0.4515380859375,-0.406005859375,1.0000216288015704,26.962500000000002,-1.8541666666666856,46.974999999999994,-0.019999998807907093,0.2500003814697269,0.3233333190282185,0.03354604962266085,-0.11348978793866951,0.24383827430785926,0.6775530819580835,0.7351929884999922,-0.008984481058750023,0.018231014498877016,176.19878725467194
1773306610492,-26.83333333333334,94.06666666666668,27.450000000000003,-0.25,9.583333333333334,-0.5666666666666668,-0.07068583470577035,0.09686577348568529,-0.3880448703600726,1.4375,91.9375,73.0625,-0.15000000596046448,9.609999656677246,-0.8199999928474426,0.2356194406747818,-0.019634954631328583,0.12544554471969604,0.004112335021482392,-0.00034269460679639313,0.002189437787316483,-0.55853271484375,0.56695556640625,0.44232177734375,-0.4134521484375,0.9999943207788132,28.27083333333334,-2.129166666666677,45.6125,0.09999999403953552,0.02666632334391217,-0.25333332618077586,0.07479816972725274,-0.09720846809248168,0.39023430814738913,0.6843252736602584,0.7289773703308354,-0.007642478685586818,0.015248143981908602,177.54813656473164
1773306610596,-41.45,92.21666666666668,41.61666666666667,-0.23333333333333336,9.883333333333333,-0.06666666666666667,-0.08261225126106493,0.12420926510026314,-0.4136430327226562,1,89.0625,73.0625,-0.18000000715255737,9.760000228881836,0.10999999940395355,0.4254240095615387,0.0818123072385788,0.05672319978475571,0.007425049683884688,0.00142789412996639,0.000990006598510526,-0.57269287109375,0.5562744140625,0.427490234375,-0.42401123046875,0.9999758859051533,42.45,-3.1541666666666828,31.445833333333333,0.05333332618077599,-0.12333310445149692,0.1766666660706202,0.09003730094494962,-0.12278137097029676,0.4146330393211667,0.6967351974906475,0.7172122832742466,-0.008040669648645722,0.010097174347890649,179.10995141280225
1773306610708,3.720000000000001,89.02000000000001,283.98,0.014285714285714287,9.62857142857143,0.14285714285714285,-0.12466637514245212,0.1722889304468688,-0.518113455092031,0.375,86.9375,73.25,-0.05999999865889549,9.640000343322754,0.6499999761581421,0.4341506361961365,0.06326818466186523,0.15271630883216858,0.0075773580512506515,0.0011042381341093237,0.002665402410613838,-0.5823974609375,0.54925537109375,0.41461181640625,-0.43267822265625,0.9999908338812118,-3.345000000000001,-2.0825000000000102,-210.73000000000002,-0.07428571294460978,0.011428914751324015,0.5071428333009993,0.13224373319370278,-0.17118469231275948,0.5207788575026449,-0.5755916738757421,-0.5663092360296813,0.42098444526756873,0.413231377069987,177.71676709122522
1773306610808,-8.733333333333333,85.94999999999999,7.616666666666667,0.3666666666666667,9.616666666666667,1.0166666666666668,-0.13846278732488349,0.20623973994399664,-0.587303293296092,-0.625,84,73.5625,0.11999999731779099,9.279999732971191,0.8500000238418579,0.6915867328643799,0.2050761878490448,0.2356194406747818,0.012070465551593903,0.00357925469540422,0.004112335021482392,-0.59503173828125,0.540771484375,0.39459228515625,-0.4447021484375,0.999979819898835,8.108333333333333,-1.9499999999999886,65.94583333333333,-0.2466666693488757,-0.33666693369547573,-0.16666664282480892,0.1505332528764774,-0.20266048524859243,0.5914156283175743,0.731363759003619,0.6818995282347339,-0.0033332327549148587,-0.010439107660399871,172.76379937272685
1773306610908,-14.466666666666669,82.73333333333333,12.666666666666666,0.45,9.666666666666668,1.45,-0.11315551317096571,0.13671745807288915,-0.5151630175469929,-2.0625,81,74.1875,0.44999998807907104,9.399999618530273,1.649999976158142,0.6795875430107117,0.1788962483406067,0.26943519711494446,0.011861040181075496,0.003122328553009029,0.004702531310415707,-0.60650634765625,0.53253173828125,0.3720703125,-0.4583740234375,0.9999915323793013,12.404166666666669,-1.7333333333333343,61.520833333333336,-1.1920928966180355e-8,-0.2666670481363944,0.19999997615814213,0.1250165533520412,-0.13359512951988012,0.5198655488574087,0.7491583102321521,0.6620386072421307,-0.0005730107345144482,-0.021595841954057966,169.42804093443635
1773306611009,-15.450000000000001,79.83333333333334,12.966666666666667,0.6000000000000001,9.583333333333334,1.95,-0.09686577348568529,0.11810061271828297,-0.4910192962277381,-3.125,78.375,74.5625,0.46000000834465027,9.65999984741211,1.8700000047683716,0.5454154014587402,0.13635385036468506,0.17126043140888214,0.0095192945465417,0.002379823636635425,0.0029890584064709044,-0.6165771484375,0.5238037109375,0.35394287109375,-0.46923828125,0.9999989140772884,12.325000000000001,-1.4583333333333428,61.59583333333333,-0.13999999165534982,0.07666651407877545,-0.07999999523162837,0.10638506803222698,-0.11572078908164754,0.494008354634209,0.7648965731502474,0.6434239534774071,0.00011568157849946303,-0.030640415993980014,166.19602308016172
1773306611108,-15.683333333333335,76.55000000000001,12.416666666666666,0.7000000000000001,9.233333333333334,2.25,-0.21351194516063968,0.15417075059283245,-0.7237298631603154,-4.375,74.5625,74.75,0.7300000190734863,9.170000076293945,2.7699999809265137,0.6424993276596069,0.2050761878490448,0.14726215600967407,0.011213728709510014,0.00357925469540422,0.002570209485954367,-0.63226318359375,0.50970458984375,0.32806396484375,-0.48248291015625,0.9999856128253719,11.308333333333335,-1.9875000000000114,62.333333333333336,0.03000001907348626,-0.06333325703938897,0.5199999809265137,0.2247256738701497,-0.15059149589742823,0.7263000726462697,0.7822842287466243,0.6216284070769678,0.00008634852192349052,-0.04011859311072234,161.77449892451565
1773306611208,-16.2,72.8,11.833333333333334,0.8000000000000002,8.883333333333335,2.733333333333334,-0.13409946419489766,0.2367830018538974,-0.8374671527486124,-6,70.4375,74.875,0.9800000190734863,8.699999809265137,3.2300000190734863,0.7646723985671997,0.16035212576389313,0.2628902196884155,0.013346051054120005,0.0027986725571519625,0.004588299904854072,-0.6483154296875,0.4949951171875,0.2977294921875,-0.49603271484375,1.0000121834877025,10.2,-2.362499999999997,63.041666666666664,0.18000001907348617,-0.18333352406819792,0.4966666857401525,0.14744551524901767,-0.23398432929674542,0.8420554526534665,0.801237938665473,0.5960596271894943,-0.0010258039157699241,-0.052245901314374975,157.06663794268545
1773306611308,-16.55,67.68333333333334,11.533333333333333,1.2333333333333336,8.200000000000001,3.4333333333333336,-0.07446738141842472,0.3243403526622796,-1.4241886696273731,-7.4375,66.0625,75.3125,1.3600000143051147,8.539999961853027,3.7100000381469727,1.0668325424194336,0.08508480340242386,0.34143003821372986,0.01861974043264119,0.0014850099627843703,0.0059590783320396445,-0.664794921875,0.472900390625,0.265625,-0.51373291015625,1.000032605071792,9.1125,-1.6208333333333371,63.77916666666667,0.12666668097178113,0.3399999618530263,0.2766667048136391,0.09308712185106591,-0.32285534269949523,1.4301477479594127,0.8258261638289557,0.5603239233615005,0.0028398245603667026,-0.06356243734150406,150.97168823372024
1773306611408,-15.125,58.400000000000006,9.875,1.3833333333333335,7.2,5.3500000000000005,0.3121230478983193,0.23212879051524588,-1.980076036387567,-9.3125,57.75,76.1875,1.7999999523162842,7.829999923706055,3.890000104904175,1.9154988527297974,0.06326818466186523,0.37633660435676575,0.03343176179830894,0.0011042381341093237,0.006568312841800799,-0.687744140625,0.43341064453125,0.22161865234375,-0.53863525390625,1.0000397759960968,5.8125,-0.6500000000000057,66.3125,0.41666661898295065,0.6299999237060545,-1.4599998950958257,-0.27869128610001037,-0.23102455238113656,1.9866443492293677,0.8676443720396614,0.49170947072634474,0.010510249723470047,-0.0728325113988926,139.9968726344698
1773306611508,-11.1,46.48333333333334,7.55,1.4166666666666667,6.216666666666666,7.983333333333333,0.46803912774314604,0.17075137848677857,-1.760746327053613,-9.3125,46.0625,77.25,1.4700000286102295,6.480000019073486,6.420000076293945,1.9984019994735718,-0.4352414906024933,0.1788962483406067,0.034878694669251815,-0.0075963970523014665,0.003122328553009029,-0.7169189453125,0.35809326171875,0.1724853515625,-0.57275390625,1.0000008959319153,1.7874999999999996,-0.4208333333333414,69.7,0.05333336194356275,0.26333335240682043,-1.563333257039388,-0.43316043307389424,-0.17834777553908004,1.763868655606622,0.9150696191251477,0.3977589779482879,0.022130370887646283,-0.06281428420404005,123.43729220933623
1773306611609,-8.166666666666666,37.616666666666674,6.75,1.05,5.666666666666667,9.216666666666667,0.33859387488689996,0.14428055149819793,-1.117010721276371,-7.8125,34.75,78.5,1.0199999809265137,5.139999866485596,9.100000381469727,1.5435255765914917,-0.4461497962474823,0.15053464472293854,0.026939603400265445,-0.0077867829016204084,0.002627325188735185,-0.73779296875,0.27490234375,0.13214111328125,-0.6021728515625,0.9999915901217882,0.3541666666666661,-2.8666666666666742,71.75,-0.030000019073486373,-0.5266668001810713,-0.11666628519694022,-0.3116542714866345,-0.15206733439981834,1.1196380464651061,0.943913379717998,0.3249954004787309,0.03266812535256822,-0.048356125185592666,109.99179203346591
1773306611709,-6.516666666666668,32.35,6.783333333333334,1.05,5.016666666666667,9.016666666666667,0.18442312429406751,0.10355620228499689,-0.6882415017030973,-6.75,28.625,79.5,1.090000033378601,4.789999961853027,9.180000305175781,0.767944872379303,-0.2552543878555298,0.12544554471969604,0.013403166496826498,-0.0044550294982416225,0.002189437787316483,-0.7440185546875,0.228271484375,0.110595703125,-0.6181640625,1.0000148488968847,-0.23333333333333162,-3.7250000000000014,72.71666666666667,0.04000003337860103,-0.22666670481363926,0.16333363850911375,-0.17101995779724102,-0.10801123178323851,0.6904309394904138,0.9581199582207485,0.2808640863857154,0.040921710008720205,-0.038038458009636164,103.26458386363218
1773306611809,-5.75,28.58333333333334,6.95,0.9666666666666668,4.383333333333334,9.066666666666668,0.18500490071139897,0.06661339978445024,-0.44331363000655977,-6.1875,25,80.0625,0.8100000023841858,4.320000171661377,9.670000076293945,0.8333947062492371,0.028361599892377853,0.05890486016869545,0.01454548159274015,0.000495003299255263,0.001028083755370598,-0.74676513671875,0.200927734375,0.09600830078125,-0.62664794921875,0.9999676844471586,-0.4375,-3.5833333333333393,73.1125,-0.156666664282481,-0.0633331616719568,0.6033334096272771,-0.1704594191186588,-0.06611839648519498,0.4443417137619304,0.9668029158367053,0.24904013325520621,0.04630427741541736,-0.0335715333416525,99.45066487495879
1773306611908,-4.733333333333333,25.916666666666668,7.1000000000000005,0.8500000000000001,3.9499999999999997,8.866666666666667,0.15009831567151233,0.0063995405906458755,-0.38659042931674403,-5.3125,22.5,80.375,1.1799999475479126,4.110000133514404,8.899999618530273,0.33597588539123535,-0.09926559776067734,0.04145156964659691,0.005863885407380174,-0.0017325115148841296,0.0007234663704528584,-0.74847412109375,0.17919921875,0.08929443359375,-0.6322021484375,0.9999894610982114,-0.5791666666666666,-3.416666666666668,73.275,0.3299999475479125,0.16000013351440456,0.0333329518636063,-0.14423443026413216,-0.008132052105530006,0.3873138956871969,0.9724071191928154,0.22611303074461062,0.05104901845922556,-0.026292386444865652,96.46311272039003
1773306612009,-4.1499999999999995,23.61666666666667,6.966666666666666,0.6500000000000001,3.4333333333333336,9.333333333333334,0.11955505376161155,-0.02530727415391778,-0.25278185333051206,-4.625,20.4375,80.5625,0.8299999833106995,3.2799999713897705,9.079999923706055,0.34033921360969543,-0.2105303406715393,-0.011999138630926609,0.005940039851137481,-0.003674447620063691,-0.00020942447651291403,-0.75079345703125,0.15985107421875,0.08245849609375,-0.63555908203125,0.9999889656292573,-0.47500000000000053,-3.1791666666666707,73.59583333333333,0.17999998331069933,-0.15333336194356306,-0.25333340962727924,-0.11361501391047407,0.021632826533854087,0.25257242885399916,0.9768387835875239,0.2062797745329702,0.0520376168771712,-0.022950641115628837,94.06980935723686
1773306612108,-3.6,21.700000000000003,6.833333333333333,0.45,3.266666666666667,9.250000000000002,0.09395689139902806,-0.004654211338651545,-0.24143721319254896,-3.8125,18.6875,80.5,0.6000000238418579,2.9200000762939453,9.350000381469727,0.22689279913902283,-0.07963064312934875,-0.02508910745382309,0.003960026394042104,-0.0013898169080877366,-0.0004378875314558641,-0.7529296875,0.14569091796875,0.0789794921875,-0.63690185546875,1.0000053457772897,-0.2124999999999999,-3.012500000000003,73.66666666666667,0.1500000238418579,-0.34666659037272174,0.10000038146972479,-0.08999686500498595,0.003264394430563809,0.24099932566109308,0.9802462862106256,0.1896496582017878,0.05260027274089832,-0.01958154288621156,92.13659167224881
1773306612209,-3.0833333333333335,19.716666666666672,6.866666666666667,0.39999999999999997,2.9333333333333336,9.25,0.006690428799311599,0.07301294037509612,-0.40026217512403295,-3.1875,17.1875,80.125,0.38999998569488525,2.700000047683716,9.239999771118164,0.35233834385871887,0.011999138630926609,-0.08944812417030334,0.0061494641813585865,0.00020942447651291403,-0.0015611642765045145,-0.75653076171875,0.132568359375,0.074462890625,-0.63604736328125,1.000007066850726,-0.10416666666666652,-2.529166666666672,73.25833333333333,-0.010000014305114713,-0.23333328564961775,-0.010000228881835938,-0.0005409646179530122,-0.07280351589858321,0.39870101084752846,0.983385621143838,0.17243090647400927,0.05438344794051285,-0.016209355638056127,90.05891802569576
1773306612308,-3,17.1,7.016666666666667,0.55,2.85,9.366666666666669,0.017162404311277583,-0.0023271056693257735,-0.37466401276144945,-3.25,15,80.4375,0.6600000262260437,2.6600000858306885,9.199999809265137,0.41342484951019287,0.009817477315664291,-0.0021816615480929613,0.007215624833514932,0.00017134730339819656,-0.000038077177178378795,-0.757080078125,0.11676025390625,0.06103515625,-0.63995361328125,1.0000345589209394,-0.25,-2.1000000000000014,73.42083333333333,0.11000002622604366,-0.1899999141693116,-0.1666668574015322,-0.009946779477762652,0.00249845297272397,0.3746259355842711,0.9869331566498984,0.1499270196359661,0.05660840176096598,-0.016742817511179297,88.62961932487725
1773306612409,-2.983333333333333,15.183333333333335,6.95,0.5166666666666667,2.483333333333334,9.566666666666666,0.052650765768495617,0.03752457891787808,-0.3892084231947354,-3.1875,12.8125,80.4375,0.6600000262260437,2.5399999618530273,9.119999885559082,0.4701480567455292,0.010908307507634163,-0.007635815534740686,0.00820563156206262,0.00019038588182823261,-0.00013327012215615645,-0.75885009765625,0.103515625,0.0504150390625,-0.64105224609375,1.0000293064293446,-0.20416666666666705,-2.3708333333333353,73.4875,0.14333335955937698,0.05666662851969351,-0.4466667811075844,-0.04444513420643299,-0.03733419303604985,0.3890751530725793,0.9892853858647546,0.13338864613855708,0.05662860448245612,-0.017750930964770557,87.4480648597398
1773306612508,-2.816666666666667,13.516666666666666,7.1333333333333355,0.3833333333333333,1.9833333333333336,9.616666666666667,-0.03577924966588376,0.08523024513905643,-0.266453599137801,-3,10.5625,80.625,0.4699999988079071,1.7799999713897705,10.149999618530273,0.36106500029563904,-0.06108652427792549,0.04145156964659691,0.006301773068873201,-0.0010661609772492516,0.0007234663704528584,-0.759033203125,0.0875244140625,0.03973388671875,-0.6439208984375,1.0000024158478404,-0.18333333333333313,-2.9541666666666657,73.49166666666666,0.0866666654745738,-0.2033333619435631,0.5333329518636063,0.04208102273475696,-0.08629640611630568,0.2671770655082538,0.9910084373185396,0.11893675715892825,0.058872212205397505,-0.017040762601098765,86.48070793737476
1773306612608,-3.0666666666666664,11.65,7.449999999999999,0.4333333333333333,1.5166666666666668,9.583333333333334,-0.05701408889848144,0.01658062789394613,-0.4267330021126136,-3.3125,8.8125,81.125,0.5899999737739563,1.4199999570846558,9.579999923706055,0.35233834385871887,0.047996554523706436,0.06981316953897476,0.0061494641813585865,0.0008376979060516561,0.0012184696697081214,-0.75732421875,0.077392578125,0.02777099609375,-0.6478271484375,0.9999904129194609,-0.24583333333333357,-2.8375000000000004,73.675,0.156666640440623,-0.09666670958201107,-0.003333409627279238,0.06316355307984002,-0.015742929987894474,0.42795147178232174,0.9925557574060939,0.10296917368296069,0.0618991270176813,-0.01997287624536615,86.38478843603659
1773306612708,-2.9,8.700000000000001,7.283333333333334,0.41666666666666674,1.2333333333333332,9.733333333333334,0.1553343034274953,-0.03083415011856649,-0.4814199853417692,-3.5,6.25,81.0625,0.5600000023841858,1.149999976158142,9.739999771118164,0.5126904845237732,-0.12544554471969604,-0.02508910745382309,0.008948136998584875,-0.002189437787316483,-0.0004378875314558641,-0.7587890625,0.06170654296875,0.0118408203125,-0.6483154296875,1.0000108200471352,-0.6000000000000001,-2.450000000000001,73.77916666666667,0.14333333571751905,-0.08333335717519108,0.006666437784829782,-0.14638616642891042,0.02864471233125001,0.48098209781031337,0.9949092046963652,0.07727413628092943,0.06139758967157502,-0.020364632454411877,85.17780100035537
1773306612808,-1.8833333333333337,6.066666666666667,6.9333333333333345,0.3166666666666667,0.7166666666666667,9.733333333333333,0.19431332338870203,-0.09104800931237088,-0.48083820892443774,-2.6875,3.8125,80.9375,0.7099999785423279,0.699999988079071,9.760000228881836,0.38615408539772034,-0.20071285963058472,-0.02617993950843811,0.006739660210217577,-0.003503100251646913,-0.0004569261423951908,-0.7603759765625,0.0408935546875,0.00360107421875,-0.648193359375,1.0000057536943134,-0.8041666666666663,-2.2541666666666673,74.00416666666666,0.3933333118756612,-0.01666667858759563,0.026666895548503433,-0.18757366317848445,0.08754490906072397,0.48038128278204256,0.9966895957000139,0.05380532558343132,0.05950689362017083,-0.013182047408560016,83.3549363664147
1773306612908,-0.9,3.5,6.3500000000000005,0.25,0.45,10.250000000000002,0.041015237421866746,-0.10559241974565693,-0.317649923862968,-1.5625,0.9375,80.4375,0.2199999988079071,0.41999998688697815,9.8100004196167,0.30979594588279724,-0.15817046165466309,-0.10908307880163193,0.005406959264984983,-0.002760595335273309,-0.0019038588833009075,-0.76361083984375,0.015380859375,-0.00506591796875,-0.64544677734375,0.9999826455845567,-0.6625,-2.5625,74.0875,-0.030000001192092896,-0.03000001311302186,-0.43999958038330256,-0.035608278156881765,0.10283182441038362,0.31574606497966706,0.9979818360751739,0.030925489020990463,0.055118829527064414,-0.006146838569855554,81.44014175625965
1773306613008,-0.7833333333333333,1.7333333333333334,5.800000000000001,0.11666666666666665,-0.016666666666666653,9.583333333333334,-0.009890199094634537,-0.0645771823237902,-0.3202679177409595,-1.25,-0.625,79.9375,0.23000000417232513,0.10000000149011612,9.1899995803833,0.2705260217189789,0.11126473546028137,-0.12980885803699493,0.004721569791317872,0.0019419359751423984,-0.002265591970999465,-0.76690673828125,0.0018310546875,-0.01348876953125,-0.64166259765625,1.000031066575878,-0.4666666666666667,-2.3583333333333334,74.1375,0.11333333750565848,0.11666666815678277,-0.39333375295003314,0.01461176888595241,0.0665191182989326,0.31800232576996,0.998587004312367,0.015451691238629415,0.05048270684384125,-0.00606105321191937,80.61447754422294
1773306613109,-0.8333333333333334,-0.38333333333333336,5.3,0.3166666666666667,-0.7166666666666668,9.9,0.05555964785515283,-0.13497212882089482,-0.3289945640009311,-1.3125,-2.8125,79.5,0.44999998807907104,-0.7300000190734863,10.180000305175781,0.3370667099952698,-0.027270769700407982,-0.06326818466186523,0.005882923888282338,-0.00047596472082522687,-0.0011042381341093237,-0.76885986328125,-0.01165771484375,-0.02471923828125,-0.63885498046875,1.0000140591467566,-0.47916666666666663,-2.4291666666666667,74.2,0.13333332141240434,-0.013333352406819543,0.2800003051757809,-0.04967672396687049,0.1344961641000696,0.32789032586682176,0.998897474812914,-0.0030053187925526957,0.04625755659228919,-0.0074189843947847535,80.29610230017708
1773306613208,-1.1666666666666667,-3.233333333333334,4.05,0.5666666666666667,-1.2166666666666668,9.549999999999999,-0.01425352222462036,-0.44738606492787986,-0.5192354524683129,-1,-4.8125,78.5,0.4099999964237213,-1.1399999856948853,9.149999618530273,0.4352414906024933,-0.06544984877109528,-0.3174317479133606,0.0075963970523014665,-0.001142315355987977,-0.005540229151448782,-0.773681640625,-0.02679443359375,-0.03363037109375,-0.632080078125,0.9999787246407851,0.16666666666666674,-1.5791666666666662,74.45,-0.15666667024294534,0.07666668097178153,-0.4000003814697255,0.021849919276921828,0.4462437495718919,0.5136952233168641,0.9989157801562214,-0.027833727544193578,0.035606712679125574,-0.01116735322578015,79.96587733792249
1773306613308,-1.5333333333333332,-5.95,1.333333333333333,0.4166666666666667,-0.7999999999999999,10,0.10181087303300256,-0.525634993058959,-0.24492787169653757,-1.3125,-7.5,76.1875,0.47999998927116394,-1.2599999904632568,9.960000038146973,0.38179075717926025,-0.17780540883541107,-0.47451138496398926,0.00666350576646027,-0.0031032898120325397,-0.008281786005819927,-0.78692626953125,-0.046142578125,-0.05059814453125,-0.61322021484375,0.9999906476149721,0.22083333333333321,-1.5499999999999998,74.85416666666667,0.06333332260449726,-0.4599999904632569,-0.039999961853027344,-0.09514736726654228,0.5225317032469264,0.23664608569071766,0.9984871990629752,-0.0517365824282776,0.012312946136873403,-0.01396533936025582,78.31597293746388
1773306613409,-1.5999999999999999,-6.75,358.05,0.30000000000000004,-1.2,9.716666666666667,0.10850130183231414,-0.592539281052075,-0.08057603380040489,-1.125,-8.8125,73.125,0.5400000214576721,-0.9700000286102295,9.4399995803833,0.2258019745349884,-0.16253378987312317,-0.5399612188339233,0.0039409879131399395,-0.002836749779030616,-0.009424101101733579,-0.8009033203125,-0.05572509765625,-0.05389404296875,-0.59375,0.999997522678883,0.47499999999999987,-2.0625,-284.925,0.24000002145767207,0.22999997138977046,-0.276667086283366,-0.1045603139191742,0.5897025312730444,0.0711519326986713,-0.998037770150972,0.05909371272433817,0.016163124756878717,0.012934290340906027,76.09725906352563
1773306613511,-1.4333333333333333,-6.883333333333333,354.4666666666667,-0.13333333333333333,-1.5666666666666667,9.316666666666666,0.03519747324855231,-0.5695591125674828,-0.10791952541498272,-1,-9.25,69.6875,0.20000000298023224,-1.2400000095367432,8.869999885559082,-0.05890486016869545,-0.17562375962734222,-0.6675884127616882,-0.001028083755370598,-0.0030652128502282115,-0.011651615850854391,-0.81805419921875,-0.06146240234375,-0.0535888671875,-0.5693359375,1.0000027380846208,0.43333333333333335,-2.366666666666667,-284.7791666666667,0.33333333631356554,0.3266666571299235,-0.4466667811075844,-0.03622555700392291,0.5664938997172546,0.09626790956412833,-0.9969911748377717,0.06056028264596551,0.04742785417346166,0.009573301935149664,72.99581051517366
1773306613609,-1.5166666666666668,-7.7,351.66666666666674,-0.23333333333333336,-1.2333333333333334,9.783333333333333,-0.02443460952792061,-0.322885911618951,-0.2713986986851183,-1.0625,-9.875,66.25,-0.20000000298023224,-1.3700000047683716,9.319999694824219,0.10471975803375244,-0.23234695196151733,-0.4297873377799988,0.0018277045695807633,-0.004055219318701574,-0.007501204127641995,-0.83447265625,-0.06707763671875,-0.05548095703125,-0.544189453125,1.0000321599140165,0.45416666666666683,-2.175,-285.41666666666674,0.033333330353101126,-0.1366666714350382,-0.46333363850911446,0.026262314097501373,0.31883069230024946,0.2638974945574763,-0.9950835450734029,0.06792074688789164,0.07160133850825251,0.008292092025933989,70.36338018016829
1773306613708,-1.7333333333333336,-9.15,350.0833333333333,0.08333333333333333,-1.7000000000000002,9.950000000000001,0.016871516102611853,-0.23736477827122882,-0.1448623279155294,-1.5625,-11.4375,64.5625,0.019999999552965164,-1.7300000190734863,9.3100004196167,0.19089537858963013,-0.019634954631328583,-0.21925698220729828,0.003331752883230135,-0.00034269460679639313,-0.0038267562475039793,-0.84112548828125,-0.07696533203125,-0.06536865234375,-0.53131103515625,0.9999901130306718,0.17083333333333361,-2.2874999999999996,-285.5208333333333,-0.06333333378036816,-0.03000001907348615,-0.6399995803833018,-0.013539763219381717,0.23702208366443242,0.1410355716680254,-0.9930741866571704,0.08075956781852235,0.0849440569935704,0.00812768001572889,69.98775742413629
1773306613809,-1.7666666666666668,-9.733333333333334,348.45,0.2833333333333334,-1.75,9.483333333333334,0.031706814744563654,-0.3010692959690218,-0.07970336917440772,-1.75,-12.1875,63.3125,0.3100000023841858,-1.909999966621399,9.579999923706055,0.1385355144739151,-0.01745329238474369,-0.33052173256874084,0.0024179008585140786,-0.00030461741742703036,-0.0057686924827207026,-0.84637451171875,-0.08233642578125,-0.06878662109375,-0.52166748046875,0.9999988302581622,0.01666666666666683,-2.4541666666666657,-285.1375,0.02666666905085241,-0.15999996662139893,0.0966665903727204,-0.029288913886049574,0.3007646785515948,0.07393467669168702,-0.9913516181939317,0.08594229962133448,0.09894626043722951,0.006747428069847692,69.49888837785154
1773306613908,-1.6833333333333333,-10.066666666666668,346.6666666666667,0.23333333333333336,-1.916666666666667,9.5,0.09890199094634534,-0.33975742772156287,-0.11664617167495438,-1.875,-12.625,61.625,0.3700000047683716,-2.259999990463257,9.869999885559082,0.1941678822040558,-0.08290313929319382,-0.3087051212787628,0.003388868846085278,-0.0014469327409057167,-0.005387920784082819,-0.853759765625,-0.086181640625,-0.070556640625,-0.5086669921875,1.0000266801732018,-0.19166666666666665,-2.558333333333332,-285.0416666666667,0.13666667143503822,-0.3433333237965899,0.36999988555908203,-0.09551312210026007,0.33831049498065713,0.11125825089087156,-0.9894511223178656,0.08883140444510766,0.11435270394597596,0.004349394034798552,68.45367823210947
1773306614009,-1.4833333333333334,-10.616666666666667,344.55,0.3666666666666667,-2.1166666666666667,9.883333333333335,0.09715666169435101,-0.4398229715025711,-0.07795803992241339,-1.625,-13.25,59.5625,0.47999998927116394,-2.819999933242798,10.4399995803833,0.3021601140499115,-0.08072147518396378,-0.4057890474796295,0.005273688858372533,-0.0014088555190270634,-0.007082354947051133,-0.862060546875,-0.09295654296875,-0.0701904296875,-0.4932861328125,1.0000236050233777,-0.1416666666666666,-2.633333333333333,-284.9875,0.11333332260449724,-0.7033332665761312,0.5566662470499661,-0.09188297283597847,0.438414115983544,0.07087568497536226,-0.9867531257522227,0.09340059170683224,0.13264420365392107,0.0003369333003563971,67.29086168362907
1773306614108,-1.5,-11,342.03333333333336,0.38333333333333336,-2.066666666666667,9.35,0.0901753446863737,-0.4668755749084832,-0.01658062789394613,-1.5,-13.4375,56.75,0.3199999928474426,-1.909999966621399,8.880000114440918,-0.12980885803699493,-0.18762288987636566,-0.4461497962474823,-0.002265591970999465,-0.0032746371804493173,-0.0077867829016204084,-0.873779296875,-0.0965576171875,-0.06744384765625,-0.47186279296875,1.0000084004943388,0,-2.4375,-285.28333333333336,-0.06333334048589073,0.15666670004526795,-0.4699998855590817,-0.09244093665737316,0.4636009377280339,0.00879384499232572,-0.9832981407070243,0.09669647243263854,0.15417577191764079,-0.0020952457595182846,65.62693759696613
1773306614208,-1.75,-11.283333333333333,339.1333333333334,0.4666666666666666,-2.216666666666667,9.466666666666667,0.04712388980384691,-0.5142903529209958,0.009599310885968819,-1.6875,-13.6875,54.0625,0.46000000834465027,-2.430000066757202,9.8100004196167,0.12544554471969604,0,-0.503963828086853,0.002189437787316483,0,-0.008795828111070261,-0.884521484375,-0.09930419921875,-0.0675048828125,-0.45074462890625,0.9999836048629962,0.0625,-2.404166666666667,-285.0708333333334,-0.00666665832201635,-0.21333340009053536,0.34333375295003243,-0.04493445201653042,0.5142903529209958,-0.01839513899703908,-0.9788602782857587,0.09942203297261396,0.17871672059701216,-0.0028545985652993424,64.61918394104623
1773306614310,-2.0666666666666664,-11.433333333333332,335.9666666666667,0.3333333333333333,-2.1500000000000004,9.550000000000002,0.08435758051305926,-0.5340707511102649,-0.06835872903644458,-1.9375,-13.5625,51.375,0.44999998807907104,-2.2799999713897705,9.289999961853027,0.13635385036468506,-0.09817477315664291,-0.5235987901687622,0.002379823636635425,-0.0017134730339819655,-0.009138522847903816,-0.8958740234375,-0.099853515625,-0.06744384765625,-0.42767333984375,1.000007074301254,0.12916666666666643,-2.129166666666668,-284.5916666666667,0.11666665474573773,-0.12999997138977015,-0.26000003814697514,-0.08197775687642384,0.532357278076283,0.059220206188540764,-0.9734384210186009,0.101146579330399,0.20537009042959037,-0.0031836977737259476,63.687735588189184
1773306614426,-2.1714285714285713,-11.728571428571428,332.6,0.4571428571428572,-2.2,9.799999999999999,0.1351383506544181,-0.6058785831923172,0.002243994752564137,-2.125,-13.8125,48.25,0.5299999713897705,-2.450000047683716,9.890000343322754,0.16035212576389313,-0.14617131650447845,-0.5377795696258545,0.0027986725571519625,-0.0025511707449778777,-0.00938602413992925,-0.90594482421875,-0.10247802734375,-0.0665283203125,-0.40533447265625,0.999979911170285,0.046428571428571264,-2.0839285714285722,-284.35,0.07285711424691332,-0.25000004768371564,0.09000034332275497,-0.13233967809726613,0.6033274124473393,-0.011630018892493387,-0.966749711996414,0.1037119290261382,0.233675503077583,-0.005881274858933275,63.133351699957196
1773306614541,-2.2833333333333337,-11.683333333333335,328.34999999999997,0.27142857142857146,-2.0142857142857147,9.314285714285715,0.19198621771937624,-0.7564755643643996,0.037399912542735635,-2.1875,-13.6875,44.75,0.7200000286102295,-2.369999885559082,9.59000015258789,-0.02508910745382309,-0.17344209551811218,-0.6435901522636414,-0.0004378875314558641,-0.003027135628349558,-0.011232767190412178,-0.9180908203125,-0.10321044921875,-0.0633544921875,-0.37744140625,1.000009478956239,0.09583333333333366,-2.0041666666666647,-283.59999999999997,0.44857145718165803,-0.35571417127336735,0.2757144383021757,-0.19242410525083212,0.75344842873605,-0.04863267973314781,-0.9574658886252018,0.10330798713584885,0.2692790172852079,-0.008680020910391632,62.57010313633788
1773306614641,-1.8499999999999999,-11.75,323.15000000000003,-0.016666666666666673,-2.2500000000000004,9.366666666666667,0.20798506919599094,-0.6716608738091513,-0.11257373675363426,-2.0625,-13.25,39.8125,0.23999999463558197,-2.109999895095825,9.119999885559082,0.0054541537538170815,-0.2825251817703247,-0.6904959082603455,0.00009519294091411631,-0.004930994641687628,-0.012051427070691739,-0.933837890625,-0.10247802734375,-0.05670166015625,-0.3380126953125,1.0000113061921407,-0.21250000000000013,-1.5,-283.33750000000003,0.25666666130224863,0.14000010490417525,-0.2466667811075851,-0.20788987625507682,0.6667298791674636,0.10052230968294253,-0.9441543031101354,0.10217436231441386,0.3127942352441055,-0.017111925733617604,61.53179089650056
1773306614742,-1.1500000000000001,-12.683333333333332,319.45000000000005,0.1166666666666667,-2.2500000000000004,9.266666666666667,0.22776546738526,-0.6539166930805421,-0.17860536012075304,-1.625,-13.75,35.875,0.1899999976158142,-2.5199999809265137,9.350000381469727,0.08072147518396378,-0.285797655582428,-0.6544984579086304,0.0014088555190270634,-0.004988110084394121,-0.01142315303973112,-0.94451904296875,-0.109619140625,-0.051025390625,-0.30535888671875,0.9999901093053447,-0.47499999999999987,-1.0666666666666682,-283.57500000000005,0.07333333094914751,-0.26999998092651323,0.08333371480305907,-0.22635661186623293,0.648928582996148,0.1671822070810219,-0.9326374281013539,0.1070642726811161,0.3433488038709384,-0.028918300436776935,61.26155298916876
1773306614842,-0.6,-13.583333333333336,315.8,-0.21666666666666667,-2.35,9.350000000000001,0.2088577338219881,-0.6312274128046158,-0.17075137848677857,-1.1875,-14.5,32.375,0.25999999046325684,-2.4100000858306885,8.960000038146973,0.13744467496871948,-0.29997846484184265,-0.6239551901817322,0.0023988621175375893,-0.005235611896568205,-0.010890072453578623,-0.95263671875,-0.11871337890625,-0.04559326171875,-0.27618408203125,0.9999829883171534,-0.5875,-0.9166666666666643,-283.425,0.4766666571299235,-0.06000008583068839,-0.38999996185302876,-0.20645887170445051,0.6259918009080476,0.15986130603319995,-0.9202472664753062,0.11152542665847165,0.37300536164167447,-0.03967427302341383,61.95429687382837
1773306614942,0.3,-14.52,312.08,-0.3666666666666667,-2.6333333333333337,9.1,0.2975786374650332,-0.6230825429619757,-0.1620247322268069,-0.8125,-15.4375,28.625,-0.14000000059604645,-2.559999942779541,9.1899995803833,0.14726215600967407,-0.2508910894393921,-0.6185010671615601,0.002570209485954367,-0.004378875574632966,-0.010794880049067802,-0.960205078125,-0.12835693359375,-0.04052734375,-0.24468994140625,0.9999924637093284,-1.1125,-0.9175000000000004,-283.455,0.22666666607062025,0.07333339055379273,0.08999958038330114,-0.29500842797907884,0.6187036673873427,0.1512298521777391,-0.9063654780143747,0.11442748305029736,0.4031439897146003,-0.05369259672936634,63.05071075164289
1773306615042,1.4166666666666667,-16.01666666666667,308.6,-0.5333333333333333,-2.8833333333333333,9.033333333333333,0.2740166925631097,-0.48898307876707797,-0.2754711336064383,-0.1875,-16.1875,25.25,-0.07000000029802322,-2.9000000953674316,8.850000381469727,0.20180369913578033,-0.3392483592033386,-0.615228533744812,0.003522138992623402,-0.005921000850086666,-0.010737763566064009,-0.9661865234375,-0.13714599609375,-0.0323486328125,-0.21600341796875,1.000014666360354,-1.6041666666666667,-0.17083333333333073,-283.35,0.4633333330353101,-0.016666762034098337,-0.18333295186360665,-0.2704945535704863,0.4830620779169913,0.26473337004037434,-0.89147447540748,0.12021707016049415,0.4309490693304843,-0.07144239205244164,64.3695959472404
1773306615159,2.157142857142857,-17.985714285714288,305.61428571428576,-0.18571428571428575,-3.2142857142857144,9.357142857142858,0.2002141984787781,-0.5689773361501514,-0.3159045946109736,0.875,-18.375,21.25,-0.10999999940395355,-3.049999952316284,8.989999771118164,0.3425208628177643,-0.2563452422618866,-0.48432886600494385,0.005978116812941809,-0.004474068499292438,-0.008453133374236706,-0.97027587890625,-0.15863037109375,-0.02154541015625,-0.1815185546875,1.0000060330894394,-1.282142857142857,-0.38928571428571246,-284.36428571428576,0.0757142863103322,0.16428576196943023,-0.3671430860246936,-0.1942360816658363,0.564503267650859,0.3074514612367369,-0.8770395342548363,0.1305137685276978,0.4539068327050689,-0.08795680077408032,66.46511366476366
1773306615276,1.9200000000000004,-19.96,301.3,-0.27142857142857146,-3.6571428571428575,9.242857142857146,0.18325957145940464,-0.6724504275183866,-0.24584209178091557,1,-20.3125,17.9375,0.14000000059604645,-3.5799999237060547,9.3100004196167,0.27488934993743896,-0.21271200478076935,-0.63704514503479,0.004797724235075179,-0.003712524841942344,-0.011118535264701893,-0.97222900390625,-0.17584228515625,-0.0184326171875,-0.1533203125,0.9999983124420708,-0.9200000000000004,-0.35249999999999915,-283.3625,0.4114285720246179,0.07714293343680279,0.06714327675955367,-0.17846184722432945,0.6687379026764442,0.23472355651621368,-0.8569087771927755,0.14295038910684618,0.4851897399298613,-0.09931490366997947,70.97177642826598
1773306615380,1.366666666666667,-21.683333333333337,296.7166666666667,-0.2166666666666667,-3.9500000000000006,9.183333333333334,0.1492256510455152,-0.6608980100885194,-0.18267779504207315,0.3125,-23.0625,10.4375,-0.09000000357627869,-3.950000047683716,8.850000381469727,0.12980885803699493,-0.2148936688899994,-0.6523168087005615,0.002265591970999465,-0.0037506020638209975,-0.011385076077926793,-0.97576904296875,-0.19940185546875,-0.01483154296875,-0.08880615234375,0.9999964162643113,-1.054166666666667,-1.3791666666666629,-286.2791666666667,0.12666666309038802,-4.7683715198587606e-8,-0.333332951863607,-0.14696005907451573,0.6571474080246984,0.17129271896414636,-0.8349134633143985,0.15397814994820724,0.5171144786958984,-0.10864094089224952,76.38134431845329
1773306615481,0.6666666666666666,-23.066666666666666,292.9,-0.48333333333333334,-4.166666666666667,8.733333333333334,-0.04421500771718969,-0.5090543651650129,-0.26645359913780103,-0.4375,-24.125,7.0625,-0.5899999737739563,-4.619999885559082,8.289999961853027,0.31088677048683167,0.09599310904741287,-0.5355979204177856,0.005425997745887147,0.0016753958121033122,-0.009347947178124923,-0.97601318359375,-0.208740234375,-0.01715087890625,-0.05987548828125,1.0000267230128963,-1.1041666666666665,-1.0583333333333336,-285.8375,-0.10666664044062296,-0.45333321889241507,-0.44333337148030694,0.049641005463076836,0.5107297609771162,0.2571056519596761,-0.815919547234581,0.16347594409104088,0.5424656205766311,-0.11524738017182784,81.10316686364466
1773306615598,0.32857142857142857,-24.685714285714287,290.57142857142856,-0.9142857142857143,-3.6571428571428575,9.057142857142859,-0.019198621771937627,-0.1655569461891764,-0.22639413725869306,-1.625,-26,4.75,-0.9800000190734863,-3.75,8.9399995803833,0.2617993950843811,0.0010908307740464807,-0.14508049190044403,0.004569261423951908,0.000019038588589189398,-0.002532132264075714,-0.97332763671875,-0.22454833984375,-0.024169921875,-0.0401611328125,0.9999928734942655,-1.9535714285714285,-1.3142857142857132,-285.82142857142856,-0.06571430478777207,-0.09285714285714253,-0.11714327675955793,0.023767883195889537,0.16557598477776558,0.22386200499461734,-0.8026499316329765,0.17411623775369528,0.5568229392489406,-0.12403562926130365,85.61061989878473
1773306615709,1.08,-25.72,290.70000000000005,-0.44285714285714295,-3.971428571428572,8.242857142857144,-0.06333051857236568,0.19348221422108566,-0.2892259903304889,-1.75,-27.4375,5.125,-0.4300000071525574,-3.809999942779541,8.050000190734863,0.37088245153427124,0.07744898647069931,0.1439896672964096,0.006473119917141328,0.0013517398162462457,0.0025130937831735495,-0.9703369140625,-0.23638916015625,-0.02655029296875,-0.0433349609375,1.0000081993303325,-2.83,-1.7175000000000011,-285.57500000000005,0.012857135704585576,0.16142862864903096,-0.1928569521222805,0.06980363848950702,-0.1921304744048394,0.29173908411366245,-0.8007778173176433,0.17786251624238145,0.5560014919714557,-0.13409755230217682,86.89103228332557
1773306615815,1.866666666666667,-27.900000000000006,292.86666666666673,-0.23333333333333336,-4.916666666666667,8.233333333333334,-0.11228284854496853,0.351102067859526,-0.5779948706187888,-1.5,-29.1875,6.625,-0.3199999928474426,-4.380000114440918,7.340000152587891,0.5443245768547058,0.13417218625545502,0.3381575345993042,0.009500256065639536,0.0023417464147567715,0.005901962369184502,-0.96600341796875,-0.25103759765625,-0.0281982421875,-0.055419921875,1.000024493483747,-3.366666666666667,-1.2874999999999943,-286.24166666666673,-0.08666665951410926,0.536666552225749,-0.8933331807454437,0.12178310461060807,-0.34876032144476926,0.5838968329879733,-0.8063892870570905,0.19210678501168593,0.5398005569933915,-0.1464467805779818,87.28777322503372
1773306615925,2.3000000000000003,-31.17142857142857,295.1571428571429,-0.05714285714285715,-5.528571428571429,8.457142857142857,-0.07380249408433164,0.25082874678661365,-0.5113814708343386,-1,-32.5625,8.75,0.05999999865889549,-5.679999828338623,8.220000267028809,0.4156065285205841,0.01636246219277382,0.29561513662338257,0.00725370231546791,0.00028557883899699426,0.005159457452810898,-0.95703125,-0.27899169921875,-0.03070068359375,-0.07269287109375,0.9999859834970208,-3.3000000000000003,-1.3910714285714292,-286.4071428571429,0.11714285580175264,-0.1514283997671937,-0.2371425901140487,0.08105619639979955,-0.25054316794761666,0.5165409282871495,-0.8100336922366024,0.21638951682976068,0.5208761931752159,-0.16034021900638462,89.4453554820046
1773306616025,2.15,-34.25,296.65000000000003,-0.016666666666666666,-6.05,8.016666666666667,-0.16871516102611853,0.2463823127398662,-0.4936372901057297,-0.75,-35.375,10.0625,-0.05000000074505806,-5.5,7.579999923706055,0.44833144545555115,0.03490658476948738,0.25852689146995544,0.007824859863424736,0.0006092348348540607,0.004512145461096765,-0.94891357421875,-0.302490234375,-0.03375244140625,-0.08331298828125,1.000008797234344,-2.9,-1.125,-286.58750000000003,-0.0333333340783914,0.5499999999999998,-0.4366667429606128,0.17654002088954326,-0.24577307790501213,0.49814943556682645,-0.8102651207323655,0.24113622290385187,0.5064329805700633,-0.16985108866048243,92.26584648873028
1773306616125,1.78,-37.019999999999996,298.34000000000003,0.3333333333333333,-6.283333333333334,7.900000000000002,-0.19489509980603345,0.19896753472735354,-0.35313828532018604,-0.6875,-38.8125,12.1875,0.38999998569488525,-6.420000076293945,7.739999771118164,0.48432886600494385,0.24980024993419647,0.2716168761253357,0.008453133374236706,0.004359836833656477,0.004740608792368686,-0.937744140625,-0.33001708984375,-0.0419921875,-0.0999755859375,1.0000169070870948,-2.4675000000000002,-1.792500000000004,-286.15250000000003,0.05666665236155194,-0.1366667429606112,-0.16000022888183807,0.20334823318027015,-0.19460769789369706,0.35787889411255475,-0.8116446212508308,0.26502746047847814,0.4901561673770777,-0.17532936311165423,95.77363358115345
1773306616242,1.0166666666666666,-38.76666666666667,299.41666666666663,0.35714285714285715,-6.342857142857143,8.614285714285716,-0.1765275872017122,0.1308996938995747,-0.11643839438305027,-0.9375,-40.875,13.5625,0.6200000047683716,-6.440000057220459,8.119999885559082,0.35233834385871887,0.1690787672996521,0.18107791244983673,0.0061494641813585865,0.002950981184592251,0.0031604057748876825,-0.93048095703125,-0.345703125,-0.0501708984375,-0.110595703125,1.0000269949517842,-1.9541666666666666,-2.108333333333327,-285.85416666666663,0.26285714762551443,-0.09714291436331557,-0.4942858287266336,0.18267705138307078,-0.12794871271498245,0.11959880015793796,-0.813009582955065,0.28234121872830376,0.4783359011424343,-0.1746242248615659,98.2822921930646
1773306616342,0.3333333333333333,-38.300000000000004,300.15000000000003,0.46666666666666673,-6.416666666666668,8.466666666666669,-0.05701408889848144,-0.002327105669325775,0.5899212871740834,-1.1875,-41.4375,14.5625,0.6700000166893005,-6.849999904632568,8.920000076293945,-0.12435470521450043,0.18544122576713562,0.11126473546028137,-0.002170399046339994,0.003236559958570664,0.0019419359751423984,-0.927734375,-0.34954833984375,-0.05621337890625,-0.118408203125,1.0000277791039163,-1.5208333333333333,-3.1374999999999957,-285.58750000000003,0.2033333500226338,-0.4333332379659005,0.45333340962727675,0.05484368985214145,0.005563665627896439,-0.5879793511989411,-0.818240236870881,0.28293546850296514,0.4720852249233685,-0.1660300449844694,98.41344444351327
1773306616442,0.13999999999999999,-34.62,299.9,0.3833333333333333,-5.816666666666667,9.15,0.2533636297478435,-0.15358897417550102,1.4547319315372738,-1.5,-38.4375,14.875,0.9200000166893005,-6.579999923706055,8.550000190734863,-0.6730425953865051,-0.02508910745382309,-0.04581489413976669,-0.011746809295662512,-0.0004378875314558641,-0.0007996207491915839,-0.936279296875,-0.3245849609375,-0.05657958984375,-0.12176513671875,1.0000011585646116,-1.64,-3.8175000000000026,-285.025,0.5366666833559672,-0.7633332570393874,-0.5999998092651371,-0.265110439043506,0.15315108664404514,-1.4555315522864654,-0.826202611894483,0.2569643066277299,0.4783900788334254,-0.15000507222028692,94.1018707085319
1773306616542,0.34,-25.880000000000003,298.4,0.3,-4.6000000000000005,9.066666666666668,0.10821041362364843,-0.2644173816771409,1.2604186081485718,-1.125,-31.625,14,0.6299999952316284,-5.289999961853027,7.599999904632568,-1.9002271890640259,-0.47887471318244934,-0.20398534834384918,-0.03316522098508404,-0.008357940449577234,-0.0035602159544277302,-0.9549560546875,-0.26934814453125,-0.04339599609375,-0.11688232421875,1.0000170896232166,-1.465,-5.744999999999997,-284.4,0.32999999523162843,-0.6899999618530268,-1.4666667620340998,-0.14137563460873248,0.2560594412275637,-1.2639788241029994,-0.8368028015654239,0.1908658573635,0.49960809554637925,-0.11714540814591905,84.58626214946457
1773306616641,0.5666666666666668,-19.016666666666666,296.65000000000003,-0.06666666666666667,-3.033333333333333,9.066666666666668,0.011926416555294583,-0.20827595740465663,1.0096729722787199,-0.6875,-21.75,11.75,0.23999999463558197,-3.4800000190734863,8.210000038146973,-1.3362677097320557,-0.3741549551486969,-0.3337942063808441,-0.023322271222908246,-0.006530235879996471,-0.0058258079254271955,-0.97686767578125,-0.18743896484375,-0.025390625,-0.0999755859375,1.0000218113368302,-1.2541666666666669,-2.7333333333333343,-284.90000000000003,0.3066666613022486,-0.4466666857401531,-0.8566666285196955,-0.03524868777820283,0.20174572152466017,-1.015498780204147,-0.8389091563225507,0.13802153731546532,0.5185751864999537,-0.09089146616597366,75.71255759667464
1773306616742,0.30000000000000004,-14.333333333333336,295.8333333333333,-0.11666666666666668,-2.2333333333333334,9.583333333333334,-0.033161255787892266,-0.03548836145721803,0.8456120225912528,-0.9375,-16.625,10.6875,-0.03999999910593033,-2.559999942779541,9.039999961853027,-0.9926559925079346,-0.01636246219277382,-0.07963064312934875,-0.017325115408915622,-0.00028557883899699426,-0.0013898169080877366,-0.98516845703125,-0.14324951171875,-0.02203369140625,-0.09210205078125,1.0000227910663297,-1.2375,-2.2916666666666643,-285.1458333333333,0.07666666756073635,-0.3266666094462076,-0.5433333714803066,0.015836140378976644,0.03520278261822104,-0.8470018394993405,-0.8404807122679951,0.10432279235730994,0.5272774093307099,-0.06846503421274588,72.24493099315137
1773306616842,0.5000000000000001,-10.5,295.6333333333334,-0.3333333333333333,-1.5666666666666667,9.500000000000002,-0.009890199094634535,0.023852833110589177,0.8496844575125727,-1.125,-11.75,10.5625,0.1899999976158142,-2.259999990463257,9.760000228881836,-0.9882926940917969,-0.023998277261853218,-0.08290313929319382,-0.017248961485306965,-0.00041884895302582805,-0.0014469327409057167,-0.990478515625,-0.1011962890625,-0.01953125,-0.09100341796875,0.9999757350272466,-1.625,-1.25,-285.0708333333334,0.5233333309491475,-0.6933333237965902,0.26000022888183416,-0.00735876239067243,-0.024271682063615005,-0.8511313902534784,-0.8425769706925429,0.07512720694994086,0.5307285394375789,-0.052413439697588576,69.55850792817013
1773306616942,0.85,-6.433333333333334,296.0833333333333,-0.23333333333333336,-0.6000000000000001,9.250000000000002,0.0029088820866572168,0.17656914266009302,0.6323909656392789,-1.125,-7.375,10.625,-0.10000000149011612,-0.9100000262260437,9.40999984741211,-0.7984881401062012,0.030543262138962746,0.13744467496871948,-0.013936247082978996,0.0005330804886246258,0.0023988621175375893,-0.99365234375,-0.06317138671875,-0.01605224609375,-0.092041015625,1.0000324132255782,-1.975,-0.9416666666666664,-285.4583333333333,0.13333333184321725,-0.3100000262260436,0.1599998474121076,-0.01684512916963621,-0.1760360621714684,-0.6299921035217413,-0.8468529123127675,0.04368596511186762,0.5288070738560198,-0.035982773648830464,67.07155142564828
1773306617041,1.0499999999999998,-3.0500000000000003,297.2,-0.25,-0.3333333333333333,9.200000000000001,-0.006690428799311597,0.2385283311058917,0.33423055175691413,-1,-3.6875,11.625,-0.15000000596046448,-0.5299999713897705,9.199999809265137,-0.5705044865608215,-0.009817477315664291,0.19853119552135468,-0.009957181687886077,-0.00017134730339819656,0.0034650230297682593,-0.99432373046875,-0.03118896484375,-0.01202392578125,-0.10089111328125,0.9999880119439628,-2.05,-0.6374999999999997,-285.575,0.09999999403953552,-0.1966666380564372,-1.907348643470641e-7,-0.00326675288857448,-0.23869967840928988,-0.3307655287271459,-0.8530856078871707,0.017942461131927052,0.5210113704165068,-0.0216833023550234,64.95407597756838
1773306617141,1.2166666666666668,-1.4666666666666668,298.65000000000003,-0.35000000000000003,-0.19999999999999998,9.55,0.04770566622117835,0.33452143996557987,0.1908226648847134,-0.8125,-1.25,13.5,-0.12999999523162842,-0.3700000047683716,9.489999771118164,-0.2410736083984375,-0.05890486016869545,0.3283400535583496,-0.0042075282062161885,-0.001028083755370598,0.005730615000767724,-0.9930419921875,-0.010498046875,-0.0084228515625,-0.11700439453125,1.0000017900003864,-2.029166666666667,0.21666666666666679,-285.15000000000003,0.22000000476837162,-0.1700000047683716,-0.06000022888183665,-0.05191319442739453,-0.3355495237209505,-0.18509204988394568,-0.8598867111875668,0.005591129190095445,0.510214021716546,-0.01565998854526594,63.275886168038014
1773306617242,1.5,-0.4,300.36,0.05000000000000001,0.13333333333333333,9.566666666666668,0.033161255787892266,0.3214314705756224,0.2588905057124922,-0.4375,-0.5,15.1875,0.029999999329447746,-0.28999999165534973,9.739999771118164,-0.246527761220932,0.006544984877109528,0.3425208628177643,-0.004302721130875659,0.0001142315355987977,0.005978116812941809,-0.9912109375,-0.00408935546875,-0.0045166015625,-0.13201904296875,0.9999826362711693,-1.9375,-0.09999999999999998,-285.1725,-0.020000000670552263,-0.42333332498868304,0.17333310445149586,-0.037463976918767926,-0.3213172390400236,-0.2529123888995504,-0.8674895887648,-0.003480911519539724,0.49727084712511405,-0.013092029603647665,61.509991780639275
1773306617341,1.1800000000000002,1.02,302.22,0.41666666666666674,0.26666666666666666,9.633333333333335,0.05090543651650128,0.19198621771937627,0.1198459419702773,-0.3125,0.8125,17,0.46000000834465027,0.09000000357627869,9.600000381469727,-0.16035212576389313,0.022907447069883347,0.2727077007293701,-0.0027986725571519625,0.00039981037459579195,0.00475964727327085,-0.989013671875,0.0076904296875,-0.0018310546875,-0.1474609375,0.9999776331069091,-1.4925000000000002,-0.20750000000000002,-285.22,0.04333334167798353,-0.17666666309038798,-0.033332951863608073,-0.05370410907365324,-0.19158640734478047,-0.11508629469700644,-0.8755120410916407,-0.012767615301051827,0.48300457578691197,-0.004715259481609431,60.096027927559824
1773306617442,0.4600000000000001,1.7200000000000002,302.88,1.0666666666666667,0.5166666666666667,9.5,0.043633231299858244,-0.12537281793492602,0.05643231248114998,-0.25,1.3125,18,0.9599999785423279,0.1599999964237213,9.850000381469727,-0.0818123072385788,-0.06981316953897476,0.10144726186990738,-0.00142789412996639,-0.0012184696697081214,0.0017705887367627832,-0.98773193359375,0.011962890625,-0.0006103515625,-0.1558837890625,1.0000288053923576,-0.7100000000000001,-0.4075000000000002,-284.88,-0.10666668812433877,-0.3566666702429454,0.35000038146972656,-0.045061125429824635,0.1241543482652179,-0.05466172374438719,-0.878239741802628,-0.015101698209564429,0.4779681693156442,0.0036501713236984125,59.908574476741954
1773306617541,-0.3666666666666667,1.9500000000000002,301.8833333333333,0.9166666666666666,0.5,9.8,-0.06835872903644458,-0.3560471674068433,-0.025889050571249222,-0.125,1.625,17.25,1.1699999570846558,0.3799999952316284,9.760000228881836,0.11344639956951141,0.09162978827953339,-0.24216443300247192,0.001980013197021052,0.0015992414983831678,-0.004226566687118353,-0.98858642578125,0.01470947265625,0.0006103515625,-0.14990234375,0.9999952874966686,0.2416666666666667,-0.3250000000000002,-284.6333333333333,0.25333329041798913,-0.12000000476837158,-0.03999977111816477,0.07033874223346563,0.3576464089052264,0.02166248388413087,-0.8739681853251403,-0.013320267403026477,0.48567461277012286,0.01106128502409038,60.817705871951986
1773306617642,-2.35,2.1833333333333336,299.73333333333335,0.6833333333333335,0.48333333333333334,9.866666666666667,-0.08348491588706211,-0.5471607205002224,0.015707963267948963,-1.4375,1.5,14.4375,0.8100000023841858,0.3199999928474426,9.819999694824219,-0.018544122576713562,0.062177352607250214,-0.49960049986839294,-0.0003236559958570664,0.001085199523169997,-0.008719673667312954,-0.991943359375,0.014892578125,-0.01080322265625,-0.12542724609375,1.0000110603257308,0.9125000000000001,-0.6833333333333336,-285.29583333333335,0.12666666905085233,-0.1633333404858907,-0.04666697184244839,0.08316125989120504,0.5482459200233923,-0.02442763693526192,-0.8643245763158274,-0.006181338987170357,0.5021552040169508,0.02729411847790153,63.91939291715814
1773306617742,-3.225,2.575,296.45,0.6666666666666666,0.4833333333333334,10,-0.07853981633974483,-0.5878850697134234,0.026179938779914945,-1.9375,1.6875,11.5625,0.7699999809265137,0.36000001430511475,10,0.009817477315664291,0.0719948336482048,-0.5726861357688904,0.00017134730339819656,0.0012565468915867748,-0.009995258649690406,-0.99468994140625,0.0164794921875,-0.0157470703125,-0.10028076171875,0.9999919272633387,1.2875,-0.8875000000000002,-284.8875,0.10333331425984704,-0.12333331902821865,0,0.07871116364314303,0.5891416166050102,-0.03617519742960535,-0.8492384021982411,-0.004279818259555943,0.5267810038374896,0.035743438326644054,67.22950405835451
1773306617841,-3.5833333333333335,3.033333333333333,292.8833333333334,0.6,0.4166666666666667,9.933333333333334,-0.09337511498169664,-0.6672975506791652,0.06050474740247009,-2.375,1.875,8.4375,0.8199999928474426,0.10000000149011612,10.079999923706055,-0.08944812417030334,0.06872233748435974,-0.6217735409736633,-0.0015611642765045145,0.0011994310587687947,-0.010851995491774295,-0.9969482421875,0.01824951171875,-0.01953125,-0.07342529296875,1.0000057928096358,1.2083333333333335,-1.1583333333333332,-284.4458333333334,0.21999999284744265,-0.31666666517655057,0.14666659037272112,0.09181395070519212,0.6684969817379339,-0.07135674289424439,-0.832166821069064,-0.004768398943419455,0.5530114701178778,0.0406688849292506,70.67621049468868
1773306617941,-3.633333333333333,3.5333333333333337,289.09999999999997,-9.25185853854297e-18,0.5666666666666668,9.65,-0.0904662328950394,-0.7231480867429838,0.0861029097650536,-2.6875,2.375,4.5625,0.23999999463558197,0.3799999952316284,9.699999809265137,-0.13417218625545502,0.04254240170121193,-0.7166758179664612,-0.0023417464147567715,0.0007425049813921851,-0.01250835269293828,-0.99871826171875,0.02197265625,-0.02294921875,-0.0396728515625,1.0000107827946345,0.9458333333333329,-1.1583333333333337,-284.53749999999997,0.23999999463558197,-0.18666667143503834,0.049999809265136363,0.08812448648028262,0.723890591724376,-0.09861126245799187,-0.8132586531148993,-0.006723686164656488,0.5802213755931346,0.04368421320007949,74.30709648220399
1773306618041,-2.6166666666666667,3.85,285.03333333333336,-0.13333333333333333,0.6000000000000001,9.75,0.013380857598623192,-0.7856890516061141,0.06835872903644458,-2.75,2.9375,0.875,0.10999999940395355,0.3100000023841858,9.800000190734863,-0.039269909262657166,0.013089969754219055,-0.7232208251953125,-0.0006853892135927863,0.0002284630711975954,-0.012622584618648566,-0.99932861328125,0.02581787109375,-0.0238037109375,-0.0072021484375,0.9999713632834449,-0.1333333333333333,-0.9125000000000001,-284.15833333333336,0.24333333273728688,-0.2899999976158143,0.05000019073486328,-0.014066246812215978,0.7859175146773117,-0.08098131365509315,-0.7924090740013345,-0.012762162179911416,0.6086372718469298,0.03854423401194702,78.06622341115067
1773306618144,-0.8500000000000001,4.183333333333334,280.2333333333333,-0.38333333333333336,0.5833333333333334,9.55,0.017453292519943295,-0.715875881526341,0.06923139366244174,-1.5625,3.4375,355.125,-0.25,0.3100000023841858,9.65999984741211,-0.07853981852531433,-0.022907447069883347,-0.7363107800483704,-0.0013707784271855725,-0.00039981037459579195,-0.012851047429771835,-0.99853515625,0.02960205078125,-0.0150146484375,0.04254150390625,0.9999919794178226,-0.7124999999999999,-0.7458333333333336,74.89166666666671,0.13333333333333336,-0.2733333309491476,0.10999984741210866,-0.018824070947128867,0.7154760711517452,-0.08208244109221358,-0.7666457376587056,-0.02325312970856216,0.6409893201803657,0.029091172255666042,81.6959382707858
1773306618245,0.45,4.1000000000000005,276.09999999999997,-0.4166666666666666,0.5166666666666667,9.65,-0.02036217460660051,-0.6536258048718766,-0.023561944901923454,-0.625,3.5,351.25,-0.30000001192092896,0.18000000715255737,9.529999732971191,-0.003272492438554764,-0.029452430084347725,-0.664315938949585,-0.00005711576779939885,-0.000514041877685299,-0.011594500408147898,-0.99658203125,0.030029296875,-0.0078125,0.07672119140625,1.0000123399479766,-1.075,-0.6000000000000005,75.15000000000003,0.11666665474573762,-0.33666665951410935,-0.12000026702880895,0.02030505883880111,0.6531117629941913,0.011967444493775556,-0.7433406497573402,-0.02922759949321946,0.6679443750585397,0.02099375321032823,85.16316965004542
1773306618358,1.2428571428571427,3.6999999999999997,272.25714285714287,-1.0714285714285714,0.6714285714285715,9.857142857142858,-0.05759586531581288,-0.48096287529958026,0.049367884556411036,-0.25,3.1875,347.875,-0.5400000214576721,0.25999999046325684,9.779999732971191,-0.03163409233093262,0.008726646192371845,-0.6544984579086304,-0.0005521190670546618,0.00015230870871351518,-0.01142315303973112,-0.9940185546875,0.0277099609375,-0.00518798828125,0.1055908203125,1.0000085327410249,-1.4928571428571427,-0.5124999999999997,75.61785714285713,0.5314285499708993,-0.41142858096531465,-0.07714312417166624,0.057043746248758215,0.4811151840082938,-0.060791037596142156,-0.7207213221916008,-0.03078398416340792,0.6923880411360571,0.014557559863922709,88.95880307126535
1773306618458,2.1333333333333333,3.9333333333333336,270.1333333333333,-2.15,0.8333333333333335,9.583333333333334,-0.11431906600562859,0.19053177667604762,0.03112503832723221,-0.375,3.5,345.8125,-1.899999976158142,0.3799999952316284,9.630000114440918,-0.07308565825223923,0.10362892597913742,-0.12544554471969604,-0.0012755853724889389,0.0018086659586414365,-0.002189437787316483,-0.9918212890625,0.03009033203125,-0.0072021484375,0.1239013671875,1.000009158584259,-2.5083333333333333,-0.43333333333333357,75.67916666666667,0.2500000238418578,-0.45333333810170506,0.04666678110758404,0.11304348063313965,-0.1887231107174062,-0.03331447611454869,-0.7078406717422128,-0.03743081550281318,0.7052929341526468,0.011063205352770758,91.59182212674112
1773306618558,2.2800000000000002,4.220000000000001,271.92,-1.6000000000000003,0.9333333333333335,9.75,-0.023271056693257727,0.7152941051090094,0.005817764173314432,0.5625,3.625,347.0625,-1.8700000047683716,0.7400000095367432,9.4399995803833,0.028361599892377853,0.0970839411020279,0.5126904845237732,0.000495003299255263,0.001694434423042639,0.008948136998584875,-0.99310302734375,0.0322265625,0.00177001953125,0.1129150390625,1.000022556378362,-1.7175000000000002,-0.5950000000000006,75.14249999999998,-0.27000000476837127,-0.1933333237965903,-0.3100004196166992,0.02376605999251299,-0.7135996706859667,0.0031303728252704433,-0.7187342910606402,-0.040282786382903654,0.6940249917678462,0.01129720215051116,88.71637390569663
1773306618658,2.866666666666667,4.616666666666667,276.65000000000003,-0.7999999999999999,0.9166666666666666,9.866666666666667,0.030543261909900768,0.9942558972194364,0.07853981633974484,0.1875,3.625,352.8125,-0.6200000047683716,0.4399999976158142,10.029999732971191,0.03272492438554764,0.04908738657832146,0.9566586017608643,0.0005711576779939885,0.0008567365169909828,0.016696842418252304,-0.99749755859375,0.03216552734375,0.00006103515625,0.06280517578125,0.9999902471424396,-2.679166666666667,-0.9916666666666671,76.16249999999997,0.17999999523162835,-0.4766666690508524,0.16333306630452427,-0.029972104231906778,-0.9933991607024454,-0.06184297392149254,-0.7467586364261515,-0.04669298690380185,0.6634045776308041,0.008103719852680168,83.8641686344603
1773306618758,3.533333333333333,5.516666666666667,282.3333333333333,-0.7000000000000001,0.5166666666666667,10.15,0.1454441043328608,1.2394746571246398,0.08552113334772214,0.0625,4.3125,358.3125,-0.47999998927116394,0.4099999964237213,10.199999809265137,-0.09490227699279785,-0.10144726186990738,1.1748247146606445,-0.0016563572011639854,-0.0017705887367627832,0.020504559404631143,-0.9991455078125,0.03765869140625,0.00030517578125,0.0152587890625,0.9999714228897949,-3.470833333333333,-1.2041666666666666,75.97916666666669,0.22000001072883613,-0.1066666702429454,0.049999809265136363,-0.14710046153402478,-1.2412452458614025,-0.065016573943091,-0.7786312331630352,-0.05677833958818415,0.6248771873867685,0.006174429546253912,78.18796991395725
1773306618858,3.716666666666667,5.683333333333334,289.33333333333337,-0.43333333333333335,0.26666666666666666,9.733333333333333,0.07795803992241339,1.3785192208668546,0.11199196033630282,0.125,4.75,5.625,-0.3499999940395355,-0.019999999552965164,9.930000305175781,-0.1799870729446411,-0.06981316953897476,1.3820825815200806,-0.0031413670339111932,-0.0012184696697081214,0.024121891581988342,-0.9979248046875,0.04168701171875,0.00323486328125,-0.0489501953125,0.9999991543587446,-3.591666666666667,-0.9333333333333336,-283.70833333333337,0.08333333929379783,-0.2866666662196318,0.19666697184244875,-0.08109940695632459,-1.3797376905365628,-0.08787006875431448,-0.8152993526250413,-0.059154283054836276,0.5760058562282657,0.002233829939744546,71.24040856963546
1773306618958,2.766666666666667,5.016666666666667,298.5,0.05000000000000001,0.3666666666666667,9.55,0.029670597283903605,1.558869910239602,-0.048578330847175506,-0.4375,5.1875,13.75,0.12999999523162842,0.10999999940395355,9.670000076293945,-0.014180799946188927,0.021816615015268326,1.5195273160934448,-0.0002475016496276315,0.00038077176365646523,0.02652075473982323,-0.9918212890625,0.04547119140625,0.00146484375,-0.119140625,0.9999868664028071,-3.204166666666667,0.1708333333333334,-284.75,0.0799999952316284,-0.25666666726271314,0.1200000762939446,-0.029918098933531236,-1.5584891384759456,0.07509908558699874,-0.8588729571220125,-0.049932187615886706,0.5097463307746285,0.001642688705967045,63.548595238733284
1773306619058,1.6166666666666665,4.1833333333333345,307.23333333333335,0.13333333333333333,0.13333333333333333,9.766666666666667,0.11635528346628864,1.656026571933953,0.025016385945252056,-1.1875,4.6875,21.8125,0.3100000023841858,-0.07999999821186066,10.079999923706055,0.0010908307740464807,-0.018544122576713562,1.6242470741271973,0.000019038588589189398,-0.0003236559958570664,0.028348459309403995,-0.9810791015625,0.0423583984375,-0.00274658203125,-0.18896484375,1.000012846581077,-2.8041666666666663,0.5041666666666655,-285.42083333333335,0.17666666905085246,-0.213333331545194,0.3133332570393872,-0.11633624487769945,-1.6563502279298101,0.003332073364151939,-0.8953838923463862,-0.03895836409801276,0.44357306105747263,0.0035875754410859746,57.93466653511425
1773306619158,0.7666666666666667,3.566666666666667,316.6333333333334,0.7833333333333333,0.16666666666666666,9.566666666666668,0.14893476283684945,1.7069320084504542,0.0189077335632719,-1.5,4.5625,33.5,0.8899999856948853,0,9.40999984741211,-0.038179077208042145,-0.13635385036468506,1.8020524978637695,-0.0006663506026534595,-0.002379823636635425,0.03145174938151086,-0.95684814453125,0.0421142578125,-0.0013427734375,-0.28741455078125,0.9999704542861683,-2.2666666666666666,0.9958333333333331,-283.1333333333334,0.10666665236155193,-0.16666666666666666,-0.15666681925455883,-0.14960111343950291,-1.7093118320870897,0.012544015818238958,-0.9288461541285749,-0.03138805674996859,0.36909577656098796,0.005283898074138906,55.39138916212211
1773306619258,-0.9333333333333335,2.8000000000000003,326.3500000000001,1.1500000000000001,0.18333333333333335,9.916666666666666,0.12071860659627447,1.5132004614790835,0.08435758051305926,-1.6875,4.375,42.8125,1.090000033378601,-0.11999999731779099,10.130000114440918,-0.0665406808257103,-0.09053895622491837,1.58279550075531,-0.0011613539669273038,-0.0015802028874438412,0.027624992873932556,-0.93023681640625,0.04150390625,-0.0001220703125,-0.36456298828125,0.9999846479608375,-0.7541666666666665,1.5749999999999997,-283.5375000000001,-0.05999996662139906,-0.30333333065112433,0.2133334477742519,-0.12187996056320177,-1.5147806643665274,-0.05673258763912671,-0.9568182216746933,-0.02102874281485265,0.28954395366156066,0.01486544802339714,55.80627022502777
1773306619358,-2.966666666666667,2.1833333333333336,335.56666666666666,1.116666666666667,0,9.533333333333333,-0.008144869842640205,1.4070262653160954,0.0767944870877505,-2.1875,4.5,50.4375,1.100000023841858,-0.20999999344348907,9.579999923706055,-0.11890055239200592,0.009817477315664291,1.4769848585128784,-0.002075206121680523,0.00017134730339819656,0.025778248783152328,-0.90386962890625,0.0439453125,-0.00091552734375,-0.42559814453125,1.00002305741848,0.7791666666666668,2.3166666666666664,-285.12916666666666,-0.016666642824809008,-0.20999999344348907,0.04666659037272147,0.006069663720959682,-1.4068549180126972,-0.05101623830459817,-0.9767451681992112,-0.013137587536035472,0.2119818152489681,0.029325589456652375,59.17609182426112
1773306619458,-4.466666666666667,1.1666666666666667,342.95,1.3166666666666669,-0.03333333333333333,9.766666666666667,0.04043346100453531,1.0800679187758242,-0.0026179938779914967,-3.375,3.9375,57.5625,1.25,-0.3100000023841858,9.920000076293945,0.046905722469091415,0.046905722469091415,1.2980886697769165,0.0008186592951123293,0.0008186592951123293,0.0226559212704406,-0.872802734375,0.04437255859375,-0.0098876953125,-0.4859619140625,1.0000051427500332,1.0916666666666668,2.770833333333333,-285.3875,-0.06666666666666687,-0.27666666905085247,0.15333340962727782,-0.03961480170942298,-1.079249259480712,0.025273915148432097,-0.9880900532358418,-0.004284253572147723,0.14851301586948065,0.0400446748653606,65.44703638283433
1773306619558,-4.716666666666667,0.7333333333333334,348.11666666666673,1.6166666666666665,0.6000000000000001,9.483333333333334,0.09657488527701959,0.5235987755982988,0.01658062789394613,-3.6875,3.5,63.25,1.659999966621399,0.4000000059604645,9.6899995803833,-0.06326818466186523,-0.07635815441608429,0.7439466118812561,-0.0011042381341093237,-0.001332701205306919,0.012984317836384285,-0.85064697265625,0.0433349609375,-0.01129150390625,-0.5238037109375,0.9999880082186279,1.0291666666666668,2.7666666666666666,-284.86666666666673,0.04333329995473245,-0.1999999940395356,0.2066662470499665,-0.09767912341112892,-0.5249314768036057,-0.0035963100575618443,-0.9937377612380879,-0.002100232550187776,0.10368800254122061,0.04158904954143727,69.37389379315499
1773306619658,-4.65,0.675,350.35,1.2666666666666668,0.5166666666666667,9.733333333333334,0.07126761112310179,0.03956079637853814,-0.06166830023713298,-4.0625,3.1875,66,1.4299999475479126,0.25,9.890000343322754,0.0359974168241024,-0.07744898647069931,0.10581058263778687,0.0006282734457933874,-0.0013517398162462457,0.0018467430504829274,-0.837890625,0.04266357421875,-0.0146484375,-0.54400634765625,1.000019181335785,0.5875000000000004,2.5125,-284.35,0.16333328088124577,-0.2666666666666667,0.15666700998941963,-0.0706393376773084,-0.04091253619478439,0.06351504328761591,-0.995598586577044,-0.0024525431025212868,0.0842800525811562,0.040918359877200654,71.69009296765245
1773306619775,-4.785714285714286,0.9571428571428572,350.12857142857143,0.6857142857142858,0.39999999999999997,9.871428571428572,0.021442616524501756,-0.2184154892495761,-0.029171931783333792,-3.625,2.875,65.75,0.75,0,9.829999923706055,0.03272492438554764,-0.05017821490764618,-0.20071285963058472,0.0005711576779939885,-0.0008757750629117282,-0.003503100251646913,-0.83941650390625,0.038818359375,-0.01300048828125,-0.54193115234375,0.9999926592885239,1.1607142857142856,1.9178571428571427,-284.37857142857143,0.06428571428571417,-0.39999999999999997,-0.0414286477225172,-0.020871458846507766,0.21753971418666437,0.025668831531686878,-0.9953584083475977,-0.0047222676582540195,0.08630737519755113,0.042312836189626016,71.55680053043646
1773306619875,-4.633333333333334,1.5666666666666667,348.7166666666667,0.5666666666666668,0.7666666666666667,9.850000000000001,-0.0026179938779914945,-0.2868157737444015,0.09279333856436518,-3.5,2.8125,64.4375,0.6299999952316284,0.1599999964237213,10.199999809265137,0.0021816615480929613,-0.007635815534740686,-0.2705260217189789,0.000038077177178378795,-0.00013327012215615645,-0.004721569791317872,-0.8455810546875,0.03704833984375,-0.01275634765625,-0.532470703125,1.0000338362393353,1.1333333333333337,1.2458333333333333,-284.2791666666667,0.06333332856496166,-0.6066666702429454,0.3499998092651353,0.0026560710551698733,0.28668250362224534,-0.09751490835568305,-0.9941955553078876,-0.009620555969870097,0.09876704702826682,0.0415657687308657,70.443893559201
1773306619975,-4.283333333333333,3.1500000000000004,347.05,0.8833333333333333,0.85,9.683333333333335,0.022689280275926288,-0.3607013787454948,0.18965911205005048,-3.375,3.4375,62.8125,0.7599999904632568,0.6299999952316284,9.779999732971191,-0.14071716368198395,-0.004363323096185923,-0.3348850607872009,-0.0024559778203184068,-0.00007615435435675759,-0.00584484692647801,-0.85296630859375,0.04132080078125,-0.00933837890625,-0.520263671875,1.0000102128312023,0.9083333333333332,0.28749999999999964,-284.2375,-0.12333334287007647,-0.22000000476837156,0.09666639963785606,-0.025145258096244696,0.36062522439113803,-0.1955039589765285,-0.992436136956265,-0.023078412418995695,0.1136689215218814,0.040215385409030524,69.11105375024566
1773306620091,-4.285714285714286,4.314285714285714,344.4285714285715,1.1,0.9857142857142858,10,0,-0.575459987657559,0.06831717357806376,-3.0625,4.5,60.9375,1.190000057220459,0.6299999952316284,9.960000038146973,-0.037088245153427124,-0.046905722469091415,-0.411243200302124,-0.0006473119917141328,-0.0008186592951123293,-0.007177547871710603,-0.8609619140625,0.04766845703125,-0.00341796875,-0.5064697265625,1.0000254825236072,1.2232142857142856,0.18571428571428594,-283.4910714285715,0.0900000572204589,-0.35571429048265735,-0.039999961853027344,-0.0006473119917141328,0.5746413283624466,-0.07549472144977436,-0.9891965127676099,-0.03220554937807411,0.1366723209239593,0.04211577389665903,68.14530653777993
1773306620191,-4.383333333333333,5.766666666666667,340.7333333333334,0.65,1.4166666666666667,9.683333333333334,-0.05468698322915566,-0.6094107971546868,0.17715091907742445,-2.625,5.1875,56.75,0.7799999713897705,1.25,9.609999656677246,-0.17126043140888214,-0.003272492438554764,-0.7199482917785645,-0.0029890584064709044,-0.00005711576779939885,-0.012565468135644773,-0.87896728515625,0.05096435546875,0.00128173828125,-0.47412109375,0.9999866540584487,1.7583333333333329,-0.5791666666666666,-283.9833333333334,0.12999997138977049,-0.16666666666666674,-0.07333367665608748,0.05169792482268476,0.6093536813868874,-0.18971638721306922,-0.9836085341708743,-0.043165338926641594,0.1689048025720363,0.04606704559306603,65.56437707853712
1773306620292,-4.716666666666668,7.000000000000001,337.46666666666664,1.3877787807814457e-17,1.3833333333333335,10.366666666666667,-0.20420352248333656,-0.3993895104980358,0.09919287915501107,-2.6875,6.25,53.3125,0.5600000023841858,1.1200000047683716,9.960000038146973,0.019634954631328583,0.21162116527557373,-0.6424993276596069,0.00034269460679639313,0.0036934861009658548,-0.011213728709510014,-0.892333984375,0.05950927734375,0.003173828125,-0.44744873046875,1.000010866612759,2.0291666666666677,-0.7500000000000009,-284.15416666666664,0.5600000023841858,-0.26333332856496194,-0.4066666285196945,0.20454621709013296,0.40308299659900165,-0.11040660786452108,-0.977579322673652,-0.05179680396803167,0.1973097051527768,0.05219807690083346,64.33073148797095
1773306620391,-4.95,8.15,335.7166666666667,0.35000000000000003,2.016666666666667,10.016666666666667,-0.020653062815266233,-0.1806415775814131,0.3423754215995543,-3.4375,6.9375,51.3125,0.3799999952316284,1.7400000095367432,10.430000305175781,-0.2203478217124939,-0.03272492438554764,-0.15707963705062866,-0.0038457949884804685,-0.0005711576779939885,-0.002741556854371145,-0.89947509765625,0.067626953125,-0.00103759765625,-0.431640625,0.9999717805278199,1.5125000000000002,-1.2125000000000004,-284.4041666666667,0.029999995231628385,-0.2766666571299239,0.41333363850911375,0.016807267826785766,0.18007041990341913,-0.34511697845392547,-0.9736038671538857,-0.060347993754831936,0.21260219361111296,0.05704328868945596,64.26755786917725
1773306620491,-4.4,10.466666666666667,334.84999999999997,0.43333333333333335,1.3333333333333333,9.483333333333334,-0.08203047484373349,-0.11955505376161159,0.5020730481570355,-3.375,8.9375,50.375,0.6100000143051147,1.1399999856948853,9.920000076293945,-0.43305981159210205,0.06108652427792549,-0.07744898647069931,-0.007558319570348487,0.0010661609772492516,-0.0013517398162462457,-0.9019775390625,0.08349609375,0.00628662109375,-0.423583984375,0.9999989960337606,1.0250000000000004,-1.5291666666666668,-284.47499999999997,0.1766666809717814,-0.193333347638448,0.43666674296061103,0.07447215527338501,0.12062121473886084,-0.5034247879732817,-0.9704646236884733,-0.08063546828738233,0.22006746921677817,0.0571545660099596,64.48916596426466
1773306620592,-3.8833333333333333,12.316666666666668,334.0833333333333,0.3666666666666667,1.8500000000000003,8.4,0.020071286397934793,-0.22165681500327988,0.23736477827122884,-3.625,11.375,49.75,0.4699999988079071,1.3799999952316284,9.1899995803833,-0.5574145317077637,0.06108652427792549,-0.1276271939277649,-0.009728718876762807,0.0010661609772492516,-0.0022275147491208113,-0.90234375,0.1033935546875,0.01287841796875,-0.41827392578125,1.0000167003369573,0.2583333333333333,-0.9416666666666682,-284.3333333333333,0.10333333214124041,-0.4700000047683719,0.7899995803833004,-0.029800005274697602,0.22272297598052915,-0.23959229302034965,-0.967538227511396,-0.09693043620914218,0.22636252825044206,0.05687068352393382,65.26264036708046
1773306620691,-3.4166666666666665,12.933333333333332,332.7333333333334,0.3,2.2,9.016666666666667,-0.028797932657906443,-0.2937970907523788,-0.12159127122227162,-3.125,13,48.3125,0.36000001430511475,2.1500000953674316,8.699999809265137,0.006544984877109528,-0.014180799946188927,-0.27379852533340454,0.0001142315355987977,-0.0002475016496276315,-0.004778685754173014,-0.90631103515625,0.11474609375,0.0211181640625,-0.40618896484375,1.0000009052451329,0.2916666666666665,0.0666666666666682,-284.4208333333334,0.06000001430511476,-0.04999990463256854,-0.3166668574015308,0.02891216419350524,0.2935495891027512,0.1168125854680986,-0.9644202597148988,-0.10242107143424466,0.2373666987197769,0.05532212140349887,64.68744549826015
1773306620792,-3.016666666666667,12.550000000000002,331.0166666666667,0.18333333333333335,2.3833333333333337,9.700000000000001,-0.0578867535244786,-0.23765566647989456,-0.06894050545377603,-2.875,12.375,46.75,0.36000001430511475,2.069999933242798,9.84000015258789,0.14508049190044403,0.09381144493818283,-0.2661627233028412,0.002532132264075714,0.0016373185902246587,-0.004645415867709215,-0.91229248046875,0.10919189453125,0.019287109375,-0.3941650390625,0.9999692547065303,0.14166666666666705,-0.1750000000000025,-284.2666666666667,0.1766666809717814,-0.3133334000905359,0.14000015258788956,0.06041888578855431,0.2392929850701192,0.06429508958606682,-0.9613299963647715,-0.09923901559833603,0.25143926760992774,0.05267400284927086,63.518923075439076
1773306620891,-2.12,12.620000000000001,329.46000000000004,-0.15000000000000002,2.2333333333333334,9.766666666666667,0.008726646259971651,-0.08377580409572781,-0.08784823901704793,-2.75,12,45.375,0.10000000149011612,2.2300000190734863,9.630000114440918,0.055632367730140686,0.05235987901687622,-0.17671458423137665,0.0009709679875711992,0.0009138522847903816,-0.0030842513311303754,-0.9173583984375,0.106201171875,0.01763916015625,-0.38323974609375,1.000004481514187,-0.6299999999999999,-0.620000000000001,-284.08500000000004,0.25000000149011614,-0.0033333142598470644,-0.13666655222574953,-0.007755678272400452,0.08468965638051819,0.08476398768591756,-0.9581515447613836,-0.10116675684518908,0.2636890864526816,0.04667944158353745,62.48358499164416
1773306620991,-1.05,12.533333333333333,329.03333333333336,-0.26666666666666666,2.1833333333333336,9.783333333333333,0.10675597258031984,0.010471975511965975,0.08261225126106493,-2.5,11.5,44.875,-0.11999999731779099,1.690000057220459,10.079999923706055,0.054541539400815964,-0.05672319978475571,-0.011999138630926609,0.0009519294416504537,-0.000990006598510526,-0.00020942447651291403,-0.91943359375,0.10137939453125,0.01800537109375,-0.3795166015625,0.9999964795944714,-1.45,-1.0333333333333332,-284.15833333333336,0.14666666934887568,-0.4933332761128746,0.2966665903727215,-0.10580404313866938,-0.0114619821104765,-0.08282167573757784,-0.9576424135805123,-0.10275865871715383,0.2663156244540479,0.03791640729279798,61.25981438239084
1773306621092,-0.06666666666666667,13.033333333333333,329.06666666666666,0.18333333333333335,2.1,9.516666666666667,0.06254096486313013,0.07214027574909897,0.09046623289503943,-1.5625,11.75,45,0.009999999776482582,1.9299999475479126,9.59000015258789,-0.1385355144739151,-0.11453723162412643,0.04363323003053665,-0.0024179008585140786,-0.0019990518079603787,0.0007615435273129305,-0.9190673828125,0.0999755859375,0.0260009765625,-0.3802490234375,0.9999726708969305,-1.4958333333333333,-1.2833333333333332,-284.06666666666666,-0.17333333355685077,-0.1700000524520875,0.07333348592122313,-0.06495886572164421,-0.07413932755705935,-0.08970468936772649,-0.957540861643513,-0.1092280300209527,0.2650182689518206,0.030822927546246385,60.395448008390694
1773306621191,-0.13333333333333333,13.399999999999999,329.55,0.26666666666666666,2.35,9.783333333333333,0.030543261909900768,0.09366600319036236,0.17656914266009305,-1.3125,12.3125,45.5625,0.4000000059604645,1.899999976158142,9.789999961853027,-0.1287180334329605,0.0010908307740464807,0.07526732236146927,-0.0022465534900973005,0.000019038588589189398,0.0013136625943675924,-0.9166259765625,0.10369873046875,0.03057861328125,-0.384765625,0.9999681221828185,-1.1791666666666667,-1.0874999999999986,-283.9875,0.13333333929379781,-0.450000023841858,0.006666628519694129,-0.03278981539999807,-0.09364696460177317,-0.17525548006572544,-0.9582760483649392,-0.11227227746293371,0.26094757565014726,0.031753954173828904,60.80313812639528
1773306621291,-0.36,14.680000000000001,330.28000000000003,0.15,2.75,9.45,0.048578330847175506,0.08290313946973066,0.26296294063381237,-1.25,13.3125,46.125,0.30000001192092896,2.4800000190734863,9.600000381469727,-0.28361600637435913,-0.03272492438554764,0.09490227699279785,-0.004950033122589792,-0.0005711576779939885,0.0016563572011639854,-0.91387939453125,0.1112060546875,0.03485107421875,-0.38885498046875,0.9999825636267445,-0.89,-1.3675000000000015,-284.15500000000003,0.15000001192092896,-0.26999998092651367,0.15000038146972727,-0.0535283639697653,-0.08347429714772464,-0.2613065834326484,-0.958527249103733,-0.12268456886017276,0.2547432067240645,0.03577580072010368,61.97013281526257
1773306621392,-0.30000000000000004,16.1,330.6833333333334,0.16666666666666666,2.8000000000000007,9.316666666666668,0.025889050571249222,-0.004654211338651545,0.2679080401811296,-1.125,14.75,46.625,0.18000000715255737,2.5999999046325684,9.430000305175781,-0.26834437251091003,-0.05235987901687622,0.0512690469622612,-0.004683492829513543,-0.0009138522847903816,0.000894813673851055,-0.9107666015625,0.12213134765625,0.041748046875,-0.3922119140625,0.9999924767479426,-0.825,-1.3500000000000014,-284.0583333333334,0.013333340485890716,-0.20000009536743235,0.11333363850911304,-0.030572543400762764,0.0037403590538611638,-0.26701322650727854,-0.9578229384606566,-0.13482286274731275,0.2509147476254218,0.03794474487045006,63.25401153197866
1773306621491,-0.2833333333333334,17.55,330.6166666666666,0.16666666666666666,2.9333333333333336,9.133333333333333,0.033161255787892266,-0.048287442638509794,0.26848981659846105,-1,16.125,46.625,0.20999999344348907,2.630000114440918,9.119999885559082,-0.3337942063808441,-0.037088245153427124,-0.02508910745382309,-0.0058258079254271955,-0.0006473119917141328,-0.0004378875314558641,-0.90936279296875,0.13250732421875,0.0472412109375,-0.39141845703125,0.9999695098967291,-0.7166666666666666,-1.4250000000000007,-283.9916666666666,0.04333332677682242,-0.3033332188924156,-0.013333447774250828,-0.03898706371331946,0.04764013064679566,-0.2689277041299169,-0.9558838016852615,-0.14694660712047689,0.25101277836547686,0.041054079319306894,64.53549663890547
1773306621591,0.16666666666666666,19.08333333333334,330.26666666666665,0.06666666666666667,3.35,9.116666666666667,0.2577269528778293,-0.1279908118129175,0.37466401276144945,-0.6875,17.625,46.375,0.2199999988079071,2.890000104904175,9.539999961853027,-0.34688419103622437,-0.17126043140888214,-0.1178097203373909,-0.006054271256699116,-0.0029890584064709044,-0.002056167510741196,-0.90838623046875,0.14349365234375,0.0543212890625,-0.388916015625,0.9999812206352732,-0.8541666666666666,-1.4583333333333393,-283.89166666666665,0.15333333214124045,-0.4599998950958253,0.4233332951863602,-0.2637812241345284,0.1250017534064466,-0.3767201802721906,-0.953214783086689,-0.1605837512441619,0.2527876701191899,0.04114401508191972,65.59830411590144
1773306621691,2.0200000000000005,21.1,329.34000000000003,-0.35000000000000003,3.6500000000000004,8.850000000000001,0.30572350730767345,-0.1841322360854018,0.19867664651868788,1.4375,20,45.75,-0.3199999928474426,3.4100000858306885,8.789999961853027,-0.26943519711494446,-0.40142571926116943,-0.19744037091732025,-0.004702531310415707,-0.007006200503293826,-0.0034459845488660954,-0.90728759765625,0.15521240234375,0.0794677734375,-0.382568359375,0.9999676751336317,-0.5825000000000005,-1.1000000000000014,-283.59000000000003,0.030000007152557406,-0.23999991416931188,-0.06000003814697408,-0.31042603861808915,0.177126035582108,-0.202122631067554,-0.9488220437431952,-0.18113283678497538,0.2567559552397412,0.03168602521840701,65.50356907684228
1773306621791,3.9166666666666674,22.200000000000003,328.26666666666665,-0.7500000000000001,3.7166666666666663,8.9,0.23707389006256313,-0.12857258823024895,0.16609716714812706,3.4375,21,45.0625,-0.6399999856948853,3.2699999809265137,9.039999961853027,-0.2050761878490448,-0.3588833212852478,-0.19853119552135468,-0.00357925469540422,-0.006263695586920222,-0.0034650230297682593,-0.90802001953125,0.15655517578125,0.097900390625,-0.3760986328125,1.0000222732626454,-0.4791666666666674,-1.2000000000000028,-283.20416666666665,0.11000001430511486,-0.44666668574015267,0.139999961853027,-0.24065314475796734,0.12230889264332873,-0.1695621901778953,-0.945153333523483,-0.1942468497937437,0.26180003979413347,0.020348873149257624,64.48773272650283
1773306621892,5.2,22.95,327.75000000000006,-0.8833333333333333,3.9166666666666665,8.9,0.2068215163613281,0.00727220521664304,0.12769992360425178,4.5625,21.75,44.75,-0.7400000095367432,3.5199999809265137,8.960000038146973,-0.123263880610466,-0.20616701245307922,-0.06435901671648026,-0.0021513605654378295,-0.003598293176306384,-0.0011232767450486503,-0.907470703125,0.15863037109375,0.10943603515625,-0.37322998046875,0.9999717674889358,-0.6375000000000002,-1.1999999999999993,-283.00000000000006,0.14333332379659014,-0.39666668574015285,0.0600000381469723,-0.20897287692676592,-0.010870498392949424,-0.12882320034930042,-0.942993299379486,-0.20326391230997864,0.2632327124990952,0.012488328479068327,64.08795874309658
1773306621991,6.266666666666667,23.8,327.7166666666667,-1.116666666666667,4.05,9.033333333333333,0.11141018391897137,0.051778101142498444,0.26994425764178964,5.5625,22.5,45.0625,-1,3.609999895095825,9.119999885559082,-0.20834867656230927,-0.15053464472293854,0.0010908307740464807,-0.0036363703981850373,-0.002627325188735185,0.000019038588589189398,-0.90496826171875,0.16070556640625,0.12066650390625,-0.375,0.9999896194247052,-0.7041666666666666,-1.3000000000000007,-282.6541666666667,0.11666666666666692,-0.4400001049041746,0.08666655222574882,-0.11504655431715641,-0.05440542633123363,-0.26992521905320044,-0.9416617940000392,-0.21264848126696984,0.2608050756602155,0.0058652915825513005,64.16780330635413
1773306622091,6.180000000000001,25.620000000000005,327.98,-0.9666666666666667,4.383333333333334,9.183333333333332,-0.24114632498388322,0.0875573508083822,0.3836815472300868,5.875,23.875,45.375,-1.090000033378601,3.9100000858306885,9.09000015258789,-0.33052173256874084,0.1788962483406067,0.0818123072385788,-0.0057686924827207026,0.003122328553009029,0.00142789412996639,-0.90155029296875,0.17022705078125,0.1282958984375,-0.37646484375,0.9999778976084014,-0.3050000000000006,-1.7450000000000045,-282.605,-0.1233333667119344,-0.47333324750264527,-0.09333318074544117,0.2353776325011625,-0.08443502225537317,-0.3822536531001204,-0.9392232065405152,-0.22730627269071474,0.25706142362417,0.010538082155798233,66.33474546154387
1773306622191,4.6000000000000005,27.916666666666668,328.15000000000003,-0.65,4.666666666666667,8.283333333333333,-0.3191043649062966,0.06399540590645875,0.39473529915938427,3.75,27,45.25,-0.3799999952316284,4.639999866485596,8.220000267028809,-0.4919646680355072,0.3272492289543152,0.04908738657832146,-0.008586403260700504,0.00571157651986556,0.0008567365169909828,-0.89703369140625,0.20257568359375,0.12103271484375,-0.3736572265625,0.999987495984938,-0.8500000000000005,-0.9166666666666679,-282.90000000000003,0.2700000047683716,-0.02666680018107126,-0.06333306630452462,0.31051796164559614,-0.05828382938659318,-0.3938785626423933,-0.9351306348715285,-0.2424580384549796,0.25675337479565,0.028679258086290293,71.7911491447445
1773306622291,2.6666666666666665,29.599999999999998,328.4166666666667,-0.4166666666666667,4.833333333333333,8.15,-0.5160356821729902,0.09482955602502524,0.18500490071139897,2.1875,28.375,45.125,-0.6299999952316284,4.539999961853027,8.329999923706055,-0.29997846484184265,0.5159629583358765,0.07853981852531433,-0.005235611896568205,0.009005252441291366,0.0013707784271855725,-0.8951416015625,0.21881103515625,0.1121826171875,-0.37176513671875,0.9999755059163076,-0.4791666666666665,-1.2249999999999979,-283.2916666666667,-0.21333332856496173,-0.2933333714803057,0.17999992370605433,0.510800070276422,-0.08582430358373387,-0.18363412228421339,-0.9316988330424633,-0.251860396735835,0.2573207456847112,0.04785038039184318,75.6345160940454
1773306622391,-0.4166666666666667,30.166666666666668,328.90000000000003,0.15,4.8999999999999995,7.900000000000001,-0.730420291959627,0.17249670773877293,-0.21525727441263398,-0.8125,28.6875,44.8125,-0.2800000011920929,4.800000190734863,8.149999618530273,0.22143864631652832,0.7439466118812561,0.08508480340242386,0.003864833469382633,0.012984317836384285,0.0014850099627843703,-0.89569091796875,0.23223876953125,0.087646484375,-0.368896484375,0.9999817943405884,-0.3958333333333333,-1.4791666666666679,-284.08750000000003,-0.4300000011920929,-0.09999980926513619,0.2499996185302722,0.7342851254290096,-0.15951238990238864,0.21674228437541834,-0.9299464767086363,-0.24975581811475445,0.25975328729829605,0.07314240570798991,79.16172350432389
1773306622492,-5.483333333333333,28.36666666666667,330.1833333333334,1.0666666666666667,4.533333333333334,8.6,-0.6428629411512448,0.23503767260190309,-0.4593124814831744,-4.8125,27.1875,44.875,1.0399999618530273,4.559999942779541,8.34000015258789,0.4406956434249878,0.6675884127616882,0.2410736083984375,0.007691589976960937,0.011651615850854391,0.0042075282062161885,-0.89776611328125,0.23345947265625,0.0491943359375,-0.37030029296875,1.0000148544847371,0.6708333333333334,-1.1791666666666707,-285.3083333333334,-0.026666704813639308,0.026666609446206913,-0.259999847412109,0.6505545311282057,-0.2233860567510487,0.46352000968939056,-0.9327937374643979,-0.22457548288186735,0.260471027642006,0.10778005193306181,81.44045950306884
1773306622592,-8.9,26.283333333333335,330.96666666666664,1.5666666666666667,4.283333333333333,8.833333333333334,-0.5785766470361203,0.19344065876270486,-0.2949606435870417,-8.6875,24.75,45.0625,1.2799999713897705,4.059999942779541,8.819999694824219,0.35124751925468445,0.6708609461784363,0.1843504011631012,0.006130425700456423,0.011708732333858184,0.0032175214776685,-0.8997802734375,0.22601318359375,0.00946044921875,-0.37310791015625,0.999992756146778,0.21250000000000036,-1.533333333333335,-285.90416666666664,-0.28666669527689614,-0.2233333905537922,-0.013333638509115175,0.5847070727365767,-0.18173192642884667,0.29817816506471023,-0.9354580106499795,-0.20049825948233826,0.26043860022636306,0.12996343242415745,82.75600757397278
1773306622691,-11.799999999999999,24.96666666666667,331.65000000000003,2.0500000000000003,4.133333333333334,9.016666666666667,-0.31997702953229373,0.11373728958829712,-0.01221730476396031,-12.5625,23.25,45.375,2.240000009536743,3.7799999713897705,9.079999923706055,0.05890486016869545,0.35670167207717896,0.1385355144739151,0.001028083755370598,0.0062256186251158935,0.0024179008585140786,-0.89849853515625,0.225830078125,-0.0269775390625,-0.37548828125,1.0000090393760541,-0.7625000000000011,-1.7166666666666686,-286.27500000000003,0.1900000095367429,-0.35333336194356324,0.06333325703938719,0.32100511328766435,-0.10751167096318123,0.014635205622474388,-0.9361754268572555,-0.18388683143313628,0.2593711631395931,0.14995933817449142,85.16227179481066
1773306622791,-13.533333333333333,25.333333333333332,332.2666666666667,2.3333333333333335,4.216666666666668,8.933333333333335,-0.12100949480494018,0.006981317007977319,0.3720460188834579,-13.625,24.3125,45.5625,2.2899999618530273,3.9000000953674316,9.020000457763672,-0.3948807418346405,0.1788962483406067,0.003272492438554764,-0.006891969097732191,0.003122328553009029,0.00005711576779939885,-0.895263671875,0.23712158203125,-0.03240966796875,-0.37579345703125,0.999997397881341,-0.09166666666666679,-1.0208333333333321,-286.7041666666667,-0.04333337148030614,-0.31666657129923603,0.08666712443033653,0.11411752570720798,-0.0038589884549682903,-0.3719889031156585,-0.9344373508987955,-0.18385369175906538,0.2572853904919569,0.16379525362844016,87.38121095522176
1773306622891,-14.299999999999999,27.666666666666668,332.95,2.3833333333333337,4.666666666666667,8.716666666666667,0.10850130183231417,-0.08261225126106493,0.651007810993885,-13.625,24.3125,45.5625,2.2899999618530273,3.9000000953674316,9.020000457763672,-0.3948807418346405,0.1788962483406067,0.003272492438554764,-0.006891969097732191,0.003122328553009029,0.00005711576779939885,-0.895263671875,0.23712158203125,-0.03240966796875,-0.37579345703125,0.999997397881341,0.6749999999999989,-3.354166666666668,-287.3875,-0.0933333714803064,-0.7666665712992353,0.3033337910970051,-0.11539327093004637,0.08573457981407397,-0.6509506952260856,-0.9297663630108026,-0.20239513329504388,0.25425507074357645,0.1729886679332635,89.34362031122329
1773306622992,-13.916666666666666,31.01666666666667,333.45,2.166666666666667,5.1499999999999995,7.616666666666667,0.28536133270107295,-0.18471401250273323,0.5323254218582705,-12.5625,30.5,45.75,2.4000000953674316,5.139999866485596,7.690000057220459,-0.6654067635536194,-0.2705260217189789,-0.21271200478076935,-0.011613538889050062,-0.004721569791317872,-0.003712524841942344,-0.8839111328125,0.28240966796875,-0.00408935546875,-0.3726806640625,0.9999808555499012,1.354166666666666,-0.5166666666666693,-287.7,0.23333342870076468,-0.010000133514403764,0.07333339055379184,-0.29697487159012304,0.17999244271141535,-0.5360379467002128,-0.9234978522972153,-0.2315115194388896,0.25116177080149427,0.17456201779707164,93.55615668000445
1773306623091,-12.266666666666667,33.51666666666667,333.15000000000003,1.7,5.483333333333333,7.733333333333334,0.48374709101109503,-0.22369303246393987,0.3185225884889652,-10.5625,32.6875,45.5,1.899999976158142,5.289999961853027,7.940000057220459,-0.4046982228755951,-0.45923975110054016,-0.2301652878522873,-0.007063316466148968,-0.008015245712743679,-0.004017142096822922,-0.8814697265625,0.29351806640625,0.0186767578125,-0.36944580078125,0.9999903775288631,1.7041666666666675,-0.8291666666666728,-287.65000000000003,0.19999997615814213,-0.19333337148030605,0.2066667238871247,-0.490810407477244,0.2156777867511962,-0.3225397305857881,-0.9188810320616103,-0.2550989653533176,0.2510040234492125,0.16606970526066459,94.55880194872644
1773306623192,-9.666666666666666,35.13333333333333,332.4833333333334,1.1333333333333335,5.716666666666668,7.683333333333334,0.4238241200259563,-0.14108078120287498,0.11926416555294583,-10.5625,32.6875,45.5,1.899999976158142,5.289999961853027,7.940000057220459,-0.4046982228755951,-0.45923975110054016,-0.2301652878522873,-0.007063316466148968,-0.008015245712743679,-0.004017142096822922,-0.8814697265625,0.29351806640625,0.0186767578125,-0.36944580078125,0.9999903775288631,-0.8958333333333339,-2.445833333333333,-286.9833333333334,0.7666666428248086,-0.42666670481364033,0.2566667238871254,-0.4308874364921053,0.1330655354901313,-0.12328130764976876,-0.9166710542939048,-0.2730087392054673,0.2506307254749316,0.14954813935670294,94.73150712790542
1773306623291,-6.566666666666666,36.06666666666667,331.7166666666667,0.7000000000000001,5.866666666666667,8.1,0.4185881322699734,-0.12711814718692035,0.3351032163829113,-4.4375,34.875,45.5625,0.75,5.25,8.670000076293945,-0.3239767253398895,-0.39706239104270935,-0.08835729211568832,-0.005654460557010417,-0.0069300460595365185,-0.0015421256655651877,-0.8790283203125,0.29180908203125,0.078125,-0.36883544921875,0.9999932162233567,2.1291666666666664,-1.19166666666667,-286.1541666666667,0.04999999999999993,-0.6166666666666671,0.5700000762939457,-0.4242425928269838,0.12018810112738383,-0.33664534204847646,-0.9162144859763147,-0.2863901233818682,0.24912995142232144,0.12831983564822524,92.11412502905273
1773306623391,-4.033333333333333,38.56666666666667,331.1000000000001,0.4166666666666667,6.266666666666667,7.7,0.25627251183450067,-0.11577350704895718,0.5995205980600522,-2.375,37.6875,45.625,0.38999998569488525,5.869999885559082,8.09000015258789,-0.686132550239563,-0.34470251202583313,-0.09053895622491837,-0.011975272106785782,-0.0060161937747461374,-0.0015802028874438412,-0.872314453125,0.30615234375,0.10467529296875,-0.3665771484375,0.9999987427137339,1.6583333333333332,-0.87916666666667,-285.4750000000001,-0.02666668097178143,-0.3966667811075846,0.39000015258789045,-0.26824778394128646,0.10975731327421105,-0.6011008009474961,-0.910571573942487,-0.3113063468162449,0.24664308697601764,0.1145205431648246,93.86893582651852
1773306623492,-2.5833333333333335,41.35,330.65000000000003,0.16666666666666666,6.566666666666667,6.8500000000000005,0.17947802474675023,-0.05032366009916984,0.2318379023065801,-1.3125,40.375,45.5625,0.3499999940395355,6.610000133514404,6.730000019073486,-0.38069993257522583,-0.26943519711494446,-0.07635815441608429,-0.006644467285558106,-0.004702531310415707,-0.001332701205306919,-0.86529541015625,0.32330322265625,0.1219482421875,-0.36322021484375,1.0000307089590552,1.2708333333333335,-0.9750000000000014,-285.08750000000003,0.18333332737286887,0.04333346684773698,-0.1199999809265142,-0.18612249203230835,0.04562112878875413,-0.23317060351188704,-0.9028312177312104,-0.3361193523583138,0.24465952384583445,0.10982390746889821,97.01947162087616
1773306623591,-1.7333333333333334,42.20000000000001,330.43333333333334,0.10000000000000002,6.550000000000001,7.166666666666667,-0.009599310885968815,0.022689280275926284,0.016289739685280413,-0.8125,41,45.6875,0.14000000059604645,6.369999885559082,6.940000057220459,-0.013089969754219055,0.022907447069883347,0.0010908307740464807,-0.0002284630711975954,0.00039981037459579195,0.000019038588589189398,-0.86328125,0.32598876953125,0.1287841796875,-0.36322021484375,1.0000187417598647,0.9208333333333334,-1.20000000000001,-284.74583333333334,0.04000000059604643,-0.18000011444091868,-0.22666660944620798,0.00937084781477122,-0.022289469901330492,-0.016270701096691223,-0.9005779739110241,-0.3444394975296059,0.243294321249626,0.10549226841598917,97.67692673856482
1773306623691,-1.6600000000000001,42.94,330.62,0,6.883333333333333,7.216666666666666,0.04916010726450695,0.032870367579226546,0.2798344567364242,-0.8125,41,45.6875,0.14000000059604645,6.369999885559082,6.940000057220459,-0.013089969754219055,0.022907447069883347,0.0010908307740464807,-0.0002284630711975954,0.00039981037459579195,0.000019038588589189398,-0.86328125,0.32598876953125,0.1287841796875,-0.36322021484375,1.0000187417598647,0.8475000000000001,-1.9399999999999977,-284.9325,0.14000000059604645,-0.5133334477742508,-0.2766666094462069,-0.04938857033570455,-0.032470557204630754,-0.279815418147835,-0.8987506319064141,-0.3505940854314501,0.24109631081529315,0.10584733260485119,98.28373245910005
1773306623791,-1.9333333333333336,44.68333333333334,331.06666666666666,0.20000000000000004,7.150000000000001,7.233333333333333,-0.04886921905584123,0.061086523819801536,0.5826490819574404,-0.75,41.75,45.9375,0,6.570000171661377,7.340000152587891,-0.31088677048683167,-0.09162978827953339,0.010908307507634163,-0.005425997745887147,-0.0015992414983831678,0.00019038588182823261,-0.85968017578125,0.332275390625,0.1331787109375,-0.3643798828125,0.9999831038031106,1.1833333333333336,-2.933333333333337,-285.12916666666666,-0.20000000000000004,-0.5799998283386243,0.10666681925455723,0.04344322130995409,-0.0626857653181847,-0.5824586960756122,-0.8938772396900585,-0.36412560028882995,0.2372406798093633,0.11005856360125922,100.5727374331146
1773306623891,-2.1666666666666665,47.81666666666666,331.43333333333334,0.18333333333333335,7.483333333333334,6.2,0.015126186850617522,0.012799081181291751,0.48840130234974655,-1.375,44.1875,46.375,0.46000000834465027,7,7.170000076293945,-0.6239551901817322,0.123263880610466,0.06763150542974472,-0.010890072453578623,0.0021513605654378295,0.001180392447829468,-0.85162353515625,0.35107421875,0.13616943359375,-0.36468505859375,1.0000265293029584,0.7916666666666665,-3.629166666666663,-285.05833333333334,0.2766666750113169,-0.4833333333333343,0.9700000762939451,-0.026016259304196147,-0.010647720615853921,-0.4872209099019171,-0.8838862083386488,-0.3884119806007724,0.23293275733878066,0.11672032639204144,105.46616020516241
1773306623992,-2.1833333333333336,50.46666666666667,331.56666666666666,0.2333333333333334,7.7,6.133333333333333,0.06370451769779303,-0.04537856055185257,0.46745735132581456,-1.125,49.8125,46.625,0.4699999988079071,7.460000038146973,6.420000076293945,-0.5126904845237732,-0.06763150542974472,-0.04472406208515167,-0.008948136998584875,-0.001180392447829468,-0.0007805821382522572,-0.8331298828125,0.39117431640625,0.15631103515625,-0.35845947265625,1.0000245400487342,1.0583333333333336,-0.6541666666666686,-284.94166666666666,0.2366666654745737,-0.23999996185302752,0.28666674296061245,-0.07265265469637791,0.0441981681040231,-0.46823793346406684,-0.8747216733950911,-0.4089420591484315,0.22998795736064162,0.12138338362977039,111.71850281842029
1773306624091,-1.5333333333333332,53.23333333333334,331.26666666666665,0.016666666666666673,7.95,5.3999999999999995,0.08435758051305926,-0.040724349213201026,0.4645484692391573,-0.625,52.1875,46.5,0.20000000298023224,7.659999847412109,5.730000019073486,-0.4625122547149658,-0.08072147518396378,-0.037088245153427124,-0.008072361675598822,-0.0014088555190270634,-0.0006473119917141328,-0.82513427734375,0.40679931640625,0.1676025390625,-0.35430908203125,0.9999788978704545,0.9083333333333332,-1.0458333333333414,-284.76666666666665,0.18333333631356558,-0.2900001525878908,0.33000001907348686,-0.09242994218865809,0.03931549369417396,-0.46519578123087146,-0.8645007716095686,-0.43100151611524795,0.22761827121554792,0.1227437640031603,115.62952039280137
1773306624192,-0.7833333333333332,55.9,330.93333333333334,-0.13333333333333333,8.433333333333332,4.783333333333334,0.039269908169872414,0.009017534468637371,0.2932153143350474,-0.1875,55.3125,46.625,-0.05999999865889549,8.40999984741211,5.199999809265137,-0.21271200478076935,-0.015271631069481373,-0.004363323096185923,-0.003712524841942344,-0.0002665402443123129,-0.00007615435435675759,-0.81341552734375,0.42755126953125,0.1815185546875,-0.35015869140625,1.0000025015293066,0.5958333333333332,-0.5874999999999986,-284.30833333333334,0.07333333467443784,-0.02333348592122242,0.4166664759318026,-0.04298243301181476,-0.009284074712949683,-0.29329146868940414,-0.8542671361706474,-0.45217737496444654,0.2247686801138787,0.12345979940420986,120.11715946285767
1773306624293,-0.5666666666666668,57.716666666666676,331.0166666666667,-4.625929269271485e-18,8.683333333333335,5.133333333333333,0.03577924966588376,0.11141018391897138,0.21583905082996546,-0.1875,55.3125,46.625,-0.05999999865889549,8.40999984741211,5.199999809265137,-0.21271200478076935,-0.015271631069481373,-0.004363323096185923,-0.003712524841942344,-0.0002665402443123129,-0.00007615435435675759,-0.81341552734375,0.42755126953125,0.1815185546875,-0.35015869140625,1.0000025015293066,0.37916666666666676,-2.4041666666666757,-284.3916666666667,-0.059999998658895486,-0.27333348592122597,0.06666647593180386,-0.0394917745078261,-0.1116767241632837,-0.21591520518432222,-0.8473432161991943,-0.4662002756867056,0.2214715287935511,0.12496855142271882,121.79677427657144
1773306624408,-1.157142857142857,59.35714285714287,332.17142857142863,0.15714285714285717,8.557142857142859,5.3428571428571425,0.08651846434886175,0.07853981633974484,0.39943106595641664,-0.6875,57.9375,48,0.2199999988079071,8.130000114440918,5.699999809265137,-0.3948807418346405,-0.07853981852531433,0.10690141469240189,-0.006891969097732191,-0.0013707784271855725,0.0018657816614222542,-0.79937744140625,0.44549560546875,0.19012451171875,-0.35546875,0.9999879951799554,0.46964285714285703,-1.4196428571428683,-284.17142857142863,0.06285714166504994,-0.42714274270194075,0.3571426664079942,-0.09341043344659394,-0.07991059476693041,-0.3975652842949944,-0.8420773881804846,-0.4784706545134495,0.21376682470470526,0.12757448702727603,125.83478405175573
1773306624508,-1.2833333333333332,61.48333333333335,333.01666666666665,0.06666666666666667,8.700000000000001,4.766666666666667,0.08493935693039072,0.014835298641951803,0.5585053606381855,-0.5625,60.5,48.5,0.12999999523162842,8.470000267028809,4.980000019073486,-0.5661411881446838,-0.1439896672964096,-0.022907447069883347,-0.00988102776427742,-0.0025130937831735495,-0.00039981037459579195,-0.786376953125,0.4638671875,0.2025146484375,-0.35418701171875,1.000011051012608,0.7208333333333332,-0.9833333333333485,-284.51666666666665,0.06333332856496175,-0.22999973297119247,0.21333335240681972,-0.09482038469466814,-0.017348392425125352,-0.5589051710127813,-0.8343744468540426,-0.4947850312396001,0.20607424749390824,0.12860971898755488,129.97708910866712
1773306624625,-1.4000000000000001,64.2,333.59999999999997,0.08571428571428572,8.857142857142856,3.842857142857143,0.05235987755982989,0.055102537812963835,0.5053974848275009,-0.625,63.5625,49,0.20999999344348907,8.680000305175781,4.159999847412109,-0.593411922454834,-0.1330813616514206,0.04581489413976669,-0.010356991867426125,-0.0023227079338546076,0.0007996207491915839,-0.773681640625,0.48211669921875,0.212158203125,-0.35211181640625,1.0000068135327438,0.7750000000000001,-0.6375000000000028,-284.59999999999997,0.12428570772920336,-0.17714255196707462,0.3171427045549664,-0.06271686942725602,-0.05742524574681844,-0.5045978640783093,-0.8231960042168522,-0.5149565662004144,0.1997471598351706,0.1314121216108669,134.7462010821705
1773306624724,-1.9666666666666668,66.93333333333334,334.5833333333333,0.15000000000000002,8.916666666666666,3.4166666666666665,0.02879793265790644,0.04566944876051829,0.3435389744342172,-0.8125,66.625,49.625,0.20999999344348907,8.75,3.7100000381469727,-0.3730641305446625,-0.03163409233093262,0.046905722469091415,-0.006511197399094307,-0.0005521190670546618,0.0008186592951123293,-0.75860595703125,0.50225830078125,0.22247314453125,-0.35028076171875,0.9999686549161716,1.1541666666666668,-0.3083333333333371,-284.9583333333333,0.05999999344348905,-0.16666666666666607,0.29333337148030614,-0.035309130057000745,-0.04622156782757295,-0.3427203151391049,-0.8115690909572434,-0.5347139629696148,0.1927204641567638,0.1352605304712524,139.9301852162216
1773306624825,-2.8333333333333335,68.86666666666667,335.6,0.2333333333333333,9,3.1666666666666665,0.0215257274412634,0.04712388980384691,0.21031217486531675,-1,68.125,49.9375,0.33000001311302185,8.829999923706055,3.4700000286102295,-0.24870941042900085,0.013089969754219055,0.06872233748435974,-0.004340798092679988,0.0002284630711975954,0.0011994310587687947,-0.7510986328125,0.51239013671875,0.22625732421875,-0.34942626953125,0.9999919514779209,1.8333333333333335,-0.7416666666666742,-285.6625,0.09666667977968854,-0.1700000762939453,0.303333361943563,-0.025866525533943387,-0.04689542673264931,-0.20911274380654796,-0.8029570182632655,-0.5481987427690317,0.18790799498958238,0.1393870534418959,143.1553965767639
1773306624924,-3.516666666666667,70.01666666666667,336.43333333333334,0.26666666666666666,9.133333333333335,3.033333333333333,0.015998851476614687,0.019489509980603344,0.14486232791552933,-1.1875,69.0625,50.25,0.27000001072883606,8.789999961853027,3.369999885559082,-0.153807133436203,0.004363323096185923,0.02508910745382309,-0.0026844408915160023,0.00007615435435675759,0.0004378875314558641,-0.7457275390625,0.51904296875,0.228759765625,-0.34942626953125,0.9999724566868613,2.329166666666667,-0.9541666666666657,-286.18333333333334,0.0033333440621693966,-0.3433333714803073,0.3366665522257488,-0.01868329236813069,-0.019413355626246586,-0.14442444038407345,-0.7978359272864818,-0.5562092684409287,0.1844165661007992,0.14170255106707244,145.21159813971792
1773306625025,-3.866666666666667,70.95,336.9166666666667,0.2333333333333333,9.383333333333333,3.0500000000000003,0.019489509980603347,-0.0063995405906458755,0.18122335399874454,-1.25,69.75,50.4375,0.3700000047683716,9.079999923706055,3.5,-0.15707963705062866,-0.01745329238474369,-0.006544984877109528,-0.002741556854371145,-0.00030461741742703036,-0.0001142315355987977,-0.7420654296875,0.52337646484375,0.231201171875,-0.34918212890625,0.9999830833136676,2.616666666666667,-1.2000000000000028,-286.4791666666667,0.13666667143503827,-0.30333340962727817,0.44999999999999973,-0.022231066834974493,0.006094923173218845,-0.18133758553434334,-0.7935302735096373,-0.5627920309156701,0.18202964825369555,0.1429686753039686,146.7074049157608
1773306625124,-4.0200000000000005,72.08000000000001,337.18,0.18333333333333335,9.316666666666668,2.6666666666666665,0.010471975511965976,0.006108652381980152,0.16609716714812706,-1.25,70.8125,50.5625,0.27000001072883606,9.170000076293945,3.0799999237060547,-0.21925698220729828,-0.014180799946188927,0.008726646192371845,-0.0038267562475039793,-0.0002475016496276315,0.00015230870871351518,-0.73681640625,0.530029296875,0.23516845703125,-0.34765625,0.9999992717054814,2.7700000000000005,-1.2675000000000125,-286.6175,0.08666667739550271,-0.1466665903727229,0.41333325703938817,-0.014298731759469956,-0.006356154031607784,-0.16594485843941353,-0.7880556611949092,-0.570756694048921,0.1800948260238285,0.14412121528924146,148.62593562043506
1773306625226,-4.333333333333333,73.14999999999999,337.55,0.23333333333333336,9.299999999999999,2.6,0.008435758051305926,0.0215257274412634,0.06777695261911314,-1.3125,71.6875,50.75,0.3100000023841858,9.100000381469727,2.9700000286102295,-0.05235987901687622,-0.010908307507634163,0.03381575271487236,-0.0009138522847903816,-0.00019038588182823261,0.000590196223914734,-0.73236083984375,0.5355224609375,0.23785400390625,-0.346923828125,1.0000336872327542,3.020833333333333,-1.4624999999999915,-286.8,0.07666666905085243,-0.19999961853027237,0.3700000286102294,-0.009349610336096308,-0.021716113323091632,-0.0671867563951984,-0.7827664398007692,-0.5781475317091623,0.1783141563687609,0.14569212037282236,150.39058812978345
1773306625341,-4.633333333333334,73.63333333333334,337.9666666666667,0.22857142857142856,9.328571428571427,2.557142857142857,0.020445285523362146,0.006731984257692414,0.02094395102393195,-1.3125,72,50.875,0.23000000417232513,9.170000076293945,2.859999895095825,-0.039269909262657166,-0.04036073759198189,0.006544984877109528,-0.0006853892135927863,-0.0007044277595135317,0.0001142315355987977,-0.73040771484375,0.53729248046875,0.2392578125,-0.34716796875,0.9999742690888687,3.3208333333333337,-1.63333333333334,-287.0916666666667,0.00142857560089657,-0.1585713522774821,0.30285703795296826,-0.021130674736954933,-0.007436412017205946,-0.02082971948833315,-0.7805329163063668,-0.5815485120104201,0.176634060658783,0.14618516804359322,151.14486424824494
1773306625441,-4.9,73.83333333333333,338.3333333333334,0.26666666666666666,9.383333333333333,2.6,0.009017534468637371,0.020071286397934793,-0.00901753446863737,-1.375,72,51,0.25999999046325684,9.170000076293945,2.9100000858306885,0.01636246219277382,-0.013089969754219055,0.01745329238474369,0.00028557883899699426,-0.0002284630711975954,0.00030461741742703036,-0.72991943359375,0.537353515625,0.2392578125,-0.34814453125,0.9999900478374449,3.5250000000000004,-1.8333333333333286,-287.3333333333334,-0.006666676203409827,-0.21333325703938755,0.3100000858306884,-0.008731955629640376,-0.020299749469132388,0.0093221518860644,-0.7797174013941549,-0.5829850820813403,0.17535156496793555,0.1463591360218261,151.4162141026134
1773306625541,-5.375000000000001,73.825,338.85,0.3166666666666667,9.366666666666667,2.6,-0.008435758051305925,0.032870367579226546,-0.033743032205223705,-1.5,71.9375,51.1875,0.41999998688697815,9.140000343322754,2.940000057220459,0.046905722469091415,0.028361599892377853,0.04581489413976669,0.0008186592951123293,0.000495003299255263,0.0007996207491915839,-0.7298583984375,0.53704833984375,0.23846435546875,-0.349365234375,1.0000177583011742,3.875000000000001,-1.8875000000000028,-287.6625,0.10333332022031144,-0.22666632334391323,0.3400000572204589,0.009254417346418254,-0.032375364279971286,0.03454265295441529,-0.7799409991047135,-0.5828642923872829,0.17425734978387766,0.14695451888837124,151.46686363764
1773306625641,-6.000000000000001,73.7,339.46000000000004,0.30000000000000004,9.433333333333334,2.6999999999999997,-0.004945099547317268,-0.00029088820866572055,-0.03228859116189509,-1.75,71.75,51.375,0.36000001430511475,9.199999809265137,2.9800000190734863,0.047996554523706436,0.018544122576713562,0.03490658476948738,0.0008376979060516561,0.0003236559958570664,0.0006092348348540607,-0.73016357421875,0.53631591796875,0.2366943359375,-0.35089111328125,0.9999611947606828,4.250000000000001,-1.9500000000000028,-288.08500000000004,0.0600000143051147,-0.23333352406819685,0.2800000190734866,0.005782797453368923,0.000614544204522787,0.032897825996749154,-0.7807128125103574,-0.5818383743480473,0.17335540961708196,0.14798483866492193,151.3875189127012
1773306625742,-5.866666666666667,73.63333333333334,339.2666666666667,0.2833333333333333,9.5,2.6999999999999997,-0.005817764173314432,-0.030834150118566488,0.008144869842640205,-1.6875,71.5625,51.3125,0.3700000047683716,9.289999961853027,2.940000057220459,0.019634954631328583,0.02508910745382309,-0.021816615015268326,0.00034269460679639313,0.0004378875314558641,-0.00038077176365646523,-0.73114013671875,0.5352783203125,0.23614501953125,-0.35089111328125,0.9999889116119505,4.179166666666667,-2.07083333333334,-287.9541666666667,0.08666667143503826,-0.21000003814697266,0.24000005722045925,0.006160458780110825,0.03127203765002235,-0.00852564160629667,-0.7809389404391168,-0.5813300659737747,0.17403475459845494,0.1479919926638327,151.16676583767784
1773306625841,-5.24,73.78,338.6,0.19999999999999998,9.466666666666667,2.766666666666667,0.006108652381980154,-0.03461569683122087,0.05148721293383273,-1.5,71.6875,51.125,0.23999999463558197,9.3100004196167,3.140000104904175,-0.046905722469091415,-0.021816615015268326,-0.03490658476948738,-0.0008186592951123293,-0.00038077176365646523,-0.0006092348348540607,-0.7310791015625,0.53570556640625,0.2376708984375,-0.349365234375,1.0000003147869807,3.74,-2.092500000000001,-287.475,0.03999999463558199,-0.15666624704996757,0.37333343823750775,-0.006927311677092483,0.034234925067564405,-0.05209644776868679,-0.7799671706795592,-0.5824389436077502,0.1753017151537849,0.14725962887143487,151.2320901963793
1773306625941,-4.766666666666667,74.10000000000001,338.20000000000005,0.18333333333333335,9.35,2.5833333333333335,0.008144869842640203,0.0037815467126543806,0.05148721293383272,-1.4375,72,51.0625,0.25,9.210000038146973,2.940000057220459,-0.062177352607250214,-0.01745329238474369,0.0021816615480929613,-0.001085199523169997,-0.00030461741742703036,0.000038077177178378795,-0.72979736328125,0.5372314453125,0.2393798828125,-0.3485107421875,0.9999921414692371,3.3291666666666666,-2.1000000000000085,-287.13750000000005,0.06666666666666665,-0.139999961853027,0.3566667238871255,-0.0092300693658102,-0.004086164130081411,-0.051449135756654336,-0.7782952830191704,-0.5848538910112194,0.17539184792740736,0.146424309046536,151.66578787542582
1773306626041,-5.1000000000000005,74.4,338.57500000000005,0.20000000000000004,9.5,2.6999999999999997,0.004654211338651545,0.021816615649929115,0.06312274128046158,-1.4375,72.1875,51.1875,0.20000000298023224,9.199999809265137,3.069999933242798,-0.028361599892377853,-0.01636246219277382,0.023998277261853218,-0.000495003299255263,-0.00028557883899699426,0.00041884895302582805,-0.72857666015625,0.5384521484375,0.23992919921875,-0.34881591796875,0.9999966155680367,3.6625000000000005,-2.2125000000000057,-287.38750000000005,2.9802321999117254e-9,-0.3000001907348633,0.3699999332427981,-0.005149214637906808,-0.02210219448892611,-0.06270389232743576,-0.7768731339653476,-0.5868867108854008,0.17434370089197426,0.14709315506938078,152.1651872589328
1773306626141,-5.5,74.875,339.025,0.3333333333333333,9.483333333333333,2.366666666666667,0.03781546712654381,-0.0058177641733144336,0.13700834628155484,-1.5625,72.75,51.375,0.25,9.329999923706055,2.9100000858306885,-0.20180369913578033,-0.003272492438554764,0.0359974168241024,-0.003522138992623402,-0.00005711576779939885,0.0006282734457933874,-0.72552490234375,0.54205322265625,0.2413330078125,-0.34869384765625,1.0000185499109915,3.9375,-2.125,-287.65,-0.08333333333333331,-0.15333340962727782,0.5433334191640213,-0.04133760611916721,0.005760648405515035,-0.13638007283576145,-0.7745446921386104,-0.5901180005393302,0.1730397932554537,0.14798140176886546,153.14248683814566
1773306626241,-5.333333333333333,75.58333333333333,339.01666666666665,0.23333333333333336,9.483333333333334,2.3666666666666667,0.021234839232597676,-0.027343491614577827,0.16173384401814123,-1.3125,73.5,51.375,0.05999999865889549,9.220000267028809,2.7699999809265137,-0.11126473546028137,-0.0010908307740464807,-0.0719948336482048,-0.0019419359751423984,-0.000019038588589189398,-0.0012565468915867748,-0.7215576171875,0.54638671875,0.2462158203125,-0.34661865234375,0.9999752805306985,4.020833333333333,-2.0833333333333286,-287.64166666666665,-0.17333333467443787,-0.2633330663045257,0.403333314259847,-0.023176775207740075,0.027324453025988637,-0.162990390909728,-0.7709994137561476,-0.595199729165628,0.171775411138908,0.14761569874813127,154.31888160580434
1773306626341,-5.6000000000000005,76.60000000000001,339.3,0.16666666666666666,9.5,2.1666666666666665,-0.024143721319254897,0.032870367579226546,0.1591158501401497,-1.375,74.625,51.4375,0.3100000023841858,9.40999984741211,2.569999933242798,-0.1799870729446411,0.02617993950843811,0.014180799946188927,-0.0031413670339111932,0.0004569261423951908,0.0002475016496276315,-0.71649169921875,0.55291748046875,0.24884033203125,-0.344970703125,1.0000021960562195,4.2250000000000005,-1.9750000000000085,-287.8625,0.14333333571751913,-0.09000015258789062,0.40333326657613133,0.021002354285343704,-0.03241344143683136,-0.15886834849052206,-0.7656458925593803,-0.6020789853330808,0.17060861329316016,0.14892939165061617,156.1352618664534
1773306626441,-5.9399999999999995,77.36,339.52000000000004,0.25000000000000006,9.616666666666669,2.1833333333333336,0.02821615624057499,-0.14922565104551516,0.07621271067041907,-1.375,74.625,51.4375,0.3100000023841858,9.40999984741211,2.569999933242798,-0.1799870729446411,0.02617993950843811,0.014180799946188927,-0.0031413670339111932,0.0004569261423951908,0.0002475016496276315,-0.71649169921875,0.55291748046875,0.24884033203125,-0.344970703125,1.0000021960562195,4.5649999999999995,-2.7349999999999994,-288.08250000000004,0.060000002384185736,-0.20666681925455954,0.3866665999094643,-0.03135752327448618,0.14968257718791037,-0.07596520902079144,-0.7614258323858337,-0.6069989424532735,0.17045673973779202,0.15075637802133118,156.88573812695813
1773306626541,-1.0833333333333335,77.95,334.8,-0.05000000000000001,9.483333333333333,2.033333333333333,0.03461569683122087,-0.22980168484592003,0.13846278732488346,-0.1875,75.6875,50.4375,-0.019999999552965164,9.359999656677246,2.4100000858306885,-0.11671889573335648,-0.011999138630926609,-0.2923426330089569,-0.002037129029839032,-0.00020942447651291403,-0.0051023414899557555,-0.7142333984375,0.55645751953125,0.25921630859375,-0.336181640625,0.9999927542841193,0.8958333333333335,-2.262500000000003,-284.3625,0.030000000447034846,-0.12333367665608641,0.37666675249735526,-0.036652825861059904,0.2295922603694071,-0.1435651288148392,-0.7573666466274838,-0.6122026535762073,0.17538445710344683,0.144374394326071,157.25366125175532
1773306626641,4.1000000000000005,78.55,329.7333333333333,-0.25000000000000006,9.583333333333334,1.9000000000000001,0.045087672343186856,-0.041597013839198185,0.09221156214703376,0.8125,76.4375,49.625,-0.09000000357627869,9.489999771118164,2.2699999809265137,-0.1276271939277649,-0.07635815441608429,-0.10144726186990738,-0.0022275147491208113,-0.001332701205306919,-0.0017705887367627832,-0.712890625,0.55792236328125,0.2681884765625,-0.32958984375,1.0000224651108043,-3.2875000000000005,-2.112499999999997,-280.1083333333333,0.15999999642372137,-0.09333356221516986,0.36999998092651354,-0.04731518709230767,0.04026431263389127,-0.09398215088379654,-0.7527044233833696,-0.6179279853162067,0.1801066044054386,0.13842928531096949,157.56689762894317
1773306626741,4.7,79.25,329.5,-0.3,9.700000000000001,1.8166666666666664,0.08377580409572781,0.1131555131709657,0.15271630954950385,0.8125,76.4375,49.625,-0.09000000357627869,9.489999771118164,2.2699999809265137,-0.1276271939277649,-0.07635815441608429,-0.10144726186990738,-0.0022275147491208113,-0.001332701205306919,-0.0017705887367627832,-0.712890625,0.55792236328125,0.2681884765625,-0.32958984375,1.0000224651108043,-3.8875,-2.8125,-279.875,0.2099999964237213,-0.210000228881837,0.45333331425984724,-0.08600331884484862,-0.11448821437627262,-0.15448689828626663,-0.749366451340912,-0.6230926016314402,0.17719575479671634,0.13713933016795066,158.22267294623907
1773306626841,0.5600000000000002,80.14000000000001,334.26000000000005,0.05000000000000001,9.616666666666669,1.5,0.12275482405693453,0.22660191455059714,0.12624548256092316,-0.375,78.0625,51.875,0.30000001192092896,9.75,1.7999999523162842,-0.19744037091732025,-0.07090400159358978,0.27925267815589905,-0.0034459845488660954,-0.001237508280647448,0.004873878678832486,-0.698486328125,0.56854248046875,0.271484375,-0.33941650390625,1.0000155157137245,-0.9350000000000002,-2.077500000000015,-282.38500000000005,0.25000001192092897,0.13333333333333108,0.2999999523162842,-0.12620080860580063,-0.2278394228312446,-0.12137160388209067,-0.7467254865057463,-0.6283768859194541,0.16738464518288926,0.13973516952408285,161.3153842428751
1773306626941,-3.9500000000000006,80.60000000000001,339.4333333333334,0.15,9.75,1.4666666666666668,0.09046623289503944,0.10210176124166825,0.03461569683122087,-1,78.375,53.1875,0.18000000715255737,9.6899995803833,1.9800000190734863,-0.004363323096185923,-0.05781403183937073,0.10581058263778687,-0.00007615435435675759,-0.0010090452094498527,0.0018467430504829274,-0.693115234375,0.57037353515625,0.2720947265625,-0.3466796875,0.9999785216081235,2.9500000000000006,-2.2250000000000085,-286.2458333333334,0.03000000715255738,-0.06000041961669922,0.5133333524068195,-0.0905423872493962,-0.1031108064511181,-0.03276895378073794,-0.7459925883880975,-0.6313302087507301,0.15800016584245435,0.14125570141605984,162.63193746807957
1773306627041,-6.6833333333333345,80.75,342.6166666666666,0.21666666666666667,9.75,1.633333333333333,0.03839724354387525,0.06254096486313013,0.00029088820866572055,-1,78.375,53.1875,0.18000000715255737,9.6899995803833,1.9800000190734863,-0.004363323096185923,-0.05781403183937073,0.10581058263778687,-0.00007615435435675759,-0.0010090452094498527,0.0018467430504829274,-0.693115234375,0.57037353515625,0.2720947265625,-0.3466796875,0.9999785216081235,5.6833333333333345,-2.375,-289.4291666666666,-0.0366666595141093,-0.06000041961669922,0.34666668574015325,-0.038473397898232,-0.06355001007257997,0.0015558548418172068,-0.7460856159917436,-0.6325489037369697,0.15225431694917937,0.1416218943585959,162.90094082759754
1773306627141,-8.100000000000001,80.81666666666666,344.3500000000001,0.2833333333333334,9.55,1.55,0.05992297098513864,0.020362174606600513,0.033161255787892266,-1.5625,78.5,54.4375,0.25999999046325684,9.430000305175781,1.9600000381469727,-0.04145156964659691,-0.09381144493818283,0.011999138630926609,-0.0007234663704528584,-0.0016373185902246587,0.00020942447651291403,-0.6884765625,0.5711669921875,0.2730712890625,-0.35382080078125,0.9999943990103507,6.537500000000001,-2.316666666666663,-289.9125000000001,-0.023333342870076546,-0.11999969482421946,0.4100000381469726,-0.0606464373555915,-0.021999493196825173,-0.032951831311379354,-0.7462368953888684,-0.633269156704739,0.14876636353131642,0.1413125621044359,163.59308377410997
1773306627242,-8.875,80.825,345.4000000000001,0.4166666666666667,9.5,1.5666666666666667,0.038106355335209535,-0.004654211338651548,-0.008144869842640205,-1.5625,78.5,54.4375,0.25999999046325684,9.430000305175781,1.9600000381469727,-0.04145156964659691,-0.09381144493818283,0.011999138630926609,-0.0007234663704528584,-0.0016373185902246587,0.00020942447651291403,-0.6884765625,0.5711669921875,0.2730712890625,-0.35382080078125,0.9999943990103507,7.3125,-2.325000000000003,-290.9625000000001,-0.15666667620340985,-0.06999969482421875,0.393333371480306,-0.03882982170566239,0.0030168927484268892,0.008354294319153119,-0.7465880032321356,-0.6336182725395911,0.14620893229774803,0.14056025843085904,163.63821835030927
1773306627343,-8.3,80.88333333333334,345.03333333333336,0.2833333333333334,9.566666666666668,1.4500000000000002,0.02617993877991495,-0.0753400460444219,0.03548836145721804,-1.375,78.625,54.75,0.33000001311302185,9.5600004196167,1.7799999713897705,-0.018544122576713562,-0.01745329238474369,-0.05781403183937073,-0.0003236559958570664,-0.00030461741742703036,-0.0010090452094498527,-0.68707275390625,0.5699462890625,0.27685546875,-0.35552978515625,0.9999790599239889,6.925000000000001,-2.25833333333334,-290.28333333333336,0.04666667977968847,-0.006666247049968987,0.32999997138977033,-0.026503594775772014,0.07503542862699487,-0.03649740666666789,-0.7464923330404156,-0.6342892404254798,0.14540304613904312,0.13886796018460287,163.64182350898494
1773306627461,-6.316666666666667,81.05000000000001,343.1333333333334,0.14285714285714285,9.714285714285714,1.5142857142857145,0.011219973762820691,-0.04413189680042805,-0.020943951023931952,-1.125,78.625,54.5625,0.28999999165534973,9.630000114440918,1.9700000286102295,0.05999569222331047,0.008726646192371845,-0.019634954631328583,0.0010471223663099248,0.00015230870871351518,-0.00034269460679639313,-0.68756103515625,0.5692138671875,0.2786865234375,-0.35443115234375,1.0000161117507467,5.191666666666667,-2.4250000000000114,-288.5708333333334,0.14714284879820688,-0.08428559984479556,0.45571431432451504,-0.010172851396510767,0.04428420550914156,0.02060125641713556,-0.7455110203940182,-0.6356355902297548,0.14672191418212502,0.13657743152905766,163.5276457022709
1773306627574,-3.285714285714286,81.02857142857144,340.2142857142857,0.09999999999999999,9.77142857142857,1.5857142857142856,0.06682117707635434,-0.1533396414252161,0.05360654131125441,-0.8125,78.5625,54.375,0.2800000011920929,9.609999656677246,2.0399999618530273,-0.01745329238474369,-0.020725784823298454,-0.10362892597913742,-0.00030461741742703036,-0.0003617331852264292,-0.0018086659586414365,-0.68865966796875,0.56768798828125,0.28057861328125,-0.353271484375,1.0000234448396632,2.473214285714286,-2.466071428571439,-285.8392857142857,0.18000000119209292,-0.16142891475132437,0.4542856761387417,-0.06712579449378137,0.1529779082399897,-0.05541520726989585,-0.745432067903894,-0.6359702996143533,0.14890875867978182,0.13303755761964614,163.0823603568143
1773306627675,1.9666666666666668,81.41666666666667,335.28333333333336,-0.13333333333333333,9.683333333333335,1.4000000000000001,0.041306125630532466,-0.061086523819801536,0.1239183768915974,0.0625,78.875,53.875,-0.1599999964237213,9.550000190734863,1.7899999618530273,-0.11562806367874146,-0.09053895622491837,-0.12653636932373047,-0.0020180904188997054,-0.0015802028874438412,-0.0022084762682186474,-0.68841552734375,0.5660400390625,0.2889404296875,-0.34954833984375,0.9999939389343161,-1.9041666666666668,-2.5416666666666714,-281.40833333333336,-0.026666663090387982,-0.13333314259847207,0.3899999618530272,-0.04332421604943217,0.05950632093235769,-0.12612685315981606,-0.742760844551886,-0.6397862576623699,0.15128195945146752,0.12686071516223346,162.9140736174204
1773306627775,5.550000000000001,82.16666666666667,332.0166666666667,-0.19999999999999998,9.650000000000002,1.3,0.09744754990301673,-0.06079563561113582,0.17278759594743864,0.0625,78.875,53.875,-0.1599999964237213,9.550000190734863,1.7899999618530273,-0.11562806367874146,-0.09053895622491837,-0.12653636932373047,-0.0020180904188997054,-0.0015802028874438412,-0.0022084762682186474,-0.68841552734375,0.5660400390625,0.2889404296875,-0.34954833984375,0.9999939389343161,-5.487500000000001,-3.2916666666666714,-278.1416666666667,0.04000000357627867,-0.09999980926513885,0.4899999618530273,-0.09946564032191643,0.05921543272369198,-0.1749960722156573,-0.7382260847848123,-0.6457341647725707,0.1511580733908431,0.12329182064324479,163.52529815861965
1773306627875,9,83.02000000000001,329.14000000000004,-0.2333333333333333,9.783333333333333,1.05,0.08901179185171082,0.0023271056693257735,0.12159127122227165,0.9375,80.75,54.0625,-0.10999999940395355,9.579999923706055,1.5499999523162842,-0.142898827791214,-0.11671889573335648,-0.004363323096185923,-0.0024940550421970603,-0.002037129029839032,-0.00007615435435675759,-0.67864990234375,0.5721435546875,0.30389404296875,-0.3460693359375,1.000014755766006,-8.0625,-2.2700000000000102,-275.07750000000004,0.12333333392937976,-0.20333340962727853,0.49999995231628414,-0.09150584689390788,-0.004364234699164806,-0.12166742557662841,-0.7334586728476166,-0.6525252758016775,0.14849827315494032,0.11915285365679869,165.2554039778689
1773306627991,9.542857142857143,83.57142857142858,328.9714285714286,-0.1571428571428571,9.72857142857143,1,-0.007729315258832032,0.030917261035328127,0.0009973310011396144,0.875,81.25,54.4375,-0.05999999865889549,9.670000076293945,1.5099999904632568,-0.055632367730140686,-0.014180799946188927,0.03490658476948738,-0.0009709679875711992,-0.0002475016496276315,0.0006092348348540607,-0.67474365234375,0.57440185546875,0.30706787109375,-0.3470458984375,0.9999740101744973,-8.667857142857143,-2.3214285714285836,-274.5339285714286,0.09714285848396162,-0.05857135227748422,0.5099999904632568,0.006758347271260833,-0.031164762684955757,-0.0003880961662855537,-0.7308095175301755,-0.6564322070354627,0.14534441051758815,0.11785248824339144,166.24077477150507
1773306628092,8.540000000000001,83.60000000000001,329.88,-0.19999999999999998,9.716666666666669,1,-0.024434609527920616,-0.03490658503988659,-0.024143721319254897,0.6875,81.1875,54.5625,-0.019999999552965164,9.5600004196167,1.5499999523162842,0.029452430084347725,0.030543262138962746,0.019634954631328583,0.000514041877685299,0.0005330804886246258,0.00034269460679639313,-0.67474365234375,0.57464599609375,0.30560302734375,-0.34796142578125,0.9999836905460742,-7.852500000000001,-2.4125000000000085,-275.3175,0.18000000044703482,-0.15666624704996934,0.5499999523162842,0.024948651405605916,0.035439665528511216,0.02448641592605129,-0.7307686908465393,-0.6562753845835329,0.14523645167154198,0.11910547079807449,166.34320428962295
1773306628192,10.84,83.44,327.46000000000004,-0.06666666666666667,9.583333333333334,0.6,0.0927933385643652,-0.3063052837250049,-0.24609142453120045,0.8125,81.0625,54.375,-0.05000000074505806,9.670000076293945,1.3200000524520874,0.05890486016869545,0.047996554523706436,-0.07417649030685425,0.001028083755370598,0.0008376979060516561,-0.0012946239834282656,-0.676025390625,0.57391357421875,0.305419921875,-0.346923828125,1.0000122952450436,-10.0275,-2.3774999999999977,-273.08500000000004,0.016666665921608606,0.08666674296061139,0.7200000524520874,-0.0917652548089946,0.3071429816310565,0.24479680054777217,-0.7309214302643586,-0.6557354592288815,0.14783910543942044,0.11793417313511965,165.98205232399178
1773306628291,24.68,81.16,314.2,-0.4166666666666667,9.283333333333333,0.7000000000000001,0.09308422677303091,-0.8406669230439353,-0.5206898935116416,3.375,79.0625,52.5625,-0.5099999904632568,9.149999618530273,1.6100000143051147,0.5781403183937073,-0.14071716368198395,-0.7155849933624268,0.010090452094498527,-0.0024559778203184068,-0.012489314212036116,-0.69140625,0.5531005859375,0.31573486328125,-0.34100341796875,0.9999673472974345,-21.305,-2.0974999999999966,-261.6375,-0.09333332379659015,-0.13333371480305978,0.9100000143051147,-0.08299377467853239,0.8382109452236169,0.5082005792996055,-0.7375715859975406,-0.6485554318685536,0.16064613233968975,0.09775902765047141,160.58357810828215
1773306628392,37.2,74.52000000000001,301.44000000000005,-1.9666666666666668,9.3,2.6166666666666667,-0.15533430342749532,-0.9171705219230203,-0.9622581942662073,8.4375,75,47.875,-1.5700000524520874,8.5,3.8299999237060547,1.4878932237625122,0.26834437251091003,-1.102829933166504,0.02596863567276857,0.004683492829513543,-0.019248013423304507,-0.7242431640625,0.51336669921875,0.32952880859375,-0.3214111328125,0.9999839401445638,-28.762500000000003,0.47999999999998977,-253.56500000000005,0.3966666142145794,-0.8000000000000007,1.213333257039388,0.1813029391002639,0.9218540147525338,0.9430101808429028,-0.7523979374454195,-0.6246568558493226,0.2004870408899427,0.05921235178163279,148.519605249406
1773306628491,39.36666666666667,69.13333333333333,298.76666666666665,-2.483333333333334,8.850000000000001,3.8833333333333333,0.01454441043328608,-0.5878850697134232,-0.2551089589998378,12.8125,70.0625,43.6875,-2.450000047683716,8.479999542236328,3.75,0.7799440026283264,-0.013089969754219055,-0.8268496990203857,0.013612590827047603,-0.0002284630711975954,-0.014431249667029864,-0.7576904296875,0.4705810546875,0.3353271484375,-0.3033447265625,1.0000018179400132,-26.554166666666667,0.9291666666666742,-255.07916666666665,0.033333285649618016,-0.3700004577636733,-0.1333333333333333,-0.0009318196062384765,0.5876566066422256,0.24067770933280797,-0.7645876645343437,-0.6009980641289279,0.23041950372752765,0.03337487763511676,137.35165424810802
1773306628591,42.45,66.33333333333333,295.2,-3.083333333333334,8.9,2.8333333333333335,-0.05846852994181004,-0.4069526039233444,-0.11955505376161155,15.375,69.125,41.1875,-2.7899999618530273,8.760000228881836,3.2300000190734863,0.038179077208042145,0.01745329238474369,-0.4417864680290222,0.0006663506026534595,0.00030461741742703036,-0.007710628457863101,-0.7672119140625,0.45782470703125,0.3448486328125,-0.28790283203125,1.0000131017601517,-27.075000000000003,2.7916666666666714,-254.0125,0.2933333714803066,-0.13999977111816442,0.39666668574015285,0.059134880544463496,0.40725722134077147,0.11184442530374844,-0.7649542757158917,-0.5929608617003261,0.25087909400059094,0.017379664813367446,133.22825842448196
1773306628708,45.20000000000001,63.56666666666666,292.1,-3.157142857142857,8.671428571428573,3.028571428571429,0.05111321380840536,-0.4532869400179559,-0.25157674503746835,17.375,67.9375,38.9375,-2.9000000953674316,8.739999771118164,2.9200000762939453,0.2563452422618866,0.022907447069883347,-0.37197330594062805,0.004474068499292438,0.00039981037459579195,-0.006492158918192143,-0.77685546875,0.44586181640625,0.34991455078125,-0.2742919921875,0.9999867341532558,-27.82500000000001,4.370833333333337,-253.16250000000002,0.2571427617754254,0.06857119968959147,-0.1085713522774836,-0.04663914530911292,0.4536867503925517,0.24508458611927622,-0.7640281038304254,-0.5858015994069146,0.27036494407564915,0.0005828417939452991,129.47100183627876
1773306628808,47.550000000000004,60.56666666666667,289.95,-3.616666666666667,8.250000000000002,3.4500000000000006,0.05759586531581288,-0.5858488522527634,-0.26994425764178964,20.1875,66.1875,36.75,-3.3499999046325684,8.170000076293945,3.549999952316284,0.3021601140499115,-0.09053895622491837,-0.5628686547279358,0.005273688858372533,-0.0015802028874438412,-0.009823911281273627,-0.787841796875,0.42529296875,0.36077880859375,-0.26141357421875,1.000033605279125,-27.362500000000004,5.62083333333333,-253.2,0.2666667620340988,-0.07999992370605646,0.09999995231628356,-0.05232217645744035,0.5842686493653195,0.260120346360516,-0.763822936682314,-0.57771353613728,0.28707567087969044,-0.020227475144988353,124.58826872932394
1773306628908,49.41666666666668,57.366666666666674,288.03333333333336,-4.116666666666667,7.983333333333335,3.6,0.05090543651650129,-0.6710790973918198,-0.2760529100237698,23.625,64.25,33.875,-3.7200000286102295,8.170000076293945,3.809999942779541,0.12435470521450043,-0.1330813616514206,-0.686132550239563,0.002170399046339994,-0.0023227079338546076,-0.011975272106785782,-0.79962158203125,0.4027099609375,0.3731689453125,-0.24310302734375,0.9999620646493453,-25.79166666666668,6.883333333333326,-254.15833333333336,0.39666663805643765,0.18666674296061014,0.20999994277954093,-0.0487350374701613,0.6687563894579652,0.264077637916984,-0.7627749125205232,-0.5682843113846385,0.305914024953535,-0.04054606762835644,119.32507853501114
1773306629008,50.56,53.7,286.5400000000001,-4.6000000000000005,7.2,3.6500000000000004,-0.08435758051305926,-0.8741190670404935,-0.5061454830783556,27.1875,61.875,30.6875,-4.25,7.190000057220459,4,0.3905174136161804,0.007635815534740686,-0.6883141994476318,0.006815814653974884,0.00013327012215615645,-0.01201334906859011,-0.812255859375,0.37738037109375,0.385009765625,-0.22271728515625,1.0000055171397126,-23.372500000000002,8.174999999999997,-255.85250000000008,0.35000000000000053,-0.009999942779541193,0.34999999999999964,0.09117339516703414,0.8742523371626496,0.4941321340097655,-0.7619272811136742,-0.555176180910897,0.3278885077477927,-0.06111753374311441,113.37303033031264
1773306629108,52.160000000000004,47.2,284.23999999999995,-5.283333333333334,6.783333333333334,4.500000000000001,0.3496476268161973,-1.1274826967883371,-0.07941248096574202,30.9375,57.9375,26.9375,-4.289999961853027,6.119999885559082,4.71999979019165,0.6654067635536194,0.16253378987312317,-0.8922995924949646,0.011613538889050062,0.002836749779030616,-0.015573565803240817,-0.82952880859375,0.34423828125,0.3924560546875,-0.19830322265625,0.9999819806084771,-21.222500000000004,10.737499999999997,-257.30249999999995,0.9933333714803068,-0.6633334477742521,0.2199997901916495,-0.3380340879271473,1.1303194465673678,0.0638389151625012,-0.7577077259148807,-0.5311784784224735,0.3664471805962768,-0.09718482382926688,104.99805435991921
1773306629208,58.31666666666667,42.15,278.8833333333334,-6.650000000000001,6.383333333333334,3.616666666666667,0.5134176882949987,-1.0762863720631701,0.21205750411731106,37.375,56,21.75,-5.730000019073486,6.159999847412109,4.349999904632568,-0.2672535479068756,-0.7090399861335754,-1.2708178758621216,-0.0046644543486113795,-0.01237508228632583,-0.022179956126994593,-0.83441162109375,0.31378173828125,0.42388916015625,-0.15985107421875,0.9999680588508625,-20.94166666666667,13.850000000000001,-257.1333333333334,0.9199999809265149,-0.22333348592122437,0.7333332379659012,-0.5180821426436101,1.0639112897768443,-0.23423746024430564,-0.7330075543946205,-0.5341892090317462,0.3967341913159141,-0.14122250385601706,101.19605799088755
1773306629308,63.51666666666668,37.800000000000004,274.23333333333335,-7.2,5.3500000000000005,3.2833333333333337,0.17686003086875873,-1.0006554378100823,0.07359471679242759,45,56.4375,15.75,-6.420000076293945,4.929999828338623,3.9800000190734863,-0.22252947092056274,-0.43742313981056213,-1.075559139251709,-0.0038838719502847967,-0.007634474014105794,-0.0187720482798585,-0.82598876953125,0.2918701171875,0.46856689453125,-0.11407470703125,1.0000067930437866,-18.51666666666668,18.637499999999996,-258.48333333333335,0.7799999237060549,-0.4200001716613775,0.6966666857401527,-0.18074390281904354,0.9930209637959765,-0.09236676507228608,-0.705460927956685,-0.540676677010046,0.422498215440901,-0.17745102990155176,99.95224593117274
1773306629408,65.12,32.88,271.8,-8.416666666666668,5.333333333333333,3.4500000000000006,-0.4281874431559422,-0.5436700619962337,-0.3278310111662683,49.875,53.6875,10.625,-8.100000381469727,5.130000114440918,2.9800000190734863,0.22907446324825287,0.12653636932373047,-0.7952156066894531,0.003998103615920757,0.0022084762682186474,-0.013879130599975201,-0.827392578125,0.26849365234375,0.4873046875,-0.07659912109375,1.0000003017484687,-15.245000000000005,20.807499999999997,-261.175,0.3166662851969413,-0.20333321889241507,-0.4699999809265143,0.43218554677186294,0.5458785382644523,0.3139518805662931,-0.686507844878933,-0.530510636231007,0.4531764989613282,-0.2046863565424142,97.08159519366156
1773306629508,61.68000000000001,29.380000000000003,272.76000000000005,-7.75,4.716666666666667,4.25,-0.2216568150032798,-0.3129957125243165,-0.2466732009485319,50.3125,46.625,7.8125,-7.340000152587891,4.639999866485596,4.150000095367432,0.6512259840965271,0.8246680498123169,-0.2148936688899994,0.011366037597024628,0.014393172705225535,-0.0037506020638209975,-0.84588623046875,0.24200439453125,0.4718017578125,-0.0577392578125,1.0000101811665576,-11.367500000000007,17.244999999999997,-264.94750000000005,0.4099998474121094,-0.07666680018107108,-0.09999990463256836,0.23302285260030442,0.32738888522954207,0.2429225988847109,-0.6909347832276039,-0.4997205286034917,0.47885250855358646,-0.20877929416110247,90.90571685670785
1773306629608,61.51666666666667,27.61666666666667,272.45000000000005,-7.75,4.283333333333333,4,0.029379709075237872,-0.3033964016383475,-0.011926416555294583,51.0625,43.6875,6.4375,-7.309999942779541,3.9000000953674316,4.119999885559082,0.07308565825223923,-0.04581489413976669,-0.33161255717277527,0.0012755853724889389,-0.0007996207491915839,-0.005787730963622867,-0.851318359375,0.228515625,0.46990966796875,-0.0477294921875,1.0000277697909492,-10.454166666666673,16.07083333333333,-266.01250000000005,0.440000057220459,-0.3833332379659016,0.11999988555908203,-0.028104123702748934,0.3025967808891559,0.0061386855916717165,-0.6870050098420285,-0.4916836187863824,0.48919177245345774,-0.2167088951402926,89.0863732140299
1773306629708,62.36666666666667,26.033333333333335,271.48333333333335,-7.900000000000001,3.9499999999999997,4.066666666666667,0.14020811657687782,-0.38717220573407546,0.053232542185827056,52.5,42.25,4.8125,-7.059999942779541,3.549999952316284,3.9200000762939453,-0.013089969754219055,-0.18653206527233124,-0.33052173256874084,-0.0002284630711975954,-0.0032555986995471534,-0.0057686924827207026,-0.850830078125,0.2205810546875,0.4755859375,-0.03546142578125,1.00000366009102,-9.866666666666667,16.216666666666665,-266.67083333333335,0.8400000572204602,-0.40000004768371555,-0.146666590372722,-0.1404365796480754,0.3839166070345283,-0.05900123466854776,-0.6783655811153991,-0.49007515807465357,0.4981932152108346,-0.22682592028681678,88.86923780326681
1773306629808,63.54,24.160000000000004,270.15999999999997,-8.316666666666668,3.8000000000000003,3.8833333333333333,0.12362748868293165,-0.4276056667386108,0.08348491588706211,54.8125,40.6875,2.375,-7.559999942779541,3.259999990463257,4.190000057220459,-0.04363323003053665,-0.07526732236146927,-0.5105087757110596,-0.0007615435273129305,-0.0013136625943675924,-0.008910058996483245,-0.8472900390625,0.21185302734375,0.48681640625,-0.0172119140625,1.0000342888466898,-8.7275,16.527499999999996,-267.78499999999997,0.7566667238871272,-0.5400000095367434,0.3066667238871257,-0.12438903221024458,0.4262920041442432,-0.09239497488354535,-0.6664731518041431,-0.48953118807616947,0.5090041830356511,-0.23892989657469652,89.05868125243192
1773306629908,64.88,21.96,268.48,-8.466666666666667,3.5833333333333335,3.8333333333333335,0.08057603380040489,-0.2839068916577443,0.059050306359141484,56.8125,39.3125,0.125,-8.34000015258789,3.5,3.759999990463257,0.05017821490764618,0.0054541537538170815,-0.307614266872406,0.0008757750629117282,0.00009519294091411631,-0.0053688817830320045,-0.84344482421875,0.205078125,0.49652099609375,-0.00079345703125,0.9999949689827964,-8.067499999999995,17.3525,-268.355,0.12666651407877616,-0.08333333333333348,-0.07333334287007665,-0.07970025873749316,0.2840020845986584,-0.06441918814217348,-0.6512150438311541,-0.48941216497113804,0.5222799902359998,-0.2522267060906431,89.78709265535049
1773306630008,65.76666666666667,20.750000000000004,267.45000000000005,-8.416666666666666,3.1666666666666665,3.7500000000000004,0.016289739685280403,-0.2975786374650332,0.03752457891787808,58.1875,38.5625,358.625,-7.860000133514404,2.8299999237060547,3.759999990463257,-0.08835729211568832,-0.16689710319042206,-0.2825251817703247,-0.0015421256655651877,-0.0029129039627135977,-0.004930994641687628,-0.840087890625,0.20166015625,0.50341796875,0.01031494140625,0.9999752656291688,-7.579166666666666,17.812499999999996,91.17499999999995,0.5566665331522618,-0.33666674296061183,0.009999990463256392,-0.01783186535084559,0.2946657335023196,-0.04245557355956571,-0.6416218281406245,-0.49047569049748274,0.5293734438406411,-0.25984376775439544,90.51445162743288
1773306630108,66.11666666666667,19.133333333333333,266.4666666666667,-8.4,2.8833333333333333,3.716666666666667,0.09628399706835385,-0.3988077340807044,0.08843001543437938,59.3125,36.5625,356.875,-7.909999847412109,2.450000047683716,3.7899999618530273,-0.0054541537538170815,0.023998277261853218,-0.3239767253398895,-0.00009519294091411631,0.00041884895302582805,-0.005654460557010417,-0.83917236328125,0.19537353515625,0.50701904296875,0.0233154296875,0.9999964963583365,-6.804166666666674,17.429166666666667,90.4083333333333,0.490000152587891,-0.4333332856496175,0.07333329518636056,-0.09637919000926796,0.39922658303373026,-0.0940844759913898,-0.6321519759793228,-0.4873126941655461,0.540035831669448,-0.26696725994706255,90.68609629295423
1773306630208,66.9,17.360000000000003,265.24,-8.466666666666667,2.5333333333333337,3.466666666666667,0.07097672291443606,-0.3100868304376592,0.054396095020489935,61,34.625,354.625,-7.980000019073486,2.4700000286102295,3.6700000762939453,-0.09817477315664291,-0.1079922467470169,-0.3937899172306061,-0.0017134730339819655,-0.001884820272361581,-0.0068729306168300265,-0.8353271484375,0.1893310546875,0.51458740234375,0.03948974609375,0.999988663877368,-5.900000000000006,17.264999999999997,89.38499999999999,0.48666664759318046,-0.06333330472310417,0.20333340962727853,-0.07269019594841802,0.30820201016529764,-0.06126902563731996,-0.6197199510495608,-0.48623149253147974,0.5506178713505074,-0.2763079399712861,91.46009376628734
1773306630308,67.73333333333335,15.583333333333334,264.1,-8.800000000000002,2.233333333333334,3.6,0.049160107264506946,-0.3080506129769992,0.05032366009916984,62.6875,31.9375,352.25,-8.260000228881836,1.8799999952316284,3.559999942779541,-0.0054541537538170815,-0.055632367730140686,-0.31961342692375183,-0.00009519294091411631,-0.0009709679875711992,-0.005578306633401761,-0.8314208984375,0.18133544921875,0.522216796875,0.05633544921875,1.000013660546219,-5.0458333333333485,16.354166666666664,88.14999999999998,0.5399997711181665,-0.3533333381017054,-0.04000005722045907,-0.049255300205421064,0.307079644989428,-0.0559019667325716,-0.6071069833590843,-0.48537750429936344,0.5602817670776934,-0.2862064474414425,92.23046075197857
1773306630408,67.94000000000001,14.14,263.28000000000003,-9,2.216666666666667,3.533333333333333,-0.05992297098513866,-0.22252947962927702,0.028797932657906443,63.625,29.25,350.375,-8.529999732971191,1.8200000524520874,3.509999990463257,0.023998277261853218,0.16035212576389313,-0.27379852533340454,0.00041884895302582805,0.0027986725571519625,-0.004778685754173014,-0.82977294921875,0.1749267578125,0.52532958984375,0.06988525390625,0.9999888222039879,-4.315000000000012,15.11,87.09499999999997,0.4700002670288086,-0.3966666142145794,-0.02333334287007638,0.06034181993816449,0.225328152186429,-0.033576618412079456,-0.5982535300145935,-0.48222846084942583,0.5693783482019832,-0.2921587273566425,92.62040837434901
1773306630508,68.06666666666668,13.066666666666668,262.55,-8.983333333333333,2,3.483333333333334,0.07184938754043324,-0.18820467100672186,0.08057603380040489,64.1875,27.5,349.125,-8.59000015258789,1.659999966621399,3.4700000286102295,-0.08072147518396378,-0.03163409233093262,-0.1843504011631012,-0.0014088555190270634,-0.0005521190670546618,-0.0032175214776685,-0.8284912109375,0.17156982421875,0.52716064453125,0.07891845703125,0.9999801793965388,-3.879166666666677,14.433333333333332,86.57499999999999,0.3933331807454419,-0.3400000333786011,-0.013333304723104344,-0.0732582430594603,0.1876525519396672,-0.08379355527807339,-0.5909886651812413,-0.48009525683273535,0.5767672007099158,-0.2959400922133603,93.06343995840786
1773306630608,68.41666666666667,12.116666666666667,261.8833333333333,-8.950000000000001,1.866666666666667,3.5,-0.09395689139902808,-0.1518436449235067,-0.039269908169872414,65.0625,26,347.8125,-8.819999694824219,1.6799999475479126,3.680000066757202,-0.019634954631328583,0.04472406208515167,-0.1788962483406067,-0.00034269460679639313,0.0007805821382522572,-0.003122328553009029,-0.82537841796875,0.16876220703125,0.531494140625,0.088134765625,0.9999919868684629,-3.3541666666666714,13.883333333333333,85.92916666666667,0.13000030517578232,-0.18666671911875432,0.18000006675720215,0.09361419679223168,0.15262422706175893,0.036147579616863386,-0.5837183238860074,-0.47949916025780825,0.5823250555198616,-0.3004180477027923,93.7028977699803
1773306630708,68.36666666666667,11.033333333333333,261.5,-9.05,1.816666666666667,3.5833333333333326,0.024143721319254897,-0.15707963267948966,0.023271056693257727,65.125,24,347.0625,-8.65999984741211,1.409999966621399,3.559999942779541,-0.022907447069883347,-0.03272492438554764,-0.17126043140888214,-0.00039981037459579195,-0.0005711576779939885,-0.0029890584064709044,-0.826416015625,0.16351318359375,0.53057861328125,0.09375,1.0000013597300346,-3.2416666666666742,12.966666666666667,85.5625,0.39000015258789134,-0.40666670004526817,-0.023333390553791578,-0.02454353169385069,0.15650847500149567,-0.026260115099728632,-0.5784088223330573,-0.47557324911688303,0.5885309986639142,-0.3048025304739986,93.69688340513754
1773306630810,68.10000000000001,10.5,261.3666666666667,-9.033333333333333,1.7166666666666668,3.6,-0.16522450252212986,-0.06748606441044741,-0.04799655442984406,65.0625,21.5,346.25,-8.369999885559082,1.25,3.4700000286102295,0.12108221650123596,0.25852689146995544,-0.009817477315664291,0.0021132833435591764,0.004512145461096765,-0.00017134730339819656,-0.82806396484375,0.1573486328125,0.5286865234375,0.1002197265625,1.0000009778882253,-3.0375000000000085,11,84.88333333333333,0.6633334477742512,-0.4666666666666668,-0.1299999713897706,0.16733778586568904,0.07199820987154418,0.04782520712644586,-0.5766984897167307,-0.47223784609259445,0.5922751774285097,-0.30597448076317807,93.41855762926889
1773306630924,66.65,10.116666666666669,261.70000000000005,-8.685714285714287,1.542857142857143,3.6999999999999997,-0.35006318140000553,0.03141592653589793,-0.13912767465897655,64.375,20.25,346,-8.300000190734863,1.4500000476837158,3.630000114440918,0.13744467496871948,0.4472406208515167,0.055632367730140686,0.0023988621175375893,0.007805821382522572,0.0009709679875711992,-0.83184814453125,0.15435791015625,0.523193359375,0.10260009765625,1.000027885271735,-2.2750000000000057,10.133333333333331,84.29999999999995,0.38571409497942355,-0.0928570951734271,-0.06999988555908176,0.3524620435175431,-0.023610105153375353,0.14009864264654776,-0.581041245381205,-0.46213911862175394,0.5978990880934774,-0.30221711841382326,92.13465891547666
1773306631024,65.84,9.64,261.91999999999996,-8.983333333333334,1.5333333333333332,4.1000000000000005,0.23940099573188886,-0.15155275671484097,0.08843001543437934,62.8125,18.4375,346.25,-8.260000228881836,0.8999999761581421,3.9600000381469727,0.014180799946188927,0.03490658476948738,-0.15271630883216858,0.0002475016496276315,0.0006092348348540607,-0.002665402410613838,-0.84027099609375,0.14794921875,0.5115966796875,0.1016845703125,1.000007616327011,-3.0275000000000034,8.7975,84.33000000000004,0.7233331044514983,-0.6333333571751911,-0.13999996185302788,-0.23915349408226122,0.15216199154969504,-0.09109541784499317,-0.582812247686483,-0.45519466279827114,0.6017335555210006,-0.3017356973688278,91.22017212348462
1773306631127,66.86666666666667,9.166666666666666,261.40000000000003,-9,1.4666666666666668,3.783333333333333,-0.06690428799311597,-0.053523430394492776,-0.027052603405912107,64.4375,18.5625,345.375,-8.899999618530273,1.1799999475479126,4,0.02617993950843811,-0.03272492438554764,-0.11453723162412643,0.0004569261423951908,-0.0005711576779939885,-0.0019990518079603787,-0.83233642578125,0.1497802734375,0.5228271484375,0.10699462890625,1.000007066850726,-2.4291666666666742,9.395833333333334,83.97499999999997,0.10000038146972656,-0.2866667191187542,0.21666666666666679,0.06736121413551116,0.052952272716498786,0.02505355159795173,-0.5758322816652385,-0.459856729454239,0.6019506712509493,-0.307578219561119,92.38849232868775
1773306631225,66.53333333333335,8.833333333333334,261.36666666666673,-8.950000000000001,1.4333333333333333,3.866666666666667,-0.02210750385859484,-0.030834150118566488,0.0031997702953229378,64.25,17.5625,345.125,-8.59000015258789,1.090000033378601,3.5799999237060547,0.03272492438554764,0.09599310904741287,-0.08290313929319382,0.0005711576779939885,0.0016753958121033122,-0.0014469327409057167,-0.8336181640625,0.14678955078125,0.52117919921875,0.10919189453125,1.0000085215652492,-2.2833333333333456,8.729166666666666,83.75833333333327,0.35999984741211044,-0.3433332999547323,-0.28666674296061245,0.02267866153658883,0.0325095459306698,-0.004646703036228654,-0.5754671636776485,-0.4567070772848125,0.6046351853457665,-0.30768893663675567,92.0720097579528
1773306631326,66.33333333333333,8.6,261.3333333333333,-8.85,1.366666666666667,3.883333333333334,-0.05148721293383272,0.00756309342530876,-0.018035068937274742,64.125,16.9375,344.875,-8.850000381469727,1.0199999809265137,3.890000104904175,0.037088245153427124,0.07963064312934875,0.0010908307740464807,0.0006473119917141328,0.0013898169080877366,0.000019038588589189398,-0.834228515625,0.1453857421875,0.52020263671875,0.11083984375,0.9999852421535856,-2.2083333333333286,8.3375,83.54166666666669,-3.8146972691777137e-7,-0.34666668574015325,0.006666771570840613,0.05213452492554685,-0.006173276517221024,0.018054107525863932,-0.5750690624793451,-0.454696971772016,0.6064209706309663,-0.3078958324165535,91.95079045260655
1773306631424,66,8.5,261.40000000000003,-8.866666666666667,1.4333333333333336,3.9166666666666674,-0.023561944901923444,0.0040724349213201025,0.0020362174606600517,64,16.5,344.875,-8.779999732971191,0.9700000286102295,3.890000104904175,0.047996554523706436,0.10144726186990738,-0.004363323096185923,0.0008376979060516561,0.0017705887367627832,-0.00007615435435675759,-0.83514404296875,0.1436767578125,0.51922607421875,0.11102294921875,1.000015197206295,-2,8,83.47499999999997,0.08666693369547573,-0.4633333047231041,-0.026666561762492602,0.0243996428079751,-0.0023018461845573193,-0.0021123718150168093,-0.575991980226166,-0.4523037459253905,0.6077563120374895,-0.3070615985687394,91.54281551723408
1773306631524,65.85,8.700000000000001,261.5,-8.766666666666667,1.4166666666666667,4.050000000000001,-0.04770566622117835,0.079412480965742,-0.0107628637206317,64,16.5625,344.875,-8.90999984741211,1.0800000429153442,4.159999847412109,-0.006544984877109528,0.021816615015268326,0.05672319978475571,-0.0001142315355987977,0.00038077176365646523,0.000990006598510526,-0.83502197265625,0.14385986328125,0.51934814453125,0.11090087890625,0.9999894275702448,-1.8499999999999943,7.862499999999999,83.375,-0.14333318074544188,-0.3366666237513225,0.10999984741210866,0.047591434685579546,-0.07903170920208553,0.011752870319142225,-0.5775690385599893,-0.4521400477061913,0.6071439095613566,-0.30554812393415864,91.35896321458257
1773306631624,65.6,8.875,261.7,-8.733333333333334,1.4333333333333336,3.9333333333333336,-0.03432480862255515,0.028216156240575,-0.019198621771937627,63.625,17.0625,345.375,-8.739999771118164,0.9300000071525574,4,0.04145156964659691,0.08835729211568832,0.09599310904741287,0.0007234663704528584,0.0015421256655651877,0.0016753958121033122,-0.8367919921875,0.14447021484375,0.5169677734375,0.1077880859375,0.9999832155637016,-1.9749999999999943,8.1875,83.67500000000001,-0.006666437784829782,-0.5033333261807762,0.06666666666666643,0.03504827499300801,-0.026674030575009812,0.02087401758404094,-0.5798543789038916,-0.4510718461521573,0.6065048406199164,-0.30406408400117985,91.01433626968102
1773306631724,65.6,8.875,261.7,-8.966666666666667,1.5,4.016666666666667,-0.023852833110589167,0.016580627893946133,-0.0008726646259971649,63.5625,17,345.4375,-8.899999618530273,1.100000023841858,4.039999961853027,0.009817477315664291,0.010908307507634163,0.006544984877109528,0.00017134730339819656,0.00019038588182823261,0.0001142315355987977,-0.8372802734375,0.14373779296875,0.5166015625,0.10699462890625,1.0000119171326558,-2.0374999999999943,8.125,83.73750000000001,0.06666704813639335,-0.3999999761581421,0.023333295186360736,0.024024180413987364,-0.0163902420121179,0.0009868961615959626,-0.5798543789038916,-0.4510718461521573,0.6065048406199164,-0.30406408400117985,90.91266062259511
1773306631828,65.35,9,261.90000000000003,-8.833333333333334,1.5,4.033333333333334,-0.010181087303300258,0.029961485492569315,0.0011635528346628855,63.4375,17.125,345.625,-8.760000228881836,1.100000023841858,3.9800000190734863,0.0010908307740464807,0.04581489413976669,0.062177352607250214,0.000019038588589189398,0.0007996207491915839,0.001085199523169997,-0.83795166015625,0.14398193359375,0.5157470703125,0.10565185546875,1.000025568203097,-1.9124999999999943,8.125,83.72499999999997,0.07333310445149799,-0.3999999761581421,-0.053333314259847775,0.010200125891889447,-0.02916186474337773,-0.00007835331149288853,-0.5819722965575329,-0.4497837225854796,0.6060345327432002,-0.30286134461074865,90.5884095197231
1773306631941,65.35,9,261.90000000000003,-8.828571428571427,1.6,4.128571428571429,-0.01645596151880368,0.02169194927478667,-0.02069461827364705,63.5,17.1875,345.6875,-8.890000343322754,1.2100000381469727,4.150000095367432,0.029452430084347725,0.013089969754219055,-0.008726646192371845,0.000514041877685299,0.0002284630711975954,-0.00015230870871351518,-0.8377685546875,0.14361572265625,0.51617431640625,0.105224609375,0.9999948851633395,-1.8499999999999943,8.1875,83.78749999999997,-0.0614289147513265,-0.38999996185302743,0.021428666796002638,0.016970003396488978,-0.021463486203589077,0.020542309564933536,-0.5819722965575329,-0.4497837225854796,0.6060345327432002,-0.30286134461074865,90.51640133485601
1773306632041,65.13333333333334,9.200000000000001,262.1666666666667,-8.65,1.5333333333333332,4.033333333333334,-0.022107503858594845,-0.006981317007977319,-0.006981317007977319,63.375,17.375,345.9375,-8.760000228881836,1.159999966621399,4.130000114440918,0.04472406208515167,0.09272061288356781,0.037088245153427124,0.0007805821382522572,0.001618279979285332,0.0006473119917141328,-0.8385009765625,0.1434326171875,0.515380859375,0.103515625,0.9999948590861736,-1.75833333333334,8.174999999999999,83.77083333333331,-0.11000022888183558,-0.3733333667119343,0.09666678110758387,0.022888085996847104,0.008599596987262651,0.007628628999691452,-0.584583825094216,-0.4488409938718377,0.6048232155656039,-0.30164945146848715,90.13317142112587
1773306632141,65,9.1,262.2,-8.616666666666667,1.4500000000000002,4.033333333333334,-0.023561944901923454,-0.05730497710714715,-0.03752457891787809,63.3125,17.125,345.9375,-8.630000114440918,1.149999976158142,4.039999961853027,0.028361599892377853,0.015271631069481373,-0.028361599892377853,0.000495003299255263,0.0002665402443123129,-0.000495003299255263,-0.8388671875,0.14263916015625,0.51495361328125,0.103759765625,0.9999937005142635,-1.6875,8.025,83.73750000000001,-0.013333447774250828,-0.3000000238418581,0.006666628519693241,0.024056948201178718,0.05757151735145947,0.03702957561862283,-0.5847968625358706,-0.44759527714694164,0.6055263684449428,-0.30167683796048045,89.97867503512067
1773306632241,65.025,8.575,262.1,-8.833333333333334,1.4666666666666668,4.15,0.033452143996557986,-0.11548261884029147,0.009017534468637371,63.3125,16.25,345.75,-8.699999809265137,1.1299999952316284,4.059999942779541,0.027270769700407982,-0.02508910745382309,-0.12653636932373047,0.00047596472082522687,-0.0004378875314558641,-0.0022084762682186474,-0.83929443359375,0.1395263671875,0.5147705078125,0.105224609375,0.9999718233698663,-1.7125000000000057,7.675000000000001,83.64999999999998,0.1333335240681972,-0.33666667143503837,-0.09000005722045934,-0.03297617927573276,0.11504473130883561,-0.011226010736856019,-0.5825464313270622,-0.44560399957796376,0.6077755662973002,-0.3044430848618876,89.92255584080888
1773306632342,65.17500000000001,8.125,261.82500000000005,-8.899999999999999,1.3833333333333335,4.066666666666667,0.029379709075237886,-0.04305145488252679,0.012217304763960308,63.6875,14.875,344.9375,-8.869999885559082,1.0199999809265137,4.03000020980835,0.011999138630926609,-0.009817477315664291,-0.05345070734620094,0.00020942447651291403,-0.00017134730339819656,-0.0009328908307111271,-0.8375244140625,0.13623046875,0.51739501953125,0.1107177734375,0.9999809579973404,-1.4875000000000114,6.75,83.11249999999995,0.030000114440916548,-0.36333335240681985,-0.03666645685831771,-0.02917028459872497,0.04288010757912859,-0.013150195594671435,-0.5792522404360415,-0.44508553565571896,0.6101505628195936,-0.3067278901417693,90.1416257593038
1773306632457,65.56666666666666,8,261.59999999999997,-8.842857142857143,1.3285714285714287,4.042857142857144,0.037150579792450726,-0.010222642761681071,0.012715970264530115,64.0625,14.75,344.75,-8.760000228881836,0.9599999785423279,3.8399999141693115,-0.013089969754219055,-0.027270769700407982,-0.006544984877109528,-0.0002284630711975954,-0.00047596472082522687,-0.0001142315355987977,-0.8358154296875,0.136474609375,0.51983642578125,0.11212158203125,1.0000069550928006,-1.5041666666666629,6.75,83.15000000000003,0.08285691397530748,-0.36857145002910086,-0.20285722868783207,-0.03737904286364832,0.009746678040855845,-0.012830201800128912,-0.5766004528258365,-0.44720733902503396,0.6101936374687614,-0.30854697943073495,90.58218282153312
1773306632558,65.2,8,261.7,-8.750000000000002,1.3,4.2,-0.23358323155857444,0.03577924966588376,-0.06254096486313014,64.3125,14.75,344.6875,-8.75,0.8700000047683716,4.050000190734863,0.062177352607250214,0.12108221650123596,0.04581489413976669,0.001085199523169997,0.0021132833435591764,0.0007996207491915839,-0.83477783203125,0.13665771484375,0.5213623046875,0.11260986328125,1.000014496862117,-0.8875000000000028,6.75,82.98750000000001,1.7763568394002505e-15,-0.42999999523162846,-0.1499998092651369,0.23466843108174443,-0.03366596632232458,0.06334058561232173,-0.5781182992600775,-0.4449847574025582,0.6111172014167481,-0.3070888533838106,90.20802237383212
1773306632657,62.85,8.033333333333333,262.5,-8.55,1.366666666666667,4.666666666666667,-0.7932521450314227,0.158824961931484,-0.25278185333051206,63.3125,14.25,344.875,-8.84000015258789,1.0299999713897705,4.400000095367432,0.11562806367874146,0.4417864680290222,0.04472406208515167,0.0020180904188997054,0.007710628457863101,0.0007805821382522572,-0.839599609375,0.13433837890625,0.514404296875,0.11163330078125,1.0000240390093589,0.4624999999999986,6.216666666666667,82.375,-0.2900001525878899,-0.3366666952768964,-0.2666665712992353,0.7952702354503224,-0.15111433347362088,0.25356243546876434,-0.5887111993428756,-0.43044361168733897,0.6159066180579845,-0.29798734664110915,87.8883482849545
1773306632757,57.91666666666668,8.1,264.2833333333333,-8.016666666666667,1.25,5.366666666666667,-1.0268353765899974,0.18093246579007885,-0.3231767998276167,59.0625,12.5625,346.0625,-8.3100004196167,0.7300000190734863,5.070000171661377,0.3217950761318207,0.9981101751327515,0.15053464472293854,0.005616383595206089,0.017420308853723743,0.002627325188735185,-0.86004638671875,0.12445068359375,0.48345947265625,0.1053466796875,0.9999993722883876,1.1458333333333215,4.4625,81.7791666666667,-0.2933337529500317,-0.5199999809265137,-0.2966664950052902,1.0324517601852035,-0.1635121569363551,0.3258041250163519,-0.6109661718018394,-0.3995757766047232,0.6242170526117854,-0.27823121121325217,83.12979924940724
1773306632858,52.88333333333333,7.650000000000001,266.0833333333333,-7.433333333333334,1.25,6.1000000000000005,-0.8930268006037653,0.11431906600562859,-0.27052603405912107,51.375,9.6875,347.75,-7.349999904632568,0.8399999737739563,5.800000190734863,0.35233834385871887,1.0450159311294556,0.021816615015268326,0.0061494641813585865,0.018238968734003304,0.00038077176365646523,-0.89337158203125,0.10467529296875,0.42633056640625,0.09600830078125,1.0000225228515052,-1.5083333333333329,2.0374999999999988,81.66666666666669,0.08333342870076521,-0.4100000262260437,-0.29999980926513725,0.8991762647851238,-0.09608009727162528,0.27090680582277754,-0.6314779330015304,-0.3654840106523586,0.6326691244496374,-0.2595897475974555,79.1680908784657
1773306632958,47.81666666666666,7.516666666666667,267.81666666666666,-6.716666666666668,1.4166666666666667,6.616666666666667,-0.9200794040096775,0.2728531397284469,-0.2254383617159343,46.75,8.4375,348.75,-7.179999828338623,1,6.400000095367432,0.2050761878490448,0.9402961134910583,0.20616701245307922,0.00357925469540422,0.01641126312412524,0.003598293176306384,-0.911376953125,0.0938720703125,0.390380859375,0.0902099609375,0.9999774840919531,-1.0666666666666629,0.9208333333333334,80.93333333333334,-0.4633331616719554,-0.41666666666666674,-0.2166665712992355,0.9236586587050817,-0.25644187660432166,0.22903665489224068,-0.6517756098021799,-0.3329098406359759,0.6387925466586408,-0.23728395396253432,75.49255635440166
1773306633058,42.25,7.866666666666666,270.1,-6.150000000000001,1.3166666666666669,7.216666666666666,-0.8941903534384283,0.3383029866782342,-0.2702351458504554,41.8125,8.0625,350.3125,-6.739999771118164,1.159999966621399,7.070000171661377,0.20071285963058472,0.8584837913513184,0.2923426330089569,0.003503100251646913,0.014983368734084526,0.0051023414899557555,-0.93035888671875,0.08563232421875,0.347900390625,0.07757568359375,0.9999766104913266,-0.4375,0.19583333333333375,80.21249999999998,-0.5899997711181628,-0.15666670004526795,-0.14666649500528894,0.8976934536900752,-0.3233196179441497,0.27533748734041114,-0.6760729421942379,-0.29930604523815024,0.6399620609995357,-0.2092601935341548,71.85311785098351
1773306633158,37.016666666666666,7.850000000000001,272.6833333333334,-5.383333333333334,1.2666666666666666,8,-1.0169451774953628,0.3801908887260981,-0.3892084231947355,36.3125,7.4375,352.375,-5.760000228881836,0.9700000286102295,7.570000171661377,0.3228859007358551,1.0602874755859375,0.3741549551486969,0.0056354220761082536,0.018505507466633604,0.006530235879996471,-0.9461669921875,0.075927734375,0.30816650390625,0.063232421875,0.9999809654480629,-0.7041666666666657,-0.4125000000000014,79.6916666666666,-0.3766668955485022,-0.2966666380564371,-0.42999982833862305,1.0225805995714712,-0.3616853812594645,0.39573865907473194,-0.6994414553604922,-0.26559504869803036,0.6373936644896422,-0.18431016547861118,68.54037770438788
1773306633258,31.51666666666667,7.283333333333334,275.51666666666665,-4.8999999999999995,1.3333333333333333,8.716666666666667,-0.8255407361933179,0.3953170755767157,-0.29874219029969606,30.75,6.3125,354.5625,-5.210000038146973,0.8199999928474426,8.600000381469727,0.3883357644081116,0.9304786324501038,0.27488934993743896,0.006777737692170556,0.01623991575570846,0.004797724235075179,-0.961669921875,0.0621337890625,0.2630615234375,0.04583740234375,0.999986039377157,-0.7666666666666693,-0.9708333333333341,79.04583333333335,-0.3100000381469732,-0.5133333404858906,-0.11666628519694022,0.8323184738854885,-0.3790771598210072,0.30353991453477125,-0.7226493519092692,-0.22745860441305865,0.632916088424016,-0.15955476325581802,65.71985043192974
1773306633358,26.850000000000005,7.1000000000000005,278.36666666666673,-4.083333333333334,1.1166666666666665,8.983333333333334,-0.6027203683553752,0.40637082750601305,-0.17889624832941878,24.625,5.5,357.5625,-4.400000095367432,0.8600000143051147,8.920000076293945,0.16580627858638763,0.6774058938026428,0.3632466495037079,0.0028938654818114334,0.011822963219271168,0.006339850030677528,-0.9757080078125,0.049560546875,0.21246337890625,0.02105712890625,1.000023226915266,-2.225000000000005,-1.6000000000000005,79.19583333333327,-0.3166667620340977,-0.25666665236155173,-0.06333325703938897,0.6056142338371867,-0.3945478642867419,0.1852360983600963,-0.7441092298640233,-0.19704663624975371,0.6236800213382733,-0.13600480931687153,64.460246595441
1773306633457,23.16666666666667,7.1833333333333345,281.05,-3.5333333333333337,1.2666666666666666,9.200000000000001,-0.508763476956347,0.4450589592585541,-0.15707963267948968,21,5.375,359.875,-3.819999933242798,1.0700000524520874,9.15999984741211,0.1788962483406067,0.5683228373527527,0.41887903213500977,0.003122328553009029,0.009919104726081748,0.007310818278323053,-0.982177734375,0.04510498046875,0.1826171875,0.0013427734375,1.0000292002616769,-2.1666666666666714,-1.8083333333333345,78.82499999999999,-0.2866665999094642,-0.1966666142145792,-0.04000015258789169,0.511885805509356,-0.43513985453247234,0.16439045095781274,-0.7626928408135235,-0.17477293649841297,0.6118609514644432,-0.1156729324973891,62.965419669539486
1773306633557,20.2,7.233333333333334,283.75,-3.0000000000000004,1.3,9.583333333333334,-0.47094800982980334,0.4910192962277381,-0.15446163880149816,18.3125,5.3125,2.1875,-3.4100000858306885,1.0800000429153442,9.5600004196167,0.21380282938480377,0.46360307931900024,0.4625122547149658,0.0037315633228445083,0.008091400156500986,0.008072361675598822,-0.986328125,0.041259765625,0.15802001953125,-0.0208740234375,0.9999757946333359,-1.8874999999999993,-1.9208333333333343,-281.5625,-0.41000008583068803,-0.2199999570846558,-0.023332913716634707,0.47467957315264786,-0.4829278960712371,0.16253400047709698,-0.7797620902195628,-0.15690666221404473,0.5978989469906854,-0.09933897118802816,61.55051071507512
1773306633657,17.2,7.5,286.59999999999997,-2.5500000000000003,1.25,9.233333333333334,-0.42964188419927074,0.545415391248228,-0.029961485492569325,15.3125,5.375,5,-2.740000009536743,0.8600000143051147,9.449999809265137,0.07744898647069931,0.45378559827804565,0.5235987901687622,0.0013517398162462457,0.007920052788084208,0.009138522847903816,-0.989013671875,0.03997802734375,0.13555908203125,-0.04278564453125,0.9999765806883066,-1.8874999999999993,-2.125,-281.59999999999997,-0.1900000095367429,-0.38999998569488525,0.21666647593180244,0.430993624015517,-0.5374953384601439,0.03910000834047314,-0.7969082441051409,-0.1410237779946275,0.5817990736767764,-0.08099001411426086,60.26914386338428
1773306633757,14.100000000000001,8,289.9666666666667,-1.8833333333333335,1.1333333333333335,9.316666666666668,-0.36564647829281205,0.5503604907955453,-0.09948376736367678,12.4375,5.875,7.9375,-2.200000047683716,0.9800000190734863,9.109999656677246,0.11126473546028137,0.5508695244789124,0.5443245768547058,0.0019419359751423984,0.009614486951052522,0.009500256065639536,-0.9903564453125,0.04315185546875,0.112060546875,-0.06866455078125,0.9999701786065031,-1.6625000000000014,-2.125,-282.0291666666667,-0.3166667143503823,-0.1533333142598472,-0.2066670099894221,0.36758841426795447,-0.5407460038444928,0.10898402342931632,-0.8157260067277459,-0.1269534358210719,0.5610772903079095,-0.060548999842809155,59.2189046705969
1773306633857,11.433333333333335,8.033333333333333,293.16666666666674,-1.633333333333333,1.3333333333333333,9.733333333333333,-0.374082236344118,0.4945099547317267,-0.08290313946973066,9.5625,5.8125,11.1875,-1.840000033378601,1.0199999809265137,9.65999984741211,0.15817046165466309,0.5454154014587402,0.5290529131889343,0.002760595335273309,0.0095192945465417,0.009233715252414638,-0.990478515625,0.04193115234375,0.08843994140625,-0.096923828125,1.000010881513758,-1.8708333333333353,-2.220833333333333,-281.97916666666674,-0.206666700045268,-0.3133333524068196,-0.07333348592122313,0.3768428316793913,-0.484990660185185,0.09213685472214529,-0.832339019981978,-0.11289868598987529,0.5408147519484814,-0.044553861696854546,58.65649366226745
1773306633958,9.183333333333335,8.25,295.8666666666667,-1.0999999999999999,1.2166666666666668,9.633333333333335,-0.3717551306747922,0.46891179236914315,-0.019489509980603344,7.5625,6.125,13.875,-1.350000023841858,1,9.6899995803833,-0.07635815441608429,0.25961771607398987,0.5028730034828186,-0.001332701205306919,0.00453118394199893,0.008776789630168097,-0.98907470703125,0.04522705078125,0.0721435546875,-0.12030029296875,0.9999955575814515,-1.6208333333333353,-2.125,-281.9916666666667,-0.25000002384185804,-0.21666666666666679,0.056666247049966145,0.3704224294694853,-0.46438060842714424,0.028266299610771442,-0.8455801159401993,-0.10315330690828786,0.5229509029029497,-0.029597566680954337,58.38998335149044
1773306634057,6.733333333333334,8.299999999999999,298.5,-0.9166666666666666,1.3166666666666667,9.700000000000001,-0.23998277214922034,0.45204027626653137,0.02501638594525206,5.4375,6.375,16.1875,-1.2400000095367432,1.1299999952316284,9.789999961853027,-0.06981316953897476,0.21925698220729828,0.5061454772949219,-0.0012184696697081214,0.0038267562475039793,0.00883390507287459,-0.9874267578125,0.0482177734375,0.0548095703125,-0.14013671875,0.9999894722742,-1.2958333333333343,-1.924999999999999,-282.3125,-0.32333334287007653,-0.18666667143503823,0.08999996185302628,0.23876430247951222,-0.44821352001902737,-0.016182480872377468,-0.8578466660103923,-0.09203332818426105,0.5054200402880737,-0.013399514669742716,58.568742774548504
1773306634157,4.800000000000001,8.66,301.4,-0.35000000000000003,1.2333333333333334,9.633333333333335,-0.2175843800819598,0.448258729553877,-0.01861684535460618,3.9375,6.8125,18.625,-1.149999976158142,1.440000057220459,9.65999984741211,-0.13199052214622498,0.12108221650123596,0.4712388813495636,-0.0023036691928781184,0.0021132833435591764,0.008224670042964784,-0.98455810546875,0.052978515625,0.0438232421875,-0.16094970703125,0.9999933354334478,-0.8625000000000007,-1.8475000000000001,-282.775,-0.799999976158142,0.2066667238871256,0.02666651407877474,0.21528071088908168,-0.4461454462103178,0.026841515397570966,-0.8703646433675966,-0.08621892637433366,0.4848004044624434,0.0005021389301229501,58.25904394334697
1773306634258,3.1833333333333336,8.416666666666666,303.73333333333335,-0.41666666666666674,1.366666666666667,9.683333333333334,-0.20420352248333656,0.4171336912266448,-0.11024663108430847,2.375,6.625,20.75,-0.8199999928474426,1.100000023841858,10.010000228881836,0.018544122576713562,0.20616701245307922,0.3752457797527313,0.0003236559958570664,0.003598293176306384,0.006549274360898635,-0.9818115234375,0.053466796875,0.03094482421875,-0.17938232421875,0.9999740828195435,-0.8083333333333336,-1.791666666666666,-282.98333333333335,-0.4033333261807759,-0.266666642824809,0.32666689554850237,0.20452717847919363,-0.4135353980503384,0.11679590544520711,-0.8800968378523463,-0.07775013228711464,0.46827475262774076,0.010160166488066509,58.47553835748235
1773306634358,1.5833333333333337,7.733333333333333,306.18333333333334,0.09999999999999999,1.1166666666666665,9.866666666666667,-0.24289165423587758,0.40491638646268446,-0.10035643198967396,0.4375,5.75,23.75,-0.27000001072883606,0.949999988079071,9.979999542236328,0.153807133436203,0.21162116527557373,0.40797069668769836,0.0026844408915160023,0.0036934861009658548,0.0071204319088554605,-0.97735595703125,0.04840087890625,0.01416015625,-0.20550537109375,1.0000001396983764,-1.1458333333333337,-1.9833333333333334,-282.43333333333334,-0.37000001072883604,-0.16666667858759543,0.11333287556966098,0.2455760951273936,-0.4012229003617186,0.10747686389852942,-0.8900385900018534,-0.06636679008978279,0.4506602744509232,0.01822291174620652,59.243161841191345
1773306634458,0.016666666666666653,7.400000000000001,308.3833333333334,0.16666666666666666,1.1333333333333335,9.733333333333334,-0.04683300159518118,0.39008108782073264,0.09482955602502523,0.4375,5.75,23.75,-0.27000001072883606,0.949999988079071,9.979999542236328,0.153807133436203,0.21162116527557373,0.40797069668769836,0.0026844408915160023,0.0036934861009658548,0.0071204319088554605,-0.97735595703125,0.04840087890625,0.01416015625,-0.20550537109375,1.0000001396983764,0.42083333333333334,-1.6500000000000012,-284.6333333333334,-0.4366666773955027,-0.18333334525426248,0.24666620890299384,0.049517442486697184,-0.38638760171976677,-0.08770912411616977,-0.8983830607888955,-0.0581587510990241,0.4344461258905664,0.027964253196818296,57.7607233462008
1773306634558,-1.05,7.7,311,0.3333333333333333,1.3333333333333333,9.75,-0.2210750385859484,0.40433461004535304,0.04276056667386108,-1.4375,6.125,27.875,-0.20000000298023224,1.309999942779541,9.760000228881836,-0.019634954631328583,0.22362031042575836,0.40797069668769836,-0.00034269460679639313,0.003902910691261286,0.0071204319088554605,-0.9686279296875,0.0555419921875,-0.0008544921875,-0.24237060546875,1.0000346092106192,-0.38749999999999996,-1.5750000000000002,-283.125,-0.5333333363135655,-0.023333390553792244,0.010000228881835938,0.220732343979152,-0.40043169935409173,-0.03564013476500562,-0.9076144709027737,-0.057305242822302226,0.4142998567096861,0.0361622743102362,59.813230170893256
1773306634658,-2.6666666666666665,7.983333333333334,313.3,0.6166666666666668,1.3166666666666669,9.583333333333334,-0.2408554367752175,0.4194607968959705,0.09075712110370514,-3.125,6.5,30.125,-0.029999999329447746,1.2999999523162842,9.890000343322754,-0.11999138444662094,0.26943519711494446,0.439604789018631,-0.0020942447326198496,0.004702531310415707,0.007672550975910123,-0.9637451171875,0.06182861328125,-0.01177978515625,-0.25927734375,0.9999954663114297,-0.4583333333333335,-1.4833333333333343,-283.175,-0.6466666659961146,-0.016666714350382694,0.30666700998942,0.23876119204259766,-0.4147582655855548,-0.08308457012779502,-0.914983733362681,-0.05469276078879388,0.39676545474916375,0.04889420739391771,61.1242007953668
1773306634758,-4.3500000000000005,8.15,315.59999999999997,0.9166666666666669,1.3,9.433333333333332,-0.25132741228718347,0.4374958658332453,0.018035068937274742,-4.75,6.6875,32.4375,0.5400000214576721,1.2300000190734863,9.5600004196167,-0.07526732236146927,0.25307273864746094,0.4472406208515167,-0.0013136625943675924,0.004416952536437295,0.007805821382522572,-0.957763671875,0.06787109375,-0.02362060546875,-0.27850341796875,1.0000199114784118,-0.39999999999999947,-1.4625000000000004,-283.16249999999997,-0.37666664520899473,-0.06999998092651372,0.12666708628336742,0.25001374969281587,-0.433078913296808,-0.01022924755475217,-0.9218455260624682,-0.05144353726329149,0.3791110588358079,0.06188047851176089,62.870549759989245
1773306634857,-5.866666666666667,8.05,317.95000000000005,1.2166666666666668,1.1500000000000001,9.566666666666668,-0.079412480965742,0.2865248855357358,0.09133889752103658,-6.3125,6.6875,35,0.9900000095367432,0.7699999809265137,9.600000381469727,-0.07744898647069931,0.16144295036792755,0.3337942063808441,-0.0013517398162462457,0.0028177110380541268,0.0058258079254271955,-0.95062255859375,0.07232666015625,-0.0355224609375,-0.29962158203125,0.9999746658424156,-0.44583333333333286,-1.3625000000000007,-282.95000000000005,-0.22666665712992362,-0.38000001907348646,0.033333714803058356,0.07806074114949575,-0.2837071744976817,-0.08551308959560938,-0.928612981931397,-0.04711813616328828,0.3607742787581283,0.07279925013026786,64.71508907477805
1773306634957,-6.480000000000001,8.36,319.68,1.3333333333333333,1.25,9.750000000000002,-0.07912159275707628,0.19198621771937624,0.034615696831220885,-6.4375,7.3125,36.3125,1.0399999618530273,1.0099999904632568,9.789999961853027,-0.20725785195827484,-0.11344639956951141,0.2203478217124939,-0.003617331917282873,-0.001980013197021052,0.0038457949884804685,-0.9468994140625,0.0782470703125,-0.03411865234375,-0.3099365234375,0.9999829175354311,0.042500000000001315,-1.0474999999999994,-283.3675,-0.2933333714803059,-0.24000000953674316,0.03999996185302557,0.0755042608397934,-0.19396623091639728,-0.030769901842740418,-0.933320475887204,-0.04888809906718285,0.3470439827238452,0.07799562240569527,64.88699499183406
1773306635058,-7.733333333333334,7.800000000000001,320.70000000000005,1.4333333333333333,1.3333333333333333,9.766666666666667,-0.19024088846738194,0.19518598801469916,0.04363323129985824,-7.75,6.75,37.1875,1.25,1.1100000143051147,9.970000267028809,0.11999138444662094,0.3534291684627533,0.1952587068080902,0.0020942447326198496,0.006168502662260751,0.003407907326987442,-0.944091796875,0.0775146484375,-0.045654296875,-0.31719970703125,1.0000089052668066,-0.01666666666666572,-1.0500000000000007,-283.51250000000005,-0.18333333333333335,-0.2233333190282185,0.2033336003621411,0.19233513320000178,-0.18901748535243842,-0.0402253239728708,-0.9359023482096499,-0.04128452493514377,0.3390506299546231,0.08618035126359119,66.23286197116428
1773306635158,-8.44,8.320000000000002,321.76,1.2833333333333334,1.5166666666666668,9.316666666666668,0.048287442638509794,0.1925679941367077,0.2283472438025915,-8.3125,7.625,38.25,0.8399999737739563,1.3799999952316284,9.520000457763672,-0.3239767253398895,-0.06108652427792549,0.21707531809806824,-0.005654460557010417,-0.0010661609772492516,0.0037886790256253257,-0.9403076171875,0.08636474609375,-0.0472412109375,-0.32574462890625,0.999989289733037,0.1274999999999995,-0.6950000000000021,-283.51,-0.44333335955937714,-0.1366666714350384,0.20333379109700367,-0.05394190319552021,-0.19363415511395696,-0.22455856477696617,-0.9380420202958643,-0.04431476873444395,0.3308426838676911,0.09304024915319818,67.33182929909013
1773306635257,-8.116666666666667,9.466666666666667,323.09999999999997,1.3666666666666665,1.7833333333333332,9.55,0.18122335399874456,0.19140444130204481,0.25685428825183215,-7.9375,8.5625,39.375,1.2599999904632568,1.4299999475479126,9.710000038146973,-0.23234695196151733,-0.20289452373981476,0.2508910894393921,-0.004055219318701574,-0.0035411774735255664,0.004378875574632966,-0.936767578125,0.0933837890625,-0.04083251953125,-0.33477783203125,0.9999987594775611,0.17916666666666714,-0.9041666666666668,-283.72499999999997,-0.10666667620340964,-0.3533333857854206,0.16000003814697195,-0.18527857331744613,-0.19494561877557037,-0.2524754126771992,-0.9411463266148717,-0.055759268836032876,0.3201465996677728,0.0929550996953216,67.34162658847266
1773306635357,-7.300000000000001,10.966666666666667,324.6,1.116666666666667,1.9833333333333334,9.766666666666667,0.08348491588706212,0.23881921931455746,0.25481807079117214,-6.6875,10.3125,41.0625,0.6499999761581421,1.75,9.979999542236328,-0.27925267815589905,-0.14180800318717957,0.22907446324825287,-0.004873878678832486,-0.002475016561294896,0.003998103615920757,-0.93121337890625,0.1048583984375,-0.02362060546875,-0.3482666015625,1.0000005997715582,0.6125000000000007,-0.6541666666666668,-283.5375,-0.46666669050852483,-0.2333333333333334,0.21333287556966063,-0.08835879456589461,-0.24129423587585236,-0.2508199671752514,-0.9445290493174026,-0.07158144222126044,0.30782319727113283,0.08936359072276293,67.04710911998981
1773306635458,-7.5,11.86,325.86,0.85,1.9000000000000004,9.633333333333335,0.004072434921320088,0.1547525270101639,0.19431332338870205,-7.25,11.0625,42.0625,0.75,1.440000057220459,9.850000381469727,-0.12217304855585098,0.16689710319042206,0.05672319978475571,-0.002132321954498503,0.0029129039627135977,0.000990006598510526,-0.9271240234375,0.11260986328125,-0.0252685546875,-0.3564453125,0.9999658478180031,0.25,-0.7974999999999994,-283.7975,-0.09999999999999998,-0.45999994277954137,0.21666704813639193,-0.006204756875818591,-0.1518396230474503,-0.19332331679019152,-0.9468121798058491,-0.07945492139127545,0.2978032799536965,0.09244900262752014,68.13323582822332
1773306635557,-6.916666666666667,12.9,326.90000000000003,1.0666666666666667,2.316666666666667,9.216666666666669,0.22136592679461412,0.26616271092913524,0.22340214425527413,-6.5625,12.4375,43.1875,0.6600000262260437,2.369999885559082,9.300000190734863,-0.25307273864746094,-0.23452861607074738,0.2301652878522873,-0.004416952536437295,-0.004093296540580228,0.004017142096822922,-0.9228515625,0.121826171875,-0.01422119140625,-0.36505126953125,0.9999806469296288,0.35416666666666696,-0.46250000000000036,-283.71250000000003,-0.40666664044062295,0.05333321889241516,0.08333352406819472,-0.2257828793310514,-0.27025600746971545,-0.21938500215845122,-0.9488391658247647,-0.09041184037846993,0.2890291521883904,0.0893984658794719,68.2372968532983
1773306635657,-6.116666666666667,13.883333333333333,328.75,1.1166666666666667,2.3000000000000003,9.5,0.1980948701013564,0.3388847630955657,0.22427480888127135,-5.8125,13.1875,45,0.6899999976158142,2.200000047683716,9.550000190734863,-0.257436066865921,-0.28034350275993347,0.35124751925468445,-0.004493106980194601,-0.004892917159734649,0.006130425700456423,-0.915771484375,0.12628173828125,-0.00213623046875,-0.38134765625,1.0000075436844007,0.30416666666666714,-0.6958333333333329,-283.75,-0.4266666690508525,-0.09999995231628445,0.05000019073486328,-0.202587977081551,-0.34377768025530037,-0.21814438318081494,-0.9528874206198569,-0.1019620003527872,0.27319475846180463,0.08351010751693858,68.35092869296312
1773306635758,-5.733333333333334,15.066666666666665,331.2166666666667,0.9333333333333332,2.8333333333333335,9.366666666666667,0.20158552860534504,0.41480658555731903,0.3388847630955657,-5.3125,14.375,47.1875,0.6700000166893005,2.5999999046325684,9.4399995803833,-0.3796091079711914,-0.24216443300247192,0.3697916269302368,-0.006625428804655942,-0.004226566687118353,0.006454081436239164,-0.9083251953125,0.13336181640625,0.00665283203125,-0.39642333984375,1.0000178793709515,0.4208333333333343,-0.6916666666666647,-284.0291666666667,-0.2633333166440327,-0.23333342870076512,0.07333291371663364,-0.20821095741000098,-0.4190331522444374,-0.33243068165932654,-0.9574276217854562,-0.11450683971599317,0.25244633324608606,0.0805691102787379,69.00028120185556
1773306635857,-5.716666666666668,16.416666666666668,334,1.2333333333333334,2.716666666666667,9.383333333333335,0.11373728958829714,0.44651340030188263,0.23271056693257727,-5.3125,14.375,47.1875,0.6700000166893005,2.5999999046325684,9.4399995803833,-0.3796091079711914,-0.24216443300247192,0.3697916269302368,-0.006625428804655942,-0.004226566687118353,0.006454081436239164,-0.9083251953125,0.13336181640625,0.00665283203125,-0.39642333984375,1.0000178793709515,0.4041666666666677,-2.041666666666668,-286.8125,-0.5633333166440329,-0.11666676203409843,0.056666247049966145,-0.12036271839295308,-0.450739966989001,-0.22625648549633812,-0.9615867353642775,-0.12783792189686824,0.22930666895642468,0.08016774705996137,68.59356583165814
1773306635957,-5.95,17.4,336.65000000000003,1.0333333333333334,2.9333333333333336,9.316666666666668,0.2530727415391778,0.3400483159302285,0.36331937262348624,-4.75,17.4375,53.0625,0.6600000262260437,2.8399999141693115,9.359999656677246,-0.41342484951019287,-0.31088677048683167,0.3588833212852478,-0.007215624833514932,-0.005425997745887147,0.006263695586920222,-0.88360595703125,0.15435791015625,0.0301513671875,-0.4410400390625,1.0000056363483374,1.2000000000000002,0.03750000000000142,-283.58750000000003,-0.37333330710728974,-0.09333341916402205,0.04333299001057789,-0.26028836637269276,-0.34547431367611564,-0.357055677036566,-0.9651498580854625,-0.13755008995536738,0.20745009741253173,0.08080953702635005,73.31957538170666
1773306636057,-5.683333333333334,18.849999999999998,339.0833333333333,0.8500000000000001,3.2999999999999994,9.083333333333334,0.036651914291880916,0.37437312455278376,0.1855866771287304,-4.375,18.875,55.0625,0.550000011920929,3.069999933242798,9.050000190734863,-0.2727077007293701,-0.11671889573335648,0.3937899172306061,-0.00475964727327085,-0.002037129029839032,0.0068729306168300265,-0.87420654296875,0.16326904296875,0.0411376953125,-0.4554443359375,1.0000078566063764,1.3083333333333336,0.02500000000000213,-284.0208333333333,-0.29999998807907113,-0.23000006675720153,-0.033333142598470644,-0.041411561565151765,-0.3764102535826228,-0.17871374651190036,-0.9674456796879709,-0.15196034828034954,0.1868333969176617,0.07778297499969108,75.02942367269917
1773306636157,-6.466666666666668,19.45,341.56666666666666,1.1666666666666667,3.1999999999999997,8.966666666666667,-0.046542113386515455,0.37437312455278365,0.06981317007977318,-5.25,19.3125,57.25,0.8500000238418579,2.990000009536743,9.119999885559082,-0.08508480340242386,0.02508910745382309,0.3959715664386749,-0.0014850099627843703,0.0004378875314558641,0.006911007578634355,-0.86456298828125,0.1693115234375,0.03936767578125,-0.471435546875,0.9999684202154986,1.2166666666666677,-0.1374999999999993,-284.31666666666666,-0.31666664282480883,-0.20999999046325657,0.15333321889241525,0.045057103423731086,-0.3739352370213278,-0.06290216250113882,-0.9698303508712703,-0.15756917717380725,0.16701983541955664,0.08188662595382902,77.52057869966966
1773306636257,-7.416666666666668,19.549999999999997,343.6333333333334,1.2666666666666668,3.15,9.25,0.013962634015954635,0.2844886680750757,0.10704686078898554,-6,19.375,59,1.059999942779541,2.9000000953674316,9.420000076293945,-0.0818123072385788,-0.004363323096185923,0.33161255717277527,-0.00142789412996639,-0.00007615435435675759,0.005787730963622867,-0.85693359375,0.17218017578125,0.0360107421875,-0.48443603515625,0.9999781211307347,1.4166666666666679,-0.17499999999999716,-284.6333333333334,-0.2066667238871258,-0.24999990463256827,0.1700000762939453,-0.015390528145921026,-0.2845648224294325,-0.10125912982536267,-0.97184217280832,-0.15862630910042905,0.1508499081163491,0.08720544956404762,79.52923791986
1773306636357,-7.8,19.833333333333336,345.3,1.3166666666666667,3.366666666666667,9.016666666666667,0.06486807053245591,0.21351194516063968,0.07475826962709044,-6,19.375,59,1.059999942779541,2.9000000953674316,9.420000076293945,-0.0818123072385788,-0.004363323096185923,0.33161255717277527,-0.00142789412996639,-0.00007615435435675759,0.005787730963622867,-0.85693359375,0.17218017578125,0.0360107421875,-0.48443603515625,0.9999781211307347,1.7999999999999998,-0.4583333333333357,-286.3,-0.25666672388712564,-0.4666665712992355,0.4033334096272778,-0.0662959646624223,-0.21358809951499644,-0.06897053866346757,-0.9732043547778474,-0.16183385411732343,0.13734400880546158,0.08842912839224383,79.6123508613031
1773306636458,-7.74,20.3,346.76000000000005,1.2000000000000002,3.616666666666667,9.216666666666667,0.09482955602502526,0.17046049027811286,0.12944525285624614,-6.25,19.8125,60.9375,0.8199999928474426,3.3499999046325684,9.270000457763672,-0.03381575271487236,-0.009817477315664291,0.1647154539823532,-0.000590196223914734,-0.00017134730339819656,0.0028748270009092696,-0.847900390625,0.17633056640625,0.038818359375,-0.49847412109375,1.0000054277332346,1.4900000000000002,-0.4875000000000007,-285.82250000000005,-0.38000000715255755,-0.2666667620340988,0.05333379109700509,-0.09541975224893999,-0.17063183758151104,-0.12657042585533687,-0.9741859209512631,-0.166992598958364,0.12503560216080703,0.0862633265400474,81.34972418006296
1773306636557,-7.95,20.883333333333336,347.9666666666667,1.2333333333333336,3.7999999999999994,9.200000000000001,-0.005526875964648714,0.28303422703174713,0.18878644742405334,-6.5,20.875,63.3125,0.8700000047683716,3.5299999713897705,9.260000228881836,-0.22907446324825287,-0.03272492438554764,0.257436066865921,-0.003998103615920757,-0.0005711576779939885,0.004493106980194601,-0.83599853515625,0.18402099609375,0.04534912109375,-0.51495361328125,0.9999955221910358,1.4500000000000002,-0.008333333333336412,-284.6541666666667,-0.36333332856496203,-0.27000002861022887,0.06000022888183487,0.0015287723487279565,-0.2836053847097411,-0.18429334044385876,-0.9743529983597814,-0.1726566892809061,0.11532816738387983,0.08674857947964527,83.96592596327942
1773306636657,-8.516666666666667,21.933333333333334,349.86666666666673,1.2666666666666668,3.7666666666666675,8.799999999999999,0.05235987755982989,0.3656464782928121,0.24754586557452912,-6.9375,21.9375,65,0.8299999833106995,3.630000114440918,8.859999656677246,-0.2519819140434265,-0.030543262138962746,0.3545199930667877,-0.0043979140555351305,-0.0005330804886246258,0.006187541143162915,-0.82647705078125,0.193115234375,0.04937744140625,-0.5264892578125,0.999993439742266,1.5791666666666675,0.00416666666666643,-284.86666666666673,-0.43666668335596737,-0.13666655222574953,0.05999965667724716,-0.05675779161536502,-0.3661795587814367,-0.2413583244313662,-0.9739548749185052,-0.18253349294264057,0.10053329534106388,0.08936711981766148,86.62642246418218
1773306636757,-8.866666666666665,23.083333333333332,352.3,1.1833333333333333,3.85,8.716666666666669,0.11431906600562858,0.42586033748661645,0.2289290202199229,-6.9375,21.9375,65,0.8299999833106995,3.630000114440918,8.859999656677246,-0.2519819140434265,-0.030543262138962746,0.3545199930667877,-0.0043979140555351305,-0.0005330804886246258,0.006187541143162915,-0.82647705078125,0.193115234375,0.04937744140625,-0.5264892578125,0.999993439742266,1.9291666666666654,-1.1458333333333321,-287.3,-0.3533333500226339,-0.21999988555908212,0.14333299001057753,-0.11871698006116371,-0.42639341797524105,-0.22274147907675998,-0.9736049526952256,-0.1939464039416018,0.08102121818640885,0.08895926421142883,87.16662758078462
1773306636858,-9.016666666666667,23.983333333333334,355.3500000000001,1.3833333333333335,3.9666666666666672,8.483333333333334,0.22718369096792854,0.4907284080190724,0.17220581953010722,-7.0625,23.125,67.5,0.7400000095367432,3.8499999046325684,8.880000114440918,-0.2508910894393921,-0.13962633907794952,0.4756022095680237,-0.004378875574632966,-0.002436939339416243,0.008300824486722091,-0.81329345703125,0.200927734375,0.05792236328125,-0.54296875,0.999994132650567,1.9541666666666675,-0.8583333333333343,-287.8500000000001,-0.6433333237965904,-0.11666676203409887,0.3966667811075837,-0.2315625665425615,-0.49316534735848866,-0.16390499504338513,-0.973685972759231,-0.20383685081124825,0.055877793856277856,0.08522814592033938,89.8719801245794
1773306636957,-9.2,24.183333333333337,358.55,2.1833333333333336,3.3666666666666667,8.466666666666667,0.10501064332832552,0.42033346152196766,-0.0808669220090706,-7.1875,23.9375,71.3125,1.2799999713897705,3.680000066757202,8.6899995803833,-0.18762288987636566,-0.2628902196884155,0.48869219422340393,-0.0032746371804493173,-0.004588299904854072,0.008529287817994013,-0.79351806640625,0.20526123046875,0.068115234375,-0.56878662109375,0.9999804997778033,2.0124999999999993,-0.24583333333333712,-287.2375,-0.9033333619435631,0.31333340009053545,0.223332913716634,-0.10828528050877484,-0.42492176142682175,0.08939620982706462,-0.9743734568636742,-0.20779261646058952,0.029131148986045505,0.08105535924754667,93.30645273708667
1773306637058,-10.583333333333334,22.75,0.7833333333333333,2.35,3.4166666666666674,8.766666666666667,-0.03112503832723221,0.09424777960769379,-0.16638805535679274,-7.5,23.5625,73.875,1.9500000476837158,3.1600000858306885,8.770000457763672,0.12980885803699493,-0.06872233748435974,0.3730641305446625,0.002265591970999465,-0.0011994310587687947,0.006511197399094307,-0.78094482421875,0.20245361328125,0.068603515625,-0.5869140625,1.000018421390852,3.083333333333334,0.8125,73.09166666666667,-0.39999995231628427,-0.25666658083597893,0.0033337910970043794,0.03339063029823167,-0.09544721066646258,0.17289925275588705,0.9762806959156783,0.1970024958473717,-0.011516240648795535,-0.08906961105575967,95.70348117382072
1773306637157,-11.475000000000001,21.7,1.2750000000000001,1.6500000000000001,3.85,8.883333333333333,0.20420352248333656,-0.026761715197246388,0.04566944876051829,-8.4375,21.625,75.0625,1.2599999904632568,3.5999999046325684,8.949999809265137,-0.09053895622491837,-0.2258019745349884,-0.04254240170121193,-0.0015802028874438412,-0.0039409879131399395,-0.0007425049813921851,-0.77691650390625,0.19342041015625,0.05401611328125,-0.59674072265625,1.0000139697410424,3.0375000000000014,-0.07499999999999929,73.7875,-0.3900000095367433,-0.25000009536743173,0.06666647593180386,-0.2057837253707804,0.02282072728410645,-0.046411953741910476,0.9773521540421438,0.18837626626269802,-0.007944617214631751,-0.09609387262161881,96.48624499125653
1773306637257,-9.500000000000002,22.350000000000005,1.2166666666666668,1.2333333333333332,3.7000000000000006,8.883333333333335,0.5102179179996756,-0.02123483923259768,0.05730497710714715,-8.4375,21.625,75.0625,1.2599999904632568,3.5999999046325684,8.949999809265137,-0.09053895622491837,-0.2258019745349884,-0.04254240170121193,-0.0015802028874438412,-0.0039409879131399395,-0.0007425049813921851,-0.77691650390625,0.19342041015625,0.05401611328125,-0.59674072265625,1.0000139697410424,1.0625000000000018,-0.725000000000005,73.84583333333333,0.026666657129923665,-0.10000009536743226,0.06666647593180208,-0.5117981208871195,0.01729385131945774,-0.05804748208853934,0.9777857213686835,0.19399232009435693,-0.005667706369462915,-0.07918295230945546,95.06214881435862
1773306637357,-7.45,22,0.9166666666666666,0.9666666666666667,4.05,9.450000000000001,0.050614548307835565,-0.09657488527701959,-0.18005980116408163,-6.0625,22.1875,75.5,0.8399999737739563,3.609999895095825,8.90999984741211,-0.1647154539823532,-0.6250460147857666,-0.023998277261853218,-0.0028748270009092696,-0.010909110934480788,-0.00041884895302582805,-0.77459716796875,0.18341064453125,0.0772705078125,-0.600341796875,1.0000106207462407,1.3875000000000002,0.1875,74.58333333333333,-0.12666669289271038,-0.4400001049041746,-0.5400001525878917,-0.053489375308744834,0.0856657743425388,0.1796409522110558,0.9796211864301397,0.1909099442908214,-0.004560248874822757,-0.06224892286843795,93.24870633554508
1773306637457,-6.720000000000001,21.68,0.42000000000000004,0.5833333333333334,4.1833333333333345,9.116666666666667,-0.040142572795869566,0.051196324725167004,-0.04508767234318685,-4.625,20.9375,75.25,0.6600000262260437,3.7300000190734863,9.109999656677246,0.0512690469622612,-0.1494438201189041,-0.08290313929319382,0.000894813673851055,-0.0026082867078330205,-0.0014469327409057167,-0.7784423828125,0.168701171875,0.07940673828125,-0.599365234375,0.9999883714387217,2.0950000000000006,-0.7424999999999997,74.83,0.07666669289271033,-0.45333331425984813,-0.006667009989421047,0.04103738646972062,-0.05380461143300003,0.04364073960228113,0.980501670444532,0.18795346555632034,-0.007428838281256329,-0.05687513870437993,91.45735115223799
1773306637557,-6.8500000000000005,21.675,0.675,1.1500000000000001,3.6,8.916666666666666,-0.017744180728609015,0.07155849933176751,-0.025016385945252056,-4.25,21,75.3125,0.3499999940395355,3.859999895095825,9.039999961853027,0.11017391085624695,0.153807133436203,0.12544554471969604,0.0019228974942402343,0.0026844408915160023,0.002189437787316483,-0.77789306640625,0.1676025390625,0.08123779296875,-0.60015869140625,0.9999991338696305,2.6000000000000005,-0.6750000000000007,74.6375,-0.8000000059604646,0.2599998950958251,0.12333329518636127,0.01966707822284925,-0.06887405844025152,0.027205823732568538,0.9804592701555441,0.18803071591586867,-0.005457674067589958,-0.05756981181136215,91.61513813107018
1773306637657,-6.75,21.625000000000004,0.7750000000000001,0.8833333333333334,3.5666666666666664,8.983333333333334,0.09482955602502524,-0.04886921905584123,0.0037815467126543828,-4.5,20.875,75.8125,0.6000000238418579,3.3399999141693115,8.989999771118164,0.0719948336482048,0.08508480340242386,0.007635815534740686,0.0012565468915867748,0.0014850099627843703,0.00013327012215615645,-0.775634765625,0.16778564453125,0.07940673828125,-0.603271484375,1.0000016130493983,2.25,-0.7500000000000036,75.0375,-0.2833333094914755,-0.2266667524973549,0.006666437784829782,-0.09357300913343847,0.0503542290186256,-0.0036482765904982265,0.9805950150230358,0.18765704565594496,-0.0044121438898399945,-0.05655778208125078,91.89326608025613
1773306637757,-6.16,21.6,0.6000000000000001,0.7500000000000001,3.6500000000000004,9,0.040724349213201026,0.041597013839198185,-0.07068583470577035,-4.125,20.75,75.625,0.17000000178813934,3.569999933242798,9.0600004196167,-0.04145156964659691,-0.142898827791214,-0.07635815441608429,-0.0007234663704528584,-0.0024940550421970603,-0.001332701205306919,-0.77679443359375,0.16510009765625,0.08111572265625,-0.602294921875,1.0000032838380064,2.035,-0.8500000000000014,75.025,-0.5799999982118608,-0.0800000667572025,0.06000041961669922,-0.04144781558365389,-0.044091068881395246,0.06935313350046343,0.9809075940145444,0.18738442143980424,-0.004932116672453768,-0.05179811609891692,91.1092885629619
1773306637857,-5.766666666666667,21.333333333333332,0.7666666666666666,0.9,3.5666666666666664,8.966666666666667,0.07446738141842472,0.02996148549256932,-0.04305145488252679,-3.875,20.4375,75.8125,0.44999998807907104,3.380000114440918,9.119999885559082,0.04908738657832146,-0.05345070734620094,0.046905722469091415,0.0008567365169909828,-0.0009328908307111271,0.0008186592951123293,-0.7763671875,0.1611328125,0.0814208984375,-0.6038818359375,1.0000062137649124,1.8916666666666666,-0.8958333333333321,75.04583333333333,-0.450000011920929,-0.18666655222574846,0.15333321889241525,-0.07361064490143374,-0.03089437632328045,0.04387011417763912,0.9815168796370994,0.18518718845836893,-0.0027440645822741725,-0.048195335125970844,90.61576563655571
1773306637957,-5.2250000000000005,21.175000000000004,0.925,0.6833333333333335,3.516666666666667,9,0.24347343065320903,0.03432480862255515,0.0363610260832152,-3.5,20.0625,76.125,0.49000000953674316,3.359999895095825,9.199999809265137,0.019634954631328583,-0.123263880610466,0.046905722469091415,0.00034269460679639313,-0.0021513605654378295,0.0008186592951123293,-0.77508544921875,0.15643310546875,0.08251953125,-0.60662841796875,1.000018140136576,1.7250000000000005,-1.1125000000000043,75.2,-0.1933333237965903,-0.15666677157084186,0.19999980926513672,-0.24313073604641264,-0.03647616918799298,-0.035542366788102873,0.9819894125492171,0.18390162420760198,-0.00044823568087044505,-0.043321880612734655,90.1607570177263
1773306638057,-3.0500000000000003,21.88333333333333,1.0999999999999999,0.46666666666666673,3.733333333333333,9.816666666666666,0.47123889803846897,-0.03665191429188092,0.26703537555513246,-2.8125,20,76.4375,0.550000011920929,3.069999933242798,8.979999542236328,-0.07853981852531433,-0.4057890474796295,0.07090400159358978,-0.0013707784271855725,-0.007082354947051133,0.001237508280647448,-0.7734375,0.152099609375,0.087646484375,-0.60906982421875,0.9999939072691562,0.23750000000000027,-1.8833333333333293,75.3375,0.08333334525426223,-0.6633334000905351,-0.8366671244303383,-0.47260967646565455,0.029569559344829792,-0.265797867274485,0.9814764558179991,0.1899843421212976,0.004370129821214576,-0.02430675603659749,88.70923937560697
1773306638157,-1.0333333333333334,23.183333333333337,1.0166666666666666,0.016666666666666666,3.9500000000000006,8.716666666666669,0.16464272610479838,0.012217304763960308,0.12130038301360589,0.0625,21.25,77,-0.3199999928474426,3.609999895095825,11.100000381469727,-0.28470683097839355,-0.33161255717277527,-0.039269909262657166,-0.004969071603491956,-0.005787730963622867,-0.0006853892135927863,-0.76922607421875,0.14404296875,0.1153564453125,-0.61175537109375,1.000004436810903,1.0958333333333334,-1.9333333333333371,75.98333333333333,-0.3366666595141093,-0.3400001049041754,2.383333714803058,-0.16961179770829032,-0.018005035727583177,-0.12198577222719868,0.9795421792024637,0.20099773872225735,0.00687882569640164,-0.0070505282686041245,87.9850604035766
1773306638257,-0.6666666666666666,23.5,1.1,0,3.9,8.883333333333333,-0.07126761112310179,0.004945099547317267,-0.0017453292519943298,1.1875,22.25,77.25,-0.5699999928474426,3.890000104904175,9.40999984741211,-0.0719948336482048,-0.23889194428920746,0.06108652427792549,-0.0012565468915867748,-0.004169450984337535,0.0010661609772492516,-0.7666015625,0.144287109375,0.129150390625,-0.6121826171875,0.999972052481649,1.8541666666666665,-1.25,76.15,-0.5699999928474426,-0.009999895095825106,0.5266665140787765,0.07001106423151501,-0.009114550531654803,0.0028114902292435814,0.9789951695755179,0.2036835977891746,0.008213180066960913,-0.0037408037436169263,88.2603787794021
1773306638357,-0.9500000000000001,23.4,1.2000000000000002,0.08333333333333333,4.000000000000001,9.000000000000002,-0.07475826962709047,0.034033920413889425,-0.05614142427248427,0.75,22.1875,77.1875,-0.4099999964237213,3.759999990463257,8.829999923706055,-0.015271631069481373,0.014180799946188927,0.007635815534740686,-0.0002665402443123129,0.0002475016496276315,0.00013327012215615645,-0.76690673828125,0.14642333984375,0.12579345703125,-0.612060546875,1.0000139231755631,1.7000000000000002,-1.2124999999999986,75.9875,-0.49333332975705463,-0.24000000953674405,-0.1700000762939471,0.07449172938277815,-0.03378641876426179,0.056274694394640425,0.9791530752510222,0.20285421775283555,0.008572798587355178,-0.005994054615362221,88.472501256269
1773306638457,-1.3,23.266666666666666,1.4000000000000001,0.3833333333333333,3.783333333333333,9.066666666666668,-0.013380857598623192,0.023852833110589174,0.012799081181291751,0.375,21.9375,77.3125,-0.10000000149011612,3.7899999618530273,8.760000228881836,0.1439896672964096,0.19198621809482574,0.0359974168241024,0.0025130937831735495,0.0033507916242066244,0.0006282734457933874,-0.76666259765625,0.14654541015625,0.12176513671875,-0.6131591796875,1.0000190118383132,1.675,-1.3291666666666657,75.9125,-0.4833333348234494,0.006666628519694129,-0.30666643778483227,0.015893951381796743,-0.02050204148638255,-0.012170807735498364,0.9793499282515621,0.20175550431891948,0.009677868715046703,-0.008647159522826036,88.74898290511707
1773306638557,-1.35,23.400000000000002,1.4000000000000001,0.13333333333333333,3.9166666666666665,9,0.015417075059283246,-0.00552687596464871,0.033452143996557986,0.1875,21.875,77.5,0.03999999910593033,3.4700000286102295,9.010000228881836,-0.0010908307740464807,0.05999569222331047,-0.0021816615480929613,-0.000019038588589189398,0.0010471223663099248,-0.000038077177178378795,-0.76580810546875,0.147216796875,0.120361328125,-0.61431884765625,1.0000046677778498,1.5375,-1.5250000000000021,76.1,-0.093333334227403,-0.446666638056437,0.010000228881835938,-0.015436113647872434,0.006573998330958635,-0.033490221173736366,0.9791109690641384,0.20289902439512025,0.009573537725647374,-0.0090577885384834,89.00427211911497
1773306638657,-1.4000000000000001,23.5,1.4000000000000001,0.08333333333333333,3.8666666666666667,8.933333333333334,-0.0363610260832152,0.00727220521664304,-0.011053751929297423,0.375,22.0625,77.5,-0.3700000047683716,3.740000009536743,9.15999984741211,-0.0021816615480929613,0.029452430084347725,0.007635815534740686,-0.000038077177178378795,0.000514041877685299,0.00013327012215615645,-0.7655029296875,0.1474609375,0.12261962890625,-0.61419677734375,1.0000063590503208,1.7750000000000001,-1.4375,76.1,-0.4533333381017049,-0.12666665712992353,0.2266665140787758,0.03632294890603682,-0.0067581633389577405,0.011187022051453579,0.9789297395173189,0.20375748410744243,0.00947240093005838,-0.00947240093005838,89.14746218584109
1773306638757,-1.4000000000000001,23.400000000000002,1.2000000000000002,0.20000000000000004,3.8000000000000007,8.966666666666667,-0.030543261909900768,-0.05439609502048995,-0.0037815467126543806,0.25,22,77.5,-0.14000000059604645,3.5199999809265137,9.130000114440918,0.011999138630926609,0.013089969754219055,0.023998277261853218,0.00020942447651291403,0.0002284630711975954,0.00041884895302582805,-0.76568603515625,0.14776611328125,0.12139892578125,-0.61407470703125,0.9999676863098639,1.6500000000000001,-1.4000000000000021,76.3,-0.3400000005960465,-0.28000001907348704,0.16333344777425118,0.030752686386413684,0.05462455809168754,0.004200395665680209,0.979121986838245,0.202886318836147,0.00777612788291741,-0.009839123649659765,89.08434724215269
1773306638858,-1.4000000000000001,23.400000000000002,1.05,0.18333333333333335,3.933333333333334,8.950000000000001,-0.0011635528346628874,-0.0011635528346628863,0.00901753446863737,0.25,22,77.25,-0.25999999046325684,3.680000066757202,9.039999961853027,0.009817477315664291,0.03381575271487236,-0.03490658476948738,0.00017134730339819656,0.000590196223914734,-0.0006092348348540607,-0.76708984375,0.147705078125,0.121337890625,-0.61236572265625,0.9999791400194044,1.6500000000000001,-1.4000000000000021,76.2,-0.4433333237965902,-0.25333326657613187,0.08999996185302628,0.001334900138061084,0.0017537490585776204,-0.00962676930349143,0.9791313269135166,0.2028732656369968,0.00649445390316826,-0.010104692714601985,88.85439247619821
1773306638957,-1.1400000000000001,23.56,1.08,0.23333333333333336,3.85,9.05,0.08028514559173917,-0.0189077335632719,0.059632082776472924,0.1875,22,77.125,0.05999999865889549,3.4800000190734863,9.050000190734863,0.011999138630926609,0.027270769700407982,-0.007635815534740686,0.00020942447651291403,0.00047596472082522687,-0.00013327012215615645,-0.76776123046875,0.14813232421875,0.12042236328125,-0.61163330078125,0.9999986663451839,1.3275000000000001,-1.5599999999999987,76.045,-0.17333333467443787,-0.36999998092651376,1.9073486257070726e-7,-0.08007572111522626,0.01938369828409713,-0.05976535289862908,0.9788659350515057,0.20422696469775328,0.007194806167559905,-0.007814272217897706,88.60917438790149
1773306639057,-1,23.633333333333336,1,-0.016666666666666673,4.033333333333334,8.9,-0.07243116395776467,0.02123483923259768,-0.05992297098513865,0.6875,22.3125,77.1875,-0.3400000035762787,3.799999952316284,9.039999961853027,-0.03272492438554764,-0.007635815534740686,-0.05999569222331047,-0.0005711576779939885,-0.00013327012215615645,-0.0010471223663099248,-0.76690673828125,0.1474609375,0.12579345703125,-0.61175537109375,0.9999796503946914,1.6875,-1.3208333333333364,76.1875,-0.323333336909612,-0.23333338101704992,0.139999961853027,0.07186000627977068,-0.021368109354753837,0.058875848618828726,0.9787489178219195,0.20483972820370755,0.006754317576665072,-0.0067543175766650735,88.64447003967574
1773306639157,-1.2000000000000002,23.5,1.05,0.2166666666666667,3.866666666666667,9.016666666666667,-0.017453292519943295,0.007272205216643038,0.019780398189269067,0.375,22.0625,77.125,-0.20000000298023224,3.630000114440918,8.989999771118164,0.07853981852531433,0.10690141469240189,0.01636246219277382,0.0013707784271855725,0.0018657816614222542,0.00028557883899699426,-0.767578125,0.14752197265625,0.122314453125,-0.6116943359375,1.0000348476209187,1.5750000000000002,-1.4375,76.075,-0.4166666696468989,-0.23666655222574917,-0.026666895548503433,0.018824070947128867,-0.005406423555220784,-0.019494819350272072,0.9789702326352383,0.20371597773836336,0.00683795234215143,-0.008386085855551374,88.64515751376841
1773306639257,-1.4000000000000001,23.55,1.125,0.18333333333333335,3.9333333333333336,8.916666666666666,-0.0552687596464871,0.013962634015954635,-0.026470826988580668,0.25,22.0625,77.25,-0.17000000178813934,3.6700000762939453,9.109999656677246,-0.015271631069481373,0.03490658476948738,-0.030543262138962746,-0.0002665402443123129,0.0006092348348540607,-0.0005330804886246258,-0.76702880859375,0.14813232421875,0.12152099609375,-0.61236572265625,1.0000177545759499,1.6500000000000001,-1.4875000000000007,76.125,-0.3533333351214727,-0.26333325703938826,0.19333299001058002,0.055002219402174785,-0.013353399181100574,0.025937746499956043,0.9788607662010399,0.20416127190623146,0.0071170215277866515,-0.00995607606017694,88.94121869150256
1773306639357,-1.4000000000000001,23.583333333333332,1.0999999999999999,0.2833333333333333,3.866666666666667,9.033333333333335,0.005526875964648711,-0.02734349161457783,0.007853981633974497,0.125,22.0625,77.25,-0.11999999731779099,3.6600000858306885,9.210000038146973,0.038179077208042145,0.07417649030685425,0.020725784823298454,0.0006663506026534595,0.0012946239834282656,0.0003617331852264292,-0.76690673828125,0.14886474609375,0.120849609375,-0.6124267578125,0.9999889097492847,1.5250000000000001,-1.5208333333333321,76.15,-0.4033333306511243,-0.20666658083597866,0.17666670481363766,-0.004860525361995252,0.028638115598006095,-0.007492248448748068,0.9788029335037706,0.2044438119039061,0.006899418163951657,-0.009997157976776869,88.99847613130277
1773306639457,-1.4000000000000004,23.600000000000005,1,0.15,3.9000000000000004,8.966666666666667,-0.03083415011856649,0.011053751929297423,-0.005526875964648709,0.25,22.1875,77.125,-0.27000001072883606,3.700000047683716,8.930000305175781,0.13526301085948944,0.22143864631652832,-0.05017821490764618,0.002360784895658936,0.003864833469382633,-0.0008757750629117282,-0.76739501953125,0.1488037109375,0.1220703125,-0.61163330078125,1.0000170579587897,1.6500000000000004,-1.412500000000005,76.125,-0.4200000107288361,-0.19999995231628453,-0.036666361490885535,0.03319493501422543,-0.007188918459914789,0.00465110090173698,0.9787788678187694,0.2045773633296674,0.006043250207373182,-0.010173959476039733,88.92521541100405
1773306639559,-1.6500000000000001,23.55,1.05,0.3,3.8000000000000007,9,0.019198621771937624,-0.0017453292519943305,0.05730497710714716,0,22,77.125,-0.07000000029802322,3.5799999237060547,9.050000190734863,0.0054541537538170815,0.05781403183937073,0.008726646192371845,0.00009519294091411631,0.0010090452094498527,0.00015230870871351518,-0.76776123046875,0.1495361328125,0.11920166015625,-0.61151123046875,0.9999866913118481,1.6500000000000001,-1.5500000000000007,76.075,-0.3700000002980232,-0.22000007629394602,0.05000019073486328,-0.01910342883102351,0.002754374461444183,-0.057152668398433644,0.9788408728113392,0.20416835529836777,0.0060309456282274816,-0.01222522406848173,89.07512846232366
1773306639675,-1.4500000000000002,23.916666666666668,1.0666666666666667,0.17142857142857143,4.028571428571429,8.928571428571429,0.09175445210484476,0.010970641012535788,0.13089969389957473,0,22.1875,77.125,-0.05000000074505806,3.559999942779541,9.140000343322754,-0.07308565825223923,-0.029452430084347725,0.0010908307740464807,-0.0012755853724889389,-0.000514041877685299,0.000019038588589189398,-0.76739501953125,0.150390625,0.12042236328125,-0.61151123046875,0.9999799931283146,1.4500000000000002,-1.7291666666666679,76.05833333333334,-0.2214285721736295,-0.46857148579188834,0.21142891475132508,-0.0930300374773337,-0.011484682890221087,-0.13088065531098556,0.9782022455419624,0.2072899679430728,0.006483901853932447,-0.010449642269992463,89.15166000658935
1773306639791,-0.5000000000000001,25.114285714285717,1.2857142857142858,0.2,3.942857142857143,9.200000000000001,0.34258319889145844,0.0174532925199433,0.49193351631211607,1.4375,24.0625,77.6875,0.10999999940395355,3.359999895095825,9.170000076293945,-0.4701480567455292,-0.43742313981056213,0.11999138444662094,-0.00820563156206262,-0.007634474014105794,0.0020942447326198496,-0.7606201171875,0.1552734375,0.14422607421875,-0.61358642578125,0.9999711323088054,1.9375,-1.0517857142857174,76.40178571428571,-0.09000000059604646,-0.5828572477613179,-0.029999923706055753,-0.35078883045352105,-0.025087766534049094,-0.4898392715794962,0.9760195745657014,0.21744522639293162,0.010002672837816688,-0.0018193734123757,90.1698904616934
1773306639907,0.9714285714285715,29.08571428571429,1.3857142857142857,-0.11428571428571428,4.814285714285715,8.614285714285716,-0.06731984257692415,-0.011718639263390493,0.9369924755706701,1.4375,24.0625,77.6875,0.10999999940395355,3.359999895095825,9.170000076293945,-0.4701480567455292,-0.43742313981056213,0.11999138444662094,-0.00820563156206262,-0.007634474014105794,0.0020942447326198496,-0.7606201171875,0.1552734375,0.14422607421875,-0.61358642578125,0.9999711323088054,0.46607142857142847,-5.023214285714289,76.30178571428571,0.22428571368966782,-1.4542858191898898,0.5557143620082297,0.05911421101486153,0.004084165249284699,-0.9348982308380502,0.967828794369643,0.2509775001580715,0.013832992534449818,0.011241330924337947,90.81137631653752
1773306640007,0.9833333333333334,34.48333333333334,0.9500000000000002,-0.2833333333333334,5.966666666666668,7.616666666666667,0.10879219004097987,-0.06021385919380438,0.5017821599483697,2.75,33.75,77.4375,-0.7300000190734863,5.769999980926514,7.980000019073486,-0.582503616809845,-0.22362031042575836,-0.05017821490764618,-0.010166606018107182,-0.003902910691261286,-0.0008757750629117282,-0.7464599609375,0.2105712890625,0.20098876953125,-0.598388671875,1.0000041145746699,1.7666666666666666,-0.7333333333333414,76.4875,-0.44666668574015295,-0.196666685740154,0.3633333524068192,-0.11895879605908705,0.05631094850254309,-0.5026579350112814,0.9549739959367514,0.29631362904287517,0.01046076304098863,0.010652359580637536,98.20217543622607
1773306640107,1.366666666666667,36.63333333333333,0.6500000000000001,-0.2333333333333333,6.033333333333334,7.6499999999999995,-0.13439035240356337,0.0037815467126543784,0.10035643198967395,2.875,35.5,77.25,-0.550000011920929,5.820000171661377,7.800000190734863,-0.0872664600610733,0.11999138444662094,0.04581489413976669,-0.001523087054625861,0.0020942447326198496,0.0007996207491915839,-0.74383544921875,0.2215576171875,0.21136474609375,-0.59405517578125,0.9999777802591564,1.508333333333333,-1.1333333333333329,76.6,-0.3166666785875957,-0.21333316167195715,0.15000019073486381,0.1328672653489375,-0.0016873019800345288,-0.09955681124048237,0.9492300540266877,0.31417699245753067,0.009132464341762197,0.013104199245991988,100.07038060626493
1773306640207,0.68,37.120000000000005,0.6200000000000001,-4.625929269271485e-18,5.866666666666666,7.766666666666667,-0.13293591136023478,-0.016580627893946133,0.06574073515845309,2.1875,35.9375,76.9375,-0.3799999952316284,5.610000133514404,7.949999809265137,-0.13417218625545502,0.142898827791214,0.039269909262657166,-0.0023417464147567715,0.0024940550421970603,0.0006853892135927863,-0.74462890625,0.22930908203125,0.2078857421875,-0.5914306640625,1.000030787187746,1.5074999999999998,-1.1825000000000045,76.3175,-0.3799999952316284,-0.25666653315226196,0.1833331425984701,0.13059416494547801,0.019074682936143193,-0.0650553459448603,0.9479500688075608,0.3182568649447054,0.0070177858313905965,0.007347492452066072,101.04450813800403
1773306640307,0.15999999999999998,37.459999999999994,0.34,0.06666666666666667,5.933333333333334,7.716666666666668,-0.09366600319036236,-0.08144869842640205,0.03112503832723221,1.875,36.125,76.4375,-0.3100000023841858,5.679999828338623,7.929999828338623,-0.05345070734620094,0.0872664600610733,-0.11999138444662094,-0.0009328908307111271,0.001523087054625861,-0.0020942447326198496,-0.74713134765625,0.23297119140625,0.20526123046875,-0.58770751953125,1.0000065639399633,1.715,-1.3349999999999937,76.0975,-0.37666666905085244,-0.2533335049947105,0.21333316167195537,0.09273311235965123,0.08297178548102792,-0.03321928305985206,0.9470358532931434,0.321103254920217,0.0032582746267963334,0.002275061191790185,101.394111264522
1773306640407,-0.07500000000000001,37.625,359.70000000000005,-0.11666666666666668,6.133333333333334,7.633333333333333,-0.10064732019833968,-0.06108652381980154,-0.03548836145721803,1.875,36.125,76.4375,-0.3100000023841858,5.679999828338623,7.929999828338623,-0.05345070734620094,0.0872664600610733,-0.11999138444662094,-0.0009328908307111271,0.001523087054625861,-0.0020942447326198496,-0.74713134765625,0.23297119140625,0.20526123046875,-0.58770751953125,1.0000065639399633,1.95,-1.5,-283.26250000000005,-0.1933333357175191,-0.4533335049947107,0.2966664950052902,0.09971442936762855,0.0626096108744274,0.03339411672459818,-0.9465749309583384,-0.32246941829227793,0.002689191314920421,0.0014637614315792,101.6366464886573
1773306640507,-0.16666666666666666,37.63333333333333,359.3,-0.05000000000000001,6,7.783333333333334,-0.05235987755982989,-0.013962634015954638,0.004654211338651545,1.75,36.1875,75.625,-0.5099999904632568,5.949999809265137,7.75,0.039269909262657166,0.08944812417030334,-0.028361599892377853,0.0006853892135927863,0.0015611642765045145,-0.000495003299255263,-0.7510986328125,0.2357177734375,0.203125,-0.582275390625,1.0000082105061117,1.9166666666666667,-1.4458333333333329,-283.675,-0.45999999046325685,-0.05000019073486328,-0.0333333333333341,0.053045266773422674,0.015523798292459152,-0.005149214637906808,-0.94653394936572,-0.3225262818792431,0.006251244315471486,0.0033469597834564946,101.27329766505028
1773306640609,-0.225,37.925,359.15,0.13333333333333333,5.966666666666668,7.816666666666666,0.08726646259971649,-0.036070137874549484,0.19431332338870205,1.625,36.5,75.3125,0.03999999910593033,5.5,7.900000095367432,-0.24434609711170197,-0.13744467496871948,-0.06435901671648026,-0.004264643908997006,-0.0023988621175375893,-0.0011232767450486503,-0.7518310546875,0.23895263671875,0.203369140625,-0.57989501953125,0.9999927691853884,1.85,-1.4249999999999972,-283.8375,-0.093333334227403,-0.4666666666666677,0.08333342870076521,-0.09153110650871349,0.03367127575701189,-0.1954366001337507,-0.9456988835766478,-0.3249259043860743,0.007653044833060232,0.00426721988616934,101.53840747377235
1773306640724,0.25,38.72500000000001,358.90000000000003,0.014285714285714282,6.142857142857143,7.457142857142857,-0.02293861302621119,-0.05011588280726575,0.038397243543875255,2.0625,37.25,75.0625,-0.5299999713897705,5.949999809265137,7.679999828338623,0.020725784823298454,0.054541539400815964,-0.03381575271487236,0.0003617331852264292,0.0009519294416504537,-0.000590196223914734,-0.75140380859375,0.241943359375,0.2098388671875,-0.576904296875,0.9999975953222211,1.8125,-1.4750000000000085,-283.83750000000003,-0.5442856856754847,-0.19285733359200652,0.22285697119576575,0.023300346211437617,0.051067812248916204,-0.03898743976778999,-0.9434010858363981,-0.33154741641562124,0.008332929533078164,0.001124364811141508,101.93525329603008
1773306640824,0.35,39.025,358.47499999999997,-0.11666666666666665,6.216666666666668,7.45,-0.029670597283903602,-0.05206898935116417,-0.002617993877991494,2.1875,37.5,74.8125,-0.5099999904632568,6.110000133514404,7.550000190734863,-0.0719948336482048,-0.0359974168241024,-0.02508910745382309,-0.0012565468915867748,-0.0006282734457933874,-0.0004378875314558641,-0.7520751953125,0.24310302734375,0.2119140625,-0.57476806640625,0.9999910406366971,1.8375,-1.5249999999999986,-283.66249999999997,-0.3933333237965902,-0.10666653315226338,0.1000001907348631,0.028414050392316828,0.05144071590537078,0.00218010634653563,-0.9424943571666173,-0.3340196802227393,0.011523311283078454,0.0015662790482597186,102.02259580584676
1773306640924,0.43333333333333335,39,358.06666666666666,-0.13333333333333333,6.233333333333334,7.583333333333333,-0.01105375192929742,-0.05206898935116417,-0.00727220521664304,2.1875,37.3125,74.4375,-0.3799999952316284,5.75,7.909999847412109,0.0054541537538170815,-0.018544122576713562,-0.04581489413976669,0.00009519294091411631,-0.0003236559958570664,-0.0007996207491915839,-0.75457763671875,0.24249267578125,0.20977783203125,-0.57257080078125,1.0000170840353766,1.7541666666666667,-1.6875,-283.62916666666666,-0.2466666618982951,-0.4833333333333343,0.32666651407877634,0.011148944870211537,0.0517453333553071,0.006472584467451456,-0.9425218907351185,-0.33381710316400376,0.014640799331287058,0.0020673933421895443,101.58284274384064
1773306641027,0.6666666666666669,39.03333333333333,357.76666666666665,-0.1666666666666667,6.166666666666668,7.550000000000001,-0.0014544410433286073,0.0008726646259971656,-0.041887902047863905,2.375,37.25,74.1875,-0.4399999976158142,5.889999866485596,7.690000057220459,0.05781403183937073,0.018544122576713562,-0.013089969754219055,0.0010090452094498527,0.0003236559958570664,-0.0002284630711975954,-0.75592041015625,0.24151611328125,0.2100830078125,-0.571044921875,0.999986436126034,1.708333333333333,-1.7833333333333314,-283.57916666666665,-0.27333333094914747,-0.27666680018107215,0.14000005722045827,0.00246348625277846,-0.0005490086301400991,0.04165943897666631,-0.9423872774148443,-0.3341188123176528,0.016425029095971412,0.0010281251261355028,101.2285138222498
1773306641140,0.7000000000000001,38.800000000000004,357.65000000000003,-0.05714285714285715,6.114285714285714,7.642857142857144,-0.0014959965017094252,-0.020943951023931952,-0.018450623521082912,2.375,37.0625,74.1875,-0.36000001430511475,5.789999961853027,7.900000095367432,0.01636246219277382,0.021816615015268326,-0.013089969754219055,0.00028557883899699426,0.00038077176365646523,-0.0002284630711975954,-0.75616455078125,0.24017333984375,0.209228515625,-0.57159423828125,0.9999823028518426,1.6749999999999998,-1.7375000000000043,-283.46250000000003,-0.3028571571622576,-0.32428575243268654,0.2571429525102875,0.0017815753407064193,0.02132472278758842,0.018222160449885318,-0.9430483361236561,-0.33220324318384375,0.017312916324756726,0.0010506573521709217,100.96183668362464
1773306641244,0.8000000000000002,38.666666666666664,357.4666666666667,-0.13333333333333333,6.116666666666667,7.6499999999999995,-0.014835298641951803,-0.03956079637853814,-0.024434609527920616,2.4375,36.9375,74,-0.36000001430511475,5.730000019073486,7.900000095367432,0.007635815534740686,-0.0054541537538170815,-0.02617993950843811,0.00013327012215615645,-0.00009519294091411631,-0.0004569261423951908,-0.75732421875,0.2392578125,0.20892333984375,-0.570556640625,0.9999840574930859,1.6374999999999997,-1.7291666666666643,-283.4666666666667,-0.22666668097178141,-0.3866666475931808,0.2500000953674322,0.014968568764107959,0.03946560343762402,0.023977683385525427,-0.9434060274878975,-0.331120076128614,0.018547946037076494,0.0007322444203289679,100.6103265557233
1773306641357,0.8,38.5,357.3,-0.08571428571428573,6.057142857142857,7.657142857142858,-0.0354052505404564,-0.02069461827364705,-0.049367884556411036,2.5,36.75,73.8125,-0.4300000071525574,5.78000020980835,7.809999942779541,0.04254240170121193,0.018544122576713562,0.008726646192371845,0.0007425049813921851,0.0003236559958570664,0.00015230870871351518,-0.7586669921875,0.23822021484375,0.2080078125,-0.569580078125,1.0000065956047224,1.7,-1.75,-283.4875,-0.34428572143827163,-0.27714264733450733,0.15285708563668265,0.03614775552184859,0.021018274269504117,0.04952019326512455,-0.9438581958908137,-0.3297463817928861,0.019940955925869887,0.0011781430308689044,100.26734925507296
1773306641457,0.7000000000000001,38.15,357.1,0.03333333333333335,5.900000000000001,7.800000000000001,-0.01919862177193763,-0.08348491588706211,-0.04799655442984406,2.375,36.3125,73.5,-0.47999998927116394,5.769999980926514,8.010000228881836,0.09926559776067734,0.09053895622491837,-0.0818123072385788,0.0017325115148841296,0.0015802028874438412,-0.00142789412996639,-0.76116943359375,0.23638916015625,0.204345703125,-0.56829833984375,0.9999894555102171,1.6749999999999998,-1.8374999999999986,-283.6,-0.5133333226044973,-0.13000001907348757,0.21000022888183523,0.020931133286821762,0.08506511877450595,0.04656866029987767,-0.9448218569100664,-0.32684090190402315,0.021919003127398112,0.0024981692256540603,99.6735644284152
1773306641557,0.5333333333333333,37.38333333333333,356.31666666666666,0.3166666666666667,5.550000000000001,7.900000000000001,-0.1518436449235067,-0.3455751918948773,-0.1317723585255719,2.625,36.0625,73,-0.25,5.590000152587891,8.100000381469727,0.07744898647069931,0.09053895622491837,-0.20725785195827484,0.0013517398162462457,0.0015802028874438412,-0.003617331917282873,-0.764404296875,0.23419189453125,0.20355224609375,-0.56512451171875,0.999979501380036,2.091666666666667,-1.3208333333333329,-283.31666666666666,-0.5666666666666667,0.040000152587889914,0.20000038146972532,0.15319538473975294,0.3471553947823211,0.12815502660828904,-0.9468052774978664,-0.32044789714807437,0.02895146177044776,0.005892756309223829,98.72685790007127
1773306641657,0.2833333333333334,35.98333333333333,354.20000000000005,0.08333333333333333,5.583333333333333,8,-0.2492911948265234,-0.4610578107351688,-0.3289945640009312,2.875,34.875,70.75,-0.4399999976158142,5.539999961853027,8.0600004196167,0.17344209551811218,0.09053895622491837,-0.4297873377799988,0.003027135628349558,0.0015802028874438412,-0.007501204127641995,-0.7777099609375,0.22894287109375,0.19482421875,-0.55206298828125,0.999988820341322,2.591666666666667,-1.1083333333333272,-283.45000000000005,-0.5233333309491476,-0.043333371480305694,0.06000041961669922,0.25231833045487295,0.46263801362261264,0.3214933598732892,-0.9499191648328641,-0.3086011358917876,0.04735613257866858,0.013278400382728244,95.86507163020833
1773306641757,-0.2833333333333334,33.48333333333333,351.2166666666667,-0.16666666666666666,5.366666666666667,7.716666666666668,-0.7182029871956666,-0.46803912774314604,-0.8517206749732329,3,32.9375,68,-1.1299999952316284,5.789999961853027,8.520000457763672,0.4308781623840332,0.40797069668769836,-0.49523717164993286,0.007520242608544159,0.0071204319088554605,-0.008643519223555647,-0.79681396484375,0.21844482421875,0.178955078125,-0.53424072265625,1.0000343521744512,3.283333333333333,-0.5458333333333272,-283.2166666666667,-0.9633333285649618,0.4233332951863602,0.8033337910970042,0.7257232298042107,0.4751595596520015,0.8430771557496772,-0.9547441615773938,-0.2870290422524182,0.07403820887156277,0.024418404219555327,91.42523198974023
1773306641858,-1.3999999999999997,29.5,347.6833333333334,-0.6333333333333334,5.016666666666667,8.383333333333335,-0.026470826988580668,-0.5171992350076531,-0.4328416544945937,0.875,28.0625,64.3125,-0.1599999964237213,4.400000095367432,8.739999771118164,0.8126689195632935,0.3850632607936859,-0.6163193583488464,0.01418374837500443,0.006720621729315413,-0.010756802046966173,-0.82159423828125,0.2010498046875,0.135986328125,-0.515869140625,1.000025683684137,2.2749999999999995,-1.4375,-283.3708333333334,0.4733333369096121,-0.616666571299235,0.3566664377848294,0.0406545753635851,0.5239198567369685,0.42208485244762756,-0.961059914688966,-0.2518464042559503,0.10682594868928395,0.039056954925088996,85.66468594044271
1773306641974,-0.38571428571428573,26.314285714285713,344.4142857142857,-0.4142857142857143,4.528571428571429,9.157142857142858,-0.13040102839900491,-0.13214635765099925,-0.4532869400179559,1.9375,24.625,61,-1.5800000429153442,5.300000190734863,9.010000228881836,0.8530296683311462,0.493055522441864,-0.142898827791214,0.014888176329573705,0.008605442261751318,-0.0024940550421970603,-0.841796875,0.17523193359375,0.12322998046875,-0.49542236328125,0.9999785774886767,2.3232142857142857,-1.6892857142857132,-283.4142857142857,-1.1657143286296299,0.7714287621634339,-0.14714262826102242,0.14528920472857862,0.14075179991275055,0.4507928849757588,-0.9646472665057939,-0.2250747223551604,0.1327910410719672,0.03411099515802111,78.92129792342661
1773306642074,0.13333333333333333,24.8,343.6333333333334,-0.15,4.033333333333334,9.066666666666666,0.07184938754043323,-0.033452143996557986,-0.06486807053245591,1.6875,22.5,60.25,-0.6000000238418579,3.869999885559082,9.239999771118164,0.04254240170121193,-0.21707531809806824,-0.055632367730140686,0.0007425049813921851,-0.0037886790256253257,-0.0009709679875711992,-0.848388671875,0.16119384765625,0.11138916015625,-0.49176025390625,0.9999912436668168,1.5541666666666667,-2.3000000000000007,-283.3833333333334,-0.4500000238418579,-0.16333344777425207,0.17333310445149763,-0.07110688255904105,0.02966346497093266,0.06389710254488472,-0.9667623971413666,-0.21271043674968995,0.13877311606081622,0.029440785145883563,76.20972279105642
1773306642174,0.6333333333333334,24.5,343.36666666666673,-0.13333333333333333,4.066666666666667,8.9,-0.0005817764173314437,-0.009017534468637371,-0.03403392041388943,2.1875,22.0625,60.125,-0.4399999976158142,3.7899999618530273,9.1899995803833,-0.0054541537538170815,-0.07308565825223923,-0.046905722469091415,-0.00009519294091411631,-0.0012755853724889389,-0.0008186592951123293,-0.8494873046875,0.15576171875,0.1129150390625,-0.49127197265625,0.9999941754916559,1.5541666666666667,-2.4375,-283.24166666666673,-0.3066666642824809,-0.27666670481364,0.2899995803833004,0.0004865834764173274,0.007741949096148432,0.0332152611187771,-0.9671091572273904,-0.21072437692004067,0.1401881511595684,0.025345556869978865,75.2352438955669
1773306642274,0.7000000000000001,24.3,343.20000000000005,-0.18333333333333335,4.016666666666667,8.983333333333334,0.012217304763960308,-0.016580627893946133,0.0029088820866572146,2.25,21.875,60.0625,-0.44999998807907104,3.759999990463257,9.029999732971191,0.003272492438554764,-0.0359974168241024,0.019634954631328583,0.00005711576779939885,-0.0006282734457933874,0.00034269460679639313,-0.8499755859375,0.1544189453125,0.11236572265625,-0.490966796875,0.9999890792518586,1.5499999999999998,-2.4250000000000007,-283.13750000000005,-0.2666666547457377,-0.25666667620340977,0.046666399637857126,-0.01216018899616091,0.015952354448152746,-0.0025661874798608214,-0.9672823445927321,-0.20908237991812811,0.1415361967445406,0.024838060674077112,74.95558161097566
1773306642374,0.8500000000000001,24.400000000000002,343.15000000000003,-0.23333333333333336,4.000000000000001,8.883333333333333,0.00029088820866572185,-0.013962634015954635,0.004072434921320102,2.375,21.875,59.9375,-0.47999998927116394,3.759999990463257,9.149999618530273,-0.0054541537538170815,-0.0010908307740464807,-0.01636246219277382,-0.00009519294091411631,-0.000019038588589189398,-0.00028557883899699426,-0.85040283203125,0.15411376953125,0.1131591796875,-0.49017333984375,1.0000054668485698,1.525,-2.525000000000002,-283.21250000000003,-0.24666665593783058,-0.24000000953674405,0.2666662851969406,-0.00038608114957983813,0.013943595427365446,-0.004358013760317096,-0.9670711741014678,-0.21010077395362245,0.14165122076249662,0.023789507405405825,74.80487197564948
1773306642474,1,24.3,343,-0.21666666666666667,4.016666666666667,9.000000000000002,0.017453292519943295,-0.01832595714594046,0.006399540590645875,2.5,22,59.875,-0.6100000143051147,3.809999942779541,8.859999656677246,0,-0.018544122576713562,-0.003272492438554764,0,-0.0003236559958570664,-0.00005711576779939885,-0.85040283203125,0.15423583984375,0.1148681640625,-0.48968505859375,0.999979911170285,1.5,-2.3000000000000007,-283.125,-0.39333334763844807,-0.2066667238871256,-0.14000034332275568,-0.017453292519943295,0.018002301150083395,-0.006456656358445273,-0.9670965112959374,-0.20941295419916517,0.14267645422491135,0.022671168091035053,74.6120261432941
1773306642574,1.1,24.35,342.90000000000003,-0.21666666666666667,4.033333333333334,8.866666666666667,-0.001454441043328608,-0.002036217460660051,-0.020943951023931952,2.625,22,59.8125,-0.5899999737739563,3.9000000953674316,8.859999656677246,-0.039269909262657166,-0.03381575271487236,-0.0010908307740464807,-0.0006853892135927863,-0.000590196223914734,-0.000019038588589189398,-0.85076904296875,0.15399169921875,0.11566162109375,-0.489013671875,1.0000166947491151,1.525,-2.3500000000000014,-283.08750000000003,-0.3733333071072896,-0.13333323796590246,-0.006667009989421047,0.0007690518297358217,0.001446021236745317,0.020924912435342762,-0.966900915848709,-0.20993990295332765,0.14331985059744148,0.02207434038884221,74.48858089213941
1773306642690,1.1,24.200000000000003,342.8,-0.17142857142857146,3.9571428571428577,8.942857142857141,-0.002991993003418852,-0.010222642761681073,-0.010970641012535783,2.625,21.9375,59.8125,-0.5600000023841858,3.7100000381469727,9.0600004196167,0.020725784823298454,0.0010908307740464807,-0.007635815534740686,0.0003617331852264292,0.000019038588589189398,-0.00013327012215615645,-0.85089111328125,0.153076171875,0.11541748046875,-0.4891357421875,1.0000114850040376,1.525,-2.262500000000003,-282.9875,-0.3885714309556143,-0.24714281899588508,0.11714327675955793,0.0033537261886452813,0.010241681350270261,0.010837370890379627,-0.9670457611700934,-0.20865566643029615,0.14421687678140743,0.022063569994450208,74.35571691398268
1773306642790,1.1500000000000001,24.15,342.8,-0.2333333333333333,3.9666666666666663,8.95,0.0034906585039886587,0.011053751929297423,-0.014835298641951801,2.6875,21.875,59.8125,-0.5600000023841858,3.7699999809265137,9,-0.010908307507634163,-0.015271631069481373,0,-0.00019038588182823261,-0.0002665402443123129,0,-0.85107421875,0.15264892578125,0.11541748046875,-0.4888916015625,0.999982606468329,1.5374999999999999,-2.2749999999999986,-282.9875,-0.3266666690508525,-0.19666668574015267,0.05000000000000071,-0.0036810443858168915,-0.011320292173609735,0.014835298641951801,-0.9671449942835829,-0.20829687023029803,0.14414371582040286,0.021576910667602454,74.23421026590967
1773306642891,1.1666666666666667,24,342.9333333333334,-0.2333333333333333,3.966666666666667,8.950000000000001,0.002327105669325773,0.02850704444924072,-0.03665191429188092,2.75,21.875,59.8125,-0.6100000143051147,3.75,9.039999961853027,0.007635815534740686,-0.013089969754219055,0.037088245153427124,0.00013327012215615645,-0.0002284630711975954,0.0006473119917141328,-0.85107421875,0.15216064453125,0.11566162109375,-0.48907470703125,1.0000259332721455,1.5833333333333333,-2.125,-283.1208333333334,-0.37666668097178146,-0.21666666666666679,0.08999996185302628,-0.002193835547169617,-0.028735507520438314,0.037299226283595055,-0.96758317472037,-0.20707707070772444,0.14304138896879937,0.021001138708047713,74.07349037273191
1773306642990,1.1800000000000002,23.92,343.24000000000007,-0.7166666666666668,4.45,9.233333333333334,-0.18791378279805615,0.17307848415610436,-0.0927933385643652,2.75,21.6875,60,-0.6899999976158142,3.9000000953674316,9.140000343322754,0.037088245153427124,0.003272492438554764,0.008726646192371845,0.0006473119917141328,0.00005711576779939885,0.00015230870871351518,-0.8504638671875,0.15069580078125,0.1151123046875,-0.4906005859375,0.9999688952048988,1.5699999999999998,-2.2325000000000017,-283.24000000000007,0.026666669050852576,-0.5499999046325685,-0.09333299001058037,0.1885610947897703,-0.17302136838830495,0.0929456472730787,-0.9681072169577885,-0.20647349088022854,0.14045543450472825,0.020233263603920096,74.03203866203974
1773306643090,-1.1800000000000002,22.860000000000003,344.90000000000003,-0.6500000000000001,4.3,9.299999999999999,-0.5480333851262195,0.6617706747145167,-0.3671009193361407,2.125,21.5,60.5625,-2.2799999713897705,4.869999885559082,9.34000015258789,0.17235125601291656,0.3796091079711914,0.09053895622491837,0.0030080968873730687,0.006625428804655942,0.0015802028874438412,-0.8485107421875,0.151611328125,0.11041259765625,-0.494873046875,1.0000233740608044,3.305,-1.360000000000003,-284.33750000000003,-1.6299999713897704,0.5699998855590822,0.04000015258789169,0.5510414820135925,-0.6551452459098608,0.3686811222235845,-0.9713504260742978,-0.19511600399007045,0.13080162388957978,0.03604205793342097,75.3996541734079
1773306643190,-4.3500000000000005,21.700000000000003,349.2166666666667,0.7666666666666667,3.4500000000000006,8.583333333333334,0.1934406587627049,0.7470009198535731,0.12333660047426595,-2.5625,19,63.125,-0.029999999329447746,3.369999885559082,9.369999885559082,0.2148936688899994,0.4712388813495636,0.574867844581604,0.0037506020638209975,0.008224670042964784,0.010033336651792034,-0.8404541015625,0.15264892578125,0.0665283203125,-0.51568603515625,1.0000114477515616,1.7875000000000005,-2.700000000000003,-286.0916666666667,-0.7966666659961145,-0.08000011444091859,0.7866665522257481,-0.1896900566988839,-0.7387762498106083,-0.11330326382247391,-0.976402396242382,-0.1837682693016623,0.09932965698186955,0.05478323697875535,79.12565056756476
1773306643291,-5.05,21.33333333333334,353.6666666666667,1.3333333333333333,2.85,8.766666666666667,0.3260856819142739,0.6414085001079161,-0.052068989351164156,-3.125,19.6875,66.9375,0.25,3.5199999809265137,8.40999984741211,-0.06435901671648026,-0.12980885803699493,0.7275841236114502,-0.0011232767450486503,-0.002265591970999465,0.012698738542257221,-0.81976318359375,0.15771484375,0.07061767578125,-0.5460205078125,1.000005450084855,1.9249999999999998,-1.6458333333333393,-286.7291666666667,-1.0833333333333333,0.6699999809265136,-0.3566668192545581,-0.32720895865932254,-0.6436740920789156,0.06476772789342138,-0.9798169745027572,-0.18224127022174721,0.062375358476890234,0.053442778362533964,82.87126033316288
1773306643390,-4.45,20.900000000000002,356.9333333333334,1.2666666666666668,2.9000000000000004,9.483333333333334,0.2908882086657216,0.2760529100237698,0.08784823901704793,-3.6875,18.625,71.3125,0.9700000286102295,2.549999952316284,9.239999771118164,-0.008726646192371845,-0.4341506361961365,0.604320228099823,-0.00015230870871351518,-0.0075773580512506515,0.010547377716745066,-0.80145263671875,0.1505126953125,0.06744384765625,-0.5748291015625,0.9999787842466962,0.7625000000000002,-2.275000000000002,-285.6208333333334,-0.29666663805643734,-0.3500000476837162,-0.24333356221517022,-0.29104051737443515,-0.28363026807502045,-0.07730086130030286,-0.9821318442330056,-0.18015412460574387,0.03333409453071226,0.04301592812936974,84.95577005496
1773306643490,-4.425,20.55,358.5,0.85,3.466666666666667,9.35,0.08232136305239919,0.08144869842640205,0.14311699866353503,-2.25,18.9375,74.3125,0.6100000143051147,3.0199999809265137,9.630000114440918,-0.10908307880163193,-0.19307704269886017,0.19744037091732025,-0.0019038588833009075,-0.0033698301051087883,0.0034459845488660954,-0.7861328125,0.1435546875,0.08349609375,-0.5953369140625,1.0000051930411922,2.175,-1.6125000000000007,-284.1875,-0.23999998569488523,-0.4466666857401531,0.2800001144409183,-0.0842252219357001,-0.08481852853151084,-0.13967101411466892,-0.9830550608664353,-0.17772742277513323,0.01975571650084621,0.04031652470311095,87.07131408282284
1773306643590,-4.533333333333333,21.23333333333333,359.3333333333333,0.6833333333333335,3.6999999999999997,8.799999999999999,0.1736602605734358,0.05439609502048995,0.2222385914206113,-2,19.5625,74.8125,0.46000000834465027,3.359999895095825,9.319999694824219,-0.17780540883541107,-0.04472406208515167,0.11344639956951141,-0.0031032898120325397,-0.0007805821382522572,0.001980013197021052,-0.782958984375,0.14599609375,0.0887451171875,-0.59814453125,0.9999961033387558,2.533333333333333,-1.6708333333333307,-284.5208333333333,-0.2233333249886832,-0.34000010490417454,0.5199996948242198,-0.17676355038546834,-0.05517667715874221,-0.22025857822359027,-0.9820537534297588,-0.1838638443609415,0.013000216905572771,0.039943791404249696,88.00228445955526
1773306643690,-3.900000000000001,22.12,359.68,0.4166666666666667,3.5833333333333335,8.916666666666666,0.07330382858376185,0.030252373701235045,0.06719517620178168,-1.3125,20.75,75.3125,0.23000000417232513,3.4600000381469727,8.899999618530273,-0.15162548422813416,-0.1592612862586975,0.07963064312934875,-0.002646363929711674,-0.0027796338161754732,0.0013898169080877366,-0.77874755859375,0.14984130859375,0.1007080078125,-0.600830078125,1.000019531506295,2.587500000000001,-1.370000000000001,-284.3675,-0.18666666249434155,-0.12333329518636083,-0.016667048136392637,-0.07595019251347351,-0.03303200751741052,-0.06580535929369395,-0.9808364350322075,-0.19163175095958954,0.009266744277629538,0.03393062315910559,88.60597384199333
1773306643790,-3.525,22.275,359.82500000000005,0.2833333333333334,3.5833333333333335,9.05,-0.012799081181291751,0.041887902047863905,-0.04363323129985824,-0.9375,21.0625,75.5625,0.009999999776482582,3.390000104904175,8.960000038146973,-0.05345070734620094,-0.03272492438554764,0.03272492438554764,-0.0009328908307111271,-0.0005711576779939885,0.0005711576779939885,-0.777099609375,0.15020751953125,0.10528564453125,-0.60205078125,0.9999981559796021,2.5875,-1.2124999999999986,-284.26250000000005,-0.2733333335568508,-0.19333322842915868,-0.08999996185302805,0.011866190350580624,-0.042459059725857895,0.04420438897785223,-0.9806920465503485,-0.19302648388450078,0.0074387537406419065,0.030472139650207758,88.62525436395184
1773306643890,-3.5,21.8,180.00000000000003,0.43333333333333335,3.6833333333333336,8.933333333333335,-0.02443460952792062,0.04537856055185257,-0.02996148549256933,-1,20.875,75.75,-0.019999999552965164,3.4600000381469727,9.119999885559082,0.0359974168241024,0.0021816615480929613,0.06435901671648026,0.0006282734457933874,0.000038077177178378795,0.0011232767450486503,-0.77630615234375,0.14849853515625,0.10418701171875,-0.60369873046875,1.0000050738325146,2.5,-0.9250000000000007,-104.25000000000003,-0.4533333328862985,-0.22333329518636091,0.18666655222574668,0.025062882973714007,-0.04534048337467419,0.03108476223761798,0.005774693683663906,0.02998755911918077,0.9815007181548725,0.18900724714254502,178.63935025917039
1773306643990,-3.45,21.450000000000003,0.15000000000000002,0.5000000000000001,3.6,9.083333333333334,-0.04916010726450695,0.010762863720631701,-0.13119058210824042,-1.1875,20.5625,76,0,3.569999933242798,8.899999618530273,0.03490658476948738,-0.038179077208042145,0.013089969754219055,0.0006092348348540607,-0.0006663506026534595,0.0002284630711975954,-0.775390625,0.1474609375,0.101318359375,-0.60565185546875,1.0000274643255809,2.2625,-0.8875000000000028,75.85,-0.5000000000000001,-0.030000066757202237,-0.1833337148030605,0.049769342099361014,-0.01142921432328516,0.131419045179438,0.9820929190656998,0.18604956507308051,-0.004316360465428873,-0.029333030690042484,88.42765746851163
1773306644090,-3.55,21.150000000000002,0.1,0.5833333333333334,3.6999999999999997,9.416666666666668,0.005235987755982991,-0.015998851476614687,0.0378154671265438,-1.4375,19.875,76,0.25,3.309999942779541,9.449999809265137,0.05017821490764618,0.011999138630926609,-0.04036073759198189,0.0008757750629117282,0.00020942447651291403,-0.0007044277595135317,-0.77630615234375,0.14434814453125,0.095947265625,-0.60601806640625,0.9999757014988196,2.1125,-1.2750000000000021,75.9,-0.33333333333333337,-0.3900000572204587,0.03333314259846887,-0.004360212693071262,0.016208275953127602,-0.03851989488605733,0.9825484264686056,0.18346088874613126,-0.004827108242453155,-0.030288462664229996,88.1575672749845
1773306644190,-3.45,21.450000000000003,0.05,0.4833333333333334,3.6333333333333333,9.016666666666667,0.017162404311277583,0.0029088820866572155,0.04479678413452113,-1.375,20.0625,75.9375,0.12999999523162842,3.549999952316284,8.90999984741211,-0.047996554523706436,0.030543262138962746,-0.03272492438554764,-0.0008376979060516561,0.0005330804886246258,-0.0005711576779939885,-0.7764892578125,0.14532470703125,0.09735107421875,-0.6053466796875,0.9999883360480516,2.075,-1.3875000000000028,75.8875,-0.353333338101705,-0.08333338101704912,-0.10666681925455812,-0.01800010221732924,-0.00237580159803259,-0.04536794181251512,0.9820887783778467,0.1860238963356544,-0.005173396463013085,-0.02949537837436725,88.18848497144096
1773306644290,-3.62,21.660000000000004,0.13999999999999999,0.46666666666666673,3.6833333333333336,9,-0.05090543651650129,0.06632251157578453,-0.006690428799311595,-1.3125,20.3125,75.9375,0.07000000029802322,3.4800000190734863,9.430000305175781,-0.05345070734620094,0.03272492438554764,-0.03272492438554764,-0.0009328908307111271,0.0005711576779939885,-0.0005711576779939885,-0.77606201171875,0.14654541015625,0.09918212890625,-0.6053466796875,1.000014750178153,2.3075,-1.3475000000000037,75.7975,-0.3966666663686435,-0.20333331425984724,0.43000030517578125,0.04997254568579017,-0.06575135389779055,0.006119271121317607,0.9817054709277158,0.18783962632970488,-0.004735345879373801,-0.030793175060576952,88.52225630878293
1773306644390,-3.9000000000000004,21.600000000000005,0.43333333333333335,0.7333333333333334,3.5833333333333335,9.05,-0.04421500771718969,-0.00029088820866572055,-0.021525727441263395,-1.6875,20.25,76.1875,0.09000000357627869,3.450000047683716,9.079999923706055,-0.022907447069883347,-0.0010908307740464807,0.08072147518396378,-0.00039981037459579195,-0.000019038588589189398,0.0014088555190270634,-0.77484130859375,0.148193359375,0.09637451171875,-0.60693359375,0.9999983794974071,2.2125000000000004,-1.350000000000005,75.75416666666666,-0.6433333297570547,-0.13333328564961766,0.029999923706053977,0.0438151973425939,0.00027184962007653114,0.02293458296029046,0.9817355022757746,0.18739785994744343,-0.002663638900887921,-0.03271621442429824,88.9889163098608
1773306644490,-4.050000000000001,21.6,0.30000000000000004,0.6333333333333334,3.733333333333334,9.05,-0.01687151610261185,-0.023271056693257727,0.010181087303300257,-2,20.1875,76.125,0.28999999165534973,3.5,9.079999923706055,-0.01636246219277382,0.013089969754219055,-0.04472406208515167,-0.00028557883899699426,0.0002284630711975954,-0.0007805821382522572,-0.77508544921875,0.14892578125,0.093994140625,-0.6068115234375,0.9999957326708581,2.0500000000000007,-1.4125000000000014,75.825,-0.3433333416779837,-0.23333333333333384,0.029999923706053977,0.016585937263614854,0.023499519764455322,-0.010961669441552514,0.9816877865363776,0.18735452357966506,-0.00405118786524348,-0.034219294797306905,89.10529113646855
1773306644590,-4.000000000000001,21.76666666666667,0.20000000000000004,0.5666666666666668,3.766666666666667,9.033333333333333,0.05235987755982989,-0.008144869842640203,0.06952228187110746,-1.9375,20.3125,76,0.17000000178813934,3.5399999618530273,9.109999656677246,-0.03490658476948738,-0.02508910745382309,-0.038179077208042145,-0.0006092348348540607,-0.0004378875314558641,-0.0006663506026534595,-0.77569580078125,0.14971923828125,0.09478759765625,-0.605712890625,0.9999963100931517,2.062500000000001,-1.4541666666666693,75.8,-0.3966666648785274,-0.2266667048136397,0.07666632334391288,-0.05296911239468395,0.007706982311184339,-0.07018863247376092,0.9814254664148457,0.18875430507388558,-0.004876464532150147,-0.03394239652917432,89.05232186907433
1773306644690,-3.4000000000000004,22.400000000000006,0.19999999999999998,0.48333333333333334,3.716666666666667,8.9,0.16057029118347835,-0.013671745807288914,0.09977465557234252,-1.625,20.6875,76.0625,0.3700000047683716,3.4700000286102295,9.010000228881836,-0.11671889573335648,-0.07417649030685425,-0.011999138630926609,-0.002037129029839032,-0.0012946239834282656,-0.00020942447651291403,-0.77490234375,0.15069580078125,0.0992431640625,-0.60577392578125,0.9999970607416349,1.7750000000000004,-1.7125000000000057,75.8625,-0.11333332856496176,-0.2466666380564373,0.11000022888183558,-0.16260742021331737,0.012377121823860648,-0.09998408004885544,0.9805319613795888,0.19419935647623013,-0.004050859596949546,-0.028762357237203825,88.95428347054046
1773306644790,-2.85,22.675000000000004,0.125,0.39999999999999997,3.766666666666667,9.083333333333334,-0.041015237421866746,-0.01978039818926907,-0.03112503832723221,-0.8125,21.1875,76.1875,-0.05000000074505806,3.6600000858306885,9.4399995803833,0.01745329238474369,-0.047996554523706436,-0.011999138630926609,0.00030461741742703036,-0.0008376979060516561,-0.00020942447651291403,-0.77374267578125,0.1495361328125,0.10772705078125,-0.60614013671875,1.0000248827669724,2.0375,-1.4875000000000043,76.0625,-0.450000000745058,-0.10666658083597857,0.35666624704996686,0.041319854839293776,0.018942700283217415,0.030915613850719295,0.9801877208047057,0.196553595984551,-0.003819606053008571,-0.024168709084637998,88.74915481127559
1773306644890,-3,22.549999999999997,180,0.39999999999999997,3.8000000000000003,8.983333333333333,0.00756309342530876,-0.011926416555294583,0.0026179938779914954,-0.9375,21,76.0625,0.07000000029802322,3.5199999809265137,9.15999984741211,0.03272492438554764,0.05017821490764618,-0.022907447069883347,0.0005711576779939885,0.0008757750629117282,-0.00039981037459579195,-0.77471923828125,0.1492919921875,0.10552978515625,-0.6053466796875,1.0000295671919894,2.0625,-1.5499999999999972,-103.9375,-0.32999999970197674,-0.2800000190734866,0.17666651407877687,-0.006991935747314772,0.012802191618206312,-0.0030178042525872873,0.005118071169077291,0.02567173485024579,0.9803640014126447,0.19545125251958612,178.28213392325972
1773306644990,-3.0500000000000003,22.46666666666667,359.90000000000003,0.5166666666666667,3.6999999999999997,9.066666666666668,-0.08959356826904225,-0.01221730476396031,-0.04537856055185257,-1.0625,20.9375,75.9375,0.1599999964237213,3.4600000381469727,9.220000267028809,0.07744898647069931,0.13199052214622498,0.011999138630926609,0.0013517398162462457,0.0023036691928781184,0.00020942447651291403,-0.775390625,0.1492919921875,0.10418701171875,-0.60467529296875,1.0000029317991672,1.9875000000000003,-1.5291666666666686,-283.96250000000003,-0.3566666702429454,-0.23999996185302708,0.1533336003621404,0.09094530808528849,0.014520973956838427,0.04558798502836548,-0.9804896844027983,-0.19471316295785032,0.00604001176729248,0.026273203240218243,88.56009124436328
1773306645090,-3.3500000000000005,22.35,359.8,0.4166666666666667,3.8666666666666667,9,0.004363323129985824,-0.015126186850617522,0.019198621771937627,-1.25,20.8125,75.75,0.10999999940395355,3.630000114440918,9.109999656677246,-0.04581489413976669,-0.0359974168241024,-0.02617993950843811,-0.0007996207491915839,-0.0006282734457933874,-0.0004569261423951908,-0.7763671875,0.14996337890625,0.1021728515625,-0.60357666015625,0.9999895505061168,2.1000000000000005,-1.5375000000000014,-284.05,-0.30666666726271313,-0.23666655222574873,0.1099996566772461,-0.005162943879177408,0.014497913404824135,-0.019655547914332817,-0.9806092426935124,-0.19367315477280522,0.007376474388780712,0.029013960260483997,88.62989817051661
1773306645190,-3.3500000000000005,22.35,359.8,0.48333333333333334,3.6833333333333336,9.066666666666668,-0.019489509980603347,0.011635528346628867,-0.023561944901923447,-1.1875,20.9375,75.6875,0.029999999329447746,3.5899999141693115,9.15999984741211,0.021816615015268326,-0.0021816615480929613,0.01636246219277382,0.00038077176365646523,-0.000038077177178378795,0.00028557883899699426,-0.77655029296875,0.1502685546875,0.1031494140625,-0.6031494140625,1.0000200064714184,2.1625000000000005,-1.4125000000000014,-284.1125,-0.4533333340038856,-0.09333341916402205,0.09333318074544117,0.019870281744259814,-0.011673605523807246,0.023847523740920442,-0.9806092426935124,-0.19367315477280522,0.007376474388780712,0.029013960260483997,88.60692339452739
1773306645291,-3.466666666666667,22.3,359.8,0.55,3.733333333333334,9.016666666666667,-0.029961485492569325,0.0008726646259971649,-0.025598162362583502,-1.3125,20.8125,75.75,0.20999999344348907,3.450000047683716,9.220000267028809,0.03381575271487236,0.04472406208515167,0.011999138630926609,0.000590196223914734,0.0007805821382522572,0.00020942447651291403,-0.77655029296875,0.150146484375,0.1016845703125,-0.6033935546875,0.9999989289784657,2.154166666666667,-1.4875000000000007,-284.05,-0.34000000655651097,-0.283333285649618,0.2033336003621411,0.03055168171648406,-0.00009208248774490767,0.025807586839096418,-0.9806636494938883,-0.19323765860668599,0.007560849848056729,0.030014120128854096,88.68422821184566
1773306645390,-3.5,22.200000000000003,359.8,0.55,3.733333333333334,9.033333333333333,0.012799081181291746,-0.004072434921320102,-0.006108652381980155,-1.4375,20.6875,75.75,0.2199999988079071,3.549999952316284,8.989999771118164,-0.04036073759198189,-0.06544984877109528,-0.021816615015268326,-0.0007044277595135317,-0.001142315355987977,-0.00038077176365646523,-0.7767333984375,0.14990234375,0.0999755859375,-0.603515625,1.000005856139202,2.0625,-1.5125000000000028,-284.05,-0.33000000119209294,-0.18333338101704966,-0.04333356221516915,-0.013503508940805278,0.0029301195653321246,0.005727880618323689,-0.9808232248356864,-0.19237957678836431,0.0075912047762331765,0.030303030668560847,88.63644201264287
1773306645491,-3.6,22.150000000000002,359.8,0.5666666666666668,3.6666666666666665,9.083333333333334,-0.033452143996557986,-0.002617993877991494,-0.019198621771937627,-1.375,20.625,75.6875,-0.009999999776482582,3.5799999237060547,9.260000228881836,0.013089969754219055,0.008726646192371845,0.008726646192371845,0.0002284630711975954,0.00015230870871351518,0.00015230870871351518,-0.77685546875,0.14910888671875,0.1002197265625,-0.603515625,1.0000064912972766,2.225,-1.5250000000000021,-284.1125,-0.5766666664431493,-0.08666674296061183,0.176666895548502,0.03368060706775558,0.0027703025867050093,0.019350930480651143,-0.9808802990683304,-0.19194489828631758,0.007745781404352046,0.031160837471317836,88.65593045817322
1773306645590,-3.5,22.150000000000002,359.70000000000005,0.5666666666666668,3.6666666666666665,9.1,0.008435758051305926,-0.00727220521664304,0.0017453292519943298,-1.5,20.5625,75.625,0.11999999731779099,3.4600000381469727,8.960000038146973,-0.022907447069883347,-0.04363323003053665,-0.009817477315664291,-0.00039981037459579195,-0.0007615435273129305,-0.00017134730339819656,-0.77728271484375,0.14923095703125,0.09893798828125,-0.6031494140625,1.0000081192372445,2,-1.5875000000000021,-284.07500000000005,-0.4466666693488758,-0.20666662851969386,-0.139999961853027,-0.008835568425901719,0.0065106616893301095,-0.0019166765553925264,-0.980900131740589,-0.19192506561405911,0.00843427490285504,0.030472343972814266,88.50842312687249
1773306645690,-3.55,22.1,359.70000000000005,0.5833333333333334,3.65,9,0.06952228187110746,-0.019198621771937627,0.03170681474456366,-1.4375,20.5,75.625,0.20999999344348907,3.440000057220459,8.970000267028809,0.007635815534740686,0.009817477315664291,-0.0021816615480929613,0.00013327012215615645,0.00017134730339819656,-0.000038077177178378795,-0.77734375,0.14892578125,0.0987548828125,-0.6031494140625,0.999991968241862,2.1125,-1.6000000000000014,-284.07500000000005,-0.3733333398898443,-0.20999994277954093,-0.029999732971191406,-0.0693890117489513,0.019369969075335825,-0.03174489192174204,-0.9809704598634544,-0.1914933427669345,0.008504972230329606,0.030901812221770634,88.51108197315766
1773306645790,-3.225,22.200000000000003,359.57500000000005,0.5,3.6999999999999997,9.116666666666667,0.010181087303300251,-0.04043346100453531,-0.007563093425308763,-1,20.6875,75.625,0.03999999910593033,3.5899999141693115,9.34000015258789,-0.03163409233093262,-0.09599310904741287,-0.008726646192371845,-0.0005521190670546618,-0.0016753958121033122,-0.00015230870871351518,-0.7772216796875,0.147705078125,0.1031494140625,-0.6029052734375,1.0000124498426781,2.225,-1.5125000000000028,-283.95000000000005,-0.46000000089406967,-0.11000008583068821,0.22333348592122348,-0.010733206370354914,0.038758065192431995,0.007410784716595248,-0.9808772328875707,-0.19234199153472994,0.009055469679816902,0.028326855881907212,88.2529235574133
1773306645891,-3.1500000000000004,22.1,359.20000000000005,0.55,3.6999999999999997,9.116666666666669,-0.05090543651650129,-0.06748606441044741,-0.022980168484592004,-0.9375,20.625,75.375,0.11999999731779099,3.549999952316284,9.069999694824219,0.0021816615480929613,-0.006544984877109528,-0.05890486016869545,0.000038077177178378795,-0.0001142315355987977,-0.001028083755370598,-0.77880859375,0.14703369140625,0.10260009765625,-0.60107421875,0.9999893642396382,2.2125000000000004,-1.4750000000000014,-283.82500000000005,-0.43000000268220906,-0.15000004768371555,-0.04666697184245017,0.05094351369367967,0.06737183287484862,0.021952084729221406,-0.9810288188056002,-0.19140014848124312,0.012117131407249342,0.028312805595814013,87.8717962785238
1773306646009,-3.1599999999999997,22.140000000000004,358.88,0.35714285714285715,3.757142857142857,8.957142857142857,0.03091726103532813,-0.03166525928618284,0.01944795452222253,-0.9375,20.625,74.875,-0.09000000357627869,3.680000066757202,8.970000267028809,-0.062177352607250214,-0.06326818466186523,-0.046905722469091415,-0.001085199523169997,-0.0011042381341093237,-0.0008186592951123293,-0.78118896484375,0.1475830078125,0.10198974609375,-0.59796142578125,0.999998359008277,2.2224999999999997,-1.5150000000000041,-284.005,-0.44714286071913584,-0.07714279038565497,0.012857409885951299,-0.032002460558498126,0.030561021152073518,-0.02026661381733486,-0.9809216078213622,-0.1916614948419341,0.014882116909363415,0.02893429280983323,87.52461766871933
1773306646108,-3.1599999999999997,22.140000000000004,358.88,0.45,3.6333333333333333,9.233333333333334,-0.023561944901923444,-0.0037815467126543815,-0.013671745807288915,-0.6875,20.6875,74.8125,-0.10000000149011612,3.5799999237060547,9.199999809265137,0.014180799946188927,-0.04363323003053665,0.015271631069481373,0.0002475016496276315,-0.0007615435273129305,0.0002665402443123129,-0.78155517578125,0.146728515625,0.10382080078125,-0.597412109375,1.0000188684173532,2.4724999999999997,-1.4525000000000041,-284.0675,-0.5500000014901161,-0.053333409627278616,-0.03333352406819756,0.023809446551551074,0.003020003185341451,0.013938286051601228,-0.9809216078213622,-0.1916614948419341,0.014882116909363415,0.02893429280983323,87.43078251534301
1773306646224,-2.98,22.300000000000004,358.56000000000006,0.31428571428571433,3.742857142857143,8.8,0.04587722605242239,-0.028673266282763996,0.07130916658148262,-0.8125,20.5625,74.75,0.18000000715255737,3.309999942779541,9.390000343322754,-0.010908307507634163,0.04908738657832146,-0.014180799946188927,-0.00019038588182823261,0.0008567365169909828,-0.0002475016496276315,-0.781982421875,0.14691162109375,0.1025390625,-0.5970458984375,1.0000287979419915,2.1675,-1.7375000000000043,-283.81000000000006,-0.13428570713315696,-0.43285720007760187,0.5900003433227532,-0.04606761193425062,0.029530002799754977,-0.07155666823111025,-0.9806519187971483,-0.19297700346596017,0.017352593827389504,0.027938822098145293,87.29489022050444
1773306646324,-2.66,22.46,358.48,0.38333333333333336,3.7000000000000006,9.016666666666667,-0.011053751929297423,0.023561944901923454,-0.06399540590645875,-0.625,20.9375,74.625,0,3.5799999237060547,8.739999771118164,-0.062177352607250214,-0.13417218625545502,-0.006544984877109528,-0.001085199523169997,-0.0023417464147567715,-0.0001142315355987977,-0.78228759765625,0.1484375,0.10552978515625,-0.595703125,1.0000031627664618,2.035,-1.5225000000000009,-283.855,-0.38333333333333336,-0.12000007629394593,-0.27666689554850343,0.009968552406127425,-0.025903691316680227,0.06388117437085995,-0.9804428497153953,-0.19437638136859892,0.01752650160147592,0.02534684496376642,87.08128445952372
1773306646424,-2.7,22.200000000000003,358.57500000000005,0.5,3.6,9.166666666666668,-0.03112503832723221,0.00930842267730309,-0.03432480862255515,-0.75,20.5625,74.6875,0.3700000047683716,3.259999990463257,9.239999771118164,0.04908738657832146,-0.006544984877109528,0.03490658476948738,0.0008567365169909828,-0.0001142315355987977,0.0006092348348540607,-0.7822265625,0.146484375,0.10302734375,-0.5966796875,0.9999886750533654,1.9500000000000002,-1.6375000000000028,-283.88750000000005,-0.12999999523162842,-0.34000000953674325,0.07333310445149621,0.031981774844223196,-0.009422654212901888,0.03493404345740921,-0.9808880318204548,-0.19216615813475177,0.016734556382091665,0.025510611945203425,86.95747220046
1773306646540,-2.825,22.1,358.65000000000003,0.3285714285714286,3.7428571428571433,9,0.031914592036467744,0.03615324879131111,0.010222642761681071,-0.8125,20.4375,74.8125,0,3.450000047683716,9.3100004196167,0.004363323096185923,0.027270769700407982,0.011999138630926609,0.00007615435435675759,0.00047596472082522687,0.00020942447651291403,-0.781982421875,0.1458740234375,0.101806640625,-0.59735107421875,0.9999843182675302,2.0125,-1.6625000000000014,-283.83750000000003,-0.3285714285714286,-0.2928570951734275,0.3100004196166992,-0.03183843768211099,-0.035677284070485885,-0.010013218285168157,-0.9810383198992357,-0.1913090034026367,0.01628305733623018,0.026448859146662403,87.04463767953315
1773306646640,-2.7,22.05,358.85,0.55,3.6666666666666665,9.250000000000002,0.0020362174606600504,0.018035068937274742,-0.011635528346628864,-0.75,20.5,75,0,3.4200000762939453,9.020000457763672,0.06108652427792549,-0.0021816615480929613,0.05235987901687622,0.0010661609772492516,-0.000038077177178378795,0.0009138522847903816,-0.7806396484375,0.1455078125,0.10321044921875,-0.59893798828125,0.9999749471089192,1.9500000000000002,-1.5500000000000007,-283.85,-0.55,-0.2466665903727212,-0.2299995422363299,-0.0009700564834107988,-0.01807314611445312,0.012549380631419246,-0.9811767585454455,-0.19094251399927367,0.014352802986566783,0.025042401728238198,87.1214573966324
1773306646740,-2.9000000000000004,21.96666666666667,359.0333333333333,0.5,3.6,9.066666666666668,-0.061086523819801536,0.03577924966588376,-0.027052603405912107,-0.75,20.375,75.1875,0.20000000298023224,3.430000066757202,9.25,-0.0021816615480929613,0.029452430084347725,0.013089969754219055,-0.000038077177178378795,0.000514041877685299,0.0002284630711975954,-0.78009033203125,0.14447021484375,0.1025390625,-0.60009765625,1.0000220124980985,2.1500000000000004,-1.5916666666666686,-283.8458333333333,-0.29999999701976776,-0.16999993324279794,0.1833333333333318,0.061048446642623155,-0.03526520778819846,0.027281066477109702,-0.9812927123301866,-0.1902461081553414,0.013099430167507597,0.026446852151031236,87.31414486701675
1773306646840,-3.233333333333334,21.8,359.20000000000005,0.6166666666666668,3.516666666666667,9.083333333333334,-0.01279908118129175,-0.007563093425308761,0.018035068937274742,-1,20.3125,75.25,0.05999999865889549,3.359999895095825,9.220000267028809,0.023998277261853218,0.04472406208515167,0.0665406808257103,0.00041884895302582805,0.0007805821382522572,0.0011613539669273038,-0.77960205078125,0.1453857421875,0.100341796875,-0.60089111328125,1.0000274885393023,2.233333333333334,-1.4875000000000007,-283.95000000000005,-0.5566666680077713,-0.15666677157084186,0.13666693369547467,0.013217930134317577,0.008343675563561019,-0.01687371497034744,-0.9815066806792689,-0.1888221625731007,0.012187289225741587,0.029022348018542123,87.64039492105134
1773306646940,-3.333333333333334,21.76666666666667,359.1000000000001,0.55,3.5999999999999996,9.033333333333333,0.012799081181291751,-0.030252373701235045,-0.001163552834662886,-1.3125,20.25,75.25,0.20000000298023224,3.319999933242798,9.069999694824219,-0.05781403183937073,-0.0512690469622612,0.007635815534740686,-0.0010090452094498527,-0.000894813673851055,0.00013327012215615645,-0.77972412109375,0.14642333984375,0.09808349609375,-0.60076904296875,0.9999766570585433,2.020833333333334,-1.5166666666666693,-283.8500000000001,-0.3499999970197678,-0.2800000667572018,0.036666361490885535,-0.013808126390741604,0.02935756002738399,0.0012968229568190426,-0.9815248316410493,-0.18849977802981588,0.01320068566495438,0.030042976761550648,87.73179480044284
1773306647040,-3.2,21.900000000000002,358.85,0.6000000000000001,3.6666666666666674,9,0.005526875964648709,-0.03839724354387525,0.006690428799311597,-1.125,20.25,75.0625,0.14000000059604645,3.549999952316284,9.25,-0.04036073759198189,-0.054541539400815964,-0.03490658476948738,-0.0007044277595135317,-0.0009519294416504537,-0.0006092348348540607,-0.7806396484375,0.1458740234375,0.09930419921875,-0.599609375,1.0000351083821186,2.075,-1.6500000000000021,-283.7875,-0.45999999940395364,-0.11666671435038323,0.25,-0.00623130372416224,0.03744531410222479,-0.007299663634165658,-0.9813078889772119,-0.18959356507612682,0.015152432820513505,0.029317416196390365,87.50781966452902
1773306647140,-3.225,21.750000000000004,358.32500000000005,0.8999999999999999,3.5000000000000004,9.1,0.030252373701235045,-0.27052603405912107,-0.041306125630532466,-1,20.3125,74.875,0.47999998927116394,3.4200000762939453,8.970000267028809,0.008726646192371845,-0.03490658476948738,-0.06981316953897476,0.00015230870871351518,-0.0006092348348540607,-0.0012184696697081214,-0.781494140625,0.14593505859375,0.10009765625,-0.5982666015625,0.9999863001510845,2.225,-1.4375000000000036,-283.45000000000005,-0.42000001072883597,-0.07999992370605513,-0.12999973297119105,-0.03010006499252153,0.26991679922426703,0.040087655960824344,-0.9814697706562857,-0.18816818476672126,0.01965689811596365,0.030387989172592583,87.33813494087408
1773306647240,-2.7833333333333337,21.666666666666668,356.81666666666666,0.4166666666666668,3.616666666666667,9.266666666666667,0.052941653977161336,-0.3342305517569141,0.041015237421866746,-0.375,20.125,73.4375,0.5,3.3299999237060547,9.119999885559082,0.037088245153427124,-0.04908738657832146,-0.32615840435028076,0.0006473119917141328,-0.0008567365169909828,-0.005692538038963396,-0.78924560546875,0.142333984375,0.10150146484375,-0.58868408203125,1.000009542285572,2.4083333333333337,-1.5416666666666679,-283.37916666666666,0.0833333333333332,-0.28666674296061245,-0.14666678110758546,-0.052294341985447204,0.3333738152399231,-0.046707775460830145,-0.9813827215759243,-0.18716224419782257,0.03183618300100649,0.02906381927745852,85.54861519217248
1773306647340,-2.15,21.8,355.1000000000001,0.3833333333333333,3.5500000000000003,9.133333333333335,-0.059632082776472924,-0.25656340004316647,-0.031125038327232207,0.4375,20.25,71.8125,-0.20000000298023224,3.559999942779541,9.170000076293945,-0.014180799946188927,0.01745329238474369,-0.27488934993743896,-0.0002475016496276315,0.00030461741742703036,-0.004797724235075179,-0.79754638671875,0.14019775390625,0.1068115234375,-0.576904296875,0.9999814590583013,2.5875,-1.5500000000000007,-283.2875000000001,-0.5833333363135655,0.00999994277954075,0.036666742960610677,0.05938458112684529,0.2568680174605935,0.02632731409215703,-0.9807367836430566,-0.18810181481977928,0.045513340518403896,0.026487814289479095,83.61443323200105
1773306647440,-2.06,21.46,353.12,0.3666666666666667,3.5500000000000003,8.983333333333333,-0.09977465557234252,-0.31823170028029946,-0.06050474740247009,0.75,20.125,70.3125,-0.10000000149011612,3.3399999141693115,9.170000076293945,0.0719948336482048,0.12544554471969604,-0.3119775950908661,0.0012565468915867748,0.002189437787316483,-0.005445036226789312,-0.80517578125,0.13922119140625,0.10614013671875,-0.566650390625,1.000024486033349,2.81,-1.3350000000000009,-282.8075,-0.4666666681567828,-0.21000008583068874,0.1866667429606128,0.1010312024639293,0.32042113806761596,0.05505971117568078,-0.9803858457573296,-0.1847558362899668,0.062285352485476224,0.02879946633603917,82.13210384271176
1773306647540,-2,21.133333333333336,351.23333333333335,0.4166666666666667,3.4499999999999997,9.016666666666667,-0.11548261884029148,-0.36331937262348624,-0.08930268006037653,0.75,19.6875,68.0625,0.03999999910593033,3.2899999618530273,9.079999923706055,0.10690141469240189,0.1287180334329605,-0.3392483592033386,0.0018657816614222542,0.0022465534900973005,-0.005921000850086666,-0.8167724609375,0.13787841796875,0.1015625,-0.55096435546875,1.0000021867430142,2.75,-1.4458333333333364,-283.17083333333335,-0.37666666756073636,-0.1600000381469724,0.06333325703938719,0.11734840050171375,0.3655659261135835,0.08338167921028987,-0.9797729406633388,-0.18150399259464925,0.07831253533258521,0.03111964373025478,80.00188399506058
1773306647641,-1.9000000000000001,20.71666666666667,349.0166666666667,0.43333333333333335,3.366666666666667,9.200000000000001,-0.1428261104548693,-0.43313254270325946,-0.12071860659627447,0.8125,19.125,65.875,0.10000000149011612,3.0399999618530273,9.34000015258789,0.08290313929319382,0.08072147518396378,-0.40251654386520386,0.0014469327409057167,0.0014088555190270634,-0.00702523898419599,-0.8277587890625,0.13568115234375,0.09698486328125,-0.5357666015625,1.0000229512501488,2.7125000000000004,-1.5916666666666686,-283.1416666666667,-0.33333333184321723,-0.3266667048136398,0.14000015258788956,0.144273043195775,0.43454139822228655,0.11369336761207847,-0.9787675283702977,-0.17739309594600702,0.09709578966720983,0.0334398347407764,77.91448162231555
1773306647740,-1.8,20.166666666666668,346.45000000000005,0.23333333333333336,3.4666666666666663,9.333333333333334,-0.12973614106491183,-0.4901466316017409,-0.06661339978445024,0.875,18.5,63.5,0.019999999552965164,3.109999895095825,9.319999694824219,0.10908307880163193,0.1287180334329605,-0.49960049986839294,0.0019038588833009075,0.0022465534900973005,-0.008719673667312954,-0.8392333984375,0.13275146484375,0.09130859375,-0.519287109375,0.9999660042855271,2.675,-1.6666666666666679,-282.95000000000005,-0.2133333337803682,-0.35666677157084115,-0.013333638509115175,0.13163999994821274,0.49239318509183816,0.05789372611713729,-0.9772340464138369,-0.17201193547975524,0.11886504665554085,0.03600851657210499,75.73222679595672
1773306647840,-1.4500000000000002,19.96666666666667,343.05,0.18333333333333335,3.316666666666667,9.266666666666667,-0.09802932632034818,-0.5305800926062763,0.011053751929297423,1.0625,18.0625,60.625,-0.15000000596046448,3.109999895095825,9.399999618530273,0.06108652427792549,0.14617131650447845,-0.5268712639808655,0.0010661609772492516,0.0025511707449778777,-0.00919563829061031,-0.8526611328125,0.13092041015625,0.0877685546875,-0.49810791015625,0.9999929852537647,2.5125,-1.9041666666666686,-282.425,-0.3333333392937978,-0.20666677157084168,0.13333295186360594,0.09909548729759743,0.5331312633512542,-0.02024939021990773,-0.9737025602510232,-0.16961833056241765,0.14730431906763183,0.03787325813608243,73.3386387480693
1773306647940,-0.8500000000000002,20.03333333333333,339.78333333333336,0.016666666666666663,3.1833333333333336,9.1,-0.06312274128046158,-0.6184283316233242,-0.013671745807288914,1.5,18.0625,57.875,-0.18000000715255737,3.0899999141693115,9.15999984741211,0.020725784823298454,0.13962633907794952,-0.5923210978507996,0.0003617331852264292,0.002436939339416243,-0.01033795338652396,-0.86578369140625,0.13116455078125,0.08770751953125,-0.474853515625,0.9999820048233001,2.35,-1.9708333333333314,-281.90833333333336,-0.19666667381922404,-0.09333341916402205,0.05999984741210973,0.06348447446568801,0.6208652709627405,0.0033337924207649527,-0.9692183573683779,-0.1699480414225247,0.17410004476210336,0.03771754725091267,70.98295984230195
1773306648041,0.09999999999999999,19.766666666666666,336.1166666666667,-0.38333333333333336,3.1833333333333336,9.233333333333334,-0.0797033691744077,-0.5707226654021458,-0.049160107264506946,2.5,17.625,52.875,-0.6200000047683716,2.869999885559082,9.289999961853027,0.1330813616514206,0.11890055239200592,-0.6185010671615601,0.0023227079338546076,0.002075206121680523,-0.010794880049067802,-0.8846435546875,0.12738037109375,0.0885009765625,-0.439697265625,0.9999930429961676,2.4,-2.1416666666666657,-283.2416666666667,-0.23666667143503822,-0.31333344777425154,0.05666662851969306,0.08202607710826232,0.5727978715238263,0.03836522721543914,-0.9638698642983137,-0.16810580510476106,0.20369832535138796,0.03467441761112483,66.96608538564824
1773306648141,0.6666666666666669,19.1,332.8,-0.3666666666666667,3.033333333333333,9.133333333333335,-0.217293491873294,-0.4962552839837211,-0.1978039818926907,2.9375,17.1875,50,-0.8700000047683716,2.990000009536743,9.039999961853027,0.23234695196151733,0.3065234422683716,-0.5486878752708435,0.004055219318701574,0.00534984330212984,-0.009576409989248193,-0.89599609375,0.1246337890625,0.0870361328125,-0.41729736328125,1.0000274792263326,2.270833333333333,-1.9125000000000014,-282.8,-0.5033333381017049,-0.04333332379659005,-0.09333337148030729,0.22134871119199556,0.5016051272858509,0.1882275719034425,-0.9587015231494033,-0.16260264435417235,0.23094125411168223,0.03343511192397071,64.68293320069013
1773306648240,1.1,18.1,329.34000000000003,-0.5833333333333334,3.016666666666667,9.25,-0.16609716714812706,-0.4351687601639196,-0.22049326216861698,2.9375,16.25,47.375,-0.8700000047683716,2.940000057220459,8.8100004196167,-0.09162978827953339,-0.1788962483406067,-0.48978301882743835,-0.0015992414983831678,-0.003122328553009029,-0.008548326298896175,-0.9063720703125,0.119140625,0.0809326171875,-0.39715576171875,0.9999938029603869,1.8375,-1.8500000000000014,-281.96500000000003,-0.2866666714350382,-0.07666660944620807,-0.4399995803833008,0.1644979256497439,0.43204643161091055,0.2119449358697208,-0.9527688100085662,-0.1541988116272897,0.25961871316411306,0.03244140783940324,62.850957536788066
1773306648340,0.7999999999999999,16.816666666666666,327.23333333333335,-1.1000000000000003,3.0833333333333335,9.816666666666668,-0.11635528346628864,-0.20013108756201647,-0.14340788687220074,2.625,14.75,44.8125,-0.8700000047683716,2.7899999618530273,9.40999984741211,0.22252947092056274,0.19744037091732025,-0.3577924966812134,0.0038838719502847967,0.0034459845488660954,-0.006244657106018058,-0.9166259765625,0.10992431640625,0.07080078125,-0.377685546875,0.9999728292260827,1.8250000000000002,-2.0666666666666664,-282.42083333333335,0.22999999523162873,-0.29333337148030614,-0.40666681925455883,0.12023915541657343,0.20357707211088258,0.13716322976618267,-0.9493484023457034,-0.14223408864516401,0.2780443269962217,0.03461830752879696,61.10283582501006
1773306648440,0.4800000000000001,15.939999999999998,326.41999999999996,-0.65,2.4000000000000004,9.316666666666668,-0.13846278732488349,-0.0349065850398866,-0.08959356826904226,2.375,13.875,43.8125,-1.559999942779541,2.4800000190734863,10.079999923706055,-0.0665406808257103,0.05890486016869545,-0.07308565825223923,-0.0011613539669273038,0.001028083755370598,-0.0012755853724889389,-0.92083740234375,0.10418701171875,0.06451416015625,-0.37017822265625,0.999995224166433,1.895,-2.0649999999999977,-282.60749999999996,-0.909999942779541,0.08000001907348597,0.7633332570393865,0.1373014333579562,0.035934668795257196,0.08831798289655332,-0.9482819574193936,-0.13394086218956636,0.28551596418262615,0.036080588487781486,60.38920818542981
1773306648540,0.4833333333333334,15.583333333333336,326.25000000000006,-0.85,2.6666666666666665,9.549999999999999,-0.06137741202846727,0.11460995421429432,-0.055850536063818554,1.8125,13.4375,43.5625,-1.5499999523162842,2.6600000858306885,9.470000267028809,0.020725784823298454,-0.022907447069883347,0.04254240170121193,0.0003617331852264292,-0.00039981037459579195,0.0007425049813921851,-0.92218017578125,0.10308837890625,0.05853271484375,-0.3681640625,1.0000071730207436,1.3291666666666666,-2.1458333333333357,-282.68750000000006,-0.6999999523162842,-0.006666580835978042,-0.07999973297119034,0.0617391452136937,-0.1150097645888901,0.05659304104521074,-0.9482630077820663,-0.1309457344596075,0.287054885800237,0.03535498885809104,60.290282719677556
1773306648640,0.4833333333333334,15.449999999999998,327.1666666666667,-0.55,2.5833333333333335,9.5,0.0011635528346628887,0.3159045946109737,0.09890199094634534,1,13.1875,44.5625,-0.8999999761581421,2.2200000286102295,9.880000114440918,-0.11126473546028137,-0.014180799946188927,0.2781618535518646,-0.0019419359751423984,-0.0002475016496276315,0.0048548401979303215,-0.91925048828125,0.1031494140625,0.0518798828125,-0.3763427734375,0.9999933335707902,0.5166666666666666,-2.2624999999999975,-282.6041666666667,-0.34999997615814205,-0.363333304723104,0.38000011444091797,-0.003105488809805287,-0.3161520962606013,-0.09404715074841502,-0.9506782122122477,-0.1301186582956775,0.2795092792376325,0.0339799118350305,60.87041353343302
1773306648740,1.1666666666666667,15.91666666666667,328.81666666666666,-0.20000000000000004,2.466666666666667,9.333333333333334,0.18442312429406751,0.36011960232816337,0.12595459435225748,0.75,13.75,46.3125,-0.5099999904632568,2.2300000190734863,9.239999771118164,-0.1843504011631012,-0.1843504011631012,0.34470251202583313,-0.0032175214776685,-0.0032175214776685,0.0060161937747461374,-0.9129638671875,0.10784912109375,0.05328369140625,-0.38995361328125,1.0000187138207108,-0.41666666666666674,-2.1666666666666696,-282.50416666666666,-0.30999999046325677,-0.23666664759318046,-0.09333356221516986,-0.187640645771736,-0.3633371238058319,-0.11993840057751134,-0.9542545167482168,-0.1360612412746491,0.2648196155873806,0.027499583425591622,61.3864100201929
1773306648840,2.22,16.68,331.12,-0.6666666666666666,2.85,9.299999999999999,0.273725804354444,0.5585053606381855,0.08755735080838223,1.375,14.375,48.3125,-0.4399999976158142,2.319999933242798,9.09000015258789,-0.13744467496871948,-0.30434179306030273,0.37197330594062805,-0.0023988621175375893,-0.0053117663403255124,0.006492158918192143,-0.9053955078125,0.10919189453125,0.0626220703125,-0.40557861328125,1.0000397145312498,-0.8450000000000002,-2.3049999999999997,-282.8075,0.22666666905085242,-0.5300000667572022,-0.2099998474121083,-0.2761246664719816,-0.5638171269785109,-0.08106519189019008,-0.9586890293228074,-0.1452181101098904,0.24396154497287284,0.017601423995063835,61.305116047608415
1773306648940,2.075,16.775000000000002,334.1,-0.3,2.8833333333333333,9.633333333333335,0.06195918844579869,0.6728244266438141,0.06661339978445024,1.625,14.625,51.5625,-0.4699999988079071,2.259999990463257,9.960000038146973,0.23998276889324188,0.23998276889324188,0.5890486240386963,0.004188489465239699,0.004188489465239699,0.010280837943817468,-0.89306640625,0.10858154296875,0.0684814453125,-0.43115234375,0.9999698042035927,-0.4500000000000002,-2.150000000000002,-282.5375,-0.16999999880790712,-0.6233333428700765,0.326666704813638,-0.05777069898055899,-0.6686359371785744,-0.056332561840632775,-0.9645760469612586,-0.14614825302228648,0.2190933711411299,0.015226046405444447,62.70101157830331
1773306649041,1.3499999999999999,17.416666666666668,338.73333333333335,0.06666666666666667,2.9000000000000004,9.066666666666668,0.20856684561332242,0.6515895874112164,0.12682725897825461,1,15.5,56.6875,-0.12999999523162842,2.609999895095825,8.920000076293945,-0.2617993950843811,-0.2879793345928192,0.697040855884552,-0.004569261423951908,-0.005026187566347099,0.012165657956104725,-0.87213134765625,0.11474609375,0.07220458984375,-0.4700927734375,0.9999902359664595,-0.34999999999999987,-1.9166666666666679,-282.04583333333335,-0.19666666189829507,-0.29000010490417516,-0.1466665903727229,-0.21313610703727434,-0.6566157749775635,-0.1146616010221499,-0.9717597078214566,-0.1509431203368678,0.18063028136361073,0.016490789314945513,66.66994199951009
1773306649157,0.9000000000000001,18.042857142857144,342.8857142857143,0.08571428571428573,2.9285714285714284,9.557142857142859,0.0648265150740751,0.6993783645491563,0.08178114209344857,0.6875,15.9375,60.1875,-0.20999999344348907,2.509999990463257,9.550000190734863,-0.08508480340242386,-0.008726646192371845,0.7264932990074158,-0.0014850099627843703,-0.00015230870871351518,0.012679700061355057,-0.85699462890625,0.1170654296875,0.0753173828125,-0.49615478515625,0.999993193871463,-0.21250000000000013,-2.1053571428571445,-282.6982142857143,-0.2957142791577748,-0.41857143810817155,-0.007142666407995435,-0.06631152503685947,-0.6995306732578698,-0.06910144203209351,-0.9767885512055312,-0.15620768965549434,0.14573273074469406,0.015660623103393913,69.42453465926917
1773306649257,-0.43333333333333335,18.333333333333332,347.3500000000001,0.55,3.0666666666666664,9.250000000000002,0.1480620982108523,0.6501351463678877,0.18878644742405334,-0.0625,16.5,64.25,0.10999999940395355,2.700000047683716,9.579999923706055,0.004363323096185923,0.08508480340242386,0.7199482917785645,0.00007615435435675759,0.0014850099627843703,0.012565468135644773,-0.83837890625,0.12213134765625,0.07550048828125,-0.52581787109375,0.999990006858843,0.37083333333333335,-1.8333333333333321,-283.1000000000001,-0.4400000005960465,-0.3666666189829506,0.3299999237060529,-0.14798594385649555,-0.6486501364051034,-0.17622097928840857,-0.981146446262938,-0.1579247478631397,0.10935903518381695,0.021260913001003336,73.67058950273693
1773306649356,-1.366666666666667,19.083333333333332,351.43333333333334,0.9166666666666666,2.966666666666667,9.033333333333333,0.07214027574909897,0.5020730481570355,0.06370451769779303,-0.25,17.5,67.6875,0.2800000011920929,2.940000057220459,9.109999656677246,-0.19198621809482574,-0.18653206527233124,0.6588618159294128,-0.0033507916242066244,-0.0032555986995471534,0.011499308003637078,-0.82110595703125,0.12811279296875,0.08251953125,-0.550048828125,0.9999955333669568,1.116666666666667,-1.5833333333333321,-283.74583333333334,-0.6366666654745737,-0.0266666094462078,0.07666632334391288,-0.07549106737330559,-0.5053286468565826,-0.05220520969415596,-0.9831932645921642,-0.16441163212807794,0.07562153348135278,0.024108159521474447,77.62116802865492
1773306649457,-2.85,19.01666666666667,354.6000000000001,0.9333333333333332,3.066666666666667,9.033333333333333,0.10268353765899974,0.30455995447301054,0.004945099547317265,-0.9375,17.75,70.375,0.699999988079071,2.6500000953674316,9.170000076293945,-0.04363323003053665,-0.06872233748435974,0.4254240095615387,-0.0007615435273129305,-0.0011994310587687947,0.007425049683884688,-0.80767822265625,0.1312255859375,0.08184814453125,-0.56890869140625,0.9999602410489026,1.9125,-1.2666666666666693,-284.2250000000001,-0.2333333452542622,-0.41666657129923523,0.1366667429606121,-0.10344508118631267,-0.30575938553177934,0.002479950136567423,-0.9846685188428458,-0.1638012725646134,0.050548387620176785,0.03227865571937781,81.14667089104165
1773306649573,-3.642857142857143,18.785714285714285,356.6571428571429,0.6571428571428573,3.1999999999999997,9.242857142857142,0.05111321380840536,0.2423514332769269,-0.04014257279586959,-1.125,17.6875,72.8125,0.20999999344348907,3.0199999809265137,9.199999809265137,-0.01745329238474369,-0.15271630883216858,0.2912518084049225,-0.00030461741742703036,-0.002665402410613838,0.005083303009053591,-0.7945556640625,0.12994384765625,0.08380126953125,-0.58721923828125,1.0000265963564028,2.517857142857143,-1.0982142857142847,-283.8446428571429,-0.4471428636993682,-0.18000001907348606,-0.042857333592005276,-0.05141783122583239,-0.24501683568754073,0.045225875804923175,-0.9855231750808945,-0.16213645019223893,0.0339473173494631,0.0361029436792535,83.91707159713661
1773306649673,-4.08,18.48,358.00000000000006,0.8166666666666668,3.033333333333333,9.333333333333334,0.0066904287993115995,0.13293591136023478,-0.011926416555294583,-1.4375,17.375,74.25,0.5199999809265137,2.8299999237060547,9.3100004196167,0.0719948336482048,0.08617562800645828,0.20398534834384918,0.0012565468915867748,0.0015040484436865344,0.0035602159544277302,-0.78826904296875,0.12847900390625,0.08062744140625,-0.59637451171875,1.000019140358377,2.6425,-1.1050000000000004,-283.75000000000006,-0.2966666857401531,-0.20333340962727853,-0.023332913716634707,-0.005433881907724825,-0.13143186291654824,0.015486632509722313,-0.98614886041414,-0.1598308977253844,0.022930015274122417,0.03793051061769883,85.20903733152751
1773306649773,-4.333333333333333,18.46666666666667,358.9000000000001,0.38333333333333336,3.2833333333333337,9.450000000000001,0.04450589592585541,0.14311699866353503,0.12188215943093736,-1.625,17.3125,74.875,-0.009999999776482582,3.0299999713897705,9.539999961853027,0.008726646192371845,0.05890486016869545,0.06544984877109528,0.00015230870871351518,0.001028083755370598,0.001142315355987977,-0.78509521484375,0.1285400390625,0.0799560546875,-0.6005859375,0.9999967385030251,2.708333333333333,-1.1541666666666686,-284.0250000000001,-0.39333333310981594,-0.25333336194356315,0.08999996185302628,-0.044353587217141895,-0.14208891490816444,-0.12073984407494938,-0.9862337519984969,-0.15997514493121817,0.01553398657031842,0.038854017609974416,85.95338924865575
1773306649873,-3.8499999999999996,19.283333333333335,239.85,0.4166666666666667,3.1999999999999997,9,0.07650359887908477,0.16696983177412422,0.08232136305239923,-1.625,18,75.75,-0.10000000149011612,3.1500000953674316,9.119999885559082,-0.22471113502979279,-0.1287180334329605,0.1799870729446411,-0.00392194917216345,-0.0022465534900973005,0.0031413670339111932,-0.779541015625,0.13262939453125,0.08489990234375,-0.60626220703125,1.0000183040463624,2.2249999999999996,-1.283333333333335,-164.1,-0.5166666681567829,-0.04999990463256809,0.11999988555908203,-0.08042554805124821,-0.16921638526422153,-0.07917999601848803,-0.48666567214959644,-0.054804161151069924,0.8567613334813001,0.16159531219392992,139.40716200705742
1773306649973,-3.6666666666666674,19.450000000000003,0.6833333333333332,0.4666666666666668,3.4166666666666665,9.333333333333334,0.08784823901704793,0.16231562043547265,0.07243116395776468,-1.5,18.375,76.6875,0.14000000059604645,3.009999990463257,9.539999961853027,0.028361599892377853,-0.022907447069883347,0.17780540883541107,0.000495003299255263,-0.00039981037459579195,0.0031032898120325397,-0.7742919921875,0.1336669921875,0.088623046875,-0.61212158203125,0.9999709143730079,2.1666666666666674,-1.0750000000000028,76.00416666666666,-0.32666666607062034,-0.4066666762034097,0.20666662851969342,-0.08735323571779266,-0.16271543081006845,-0.06932787414573215,0.9851400411593083,0.16901802279940503,0.0004704564424900474,-0.03052516903068708,87.64851868096916
1773306650073,-3.4166666666666665,19.933333333333334,1.666666666666667,0.6166666666666667,3.366666666666667,9.200000000000001,0.029379709075237886,0.15271630954950383,0.07679448708775051,-1.3125,18.75,78,0.30000001192092896,3.0399999618530273,9.430000305175781,-0.08835729211568832,-0.07635815441608429,0.22362031042575836,-0.0015421256655651877,-0.001332701205306919,0.003902910691261286,-0.7669677734375,0.13458251953125,0.09326171875,-0.6204833984375,1.0000247076826698,2.1041666666666665,-1.1833333333333336,76.33333333333333,-0.31666665474573774,-0.3266667048136398,0.23000030517578018,-0.030921834740803074,-0.15404901075481076,-0.07289157639648923,0.98444176900614,0.1734070207010716,0.009158935983959038,-0.026842550163531154,88.84661166053884
1773306650173,-3.7600000000000002,20.180000000000003,2.5200000000000005,0.8000000000000002,3.266666666666667,9.083333333333334,-0.0255981623625835,0.05672320068981571,0.013962634015954638,-1.5625,19.0625,78.6875,0.550000011920929,3.0299999713897705,9.229999542236328,0.03272492438554764,0.07744898647069931,0.13744467496871948,0.0005711576779939885,0.0013517398162462457,0.0023988621175375893,-0.762451171875,0.1373291015625,0.093994140625,-0.62530517578125,1.0000162663477912,2.1975000000000002,-1.1175000000000033,76.1675,-0.2499999880790712,-0.23666669527689654,0.1466662089029942,0.02616932004057749,-0.055371460873569464,-0.01156377189841705,0.9838922817783503,0.1757684871561892,0.01589152320107495,-0.02844075016882805,90.0571828750809
1773306650273,-4.1000000000000005,20.125,2.8750000000000004,0.8000000000000002,3.3000000000000007,9.316666666666668,-0.009308422677303092,-0.013089969389957472,0.0020362174606600517,-1.8125,19.125,79,0.5299999713897705,3.0199999809265137,9.039999961853027,-0.010908307507634163,-0.0054541537538170815,0.046905722469091415,-0.00019038588182823261,-0.00009519294091411631,0.0008186592951123293,-0.76092529296875,0.1387939453125,0.0931396484375,-0.62689208984375,0.999969873123542,2.2875000000000005,-1,76.125,-0.27000002861022965,-0.28000001907348704,-0.27666670481364086,0.009118036795474859,0.012994776449043356,-0.0012175581655477223,0.9838346992433177,0.17543913630821742,0.018436647580836574,-0.030829921216529426,90.62645277831908
1773306650373,-4.2,20.125,2.7750000000000004,0.5666666666666668,3.5,9.066666666666668,-0.03577924966588376,-0.024434609527920616,0.00930842267730309,-1.875,19.1875,78.875,0.23999999463558197,3.440000057220459,9.260000228881836,-0.09381144493818283,-0.019634954631328583,-0.047996554523706436,-0.0016373185902246587,-0.00034269460679639313,-0.0008376979060516561,-0.761474609375,0.13934326171875,0.093017578125,-0.62615966796875,0.9999941624530638,2.325,-0.9375,76.1,-0.3266666720310848,-0.059999942779541016,0.19333356221516773,0.0341419310756591,0.024091914921124225,-0.010146120583354746,0.983823001240019,0.17542743830491866,0.017425000264335865,-0.03184156853303014,90.63898103769566
1773306650473,-4.25,20.300000000000004,2.55,0.6666666666666666,3.5,9.1,0.02908882086657216,-0.04508767234318685,0.043924119508523964,-2,19.1875,78.75,0.3199999928474426,3.190000057220459,9.100000381469727,-0.03272492438554764,0,-0.006544984877109528,-0.0005711576779939885,0,-0.0001142315355987977,-0.76226806640625,0.14056396484375,0.0921630859375,-0.62506103515625,1.0000030826729704,2.25,-1.1125000000000043,76.2,-0.346666673819224,-0.309999942779541,3.8146972691777137e-7,-0.02965997854456615,0.04508767234318685,-0.044038351044122764,0.983574694700286,0.17687316346690268,0.015355024177006075,-0.03257187779316959,90.6457265985383
1773306650573,-3.96,20.62,2.2,0.5833333333333334,3.5,9.100000000000001,0.054105206811824215,-0.09802932632034818,0.048287442638509794,-1.6875,19.4375,78.4375,0.3799999952316284,3.1500000953674316,9.279999732971191,0.018544122576713562,-0.004363323096185923,-0.0665406808257103,0.0003236559958570664,-0.00007615435435675759,-0.0011613539669273038,-0.76385498046875,0.14056396484375,0.0950927734375,-0.6226806640625,1.0000032521731423,2.2725,-1.182500000000001,76.2375,-0.20333333810170495,-0.34999990463256836,0.17999973297118999,-0.053781550815967145,0.09795317196599142,-0.0494487966054371,0.9832039109923603,0.17948668745403695,0.012693675573974189,-0.030552725517154374,90.24971804538808
1773306650673,-3.5000000000000004,20.925,1.7000000000000002,0.4166666666666667,3.5833333333333335,9.166666666666668,0.0008726646259971643,-0.0849393569303907,0.009599310885968812,-1.125,19.75,77.9375,-0.18000000715255737,3.5199999809265137,9.260000228881836,-0.04472406208515167,-0.07417649030685425,-0.1025380939245224,-0.0007805821382522572,-0.0012946239834282656,-0.00178962734770211,-0.76605224609375,0.14019775390625,0.10003662109375,-0.6192626953125,0.9999925326277159,2.3750000000000004,-1.1750000000000007,76.2375,-0.5966666738192241,-0.06333335240681981,0.09333356221516809,-0.0016532467642494215,0.08364473294696244,-0.011388938233670922,0.9828894210358481,0.18193277751434955,0.009036369514815328,-0.027334858838513096,89.59415848387847
1773306650773,-3.2800000000000002,21.04,1.12,0.5333333333333333,3.4500000000000006,9.15,0.004945099547317268,-0.12566370614359174,0.04799655442984406,-1.0625,19.75,77.4375,0.2199999988079071,3.119999885559082,9.220000267028809,-0.022907447069883347,0.019634954631328583,-0.10362892597913742,-0.00039981037459579195,0.00034269460679639313,-0.0018086659586414365,-0.76873779296875,0.14013671875,0.10009765625,-0.61590576171875,0.9999777709457236,2.2175000000000002,-1.2899999999999991,76.3175,-0.3133333345254262,-0.3300001144409186,0.07000026702880824,-0.00534490992191306,0.12600640075038813,-0.0498052203884855,0.9827926281656197,0.18277024613106235,0.004380407402609933,-0.026353352414676835,89.00377425019664
1773306650873,-2.8000000000000003,21.520000000000003,72.3,0.2833333333333333,3.6666666666666665,9.133333333333335,0.12159127122227165,-0.1495165392541809,0.17162404311277574,-0.6875,20.0625,76.75,-0.029999999329447746,3.2799999713897705,9.319999694824219,-0.11999138444662094,-0.05999569222331047,-0.17126043140888214,-0.0020942447326198496,-0.0010471223663099248,-0.0029890584064709044,-0.77203369140625,0.1409912109375,0.1033935546875,-0.61102294921875,0.9999769066587886,2.1125000000000003,-1.4575000000000031,4.450000000000003,-0.31333333266278107,-0.386666695276896,0.18666636149088411,-0.1236855159548915,0.14846941688787096,-0.17461310151924664,0.7957321949055239,0.16486619385231824,0.5756732963367884,0.09071751760395126,108.11161711276466
1773306650973,-1.9333333333333336,22.350000000000005,359.4666666666667,0,3.9000000000000004,8.966666666666667,0.0014544410433286093,-0.06835872903644459,0.0430514548825268,0.125,20.9375,76.0625,-0.44999998807907104,3.759999990463257,9.020000457763672,-0.06763150542974472,0.01636246219277382,-0.1287180334329605,-0.001180392447829468,0.00028557883899699426,-0.0022465534900973005,-0.77459716796875,0.142822265625,0.11309814453125,-0.60565185546875,1.0000021662539622,2.0583333333333336,-1.412500000000005,-283.4041666666667,-0.44999998807907104,-0.14000000953674352,0.05333379109700509,-0.0026348334911580774,0.06864430787544158,-0.0452980083726241,-0.9808743489166506,-0.19369959804194292,0.007834916056902702,0.017452548412992885,87.48842255566173
1773306651073,-1.35,22.750000000000004,359,0.05000000000000001,3.766666666666667,9.083333333333334,0.016871516102611853,-0.017744180728609015,0.04886921905584123,0.5625,21.3125,75.6875,-0.5299999713897705,3.5899999141693115,9.270000457763672,-0.02508910745382309,-0.007635815534740686,0,-0.0004378875314558641,-0.00013327012215615645,0,-0.77618408203125,0.14306640625,0.11761474609375,-0.60272216796875,1.0000184828570078,1.9125,-1.4375000000000036,-283.3125,-0.5799999713897706,-0.17666675249735553,0.18666712443033795,-0.017309403634067716,0.017610910606452857,-0.04886921905584123,-0.9802316912943884,-0.19710761615452946,0.010877943557301914,0.013269867368813852,86.90877693079531
1773306651173,-0.96,23.080000000000002,358.76000000000005,0.08333333333333333,3.7999999999999994,8.966666666666667,0.05003277189050411,-0.04741477801251262,0.08406669230439354,0.75,21.625,75.625,-0.15000000596046448,3.4200000762939453,9.199999809265137,-0.06981316953897476,-0.023998277261853218,-0.029452430084347725,-0.0012184696697081214,-0.00041884895302582805,-0.000514041877685299,-0.7762451171875,0.14422607421875,0.12066650390625,-0.60174560546875,1.0000079106226598,1.71,-1.4550000000000018,-283.13500000000005,-0.2333333392937978,-0.37999992370605407,0.23333314259846993,-0.051251241560212234,0.04699592905948679,-0.08458073418207883,-0.9796754020513666,-0.19994445127179802,0.012277552102850624,0.010372306179178403,86.75056007478871
1773306651273,-0.525,23.5,358.525,-0.05000000000000001,3.9333333333333336,8.966666666666667,0.054105206811824215,0.004363323129985824,0.05614142427248427,1.1875,22.0625,75.4375,-0.3499999940395355,3.7300000190734863,8.949999809265137,-0.04363323003053665,-0.04472406208515167,-0.02508910745382309,-0.0007615435273129305,-0.0007805821382522572,-0.0004378875314558641,-0.77655029296875,0.1448974609375,0.1256103515625,-0.60015869140625,0.9999970234886217,1.7125,-1.4375,-283.0875,-0.29999999403953553,-0.20333331425984724,-0.016666857401530066,-0.05486675033913715,-0.005143905268238081,-0.05657931180394013,-0.9789420848247943,-0.20356500980733486,0.013534502382419138,0.007106235732463126,86.539136903682
1773306651373,-0.13333333333333333,24,358.7166666666667,0,4.050000000000001,9.233333333333334,0.08813912722571364,0.07359471679242754,0.19024088846738194,1.5,22.4375,75.625,-0.27000001072883606,3.7100000381469727,9.260000228881836,-0.10035642981529236,-0.07417649030685425,0.05890486016869545,-0.0017515501258234564,-0.0012946239834282656,0.001028083755370598,-0.77484130859375,0.14556884765625,0.13006591796875,-0.60125732421875,0.9999984279262584,1.6333333333333333,-1.5625,-283.0916666666667,-0.27000001072883606,-0.33999996185302805,0.026666895548501657,-0.0898906773515371,-0.07488934077585581,-0.18921280471201135,-0.9780828894611161,-0.20788576604102116,0.0111961313401253,0.00346644831875655,86.7341572341398
1773306651473,-0.016666666666666666,25.25,359.0666666666666,-4.625929269271485e-18,4.250000000000001,8.933333333333334,0.0686496172451103,0.0215257274412634,0.4622213635698316,1.75,23.5625,76.0625,-0.28999999165534973,3.7699999809265137,9.279999732971191,-0.3217950761318207,-0.037088245153427124,0.038179077208042145,-0.005616383595206089,-0.0006473119917141328,0.0006663506026534595,-0.77099609375,0.151123046875,0.138427734375,-0.60296630859375,1.0000018794071894,1.7666666666666666,-1.6875,-283.0041666666666,-0.28999999165534973,-0.4800000190734872,0.34666639963785784,-0.0742660008403164,-0.02217303943297753,-0.46155501296717816,-0.9757888495708853,-0.2185606365801163,0.007979639558255206,0.0019221194923898055,88.01555938162694
1773306651574,1.116666666666667,28.100000000000005,359.1833333333334,-0.30000000000000004,4.716666666666667,8.316666666666668,0.3932808581160556,0.004654211338651544,0.5139994647123302,3.375,27.6875,76.5625,-0.8299999833106995,4.619999885559082,8.4399995803833,-0.6795875430107117,-0.5170537829399109,0.006544984877109528,-0.011861040181075496,-0.00902429092219353,0.0001142315355987977,-0.76202392578125,0.1688232421875,0.17236328125,-0.60089111328125,0.999980490464396,2.258333333333333,-0.412500000000005,-282.6208333333334,-0.5299999833106994,-0.09666678110758475,0.12333291371663258,-0.4051418982971311,-0.013678502260845075,-0.5138852331767314,-0.9700304059499241,-0.24281822396477395,0.00454754938031615,-0.007722786922612093,90.56409184606404
1773306651673,2.766666666666667,30.383333333333336,359.20000000000005,-0.5333333333333333,5.066666666666666,8.416666666666666,0.2391101075232232,0.0619591884457987,0.30572350730767345,4.3125,29.3125,76.9375,-0.8899999856948853,4.71999979019165,8.59000015258789,-0.2628902196884155,-0.18871372938156128,0.04908738657832146,-0.004588299904854072,-0.0032936759214258066,0.0008567365169909828,-0.75714111328125,0.1737060546875,0.1878662109375,-0.60107421875,1.0000101942049409,1.545833333333333,-1.0708333333333364,-282.26250000000005,-0.35666665236155193,-0.34666687647501604,0.17333348592122455,-0.24369840742807727,-0.06525286436722451,-0.3048667707906825,-0.9647940114629304,-0.26212871051044084,0.00040926907593197287,-0.021468280560494338,91.47722900314925
1773306651774,3.9833333333333343,32.13333333333333,359.5833333333333,-0.5833333333333334,5.216666666666667,8.200000000000001,0.11868238913561442,0.06952228187110746,0.1911135530933791,5.3125,31.0625,77.625,-0.9200000166893005,4.900000095367432,8.369999885559082,-0.153807133436203,-0.08072147518396378,0.07853981852531433,-0.0026844408915160023,-0.0014088555190270634,0.0013707784271855725,-0.74993896484375,0.1778564453125,0.20538330078125,-0.6031494140625,1.0000064410061829,1.3291666666666657,-1.0708333333333329,-281.9583333333333,-0.33666668335596717,-0.31666657129923514,0.16999988555908097,-0.12136683002713042,-0.07093113739013451,-0.18974277466619352,-0.9603884401622619,-0.2767080625309902,-0.0061263820392062004,-0.03239073287458558,92.85109189906383
1773306651874,4.3999999999999995,33.21666666666667,299.9166666666667,-0.6,5.416666666666667,8.033333333333333,0.023852833110589177,0.06690428799311597,0.13235413494290332,5.3125,31.0625,77.625,-0.9200000166893005,4.900000095367432,8.369999885559082,-0.153807133436203,-0.08072147518396378,0.07853981852531433,-0.0026844408915160023,-0.0014088555190270634,0.0013707784271855725,-0.74993896484375,0.1778564453125,0.20538330078125,-0.6031494140625,1.0000064410061829,0.9125000000000005,-2.1541666666666686,-222.29166666666669,-0.32000001668930056,-0.5166665712992353,0.3366665522257488,-0.02653727400210518,-0.06831314351214303,-0.13098335651571774,-0.834428654474386,-0.26566403490390506,0.4698919861733745,0.11114388188597629,105.11108014881374
1773306651990,3.6833333333333336,33.53333333333333,0.4833333333333334,-0.28571428571428575,5.314285714285715,7.842857142857143,-0.42860299773975036,0.059341194567807204,-0.3400898713886094,5.25,32.625,78.4375,-1.0399999618530273,5.28000020980835,8.3100004196167,-0.062177352607250214,0.05672319978475571,0.062177352607250214,-0.001085199523169997,0.000990006598510526,0.001085199523169997,-0.74298095703125,0.1866455078125,0.2144775390625,-0.60595703125,1.0000208930723786,1.5666666666666664,-0.9083333333333314,77.95416666666667,-0.7542856761387415,-0.034285504477365336,0.4671432767595558,0.42751779821658037,-0.058351187969296676,0.3411750709117794,0.956945284547755,0.28819343728960756,0.013307277223986714,0.03198720772279673,95.28865463145446
1773306652090,0,30.383333333333336,0.8500000000000001,0.25000000000000006,4.75,8.266666666666667,-0.654207581289208,-0.038106355335209535,-0.7568911189482076,1,28.125,77.4375,0.11999999731779099,4.389999866485596,8.34000015258789,0.9522952437400818,0.9162978529930115,-0.01745329238474369,0.016620687454346347,0.01599241446368303,-0.00030461741742703036,-0.7569580078125,0.18389892578125,0.15924072265625,-0.60650634765625,1.0000058989797886,1,-2.2583333333333364,76.5875,-0.13000000268220907,-0.3600001335144043,0.07333348592122313,0.6708282687435543,0.05409876979889257,0.7565865015307806,0.9650280688705033,0.26204161077915356,0.007158371088417682,0.0019437684260929034,93.94715513487564
1773306652191,-3.016666666666667,26.26666666666667,120.23333333333335,0.5666666666666668,4.083333333333334,8.616666666666667,-0.3976441812460414,-0.09075712110370515,-0.7001679182583919,-0.8125,25,76.4375,-0.23000000417232513,4.289999961853027,8.529999732971191,0.6195918917655945,0.34033921360969543,-0.1385355144739151,0.010813918529969966,0.005940039851137481,-0.0024179008585140786,-0.7669677734375,0.1749267578125,0.12835693359375,-0.6038818359375,0.9999938551147729,2.204166666666667,-1.2666666666666693,-43.79583333333335,-0.7966666708389919,0.20666662851969342,-0.08666693369547573,0.4084580997760114,0.09669716095484263,0.6977500173998777,0.49022124742269424,0.13539443233583753,0.8410908565026757,0.1841674438531122,138.3450349603013
1773306652291,-4.583333333333333,22.71666666666667,359.3500000000001,0.8333333333333334,3.5500000000000007,8.883333333333335,-0.22165681500327988,-0.08115781021773631,-0.6891141663290945,-2.5,21.375,75.5,0.5600000023841858,3.5799999237060547,8.539999961853027,0.6305001974105835,0.29016098380088806,-0.16035212576389313,0.011004304379288909,0.005064264528151428,-0.0027986725571519625,-0.77691650390625,0.16070556640625,0.09564208984375,-0.60113525390625,0.9999682674737611,2.083333333333333,-1.3416666666666686,-283.8500000000001,-0.2733333309491476,0.029999923706053977,-0.3433333714803073,0.23266111938256878,0.08622207474588774,0.6863154937719426,-0.9795701115114143,-0.19656136456015091,0.013431732476044653,0.040318918121137214,90.0977733331699
1773306652408,-5.357142857142857,18.900000000000002,358.4857142857143,0.9,2.957142857142857,9.35714285714286,-0.09599310885968813,-0.06831717357806376,-0.7317916220861941,-3.625,17.25,74.75,0.5,3.109999895095825,8.8100004196167,0.8573929667472839,0.2923426330089569,-0.15598879754543304,0.014964330253182362,0.0051023414899557555,-0.002722518113394656,-0.7855224609375,0.13873291015625,0.0653076171875,-0.59954833984375,1.0000078268042876,1.7321428571428568,-1.6500000000000021,-283.7357142857143,-0.4,0.15285703795296834,-0.5471424375261602,0.1109574391128705,0.07341951506801951,0.7290691039727994,-0.9851640821819317,-0.16338398062976897,0.020692933848316244,0.048261874610840874,87.29201784678789
1773306652523,-5.133333333333334,15.883333333333333,357.8,0.8142857142857143,2.6000000000000005,9.871428571428572,0.06382918407293546,-0.015458630517664064,-0.1241677096418823,-3.9375,13.5625,74.3125,0.7599999904632568,1.899999976158142,12.350000381469727,0.675224244594574,0.05999569222331047,-0.04581489413976669,0.011784886257466841,0.0010471223663099248,-0.0007996207491915839,-0.7911376953125,0.11505126953125,0.04351806640625,-0.59912109375,0.9999877772478329,1.1958333333333337,-2.320833333333333,-283.4875,-0.05428572382245744,-0.7000000238418584,2.4785718100411547,-0.05204429781546862,0.01650575288397399,0.12336808889269071,-0.9891145451303397,-0.13714933284520686,0.025180380069625474,0.04699388865868758,84.59041809981228
1773306652624,-4.700000000000001,15.220000000000002,357.62,0.8000000000000002,2.433333333333333,9.633333333333335,-0.022107503858594852,-0.03694280250054664,-0.028797932657906443,-3.4375,12.625,74.25,0.7599999904632568,1.909999966621399,9.84000015258789,0.1483529806137085,0.01636246219277382,-0.04581489413976669,0.0025892479668565313,0.00028557883899699426,-0.0007996207491915839,-0.79229736328125,0.1063232421875,0.04229736328125,-0.59930419921875,0.9999971669127148,1.262500000000001,-2.5950000000000024,-283.37,-0.04000000953674332,-0.5233333667119342,0.206666819254556,0.024696751825451384,0.037228381339543634,0.027998311908714858,-0.9900324731871027,-0.13144541367325613,0.025996626961102522,0.043381800860967316,83.59155670586325
1773306652723,-4.866666666666667,14.949999999999998,357.48333333333335,0.8666666666666668,2.4166666666666665,9.549999999999999,-0.011344640137963142,0.006690428799311599,-0.012217304763960305,-3.625,12.4375,74,0.38999998569488525,2.299999952316284,9.510000228881836,0.24870941042900085,0.23889194428920746,-0.0665406808257103,0.004340798092679988,0.004169450984337535,-0.0011613539669273038,-0.7935791015625,0.10577392578125,0.039794921875,-0.59783935546875,0.999975721988414,1.2416666666666671,-2.5124999999999975,-283.48333333333335,-0.47666668097178155,-0.11666671435038234,-0.039999771118163,0.01568543823064313,-0.0025209778149740637,0.011055950797033,-0.9902474952539596,-0.12902048744405037,0.027276076006548577,0.044940267474105164,83.43910885345737
1773306652823,-4.960000000000001,14.9,357.44000000000005,0.8166666666666668,2.3666666666666667,9.45,-0.0011635528346628848,-0.027052603405912107,0.047123889803846894,-3.5,12.5,74.125,0.8299999833106995,1.9500000476837158,9.460000038146973,0.11235556751489639,0.22362031042575836,-0.0665406808257103,0.001960974586081725,0.003902910691261286,-0.0011613539669273038,-0.79296875,0.1055908203125,0.04107666015625,-0.5986328125,0.9999986980101931,1.4600000000000009,-2.4000000000000004,-283.31500000000005,0.0133333166440327,-0.4166666189829509,0.010000038146973367,0.00312452742074461,0.030955514097173394,-0.0482852437707742,-0.990257159050783,-0.12854874173776365,0.027738152163474826,0.045788370367002076,83.6133429329233
1773306652923,-5.050000000000001,15.075000000000001,357.37500000000006,0.8833333333333334,2.4333333333333336,9.533333333333335,0.0023271056693257735,0.012508192972626028,0.08901179185171082,-3.5,12.75,74,0.30000001192092896,2.359999895095825,9.619999885559082,0.029452430084347725,0.06326818466186523,-0.03163409233093262,0.000514041877685299,0.0011042381341093237,-0.0005521190670546618,-0.79364013671875,0.107177734375,0.0421142578125,-0.597412109375,1.0000132861595885,1.5500000000000007,-2.325000000000001,-283.37500000000006,-0.5833333214124045,-0.07333343823750837,0.08666655222574704,-0.0018130637916404745,-0.011403954838516705,-0.08956391091876548,-0.9900044890696215,-0.13001293578130851,0.028462915872000897,0.0466648751373735,83.66576662225924
1773306653023,-5.133333333333334,15.633333333333333,357.5,0.8333333333333334,2.5833333333333335,9.433333333333334,0.06225007665446442,-0.021234839232597676,0.23503767260190306,-3.5,13.125,74.0625,0.6100000143051147,2.0899999141693115,9.59000015258789,-0.14180800318717957,-0.013089969754219055,0.015271631069481373,-0.002475016561294896,-0.0002284630711975954,0.0002665402443123129,-0.7928466796875,0.1097412109375,0.044189453125,-0.59783935546875,1.0000067967690516,1.6333333333333337,-2.508333333333333,-283.4375,-0.22333331902821862,-0.49333341916402196,0.15666681925455705,-0.06472509321575931,0.02100637616140008,-0.23477113235759076,-0.9893460451779288,-0.13486715797516396,0.02767955096059395,0.04731907701037511,84.10469396784792
1773306653124,-4.700000000000001,16.883333333333336,357.59999999999997,0.6833333333333335,3.0333333333333337,9.416666666666668,0.010181087303300265,0.04363323129985824,0.27023514585045527,-2.9375,14.875,74.125,0.2199999988079071,2.640000104904175,9.779999732971191,-0.3937899172306061,-0.142898827791214,0.02508910745382309,-0.0068729306168300265,-0.0024940550421970603,0.0004378875314558641,-0.791259765625,0.11932373046875,0.0572509765625,-0.59698486328125,0.9999993853269118,1.762500000000001,-2.0083333333333364,-283.47499999999997,-0.46333333452542635,-0.39333322842915885,0.36333306630452356,-0.017054017920130293,-0.0461272863420553,-0.2697972583189994,-0.98799112170718,-0.14579736402311727,0.026716231849108638,0.04362241427848595,84.5630366723133
1773306653224,-5.26,18.12,358.1,0.6333333333333334,3.1500000000000004,9.116666666666667,-0.1628973968528041,0.10821041362364843,0.13351768777756623,-3.125,16.1875,74.375,0.47999998927116394,2.7799999713897705,9.390000343322754,-0.13635385036468506,0.2454369217157364,0.09490227699279785,-0.002379823636635425,0.00428368238989917,0.0016563572011639854,-0.7886962890625,0.12890625,0.062744140625,-0.59783935546875,1.000003689893233,2.135,-1.932500000000001,-283.725,-0.15333334406216947,-0.37000002861022985,0.27333367665608677,0.1605175732161687,-0.10392673123374926,-0.13186133057640226,-0.9862284060311939,-0.15652990401581854,0.023580392816871406,0.047915397948587124,86.14488563925087
1773306653340,-6.066666666666667,18.316666666666666,358.81666666666666,1.1285714285714286,2.914285714285714,9.071428571428571,-0.11319706862934653,0.10821041362364843,-0.10571708612079939,-3.9375,16.875,74.875,0.5799999833106995,2.950000047683716,9.039999961853027,-0.06763150542974472,0.019634954631328583,0.14508049190044403,-0.001180392447829468,0.00034269460679639313,0.002532132264075714,-0.78515625,0.1378173828125,0.0616455078125,-0.60064697265625,1.000020460947639,2.1291666666666673,-1.4416666666666664,-283.94166666666666,-0.5485714452607291,0.035714333398001674,-0.03142860957554383,0.11201667618151706,-0.10786771901685203,0.1082492183848751,-0.9857295137892069,-0.15839233176856343,0.01860240928709736,0.05388084307549799,87.74135844261414
1773306653440,-7,17.48,359.30000000000007,1.3333333333333333,2.8333333333333335,9.500000000000002,-0.1925679941367077,0.052650765768495617,-0.14049900478554353,-4.8125,16.1875,75.3125,1.0700000524520874,2.509999990463257,9.34000015258789,0.14726215600967407,0.062177352607250214,0.09817477315664291,0.002570209485954367,0.001085199523169997,0.0017134730339819655,-0.783203125,0.13751220703125,0.0518798828125,-0.6041259765625,0.9999882298760341,2.1875,-1.2925000000000004,-283.98750000000007,-0.26333328088124586,-0.32333334287007665,-0.15999984741211115,0.19513820362266207,-0.05156556624532562,0.1422124778195255,-0.9864694304760037,-0.1512960418137529,0.015302626313970596,0.061264998945036446,88.61800145578694
1773306653556,-7.75,17.133333333333336,359.55,1.385714285714286,2.8142857142857145,9.214285714285717,0.14860231916980293,0.017453292519943295,0.17652758720171222,-5.9375,15.3125,75.375,1.2799999713897705,2.4000000953674316,9.729999542236328,0.22362031042575836,0.3174317479133606,0.039269909262657166,0.003902910691261286,0.005540229151448782,0.0006853892135927863,-0.78326416015625,0.13720703125,0.03961181640625,-0.6051025390625,1.0000233461217798,1.8125,-1.8208333333333364,-284.175,-0.10571431432451539,-0.41428561891828286,0.515713827950611,-0.14469940847854165,-0.011913063368494514,-0.17584219798811943,-0.9865354379875123,-0.148355969278521,0.01394092993886025,0.06740909765497272,89.1838203748178
1773306653657,-6.95,18.066666666666666,359.76666666666665,1.1333333333333333,3.016666666666667,9.283333333333333,0.26848981659846105,-0.04537856055185257,0.26121761138181804,-5.3125,16.25,75.75,0.9800000190734863,2.640000104904175,9.430000305175781,-0.18653206527233124,-0.21925698220729828,0.003272492438554764,-0.0032555986995471534,-0.0038267562475039793,0.00005711576779939885,-0.78082275390625,0.1402587890625,0.04937744140625,-0.6068115234375,1.0000075287833519,1.6375000000000002,-1.8166666666666664,-284.01666666666665,-0.15333331425984698,-0.37666656176249225,0.14666697184244804,-0.2717454152980082,0.04155180430434859,-0.26116049561401866,-0.9857598871557371,-0.1565981508713313,0.011524036083574286,0.06018023438582476,89.23844271035404
1773306653773,-5.742857142857143,19.21428571428572,359.75714285714287,0.7571428571428571,3.3714285714285714,9.114285714285716,0.17877158195427634,-0.01595729601823387,0.1333930214024238,-3.6875,17.6875,75.8125,0.28999999165534973,3.190000057220459,9.109999656677246,-0.23343779146671295,-0.2258019745349884,-0.08072147518396378,-0.004074258059678064,-0.0039409879131399395,-0.0014088555190270634,-0.77935791015625,0.14178466796875,0.06854248046875,-0.6064453125,0.9999878163638584,2.055357142857143,-1.5267857142857189,-283.94464285714287,-0.4671428654875074,-0.18142851420811246,-0.004286057608469562,-0.1828458400139544,0.01201630810509393,-0.13480187692145085,-0.9847173795705705,-0.16657707430147717,0.010447383858848004,0.049745480793085224,88.81560721223764
1773306653873,-4.64,20.020000000000003,359.70000000000005,0.6666666666666666,3.383333333333334,9.133333333333335,0.1940224351800363,-0.033161255787892266,0.1279908118129175,-2.875,18.3125,75.8125,0.23999999463558197,3.2200000286102295,9.279999732971191,-0.16580627858638763,-0.2508910894393921,-0.011999138630926609,-0.0028938654818114334,-0.004378875574632966,-0.00020942447651291403,-0.77880859375,0.14166259765625,0.07763671875,-0.6060791015625,0.9999852272522044,1.7649999999999997,-1.7075000000000031,-283.88750000000005,-0.42666667203108466,-0.1633333047231047,0.14666639963785677,-0.19691630066184773,0.0287823802132593,-0.12820023628943042,-0.9839484407669931,-0.17357262084400696,0.009612336773761132,0.04031890607758904,88.21608988776454
1773306653973,-3.1500000000000004,20.883333333333336,359.40000000000003,0.5333333333333333,3.4333333333333336,9.033333333333333,0.4770566622117835,-0.20216730502267652,0.3074688365596678,-1.8125,19.0625,75.9375,0.20999999344348907,3.2300000190734863,9.220000267028809,-0.07963064312934875,-0.17344209551811218,-0.05672319978475571,-0.0013898169080877366,-0.003027135628349558,-0.000990006598510526,-0.77752685546875,0.140869140625,0.08929443359375,-0.6063232421875,0.9999967478162811,1.3375000000000004,-1.8208333333333364,-283.46250000000003,-0.32333333988984425,-0.20333331425984724,0.18666693369547538,-0.47844647911987126,0.19914016939432697,-0.3084588431581783,-0.9830288352273631,-0.18102188789326967,0.010128554832388692,0.02797852019135025,87.43247574587878
1773306654073,0.09999999999999995,22.860000000000003,358.0200000000001,-0.11666666666666668,3.866666666666667,9.033333333333333,0.44651340030188263,-0.2731440279371126,0.37117335425746073,0,20.125,75.75,0.17000000178813934,3.2200000286102295,8.930000305175781,-0.3272492289543152,-0.4908738434314728,-0.18325957655906677,-0.00571157651986556,-0.00856736477979834,-0.0031984829967663356,-0.77752685546875,0.13775634765625,0.1075439453125,-0.6041259765625,1.000029358581879,-0.09999999999999995,-2.735000000000003,-282.2700000000001,0.28666666845480604,-0.6466666380564376,-0.10333302815755196,-0.45222497682174817,0.26457666315731426,-0.37437183725422707,-0.9800238483435758,-0.19815570365575066,0.016762319626533042,0.0025687404073225124,85.39427108997027
1773306654173,2.75,24.700000000000003,356.6000000000001,-0.6666666666666669,4.366666666666667,8.816666666666666,0.32841278758359965,-0.14282611045486932,0.34121186876489146,4,22.6875,74.5625,-0.4000000059604645,3.609999895095825,9.09000015258789,-0.25852689146995544,-0.3348850607872009,-0.23671028017997742,-0.004512145461096765,-0.00584484692647801,-0.0041313737624588814,-0.77984619140625,0.13458251953125,0.14764404296875,-0.59320068359375,0.9999791754103998,1.25,-2.012500000000003,-282.0375000000001,0.2666666607062024,-0.756666771570842,0.2733334859212242,-0.3329249330446964,0.1369812635283913,-0.3453432425273503,-0.9763004427600548,-0.21442263760433575,0.02384133138051367,-0.017087096515355886,83.48186424435161
1773306654273,4.316666666666667,26.21666666666667,356.0333333333333,-1.0000000000000002,4.516666666666667,8.816666666666668,0.15707963267948968,0.04770566622117835,0.2420189896098804,6.1875,24.5,73.875,-1.2699999809265137,4.300000190734863,8.729999542236328,-0.3217950761318207,-0.3348850607872009,-0.09053895622491837,-0.005616383595206089,-0.00584484692647801,-0.0015802028874438412,-0.77984619140625,0.13568115234375,0.1734619140625,-0.5859375,0.9999906234003585,1.8708333333333327,-1.7166666666666686,-282.1583333333333,-0.26999998092651345,-0.21666647593180333,-0.08666712443034008,-0.16269601627469576,-0.05355051314765635,-0.24359919249732426,-0.9729646096021516,-0.22776574560657392,0.02514691103513758,-0.028814344611758996,82.9742391499094
1773306654373,4.583333333333333,27.383333333333336,356.5,-0.8500000000000001,4.716666666666668,9.383333333333335,-0.504691042035027,0.22689280275926285,0.09104800931237088,7.125,25.875,74.0625,-1.2400000095367432,4.309999942779541,8.819999694824219,-0.3174317479133606,-0.25961771607398987,0.09599310904741287,-0.005540229151448782,-0.00453118394199893,0.0016753958121033122,-0.7767333984375,0.139404296875,0.18511962890625,-0.58563232421875,0.9999914131689952,2.541666666666667,-1.5083333333333364,-282.4375,-0.3900000095367431,-0.40666672388712666,-0.5633336385091159,0.4991508128835782,-0.23142398670126177,-0.08937261350026757,-0.9706427486688632,-0.23758365024543177,0.0201867318304981,-0.031609483555002656,84.01470469058168
1773306654473,1.0833333333333335,28.566666666666666,357.75,-0.23333333333333336,4.9,8.933333333333334,-0.43982297150257105,0.11693705988362008,0.4217879025652963,5.1875,26.5,74.75,-0.9100000262260437,4.010000228881836,9.8100004196167,-0.0665406808257103,0.7101308107376099,0.21271200478076935,-0.0011613539669273038,0.012394120767227994,0.003712524841942344,-0.772705078125,0.153564453125,0.17620849609375,-0.5902099609375,1.000026205211248,4.104166666666666,-2.0666666666666664,-283,-0.6766666928927103,-0.8899997711181644,0.8766670862833656,0.43866161753564376,-0.10454293911639208,-0.41807537772335396,-0.9689032344914911,-0.24683842075240853,0.016693969943635385,-0.004315970331769609,88.50692217511958
1773306654573,-2.483333333333333,30.816666666666666,358.61666666666673,0.16666666666666666,5.316666666666667,8.000000000000002,-0.6402449472732533,0.25161830049584916,0.3691371367968007,2.75,28.4375,74.8125,-0.7300000190734863,4.619999885559082,8.979999542236328,-0.48978301882743835,0.3283400535583496,0.047996554523706436,-0.008548326298896175,0.005730615000767724,0.0008376979060516561,-0.77001953125,0.1798095703125,0.169189453125,-0.58837890625,1.0000381834965695,5.2333333333333325,-2.3791666666666664,-283.80416666666673,-0.896666685740153,-0.6966667811075853,0.9799995422363263,0.6316966209743572,-0.24588768549508144,-0.36829943889074906,-0.9636906690557243,-0.2653624108423376,0.017392024379744922,0.0240957003394187,93.82553023050053
1773306654673,-5.783333333333334,32.983333333333334,120.20000000000003,0.7999999999999999,5.316666666666667,7.516666666666667,-0.15998851476614692,0.15446163880149816,0.35895604949350046,-1.5625,31.125,74.8125,0.11999999731779099,5.050000190734863,8.119999885559082,-0.4832380414009094,0.4559672772884369,0.33597588539123535,-0.008434094893334541,0.007958130270037186,0.005863885407380174,-0.76409912109375,0.225341796875,0.1507568359375,-0.58538818359375,1.0000166705351323,4.220833333333334,-1.8583333333333343,-45.38750000000003,-0.680000002682209,-0.26666647593180404,0.6033332188924154,0.15155441987281237,-0.14650350853146096,-0.35309216408612026,0.48978658366263883,0.183262270691014,0.8230363235438265,0.22166473046634272,140.4130935164029
1773306654773,-7.466666666666666,34.449999999999996,1.3166666666666667,1.2333333333333334,5.366666666666667,7.8999999999999995,-0.39269908169872414,0.10151998482433683,0.07708537529641622,-3,33.4375,75.5,0.07000000029802322,5.440000057220459,8.0600004196167,-0.2552543878555298,0.142898827791214,0.18216873705387115,-0.0044550294982416225,0.0024940550421970603,0.0031794442557898464,-0.757080078125,0.24432373046875,0.15386962890625,-0.58599853515625,0.9999672373977762,4.466666666666666,-1.0124999999999957,74.18333333333334,-1.1633333330353102,0.07333339055379184,0.16000041961669975,0.3882440522004825,-0.09902592978213977,-0.07390593104062637,0.9532809534629478,0.296191511492171,-0.008329047964314688,-0.05879319046253984,103.92570237011631
1773306654873,-10.700000000000001,34.61666666666667,2.016666666666667,1.4833333333333336,5.633333333333334,7.733333333333333,-0.7030768003450492,0.14224433403753786,-0.05817764173314432,-5.125,34,75.5,0.7099999785423279,5.230000019073486,8.1899995803833,-0.0970839411020279,0.44287729263305664,0.08835729211568832,-0.001694434423042639,0.007729666938765266,0.0015421256655651877,-0.75543212890625,0.25946044921875,0.1416015625,-0.58477783203125,1.0000067706921962,5.575000000000001,-0.6166666666666671,73.48333333333333,-0.7733333547910057,-0.4033333142598474,0.4566662470499674,0.7013823659220065,-0.1345146670987726,0.0597197673987095,0.9508994786769216,0.2977383213051951,-0.01100796667909844,-0.08379079990019846,107.16731510516804
1773306654973,-14.583333333333334,34.166666666666664,2.533333333333333,2.0833333333333335,5.566666666666667,7.550000000000001,-0.6344271830999388,0.15678874447082392,-0.23387411976724012,-8.25,34.125,75,1.350000023841858,5.5,7.75,0.09599310904741287,0.7690356969833374,0.1690787672996521,0.0016753958121033122,0.013422204977728662,0.002950981184592251,-0.7568359375,0.27728271484375,0.1171875,-0.58013916015625,0.9999903477262535,6.333333333333334,-0.0416666666666643,72.46666666666667,-0.7333333094914756,-0.06666666666666732,0.1999999999999993,0.6361025789120421,-0.14336653949309525,0.23682510095183237,0.9487407421965326,0.29399727254573166,-0.016315815342449372,-0.11484947540913894,110.24775140842097
1773306655073,-17.71666666666667,33.03333333333333,2.716666666666667,2.783333333333333,5.1499999999999995,7.633333333333333,-0.4977097250270497,0.1413716694115407,-0.35779249665883756,-11.875,33.3125,74.5,1.8200000524520874,5.260000228881836,8.069999694824219,0.27379852533340454,0.5792311429977417,0.18107791244983673,0.004778685754173014,0.010109490575400691,0.0031604057748876825,-0.75897216796875,0.2900390625,0.08428955078125,-0.57684326171875,1.0000071432186346,5.841666666666669,0.27916666666666856,71.78333333333333,-0.9633332808812458,0.11000022888183647,0.4366663614908859,0.5024884107812227,-0.13126217883614,0.36095290243372524,0.9480729605281809,0.2843240538434752,-0.021310764389316297,-0.14093738057196206,112.22094302237521
1773306655173,-20.2,31.099999999999998,2.6833333333333336,3.1999999999999997,4.7666666666666675,7.75,-0.4392411950852396,0.0727220521664304,-0.42702389032127924,-15.5,31.3125,74.1875,2.609999895095825,4.809999942779541,7.849999904632568,0.2628902196884155,0.3545199930667877,0.0872664600610733,0.004588299904854072,0.006187541143162915,0.001523087054625861,-0.76177978515625,0.29400634765625,0.04620361328125,-0.575439453125,1.0000067557911358,4.699999999999999,0.21250000000000213,71.50416666666666,-0.5900001049041745,0.04333327611287352,0.09999990463256836,0.4438294949900937,-0.06653451102326749,0.4285469773759051,0.9493080229344505,0.26780827305677607,-0.02479152779321843,-0.16272180746387396,113.00023986747631
1773306655273,-22.266666666666666,28.733333333333338,1.916666666666667,3.4333333333333336,4.5166666666666675,7.900000000000001,-0.3496476268161973,0.001454441043328608,-0.40433461004535304,-17.875,29.25,73.5,3.2300000190734863,4.349999904632568,8.09000015258789,0.36760997772216797,0.36215582489967346,0.04036073759198189,0.0064160044744348355,0.006320811549775365,0.0007044277595135317,-0.7666015625,0.291259765625,0.016845703125,-0.57208251953125,1.0000361961281052,4.391666666666666,0.5166666666666622,71.58333333333333,-0.20333331425984724,-0.16666676203409914,0.19000015258788938,0.3560636312906322,0.004866370506446757,0.40503903780486655,0.9511650813363945,0.2465512156064936,-0.032007380883627076,-0.1829563163661228,112.82260044524072
1773306655373,-24.133333333333336,26.350000000000005,0.9333333333333332,3.8333333333333335,4.1000000000000005,7.816666666666667,-0.3822271061867582,0.008726646259971644,-0.5006186071137069,-19.3125,27.625,72.625,3.119999885559082,4.380000114440918,8.039999961853027,0.45923975110054016,0.482147216796875,0.08617562800645828,0.008015245712743679,0.008415056412432377,0.0015040484436865344,-0.77215576171875,0.28643798828125,-0.00396728515625,-0.56719970703125,1.0000012442461856,4.820833333333336,1.274999999999995,71.69166666666666,-0.7133334477742515,0.28000011444091744,0.22333329518636003,0.3902423518995019,-0.0003115898475392672,0.5021226555573934,0.9525215423498024,0.22454047733850252,-0.03989111074984092,-0.2017250224421725,112.35782184849525
1773306655473,-25.350000000000005,24.05,239.5333333333333,3.966666666666667,3.7500000000000004,7.900000000000001,-0.1372992344902206,-0.11751883630095154,-0.5634504601855028,-21.5,25.1875,71.6875,3.559999942779541,3.930000066757202,8.039999961853027,0.46360307931900024,0.3436116874217987,-0.014180799946188927,0.008091400156500986,0.005997155293843973,-0.0002475016496276315,-0.7779541015625,0.279296875,-0.0343017578125,-0.561767578125,0.9999893754156279,3.850000000000005,1.1374999999999993,-167.8458333333333,-0.40666672388712577,0.1800000667572017,0.1399999618530261,0.14539063464672158,0.12351599159479551,0.5632029585358752,-0.434059617845166,0.08537650027376936,0.8510120180134038,0.28298700774746843,160.0335643798125
1773306655573,-25.5,21.583333333333332,357.48333333333335,3.983333333333334,3.4166666666666665,8.35,-0.0645771823237902,-0.06661339978445024,-0.4569853758138486,-22,22.6875,70.3125,3.2799999713897705,3.5899999141693115,8.199999809265137,0.5737769603729248,0.11453723162412643,-0.05890486016869545,0.01001429713059257,0.0019990518079603787,-0.001028083755370598,-0.7874755859375,0.26422119140625,-0.05206298828125,-0.55438232421875,0.999990476250001,3.5,1.1041666666666679,-287.17083333333335,-0.7033333619435633,0.173333247502645,-0.15000019073486293,0.07459147945438277,0.06861245159241063,0.455957292058478,-0.9569543815016256,-0.17781667241286042,0.062353081172415614,0.22075243148188645,108.9627249545055
1773306655674,-25.01666666666667,19.733333333333338,356.11666666666673,3.9166666666666665,3.1500000000000004,8.266666666666667,0.2010037521880136,-0.03403392041388943,-0.2007128639793479,-22.3125,19.5625,69,3.609999895095825,3.059999942779541,8.5600004196167,0.2814343273639679,-0.0359974168241024,-0.07744898647069931,0.0049119556406368135,-0.0006282734457933874,-0.0013517398162462457,-0.79736328125,0.243408203125,-0.0714111328125,-0.547607421875,1.000004596997662,2.7041666666666693,-0.17083333333333783,-287.11666666666673,-0.3066667715708413,-0.09000005722045934,0.2933337529500317,-0.1960917965473768,0.033405646968096045,0.19936112416310164,-0.9600150800183291,-0.15996301325596554,0.06967977781378558,0.21892375177512055,106.01875820649214
1773306655773,-23.333333333333332,18.666666666666668,355.4166666666667,3.766666666666667,2.8333333333333335,8.316666666666668,0.5148721293383273,-0.0727220521664304,-0.27314402793711257,-21.1875,18.375,68.75,3.319999933242798,2.9600000381469727,8.380000114440918,0.25961771607398987,-0.23671028017997742,-0.055632367730140686,0.00453118394199893,-0.0041313737624588814,-0.0009709679875711992,-0.80145263671875,0.23016357421875,-0.0682373046875,-0.54779052734375,1.0000161955684244,2.145833333333332,-0.29166666666666785,-286.6666666666667,-0.4466667334238692,0.12666670481363917,0.06333344777424976,-0.5103409453963283,0.06859067840397153,0.2721730599495414,-0.9642914007448482,-0.15072148117159515,0.07141094334913674,0.20573188069175238,103.28410389852556
1773306655873,-20.11666666666667,17.400000000000002,354.3333333333333,3.3166666666666664,2.4000000000000004,8.483333333333333,0.7030768003450492,-0.24580053632253476,-0.3007784077603561,-18.4375,16.75,68.625,3.0199999809265137,2.4700000286102295,8.739999771118164,0.19307704269886017,-0.6414085030555725,-0.1690787672996521,0.0033698301051087883,-0.01119469022860785,-0.002950981184592251,-0.80694580078125,0.20745849609375,-0.0550537109375,-0.55023193359375,0.9999933223948448,1.6791666666666707,-0.6500000000000021,-285.7083333333333,-0.29666668574015276,0.07000002861022914,0.25666643778483156,-0.6997069702399403,0.2346058460939269,0.29782742657576383,-0.9708055124346514,-0.14022014345542125,0.07449661620341871,0.1797921649296083,98.7253252599983
1773306655973,-15.500000000000002,16.483333333333334,352.3,2.3,2.85,9.966666666666667,0.7539822368615505,-0.36681003112747496,-0.19693131726669352,-15.0625,15.0625,67.8125,3.200000047683716,1.8899999856948853,9.300000190734863,0.22907446324825287,-1.075559139251709,-0.35670167207717896,0.003998103615920757,-0.0187720482798585,-0.0062256186251158935,-0.8160400390625,0.1800537109375,-0.03900146484375,-0.5478515625,1.0000015664833435,0.4375000000000018,-1.4208333333333343,-284.4875,0.900000047683716,-0.9600000143051148,-0.6666664759318035,-0.7499841332456297,0.34803798284761644,0.19070569864157763,-0.9771214869854652,-0.13275777138331118,0.0851312747758609,0.14269421804574536,92.4272954984298
1773306656073,-10.116666666666667,16.666666666666668,350.20000000000005,1.1500000000000001,2.85,8.533333333333335,0.7310020683769584,-0.12857258823024895,0.08639379797371932,-10.1875,13.875,66.125,1.8700000047683716,2.119999885559082,12.84000015258789,0.007635815534740686,-0.8573929667472839,-0.3130684196949005,0.00013327012215615645,-0.014964330253182362,-0.005464074707691475,-0.82867431640625,0.1490478515625,-0.01019287109375,-0.5394287109375,1.0000018067641625,-0.07083333333333286,-2.791666666666668,-284.07500000000005,0.7200000047683714,-0.7300001144409181,4.306666819254556,-0.7308687982548022,0.11360825797706658,-0.0918578726814108,-0.9808946620407749,-0.13638810735227408,0.09691784212852547,0.09925158955870056,84.8795886769869
1773306656173,-6.516666666666667,16.966666666666665,349.90000000000003,0.9500000000000002,2.733333333333334,9.65,0.5044001538263613,-0.028797932657906443,0.13497212882089482,-4.75,14.5625,66,0.7599999904632568,2.3299999237060547,9.729999542236328,-0.04363323003053665,-0.5530511736869812,0.010908307507634163,-0.0007615435273129305,-0.009652563912856849,0.00019038588182823261,-0.83111572265625,0.12939453125,0.03363037109375,-0.53973388671875,0.9999699792975085,1.7666666666666666,-2.404166666666665,-283.90000000000003,-0.19000000953674334,-0.40333340962727915,0.07999954223632777,-0.5051616973536742,0.019145368745049594,-0.13478174293906658,-0.9828887817538075,-0.14176308813601243,0.09527350292938382,0.06896252014117815,80.26896169851275
1773306656274,-4.1499999999999995,17.46666666666667,349.81666666666666,0.6666666666666666,2.8000000000000007,9.4,0.294669755378376,-0.0552687596464871,0,-2.3125,15.25,66.25,0.07999999821186066,2.7699999809265137,9.229999542236328,-0.09490227699279785,-0.44833144545555115,-0.003272492438554764,-0.0016563572011639854,-0.007824859863424736,-0.00005711576779939885,-0.82989501953125,0.12237548828125,0.05548095703125,-0.54150390625,1.0000030603212975,1.8374999999999995,-2.2166666666666686,-283.56666666666666,-0.586666668454806,-0.03000001907348704,-0.17000045776367223,-0.29632611257953995,0.04744389978306236,-0.00005711576779939885,-0.9833719913747886,-0.1479614099781097,0.0931388514910487,0.049113155872952105,78.10642872818894
1773306656373,-2.6,17.1,349.50000000000006,0.3333333333333333,2.816666666666667,9.166666666666666,0.40055306333269863,-0.07126761112310179,-0.10151998482433683,-0.625,15.125,66.1875,0.3100000023841858,2.5999999046325684,9.100000381469727,0.09053895622491837,-0.25307273864746094,-0.10690141469240189,0.0015802028874438412,-0.004416952536437295,-0.0018657816614222542,-0.83062744140625,0.11358642578125,0.0673828125,-0.54095458984375,1.0000080670836025,1.975,-1.9750000000000014,-283.31250000000006,-0.023333330949147524,-0.21666676203409851,-0.06666628519693951,-0.3989728604452548,0.06685065858666449,0.09965420316291457,-0.9841759526381723,-0.14595777898356288,0.0938202565882368,0.03594134745177194,76.04220130901777
1773306656473,-0.5666666666666668,16.150000000000002,349.09999999999997,-0.31666666666666665,2.6833333333333336,9.8,0.09395689139902808,-0.023561944901923454,-0.19227710592804198,1.4375,14.5625,66.1875,-0.3400000035762787,2.6500000953674316,9.399999618530273,0.20834867656230927,-0.24870941042900085,-0.0512690469622612,0.0036363703981850373,-0.004340798092679988,-0.000894813673851055,-0.83123779296875,0.09918212890625,0.0799560546875,-0.5411376953125,1.0000081695282539,2.004166666666667,-1.5875000000000021,-282.91249999999997,-0.023333336909612035,-0.03333323796590193,-0.4000003814697273,-0.09032052100084303,0.019221146809243465,0.19138229225419093,-0.9855312996275867,-0.13936752033824723,0.09472571721229442,0.018215109874624057,73.14470056195681
1773306656573,-0.6166666666666667,15.383333333333333,349.1333333333334,-0.75,2.8833333333333333,10.483333333333334,-0.2216568150032799,0.16667894356545848,0.020071286397934783,2.0625,13.5,66.125,-1.1399999856948853,2.2899999618530273,10.199999809265137,0.14071716368198395,-0.007635815534740686,0.02508910745382309,0.0024559778203184068,-0.00013327012215615645,0.0004378875314558641,-0.832275390625,0.0885009765625,0.07965087890625,-0.54144287109375,1.000009696883632,2.6791666666666667,-1.8833333333333329,-283.0083333333334,-0.38999998569488525,-0.593333371480306,-0.28333352406819756,0.2241127928235983,-0.16681221368761465,-0.01963339886647892,-0.9864676628412298,-0.13273380864352277,0.09455122144790518,0.017982011407401237,72.38055042745275
1773306656676,-2.1833333333333336,15.616666666666667,350.4166666666667,0.6833333333333332,2.0833333333333335,11.783333333333337,-0.472402450873132,0.1832595714594046,0.3272492347489368,0.3125,13.5625,67.1875,-0.5799999833106995,2.4200000762939453,10.989999771118164,-0.09272061288356781,0.34579336643218994,0.23889194428920746,-0.001618279979285332,0.006035232775796952,0.004169450984337535,-0.82733154296875,0.0970458984375,0.06805419921875,-0.549072265625,1.0000035576459065,2.4958333333333336,-2.054166666666667,-283.2291666666667,-1.2633333166440326,0.33666674296061183,-0.7933335622151727,0.47078417089384667,-0.17722433868360765,-0.3230797837645993,-0.9868701036251609,-0.13378355421080107,0.08532273312674846,0.03015610063273283,75.11644705720198
1773306656790,-5.366666666666667,18.066666666666666,351.1666666666667,1.1714285714285715,3.0142857142857147,8,-0.5540173711330572,-0.11793439088475971,0.5774546496598383,-2.8125,16,67.375,0.7300000190734863,2.9000000953674316,8.619999885559082,-0.6457718014717102,0.8759371042251587,-0.1996220350265503,-0.011270844152216507,0.015287986509113753,-0.003484061770744749,-0.82427978515625,0.13458251953125,0.0548095703125,-0.5472412109375,1.0000133252746162,2.554166666666667,-2.0666666666666664,-283.7916666666667,-0.44142855235508516,-0.11428561891828304,0.619999885559082,0.5427465269808407,0.13322237739387346,-0.5809387114305831,-0.9830186824530776,-0.15281062187447125,0.08329922395409109,0.05817579461596717,80.63934806153898
1773306656890,-8.65,20.96666666666667,350.48333333333335,1.2,3.3166666666666678,5.6000000000000005,-0.2004219757706822,-0.1829686832507389,-0.2210750385859484,-5.1875,19.4375,66.375,0.8100000023841858,3.5899999141693115,5.920000076293945,-0.27488934993743896,0.4614214301109314,-0.20071285963058472,-0.004797724235075179,0.008053323194696657,-0.003503100251646913,-0.82421875,0.16632080078125,0.053466796875,-0.53863525390625,0.9999928958461664,3.4625000000000004,-1.5291666666666686,-284.10833333333335,-0.38999999761581416,0.27333324750264376,0.3200000762939448,0.195624251535607,0.19102200644543554,0.2175719383343015,-0.9759901196788588,-0.17465466297046991,0.0950104219082973,0.08894973142582126,85.79895696608439
1773306656990,-7.966666666666668,19.183333333333334,349.5833333333333,1.1333333333333335,2.766666666666667,7.733333333333334,0.3618649315801577,0.0322885911618951,-0.7467100316449073,-5.875,18.375,65.0625,0.41999998688697815,3.6500000953674316,6.150000095367432,0.36106500029563904,-0.4090615510940552,-0.09599310904741287,0.006301773068873201,-0.0071394709099062755,-0.0016753958121033122,-0.831298828125,0.162109375,0.04168701171875,-0.530029296875,1.0000030267937867,2.0916666666666677,-0.8083333333333336,-284.5208333333333,-0.7133333464463554,0.8833334287007646,-1.5833332379659026,-0.3555631585112845,-0.03942806207180138,0.745034635832804,-0.9785263778042044,-0.15931870562089248,0.10081921059303214,0.08330164917974184,83.22187913945625
1773306657090,-5.783333333333334,15.050000000000002,349.2833333333333,0.6833333333333335,2.3833333333333333,10.4,0.4564035993965172,0.005817764173314426,-0.5614142427248427,-4.3125,14.3125,65.5,0.8100000023841858,2.0899999141693115,9.670000076293945,0.9282969832420349,-0.26398104429244995,-0.0359974168241024,0.016201838793904133,-0.004607338385756237,-0.0006282734457933874,-0.83404541015625,0.12567138671875,0.035400390625,-0.5360107421875,0.9999928734942655,1.470833333333334,-0.7375000000000025,-283.7833333333333,0.12666666905085233,-0.2933334191640218,-0.729999923706055,-0.44020176060261307,-0.010425102559070663,0.5607859692790493,-0.9851818246347435,-0.12555003802820267,0.09903986782166088,0.06200858764995751,78.17624824879206
1773306657190,-3.5833333333333335,12.233333333333334,349.0333333333333,0.06666666666666667,2.35,11.833333333333334,0.18558667712873034,0.04043346100453531,-0.19664042905802778,-1.5625,10.1875,65.875,0.11999999731779099,1.5800000429153442,12.039999961853027,0.5574145317077637,-0.246527761220932,0.10690141469240189,0.009728718876762807,-0.004302721130875659,0.0018657816614222542,-0.83599853515625,0.08245849609375,0.03680419921875,-0.54132080078125,1.0000378556834866,2.0208333333333335,-2.0458333333333343,-283.1583333333333,0.05333333065112432,-0.7699999570846559,0.20666662851969342,-0.17585795825196754,-0.044736182135410966,0.19850621071945004,-0.9889548658103029,-0.10304327733881846,0.09828193327947538,0.04112198896271714,73.81138037073123
1773306657290,-3,11.933333333333332,349.2166666666667,0.5,1.9333333333333336,12.033333333333333,-0.14282611045486932,0.017453292519943295,0.38455421185608407,-0.75,9.4375,66.1875,0.07999999821186066,1.2599999904632568,12.390000343322754,0.06763150542974472,0.0512690469622612,0.11671889573335648,0.001180392447829468,0.000894813673851055,0.002037129029839032,-0.83514404296875,0.07305908203125,0.03936767578125,-0.54376220703125,1.0000151767175096,2.25,-2.495833333333332,-283.0291666666667,-0.42000000178813934,-0.6733333428700767,0.3566670099894207,0.14400650290269879,-0.01655847884609224,-0.382517082826245,-0.9895871557442564,-0.10100812855182578,0.09613149648110264,0.035684093609820604,73.07852397067792
1773306657390,-4.566666666666667,14.666666666666666,349.20000000000005,0.8833333333333334,2.1666666666666665,10.283333333333333,-0.5602506898901798,-0.18093246579007888,0.74583736701891,-1.5,11.625,66.125,0.4300000071525574,1.409999966621399,11.270000457763672,-0.5301437377929688,0.45923975110054016,-0.05235987901687622,-0.009252753733316802,0.008015245712743679,-0.0009138522847903816,-0.83380126953125,0.09246826171875,0.04388427734375,-0.54248046875,0.9999929126100916,3.0666666666666673,-3.041666666666666,-283.07500000000005,-0.45333332618077604,-0.7566667000452676,0.9866671244303387,0.550997936156863,0.18894771150282255,-0.7467512193037004,-0.9861560563783084,-0.12325556184544502,0.09832725133211949,0.05134248326694556,76.12779396882625
1773306657490,-7.233333333333333,18.666666666666668,348.5833333333333,1.0833333333333333,2.8000000000000007,6.966666666666668,-0.3508111796508603,-0.1210094948049402,0.5393067388662479,-4.25,16.0625,64.6875,0.41999998688697815,2.7300000190734863,8.220000267028809,-0.879209578037262,0.5246896147727966,-0.20071285963058472,-0.015345101951820246,0.00915756132880598,-0.003503100251646913,-0.8360595703125,0.13848876953125,0.0428466796875,-0.52911376953125,0.9999859816343496,2.9833333333333334,-2.604166666666668,-283.8958333333333,-0.6633333464463551,-0.06999998092651438,1.253333600362141,0.33546607769904,0.13016705613374618,-0.5428098391178948,-0.9788952728219783,-0.15486107330237092,0.10813183469500837,0.0780358837196957,81.01667160446237
1773306657590,-8.466666666666667,20.75,348.1666666666667,0.9833333333333334,3.15,5.633333333333333,0.09308422677303091,-0.024143721319254897,-0.27518024539777264,-5.8125,19.125,63.875,1.0299999713897705,3.299999952316284,5.920000076293945,-0.3687008023262024,0.19307704269886017,-0.1439896672964096,-0.006435042955337,0.0033698301051087883,-0.0025130937831735495,-0.8359375,0.1678466796875,0.0439453125,-0.5206298828125,0.9999753382741238,2.654166666666667,-1.625,-284.2916666666667,0.046666638056437115,0.14999995231628427,0.28666674296061245,-0.09951926972836792,0.027513551424363684,0.2726671516145991,-0.974370353392591,-0.1711569524320747,0.11434299996210216,0.09073803184678698,83.92741849577497
1773306657690,-7.466666666666666,18.033333333333335,347.9000000000001,1.0833333333333333,2.5500000000000003,8.683333333333334,0.23271056693257727,0.10413797870232831,-0.8906996949344395,-5.0625,16.9375,63.8125,0.7799999713897705,2.5199999809265137,8.100000381469727,0.7766715288162231,-0.318522572517395,0.1592612862586975,0.013555475384341112,-0.0055592676323509465,0.0027796338161754732,-0.83892822265625,0.14837646484375,0.03961181640625,-0.52215576171875,1.0000159366649082,2.404166666666666,-1.095833333333335,-284.0875000000001,-0.30333336194356275,-0.030000019073486595,-0.583332951863607,-0.21915509154823615,-0.10969724633467925,0.893479328750615,-0.9789821933420494,-0.14874029401089828,0.11402077243188014,0.08043291310638559,80.76357364413444
1773306657806,-5.742857142857143,13.285714285714288,347.97142857142853,0.8428571428571429,2.342857142857143,10.742857142857144,0.348567184898296,0.11294773587906162,-0.5178641223417462,-3.75,11.9375,64.5,0.6899999976158142,1.9700000286102295,10.529999732971191,0.6086835861206055,-0.5061454772949219,0.15271630883216858,0.010623532680651025,-0.00883390507287459,0.002665402410613838,-0.8406982421875,0.10565185546875,0.02728271484375,-0.53033447265625,0.9999674236683764,1.9928571428571429,-1.3482142857142883,-283.47142857142853,-0.15285714524132865,-0.3728571142469135,-0.21285740988595236,-0.337943652217645,-0.12178164095193621,0.52052952475236,-0.9859718466816342,-0.10968546361844957,0.10970543435317169,0.061590050295448666,76.06785366021634
1773306657907,-3.8666666666666667,10.816666666666668,348.4166666666667,0.5166666666666667,1.9666666666666666,12.283333333333331,0.11635528346628864,0.05119632472516701,0.11315551317096573,-2.375,9.375,65.125,0.03999999910593033,1.6100000143051147,11.420000076293945,0.28361600637435913,-0.3730641305446625,0.11017391085624695,0.004950033122589792,-0.006511197399094307,0.0019228974942402343,-0.839599609375,0.078369140625,0.027099609375,-0.53680419921875,0.9999811815189897,1.4916666666666667,-1.4416666666666682,-283.2916666666667,-0.4766666675607364,-0.3566666523615518,-0.8633332570393861,-0.11140525034369884,-0.05770752212426132,-0.11123261567672549,-0.9895816951885986,-0.09032934563507528,0.10356872838306494,0.042920815065811066,73.06102648758797
1773306658007,-3.75,11.916666666666666,348.8,0.45,1.95,10.483333333333334,-0.11490084242296002,0.06254096486313014,0.24870941840919197,-1.9375,10,65.5,-0.36000001430511475,2.0899999141693115,10.170000076293945,-0.09053895622491837,0.1592612862586975,0.019634954631328583,-0.0015802028874438412,0.0027796338161754732,0.00034269460679639313,-0.837890625,0.08270263671875,0.0328369140625,-0.53857421875,1.0000204385963545,1.8125,-1.916666666666666,-283.3,-0.8100000143051147,0.13999991416931157,-0.31333325703938897,0.11332063953551617,-0.05976133104695467,-0.24836672380239558,-0.9889894207217479,-0.10007889069196735,0.10038395889127849,0.04251120011997896,73.58896759992905
1773306658107,-4.7666666666666675,13.75,349.0833333333333,0.9333333333333332,2.1333333333333333,10.483333333333334,-0.2996148549256933,-0.07243116395776467,0.5535602610908682,-2.5,11.5,65.8125,0.4300000071525574,1.3700000047683716,11.0600004196167,-0.23998276889324188,0.2977968156337738,0.01745329238474369,-0.004188489465239699,0.005197534934763877,0.00030461741742703036,-0.835205078125,0.0965576171875,0.03570556640625,-0.5401611328125,0.9999699159656702,2.2666666666666675,-2.25,-283.2708333333333,-0.5033333261807759,-0.7633333285649617,0.5766670862833649,0.2954263654604536,0.07762869889252855,-0.5532556436734412,-0.9869794846710016,-0.11513059579407973,0.09931151243148285,0.052475387080383344,75.92484788303969
1773306658207,-6.316666666666667,16.666666666666668,348.8833333333334,0.75,2.9500000000000006,8.216666666666667,-0.2606358349644866,-0.02530727415391778,0.5718862182368086,-4.25,15.125,65.125,0.7300000190734863,2.5,8.770000457763672,-0.6119560599327087,0.40687987208366394,-0.10362892597913742,-0.010680648123357516,0.007101393427953297,-0.0018086659586414365,-0.83489990234375,0.1314697265625,0.0390625,-0.53302001953125,0.9999891779731248,2.0666666666666673,-1.5416666666666679,-283.7583333333334,-0.019999980926513672,-0.4500000000000006,0.5533337910970051,0.2499551868411291,0.032408667581871074,-0.5736948841954501,-0.9825201544363769,-0.1387511537222777,0.1036384183579942,0.06827401927020628,79.34225212100664
1773306658307,-7.4,19.000000000000004,349.08000000000004,1.2,3.0333333333333337,6.75,-0.061086523819801536,0.03665191429188092,0.09395689139902808,-5.5,18.25,65,0.7599999904632568,3.0299999713897705,7.309999942779541,-0.3741549551486969,0.21707531809806824,0.08072147518396378,-0.006530235879996471,0.0037886790256253257,0.0014088555190270634,-0.83197021484375,0.15972900390625,0.0439453125,-0.529541015625,1.0000163352645384,1.9000000000000004,-0.7500000000000036,-284.08000000000004,-0.4400000095367431,-0.003333361943563151,0.559999942779541,0.05455628793980506,-0.0328632352662556,-0.09254803588000102,-0.9787507839772706,-0.1579002109082952,0.10425284323972837,0.07903019002524708,82.50657868289372
1773306658407,-7.140000000000001,18.32,349.38000000000005,1.4333333333333336,2.516666666666667,7.866666666666667,0.24870941840919192,0.05061454830783556,-0.525634993058959,-5.625,18.4375,65.125,1.0499999523162842,3.049999952316284,6.570000171661377,0.2105303406715393,-0.19307704269886017,0.06326818466186523,0.003674447620063691,-0.0033698301051087883,0.0011042381341093237,-0.8309326171875,0.16143798828125,0.0439453125,-0.5306396484375,1.000010432621061,1.5150000000000006,0.11749999999999972,-284.25500000000005,-0.3833333810170494,0.5333332856496171,-1.2966664950052902,-0.24503497078912823,-0.053984378412944345,0.5267392311930683,-0.9801860148620897,-0.15251218172780096,0.10105693822521353,0.07591380592452876,82.12292538758005
1773306658506,-5.733333333333334,15.366666666666667,349.15000000000003,0.8500000000000001,2.6666666666666665,9.85,0.3263765701229397,-0.024143721319254897,-0.5474516087088881,-4.375,15.25,65.5625,0.9100000262260437,2.4600000381469727,8.890000343322754,0.6021385788917542,-0.30434179306030273,-0.04472406208515167,0.01050930075494074,-0.0053117663403255124,-0.0007805821382522572,-0.8328857421875,0.1328125,0.03900146484375,-0.535888671875,1.0000178011412508,1.3583333333333343,-0.11666666666666714,-283.58750000000003,0.06000002622604361,-0.20666662851969386,-0.9599996566772457,-0.31586726936799897,0.018831954978929383,0.5466710265706358,-0.9847164067036169,-0.1282466880773363,0.10023319858007299,0.06196524242120707,78.6025233791688
1773306658607,-4.233333333333333,13.016666666666666,348.95000000000005,0.4666666666666666,2.3333333333333335,10.799999999999999,0.1978039818926907,0.01599885147661469,-0.24812764199186055,-2.625,12.125,65.625,-0.12999999523162842,2.4600000381469727,10.390000343322754,0.3796091079711914,-0.3752457797527313,-0.0021816615480929613,0.006625428804655942,-0.006549274360898635,-0.000038077177178378795,-0.83563232421875,0.101806640625,0.0377197265625,-0.5384521484375,0.9999997336417081,1.6083333333333334,-0.8916666666666657,-283.32500000000005,-0.596666661898295,0.12666670481363917,-0.40999965667724503,-0.19117855308803475,-0.022548125837513325,0.24808956481468217,-0.9878617724221646,-0.10921103243100644,0.09976129035953382,0.04743157100596662,75.14279048915535
1773306658706,-3.383333333333334,12,348.8833333333334,0.41666666666666674,2.1,10.833333333333336,0.02763437982324356,-0.04945099547317267,0.05817764173314432,-1.4375,10.6875,65.875,-0.28999999165534973,2.0299999713897705,10.569999694824219,0.030543262138962746,-0.18762288987636566,0.011999138630926609,0.0005330804886246258,-0.0032746371804493173,0.00020942447651291403,-0.83575439453125,0.08538818359375,0.03961181640625,-0.54095458984375,0.9999887570106768,1.9458333333333342,-1.3125,-283.0083333333334,-0.7066666583220165,-0.07000002861022958,-0.26333363850911695,-0.027101299334618936,0.04617635829272335,-0.057968217256631406,-0.989115458842731,-0.10114793687137434,0.09935779794246191,0.039341224345755745,73.61084417543796
1773306658807,-3.2000000000000006,12.866666666666667,348.6666666666667,0.35000000000000003,2.333333333333334,10.566666666666668,-0.04712388980384691,0.0014544410433286093,0.31735903565430224,-1.25,11.375,65.5625,-0.1899999976158142,2.140000104904175,10.4399995803833,-0.3599741458892822,-0.15598879754543304,-0.03490658476948738,-0.0062827340678223865,-0.002722518113394656,-0.0006092348348540607,-0.83660888671875,0.0894775390625,0.0445556640625,-0.53863525390625,1.0000169014992537,1.9500000000000006,-1.4916666666666671,-283.1041666666667,-0.5399999976158143,-0.19333322842915912,-0.12666708628336742,0.04084115573602452,-0.0041769591567232655,-0.31796827048915627,-0.9881524062794268,-0.10871639388996815,0.10119404621155156,0.03866953161177968,73.61567859893289
1773306658906,-3.683333333333333,15.149999999999999,348.81666666666666,0.7833333333333333,2.533333333333333,9.916666666666668,-0.2882702147877301,-0.06690428799311597,0.5174901232163187,-1.5625,13,65.5625,0.07999999821186066,2.049999952316284,10.449999809265137,-0.5268712639808655,0.03163409233093262,0.013089969754219055,-0.00919563829061031,0.0005521190670546618,0.0002284630711975954,-0.8353271484375,0.10308837890625,0.04962158203125,-0.53765869140625,0.9999689138319295,2.120833333333333,-2.1499999999999986,-283.25416666666666,-0.7033333351214727,-0.48333338101704904,0.5333331425984689,0.27907457649711975,0.06745640706017063,-0.5172616601451211,-0.9856338625870974,-0.12802473414003615,0.1007542745623828,0.044543602542004006,75.40830829926915
1773306659007,-5.533333333333334,17.666666666666668,348.4666666666667,0.7000000000000002,3.0333333333333337,8.7,-0.3001966313430247,-0.023561944901923457,0.40927970959267035,-3.125,15.9375,64.875,0.10000000149011612,2.9800000190734863,8.920000076293945,-0.3948807418346405,0.5650503635406494,-0.18871372938156128,-0.006891969097732191,0.009861989283375255,-0.0032936759214258066,-0.83563232421875,0.13226318359375,0.05072021484375,-0.53070068359375,0.9999953433762848,2.408333333333334,-1.7291666666666679,-283.5916666666667,-0.5999999985098841,-0.05333331425984733,0.22000007629394602,0.2933046622452925,0.03342393418529871,-0.41257338551409617,-0.9812478520548723,-0.14781314051449324,0.10654467462393014,0.06286621221469703,78.8506374593721
1773306659107,-6.900000000000001,19.61666666666667,348.54999999999995,1.3500000000000003,2.8333333333333335,7.333333333333333,-0.1538798623841667,-0.05730497710714715,0.13526301702956053,-4.5625,18.125,64.5625,0.7400000095367432,2.8499999046325684,8.140000343322754,-0.4156065285205841,0.22362031042575836,-0.018544122576713562,-0.00725370231546791,0.003902910691261286,-0.0003236559958570664,-0.83441162109375,0.15484619140625,0.0498046875,-0.526611328125,1.0000100470574633,2.3375000000000012,-1.4916666666666707,-283.98749999999995,-0.6099999904632571,0.016666571299234878,0.8066670099894209,0.1466261600686988,0.06120788779840844,-0.1355866730254176,-0.9776686511196833,-0.16328073625535083,0.10831795388462569,0.07596466712872442,81.79438134314572
1773306659207,-7,19.583333333333332,348.25,0.8500000000000001,2.9333333333333336,6.933333333333334,0.24812764199186052,0.04596033696918401,-0.4732751154991291,-5.125,18.9375,64.0625,0.3499999940395355,3.440000057220459,6.230000019073486,0.16035212576389313,-0.1483529806137085,-0.055632367730140686,0.0027986725571519625,-0.0025892479668565313,-0.0009709679875711992,-0.83544921875,0.16375732421875,0.04833984375,-0.52239990234375,1.0000151282894696,1.875,-0.6458333333333321,-284.1875,-0.5000000059604646,0.5066667238871254,-0.7033333142598472,-0.24532896943470855,-0.04854958493604054,0.4723041475115579,-0.9773656398529575,-0.16269956576292496,0.11100703460979508,0.07721849262006097,81.96267302167391
1773306659307,-5.466666666666669,16.25,348.28333333333336,0.9333333333333336,2.4333333333333336,9.9,0.3255039054969425,0.07912159275707628,-0.6658431096358367,-3.9375,15.625,64.625,0.4000000059604645,2.490000009536743,8.75,0.7919431328773499,-0.27925267815589905,0.1178097203373909,0.01382201515726871,-0.004873878678832486,0.002056167510741196,-0.83697509765625,0.13360595703125,0.0430908203125,-0.52899169921875,1.0000334506847608,1.5291666666666686,-0.625,-283.65833333333336,-0.5333333273728691,0.056666676203409594,-1.1500000000000004,-0.3116818903396738,-0.08399547143590877,0.6678992771465779,-0.9829834890417142,-0.13561653217611933,0.10763425863051089,0.061371677840533545,78.06543675217861
1773306659406,-3.866666666666667,13.066666666666668,348.31666666666666,0.6333333333333334,2.3333333333333335,11.016666666666667,0.24521875990520328,-0.010471975511965976,-0.31677725923697087,-2.5,12.25,65.125,0.6000000238418579,2.0899999141693115,10.59000015258789,0.6021385788917542,-0.2148936688899994,0.0665406808257103,0.01050930075494074,-0.0037506020638209975,0.0011613539669273038,-0.83782958984375,0.10198974609375,0.03887939453125,-0.534912109375,1.0000014509995185,1.3666666666666671,-0.8166666666666682,-283.19166666666666,-0.033333309491475505,-0.24333341916402196,-0.42666651407877687,-0.23470945915026253,0.006721373448144979,0.31793861320389816,-0.9873932088775561,-0.1097145203136926,0.10487989295616908,0.04491751493929661,74.47609891435525
1773306659507,-2.725,11.825000000000001,348.20000000000005,0.2166666666666667,2.366666666666667,11.316666666666665,0.06952228187110746,-0.002036217460660051,0.05177810114249845,-1.1875,10.4375,65.25,-0.2199999988079071,2.2200000286102295,10.90999984741211,0.08290313929319382,-0.2727077007293701,0,0.0014469327409057167,-0.00475964727327085,0,-0.83880615234375,0.08270263671875,0.04046630859375,-0.53656005859375,0.9999848528549284,1.5375,-1.387500000000001,-282.95000000000005,-0.4366666654745738,-0.14666663805643765,-0.4066668192545553,-0.06807534913020175,-0.0027234298126107993,-0.05177810114249845,-0.9888798493724551,-0.1000037290735682,0.10465318289632591,0.03411171332781773,72.36515336942163
1773306659607,-2.8,12.920000000000002,348.32000000000005,0.45,2.15,10.9,-0.16057029118347832,0.021525727441263395,0.4613486989438345,-0.875,10.75,65.3125,-0.5199999809265137,1.9800000190734863,11.1899995803833,-0.3065234422683716,-0.08290313929319382,0.028361599892377853,-0.00534984330212984,-0.0014469327409057167,0.000495003299255263,-0.8385009765625,0.0831298828125,0.04412841796875,-0.5367431640625,1.0000175031232876,1.9249999999999998,-2.1700000000000017,-283.00750000000005,-0.9699999809265136,-0.16999998092651358,0.2899995803833004,0.15522044788134848,-0.022972660182169112,-0.46085369564457923,-0.987918740260857,-0.10942198734140783,0.10380918363711486,0.0355955716382526,72.8277928593687
1773306659707,-3.8333333333333335,15.633333333333335,348.5333333333333,0.8000000000000002,2.35,9.283333333333333,-0.33946653951289707,-0.011926416555294587,0.5032366009916983,-2,14.375,65.3125,-0.09000000357627869,2.450000047683716,9.069999694824219,-0.5890486240386963,0.32070425152778625,-0.008726646192371845,-0.010280837943817468,0.005597345114303925,-0.00015230870871351518,-0.8353271484375,0.1151123046875,0.05279541015625,-0.53497314453125,1.0000029541508433,1.8333333333333335,-1.2583333333333346,-283.2208333333333,-0.8900000035762788,0.10000004768371573,-0.21333363850911446,0.3291857015690796,0.01752376166959851,-0.5033889097004118,-0.9847465051997718,-0.13193755665504173,0.10344104995587117,0.046548370806727676,76.01001595867278
1773306659806,-5.6000000000000005,17.983333333333334,348.56666666666666,1.1333333333333335,2.8666666666666667,7.449999999999999,-0.2681989283897953,-0.09250245035569947,0.22631102634193143,-3.75,17.0625,64.875,0.5799999833106995,2.880000114440918,8.020000457763672,-0.4243331849575043,0.28361600637435913,-0.08290313929319382,-0.0074060112029825246,0.004950033122589792,-0.0014469327409057167,-0.83416748046875,0.1431884765625,0.05133056640625,-0.53009033203125,0.9999844561054233,1.8500000000000005,-0.9208333333333343,-283.69166666666666,-0.5533333500226341,0.013333447774251272,0.5700004577636726,0.2607929171868128,0.09745248347828926,-0.22775795908283714,-0.980865016647652,-0.15052176741885803,0.10586444759477939,0.06355891271377166,79.58007129038377
1773306659907,-6.733333333333334,18.383333333333336,348.0333333333333,1.1,2.8833333333333333,6.566666666666667,0.049741883681838385,-0.12246393584826878,-0.4852015320544236,-4.875,17.6875,64.1875,1.0299999713897705,3.319999933242798,6,0.257436066865921,0.22471113502979279,-0.10144726186990738,0.004493106980194601,0.00392194917216345,-0.0017705887367627832,-0.83648681640625,0.153076171875,0.04498291015625,-0.52423095703125,0.9999920334349637,1.8583333333333343,-0.6958333333333364,-283.8458333333333,-0.07000002861022958,0.43666659990946455,-0.5666666666666673,-0.04524877670164378,0.12638588502043224,0.48343094331766084,-0.9791094881275334,-0.15255031893014112,0.1120526775256147,0.07427790998872123,80.76043550578444
1773306660006,-5.633333333333334,14.700000000000003,346.8333333333333,1.0833333333333333,2.2833333333333337,10.333333333333334,0.08319402767839638,-0.12886347643891466,-0.724020751368981,-4,14.4375,63.5625,0.6600000262260437,2.0999999046325684,9.4399995803833,0.7613998651504517,-0.3327033817768097,0.015271631069481373,0.013288934571116212,-0.005806769444525031,0.0002665402443123129,-0.8428955078125,0.1253662109375,0.03594970703125,-0.52203369140625,1.0000005401669474,1.6333333333333337,-0.26250000000000284,-283.2708333333333,-0.42333330710728956,-0.1833334287007653,-0.8933337529500331,-0.06990509310728017,0.12305670699438963,0.7242872916132933,-0.9833324918402013,-0.12134550993004034,0.11981384640876999,0.06306441088200726,76.55504771463261
1773306660106,-4.800000000000001,11.799999999999999,345.75000000000006,0.55,2.266666666666667,10.483333333333334,0.19460421159736774,-0.107628637206317,-0.14428055149819793,-3.5625,10.875,62.8125,0.7200000286102295,1.6699999570846558,10.9399995803833,0.3959715664386749,-0.1647154539823532,-0.09926559776067734,0.006911007578634355,-0.0028748270009092696,-0.0017325115148841296,-0.849365234375,0.09735107421875,0.0224609375,-0.51824951171875,0.9999927915372915,1.2375000000000007,-0.9249999999999989,-282.93750000000006,0.17000002861022945,-0.5966667095820113,0.4566662470499665,-0.18769320401873338,0.10475381020540774,0.1425480399833138,-0.9856219419890543,-0.09674278349199446,0.1275404602325841,0.05407080834985975,73.24610840896356
1773306660207,-3.75,11.316666666666668,345.34999999999997,0.43333333333333335,1.8833333333333335,9.766666666666667,0.12479104151759458,0.00872664625997165,-0.04683300159518118,-2.25,9.9375,62.3125,-0.019999999552965164,1.7599999904632568,9.729999542236328,0.10144726186990738,-0.06763150542974472,-0.02508910745382309,0.0017705887367627832,-0.001180392447829468,-0.0004378875314558641,-0.8524169921875,0.084716796875,0.028076171875,-0.51519775390625,1.0000043306405948,1.5,-1.3791666666666682,-283.03749999999997,-0.4533333328862985,-0.12333334287007669,-0.03666712443033937,-0.1230204527808318,-0.009907038707801118,0.04639511406372532,-0.9860664458814898,-0.09358781613314243,0.13000788076021338,0.04485795267635676,71.19016079477672
1773306660307,-3.04,11.02,345.40000000000003,0.38333333333333336,1.75,9.666666666666666,0.11868238913561441,0.033743032205223705,-0.023271056693257734,-1.6875,9.625,62.5,0.6399999856948853,1.159999966621399,9.520000457763672,0.1636246144771576,0.06763150542974472,-0.015271631069481373,0.00285578825993278,0.001180392447829468,-0.0002665402443123129,-0.85205078125,0.07958984375,0.03057861328125,-0.5164794921875,1.0000055972330089,1.3525,-1.3949999999999996,-282.90000000000003,0.2566666523615519,-0.5900000333786011,-0.1466662089029942,-0.11582660087568163,-0.032562639757394235,0.02300451644894542,-0.9866403071724686,-0.09185274756975702,0.1289593543707091,0.03838569976948718,70.33433698225473
1773306660423,-2.4250000000000003,10.8,345.54999999999995,0.3714285714285715,1.885714285714286,9.671428571428573,0.006731984257692414,0.017453292519943295,-0.08826379360085611,-1.0625,9.4375,62.75,0.03999999910593033,1.559999942779541,9.800000190734863,0.17344209551811218,0.05672319978475571,-0.01636246219277382,0.003027135628349558,0.000990006598510526,-0.00028557883899699426,-0.85107421875,0.07550048828125,0.034912109375,-0.5184326171875,1.0000094417036887,1.3625000000000003,-1.3625000000000007,-282.79999999999995,-0.33142857232264117,-0.3257143429347449,0.12857161930629069,-0.003704848629342856,-0.016463285921432768,0.08797821476185912,-0.9871855288940128,-0.09069071363282287,0.12715549441442642,0.03273234246491535,69.67194884523887
1773306660524,-2.3000000000000007,10.375,345.75000000000006,0.3333333333333333,1.8333333333333333,9.516666666666667,0.022980168484592015,0.0779580399224134,-0.08581202155638787,-0.9375,9.0625,62.875,-0.009999999776482582,1.7699999809265137,9.430000305175781,0.14726215600967407,0.09162978827953339,0.04363323003053665,0.002570209485954367,0.0015992414983831678,0.0007615435273129305,-0.8507080078125,0.07196044921875,0.03424072265625,-0.51959228515625,1.0000154952249454,1.3625000000000007,-1.3125,-282.87500000000006,-0.3433333331098159,-0.06333335240681959,-0.08666636149088625,-0.020409958998637647,-0.07635879842403023,0.0865735650837008,-0.9877895644197556,-0.08721987606411871,0.1253021608025514,0.031045742719424924,69.38804674300444
1773306660623,-2.08,10.200000000000001,346.21999999999997,0.4333333333333333,1.7666666666666668,10.066666666666668,0.0014544410433286145,0.043924119508523964,0.04916010726450695,-0.75,8.75,63.3125,0.10000000149011612,1.4500000476837158,9.619999885559082,0.142898827791214,0.029452430084347725,0.05235987901687622,0.0024940550421970603,0.000514041877685299,0.0009138522847903816,-0.848876953125,0.0687255859375,0.0340576171875,-0.52301025390625,1.000007467316523,1.33,-1.450000000000001,-282.90749999999997,-0.3333333318432172,-0.316666618982951,-0.4466667811075862,0.0010396139988684459,-0.043410077630838664,-0.048246254979716574,-0.988491497283671,-0.0860690205112298,0.12107077406081765,0.028610333350698614,69.35804969380531
1773306660723,-2.2,10.250000000000002,346.4666666666667,0.6000000000000001,1.55,9.683333333333332,-0.009017534468637376,-0.004654211338651547,-0.014835298641951801,-0.75,8.875,63.6875,0.15000000596046448,1.4199999570846558,9.539999961853027,-0.004363323096185923,-0.08835729211568832,0.09053895622491837,-0.00007615435435675759,-0.0015421256655651877,0.0015802028874438412,-0.8470458984375,0.06964111328125,0.034912109375,-0.52581787109375,1.0000199636314362,1.4500000000000002,-1.3750000000000018,-282.7791666666667,-0.4499999940395356,-0.13000004291534428,-0.14333337148030445,0.008941380114280618,0.0031120856730863593,0.01641550152939564,-0.9886799245354964,-0.08643738072356233,0.11903653018663149,0.029510854194050178,69.81516295424737
1773306660823,-2.3750000000000004,10.025,346.3,0.26666666666666666,1.95,9.666666666666666,0.009017534468637371,-0.04421500771718969,-0.0020362174606600517,-0.8125,8.75,63.5625,0.1899999976158142,1.5800000429153442,9.420000076293945,0.021816615015268326,-0.011999138630926609,-0.046905722469091415,0.00038077176365646523,-0.00020942447651291403,-0.0008186592951123293,-0.8477783203125,0.06884765625,0.0340576171875,-0.52471923828125,0.9999791400194044,1.5625000000000004,-1.2750000000000004,-282.7375,-0.07666666905085245,-0.3699999570846557,-0.24666659037272076,-0.008636762704980906,0.04400558324067678,0.0012175581655477223,-0.9886363706182362,-0.08426841542231156,0.12058662079947852,0.030916463853051704,69.78490668544096
1773306660923,-2.3000000000000007,10.35,346.35,0.30000000000000004,1.7666666666666666,9.549999999999999,-0.023271056693257727,0.11111929571030565,0.010762863720631698,-0.875,8.6875,63.4375,0.12999999523162842,1.5499999523162842,9.479999542236328,0.03272492438554764,0.1025380939245224,0.10471975803375244,0.0005711576779939885,0.00178962734770211,0.0018277045695807633,-0.84820556640625,0.06890869140625,0.0330810546875,-0.52410888671875,0.9999927859493157,1.4250000000000007,-1.6624999999999996,-282.9125,-0.17000000476837163,-0.21666671435038243,-0.07000045776367081,0.023842214371251717,-0.10932966836260355,-0.008935159151050934,-0.9884521781462579,-0.08716549625813354,0.12012642381223189,0.03056321452458681,69.75837821201878
1773306661023,-2.5,10.3,346.84000000000003,0.7166666666666667,1.4500000000000002,9.683333333333334,-0.013380857598623194,-0.0075630934253087655,0.01774418072860902,-1.0625,8.8125,64.0625,0.47999998927116394,1.0499999523162842,9.9399995803833,0.04254240170121193,0.10362892597913742,0.10144726186990738,0.0007425049813921851,0.0018086659586414365,0.0017705887367627832,-0.84539794921875,0.07025146484375,0.03289794921875,-0.52850341796875,1.0000155492408163,1.4375,-1.4875000000000007,-282.77750000000003,-0.23666667739550273,-0.400000047683716,0.2566662470499672,0.01412336258001538,0.009371759383950202,-0.015973591991846236,-0.988942689049708,-0.0866612796199387,0.1160459239671275,0.03186728605298993,70.44117091338425
1773306661139,-2.7,10.25,346.77500000000003,0.21428571428571427,1.9714285714285715,9.671428571428574,0.011219973762820691,0.031415926535897934,0.0643278495735053,-1.0625,8.9375,63.9375,0.07999999821186066,1.559999942779541,9.720000267028809,-0.047996554523706436,0.02508910745382309,-0.020725784823298454,-0.0008376979060516561,0.0004378875314558641,-0.0003617331852264292,-0.84576416015625,0.07135009765625,0.03326416015625,-0.5277099609375,0.9999960791242742,1.6375000000000002,-1.3125,-282.83750000000003,-0.13428571607385362,-0.4114286286490305,0.04857169560023422,-0.012057671668872347,-0.03097803900444207,-0.06468958275873174,-0.9888594743987636,-0.08600786566979816,0.11675223598071974,0.03359318871779477,70.55559787346132
1773306661240,-2.62,10.56,347.12,0.5666666666666667,1.6666666666666667,9.583333333333334,-0.03345214399655799,0.04450589592585541,-0.00029088820866572185,-1,9.3125,64.1875,0,1.5800000429153442,9.729999542236328,0.010908307507634163,0.06981316953897476,0.1025380939245224,0.00019038588182823261,0.0012184696697081214,0.00178962734770211,-0.8443603515625,0.07391357421875,0.03582763671875,-0.52947998046875,1.0000201443043923,1.62,-1.2475000000000005,-282.9325,-0.5666666666666667,-0.0866666237513225,0.1466662089029942,0.03364252987838622,-0.04328742625614729,0.002080515556367832,-0.988978928913696,-0.08886506723328644,0.11374811336626267,0.032940016635669284,70.80144160643928
1773306661339,-2.8333333333333335,10.533333333333333,347.2666666666667,0.55,1.8,9.633333333333335,0.04799655442984406,-0.0026179938779914915,0.016871516102611853,-1.25,9.3125,64.4375,0.25999999046325684,1.649999976158142,9.680000305175781,-0.030543262138962746,-0.009817477315664291,0.019634954631328583,-0.0005330804886246258,-0.00017134730339819656,0.00034269460679639313,-0.84326171875,0.0748291015625,0.0340576171875,-0.53118896484375,1.0000056791889333,1.5833333333333335,-1.2208333333333332,-282.8291666666667,-0.2900000095367432,-0.15000002384185795,0.046666971842446614,-0.048529634918468685,0.002446646574593295,-0.01652882149581546,-0.9890827644260737,-0.08846730953617282,0.1126442178032736,0.03464246605245927,71.24533418930557
1773306661439,-2.7000000000000006,10.600000000000001,347.23333333333335,0.5333333333333333,1.7833333333333332,9.683333333333335,0.005526875964648709,-0.015126186850617522,0.03432480862255515,-1.125,9.3125,64.4375,0.07000000029802322,1.6299999952316284,10.079999923706055,-0.09162978827953339,-0.16035212576389313,0.039269909262657166,-0.0015992414983831678,-0.0027986725571519625,0.0006853892135927863,-0.84344482421875,0.074462890625,0.03485107421875,-0.5308837890625,0.9999980442206807,1.5750000000000006,-1.2875000000000014,-282.79583333333335,-0.4633333330353101,-0.1533333381017048,0.39666659037271934,-0.007126117463031876,0.01232751429346556,-0.03363941940896237,-0.9890348834285484,-0.08916426481484886,0.11283653382361171,0.033580498450413845,71.08943380635425
1773306661540,-2.65,10.8,347.125,0.3666666666666667,1.9000000000000001,9.566666666666668,0.011635528346628867,-0.02530727415391778,0.005817764173314434,-1.0625,9.5,64.375,0.11999999731779099,1.600000023841858,9.649999618530273,-0.04472406208515167,-0.03272492438554764,-0.015271631069481373,-0.0007805821382522572,-0.0005711576779939885,-0.0002665402443123129,-0.843505859375,0.075439453125,0.036376953125,-0.53057861328125,1.0000150966249806,1.5875,-1.3000000000000007,-282.75,-0.2466666693488757,-0.2999999761581422,0.08333295186360523,-0.012416110484881124,0.02473611647592379,-0.006084304417626747,-0.9887761927113886,-0.09090884138150836,0.11375428978603262,0.033424315118161144,71.1047779313752
1773306661640,-2.65,10.850000000000001,347.1,0.5,1.8333333333333337,9.633333333333335,-0.05992297098513866,-0.002036217460660051,-0.00756309342530876,-0.875,9.625,64.25,-0.10000000149011612,1.809999942779541,9.529999732971191,-0.01636246219277382,-0.04581489413976669,0.01745329238474369,-0.00028557883899699426,-0.0007996207491915839,0.00030461741742703036,-0.8441162109375,0.0753173828125,0.037841796875,-0.5294189453125,0.999960652709763,1.775,-1.2250000000000014,-282.85,-0.6000000014901161,-0.023333390553792688,-0.10333360036214323,0.059637392146141666,0.001236596711468467,0.00786771084273579,-0.9887093376591326,-0.09133317598988856,0.1139753633554459,0.033491986164359666,70.9658886487954
1773306661739,-2.7250000000000005,10.9,347.025,0.45,1.816666666666667,9.583333333333334,0.053523430394492776,0.00378154671265438,0.02530727415391778,-1.0625,9.625,64.1875,0.17000000178813934,1.7100000381469727,9.350000381469727,-0.03163409233093262,-0.05672319978475571,-0.007635815534740686,-0.0005521190670546618,-0.000990006598510526,-0.00013327012215615645,-0.84423828125,0.0762939453125,0.03668212890625,-0.529296875,1.0000299005955577,1.6625000000000005,-1.2750000000000004,-282.8375,-0.27999999821186067,-0.10666662851969444,-0.23333295186360736,-0.05407554946154744,-0.004771553311164906,-0.025440544276073937,-0.9885701204888121,-0.09166777267861362,0.11468777807756006,0.03424689604197749,71.08683112707973
1773306661839,-2.5,11.033333333333333,347.0333333333333,0.4000000000000001,1.8833333333333335,9.616666666666669,0.08988445647770796,-0.0031997702953229378,0.09744754990301673,-0.8125,9.75,64.25,0.20000000298023224,1.590000033378601,9.680000305175781,-0.01636246219277382,0.007635815534740686,-0.020725784823298454,-0.00028557883899699426,0.00013327012215615645,-0.0003617331852264292,-0.843994140625,0.07623291015625,0.038818359375,-0.5294189453125,0.9999644247074941,1.6875,-1.2833333333333332,-282.7833333333333,-0.19999999701976784,-0.29333329995473245,0.06333363850911233,-0.09017003531670495,0.003333040417479094,-0.09780928308824316,-0.9885304827602371,-0.09304595508815287,0.11444822565383116,0.03242743499316193,70.9249304534229
1773306661940,-2.2,11.450000000000001,347.05,0.21666666666666667,2.016666666666667,9.516666666666667,-0.06254096486313016,-0.017453292519943295,-0.02850704444924072,-0.1875,10.375,64.3125,-0.20999999344348907,1.809999942779541,9.569999694824219,-0.18216873705387115,-0.1941678822040558,0.007635815534740686,-0.0031794442557898464,-0.003388868846085278,0.00013327012215615645,-0.84326171875,0.07781982421875,0.04669189453125,-0.52978515625,0.9999993480739853,2.0125,-1.075000000000001,-282.7375,-0.42666666011015575,-0.20666672388712604,0.053333028157551254,0.05936152060734031,0.014064423673858018,0.028640314571396878,-0.9882669557457898,-0.09694524308743165,0.11408932201255793,0.030226985069349534,70.79824479909529
1773306662040,-2.2500000000000004,11.466666666666667,347.0666666666666,0.4333333333333333,1.9333333333333333,9.633333333333335,0.009890199094634535,0.02734349161457783,0.020653062815266236,-0.5,10.1875,64.1875,-0.019999999552965164,1.8300000429153442,9.489999771118164,-0.046905722469091415,-0.07744898647069931,0.0359974168241024,-0.0008186592951123293,-0.0013517398162462457,0.0006282734457933874,-0.843994140625,0.0780029296875,0.04339599609375,-0.52886962890625,0.9999984316515544,1.7500000000000004,-1.2791666666666668,-282.8791666666666,-0.45333333288629846,-0.10333329041798911,-0.14333356221517057,-0.010708858389746865,-0.028695231430824076,-0.02002478936947285,-0.9882555179858454,-0.0970437122535537,0.11398906297319013,0.03066011423775106,70.77708113622394
1773306662140,-2.3000000000000003,11.525,347.1,0.4000000000000001,2,9.516666666666667,0.016289739685280406,-0.011635528346628862,0.017162404311277576,-0.5,10.3125,64.3125,0.3199999928474426,1.590000033378601,9.399999618530273,-0.08617562800645828,-0.09053895622491837,0.014180799946188927,-0.0015040484436865344,-0.0015802028874438412,0.0002475016496276315,-0.84326171875,0.0787353515625,0.04400634765625,-0.5299072265625,1.0000139045493708,1.8000000000000003,-1.2125000000000004,-282.7875,-0.08000000715255745,-0.4099999666213989,-0.11666704813639406,-0.01779378812896694,0.01005532545918502,-0.016914902661649946,-0.9882233827157229,-0.09750630840942272,0.1137482975767967,0.031118972872526407,70.98939961589444
1773306662240,-2.1500000000000004,11.700000000000001,347.1,0.4000000000000001,2.0333333333333337,9.600000000000001,0.033743032205223705,-0.010181087303300257,0.04276056667386107,-0.25,10.5,64.3125,-0.05000000074505806,1.8300000429153442,9.6899995803833,-0.07635815441608429,-0.08399397134780884,0.015271631069481373,-0.001332701205306919,-0.0014659713518450435,0.0002665402443123129,-0.84307861328125,0.07916259765625,0.0469970703125,-0.52978515625,0.99996465009555,1.9000000000000004,-1.200000000000001,-282.7875,-0.45000000074505814,-0.20333329041798942,0.08999958038329936,-0.03507573341053062,0.008715115951455212,-0.042494026429548755,-0.9881065783905344,-0.09916489206001039,0.11363153634554068,0.029993130410635952,70.89410412561944
1773306662340,-2,11.850000000000001,347,0.3,2.0666666666666664,9.616666666666667,0.03316125578789226,-0.01425352222462036,0.04886921905584124,-0.0625,10.6875,64.25,-0.10999999940395355,1.9299999475479126,9.640000343322754,-0.014180799946188927,-0.04363323003053665,-0.0359974168241024,-0.0002475016496276315,-0.0007615435273129305,-0.0006282734457933874,-0.84344482421875,0.07965087890625,0.04888916015625,-0.529052734375,1.0000151897558276,1.9375,-1.1625000000000014,-282.75,-0.40999999940395354,-0.13666671911875383,0.023333676656086766,-0.03340875743751989,0.013491978697307429,-0.04949749250163463,-0.9879096075362201,-0.10058225776018444,0.1143712893097071,0.02893138336012802,70.72216676227272
1773306662439,-1.56,12.8,347.24000000000007,0.15,2.3333333333333335,9.916666666666668,0.15824318551415253,0.1940224351800363,0.4694935687864747,0.1875,11.1875,64.3125,-0.14000000059604645,1.8600000143051147,9.789999961853027,-0.2050761878490448,-0.1439896672964096,0.06435901671648026,-0.00357925469540422,-0.0025130937831735495,0.0011232767450486503,-0.84271240234375,0.08184814453125,0.05340576171875,-0.52947998046875,1.0000322679439553,1.7475,-1.6125000000000007,-282.92750000000007,-0.29000000059604647,-0.47333331902821874,-0.1266667048136405,-0.16182244020955674,-0.19653552896320986,-0.46837029204142605,-0.9873531477394379,-0.10926502094633526,0.11192732588169689,0.02583003228013965,70.74362499559399
1773306662539,-1.0166666666666666,15.333333333333334,348.5166666666667,0.2666666666666667,2.6333333333333333,9.383333333333335,0.22514747350726852,0.1576614090968211,0.4546582701445228,0.75,14,65.625,0.20999999344348907,2.3499999046325684,9.0600004196167,-0.6163193583488464,-0.19634954631328583,0.27379852533340454,-0.010756802046966173,-0.003426946067963931,0.004778685754173014,-0.8343505859375,0.09918212890625,0.072021484375,-0.5374755859375,1.0000225470653463,1.7666666666666666,-1.333333333333334,-282.8916666666667,-0.056666673223177644,-0.28333342870076494,-0.3233329137166354,-0.23590427555423468,-0.16108835516478504,-0.4498795843903498,-0.98593168661404,-0.13185545450455474,0.1003228254972143,0.022094776125760596,72.80170423298173
1773306662640,-0.4000000000000001,17.383333333333333,349.41666666666674,-0.08333333333333333,3.1333333333333333,9.533333333333333,-0.009017534468637366,0.14369877508086648,0.2833251152404129,1.6875,16.3125,66.5,-0.47999998927116394,2.869999885559082,9.479999542236328,-0.41342484951019287,-0.20289452373981476,0.1276271939277649,-0.007215624833514932,-0.0035411774735255664,0.0022275147491208113,-0.827880859375,0.1103515625,0.09039306640625,-0.54248046875,1.0000100749968595,2.0875,-1.0708333333333329,-282.91666666666674,-0.3966666559378306,-0.2633334477742513,-0.05333379109700509,0.0018019096351224338,-0.14723995255439204,-0.28109760049129207,-0.9842482971686456,-0.15015385801292924,0.09169132549529047,0.01737265878820574,74.28532750419237
1773306662739,-0.3,19.433333333333334,350.36666666666673,-0.20000000000000004,3.5500000000000003,9.366666666666667,0.22020237395995126,0.16522450252212986,0.48461975563709214,1.6875,18.625,67.5,-0.4399999976158142,3.1500000953674316,9.460000038146973,-0.4777838885784149,-0.2552543878555298,0.1276271939277649,-0.00833890196867507,-0.0044550294982416225,0.0022275147491208113,-0.8204345703125,0.126220703125,0.10284423828125,-0.548095703125,1.0000151934810613,1.9875,-0.8083333333333336,-282.86666666666673,-0.23999999761581417,-0.3999999046325686,0.09333337148030552,-0.22854127592862633,-0.16967953202037148,-0.48239224088797134,-0.9821330864307402,-0.1679628156315003,0.08320315224263515,0.016743015261769117,76.7515998601532
1773306662839,0.4666666666666666,22,351.3500000000001,-0.05000000000000001,3.7166666666666663,9.166666666666666,0.21991148575128552,0.12595459435225748,0.5634504601855027,2.5,21.4375,68.75,-0.3700000047683716,3.3499999046325684,9.359999656677246,-0.4908738434314728,-0.18544122576713562,0.1898045539855957,-0.00856736477979834,-0.003236559958570664,0.003312714402327971,-0.8109130859375,0.14117431640625,0.12347412109375,-0.5543212890625,1.0000140852234218,2.033333333333333,-0.5625,-282.6000000000001,-0.3200000047683716,-0.366666762034098,0.19333299001058002,-0.22847885053108385,-0.12919115431082814,-0.5601377457831748,-0.9788823101316676,-0.19056552966734544,0.07325280328654522,0.010403298734371142,79.26284049803945
1773306662939,1.7333333333333334,24.96666666666667,351.8833333333334,-0.4666666666666666,4.4,8.9,0.5061454830783556,0.04450589592585541,0.9005898940290741,3.625,24.625,69.375,-0.5699999928474426,3.9100000858306885,9.0600004196167,-0.7690356969833374,-0.4057890474796295,0.039269909262657166,-0.013422204977728662,-0.007082354947051133,0.0006853892135927863,-0.80194091796875,0.158935546875,0.15203857421875,-0.555419921875,0.9999883807520557,1.8916666666666666,-0.34166666666666856,-282.5083333333334,-0.10333332618077601,-0.4899999141693119,0.16000041961669886,-0.5195676880560842,-0.05158825087290654,-0.8999045048154813,-0.9740306930425556,-0.21663410223437513,0.06582974627845341,0.0005650354499070979,81.70797332147868
1773306663040,4.716666666666667,29.833333333333332,351.98333333333335,-0.9166666666666666,5.3,8.116666666666667,0.7781259581808053,0.0861029097650536,1.1903145498601329,6.4375,30.3125,70.3125,-1,4.75,8.40999984741211,-1.1322823762893677,-0.7646723985671997,0.12435470521450043,-0.01976205552855484,-0.013346051054120005,0.002170399046339994,-0.7879638671875,0.1793212890625,0.1976318359375,-0.55487060546875,0.9999914560102006,1.7208333333333332,0.47916666666666785,-281.67083333333335,-0.08333333333333337,-0.5499999999999998,0.29333318074544223,-0.7978880137093601,-0.09944896081917359,-1.1881441508137929,-0.9638615503506862,-0.2593461896520638,0.05692232713544281,-0.02168673193482968,85.17160737505418
1773306663156,10.014285714285714,37.38571428571429,351.85714285714283,-1.2714285714285716,5.814285714285715,6.885714285714287,0.7240623068273618,0.10496908786994467,0.9611777523483057,9.6875,36.875,71.625,-1.600000023841858,5.610000133514404,7.449999809265137,-1.12791907787323,-0.8748462796211243,0.15271630883216858,-0.019685901604946186,-0.015268948028211589,0.002665402410613838,-0.76422119140625,0.2034912109375,0.261474609375,-0.55328369140625,0.9999672578875438,-0.32678571428571423,-0.5107142857142932,-280.23214285714283,-0.32857145241328634,-0.20428558077131065,0.5642855235508497,-0.743748208432308,-0.12023803589815626,-0.9585123499376919,-0.9432399945232491,-0.32433609118677753,0.039095975200138425,-0.05979897497962192,91.44201160809192
1773306663256,12.75,40.875,351.52500000000003,-1.8333333333333333,6.650000000000001,6.566666666666666,-0.0927933385643652,0.07039494649710464,-0.0552687596464871,12.625,43,73.1875,-2.049999952316284,6.170000076293945,6.860000133514404,-0.0512690469622612,-0.09162978827953339,-0.04145156964659691,-0.000894813673851055,-0.0015992414983831678,-0.0007234663704528584,-0.7431640625,0.21820068359375,0.30926513671875,-0.55169677734375,0.9999593096888644,-0.125,2.125,-278.33750000000003,-0.21666661898295092,-0.47999992370605593,0.29333346684773787,0.09189852489051414,-0.0719941879954878,0.054545293276034246,-0.9315784780105293,-0.35376562346039553,0.03014569012286548,-0.07811952593481149,96.24425610460055
1773306663356,11.75,40.95,352.31666666666666,-1.5166666666666668,6.850000000000001,7.083333333333333,-0.2807071213624213,0.1829686832507389,-0.10530153153699123,11.6875,42.5,73.5,-1.7200000286102295,6.389999866485596,7.130000114440918,0.020725784823298454,0.08944812417030334,0.2628902196884155,0.0003617331852264292,0.0015611642765045145,0.004588299904854072,-0.74365234375,0.22064208984375,0.301025390625,-0.5546875,0.9999981243145756,-0.0625,1.5499999999999972,-278.81666666666666,-0.20333336194356266,-0.4600001335144057,0.04666678110758493,0.28106885454764774,-0.18140751897423438,0.1098898314418453,-0.932209230997478,-0.3536042063368736,0.026712712834358505,-0.07236329094913795,96.88063755885567
1773306663456,8.616666666666667,40.833333333333336,353.76666666666665,-1.0666666666666667,6.75,7.45,-0.6574073515845309,0.28768843837039865,-0.05614142427248426,9.75,41.75,73.75,-1.8200000524520874,6.5,7.579999923706055,0.2454369217157364,0.7144941687583923,0.17344209551811218,0.00428368238989917,0.012470275731133951,0.003027135628349558,-0.74505615234375,0.2274169921875,0.2845458984375,-0.55877685546875,1.000012550424259,1.1333333333333329,0.9166666666666643,-280.01666666666665,-0.7533333857854208,-0.25,0.1299999237060545,0.6616910339744301,-0.2752181626392647,0.05916855990083382,-0.9345748465147656,-0.35117224166135574,0.024642079322366214,-0.05138755564444428,98.58854543442219
1773306663556,3.583333333333334,41.233333333333334,356.0166666666667,-0.3666666666666667,6.7,7.233333333333334,-0.5838126347921032,0.2702351458504553,0.022980168484592008,5.875,41.5,74,-1.0199999809265137,6.429999828338623,7.329999923706055,-0.15162548422813416,0.5694136619567871,0.33052173256874084,-0.002646363929711674,0.009938143206983913,0.0057686924827207026,-0.7459716796875,0.24884033203125,0.2562255859375,-0.56207275390625,0.9999862945630724,2.291666666666666,0.2666666666666657,-282.0166666666667,-0.653333314259847,-0.27000017166137713,0.0966665903727204,0.5811662708623916,-0.26029700264347144,-0.017211476001871305,-0.9353170423697986,-0.352746182007947,0.021510156823329272,-0.017013949713825253,102.63311808373528
1773306663656,-0.03333333333333329,42.11666666666667,357.3,0.11666666666666665,6.783333333333334,7.650000000000001,-0.528834763354282,0.20420352248333656,0.47065712162113754,2.75,41.5625,74.1875,-0.30000001192092896,6.230000019073486,7.610000133514404,-0.021816615015268326,0.6839509010314941,0.22143864631652832,-0.00038077176365646523,0.011937195144981453,0.003864833469382633,-0.7457275390625,0.2674560546875,0.234375,-0.56341552734375,1.0000055003759987,2.783333333333333,-0.5541666666666671,-283.1125,-0.4166666785875956,-0.5533333142598478,-0.03999986648559695,0.5284539915906256,-0.1922663273383551,-0.4667922881517549,-0.9329535508931387,-0.3592121033818737,0.022090819444279746,0.008736839024164158,106.27298562433602
1773306663756,-3.3333333333333335,44.98333333333334,358.8500000000001,0.6166666666666667,6.883333333333334,5.966666666666666,0.03228859116189509,0.05323254218582704,0.41771546764397627,-0.8125,45.25,74.25,0.9900000095367432,6.800000190734863,5.460000038146973,-0.5661411881446838,-0.030543262138962746,0.17671458423137665,-0.00988102776427742,-0.0005330804886246258,0.0030842513311303754,-0.736083984375,0.31182861328125,0.22576904296875,-0.55670166015625,0.9999725572724647,2.5208333333333335,0.2666666666666586,-284.6000000000001,0.37333334287007647,-0.08333314259847047,-0.5066666285196932,-0.04216961892617251,-0.05376562267445167,-0.4146312163128459,-0.9233861464723416,-0.3820982851627572,0.020393977008991617,0.03070847896585523,113.53340151476999
1773306663856,-4.016666666666667,46.800000000000004,359.4666666666667,0.4833333333333334,7.233333333333333,6.7,-0.09075712110370514,0.08115781021773633,0.20594885173533087,-0.875,46.875,74.375,0.3499999940395355,6.96999979019165,6.699999809265137,-0.09162978827953339,0.2661627233028412,0.12217304855585098,-0.0015992414983831678,0.004645415867709215,0.002132321954498503,-0.73101806640625,0.322265625,0.2332763671875,-0.55438232421875,1.000000085681673,3.1416666666666666,0.07499999999999574,-285.0916666666667,-0.13333333929379787,-0.263333543141683,-1.9073486345888568e-7,0.08915787960532197,-0.07651239435002712,-0.20381652978083237,-0.9171161752476116,-0.3967499491028134,0.018186623051984284,0.0340094946753455,116.26484029555088
1773306663956,-4.383333333333334,49,60.25,0.55,7.516666666666668,6.516666666666667,0.34004831593022855,0.004945099547317268,0.8339764942446237,-1.0625,48.375,74.75,0.4000000059604645,7.050000190734863,6.789999961853027,-0.6359543204307556,-0.12653636932373047,0.05672319978475571,-0.011099496783799729,-0.0022084762682186474,0.000990006598510526,-0.7235107421875,0.33428955078125,0.24267578125,-0.5531005859375,1.0000145452901876,3.3208333333333337,-0.625,14.5,-0.14999999403953557,-0.4666664759318051,0.27333329518636074,-0.3511478127140283,-0.007153575815535915,-0.8329864876461132,0.7944387410934498,0.37588458021044724,0.44264785504383175,0.17787845691641654,127.78005846053233
1773306664056,-2.9,53.6,0.8333333333333334,0.3666666666666667,8.000000000000002,5.283333333333334,0.33975742772156287,-0.011344640137963142,0.7883070454841055,0.25,53.375,75.8125,0.029999999329447746,7.829999923706055,5.679999828338623,-0.9959285259246826,-0.3534291684627533,0.008726646192371845,-0.017382231891919415,-0.006168502662260751,0.00015230870871351518,-0.70501708984375,0.35302734375,0.2779541015625,-0.54864501953125,0.9999736208714674,3.15,-0.22500000000000142,74.97916666666667,-0.33666666733721895,-0.1700000762939471,0.39666649500528894,-0.35713965961348226,0.0051761374757023915,-0.7881547367753919,0.892359377037161,0.45088549808729067,-0.004920030360897959,-0.019308110463578467,125.131819068327
1773306664156,-1.6333333333333335,57.38333333333333,1.4166666666666667,0.26666666666666666,8.35,4.883333333333334,0.18791378279805615,0.04246967846519535,0.4918919608537352,1.3125,57.1875,76.625,-0.18000000715255737,8.399999618530273,5.110000133514404,-0.6512259840965271,-0.3283400535583496,0.030543262138962746,-0.011366037597024628,-0.005730615000767724,0.0005330804886246258,-0.68695068359375,0.36871337890625,0.31011962890625,-0.5440673828125,1.000017149226841,2.9458333333333337,-0.19583333333333286,75.20833333333333,-0.44666667381922404,0.04999961853027379,0.22666680018107055,-0.19927982039508077,-0.04820029346596308,-0.4913588803651106,0.877144458614152,0.48016503190571685,0.0040011200850059315,-0.006567487764246912,130.2427078288933
1773306664256,-1.3166666666666667,59.916666666666664,1.8666666666666665,0.19999999999999998,8.616666666666667,4.583333333333333,0.13409946419489768,-0.07912159275707627,0.49276462547973243,1.3125,57.1875,76.625,-0.18000000715255737,8.399999618530273,5.110000133514404,-0.6512259840965271,-0.3283400535583496,0.030543262138962746,-0.011366037597024628,-0.005730615000767724,0.0005330804886246258,-0.68695068359375,0.36871337890625,0.31011962890625,-0.5440673828125,1.000017149226841,2.6291666666666664,-2.7291666666666643,74.75833333333334,-0.38000000715255733,-0.2166670481363937,0.5266668001810713,-0.1454655017919223,0.07339097775630854,-0.49223154499110783,0.8663101151490039,0.4994330150096037,0.008374775284176123,-0.0018196284994145234,131.91959977966792
1773306664356,-0.13333333333333333,63.03333333333334,1.2833333333333334,-0.09999999999999999,8.866666666666667,3.866666666666667,-0.05235987755982989,0.04886921905584123,0.2815797859884185,2.5,63.1875,77.375,-0.5099999904632568,8.8100004196167,4.199999809265137,-0.48541969060897827,-0.06763150542974472,-0.0665406808257103,-0.00847217185513887,-0.001180392447829468,-0.0011613539669273038,-0.66461181640625,0.392822265625,0.34765625,-0.5321044921875,1.000009128782209,2.6333333333333333,0.15416666666666146,76.09166666666667,-0.40999999046325686,-0.05666624704996792,0.3333331425984696,0.04388770570469102,-0.0500496115036707,-0.2827411399553458,0.852440914444713,0.5227245385379133,0.008938770791585898,0.004862362360264809,137.71556625876826
1773306664456,-1.5666666666666667,64.26666666666667,2.1833333333333336,-0.03333333333333333,8.850000000000001,3.4666666666666672,-0.3999712869153672,0.15155275671484095,-0.24114632498388322,1.9375,64.3125,77.375,-0.5400000214576721,8.970000267028809,3.7699999809265137,-0.07635815441608429,0.19853119552135468,0.10908307880163193,-0.001332701205306919,0.0034650230297682593,0.0019038588833009075,-0.66064453125,0.40283203125,0.3485107421875,-0.52899169921875,1.0000083986317094,3.5041666666666664,0.04583333333333428,75.19166666666666,-0.5066666881243388,0.12000026702880717,0.30333331425984644,0.3986385857100603,-0.1480877336850727,0.24305018386718413,0.846718334747756,0.5319656497939322,0.008861650782382272,-0.001442285241388154,140.09564544802677
1773306664556,-6.133333333333333,61.800000000000004,3.75,0.3333333333333333,8.4,3.6666666666666665,-1.429424657383356,0.44127741254589964,-1.7016960206944713,0.25,62.625,76.3125,-0.5,8.960000038146973,3.680000066757202,0.7995789647102356,0.8257588744163513,0.2203478217124939,0.013955285563881158,0.0144122111861277,0.0038457949884804685,-0.67181396484375,0.40716552734375,0.3233642578125,-0.527587890625,1.000015597668836,6.383333333333333,0.8249999999999957,72.5625,-0.8333333333333333,0.5600000381469723,0.01333340009053563,1.4433799429472371,-0.42686520135977196,1.7055418156829518,0.8572762677311747,0.5140332374957692,0.0005762340773318615,-0.02910153756786085,138.89156144078646
1773306664656,-16.51666666666667,50.616666666666674,4.666666666666667,2.3666666666666667,7.2,6.433333333333334,-1.9233528356977512,0.5366887449882562,-2.0013108756201645,-6.125,53.3125,73.8125,1.1299999952316284,7.110000133514404,6.039999961853027,2.3921918869018555,2.030035972595215,0.5988661050796509,0.04175162476593319,0.03543081165571187,0.010452185312234246,-0.71392822265625,0.39337158203125,0.22027587890625,-0.5357666015625,1.0000010114158044,10.39166666666667,2.6958333333333258,69.14583333333333,-1.2366666714350383,-0.08999986648559588,-0.3933333714803062,1.9651044604636843,-0.5012579333325444,2.011763060932399,0.8964042892453628,0.4279923493748168,-0.024928376831762085,-0.11251877677825411,130.7325874113457
1773306664760,-26.066666666666666,39.85,2.733333333333334,3.583333333333334,6.083333333333333,6.916666666666667,-1.5670147800822425,0.4145156973486533,-1.4241886696273731,-18.25,41.3125,69.3125,2.450000047683716,5.96999979019165,7.21999979019165,1.5238906145095825,1.7322392463684082,0.26398104429244995,0.026596908663431888,0.03023327828139395,0.004607338385756237,-0.7613525390625,0.3753662109375,0.0531005859375,-0.52593994140625,0.9999949876093414,7.816666666666666,1.4624999999999986,66.57916666666667,-1.133333285649618,-0.11333354314168265,0.30333312352498343,1.5936116887456744,-0.38428241906725935,1.4287960080131294,0.9174930804690254,0.3369730311264374,-0.05498710068920613,-0.2040393156789022,124.23565385419572
1773306664873,-32.800000000000004,32.84285714285714,0.8857142857142856,4.928571428571429,5.028571428571428,7.014285714285715,-0.947963116583206,0.30268995884587374,-0.7569742298649692,-25.3125,36.25,67.625,4.309999942779541,4.800000190734863,7.630000114440918,0.849757194519043,1.0831949710845947,0.22689279913902283,0.014831060886867213,0.01890531868647095,0.003960026394042104,-0.77294921875,0.36688232421875,-0.036865234375,-0.516357421875,1.0000185834379818,7.487500000000004,3.4071428571428584,66.73928571428571,-0.6185714857918878,-0.2285712378365643,0.6157144001552028,0.9627941774700732,-0.2837846401594028,0.7609342562590113,0.9207713837064637,0.2732834357114421,-0.0727033021514697,-0.2687200263644421,123.92999764045882
1773306664973,-37.43333333333334,28.433333333333334,299.56666666666666,5.6833333333333345,4.233333333333333,6.7,-0.6606071218798537,0.1492256510455152,-0.5762495413667944,-30.5625,33.25,66.625,5.389999866485596,4.199999809265137,7.019999980926514,0.7712173461914062,0.986111044883728,0.21816615760326385,0.013460281939532989,0.017210884523502636,0.003807717766601815,-0.77496337890625,0.36346435546875,-0.089599609375,-0.50921630859375,1.0000019576381356,6.870833333333337,4.816666666666666,-232.94166666666666,-0.29333346684773876,-0.033333524068196674,0.3199999809265135,0.6740674038193867,-0.13201476652201255,0.5800572591333962,-0.7537042107221938,-0.04444982374180845,0.5301579123713553,0.38585847646384974,142.1960700322149
1773306665073,-40.400000000000006,25.160000000000004,357.8,5.966666666666668,3.85,6.6000000000000005,-0.5189445642596473,0.10588330795432266,-0.5983570452253894,-34.0625,30.875,65.4375,5.210000038146973,4.070000171661377,6.71999979019165,0.6435901522636414,0.6555892825126648,0.07744898647069931,0.011232767190412178,0.011442191520633284,0.0013517398162462457,-0.77825927734375,0.3572998046875,-0.1309814453125,-0.49951171875,1.0000093746490941,6.337500000000006,5.714999999999996,-292.3625,-0.756666628519695,0.22000017166137686,0.11999979019164986,0.5301773314500595,-0.09444111643368938,0.5997087850416356,-0.9143498992361602,-0.19789881900030545,0.09277711199895378,0.3408705424266546,125.42300214499741
1773306665173,-42.36666666666667,22.45,355.95000000000005,6.316666666666667,3.516666666666667,6.75,-0.37233690709212364,0.09075712110370514,-0.4351687601639196,-36.625,28.5625,64.3125,5.809999942779541,3.509999990463257,7.019999980926514,0.5377795696258545,0.4363323152065277,0.04581489413976669,0.00938602413992925,0.00761543553320363,0.0007996207491915839,-0.78179931640625,0.34796142578125,-0.163330078125,-0.49090576171875,0.999976252855029,5.741666666666667,6.112500000000001,-291.63750000000005,-0.5066667238871263,-0.006666676203410216,0.26999998092651367,0.38172293123205286,-0.08314168557050151,0.4359683809131112,-0.9115351493135205,-0.16887110145210218,0.10261558255315509,0.360633144452376,125.21548247350815
1773306665274,-44.06666666666667,20.46666666666667,354.5166666666667,6.7,3.1833333333333336,6.633333333333334,-0.5823581937487747,0.02879793265790644,-0.4543673819358571,-39.375,26.25,63,5.539999961853027,3.5199999809265137,6.820000171661377,0.4777838885784149,0.5421428680419922,0.010908307507634163,0.00833890196867507,0.009462178063537907,0.00019038588182823261,-0.78460693359375,0.338623046875,-0.1973876953125,-0.4803466796875,0.9999842214084589,4.69166666666667,5.783333333333331,-291.5166666666667,-1.1600000381469728,0.3366666475931801,0.1866668383280432,0.5906970957174498,-0.01933575459436853,0.4545577678176853,-0.9079878715834188,-0.14683487428173797,0.1102052073866461,0.37663292078221955,125.22263828332946
1773306665390,-46.550000000000004,19.033333333333335,353.00000000000006,7.028571428571427,3.128571428571429,6.542857142857143,-0.08601979884829197,-0.13463968515384828,0.1254143733933068,-41.9375,25.5625,61.75,6.380000114440918,3.0799999237060547,6.880000114440918,-0.011999138630926609,0.23780110478401184,-0.11453723162412643,-0.00020942447651291403,0.004150412243361046,-0.0019990518079603787,-0.78448486328125,0.33843994140625,-0.22418212890625,-0.4688720703125,1.0000283695458523,4.612500000000004,6.529166666666665,-291.25000000000006,-0.6485713141305087,-0.048571504865374315,0.33714297158377526,0.08581037437177906,0.13879009739720932,-0.12741342520126717,-0.9002982421284415,-0.12780508979382244,0.12051773602796681,0.3982516912028431,126.60641589850678
1773306665489,-45.366666666666674,21.566666666666666,353.7333333333334,6.683333333333334,3.5333333333333337,6.533333333333334,1.2703088072432065,-0.4753113329597891,1.08035880698449,-41.75,27.25,61.3125,7.420000076293945,2.880000114440918,6.380000114440918,-0.7526732087135315,-0.7210391163825989,-0.2454369217157364,-0.013136625683601598,-0.012584506616546936,-0.00428368238989917,-0.78466796875,0.3472900390625,-0.21875,-0.464599609375,1.0000092759298218,3.6166666666666742,5.683333333333334,-292.4208333333334,0.7366667429606117,-0.6533332188924157,-0.15333321889241613,-1.2834454329268081,0.4627268263432422,-1.0846424893743891,-0.9010591562272012,-0.15165908579031326,0.12158451335266782,0.38769720761074056,126.81500704591167
1773306665590,-38.98333333333334,28.166666666666668,356.40000000000003,5.150000000000001,4.916666666666667,6.316666666666667,1.309578715413079,-0.4101523742186675,1.0949032174177762,-33.9375,32.25,62.625,5.539999961853027,4.190000057220459,6.550000190734863,-1.7191493511199951,-1.9493145942687988,-0.6741334199905396,-0.03000481651056798,-0.03402195782716793,-0.011765847776564677,-0.7880859375,0.36248779296875,-0.1343994140625,-0.47906494140625,1.0000216325267801,5.045833333333341,4.083333333333332,-293.77500000000003,0.3899999618530261,-0.726666609446208,0.23333352406819596,-1.3395835319236469,0.3761304163914996,-1.106669065194341,-0.9113539379369296,-0.21910849216441478,0.109873356120523,0.3306861262331706,124.5000642069382
1773306665689,-34.083333333333336,33.06666666666667,358.5,4.383333333333334,5.45,6.400000000000001,0.8072147790473774,-0.1372992344902206,0.49683706040105247,-27.0625,36.5,64.1875,4.079999923706055,5.380000114440918,6.599999904632568,-0.9206611514091492,-1.1737339496612549,-0.22471113502979279,-0.016068568387291687,-0.020485521964026282,-0.00392194917216345,-0.78399658203125,0.3736572265625,-0.0496826171875,-0.49322509765625,1.0000048614920225,7.020833333333336,3.43333333333333,-294.3125,-0.30333340962727906,-0.06999988555908221,0.19999990463256712,-0.823283347434669,0.11681371252619432,-0.500759009573216,-0.9153914502809933,-0.26837721435182926,0.09538928572294446,0.28448734196529474,123.62906755104845
1773306665792,-30.6,35.24,359.58000000000004,3.8166666666666664,5.666666666666667,6.883333333333334,0.5553055903428626,0.012217304763960305,0.14166255762020644,-21.8125,38.5625,66.0625,3.109999895095825,5.840000152587891,6.909999847412109,-0.11235556751489639,-0.5279620885848999,-0.022907447069883347,-0.001960974586081725,-0.009214676771512473,-0.00039981037459579195,-0.77874755859375,0.36944580078125,0.00335693359375,-0.50701904296875,1.0000087692949122,8.787500000000001,3.322499999999998,-293.51750000000004,-0.7066667715708412,0.17333348592122366,0.026666514078775627,-0.5572665649289443,-0.02143198153547278,-0.14206236799480224,-0.9190063361502674,-0.29105030634606227,0.0832439436724248,0.25256191148585205,122.58054981170072
1773306665906,-27.183333333333337,36.36666666666667,0.4833333333333334,3.4857142857142853,5.700000000000001,7.171428571428572,0.5557627003850516,-0.019198621771937624,0.21118483949131386,-18.9375,38.875,67.625,3.0799999237060547,5.699999809265137,7.329999923706055,-0.3479750156402588,-0.6610434651374817,-0.06435901671648026,-0.00607330973760128,-0.011537384965441405,-0.0011232767450486503,-0.7742919921875,0.36187744140625,0.03228759765625,-0.51812744140625,0.9999909530915869,8.245833333333337,2.508333333333333,67.14166666666667,-0.40571436200823063,-1.907348643470641e-7,0.15857135227748298,-0.5618360101226528,0.007661236806496219,-0.2123081162363625,0.9237576347866787,0.3042584346838698,-0.06943832749933439,-0.22198413405272382,121.00576128944911
1773306666006,-24.75,37.166666666666664,1,3.2000000000000006,5.8500000000000005,7.1000000000000005,0.4529129408925285,-0.06079563561113582,0.1855866771287304,-17,39.0625,68.6875,2.9700000286102295,5.650000095367432,7.239999771118164,-0.13199052214622498,-0.24434609711170197,-0.011999138630926609,-0.0023036691928781184,-0.004264643908997006,-0.00020942447651291403,-0.77081298828125,0.35516357421875,0.05267333984375,-0.5262451171875,1.000001115723822,7.75,1.8958333333333357,67.6875,-0.22999997138977113,-0.1999999046325689,0.13999977111816353,-0.4552166100854066,0.056530991702138815,-0.18579610160524332,0.9263991743984815,0.3130400835674539,-0.060214850174628506,-0.20041119622501247,119.91974757408245
1773306666106,-22.416666666666668,38.16666666666667,1.1833333333333333,2.716666666666667,6.033333333333334,7.016666666666667,0.3112503832723221,-0.022398392067260565,0.09890199094634534,-14.875,39.5625,69.4375,2.319999933242798,5.849999904632568,7.320000171661377,-0.2628902196884155,-0.503963828086853,-0.0818123072385788,-0.004588299904854072,-0.008795828111070261,-0.00142789412996639,-0.76788330078125,0.34942626953125,0.07452392578125,-0.53173828125,1.0000214481288823,7.541666666666668,1.3958333333333286,68.25416666666666,-0.39666673342386893,-0.18333342870076574,0.30333350499471035,-0.31583868317717617,0.013602563956190304,-0.10032988507631173,0.9276259458643663,0.32258698959894466,-0.05397409878337815,-0.18037332219941044,118.97862624597852
1773306666206,-20.7,38.63333333333333,1.4166666666666667,2.6,6.150000000000001,7.1833333333333345,0.39589885199404706,0.009599310885968814,0.1361356816555577,-13.375,39.8125,70.0625,2.3399999141693115,5.929999828338623,7.269999980926514,-0.003272492438554764,-0.2628902196884155,0.022907447069883347,-0.00005711576779939885,-0.004588299904854072,0.00039981037459579195,-0.765380859375,0.344482421875,0.08984375,-0.53619384765625,1.0000258699438507,7.324999999999999,1.1791666666666671,68.64583333333333,-0.26000008583068857,-0.2200001716613782,0.08666664759317921,-0.39595596776184644,-0.014187610790822886,-0.1357358712809619,0.9290131528232474,0.32747767314143655,-0.047948585247032695,-0.1655109321105047,118.16537247531198
1773306666306,-18.650000000000002,39.45,1.9333333333333333,2.266666666666667,6.25,7.233333333333334,0.39124464065539555,0.009599310885968812,0.21525727441263398,-11.375,40.25,71.25,1.9199999570846558,6.119999885559082,7.360000133514404,-0.15053464472293854,-0.36651915311813354,0.039269909262657166,-0.002627325188735185,-0.006396965993532671,0.0006853892135927863,-0.75927734375,0.33697509765625,0.11297607421875,-0.545166015625,1.000011939484131,7.275000000000002,0.7999999999999972,69.31666666666666,-0.3466667095820113,-0.13000011444091797,0.12666680018107002,-0.39387196584413076,-0.015996276879501482,-0.2145718851990412,0.9296743037484676,0.3355717517013016,-0.03900886731747576,-0.14688633932578482,117.72000665484978
1773306666407,-16.750000000000004,40.766666666666666,2.5500000000000003,2.1,6.45,7.183333333333334,0.47211156266446613,-0.08581202155638787,0.3848451000647497,-9.6875,41.25,72.4375,2.259999990463257,6,7.369999885559082,-0.3948807418346405,-0.5170537829399109,0.013089969754219055,-0.006891969097732191,-0.00902429092219353,0.0002284630711975954,-0.7529296875,0.334716796875,0.13275146484375,-0.55084228515625,0.9999943114655345,7.0625000000000036,0.4833333333333343,69.8875,0.15999999046325675,-0.4500000000000002,0.18666655222574846,-0.47900353176219834,0.07678773063419433,-0.3846166369935521,0.928286266645754,0.34753777192692814,-0.030082327533830593,-0.1288299569630533,117.92004293343085
1773306666506,-14.933333333333335,42.21666666666667,2.733333333333334,1.7666666666666666,6.6833333333333345,6.983333333333333,0.2649991580944724,-0.06399540590645875,0.20391263427467088,-7.5,42.9375,73,1.2300000190734863,6.659999847412109,7.179999828338623,-0.142898827791214,-0.19198621809482574,-0.0021816615480929613,-0.0024940550421970603,-0.0033507916242066244,-0.000038077177178378795,-0.7467041015625,0.3345947265625,0.15960693359375,-0.55230712890625,1.0000190919305287,7.433333333333335,0.7208333333333314,70.26666666666667,-0.5366666475931803,-0.023333485921225083,0.19666649500528965,-0.26749321313666946,0.060644614282252124,-0.20395071145184926,0.9258438068676655,0.3598686267455648,-0.024724120849162368,-0.11267890049732625,118.3211214658075
1773306666606,-13.075000000000001,43.675,2.625,1.4333333333333333,6.783333333333334,6.616666666666667,0.21612993903863117,-0.053232542185827056,0.08726646259971647,-6.125,44.0625,73.375,0.8799999952316284,6.710000038146973,7.050000190734863,-0.38615408539772034,-0.5115996599197388,-0.0665406808257103,-0.006739660210217577,-0.00892909851768271,-0.0011613539669273038,-0.74249267578125,0.33404541015625,0.1767578125,-0.55303955078125,0.9999888892599605,6.950000000000001,0.38750000000000284,70.75,-0.5533333381017049,-0.07333329518636145,0.43333352406819614,-0.22286959924884875,0.04430344366814434,-0.08842781656664378,0.9229348265173306,0.3718804697000771,-0.021216034794214553,-0.09719105990103015,118.5328118821017
1773306666706,-11.800000000000002,43.70000000000001,2.1333333333333333,1.4833333333333334,6.45,6.333333333333333,-0.13497212882089482,-0.11868238913561442,-0.5174901232163187,-5.1875,44.4375,73.5625,0.9800000190734863,6.619999885559082,6.78000020980835,0.10690141469240189,-0.17235125601291656,0.0021816615480929613,0.0018657816614222542,-0.0030080968873730687,0.000038077177178378795,-0.74090576171875,0.33123779296875,0.18646240234375,-0.55364990234375,0.9999781323068501,6.6125000000000025,0.73749999999999,71.42916666666666,-0.5033333142598471,0.16999988555908185,0.44666687647501657,0.13683791048231708,0.11567429224824136,0.5175282003934971,0.9237969511638363,0.3719183981786006,-0.02106357421935309,-0.08849985286863704,117.846919897744
1773306666806,-11.383333333333333,40.35,120.21666666666668,1.2000000000000002,6.233333333333334,7.2,-0.009890199094634537,-0.14137166941154072,-0.7205300928649925,-5.3125,40.25,72.1875,1.2400000095367432,5.75,7.360000133514404,0.7886706590652466,0.0512690469622612,-0.11453723162412643,0.013764899714562217,0.000894813673851055,-0.0019990518079603787,-0.7596435546875,0.30389404296875,0.1602783203125,-0.55218505859375,1.0000036992064243,6.070833333333333,-0.10000000000000142,-48.02916666666668,0.040000009536742986,-0.4833333333333343,0.16000013351440412,0.023655098809196754,0.14226648308539178,0.7185310410570321,0.49513191175043963,0.2517380907701299,0.7927170889303083,0.2511412760571678,143.7316703613655
1773306666907,-10.450000000000001,36.73333333333333,358.40000000000003,1.2333333333333334,5.800000000000001,7.866666666666667,-0.16231562043547262,0.07883070454841055,-0.9200794040096776,-5.3125,35.4375,71.3125,0.5199999809265137,5.900000095367432,7.739999771118164,1.0231993198394775,0.24761858582496643,0.07526732236146927,0.01785819703536542,0.004321759611777823,0.0013136625943675924,-0.77337646484375,0.27508544921875,0.13720703125,-0.554443359375,1.0000081844292932,5.137500000000001,-1.2958333333333272,-287.08750000000003,-0.7133333524068197,0.10000009536743093,-0.12666689554850308,0.18017381747083805,-0.07450894493663274,0.9213930666040452,-0.9446231458438781,-0.3125503342376301,0.04188804978994715,0.09080083803994299,106.26383244425577
1773306667006,-10.416666666666666,32.18333333333334,357.73333333333335,1.566666666666667,4.8500000000000005,8.333333333333334,0.13671745807288918,-0.021234839232597676,-0.5427973973702365,-6,31.1875,71.375,1.1799999475479126,4.730000019073486,8.489999771118164,0.6381360292434692,-0.04254240170121193,0.09162978827953339,0.011137574785901357,-0.0007425049813921851,0.0015992414983831678,-0.78143310546875,0.2496337890625,0.11199951171875,-0.560791015625,0.9999925903701451,4.416666666666666,-0.9958333333333371,-286.35833333333335,-0.3866667191187545,-0.1199999809265142,0.15666643778483014,-0.12557988328698783,0.02049233425120549,0.5443966388686197,-0.956167600670201,-0.2742513659401506,0.04408199071697835,0.09266329264051099,101.65001180174663
1773306667107,-9.766666666666667,28.566666666666666,356.8833333333334,1.3333333333333333,4.4,8.6,-0.22340214425527422,0.03432480862255515,-0.9087347638717143,-5.625,27.875,71.25,0.7300000190734863,4.679999828338623,8.300000190734863,0.7886706590652466,0.16689710319042206,0.04363323003053665,0.013764899714562217,0.0029129039627135977,0.0007615435273129305,-0.7882080078125,0.2247314453125,0.0985107421875,-0.5643310546875,0.9999749955389052,4.1416666666666675,-0.6916666666666664,-285.6333333333334,-0.6033333142598469,0.2799998283386227,-0.29999980926513636,0.23716704396983643,-0.031411904659841554,0.9094963073990272,-0.9646415876691855,-0.24348721026312048,0.04725292158048191,0.08915013841528772,97.40578811686431
1773306667206,-10.316666666666666,23.883333333333336,356.03333333333336,1.5666666666666667,3.65,9,0.0349065850398866,0.00029088820866572185,-0.7731808586334881,-6.875,23.0625,70.9375,1.5800000429153442,3.430000066757202,8.859999656677246,0.8999353647232056,0.17562375962734222,0.08399397134780884,0.015706835169555965,0.0030652128502282115,0.0014659713518450435,-0.7967529296875,0.1978759765625,0.06561279296875,-0.56719970703125,0.9999953396509772,3.4416666666666664,-0.8208333333333364,-285.09583333333336,0.013333376248677586,-0.21999993324279776,-0.1400003433227539,-0.019199749870330633,0.0027743246415624897,0.7746468299853331,-0.9731688936616403,-0.20290999095352322,0.05231497905053197,0.0950420062265247,93.56827632739375
1773306667306,-9.383333333333333,20.283333333333335,355.2166666666667,1.4833333333333334,3.1833333333333336,9.583333333333334,0.1506800920888438,-0.05992297098513865,-0.43313254270325946,-6.25,18.625,70.6875,0.6499999761581421,3.109999895095825,9.390000343322754,0.5170537829399109,-0.2934334874153137,-0.06326818466186523,0.00902429092219353,-0.0051213804910065705,-0.0011042381341093237,-0.804443359375,0.16094970703125,0.0477294921875,-0.56982421875,1.000005835650225,3.133333333333333,-1.658333333333335,-284.5291666666667,-0.8333333571751913,-0.07333343823750837,-0.19333299001058002,-0.14165580116665027,0.05480159049413208,0.43202830456915015,-0.979621412306257,-0.17197981809883442,0.05533055324965439,0.08776879055150168,89.04127263992052
1773306667406,-8.24,18.02,354.46000000000004,1.2000000000000002,3.0666666666666664,9.3,0.24434609527920617,-0.023271056693257727,-0.2044944106920023,-5.6875,16.625,70.3125,1.2400000095367432,3,9.029999732971191,0.20289452373981476,-0.09053895622491837,-0.030543262138962746,0.0035411774735255664,-0.0015802028874438412,-0.0005330804886246258,-0.80816650390625,0.14678955078125,0.04193115234375,-0.56884765625,1.0000130738208401,2.5525,-1.3949999999999996,-284.14750000000004,0.040000009536742986,-0.06666666666666643,-0.2700002670288093,-0.2408049178056806,0.021690853805813887,0.20396133020337767,-0.983413902122686,-0.1525904018539459,0.058845507799542354,0.07842494874526588,86.1904680243075
1773306667506,-6.95,16.983333333333334,354.3,1.1500000000000001,2.683333333333333,9.433333333333334,0.1521345331321724,0.011635528346628864,-0.20623973994399658,-4.3125,15.3125,70.5,0.7599999904632568,2.5399999618530273,9.430000305175781,0.21816615760326385,-0.13635385036468506,0.0359974168241024,0.003807717766601815,-0.002379823636635425,0.0006282734457933874,-0.80889892578125,0.1309814453125,0.0457763671875,-0.57135009765625,1.0000050105028988,2.6375,-1.6708333333333343,-283.8,-0.3900000095367433,-0.14333337148030578,-0.00333302815755232,-0.14832681536557057,-0.014015351983264288,0.20686801338978997,-0.9855527556365893,-0.1442310251828632,0.05802526190507097,0.0672030223477601,84.0965621664372
1773306667606,-6.18,15.88,354.24,0.9500000000000001,2.5000000000000004,9.733333333333336,0.06952228187110746,0.016871516102611853,-0.15126186850617523,-3.5625,14.25,70.625,0.5099999904632568,2.380000114440918,9.550000190734863,0.19198621809482574,-0.13417218625545502,0.01745329238474369,0.0033507916242066244,-0.0023417464147567715,0.00030461741742703036,-0.8094482421875,0.11846923828125,0.045654296875,-0.57330322265625,1.0000011585646116,2.6174999999999997,-1.6300000000000008,-283.615,-0.44000000953674323,-0.11999988555908248,-0.18333314259847278,-0.06617149024690083,-0.019213262517368625,0.15156648592360225,-0.9873500560184996,-0.1350785316724664,0.05712704209856702,0.06025079437272916,82.59859305816796
1773306667706,-5.6,15.360000000000003,354.24,0.8500000000000001,2.333333333333334,9.516666666666667,0.13439035240356337,0.002617993877991494,0.06748606441044741,-3.3125,13.5,70.75,0.5899999737739563,1.8700000047683716,9.630000114440918,-0.07744898647069931,-0.11890055239200592,-0.004363323096185923,-0.0013517398162462457,-0.002075206121680523,-0.00007615435435675759,-0.8095703125,0.11273193359375,0.044189453125,-0.5743408203125,0.9999663321221647,2.2874999999999996,-1.860000000000003,-283.49,-0.2600000262260438,-0.46333332856496234,0.11333344777425047,-0.13574209221980962,-0.004693199999672017,-0.06756221876480417,-0.9882685265578909,-0.13087971184796848,0.05625422570476717,0.05505708430388726,81.74233571237167
1773306667806,-5.3500000000000005,15.225000000000001,354.17499999999995,0.8333333333333335,2.5,9.5,-0.028216156240574986,-0.0363610260832152,0.04683300159518119,-3.125,13.3125,70.6875,0.9900000095367432,1.7799999713897705,9.979999542236328,0.20834867656230927,0.2661627233028412,-0.05999569222331047,0.0036363703981850373,0.004645415867709215,-0.0010471223663099248,-0.81011962890625,0.11065673828125,0.044677734375,-0.573974609375,0.9999908394691984,2.2250000000000005,-1.9125000000000014,-283.48749999999995,0.15666667620340968,-0.7200000286102295,0.4799995422363281,0.03185252663876002,0.04100644195092442,-0.04788012396149111,-0.9885135335719307,-0.12980688491204154,0.056482724986441794,0.052923230746749206,81.31863910554095
1773306667909,-5.45,15.4,354.1,0.8500000000000001,2.5000000000000004,9.25,0.0034906585039886622,0.018035068937274742,-0.022107503858594845,-2.9375,13.6875,70.625,0.8600000143051147,2.1500000953674316,9.220000267028809,0.14071716368198395,0.14617131650447845,0.022907447069883347,0.0024559778203184068,0.0025511707449778777,0.00039981037459579195,-0.81005859375,0.1126708984375,0.0474853515625,-0.57342529296875,0.9999805407567949,2.5125,-1.7125000000000004,-283.475,0.010000014305114657,-0.3499999046325688,-0.029999732971191406,-0.0010346806836702555,-0.015483898192296864,0.022507314233190637,-0.9882230523061369,-0.1312326459866507,0.057304322233556984,0.05393891147805514,81.50725495670132
1773306668023,-5.275,15.25,354.175,0.7571428571428571,2.4142857142857146,9.385714285714286,0.010970641012535792,0.01645596151880368,-0.041887902047863905,-2.6875,13.8125,70.75,0.3700000047683716,2.200000047683716,9.539999961853027,0.04036073759198189,0.019634954631328583,0.029452430084347725,0.0007044277595135317,0.00034269460679639313,0.000514041877685299,-0.80926513671875,0.1119384765625,0.05023193359375,-0.57452392578125,1.0000206360326853,2.5875000000000004,-1.4375,-283.425,-0.38714285237448554,-0.21428566660199877,0.15428567613874122,-0.010266213253022259,-0.016113266912007287,0.042401943925549204,-0.9885185977456836,-0.13005962473113575,0.05640622419038975,0.05228588526827315,81.38690263353102
1773306668123,-5.05,14.825,354.35,0.8333333333333334,2.5,9.466666666666667,0.01890773356327191,0.06923139366244174,-0.09337511498169664,-2.625,13.5,70.9375,0.25,2.5299999713897705,9.40999984741211,0.04363323003053665,-0.1276271939277649,0.05017821490764618,0.0007615435273129305,-0.0022275147491208113,0.0008757750629117282,-0.808837890625,0.109375,0.04949951171875,-0.57562255859375,0.9999865776889755,2.425,-1.3249999999999993,-283.4125,-0.5833333333333334,0.029999971389770508,-0.05666681925455741,-0.018146190035958982,-0.07145890841156255,0.09425089004460836,-0.9891961788132342,-0.1265769062006156,0.054502999826296694,0.04998629460073412,81.03992671491243
1773306668239,-5.040000000000001,14.320000000000002,354.58000000000004,0.8857142857142858,2.257142857142857,9.614285714285716,0.06881583907863356,0.0032413257537037546,0.042386567548433715,-2.6875,12.9375,71.25,0.8199999928474426,1.8600000143051147,9.869999885559082,0.0719948336482048,0.015271631069481373,0.07417649030685425,0.0012565468915867748,0.0002665402443123129,0.0012946239834282656,-0.8074951171875,0.10565185546875,0.046630859375,-0.5784912109375,1.0000185983388659,2.352500000000001,-1.382500000000002,-283.33000000000004,-0.06571429286684316,-0.39714284283774237,0.2557141712733664,-0.06755929218704679,-0.0029747855093914415,-0.04109194356500545,-0.989874758051219,-0.12231814591338518,0.052340807305224196,0.04946387008706413,81.03242305314801
1773306668339,-5.15,14.05,354.5,0.8333333333333335,2.35,9.466666666666667,-0.04363323129985824,-0.022398392067260565,-0.02007128639793479,-2.3125,13.125,71.375,0.10999999940395355,2.430000066757202,9.399999618530273,-0.10581058263778687,-0.11344639956951141,0.010908307507634163,-0.0018467430504829274,-0.001980013197021052,0.00019038588182823261,-0.80694580078125,0.10504150390625,0.05023193359375,-0.57904052734375,1.0000032111950814,2.8375000000000004,-0.9250000000000007,-283.125,-0.7233333339293799,0.08000006675720206,-0.06666704813639335,0.04178648824937531,0.020418378870239513,0.020261672279763023,-0.9900852906369341,-0.1198988797186841,0.05305823466810161,0.05040039325726523,81.10119318176217
1773306668439,-5.050000000000001,14.200000000000001,354.5,0.8500000000000001,2.3500000000000005,9.416666666666668,0.022689280275926284,-0.005526875964648711,0.010762863720631698,-2.5625,13,71.1875,0.3400000035762787,2.4000000953674316,9.239999771118164,-0.1483529806137085,-0.123263880610466,-0.008726646192371845,-0.0025892479668565313,-0.0021513605654378295,-0.00015230870871351518,-0.80780029296875,0.10516357421875,0.04754638671875,-0.57806396484375,1.0000096484553267,2.4875000000000007,-1.200000000000001,-283.3125,-0.5099999964237214,0.05000009536743111,-0.1766668955485038,-0.025278528242782816,0.0033755153992108817,-0.010915172429345213,-0.9899655481380293,-0.12124178544222407,0.053003033475466,0.0495915457003663,80.93093430737805
1773306668539,-4.8500000000000005,14.200000000000001,354.45000000000005,0.7333333333333334,2.3333333333333335,9.55,-0.006981317007977319,-0.013962634015954638,0.005817764173314437,-2.375,13.0625,71.1875,0.3499999940395355,2.200000047683716,9.390000343322754,-0.09490227699279785,-0.07963064312934875,-0.009817477315664291,-0.0016563572011639854,-0.0013898169080877366,-0.00017134730339819656,-0.8077392578125,0.10504150390625,0.0494384765625,-0.5780029296875,1.0000039879153129,2.4750000000000005,-1.137500000000001,-283.26250000000005,-0.38333333929379787,-0.13333328564961766,-0.1599996566772468,0.005324959806813334,0.012572817107866901,-0.005989111476712634,-0.9900274650508637,-0.12131321246939816,0.053223332046521216,0.047916592649950435,80.7401912172175
1773306668639,-4.766666666666667,14.266666666666667,354.40000000000003,0.75,2.416666666666667,9.4,0.006981317007977317,-0.0063995405906458755,-0.015417075059283242,-2.375,13.0625,71.125,0.4000000059604645,2.1700000762939453,9.5,-0.08508480340242386,-0.05672319978475571,-0.015271631069481373,-0.0014850099627843703,-0.000990006598510526,-0.0002665402443123129,-0.80804443359375,0.10491943359375,0.04901123046875,-0.57763671875,1.0000050868709645,2.3916666666666666,-1.2041666666666675,-283.27500000000003,-0.3499999940395355,-0.24666659037272165,0.09999999999999964,-0.008466326970761686,0.00540953399213535,0.01515053481497093,-0.9899656696258214,-0.12190753332453871,0.053587547784051025,0.047274739592278035,80.63609765891339
1773306668740,-4.6000000000000005,14.233333333333334,354.36666666666673,0.7166666666666667,2.3833333333333337,9.316666666666668,0.04276056667386108,0.01628973968528041,-0.007563093425308763,-2.3125,13,71.125,0.5899999737739563,2.0799999237060547,9.539999961853027,0.05999569222331047,0.04145156964659691,-0.007635815534740686,0.0010471223663099248,0.0007234663704528584,-0.00013327012215615645,-0.8082275390625,0.10430908203125,0.0491943359375,-0.57745361328125,0.9999924488080547,2.2875000000000005,-1.2333333333333343,-283.24166666666673,-0.12666669289271038,-0.30333340962727906,0.22333329518635914,-0.041713444307551154,-0.015566273314827551,0.007429823303152607,-0.990054379325044,-0.1216838741746285,0.05368837245774054,0.045857599239318335,80.4246777948283
1773306668839,-4.3,14.100000000000001,354.5,0.7166666666666668,2.2833333333333337,9.516666666666666,0.048287442638509794,0.010181087303300255,-0.05992297098513864,-1.9375,13,71.3125,0.20999999344348907,2.319999933242798,9.329999923706055,-0.04254240170121193,-0.17780540883541107,0.027270769700407982,-0.0007425049813921851,-0.0031032898120325397,0.00047596472082522687,-0.80743408203125,0.102294921875,0.05206298828125,-0.5787353515625,1.0000296044437904,2.3625,-1.1000000000000014,-283.1875,-0.5066666732231777,0.03666659990946419,-0.18666674296061103,-0.04902994761990198,-0.013284377115332795,0.06039893570596387,-0.9903777625062796,-0.1207214830772569,0.052181079569629085,0.04307372739421234,80.16751332947311
1773306668939,-4.0200000000000005,13.959999999999999,354.46000000000004,0.6,2.2833333333333337,9.683333333333334,-0.05352343039449277,-0.023561944901923447,-0.04566944876051829,-1.6875,12.75,71.375,0.25,1.8700000047683716,9.720000267028809,-0.20616701245307922,-0.22471113502979279,0.008726646192371845,-0.003598293176306384,-0.00392194917216345,0.00015230870871351518,-0.80718994140625,0.09930419921875,0.0528564453125,-0.5794677734375,0.9999968148717223,2.3325000000000005,-1.209999999999999,-283.08500000000004,-0.35,-0.4133333285649621,0.036666933695475024,0.04992513721818639,0.019639995729759996,0.045821757469231804,-0.9906128811404497,-0.11962375115382821,0.052196411394501235,0.04064249642972661,79.83994364340504
1773306669039,-4.166666666666667,13.85,354.31666666666666,0.6333333333333334,2.3500000000000005,9.350000000000001,0.04334234309119251,-0.005235987755982989,0.06952228187110746,-1.875,12.625,71.25,0.5299999713897705,1.899999976158142,9.739999771118164,-0.10581058263778687,-0.04908738657832146,0.008726646192371845,-0.0018467430504829274,-0.0008567365169909828,0.00015230870871351518,-0.80810546875,0.09930419921875,0.050537109375,-0.57843017578125,1.000015620020229,2.291666666666667,-1.2249999999999996,-283.06666666666666,-0.1033333619435629,-0.45000002384185844,0.38999977111816264,-0.04518908614167544,0.0043792512389920065,-0.06936997316239395,-0.9906114904534409,-0.11855304960708325,0.05355960591831395,0.04201687785102181,79.8029452709089
1773306669140,-4,14.100000000000001,354.3,0.6000000000000001,2.366666666666667,9.466666666666667,0.017744180728609015,0.013671745807288915,0.013380857598623192,-1.75,12.8125,71.25,0.4699999988079071,2.069999933242798,9.470000267028809,-0.009817477315664291,-0.008726646192371845,-0.0010908307740464807,-0.00017134730339819656,-0.00015230870871351518,-0.000019038588589189398,-0.80792236328125,0.10003662109375,0.0523681640625,-0.578369140625,0.9999995790421077,2.25,-1.2875000000000014,-283.05,-0.13000000119209298,-0.2966667334238693,0.0033336003621418087,-0.017915528032007213,-0.01382405451600243,-0.01339989618721238,-0.9903951053660011,-0.12078684263227364,0.05359349930376757,0.04069165450520883,79.76678587698956
1773306669240,-4,14,354.40000000000003,0.6333333333333334,2.2833333333333337,9.500000000000002,0.07417649320975901,0.027343491614577827,0.05992297098513865,-1.6875,12.875,71.3125,0.3199999928474426,2.0899999141693115,9.489999771118164,0.029452430084347725,0.018544122576713562,0.03272492438554764,0.000514041877685299,0.0003236559958570664,0.0005711576779939885,-0.807373046875,0.0999755859375,0.0533447265625,-0.57904052734375,0.9999899733308947,2.3125,-1.125,-283.08750000000003,-0.3133333404858908,-0.19333341916402214,-0.010000228881837714,-0.07366245133207372,-0.02701983561872076,-0.05935181330714466,-0.9905495106012621,-0.1199575724495462,0.052704215907653826,0.04054766929394917,79.81469342989323
1773306669339,-3.7400000000000007,14.2,354.54,0.6166666666666668,2.2833333333333337,9.666666666666666,-0.041887902047863926,-0.0058177641733144336,-0.014253522224620363,-1.1875,13.25,71.5,-0.09000000357627869,2.319999933242798,9.670000076293945,0.07526732236146927,0.047996554523706436,-0.014180799946188927,0.0013136625943675924,0.0008376979060516561,-0.0002475016496276315,-0.80609130859375,0.100341796875,0.058837890625,-0.58026123046875,1.0000083334396745,2.5525000000000007,-0.9499999999999993,-283.04,-0.7066666702429455,0.03666659990946419,0.003333409627279238,0.043201564642231516,0.006655462079366089,0.014006020574992731,-0.9904857300557066,-0.12185312740702944,0.05126783387890728,0.03822882559672676,79.82436215469762
1773306669439,-3.766666666666667,14.333333333333334,354.5,0.6333333333333334,2.45,9.250000000000002,0.01512618685061752,-0.0023271056693257726,0.004072434921320105,-1.375,13.3125,71.5,0.11999999731779099,2.4100000858306885,9.210000038146973,-0.09926559776067734,-0.062177352607250214,-0.003272492438554764,-0.0017325115148841296,-0.001085199523169997,-0.00005711576779939885,-0.8062744140625,0.1015625,0.0576171875,-0.5799560546875,1.0000310684384652,2.391666666666667,-1.020833333333334,-283,-0.5133333360155424,-0.0399999141693117,-0.03999996185302912,-0.01685869836550165,0.0012419061461557757,-0.004129550689119504,-0.9903127762359699,-0.12298058327947199,0.05167289879674702,0.03855246931115959,79.9023096463809
1773306669539,-3.75,14.25,354.5,0.6333333333333334,2.3833333333333337,9.583333333333336,-0.002327105669325771,-0.0034906585039886587,-0.011926416555294589,-1.375,13.1875,71.5,0.1899999976158142,2.3299999237060547,9.369999885559082,0.018544122576713562,-0.029452430084347725,0.009817477315664291,0.0003236559958570664,-0.000514041877685299,0.00017134730339819656,-0.80621337890625,0.10076904296875,0.05731201171875,-0.58013916015625,0.999990262043746,2.375,-1.0625,-283,-0.4433333357175192,-0.05333340962727906,-0.21333344777425367,0.0026507616651828374,0.0029766166263033595,0.012097763858692785,-0.9904098159309539,-0.12226760035502378,0.051635767374866984,0.038376789061190984,79.8551540963733
1773306669639,-3.6500000000000004,14.25,354.5,0.6166666666666668,2.4000000000000004,9.4,0.02763437982324355,-0.01454441043328608,0.012217304763960305,-1.375,13.1875,71.4375,0.23999999463558197,2.25,9.40999984741211,-0.06435901671648026,-0.047996554523706436,-0.038179077208042145,-0.0011232767450486503,-0.0008376979060516561,-0.0006663506026534595,-0.8065185546875,0.10040283203125,0.05731201171875,-0.579833984375,1.0000225116758859,2.2750000000000004,-1.0625,-283.0625,-0.37666667203108484,-0.15000000000000036,0.00999984741210902,-0.0287576565682922,0.013706712527234424,-0.012883655366613764,-0.9904429288728966,-0.12231261450088052,0.05152904911723266,0.03751247894649031,79.69863015800419
1773306669739,-3.5,14.3,354.35,0.5333333333333333,2.4000000000000004,9.516666666666667,0.049160107264506946,-0.023561944901923444,0.023561944901923447,-1.1875,13.1875,71.4375,0.18000000715255737,2.2799999713897705,9.460000038146973,-0.02508910745382309,-0.04581489413976669,-0.03490658476948738,-0.0004378875314558641,-0.0007996207491915839,-0.0006092348348540607,-0.806640625,0.099853515625,0.058349609375,-0.57965087890625,1.0000198202106125,2.3125,-1.1125000000000007,-282.9125,-0.35333332618077595,-0.12000002861022985,-0.05666662851969484,-0.04959799479596281,0.02276232415273186,-0.024171179736777508,-0.9903683185370552,-0.12276475449842819,0.05267593858483079,0.03639579900529466,79.54519255884088
1773306669840,-3,14.666666666666666,354.2666666666667,0.4000000000000001,2.45,9.516666666666667,0.20653062815266235,-0.024143721319254897,0.18995000025871622,-0.6875,13.5625,71.375,0.14000000059604645,2.200000047683716,9.539999961853027,-0.12217304855585098,-0.13962633907794952,-0.010908307507634163,-0.002132321954498503,-0.002436939339416243,-0.00019038588182823261,-0.8067626953125,0.09954833984375,0.0638427734375,-0.5789794921875,1.000034534707389,2.3125,-1.104166666666666,-282.8916666666667,-0.25999999940395363,-0.24999995231628436,0.023333295186359848,-0.20866295010716085,0.021706781979838653,-0.19014038614054446,-0.9900726593632435,-0.12613978456781647,0.052922910395609944,0.03231175460785069,79.13627777729103
1773306669939,-1.55,15.950000000000001,354.20000000000005,0.2166666666666667,2.733333333333334,9.433333333333334,0.2783800156930955,-0.013380857598623194,0.29990574313435897,0.6875,14.8125,71.5,-0.12999999523162842,2.440000057220459,9.520000457763672,-0.3937899172306061,-0.4210606813430786,-0.004363323096185923,-0.0068729306168300265,-0.007348895240127382,-0.00007615435435675759,-0.8050537109375,0.10113525390625,0.08087158203125,-0.57891845703125,1.0000133047857922,2.2375,-1.137500000000001,-282.70000000000005,-0.3466666618982951,-0.29333327611287485,0.0866671244303383,-0.28525294630992554,0.006031962358495812,-0.29998189748871573,-0.9888750220950626,-0.13787295217049964,0.05197324932793859,0.020396595073115274,78.47169859516191
1773306670039,-0.54,17.060000000000002,354.20000000000005,0,2.9166666666666665,9.383333333333333,0.05497787143782139,-0.0034906585039886596,0.10530153153699123,1.8125,16.125,71.5625,-0.3799999952316284,2.7300000190734863,9.399999618530273,-0.05999569222331047,-0.023998277261853218,-0.027270769700407982,-0.0010471223663099248,-0.00041884895302582805,-0.00047596472082522687,-0.8033447265625,0.104248046875,0.09515380859375,-0.57855224609375,1.0000036768547649,2.3525,-0.9350000000000023,-282.63750000000005,-0.3799999952316284,-0.1866666475931802,0.016666285196940578,-0.05602499380413131,0.0030718095509628318,-0.10577749625781646,-0.9876255286891514,-0.14789986382795084,0.05073082030823592,0.012158504513349572,78.24868520390679
1773306670139,-0.07500000000000001,17.85,354.20000000000005,-0.11666666666666665,3.0500000000000003,9.316666666666668,0.06021385919380436,0.0023271056693257726,0.13119058210824044,2.1875,16.6875,71.625,-0.5299999713897705,2.7799999713897705,9.420000076293945,-0.16798794269561768,-0.11344639956951141,-0.0054541537538170815,-0.002931942703690087,-0.001980013197021052,-0.00009519294091411631,-0.80242919921875,0.1065673828125,0.1009521484375,-0.57843017578125,1.0000110156227406,2.2625,-1.1625000000000014,-282.57500000000005,-0.41333330472310387,-0.27000002861022976,0.1033334096272771,-0.06314580189749446,-0.0043071188663468245,-0.13128577504915456,-0.9866217809314018,-0.15491002432558676,0.05008177333884647,0.008494806321019371,78.33044431355583
1773306670239,0.22000000000000003,18.4,354.22,-0.13333333333333333,3.1500000000000004,9.183333333333332,0.03985168458720386,0.017744180728609015,0.0756309342530876,2.1875,16.6875,71.625,-0.5299999713897705,2.7799999713897705,9.420000076293945,-0.16798794269561768,-0.11344639956951141,-0.0054541537538170815,-0.002931942703690087,-0.001980013197021052,-0.00009519294091411631,-0.80242919921875,0.1065673828125,0.1009521484375,-0.57843017578125,1.0000110156227406,1.9675,-1.7124999999999986,-282.595,-0.3966666380564372,-0.37000002861022985,0.23666674296061352,-0.042783627290893946,-0.019724193925630067,-0.07572612719400172,-0.9858944567035587,-0.15977310365505873,0.049463407013423874,0.006168221481851018,78.29751221382988
1773306670339,0.46666666666666673,18.933333333333334,354.3,-0.11666666666666665,3.1666666666666665,9.35,0.0430514548825268,0.016871516102611853,0.10617419616298837,2.75,18,71.8125,-0.5899999737739563,2.990000009536743,9.380000114440918,-0.11671889573335648,-0.06544984877109528,0.003272492438554764,-0.002037129029839032,-0.001142315355987977,0.00005711576779939885,-0.79998779296875,0.1121826171875,0.11163330078125,-0.5787353515625,0.9999810045643549,2.283333333333333,-0.9333333333333336,-282.4875,-0.47333330710728966,-0.17666665712992335,0.030000114440918324,-0.04508858391236583,-0.01801383145859983,-0.10611708039518897,-0.9851865618067281,-0.16446871391336484,0.04837485598101481,0.004165799795702543,78.81038597252655
1773306670439,0.5333333333333333,19.46666666666667,354.4333333333334,-0.08333333333333333,3.2833333333333337,9.250000000000002,-0.02879793265790644,0.015126186850617522,0.12333660047426595,2.75,18.4375,71.9375,-0.4000000059604645,3.009999990463257,9.3100004196167,-0.10908307880163193,0.038179077208042145,0.03272492438554764,-0.0019038588833009075,0.0006663506026534595,0.0005711576779939885,-0.798828125,0.11541748046875,0.1141357421875,-0.5792236328125,0.9999872761900379,2.216666666666667,-1.0291666666666686,-282.4958333333334,-0.31666667262713116,-0.2733333428700768,0.06000041961669744,0.026894073774605533,-0.014459836247964063,-0.12276544279627197,-0.9844701119856746,-0.16908428937725092,0.047073788961715456,0.0036276832126354063,79.2601239197344
1773306670539,0.3333333333333333,20.033333333333335,354.5,-0.05000000000000001,3.366666666666667,9.133333333333333,-0.03199770295322938,0.004072434921320102,0.03112503832723221,2.5625,19.0625,71.9375,-0.4000000059604645,3.200000047683716,8.970000267028809,-0.02508910745382309,0.0872664600610733,-0.006544984877109528,-0.0004378875314558641,0.001523087054625861,-0.0001142315355987977,-0.798095703125,0.12054443359375,0.115966796875,-0.578857421875,1.000005962309348,2.2291666666666665,-0.970833333333335,-282.5625,-0.3500000059604645,-0.16666661898295132,-0.16333306630452427,0.03155981542177352,-0.0025493478666942407,-0.031239269862831008,-0.9836432526902891,-0.17387103396180548,0.046741235592428466,0.005483783476201991,79.94937010189165
1773306670639,0.10000000000000002,20.3,354.56666666666666,-0.09999999999999999,3.466666666666667,9.333333333333334,-0.0727220521664304,0.0322885911618951,0.08435758051305926,2.5,19.25,71.9375,-0.5899999737739563,3.2200000286102295,9.289999961853027,-0.06544984877109528,0.008726646192371845,-0.0054541537538170815,-0.001142315355987977,0.00015230870871351518,-0.00009519294091411631,-0.79779052734375,0.122314453125,0.1163330078125,-0.57879638671875,0.9999845883552758,2.4,-1.0500000000000007,-282.62916666666666,-0.4899999737739563,-0.2466666380564373,-0.04333337148030658,0.07157973681044243,-0.032136282453181585,-0.08445277345397338,-0.9832504022060014,-0.17606839276145908,0.046501608838818556,0.007494531842264949,80.37017245746698
1773306670739,-0.45,21.066666666666666,354.7166666666667,0.06666666666666668,3.633333333333333,9.416666666666668,-0.19227710592804195,0.048287442638509794,0.39618974020271286,2,19.8125,72.0625,-0.3100000023841858,3.140000104904175,9.609999656677246,-0.28034350275993347,0.1385355144739151,0.0021816615480929613,-0.004892917159734649,0.0024179008585140786,0.000038077177178378795,-0.7967529296875,0.12872314453125,0.115478515625,-0.57904052734375,1.0000040493823557,2.45,-1.2541666666666664,-282.6541666666667,-0.37666666905085244,-0.49333322842915805,0.19333299001057824,0.1873841887683073,-0.045869541779995714,-0.3961516630255345,-0.9820632857604902,-0.18243391215524257,0.04602955118770016,0.012282136398122789,81.56722685740766
1773306670839,-1.1666666666666667,23.51666666666667,355.05,0.23333333333333336,3.9500000000000006,8.633333333333333,0.13235413494290335,0.02443460952792062,0.5605415780988455,1.125,23.25,72.125,-0.10000000149011612,3.7200000286102295,8.829999923706055,-0.664315938949585,-0.16253378987312317,0.055632367730140686,-0.011594500408147898,-0.002836749779030616,0.0009709679875711992,-0.791748046875,0.15716552734375,0.12689208984375,-0.5765380859375,1.0000318693506756,2.291666666666667,-0.26666666666666927,-282.925,-0.3333333348234495,-0.22999997138977113,0.19666659037272183,-0.14394863535105124,-0.027271359306951237,-0.5595706101112743,-0.9779622925001448,-0.20315307412294148,0.04434787946007207,0.01875762537356435,85.01583291562706
1773306670940,-0.4666666666666666,26.28333333333333,355.2166666666667,0.03333333333333333,4.366666666666667,8.566666666666668,0.09279333856436518,0.016289739685280406,0.23387411976724015,1.125,23.25,72.125,-0.10000000149011612,3.7200000286102295,8.829999923706055,-0.664315938949585,-0.16253378987312317,0.055632367730140686,-0.011594500408147898,-0.002836749779030616,0.0009709679875711992,-0.791748046875,0.15716552734375,0.12689208984375,-0.5765380859375,1.0000318693506756,1.5916666666666666,-3.0333333333333314,-283.0916666666667,-0.13333333482344945,-0.6466666380564376,0.2633332570393865,-0.10438783897251308,-0.019126489464311024,-0.23290315177966894,-0.9729159009906944,-0.22699411551036838,0.0415622169989232,0.013450027556310034,85.86644283991082
1773306671039,0.15,27.633333333333336,355.31666666666666,-0.05000000000000001,4.633333333333334,8.6,0.12944525285624608,0.012508192972626028,0.2571451764604979,2.5625,27,72.625,-0.550000011920929,4.480000019073486,8.75,-0.29997846484184265,-0.1799870729446411,-0.006544984877109528,-0.005235611896568205,-0.0031413670339111932,-0.0001142315355987977,-0.78338623046875,0.1746826171875,0.1571044921875,-0.57537841796875,0.9999750737719546,2.4125,-0.6333333333333364,-282.69166666666666,-0.5000000119209289,-0.15333331425984742,0.15000000000000036,-0.1346808647528143,-0.015649560006537222,-0.2572594079960967,-0.9702659023665143,-0.23866824638817627,0.03936379001672469,0.008487573646548976,87.94016646260285
1773306671139,0.8500000000000001,29.05,355.40000000000003,-0.21666666666666667,4.9333333333333345,8.65,0.2478367537831948,0.01832595714594046,0.4386594186679082,3,28.1875,72.875,-0.3499999940395355,4.340000152587891,8.880000114440918,-0.32615840435028076,-0.18762288987636566,0.006544984877109528,-0.005692538038963396,-0.0032746371804493173,0.0001142315355987977,-0.78021240234375,0.179931640625,0.16668701171875,-0.57537841796875,0.9999758356125202,2.15,-0.8625000000000007,-282.52500000000003,-0.13333332737286885,-0.5933331807454438,0.2300001144409176,-0.2535292918221582,-0.021600594326389777,-0.4385451871323094,-0.9673064921293447,-0.2508816389285895,0.036989194835395804,0.0028901554207547936,88.86664189827461
1773306671239,1.6000000000000003,31.200000000000003,355.5666666666666,-0.25000000000000006,5.183333333333334,8.15,-0.09715666169435101,0.048287442638509794,0.10268353765899974,4,30.6875,73.25,-0.8999999761581421,5.170000076293945,8.15999984741211,-0.23998276889324188,0.05672319978475571,0.021816615015268326,-0.004188489465239699,0.000990006598510526,0.00038077176365646523,-0.77349853515625,0.190673828125,0.18701171875,-0.57476806640625,0.9999941028480693,2.3999999999999995,-0.5125000000000028,-282.3166666666666,-0.6499999761581421,-0.013333257039388258,0.00999984741210902,0.09296817222911131,-0.047297436039999266,-0.10230276589534328,-0.9624932509367049,-0.2692125387323103,0.033498136538009024,-0.0030373901755499175,90.9587977793252
1773306671340,1.2166666666666666,31.900000000000006,355.81666666666666,-0.23333333333333336,5.283333333333333,8.35,0.028797932657906443,0.06283185307179587,0.16057029118347835,4,30.6875,73.25,-0.8999999761581421,5.170000076293945,8.15999984741211,-0.23998276889324188,0.05672319978475571,0.021816615015268326,-0.004188489465239699,0.000990006598510526,0.00038077176365646523,-0.77349853515625,0.190673828125,0.18701171875,-0.57476806640625,0.9999941028480693,2.783333333333333,-1.2125000000000057,-282.56666666666666,-0.6666666428248087,-0.1133332570393879,-0.19000015258789027,-0.03298642212314614,-0.06184184647328534,-0.16018951941982187,-0.9609135616846735,-0.27497241144182183,0.032175614105324296,-0.00017254938453071383,91.6341242695282
1773306671440,0.8000000000000002,32.65,356.23333333333335,-0.0666666666666667,5.333333333333333,8.383333333333335,-0.1722058195301072,0.06661339978445024,0.13846278732488349,2.875,31.9375,73.5625,-0.550000011920929,5.159999847412109,8.420000076293945,-0.12435470521450043,0.14617131650447845,0.0872664600610733,-0.002170399046339994,0.0025511707449778777,0.001523087054625861,-0.76983642578125,0.204833984375,0.18572998046875,-0.57525634765625,1.0000102873362446,2.0749999999999997,-0.7124999999999986,-282.67083333333335,-0.48333334525426225,-0.17333348592122366,0.036666742960610677,0.17003542048376719,-0.06406222903947237,-0.13693970027025762,-0.9592054501852669,-0.2811469778826478,0.029577404619730744,0.0025413182197486246,93.5485488299994
1773306671556,0.1142857142857143,33.357142857142854,356.35714285714283,-0.07142857142857142,5.300000000000002,7.585714285714286,-0.09125578660427493,-0.026927937030769664,-0.06083719106951664,2.375,32.625,73.4375,-0.6800000071525574,5.099999904632568,8.079999923706055,-0.09817477315664291,-0.2148936688899994,-0.12544554471969604,-0.0017134730339819655,-0.0037506020638209975,-0.002189437787316483,-0.7691650390625,0.21185302734375,0.18695068359375,-0.57318115234375,0.9999918769715124,2.2607142857142857,-0.7321428571428541,-282.91964285714283,-0.608571435723986,-0.20000009536743324,0.4942856379917684,0.08954231357029296,0.023177334966948668,0.058647753282200156,-0.9574545212470231,-0.2868874884968191,0.030161284628095794,0.00816734946015927,94.83986286354774
1773306671656,-1.1,32.42,356.62,0.20000000000000004,5.300000000000001,8.45,-0.23561944901923448,0.12333660047426596,-0.18209601862474173,1.5,31.6875,73.3125,-0.27000001072883606,4.849999904632568,8.600000381469727,0.30979594588279724,0.1941678822040558,0.1079922467470169,0.005406959264984983,0.003388868846085278,0.001884820272361581,-0.77191162109375,0.2109375,0.17401123046875,-0.57391357421875,0.9999994393436529,2.6,-0.7325000000000017,-283.3075,-0.4700000107288361,-0.45000009536743235,0.15000038146972727,0.24102640828421948,-0.11994773162818069,0.18398083889710332,-0.9597040420818569,-0.27875257886118965,0.030996560538972494,0.017446048972064022,94.72017778436381
1773306671756,-3.2833333333333337,31.416666666666668,357.3,0.5333333333333333,5.2,8.450000000000001,-0.6431538293599105,0.1495165392541809,-0.2681989283897953,-0.125,30.75,73.5,-0.23000000417232513,5.110000133514404,8.720000267028809,0.2312561273574829,0.4777838885784149,0.09817477315664291,0.004036180837799411,0.00833890196867507,0.0017134730339819655,-0.77264404296875,0.2132568359375,0.15753173828125,-0.57684326171875,1.0000108461238848,3.1583333333333337,-0.6666666666666679,-283.8,-0.7633333375056585,-0.08999986648559588,0.27000026702880753,0.6471900101977099,-0.14117763728550584,0.26991240142377726,-0.9618074232680053,-0.26990447017228203,0.030424728270463858,0.03394692088022668,95.74439031557476
1773306671856,-7.45,29.566666666666674,358.0833333333333,1.1666666666666667,4.783333333333334,7.916666666666667,-0.8784823901704792,0.2719804751024497,-0.7007496946757232,-0.125,30.75,73.5,-0.23000000417232513,5.110000133514404,8.720000267028809,0.2312561273574829,0.4777838885784149,0.09817477315664291,0.004036180837799411,0.00833890196867507,0.0017134730339819655,-0.77264404296875,0.2132568359375,0.15753173828125,-0.57684326171875,1.0000108461238848,7.325,1.1833333333333265,-284.5833333333333,-1.3966666708389919,0.3266668001810702,0.8033336003621416,0.8825185710082787,-0.2636415731337746,0.7024631677097052,-0.964442728452829,-0.2535391889300264,0.032712619800309664,0.0670670389756958,97.77067466475457
1773306671959,-12.800000000000002,25.183333333333337,358.8,2.466666666666667,3.816666666666667,8.783333333333333,-0.9157160808796916,0.2193297093339541,-0.9096074284977116,-11.5,22.9375,73.125,2.4700000286102295,3.1700000762939453,9.170000076293945,1.1453722715377808,1.162825584411621,0.2617993950843811,0.01999051729938081,0.020295135074410036,0.004569261423951908,-0.7835693359375,0.21832275390625,0.0345458984375,-0.5806884765625,1.0000191273201102,1.3000000000000025,-2.245833333333337,-285.675,0.003333361943562707,-0.6466665903727216,0.3866667429606121,0.9357065981790724,-0.19903457425954407,0.9141766899216635,-0.9695586428145716,-0.21549161361481123,0.034455269879733616,0.11105060550382256,99.0111312332027
1773306672073,-17.88571428571429,20.24285714285714,358.3714285714286,3.057142857142857,3.342857142857143,8.957142857142857,-0.5854332976689551,0.0531078758106846,-0.4976681695686688,-14.9375,20.0625,72.4375,2.200000047683716,3.4700000286102295,8.970000267028809,0.5890486240386963,0.7330383062362671,-0.008726646192371845,0.010280837943817468,0.012793931987065342,-0.00015230870871351518,-0.78790283203125,0.21527099609375,-0.006103515625,-0.576904296875,0.9999941475518156,2.9482142857142897,-0.18035714285714022,-285.9339285714286,-0.8571428094591411,0.12714288575308652,0.012857409885951299,0.5957141356127726,-0.04031394382361926,0.49751586085995525,-0.9719841341302065,-0.17140634224772072,0.0411353714309552,0.155481799750477,100.56823839799469
1773306672172,-20.55,18.016666666666666,357.65000000000003,3.5333333333333337,2.9000000000000004,8.883333333333335,-0.3185225884889652,-0.02879793265790644,-0.15998851476614687,-18,17.8125,71.875,3.059999942779541,2.819999933242798,8.9399995803833,0.34470251202583313,0.5137813091278076,-0.01745329238474369,0.0060161937747461374,0.00896717547948704,-0.00030461741742703036,-0.79052734375,0.2139892578125,-0.04058837890625,-0.5723876953125,0.9999999869614838,2.5500000000000007,-0.20416666666666572,-285.77500000000003,-0.47333339055379264,-0.0800000667572025,0.056666247049966145,0.32453878226371136,0.03776510813739348,0.15968389734871985,-0.971049273947487,-0.1504220404899827,0.04785186679369219,0.17929505332062917,101.76928575331769
1773306672272,-21.64,17.759999999999998,357.3,3.633333333333333,2.85,8.566666666666668,-0.07824892813107913,-0.04712388980384691,0.06835872903644458,-18.875,17.8125,71.375,2.9100000858306885,2.9200000762939453,8.600000381469727,-0.020725784823298454,0.11453723162412643,-0.1079922467470169,-0.0003617331852264292,0.0019990518079603787,-0.001884820272361581,-0.79193115234375,0.2177734375,-0.04827880859375,-0.568359375,0.9999717209214912,2.7650000000000006,0.05250000000000199,-285.925,-0.7233332475026444,0.07000007629394522,0.033333714803058356,0.0778871949458527,0.04912294161180729,-0.07024354930880616,-0.9694965998531101,-0.14720935878823393,0.05183363979690954,0.1889947653873509,102.51860267300356
1773306672373,-22,18.450000000000003,357.4,3.733333333333334,2.866666666666667,8.666666666666666,0.09861110273767965,-0.0875573508083822,0.29263353791771596,-19.0625,18.625,71.25,3.3399999141693115,2.6700000762939453,8.880000114440918,-0.23998276889324188,-0.030543262138962746,-0.054541539400815964,-0.004188489465239699,-0.0005330804886246258,-0.0009519294416504537,-0.79156494140625,0.2239990234375,-0.04608154296875,-0.566650390625,0.9999833962432974,2.9375,0.17499999999999716,-286.15,-0.3933334191640223,-0.19666659037272183,0.2133334477742519,-0.10279959220291934,0.08702427031975757,-0.2935854673593664,-0.9679878441077054,-0.15305304775838904,0.05256354352169082,0.19186289929016562,103.25082710106088
1773306672473,-21.633333333333336,19.566666666666666,357.7,3.6999999999999997,3.2166666666666672,8.9,0.6559529105412022,-0.1521345331321724,0.7109307819790236,-18.3125,20.25,71.1875,3.5399999618530273,2.7100000381469727,8.899999618530273,-0.18653206527233124,-0.09599310904741287,-0.030543262138962746,-0.0032555986995471534,-0.0016753958121033122,-0.0005330804886246258,-0.79083251953125,0.23175048828125,-0.03302001953125,-0.56549072265625,0.9999972209295758,3.3208333333333364,0.6833333333333336,-286.5125,-0.1600000381469724,-0.5066666285196946,-3.8146972691777137e-7,-0.6592085092407494,0.15045913732006908,-0.7114638624676483,-0.9671134798693238,-0.16315846883501922,0.05130916151307057,0.18825036798711653,103.53345218449736
1773306672573,-16.083333333333332,25.5,358.23333333333335,2.266666666666667,4.516666666666667,8.1,1.5428710587629877,-0.5387249624489163,1.4631676895885795,-11.3125,26.5625,71.8125,2.130000114440918,4.119999885559082,8.4399995803833,-1.778054118156433,-1.8675023317337036,-0.5345070958137512,-0.031032898640474045,-0.03259406447742451,-0.009328908697222759,-0.78472900390625,0.2430419921875,0.05059814453125,-0.5679931640625,1.0000227128370132,4.770833333333332,1.0625,-286.42083333333335,-0.13666655222574908,-0.3966667811075846,0.33999958038330114,-1.5739039574034617,0.5061308979714918,-1.4724965982858023,-0.9651606471157065,-0.21639777789944298,0.04575887474746666,0.13979646762783288,102.23759747823102
1773306672672,-7.716666666666669,33.050000000000004,357.15000000000003,0.7666666666666666,5.550000000000001,7.666666666666667,1.0582513031258953,-0.3508111796508603,0.8962265708990882,-3.375,33.0625,71.8125,0.019999999552965164,5.639999866485596,7.650000095367432,-1.2239121198654175,-1.5369805097579956,-0.3937899172306061,-0.021361296246715032,-0.026825370434257857,-0.0068729306168300265,-0.7763671875,0.2484130859375,0.1417236328125,-0.56170654296875,1.0000274494248287,4.341666666666669,0.012499999999995737,-285.33750000000003,-0.7466666671137014,0.08999986648559499,-0.016666571299235322,-1.0796125993726104,0.3239858092166024,-0.9030995015159182,-0.9557510253320443,-0.28209697141425927,0.04292071899476343,0.07154780343673331,100.739430889063
1773306672773,-2.016666666666667,37.26666666666667,355.53333333333336,0.18333333333333335,5.983333333333334,7.5,0.39240819349005845,-0.2513274122871834,0.31066860685499065,1.6875,37.0625,71.75,-0.1899999976158142,5.900000095367432,7.730000019073486,-0.4559672772884369,-0.5475970506668091,-0.2454369217157364,-0.007958130270037186,-0.009557371508346029,-0.00428368238989917,-0.7681884765625,0.24859619140625,0.1990966796875,-0.555419921875,1.000022189445477,3.704166666666667,-0.20416666666667282,-283.78333333333336,-0.37333333094914756,-0.08333323796590264,0.23000001907348633,-0.4003663237600956,0.24177004077883738,-0.3149522892448898,-0.9464971793780534,-0.31856868293726953,0.04253919631049668,0.029111861126683937,100.38751973188148
1773306672872,0.45,38.45,353.8,0.18333333333333332,5.933333333333334,7.266666666666667,-0.053814318603158495,-0.2897246558310588,-0.0645771823237902,4,38.25,70.6875,-0.05999999865889549,5.710000038146973,7.380000114440918,0.03163409233093262,0.05890486016869545,-0.28034350275993347,0.0005521190670546618,0.001028083755370598,-0.004892917159734649,-0.7703857421875,0.2452392578125,0.2197265625,-0.54595947265625,0.9999939966766641,3.55,-0.20000000000000284,-283.1125,-0.2433333319922288,-0.22333329518636091,0.11333344777425136,0.05436643767021316,0.2907527395864294,0.05968426516405555,-0.9429137191268157,-0.328994822229605,0.04977141564816542,0.014104304765742206,99.07344296813443
1773306672972,0.9666666666666667,38,351.78333333333336,-0.08333333333333337,5.95,7.699999999999999,-0.17744180728609016,-0.42033346152196766,-0.18122335399874454,4.75,37.375,68.5625,-0.47999998927116394,5.730000019073486,7.78000020980835,0.1898045539855957,0.14071716368198395,-0.4985096752643585,0.003312714402327971,0.0024559778203184068,-0.00870063518641079,-0.78228759765625,0.23944091796875,0.2164306640625,-0.53277587890625,0.9999991040672819,3.783333333333333,-0.625,-283.22083333333336,-0.39666665593783057,-0.21999998092651385,0.08000020980835032,0.18075452168841813,0.4227894393422861,0.17252271881233375,-0.9432521478419315,-0.3252914375061524,0.06499759451626289,0.015368115820218707,96.49932088115682
1773306673075,1.7666666666666666,37.21666666666667,348.86666666666673,-0.65,6.2,7.783333333333334,-0.017744180728609015,-0.42876921957327363,-0.015707963267948967,5.6875,36.3125,65.6875,-0.8899999856948853,5.860000133514404,7.880000114440918,0.021816615015268326,0.023998277261853218,-0.5334162712097168,0.00038077176365646523,0.00041884895302582805,-0.009309870216320595,-0.797607421875,0.23284912109375,0.2122802734375,-0.51434326171875,1.0000041089867573,3.9208333333333334,-0.9041666666666686,-283.17916666666673,-0.23999998569488523,-0.3399998664855959,0.09666678110758387,0.01812495249226548,0.4291880685262995,0.006398093051628372,-0.9436176542702873,-0.31897182654995665,0.0870256397295921,0.016408365137342625,92.99307195611732
1773306673189,4.283333333333334,37.333333333333336,345.2666666666667,-1.0285714285714287,6.028571428571429,7.6428571428571415,-0.027426602531339463,-0.22190614775356474,-0.058842529067237394,6.8125,36.0625,63.8125,-1.690000057220459,5.920000076293945,8.029999732971191,0.06108652427792549,0.029452430084347725,-0.34033921360969543,0.0010661609772492516,0.000514041877685299,-0.005940039851137481,-0.80584716796875,0.2283935546875,0.21624755859375,-0.50164794921875,0.9999834726130136,2.529166666666666,-1.2708333333333357,-281.4541666666667,-0.6614286286490303,-0.10857135227748405,0.38714259011404994,0.028492763508588714,0.22242018963125004,0.05290248921609991,-0.940454051591769,-0.3217378656917867,0.10952693661737702,0.00589684491344615,90.3237557156057
1773306673289,5.466666666666668,36.6,343.65000000000003,-0.9666666666666668,5.483333333333333,7.433333333333334,-0.3127048243156507,-0.0753400460444219,-0.6885323899117629,7.3125,35.4375,62.8125,-1.6399999856948853,5.679999828338623,7.639999866485596,0.3021601140499115,0.07744898647069931,-0.1494438201189041,0.005273688858372533,0.0013517398162462457,-0.0026082867078330205,-0.8114013671875,0.22344970703125,0.21514892578125,-0.495361328125,0.9999869278709024,1.8458333333333323,-1.1625000000000014,-280.83750000000003,-0.6733333190282185,0.19666649500528965,0.20666653315226213,0.31797851317402326,0.07669178586066815,0.6859241032039299,-0.9408377757598512,-0.3168862665895296,0.12003052257363597,-0.00021771749025177592,88.13495473800394
1773306673389,2.6333333333333333,31.550000000000008,343.8666666666666,-0.4833333333333334,4.783333333333334,8.483333333333334,-0.7406013792629272,0.11344640137963143,-1.2057316249194159,4.6875,29.5625,62.125,-0.6299999952316284,4.449999809265137,8.289999961853027,1.368992567062378,0.9490227699279785,0.1276271939277649,0.02389342773056777,0.016563572011639854,0.0022275147491208113,-0.82769775390625,0.19647216796875,0.16796875,-0.49810791015625,1.0000049378600995,2.0541666666666667,-1.9875000000000078,-281.7416666666666,-0.14666666189829503,-0.3333335240681974,-0.19333337148030694,0.764494806993495,-0.09688282936799157,1.2079591396685367,-0.9534398469164631,-0.2722023438221004,0.12881943251197256,0.016244880330734613,82.9532875798799
1773306673489,-1.616666666666667,25.25,344.59999999999997,0.35000000000000003,4.000000000000001,9.6,-1.024799159129337,0.26209027600781515,-1.236274886829317,0.5,22.8125,62,0.019999999552965164,3.5899999141693115,9.239999771118164,1.2664545774459839,0.9490227699279785,0.18653206527233124,0.02210380220338594,0.016563572011639854,0.0032555986995471534,-0.84033203125,0.16717529296875,0.1058349609375,-0.50469970703125,1.0000141671786507,2.116666666666667,-2.4375,-282.59999999999997,-0.33000000044703487,-0.41000008583068936,-0.3600002288818356,1.046902961332723,-0.2455267039961753,1.239530485528864,-0.9665133185272703,-0.21473217390490942,0.13378927070526583,0.042924697362105114,79.50934442282127
1773306673589,-7.983333333333333,18.38333333333333,345.8333333333333,1.4000000000000001,2.9500000000000006,9.6,-0.6335545184739417,0.2609267231731523,-0.5416338445355736,-5.1875,16.875,62.375,1.2300000190734863,2.7200000286102295,9.619999885559082,0.7374016046524048,0.8661196231842041,0.2258019745349884,0.012870085910674,0.015116639140696974,0.0039409879131399395,-0.84552001953125,0.14886474609375,0.03656005859375,-0.51141357421875,0.9999726485445777,2.7958333333333334,-1.5083333333333293,-283.4583333333333,-0.1699999809265138,-0.22999997138977113,0.019999885559082387,0.6464246043846157,-0.24581008403245533,0.5455748324487135,-0.975877785795171,-0.1496601819487568,0.13246881376651573,0.08784298782413766,80.5830396501798
1773306673689,-11.166666666666666,15.566666666666668,346.78333333333336,1.9000000000000001,2.4166666666666665,9.1,-0.6408267236905847,0.31212304789831924,-0.5448336148308965,-5.1875,16.875,62.375,1.2300000190734863,2.7200000286102295,9.619999885559082,0.7374016046524048,0.8661196231842041,0.2258019745349884,0.012870085910674,0.015116639140696974,0.0039409879131399395,-0.84552001953125,0.14886474609375,0.03656005859375,-0.51141357421875,0.9999726485445777,5.979166666666666,1.3083333333333318,-284.40833333333336,-0.6699999809265138,0.303333361943563,0.5199998855590824,0.6536968096012586,-0.29700640875762224,0.5487746027440364,-0.9780188678747948,-0.1227958315685923,0.12656911403353552,0.11126786239992519,81.70814787460205
1773306673789,-14.483333333333336,12.533333333333333,347.5833333333333,2.4833333333333334,1.7166666666666666,8.916666666666666,-0.7263478570383068,0.24405520707054043,-0.6574073515845308,-12.6875,10.875,64.125,2.1700000762939453,1.6399999856948853,9.130000114440918,0.5650503635406494,0.7101308107376099,0.3534291684627533,0.009861989283375255,0.012394120767227994,0.006168502662260751,-0.8385009765625,0.13824462890625,-0.0447998046875,-0.525146484375,0.9999906587909475,1.795833333333336,-1.6583333333333332,-283.4583333333333,-0.3133332570393881,-0.07666668097178131,0.2133334477742519,0.7362098463216821,-0.23166108630331245,0.6635758542467916,-0.978824356893787,-0.09409966224891583,0.12031920196695392,0.13627700302743553,86.09622746163171
1773306673889,-18.01666666666667,8.833333333333334,347.8833333333334,3.116666666666667,1.3333333333333333,9.616666666666667,-0.39008108782073275,0.26470826988580665,-0.2556907354171693,-18.1875,5.8125,64.9375,3.2200000286102295,0.5699999928474426,9.640000343322754,0.607592761516571,0.6250460147857666,0.2934334874153137,0.01060449419974886,0.010909110934480788,0.0051213804910065705,-0.83209228515625,0.126708984375,-0.10736083984375,-0.52923583984375,1.0000248306142048,-0.17083333333333073,-3.020833333333334,-282.9458333333334,0.10333336194356235,-0.7633333404858906,0.023333676656086766,0.4006855820204816,-0.2537991589513259,0.2608121159081759,-0.9779602215392538,-0.05915807206033813,0.11592019340762318,0.1632686018723041,89.95175681023599
1773306673990,-18.61666666666667,9.233333333333334,349.8999999999999,3.1833333333333336,1.6000000000000003,9.333333333333334,0.8325220532012954,0.2879793265790644,1.0597057441692237,-18.8125,6.25,66.4375,3.809999942779541,0.7300000190734863,9.9399995803833,-0.9315694570541382,-0.5585053563117981,0.3534291684627533,-0.016258954236610626,-0.009747757357664972,0.006168502662260751,-0.8240966796875,0.134033203125,-0.10845947265625,-0.53961181640625,1.0000223030643036,-0.1958333333333293,-2.9833333333333343,-283.4624999999999,0.6266666094462074,-0.869999980926514,0.6066662470499669,-0.848781007437906,-0.29772708393672936,-1.053537241506963,-0.9786662492552011,-0.06492906346780138,0.09955244730577277,0.1675884826632855,91.69303508377865
1773306674089,-15.783333333333337,12.866666666666667,353.09999999999997,2.866666666666667,1.8500000000000003,8.833333333333334,0.33597588100890846,0.4878195259324152,0.4264421139039479,-14.875,10.8125,69.375,2.4200000762939453,1.9500000476837158,8.729999542236328,-0.29452431201934814,-0.07308565825223923,0.4974188208580017,-0.005140418971908734,-0.0012755853724889389,0.008681596185359975,-0.811767578125,0.149658203125,-0.05474853515625,-0.56182861328125,1.0000064857093773,0.9083333333333368,-2.054166666666667,-283.72499999999997,-0.44666659037272183,0.10000004768371551,-0.1033337910970058,-0.3411162999808172,-0.48909511130490413,-0.4177605177185879,-0.9815823649769264,-0.10257440771285231,0.07458844552746739,0.1428674751035295,91.6080091588114
1773306674191,-14.299999999999999,14.450000000000001,356.3833333333334,3.516666666666667,1.2833333333333334,8.733333333333333,0.23154701409791437,0.3167772592369708,0.09366600319036232,-13.0625,12.5,72.5,2.680000066757202,1.809999942779541,8.529999732971191,-0.7515823841094971,-0.8235772252082825,0.49960049986839294,-0.013117587202699434,-0.01437413422432337,0.008719673667312954,-0.79473876953125,0.15447998046875,-0.02459716796875,-0.58642578125,0.9999869967896715,1.237499999999999,-1.950000000000001,-283.8833333333334,-0.8366665999094649,0.5266666094462076,-0.2033336003621411,-0.2446646013006138,-0.3311513934612942,-0.08494632952304937,-0.9833611666176969,-0.12082944781029088,0.04670811684445455,0.12735545669890663,93.2112616625078
1773306674307,-14.883333333333335,13.1,357.7333333333334,3.3285714285714287,1.6,9.185714285714287,-0.21542349624615725,-0.03690124704216583,-0.3036872898470133,-12.9375,11.875,74.0625,3.359999895095825,1.149999976158142,9.210000038146973,0.2356194406747818,0.1439896672964096,0.10471975803375244,0.004112335021482392,0.0025130937831735495,0.0018277045695807633,-0.78912353515625,0.14947509765625,-0.02923583984375,-0.5950927734375,1.000024450643957,1.9458333333333346,-1.2249999999999996,-283.6708333333334,0.03142846652439646,-0.450000023841858,0.024285752432685825,0.21953583126763965,0.03941434082533938,0.3055149944165941,-0.9846199758613499,-0.11054230784264708,0.034255608593048,0.13088336254672073,94.06643508095395
1773306674423,-16.92857142857143,10.885714285714286,356.7428571428572,2.9857142857142853,1.9142857142857146,9.457142857142857,-0.32662590287322457,-0.12740903539558607,-0.2972046383396058,-14.5,9.8125,73.25,2.809999942779541,1.7300000190734863,9.619999885559082,0.36651915311813354,0.34579336643218994,-0.09381144493818283,0.006396965993532671,0.006035232775796952,-0.0016373185902246587,-0.79339599609375,0.14300537109375,-0.05169677734375,-0.58941650390625,1.0000060573036798,2.4285714285714306,-1.0732142857142861,-283.4928571428572,-0.1757143429347443,-0.18428569521222826,0.16285702841622474,0.33302286886675725,0.13344426817138302,0.29556731974938116,-0.9838536842735617,-0.0896175348881336,0.04193984999919545,0.1491364286951989,94.67194048029495
1773306674523,-18.51666666666667,9.733333333333334,355.53333333333336,3.133333333333333,1.5333333333333332,9.100000000000001,-0.18500490071139894,-0.1355539052382263,-0.13002702927357757,-16,8.6875,72.1875,2.9000000953674316,1.399999976158142,9.399999618530273,0.2727077007293701,0.3730641305446625,-0.11562806367874146,0.00475964727327085,0.006511197399094307,-0.0020180904188997054,-0.7979736328125,0.14208984375,-0.06951904296875,-0.58160400390625,1.0000237782452726,2.5166666666666693,-1.0458333333333343,-283.34583333333336,-0.23333323796590122,-0.13333335717519113,0.299999618530272,0.1897645479846698,0.1420651026373206,0.12800893885467787,-0.9821358797578215,-0.07742148767573946,0.05196160694820243,0.16344729530269383,95.2401195616025
1773306674622,-19.383333333333336,9.15,354.56666666666666,3.316666666666667,1.2333333333333334,9.033333333333333,-0.10501064332832548,-0.14922565104551516,-0.14864387462818374,-16.9375,8.25,71.25,2.630000114440918,1.5299999713897705,8.920000076293945,0.1494438201189041,0.20289452373981476,-0.13526301085948944,0.0026082867078330205,0.0035411774735255664,-0.002360784895658936,-0.8021240234375,0.14306640625,-0.07977294921875,-0.57421875,0.9999809207437275,2.4458333333333364,-0.9000000000000004,-283.31666666666666,-0.6866665522257489,0.2966666380564371,-0.1133332570393879,0.1076189300361585,0.15276682851904072,0.1462830897325248,-0.9808464702672232,-0.07058355527794502,0.059984558406714066,0.17134764731797847,95.32658932117108
1773306674723,-19.640000000000004,8.5,353.36,3.283333333333333,1.2166666666666666,9.216666666666667,0.1576614090968211,-0.17046049027811286,0.033452143996558,-17.5,7.6875,70.3125,2.7699999809265137,1.409999966621399,8.779999732971191,0.08072147518396378,0.04363323003053665,-0.1690787672996521,0.0014088555190270634,0.0007615435273129305,-0.002950981184592251,-0.80645751953125,0.14111328125,-0.08721923828125,-0.56756591796875,1.0000124777820072,2.140000000000004,-0.8125,-283.0475,-0.5133333524068195,0.19333329995473236,-0.4366669336954754,-0.15625255357779405,0.17122203380542578,-0.03640312518115025,-0.9802577154671801,-0.06305010860889669,0.06952533171103605,0.17402793833733105,94.81140181523925
1773306674823,-18.066666666666666,9.566666666666668,352.7166666666667,3.1333333333333333,1.4666666666666666,9.216666666666667,0.2266019145505971,-0.17744180728609016,0.18762289458939044,-17.25,7.5,69.375,3.0299999713897705,1.0199999809265137,9.319999694824219,-0.1483529806137085,-0.2912518084049225,-0.16798794269561768,-0.0025892479668565313,-0.005083303009053591,-0.002931942703690087,-0.811767578125,0.1376953125,-0.08551025390625,-0.56103515625,0.9999995250253741,0.8166666666666664,-2.066666666666668,-283.3416666666667,-0.1033333619435628,-0.4466666857401529,0.10333302815755196,-0.22919116251745364,0.17235850427703656,-0.19055483729308054,-0.981338712182297,-0.07224953677875369,0.07557626250436252,0.16137708930798778,92.79205341453913
1773306674922,-17.375,10.25,351.925,2.716666666666667,1.8,9.216666666666667,0.12682725897825461,-0.15038920388017804,0.12799081181291752,-15.1875,9.125,68.5625,2.5999999046325684,1.3899999856948853,9.359999656677246,0.09599310904741287,0.0818123072385788,-0.17671458423137665,0.0016753958121033122,0.00142789412996639,-0.0030842513311303754,-0.81671142578125,0.13897705078125,-0.06585693359375,-0.55615234375,0.9999873693234761,2.1875,-1.125,-283.3625,-0.11666676203409843,-0.4100000143051148,0.1433329900105793,-0.1251518631661513,0.15181709801014442,-0.1310750631440479,-0.9811813650798037,-0.07749237934289373,0.08278250303233652,0.1562853708944355,91.43413000901894
1773306675023,-16.725,10.9,351.5,2.6166666666666667,1.7166666666666668,9.033333333333333,0.05759586531581288,-0.1090830782496456,-0.013962634015954638,-14.3125,10,67.8125,2.2300000190734863,1.7999999523162842,8.90999984741211,-0.14617131650447845,-0.17126043140888214,-0.10471975803375244,-0.0025511707449778777,-0.0029890584064709044,-0.0018277045695807633,-0.82037353515625,0.1407470703125,-0.05615234375,-0.55133056640625,0.9999704766385703,2.4125000000000014,-0.9000000000000004,-283.6875,-0.38666664759318037,0.0833332856496174,-0.12333348592122384,-0.060147036060790755,0.1060940198431747,0.012134929446373875,-0.981163313161096,-0.08297957050263498,0.08676415658313862,0.15134373101769374,90.35240774518618
1773306675123,-16.075000000000003,10.924999999999999,350.725,2.5000000000000004,1.8,9.366666666666667,0.046542113386515455,-0.09977465557234252,-0.006690428799311597,-13.875,10.0625,67.3125,2.2100000381469727,1.5299999713897705,9.420000076293945,0.03163409233093262,-0.06544984877109528,-0.07963064312934875,0.0005521190670546618,-0.001142315355987977,-0.0013898169080877366,-0.82330322265625,0.13873291015625,-0.05352783203125,-0.5477294921875,0.9999739207652024,2.200000000000003,-0.8624999999999989,-283.4125,-0.2899999618530278,-0.27000002861022954,0.05333340962727817,-0.04598999431946079,0.09863234021635454,0.0053006118912238605,-0.9813770051536638,-0.0826971562205206,0.09296011303088471,0.14635153396514167,89.30847886872881
1773306675223,-15.525000000000002,11.225000000000001,350.275,2.4833333333333334,1.9333333333333336,9.566666666666668,0.13759012269888632,-0.05730497710714716,0.19169532951071055,-13.375,10.125,66.75,2.119999885559082,1.7300000190734863,9.520000457763672,0.006544984877109528,-0.04581489413976669,-0.06872233748435974,0.0001142315355987977,-0.0007996207491915839,-0.0011994310587687947,-0.8262939453125,0.13671875,-0.05035400390625,-0.5440673828125,0.9999992717054814,2.150000000000002,-1.1000000000000014,-283.525,-0.36333344777425136,-0.20333331425984724,-0.04666620890299633,-0.1374758911632875,0.056505356357955575,-0.19289476056947935,-0.9814178269901143,-0.08516101898032219,0.09674744492783983,0.14214985618061673,88.37120377273993
1773306675323,-14.84,12.260000000000002,350.24000000000007,2.4333333333333336,2.1,9.25,0.01367174580728892,-0.09686577348568529,0.1512618685061752,-12.6875,10.9375,66.625,2.319999933242798,1.7400000095367432,9.489999771118164,-0.32070425152778625,-0.21707531809806824,-0.05235987901687622,-0.005597345114303925,-0.0037886790256253257,-0.0009138522847903816,-0.82696533203125,0.14013671875,-0.0399169921875,-0.5430908203125,1.0000254825236072,2.1525,-1.3225000000000016,-283.61500000000007,-0.11333340009053572,-0.3599999904632569,0.23999977111816406,-0.019269090921592846,0.09307709446005996,-0.15217572079096559,-0.9812090178902372,-0.094583483826167,0.0976148055551584,0.13694589272632465,87.9074387269261
1773306675423,-14.675,13.000000000000002,350.1,2.4000000000000004,2.233333333333334,9.000000000000002,0.036070137874549484,0.015998851476614687,0.04683300159518118,-12.6875,10.9375,66.625,2.319999933242798,1.7400000095367432,9.489999771118164,-0.32070425152778625,-0.21707531809806824,-0.05235987901687622,-0.005597345114303925,-0.0037886790256253257,-0.0009138522847903816,-0.82696533203125,0.14013671875,-0.0399169921875,-0.5430908203125,1.0000254825236072,1.9875000000000007,-2.0625000000000018,-283.475,-0.0800000667572025,-0.4933333237965907,0.4899997711181623,-0.04166748298885341,-0.01978753050224001,-0.04774685387997156,-0.9805127636396287,-0.10090833262221444,0.09943334166375638,0.13610745502271662,88.08549748188894
1773306675522,-14.700000000000001,13,350.20000000000005,2.5,2.1333333333333333,9.233333333333333,0.00756309342530876,-0.008435758051305926,-0.0017453292519943298,-12.0625,12.4375,66.3125,2.180000066757202,1.9600000381469727,9.319999694824219,0.018544122576713562,0.01745329238474369,-0.003272492438554764,0.0003236559958570664,0.00030461741742703036,-0.00005711576779939885,-0.8277587890625,0.14739990234375,-0.03033447265625,-0.54052734375,1.0000006668267412,2.637500000000001,-0.5625,-283.88750000000005,-0.31999993324279785,-0.17333329518636065,0.08666636149088625,-0.007239437429451694,0.008740375468732957,0.001688213484194931,-0.9805694640831673,-0.10100556163538416,0.09859968344827572,0.13623327438724592,87.86494601621904
1773306675622,-14.4,13.233333333333334,350.23333333333335,2.316666666666667,2.3333333333333335,9.233333333333334,0.11519173063162576,0.03257947937056082,0.08552113334772216,-11.9375,12.5,66.375,2.1700000762939453,2.200000047683716,9.180000305175781,-0.04036073759198189,-0.08399397134780884,0.023998277261853218,-0.0007044277595135317,-0.0014659713518450435,0.00041884895302582805,-0.82757568359375,0.14697265625,-0.0289306640625,-0.541015625,1.0000086817513543,2.4625000000000004,-0.7333333333333343,-283.85833333333335,-0.14666659037272156,-0.13333328564961766,-0.05333302815755303,-0.11589615839113929,-0.03404545072240586,-0.08510228439469633,-0.9806998468328078,-0.10330436353861705,0.09828254465932751,0.13377802626469,87.69253923033084
1773306675722,-14.080000000000002,13.459999999999999,350.54,2.3833333333333337,2.2833333333333337,9.366666666666667,0.013962634015954635,0.04857833084717551,0.026179938779914945,-11.375,12.875,66.6875,1.8700000047683716,2.2300000190734863,9.390000343322754,0.019634954631328583,0.0010908307740464807,0.05781403183937073,0.00034269460679639313,0.000019038588589189398,0.0010090452094498527,-0.82623291015625,0.14727783203125,-0.02301025390625,-0.543212890625,0.99998064879231,2.705000000000002,-0.5849999999999991,-283.8525,-0.5133333285649622,-0.05333331425984733,0.023333676656086766,-0.013619939409158241,-0.04855929225858632,-0.02517089357046509,-0.9810811249574761,-0.10587423714438425,0.09558898186044343,0.13089392158596067,87.60901199708188
1773306675822,-14.033333333333333,13.66666666666667,350.86666666666673,2.2666666666666666,2.3333333333333335,9.250000000000002,0.033161255787892266,0.0215257274412634,0.07388560500109329,-11.375,12.9375,66.9375,1.9800000190734863,2.2200000286102295,9.390000343322754,-0.07417649030685425,-0.04036073759198189,0.02617993950843811,-0.0012946239834282656,-0.0007044277595135317,0.0004569261423951908,-0.82489013671875,0.14794921875,-0.0220947265625,-0.54510498046875,0.9999801626324001,2.658333333333333,-0.7291666666666696,-283.92916666666673,-0.2866666475931803,-0.11333330472310399,0.14000034332275213,-0.03445587977132053,-0.02223015520077693,-0.0734286788586981,-0.9811746136912368,-0.10805863047647,0.09294979633628075,0.13030750242578487,87.84329115088168
1773306675922,-13.620000000000001,14.320000000000002,351.24000000000007,2.016666666666667,2.5833333333333335,9.299999999999999,0.18791378279805612,0.07650359887908478,0.22514747350726852,-11,13.5625,67.3125,1.7400000095367432,2.3399999141693115,9.34000015258789,-0.19744037091732025,-0.18544122576713562,0.07853981852531433,-0.0034459845488660954,-0.003236559958570664,0.0013707784271855725,-0.8228759765625,0.15087890625,-0.015625,-0.54754638671875,0.9999702512518276,2.620000000000001,-0.7575000000000021,-283.92750000000007,-0.2766666571299239,-0.24333341916402196,0.04000015258789169,-0.19135976734692223,-0.07974015883765545,-0.22377669508008294,-0.9811957647803359,-0.1144145222322217,0.08997720889037655,0.12676075954254118,88.00221126790495
1773306676022,-12.383333333333335,15.85,352.11666666666673,1.7833333333333334,3.016666666666667,9.266666666666667,0.46891179236914315,0.1742420369907672,0.5681046715241543,-9.625,15.1875,68.25,1.6299999952316284,2.569999933242798,9.539999961853027,-0.5345070958137512,-0.45378559827804565,0.13526301085948944,-0.009328908697222759,-0.007920052788084208,0.002360784895658936,-0.81781005859375,0.156005859375,0.0028076171875,-0.55389404296875,0.9999788065989119,2.7583333333333346,-0.6624999999999996,-283.86666666666673,-0.15333333810170502,-0.4466667334238692,0.27333329518635985,-0.4782407010663659,-0.18216208977885143,-0.5657438866284954,-0.98132036042752,-0.12940498983153323,0.08252261961228775,0.11599446568448302,88.16665464673588
1773306676123,-10.533333333333333,18.516666666666666,353.8333333333333,1.7,3.1333333333333333,9.15,0.18878644742405334,0.26209027600781515,0.2975786374650332,-7.5625,17.875,69.875,1.1699999570846558,3.1500000953674316,9.279999732971191,-0.42760565876960754,-0.3588833212852478,0.25852689146995544,-0.007463126645689017,-0.006263695586920222,0.004512145461096765,-0.80712890625,0.16583251953125,0.035400390625,-0.5655517578125,1.0000297366876723,2.970833333333333,-0.6416666666666657,-283.9583333333333,-0.5300000429153442,0.016666762034098337,0.12999973297119105,-0.19624957406974236,-0.2683539715947354,-0.2930664920039365,-0.9805891484526517,-0.15510199353920237,0.06761008867597922,0.09908163021617569,89.18817063906245
1773306676222,-9.983333333333336,19.91666666666667,355.7166666666667,1.7166666666666668,3.266666666666667,9.450000000000001,0.2530727415391778,0.17395114878210152,0.41451569734865334,-7.0625,19.3125,71.5625,1.3300000429153442,3.119999885559082,9.399999618530273,-0.41669735312461853,-0.31961342692375183,0.1745329201221466,-0.007272740796370075,-0.005578306633401761,0.003046174109251722,-0.79840087890625,0.17205810546875,0.0467529296875,-0.5750732421875,0.9999715122993131,2.920833333333336,-0.6041666666666714,-284.1541666666667,-0.38666662375132255,-0.14666678110758502,-0.05000038146972763,-0.2603454823355479,-0.17952945541550328,-0.4114695232394016,-0.9799505812318726,-0.16895311018703557,0.05170424900664942,0.0920780947679799,90.69755412956835
1773306676322,-9.266666666666667,22.233333333333334,357.20000000000005,1.4500000000000002,3.9166666666666674,9.35,0.17773269549475593,0.10559241974565693,0.7167485461523381,-6.1875,21.1875,72.75,1.1200000047683716,3.2200000286102295,9.899999618530273,-0.6424993276596069,-0.2661627233028412,0.07090400159358978,-0.011213728709510014,-0.004645415867709215,0.001237508280647448,-0.790283203125,0.180419921875,0.0640869140625,-0.58209228515625,1.0000187249963726,3.0791666666666675,-1.0458333333333343,-284.45000000000005,-0.3299999952316286,-0.6966666380564379,0.5499996185302738,-0.18894642420426594,-0.11023783561336614,-0.7155110378716907,-0.9773575126925301,-0.1901833824577034,0.0394655070593509,0.08393477928109462,92.46275738433506
1773306676422,-8.866666666666667,25.600000000000005,358.6333333333334,1.3333333333333333,4.383333333333334,8.666666666666666,0.3397574277215628,0.12159127122227162,0.8296131711146381,-5.25,26.375,74.1875,1.1699999570846558,4.019999980926514,8.890000343322754,-0.8083056211471558,-0.3032509684562683,0.09053895622491837,-0.014107594451395773,-0.005292727859423348,0.0015802028874438412,-0.77581787109375,0.21014404296875,0.099365234375,-0.5865478515625,0.9999828597924434,3.616666666666667,0.774999999999995,-284.4458333333334,-0.1633333762486775,-0.3633333524068201,0.22333367665608783,-0.35386502217295857,-0.12688399908169495,-0.8280329682271942,-0.9719582739031457,-0.2199709344986689,0.028719241276721263,0.07800709549450877,96.64519669246074
1773306676522,-7.7,29.51666666666667,120.14999999999999,1.1,4.9333333333333345,7.983333333333334,0.3025237370123506,0.09977465557234252,0.6437356057772419,-3.4375,31,75.625,0.5299999713897705,5.019999980926514,8.149999618530273,-0.6992225050926208,-0.33597588539123535,0.07744898647069931,-0.012203734917909052,-0.005863885407380174,0.0013517398162462457,-0.760986328125,0.23046875,0.138671875,-0.59033203125,0.9999689156946326,4.2625,1.4833333333333307,-44.52499999999999,-0.5700000286102296,0.08666664759317921,0.16666628519693916,-0.31472747193025963,-0.1056385409797227,-0.6423838659609956,0.496143334157963,0.18306861181912001,0.8276622110697921,0.18789076535131582,141.27895434210666
1773306676623,-6.860000000000001,32.800000000000004,1.6,0.9666666666666667,5.483333333333334,8.016666666666667,0.22136592679461412,0.14893476283684948,0.46396669282182607,-2.8125,33.4375,76.6875,0.6299999952316284,5.199999809265137,8.140000343322754,-0.4319689869880676,-0.1952587068080902,0.15162548422813416,-0.007539281089446324,-0.003407907326987442,0.002646363929711674,-0.7498779296875,0.2427978515625,0.15972900390625,-0.59429931640625,0.9999863690698968,4.047500000000001,0.6374999999999957,75.0875,-0.33666667143503826,-0.28333352406819756,0.12333367665608641,-0.22890520788406044,-0.15234267016383693,-0.4613203288921144,0.957738005908946,0.2826095660304536,-0.0035204514452365845,-0.05345420139948204,103.60645590704932
1773306676722,-6.483333333333333,35.300000000000004,2.8833333333333333,1.0333333333333334,5.75,7.600000000000001,0.18471401250273323,0.05555964785515283,0.43807764225057666,-2.3125,36,78,0.6200000047683716,5.53000020980835,7.800000190734863,-0.5137813091278076,-0.1843504011631012,0.046905722469091415,-0.00896717547948704,-0.0032175214776685,0.0008186592951123293,-0.73919677734375,0.2537841796875,0.177734375,-0.5980224609375,1.0000193284819185,4.170833333333333,0.6999999999999957,75.11666666666666,-0.41333332856496185,-0.2199997901916504,0.20000019073486186,-0.19368118798222025,-0.05877716933282133,-0.43725898295546434,0.9515318684073095,0.303976336896937,0.006796593003419355,-0.04625252788292093,106.63833844795057
1773306676822,-5.883333333333334,37.53333333333333,3.6833333333333336,0.8333333333333334,6.050000000000001,7.566666666666666,0.3211405823669567,0.02501638594525206,0.5186536760509817,-1.75,37.9375,78.625,0.5099999904632568,5.679999828338623,7.789999961853027,-0.4461497962474823,-0.31088677048683167,0.06435901671648026,-0.0077867829016204084,-0.005425997745887147,0.0011232767450486503,-0.73052978515625,0.26239013671875,0.195556640625,-0.599365234375,1.000001717357353,4.133333333333334,0.40416666666666856,74.94166666666666,-0.32333334287007653,-0.37000017166137766,0.22333329518636091,-0.3289273652685771,-0.030442383691139205,-0.517530399305933,0.9456310971202964,0.3226866132096089,0.013887342598615123,-0.03824028673958723,109.0276869090558
1773306676922,-4.966666666666668,40.11666666666667,4.4,0.7333333333333334,6.416666666666667,7.133333333333334,-0.0037815467126543828,0.1335176877775662,0.27256225151978114,-0.5625,41.0625,79.6875,0.38999998569488525,6.380000114440918,7.230000019073486,-0.35015666484832764,-0.05999569222331047,0.13199052214622498,-0.006111386699405608,-0.0010471223663099248,0.0023036691928781184,-0.7191162109375,0.27325439453125,0.2205810546875,-0.59967041015625,1.0000283453321521,4.404166666666668,0.9458333333333329,75.2875,-0.34333334763844814,-0.036666552225748994,0.09666668574015258,-0.002329839986751225,-0.13456481014387614,-0.27025858232690303,0.9383404991188683,0.34396441727001814,0.021175685283509844,-0.027516862434220333,111.94177502261547
1773306677022,-6.3999999999999995,41.11666666666667,5.416666666666667,0.9000000000000002,6.633333333333333,7.083333333333333,-0.2661627109291353,0.005526875964648713,0.006690428799311599,-1.9375,41.5625,79.875,0.6299999952316284,6.389999866485596,7.230000019073486,0.021816615015268326,0.34143003821372986,-0.02617993950843811,0.00038077176365646523,0.0059590783320396445,-0.0004569261423951908,-0.71685791015625,0.2838134765625,0.2135009765625,-0.60003662109375,1.0000309827594467,4.4624999999999995,0.44583333333333286,74.45833333333333,-0.2700000047683718,-0.24333346684773716,0.1466666857401533,0.26654348269279177,0.0004322023673909315,-0.00714735494170679,0.9347372413350458,0.3526913443928422,0.024593098353265456,-0.035641054489236594,114.1775898309757
1773306677122,-7.483333333333334,41.733333333333334,5.233333333333333,0.8500000000000001,6.716666666666669,7.133333333333333,-0.12886347643891466,-0.06981317007977318,0.10064732019833968,-2.625,41.8125,79.25,0.4000000059604645,6.480000019073486,7.320000171661377,-0.07963064312934875,0.14617131650447845,-0.06326818466186523,-0.0013898169080877366,0.0025511707449778777,-0.0011042381341093237,-0.7193603515625,0.29107666015625,0.20831298828125,-0.5953369140625,1.0000126398301001,4.858333333333334,0.07916666666666572,74.01666666666667,-0.4499999940395356,-0.23666664759318223,0.1866668383280441,0.12747365953082693,0.07236434082475106,-0.101751558332449,0.9325090807002636,0.3578484414657426,0.01934801143520268,-0.04468737859386671,115.17455792902973
1773306677224,-7.583333333333335,42.73333333333334,4.6000000000000005,1.05,6.833333333333333,7.150000000000001,-0.14049900478554359,-0.1265363707695889,0.21758438008195968,-2.6875,42.5,78.5625,0.4399999976158142,6.590000152587891,7.579999923706055,-0.20289452373981476,0.11235556751489639,-0.11453723162412643,-0.0035411774735255664,0.001960974586081725,-0.0019990518079603787,-0.72125244140625,0.296875,0.20965576171875,-0.5897216796875,1.0000335233254891,4.895833333333335,-0.2333333333333414,73.9625,-0.6100000023841858,-0.2433331807454424,0.42999992370605344,0.13695782731201803,0.12849734535567062,-0.21958343188992005,0.9294477844286994,0.36571615510973965,0.013218023064980142,-0.04694458199392876,115.80805549484712
1773306677322,-8.500000000000002,43.61666666666667,3.766666666666667,1.6166666666666665,6.616666666666666,6.483333333333333,-0.6428629411512448,-0.22660191455059714,-0.2463823127398662,-3.125,43.4375,77.0625,0.8999999761581421,6.769999980926514,6.599999904632568,0.03163409233093262,0.5290529131889343,-0.2519819140434265,0.0005521190670546618,0.009233715252414638,-0.0043979140555351305,-0.72674560546875,0.3077392578125,0.20703125,-0.578125,0.9999765397091528,5.375000000000002,-0.17916666666666714,73.29583333333333,-0.7166666905085244,0.15333331425984742,0.11666657129923497,0.6434150602182994,0.2358356298030118,0.24198439868433105,0.9262834533663437,0.3725424108275827,0.0029118508444673334,-0.05659184816873496,116.63570875327379
1773306677422,-10.533333333333333,42.86666666666667,1.5166666666666666,1.2000000000000002,6.683333333333334,7.033333333333334,-0.1669698317741242,-0.3383029866782343,0.1512618685061752,-4.4375,42.4375,73.9375,0.7599999904632568,6.400000095367432,7.300000190734863,-0.16035212576389313,0.12653636932373047,-0.34143003821372986,-0.0027986725571519625,0.0022084762682186474,-0.0059590783320396445,-0.74432373046875,0.313720703125,0.18402099609375,-0.56011962890625,1.0000181103347938,6.095833333333333,-0.42916666666666714,72.42083333333333,-0.44000000953674334,-0.28333323796590193,0.2666668574015292,0.16417115921697223,0.3405114629464529,-0.15722094683821486,0.9272763577863576,0.36497466441119175,-0.021271558042332172,-0.08061991966540545,115.38658439409528
1773306677522,-9.883333333333333,44.23333333333333,299.3333333333333,1.05,7.300000000000001,7.383333333333333,-0.2551089589998379,-0.3100868304376592,0.259181393921158,-3.6875,43.875,71.875,0.6200000047683716,6.929999828338623,7.550000190734863,-0.2563452422618866,0.16798794269561768,-0.30543261766433716,-0.004474068499292438,0.002931942703690087,-0.005330804821227676,-0.75067138671875,0.3228759765625,0.19073486328125,-0.5439453125,1.0000063590503208,6.195833333333333,-0.3583333333333272,-227.45833333333331,-0.42999999523162846,-0.37000017166137766,0.16666685740153042,0.25063489050054544,0.3130187731413493,-0.2645121987423857,-0.7802429673142371,-0.28344165255071485,0.494122089910581,0.2583120241459813,126.77831791241675
1773306677623,-9.85,46.116666666666674,357.2166666666667,0.7000000000000002,7.849999999999999,7.4333333333333345,-0.23765566647989458,-0.29612419642170457,0.6062110268593638,-3.5625,45.625,69.625,0.4399999976158142,7.409999847412109,7.800000190734863,-0.5115996599197388,0.24870941042900085,-0.3327033817768097,-0.00892909851768271,0.004340798092679988,-0.005806769444525031,-0.756591796875,0.33740234375,0.193115234375,-0.5257568359375,0.99999261644737,6.2875,-0.49166666666667425,-287.5916666666667,-0.26000000238418597,-0.4400001525878894,0.3666668574015288,0.22872656796221189,0.3004649945143846,-0.6120177963038889,-0.9156224221324287,-0.38818845417333325,0.055879354011404654,0.08844660496667221,116.51986989747357
1773306677722,-9.933333333333335,50.116666666666674,355.8,0.46666666666666673,7.933333333333334,6.1000000000000005,-0.1867502299633933,-0.15678874447082392,0.8331038296186265,-3.0625,50,67.75,0.25,7.630000114440918,6.389999866485596,-0.904298722743988,0.1799870729446411,-0.21707531809806824,-0.015782990133461922,0.0031413670339111932,-0.0037886790256253257,-0.75238037109375,0.3673095703125,0.21026611328125,-0.5047607421875,0.9999938942305606,6.870833333333335,-0.11666666666667425,-288.05,-0.21666666666666673,-0.3033332188924156,0.28999986648559517,0.17096723982993137,0.1599301115047351,-0.8368925086442518,-0.9005259109088705,-0.4187932123140687,0.0697139646158302,0.09383651868518607,121.18671440133133
1773306677823,-9.733333333333334,54.63333333333333,354.66666666666674,0.7333333333333334,8.116666666666669,5.5,-0.27547113360643843,0.03199770295322937,0.5730497710714716,-3.125,54.0625,66.8125,0.20999999344348907,7.940000057220459,5.820000171661377,-0.6555892825126648,0.23452861607074738,-0.028361599892377853,-0.011442191520633284,0.004093296540580228,-0.000495003299255263,-0.7432861328125,0.39630126953125,0.22406005859375,-0.49017333984375,1.0000008922066284,6.608333333333334,-0.5708333333333329,-287.85416666666674,-0.5233333398898443,-0.17666660944620993,0.32000017166137695,0.26402894208580513,-0.027904406412649144,-0.5735447743707268,-0.8825106293470999,-0.45325150662442165,0.08007829704110322,0.09656876914963017,126.90486052505217
1773306677922,-11.200000000000003,57.150000000000006,355.2166666666667,0.8833333333333333,8.416666666666668,5.3500000000000005,-0.2690715930157924,0.14631676895885798,0.6958045951284062,-4.4375,58.0625,66.375,0.41999998688697815,8.079999923706055,5.599999904632568,-0.686132550239563,0.25961771607398987,0.10690141469240189,-0.011975272106785782,0.00453118394199893,0.0018657816614222542,-0.7313232421875,0.4296875,0.22784423828125,-0.4781494140625,1.0000024456500904,6.762500000000003,0.9124999999999943,-288.8416666666667,-0.46333334644635515,-0.33666674296061316,0.24999990463256783,0.25709632090900664,-0.14178558501685906,-0.6939388134669839,-0.8712914164303587,-0.47203513870013125,0.08310642927831303,0.10548657212999198,132.48518242905612
1773306678024,-14.383333333333333,60.66666666666668,357.81666666666666,1.0333333333333332,8.866666666666667,4.2,-0.05672320068981571,0.22427480888127138,1.011418301530714,-5.8125,63.25,67.125,0.7799999713897705,8.760000228881836,4.429999828338623,-1.1344640254974365,-0.003272492438554764,0.1941678822040558,-0.019800132490359168,-0.00005711576779939885,0.003388868846085278,-0.708740234375,0.46844482421875,0.239013671875,-0.47021484375,0.9999914038556894,8.570833333333333,2.5833333333333215,-290.69166666666666,-0.2533333619435627,-0.1066664377848312,0.22999982833862287,0.036923068199456545,-0.22433192464907079,-1.0080294326846289,-0.8549518164826125,-0.49890719972002723,0.07952714598325503,0.11757733885558165,140.73939940073035
1773306678139,-20.616666666666667,65.83333333333334,4.466666666666668,1.5285714285714285,9.085714285714287,3.371428571428571,-0.008477313509686746,0.200463531229063,0.9340004825672513,-7,67.875,68.5625,1.25,8.920000076293945,3.7899999618530273,-0.8617563247680664,0.03490658476948738,0.2050761878490448,-0.015040485217088319,0.0006092348348540607,0.00357925469540422,-0.68499755859375,0.5001220703125,0.251220703125,-0.46649169921875,1.000035043191825,13.616666666666667,2.041666666666657,64.09583333333333,-0.27857142857142847,-0.16571420942034187,0.41857139042445635,-0.006563171707401573,-0.19985429639420893,-0.9304212278718471,0.8290741866138417,0.5400951015837528,-0.06498326681938231,-0.1292689033345365,150.59234203081618
1773306678240,-29.916666666666668,71.05000000000001,14.866666666666667,1.55,9.05,2.0166666666666666,0.19838575831002217,0.23009257305458575,1.1970049786594446,-7.75,73.625,70.375,1.3300000429153442,8.960000038146973,2.5299999713897705,-1.2271846532821655,-0.14071716368198395,0.18107791244983673,-0.021418412729718825,-0.0024559778203184068,0.0031604057748876825,-0.65362548828125,0.534912109375,0.27301025390625,-0.4605712890625,1.0000088773273779,22.166666666666668,2.5749999999999886,55.50833333333333,-0.2199999570846558,-0.08999996185302805,0.5133333047231039,-0.21980417103974098,-0.23254855087490414,-1.1938445728845568,0.7990788656833144,0.5838280092252665,-0.046996833622407544,-0.13568021112821646,161.5465221147282
1773306678340,-45.166666666666664,75.13333333333334,32.13333333333333,1.7833333333333332,9.200000000000001,0.6833333333333332,0.30077840776035614,0.42556944927795076,0.9157160808796917,-8.8125,79.4375,73.4375,1.1699999570846558,9.300000190734863,1.4199999570846558,-1.1333731412887573,-0.2563452422618866,0.3392483592033386,-0.019781092969159704,-0.004474068499292438,0.005921000850086666,-0.61175537109375,0.5699462890625,0.30010986328125,-0.459228515625,1.0000200828383388,36.354166666666664,4.30416666666666,41.30416666666667,-0.6133333762486775,0.10000019073486222,0.7366666237513225,-0.32055950072951583,-0.4300435177772432,-0.9097950800296051,0.7680777954359082,0.6251901995815906,-0.022441714706191995,-0.13671168182160612,173.4068946115766
1773306678439,-64.28333333333333,76.10000000000001,53.48333333333334,2.4000000000000004,9.266666666666667,0.19999999999999998,0.15155275671484095,0.42702389032127935,0.561996019142174,-11.4375,84.6875,79.0625,1.75,9.4399995803833,0.6200000047683716,-0.6610434651374817,-0.25961771607398987,0.4297873377799988,-0.011537384965441405,-0.00453118394199893,0.007501204127641995,-0.569580078125,0.595703125,0.31634521484375,-0.4697265625,1.0000005085019965,52.84583333333333,8.587499999999991,25.57916666666666,-0.6500000000000004,0.17333291371663329,0.4200000047683716,-0.16309014168028235,-0.43155507426327827,-0.554494815014532,0.7430129488804612,0.6545789365126506,0.0071955191831713505,-0.13930684898314583,176.05248661728794
1773306678539,-79.88333333333334,74.65,70.25000000000001,2.9333333333333336,9.15,0.08333333333333333,0.11664617167495438,0.40433461004535304,0.5718862182368085,-13.8125,87.3125,82.4375,2.490000009536743,9.140000343322754,0.7300000190734863,-0.5181446075439453,-0.09817477315664291,0.4363323152065277,-0.009043329403095695,-0.0017134730339819655,0.00761543553320363,-0.54388427734375,0.61407470703125,0.31707763671875,-0.47601318359375,1.000012315733888,66.07083333333334,12.662499999999994,12.187499999999986,-0.4433333237965904,-0.009999656677246449,0.646666685740153,-0.12568950107805008,-0.406048083079335,-0.5642707827036049,0.7226333019252525,0.6739615367383686,0.03240506591233384,-0.15008953877296397,168.22755291969938
1773306678639,28.95,96.38333333333334,202.46666666666667,3.1666666666666665,8.850000000000001,-0.6000000000000001,0.011926416555294583,0.4598942579005059,0.34441163906021444,-15.75,90.125,85.75,2.359999895095825,9.229999542236328,0,-0.503963828086853,-0.08508480340242386,0.38615408539772034,-0.008795828111070261,-0.0014850099627843703,0.006739660210217577,-0.517578125,0.6307373046875,0.32208251953125,-0.480224609375,1.0000347433164196,-44.7,-6.25833333333334,-116.71666666666667,-0.8066667715708413,0.3799995422363267,0.6000000000000001,-0.020722244666364846,-0.4613792678632903,-0.33767197884999683,-0.3084863865472649,-0.3040339343824874,0.5968187364716735,0.6754309082765402,161.09459189846072
1773306678739,84.4,110.16000000000001,267.17999999999995,3.5833333333333335,8.700000000000001,-0.8000000000000002,0.12042771838760875,0.4447680710498883,0.31066860685499065,-18.5625,91.75,88.75,3.259999990463257,8.649999618530273,-0.20999999344348907,-0.23343779146671295,0.04036073759198189,0.4865105152130127,-0.004074258059678064,0.0007044277595135317,0.008491210336041033,-0.49810791015625,0.6458740234375,0.31201171875,-0.4871826171875,0.9999814795477776,-102.9625,-18.41000000000001,-178.42999999999995,-0.32333334287007665,-0.05000038146972763,0.5900000065565111,-0.12450197644728682,-0.4440636432903748,-0.3021773965189496,-0.6913114356598044,-0.6973157004157208,-0.07261453720544338,0.17483261099163497,155.30240946879238
1773306678840,80.86000000000001,112.92,271.58000000000004,4.066666666666666,8.466666666666667,-1.1666666666666667,0.10442886691099405,0.45000405880587124,0.11228284854496852,-20.8125,93.125,92.3125,3.3299999237060547,8.9399995803833,-0.6399999856948853,-0.246527761220932,-0.1592612862586975,0.4657847285270691,-0.004302721130875659,-0.0027796338161754732,0.008129477118305313,-0.4771728515625,0.655517578125,0.30963134765625,-0.4967041015625,0.999991880696833,-101.67250000000001,-19.795,-179.26750000000004,-0.7366667429606117,0.473332913716634,0.5266666809717815,-0.1087315880418697,-0.4527836926220467,-0.1041533714266632,-0.6783783514318613,-0.7046257280940057,-0.09418925856319232,0.18556341015377598,149.91625674487628
1773306678956,79.68333333333334,116.59999999999998,273.20000000000005,4.714285714285714,8.185714285714287,-1.5714285714285714,0.1184330563853295,0.33809520938633014,-0.12740903539558607,-23.75,93.25,95.875,4.150000095367432,8.390000343322754,-1.1200000047683716,0.06763150542974472,-0.0719948336482048,0.37088245153427124,0.001180392447829468,-0.0012565468915867748,0.006473119917141328,-0.46051025390625,0.6624755859375,0.29486083984375,-0.51202392578125,1.000027505302648,-103.43333333333334,-23.34999999999998,-177.32500000000005,-0.5642856189182828,0.20428605760846708,0.4514285666601998,-0.11725266393750003,-0.3393517562779169,0.1338821553127274,-0.6676714593455646,-0.7059580028804264,-0.11883009403279621,0.2042486947243501,145.1053407049444
1773306679056,80.18333333333334,119.15000000000002,272.8,5.1499999999999995,7.966666666666668,-1.55,0.11548261884029148,0.30863238939433063,-0.5096361415823443,-26.125,92.8125,98.4375,4.570000171661377,8.420000076293945,-1.090000033378601,0.31961342692375183,-0.21162116527557373,0.3294309079647064,0.005578306633401761,-0.0036934861009658548,0.005749654001818539,-0.45147705078125,0.6650390625,0.282958984375,-0.52325439453125,0.9999847150170901,-106.30833333333334,-26.33750000000002,-174.3625,-0.5799998283386225,0.45333340962727764,0.45999996662139897,-0.10990431220688972,-0.3123258754952965,0.5153857955841629,-0.663516889226895,-0.7026208834444981,-0.13498592346052807,0.21874193088168017,142.63050307743043
1773306679173,56.366666666666674,110.33333333333331,235.2833333333333,5.342857142857143,7.228571428571429,-0.6857142857142857,-0.24285009877749672,0.2613007222985796,-1.332184884772243,-28.25,89.8125,99.0625,4.650000095367432,7.849999904632568,-0.46000000834465027,1.0024734735488892,0.11235556751489639,0.3272492289543152,0.0174964627773324,0.001960974586081725,0.00571157651986556,-0.4595947265625,0.65838623046875,0.2559814453125,-0.538330078125,1.0000127571752544,-84.61666666666667,-20.520833333333314,-136.2208333333333,-0.6928570474897118,0.6214284760611397,0.22571427736963545,0.2603465615548291,-0.25933974771249785,1.3378964612921087,-0.5770020777315318,-0.5746421833897482,0.2661537883439533,0.5157684793710454,142.3507354819026
1773306679272,-80.35000000000001,56.75,67.025,5.466666666666668,6.966666666666666,1.1500000000000001,-0.588175957922089,0.17278759594743864,-2.1290107992244165,-29.625,83.5,95.75,4.840000152587891,7.409999847412109,0.6399999856948853,1.6864243745803833,0.34470251202583313,0.1592612862586975,0.029433657922313856,0.0060161937747461374,0.0027796338161754732,-0.5025634765625,0.63543701171875,0.201904296875,-0.55035400390625,1.00000255927116,50.72500000000001,26.75,28.724999999999994,-0.626666514078777,0.4433331807454435,-0.5100000143051149,0.6176096158444029,-0.1667714021726925,2.131790433040592,0.7297959982305365,0.6161491258378455,0.11555413735738651,-0.2727733437041524,157.13563433327016
1773306679373,-67.15,51.916666666666664,46.18333333333334,5.816666666666667,6.683333333333334,2.9333333333333336,-0.6899868309550917,0.24143721319254893,-2.2607831577499886,-31.375,73.25,88.9375,4.989999771118164,7.070000171661377,3.109999895095825,2.343104600906372,0.7090399861335754,0.16580627858638763,0.04089489000444391,0.01237508228632583,0.0028938654818114334,-0.5633544921875,0.60113525390625,0.12677001953125,-0.552490234375,1.0000239868565473,35.775000000000006,21.333333333333336,42.75416666666666,-0.8266668955485033,0.3866668383280434,0.17666656176249163,0.7308817209595356,-0.2290621309062231,2.2636770232318,0.7840281393374756,0.5304873390890784,0.07112725307708964,-0.314362805788014,173.130930090708
1773306679473,-59.65,44.61666666666667,30.55,6.150000000000001,5.883333333333334,4.016666666666667,-0.5247623284329617,0.27227136331111546,-2.210459497650818,-35.4375,59.0625,80.4375,5.679999828338623,6.119999885559082,3.630000114440918,2.5143649578094482,0.8639379739761353,0.3032509684562683,0.043883947110543185,0.015078562178892647,0.005292727859423348,-0.64306640625,0.53924560546875,0.005126953125,-0.54376220703125,1.0000119245831476,24.2125,14.445833333333333,49.8875,-0.4700001716613782,0.23666655222574828,-0.38666655222574864,0.5686462755435049,-0.2571928011322228,2.2157522255102413,0.8239992178164733,0.43890124343446163,0.029330119812193665,-0.3571144517116693,168.65122445061746
1773306679572,-53.91666666666668,37.28333333333334,19.26666666666667,6.550000000000001,4.816666666666666,6.166666666666667,0.15155275671484095,0.10355620228499689,-1.3299408900196792,-37.4375,49.3125,78.1875,6.369999885559082,4.46999979019165,6.679999828338623,1.5806137323379517,-0.16144295036792755,0.285797655582428,0.027586913831533624,-0.0028177110380541268,0.004988110084394121,-0.6761474609375,0.48834228515625,-0.0531005859375,-0.54913330078125,1.0000103152756339,16.47916666666668,12.029166666666661,58.920833333333334,-0.18000011444091868,-0.34666687647501604,0.5133331616719561,-0.12396584288330732,-0.10637391332305102,1.3349290001040732,0.8569137025435698,0.3527800056436016,-0.0015338863897178814,-0.3758228588094588,156.84837981880216
1773306679673,-48.525000000000006,31.025,11.3,6.566666666666667,4.516666666666667,6.683333333333333,0.02996148549256932,-0.03403392041388943,-1.1289371378316655,-37.3125,42.25,76.75,6.239999771118164,4.389999866485596,6.880000114440918,1.2915436029434204,-0.1025380939245224,0.17671458423137665,0.022541688304433014,-0.00178962734770211,0.0030842513311303754,-0.69879150390625,0.44647216796875,-0.08038330078125,-0.55303955078125,0.9999805910491913,11.212500000000006,11.225000000000001,65.45,-0.32666689554850326,-0.1266668001810709,0.1966667811075853,-0.007419797188136307,0.03224429306618732,1.132021389162796,0.8850141857801911,0.28162268367028315,-0.022879680145678732,-0.3700203713940688,146.7353890563814
1773306679772,-45.86666666666667,27.616666666666674,6.449999999999999,6.333333333333333,3.983333333333333,6.633333333333334,0.006981317007977314,-0.13526301702956053,-0.9360782554862921,-37,36.25,74.6875,5.980000019073486,4.269999980926514,6.949999809265137,0.9119345545768738,-0.12217304855585098,-0.06326818466186523,0.015916260540074372,-0.002132321954498503,-0.0011042381341093237,-0.720703125,0.4088134765625,-0.1063232421875,-0.54974365234375,1.0000320835480185,8.866666666666667,8.633333333333326,68.2375,-0.3533333142598467,0.2866666475931807,0.31666647593180297,0.008934943532097058,0.13313069507506203,0.9349740173521828,0.8981584297417401,0.24074909259261004,-0.0425414755746347,-0.36543334871850375,139.82359753546766
1773306679873,-43.583333333333336,23.966666666666665,61.616666666666674,6.016666666666667,3.7000000000000006,7.083333333333333,0.001454441043328608,-0.19024088846738194,-0.8648106443631903,-36.75,31.875,72.1875,5.929999828338623,3.4100000858306885,6.809999942779541,0.9653852581977844,0.04581489413976669,-0.13526301085948944,0.01684915130576692,0.0007996207491915839,-0.002360784895658936,-0.7406005859375,0.3790283203125,-0.12786865234375,-0.5399169921875,1.0000062230780802,6.833333333333336,7.908333333333335,10.570833333333326,-0.08666683832804356,-0.28999991416931215,-0.273333390553792,0.01539471026243831,0.1910405092165735,0.8624498594675314,0.81960689643942,0.3515746825237518,0.39900345394098824,-0.21315726978085137,131.63085909229818
1773306679977,-41.583333333333336,21.216666666666665,357.2333333333334,6.033333333333334,3.6500000000000004,7.183333333333334,0.01512618685061752,-0.10995574287564278,-0.73769249717627,-36.375,26.375,68.625,5.730000019073486,3.690000057220459,7.329999923706055,0.8890270590782166,0.07744898647069931,-0.13962633907794952,0.015516449320237023,0.0013517398162462457,-0.002436939339416243,-0.76629638671875,0.33941650390625,-0.1553955078125,-0.52288818359375,0.999986765818643,5.208333333333336,5.158333333333335,-288.6083333333334,-0.3033333142598478,0.04000005722045863,0.14666659037272112,0.00039026246961950187,0.11130748269188902,0.7352555578368537,-0.9170535347769346,-0.1636324121008642,0.08751257956792516,0.35295721621826925,126.6359058757623
1773306680089,-39.416666666666664,19.05,353.56666666666666,6.042857142857144,3.128571428571429,7.942857142857142,0.18575289896225367,-0.15633163442863496,-0.3368485456349056,-35.4375,23.125,66.9375,5.699999809265137,3.180000066757202,8.199999809265137,0.4101523756980896,-0.27488934993743896,-0.25416356325149536,0.00715850939080844,-0.004797724235075179,-0.004435991017339458,-0.78033447265625,0.313720703125,-0.16436767578125,-0.515380859375,0.9999883658507212,3.9791666666666643,4.074999999999999,-286.62916666666666,-0.3428573335920069,0.051428638185773146,0.25714266640799455,-0.17859438957144522,0.15153391019355977,0.3324125546175662,-0.9238485173390987,-0.13687717649182105,0.10781327852512967,0.3408003118244447,122.02658910369526
1773306680189,-37.95,17.916666666666668,351.8333333333333,5.750000000000001,2.6833333333333336,7.583333333333333,0.034615696831220864,-0.04101523742186674,-0.24492787169653757,-34.4375,21.75,65.875,5.300000190734863,2.890000104904175,7.639999866485596,0.3032509684562683,-0.021816615015268326,-0.12435470521450043,0.005292727859423348,-0.00038077176365646523,-0.002170399046339994,-0.7886962890625,0.30035400390625,-0.16461181640625,-0.51055908203125,1.0000109951338694,3.512500000000003,3.833333333333332,-285.9583333333333,-0.4499998092651376,0.20666677157084123,0.056666533152262666,-0.029322968971797515,0.04063446565821027,0.24275747265019756,-0.9281486175738392,-0.1240098051832033,0.11701998006055866,0.3308595414686147,119.12551248895907
1773306680306,-37.457142857142856,16.742857142857144,350.9142857142857,5.914285714285714,2.6,7.799999999999999,-0.008726646259971643,-0.05011588280726575,-0.16231562043547262,-34.1875,20.25,65.3125,5.380000114440918,2.509999990463257,7.820000171661377,0.28361600637435913,0.08072147518396378,-0.030543262138962746,0.004950033122589792,0.0014088555190270634,-0.0005330804886246258,-0.79339599609375,0.2889404296875,-0.16900634765625,-0.5084228515625,1.0000103599786554,3.2696428571428555,3.5071428571428562,-285.6017857142857,-0.5342855998447957,-0.09000000953674325,0.02000017166137802,0.013676679382561435,0.05152473832629281,0.161782539946848,-0.9303133695539506,-0.11228707600410237,0.12081150773306744,0.32758697561241124,117.5108900336494
1773306680405,-37.425,16,350,5.766666666666668,2.883333333333334,7.916666666666667,-0.07155849933176751,-0.05294165397716133,-0.012217304763960308,-34,19.625,64.875,5.349999904632568,2.680000066757202,8.460000038146973,0.29016098380088806,0.12653636932373047,-0.07744898647069931,0.005064264528151428,0.0022084762682186474,-0.0013517398162462457,-0.79644775390625,0.2835693359375,-0.1710205078125,-0.50604248046875,1.0000337989876922,3.424999999999997,3.625,-285.125,-0.4166667620341,-0.20333326657613204,0.5433333714803057,0.07662276385991894,0.05515013024537998,0.010865564947714063,-0.9304622673764967,-0.10362569620679385,0.12622491698867222,0.32797706384052067,116.78167057251567
1773306680506,-37.5,16.349999999999998,349.8500000000001,5.6000000000000005,3.0500000000000003,7.816666666666667,-0.027052603405912107,0.015998851476614687,0.1503892038801781,-34.3125,19.625,64.8125,5.480000019073486,2.7899999618530273,8.180000305175781,-0.11562806367874146,0.018544122576713562,-0.05999569222331047,-0.0020180904188997054,0.0003236559958570664,-0.0010471223663099248,-0.79608154296875,0.28466796875,-0.174072265625,-0.5048828125,0.9999947417389191,3.1875,3.275000000000002,-285.0375000000001,-0.1199999809265142,-0.2600000381469729,0.36333363850911393,0.0250345129870124,-0.01567519548075762,-0.15143632624648803,-0.9295900103904358,-0.10597731343189251,0.12844250715465347,0.32883695652389006,117.1370160583414
1773306680606,-37.583333333333336,17.1,350.78333333333336,5.833333333333333,2.783333333333333,7.666666666666667,-0.03577924966588376,0.16464272610479844,0.3644829254581492,-34.4375,20.3125,65.4375,5.199999809265137,2.7100000381469727,8.180000305175781,-0.19744037091732025,0.06763150542974472,0.062177352607250214,-0.0034459845488660954,0.001180392447829468,0.001085199523169997,-0.792236328125,0.2906494140625,-0.1705322265625,-0.50872802734375,1.0000004637985347,3.1458333333333357,3.2124999999999986,-285.34583333333336,-0.6333335240681963,-0.07333329518636056,0.5133336385091143,0.03233326511701766,-0.16346233365696897,-0.3633977259349792,-0.9293007556086226,-0.11469921681118003,0.12295268200694276,0.32882644856435256,118.05348600290634
1773306680706,-38.35,17.8,352.6333333333334,6.066666666666666,2.766666666666667,7.233333333333333,-0.07650359887908477,0.06894050545377603,0.3432480862255515,-34.875,21.6875,67.5625,5.75,2.640000104904175,7.599999904632568,-0.296705961227417,0.1287180334329605,0.10362892597913742,-0.005178495933713063,0.0022465534900973005,0.0018086659586414365,-0.7802734375,0.3037109375,-0.16363525390625,-0.521728515625,1.000022055337993,3.4750000000000014,3.8874999999999993,-285.0708333333334,-0.31666666666666643,-0.12666656176249225,0.36666657129923497,0.07132510294537171,-0.06669395196367874,-0.34143942026691004,-0.9279555924008026,-0.12497864041024992,0.11065765619862114,0.33321710805105553,120.77317975219955
1773306680806,-39.51666666666667,18.45,354.1833333333334,6,3.133333333333333,6.966666666666668,-0.051196324725167004,0.01832595714594046,0.3679735839621378,-35.375,23.4375,69.0625,5.639999866485596,2.9200000762939453,7.369999885559082,-0.2519819140434265,0.17671458423137665,0.022907447069883347,-0.0043979140555351305,0.0030842513311303754,0.00039981037459579195,-0.7703857421875,0.31842041015625,-0.15692138671875,-0.52960205078125,0.9999942015688396,4.141666666666673,4.987500000000001,-285.1208333333334,-0.3600001335144043,-0.21333325703938755,0.40333321889241436,0.046798410669631876,-0.015241705814810085,-0.367573773587542,-0.9250084970292051,-0.13374910923566297,0.10125769746762697,0.34090663664116655,123.46475783988559
1773306680906,-40.43333333333334,19.816666666666666,355.8500000000001,6.066666666666667,3.333333333333334,6.933333333333334,0.02937970907523787,0.07097672291443607,0.3714642424661265,-35.4375,25.3125,69.8125,5.139999866485596,3.509999990463257,7.039999961853027,-0.44396811723709106,-0.05345070734620094,0.04581489413976669,-0.007748705419667429,-0.0009328908307111271,0.0007996207491915839,-0.76416015625,0.3316650390625,-0.148681640625,-0.53289794921875,1.0000144484340439,4.995833333333337,5.495833333333334,-286.0375000000001,-0.9266668001810716,0.1766666571299229,0.10666662851969377,-0.037128414494905296,-0.0719096137451472,-0.37066462171693493,-0.9216366038101977,-0.14903985996413105,0.09289447682023613,0.3460400364630824,125.66015918916261
1773306681006,-40.81666666666667,21.200000000000003,357.6833333333334,6,3.566666666666667,6.800000000000001,-0.017744180728609022,0.08028514559173917,0.3400483159302285,-35.625,27.625,71.875,5.360000133514404,3.7699999809265137,6.900000095367432,-0.5214170813560486,-0.1385355144739151,0.029452430084347725,-0.009100444845802188,-0.0024179008585140786,0.000514041877685299,-0.75091552734375,0.34906005859375,-0.13494873046875,-0.5440673828125,0.9999687648156742,5.19166666666667,6.424999999999997,-285.8083333333334,-0.6399998664855957,0.2033333142598468,0.10000009536743093,0.008643735882806834,-0.08270304645025325,-0.3395342740525432,-0.9197527798363002,-0.1654407593481509,0.0827554134830372,0.3461729635152882,128.6331079232791
1773306681106,-41.550000000000004,22.283333333333335,299.4833333333334,6.116666666666667,3.8000000000000003,6.716666666666666,-0.02821615624057499,0.09162978572970232,0.33423055175691413,-35.875,29.25,73.5,5.829999923706055,3.640000104904175,6.940000057220459,-0.4417864680290222,-0.06981316953897476,0.08072147518396378,-0.007710628457863101,-0.0012184696697081214,0.0014088555190270634,-0.74029541015625,0.36187744140625,-0.1260986328125,-0.5523681640625,1.0000020153800206,5.675000000000004,6.966666666666665,-225.9833333333334,-0.28666674296061245,-0.15999989509582546,0.2233333905537931,0.020505527782711887,-0.09284825539941044,-0.33282169623788704,-0.7578420162410292,0.01930684010139455,0.5214591943177204,0.39164145976459735,146.77133160706668
1773306681222,-42.72500000000001,23.475,1.675,6.128571428571429,3.942857142857143,6.4142857142857155,-0.048370553555271416,0.10023176561453148,0.33211122337949245,-36.25,30.6875,74.9375,5.78000020980835,3.7799999713897705,6.949999809265137,-0.3272492289543152,0.03381575271487236,0.123263880610466,-0.00571157651986556,0.000590196223914734,0.0021513605654378295,-0.73046875,0.3731689453125,-0.11944580078125,-0.559326171875,0.9999763608910074,6.4750000000000085,7.212499999999999,73.2625,-0.3485712187630794,-0.16285717146737255,0.5357140949794212,0.04265897703540586,-0.09964156939061675,-0.3299598628140546,0.9128066618088663,0.19464428666928965,-0.060766580812545455,-0.3538432173727651,134.2192181144675
1773306681323,-43.65,24.383333333333336,3.6,6.083333333333333,4.066666666666666,6.033333333333334,0.049741883681838385,0.16347917327013553,0.2847795562837414,-36.6875,32.1875,76.375,5.619999885559082,3.9800000190734863,6.53000020980835,-0.2912518084049225,0.08944812417030334,0.1079922467470169,-0.005083303009053591,0.0015611642765045145,0.001884820272361581,-0.72027587890625,0.385009765625,-0.11273193359375,-0.56597900390625,1.0000352909149182,6.962499999999999,7.804166666666664,72.775,-0.463333447774251,-0.0866666475931801,0.4966668764750155,-0.054825186690891974,-0.161918008993631,-0.2828947360113798,0.9094052419304652,0.2073634068530492,-0.049971535592365175,-0.35705093345099936,136.88078274673848
1773306681422,-44.38333333333333,24.75,5.45,6.416666666666667,3.966666666666667,5.949999999999999,-0.0008726646259971643,0.14020811657687782,0.18762289458939047,-36.9375,33.375,78,5.659999847412109,4.139999866485596,6.28000020980835,-0.22471113502979279,-0.0054541537538170815,0.22252947092056274,-0.00392194917216345,-0.00009519294091411631,0.0038838719502847967,-0.709716796875,0.39447021484375,-0.1043701171875,-0.57427978515625,0.9999975375800809,7.445833333333333,8.625,72.55,-0.7566668192545576,0.17333319981892892,0.3300002098083503,-0.003049284546166286,-0.14030330951779194,-0.18373902263910566,0.907238132589054,0.2157497317213569,-0.03785650377318284,-0.3590792519215775,139.19508418616152
1773306681522,-45.63333333333333,24.66666666666667,6.833333333333333,6.433333333333334,3.7500000000000004,5.133333333333333,0.002036217460660044,0.10268353765899971,-0.07708537529641622,-37.5625,34.0625,79.9375,6.050000190734863,3.9800000190734863,5.769999980926514,-0.10471975803375244,0.05345070734620094,0.0970839411020279,-0.0018277045695807633,0.0009328908307111271,0.001694434423042639,-0.69769287109375,0.40216064453125,-0.10052490234375,-0.58428955078125,1.0000040307559794,8.070833333333333,9.395833333333329,73.10416666666667,-0.3833331425984703,0.23000001907348588,0.6366666475931808,-0.003863922030240807,-0.10175064682828858,0.07877980971945886,0.9038135854731614,0.21911208464414406,-0.029017355993028363,-0.36642719621804787,142.01438122428007
1773306681622,-46.04,23.619999999999997,7.040000000000001,6.766666666666668,3.716666666666667,6.266666666666667,0.13119058210824044,0.038106355335209535,-0.19838575831002214,-37.875,33.25,80.875,5.989999771118164,3.8399999141693115,6.059999942779541,0.16798794269561768,-0.1330813616514206,0.13962633907794952,0.002931942703690087,-0.0023227079338546076,0.002436939339416243,-0.69342041015625,0.3997802734375,-0.1026611328125,-0.590576171875,0.9999878275398654,8.165,9.630000000000003,73.835,-0.7766668955485043,0.12333324750264474,-0.2066667238871256,-0.12825863940455035,-0.04042906326906414,0.2008226976494384,0.9041001044041342,0.2115147578629733,-0.024572853264520356,-0.37048708925553897,142.5485171776154
1773306681723,-45.70000000000001,22.683333333333334,6.3999999999999995,6.800000000000002,3.6,6.400000000000001,0.12479104151759458,-0.12420926510026313,-0.14980742746284664,-37.4375,31.625,81.1875,6.28000020980835,3.880000114440918,6.75,0.20071285963058472,-0.1439896672964096,-0.014180799946188927,0.003503100251646913,-0.0025130937831735495,-0.0002475016496276315,-0.695068359375,0.38909912109375,-0.1043701171875,-0.59552001953125,1.0000276822490544,8.26250000000001,8.941666666666666,74.7875,-0.519999790191652,0.2800001144409179,0.34999999999999876,-0.12128794126594768,0.12169617131708958,0.149559925813219,0.9063830960825155,0.2021970354667256,-0.025811267391896896,-0.37002678343596324,141.67223925853793
1773306681822,-45.06666666666667,22.3,5.266666666666667,6.6000000000000005,2.9166666666666665,5.616666666666667,0.1442805514981979,-0.32346768803628245,-0.359537825910832,-36.8125,30.75,80.6875,6.340000152587891,3.440000057220459,6.539999961853027,0.0872664600610733,-0.23343779146671295,-0.17016960680484772,0.001523087054625861,-0.004074258059678064,-0.0029700199255687405,-0.7001953125,0.38134765625,-0.1046142578125,-0.59442138671875,0.9999902192024894,8.25416666666667,8.45,75.42083333333333,-0.2599998474121099,0.5233333905537925,0.9233332951863602,-0.14275746444357204,0.3193934299766044,0.3565678059852633,0.9086698592725704,0.19570091144140006,-0.03239270721159502,-0.3673839308272427,140.2649325518884
1773306681922,-43.45000000000001,21.51666666666667,62.00000000000001,6.066666666666666,2.8833333333333333,6.583333333333333,0.18675022996339327,-0.534943415736262,-0.7248934159949781,-35.375,30.125,79.125,6.170000076293945,2.880000114440918,5.550000190734863,0.48978301882743835,-0.0970839411020279,-0.3239767253398895,0.008548326298896175,-0.001694434423042639,-0.005654460557010417,-0.71197509765625,0.37078857421875,-0.1004638671875,-0.58782958984375,1.0000146607725005,8.07500000000001,8.60833333333333,17.124999999999993,0.10333340962727888,-0.003333218892415335,-1.0333331425984698,-0.1782019036644971,0.5332489813132194,0.7192389554379677,0.817874259498544,0.3359313979321912,0.4108197118817631,-0.22239369564449735,136.77966720013336
1773306682022,-40,20.500000000000004,356.2,5.15,4.133333333333334,8.166666666666666,0.1751147016167644,-0.5110905826256728,-0.506727259495687,-32.4375,26.6875,74.0625,4.929999828338623,3.8499999046325684,8.029999732971191,0.7243116497993469,-0.22252947092056274,-0.5955936312675476,0.01264162309955073,-0.0038838719502847967,-0.010395069869527753,-0.74761962890625,0.334228515625,-0.1068115234375,-0.56390380859375,1.0000200083340263,7.5625,6.1874999999999964,-282.1375,-0.2200001716613773,-0.2833334287007654,-0.13666693369547467,-0.16247307851721368,0.5072067106753879,0.4963321896261592,-0.9221695657932121,-0.1559615414329436,0.09148527052848564,0.34192065570092256,128.46463185514236
1773306682123,-37.216666666666676,20.433333333333337,352.0833333333333,5.316666666666666,3.533333333333333,8.466666666666669,0.04683300159518119,-0.43662320120724807,-0.28041623315375563,-30.0625,25.0625,70.25,4.650000095367432,3.7100000381469727,8.5600004196167,0.35561081767082214,-0.16798794269561768,-0.40251654386520386,0.006206579624065079,-0.002931942703690087,-0.00702523898419599,-0.7725830078125,0.311767578125,-0.10565185546875,-0.54296875,1.000030451921885,7.154166666666676,4.629166666666663,-281.8333333333333,-0.6666665712992348,0.17666670481363944,0.09333375295003066,-0.04062642197111611,0.433691258503558,0.27339099416955964,-0.9265629930798798,-0.14601909746976818,0.12084844674342501,0.32489243750612373,122.47912143266342
1773306682222,-35.48333333333334,20.983333333333334,348.88333333333327,5.083333333333333,3.6,7.966666666666668,0.04596033696918401,-0.5585053606381855,-0.06370451769779303,-28.875,24.6875,67.6875,5.010000228881836,3.2300000190734863,8.319999694824219,0.1952587068080902,0.009817477315664291,-0.5235987901687622,0.003407907326987442,0.00017134730339819656,-0.009138522847903816,-0.78863525390625,0.302001953125,-0.10430908203125,-0.5252685546875,0.999969090788704,6.608333333333341,3.7041666666666657,-281.19583333333327,-0.0733331044514971,-0.36999998092651376,0.3533330281575511,-0.04255242964219657,0.5586767079415836,0.05456599484988922,-0.9267387136977827,-0.14359474345014778,0.14593756670114053,0.3150208450446027,119.09820367246546
1773306682322,-33.78333333333333,22.21666666666667,345.75,4.7,3.966666666666667,7.8500000000000005,-0.06021385919380438,-0.5459971676655594,-0.04043346100453531,-27.25,25.6875,64.5,4.360000133514404,3.809999942779541,8.09000015258789,0.08944812417030334,0.009817477315664291,-0.5432337522506714,0.0015611642765045145,0.00017134730339819656,-0.009481217584737371,-0.8026123046875,0.3006591796875,-0.095947265625,-0.50616455078125,0.9999954420969326,6.533333333333331,3.4708333333333314,-281.25,-0.3399998664855959,-0.15666672388712577,0.2400001525878901,0.061775023470308894,0.5461685149689576,0.030952243419797937,-0.9247347351332901,-0.14756414245848598,0.1720084650769699,0.30578355325347456,116.45383936867903
1773306682422,-32.24,24.020000000000003,342.42,4.516666666666667,4.266666666666667,7.716666666666669,-0.053523430394492776,-0.4639666928218259,0.04974188368183839,-26.0625,26.875,61.25,4.090000152587891,4.03000020980835,8.100000381469727,-0.008726646192371845,0.039269909262657166,-0.5050546526908875,-0.00015230870871351518,0.0006853892135927863,-0.008814866591972425,-0.81658935546875,0.30230712890625,-0.090576171875,-0.48333740234375,1.0000134314439693,6.177500000000002,2.854999999999997,-281.17,-0.426666514078776,-0.236666456858317,0.383333714803058,0.05337112168577926,0.4646520820354187,-0.05855675027381082,-0.9197893797791629,-0.15605333677152805,0.200687242266961,0.2989305667194594,114.4621316263705
1773306682522,-30.95,25.900000000000002,340.1,4.133333333333334,4.550000000000001,7.716666666666668,0.031415926535897934,-0.43255076628592803,0.14922565104551516,-24.8125,28.4375,58.125,3.869999885559082,4.329999923706055,7.849999904632568,-0.15271630883216858,-0.06872233748435974,-0.5083271265029907,-0.002665402410613838,-0.0011994310587687947,-0.008871982034678916,-0.82861328125,0.30731201171875,-0.0830078125,-0.46051025390625,1.0000003166496252,6.137499999999999,2.537499999999998,-281.975,-0.2633334477742517,-0.22000007629394602,0.13333323796590069,-0.03408132894651177,0.43135133522715924,-0.1580976330801941,-0.914776172735328,-0.1677972921991116,0.22118390351681672,0.2934387557079245,112.86238504103845
1773306682623,-29.633333333333336,27.83333333333334,338.28333333333336,4.050000000000001,4.683333333333334,7.583333333333333,0.11635528346628864,-0.3388847630955657,0.33597588100890846,-23.4375,30.1875,56,3.740000009536743,4.369999885559082,7.900000095367432,-0.15817046165466309,0.021816615015268326,-0.3796091079711914,-0.002760595335273309,0.00038077176365646523,-0.006625428804655942,-0.836181640625,0.31390380859375,-0.07147216796875,-0.44403076171875,1.0000034626513374,6.195833333333336,2.3541666666666607,-282.28333333333336,-0.30999999046325755,-0.31333344777425154,0.3166667620340986,-0.11911587880156195,0.3392655348592222,-0.3426013098135644,-0.9099846045745753,-0.1815901748480387,0.23717547341547257,0.2875775071977277,111.98991447084214
1773306682740,-28.400000000000002,30.557142857142857,337.42857142857144,3.757142857142857,5.171428571428572,7.385714285714287,0.09025845560313533,-0.23163012501467603,0.3520578434022848,-21.9375,32.3125,54.75,3.450000047683716,4.860000133514404,7.75,-0.3937899172306061,-0.17126043140888214,-0.3065234422683716,-0.0068729306168300265,-0.0029890584064709044,-0.00534984330212984,-0.8387451171875,0.32568359375,-0.05316162109375,-0.43316650390625,1.000011276390155,6.462500000000002,1.755357142857143,-282.67857142857144,-0.3071428094591413,-0.3114284379141674,0.364285714285713,-0.09713138621996537,0.22864106660820513,-0.35740768670441464,-0.9044477134693419,-0.20421074310669174,0.24640808412441695,0.2820556010399833,112.32815253638402
1773306682856,-27.457142857142856,33.67142857142857,337.3285714285715,3.485714285714286,5.8,7.642857142857144,0.236866112770659,-0.1894928902165272,0.6834210685309224,-20.5625,34.6875,53.8125,3.1700000762939453,5.349999904632568,7.679999828338623,-0.3436116874217987,-0.1276271939277649,-0.17671458423137665,-0.005997155293843973,-0.0022275147491208113,-0.0030842513311303754,-0.83892822265625,0.33746337890625,-0.03857421875,-0.4251708984375,0.9999701786065031,6.8946428571428555,1.0160714285714292,-283.5160714285715,-0.3157142094203409,-0.45000009536743146,0.03714268548147892,-0.24286326806450298,0.1872653754674064,-0.6865053198620528,-0.8981459703470182,-0.23121733075834033,0.25015246766747545,0.2780217704178473,113.59545395218097
1773306682956,-26.08333333333334,38.78333333333334,339.0833333333333,2.983333333333333,6.416666666666667,6.7,0.657116463375865,-0.1387536755335492,1.157735070489572,-19.4375,37.125,53.5,3.0899999141693115,5.550000190734863,7.949999809265137,-0.7101308107376099,-0.31088677048683167,-0.1799870729446411,-0.012394120767227994,-0.005425997745887147,-0.0031413670339111932,-0.835693359375,0.35198974609375,-0.0220947265625,-0.42095947265625,0.9999876133330429,6.645833333333339,-1.6583333333333385,-285.5833333333333,0.10666658083597857,-0.8666664759318037,1.2499998092651365,-0.6695105841430931,0.13332767778766205,-1.160876437523483,-0.8900739286180601,-0.2794481081977327,0.24048614295975584,0.2680365114372677,116.35088502248207
1773306683055,-23.950000000000003,43.88333333333333,341.4166666666667,2.016666666666667,7.266666666666667,5.633333333333334,0.4366232012072482,0.17715091907742445,0.3673918075448064,-15.3125,44.625,55.25,2.2300000190734863,7.130000114440918,5.78000020980835,-0.9479319453239441,-0.7232208251953125,-0.14508049190044403,-0.01654453353073769,-0.012622584618648566,-0.002532132264075714,-0.8134765625,0.39410400390625,0.0433349609375,-0.42547607421875,0.9999849459885923,8.637500000000003,0.7416666666666671,-286.1666666666667,0.21333335240681928,-0.13666655222574864,0.14666687647501586,-0.4531677347379859,-0.18977350369607301,-0.3699239398088821,-0.8829558733111059,-0.3296608688544758,0.22301777926640648,0.24894920659165556,121.04446798410751
1773306683156,-24.560000000000002,44.46,344.36,2.833333333333334,6.866666666666667,5.516666666666666,-0.04741477801251263,0.48607419668042073,-0.08523024513905642,-13.875,46.375,57.4375,1.340000033378601,7.300000190734863,6.039999961853027,0.010908307507634163,0,0.47451138496398926,0.00019038588182823261,0,0.008281786005819927,-0.80120849609375,0.40069580078125,0.06951904296875,-0.43896484375,1.0000076051512252,10.685000000000002,1.9149999999999991,-286.9225,-1.4933332999547329,0.43333352406819614,0.5233332951863616,0.04760516389434086,-0.48607419668042073,0.09351203114487634,-0.8851334096163037,-0.3394437489977502,0.2027840984938718,0.24534750425752616,122.68651199916812
1773306683256,-27.200000000000003,42.68333333333334,347.55,3.1166666666666667,6.45,4.883333333333334,-0.28390689165774424,0.7336200622549498,-0.586139740461429,-15.875,45.625,59.625,2.5799999237060547,6.920000076293945,5.480000019073486,0.0719948336482048,-0.023998277261853218,0.5563237071037292,0.0012565468915867748,-0.00041884895302582805,0.009709680395860643,-0.79339599609375,0.40106201171875,0.056884765625,-0.454345703125,0.9999969191801774,11.325000000000003,2.941666666666663,-287.925,-0.536666742960612,0.47000007629394513,0.5966666857401526,0.285163438549331,-0.7340389112079756,0.5958494208572896,-0.8906934401106267,-0.32789006328898257,0.18323603861777993,0.25608173752126095,124.02978313885113
1773306683356,-30.633333333333336,36.98333333333334,350.26666666666665,3.983333333333334,5.250000000000001,5.650000000000001,-0.24027366035788603,1.045743110153269,-0.9765117164908274,-19.5,42.9375,62.3125,2.819999933242798,6.269999980926514,5.199999809265137,0.8453938364982605,0.4505131244659424,0.8617563247680664,0.014754905922961255,0.007862937345377715,0.015040485217088319,-0.78662109375,0.39306640625,0.025390625,-0.4754638671875,0.9999922588167969,11.133333333333336,5.954166666666659,-287.95416666666665,-1.163333400090536,1.0199999809265128,-0.4500001907348645,0.2550285662808473,-1.0378801728078912,0.9915522017079157,-0.9042789596447292,-0.28354529889514773,0.16107800052391064,0.2755639750865974,123.54913259902814
1773306683456,-33.18333333333333,29.366666666666664,352.48333333333335,5.533333333333334,3.6666666666666665,7.033333333333334,-0.024143721319254886,0.8732464024144964,-0.9913470151327792,-24.0625,37.0625,65.875,3.940000057220459,4.980000019073486,6.199999809265137,1.0166542530059814,0.25852689146995544,1.0886491537094116,0.017743964069357833,0.004512145461096765,0.01900051213127907,-0.7794189453125,0.364501953125,-0.029052734375,-0.50872802734375,1.0000019166600218,9.12083333333333,7.695833333333336,-286.60833333333335,-1.5933332761128751,1.3133333524068198,-0.8333335240681974,0.04188768538861272,-0.8687342569533996,1.0103475272640583,-0.920327279205321,-0.224294453485971,0.1329918408388104,0.2915525125192124,122.18721712480892
1773306683556,-32.92,22.660000000000004,353.70000000000005,5.9333333333333345,2.716666666666667,8.166666666666666,0.4398229715025711,0.2920517615003845,-0.5070181477043527,-28.1875,27.5625,70.25,6.110000133514404,2.5399999618530273,8.1899995803833,0.8301222324371338,-0.16580627858638763,0.7810348272323608,0.014488366150033656,-0.0028938654818114334,0.013631629307949767,-0.77191162109375,0.32122802734375,-0.0806884765625,-0.54266357421875,1.0000146905743854,4.732500000000002,4.902499999999996,-283.45000000000005,0.17666680018106984,-0.17666670481363944,0.023332913716634707,-0.4253346053525374,-0.2949456269821959,0.5206497770123025,-0.9358487708843013,-0.1728570703381411,0.10725311852435027,0.2877573280305112,119.72769969459746
1773306683656,-30.900000000000002,19.416666666666668,353.1666666666667,5.116666666666667,2.866666666666667,8.950000000000001,0.34906585039886595,-0.055850536063818554,-0.2804162331537555,-26.8125,23.0625,72.0625,5.230000019073486,2.700000047683716,8.710000038146973,0.6708609461784363,-0.29997846484184265,0.2607085406780243,0.011708732333858184,-0.005235611896568205,0.004550222422901094,-0.7718505859375,0.28753662109375,-0.0838623046875,-0.56085205078125,1.000009272204566,4.087500000000002,3.645833333333332,-281.1041666666667,0.11333335240681919,-0.16666661898295132,-0.2399999618530284,-0.3373571180650078,0.05061492416725035,0.2849664555766566,-0.9456937818071027,-0.1466009550941963,0.10146393741580813,0.27180231864524357,116.41678923916162
1773306683756,-28.96666666666667,18.55,352.2166666666667,4.033333333333334,3.716666666666667,8.6,0.07824892813107912,0.08406669230439354,-0.18093246579007888,-25.25,20.9375,71.5625,3.869999885559082,3.049999952316284,9.15999984741211,0.11671889573335648,-0.45814892649650574,-0.123263880610466,0.002037129029839032,-0.007996207231841515,-0.0021513605654378295,-0.77935791015625,0.26641845703125,-0.0819091796875,-0.5611572265625,0.9999920464735835,3.7166666666666686,2.3874999999999993,-280.6541666666667,-0.16333344777425207,-0.6666667143503826,0.5599998474121097,-0.07621179910124008,-0.09206289953623505,0.17878110522464105,-0.950622886845332,-0.13893906135624065,0.10507038127588923,0.25685069440013814,113.11227614235686
1773306683856,-28.5,17.62,352.32000000000005,4.8500000000000005,3.2000000000000006,9.05,0.08581202155638787,0.1480620982108523,-0.03257947937056081,-24.5625,19.75,71.4375,3.799999952316284,3.6600000858306885,8.65999984741211,0.1996220350265503,-0.09381144493818283,0.20943951606750488,0.003484061770744749,-0.0016373185902246587,0.0036554091391615266,-0.7821044921875,0.25555419921875,-0.08221435546875,-0.56231689453125,0.9999774375247747,3.9375,2.129999999999999,-280.88250000000005,-1.0500000476837164,0.46000008583068785,-0.39000015258789134,-0.08232795978564313,-0.14969941680107696,0.03623488850972234,-0.9531204915141392,-0.13182199445595666,0.10175981587255614,0.2526444741273455,111.70576290977739
1773306683956,-27.720000000000006,18.32,352.96000000000004,4.566666666666667,2.983333333333333,9.250000000000002,0.097156661694351,-0.2379465546885603,0.48607419668042084,-24.5625,18.875,72.3125,4.760000228881836,2.799999952316284,9.609999656677246,0.046905722469091415,-0.11562806367874146,0.19198621809482574,0.0008186592951123293,-0.0020180904188997054,0.0033507916242066244,-0.77880859375,0.25048828125,-0.0843505859375,-0.56884765625,0.9999949410429781,3.157500000000006,0.5549999999999997,-280.64750000000004,0.19333356221516862,-0.18333338101704877,0.3599996566772443,-0.09633800239923868,0.2359284642696606,-0.4827234050562142,-0.9543532701811118,-0.13974527316778262,0.09691170167083157,0.24553862506975055,111.8323306573211
1773306684056,-27.75,21.133333333333336,353.26666666666665,4.133333333333334,3.4500000000000006,6.95,-0.02763437982324355,-0.05555964785515283,0.46571202207382034,-23.25,22.125,71.75,3.700000047683716,3.4100000858306885,7.820000171661377,-0.5399612188339233,0.09162978827953339,-0.22143864631652832,-0.009424101101733579,0.0015992414983831678,-0.003864833469382633,-0.77960205078125,0.26617431640625,-0.06097412109375,-0.56365966796875,1.0000290940939978,4.5,0.9916666666666636,-281.51666666666665,-0.4333332856496179,-0.039999914169312145,0.8700001716613768,0.018210278721509973,0.057158889353536,-0.469576855543203,-0.9501286787863173,-0.1638775781199488,0.09994459138270306,0.24578590641176234,112.92692687354881
1773306684156,-28.433333333333334,22.750000000000004,354.2166666666667,4.533333333333334,3.266666666666667,6.783333333333332,-0.010471975511965987,0.019198621771937624,-0.0063995405906458755,-23.1875,24.6875,71.625,3.6700000762939453,3.559999942779541,6.78000020980835,-0.3643374741077423,0.022907447069883347,0.023998277261853218,-0.006358888511579693,0.00039981037459579195,0.00041884895302582805,-0.77642822265625,0.2843017578125,-0.049072265625,-0.56024169921875,0.9999735612652485,5.245833333333334,1.9374999999999964,-282.5916666666667,-0.8633332570393888,0.29333327611287396,-0.0033331235249827174,0.004113087000386294,-0.01879881139734183,0.006818389543671703,-0.9466792416586659,-0.17879974073619492,0.09631790790385722,0.25010383192239755,114.721160734937
1773306684256,-28.04,22.500000000000004,353.84000000000003,4.800000000000001,3.266666666666667,8.55,0.11955505376161159,-0.29176087329171874,-0.11868238913561441,-23.375,24.875,71.8125,4.75,3.0199999809265137,7.880000114440918,0.11126473546028137,-0.11890055239200592,-0.03381575271487236,0.0019419359751423984,-0.002075206121680523,-0.000590196223914734,-0.7755126953125,0.28521728515625,-0.05010986328125,-0.56097412109375,0.9999859015394822,4.664999999999999,2.3749999999999964,-282.02750000000003,-0.05000000000000071,-0.24666668574015338,-0.6699998855590827,-0.11761311778646918,0.2896856671700382,0.11809219291169967,-0.9476548933040664,-0.1762387937601352,0.09832246101497673,0.24743238355314276,114.50715435760786
1773306684356,-27.25,22.95,351.98333333333335,3.65,4,7.916666666666667,-0.09250245035569948,-0.25539984720850356,0.10617419616298837,-22.0625,24.5625,70.1875,3.759999990463257,3.559999942779541,9.119999885559082,0.08835729211568832,-0.0021816615480929613,-0.389426589012146,0.0015421256655651877,-0.000038077177178378795,-0.006796776173072719,-0.7852783203125,0.2772216796875,-0.044921875,-0.5517578125,0.999984279151368,5.1875,1.6125000000000007,-281.79583333333335,0.10999999046325692,-0.440000057220459,1.203333218892415,0.09404457602126468,0.2553617700313252,-0.11297097233606108,-0.9468268265351055,-0.17673158330642066,0.11332549936346721,0.24380779152744056,112.59026462040245
1773306684456,-27.075000000000003,23.800000000000004,351.05,3.6,4.133333333333334,7.666666666666667,0.0011635528346628822,-0.05061454830783556,-0.056141424272484274,-21.75,25.75,68.8125,3.009999990463257,3.990000009536743,7.760000228881836,-0.09162978827953339,0.11671889573335648,-0.20398534834384918,-0.0015992414983831678,0.002037129029839032,-0.0035602159544277302,-0.790771484375,0.283203125,-0.041015625,-0.54107666015625,0.9999848919710683,5.325000000000003,1.9499999999999957,-282.2375,-0.5900000095367433,-0.14333332379659058,0.09333356221516897,-0.0027627943330460498,0.05265167733767459,0.052581208318056544,-0.9446567437479291,-0.18199254031474132,0.12234760530742864,0.24399470329678172,112.105589401714
1773306684556,-26.16666666666667,24.2,350.4166666666667,3.9499999999999997,4.3,8.683333333333335,0.05090543651650128,-0.01163552834662887,0.12217304763960307,-21.5,25.6875,68.25,3.640000104904175,3.9100000858306885,8.9399995803833,0.04581489413976669,-0.16144295036792755,-0.029452430084347725,0.0007996207491915839,-0.0028177110380541268,-0.000514041877685299,-0.79364013671875,0.28167724609375,-0.04052734375,-0.5377197265625,0.9999958537433021,4.666666666666671,1.4875000000000007,-282.1666666666667,-0.30999989509582493,-0.38999991416931135,0.25666624704996543,-0.05010581576730969,0.008817817308574744,-0.12268708951728836,-0.9451094586745804,-0.18497458348347284,0.12684198277137365,0.23762076086820388,111.1871217263881
1773306684656,-26.46666666666667,24.683333333333337,350.8333333333333,4.483333333333333,3.7000000000000006,8.133333333333333,-0.22660191455059714,0.04974188368183839,0.16173384401814123,-21.3125,26.3125,68.4375,3.9100000858306885,3.8299999237060547,8.489999771118164,-0.07635815441608429,0.20725785195827484,0.10362892597913742,-0.001332701205306919,0.003617331917282873,0.0018086659586414365,-0.7921142578125,0.2850341796875,-0.03582763671875,-0.53857421875,1.0000176446818312,5.154166666666669,1.6291666666666629,-282.3958333333333,-0.5733332475026449,0.12999992370605407,0.3566664377848312,0.2252692133452902,-0.046124551764555516,-0.1599251780594998,-0.9439990958791281,-0.18952999384163885,0.1247619296643633,0.2395382001272482,111.85332562421571
1773306684756,-28.150000000000002,24.816666666666666,351.5666666666666,4.05,4.033333333333334,7.45,-0.09570222065102238,-0.07330382858376185,0.19024088846738194,-22.4375,27.25,68.6875,3.869999885559082,3.609999895095825,7.960000038146973,-0.2672535479068756,0.18107791244983673,-0.013089969754219055,-0.0046644543486113795,0.0031604057748876825,-0.0002284630711975954,-0.78802490234375,0.29632568359375,-0.04034423828125,-0.53814697265625,1.0000109895459954,5.712500000000002,2.4333333333333336,-282.8791666666666,-0.1800001144409178,-0.4233334382375089,0.5100000381469725,0.091037766302411,0.07646423435864953,-0.19046935153857952,-0.9409139355611301,-0.19039840471712124,0.121769834446037,0.2521934193570991,114.03076700762828
1773306684856,-28.360000000000003,25.7,351.70000000000005,3.633333333333334,4.5,6.6499999999999995,0.15009831567151236,-0.01861684535460618,0.08726646259971647,-22.8125,28.625,68.375,3.509999990463257,4.320000171661377,7.269999980926514,-0.20943951606750488,-0.023998277261853218,-0.10035642981529236,-0.0036554091391615266,-0.00041884895302582805,-0.0017515501258234564,-0.7867431640625,0.3070068359375,-0.038330078125,-0.53411865234375,0.9999849664779972,5.547500000000003,2.9250000000000007,-283.32500000000005,-0.12333334287007736,-0.17999982833862305,0.6199999809265142,-0.15375372481067387,0.018197996401580353,-0.08901801272553993,-0.938828538828538,-0.1977738308139526,0.12274378427172733,0.2538118396546982,114.95529428898975
1773306684955,-27.600000000000005,25.616666666666664,351.9166666666667,4.1000000000000005,4.616666666666667,7.45,0.09192067393836802,0.3083415011856649,-0.4290601077819393,-22.125,29.25,68.375,3.2100000381469727,4.880000114440918,6.710000038146973,-0.021816615015268326,-0.21707531809806824,0.04472406208515167,-0.00038077176365646523,-0.0037886790256253257,0.0007805821382522572,-0.78643798828125,0.30767822265625,-0.02947998046875,-0.5347900390625,1.0000100265685723,5.475000000000005,3.6333333333333364,-283.5416666666667,-0.8899999618530279,0.26333344777425083,-0.7399999618530275,-0.09230144570202448,-0.31213018021129024,0.4298406899201916,-0.9408874821555646,-0.19836170365742187,0.11949327401778273,0.24719372546567242,114.19669294147418
1773306685056,-27.566666666666674,23.233333333333334,352.4166666666667,5.116666666666667,3.9499999999999997,9.25,-0.0634136294891273,0.06079563561113582,0.020653062815266236,-22.5,25.625,70.375,4.730000019073486,3.630000114440918,9.779999732971191,0.4145157039165497,0.07090400159358978,0.29561513662338257,0.007234663834565746,0.001237508280647448,0.005159457452810898,-0.78228759765625,0.28521728515625,-0.044921875,-0.55194091796875,0.9999897684378528,5.0666666666666735,2.3916666666666657,-282.0416666666667,-0.3866666475931808,-0.31999988555908176,0.5299997329711914,0.07064829332369305,-0.059558127330488375,-0.015493605362455337,-0.946055339840526,-0.17970374297257113,0.1107788590150846,0.2457923984101035,113.51366904591333
1773306685155,-28.433333333333334,23.983333333333334,352.7833333333333,4.483333333333333,3.7833333333333337,7.583333333333333,-0.21787526829062545,-0.18005980116408168,0.30077840776035614,-23,26.6875,70.375,4.119999885559082,3.690000057220459,8.470000267028809,-0.2977968156337738,0.18325957655906677,-0.1025380939245224,-0.005197534934763877,0.0031984829967663356,-0.00178962734770211,-0.7803955078125,0.29498291015625,-0.04266357421875,-0.5496826171875,1.0000016130493983,5.433333333333334,2.7041666666666657,-282.4083333333333,-0.36333344777425136,-0.09333327611287467,0.8866669336954756,0.21267773335586157,0.18325828416084802,-0.30256803510805824,-0.9431289897164413,-0.1858879531044731,0.1106016817289641,0.2524294864824613,114.94489828745611
1773306685256,-29.26666666666667,25.600000000000005,352.70000000000005,3.6666666666666665,4.583333333333333,6.850000000000001,0.12333660047426596,-0.07330382858376183,0.16435183789613272,-23.3125,28.8125,69.4375,3.7300000190734863,4.320000171661377,6.980000019073486,-0.2705260217189789,0.008726646192371845,-0.20616701245307922,-0.004721569791317872,0.00015230870871351518,-0.003598293176306384,-0.7808837890625,0.31036376953125,-0.03875732421875,-0.54071044921875,0.9999875406889795,5.954166666666669,3.212499999999995,-283.26250000000005,0.06333335240681981,-0.2633331616719561,0.1300000190734849,-0.12805817026558383,0.07345613729247534,-0.1679501310724391,-0.9380407835221407,-0.19824390050034202,0.11592247569100309,0.259501105957658,116.50655060906519
1773306685356,-28.649999999999995,26.200000000000003,353.5,3.016666666666667,5.25,7.5,0.23300145514124299,0.6672975506791653,0.01396263401595464,-22.5,29.5625,69.4375,2.380000114440918,5.199999809265137,7.619999885559082,-0.1079922467470169,-0.23452861607074738,0.26943519711494446,-0.001884820272361581,-0.004093296540580228,0.004702531310415707,-0.7806396484375,0.3123779296875,-0.02923583984375,-0.54052734375,1.0000013876696734,6.149999999999995,3.362499999999997,-284.0625,-0.6366665522257491,-0.05000019073486328,0.11999988555908203,-0.23488627541360457,-0.6713908472197455,-0.009260102705538932,-0.9389959612571942,-0.2055890468165973,0.10948886765195338,0.2530452853384427,116.14886815746775
1773306685456,-28.900000000000002,24.483333333333338,297.73333333333335,4.166666666666667,3.85,7.8,0.12828170002158323,0.9186249629663488,-0.07592182246175334,-23,28.1875,73.75,3.180000066757202,4.75,7.769999980926514,-0.0665406808257103,-0.3687008023262024,1.1453722715377808,-0.0011613539669273038,-0.006435042955337,0.01999051729938081,-0.76129150390625,0.30609130859375,-0.0272216796875,-0.57098388671875,1.0000101308756493,5.900000000000002,3.704166666666662,-223.98333333333335,-0.9866665999094648,0.8999999999999999,-0.03000001907348615,-0.12944305398851053,-0.9250600059216858,0.09591233976113415,-0.7826850036311507,-0.049669992039903584,0.5345805630635603,0.31489791770716524,134.551797185791
1773306685556,-29.933333333333334,21.983333333333334,2.0333333333333337,5.000000000000001,2.8166666666666664,8.266666666666667,0.0916297857297023,0.37117335425746073,0.10064732019833965,-25.0625,25.3125,79.4375,4.630000114440918,2.4800000190734863,8.8100004196167,0.0665406808257103,-0.062177352607250214,0.7384924292564392,0.0011613539669273038,-0.001085199523169997,0.012889124391576164,-0.73175048828125,0.2982177734375,-0.04180908203125,-0.6114501953125,1.0000059790730544,4.870833333333334,3.3291666666666657,77.40416666666667,-0.3699998855590829,-0.3366666475931801,0.5433337529500317,-0.090468431762775,-0.3722585537806307,-0.08775819580676349,0.9490778967494217,0.18866736499122155,-0.03240627110795187,-0.25021112061985046,122.12205803535828
1773306685656,-30.08333333333334,21.366666666666664,3.6833333333333336,4.500000000000001,3.25,8.066666666666668,0.2318379023065801,0.0861029097650536,0.2745984689804412,-25.375,25.125,81.8125,4.630000114440918,2.9800000190734863,8.039999961853027,-0.11344639956951141,-0.07635815441608429,0.15707963705062866,-0.001980013197021052,-0.001332701205306919,0.002741556854371145,-0.7205810546875,0.299560546875,-0.03851318359375,-0.6241455078125,1.0000072288996957,4.708333333333339,3.7583333333333364,78.12916666666666,0.13000011444091708,-0.26999998092651367,-0.026666704813640862,-0.23381791550360115,-0.08743561097036051,-0.27185691212607005,0.9500539461806793,0.18713249656728678,-0.01758690105314716,-0.24913777109535243,123.62508706804685
1773306685756,-28.483333333333338,22.533333333333335,5.633333333333333,2.766666666666667,4.566666666666667,7.599999999999999,0.8831366015091308,0.42673300211261356,0.8208865248546664,-24.4375,26.0625,82.8125,2.809999942779541,3.759999990463257,8.020000457763672,-0.5890486240386963,-0.48541969060897827,0.11562806367874146,-0.010280837943817468,-0.00847217185513887,0.0020180904188997054,-0.71502685546875,0.301025390625,-0.02423095703125,-0.6304931640625,0.9999942295086784,4.045833333333338,3.529166666666665,77.17916666666667,0.043333276112873964,-0.8066666762034105,0.4200004577636731,-0.8934174394529483,-0.43520517396775243,-0.8188684344357667,0.951800968304112,0.20099843930416472,-0.0012945786698216263,-0.23167405594652254,123.41703125085368
1773306685855,-26.566666666666674,23.650000000000002,10.133333333333335,4.483333333333333,4.133333333333334,8.066666666666668,0.01599885147661469,0.757472895365539,-0.22398392067260564,-21.3125,28.5,87.5,2.069999933242798,5.449999809265137,7.75,-0.11671889573335648,-0.3796091079711914,0.6872233748435974,-0.002037129029839032,-0.006625428804655942,0.011994310587687946,-0.68902587890625,0.3006591796875,0.023193359375,-0.65899658203125,0.9999835154545592,5.2541666666666735,4.849999999999998,77.36666666666666,-2.4133334000905355,1.316666475931803,-0.3166666666666682,-0.018035980506453723,-0.7640983241701949,0.23597823126029357,0.9530277098334479,0.21852245325506164,0.037227419289352075,-0.20639825814685944,125.9883864847932
1773306685956,-27.61666666666667,21.350000000000005,13.9,5.416666666666667,2.8666666666666667,8.416666666666666,0.0401425727958696,0.4936372901057295,0.059632082776472924,-23.4375,25.5625,91.125,4.53000020980835,3.2100000381469727,8.6899995803833,-0.02617993950843811,-0.1330813616514206,0.6654067635536194,-0.0004569261423951908,-0.0023227079338546076,0.011613538889050062,-0.66937255859375,0.29376220703125,0.00213623046875,-0.682373046875,0.9999966975246972,4.179166666666671,4.212499999999995,77.225,-0.8866664568583174,0.34333337148030596,0.2733329137166347,-0.04059949893826479,-0.49595999803958407,-0.04801854388742286,0.9526311623978686,0.20694320684497156,0.07158577366579956,-0.21105415081886952,128.72162234643037
1773306686056,-28.51666666666667,20.750000000000004,16.133333333333333,5.266666666666667,3.1333333333333333,8.083333333333334,-0.05265076576849562,0.08843001543437934,0.1626065086441384,-24.5625,24.8125,94.6875,4.860000133514404,3.069999933242798,8.329999923706055,-0.25416356325149536,-0.07090400159358978,0.18762288987636566,-0.004435991017339458,-0.001237508280647448,0.0032746371804493173,-0.64739990234375,0.2957763671875,-0.00048828125,-0.70245361328125,1.0000258047529549,3.9541666666666693,4.0624999999999964,78.55416666666667,-0.4066665331522623,-0.06333340009053545,0.24666659037272076,0.04821477475115617,-0.08966752371502679,-0.15933187146368907,0.9501400946675679,0.206811522740368,0.0898626578012448,-0.21537756916589956,132.50562361585963
1773306686156,-30,20.816666666666666,17.233333333333334,5,3.4166666666666665,7.516666666666667,0.027052603405912104,-0.016580627893946133,0.19314977055403917,-25.25,25.5,95.25,4.659999847412109,3.440000057220459,7.960000038146973,-0.1483529806137085,0.07308565825223923,0.021816615015268326,-0.0025892479668565313,0.0012755853724889389,0.00038077176365646523,-0.64251708984375,0.30328369140625,0,-0.70367431640625,0.9999833757538603,4.75,4.683333333333334,78.01666666666667,-0.3400001525878906,0.023333390553792466,0.44333337148030605,-0.029641851372768636,0.01785621326643507,-0.1927689987903827,0.946314100124948,0.21067556867694442,0.09610551518219304,-0.22554192208749446,134.66030921671882
1773306686255,-30.950000000000003,21.166666666666668,17.75,4.7666666666666675,3.4500000000000006,7.3999999999999995,0.09948376736367678,-0.1009382084070054,-0.08639379797371932,-25.1875,26.1875,95.4375,4.429999828338623,3.7200000286102295,7.210000038146973,0.0021816615480929613,-0.013089969754219055,-0.06326818466186523,0.000038077177178378795,-0.0002284630711975954,-0.0011042381341093237,-0.640625,0.3070068359375,0.0047607421875,-0.70379638671875,1.0000028032770205,5.762500000000003,5.020833333333332,77.6875,-0.33666683832804445,0.27000002861022887,-0.1899999618530268,-0.0994456901864984,0.1007097453358078,0.08528955983961,0.9435705915016509,0.21535195279009509,0.09773837910268618,-0.23183029252687593,135.98428303268918
1773306686355,-30.233333333333334,21.150000000000002,16.983333333333334,4.416666666666667,3.783333333333333,7.883333333333334,0.1335176877775662,-0.18151424220741028,-0.06952228187110747,-24.5,25.8125,94.9375,4.019999980926514,3.450000047683716,8.289999961853027,0.0512690469622612,-0.18107791244983673,-0.142898827791214,0.000894813673851055,-0.0031604057748876825,-0.0024940550421970603,-0.64495849609375,0.3009033203125,0.00592041015625,-0.70245361328125,0.9999951999519302,5.733333333333334,4.662499999999998,77.95416666666667,-0.3966666857401533,-0.3333332856496174,0.4066666285196936,-0.13262287410371515,0.1783538364325226,0.06702822682891041,0.9456637630206883,0.21308466948723367,0.09279933449547909,-0.22738349644656275,134.64791947153316
1773306686456,-28.600000000000005,21.983333333333334,15.9,3.2833333333333337,4.3500000000000005,8,0.49043751981040656,-0.12246393584826878,0.1562069680534925,-23.25,25.625,93.9375,3.380000114440918,4.210000038146973,7.75,0.04472406208515167,-0.27488934993743896,-0.2628902196884155,0.0007805821382522572,-0.004797724235075179,-0.004588299904854072,-0.6527099609375,0.29315185546875,0.01104736328125,-0.698486328125,0.9999867490546146,5.350000000000005,3.6416666666666657,78.0375,0.09666678110758431,-0.13999996185302788,-0.25,-0.4896569376721543,0.1176662116131936,-0.16079526795834656,0.9486104118870546,0.216518328451631,0.08492305484857757,-0.21458372412457036,132.23369453390725
1773306686556,-25.75,23.116666666666664,15.666666666666666,3.4166666666666665,3.566666666666667,8.466666666666667,0.24289165423587758,0.06632251157578453,-0.0069813170079773244,-20.0625,25.9375,94.1875,2.680000066757202,3.700000047683716,8.59000015258789,0.1025380939245224,-0.2454369217157364,0.08399397134780884,0.00178962734770211,-0.00428368238989917,0.0014659713518450435,-0.65386962890625,0.27685546875,0.0347900390625,-0.70330810546875,1.000023539832334,5.6875,2.8208333333333364,78.52083333333333,-0.7366665999094644,0.13333338101704895,0.12333348592122384,-0.24110202688817547,-0.0706061939656837,0.008447288359822367,0.9522623028430252,0.223258723828369,0.08594122393431805,-0.1896474488288684,129.7651872746988
1773306686655,-24.01666666666667,23.016666666666666,15.950000000000001,3.65,3.6,8.183333333333334,0.1754055898254301,-0.041306125630532466,0.11228284854496853,-19.125,26.0625,94.75,3.180000066757202,3.4800000190734863,8.510000228881836,-0.1690787672996521,-0.22798363864421844,-0.028361599892377853,-0.002950981184592251,-0.003979065135018593,-0.000495003299255263,-0.651123046875,0.27197265625,0.04315185546875,-0.707275390625,1.0000154542473862,4.891666666666669,3.0458333333333343,78.8,-0.46999993324279776,-0.11999998092651376,0.32666689554850237,-0.17835657101002236,0.037327060495513875,-0.1127778518442238,0.9549424893105372,0.22154262796316943,0.09186923305474139,-0.17482491276274403,128.56709135468077
1773306686756,-23.225,23.025,15.850000000000001,3.4666666666666663,4,8.333333333333332,0.06021385919380438,-0.03781546712654381,-0.03519747324855232,-18.375,26.1875,94.75,3.069999933242798,3.809999942779541,8.640000343322754,0.06108652427792549,-0.07308565825223923,-0.027270769700407982,0.0010661609772492516,-0.0012755853724889389,-0.00047596472082522687,-0.65155029296875,0.26837158203125,0.0491943359375,-0.7078857421875,1.0000316979927681,4.850000000000001,3.1625000000000014,78.9,-0.3966667334238685,-0.19000005722045898,0.30666700998942176,-0.05914769821655513,0.03653988175405487,0.03472150852772709,0.9561965249934551,0.22082450349800514,0.09254699590184268,-0.16840367512273766,127.79431056742528
1773306686855,-22.625,23.300000000000004,15.399999999999999,3.1666666666666665,4.266666666666667,8.450000000000001,0.10064732019833968,-0.05817764173314432,0.13613568165555773,-18.0625,26.0625,94.5,2.880000114440918,3.9600000381469727,8.739999771118164,0.009817477315664291,-0.008726646192371845,-0.08290313929319382,0.00017134730339819656,-0.00015230870871351518,-0.0014469327409057167,-0.653564453125,0.26568603515625,0.04986572265625,-0.70697021484375,1.0000145192135346,4.5625,2.7624999999999957,79.1,-0.28666655222574855,-0.30666662851969395,0.289999771118163,-0.10047597289494148,0.0580253330244308,-0.13758261439646344,0.9570193863106551,0.22196540199242384,0.08942255126187161,-0.1638562231645073,126.99970015731323
1773306686955,-21.850000000000005,24.483333333333338,15.5,3.1666666666666665,4.283333333333333,8.100000000000001,0.1460258807501922,0.012508192972626028,0.15038920388017807,-17.125,26.9375,94.625,2.559999942779541,4.380000114440918,8.229999542236328,-0.23998276889324188,-0.21816615760326385,-0.01745329238474369,-0.004188489465239699,-0.003807717766601815,-0.00030461741742703036,-0.652587890625,0.265380859375,0.061767578125,-0.70703125,1.000003188843411,4.725000000000005,2.454166666666662,79.125,-0.6066667238871255,0.09666678110758475,0.1299995422363267,-0.1502143702154319,-0.01631591073922784,-0.15069382129760509,0.9562046313362458,0.2312673212977179,0.0895774952311046,-0.15544774510752443,126.87237683842159
1773306687055,-20.633333333333336,25.983333333333334,16.05,3.0833333333333335,4.266666666666667,8.333333333333334,0.45465827014452287,-0.06981317007977318,0.5020730481570355,-15.875,28.0625,95.25,2.859999895095825,3.9200000762939453,8.579999923706055,-0.40251654386520386,-0.3905174136161804,-0.04581489413976669,-0.00702523898419599,-0.006815814653974884,-0.0007996207491915839,-0.6483154296875,0.26385498046875,0.0777587890625,-0.70989990234375,0.9999683233548873,4.758333333333336,2.0791666666666657,79.2,-0.22333343823750829,-0.3466665903727213,0.24666659037272076,-0.46168350912871886,0.0629973554257983,-0.5028726689062271,0.9548823794014205,0.24337062437960047,0.09396595962791321,-0.14191821281629258,126.92338950697476
1773306687156,-18.566666666666666,28.516666666666666,16.55,2.866666666666667,4.55,7.966666666666666,0.2289290202199229,-0.18849555921538763,0.19024088846738194,-13.4375,30.375,95.8125,2.180000066757202,4.760000228881836,8.100000381469727,-0.4352414906024933,-0.43851396441459656,-0.13744467496871948,-0.0075963970523014665,-0.007653512495007959,-0.0023988621175375893,-0.64276123046875,0.26165771484375,0.11163330078125,-0.7113037109375,1.0000108610248843,5.129166666666666,1.8583333333333343,79.2625,-0.686666599909465,0.21000022888183612,0.13333371480306067,-0.23652541727222437,0.18084204672037968,-0.19263975058491953,0.9522611216785091,0.26304001247040654,0.09834615833112499,-0.11973613122472886,126.88411495671627
1773306687255,-17.76,28.919999999999998,15.66,2.6,4.8500000000000005,8.383333333333335,-0.00930842267730309,-0.1899500002587162,0.022980168484592004,-12.5625,30.4375,93.5625,2.25,4.480000019073486,8.680000305175781,0.08072147518396378,0.07090400159358978,-0.20180369913578033,0.0014088555190270634,0.001237508280647448,-0.003522138992623402,-0.65740966796875,0.25927734375,0.1099853515625,-0.698974609375,1.0000372466213938,5.197500000000002,1.5175000000000018,77.9025,-0.3500000000000001,-0.3699999809265142,0.2966669718424466,0.010717278196330154,0.19118750853936364,-0.026502307477215405,0.9530471533805984,0.26477457213060085,0.09215118411096222,-0.11447143160257495,124.22403218143769
1773306687355,-17.28,29.340000000000003,14.6,2.5333333333333337,4.866666666666667,8.200000000000001,-0.023852833110589167,-0.17860536012075307,0.033743032205223705,-12.0625,30.8125,92.625,1.9600000381469727,4.869999885559082,8.369999885559082,0.010908307507634163,0.062177352607250214,-0.18107791244983673,0.00019038588182823261,0.001085199523169997,-0.0031604057748876825,-0.662841796875,0.25927734375,0.1134033203125,-0.69317626953125,0.9999688206967725,5.217500000000001,1.4724999999999966,78.025,-0.573333295186361,0.003333218892414891,0.16999988555908097,0.0240432189924174,0.17969055964392305,-0.036903437980111385,0.9535039987153746,0.26681412301176327,0.08379093642855076,-0.1123362237556576,123.21976584407192
1773306687455,-16.383333333333336,30.416666666666668,13.350000000000003,2.3833333333333333,4.833333333333333,8,0.17249670773877293,-0.31154127148098787,0.2466732009485319,-11.25,31.5,90.375,1.9800000190734863,4.650000095367432,8.319999694824219,-0.307614266872406,-0.25416356325149536,-0.2650718688964844,-0.0053688817830320045,-0.004435991017339458,-0.004626376866658401,-0.67535400390625,0.260986328125,0.1177978515625,-0.6796875,1.0000341621911544,5.133333333333336,1.0833333333333321,77.02499999999999,-0.403333314259847,-0.1833332379659014,0.31999969482421875,-0.17786558952180492,0.30710528046364843,-0.2512995778151903,0.9530029622765983,0.2738749548636151,0.07389746125892732,-0.1063815219385713,121.17081895496996
1773306687555,-15.200000000000001,31.55,11.733333333333334,1.9833333333333332,5.183333333333334,8.116666666666667,-0.06021385919380438,-0.3668100311274749,0.0526507657684956,-9.5,32.875,88.5,1.7300000190734863,4.960000038146973,8.109999656677246,-0.055632367730140686,0.015271631069481373,-0.32070425152778625,-0.0009709679875711992,0.0002665402443123129,-0.005597345114303925,-0.68505859375,0.260986328125,0.1334228515625,-0.66693115234375,1.0000089797719462,5.700000000000001,1.3249999999999993,76.76666666666667,-0.25333331425984684,-0.22333329518636091,-0.006667009989421047,0.059242891206233175,0.36707657137178723,-0.05824811088279953,0.952562214964441,0.2810701366814603,0.06173308562973799,-0.09906478196884509,119.35064096323019
1773306687655,-14.283333333333333,32.41666666666667,9.4,1.6500000000000001,5.516666666666667,8,-0.08959356826904226,-0.36244670799748907,0.10035643198967395,-8.75,33.4375,86.4375,1.340000033378601,5.320000171661377,8.220000267028809,-0.12217304855585098,0.06981316953897476,-0.3992440700531006,-0.002132321954498503,0.0012184696697081214,-0.006968123541489498,-0.6962890625,0.2626953125,0.1373291015625,-0.6536865234375,0.9999963194064118,5.533333333333333,1.0208333333333286,77.0375,-0.30999996662139906,-0.19666649500528965,0.2200002670288086,0.08746124631454376,0.3636651776671972,-0.10732455553116345,0.9524428067798387,0.28581584285952055,0.04348556870091542,-0.09628607946428466,117.44543526968009
1773306687755,-13.100000000000001,33.63333333333333,7.1000000000000005,1.6500000000000001,5.55,7.949999999999999,0.0686496172451103,-0.3153228181936423,0.2324196787239116,-7.75,34.375,84.4375,1.5299999713897705,5.090000152587891,8.279999732971191,-0.17780540883541107,-0.05672319978475571,-0.3283400535583496,-0.0031032898120325397,-0.000990006598510526,-0.005730615000767724,-0.70611572265625,0.26519775390625,0.14447021484375,-0.64044189453125,0.9999833627151274,5.350000000000001,0.7416666666666671,77.3375,-0.12000002861022963,-0.4599998474121092,0.3299997329711921,-0.07175290705714284,0.31433281159513177,-0.2381502937246793,0.9512058496378453,0.2936314416426988,0.02594634208230843,-0.09118550008703807,115.76686362323281
1773306687855,-11.383333333333333,35.63333333333333,5.083333333333333,1.4166666666666667,5.8,7.8500000000000005,0.10908307824964558,-0.317649923862968,0.3429571980168858,-6.375,35.8125,83.0625,1.1200000047683716,5.460000038146973,8.15999984741211,-0.31525009870529175,-0.10908307880163193,-0.3337942063808441,-0.005502152189644454,-0.0019038588833009075,-0.0058258079254271955,-0.71136474609375,0.268310546875,0.158935546875,-0.6298828125,1.0000216083129165,5.008333333333333,0.17916666666666714,77.97916666666667,-0.29666666189829516,-0.33999996185302717,0.30999984741210884,-0.11458523043929003,0.31574606497966706,-0.348783005942313,0.9477605772219908,0.3083513727460732,0.011696000126201762,-0.08082402347383515,114.80949696476867
1773306687955,-9.950000000000001,37.516666666666666,3.25,1.25,6.016666666666667,7.3999999999999995,-0.06952228187110747,-0.33452143996557987,0.1524254213408381,-4.9375,37.5625,81.75,0.8700000047683716,5.840000152587891,7.710000038146973,-0.33161255717277527,-0.030543262138962746,-0.378518283367157,-0.005787730963622867,-0.0005330804886246258,-0.0066063903237537774,-0.7154541015625,0.27294921875,0.17578125,-0.61865234375,1.0000028088649402,5.012500000000001,0.04583333333333428,78.5,-0.3799999952316284,-0.17666651407877598,0.3100000381469732,0.0637345509074846,0.33398835947695527,-0.1590318116645919,0.9437275715063107,0.322565441440206,-0.0011259321051812314,-0.07299684270008408,114.33457626502347
1773306688055,-8.9,38.733333333333334,1.1500000000000001,0.9166666666666669,6.3500000000000005,7.533333333333334,0.05672320068981571,-0.3397574277215628,0.2871066619530672,-3.4375,39.125,79.1875,0.3700000047683716,6.190000057220459,7.639999866485596,-0.38069993257522583,-0.11999138444662094,-0.39706239104270935,-0.006644467285558106,-0.0020942447326198496,-0.0069300460595365185,-0.72601318359375,0.27825927734375,0.188232421875,-0.60003662109375,0.9999993797389729,5.4625,0.3916666666666657,78.0375,-0.5466666618982953,-0.15999994277954155,0.1066665331522616,-0.06336766797537383,0.33766318298894293,-0.29403670801260373,0.9407825857615462,0.33133059583275787,-0.016289119869003103,-0.06987722924402366,112.9965635837667
1773306688155,-7.3833333333333355,40.416666666666664,358.9666666666667,0.7333333333333334,6.600000000000001,7.5,0.03519747324855232,-0.30223284880368473,0.2967059728390361,-2.5,40.25,77.5,0.5600000023841858,6.079999923706055,7.840000152587891,-0.13199052214622498,0.10471975803375244,-0.3065234422683716,-0.0023036691928781184,0.0018277045695807633,-0.00534984330212984,-0.732177734375,0.2830810546875,0.19708251953125,-0.5872802734375,0.9999793784429285,4.8833333333333355,-0.1666666666666643,-281.4666666666667,-0.1733333309491476,-0.5200000762939467,0.3400001525878906,-0.037501142441430435,0.3040605533732655,-0.30205581614116594,-0.9362568793422075,-0.3441590338119786,0.03068542303567479,0.06352967923040477,112.32775955047926
1773306688255,-5.3999999999999995,42.85,356.70000000000005,0.38333333333333336,6.883333333333333,7.166666666666667,0.18762289458939044,-0.3260856819142739,0.5555964785515284,-0.8125,42.5,76.0625,-0.25,6.739999771118164,7.309999942779541,-0.4810563623905182,-0.08944812417030334,-0.37633660435676575,-0.008396017411381563,-0.0015611642765045145,-0.006568312841800799,-0.73443603515625,0.29144287109375,0.21929931640625,-0.5723876953125,1.000027550004901,4.5874999999999995,-0.3500000000000014,-280.63750000000005,-0.6333333333333333,-0.1433335622151688,0.14333327611287405,-0.196018912000772,0.3245245176377694,-0.5621647913933292,-0.9289820944692678,-0.3634635494553156,0.04397448500221111,0.054339313959840256,112.5937936728878
1773306688355,-1.866666666666667,46.75,354.31666666666666,-0.13333333333333333,7.316666666666667,6.216666666666666,0.4916010726450696,-0.36302848441482055,0.8947721298557597,2,46.6875,74.9375,-0.5799999833106995,7.090000152587891,6.610000133514404,-1.143190622329712,-0.6512259840965271,-0.43305981159210205,-0.019952440337576482,-0.011366037597024628,-0.007558319570348487,-0.728515625,0.30279541015625,0.25640869140625,-0.558349609375,0.9999598889949101,3.866666666666667,-0.0625,-279.37916666666666,-0.44666664997736616,-0.2266665140787767,0.3933334668477384,-0.5115535129826461,0.3516624468177959,-0.9023304494261082,-0.9163570675434198,-0.3954657030593939,0.0519559318207924,0.0346003412641669,114.38229067860723
1773306688455,2.483333333333334,50.98333333333334,351.4666666666667,-0.4166666666666667,7.583333333333333,5.600000000000001,0.18471401250273323,-0.26732626376379814,0.45814892864851153,4.875,50.875,74,-0.8700000047683716,7.400000095367432,5.949999809265137,-0.5083271265029907,-0.19307704269886017,-0.3141592741012573,-0.008871982034678916,-0.0033698301051087883,-0.00548311370874229,-0.72076416015625,0.3135986328125,0.29583740234375,-0.54278564453125,0.9999905507565139,2.391666666666666,-0.10833333333334139,-277.4666666666667,-0.4533333381017049,-0.1833332379659014,0.3499998092651353,-0.19358599453741215,0.26395643365868937,-0.4636320423572538,-0.9006287637436143,-0.4305415071982624,0.05783968990391107,0.012506429103338289,116.73801587483976
1773306688556,4.633333333333334,52.50000000000001,348.7666666666667,-0.5833333333333334,7.416666666666667,5.1000000000000005,-0.5698500007761486,-0.23532856081056877,-0.42644211390394793,6.25,52.25,71.75,-1.0499999523162842,7.5,5.159999847412109,0.29561513662338257,0.6315910220146179,-0.3436116874217987,0.005159457452810898,0.011023342860191071,-0.005997155293843973,-0.72686767578125,0.31982421875,0.30596923828125,-0.52508544921875,0.9999780261337491,1.6166666666666663,-0.2500000000000071,-277.0166666666667,-0.4666666189829508,0.08333333333333304,0.05999984741210884,0.5750094582289594,0.24635190367075985,0.42044495861010395,-0.8935871177659898,-0.44335373874843537,0.0699147845472449,0.007172740213321428,116.61641077786615
1773306688672,2.0571428571428574,49.01428571428572,347.0571428571429,-0.35714285714285726,7.485714285714286,6.714285714285714,-0.7831541686448842,-0.039394574545014875,-0.8006074611648274,4.5,48.125,68.875,-1.7599999904632568,7.809999942779541,7.010000228881836,0.6828600764274597,0.664315938949585,-0.16035212576389313,0.011918156664079289,0.011594500408147898,-0.0027986725571519625,-0.75250244140625,0.31121826171875,0.2659912109375,-0.515869140625,0.9999945126323347,2.4428571428571426,-0.8892857142857196,-278.1821428571429,-1.4028571333203996,0.32428565706525525,0.2957145145961215,0.7950723253089634,0.05098907495316277,0.7978087886076755,-0.9048053500532183,-0.4139381393687453,0.09513857936897743,0.030514685098608177,111.6659102773905
1773306688772,-2.2833333333333337,44.4,346.6333333333334,0.08333333333333333,7.016666666666667,6.9333333333333345,-1.0131636307827083,0.11926416555294585,-1.090830782496456,1.375,43.5625,67.0625,-0.41999998688697815,6.940000057220459,6.909999847412109,0.7843073010444641,0.7744898200035095,-0.04254240170121193,0.01368874475065626,0.013517397382239482,-0.0007425049813921851,-0.77606201171875,0.30096435546875,0.21124267578125,-0.512451171875,1.0000407296320268,3.6583333333333337,-0.8374999999999986,-279.5708333333334,-0.5033333202203115,-0.07666660944620762,-0.023333485921225083,1.0268523755333645,-0.10574676817070637,1.0900882775150638,-0.9185201680694852,-0.3730517330228911,0.11521026235719536,0.06228724416610862,107.26368246229369
1773306688872,-8.166666666666666,38.25,346.65000000000003,1.3666666666666665,5.916666666666667,7.95,-1.2007865253720988,0.12566370614359174,-1.20136830178943,-3.9375,37,65.4375,1.2599999904632568,5.420000076293945,8.0600004196167,1.4791665077209473,1.4813481569290161,0.22362031042575836,0.025816325744956656,0.025854402706760985,0.003902910691261286,-0.79736328125,0.28643798828125,0.1407470703125,-0.51220703125,1.0000003520398713,4.229166666666666,-1.25,-281.21250000000003,-0.10666667620340964,-0.49666659037272165,0.11000041961669904,1.2266028511170555,-0.09980930343683075,1.2052712124806915,-0.9333077681585478,-0.3167631752662729,0.13271451372319668,0.10480724467971848,103.59415060434539
1773306688973,-15.780000000000001,30.540000000000003,345.30000000000007,2.483333333333334,4.783333333333334,7.95,-1.4195344582887213,0.0858120215563879,-1.2927071993104668,-10.0625,30.875,63.3125,1.6699999570846558,4.96999979019165,8.09000015258789,1.2293663024902344,1.4169892072677612,0.1276271939277649,0.021456489691523153,0.024731127132046796,0.0022275147491208113,-0.8177490234375,0.2718505859375,0.06048583984375,-0.503662109375,0.9999751315153919,5.717500000000001,0.3349999999999973,-281.98750000000007,-0.8133333762486781,0.1866664568583163,0.14000015258789045,1.4409909479802445,-0.0610808944243411,1.2949347140595877,-0.9430863557427436,-0.24179002661966204,0.1581012302761612,0.16471098817109517,101.59229790010075
1773306689072,-21.400000000000002,24.616666666666664,343.3666666666666,3.6500000000000004,3.683333333333333,8.616666666666665,-1.0172360657040285,0.1090830782496456,-1.0393435695626234,-17.875,23.875,60.6875,2.880000114440918,3.7100000381469727,8.569999694824219,1.1770063638687134,1.1061023473739624,0.17016960680484772,0.020542636366435472,0.019305127825713697,0.0029700199255687405,-0.83453369140625,0.25250244140625,-0.03662109375,-0.48828125,0.9999818241434529,3.525000000000002,-0.7416666666666636,-282.6791666666666,-0.7699998855590824,0.02666670481363953,-0.046666971842446614,1.0377787020704639,-0.0897779504239319,1.042313589488192,-0.9442062815953304,-0.1810249381642765,0.17802497641672851,0.2097893641974323,101.41093395087762
1773306689172,-25.383333333333336,20.233333333333334,341.70000000000005,4.083333333333333,3.1333333333333333,8.416666666666666,-0.5291256515629477,0.03403392041388943,-0.5329071982756021,-22.75,19.5625,59.0625,3.759999990463257,2.9800000190734863,8.630000114440918,0.5017821788787842,0.48869219422340393,0.047996554523706436,0.008757751149265932,0.008529287817994013,0.0008376979060516561,-0.8411865234375,0.23779296875,-0.09552001953125,-0.47613525390625,0.9999845585524937,2.6333333333333364,-0.6708333333333343,-282.63750000000005,-0.3233333428700762,-0.15333331425984698,0.2133334477742519,0.5378834027122136,-0.02550463259589542,0.5337448961816538,-0.9420410012225758,-0.13478666797394206,0.1908229536424362,0.2407860181057568,102.26717282814566
1773306689289,-27.485714285714288,17.657142857142862,340.4714285714286,4.585714285714286,2.7142857142857144,8.471428571428572,-0.14835298641951805,0.029171931783333795,-0.1892435574662423,-25.4375,17,58.1875,4.239999771118164,2.619999885559082,8.5,0.4559672772884369,0.3687008023262024,0.1178097203373909,0.007958130270037186,0.006435042955337,0.002056167510741196,-0.8436279296875,0.2279052734375,-0.12823486328125,-0.46893310546875,0.9999956674779975,2.0482142857142875,-0.6571428571428619,-282.2839285714286,-0.34571451459612224,-0.09428582872663238,0.02857142857142847,0.15631111668955525,-0.022736888827996796,0.1912997249769835,-0.9397744599352653,-0.10711260766151609,0.19872109379510133,0.2566335531730196,102.99020752337486
1773306689389,-27.540000000000003,17.48,340.36,4.416666666666667,2.85,8.566666666666666,0.44884050597120845,-0.06719517620178168,0.4677482395344803,-25.875,16.4375,57.875,4.170000076293945,2.5199999809265137,8.640000343322754,-0.11453723162412643,-0.11453723162412643,-0.006544984877109528,-0.0019990518079603787,-0.0019990518079603787,-0.0001142315355987977,-0.8446044921875,0.22509765625,-0.1343994140625,-0.46673583984375,0.9999656242929263,1.6650000000000027,-1.0425000000000004,-282.485,-0.24666659037272165,-0.3300000190734864,0.07333367665608748,-0.45083955777916884,0.0651961243938213,-0.4678624710700791,-0.9397470007363203,-0.10529675636302209,0.1993662326150123,0.25698496648522795,102.88881501989702
1773306689489,-24.233333333333334,20.833333333333336,341.6666666666667,3.4499999999999997,3.616666666666667,8.033333333333333,0.9576039829275557,0.014835298641951796,0.8717919613711678,-23.375,18.6875,58.5,4.110000133514404,2.759999990463257,8.4399995803833,-0.8573929667472839,-0.9392052888870239,-0.09817477315664291,-0.014964330253182362,-0.016392224643223076,-0.0017134730339819655,-0.84368896484375,0.2332763671875,-0.10467529296875,-0.4720458984375,1.0000065900168238,0.8583333333333343,-2.1458333333333357,-283.1666666666667,0.6600001335144046,-0.8566666762034103,0.40666624704996757,-0.972568313180738,-0.03122752328517487,-0.8735054344051497,-0.9432817650500703,-0.14163182878887062,0.19065769157862258,0.23196892343556474,101.40606289692145
1773306689589,-19.983333333333334,24.71666666666667,344.0833333333333,2.75,4.05,7.866666666666667,0.9887290212547877,0.24987297124385488,0.5966117159733949,-17.75,23.125,60.8125,2.799999952316284,3.890000104904175,7.440000057220459,-0.8017606139183044,-0.9926559925079346,0.18544122576713562,-0.013993362525685487,-0.017325115408915622,0.003236559958570664,-0.835205078125,0.24676513671875,-0.038330078125,-0.489990234375,1.0000100898978703,2.2333333333333343,-1.5916666666666686,-283.2708333333333,0.04999995231628418,-0.15999989509582502,-0.42666660944620816,-1.002722383780473,-0.2671980866527705,-0.5933751560148243,-0.9476061321085059,-0.18528326225162942,0.16997021481742014,0.1970351674058996,100.01853054831854
1773306689688,-16.7,26.516666666666666,346.6333333333334,2.8166666666666664,4.116666666666667,9.016666666666667,0.3775728948481067,0.19314977055403917,0.22252947962927702,-13.6875,25.0625,63.9375,2.130000114440918,4.059999942779541,9,-0.1745329201221466,-0.4406956434249878,0.27488934993743896,-0.003046174109251722,-0.007691589976960937,0.004797724235075179,-0.82275390625,0.2447509765625,0.0086669921875,-0.51287841796875,0.9999732092159456,3.0124999999999993,-1.4541666666666657,-282.6958333333334,-0.6866665522257485,-0.056666723887126125,-0.016666666666667496,-0.3806190689573584,-0.2008413605310001,-0.21773175539420184,-0.9526075936134873,-0.2089183928765496,0.145157591188501,0.16679673686302313,99.16683597326961
1773306689789,-15.300000000000002,27.55,348.34999999999997,2.7166666666666672,4.283333333333333,8.516666666666667,0.3932808581160556,0.015417075059283244,0.43051454882526796,-12.375,25.75,65.5,2.3299999237060547,4.059999942779541,8.949999809265137,-0.38069993257522583,-0.39706239104270935,0.0719948336482048,-0.006644467285558106,-0.0069300460595365185,0.0012565468915867748,-0.81561279296875,0.2440185546875,0.025146484375,-0.52398681640625,0.9999819061013258,2.9250000000000025,-1.8000000000000007,-282.84999999999997,-0.38666674296061254,-0.2233333905537922,0.4333331425984692,-0.39992532540161374,-0.022347121118819764,-0.4292580019336812,-0.9544066768381511,-0.22164997950261855,0.12922784925526354,0.15257570176835078,99.27195894102938
1773306689888,-14.683333333333337,28.683333333333337,349.36666666666673,2.0333333333333337,4.800000000000001,8.083333333333334,0.2367830018538974,-0.026179938779914955,0.2693624812244582,-10.375,27.875,66.3125,1.840000033378601,4.5,8.300000190734863,-0.40797069668769836,-0.35233834385871887,-0.062177352607250214,-0.0071204319088554605,-0.0061494641813585865,-0.001085199523169997,-0.8095703125,0.25048828125,0.05181884765625,-0.52838134765625,1.0000102556716022,4.308333333333337,-0.8083333333333371,-283.05416666666673,-0.19333329995473258,-0.3000000000000007,0.21666685740152936,-0.24390343376275286,0.02003047459855637,-0.2704476807476282,-0.9538261749229296,-0.23314430206474637,0.1205534297550413,0.14603504038733775,99.98704834771827
1773306689989,-13.960000000000003,29.68,349.82000000000005,1.7666666666666668,4.916666666666667,7.883333333333334,0.2923426497090502,0.07970336917440772,0.14748032179352086,-9.25,29.125,66.1875,1.159999966621399,5.099999904632568,8.199999809265137,-0.16035212576389313,-0.14726215600967407,0.038179077208042145,-0.0027986725571519625,-0.002570209485954367,0.0006663506026534595,-0.80841064453125,0.25439453125,0.066162109375,-0.52667236328125,1.0000027753374212,4.710000000000003,-0.5549999999999997,-283.63250000000005,-0.6066667000452679,0.1833332379659014,0.31666647593180297,-0.29514132226620216,-0.08227357866036208,-0.1468139711908674,-0.9529356265410814,-0.24279800809865912,0.1161273404644837,0.13956095345305564,100.0015644598187
1773306690088,-12.166666666666666,30.5,350.4666666666667,1.5666666666666667,4.916666666666667,8.133333333333333,0.4598942579005058,0.029670597283903605,0.024143721319254904,-7.375,30,67.125,1.0399999618530273,5.050000190734863,8.130000114440918,-0.07526732236146927,-0.4101523756980896,0.04036073759198189,-0.0013136625943675924,-0.00715850939080844,0.0007044277595135317,-0.80340576171875,0.2513427734375,0.08648681640625,-0.53277587890625,0.9999820569783014,4.791666666666666,-0.5,-283.3416666666667,-0.5266667048136393,0.13333352406819632,-0.003333218892414891,-0.4612079204948734,-0.036829106674712044,-0.02343929355974137,-0.9537200429848143,-0.25214922000032064,0.10749880239918833,0.1236238566985122,99.4763157844397
1773306690189,-9.049999999999999,30.933333333333337,350.8833333333334,1.2166666666666668,4.966666666666668,8.25,0.749037137314233,0.06079563561113582,0.1803506893727474,-4.9375,29.875,68.1875,0.8700000047683716,4.760000228881836,8.569999694824219,-0.27488934993743896,-0.7941247820854187,0.13089969754219055,-0.004797724235075179,-0.013860092119073037,0.002284630711975954,-0.79962158203125,0.23846435546875,0.10711669921875,-0.5406494140625,1.0000178495691616,4.112499999999999,-1.0583333333333371,-282.6958333333334,-0.3466666618982952,-0.20666643778483174,0.31999969482421875,-0.7538348615493082,-0.07465572773020886,-0.17806605866077144,-0.9560705574149828,-0.2589626256919717,0.09732992783587682,0.09692436683511016,97.28353788521387
1773306690289,-5.933333333333334,31.36666666666667,351.3,0.5333333333333333,5.3,8.483333333333333,0.33190344608758837,0.04712388980384691,-0.02036217460660051,-2.0625,30.3125,69.3125,0.10000000149011612,5.130000114440918,8.569999694824219,0.02617993950843811,-0.4090615510940552,-0.006544984877109528,0.0004569261423951908,-0.0071394709099062755,-0.0001142315355987977,-0.7938232421875,0.22467041015625,0.13427734375,-0.5489501953125,1.0000044274977185,3.8708333333333336,-1.0541666666666707,-281.9875,-0.4333333318432172,-0.16999988555908185,0.08666636149088625,-0.3314465199451932,-0.054263360713753185,0.020247943071001712,-0.9576492558715246,-0.26540104598037556,0.08687733799560772,0.0701606418445181,95.28918787699759
1773306690408,-4.342857142857143,31.314285714285717,351.5571428571428,0.45714285714285724,5.042857142857144,8.342857142857143,0.2967059728390361,0.001246663751424524,0.061335856570086444,-0.8125,30.0625,70,0.3799999952316284,4.760000228881836,8.8100004196167,-0.013089969754219055,-0.24761858582496643,0.04145156964659691,-0.0002284630711975954,-0.004321759611777823,0.0007234663704528584,-0.79107666015625,0.21710205078125,0.142822265625,-0.5538330078125,1.0000323908745608,3.5303571428571434,-1.2517857142857167,-281.5571428571428,-0.07714286191122882,-0.28285691397530766,0.4671432767595558,-0.2969344359102337,-0.005568423363202348,-0.06061239019963359,-0.9588393049500535,-0.2662692327921032,0.08102675392098091,0.05623653705761071,94.13526741868162
1773306690505,-3.516666666666667,30.983333333333334,351.66666666666674,0.3666666666666667,5.250000000000001,8.683333333333334,-0.2138028333693054,0.055850536063818554,-0.19431332338870205,0.5625,30.375,70.3125,-0.9399999976158142,5.46999979019165,8.789999961853027,0,-0.12653636932373047,0.037088245153427124,0,-0.0022084762682186474,0.0006473119917141328,-0.78912353515625,0.21124267578125,0.15460205078125,-0.55572509765625,1.0000357993989697,4.0791666666666675,-0.6083333333333343,-281.35416666666674,-1.306666664282481,0.2199997901916495,0.10666662851969377,0.2138028333693054,-0.0580590123320372,0.1949606353804162,-0.9600742211002736,-0.2641183897921102,0.07815923816684495,0.04888864532285824,93.25494980215605
1773306690605,-4.025,30.6,351.825,0.5,4.866666666666667,8.166666666666666,0.012508192972626028,-0.013380857598623194,-0.0026179938779914928,-0.5625,29.375,69.8125,0.029999999329447746,4.769999980926514,8.5,-0.1483529806137085,-0.12653636932373047,-0.008726646192371845,-0.0025892479668565313,-0.0022084762682186474,-0.00015230870871351518,-0.79351806640625,0.21112060546875,0.14068603515625,-0.5531005859375,0.9999778249636323,3.4625000000000004,-1.2250000000000014,-282.0125,-0.47000000067055225,-0.09666668574015347,0.3333333333333339,-0.01509744093948256,0.011172381330404546,0.0024656851692779775,-0.9608499737321224,-0.2606250527503628,0.0779540842438795,0.05258393868424313,92.8487599935692
1773306690705,-3.8333333333333335,30.5,351.7,0.3666666666666667,5.050000000000001,8.5,0.004654211338651544,0.00029088820866572055,-0.031415926535897934,-0.5,29.1875,69.625,0.1599999964237213,4.610000133514404,8.630000114440918,0.05345070734620094,-0.015271631069481373,-0.006544984877109528,0.0009328908307111271,-0.0002665402443123129,-0.0001142315355987977,-0.79449462890625,0.21002197265625,0.14007568359375,-0.55230712890625,0.999997653064358,3.3333333333333335,-1.3125,-282.075,-0.20666667024294538,-0.4399998664855964,0.13000011444091797,-0.0037213205079404173,-0.0005574284529780334,0.03130169500029913,-0.9610826630052124,-0.2598595976222671,0.07855477126327981,0.05120793206307819,92.4671836308974
1773306690805,-3.5,30.450000000000003,351.6,0.38333333333333336,5.016666666666667,8.299999999999999,0.10326531407633117,-0.002908882086657217,0.030252373701235045,-0.5,29,69.5625,0.18000000715255737,4.739999771118164,8.649999618530273,0.06763150542974472,0.03163409233093262,0.04472406208515167,0.001180392447829468,0.0005521190670546618,0.0007805821382522572,-0.7952880859375,0.208740234375,0.13922119140625,-0.5518798828125,1.0000047851239398,3,-1.4500000000000028,-282.0375,-0.203333326180776,-0.27666689554850254,0.3499996185302745,-0.1020849216285017,0.003461001153711879,-0.029471791562982786,-0.9612745539047952,-0.2596247349668421,0.07863291146708752,0.04861166776344332,92.03866121048175
