participant,rep,equipment_code,exercise_code,target,timestamp,timestamp_ms,accelX,accelY,accelZ,accelMag,gyroX,gyroY,gyroZ,roll,pitch,yaw,filteredX,filteredY,filteredZ,filteredMag,source_file
1,1,1,2,1,0.0,0,-2.47,9.6,0.31,9.9175,-0.0491,0.0382,0.1974,20.25,86.5,1.81,-2.8905,9.3537,0.38,9.7975,P001_Barbell_Bench_Press_Uncontrolled_Movement_1_01.csv
1,1,1,2,1,0.13,130,-3.14,8.94,0.6,9.4944,0.0065,0.0131,0.2378,20.63,86.63,1.06,-2.9234,9.2992,0.409,9.7564,P001_Barbell_Bench_Press_Uncontrolled_Movement_1_01.csv
1,1,1,2,1,0.261,261,-3.65,9.39,0.3,10.0789,-0.0382,-0.024,-0.0753,20.94,86.81,1.06,-3.0192,9.3111,0.3946,9.7963,P001_Barbell_Bench_Press_Uncontrolled_Movement_1_01.csv
1,1,1,2,1,0.396,396,-2.79,9.1,0.49,9.5307,-0.0065,-0.0382,-0.3033,19.44,86.94,2.81,-2.989,9.2833,0.4072,9.7611,P001_Barbell_Bench_Press_Uncontrolled_Movement_1_01.csv
1,1,1,2,1,0.569,569,-3.35,9.54,0.18,10.1127,-0.0065,-0.0545,-0.1342,21.19,87.06,1.5,-3.0365,9.3171,0.3772,9.8067,P001_Barbell_Bench_Press_Uncontrolled_Movement_1_01.csv
1,1,1,2,1,0.699,699,-2.57,7.95,0.39,8.3642,0.0327,-0.0131,0.7232,19.88,87.19,3.06,-2.9751,9.137,0.3789,9.6166,P001_Barbell_Bench_Press_Uncontrolled_Movement_1_01.csv
1,1,1,2,1,0.829,829,-5.29,9.33,0.36,10.7314,-0.0545,-0.0927,-1.6581,22.44,87.5,0.94,-3.2801,9.1624,0.3764,9.7391,P001_Barbell_Bench_Press_Uncontrolled_Movement_1_01.csv
1,1,1,2,1,0.959,959,-3.12,9.55,0.35,10.0528,0.0175,0.012,0.757,21.88,87.63,1.63,-3.259,9.2135,0.3729,9.78,P001_Barbell_Bench_Press_Uncontrolled_Movement_1_01.csv
1,1,1,2,1,1.089,1089,-1.37,8.02,0.68,8.1645,0.0316,-0.0262,-0.4527,19.0,87.38,4.75,-3.0101,9.0562,0.4134,9.5523,P001_Barbell_Bench_Press_Uncontrolled_Movement_1_01.csv
1,1,1,2,1,1.219,1219,-4.14,9.68,-0.08,10.5285,0.0076,0.0207,0.5541,23.06,87.63,0.94,-3.159,9.1384,0.3484,9.6753,P001_Barbell_Bench_Press_Uncontrolled_Movement_1_01.csv
1,1,1,2,1,1.349,1349,-2.77,8.21,0.23,8.6678,-0.0709,-0.0011,0.2236,19.94,87.69,4.19,-3.1077,9.0161,0.3328,9.5425,P001_Barbell_Bench_Press_Uncontrolled_Movement_1_01.csv
1,1,1,2,1,1.48,1480,-5.98,9.66,0.13,11.3619,-0.0033,0.0229,-0.204,22.94,87.94,1.13,-3.4862,9.1009,0.3061,9.7506,P001_Barbell_Bench_Press_Uncontrolled_Movement_1_01.csv
1,1,1,2,1,1.653,1653,-4.86,9.97,0.33,11.0964,-0.0044,0.0436,-0.0982,21.0,87.63,2.81,-3.6672,9.2155,0.3092,9.9231,P001_Barbell_Bench_Press_Uncontrolled_Movement_1_01.csv
1,1,1,2,1,1.786,1786,-2.48,8.98,0.56,9.333,0.0676,0.0535,-0.3174,19.56,87.0,4.06,-3.5108,9.1844,0.3423,9.8385,P001_Barbell_Bench_Press_Uncontrolled_Movement_1_01.csv
1,1,1,2,1,1.917,1917,-3.0,9.49,0.22,9.9553,0.0305,0.0644,0.1036,19.0,86.44,4.13,-3.4435,9.2247,0.3262,9.8518,P001_Barbell_Bench_Press_Uncontrolled_Movement_1_01.csv
1,1,1,2,1,2.051,2051,-3.81,8.93,0.67,9.7319,-0.0044,0.0447,-0.2422,19.13,86.0,3.56,-3.4918,9.1859,0.3715,9.8342,P001_Barbell_Bench_Press_Uncontrolled_Movement_1_01.csv
1,1,1,2,1,2.181,2181,-2.89,8.58,0.6,9.0735,0.0415,0.0164,-0.1254,17.88,85.75,4.56,-3.4125,9.106,0.4016,9.7327,P001_Barbell_Bench_Press_Uncontrolled_Movement_1_01.csv
1,1,1,2,1,2.312,2312,-3.59,10.25,0.44,10.8694,0.0284,-0.0164,-0.0709,17.56,85.81,4.81,-3.4359,9.2568,0.4066,9.8822,P001_Barbell_Bench_Press_Uncontrolled_Movement_1_01.csv
1,1,1,2,1,2.442,2442,-3.67,9.1,0.91,9.8543,0.0404,-0.0175,0.3327,16.0,85.63,6.38,-3.4667,9.2361,0.473,9.8766,P001_Barbell_Bench_Press_Uncontrolled_Movement_1_01.csv
1,1,1,2,1,2.573,2573,-2.6,9.44,0.49,9.8038,-0.012,-0.0316,0.4363,15.38,85.63,7.0,-3.3525,9.263,0.4752,9.8625,P001_Barbell_Bench_Press_Uncontrolled_Movement_1_01.csv
1,1,1,2,1,2.746,2746,-3.81,8.9,0.66,9.7037,0.0131,-0.0524,-0.108,14.44,85.94,8.0,-3.4128,9.2151,0.4996,9.8395,P001_Barbell_Bench_Press_Uncontrolled_Movement_1_01.csv
1,1,1,2,1,2.877,2877,-1.44,10.35,0.63,10.4687,-0.144,-0.0382,0.6,12.69,86.44,9.94,-3.1528,9.3647,0.5168,9.8947,P001_Barbell_Bench_Press_Uncontrolled_Movement_1_01.csv
1,1,1,2,1,3.008,3008,-1.79,9.56,0.88,9.7659,-0.0251,-0.0415,0.4669,13.81,87.0,9.06,-2.9732,9.3904,0.5646,9.8661,P001_Barbell_Bench_Press_Uncontrolled_Movement_1_01.csv
1,1,1,2,1,3.138,3138,-3.17,11.31,0.18,11.7472,-0.0873,-0.0513,-0.1942,14.13,87.69,8.81,-2.9992,9.6434,0.5139,10.1121,P001_Barbell_Bench_Press_Uncontrolled_Movement_1_01.csv
1,1,1,2,1,3.269,3269,-3.42,10.06,0.23,10.6279,-0.0305,-0.0316,-0.2585,15.06,88.06,7.94,-3.0546,9.6983,0.4765,10.1791,P001_Barbell_Bench_Press_Uncontrolled_Movement_1_01.csv
1,2,1,2,1,3.404,3404,-2.01,8.79,0.24,9.0201,0.0076,-0.0131,-0.2891,14.94,88.25,8.13,-2.917,9.5786,0.4454,10.0228,P001_Barbell_Bench_Press_Uncontrolled_Movement_1_01.csv
1,2,1,2,1,3.534,3534,-2.71,10.45,0.06,10.7958,-0.012,0.0207,0.216,17.19,88.44,5.69,-2.8897,9.6934,0.3946,10.1227,P001_Barbell_Bench_Press_Uncontrolled_Movement_1_01.csv
1,2,1,2,1,3.666,3666,-2.48,9.17,0.34,9.5055,-0.0044,0.0425,0.2334,17.13,88.31,5.69,-2.8357,9.6244,0.3874,10.041,P001_Barbell_Bench_Press_Uncontrolled_Movement_1_01.csv
1,2,1,2,1,3.838,3838,-0.36,8.29,0.79,8.3353,0.0295,0.0327,0.2803,18.69,88.31,3.88,-2.5095,9.4486,0.4404,9.7861,P001_Barbell_Bench_Press_Uncontrolled_Movement_1_01.csv
1,2,1,2,1,3.968,3968,-1.61,9.46,0.5,9.609,-0.06,0.036,0.2923,20.0,88.75,2.31,-2.3909,9.4501,0.4483,9.7582,P001_Barbell_Bench_Press_Uncontrolled_Movement_1_01.csv
1,2,1,2,1,4.098,4098,-4.83,8.71,-0.1,9.9601,-0.0785,0.0218,0.1691,20.56,89.38,1.81,-2.7124,9.3526,0.376,9.7452,P001_Barbell_Bench_Press_Uncontrolled_Movement_1_01.csv
1,2,1,2,1,4.228,4228,-4.74,10.19,0.26,11.2415,-0.0175,0.0185,-0.0295,19.0,89.88,3.5,-2.9795,9.4629,0.3607,9.9275,P001_Barbell_Bench_Press_Uncontrolled_Movement_1_01.csv
1,2,1,2,1,4.358,4358,-2.64,8.63,-0.38,9.0328,-0.0415,0.0164,0.5651,17.56,90.13,4.75,-2.9348,9.3532,0.2631,9.8063,P001_Barbell_Bench_Press_Uncontrolled_Movement_1_01.csv
1,2,1,2,1,4.488,4488,-4.94,8.25,0.23,9.6187,0.0251,-0.0109,-0.6469,19.0,90.19,3.5,-3.199,9.2078,0.2588,9.7511,P001_Barbell_Bench_Press_Uncontrolled_Movement_1_01.csv
1,2,1,2,1,4.618,4618,-3.14,9.21,-0.72,9.7572,0.0131,-0.0295,-0.8268,17.06,89.69,5.38,-3.1913,9.2081,0.1298,9.7463,P001_Barbell_Bench_Press_Uncontrolled_Movement_1_01.csv
1,2,1,2,1,4.748,4748,-2.32,9.35,0.2,9.6356,0.0665,-0.0098,-0.1156,18.31,89.25,4.38,-3.0764,9.2268,0.139,9.7272,P001_Barbell_Bench_Press_Uncontrolled_Movement_1_01.csv
1,2,1,2,1,4.921,4921,-2.35,8.97,0.03,9.2728,0.0873,0.0087,0.24,18.81,88.56,4.19,-2.9807,9.193,0.1247,9.6649,P001_Barbell_Bench_Press_Uncontrolled_Movement_1_01.csv
1,2,1,2,1,5.051,5051,-2.97,9.03,0.23,9.5087,0.0087,-0.012,0.2422,19.0,88.25,4.06,-2.9793,9.1715,0.1386,9.6442,P001_Barbell_Bench_Press_Uncontrolled_Movement_1_01.csv
1,2,1,2,1,5.181,5181,-3.68,9.38,0.42,10.0848,0.0207,-0.0196,-0.2149,19.81,88.06,3.44,-3.0716,9.199,0.1756,9.6998,P001_Barbell_Bench_Press_Uncontrolled_Movement_1_01.csv
1,2,1,2,1,5.311,5311,-3.07,8.59,0.29,9.1267,0.024,-0.0262,0.0142,19.63,87.88,3.75,-3.0714,9.1187,0.1907,9.624,P001_Barbell_Bench_Press_Uncontrolled_Movement_1_01.csv
1,2,1,2,1,5.441,5441,-3.28,9.45,0.22,10.0055,-0.0371,-0.0305,-0.0545,19.75,88.0,3.69,-3.0989,9.1624,0.1946,9.6742,P001_Barbell_Bench_Press_Uncontrolled_Movement_1_01.csv
1,2,1,2,1,5.571,5571,-2.78,8.82,0.41,9.2568,-0.0153,-0.0196,0.1265,19.06,88.19,4.56,-3.0569,9.1173,0.223,9.6187,P001_Barbell_Bench_Press_Uncontrolled_Movement_1_01.csv
1,2,1,2,1,5.701,5701,-3.29,9.39,-0.09,9.9501,-0.024,-0.0229,0.1865,19.0,88.5,4.75,-3.0876,9.1532,0.1817,9.6616,P001_Barbell_Bench_Press_Uncontrolled_Movement_1_01.csv
1,2,1,2,1,5.831,5831,-2.65,9.0,0.29,9.3865,-0.0556,-0.0251,-0.1091,18.38,88.75,5.19,-3.0299,9.133,0.196,9.6245,P001_Barbell_Bench_Press_Uncontrolled_Movement_1_01.csv
1,2,1,2,1,6.004,6004,-3.42,9.4,0.18,10.0044,0.0349,-0.0055,-0.0578,18.94,89.0,4.63,-3.0813,9.1682,0.1939,9.6741,P001_Barbell_Bench_Press_Uncontrolled_Movement_1_01.csv
1,2,1,2,1,6.135,6135,-3.09,8.89,-0.17,9.4132,-0.0011,0.0044,-0.0633,18.94,88.94,4.56,-3.0825,9.1315,0.1459,9.6389,P001_Barbell_Bench_Press_Uncontrolled_Movement_1_01.csv
1,2,1,2,1,6.265,6265,-3.42,9.37,0.14,9.9756,0.0349,0.0175,-0.2465,19.13,88.81,4.25,-3.127,9.163,0.1451,9.6829,P001_Barbell_Bench_Press_Uncontrolled_Movement_1_01.csv
1,2,1,2,1,6.396,6396,-4.27,9.44,-0.1,10.3613,0.0535,0.0382,0.1953,20.0,88.5,3.38,-3.2776,9.1995,0.1128,9.7665,P001_Barbell_Bench_Press_Uncontrolled_Movement_1_01.csv
1,2,1,2,1,6.527,6527,-1.89,8.58,0.19,8.7878,0.0033,0.0142,-0.1571,18.44,88.13,4.88,-3.0947,9.1178,0.123,9.6295,P001_Barbell_Bench_Press_Uncontrolled_Movement_1_01.csv
1,2,1,2,1,6.66,6660,-5.05,9.21,0.32,10.5085,0.0567,0.024,-0.3927,21.44,88.0,1.75,-3.3524,9.13,0.149,9.7271,P001_Barbell_Bench_Press_Uncontrolled_Movement_1_01.csv
1,2,1,2,1,6.791,6791,-2.38,8.61,0.6,8.953,0.0644,0.024,-0.2411,18.75,87.5,4.31,-3.2243,9.0615,0.2084,9.6203,P001_Barbell_Bench_Press_Uncontrolled_Movement_1_01.csv
1,2,1,2,1,6.924,6924,-2.74,10.13,0.33,10.4992,0.0196,0.0109,-0.2531,22.19,87.25,0.94,-3.1604,9.2023,0.2244,9.7324,P001_Barbell_Bench_Press_Uncontrolled_Movement_1_01.csv
1,2,1,2,1,7.097,7097,-1.45,7.63,0.37,7.7754,0.0316,0.0393,0.853,18.31,86.94,4.88,-2.935,8.9951,0.2436,9.465,P001_Barbell_Bench_Press_Uncontrolled_Movement_1_01.csv
1,2,1,2,1,7.228,7228,-3.13,10.59,0.07,11.0431,-0.1069,-0.0545,-0.9719,22.38,87.31,0.94,-2.9607,9.2053,0.2207,9.6722,P001_Barbell_Bench_Press_Uncontrolled_Movement_1_01.csv
1,2,1,2,1,7.358,7358,0.22,7.82,0.53,7.841,-0.0251,0.0938,2.2809,18.94,87.5,4.38,-2.5416,9.0227,0.2615,9.3775,P001_Barbell_Bench_Press_Uncontrolled_Movement_1_01.csv
1,2,1,2,1,7.489,7489,-6.86,8.51,0.21,10.9327,-0.0665,-0.0436,-0.5181,23.63,88.13,359.38,-3.1107,8.9551,0.2547,9.4834,P001_Barbell_Bench_Press_Uncontrolled_Movement_1_01.csv
1,2,1,2,1,7.619,7619,-4.26,8.59,0.1,9.5888,-0.0884,0.0055,0.096,20.06,88.63,2.81,-3.2621,8.907,0.2343,9.4885,P001_Barbell_Bench_Press_Uncontrolled_Movement_1_01.csv
1,2,1,2,1,7.75,7750,-0.06,9.54,0.05,9.5403,-0.0676,-0.0164,-0.4581,18.69,89.0,4.19,-2.8402,8.9904,0.21,9.4307,P001_Barbell_Bench_Press_Uncontrolled_Movement_1_01.csv
1,2,1,2,1,7.881,7881,-4.67,9.7,-0.41,10.7734,0.0469,0.0404,0.456,21.75,89.0,1.38,-3.0813,9.0839,0.1283,9.5932,P001_Barbell_Bench_Press_Uncontrolled_Movement_1_01.csv
1,2,1,2,1,8.016,8016,-1.45,8.43,0.14,8.5549,0.1134,0.0469,0.2607,18.31,88.13,4.81,-2.8663,8.9978,0.1299,9.4442,P001_Barbell_Bench_Press_Uncontrolled_Movement_1_01.csv
1,2,1,2,1,8.189,8189,-3.08,10.27,-0.14,10.7228,0.0971,0.0611,0.3262,20.44,87.13,2.75,-2.8945,9.1654,0.0943,9.6121,P001_Barbell_Bench_Press_Uncontrolled_Movement_1_01.csv
1,2,1,2,1,8.319,8319,-1.89,9.13,0.73,9.3521,0.0611,0.0218,0.0284,16.19,86.31,6.88,-2.7621,9.1607,0.1781,9.5698,P001_Barbell_Bench_Press_Uncontrolled_Movement_1_01.csv
1,2,1,2,1,8.449,8449,-3.8,10.21,0.97,10.9373,0.0622,0.0131,0.336,17.81,85.94,5.25,-2.8989,9.299,0.2824,9.7445,P001_Barbell_Bench_Press_Uncontrolled_Movement_1_01.csv
1,2,1,2,1,8.579,8579,-2.19,9.76,0.98,10.0506,0.0305,-0.0251,0.0065,14.56,85.69,8.5,-2.8055,9.3598,0.3743,9.7783,P001_Barbell_Bench_Press_Uncontrolled_Movement_1_01.csv
1,2,1,2,1,8.709,8709,-3.2,10.41,0.56,10.9051,-0.0469,-0.0567,-0.1604,16.19,85.81,7.13,-2.8575,9.4982,0.3988,9.9267,P001_Barbell_Bench_Press_Uncontrolled_Movement_1_01.csv
1,2,1,2,1,8.839,8839,-2.57,9.52,0.64,9.8815,-0.0687,-0.0829,-0.3992,16.5,86.19,7.0,-2.8196,9.501,0.4306,9.9199,P001_Barbell_Bench_Press_Uncontrolled_Movement_1_01.csv
1,2,1,2,1,8.97,8970,-1.64,8.91,0.4,9.0685,-0.096,-0.0698,0.2378,17.31,86.94,6.5,-2.6641,9.4232,0.4266,9.8018,P001_Barbell_Bench_Press_Uncontrolled_Movement_1_01.csv
1,2,1,2,1,9.1,9100,-7.95,10.06,-0.34,12.8266,-0.0785,-0.1113,-0.0262,21.63,87.94,2.38,-3.3607,9.5071,0.3256,10.0888,P001_Barbell_Bench_Press_Uncontrolled_Movement_1_01.csv
1,3,1,2,1,9.273,9273,0.08,8.33,0.93,8.3821,-0.0393,-0.0589,0.2313,17.63,88.94,6.69,-2.9073,9.352,0.4052,9.8018,P001_Barbell_Bench_Press_Uncontrolled_Movement_1_01.csv
1,3,1,2,1,9.405,9405,-2.1,9.31,-0.09,9.5443,-0.0425,-0.0164,1.2086,17.63,89.56,6.94,-2.8009,9.3464,0.3399,9.763,P001_Barbell_Bench_Press_Uncontrolled_Movement_1_01.csv
1,3,1,2,1,9.536,9536,-6.36,9.07,-0.31,11.082,-0.1058,-0.096,-1.501,20.13,90.25,4.81,-3.2699,9.31,0.2543,9.8708,P001_Barbell_Bench_Press_Uncontrolled_Movement_1_01.csv
1,3,1,2,1,9.671,9671,-3.18,8.24,0.07,8.8326,0.012,-0.0055,0.0971,18.38,90.56,6.63,-3.2581,9.169,0.23,9.7334,P001_Barbell_Bench_Press_Uncontrolled_Movement_1_01.csv
1,3,1,2,1,9.801,9801,-5.8,9.71,-1.0,11.3545,-0.06,0.0142,-0.2618,20.5,90.94,4.38,-3.593,9.2403,0.0679,9.9145,P001_Barbell_Bench_Press_Uncontrolled_Movement_1_01.csv
1,3,1,2,1,9.932,9932,-2.96,9.34,-0.31,9.8027,-0.0076,0.0469,-0.2029,19.0,90.75,5.44,-3.5096,9.2534,0.0181,9.8967,P001_Barbell_Bench_Press_Uncontrolled_Movement_1_01.csv
1,3,1,2,1,10.063,10063,-4.72,10.4,-0.6,11.4367,0.1156,0.1004,0.7669,18.44,90.13,5.63,-3.6691,9.4045,-0.0633,10.0951,P001_Barbell_Bench_Press_Uncontrolled_Movement_1_01.csv
1,3,1,2,1,10.193,10193,-5.6,7.09,-0.16,9.0362,0.1865,0.1549,0.8825,20.69,89.0,3.13,-3.9235,9.0995,-0.0761,9.9097,P001_Barbell_Bench_Press_Uncontrolled_Movement_1_01.csv
1,3,1,2,1,10.366,10366,-5.52,9.79,-1.3,11.3139,-0.108,-0.0164,-1.8882,20.75,87.75,2.44,-4.1339,9.1905,-0.2373,10.0802,P001_Barbell_Bench_Press_Uncontrolled_Movement_1_01.csv
1,3,1,2,1,10.497,10497,-1.88,8.54,1.23,8.8306,0.0785,0.0349,0.8094,17.81,87.44,5.06,-3.8369,9.1048,-0.044,9.8803,P001_Barbell_Bench_Press_Uncontrolled_Movement_1_01.csv
1,3,1,2,1,10.627,10627,-4.8,9.28,0.52,10.4608,0.0262,-0.0044,-0.6436,20.0,87.31,3.13,-3.9638,9.1279,0.0303,9.9514,P001_Barbell_Bench_Press_Uncontrolled_Movement_1_01.csv
1,3,1,2,1,10.758,10758,-2.78,9.0,0.27,9.4234,-0.0055,0.0153,0.2956,18.94,86.94,4.25,-3.8078,9.111,0.0619,9.8749,P001_Barbell_Bench_Press_Uncontrolled_Movement_1_01.csv
1,3,1,2,1,10.889,10889,-3.37,8.82,0.8,9.4757,0.0327,-0.0295,-0.4745,19.06,86.81,4.13,-3.7501,9.0727,0.1592,9.8185,P001_Barbell_Bench_Press_Uncontrolled_Movement_1_01.csv
1,3,1,2,1,11.024,11024,-3.38,9.43,0.15,10.0186,0.0229,0.0098,0.564,19.44,86.75,3.69,-3.7014,9.1198,0.158,9.8435,P001_Barbell_Bench_Press_Uncontrolled_Movement_1_01.csv
1,3,1,2,1,11.154,11154,-2.42,8.88,0.2,9.206,-0.0284,-0.0327,0.0196,17.13,86.75,6.0,-3.5325,9.0882,0.1635,9.7519,P001_Barbell_Bench_Press_Uncontrolled_Movement_1_01.csv
1,3,1,2,1,11.286,11286,-4.12,9.56,0.48,10.4211,0.0142,-0.0371,0.2847,18.5,87.06,4.88,-3.6099,9.1503,0.2052,9.8388,P001_Barbell_Bench_Press_Uncontrolled_Movement_1_01.csv
1,3,1,2,1,11.458,11458,-4.47,9.09,0.38,10.1367,0.0185,-0.0513,-0.3512,19.38,87.19,4.13,-3.7233,9.1424,0.2282,9.8741,P001_Barbell_Bench_Press_Uncontrolled_Movement_1_01.csv
1,3,1,2,1,11.588,11588,-3.07,9.19,0.3,9.6939,-0.0055,-0.0284,-0.0829,19.38,87.25,4.38,-3.6372,9.1487,0.2377,9.848,P001_Barbell_Bench_Press_Uncontrolled_Movement_1_01.csv
1,3,1,2,1,11.718,11718,-4.21,9.09,0.23,10.0202,0.0207,-0.0207,0.0153,20.44,87.25,3.44,-3.7127,9.1409,0.2367,9.869,P001_Barbell_Bench_Press_Uncontrolled_Movement_1_01.csv
1,3,1,2,1,11.848,11848,-2.92,8.54,0.27,9.0294,-0.0109,-0.012,-0.0764,20.81,87.31,3.19,-3.6082,9.0617,0.2411,9.7567,P001_Barbell_Bench_Press_Uncontrolled_Movement_1_01.csv
1,3,1,2,1,11.978,11978,-3.97,8.74,0.27,9.6032,-0.0087,0.0033,0.0262,21.44,87.38,2.63,-3.6559,9.0193,0.2449,9.7352,P001_Barbell_Bench_Press_Uncontrolled_Movement_1_01.csv
1,3,1,2,1,12.108,12108,-3.0,8.76,0.58,9.2776,0.0022,0.0284,0.0447,22.38,87.5,1.69,-3.5695,8.9852,0.289,9.6725,P001_Barbell_Bench_Press_Uncontrolled_Movement_1_01.csv
1,3,1,2,1,12.238,12238,-4.73,9.63,0.17,10.7303,0.0087,0.0218,-0.3796,24.0,87.44,359.88,-3.7224,9.0701,0.2734,9.8081,P001_Barbell_Bench_Press_Uncontrolled_Movement_1_01.csv
1,3,1,2,1,12.368,12368,-3.19,8.12,0.13,8.7251,0.0098,0.0393,0.1331,21.63,87.13,2.38,-3.6522,8.9449,0.2545,9.6652,P001_Barbell_Bench_Press_Uncontrolled_Movement_1_01.csv
1,3,1,2,1,12.541,12541,-5.8,9.13,0.15,10.8176,0.0109,0.0458,0.1767,25.44,87.0,358.25,-3.9353,8.9693,0.2407,9.7976,P001_Barbell_Bench_Press_Uncontrolled_Movement_1_01.csv
1,3,1,2,1,12.671,12671,-3.05,8.61,0.45,9.1453,0.012,0.0327,-0.0415,23.31,86.75,0.13,-3.8186,8.922,0.2683,9.7085,P001_Barbell_Bench_Press_Uncontrolled_Movement_1_01.csv
1,3,1,2,1,12.801,12801,-3.58,8.16,0.47,8.9232,0.0251,0.0524,-0.1396,23.63,86.5,359.56,-3.7872,8.8216,0.2949,9.6047,P001_Barbell_Bench_Press_Uncontrolled_Movement_1_01.csv
1,3,1,2,1,12.931,12931,-5.28,8.44,0.68,9.9787,-0.0065,0.0545,-0.1527,24.38,86.25,358.63,-3.9839,8.7713,0.3456,9.6398,P001_Barbell_Bench_Press_Uncontrolled_Movement_1_01.csv
1,3,1,2,1,13.061,13061,-1.0,8.83,0.42,8.8964,-0.0142,0.0589,0.6796,21.31,86.13,1.38,-3.5907,8.779,0.3554,9.4916,P001_Barbell_Bench_Press_Uncontrolled_Movement_1_01.csv
1,3,1,2,1,13.191,13191,-5.31,8.91,0.93,10.4139,0.0153,0.0164,0.0295,23.06,86.25,359.44,-3.8172,8.7963,0.4311,9.5985,P001_Barbell_Bench_Press_Uncontrolled_Movement_1_01.csv
1,3,1,2,1,13.321,13321,-5.51,9.33,0.58,10.8511,-0.0436,0.0284,0.1189,22.0,86.56,0.5,-4.0403,8.8666,0.4507,9.7542,P001_Barbell_Bench_Press_Uncontrolled_Movement_1_01.csv
1,3,1,2,1,13.451,13451,-0.89,8.89,0.46,8.9463,-0.0731,0.0665,0.5923,18.81,86.94,3.31,-3.6252,8.8697,0.452,9.5926,P001_Barbell_Bench_Press_Uncontrolled_Movement_1_01.csv
1,3,1,2,1,13.624,13624,-1.21,9.49,0.35,9.5732,-0.0633,0.0524,0.3851,18.75,87.94,2.44,-3.3069,8.9514,0.4385,9.5528,P001_Barbell_Bench_Press_Uncontrolled_Movement_1_01.csv
1,3,1,2,1,13.755,13755,-2.31,10.19,0.08,10.4489,-0.0753,0.048,0.2171,16.81,88.44,4.06,-3.1755,9.1146,0.3913,9.6599,P001_Barbell_Bench_Press_Uncontrolled_Movement_1_01.csv
1,3,1,2,1,13.885,13885,-1.78,10.52,0.11,10.6701,-0.0273,0.0622,0.3218,15.63,88.69,4.75,-2.9916,9.2998,0.3542,9.7756,P001_Barbell_Bench_Press_Uncontrolled_Movement_1_01.csv
1,3,1,2,1,14.018,14018,-5.22,11.13,0.16,12.2943,0.012,0.0218,-0.3327,17.25,88.69,2.69,-3.2853,9.541,0.3286,10.0961,P001_Barbell_Bench_Press_Uncontrolled_Movement_1_01.csv
1,3,1,2,1,14.149,14149,-3.78,10.91,-0.02,11.5463,0.0633,-0.024,-0.4712,17.13,88.38,2.19,-3.3505,9.7214,0.2827,10.2865,P001_Barbell_Bench_Press_Uncontrolled_Movement_1_01.csv
1,4,1,2,1,14.283,14283,-2.15,9.02,0.02,9.2727,0.0971,-0.012,-0.0578,17.69,87.69,1.81,-3.1923,9.629,0.2481,10.1474,P001_Barbell_Bench_Press_Uncontrolled_Movement_1_01.csv
1,4,1,2,1,14.413,14413,-4.75,8.51,0.29,9.7502,0.0807,-0.0622,-0.3425,19.75,87.0,0.19,-3.3976,9.4815,0.2536,10.0751,P001_Barbell_Bench_Press_Uncontrolled_Movement_1_01.csv
1,4,1,2,1,14.544,14544,-5.17,9.05,0.57,10.4382,0.0316,-0.0829,-0.2313,20.19,86.75,0.31,-3.6311,9.4247,0.2953,10.1043,P001_Barbell_Bench_Press_Uncontrolled_Movement_1_01.csv
1,4,1,2,1,14.717,14717,-2.39,8.74,0.43,9.0711,-0.0207,-0.1058,0.1102,19.69,87.06,1.75,-3.4676,9.3344,0.313,9.9626,P001_Barbell_Bench_Press_Uncontrolled_Movement_1_01.csv
1,4,1,2,1,14.848,14848,-4.44,8.24,0.15,9.3613,-0.0491,-0.1254,-0.0011,20.19,87.5,2.0,-3.5957,9.1902,0.2916,9.8729,P001_Barbell_Bench_Press_Uncontrolled_Movement_1_01.csv
1,4,1,2,1,14.978,14978,-3.8,8.25,0.58,9.1016,0.0196,-0.0982,0.4603,19.5,88.13,3.75,-3.6226,9.0663,0.3296,9.7688,P001_Barbell_Bench_Press_Uncontrolled_Movement_1_01.csv
1,4,1,2,1,15.109,15109,-2.15,9.47,0.11,9.7116,-0.0404,-0.0611,-0.1691,18.75,88.69,4.75,-3.4286,9.1195,0.3006,9.7474,P001_Barbell_Bench_Press_Uncontrolled_Movement_1_01.csv
1,4,1,2,1,15.239,15239,-2.75,9.58,-0.49,9.9789,0.0251,-0.0262,0.1396,18.63,88.88,5.06,-3.3392,9.1802,0.1964,9.7706,P001_Barbell_Bench_Press_Uncontrolled_Movement_1_01.csv
1,4,1,2,1,15.37,15370,-2.4,8.12,0.49,8.4814,0.0535,-0.0295,-0.168,16.44,88.75,7.31,-3.2154,9.0405,0.2351,9.5982,P001_Barbell_Bench_Press_Uncontrolled_Movement_1_01.csv
1,4,1,2,1,15.501,15501,-4.49,9.12,-0.33,10.1707,-0.0535,0.0,0.3687,18.06,88.88,5.69,-3.3834,9.051,0.1607,9.664,P001_Barbell_Bench_Press_Uncontrolled_Movement_1_01.csv
1,4,1,2,1,15.636,15636,-3.38,9.09,0.54,9.7131,-0.0044,0.0164,-0.3403,18.44,88.94,5.0,-3.3829,9.0561,0.2106,9.6696,P001_Barbell_Bench_Press_Uncontrolled_Movement_1_01.csv
1,4,1,2,1,15.809,15809,-2.68,8.57,-0.23,8.9822,-0.0262,0.0295,0.0142,17.38,88.81,5.75,-3.2903,8.9921,0.1526,9.5763,P001_Barbell_Bench_Press_Uncontrolled_Movement_1_01.csv
1,4,1,2,1,15.939,15939,-4.73,9.7,0.2,10.7937,-0.0436,-0.0011,-0.4429,18.81,89.06,4.19,-3.48,9.0853,0.1588,9.7303,P001_Barbell_Bench_Press_Uncontrolled_Movement_1_01.csv
1,4,1,2,1,16.069,16069,-2.57,8.79,0.03,9.1581,-0.0109,0.0436,0.3992,17.63,89.13,5.13,-3.3601,9.0464,0.1419,9.6513,P001_Barbell_Bench_Press_Uncontrolled_Movement_1_01.csv
1,4,1,2,1,16.199,16199,-3.67,9.56,-0.06,10.2404,-0.048,0.0131,-0.4374,18.5,89.25,3.88,-3.4009,9.1141,0.1153,9.7286,P001_Barbell_Bench_Press_Uncontrolled_Movement_1_01.csv
1,4,1,2,1,16.329,16329,-2.87,9.14,0.0,9.58,0.0065,0.0535,0.408,18.06,89.38,3.88,-3.331,9.1175,0.1001,9.7074,P001_Barbell_Bench_Press_Uncontrolled_Movement_1_01.csv
1,4,1,2,1,16.459,16459,-3.31,9.03,0.0,9.6175,-0.0633,0.0098,-0.6021,18.88,89.38,2.69,-3.3282,9.106,0.0869,9.6955,P001_Barbell_Bench_Press_Uncontrolled_Movement_1_01.csv
1,4,1,2,1,16.59,16590,-3.34,9.23,0.0,9.8157,-0.0076,0.0175,-0.0949,18.81,89.44,2.56,-3.3298,9.1223,0.0754,9.7113,P001_Barbell_Bench_Press_Uncontrolled_Movement_1_01.csv
1,4,1,2,1,16.72,16720,-3.34,9.18,0.0,9.7687,-0.012,0.0175,-0.0524,18.94,89.44,2.38,-3.3311,9.1299,0.0655,9.7189,P001_Barbell_Bench_Press_Uncontrolled_Movement_1_01.csv
1,4,1,2,1,16.893,16893,-3.67,8.79,0.0,9.5254,0.0295,0.0273,0.1047,19.44,89.44,1.81,-3.3758,9.0851,0.0569,9.6922,P001_Barbell_Bench_Press_Uncontrolled_Movement_1_01.csv
1,4,1,2,1,17.024,17024,-2.77,8.51,0.06,8.9497,0.0185,0.0218,-0.0927,19.75,89.25,1.56,-3.2959,9.0093,0.0573,9.5935,P001_Barbell_Bench_Press_Uncontrolled_Movement_1_01.csv
1,4,1,2,1,17.155,17155,-5.38,8.71,-0.16,10.2389,0.0109,-0.0131,-0.1069,21.88,89.13,359.38,-3.5706,8.9699,0.0286,9.6545,P001_Barbell_Bench_Press_Uncontrolled_Movement_1_01.csv
1,4,1,2,1,17.287,17287,-5.53,8.9,-0.4,10.4857,-0.0349,-0.0589,-0.9916,21.63,89.0,359.94,-3.8288,8.9607,-0.0278,9.7444,P001_Barbell_Bench_Press_Uncontrolled_Movement_1_01.csv
1,4,1,2,1,17.418,17418,-4.02,9.72,0.16,10.5197,0.0076,-0.0316,0.2858,22.44,89.0,359.31,-3.854,9.0607,-0.0031,9.8463,P001_Barbell_Bench_Press_Uncontrolled_Movement_1_01.csv
1,4,1,2,1,17.552,17552,-2.61,8.78,-0.13,9.1606,-0.0011,-0.0273,0.0044,20.75,88.75,1.63,-3.69,9.0237,-0.0198,9.7491,P001_Barbell_Bench_Press_Uncontrolled_Movement_1_01.csv
1,4,1,2,1,17.683,17683,-2.56,8.92,0.35,9.2867,-0.0022,-0.0196,-0.3523,20.88,88.5,1.75,-3.5411,9.0101,0.0289,9.681,P001_Barbell_Bench_Press_Uncontrolled_Movement_1_01.csv
1,4,1,2,1,17.813,17813,-3.79,10.28,0.26,10.9595,0.0938,0.0109,0.2389,19.5,88.06,3.31,-3.5739,9.1774,0.0594,9.8489,P001_Barbell_Bench_Press_Uncontrolled_Movement_1_01.csv
1,4,1,2,1,17.986,17986,-2.77,9.21,0.07,9.6178,0.0185,0.0305,0.4025,17.75,87.44,5.13,-3.468,9.1817,0.0608,9.815,P001_Barbell_Bench_Press_Uncontrolled_Movement_1_01.csv
1,4,1,2,1,18.117,18117,-3.58,9.31,0.24,9.9775,0.036,0.012,-0.1244,18.38,87.19,4.44,-3.4828,9.1986,0.0844,9.8362,P001_Barbell_Bench_Press_Uncontrolled_Movement_1_01.csv
1,4,1,2,1,18.247,18247,-4.23,10.02,-0.01,10.8763,-0.0055,0.0349,0.0055,18.13,87.13,4.44,-3.5812,9.3069,0.072,9.9724,P001_Barbell_Bench_Press_Uncontrolled_Movement_1_01.csv
1,4,1,2,1,18.378,18378,-2.02,8.43,0.29,8.6735,-0.0545,0.0524,-0.252,16.69,87.0,5.25,-3.3755,9.1913,0.1007,9.792,P001_Barbell_Bench_Press_Uncontrolled_Movement_1_01.csv
1,4,1,2,1,18.509,18509,-4.54,10.21,0.64,11.1922,-0.0087,0.0665,0.36,18.44,87.06,3.31,-3.5289,9.3255,0.1718,9.9724,P001_Barbell_Bench_Press_Uncontrolled_Movement_1_01.csv
1,4,1,2,1,18.644,18644,-2.77,9.26,0.37,9.6725,-0.0022,0.0851,0.4451,16.19,86.94,5.0,-3.4289,9.3169,0.1979,9.9298,P001_Barbell_Bench_Press_Uncontrolled_Movement_1_01.csv
1,4,1,2,1,18.774,18774,-2.16,10.89,0.92,11.1402,0.0273,0.0393,-0.3611,15.56,86.88,5.13,-3.2617,9.5242,0.293,10.0715,P001_Barbell_Bench_Press_Uncontrolled_Movement_1_01.csv
1,4,1,2,1,18.906,18906,-1.48,9.76,0.31,9.8764,0.0447,0.0284,-0.2509,16.19,86.63,4.0,-3.0269,9.5553,0.2953,10.0276,P001_Barbell_Bench_Press_Uncontrolled_Movement_1_01.csv
1,4,1,2,1,19.079,19079,-3.4,10.06,0.38,10.6258,-0.0142,-0.0131,-0.2498,17.56,86.63,2.44,-3.0761,9.6218,0.3064,10.1062,P001_Barbell_Bench_Press_Uncontrolled_Movement_1_01.csv
1,5,1,2,1,19.209,19209,-2.05,9.76,0.54,9.9876,-0.0164,-0.0404,-0.0524,16.38,86.69,3.75,-2.9409,9.64,0.3372,10.0842,P001_Barbell_Bench_Press_Uncontrolled_Movement_1_01.csv
1,5,1,2,1,19.339,19339,-2.82,8.91,0.68,9.3703,0.0273,-0.0524,0.3992,18.31,86.94,2.13,-2.925,9.5438,0.3824,9.9893,P001_Barbell_Bench_Press_Uncontrolled_Movement_1_01.csv
1,5,1,2,1,19.47,19470,-3.32,8.37,0.0,9.0044,-0.0698,-0.0982,-0.2487,19.25,87.44,1.88,-2.977,9.3891,0.332,9.8554,P001_Barbell_Bench_Press_Uncontrolled_Movement_1_01.csv
1,5,1,2,1,19.6,19600,-2.11,8.96,0.6,9.2246,-0.0884,-0.1134,-0.1713,18.69,88.13,3.0,-2.8628,9.3326,0.3673,9.7687,P001_Barbell_Bench_Press_Uncontrolled_Movement_1_01.csv
1,5,1,2,1,19.731,19731,-2.85,9.28,0.24,9.7107,-0.0109,-0.0818,0.1134,20.13,88.88,2.31,-2.8611,9.3256,0.3505,9.761,P001_Barbell_Bench_Press_Uncontrolled_Movement_1_01.csv
1,5,1,2,1,19.862,19862,-3.13,9.29,-0.35,9.8094,-0.0284,-0.0611,-0.4821,20.25,89.06,2.56,-2.8965,9.321,0.2582,9.764,P001_Barbell_Bench_Press_Uncontrolled_Movement_1_01.csv
1,5,1,2,1,19.995,19995,-5.23,9.18,-0.29,10.5693,0.0993,-0.0065,-0.192,21.38,88.75,2.0,-3.204,9.3024,0.186,9.8405,P001_Barbell_Bench_Press_Uncontrolled_Movement_1_01.csv
1,5,1,2,1,20.168,20168,-4.51,10.16,-0.19,11.1176,0.0611,0.0164,-0.1854,22.5,88.13,1.06,-3.3761,9.4154,0.1364,10.0033,P001_Barbell_Bench_Press_Uncontrolled_Movement_1_01.csv
1,5,1,2,1,20.299,20299,-2.31,5.92,0.09,6.3554,0.168,0.1004,1.6384,18.06,87.19,5.31,-3.2356,8.9548,0.1303,9.5223,P001_Barbell_Bench_Press_Uncontrolled_Movement_1_01.csv
1,5,1,2,1,20.43,20430,-5.36,9.95,0.17,11.3031,-0.0785,-0.0785,-2.5994,21.56,87.0,1.88,-3.5156,9.0859,0.1355,9.7433,P001_Barbell_Bench_Press_Uncontrolled_Movement_1_01.csv
1,5,1,2,1,20.56,20560,-1.88,7.68,0.79,7.9461,0.1407,0.0742,1.3701,19.0,86.63,4.44,-3.3,8.9007,0.2218,9.4953,P001_Barbell_Bench_Press_Uncontrolled_Movement_1_01.csv
1,5,1,2,1,20.691,20691,-6.69,9.82,-0.55,11.895,-0.2083,-0.0644,-1.6635,21.31,86.69,2.06,-3.7467,9.0218,0.1201,9.7696,P001_Barbell_Bench_Press_Uncontrolled_Movement_1_01.csv
1,5,1,2,1,20.821,20821,-1.97,8.71,0.84,8.9694,0.0698,0.0087,0.5716,20.0,86.88,3.38,-3.5126,8.9807,0.215,9.6456,P001_Barbell_Bench_Press_Uncontrolled_Movement_1_01.csv
1,5,1,2,1,20.951,20951,-3.78,9.84,-0.03,10.5411,-0.0644,-0.0295,-0.3316,20.31,87.13,2.94,-3.5479,9.094,0.1827,9.7632,P001_Barbell_Bench_Press_Uncontrolled_Movement_1_01.csv
1,5,1,2,1,21.081,21081,-4.29,8.73,0.52,9.741,-0.0033,0.0065,0.5465,20.44,87.13,2.88,-3.6456,9.046,0.2271,9.7556,P001_Barbell_Bench_Press_Uncontrolled_Movement_1_01.csv
1,5,1,2,1,21.254,21254,-4.74,9.64,0.36,10.7483,0.0207,-0.0153,-0.0087,20.94,87.44,2.44,-3.7899,9.1243,0.2446,9.8831,P001_Barbell_Bench_Press_Uncontrolled_Movement_1_01.csv
1,5,1,2,1,21.385,21385,-2.99,8.82,0.33,9.3189,-0.0087,-0.012,-0.0829,19.13,87.44,4.25,-3.6845,9.0842,0.2559,9.8063,P001_Barbell_Bench_Press_Uncontrolled_Movement_1_01.csv
1,5,1,2,1,21.516,21516,-2.76,9.63,-0.05,10.0178,-0.0044,-0.0011,0.0818,19.56,87.38,3.56,-3.5626,9.1561,0.2156,9.8272,P001_Barbell_Bench_Press_Uncontrolled_Movement_1_01.csv
1,5,1,2,1,21.647,21647,-3.01,8.85,0.41,9.3569,0.0436,0.0011,0.1865,19.63,87.31,3.5,-3.4898,9.1158,0.2412,9.7639,P001_Barbell_Bench_Press_Uncontrolled_Movement_1_01.csv
1,5,1,2,1,21.778,21778,-4.1,9.28,0.2,10.1473,0.0447,-0.0022,0.0273,20.25,87.19,2.94,-3.5702,9.1374,0.2358,9.813,P001_Barbell_Bench_Press_Uncontrolled_Movement_1_01.csv
1,5,1,2,1,21.913,21913,-2.87,8.52,0.27,8.9945,0.0218,-0.0022,-0.1767,19.69,86.94,3.69,-3.4779,9.056,0.2403,9.7039,P001_Barbell_Bench_Press_Uncontrolled_Movement_1_01.csv
1,5,1,2,1,22.044,22044,-4.48,10.12,0.43,11.0756,0.0153,0.0,0.048,21.56,86.94,1.81,-3.61,9.1962,0.2653,9.883,P001_Barbell_Bench_Press_Uncontrolled_Movement_1_01.csv
1,5,1,2,1,22.174,22174,-2.3,7.58,0.34,7.9286,0.0502,0.0524,0.745,19.56,86.56,4.06,-3.4374,8.9833,0.2751,9.6224,P001_Barbell_Bench_Press_Uncontrolled_Movement_1_01.csv
1,5,1,2,1,22.347,22347,-5.78,9.39,0.34,11.0316,0.0349,0.0349,0.2673,23.44,86.56,0.25,-3.7461,9.0369,0.2837,9.7866,P001_Barbell_Bench_Press_Uncontrolled_Movement_1_01.csv
1,5,1,2,1,22.478,22478,-3.31,7.71,0.63,8.4141,-0.0338,-0.0022,-0.276,20.56,86.5,2.81,-3.6886,8.862,0.3293,9.6047,P001_Barbell_Bench_Press_Uncontrolled_Movement_1_01.csv
1,5,1,2,1,22.608,22608,-5.34,9.49,0.26,10.8924,-0.0862,0.0229,0.0109,23.94,86.88,359.5,-3.9062,8.9448,0.3202,9.7658,P001_Barbell_Bench_Press_Uncontrolled_Movement_1_01.csv
1,5,1,2,1,22.739,22739,-2.81,8.65,0.4,9.1038,0.0033,0.0676,0.8945,21.94,86.88,1.44,-3.7618,8.9059,0.3307,9.6735,P001_Barbell_Bench_Press_Uncontrolled_Movement_1_01.csv
1,5,1,2,1,22.87,22870,-2.02,7.57,0.56,7.8549,0.024,0.0502,0.2062,21.06,86.75,2.06,-3.5322,8.7299,0.3609,9.4243,P001_Barbell_Bench_Press_Uncontrolled_Movement_1_01.csv
1,5,1,2,1,23.003,23003,-4.29,10.11,0.0,10.9825,-0.0404,0.0382,-0.096,23.5,86.75,359.56,-3.6321,8.9117,0.3134,9.6286,P001_Barbell_Bench_Press_Uncontrolled_Movement_1_01.csv
1,5,1,2,1,23.134,23134,-5.67,8.69,0.32,10.3811,0.024,0.0327,0.0022,23.13,86.5,359.69,-3.9006,8.8825,0.3142,9.7063,P001_Barbell_Bench_Press_Uncontrolled_Movement_1_01.csv
1,5,1,2,1,23.267,23267,-3.85,8.94,0.23,9.7365,-0.0742,0.012,-0.3098,22.44,86.56,0.06,-3.894,8.8901,0.3031,9.7102,P001_Barbell_Bench_Press_Uncontrolled_Movement_1_01.csv
1,5,1,2,1,23.44,23440,-2.94,8.44,0.76,8.9697,0.0164,0.0164,-0.0087,24.31,86.75,357.81,-3.7683,8.8308,0.3633,9.6081,P001_Barbell_Bench_Press_Uncontrolled_Movement_1_01.csv
1,5,1,2,1,23.571,23571,-4.78,9.17,0.23,10.3436,-0.0207,0.0491,0.4167,23.94,86.69,358.19,-3.9016,8.8755,0.3458,9.7013,P001_Barbell_Bench_Press_Uncontrolled_Movement_1_01.csv
1,5,1,2,1,23.701,23701,-3.45,9.47,0.54,10.0933,0.0415,0.0393,-0.2323,23.31,86.38,358.63,-3.8421,8.9538,0.3714,9.7504,P001_Barbell_Bench_Press_Uncontrolled_Movement_1_01.csv
1,5,1,2,1,23.832,23832,-5.32,9.21,0.48,10.6469,0.0774,0.0567,-0.1047,22.81,85.75,359.06,-4.0368,8.9876,0.3857,9.8601,P001_Barbell_Bench_Press_Uncontrolled_Movement_1_01.csv
1,5,1,2,1,23.962,23962,-4.55,9.83,0.46,10.8417,0.0633,0.048,0.0022,21.38,85.06,0.31,-4.1044,9.0986,0.3955,9.9894,P001_Barbell_Bench_Press_Uncontrolled_Movement_1_01.csv
1,5,1,2,1,24.093,24093,-2.55,8.9,0.67,9.2823,0.0905,0.0567,0.4483,19.88,84.56,1.5,-3.8996,9.0724,0.4316,9.8844,P001_Barbell_Bench_Press_Uncontrolled_Movement_1_01.csv
1,5,1,2,1,24.224,24224,-1.97,8.46,1.0,8.7437,-0.0087,-0.0076,-0.1222,18.19,84.31,3.06,-3.6453,8.9917,0.5065,9.7158,P001_Barbell_Bench_Press_Uncontrolled_Movement_1_01.csv
1,5,1,2,1,24.359,24359,-3.96,11.24,1.17,11.9745,0.0087,-0.0153,0.2793,18.13,84.63,3.13,-3.6868,9.288,0.594,10.0106,P001_Barbell_Bench_Press_Uncontrolled_Movement_1_01.csv
1,5,1,2,1,24.532,24532,-3.78,10.22,0.91,10.9346,-0.0753,-0.0796,-0.0818,19.5,85.25,1.94,-3.6991,9.4108,0.6356,10.1317,P001_Barbell_Bench_Press_Uncontrolled_Movement_1_01.csv
1,5,1,2,1,24.662,24662,-5.87,8.65,0.24,10.4564,-0.0982,-0.1102,-0.564,21.63,86.0,0.13,-3.9852,9.3105,0.5835,10.1444,P001_Barbell_Bench_Press_Uncontrolled_Movement_1_01.csv
1,5,1,2,1,24.792,24792,-7.58,9.96,-0.31,12.5201,-0.0796,-0.0873,-0.1331,23.88,86.88,358.56,-4.4589,9.3961,0.4657,10.4108,P001_Barbell_Bench_Press_Uncontrolled_Movement_1_01.csv
1,6,1,2,1,24.922,24922,-3.2,8.85,-0.01,9.4108,-0.0491,-0.048,0.2127,22.81,87.44,0.06,-4.293,9.3242,0.4031,10.2729,P001_Barbell_Bench_Press_Uncontrolled_Movement_1_01.csv
1,6,1,2,1,25.052,25052,-4.21,8.67,-0.11,9.6387,-0.1025,-0.0633,-0.024,23.44,87.94,359.75,-4.282,9.238,0.3354,10.1877,P001_Barbell_Bench_Press_Uncontrolled_Movement_1_01.csv
1,6,1,2,1,25.182,25182,-5.91,9.25,0.21,10.9788,0.0,-0.0305,0.0676,25.19,88.38,358.31,-4.4966,9.2395,0.3189,10.2806,P001_Barbell_Bench_Press_Uncontrolled_Movement_1_01.csv
1,6,1,2,1,25.312,25312,-3.09,9.43,0.58,9.9403,0.0567,0.012,0.0404,23.63,88.25,0.06,-4.3112,9.2646,0.3533,10.2247,P001_Barbell_Bench_Press_Uncontrolled_Movement_1_01.csv
1,6,1,2,1,25.443,25443,-5.43,9.38,0.11,10.8389,0.0753,0.0589,0.877,24.94,87.81,358.94,-4.4586,9.2798,0.3213,10.3004,P001_Barbell_Bench_Press_Uncontrolled_Movement_1_01.csv
1,6,1,2,1,25.616,25616,-1.73,5.37,0.0,5.6418,0.0316,0.0065,0.6403,21.69,87.19,2.5,-4.0991,8.7646,0.2789,9.6798,P001_Barbell_Bench_Press_Uncontrolled_Movement_1_01.csv
1,6,1,2,1,25.749,25749,-8.36,9.51,0.0,12.6621,-0.0982,-0.1244,-1.609,24.31,87.69,0.13,-4.6606,8.8628,0.2422,10.0165,P001_Barbell_Bench_Press_Uncontrolled_Movement_1_01.csv
1,6,1,2,1,25.879,25879,-1.78,8.6,0.49,8.7959,0.0011,0.0,0.829,20.94,87.88,3.63,-4.281,8.8282,0.2748,9.8153,P001_Barbell_Bench_Press_Uncontrolled_Movement_1_01.csv
1,6,1,2,1,26.013,26013,-5.21,8.86,0.28,10.2821,0.0305,-0.0229,0.4603,22.31,88.13,2.63,-4.4034,8.8324,0.2755,9.8731,P001_Barbell_Bench_Press_Uncontrolled_Movement_1_01.csv
1,6,1,2,1,26.144,26144,-3.76,8.91,0.1,9.6714,-0.0295,-0.036,0.1527,20.63,88.44,4.31,-4.3186,8.8426,0.2524,9.8441,P001_Barbell_Bench_Press_Uncontrolled_Movement_1_01.csv
1,6,1,2,1,26.275,26275,-3.96,10.01,-0.2,10.7667,-0.0371,-0.0175,-0.1124,20.56,88.88,4.38,-4.2714,8.9965,0.1928,9.9608,P001_Barbell_Bench_Press_Uncontrolled_Movement_1_01.csv
1,6,1,2,1,26.425,26425,-2.25,8.89,0.02,9.1703,-0.0785,-0.0055,0.0044,19.44,89.13,5.25,-4.005,8.9824,0.17,9.8363,P001_Barbell_Bench_Press_Uncontrolled_Movement_1_01.csv
1,6,1,2,1,26.556,26556,-4.04,9.53,0.02,10.351,-0.0469,0.0142,-0.0131,21.0,89.5,3.63,-4.0096,9.0546,0.1502,9.9038,P001_Barbell_Bench_Press_Uncontrolled_Movement_1_01.csv
1,6,1,2,1,26.728,26728,-2.98,8.68,-0.15,9.1785,0.0011,0.0251,-0.036,20.63,89.5,3.69,-3.8739,9.0052,0.1107,9.8038,P001_Barbell_Bench_Press_Uncontrolled_Movement_1_01.csv
1,6,1,2,1,26.858,26858,-3.64,9.21,-0.19,9.905,0.0109,0.0207,0.0764,21.19,89.56,3.06,-3.8431,9.0322,0.0711,9.8161,P001_Barbell_Bench_Press_Uncontrolled_Movement_1_01.csv
1,6,1,2,1,26.988,26988,-2.63,8.24,0.11,8.6502,-0.0065,0.0153,-0.0796,21.25,89.5,3.0,-3.6832,8.9278,0.0762,9.6581,P001_Barbell_Bench_Press_Uncontrolled_Movement_1_01.csv
1,6,1,2,1,27.118,27118,-5.12,9.08,0.1,10.4245,0.0196,0.0131,0.072,22.75,89.56,1.44,-3.8726,8.9479,0.0793,9.7503,P001_Barbell_Bench_Press_Uncontrolled_Movement_1_01.csv
1,6,1,2,1,27.248,27248,-3.79,8.33,0.08,9.152,-0.0142,-0.0076,-0.3196,22.19,89.5,1.88,-3.8617,8.8664,0.0794,9.6712,P001_Barbell_Bench_Press_Uncontrolled_Movement_1_01.csv
1,6,1,2,1,27.378,27378,-4.46,8.97,-0.24,10.0205,0.0044,-0.0109,-0.1756,23.5,89.69,0.63,-3.9405,8.8801,0.0373,9.7152,P001_Barbell_Bench_Press_Uncontrolled_Movement_1_01.csv
1,6,1,2,1,27.528,27528,-6.36,10.0,-0.62,11.8674,-0.0425,-0.012,-0.132,24.88,89.88,359.31,-4.2594,9.0277,-0.0493,9.9822,P001_Barbell_Bench_Press_Uncontrolled_Movement_1_01.csv
1,6,1,2,1,27.659,27659,-3.15,7.22,0.08,7.8776,0.0415,0.0404,1.2359,20.56,89.5,3.88,-4.1132,8.7895,-0.0323,9.7043,P001_Barbell_Bench_Press_Uncontrolled_Movement_1_01.csv
1,6,1,2,1,27.831,27831,-5.89,9.7,-0.13,11.349,0.0993,0.0295,0.1014,24.81,89.38,359.63,-4.3473,8.9095,-0.0451,9.9136,P001_Barbell_Bench_Press_Uncontrolled_Movement_1_01.csv
1,6,1,2,1,27.961,27961,-3.12,8.97,0.17,9.4986,0.1309,0.0415,0.5934,22.81,88.56,2.19,-4.1856,8.9174,-0.0168,9.8509,P001_Barbell_Bench_Press_Uncontrolled_Movement_1_01.csv
1,6,1,2,1,28.091,28091,-3.22,9.26,0.16,9.8052,0.1167,0.0382,0.2913,23.5,87.63,1.56,-4.0583,8.9626,0.0065,9.8386,P001_Barbell_Bench_Press_Uncontrolled_Movement_1_01.csv
1,6,1,2,1,28.221,28221,-5.81,8.93,0.17,10.655,0.1516,0.0207,-0.0676,24.94,86.56,0.31,-4.2892,8.9583,0.0281,9.9322,P001_Barbell_Bench_Press_Uncontrolled_Movement_1_01.csv
1,6,1,2,1,28.351,28351,-4.07,8.67,0.38,9.5853,0.132,0.0011,-0.0665,24.19,85.5,1.5,-4.2603,8.9203,0.0744,9.8857,P001_Barbell_Bench_Press_Uncontrolled_Movement_1_01.csv
1,6,1,2,1,28.481,28481,-2.76,8.46,1.1,8.9666,0.0556,0.0218,0.1625,24.25,84.81,1.69,-4.0626,8.8596,0.2096,9.7489,P001_Barbell_Bench_Press_Uncontrolled_Movement_1_01.csv
1,6,1,2,1,28.612,28612,-3.99,8.84,1.08,9.7587,0.0371,0.0316,-0.0491,24.25,84.31,1.63,-4.053,8.857,0.3243,9.7457,P001_Barbell_Bench_Press_Uncontrolled_Movement_1_01.csv
1,6,1,2,1,28.742,28742,-4.4,8.64,0.96,9.7433,-0.0753,0.0502,0.3545,24.19,84.13,1.38,-4.0987,8.8284,0.408,9.7421,P001_Barbell_Bench_Press_Uncontrolled_Movement_1_01.csv
1,6,1,2,1,28.915,28915,-4.41,8.55,1.02,9.6742,-0.0295,0.072,0.5018,23.38,84.5,1.63,-4.1398,8.7918,0.4887,9.7299,P001_Barbell_Bench_Press_Uncontrolled_Movement_1_01.csv
1,6,1,2,1,29.046,29046,-3.58,9.16,0.96,9.8815,-0.0785,0.0665,0.012,23.75,85.06,0.63,-4.066,8.8403,0.5508,9.7461,P001_Barbell_Bench_Press_Uncontrolled_Movement_1_01.csv
1,6,1,2,1,29.176,29176,-4.9,9.28,0.7,10.5175,-0.1014,0.0338,-0.264,21.88,85.5,2.0,-4.1759,8.8982,0.5705,9.8459,P001_Barbell_Bench_Press_Uncontrolled_Movement_1_01.csv
1,6,1,2,1,29.307,29307,-4.45,10.18,0.72,11.1334,-0.0349,0.0622,0.3316,21.56,85.94,1.44,-4.212,9.0671,0.5902,10.0151,P001_Barbell_Bench_Press_Uncontrolled_Movement_1_01.csv
1,6,1,2,1,29.438,29438,-3.42,10.26,0.16,10.8162,-0.0589,0.0164,-0.1833,21.56,86.31,1.0,-4.1077,9.2243,0.5335,10.1116,P001_Barbell_Bench_Press_Uncontrolled_Movement_1_01.csv
1,6,1,2,1,29.573,29573,-4.35,9.61,0.1,10.5492,-0.0262,-0.0218,-0.1342,23.19,86.5,359.44,-4.1396,9.2751,0.4764,10.1682,P001_Barbell_Bench_Press_Uncontrolled_Movement_1_01.csv
1,6,1,2,1,29.703,29703,-5.67,9.02,0.68,10.6758,0.0415,-0.0164,0.1854,25.06,86.56,357.63,-4.3413,9.2415,0.5032,10.2228,P001_Barbell_Bench_Press_Uncontrolled_Movement_1_01.csv
1,7,1,2,1,29.835,29835,-2.06,8.69,0.19,8.9328,0.1145,-0.0502,0.36,23.13,86.25,359.94,-4.0406,9.1688,0.4619,10.0303,P001_Barbell_Bench_Press_Uncontrolled_Movement_1_01.csv
1,7,1,2,1,30.007,30007,-2.6,8.74,0.37,9.126,0.0436,-0.1167,0.0425,23.88,86.38,0.13,-3.8508,9.1123,0.4498,9.9028,P001_Barbell_Bench_Press_Uncontrolled_Movement_1_01.csv
1,7,1,2,1,30.137,30137,-3.73,9.65,0.16,10.347,-0.0873,-0.1331,0.2782,24.94,87.0,359.94,-3.8349,9.1832,0.4116,9.9603,P001_Barbell_Bench_Press_Uncontrolled_Movement_1_01.csv
1,7,1,2,1,30.267,30267,-5.3,9.4,0.16,10.7924,-0.0371,-0.1494,-0.5454,25.19,87.69,0.56,-4.028,9.2118,0.3785,10.061,P001_Barbell_Bench_Press_Uncontrolled_Movement_1_01.csv
1,7,1,2,1,30.397,30397,-5.23,9.31,-0.02,10.6785,0.0229,-0.084,-0.6087,26.0,88.13,0.44,-4.1863,9.2247,0.326,10.1354,P001_Barbell_Bench_Press_Uncontrolled_Movement_1_01.csv
1,7,1,2,1,30.527,30527,-3.73,8.5,0.39,9.2906,0.0055,-0.0469,-0.4581,25.75,88.13,1.25,-4.1262,9.1292,0.3344,10.024,P001_Barbell_Bench_Press_Uncontrolled_Movement_1_01.csv
1,7,1,2,1,30.657,30657,-6.6,7.37,0.08,9.8936,0.0927,0.0055,-0.1178,27.44,87.94,359.88,-4.4522,8.8974,0.3009,9.9537,P001_Barbell_Bench_Press_Uncontrolled_Movement_1_01.csv
1,7,1,2,1,30.788,30788,-2.11,7.62,-0.04,7.9068,0.0076,0.0087,-0.3894,22.69,87.38,4.56,-4.1436,8.7291,0.256,9.666,P001_Barbell_Bench_Press_Uncontrolled_Movement_1_01.csv
1,7,1,2,1,30.918,30918,-5.97,8.69,0.17,10.5445,0.0153,0.0698,0.4963,26.38,86.94,0.81,-4.3842,8.7239,0.2446,9.7667,P001_Barbell_Bench_Press_Uncontrolled_Movement_1_01.csv
1,7,1,2,1,31.091,31091,-4.21,8.11,0.71,9.1652,0.0076,0.0087,-0.5149,24.88,86.5,2.06,-4.3613,8.643,0.306,9.6859,P001_Barbell_Bench_Press_Uncontrolled_Movement_1_01.csv
1,7,1,2,1,31.221,31221,-4.08,9.52,0.36,10.3637,-0.0109,0.0425,0.3534,24.94,86.63,1.69,-4.3242,8.7586,0.3131,9.7729,P001_Barbell_Bench_Press_Uncontrolled_Movement_1_01.csv
1,7,1,2,1,31.352,31352,-4.74,8.69,0.46,9.9094,-0.0316,0.0131,-0.4538,24.94,86.56,1.13,-4.379,8.7495,0.3324,9.7898,P001_Barbell_Bench_Press_Uncontrolled_Movement_1_01.csv
1,7,1,2,1,31.482,31482,-4.73,8.76,0.48,9.967,-0.0044,0.0153,0.0316,25.56,86.69,0.38,-4.4253,8.7509,0.3519,9.8125,P001_Barbell_Bench_Press_Uncontrolled_Movement_1_01.csv
1,7,1,2,1,31.613,31613,-4.22,9.05,0.03,9.9856,-0.0971,0.0153,-0.0818,25.25,86.94,0.69,-4.3982,8.7903,0.3095,9.8341,P001_Barbell_Bench_Press_Uncontrolled_Movement_1_01.csv
1,7,1,2,1,31.744,31744,-4.84,8.57,0.6,9.8606,0.0087,0.0196,0.2858,25.44,87.13,0.38,-4.4564,8.7613,0.3477,9.8357,P001_Barbell_Bench_Press_Uncontrolled_Movement_1_01.csv
1,7,1,2,1,31.879,31879,-3.94,8.64,0.19,9.4979,-0.0175,0.0011,-0.036,25.0,87.25,0.75,-4.3884,8.7453,0.327,9.7901,P001_Barbell_Bench_Press_Uncontrolled_Movement_1_01.csv
1,7,1,2,1,32.009,32009,-4.18,9.05,-0.01,9.9687,-0.0644,-0.0011,0.072,25.0,87.5,0.63,-4.3609,8.7855,0.2826,9.8123,P001_Barbell_Bench_Press_Uncontrolled_Movement_1_01.csv
1,7,1,2,1,32.182,32182,-4.4,9.12,0.05,10.1261,-0.0447,-0.012,-0.3098,25.38,87.88,0.0,-4.3661,8.8295,0.2519,9.8533,P001_Barbell_Bench_Press_Uncontrolled_Movement_1_01.csv
1,7,1,2,1,32.312,32312,-4.23,8.4,0.43,9.4148,0.0644,0.0131,0.1876,25.19,87.88,0.13,-4.3481,8.7729,0.2754,9.7952,P001_Barbell_Bench_Press_Uncontrolled_Movement_1_01.csv
1,7,1,2,1,32.442,32442,-6.64,9.62,0.0,11.6891,-0.0207,-0.0098,-0.7527,26.19,87.81,359.06,-4.6501,8.8846,0.2391,10.0308,P001_Barbell_Bench_Press_Uncontrolled_Movement_1_01.csv
1,7,1,2,1,32.572,32572,-2.77,7.53,0.31,8.0293,0.0251,0.0175,0.4047,23.81,87.56,1.44,-4.4024,8.7061,0.2484,9.759,P001_Barbell_Bench_Press_Uncontrolled_Movement_1_01.csv
1,7,1,2,1,32.702,32702,-6.15,8.94,-0.1,10.8515,-0.0524,-0.0153,-0.6141,26.81,87.69,358.31,-4.6327,8.7369,0.2025,9.8912,P001_Barbell_Bench_Press_Uncontrolled_Movement_1_01.csv
1,7,1,2,1,32.833,32833,-3.71,8.59,0.27,9.3608,-0.0284,0.0098,0.2727,24.94,87.75,0.31,-4.5111,8.7175,0.2114,9.8178,P001_Barbell_Bench_Press_Uncontrolled_Movement_1_01.csv
1,7,1,2,1,32.963,32963,-3.29,8.39,0.92,9.0588,0.024,-0.0076,-0.2705,25.69,87.81,359.5,-4.3502,8.6744,0.3048,9.7089,P001_Barbell_Bench_Press_Uncontrolled_Movement_1_01.csv
1,7,1,2,1,33.093,33093,-3.92,9.27,0.31,10.0695,0.0011,0.0458,0.3392,26.81,87.88,358.25,-4.2935,8.7529,0.3055,9.754,P001_Barbell_Bench_Press_Uncontrolled_Movement_1_01.csv
1,7,1,2,1,33.266,33266,-5.56,9.66,-0.78,11.1731,-0.1014,0.0273,0.2749,26.25,87.81,358.38,-4.4604,8.8724,0.1624,9.9318,P001_Barbell_Bench_Press_Uncontrolled_Movement_1_01.csv
1,7,1,2,1,33.397,33397,-1.64,7.77,0.59,7.9631,0.0065,0.0425,0.564,23.69,87.69,0.81,-4.0887,8.7271,0.2188,9.6399,P001_Barbell_Bench_Press_Uncontrolled_Movement_1_01.csv
1,7,1,2,1,33.527,33527,-4.99,9.15,0.35,10.4281,-0.0175,0.0098,0.1647,26.56,87.88,357.81,-4.2075,8.7829,0.2361,9.7415,P001_Barbell_Bench_Press_Uncontrolled_Movement_1_01.csv
1,7,1,2,1,33.658,33658,-4.8,9.67,-0.15,10.7968,-0.0098,0.0251,-0.2029,25.19,87.88,359.19,-4.2856,8.8998,0.1852,9.8796,P001_Barbell_Bench_Press_Uncontrolled_Movement_1_01.csv
1,7,1,2,1,33.788,33788,-3.66,9.86,0.85,10.5517,0.06,0.0491,0.2618,22.31,87.5,1.81,-4.2031,9.0263,0.2728,9.9607,P001_Barbell_Bench_Press_Uncontrolled_Movement_1_01.csv
1,7,1,2,1,33.92,33920,-2.49,9.05,0.28,9.3905,0.0393,0.0665,0.1833,22.69,87.13,0.88,-3.9774,9.0294,0.2737,9.8704,P001_Barbell_Bench_Press_Uncontrolled_Movement_1_01.csv
1,7,1,2,1,34.05,34050,-5.76,8.86,-0.07,10.568,0.012,0.0447,-0.168,23.56,86.69,359.75,-4.2123,9.0071,0.2285,9.946,P001_Barbell_Bench_Press_Uncontrolled_Movement_1_01.csv
1,7,1,2,1,34.185,34185,-3.78,9.39,0.62,10.1412,0.036,0.072,0.3523,21.5,86.25,1.5,-4.1553,9.0576,0.28,9.9692,P001_Barbell_Bench_Press_Uncontrolled_Movement_1_01.csv
1,7,1,2,1,34.358,34358,-3.58,8.73,0.72,9.463,-0.0044,0.0076,-0.0818,20.94,86.19,1.63,-4.0795,9.0144,0.338,9.9003,P001_Barbell_Bench_Press_Uncontrolled_Movement_1_01.csv
1,7,1,2,1,34.488,34488,-3.56,10.03,0.75,10.6694,-0.048,-0.0295,-0.2618,20.56,86.56,1.94,-4.0111,9.1482,0.3923,9.9966,P001_Barbell_Bench_Press_Uncontrolled_Movement_1_01.csv
1,7,1,2,1,34.618,34618,-6.09,11.5,0.11,13.0135,-0.0764,-0.0415,0.0065,21.75,87.0,0.88,-4.285,9.4581,0.3551,10.3896,P001_Barbell_Bench_Press_Uncontrolled_Movement_1_01.csv
1,7,1,2,1,34.748,34748,-3.87,10.01,0.22,10.7343,0.0055,-0.0687,0.1571,22.06,87.44,0.69,-4.2303,9.5308,0.3373,10.4329,P001_Barbell_Bench_Press_Uncontrolled_Movement_1_01.csv
1,8,1,2,1,34.878,34878,-2.11,8.96,0.17,9.2067,-0.0055,-0.0567,0.7898,22.63,87.88,0.63,-3.9509,9.4556,0.3153,10.2527,P001_Barbell_Bench_Press_Uncontrolled_Movement_1_01.csv
1,8,1,2,1,35.008,35008,-2.73,8.12,0.47,8.5795,-0.0338,-0.0698,-0.1614,23.31,88.25,0.44,-3.79,9.2796,0.3356,10.0294,P001_Barbell_Bench_Press_Uncontrolled_Movement_1_01.csv
1,8,1,2,1,35.138,35138,-4.08,8.87,-0.08,9.7637,0.0109,-0.0578,-0.0949,23.56,88.56,0.5,-3.8282,9.2256,0.2809,9.9923,P001_Barbell_Bench_Press_Uncontrolled_Movement_1_01.csv
1,8,1,2,1,35.269,35269,-3.12,9.28,-0.21,9.7927,-0.0774,-0.0196,0.1985,23.13,88.88,1.19,-3.7349,9.2328,0.2162,9.962,P001_Barbell_Bench_Press_Uncontrolled_Movement_1_01.csv
1,8,1,2,1,35.442,35442,-2.85,8.74,0.0,9.1929,-0.0425,-0.0153,-0.6065,22.56,89.25,1.56,-3.6183,9.1679,0.1877,9.8578,P001_Barbell_Bench_Press_Uncontrolled_Movement_1_01.csv
1,8,1,2,1,35.575,35575,-5.68,7.68,-0.08,9.5525,0.0011,-0.0142,-0.2967,25.13,89.31,358.94,-3.89,8.9718,0.1524,9.78,P001_Barbell_Bench_Press_Uncontrolled_Movement_1_01.csv
1,8,1,2,1,35.706,35706,-3.5,8.27,0.65,9.0036,0.0796,0.0164,-0.2934,21.56,88.88,2.38,-3.8386,8.8793,0.218,9.676,P001_Barbell_Bench_Press_Uncontrolled_Movement_1_01.csv
1,8,1,2,1,35.84,35840,-1.94,8.51,-0.59,8.7482,0.0567,0.0273,-0.2051,23.31,88.25,0.5,-3.5884,8.8307,0.1115,9.5326,P001_Barbell_Bench_Press_Uncontrolled_Movement_1_01.csv
1,8,1,2,1,35.97,35970,-2.58,8.32,0.59,8.7308,0.0491,0.0153,0.3436,23.75,87.81,0.13,-3.4555,8.7634,0.1746,9.4217,P001_Barbell_Bench_Press_Uncontrolled_Movement_1_01.csv
1,8,1,2,1,36.101,36101,-5.45,8.9,0.46,10.4462,0.0731,0.0131,0.2269,25.5,87.44,358.56,-3.7183,8.7814,0.2122,9.5385,P001_Barbell_Bench_Press_Uncontrolled_Movement_1_01.csv
1,8,1,2,1,36.231,36231,-2.78,8.68,0.3,9.1193,0.0349,-0.0218,-0.1756,24.0,87.19,0.31,-3.5947,8.768,0.2238,9.4789,P001_Barbell_Bench_Press_Uncontrolled_Movement_1_01.csv
1,8,1,2,1,36.362,36362,-4.62,9.37,0.69,10.4698,-0.0251,-0.0164,-0.0774,25.63,87.31,358.75,-3.7298,8.8473,0.2852,9.6056,P001_Barbell_Bench_Press_Uncontrolled_Movement_1_01.csv
1,8,1,2,1,36.535,36535,-3.22,8.23,0.39,8.8461,-0.0076,-0.0284,-0.0065,24.44,87.25,0.13,-3.6626,8.766,0.299,9.5051,P001_Barbell_Bench_Press_Uncontrolled_Movement_1_01.csv
1,8,1,2,1,36.666,36666,-4.81,8.97,0.46,10.1887,0.0055,-0.0262,0.1636,26.06,87.63,358.69,-3.8138,8.7929,0.3202,9.5897,P001_Barbell_Bench_Press_Uncontrolled_Movement_1_01.csv
1,8,1,2,1,36.798,36798,-3.87,8.67,0.0,9.4945,-0.0262,-0.0218,-0.0087,25.0,87.75,359.94,-3.8212,8.7767,0.278,9.5765,P001_Barbell_Bench_Press_Uncontrolled_Movement_1_01.csv
1,8,1,2,1,36.933,36933,-5.11,9.07,0.12,10.4111,-0.0131,-0.0218,-0.1025,26.19,88.0,358.88,-3.9911,8.8153,0.2572,9.6801,P001_Barbell_Bench_Press_Uncontrolled_Movement_1_01.csv
1,8,1,2,1,37.063,37063,-3.74,8.6,0.16,9.3794,0.0109,0.0065,0.1058,25.13,88.0,359.94,-3.958,8.787,0.2444,9.6403,P001_Barbell_Bench_Press_Uncontrolled_Movement_1_01.csv
1,8,1,2,1,37.194,37194,-4.38,8.7,0.05,9.7405,-0.0098,0.0185,0.0905,25.88,88.0,359.56,-4.0136,8.7755,0.2188,9.6523,P001_Barbell_Bench_Press_Uncontrolled_Movement_1_01.csv
1,8,1,2,1,37.324,37324,-4.16,8.35,0.3,9.3337,0.0011,0.0284,0.0044,25.88,88.0,359.31,-4.0329,8.7194,0.2295,9.6096,P001_Barbell_Bench_Press_Uncontrolled_Movement_1_01.csv
1,8,1,2,1,37.455,37455,-4.75,9.06,0.25,10.2327,-0.0229,0.0185,-0.2094,26.5,88.0,358.56,-4.1274,8.7643,0.2322,9.6903,P001_Barbell_Bench_Press_Uncontrolled_Movement_1_01.csv
1,8,1,2,1,37.628,37628,-3.45,8.45,0.25,9.1306,-0.0327,0.0109,-0.2116,25.81,87.81,358.94,-4.0381,8.7229,0.2345,9.6151,P001_Barbell_Bench_Press_Uncontrolled_Movement_1_01.csv
1,8,1,2,1,37.758,37758,-4.69,8.98,0.17,10.1324,-0.0207,0.0109,0.2258,27.63,87.94,356.88,-4.124,8.7568,0.226,9.6819,P001_Barbell_Bench_Press_Uncontrolled_Movement_1_01.csv
1,8,1,2,1,37.888,37888,-4.64,7.61,0.6,8.9332,0.0305,0.0153,0.2236,26.56,87.94,357.81,-4.192,8.6057,0.2753,9.5763,P001_Barbell_Bench_Press_Uncontrolled_Movement_1_01.csv
1,8,1,2,1,38.018,38018,-3.86,9.15,0.19,9.9327,-0.0611,-0.0131,-0.3392,25.94,88.19,358.63,-4.1483,8.6774,0.2641,9.6216,P001_Barbell_Bench_Press_Uncontrolled_Movement_1_01.csv
1,8,1,2,1,38.148,38148,-3.22,8.39,0.0,8.9867,-0.0305,-0.0175,0.3338,23.44,88.44,1.19,-4.0259,8.6395,0.2293,9.5343,P001_Barbell_Bench_Press_Uncontrolled_Movement_1_01.csv
1,8,1,2,1,38.278,38278,-5.52,9.3,0.15,10.8159,-0.0185,0.0011,0.0633,26.44,89.19,358.06,-4.2228,8.7266,0.2188,9.697,P001_Barbell_Bench_Press_Uncontrolled_Movement_1_01.csv
1,8,1,2,1,38.408,38408,-4.45,9.93,-0.3,10.8857,-0.084,-0.0076,-0.7374,27.5,89.63,356.81,-4.2528,8.8851,0.1505,9.8516,P001_Barbell_Bench_Press_Uncontrolled_Movement_1_01.csv
1,9,1,2,1,38.538,38538,-3.25,8.04,-0.4,8.6812,0.0175,0.0415,0.1549,26.75,89.5,357.5,-4.1206,8.7738,0.0779,9.6935,P001_Barbell_Bench_Press_Uncontrolled_Movement_1_01.csv
1,9,1,2,1,38.711,38711,-2.41,8.47,-0.05,8.8063,0.0535,0.0654,0.6687,24.63,89.25,359.38,-3.8952,8.7337,0.0611,9.5632,P001_Barbell_Bench_Press_Uncontrolled_Movement_1_01.csv
1,9,1,2,1,38.841,38841,-4.46,9.55,-0.23,10.5426,0.0327,0.0611,0.2378,25.5,88.88,358.06,-3.9696,8.8413,0.0227,9.6916,P001_Barbell_Bench_Press_Uncontrolled_Movement_1_01.csv
1,9,1,2,1,38.972,38972,-4.06,9.71,0.5,10.5365,0.1058,0.0829,-0.0371,23.88,87.94,359.56,-3.9815,8.9558,0.0856,9.8013,P001_Barbell_Bench_Press_Uncontrolled_Movement_1_01.csv
1,9,1,2,1,39.102,39102,-3.87,8.93,0.34,9.7384,0.1724,0.1069,0.5334,24.5,86.81,358.69,-3.9668,8.9524,0.1191,9.7926,P001_Barbell_Bench_Press_Uncontrolled_Movement_1_01.csv
1,9,1,2,1,39.233,39233,-3.84,8.81,-0.1,9.611,0.0273,0.0338,-0.1287,23.38,85.88,359.63,-3.9501,8.9336,0.0903,9.7684,P001_Barbell_Bench_Press_Uncontrolled_Movement_1_01.csv
1,9,1,2,1,39.364,39364,-4.11,9.34,0.84,10.2388,-0.0055,0.0033,0.3131,23.69,85.63,359.19,-3.9712,8.9872,0.189,9.8273,P001_Barbell_Bench_Press_Uncontrolled_Movement_1_01.csv
1,9,1,2,1,39.499,39499,-2.19,8.9,1.46,9.281,0.0185,-0.0185,0.264,20.63,85.75,2.31,-3.7365,8.9757,0.3565,9.7289,P001_Barbell_Bench_Press_Uncontrolled_Movement_1_01.csv
1,9,1,2,1,39.629,39629,-3.95,10.7,0.48,11.4159,-0.0502,-0.0513,-0.1898,22.81,86.13,0.38,-3.7646,9.2029,0.3728,9.9501,P001_Barbell_Bench_Press_Uncontrolled_Movement_1_01.csv
1,9,1,2,1,39.802,39802,-1.56,9.03,0.03,9.1638,-0.0436,-0.0502,0.2803,23.56,86.81,0.06,-3.4741,9.1801,0.3276,9.821,P001_Barbell_Bench_Press_Uncontrolled_Movement_1_01.csv
1,9,1,2,1,39.932,39932,-3.63,8.41,0.35,9.1667,-0.0196,-0.0807,-0.5138,24.44,87.25,359.75,-3.4946,9.0786,0.3306,9.7336,P001_Barbell_Bench_Press_Uncontrolled_Movement_1_01.csv
1,9,1,2,1,40.062,40062,-2.71,8.33,0.31,8.7652,-0.0709,-0.0567,-0.3818,23.38,87.69,0.94,-3.3912,8.98,0.3279,9.6046,P001_Barbell_Bench_Press_Uncontrolled_Movement_1_01.csv
1,9,1,2,1,40.192,40192,-4.78,9.42,-0.03,10.5634,-0.0796,0.0055,0.4756,25.38,88.25,359.13,-3.5743,9.038,0.2807,9.7231,P001_Barbell_Bench_Press_Uncontrolled_Movement_1_01.csv
1,9,1,2,1,40.323,40323,-3.28,8.72,0.72,9.3443,0.0218,-0.0164,-0.7156,22.5,88.38,1.69,-3.5355,8.9961,0.3386,9.6718,P001_Barbell_Bench_Press_Uncontrolled_Movement_1_01.csv
1,9,1,2,1,40.453,40453,-3.64,9.6,-0.13,10.2677,0.0011,0.0087,-0.0698,22.31,88.56,1.56,-3.5492,9.0757,0.2768,9.7489,P001_Barbell_Bench_Press_Uncontrolled_Movement_1_01.csv
1,9,1,2,1,40.583,40583,-0.67,6.51,0.32,6.5522,-0.0731,-0.0567,-0.8836,21.63,88.69,2.25,-3.1698,8.7376,0.2825,9.2991,P001_Barbell_Bench_Press_Uncontrolled_Movement_1_01.csv
1,9,1,2,1,40.714,40714,-6.78,9.36,-0.07,11.5578,-0.0262,-0.0687,-0.8476,25.63,89.13,358.13,-3.6456,8.8196,0.2361,9.5463,P001_Barbell_Bench_Press_Uncontrolled_Movement_1_01.csv
1,9,1,2,1,40.886,40886,1.23,7.47,0.39,7.5806,0.0218,-0.0164,0.3556,20.25,89.06,3.44,-3.0031,8.6417,0.2564,9.1523,P001_Barbell_Bench_Press_Uncontrolled_Movement_1_01.csv
1,9,1,2,1,41.016,41016,-6.97,9.64,-0.24,11.8982,0.0556,-0.0131,0.4134,27.88,89.44,355.75,-3.5258,8.7733,0.191,9.4572,P001_Barbell_Bench_Press_Uncontrolled_Movement_1_01.csv
1,9,1,2,1,41.146,41146,-2.57,7.96,-0.02,8.3646,0.0022,-0.0415,0.2531,23.06,89.06,1.06,-3.3999,8.6661,0.1632,9.3106,P001_Barbell_Bench_Press_Uncontrolled_Movement_1_01.csv
1,9,1,2,1,41.276,41276,-5.48,9.62,0.22,11.0735,0.0698,-0.0491,-0.1309,25.19,89.13,359.31,-3.674,8.7918,0.1706,9.5301,P001_Barbell_Bench_Press_Uncontrolled_Movement_1_01.csv
1,9,1,2,1,41.406,41406,-2.6,8.28,0.11,8.6793,0.0262,-0.0305,0.1473,22.88,88.88,1.94,-3.5325,8.7244,0.1627,9.4138,P001_Barbell_Bench_Press_Uncontrolled_Movement_1_01.csv
1,9,1,2,1,41.536,41536,-4.77,9.61,-0.18,10.7302,-0.0022,-0.0218,-0.0654,24.75,88.88,0.19,-3.6955,8.8411,0.1175,9.5831,P001_Barbell_Bench_Press_Uncontrolled_Movement_1_01.csv
1,9,1,2,1,41.666,41666,-3.3,8.26,0.35,8.9017,0.0698,0.0,0.0229,23.69,88.63,1.38,-3.6434,8.7645,0.1481,9.4928,P001_Barbell_Bench_Press_Uncontrolled_Movement_1_01.csv
1,9,1,2,1,41.796,41796,-4.31,9.27,-0.12,10.2237,-0.0251,0.0109,-0.0207,25.0,88.63,0.06,-3.7313,8.8311,0.1128,9.5877,P001_Barbell_Bench_Press_Uncontrolled_Movement_1_01.csv
1,9,1,2,1,41.969,41969,-3.63,8.62,0.15,9.3543,-0.0055,0.0207,-0.1549,24.0,88.38,0.94,-3.7179,8.8033,0.1177,9.5569,P001_Barbell_Bench_Press_Uncontrolled_Movement_1_01.csv
1,9,1,2,1,42.099,42099,-4.67,8.97,0.23,10.1155,0.0305,0.0349,0.228,25.25,88.31,359.63,-3.8434,8.8253,0.1325,9.6268,P001_Barbell_Bench_Press_Uncontrolled_Movement_1_01.csv
1,9,1,2,1,42.229,42229,-2.94,8.34,0.26,8.8469,0.0011,0.0349,0.3742,23.56,88.19,1.13,-3.7243,8.7613,0.1493,9.5212,P001_Barbell_Bench_Press_Uncontrolled_Movement_1_01.csv
1,9,1,2,1,42.359,42359,-4.71,9.08,0.23,10.2315,0.0109,0.0153,-0.0153,24.44,88.13,0.19,-3.8542,8.8033,0.1599,9.6114,P001_Barbell_Bench_Press_Uncontrolled_Movement_1_01.csv
1,9,1,2,1,42.489,42489,-3.2,8.23,0.27,8.8344,0.0131,0.0065,-0.0338,23.56,88.06,0.94,-3.768,8.7278,0.1744,9.508,P001_Barbell_Bench_Press_Uncontrolled_Movement_1_01.csv
1,9,1,2,1,42.619,42619,-4.03,9.3,0.01,10.1356,-0.0807,-0.0262,-0.456,26.06,88.25,358.44,-3.8025,8.8032,0.1528,9.5905,P001_Barbell_Bench_Press_Uncontrolled_Movement_1_01.csv
1,9,1,2,1,42.749,42749,-2.98,8.32,0.32,8.8434,0.0055,0.0022,0.5378,25.06,88.31,359.69,-3.6941,8.7395,0.1748,9.4898,P001_Barbell_Bench_Press_Uncontrolled_Movement_1_01.csv
1,9,1,2,1,42.879,42879,-2.84,8.15,0.17,8.6323,-0.0109,-0.0207,-0.408,24.44,88.44,0.38,-3.5816,8.6618,0.1742,9.3747,P001_Barbell_Bench_Press_Uncontrolled_Movement_1_01.csv
1,9,1,2,1,43.052,43052,-6.64,9.73,-0.44,11.788,0.0578,-0.0087,-0.0251,27.88,88.5,356.75,-3.9846,8.8026,0.0932,9.6629,P001_Barbell_Bench_Press_Uncontrolled_Movement_1_01.csv
1,9,1,2,1,43.183,43183,-3.75,7.6,0.17,8.4765,0.0316,-0.0229,-0.072,24.63,88.13,0.19,-3.9537,8.6441,0.1034,9.5059,P001_Barbell_Bench_Press_Uncontrolled_Movement_1_01.csv
1,9,1,2,1,43.313,43313,-4.14,8.44,-0.41,9.4096,-0.0022,-0.0349,0.0,24.88,88.19,0.19,-3.9782,8.6172,0.0357,9.4913,P001_Barbell_Bench_Press_Uncontrolled_Movement_1_01.csv
1,9,1,2,1,43.444,43444,-5.67,10.21,-0.26,11.6816,-0.0578,-0.0709,-1.0723,27.31,88.31,358.0,-4.2012,8.8271,-0.0033,9.7759,P001_Barbell_Bench_Press_Uncontrolled_Movement_1_01.csv
1,10,1,2,1,43.575,43575,-2.22,7.78,0.62,8.1143,0.0589,0.0644,0.8138,24.56,88.06,0.75,-3.9401,8.6891,0.0789,9.541,P001_Barbell_Bench_Press_Uncontrolled_Movement_1_01.csv
1,10,1,2,1,43.71,43710,-4.66,8.57,0.26,9.7585,0.0644,0.0829,0.252,24.75,87.69,0.25,-4.035,8.6734,0.1027,9.5666,P001_Barbell_Bench_Press_Uncontrolled_Movement_1_01.csv
1,10,1,2,1,43.84,43840,-4.81,9.61,0.36,10.7526,-0.0022,0.0644,-0.2869,24.5,87.25,0.31,-4.1371,8.7968,0.1366,9.7221,P001_Barbell_Bench_Press_Uncontrolled_Movement_1_01.csv
1,10,1,2,1,43.972,43972,-4.31,8.63,0.77,9.6771,-0.0273,0.0545,0.2258,24.63,87.25,359.75,-4.1599,8.7749,0.2201,9.7135,P001_Barbell_Bench_Press_Uncontrolled_Movement_1_01.csv
1,10,1,2,1,44.144,44144,-4.55,8.76,0.53,9.8854,-0.0774,0.0589,0.1724,23.06,87.81,0.13,-4.2113,8.7729,0.2609,9.7348,P001_Barbell_Bench_Press_Uncontrolled_Movement_1_01.csv
1,10,1,2,1,44.274,44274,-2.36,9.16,-0.07,9.4594,-0.1287,0.0545,0.2073,21.31,88.38,1.13,-3.9673,8.8239,0.2173,9.6772,P001_Barbell_Bench_Press_Uncontrolled_Movement_1_01.csv
1,10,1,2,1,44.404,44404,-4.52,9.89,-0.48,10.8845,-0.0916,0.0098,0.096,22.88,89.19,359.13,-4.0402,8.9644,0.1254,9.8336,P001_Barbell_Bench_Press_Uncontrolled_Movement_1_01.csv
1,10,1,2,1,44.534,44534,-4.8,10.69,-0.6,11.7335,-0.06,-0.036,-0.2847,22.25,89.88,359.69,-4.1403,9.1918,0.0298,10.0813,P001_Barbell_Bench_Press_Uncontrolled_Movement_1_01.csv
1,10,1,2,1,44.664,44664,-3.4,9.71,-0.16,10.2893,-0.036,-0.0393,0.0829,21.19,90.13,0.94,-4.0427,9.2601,0.0048,10.1041,P001_Barbell_Bench_Press_Uncontrolled_Movement_1_01.csv
1,10,1,2,1,44.794,44794,-5.09,10.0,0.06,11.221,0.0982,-0.0305,0.4821,23.31,90.13,359.19,-4.1807,9.3576,0.0121,10.249,P001_Barbell_Bench_Press_Uncontrolled_Movement_1_01.csv
1,10,1,2,1,44.925,44925,-3.48,10.19,-0.32,10.7726,0.1462,-0.0524,-0.1222,22.25,89.44,0.94,-4.0884,9.4673,-0.0317,10.3124,P001_Barbell_Bench_Press_Uncontrolled_Movement_1_01.csv
1,10,1,2,1,45.055,45055,-4.96,9.24,-0.34,10.4926,0.1254,-0.0349,0.0905,24.94,88.75,359.0,-4.2033,9.4373,-0.0723,10.3313,P001_Barbell_Bench_Press_Uncontrolled_Movement_1_01.csv
1,10,1,2,1,45.228,45228,-3.46,8.46,0.23,9.1431,0.0262,-0.0415,-0.0109,24.0,88.06,0.31,-4.1053,9.3085,-0.0325,10.1737,P001_Barbell_Bench_Press_Uncontrolled_Movement_1_01.csv
1,10,1,2,1,45.358,45358,-2.94,8.8,0.65,9.3009,0.048,-0.0142,0.4309,23.63,88.06,0.88,-3.9518,9.2415,0.0575,10.0511,P001_Barbell_Bench_Press_Uncontrolled_Movement_1_01.csv
1,10,1,2,1,45.489,45489,-4.21,9.48,0.43,10.3817,-0.0273,-0.0164,-0.2749,24.69,88.13,359.94,-3.9858,9.2729,0.1066,10.0938,P001_Barbell_Bench_Press_Uncontrolled_Movement_1_01.csv
1,10,1,2,1,45.619,45619,-3.8,9.27,0.04,10.0187,0.0284,0.0229,0.4025,26.81,87.94,357.75,-3.9613,9.2726,0.0978,10.0837,P001_Barbell_Bench_Press_Uncontrolled_Movement_1_01.csv
1,10,1,2,1,45.75,45750,-1.87,6.58,0.24,6.8448,0.072,0.0295,0.4549,25.13,87.38,359.88,-3.6857,8.9177,0.1165,9.6501,P001_Barbell_Bench_Press_Uncontrolled_Movement_1_01.csv
1,10,1,2,1,45.881,45881,-3.93,8.5,-0.11,9.3652,0.0098,-0.0065,-0.6021,25.94,86.81,359.13,-3.7179,8.8627,0.0867,9.6113,P001_Barbell_Bench_Press_Uncontrolled_Movement_1_01.csv
1,10,1,2,1,46.016,46016,-4.42,7.65,0.47,8.8476,0.0927,0.0055,0.4222,27.06,86.44,358.0,-3.8104,8.7029,0.1372,9.5015,P001_Barbell_Bench_Press_Uncontrolled_Movement_1_01.csv
1,10,1,2,1,46.146,46146,-3.99,8.93,0.66,9.8031,-0.0698,-0.036,-0.3796,25.69,86.56,359.5,-3.8341,8.7328,0.2061,9.5397,P001_Barbell_Bench_Press_Uncontrolled_Movement_1_01.csv
1,10,1,2,1,46.319,46319,-2.66,8.11,0.43,8.5459,0.0109,0.0076,0.4145,24.13,86.38,1.13,-3.6794,8.6508,0.2356,9.4037,P001_Barbell_Bench_Press_Uncontrolled_Movement_1_01.csv
1,10,1,2,1,46.449,46449,-4.53,9.48,0.18,10.5083,-0.0404,-0.0316,-0.2236,25.25,86.5,0.19,-3.7915,8.76,0.2283,9.5481,P001_Barbell_Bench_Press_Uncontrolled_Movement_1_01.csv
1,10,1,2,1,46.579,46579,-3.13,8.85,0.82,9.4229,0.0229,0.0044,0.2629,24.31,86.75,1.19,-3.7043,8.7719,0.3062,9.5269,P001_Barbell_Bench_Press_Uncontrolled_Movement_1_01.csv
1,10,1,2,1,46.709,46709,-3.56,9.11,0.08,9.7812,0.0,0.0044,0.0894,24.94,86.75,0.38,-3.6853,8.8164,0.2764,9.5597,P001_Barbell_Bench_Press_Uncontrolled_Movement_1_01.csv
1,10,1,2,1,46.839,46839,-3.51,8.55,0.46,9.2539,-0.0425,0.0,0.2203,24.38,86.81,1.13,-3.6622,8.7813,0.3006,9.5191,P001_Barbell_Bench_Press_Uncontrolled_Movement_1_01.csv
1,10,1,2,1,46.969,46969,-3.06,8.81,0.33,9.3321,-0.0207,-0.0098,-0.1614,23.19,87.0,2.25,-3.5828,8.7851,0.3045,9.4925,P001_Barbell_Bench_Press_Uncontrolled_Movement_1_01.csv
1,10,1,2,1,47.1,47100,-5.35,9.24,0.21,10.6791,-0.0338,-0.0033,-0.0905,25.88,87.31,359.44,-3.8157,8.845,0.292,9.6374,P001_Barbell_Bench_Press_Uncontrolled_Movement_1_01.csv
1,10,1,2,1,47.23,47230,-3.42,8.32,0.33,9.0015,-0.0065,-0.0033,0.1156,24.81,87.38,0.81,-3.7636,8.7759,0.297,9.5534,P001_Barbell_Bench_Press_Uncontrolled_Movement_1_01.csv
1,10,1,2,1,47.403,47403,-4.38,8.54,0.04,9.5978,-0.0425,-0.0142,0.0796,26.81,87.88,358.81,-3.8448,8.7448,0.2632,9.5563,P001_Barbell_Bench_Press_Uncontrolled_Movement_1_01.csv
1,10,1,2,1,47.534,47534,-1.5,7.37,1.18,7.6131,0.0305,-0.2149,-0.2203,25.19,88.38,1.5,-3.5358,8.5636,0.384,9.2728,P001_Barbell_Bench_Press_Uncontrolled_Movement_1_01.csv
1,10,1,2,1,47.664,47664,-2.84,11.18,-0.98,11.5766,-0.1407,-0.0676,-0.4963,26.69,88.56,1.63,-3.4441,8.9084,0.2042,9.5532,P001_Barbell_Bench_Press_Uncontrolled_Movement_1_01.csv
1,10,1,2,1,47.795,47795,-6.13,7.69,0.15,9.8354,-0.0033,-0.0415,-1.1356,29.81,88.31,358.75,-3.798,8.7478,0.1971,9.5388,P001_Barbell_Bench_Press_Uncontrolled_Movement_1_01.csv
1,10,1,2,1,47.925,47925,-0.05,10.37,-0.08,10.3704,-0.3098,0.1494,0.024,30.13,88.5,358.19,-3.3042,8.9616,0.1606,9.5527,P001_Barbell_Bench_Press_Uncontrolled_Movement_1_01.csv
1,10,1,2,1,48.056,48056,-1.71,6.4,1.59,6.8127,0.2389,-0.0284,-0.7679,30.69,88.44,357.94,-3.0941,8.624,0.3489,9.1689,P001_Barbell_Bench_Press_Uncontrolled_Movement_1_01.csv
1,10,1,2,1,48.187,48187,-2.46,10.44,-1.33,10.8081,-0.1756,-0.0513,0.7003,31.31,89.0,357.69,-3.0105,8.8633,0.1277,9.3615,P001_Barbell_Bench_Press_Uncontrolled_Movement_1_01.csv
1,10,1,2,1,48.322,48322,-5.79,5.92,1.11,8.3548,0.1724,0.024,-0.6207,33.13,88.94,356.81,-3.3768,8.4755,0.2571,9.127,P001_Barbell_Bench_Press_Uncontrolled_Movement_1_01.csv
1,10,1,2,1,48.495,48495,-5.03,7.46,1.02,9.055,0.144,-0.0633,-0.2956,35.56,89.25,354.88,-3.5946,8.3417,0.3577,9.0903,P001_Barbell_Bench_Press_Uncontrolled_Movement_1_01.csv
1,10,1,2,1,48.625,48625,-3.91,7.35,-0.49,8.3397,-0.0491,0.0545,-0.1331,35.75,89.25,355.25,-3.6362,8.211,0.246,8.9835,P001_Barbell_Bench_Press_Uncontrolled_Movement_1_01.csv
1,10,1,2,1,48.755,48755,-5.61,8.18,-0.95,9.9643,-0.0153,0.0665,0.0196,37.88,89.31,353.25,-3.8963,8.2069,0.0884,9.0853,P001_Barbell_Bench_Press_Uncontrolled_Movement_1_01.csv
1,10,1,2,1,48.885,48885,-3.01,7.75,-0.52,8.3302,-0.06,0.0305,-0.1025,37.56,89.13,353.88,-3.7795,8.1467,0.0082,8.9807,P001_Barbell_Bench_Press_Uncontrolled_Movement_1_01.csv
1,10,1,2,1,49.015,49015,-12.74,11.22,1.24,17.0216,0.0305,0.0567,-0.3054,38.5,88.75,353.19,-4.9603,8.5517,0.1705,9.8876,P001_Barbell_Bench_Press_Uncontrolled_Movement_1_01.csv
1,10,1,2,1,49.145,49145,-2.1,9.93,-4.39,11.0583,-0.6294,0.012,-0.5912,39.25,88.13,352.63,-4.5834,8.7333,-0.4304,9.8723,P001_Barbell_Bench_Press_Uncontrolled_Movement_1_01.csv
1,10,1,2,1,49.276,49276,-5.48,0.71,4.79,7.3129,-0.3643,-0.0654,0.0785,39.63,88.0,352.69,-4.7015,7.676,0.2575,9.0051,P001_Barbell_Bench_Press_Uncontrolled_Movement_1_01.csv
1,10,1,2,1,49.406,49406,-7.04,9.63,-0.45,11.9374,0.1233,-0.0044,0.4178,35.94,88.19,356.5,-5.0097,7.9335,0.1643,9.3843,P001_Barbell_Bench_Press_Uncontrolled_Movement_1_01.csv
1,10,1,2,1,49.579,49579,-5.52,10.57,-1.98,12.0878,-0.2738,-0.0022,-0.1614,34.56,88.06,357.88,-5.0769,8.2809,-0.1183,9.7141,P001_Barbell_Bench_Press_Uncontrolled_Movement_1_01.csv
1,10,1,2,1,49.712,49712,-4.98,6.2,1.22,8.0454,0.2422,0.0087,-0.2313,36.56,87.81,356.19,-5.0641,8.0067,0.0581,9.474,P001_Barbell_Bench_Press_Uncontrolled_Movement_1_01.csv
1,10,1,2,1,49.842,49842,-6.6,7.54,0.42,10.0294,-0.084,-0.0262,-0.2094,39.31,88.13,353.38,-5.2665,7.9452,0.1057,9.5328,P001_Barbell_Bench_Press_Uncontrolled_Movement_1_01.csv
1,1,1,2,1,0.0,0,-0.05,9.55,0.79,9.5828,0.0098,-0.0327,-0.0349,0.0,84.69,290.56,0.0705,9.7594,0.8664,9.798,P001_Barbell_Bench_Press_Uncontrolled_Movement_1_02.csv
1,1,1,2,1,0.121,121,-0.22,9.84,0.81,9.8757,-0.0207,-0.0251,-0.0524,0.44,84.75,290.38,0.0322,9.77,0.8589,9.8078,P001_Barbell_Bench_Press_Uncontrolled_Movement_1_02.csv
1,1,1,2,1,0.243,243,-0.11,9.94,0.85,9.9769,-0.0153,-0.0087,-0.0044,0.56,84.88,290.31,0.0134,9.7924,0.8578,9.8299,P001_Barbell_Bench_Press_Uncontrolled_Movement_1_02.csv
1,1,1,2,1,0.363,363,-0.33,9.79,0.93,9.8396,0.0196,0.0044,-0.0273,0.94,84.81,290.0,-0.0318,9.7921,0.8673,9.8305,P001_Barbell_Bench_Press_Uncontrolled_Movement_1_02.csv
1,1,1,2,1,0.484,484,-0.16,9.87,0.92,9.9141,0.0327,0.0153,0.0295,0.81,84.56,290.06,-0.0487,9.8024,0.8742,9.8414,P001_Barbell_Bench_Press_Uncontrolled_Movement_1_02.csv
1,1,1,2,1,0.651,651,-0.09,9.36,0.91,9.4046,0.0131,0.0316,0.0,0.75,84.38,289.88,-0.0541,9.7441,0.8789,9.7838,P001_Barbell_Bench_Press_Uncontrolled_Movement_1_02.csv
1,1,1,2,1,0.772,772,-0.11,9.56,0.93,9.6058,-0.0087,0.0327,0.0349,0.81,84.38,289.63,-0.0615,9.7198,0.8857,9.7603,P001_Barbell_Bench_Press_Uncontrolled_Movement_1_02.csv
1,1,1,2,1,0.893,893,0.26,9.88,1.01,9.9349,-0.0131,0.0164,0.0796,0.13,84.44,290.13,-0.0191,9.7409,0.9021,9.7826,P001_Barbell_Bench_Press_Uncontrolled_Movement_1_02.csv
1,1,1,2,1,1.014,1014,0.23,10.49,0.83,10.5253,-0.0218,-0.0273,-0.1571,0.31,84.56,290.0,0.0137,9.8396,0.8926,9.88,P001_Barbell_Bench_Press_Uncontrolled_Movement_1_02.csv
1,1,1,2,1,1.136,1136,-0.75,11.28,0.83,11.3353,-0.0033,-0.0654,-0.1691,1.56,84.63,289.06,-0.0869,10.0294,0.8843,10.0687,P001_Barbell_Bench_Press_Uncontrolled_Movement_1_02.csv
1,1,1,2,1,1.262,1262,1.31,9.45,0.7,9.566,0.1004,-0.0207,0.4996,-0.06,84.19,291.0,0.0971,9.9531,0.86,9.9906,P001_Barbell_Bench_Press_Uncontrolled_Movement_1_02.csv
1,1,1,2,1,1.384,1384,-0.46,7.88,1.63,8.06,0.0884,-0.0785,-0.7832,5.31,83.5,286.06,0.0237,9.6799,0.9615,9.7276,P001_Barbell_Bench_Press_Uncontrolled_Movement_1_02.csv
1,1,1,2,1,1.504,1504,-1.55,9.26,1.77,9.5542,-0.0829,-0.0404,-0.2563,9.38,83.88,282.38,-0.1837,9.6246,1.068,9.6854,P001_Barbell_Bench_Press_Uncontrolled_Movement_1_02.csv
1,1,1,2,1,1.666,1666,-1.97,8.57,0.87,8.8364,-0.1287,-0.0109,-0.372,10.13,85.06,281.56,-0.419,9.4856,1.0419,9.5519,P001_Barbell_Bench_Press_Uncontrolled_Movement_1_02.csv
1,1,1,2,1,1.787,1787,-3.21,10.91,-0.01,11.3724,-0.1396,0.0229,-0.0818,12.25,85.5,279.25,-0.7868,9.6733,0.9033,9.7472,P001_Barbell_Bench_Press_Uncontrolled_Movement_1_02.csv
1,1,1,2,1,1.91,1910,-1.62,11.12,-0.03,11.2374,-0.0044,-0.0044,0.4974,9.0,85.5,282.38,-0.8966,9.8639,0.7803,9.9353,P001_Barbell_Bench_Press_Uncontrolled_Movement_1_02.csv
1,1,1,2,1,2.031,2031,-1.79,12.21,1.55,12.4375,0.0654,-0.0993,-0.3676,8.94,85.5,282.94,-1.0143,10.1731,0.8818,10.2615,P001_Barbell_Bench_Press_Uncontrolled_Movement_1_02.csv
1,1,1,2,1,2.155,2155,-0.74,11.48,2.01,11.6781,0.0371,-0.1407,0.4211,6.19,85.63,286.56,-0.9782,10.3453,1.0304,10.4424,P001_Barbell_Bench_Press_Uncontrolled_Movement_1_02.csv
1,1,1,2,1,2.277,2277,-2.95,9.06,1.7,9.6786,0.1538,-0.1025,0.2694,6.0,85.13,287.69,-1.238,10.1759,1.1187,10.3118,P001_Barbell_Bench_Press_Uncontrolled_Movement_1_02.csv
1,1,1,2,1,2.397,2397,-0.05,10.1,0.54,10.1145,0.0513,0.0044,0.2116,2.75,84.44,291.19,-1.0815,10.1659,1.0424,10.2763,P001_Barbell_Bench_Press_Uncontrolled_Movement_1_02.csv
1,1,1,2,1,2.518,2518,-0.73,10.64,0.5,10.6767,-0.12,0.0175,-0.0175,3.31,84.25,290.63,-1.0352,10.2284,0.9709,10.3264,P001_Barbell_Bench_Press_Uncontrolled_Movement_1_02.csv
1,1,1,2,1,2.681,2681,1.59,9.61,1.25,9.8205,-0.0382,0.0371,0.3938,-1.25,84.69,294.81,-0.6892,10.1469,1.0077,10.2201,P001_Barbell_Bench_Press_Uncontrolled_Movement_1_02.csv
1,1,1,2,1,2.807,2807,-0.71,10.39,2.22,10.6482,0.084,-0.0055,0.2203,-1.44,84.94,295.06,-0.692,10.1789,1.1675,10.269,P001_Barbell_Bench_Press_Uncontrolled_Movement_1_02.csv
1,1,1,2,1,2.928,2928,0.8,9.44,-0.92,9.5184,0.1287,-0.0404,0.3,-4.69,83.88,298.38,-0.4954,10.0816,0.8924,10.1331,P001_Barbell_Bench_Press_Uncontrolled_Movement_1_02.csv
1,1,1,2,1,3.048,3048,-1.87,12.38,1.44,12.603,-0.0687,-0.0971,-0.4352,-2.69,83.63,296.94,-0.6765,10.3844,0.9645,10.4511,P001_Barbell_Bench_Press_Uncontrolled_Movement_1_02.csv
1,2,1,2,1,3.169,3169,1.99,6.88,1.24,7.2686,-0.1494,-0.0305,0.3,-1.63,83.38,296.38,-0.3251,9.9226,1.0008,9.9783,P001_Barbell_Bench_Press_Uncontrolled_Movement_1_02.csv
1,2,1,2,1,3.29,3290,-7.08,10.09,-0.19,12.3276,-0.1462,-0.0349,-1.0581,0.44,83.94,294.44,-1.2152,9.9447,0.8439,10.0542,P001_Barbell_Bench_Press_Uncontrolled_Movement_1_02.csv
1,2,1,2,1,3.411,3411,-0.23,8.78,1.52,8.9136,0.0578,0.024,-0.6261,2.94,84.19,291.94,-1.0854,9.7912,0.933,9.8953,P001_Barbell_Bench_Press_Uncontrolled_Movement_1_02.csv
1,2,1,2,1,3.533,3533,3.59,11.79,-1.94,12.4762,0.0207,0.1047,0.2171,2.94,84.13,291.44,-0.4693,10.0546,0.5544,10.0808,P001_Barbell_Bench_Press_Uncontrolled_Movement_1_02.csv
1,2,1,2,1,3.695,3695,-0.07,10.21,-0.1,10.2107,-0.1342,0.0295,-0.2913,5.0,84.5,288.81,-0.4167,10.0751,0.4682,10.0946,P001_Barbell_Bench_Press_Uncontrolled_Movement_1_02.csv
1,2,1,2,1,3.82,3820,0.31,9.69,-1.13,9.7606,-0.1942,-0.0153,0.3054,4.94,84.63,288.69,-0.3209,10.0243,0.2576,10.0328,P001_Barbell_Bench_Press_Uncontrolled_Movement_1_02.csv
1,2,1,2,1,3.941,3941,-1.13,9.31,0.06,9.3785,0.024,-0.0469,-0.2476,6.0,85.06,287.94,-0.4276,9.9302,0.2315,9.9421,P001_Barbell_Bench_Press_Uncontrolled_Movement_1_02.csv
1,2,1,2,1,4.061,4061,2.48,9.77,0.33,10.0852,-0.012,-0.1167,-1.0188,8.5,85.06,285.88,-0.0444,9.9091,0.2445,9.9122,P001_Barbell_Bench_Press_Uncontrolled_Movement_1_02.csv
1,2,1,2,1,4.182,4182,-3.78,9.36,0.41,10.1028,-0.0927,-0.0502,-0.1887,12.5,85.19,282.38,-0.5367,9.8367,0.2663,9.855,P001_Barbell_Bench_Press_Uncontrolled_Movement_1_02.csv
1,2,1,2,1,4.304,4304,-3.22,10.16,0.95,10.7003,-0.0818,-0.0109,0.2051,11.19,85.81,283.69,-0.8903,9.8793,0.3564,9.9258,P001_Barbell_Bench_Press_Uncontrolled_Movement_1_02.csv
1,2,1,2,1,4.424,4424,-0.48,9.71,1.2,9.7956,-0.0033,0.0742,0.6763,6.88,86.44,287.69,-0.8362,9.857,0.4676,9.9035,P001_Barbell_Bench_Press_Uncontrolled_Movement_1_02.csv
1,2,1,2,1,4.546,4546,-0.06,10.15,0.37,10.1569,0.1091,0.0556,-0.24,4.56,86.0,289.44,-0.7339,9.8956,0.4547,9.9332,P001_Barbell_Bench_Press_Uncontrolled_Movement_1_02.csv
1,2,1,2,1,4.712,4712,-1.44,8.64,0.16,8.7606,0.1189,0.1102,0.6894,4.0,84.63,289.38,-0.827,9.7302,0.4159,9.7741,P001_Barbell_Bench_Press_Uncontrolled_Movement_1_02.csv
1,2,1,2,1,4.833,4833,1.02,11.4,0.81,11.4742,0.0142,0.0884,0.4102,-0.88,84.06,293.63,-0.5836,9.9502,0.4678,9.9783,P001_Barbell_Bench_Press_Uncontrolled_Movement_1_02.csv
1,2,1,2,1,4.954,4954,0.2,9.42,0.97,9.4719,0.0098,0.0425,0.1233,-0.44,83.88,292.88,-0.4803,9.8803,0.534,9.9064,P001_Barbell_Bench_Press_Uncontrolled_Movement_1_02.csv
1,2,1,2,1,5.075,5075,1.17,11.29,1.55,11.4558,0.0044,-0.0229,-0.2203,-1.81,83.94,294.13,-0.2629,10.0661,0.6679,10.0917,P001_Barbell_Bench_Press_Uncontrolled_Movement_1_02.csv
1,2,1,2,1,5.196,5196,-0.39,9.94,0.95,9.9929,-0.0076,-0.0731,0.0633,-0.25,83.94,292.88,-0.2796,10.0495,0.7051,10.0781,P001_Barbell_Bench_Press_Uncontrolled_Movement_1_02.csv
1,2,1,2,1,5.317,5317,0.94,11.11,1.1,11.2038,-0.0371,-0.0982,-0.1047,-3.0,84.19,296.13,-0.1189,10.1892,0.7571,10.218,P001_Barbell_Bench_Press_Uncontrolled_Movement_1_02.csv
1,2,1,2,1,5.438,5438,-1.16,9.45,0.32,9.5263,-0.0524,-0.1014,-0.805,2.13,84.38,291.69,-0.2561,10.0918,0.6995,10.1193,P001_Barbell_Bench_Press_Uncontrolled_Movement_1_02.csv
1,2,1,2,1,5.564,5564,-1.18,9.73,0.94,9.8463,-0.0764,0.012,0.3,1.19,84.81,292.81,-0.3778,10.0441,0.7312,10.0778,P001_Barbell_Bench_Press_Uncontrolled_Movement_1_02.csv
1,2,1,2,1,5.726,5726,0.82,9.69,1.24,9.8034,-0.0687,0.048,-0.2356,0.63,85.31,293.0,-0.22,9.9975,0.7982,10.0317,P001_Barbell_Bench_Press_Uncontrolled_Movement_1_02.csv
1,2,1,2,1,5.847,5847,0.61,10.79,-0.91,10.8455,-0.0436,0.0305,-0.5923,0.75,85.19,292.5,-0.1106,10.1019,0.5731,10.1188,P001_Barbell_Bench_Press_Uncontrolled_Movement_1_02.csv
1,2,1,2,1,5.968,5968,-2.04,11.4,-0.13,11.5818,0.0665,0.0349,-0.4156,3.69,85.06,289.25,-0.3649,10.273,0.4805,10.2907,P001_Barbell_Bench_Press_Uncontrolled_Movement_1_02.csv
1,3,1,2,1,6.09,6090,0.0,8.47,1.5,8.6018,0.0698,0.0796,0.7178,2.69,84.94,289.88,-0.3168,10.0354,0.6148,10.0592,P001_Barbell_Bench_Press_Uncontrolled_Movement_1_02.csv
1,3,1,2,1,6.215,6215,0.91,8.89,0.91,8.9827,0.0873,0.0513,-0.0316,0.56,84.56,291.69,-0.1551,9.8844,0.6537,9.9073,P001_Barbell_Bench_Press_Uncontrolled_Movement_1_02.csv
1,3,1,2,1,6.338,6338,0.23,9.7,0.42,9.7118,-0.0295,-0.0033,-0.2182,1.44,84.56,290.63,-0.1044,9.8601,0.6229,9.8804,P001_Barbell_Bench_Press_Uncontrolled_Movement_1_02.csv
1,3,1,2,1,6.458,6458,-0.43,10.37,1.36,10.4676,0.0578,0.0,0.0589,1.88,84.81,290.19,-0.1473,9.9273,0.7201,9.9545,P001_Barbell_Bench_Press_Uncontrolled_Movement_1_02.csv
1,3,1,2,1,6.579,6579,0.01,8.16,1.0,8.2211,0.0175,0.0447,0.4985,0.44,84.81,291.63,-0.1266,9.6944,0.7569,9.7248,P001_Barbell_Bench_Press_Uncontrolled_Movement_1_02.csv
1,3,1,2,1,6.741,6741,-1.41,8.49,1.28,8.701,0.1004,0.0393,0.3458,1.13,83.94,290.69,-0.2957,9.5357,0.8259,9.576,P001_Barbell_Bench_Press_Uncontrolled_Movement_1_02.csv
1,3,1,2,1,6.865,6865,3.31,9.16,2.01,9.9449,-0.0971,-0.0556,0.1167,-2.63,83.63,294.38,0.1795,9.4862,0.9819,9.5386,P001_Barbell_Bench_Press_Uncontrolled_Movement_1_02.csv
1,3,1,2,1,6.989,6989,-0.72,12.03,1.82,12.1882,-0.1178,-0.0731,-0.5345,-0.38,84.0,292.63,0.0609,9.8214,1.0923,9.8822,P001_Barbell_Bench_Press_Uncontrolled_Movement_1_02.csv
1,3,1,2,1,7.11,7110,3.41,7.22,0.5,8.0004,0.0447,-0.0033,0.5825,-2.75,84.25,295.19,0.5023,9.4786,1.0143,9.546,P001_Barbell_Bench_Press_Uncontrolled_Movement_1_02.csv
1,3,1,2,1,7.231,7231,-1.45,11.02,-0.61,11.1317,0.0087,-0.0764,-0.3272,-0.81,84.25,293.69,0.245,9.6817,0.8002,9.7178,P001_Barbell_Bench_Press_Uncontrolled_Movement_1_02.csv
1,3,1,2,1,7.352,7352,-2.05,11.45,0.18,11.6335,0.1484,-0.0633,-0.4778,1.13,83.88,292.06,-0.0574,9.9147,0.7185,9.9409,P001_Barbell_Bench_Press_Uncontrolled_Movement_1_02.csv
1,3,1,2,1,7.473,7473,-0.85,6.63,0.78,6.7296,-0.0153,-0.0273,-0.4549,1.88,83.75,291.44,-0.1619,9.4819,0.7266,9.5111,P001_Barbell_Bench_Press_Uncontrolled_Movement_1_02.csv
1,3,1,2,1,7.595,7595,-0.08,7.33,1.73,7.5318,-0.0753,0.0545,0.1342,3.94,84.63,289.25,-0.1511,9.1983,0.8588,9.2396,P001_Barbell_Bench_Press_Uncontrolled_Movement_1_02.csv
1,3,1,2,1,7.757,7757,-0.42,9.58,-0.47,9.6007,-0.0382,-0.0425,-1.3221,6.63,85.56,286.38,-0.1865,9.2486,0.6837,9.2757,P001_Barbell_Bench_Press_Uncontrolled_Movement_1_02.csv
1,3,1,2,1,7.881,7881,-3.35,9.63,1.19,10.2653,0.0327,-0.0371,0.4309,9.13,86.31,284.31,-0.6034,9.2989,0.7504,9.3486,P001_Barbell_Bench_Press_Uncontrolled_Movement_1_02.csv
1,3,1,2,1,8.002,8002,0.96,10.73,1.04,10.8229,0.1036,-0.0295,0.589,4.81,85.88,288.81,-0.3974,9.4875,0.7886,9.5285,P001_Barbell_Bench_Press_Uncontrolled_Movement_1_02.csv
1,3,1,2,1,8.123,8123,-0.23,9.14,1.06,9.2041,0.2367,-0.0295,-0.2869,4.38,84.69,289.63,-0.3753,9.4417,0.8244,9.485,P001_Barbell_Bench_Press_Uncontrolled_Movement_1_02.csv
1,3,1,2,1,8.244,8244,-1.15,9.74,0.52,9.8214,-0.0436,-0.0458,-0.0993,4.38,84.06,289.81,-0.4774,9.481,0.7843,9.5253,P001_Barbell_Bench_Press_Uncontrolled_Movement_1_02.csv
1,3,1,2,1,8.366,8366,-0.93,10.31,0.77,10.3805,-0.1516,0.0807,0.7887,2.88,84.5,291.19,-0.537,9.5902,0.7824,9.6371,P001_Barbell_Bench_Press_Uncontrolled_Movement_1_02.csv
1,3,1,2,1,8.492,8492,1.49,9.83,0.33,9.9478,-0.1265,0.0349,-0.144,0.0,85.31,293.63,-0.2699,9.6218,0.7228,9.6527,P001_Barbell_Bench_Press_Uncontrolled_Movement_1_02.csv
1,3,1,2,1,8.614,8614,-1.22,11.55,0.81,11.6425,0.0273,-0.0164,-0.3894,4.44,85.81,289.13,-0.3951,9.8759,0.7343,9.9111,P001_Barbell_Bench_Press_Uncontrolled_Movement_1_02.csv
1,3,1,2,1,8.776,8776,0.13,10.04,0.91,10.082,0.1069,0.0829,0.5683,0.81,84.94,292.44,-0.3259,9.8975,0.7574,9.9318,P001_Barbell_Bench_Press_Uncontrolled_Movement_1_02.csv
1,3,1,2,1,8.897,8897,-1.07,10.34,1.14,10.4575,0.012,0.0742,-0.288,1.75,84.44,291.0,-0.424,9.9558,0.8078,9.9976,P001_Barbell_Bench_Press_Uncontrolled_Movement_1_02.csv
1,3,1,2,1,9.018,9018,0.11,8.98,0.57,8.9987,-0.0578,0.0731,0.3752,0.19,84.75,292.0,-0.3536,9.8272,0.7765,9.8642,P001_Barbell_Bench_Press_Uncontrolled_Movement_1_02.csv
1,3,1,2,1,9.145,9145,1.31,11.95,0.99,12.0623,-0.0535,0.0033,-0.0218,-1.56,85.19,293.5,-0.1344,10.107,0.8046,10.1398,P001_Barbell_Bench_Press_Uncontrolled_Movement_1_02.csv
1,3,1,2,1,9.266,9266,-0.22,10.31,0.8,10.3433,0.0098,-0.0284,-0.0196,0.13,85.31,291.94,-0.1457,10.1337,0.804,10.1666,P001_Barbell_Bench_Press_Uncontrolled_Movement_1_02.csv
1,3,1,2,1,9.386,9386,-0.07,10.13,0.83,10.1642,0.1102,-0.0436,-0.5083,1.31,84.75,291.0,-0.1357,10.1332,0.8074,10.1663,P001_Barbell_Bench_Press_Uncontrolled_Movement_1_02.csv
1,3,1,2,1,9.507,9507,-0.39,10.62,-0.16,10.6284,0.0142,-0.0065,-0.0087,2.13,84.13,290.38,-0.1692,10.1974,0.68,10.2214,P001_Barbell_Bench_Press_Uncontrolled_Movement_1_02.csv
1,4,1,2,1,9.628,9628,-0.45,9.11,0.08,9.1215,-0.0524,0.0295,-0.1364,1.75,83.75,290.69,-0.2062,10.0541,0.6009,10.0741,P001_Barbell_Bench_Press_Uncontrolled_Movement_1_02.csv
1,4,1,2,1,9.797,9797,-0.97,9.39,1.18,9.5134,-0.0098,0.1004,0.0262,1.63,83.88,290.06,-0.3069,9.9666,0.6772,9.9943,P001_Barbell_Bench_Press_Uncontrolled_Movement_1_02.csv
1,4,1,2,1,9.918,9918,0.74,10.53,0.61,10.5736,-0.0196,0.0185,-0.0109,1.56,84.31,289.75,-0.1689,10.0408,0.6684,10.0645,P001_Barbell_Bench_Press_Uncontrolled_Movement_1_02.csv
1,4,1,2,1,10.038,10038,0.69,9.52,1.28,9.6304,-0.0578,-0.0284,0.3982,0.75,84.56,290.63,-0.0557,9.9722,0.749,10.0004,P001_Barbell_Bench_Press_Uncontrolled_Movement_1_02.csv
1,4,1,2,1,10.159,10159,0.46,10.61,0.83,10.6524,0.1124,-0.0305,-0.1309,-1.44,84.5,293.0,0.0122,10.0562,0.7596,10.0849,P001_Barbell_Bench_Press_Uncontrolled_Movement_1_02.csv
1,4,1,2,1,10.28,10280,-0.82,11.67,2.34,11.9305,-0.1069,-0.0502,0.0175,-0.13,84.25,291.94,-0.0974,10.2689,0.9679,10.3149,P001_Barbell_Bench_Press_Uncontrolled_Movement_1_02.csv
1,4,1,2,1,10.403,10403,0.87,8.64,0.35,8.6907,0.0109,-0.0305,0.4483,-1.81,83.94,293.81,0.03,10.0542,0.8865,10.0933,P001_Barbell_Bench_Press_Uncontrolled_Movement_1_02.csv
1,4,1,2,1,10.525,10525,0.24,10.87,0.27,10.876,-0.0633,-0.0753,-0.0491,-3.0,84.0,295.44,0.0577,10.1617,0.8052,10.1938,P001_Barbell_Bench_Press_Uncontrolled_Movement_1_02.csv
1,4,1,2,1,10.65,10650,-1.25,9.83,1.71,10.0556,0.0753,0.0011,0.2563,-3.69,84.38,296.38,-0.1146,10.118,0.9245,10.1608,P001_Barbell_Bench_Press_Uncontrolled_Movement_1_02.csv
1,4,1,2,1,10.812,10812,-0.4,6.98,0.78,7.0348,-0.0044,0.0404,0.3262,-5.13,84.19,297.56,-0.1522,9.7045,0.9054,9.7478,P001_Barbell_Bench_Press_Uncontrolled_Movement_1_02.csv
1,4,1,2,1,10.933,10933,-0.92,12.31,0.45,12.3525,-0.0796,0.0044,-0.3436,-4.63,84.5,296.88,-0.2534,10.0479,0.8454,10.0865,P001_Barbell_Bench_Press_Uncontrolled_Movement_1_02.csv
1,4,1,2,1,11.055,11055,1.16,10.65,0.48,10.7237,-0.0022,0.0076,0.1364,-5.56,84.44,297.69,-0.0671,10.1272,0.7973,10.1588,P001_Barbell_Bench_Press_Uncontrolled_Movement_1_02.csv
1,4,1,2,1,11.18,11180,5.22,7.45,1.1,9.163,-0.1178,0.0273,1.0287,-6.13,84.81,298.38,0.6296,9.7744,0.8371,9.8304,P001_Barbell_Bench_Press_Uncontrolled_Movement_1_02.csv
1,4,1,2,1,11.302,11302,4.53,8.65,1.75,9.92,-0.0393,-0.0796,-0.7069,-3.94,85.25,296.5,1.1435,9.6262,0.9574,9.7411,P001_Barbell_Bench_Press_Uncontrolled_Movement_1_02.csv
1,4,1,2,1,11.422,11422,-1.43,9.84,0.0,9.9434,-0.0055,-0.0807,-0.3611,2.13,85.06,291.0,0.8044,9.6544,0.8313,9.7235,P001_Barbell_Bench_Press_Uncontrolled_Movement_1_02.csv
1,4,1,2,1,11.543,11543,-0.91,8.99,0.63,9.0579,-0.0862,-0.0415,0.0382,1.88,85.31,291.69,0.5785,9.5669,0.8048,9.6181,P001_Barbell_Bench_Press_Uncontrolled_Movement_1_02.csv
1,4,1,2,1,11.664,11664,-1.33,10.7,0.1,10.7828,-0.1691,0.0698,-0.024,2.81,86.25,290.63,0.327,9.7162,0.7119,9.7477,P001_Barbell_Bench_Press_Uncontrolled_Movement_1_02.csv
1,4,1,2,1,11.826,11826,0.22,9.3,0.64,9.3246,-0.0065,0.1647,0.4265,0.44,87.13,291.75,0.3129,9.6613,0.7024,9.6919,P001_Barbell_Bench_Press_Uncontrolled_Movement_1_02.csv
1,4,1,2,1,11.953,11953,1.11,9.94,0.05,10.0019,0.0611,0.06,-0.2116,-0.75,86.94,292.25,0.4179,9.6981,0.6164,9.7266,P001_Barbell_Bench_Press_Uncontrolled_Movement_1_02.csv
1,4,1,2,1,12.074,12074,0.11,10.39,0.19,10.3923,0.0611,0.0262,0.2989,0.75,86.38,290.44,0.3774,9.7892,0.5602,9.8125,P001_Barbell_Bench_Press_Uncontrolled_Movement_1_02.csv
1,4,1,2,1,12.195,12195,1.29,10.33,0.38,10.4172,0.0774,-0.0393,-0.2345,-1.0,85.88,292.19,0.4976,9.8605,0.5365,9.8876,P001_Barbell_Bench_Press_Uncontrolled_Movement_1_02.csv
1,4,1,2,1,12.316,12316,-0.99,9.68,0.8,9.7633,0.0175,-0.0142,0.0654,1.25,85.5,290.19,0.3016,9.8367,0.5712,9.8579,P001_Barbell_Bench_Press_Uncontrolled_Movement_1_02.csv
1,4,1,2,1,12.439,12439,0.05,9.9,1.02,9.9525,0.0262,0.0011,0.0589,-1.13,85.44,292.56,0.2684,9.8451,0.6304,9.8689,P001_Barbell_Bench_Press_Uncontrolled_Movement_1_02.csv
1,4,1,2,1,12.56,12560,-0.43,9.44,1.13,9.5171,-0.0371,0.0349,-0.0295,-0.06,85.5,291.5,0.1764,9.7917,0.6962,9.818,P001_Barbell_Bench_Press_Uncontrolled_Movement_1_02.csv
1,4,1,2,1,12.685,12685,0.48,11.05,0.66,11.0801,-0.0742,0.0502,0.1811,-1.56,85.88,292.56,0.2164,9.9575,0.6914,9.9838,P001_Barbell_Bench_Press_Uncontrolled_Movement_1_02.csv
1,4,1,2,1,12.847,12847,0.81,10.58,0.23,10.6135,-0.0644,-0.0131,0.1953,-1.63,86.63,292.56,0.2946,10.0395,0.6306,10.0636,P001_Barbell_Bench_Press_Uncontrolled_Movement_1_02.csv
1,4,1,2,1,12.968,12968,0.63,11.04,0.34,11.0632,0.072,-0.0927,0.0578,-2.31,86.44,293.63,0.3388,10.1714,0.5923,10.1942,P001_Barbell_Bench_Press_Uncontrolled_Movement_1_02.csv
1,4,1,2,1,13.089,13089,0.18,11.97,0.07,11.9716,0.0654,-0.0927,-0.0033,-2.69,85.94,294.69,0.3179,10.4084,0.5235,10.4264,P001_Barbell_Bench_Press_Uncontrolled_Movement_1_02.csv
1,4,1,2,1,13.211,13211,-0.87,13.26,1.91,13.4251,0.0196,-0.0196,-0.5901,-0.56,85.56,292.88,0.1614,10.7841,0.7062,10.8084,P001_Barbell_Bench_Press_Uncontrolled_Movement_1_02.csv
1,5,1,2,1,13.336,13336,1.0,6.99,-0.16,7.063,0.0131,0.0622,-0.2629,0.31,85.31,291.69,0.2719,10.2842,0.5921,10.3048,P001_Barbell_Bench_Press_Uncontrolled_Movement_1_02.csv
1,5,1,2,1,13.458,13458,2.1,10.07,0.74,10.3132,-0.0098,0.1113,0.5247,2.69,85.06,288.88,0.5128,10.256,0.6116,10.287,P001_Barbell_Bench_Press_Uncontrolled_Movement_1_02.csv
1,5,1,2,1,13.578,13578,1.36,10.21,0.46,10.3104,-0.0033,0.0665,-0.0295,1.31,84.88,289.63,0.6244,10.2499,0.5916,10.2859,P001_Barbell_Bench_Press_Uncontrolled_Movement_1_02.csv
1,5,1,2,1,13.699,13699,-0.28,8.66,0.93,8.7143,-0.0425,0.0262,-0.0196,3.13,85.06,287.56,0.5052,10.0404,0.6362,10.0732,P001_Barbell_Bench_Press_Uncontrolled_Movement_1_02.csv
1,5,1,2,1,13.861,13861,-0.18,10.84,0.74,10.8667,-0.1102,-0.0894,-0.1953,2.94,86.13,288.0,0.4149,10.1458,0.6499,10.175,P001_Barbell_Bench_Press_Uncontrolled_Movement_1_02.csv
1,5,1,2,1,13.986,13986,-1.21,10.68,-0.13,10.7491,0.1124,-0.0938,0.3283,3.25,86.19,288.38,0.2008,10.2162,0.5471,10.2328,P001_Barbell_Bench_Press_Uncontrolled_Movement_1_02.csv
1,5,1,2,1,14.109,14109,0.23,7.61,1.17,7.7029,0.0578,-0.1353,-0.0316,0.75,85.5,291.63,0.2047,9.8727,0.6292,9.8949,P001_Barbell_Bench_Press_Uncontrolled_Movement_1_02.csv
1,5,1,2,1,14.23,14230,-1.61,10.31,0.88,10.472,0.0949,-0.0862,0.1963,1.56,85.13,291.69,-0.0345,9.9304,0.6622,9.9525,P001_Barbell_Bench_Press_Uncontrolled_Movement_1_02.csv
1,5,1,2,1,14.351,14351,0.32,8.35,0.74,8.3888,0.024,-0.0316,0.6381,-2.31,84.94,296.0,0.0122,9.7221,0.6725,9.7453,P001_Barbell_Bench_Press_Uncontrolled_Movement_1_02.csv
1,5,1,2,1,14.474,14474,0.11,12.66,0.95,12.6961,-0.0098,0.012,-0.0578,-3.75,85.19,297.5,0.0251,10.1092,0.709,10.1341,P001_Barbell_Bench_Press_Uncontrolled_Movement_1_02.csv
1,5,1,2,1,14.599,14599,1.82,7.18,0.66,7.4364,0.0687,0.0829,0.649,-7.06,84.94,300.56,0.2616,9.7232,0.7026,9.7521,P001_Barbell_Bench_Press_Uncontrolled_Movement_1_02.csv
1,5,1,2,1,14.721,14721,0.1,10.28,0.86,10.3164,0.0491,0.0611,-0.2509,-7.31,84.56,300.19,0.2403,9.7966,0.7233,9.8262,P001_Barbell_Bench_Press_Uncontrolled_Movement_1_02.csv
1,5,1,2,1,14.882,14882,1.65,10.11,1.75,10.3922,0.1134,0.0676,-0.0251,-6.38,84.44,298.69,0.4261,9.8379,0.8586,9.8845,P001_Barbell_Bench_Press_Uncontrolled_Movement_1_02.csv
1,5,1,2,1,15.003,15003,0.42,8.94,0.76,8.9821,-0.0611,-0.0033,-0.9577,-4.75,84.25,296.75,0.4253,9.7196,0.8456,9.7656,P001_Barbell_Bench_Press_Uncontrolled_Movement_1_02.csv
1,5,1,2,1,15.125,15125,7.88,7.04,0.75,10.5933,0.0196,0.0578,1.0821,-1.06,84.19,293.13,1.4076,9.3665,0.833,9.5082,P001_Barbell_Bench_Press_Uncontrolled_Movement_1_02.csv
1,5,1,2,1,15.251,15251,0.14,10.39,1.35,10.4783,0.1418,-0.0633,-0.9643,1.88,83.44,290.25,1.2406,9.5014,0.9011,9.6243,P001_Barbell_Bench_Press_Uncontrolled_Movement_1_02.csv
1,5,1,2,1,15.372,15372,-2.13,9.15,0.67,9.4185,-0.0295,-0.0458,-0.1942,7.0,82.25,285.5,0.7964,9.4551,0.8707,9.5284,P001_Barbell_Bench_Press_Uncontrolled_Movement_1_02.csv
1,5,1,2,1,15.493,15493,-0.42,8.11,1.64,8.2848,-0.0644,-0.0622,0.4396,5.13,82.75,287.63,0.6361,9.2778,0.9721,9.3503,P001_Barbell_Bench_Press_Uncontrolled_Movement_1_02.csv
1,5,1,2,1,15.614,15614,-0.82,9.72,0.93,9.7988,-0.1429,-0.1113,0.2302,3.5,83.69,289.88,0.4443,9.3361,0.9665,9.3965,P001_Barbell_Bench_Press_Uncontrolled_Movement_1_02.csv
1,5,1,2,1,15.735,15735,-0.63,10.24,0.92,10.3005,-0.108,-0.0142,0.3643,1.69,84.56,292.19,0.3027,9.4552,0.9604,9.5087,P001_Barbell_Bench_Press_Uncontrolled_Movement_1_02.csv
1,5,1,2,1,15.901,15901,0.01,10.86,0.79,10.8887,0.1036,-0.0087,-0.2913,0.25,84.31,293.63,0.2641,9.6403,0.9379,9.6894,P001_Barbell_Bench_Press_Uncontrolled_Movement_1_02.csv
1,5,1,2,1,16.022,16022,-0.35,10.96,1.27,11.0389,0.1385,0.0556,0.1953,1.19,83.44,292.63,0.1832,9.8142,0.9817,9.8649,P001_Barbell_Bench_Press_Uncontrolled_Movement_1_02.csv
1,5,1,2,1,16.144,16144,1.7,8.68,0.29,8.8497,0.0098,0.1124,-0.0131,-1.88,82.94,295.13,0.3831,9.6648,0.8905,9.7133,P001_Barbell_Bench_Press_Uncontrolled_Movement_1_02.csv
1,5,1,2,1,16.265,16265,-0.76,11.04,1.45,11.1607,-0.0774,0.072,-0.0349,1.81,83.5,290.75,0.2324,9.846,0.9643,9.8958,P001_Barbell_Bench_Press_Uncontrolled_Movement_1_02.csv
1,5,1,2,1,16.386,16386,-0.02,11.73,0.35,11.7352,0.0175,0.1134,0.4592,0.88,83.63,291.06,0.1992,10.0942,0.8833,10.1348,P001_Barbell_Bench_Press_Uncontrolled_Movement_1_02.csv
1,6,1,2,1,16.508,16508,0.42,8.8,-0.1,8.8106,-0.0098,0.072,-0.312,0.31,83.44,290.94,0.2283,9.9237,0.7537,9.9549,P001_Barbell_Bench_Press_Uncontrolled_Movement_1_02.csv
1,6,1,2,1,16.629,16629,-0.51,10.98,1.76,11.1319,0.0044,0.0404,0.1091,1.31,83.25,289.63,0.131,10.0629,0.8863,10.1027,P001_Barbell_Bench_Press_Uncontrolled_Movement_1_02.csv
1,6,1,2,1,16.755,16755,0.2,9.69,1.18,9.7636,-0.0382,0.0196,0.0,0.69,83.19,290.13,0.1401,10.0138,0.925,10.0574,P001_Barbell_Bench_Press_Uncontrolled_Movement_1_02.csv
1,6,1,2,1,16.917,16917,-0.66,11.01,1.11,11.0855,-0.1156,-0.024,-0.2869,3.44,84.0,287.44,0.0347,10.145,0.9494,10.1894,P001_Barbell_Bench_Press_Uncontrolled_Movement_1_02.csv
1,6,1,2,1,17.038,17038,-1.7,10.95,0.82,11.1115,-0.1102,-0.0098,-0.2945,5.56,84.81,285.38,-0.1939,10.2511,0.9324,10.2952,P001_Barbell_Bench_Press_Uncontrolled_Movement_1_02.csv
1,6,1,2,1,17.159,17159,-1.09,10.55,0.69,10.6286,-0.0982,0.0393,0.2247,5.06,85.5,285.63,-0.312,10.2905,0.9004,10.3345,P001_Barbell_Bench_Press_Uncontrolled_Movement_1_02.csv
1,6,1,2,1,17.298,17298,-0.86,9.48,0.57,9.536,0.0185,0.0622,0.3153,3.81,85.81,286.5,-0.3842,10.1837,0.8569,10.2269,P001_Barbell_Bench_Press_Uncontrolled_Movement_1_02.csv
1,6,1,2,1,17.418,17418,0.21,9.36,0.05,9.3625,0.0567,0.024,-0.2007,3.63,85.5,286.44,-0.3059,10.0751,0.7506,10.1077,P001_Barbell_Bench_Press_Uncontrolled_Movement_1_02.csv
1,6,1,2,1,17.539,17539,0.21,10.17,0.94,10.2155,0.0011,-0.072,-0.3174,4.75,85.38,285.44,-0.2379,10.0876,0.7755,10.1202,P001_Barbell_Bench_Press_Uncontrolled_Movement_1_02.csv
1,6,1,2,1,17.66,17660,-0.2,8.8,0.72,8.8317,-0.0131,-0.0295,1.1072,4.0,85.25,286.75,-0.2329,9.918,0.7682,9.9504,P001_Barbell_Bench_Press_Uncontrolled_Movement_1_02.csv
1,6,1,2,1,17.782,17782,0.58,8.8,0.9,8.8649,0.0873,-0.1178,0.0589,1.13,85.06,290.25,-0.1258,9.7706,0.7856,9.803,P001_Barbell_Bench_Press_Uncontrolled_Movement_1_02.csv
1,6,1,2,1,17.949,17949,-0.94,9.01,2.03,9.2836,0.2356,-0.1014,-0.1429,2.69,84.19,289.81,-0.2331,9.6704,0.9496,9.7197,P001_Barbell_Bench_Press_Uncontrolled_Movement_1_02.csv
1,6,1,2,1,18.07,18070,2.46,4.35,1.19,5.1371,-0.0109,-0.0567,0.6414,0.5,83.56,292.56,0.1218,8.9693,0.9812,9.0237,P001_Barbell_Bench_Press_Uncontrolled_Movement_1_02.csv
1,6,1,2,1,18.191,18191,-0.72,11.57,0.61,11.6084,-0.0578,-0.0218,-0.0349,-0.81,83.94,294.19,0.0109,9.312,0.9323,9.3586,P001_Barbell_Bench_Press_Uncontrolled_Movement_1_02.csv
1,6,1,2,1,18.312,18312,-0.54,8.38,1.92,8.6141,0.1418,0.0382,0.2847,-2.13,84.0,295.44,-0.0617,9.1892,1.0625,9.2506,P001_Barbell_Bench_Press_Uncontrolled_Movement_1_02.csv
1,6,1,2,1,18.433,18433,1.15,11.18,0.49,11.2497,-0.2454,-0.0404,-0.3043,-3.0,83.81,296.06,0.0979,9.4515,0.987,9.5034,P001_Barbell_Bench_Press_Uncontrolled_Movement_1_02.csv
1,6,1,2,1,18.556,18556,-1.21,9.06,0.21,9.1429,0.1167,0.0316,-0.1778,-1.06,83.81,294.13,-0.0744,9.3999,0.8846,9.4418,P001_Barbell_Bench_Press_Uncontrolled_Movement_1_02.csv
1,6,1,2,1,18.677,18677,-1.19,11.4,-0.3,11.4659,-0.0927,0.0764,0.4538,-4.13,83.38,296.63,-0.2214,9.6635,0.7285,9.6935,P001_Barbell_Bench_Press_Uncontrolled_Movement_1_02.csv
1,6,1,2,1,18.801,18801,-0.6,9.26,1.61,9.4181,-0.012,0.0502,-0.3142,-2.81,83.69,295.0,-0.2713,9.6103,0.8447,9.6512,P001_Barbell_Bench_Press_Uncontrolled_Movement_1_02.csv
1,6,1,2,1,18.963,18963,0.73,9.36,0.36,9.3953,-0.0524,0.0207,-0.0022,-4.56,83.5,296.25,-0.1394,9.5773,0.7808,9.6101,P001_Barbell_Bench_Press_Uncontrolled_Movement_1_02.csv
1,6,1,2,1,19.084,19084,-1.44,8.93,-0.9,9.09,-0.0818,-0.0295,-1.0974,-2.44,83.94,294.06,-0.3107,9.492,0.5593,9.5136,P001_Barbell_Bench_Press_Uncontrolled_Movement_1_02.csv
1,6,1,2,1,19.205,19205,-0.44,4.0,1.52,4.3016,-0.0676,-0.0622,0.3043,0.19,85.13,291.88,-0.3278,8.7683,0.6859,8.8012,P001_Barbell_Bench_Press_Uncontrolled_Movement_1_02.csv
1,6,1,2,1,19.327,19327,-0.52,8.8,2.97,9.3022,-0.2891,-0.0982,-0.4931,2.06,86.19,290.19,-0.3531,8.7725,0.9869,8.8349,P001_Barbell_Bench_Press_Uncontrolled_Movement_1_02.csv
1,6,1,2,1,19.453,19453,-1.14,10.88,0.58,10.9549,0.1974,-0.0731,-0.3076,5.56,86.75,287.25,-0.4568,9.0502,0.9333,9.1097,P001_Barbell_Bench_Press_Uncontrolled_Movement_1_02.csv
1,6,1,2,1,19.574,19574,-1.18,11.29,0.0,11.3515,0.1309,-0.0633,-0.336,6.0,85.69,287.38,-0.5521,9.3454,0.8103,9.3967,P001_Barbell_Bench_Press_Uncontrolled_Movement_1_02.csv
1,6,1,2,1,19.695,19695,-2.56,8.91,1.28,9.3584,0.0829,-0.0065,0.2793,5.88,85.06,288.0,-0.8167,9.288,0.8722,9.3645,P001_Barbell_Bench_Press_Uncontrolled_Movement_1_02.csv
1,6,1,2,1,19.816,19816,-0.16,8.65,1.46,8.7738,0.0033,0.1004,0.4854,2.0,85.06,291.5,-0.7302,9.2039,0.9497,9.2815,P001_Barbell_Bench_Press_Uncontrolled_Movement_1_02.csv
1,6,1,2,1,19.979,19979,0.15,10.84,0.74,10.8663,-0.0458,0.1134,0.0251,1.31,85.5,291.31,-0.6142,9.4195,0.922,9.4844,P001_Barbell_Bench_Press_Uncontrolled_Movement_1_02.csv
1,6,1,2,1,20.105,20105,-0.71,10.32,0.29,10.3485,-0.0764,0.0862,0.0175,0.44,85.81,291.5,-0.6268,9.5382,0.8387,9.5955,P001_Barbell_Bench_Press_Uncontrolled_Movement_1_02.csv
1,6,1,2,1,20.226,20226,0.82,8.82,0.52,8.8733,-0.1254,0.0829,0.4014,-2.06,86.56,293.44,-0.4361,9.4435,0.7967,9.4871,P001_Barbell_Bench_Press_Uncontrolled_Movement_1_02.csv
1,6,1,2,1,20.346,20346,0.42,11.23,0.78,11.2649,-0.0404,0.0371,-0.0742,-2.06,87.13,293.06,-0.3233,9.6789,0.7945,9.7169,P001_Barbell_Bench_Press_Uncontrolled_Movement_1_02.csv
1,6,1,2,1,20.467,20467,0.99,10.61,0.31,10.6606,0.0884,-0.0022,-0.1418,-2.31,86.94,293.19,-0.1503,9.8016,0.7307,9.83,P001_Barbell_Bench_Press_Uncontrolled_Movement_1_02.csv
1,6,1,2,1,20.589,20589,-0.64,9.33,0.22,9.3545,0.0884,-0.0087,0.0807,-1.06,86.25,292.0,-0.2148,9.7395,0.6634,9.7644,P001_Barbell_Bench_Press_Uncontrolled_Movement_1_02.csv
1,6,1,2,1,20.709,20709,0.47,11.33,0.63,11.3572,0.0371,-0.0295,0.0993,-2.81,85.81,293.75,-0.1246,9.9491,0.659,9.9717,P001_Barbell_Bench_Press_Uncontrolled_Movement_1_02.csv
1,6,1,2,1,20.831,20831,0.03,10.71,0.69,10.7322,-0.0415,-0.0556,-0.2869,-1.5,85.94,292.81,-0.1042,10.0493,0.6631,10.0717,P001_Barbell_Bench_Press_Uncontrolled_Movement_1_02.csv
1,6,1,2,1,20.993,20993,-9.62,8.38,1.98,12.9108,0.3142,-0.0742,-2.7402,2.0,85.69,289.31,-1.3581,9.8294,0.8366,9.958,P001_Barbell_Bench_Press_Uncontrolled_Movement_1_02.csv
1,6,1,2,1,21.118,21118,-3.07,10.79,0.72,11.2413,0.1494,0.0654,-0.2083,2.25,84.94,288.56,-1.5837,9.956,0.8212,10.1145,P001_Barbell_Bench_Press_Uncontrolled_Movement_1_02.csv
1,7,1,2,1,21.239,21239,-0.69,8.6,1.08,8.695,0.0938,0.0393,0.2269,2.19,84.38,288.25,-1.4659,9.7773,0.8553,9.9235,P001_Barbell_Bench_Press_Uncontrolled_Movement_1_02.csv
1,7,1,2,1,21.359,21359,0.02,9.07,1.08,9.1341,0.0447,0.0142,0.0382,1.13,83.88,289.13,-1.2701,9.6841,0.8849,9.807,P001_Barbell_Bench_Press_Uncontrolled_Movement_1_02.csv
1,7,1,2,1,21.48,21480,0.73,9.7,0.99,9.7777,-0.0022,-0.0284,0.2149,1.19,83.75,289.19,-1.0066,9.6862,0.8988,9.7797,P001_Barbell_Bench_Press_Uncontrolled_Movement_1_02.csv
1,7,1,2,1,21.601,21601,0.65,9.8,1.14,9.8875,0.0251,-0.0731,0.1658,-0.25,83.69,291.0,-0.7883,9.7012,0.9306,9.7775,P001_Barbell_Bench_Press_Uncontrolled_Movement_1_02.csv
1,7,1,2,1,21.726,21726,-1.01,9.77,1.12,9.8857,0.0589,-0.0709,-0.1833,0.25,83.56,291.0,-0.8175,9.7102,0.9555,9.7913,P001_Barbell_Bench_Press_Uncontrolled_Movement_1_02.csv
1,7,1,2,1,21.847,21847,0.3,8.28,0.82,8.3259,0.0393,-0.0338,0.3054,-0.94,83.19,292.63,-0.6702,9.5218,0.9377,9.5913,P001_Barbell_Bench_Press_Uncontrolled_Movement_1_02.csv
1,7,1,2,1,22.011,22011,-0.16,9.04,2.1,9.2821,-0.18,-0.0404,0.3131,-1.56,84.13,293.81,-0.603,9.4583,1.0908,9.5401,P001_Barbell_Bench_Press_Uncontrolled_Movement_1_02.csv
1,7,1,2,1,22.131,22131,0.3,10.68,0.48,10.695,-0.0491,-0.0022,0.1625,-3.94,84.81,296.25,-0.484,9.6193,1.0103,9.6843,P001_Barbell_Bench_Press_Uncontrolled_Movement_1_02.csv
1,7,1,2,1,22.252,22252,1.24,7.77,0.84,7.913,0.0404,0.0393,0.3131,-5.13,84.88,297.38,-0.2568,9.3756,0.9879,9.431,P001_Barbell_Bench_Press_Uncontrolled_Movement_1_02.csv
1,7,1,2,1,22.373,22373,1.05,10.42,1.52,10.5825,0.0654,0.0644,-0.0142,-5.75,84.75,297.75,-0.0846,9.5132,1.058,9.5722,P001_Barbell_Bench_Press_Uncontrolled_Movement_1_02.csv
1,7,1,2,1,22.495,22495,-0.28,10.01,0.67,10.0363,-0.0633,0.0644,-0.0087,-4.88,84.5,296.44,-0.1104,9.5787,1.0069,9.6321,P001_Barbell_Bench_Press_Uncontrolled_Movement_1_02.csv
1,7,1,2,1,22.622,22622,0.86,11.29,0.68,11.3431,0.0044,0.0556,-0.2258,-5.0,84.56,296.06,0.0175,9.8042,0.9638,9.8515,P001_Barbell_Bench_Press_Uncontrolled_Movement_1_02.csv
1,7,1,2,1,22.743,22743,-0.69,9.3,0.55,9.3418,0.1178,0.0436,0.1811,-2.94,84.31,293.75,-0.0757,9.7377,0.9093,9.7804,P001_Barbell_Bench_Press_Uncontrolled_Movement_1_02.csv
1,7,1,2,1,22.863,22863,1.39,10.34,1.13,10.494,-0.0535,-0.0131,-0.0916,-4.25,84.19,294.88,0.1174,9.8171,0.9384,9.8626,P001_Barbell_Bench_Press_Uncontrolled_Movement_1_02.csv
1,7,1,2,1,23.025,23025,-0.23,6.83,1.71,7.0446,-0.0185,-0.0295,0.1462,-2.38,84.31,293.31,0.0716,9.4235,1.04,9.481,P001_Barbell_Bench_Press_Uncontrolled_Movement_1_02.csv
1,7,1,2,1,23.164,23164,0.98,9.56,1.01,9.663,-0.0774,-0.0785,-0.1614,-1.25,84.69,292.63,0.1913,9.4415,1.0361,9.5001,P001_Barbell_Bench_Press_Uncontrolled_Movement_1_02.csv
1,7,1,2,1,23.284,23284,-0.06,9.82,1.01,9.872,0.0469,-0.1047,-0.1244,-0.38,85.06,292.38,0.1582,9.4914,1.0327,9.5487,P001_Barbell_Bench_Press_Uncontrolled_Movement_1_02.csv
1,7,1,2,1,23.405,23405,0.63,10.01,0.86,10.0666,0.0436,-0.0873,0.2411,-1.25,84.88,293.88,0.2204,9.5597,1.0099,9.6154,P001_Barbell_Bench_Press_Uncontrolled_Movement_1_02.csv
1,7,1,2,1,23.526,23526,0.96,9.25,1.45,9.412,0.1025,-0.0327,-0.0131,-2.13,84.5,295.19,0.3178,9.5189,1.0679,9.5839,P001_Barbell_Bench_Press_Uncontrolled_Movement_1_02.csv
1,7,1,2,1,23.647,23647,-0.38,9.23,1.42,9.3463,0.1571,0.0,-0.4309,0.06,83.56,293.06,0.2259,9.4808,1.1143,9.5488,P001_Barbell_Bench_Press_Uncontrolled_Movement_1_02.csv
1,7,1,2,1,23.768,23768,-0.78,9.46,0.97,9.5415,0.0196,0.072,0.3251,0.38,83.0,292.5,0.0933,9.4781,1.0953,9.5416,P001_Barbell_Bench_Press_Uncontrolled_Movement_1_02.csv
1,7,1,2,1,23.89,23890,0.76,10.09,1.19,10.1883,-0.0611,0.1091,0.3872,-2.5,83.13,294.88,0.1812,9.5587,1.1078,9.6244,P001_Barbell_Bench_Press_Uncontrolled_Movement_1_02.csv
1,7,1,2,1,24.052,24052,1.19,10.39,0.71,10.482,-0.2356,0.1036,0.2531,-4.06,84.63,295.5,0.3141,9.6683,1.0553,9.7308,P001_Barbell_Bench_Press_Uncontrolled_Movement_1_02.csv
1,7,1,2,1,24.176,24176,1.41,11.44,0.13,11.5273,-0.2367,0.0611,0.0316,-5.0,86.44,296.06,0.4585,9.9017,0.9334,9.9562,P001_Barbell_Bench_Press_Uncontrolled_Movement_1_02.csv
1,7,1,2,1,24.297,24297,1.09,9.94,0.47,10.0106,-0.1309,-0.0044,-0.0382,-5.13,87.63,296.06,0.5417,9.9068,0.8723,9.9598,P001_Barbell_Bench_Press_Uncontrolled_Movement_1_02.csv
1,7,1,2,1,24.418,24418,0.49,11.42,0.33,11.4353,0.0196,-0.0764,0.0142,-4.63,88.0,295.94,0.5349,10.1062,0.8009,10.152,P001_Barbell_Bench_Press_Uncontrolled_Movement_1_02.csv
1,7,1,2,1,24.539,24539,0.81,9.58,0.04,9.6143,0.0982,-0.1233,0.1124,-5.5,87.5,297.44,0.5712,10.0368,0.7006,10.0775,P001_Barbell_Bench_Press_Uncontrolled_Movement_1_02.csv
1,7,1,2,1,24.661,24661,0.79,9.6,0.24,9.6354,0.1113,-0.0938,0.1396,-6.0,86.69,298.63,0.6,9.9793,0.6399,10.0178,P001_Barbell_Bench_Press_Uncontrolled_Movement_1_02.csv
1,7,1,2,1,24.788,24788,1.7,11.27,0.49,11.408,0.048,-0.0469,-0.1538,-6.25,86.06,299.25,0.745,10.1494,0.6202,10.1955,P001_Barbell_Bench_Press_Uncontrolled_Movement_1_02.csv
1,7,1,2,1,24.909,24909,0.42,12.25,0.77,12.2814,0.0305,0.0316,-0.3676,-3.75,85.88,296.75,0.7021,10.4262,0.6399,10.4694,P001_Barbell_Bench_Press_Uncontrolled_Movement_1_02.csv
1,7,1,2,1,25.071,25071,-3.16,10.8,-1.3,11.3276,0.0676,0.0742,-0.8781,3.19,84.69,289.19,0.1932,10.4754,0.3843,10.4843,P001_Barbell_Bench_Press_Uncontrolled_Movement_1_02.csv
1,8,1,2,1,25.192,25192,-3.28,8.03,0.91,8.7217,0.2171,0.1004,0.0327,3.5,83.19,288.38,-0.2645,10.1532,0.4536,10.1668,P001_Barbell_Bench_Press_Uncontrolled_Movement_1_02.csv
1,8,1,2,1,25.318,25318,1.8,9.92,0.95,10.1266,0.0338,0.0764,0.2149,-0.31,82.5,291.56,0.0076,10.1225,0.519,10.1358,P001_Barbell_Bench_Press_Uncontrolled_Movement_1_02.csv
1,8,1,2,1,25.44,25440,-1.68,9.26,1.24,9.4925,0.0033,0.0273,0.1385,1.13,82.25,289.75,-0.2148,10.0088,0.614,10.0299,P001_Barbell_Bench_Press_Uncontrolled_Movement_1_02.csv
1,8,1,2,1,25.561,25561,1.25,9.97,1.28,10.1293,-0.0175,-0.0065,0.1342,-1.0,82.31,291.88,-0.0218,10.0037,0.7017,10.0283,P001_Barbell_Bench_Press_Uncontrolled_Movement_1_02.csv
1,8,1,2,1,25.682,25682,-0.38,9.62,0.38,9.635,-0.0796,-0.0295,0.0371,-0.19,82.5,291.25,-0.069,9.9531,0.6594,9.9752,P001_Barbell_Bench_Press_Uncontrolled_Movement_1_02.csv
1,8,1,2,1,25.804,25804,1.22,9.08,1.42,9.271,-0.0829,-0.0087,0.2782,-2.19,83.13,293.38,0.1009,9.8381,0.7596,9.8679,P001_Barbell_Bench_Press_Uncontrolled_Movement_1_02.csv
1,8,1,2,1,25.93,25930,0.1,9.05,0.84,9.0895,-0.1898,-0.048,0.5683,-2.63,84.13,294.13,0.1008,9.7342,0.7702,9.7652,P001_Barbell_Bench_Press_Uncontrolled_Movement_1_02.csv
1,8,1,2,1,26.092,26092,-0.63,11.48,0.05,11.4974,0.1265,-0.0949,-0.2509,-6.5,84.31,298.56,0.0045,9.9643,0.6753,9.9871,P001_Barbell_Bench_Press_Uncontrolled_Movement_1_02.csv
1,8,1,2,1,26.213,26213,2.44,7.56,1.18,8.0312,0.084,-0.048,1.0188,-8.88,83.75,301.44,0.3254,9.6475,0.7418,9.6814,P001_Barbell_Bench_Press_Uncontrolled_Movement_1_02.csv
1,8,1,2,1,26.334,26334,1.71,6.62,1.27,6.9542,0.096,-0.0076,0.5738,-13.94,83.06,306.81,0.5079,9.2485,0.8114,9.2979,P001_Barbell_Bench_Press_Uncontrolled_Movement_1_02.csv
1,8,1,2,1,26.455,26455,2.7,9.14,1.26,9.6134,0.0458,-0.0251,0.0218,-13.69,82.69,306.75,0.7967,9.2342,0.8705,9.3093,P001_Barbell_Bench_Press_Uncontrolled_Movement_1_02.csv
1,8,1,2,1,26.577,26577,3.76,9.77,1.5,10.5755,-0.0022,0.0087,0.2716,-14.63,82.56,307.69,1.1872,9.3048,0.9535,9.4286,P001_Barbell_Bench_Press_Uncontrolled_Movement_1_02.csv
1,8,1,2,1,26.699,26699,3.22,7.61,1.26,8.3587,0.0447,0.0011,-0.3992,-13.75,82.25,306.75,1.4551,9.0815,0.9939,9.2509,P001_Barbell_Bench_Press_Uncontrolled_Movement_1_02.csv
1,8,1,2,1,26.823,26823,-3.22,9.36,0.77,9.9283,0.0698,-0.0589,-1.1083,-6.94,82.13,300.13,0.839,9.1182,0.9644,9.2073,P001_Barbell_Bench_Press_Uncontrolled_Movement_1_02.csv
1,8,1,2,1,26.944,26944,1.73,7.96,1.4,8.2653,0.0327,0.0742,0.1985,-4.69,82.25,297.69,0.9564,8.9656,1.0218,9.0741,P001_Barbell_Bench_Press_Uncontrolled_Movement_1_02.csv
1,8,1,2,1,27.106,27106,-1.18,9.86,1.16,9.9979,-0.0513,0.0829,-0.5847,-1.5,82.25,293.75,0.6749,9.0834,1.04,9.1676,P001_Barbell_Bench_Press_Uncontrolled_Movement_1_02.csv
1,8,1,2,1,27.227,27227,-1.03,10.22,1.25,10.3476,-0.1756,0.1942,0.3698,-2.0,83.06,293.31,0.4502,9.2332,1.0677,9.3056,P001_Barbell_Bench_Press_Uncontrolled_Movement_1_02.csv
1,8,1,2,1,27.349,27349,1.24,10.82,0.84,10.9232,-0.1473,0.1942,0.0971,-4.19,84.19,294.13,0.5543,9.4423,1.0377,9.5153,P001_Barbell_Bench_Press_Uncontrolled_Movement_1_02.csv
1,8,1,2,1,27.475,27475,1.41,9.6,0.67,9.7261,-0.1974,0.18,0.3229,-5.13,85.44,293.88,0.6671,9.4631,0.9892,9.538,P001_Barbell_Bench_Press_Uncontrolled_Movement_1_02.csv
1,8,1,2,1,27.596,27596,-0.18,9.32,0.52,9.3362,-0.2793,0.0524,0.1396,-5.63,87.19,293.88,0.5554,9.4442,0.9274,9.5059,P001_Barbell_Bench_Press_Uncontrolled_Movement_1_02.csv
1,8,1,2,1,27.717,27717,3.26,11.29,0.06,11.7514,-0.1745,0.0076,0.4003,-9.63,88.81,297.75,0.9118,9.6875,0.8131,9.7642,P001_Barbell_Bench_Press_Uncontrolled_Movement_1_02.csv
1,8,1,2,1,27.838,27838,0.47,11.01,0.23,11.0224,0.0284,-0.0785,-0.0753,-9.25,89.19,297.75,0.8536,9.8617,0.7362,9.9259,P001_Barbell_Bench_Press_Uncontrolled_Movement_1_02.csv
1,8,1,2,1,27.96,27960,3.66,10.61,0.06,11.2237,0.1309,-0.1462,0.1429,-10.31,88.5,299.44,1.2234,9.9603,0.6471,10.056,P001_Barbell_Bench_Press_Uncontrolled_Movement_1_02.csv
1,9,1,2,1,28.126,28126,0.56,9.12,-0.07,9.1374,0.0894,-0.1745,-0.1756,-8.94,86.94,299.44,1.136,9.8496,0.5526,9.9303,P001_Barbell_Bench_Press_Uncontrolled_Movement_1_02.csv
1,9,1,2,1,28.248,28248,0.77,9.53,0.5,9.5741,-0.0502,-0.0622,0.2149,-9.63,86.81,300.94,1.0878,9.8075,0.5457,9.8827,P001_Barbell_Bench_Press_Uncontrolled_Movement_1_02.csv
1,9,1,2,1,28.368,28368,1.68,10.29,0.72,10.4511,-0.0829,0.0436,0.0349,-10.19,87.44,301.63,1.1658,9.8711,0.5687,9.9559,P001_Barbell_Bench_Press_Uncontrolled_Movement_1_02.csv
1,9,1,2,1,28.489,28489,1.87,10.06,0.41,10.2405,0.0785,0.0415,-0.3131,-9.63,87.44,300.75,1.2586,9.896,0.5478,9.9907,P001_Barbell_Bench_Press_Uncontrolled_Movement_1_02.csv
1,9,1,2,1,28.61,28610,1.92,10.8,0.24,10.972,0.1505,0.0556,0.1189,-8.38,86.63,299.06,1.3458,10.0151,0.5072,10.1178,P001_Barbell_Bench_Press_Uncontrolled_Movement_1_02.csv
1,9,1,2,1,28.732,28732,2.05,10.72,0.68,10.9354,0.0851,0.0055,-0.4418,-8.19,85.81,298.5,1.4386,10.108,0.53,10.2236,P001_Barbell_Bench_Press_Uncontrolled_Movement_1_02.csv
1,9,1,2,1,28.853,28853,-0.2,9.82,0.57,9.8386,-0.0109,-0.0196,-0.661,-2.38,85.69,292.75,1.2226,10.07,0.5352,10.1581,P001_Barbell_Bench_Press_Uncontrolled_Movement_1_02.csv
1,9,1,2,1,28.979,28979,0.78,9.8,1.14,9.8969,0.0535,-0.0295,-0.0316,-1.94,85.56,292.44,1.1643,10.0344,0.6149,10.1205,P001_Barbell_Bench_Press_Uncontrolled_Movement_1_02.csv
1,9,1,2,1,29.141,29141,-0.61,10.11,0.56,10.1439,0.1658,-0.0218,-0.1047,0.38,84.56,290.31,0.9305,10.0444,0.6077,10.1057,P001_Barbell_Bench_Press_Uncontrolled_Movement_1_02.csv
1,9,1,2,1,29.262,29262,-0.32,9.8,0.55,9.8206,0.0873,0.0098,-0.0818,0.13,83.75,290.63,0.7657,10.0122,0.6001,10.0594,P001_Barbell_Bench_Press_Uncontrolled_Movement_1_02.csv
1,9,1,2,1,29.383,29383,-0.31,7.78,0.84,7.8314,0.0055,0.0622,0.1451,0.63,83.44,289.88,0.624,9.7181,0.6317,9.7585,P001_Barbell_Bench_Press_Uncontrolled_Movement_1_02.csv
1,9,1,2,1,29.505,29505,0.75,10.17,0.99,10.2456,-0.0502,0.0305,0.1614,-0.88,83.56,291.06,0.6406,9.7776,0.6789,9.8221,P001_Barbell_Bench_Press_Uncontrolled_Movement_1_02.csv
1,9,1,2,1,29.631,29631,0.43,9.73,1.12,9.8037,0.012,-0.0371,0.2978,-1.31,83.69,291.63,0.6128,9.7713,0.737,9.8182,P001_Barbell_Bench_Press_Uncontrolled_Movement_1_02.csv
1,9,1,2,1,29.752,29752,1.77,9.33,0.76,9.5268,0.0513,-0.0796,0.2302,-4.69,83.44,295.38,0.7653,9.7132,0.7401,9.7713,P001_Barbell_Bench_Press_Uncontrolled_Movement_1_02.csv
1,9,1,2,1,29.872,29872,0.61,8.91,1.39,9.0384,0.0033,-0.1145,0.1756,-4.75,83.13,296.19,0.7448,9.6073,0.8257,9.6715,P001_Barbell_Bench_Press_Uncontrolled_Movement_1_02.csv
1,9,1,2,1,29.993,29993,0.34,9.68,1.22,9.7625,-0.1549,-0.0949,0.3938,-6.94,83.5,299.13,0.6915,9.6169,0.8777,9.6816,P001_Barbell_Bench_Press_Uncontrolled_Movement_1_02.csv
1,9,1,2,1,30.155,30155,-0.14,10.68,0.7,10.7038,0.1516,-0.0567,-0.2694,-6.69,83.44,299.25,0.5819,9.757,0.8543,9.8116,P001_Barbell_Bench_Press_Uncontrolled_Movement_1_02.csv
1,9,1,2,1,30.276,30276,0.8,7.97,1.36,8.1247,-0.0284,0.0567,0.2956,-6.44,83.31,299.0,0.6107,9.5215,0.9209,9.5854,P001_Barbell_Bench_Press_Uncontrolled_Movement_1_02.csv
1,9,1,2,1,30.403,30403,1.16,9.75,1.33,9.9084,0.0611,0.048,-0.1702,-7.0,83.44,299.25,0.6831,9.5516,0.9748,9.6255,P001_Barbell_Bench_Press_Uncontrolled_Movement_1_02.csv
1,9,1,2,1,30.524,30524,1.51,8.54,0.77,8.7066,0.0185,0.0371,0.1669,-6.75,83.19,298.75,0.792,9.4183,0.9478,9.499,P001_Barbell_Bench_Press_Uncontrolled_Movement_1_02.csv
1,9,1,2,1,30.645,30645,0.42,8.61,1.37,8.7284,-0.0404,-0.0229,-0.4952,-5.19,83.19,297.06,0.743,9.3118,1.0035,9.3951,P001_Barbell_Bench_Press_Uncontrolled_Movement_1_02.csv
1,9,1,2,1,30.767,30767,-0.43,9.16,1.03,9.2278,-0.0829,-0.0458,-0.8039,-0.63,83.56,292.75,0.5884,9.2918,1.007,9.3647,P001_Barbell_Bench_Press_Uncontrolled_Movement_1_02.csv
1,9,1,2,1,30.887,30887,-0.65,10.28,0.54,10.3147,-0.0098,0.0022,0.2891,1.38,83.81,290.88,0.4252,9.422,0.9454,9.4789,P001_Barbell_Bench_Press_Uncontrolled_Movement_1_02.csv
1,9,1,2,1,31.009,31009,0.47,10.49,0.74,10.5266,0.0371,0.024,-0.2225,0.5,83.5,291.56,0.4311,9.5628,0.9184,9.6164,P001_Barbell_Bench_Press_Uncontrolled_Movement_1_02.csv
1,9,1,2,1,31.171,31171,-0.22,10.29,0.79,10.3226,-0.0044,0.1364,0.456,1.0,83.19,290.38,0.3453,9.6586,0.9014,9.7067,P001_Barbell_Bench_Press_Uncontrolled_Movement_1_02.csv
1,9,1,2,1,31.296,31296,0.07,9.34,0.9,9.3835,-0.0774,0.1069,-0.1625,-0.19,83.69,290.81,0.309,9.6166,0.9012,9.6637,P001_Barbell_Bench_Press_Uncontrolled_Movement_1_02.csv
1,9,1,2,1,31.417,31417,-0.09,9.75,1.15,9.818,-0.072,0.0447,-0.1833,1.0,84.25,289.0,0.2565,9.6342,0.934,9.6828,P001_Barbell_Bench_Press_Uncontrolled_Movement_1_02.csv
1,9,1,2,1,31.537,31537,-0.17,9.77,0.96,9.8185,-0.1058,0.0316,0.3796,0.13,84.94,289.69,0.2003,9.6521,0.9374,9.6996,P001_Barbell_Bench_Press_Uncontrolled_Movement_1_02.csv
1,9,1,2,1,31.658,31658,0.52,10.2,0.5,10.2255,-0.1276,-0.024,0.0055,-1.31,85.69,291.19,0.2424,9.7243,0.8798,9.767,P001_Barbell_Bench_Press_Uncontrolled_Movement_1_02.csv
1,9,1,2,1,31.779,31779,0.62,10.58,0.62,10.6163,-0.1047,-0.0316,0.5552,-2.88,86.44,292.94,0.2922,9.837,0.8456,9.8776,P001_Barbell_Bench_Press_Uncontrolled_Movement_1_02.csv
1,9,1,2,1,31.9,31900,0.94,10.38,0.62,10.4409,-0.0731,-0.0851,0.0305,-5.25,86.94,295.69,0.3775,9.9086,0.8158,9.9493,P001_Barbell_Bench_Press_Uncontrolled_Movement_1_02.csv
1,9,1,2,1,32.021,32021,1.16,10.51,0.18,10.5754,-0.0807,-0.0927,0.3502,-6.0,87.38,297.19,0.4806,9.9878,0.7321,10.0262,P001_Barbell_Bench_Press_Uncontrolled_Movement_1_02.csv
1,9,1,2,1,32.185,32185,1.45,10.12,0.17,10.2248,-0.012,-0.0884,-0.0218,-7.94,87.56,299.94,0.6084,10.0053,0.658,10.0453,P001_Barbell_Bench_Press_Uncontrolled_Movement_1_02.csv
1,9,1,2,1,32.309,32309,1.25,10.8,0.27,10.8754,0.0262,-0.0382,0.0535,-7.81,87.44,300.19,0.6929,10.11,0.6069,10.1519,P001_Barbell_Bench_Press_Uncontrolled_Movement_1_02.csv
1,9,1,2,1,32.43,32430,1.49,10.58,0.62,10.7024,0.0611,0.0153,-0.3033,-7.38,87.13,299.75,0.798,10.1719,0.6086,10.2213,P001_Barbell_Bench_Press_Uncontrolled_Movement_1_02.csv
1,9,1,2,1,32.551,32551,0.55,10.99,0.68,11.0247,0.0894,0.0687,-0.2825,-4.69,86.63,296.69,0.7653,10.2797,0.618,10.3267,P001_Barbell_Bench_Press_Uncontrolled_Movement_1_02.csv
1,10,1,2,1,32.672,32672,0.85,10.02,0.36,10.0624,0.1036,0.0589,-0.2356,-3.56,86.0,295.06,0.7764,10.2455,0.584,10.2915,P001_Barbell_Bench_Press_Uncontrolled_Movement_1_02.csv
1,10,1,2,1,32.794,32794,0.6,9.41,0.27,9.433,0.0851,0.0207,0.1014,-2.63,85.31,293.88,0.7532,10.1354,0.5426,10.1778,P001_Barbell_Bench_Press_Uncontrolled_Movement_1_02.csv
1,10,1,2,1,32.915,32915,1.1,9.67,0.77,9.7628,0.0644,-0.0273,-0.24,-2.81,84.81,294.0,0.7989,10.0741,0.5726,10.1219,P001_Barbell_Bench_Press_Uncontrolled_Movement_1_02.csv
1,10,1,2,1,33.041,33041,0.49,9.84,1.07,9.9101,0.0567,-0.0698,-0.0796,-1.25,84.5,292.75,0.7582,10.0432,0.6381,10.092,P001_Barbell_Bench_Press_Uncontrolled_Movement_1_02.csv
1,10,1,2,1,33.203,33203,0.35,9.61,0.92,9.6603,0.1429,-0.0327,0.192,-1.63,83.44,293.75,0.7044,9.9861,0.6753,10.0337,P001_Barbell_Bench_Press_Uncontrolled_Movement_1_02.csv
1,10,1,2,1,33.325,33325,-0.3,8.94,1.3,9.039,0.0622,-0.0033,-0.3567,-1.13,82.81,293.31,0.572,9.8483,0.7576,9.8939,P001_Barbell_Bench_Press_Uncontrolled_Movement_1_02.csv
1,10,1,2,1,33.451,33451,-0.87,9.14,1.16,9.2543,-0.0033,0.0404,0.673,-1.0,82.81,293.19,0.382,9.755,0.8106,9.796,P001_Barbell_Bench_Press_Uncontrolled_Movement_1_02.csv
1,10,1,2,1,33.571,33571,1.87,8.69,1.6,9.0318,0.0,-0.0033,0.4243,-6.0,83.0,298.06,0.5781,9.6146,0.9146,9.6753,P001_Barbell_Bench_Press_Uncontrolled_Movement_1_02.csv
1,10,1,2,1,33.693,33693,1.52,11.0,1.38,11.1899,-0.0098,-0.0862,0.1134,-6.19,83.13,298.63,0.7022,9.7972,0.976,9.8707,P001_Barbell_Bench_Press_Uncontrolled_Movement_1_02.csv
1,10,1,2,1,33.814,33814,1.99,6.42,0.6,6.7481,-0.0262,-0.1167,0.2629,-8.88,82.94,302.0,0.8719,9.3521,0.9264,9.4383,P001_Barbell_Bench_Press_Uncontrolled_Movement_1_02.csv
1,10,1,2,1,33.935,33935,0.74,11.97,1.16,12.0488,-0.2487,-0.1167,-0.5792,-7.25,83.94,301.25,0.8545,9.6971,0.9572,9.7816,P001_Barbell_Bench_Press_Uncontrolled_Movement_1_02.csv
1,10,1,2,1,34.057,34057,0.68,9.4,1.4,9.528,-0.0273,0.0098,0.4091,-7.88,84.88,302.31,0.8315,9.658,1.0156,9.7467,P001_Barbell_Bench_Press_Uncontrolled_Movement_1_02.csv
1,10,1,2,1,34.22,34220,1.87,10.02,0.5,10.2053,-0.012,0.036,-0.4309,-9.56,84.94,303.63,0.9684,9.7057,0.9476,9.7998,P001_Barbell_Bench_Press_Uncontrolled_Movement_1_02.csv
1,10,1,2,1,34.345,34345,1.03,9.72,0.71,9.8002,0.0327,0.0709,0.0774,-7.31,85.0,301.06,0.9765,9.7076,0.9163,9.7995,P001_Barbell_Bench_Press_Uncontrolled_Movement_1_02.csv
1,10,1,2,1,34.466,34466,0.91,9.48,0.75,9.5531,0.0087,0.0502,-0.0109,-7.5,85.0,300.81,0.9677,9.6776,0.8944,9.7669,P001_Barbell_Bench_Press_Uncontrolled_Movement_1_02.csv
1,10,1,2,1,34.586,34586,0.08,9.73,0.9,9.7719,0.1047,0.0153,-0.2683,-6.75,84.63,299.81,0.8508,9.6845,0.8951,9.7629,P001_Barbell_Bench_Press_Uncontrolled_Movement_1_02.csv
1,10,1,2,1,34.707,34707,0.83,8.02,0.44,8.0748,0.1244,-0.0033,-0.3687,-4.88,83.75,297.81,0.848,9.4651,0.8352,9.5397,P001_Barbell_Bench_Press_Uncontrolled_Movement_1_02.csv
1,10,1,2,1,34.829,34829,-0.3,9.63,0.98,9.6844,-0.012,-0.0055,-0.4658,-1.31,83.44,294.25,0.6967,9.4869,0.8542,9.5507,P001_Barbell_Bench_Press_Uncontrolled_Movement_1_02.csv
1,10,1,2,1,34.949,34949,1.26,10.01,0.4,10.0969,-0.18,0.0305,0.0938,-1.06,84.13,293.88,0.771,9.5558,0.7944,9.6197,P001_Barbell_Bench_Press_Uncontrolled_Movement_1_02.csv
1,10,1,2,1,35.07,35070,0.98,10.31,0.95,10.4,-0.1364,-0.0142,-0.4712,0.0,85.31,292.75,0.7985,9.6552,0.8149,9.7224,P001_Barbell_Bench_Press_Uncontrolled_Movement_1_02.csv
1,10,1,2,1,35.232,35232,-1.32,10.28,0.62,10.3829,0.0796,0.0436,-0.1571,3.38,85.56,289.31,0.5193,9.7375,0.7892,9.7832,P001_Barbell_Bench_Press_Uncontrolled_Movement_1_02.csv
1,10,1,2,1,35.357,35357,-1.59,9.02,0.59,9.1781,0.1004,0.1124,0.1222,3.75,85.0,288.44,0.2414,9.643,0.763,9.6761,P001_Barbell_Bench_Press_Uncontrolled_Movement_1_02.csv
1,10,1,2,1,35.478,35478,-0.19,9.67,0.65,9.6937,0.0022,0.1538,0.3643,1.38,84.63,289.88,0.1845,9.6465,0.7481,9.6773,P001_Barbell_Bench_Press_Uncontrolled_Movement_1_02.csv
1,10,1,2,1,35.599,35599,-0.04,9.9,0.96,9.9465,-0.0578,0.1309,-0.0011,0.88,84.81,289.38,0.155,9.6799,0.776,9.7122,P001_Barbell_Bench_Press_Uncontrolled_Movement_1_02.csv
1,10,1,2,1,35.72,35720,0.74,10.32,1.19,10.4147,-0.1145,0.0971,0.5934,-1.44,85.38,291.0,0.232,9.7643,0.8306,9.8023,P001_Barbell_Bench_Press_Uncontrolled_Movement_1_02.csv
1,10,1,2,1,35.841,35841,1.38,10.23,0.57,10.3384,-0.1309,-0.012,0.2193,-4.06,86.13,293.44,0.3833,9.8256,0.7962,9.8653,P001_Barbell_Bench_Press_Uncontrolled_Movement_1_02.csv
1,10,1,2,1,35.962,35962,1.29,10.43,0.19,10.5112,-0.0829,-0.0938,0.0513,-5.06,86.88,294.88,0.5028,9.9053,0.7163,9.9439,P001_Barbell_Bench_Press_Uncontrolled_Movement_1_02.csv
1,10,1,2,1,36.083,36083,1.24,10.6,0.22,10.6745,-0.0295,-0.1364,0.108,-5.88,87.31,296.5,0.5999,9.9968,0.6509,10.0359,P001_Barbell_Bench_Press_Uncontrolled_Movement_1_02.csv
1,10,1,2,1,36.249,36249,1.13,9.9,0.27,9.9679,0.0295,-0.1287,0.012,-6.56,87.31,298.38,0.6698,9.9841,0.6007,10.0245,P001_Barbell_Bench_Press_Uncontrolled_Movement_1_02.csv
1,10,1,2,1,36.371,36371,0.74,10.35,0.64,10.3961,0.0491,-0.0709,-0.2018,-5.56,86.94,298.06,0.679,10.0323,0.6059,10.0735,P001_Barbell_Bench_Press_Uncontrolled_Movement_1_02.csv
1,10,1,2,1,36.491,36491,0.71,10.58,0.84,10.637,0.0415,0.0251,-0.1647,-4.5,86.63,297.19,0.6831,10.1045,0.6368,10.1475,P001_Barbell_Bench_Press_Uncontrolled_Movement_1_02.csv
1,10,1,2,1,36.612,36612,-0.26,10.35,0.74,10.3797,0.0731,0.0796,-0.6283,-1.56,86.31,293.81,0.5588,10.1368,0.6504,10.173,P001_Barbell_Bench_Press_Uncontrolled_Movement_1_02.csv
1,10,1,2,1,36.733,36733,-0.13,10.33,0.66,10.3519,0.1014,0.1298,0.3316,-0.56,85.81,292.13,0.4681,10.1623,0.6516,10.1939,P001_Barbell_Bench_Press_Uncontrolled_Movement_1_02.csv
1,10,1,2,1,36.855,36855,1.11,9.71,0.72,9.7997,0.1669,0.0829,0.1342,-2.69,84.94,293.5,0.5527,10.1027,0.6606,10.1393,P001_Barbell_Bench_Press_Uncontrolled_Movement_1_02.csv
1,10,1,2,1,36.976,36976,0.51,9.91,0.81,9.9561,0.1265,0.0098,-0.4811,-1.44,84.13,291.81,0.547,10.0773,0.6803,10.115,P001_Barbell_Bench_Press_Uncontrolled_Movement_1_02.csv
1,10,1,2,1,37.102,37102,0.12,9.53,1.24,9.6111,0.1156,0.0,0.1516,-0.19,83.38,290.56,0.4908,10.0052,0.7541,10.0455,P001_Barbell_Bench_Press_Uncontrolled_Movement_1_02.csv
1,10,1,2,1,37.264,37264,0.73,8.78,1.54,8.9439,0.0502,-0.0807,-0.2749,-0.69,82.75,291.38,0.5223,9.8437,0.8576,9.8948,P001_Barbell_Bench_Press_Uncontrolled_Movement_1_02.csv
1,10,1,2,1,37.386,37386,-0.82,8.77,1.67,8.9652,-0.0229,-0.1124,0.2323,0.88,83.06,290.56,0.3454,9.7022,0.9647,9.7562,P001_Barbell_Bench_Press_Uncontrolled_Movement_1_02.csv
1,10,1,2,1,37.512,37512,0.55,9.56,1.39,9.6762,-0.1244,-0.1167,0.4407,-3.0,83.75,295.31,0.3724,9.6835,1.0207,9.7443,P001_Barbell_Bench_Press_Uncontrolled_Movement_1_02.csv
1,1,1,2,1,0.0,0,-7.56,6.23,0.06,9.7964,-0.0033,0.0196,0.0033,50.94,89.19,87.88,-7.7165,5.821,0.1382,9.6668,P001_Barbell_Bench_Press_Uncontrolled_Movement_1_028 (1).csv
1,1,1,2,1,0.13,130,-7.3,6.15,0.14,9.5463,0.0164,-0.0055,-0.0971,50.69,89.13,88.13,-7.6616,5.8643,0.1384,9.6493,P001_Barbell_Bench_Press_Uncontrolled_Movement_1_028 (1).csv
1,1,1,2,1,0.26,260,-7.82,6.01,0.02,9.8627,0.0316,-0.0251,-0.096,51.81,89.13,87.25,-7.6825,5.8835,0.1228,9.6773,P001_Barbell_Bench_Press_Uncontrolled_Movement_1_028 (1).csv
1,1,1,2,1,0.39,390,-7.64,6.0,0.17,9.7159,0.06,-0.0218,0.0971,51.5,88.94,87.94,-7.6769,5.8989,0.129,9.6823,P001_Barbell_Bench_Press_Uncontrolled_Movement_1_028 (1).csv
1,1,1,2,1,0.52,520,-7.58,5.78,0.2,9.5344,0.0458,-0.048,-0.0807,51.63,88.88,88.25,-7.6641,5.8832,0.1384,9.6628,P001_Barbell_Bench_Press_Uncontrolled_Movement_1_028 (1).csv
1,1,1,2,1,0.693,693,-7.8,6.55,0.01,10.1854,0.0371,-0.0185,0.2553,50.0,89.0,90.38,-7.682,5.9711,0.1215,9.7305,P001_Barbell_Bench_Press_Uncontrolled_Movement_1_028 (1).csv
1,1,1,2,1,0.824,824,-7.17,5.84,-0.05,9.2475,0.0284,-0.0295,-0.3643,50.75,88.88,89.94,-7.6145,5.9538,0.0989,9.6664,P001_Barbell_Bench_Press_Uncontrolled_Movement_1_028 (1).csv
1,1,1,2,1,0.954,954,-8.09,6.0,0.19,10.0739,0.0218,-0.0098,0.012,52.38,88.94,88.5,-7.6772,5.9599,0.1109,9.7197,P001_Barbell_Bench_Press_Uncontrolled_Movement_1_028 (1).csv
1,1,1,2,1,1.085,1085,-7.4,5.81,-0.01,9.4083,0.0076,0.0055,-0.0262,52.0,88.88,88.94,-7.6407,5.9401,0.0949,9.6785,P001_Barbell_Bench_Press_Uncontrolled_Movement_1_028 (1).csv
1,1,1,2,1,1.216,1216,-7.88,5.83,0.07,9.8025,-0.0098,0.0109,-0.0513,52.69,88.88,88.25,-7.6722,5.9256,0.0917,9.6945,P001_Barbell_Bench_Press_Uncontrolled_Movement_1_028 (1).csv
1,1,1,2,1,1.351,1351,-7.72,5.9,0.05,9.7165,-0.012,0.048,0.2269,51.81,88.63,89.0,-7.6785,5.9222,0.0862,9.6974,P001_Barbell_Bench_Press_Uncontrolled_Movement_1_028 (1).csv
1,1,1,2,1,1.482,1482,-7.75,5.97,0.2,9.7849,-0.048,0.0415,-0.2247,51.75,88.5,88.63,-7.6879,5.9285,0.1012,9.7089,P001_Barbell_Bench_Press_Uncontrolled_Movement_1_028 (1).csv
1,1,1,2,1,1.613,1613,-7.68,6.28,-0.01,9.9207,-0.0491,0.0785,0.2662,51.94,88.38,87.88,-7.6869,5.9749,0.0865,9.7362,P001_Barbell_Bench_Press_Uncontrolled_Movement_1_028 (1).csv
1,1,1,2,1,1.786,1786,-6.32,4.73,0.19,7.8963,-0.0425,0.0458,-0.384,51.88,88.13,87.19,-7.5068,5.8108,0.1002,9.4935,P001_Barbell_Bench_Press_Uncontrolled_Movement_1_028 (1).csv
1,1,1,2,1,1.917,1917,-7.06,5.8,0.14,9.138,0.036,0.084,0.5509,52.06,87.88,86.69,-7.4479,5.8094,0.1054,9.4462,P001_Barbell_Bench_Press_Uncontrolled_Movement_1_028 (1).csv
1,1,1,2,1,2.047,2047,-6.86,7.02,0.5,9.828,0.0633,0.0229,0.6043,47.06,87.25,91.56,-7.3704,5.9689,0.1574,9.4856,P001_Barbell_Bench_Press_Uncontrolled_Movement_1_028 (1).csv
1,1,1,2,1,2.178,2178,-6.41,6.88,-0.15,9.4045,-0.0185,-0.1254,-0.3251,46.0,87.63,93.06,-7.2439,6.089,0.1169,9.4638,P001_Barbell_Bench_Press_Uncontrolled_Movement_1_028 (1).csv
1,1,1,2,1,2.308,2308,-7.34,6.2,0.69,9.6328,0.0295,-0.0742,-0.4243,49.69,88.31,90.06,-7.2565,6.1036,0.1924,9.4841,P001_Barbell_Bench_Press_Uncontrolled_Movement_1_028 (1).csv
1,1,1,2,1,2.439,2439,-7.78,5.54,0.72,9.578,0.12,-0.0349,-0.0611,51.94,87.94,88.44,-7.3255,6.0293,0.2619,9.4913,P001_Barbell_Bench_Press_Uncontrolled_Movement_1_028 (1).csv
1,1,1,2,1,2.57,2570,-7.23,5.32,0.71,9.0044,0.0676,-0.1233,0.2116,50.31,88.44,90.69,-7.3129,5.9359,0.321,9.4242,P001_Barbell_Bench_Press_Uncontrolled_Movement_1_028 (1).csv
1,1,1,2,1,2.7,2700,-8.42,6.73,-0.35,10.7848,-0.0185,-0.0633,-0.0338,49.56,89.5,91.94,-7.4588,6.0405,0.2326,9.6008,P001_Barbell_Bench_Press_Uncontrolled_Movement_1_028 (1).csv
1,1,1,2,1,2.873,2873,-7.78,5.72,-0.71,9.6825,0.0425,0.1331,-0.1876,52.06,88.38,89.44,-7.5011,5.9983,0.1084,9.6051,P001_Barbell_Bench_Press_Uncontrolled_Movement_1_028 (1).csv
1,1,1,2,1,3.007,3007,-7.92,5.36,0.49,9.5758,-0.0447,0.1473,0.0873,52.13,86.75,88.81,-7.5563,5.9142,0.1586,9.5969,P001_Barbell_Bench_Press_Uncontrolled_Movement_1_028 (1).csv
1,1,1,2,1,3.138,3138,-7.28,5.99,0.73,9.4558,-0.0393,0.0796,0.1538,50.81,85.88,89.38,-7.5199,5.9242,0.2339,9.576,P001_Barbell_Bench_Press_Uncontrolled_Movement_1_028 (1).csv
1,1,1,2,1,3.269,3269,-7.7,6.5,0.46,10.0872,-0.0524,0.0633,-0.3862,51.88,85.5,87.69,-7.5436,6.0,0.2637,9.6424,P001_Barbell_Bench_Press_Uncontrolled_Movement_1_028 (1).csv
1,1,1,2,1,3.399,3399,-8.91,5.92,0.29,10.7013,-0.0338,0.0196,-0.048,53.94,85.19,85.25,-7.7237,5.9895,0.2672,9.7776,P001_Barbell_Bench_Press_Uncontrolled_Movement_1_028 (1).csv
1,1,1,2,1,3.53,3530,-8.48,5.69,0.57,10.228,-0.0415,0.0011,-0.1669,54.5,85.38,84.44,-7.8234,5.95,0.3071,9.8337,P001_Barbell_Bench_Press_Uncontrolled_Movement_1_028 (1).csv
1,1,1,2,1,3.66,3660,-8.07,5.26,0.33,9.6385,-0.0371,0.0011,-0.0251,55.5,85.5,83.19,-7.8559,5.8591,0.3101,9.8051,P001_Barbell_Bench_Press_Uncontrolled_Movement_1_028 (1).csv
1,1,1,2,1,3.791,3791,-8.24,5.48,0.34,9.9017,-0.048,0.0087,-0.0654,55.94,85.81,82.44,-7.9065,5.8091,0.314,9.8162,P001_Barbell_Bench_Press_Uncontrolled_Movement_1_028 (1).csv
1,1,1,2,1,3.964,3964,-7.19,5.45,0.39,9.0305,-0.012,0.0251,0.0447,54.56,85.94,83.38,-7.8121,5.7618,0.3241,9.7125,P001_Barbell_Bench_Press_Uncontrolled_Movement_1_028 (1).csv
1,1,1,2,1,4.096,4096,-8.52,5.99,0.45,10.4246,0.0011,-0.0022,-0.1691,55.56,85.75,82.38,-7.9054,5.7919,0.3407,9.8059,P001_Barbell_Bench_Press_Uncontrolled_Movement_1_028 (1).csv
1,1,1,2,1,4.227,4227,-9.69,6.33,0.28,11.5777,0.0262,-0.0164,-0.0644,56.19,85.69,81.81,-8.1405,5.8628,0.3327,10.0375,P001_Barbell_Bench_Press_Uncontrolled_Movement_1_028 (1).csv
1,2,1,2,1,4.362,4362,-7.76,5.65,0.3,9.6037,-0.0207,-0.0731,-0.0404,55.81,86.06,82.44,-8.0904,5.8348,0.3284,9.9803,P001_Barbell_Bench_Press_Uncontrolled_Movement_1_028 (1).csv
1,2,1,2,1,4.493,4493,-8.89,4.67,-0.01,10.042,-0.0556,-0.144,-1.1366,63.19,87.5,75.31,-8.1958,5.6813,0.2838,9.9764,P001_Barbell_Bench_Press_Uncontrolled_Movement_1_028 (1).csv
1,2,1,2,1,4.624,4624,-8.91,4.49,-0.1,9.9779,0.024,0.0393,0.8868,60.44,88.25,78.06,-8.2899,5.5243,0.2332,9.9646,P001_Barbell_Bench_Press_Uncontrolled_Movement_1_028 (1).csv
1,2,1,2,1,4.754,4754,-8.95,4.45,-0.03,9.9953,0.0502,0.0774,-0.1254,58.19,87.31,80.31,-8.3769,5.3827,0.1985,9.9592,P001_Barbell_Bench_Press_Uncontrolled_Movement_1_028 (1).csv
1,2,1,2,1,4.884,4884,-8.69,5.59,0.15,10.3338,0.0251,0.1385,0.661,56.13,85.81,82.25,-8.4181,5.41,0.1921,10.0085,P001_Barbell_Bench_Press_Uncontrolled_Movement_1_028 (1).csv
1,2,1,2,1,5.057,5057,-7.88,4.75,0.99,9.254,0.0654,0.0829,-0.4451,55.88,83.69,82.19,-8.3472,5.3231,0.2973,9.9045,P001_Barbell_Bench_Press_Uncontrolled_Movement_1_028 (1).csv
1,2,1,2,1,5.187,5187,-6.79,5.32,0.56,8.6441,0.0371,0.0644,0.2498,54.19,83.06,83.63,-8.142,5.3227,0.3319,9.7331,P001_Barbell_Bench_Press_Uncontrolled_Movement_1_028 (1).csv
1,2,1,2,1,5.317,5317,-8.61,6.01,0.92,10.5403,-0.0404,-0.0545,-0.0709,55.38,83.06,82.38,-8.2037,5.4132,0.4094,9.8372,P001_Barbell_Bench_Press_Uncontrolled_Movement_1_028 (1).csv
1,2,1,2,1,5.447,5447,-6.64,5.55,0.3,8.6592,-0.0404,-0.0698,0.0502,54.63,84.0,83.31,-7.9976,5.4313,0.395,9.6756,P001_Barbell_Bench_Press_Uncontrolled_Movement_1_028 (1).csv
1,2,1,2,1,5.577,5577,-9.41,6.46,0.38,11.4203,0.012,-0.0458,-0.1582,56.38,84.31,81.81,-8.1837,5.5668,0.393,9.9054,P001_Barbell_Bench_Press_Uncontrolled_Movement_1_028 (1).csv
1,2,1,2,1,5.708,5708,-7.4,3.75,0.97,8.3524,0.0,-0.1047,-0.2825,58.19,85.0,80.31,-8.0805,5.3274,0.469,9.69,P001_Barbell_Bench_Press_Uncontrolled_Movement_1_028 (1).csv
1,2,1,2,1,5.838,5838,-8.07,4.4,0.88,9.2336,0.0425,-0.0098,0.0447,58.88,85.44,79.88,-8.0791,5.2052,0.5232,9.6249,P001_Barbell_Bench_Press_Uncontrolled_Movement_1_028 (1).csv
1,2,1,2,1,5.968,5968,-7.8,5.54,-0.17,9.5687,-0.0502,-0.0785,0.3043,57.25,86.75,81.63,-8.0423,5.2493,0.4318,9.6136,P001_Barbell_Bench_Press_Uncontrolled_Movement_1_028 (1).csv
1,2,1,2,1,6.141,6141,-6.51,4.51,0.31,7.9257,0.1167,-0.0382,-0.1091,55.25,86.63,84.06,-7.8404,5.1519,0.4158,9.3908,P001_Barbell_Bench_Press_Uncontrolled_Movement_1_028 (1).csv
1,2,1,2,1,6.271,6271,-8.07,5.51,0.56,9.7877,0.0196,-0.0076,0.2574,55.25,86.94,84.13,-7.8706,5.1991,0.4348,9.4428,P001_Barbell_Bench_Press_Uncontrolled_Movement_1_028 (1).csv
1,2,1,2,1,6.401,6401,-7.99,5.99,1.22,10.0602,0.0949,-0.0033,0.144,53.63,86.94,85.88,-7.8864,5.3033,0.5383,9.5189,P001_Barbell_Bench_Press_Uncontrolled_Movement_1_028 (1).csv
1,2,1,2,1,6.531,6531,-7.55,5.66,-0.02,9.436,0.0393,-0.048,-0.1222,54.19,87.0,85.56,-7.842,5.3503,0.4647,9.5047,P001_Barbell_Bench_Press_Uncontrolled_Movement_1_028 (1).csv
1,2,1,2,1,6.661,6661,-7.33,4.7,-0.26,8.7113,0.0611,-0.0207,-0.4254,56.38,87.0,83.88,-7.7746,5.2646,0.3692,9.3966,P001_Barbell_Bench_Press_Uncontrolled_Movement_1_028 (1).csv
1,2,1,2,1,6.791,6791,-8.96,6.59,0.09,11.1229,0.0109,-0.0109,0.4734,56.5,87.06,84.0,-7.9308,5.4393,0.3324,9.6225,P001_Barbell_Bench_Press_Uncontrolled_Movement_1_028 (1).csv
1,2,1,2,1,6.922,6922,-6.85,4.9,-0.14,8.4233,0.0131,-0.0371,-0.9883,56.69,87.13,84.0,-7.7884,5.3682,0.2702,9.463,P001_Barbell_Bench_Press_Uncontrolled_Movement_1_028 (1).csv
1,2,1,2,1,7.052,7052,-8.72,4.41,-0.08,9.772,-0.0567,-0.0513,0.2083,60.56,87.63,80.13,-7.9111,5.2419,0.224,9.4928,P001_Barbell_Bench_Press_Uncontrolled_Movement_1_028 (1).csv
1,2,1,2,1,7.225,7225,-9.25,4.43,0.07,10.2563,-0.0404,-0.0055,-0.3283,60.25,88.94,80.06,-8.0876,5.1349,0.2037,9.5822,P001_Barbell_Bench_Press_Uncontrolled_Movement_1_028 (1).csv
1,2,1,2,1,7.356,7356,-9.2,5.1,0.17,10.5204,-0.0044,0.096,0.4047,59.25,88.56,80.69,-8.2341,5.1303,0.1993,9.7037,P001_Barbell_Bench_Press_Uncontrolled_Movement_1_028 (1).csv
1,2,1,2,1,7.487,7487,-8.1,4.46,0.45,9.2577,0.0022,0.0742,-0.2029,58.75,87.38,80.81,-8.2165,5.042,0.2323,9.6429,P001_Barbell_Bench_Press_Uncontrolled_Movement_1_028 (1).csv
1,2,1,2,1,7.617,7617,-8.09,4.76,0.23,9.3893,0.0,-0.0284,0.1429,59.44,87.13,79.94,-8.1998,5.0048,0.232,9.6093,P001_Barbell_Bench_Press_Uncontrolled_Movement_1_028 (1).csv
1,2,1,2,1,7.748,7748,-8.58,5.66,-0.07,10.279,-0.0164,-0.1254,-0.0851,58.38,88.31,81.25,-8.2499,5.0912,0.1922,9.6963,P001_Barbell_Bench_Press_Uncontrolled_Movement_1_028 (1).csv
1,2,1,2,1,7.878,7878,-9.11,5.53,-0.28,10.6607,0.0011,-0.0753,0.0295,59.5,89.69,80.56,-8.3632,5.149,0.13,9.8221,P001_Barbell_Bench_Press_Uncontrolled_Movement_1_028 (1).csv
1,2,1,2,1,8.013,8013,-8.19,4.51,-0.33,9.3555,0.0404,0.0622,-0.2574,59.56,89.38,80.69,-8.3404,5.0648,0.0694,9.758,P001_Barbell_Bench_Press_Uncontrolled_Movement_1_028 (1).csv
1,2,1,2,1,8.143,8143,-9.01,4.43,0.0,10.0402,-0.0295,0.0905,-0.072,61.38,88.44,78.63,-8.4286,4.9811,0.0602,9.7907,P001_Barbell_Bench_Press_Uncontrolled_Movement_1_028 (1).csv
1,2,1,2,1,8.316,8316,-8.29,4.51,0.34,9.4435,-0.084,0.0873,0.0469,61.31,87.38,77.63,-8.4104,4.9191,0.0971,9.7438,P001_Barbell_Bench_Press_Uncontrolled_Movement_1_028 (1).csv
1,2,1,2,1,8.447,8447,-8.37,4.44,0.22,9.4773,-0.0502,0.0458,-0.1953,62.13,86.88,76.19,-8.4051,4.8559,0.1133,9.7076,P001_Barbell_Bench_Press_Uncontrolled_Movement_1_028 (1).csv
1,2,1,2,1,8.577,8577,-8.84,4.85,0.08,10.0834,-0.0316,0.0055,-0.0109,62.38,86.88,75.63,-8.4624,4.8552,0.1089,9.7568,P001_Barbell_Bench_Press_Uncontrolled_Movement_1_028 (1).csv
1,2,1,2,1,8.708,8708,-8.39,4.69,0.0,9.6119,-0.0044,-0.0316,-0.0153,62.44,87.31,75.5,-8.4528,4.8334,0.0946,9.7376,P001_Barbell_Bench_Press_Uncontrolled_Movement_1_028 (1).csv
1,2,1,2,1,8.839,8839,-9.7,5.01,0.06,10.9176,0.0284,-0.0622,-0.1985,63.31,87.94,74.88,-8.6172,4.8567,0.09,9.892,P001_Barbell_Bench_Press_Uncontrolled_Movement_1_028 (1).csv
1,2,1,2,1,8.969,8969,-10.86,4.72,0.04,11.8414,0.0273,-0.0065,0.0785,64.19,88.31,74.25,-8.9127,4.8387,0.0834,10.1418,P001_Barbell_Bench_Press_Uncontrolled_Movement_1_028 (1).csv
1,3,1,2,1,9.099,9099,-8.2,4.15,0.07,9.1906,-0.0327,-0.0316,0.3731,61.63,88.56,76.81,-8.8188,4.7479,0.0816,10.016,P001_Barbell_Bench_Press_Uncontrolled_Movement_1_028 (1).csv
1,3,1,2,1,9.23,9230,-7.89,4.15,0.11,8.9155,-0.0545,-0.0665,0.0229,60.44,89.69,77.88,-8.6964,4.6691,0.0854,9.8709,P001_Barbell_Bench_Press_Uncontrolled_Movement_1_028 (1).csv
1,3,1,2,1,9.402,9402,-8.7,4.92,-0.47,10.0059,-0.0153,-0.0055,0.2182,60.25,90.44,78.0,-8.6969,4.7022,0.0122,9.8867,P001_Barbell_Bench_Press_Uncontrolled_Movement_1_028 (1).csv
1,3,1,2,1,9.532,9532,-8.38,4.81,0.02,9.6623,0.0349,0.0022,0.2618,58.13,90.56,80.13,-8.6551,4.7164,0.0132,9.8568,P001_Barbell_Bench_Press_Uncontrolled_Movement_1_028 (1).csv
1,3,1,2,1,9.662,9662,-8.43,5.34,-0.07,9.9792,0.048,0.0196,0.252,56.75,90.38,81.69,-8.6255,4.7986,0.0023,9.8704,P001_Barbell_Bench_Press_Uncontrolled_Movement_1_028 (1).csv
1,3,1,2,1,9.792,9792,-7.16,5.39,-0.22,8.9647,0.0382,-0.0305,-0.0829,55.25,89.81,83.5,-8.4324,4.8765,-0.027,9.7409,P001_Barbell_Bench_Press_Uncontrolled_Movement_1_028 (1).csv
1,3,1,2,1,9.922,9922,-7.31,5.35,0.72,9.0872,0.0436,-0.0502,0.8825,54.31,89.94,84.81,-8.2845,4.9389,0.0714,9.6452,P001_Barbell_Bench_Press_Uncontrolled_Movement_1_028 (1).csv
1,3,1,2,1,10.052,10052,-6.46,5.09,0.53,8.2414,-0.0207,-0.0709,-0.6861,51.75,90.5,87.75,-8.044,4.9588,0.1318,9.4506,P001_Barbell_Bench_Press_Uncontrolled_Movement_1_028 (1).csv
1,3,1,2,1,10.183,10183,-8.19,5.79,-0.64,10.0504,0.0611,-0.0011,0.0327,55.5,90.75,84.31,-8.0633,5.0683,0.0301,9.5239,P001_Barbell_Bench_Press_Uncontrolled_Movement_1_028 (1).csv
1,3,1,2,1,10.313,10313,-7.6,6.21,-1.27,9.8963,0.0295,-0.0327,-0.2302,55.69,90.81,84.19,-8.0022,5.2188,-0.1412,9.5546,P001_Barbell_Bench_Press_Uncontrolled_Movement_1_028 (1).csv
1,3,1,2,1,10.486,10486,-8.34,4.5,-0.2,9.4787,-0.0993,0.0164,-0.12,58.31,91.38,81.06,-8.0467,5.1241,-0.1489,9.5409,P001_Barbell_Bench_Press_Uncontrolled_Movement_1_028 (1).csv
1,3,1,2,1,10.616,10616,-9.13,4.23,0.29,10.0665,-0.0055,0.132,-0.7069,61.88,91.44,76.88,-8.1895,5.0062,-0.0911,9.5989,P001_Barbell_Bench_Press_Uncontrolled_Movement_1_028 (1).csv
1,3,1,2,1,10.746,10746,-7.02,5.09,-0.85,8.7127,-0.0251,0.1069,0.2323,61.13,89.31,77.0,-8.0354,5.0173,-0.1911,9.4751,P001_Barbell_Bench_Press_Uncontrolled_Movement_1_028 (1).csv
1,3,1,2,1,10.876,10876,-8.61,3.96,-0.23,9.4798,0.0338,0.0262,-0.3414,64.38,88.63,73.56,-8.1111,4.878,-0.1962,9.4669,P001_Barbell_Bench_Press_Uncontrolled_Movement_1_028 (1).csv
1,3,1,2,1,11.006,11006,-7.49,3.58,0.4,8.3112,0.1047,0.0851,0.8192,59.94,87.63,78.13,-8.0293,4.7069,-0.1177,9.3079,P001_Barbell_Bench_Press_Uncontrolled_Movement_1_028 (1).csv
1,3,1,2,1,11.136,11136,-6.03,4.6,0.29,7.5898,0.0338,-0.0011,-0.0654,58.25,87.13,79.88,-7.7658,4.6928,-0.0639,9.0738,P001_Barbell_Bench_Press_Uncontrolled_Movement_1_028 (1).csv
1,3,1,2,1,11.267,11267,-7.85,5.07,0.24,9.348,0.2182,0.0938,-0.1636,57.75,86.19,80.88,-7.7769,4.7425,-0.0239,9.1089,P001_Barbell_Bench_Press_Uncontrolled_Movement_1_028 (1).csv
1,3,1,2,1,11.398,11398,-6.88,4.1,-0.04,8.0091,0.048,-0.0556,0.2858,57.31,85.63,81.88,-7.6587,4.6579,-0.026,8.9639,P001_Barbell_Bench_Press_Uncontrolled_Movement_1_028 (1).csv
1,3,1,2,1,11.57,11570,-8.97,6.5,0.93,11.1165,0.048,-0.0284,0.1004,53.94,85.94,85.69,-7.8315,4.9006,0.1,9.239,P001_Barbell_Bench_Press_Uncontrolled_Movement_1_028 (1).csv
1,3,1,2,1,11.701,11701,-7.67,5.45,0.23,9.4119,0.0338,0.0589,-0.3,55.44,85.13,84.38,-7.8102,4.973,0.1171,9.2598,P001_Barbell_Bench_Press_Uncontrolled_Movement_1_028 (1).csv
1,3,1,2,1,11.831,11831,-8.45,5.81,0.18,10.2563,-0.0807,0.0207,-0.1745,57.0,84.69,82.5,-7.8945,5.0833,0.1254,9.3904,P001_Barbell_Bench_Press_Uncontrolled_Movement_1_028 (1).csv
1,3,1,2,1,11.962,11962,-7.58,3.95,0.68,8.5745,-0.0622,-0.0164,-0.3436,59.06,85.06,80.0,-7.8531,4.934,0.1985,9.2765,P001_Barbell_Bench_Press_Uncontrolled_Movement_1_028 (1).csv
1,3,1,2,1,12.092,12092,-9.09,5.47,0.55,10.6232,0.0382,0.0,-0.0175,60.31,85.25,78.5,-8.0161,5.0046,0.2448,9.4532,P001_Barbell_Bench_Press_Uncontrolled_Movement_1_028 (1).csv
1,3,1,2,1,12.223,12223,-7.56,4.37,0.07,8.7324,0.0916,-0.048,0.0185,59.44,85.06,80.0,-7.956,4.921,0.2218,9.3575,P001_Barbell_Bench_Press_Uncontrolled_Movement_1_028 (1).csv
1,3,1,2,1,12.354,12354,-8.83,5.3,0.73,10.3243,0.1516,-0.0415,-0.324,61.0,84.75,79.38,-8.0711,4.9709,0.2887,9.4835,P001_Barbell_Bench_Press_Uncontrolled_Movement_1_028 (1).csv
1,3,1,2,1,12.484,12484,-9.8,4.3,0.25,10.7048,0.0785,0.0295,-0.0251,62.56,83.56,78.5,-8.299,4.8825,0.2836,9.6329,P001_Barbell_Bench_Press_Uncontrolled_Movement_1_028 (1).csv
1,3,1,2,1,12.657,12657,-8.39,3.44,0.83,9.1057,-0.0469,0.0589,-0.4211,63.44,82.44,77.38,-8.311,4.6924,0.3556,9.5508,P001_Barbell_Bench_Press_Uncontrolled_Movement_1_028 (1).csv
1,3,1,2,1,12.791,12791,-9.24,4.62,0.42,10.3392,-0.06,0.0458,0.0578,64.69,81.75,75.56,-8.4334,4.6829,0.3641,9.6532,P001_Barbell_Bench_Press_Uncontrolled_Movement_1_028 (1).csv
1,3,1,2,1,12.923,12923,-9.23,4.11,0.33,10.1091,-0.0731,-0.048,-0.1014,64.5,82.44,75.38,-8.5384,4.6074,0.3596,9.7088,P001_Barbell_Bench_Press_Uncontrolled_Movement_1_028 (1).csv
1,3,1,2,1,13.053,13053,-9.01,4.98,0.28,10.2985,-0.1014,0.0,0.3894,63.0,84.06,76.31,-8.6005,4.6565,0.3491,9.7864,P001_Barbell_Bench_Press_Uncontrolled_Movement_1_028 (1).csv
1,3,1,2,1,13.184,13184,-9.02,4.11,0.2,9.9143,-0.0774,0.0087,-0.4265,64.0,84.56,74.75,-8.6558,4.5845,0.3295,9.8004,P001_Barbell_Bench_Press_Uncontrolled_Movement_1_028 (1).csv
1,3,1,2,1,13.314,13314,-10.04,4.89,0.38,11.174,-0.0513,0.0469,0.2105,64.25,84.56,73.94,-8.8382,4.6247,0.3361,9.9807,P001_Barbell_Bench_Press_Uncontrolled_Movement_1_028 (1).csv
1,3,1,2,1,13.444,13444,-9.88,4.42,-0.06,10.8238,-0.0055,0.0938,0.132,63.38,83.81,74.5,-8.9755,4.5978,0.2839,10.0886,P001_Barbell_Bench_Press_Uncontrolled_Movement_1_028 (1).csv
1,4,1,2,1,13.575,13575,-7.25,4.56,0.82,8.604,0.0185,0.0785,0.2618,60.13,83.25,77.38,-8.7481,4.5928,0.3546,9.8868,P001_Barbell_Bench_Press_Uncontrolled_Movement_1_028 (1).csv
1,4,1,2,1,13.748,13748,-9.55,3.96,0.21,10.3406,-0.0873,0.0022,-0.108,65.38,81.56,71.88,-8.8538,4.5094,0.3355,9.9417,P001_Barbell_Bench_Press_Uncontrolled_Movement_1_028 (1).csv
1,4,1,2,1,13.879,13879,-8.17,4.39,0.42,9.2843,-0.1047,-0.0207,0.1844,63.06,82.88,73.69,-8.7637,4.4937,0.3467,9.8547,P001_Barbell_Bench_Press_Uncontrolled_Movement_1_028 (1).csv
1,4,1,2,1,14.01,14010,-9.04,4.61,0.33,10.153,-0.0393,-0.0316,-0.0993,62.25,83.94,74.13,-8.8001,4.509,0.3445,9.894,P001_Barbell_Bench_Press_Uncontrolled_Movement_1_028 (1).csv
1,4,1,2,1,14.142,14142,-8.43,4.4,0.71,9.5357,0.0327,-0.0371,0.0851,61.5,84.69,74.88,-8.7513,4.4946,0.3926,9.8459,P001_Barbell_Bench_Press_Uncontrolled_Movement_1_028 (1).csv
1,4,1,2,1,14.273,14273,-8.78,4.79,0.47,10.0127,0.0774,-0.0404,0.1385,62.06,84.94,74.69,-8.7551,4.5336,0.4028,9.8675,P001_Barbell_Bench_Press_Uncontrolled_Movement_1_028 (1).csv
1,4,1,2,1,14.407,14407,-7.84,4.45,0.48,9.0277,0.0764,-0.0196,0.7919,59.88,84.75,77.69,-8.6345,4.5225,0.413,9.756,P001_Barbell_Bench_Press_Uncontrolled_Movement_1_028 (1).csv
1,4,1,2,1,14.538,14538,-8.83,4.43,0.36,9.8855,0.0524,-0.0971,-0.7439,60.25,85.0,78.0,-8.6603,4.5103,0.406,9.7728,P001_Barbell_Bench_Press_Uncontrolled_Movement_1_028 (1).csv
1,4,1,2,1,14.668,14668,-8.02,4.3,0.3,9.105,0.0185,-0.0894,0.0633,60.88,86.0,77.88,-8.5759,4.4826,0.392,9.6847,P001_Barbell_Bench_Press_Uncontrolled_Movement_1_028 (1).csv
1,4,1,2,1,14.841,14841,-8.46,4.41,0.37,9.5476,0.0447,-0.0011,0.0109,61.81,86.19,77.44,-8.5606,4.4731,0.3891,9.6666,P001_Barbell_Bench_Press_Uncontrolled_Movement_1_028 (1).csv
1,4,1,2,1,14.972,14972,-7.17,4.44,-0.14,8.4346,0.0295,0.0524,0.5203,61.06,85.88,78.31,-8.3774,4.4687,0.3194,9.5001,P001_Barbell_Bench_Press_Uncontrolled_Movement_1_028 (1).csv
1,4,1,2,1,15.102,15102,-8.13,5.06,-0.43,9.5857,0.0164,0.0785,0.2389,61.25,84.94,78.06,-8.3448,4.5466,0.2207,9.5056,P001_Barbell_Bench_Press_Uncontrolled_Movement_1_028 (1).csv
1,4,1,2,1,15.232,15232,-8.74,4.5,0.26,9.8339,-0.0033,0.0316,-0.3294,63.5,84.25,75.75,-8.3969,4.5405,0.2258,9.5485,P001_Barbell_Bench_Press_Uncontrolled_Movement_1_028 (1).csv
1,4,1,2,1,15.362,15362,-8.1,4.62,-0.07,9.3252,-0.0142,0.0665,0.4821,63.0,83.13,76.06,-8.3577,4.551,0.1869,9.5183,P001_Barbell_Bench_Press_Uncontrolled_Movement_1_028 (1).csv
1,4,1,2,1,15.492,15492,-8.7,5.06,0.82,10.0978,-0.0011,-0.036,-0.8116,60.5,83.75,78.5,-8.4028,4.618,0.2703,9.592,P001_Barbell_Bench_Press_Uncontrolled_Movement_1_028 (1).csv
1,4,1,2,1,15.622,15622,-8.58,4.08,0.61,9.5202,0.0807,0.0676,-0.0764,62.44,82.5,76.63,-8.4262,4.5471,0.3151,9.58,P001_Barbell_Bench_Press_Uncontrolled_Movement_1_028 (1).csv
1,4,1,2,1,15.752,15752,-6.56,5.33,0.32,8.4584,0.0229,0.0633,0.9338,56.06,82.69,82.88,-8.1803,4.6503,0.3157,9.415,P001_Barbell_Bench_Press_Uncontrolled_Movement_1_028 (1).csv
1,4,1,2,1,15.925,15925,-7.65,4.54,0.52,8.9109,0.0316,0.1265,0.0578,59.0,80.44,79.56,-8.1104,4.6358,0.3426,9.3481,P001_Barbell_Bench_Press_Uncontrolled_Movement_1_028 (1).csv
1,4,1,2,1,16.055,16055,-8.74,4.63,0.43,9.9,-0.0633,0.0458,0.4614,59.06,79.56,79.06,-8.1934,4.635,0.3541,9.4202,P001_Barbell_Bench_Press_Uncontrolled_Movement_1_028 (1).csv
1,4,1,2,1,16.185,16185,-9.23,4.41,1.27,10.308,-0.0731,0.0665,-1.3494,59.13,79.44,78.31,-8.33,4.6054,0.4748,9.5301,P001_Barbell_Bench_Press_Uncontrolled_Movement_1_028 (1).csv
1,4,1,2,1,16.315,16315,-7.95,5.0,0.85,9.43,-0.0284,0.1418,0.5541,57.69,78.5,78.81,-8.2799,4.6574,0.5243,9.5143,P001_Barbell_Bench_Press_Uncontrolled_Movement_1_028 (1).csv
1,4,1,2,1,16.445,16445,-8.75,4.62,0.99,9.9442,-0.0327,0.0349,-0.3905,59.56,77.06,76.38,-8.3418,4.6524,0.5856,9.5695,P001_Barbell_Bench_Press_Uncontrolled_Movement_1_028 (1).csv
1,4,1,2,1,16.575,16575,-8.15,4.56,1.02,9.3945,-0.0447,-0.1036,-0.4505,60.81,77.13,75.06,-8.3166,4.6403,0.6429,9.5452,P001_Barbell_Bench_Press_Uncontrolled_Movement_1_028 (1).csv
1,4,1,2,1,16.705,16705,-8.89,4.54,1.13,10.0459,-0.0251,-0.1494,0.5814,61.25,79.0,75.19,-8.3921,4.627,0.7071,9.6092,P001_Barbell_Bench_Press_Uncontrolled_Movement_1_028 (1).csv
1,4,1,2,1,16.836,16836,-9.87,4.84,0.62,11.0103,0.0196,-0.1494,-0.5651,61.81,80.81,75.38,-8.5869,4.6551,0.6956,9.7923,P001_Barbell_Bench_Press_Uncontrolled_Movement_1_028 (1).csv
1,4,1,2,1,17.009,17009,-8.95,4.35,0.49,9.9632,0.0622,-0.048,-0.0698,61.13,81.81,77.0,-8.6347,4.6149,0.6685,9.8134,P001_Barbell_Bench_Press_Uncontrolled_Movement_1_028 (1).csv
1,4,1,2,1,17.14,17140,-8.57,4.4,0.27,9.6373,0.0251,-0.0687,-0.48,61.0,82.19,77.69,-8.6262,4.5866,0.616,9.7891,P001_Barbell_Bench_Press_Uncontrolled_Movement_1_028 (1).csv
1,4,1,2,1,17.271,17271,-7.65,4.91,0.34,9.0965,0.0,-0.0349,0.7309,58.38,83.31,80.63,-8.4976,4.6292,0.5796,9.694,P001_Barbell_Bench_Press_Uncontrolled_Movement_1_028 (1).csv
1,4,1,2,1,17.403,17403,-8.49,4.19,0.1,9.4682,-0.0295,-0.0436,-0.3818,61.44,83.38,77.81,-8.4966,4.5713,0.5164,9.6621,P001_Barbell_Bench_Press_Uncontrolled_Movement_1_028 (1).csv
1,4,1,2,1,17.533,17533,-9.58,4.18,0.4,10.4599,-0.0556,-0.0676,-0.3927,63.25,83.88,76.0,-8.6393,4.5198,0.5011,9.7631,P001_Barbell_Bench_Press_Uncontrolled_Movement_1_028 (1).csv
1,4,1,2,1,17.668,17668,-7.91,4.84,0.47,9.2852,-0.0927,-0.0687,0.1233,60.25,85.88,78.81,-8.5432,4.562,0.497,9.6977,P001_Barbell_Bench_Press_Uncontrolled_Movement_1_028 (1).csv
1,4,1,2,1,17.799,17799,-9.58,4.55,0.18,10.6071,-0.0567,0.0305,-0.1942,64.06,86.38,74.63,-8.6798,4.5604,0.4552,9.8155,P001_Barbell_Bench_Press_Uncontrolled_Movement_1_028 (1).csv
1,4,1,2,1,17.929,17929,-8.81,4.6,0.14,9.9396,-0.0044,0.1069,0.1669,62.81,85.5,75.44,-8.697,4.5656,0.4137,9.8313,P001_Barbell_Bench_Press_Uncontrolled_Movement_1_028 (1).csv
1,4,1,2,1,18.102,18102,-7.82,4.4,0.17,8.9745,0.0044,0.0196,-0.1396,63.06,84.38,74.88,-8.5814,4.5438,0.3816,9.7176,P001_Barbell_Bench_Press_Uncontrolled_Movement_1_028 (1).csv
1,4,1,2,1,18.232,18232,-9.38,4.27,0.26,10.3095,0.0065,-0.0535,0.1058,65.56,84.25,72.5,-8.6867,4.5077,0.3655,9.7934,P001_Barbell_Bench_Press_Uncontrolled_Movement_1_028 (1).csv
1,4,1,2,1,18.362,18362,-9.82,4.84,0.29,10.9518,-0.0098,0.0022,0.324,62.19,85.38,76.13,-8.836,4.5515,0.3556,9.9457,P001_Barbell_Bench_Press_Uncontrolled_Movement_1_028 (1).csv
1,4,1,2,1,18.492,18492,-9.51,4.72,0.0,10.6169,-0.0611,0.0218,0.0676,62.31,85.19,75.81,-8.9248,4.5737,0.3087,10.0333,P001_Barbell_Bench_Press_Uncontrolled_Movement_1_028 (1).csv
1,4,1,2,1,18.622,18622,-8.38,4.99,0.18,9.7548,-0.0829,-0.0142,-0.3916,61.44,85.56,76.38,-8.853,4.6286,0.2918,9.9942,P001_Barbell_Bench_Press_Uncontrolled_Movement_1_028 (1).csv
1,4,1,2,1,18.752,18752,-10.06,3.67,0.48,10.7193,-0.0916,-0.0065,0.721,64.13,85.81,73.5,-9.0121,4.5022,0.3166,10.0791,P001_Barbell_Bench_Press_Uncontrolled_Movement_1_028 (1).csv
1,5,1,2,1,18.883,18883,-6.97,4.8,-0.09,8.4634,-0.108,-0.0196,0.0578,58.19,87.06,79.0,-8.743,4.5415,0.263,9.8557,P001_Barbell_Bench_Press_Uncontrolled_Movement_1_028 (1).csv
1,5,1,2,1,19.013,19013,-8.87,4.42,0.21,9.9125,-0.0927,-0.0764,-0.4909,62.75,88.44,74.0,-8.7597,4.5255,0.256,9.863,P001_Barbell_Bench_Press_Uncontrolled_Movement_1_028 (1).csv
1,5,1,2,1,19.186,19186,-7.81,4.76,-0.07,9.1465,-0.0142,0.012,0.4025,61.13,89.56,75.38,-8.6346,4.5564,0.2131,9.7653,P001_Barbell_Bench_Press_Uncontrolled_Movement_1_028 (1).csv
1,5,1,2,1,19.316,19316,-9.5,4.27,-0.23,10.4181,0.0731,0.0589,0.0415,62.13,88.81,74.5,-8.7486,4.5186,0.1547,9.8479,P001_Barbell_Bench_Press_Uncontrolled_Movement_1_028 (1).csv
1,5,1,2,1,19.446,19446,-7.77,4.37,0.32,8.9203,0.1309,0.012,-0.2531,60.25,87.63,76.75,-8.6197,4.4991,0.1765,9.7248,P001_Barbell_Bench_Press_Uncontrolled_Movement_1_028 (1).csv
1,5,1,2,1,19.576,19576,-8.89,4.9,0.27,10.1546,0.2673,0.0654,0.0818,61.56,85.88,76.44,-8.6553,4.5519,0.1888,9.7811,P001_Barbell_Bench_Press_Uncontrolled_Movement_1_028 (1).csv
1,5,1,2,1,19.706,19706,-8.61,4.3,0.67,9.6473,0.1822,-0.1004,-0.0349,61.19,84.5,78.25,-8.6493,4.5187,0.2522,9.7618,P001_Barbell_Bench_Press_Uncontrolled_Movement_1_028 (1).csv
1,5,1,2,1,19.836,19836,-5.78,3.21,0.55,6.6344,0.2149,-0.0327,0.3785,58.75,84.25,82.06,-8.2712,4.3462,0.2914,9.3481,P001_Barbell_Bench_Press_Uncontrolled_Movement_1_028 (1).csv
1,5,1,2,1,19.966,19966,-9.06,5.76,0.46,10.7458,-0.0349,-0.1276,-0.0065,58.56,85.25,83.06,-8.3752,4.5325,0.3137,9.5281,P001_Barbell_Bench_Press_Uncontrolled_Movement_1_028 (1).csv
1,5,1,2,1,20.098,20098,-7.68,4.6,0.3,8.9573,-0.0654,0.0458,-0.2334,58.94,85.81,82.5,-8.2836,4.5414,0.3119,9.4519,P001_Barbell_Bench_Press_Uncontrolled_Movement_1_028 (1).csv
1,5,1,2,1,20.273,20273,-8.12,4.73,0.05,9.3973,-0.1614,0.0938,0.1462,59.81,85.75,80.19,-8.262,4.5663,0.2773,9.444,P001_Barbell_Bench_Press_Uncontrolled_Movement_1_028 (1).csv
1,5,1,2,1,20.407,20407,-8.22,4.82,0.31,9.534,-0.1265,0.0513,-0.0829,59.38,85.81,79.38,-8.2565,4.5997,0.2816,9.4555,P001_Barbell_Bench_Press_Uncontrolled_Movement_1_028 (1).csv
1,5,1,2,1,20.538,20538,-8.32,4.98,0.41,9.7052,-0.0611,0.0044,-0.0785,60.63,85.81,77.5,-8.2648,4.6498,0.2986,9.4878,P001_Barbell_Bench_Press_Uncontrolled_Movement_1_028 (1).csv
1,5,1,2,1,20.669,20669,-7.85,4.57,0.45,9.0945,0.0196,-0.0251,-0.3774,61.06,86.0,76.88,-8.2102,4.6393,0.3185,9.4357,P001_Barbell_Bench_Press_Uncontrolled_Movement_1_028 (1).csv
1,5,1,2,1,20.799,20799,-7.99,4.4,0.1,9.122,0.0676,0.012,0.4407,62.25,85.75,76.06,-8.1812,4.6078,0.2897,9.394,P001_Barbell_Bench_Press_Uncontrolled_Movement_1_028 (1).csv
1,5,1,2,1,20.93,20930,-7.5,3.78,0.24,8.4021,0.0207,-0.096,-0.3098,61.19,86.0,77.44,-8.0914,4.4987,0.2832,9.2622,P001_Barbell_Bench_Press_Uncontrolled_Movement_1_028 (1).csv
1,5,1,2,1,21.06,21060,-8.5,3.95,0.76,9.4037,0.0556,-0.0251,0.0229,63.38,86.75,75.69,-8.1452,4.4264,0.346,9.2767,P001_Barbell_Bench_Press_Uncontrolled_Movement_1_028 (1).csv
1,5,1,2,1,21.191,21191,-8.66,5.28,-0.92,10.1843,-0.0185,0.0175,0.5356,59.56,86.44,79.69,-8.2131,4.5389,0.1792,9.3855,P001_Barbell_Bench_Press_Uncontrolled_Movement_1_028 (1).csv
1,5,1,2,1,21.364,21364,-8.99,5.0,-0.83,10.3203,-0.0513,-0.0131,0.1069,60.19,87.0,78.81,-8.3155,4.5996,0.0462,9.5029,P001_Barbell_Bench_Press_Uncontrolled_Movement_1_028 (1).csv
1,5,1,2,1,21.495,21495,-7.23,4.41,-0.27,8.4731,0.0774,0.0218,0.1484,57.81,86.94,81.13,-8.1724,4.5746,0.0045,9.3657,P001_Barbell_Bench_Press_Uncontrolled_Movement_1_028 (1).csv
1,5,1,2,1,21.625,21625,-9.18,5.46,-0.63,10.6996,0.024,0.0055,0.084,58.0,86.56,81.25,-8.3052,4.6913,-0.0791,9.5389,P001_Barbell_Bench_Press_Uncontrolled_Movement_1_028 (1).csv
1,5,1,2,1,21.756,21756,-8.52,6.34,0.92,10.6599,0.0065,0.0545,-0.0894,57.31,86.13,82.0,-8.3335,4.9086,0.0526,9.6718,P001_Barbell_Bench_Press_Uncontrolled_Movement_1_028 (1).csv
1,5,1,2,1,21.887,21887,-8.54,5.97,-0.08,10.4201,0.0698,0.0415,0.3425,57.81,84.81,81.56,-8.3607,5.0484,0.0351,9.7668,P001_Barbell_Bench_Press_Uncontrolled_Movement_1_028 (1).csv
1,5,1,2,1,22.018,22018,-8.21,5.31,0.03,9.7776,0.0404,-0.0633,0.4963,55.69,84.88,84.06,-8.3409,5.0829,0.0344,9.7676,P001_Barbell_Bench_Press_Uncontrolled_Movement_1_028 (1).csv
1,5,1,2,1,22.149,22149,-8.25,5.44,0.73,9.909,-0.0764,-0.1854,-0.685,56.06,86.63,84.06,-8.3289,5.13,0.1261,9.7828,P001_Barbell_Bench_Press_Uncontrolled_Movement_1_028 (1).csv
1,5,1,2,1,22.284,22284,-8.37,4.65,-0.37,9.5821,-0.0698,-0.1418,0.3556,57.56,88.88,82.94,-8.3343,5.0667,0.0607,9.7538,P001_Barbell_Bench_Press_Uncontrolled_Movement_1_028 (1).csv
1,5,1,2,1,22.457,22457,-8.14,5.83,-0.02,10.0124,0.0676,-0.036,-0.5323,56.69,90.44,84.19,-8.3087,5.1673,0.0501,9.7846,P001_Barbell_Bench_Press_Uncontrolled_Movement_1_028 (1).csv
1,5,1,2,1,22.587,22587,-8.75,4.79,-0.4,9.9833,0.096,0.0218,-0.036,59.44,89.81,82.0,-8.3668,5.1176,-0.0092,9.8078,P001_Barbell_Bench_Press_Uncontrolled_Movement_1_028 (1).csv
1,5,1,2,1,22.717,22717,-8.26,4.58,-0.02,9.4448,0.0404,0.0,-0.2465,59.63,89.56,82.06,-8.3528,5.0467,-0.0107,9.759,P001_Barbell_Bench_Press_Uncontrolled_Movement_1_028 (1).csv
1,5,1,2,1,22.847,22847,-9.04,4.44,-0.13,10.0723,-0.0076,0.0065,-0.1167,62.0,89.44,79.88,-8.4433,4.9668,-0.0264,9.7959,P001_Barbell_Bench_Press_Uncontrolled_Movement_1_028 (1).csv
1,5,1,2,1,22.977,22977,-8.79,4.18,0.08,9.7336,-0.0207,0.0196,-0.1353,62.5,89.44,79.19,-8.489,4.8631,-0.0124,9.7833,P001_Barbell_Bench_Press_Uncontrolled_Movement_1_028 (1).csv
1,5,1,2,1,23.107,23107,-9.52,4.24,0.0,10.4215,-0.06,-0.0011,-0.0316,63.38,89.69,77.94,-8.6249,4.781,-0.0107,9.8614,P001_Barbell_Bench_Press_Uncontrolled_Movement_1_028 (1).csv
1,5,1,2,1,23.238,23238,-9.38,4.95,-0.22,10.6083,-0.0982,0.0022,0.264,62.06,90.31,78.75,-8.7244,4.8033,-0.0383,9.9593,P001_Barbell_Bench_Press_Uncontrolled_Movement_1_028 (1).csv
1,5,1,2,1,23.368,23368,-8.79,4.66,-0.15,9.95,-0.0764,-0.0022,-0.1167,61.81,90.94,78.44,-8.733,4.7844,-0.053,9.9579,P001_Barbell_Bench_Press_Uncontrolled_Movement_1_028 (1).csv
1,5,1,2,1,23.541,23541,-9.54,5.41,-0.39,10.9741,-0.1069,-0.0327,0.0905,62.5,92.0,77.13,-8.8394,4.8668,-0.0974,10.0911,P001_Barbell_Bench_Press_Uncontrolled_Movement_1_028 (1).csv
1,6,1,2,1,23.671,23671,-8.21,4.6,0.01,9.4109,-0.0687,0.0491,-0.0371,61.13,92.44,77.88,-8.7564,4.8317,-0.0833,10.0013,P001_Barbell_Bench_Press_Uncontrolled_Movement_1_028 (1).csv
1,6,1,2,1,23.801,23801,-8.41,4.13,-0.35,9.3759,-0.0033,0.0687,0.0916,61.31,91.81,77.31,-8.7108,4.7392,-0.1184,9.9172,P001_Barbell_Bench_Press_Uncontrolled_Movement_1_028 (1).csv
1,6,1,2,1,23.931,23931,-7.02,5.69,-0.47,9.0486,-0.0458,-0.0491,0.6,58.19,91.5,80.13,-8.488,4.8645,-0.1648,9.7845,P001_Barbell_Bench_Press_Uncontrolled_Movement_1_028 (1).csv
1,6,1,2,1,24.061,24061,-9.08,4.7,-0.49,10.236,-0.0251,-0.1604,-0.7941,61.19,93.88,77.44,-8.566,4.8428,-0.2076,9.8424,P001_Barbell_Bench_Press_Uncontrolled_Movement_1_028 (1).csv
1,6,1,2,1,24.191,24191,-8.66,4.81,0.13,9.907,0.1364,0.0524,0.2662,61.13,94.5,77.81,-8.5784,4.8385,-0.1631,9.8502,P001_Barbell_Bench_Press_Uncontrolled_Movement_1_028 (1).csv
1,6,1,2,1,24.322,24322,-7.56,4.53,-0.72,8.8427,0.1451,0.0905,0.0535,60.0,92.19,79.63,-8.4442,4.7978,-0.2365,9.7149,P001_Barbell_Bench_Press_Uncontrolled_Movement_1_028 (1).csv
1,6,1,2,1,24.452,24452,-8.01,4.18,-0.3,9.04,0.0764,0.0196,0.0022,59.81,90.5,80.44,-8.387,4.7164,-0.2449,9.6253,P001_Barbell_Bench_Press_Uncontrolled_Movement_1_028 (1).csv
1,6,1,2,1,24.625,24625,-8.83,4.2,-0.15,9.7791,0.0251,-0.024,-0.0709,60.69,90.0,80.13,-8.4453,4.6484,-0.2324,9.6429,P001_Barbell_Bench_Press_Uncontrolled_Movement_1_028 (1).csv
1,6,1,2,1,24.756,24756,-8.41,4.74,-0.18,9.6555,0.0349,0.0175,0.4145,58.63,89.63,82.5,-8.4407,4.6604,-0.2255,9.6445,P001_Barbell_Bench_Press_Uncontrolled_Movement_1_028 (1).csv
1,6,1,2,1,24.886,24886,-7.95,5.48,0.64,9.6769,0.0,-0.0098,-0.1604,57.56,89.69,83.56,-8.376,4.7684,-0.1114,9.6389,P001_Barbell_Bench_Press_Uncontrolled_Movement_1_028 (1).csv
1,6,1,2,1,25.017,25017,-8.41,5.36,-0.17,9.9743,-0.0262,0.1047,0.0458,58.75,89.13,82.19,-8.3805,4.8464,-0.1191,9.6817,P001_Barbell_Bench_Press_Uncontrolled_Movement_1_028 (1).csv
1,6,1,2,1,25.148,25148,-8.15,4.84,0.06,9.479,-0.036,0.1014,0.0207,58.31,88.13,81.94,-8.3501,4.8456,-0.0955,9.6547,P001_Barbell_Bench_Press_Uncontrolled_Movement_1_028 (1).csv
1,6,1,2,1,25.278,25278,-8.2,4.92,0.29,9.5672,-0.1014,0.0305,-0.0774,58.13,88.06,81.31,-8.3303,4.8554,-0.0447,9.6422,P001_Barbell_Bench_Press_Uncontrolled_Movement_1_028 (1).csv
1,6,1,2,1,25.408,25408,-7.69,4.29,0.03,8.8057,-0.108,0.0676,-0.1527,59.19,88.5,79.44,-8.246,4.7809,-0.0349,9.5317,P001_Barbell_Bench_Press_Uncontrolled_Movement_1_028 (1).csv
1,6,1,2,1,25.538,25538,-9.35,5.94,-0.22,11.0795,-0.0742,0.144,0.432,58.06,87.31,79.56,-8.3914,4.9336,-0.0593,9.7345,P001_Barbell_Bench_Press_Uncontrolled_Movement_1_028 (1).csv
1,6,1,2,1,25.711,25711,-8.48,5.55,0.53,10.1486,-0.0513,0.0654,-0.5345,58.63,87.06,78.0,-8.4031,5.0148,0.0184,9.7858,P001_Barbell_Bench_Press_Uncontrolled_Movement_1_028 (1).csv
1,6,1,2,1,25.846,25846,-7.77,4.69,0.3,9.0807,0.0033,0.0818,-0.0884,61.69,85.69,74.56,-8.3197,4.972,0.0555,9.6923,P001_Barbell_Bench_Press_Uncontrolled_Movement_1_028 (1).csv
1,6,1,2,1,25.977,25977,-7.36,4.35,-0.18,8.5513,0.0862,0.1145,-0.1451,60.81,83.5,75.25,-8.1932,4.8901,0.0245,9.5416,P001_Barbell_Bench_Press_Uncontrolled_Movement_1_028 (1).csv
1,6,1,2,1,26.107,26107,-9.11,4.65,0.78,10.2578,0.0327,-0.0425,-0.216,62.94,82.75,73.38,-8.314,4.8584,0.124,9.6303,P001_Barbell_Bench_Press_Uncontrolled_Movement_1_028 (1).csv
1,6,1,2,1,26.238,26238,-6.09,3.22,0.51,6.9077,0.0447,-0.0458,0.3938,61.44,82.88,75.25,-8.021,4.6425,0.1749,9.2693,P001_Barbell_Bench_Press_Uncontrolled_Movement_1_028 (1).csv
1,7,1,2,1,26.369,26369,-9.07,5.14,0.63,10.4442,0.0851,-0.0044,-0.108,60.44,83.06,76.75,-8.1592,4.7081,0.2349,9.423,P001_Barbell_Bench_Press_Uncontrolled_Movement_1_028 (1).csv
1,7,1,2,1,26.5,26500,-8.41,4.26,0.8,9.4613,0.0611,-0.036,0.0349,60.75,82.81,77.0,-8.1922,4.649,0.3093,9.4245,P001_Barbell_Bench_Press_Uncontrolled_Movement_1_028 (1).csv
1,7,1,2,1,26.63,26630,-7.74,3.73,0.4,8.6012,0.0295,-0.0087,0.1025,60.5,82.56,77.69,-8.1327,4.5279,0.3213,9.3137,P001_Barbell_Bench_Press_Uncontrolled_Movement_1_028 (1).csv
1,7,1,2,1,26.803,26803,-8.15,5.11,0.43,9.6291,-0.0545,0.0425,0.2847,59.31,82.88,78.56,-8.1349,4.6046,0.3356,9.3537,P001_Barbell_Bench_Press_Uncontrolled_Movement_1_028 (1).csv
1,7,1,2,1,26.933,26933,-8.82,5.99,1.58,10.7782,-0.0371,0.0229,0.0175,58.19,83.44,79.25,-8.2252,4.7872,0.4996,9.53,P001_Barbell_Bench_Press_Uncontrolled_Movement_1_028 (1).csv
1,7,1,2,1,27.064,27064,-7.21,4.17,0.2,8.3314,-0.0785,0.0829,-0.2793,59.06,82.44,77.75,-8.0914,4.7059,0.4601,9.3717,P001_Barbell_Bench_Press_Uncontrolled_Movement_1_028 (1).csv
1,7,1,2,1,27.194,27194,-8.01,4.76,0.3,9.3224,-0.0851,-0.0087,0.3098,58.44,82.88,77.81,-8.0807,4.713,0.439,9.365,P001_Barbell_Bench_Press_Uncontrolled_Movement_1_028 (1).csv
1,7,1,2,1,27.325,27325,-8.41,5.52,0.63,10.0795,-0.0513,-0.0316,0.0229,57.75,83.94,78.06,-8.1241,4.8193,0.4642,9.4574,P001_Barbell_Bench_Press_Uncontrolled_Movement_1_028 (1).csv
1,7,1,2,1,27.456,27456,-7.15,4.84,0.0,8.6341,0.0055,-0.0425,0.0905,57.0,84.38,78.88,-7.9957,4.8221,0.403,9.3459,P001_Barbell_Bench_Press_Uncontrolled_Movement_1_028 (1).csv
1,7,1,2,1,27.586,27586,-8.42,5.37,0.41,9.9951,-0.024,-0.1167,0.0851,57.0,85.69,79.19,-8.0516,4.8943,0.4039,9.4311,P001_Barbell_Bench_Press_Uncontrolled_Movement_1_028 (1).csv
1,7,1,2,1,27.717,27717,-8.9,5.3,0.18,10.3601,0.036,-0.0404,0.0611,56.88,86.56,79.63,-8.1634,4.9477,0.3744,9.5531,P001_Barbell_Bench_Press_Uncontrolled_Movement_1_028 (1).csv
1,7,1,2,1,27.894,27894,-8.43,5.52,0.25,10.0796,0.0185,0.0065,-0.048,55.69,86.81,81.06,-8.1986,5.0231,0.358,9.6217,P001_Barbell_Bench_Press_Uncontrolled_Movement_1_028 (1).csv
1,7,1,2,1,28.024,28024,-8.4,5.2,0.15,9.8804,0.0316,0.1014,0.0065,56.44,86.0,80.25,-8.2251,5.0464,0.3306,9.6555,P001_Barbell_Bench_Press_Uncontrolled_Movement_1_028 (1).csv
1,7,1,2,1,28.156,28156,-8.26,5.6,0.5,9.9919,-0.0022,0.168,0.3687,55.0,84.63,81.06,-8.2297,5.1194,0.3529,9.6985,P001_Barbell_Bench_Press_Uncontrolled_Movement_1_028 (1).csv
1,7,1,2,1,28.286,28286,-6.49,5.58,0.62,8.5814,-0.0982,0.0851,0.2629,51.81,84.19,83.38,-8.0005,5.1801,0.3881,9.5389,P001_Barbell_Bench_Press_Uncontrolled_Movement_1_028 (1).csv
1,7,1,2,1,28.416,28416,-7.6,5.75,0.94,9.5763,-0.1604,-0.0098,-0.3174,53.0,84.56,81.31,-7.9477,5.2552,0.4608,9.5391,P001_Barbell_Bench_Press_Uncontrolled_Movement_1_028 (1).csv
1,7,1,2,1,28.547,28547,-8.52,6.6,0.44,10.7863,-0.0098,0.0818,0.132,53.19,84.88,80.5,-8.0231,5.4324,0.4581,9.7001,P001_Barbell_Bench_Press_Uncontrolled_Movement_1_028 (1).csv
1,7,1,2,1,28.678,28678,-6.28,5.19,0.97,8.2046,0.0665,0.0491,-0.0982,53.75,83.88,79.69,-7.7934,5.4005,0.5256,9.4962,P001_Barbell_Bench_Press_Uncontrolled_Movement_1_028 (1).csv
1,7,1,2,1,28.808,28808,-8.0,6.26,0.21,10.1603,0.0731,-0.0578,-0.2334,54.5,83.13,79.38,-7.8206,5.5137,0.484,9.5811,P001_Barbell_Bench_Press_Uncontrolled_Movement_1_028 (1).csv
1,7,1,2,1,28.981,28981,-7.7,5.58,0.63,9.5301,0.0785,-0.1516,-0.1025,55.75,83.69,79.31,-7.8047,5.5225,0.5032,9.5742,P001_Barbell_Bench_Press_Uncontrolled_Movement_1_028 (1).csv
1,7,1,2,1,29.111,29111,-9.04,5.2,0.3,10.4332,0.0796,-0.1516,-0.3796,58.0,84.5,78.25,-7.9675,5.48,0.4764,9.6819,P001_Barbell_Bench_Press_Uncontrolled_Movement_1_028 (1).csv
1,7,1,2,1,29.241,29241,-8.85,4.3,0.28,9.8433,0.0611,-0.0556,-0.0109,59.56,84.88,77.63,-8.0838,5.3245,0.4506,9.6902,P001_Barbell_Bench_Press_Uncontrolled_Movement_1_028 (1).csv
1,7,1,2,1,29.371,29371,-8.46,5.38,0.41,10.0341,0.0087,0.0011,0.7887,56.94,85.38,80.56,-8.1334,5.3318,0.4452,9.7354,P001_Barbell_Bench_Press_Uncontrolled_Movement_1_028 (1).csv
1,7,1,2,1,29.501,29501,-7.9,5.56,0.35,9.6668,-0.0196,-0.0153,-0.7025,56.63,85.56,80.81,-8.1026,5.3619,0.4327,9.7257,P001_Barbell_Bench_Press_Uncontrolled_Movement_1_028 (1).csv
1,7,1,2,1,29.631,29631,-8.28,4.85,0.32,9.6012,-0.0469,-0.0153,-0.0502,59.81,85.75,77.44,-8.126,5.2944,0.4178,9.7076,P001_Barbell_Bench_Press_Uncontrolled_Movement_1_028 (1).csv
1,7,1,2,1,29.762,29762,-8.79,4.92,0.17,10.0747,-0.0447,-0.0295,-0.2869,60.31,86.38,76.75,-8.2135,5.2451,0.3852,9.753,P001_Barbell_Bench_Press_Uncontrolled_Movement_1_028 (1).csv
1,7,1,2,1,29.892,29892,-9.74,4.78,0.06,10.8499,-0.0327,-0.0207,0.1822,61.63,86.94,75.25,-8.4146,5.1838,0.3423,9.8891,P001_Barbell_Bench_Press_Uncontrolled_Movement_1_028 (1).csv
1,7,1,2,1,30.065,30065,-8.63,5.6,0.13,10.2885,0.0109,-0.0851,0.216,58.5,88.13,78.5,-8.443,5.2386,0.3143,9.9412,P001_Barbell_Bench_Press_Uncontrolled_Movement_1_028 (1).csv
1,7,1,2,1,30.195,30195,-8.21,5.82,0.21,10.0658,0.0447,-0.0884,0.312,56.13,89.13,81.44,-8.4123,5.3152,0.3006,9.9554,P001_Barbell_Bench_Press_Uncontrolled_Movement_1_028 (1).csv
1,7,1,2,1,30.326,30326,-8.22,5.17,0.19,9.7125,0.06,-0.0633,-0.2749,56.13,89.44,82.06,-8.387,5.2961,0.286,9.9233,P001_Barbell_Bench_Press_Uncontrolled_Movement_1_028 (1).csv
1,7,1,2,1,30.456,30456,-7.23,4.22,-0.17,8.3732,-0.0415,-0.06,0.0851,56.81,89.88,81.69,-8.2345,5.1543,0.2259,9.7173,P001_Barbell_Bench_Press_Uncontrolled_Movement_1_028 (1).csv
1,7,1,2,1,30.587,30587,-7.47,5.45,-0.28,9.251,-0.1091,-0.1222,-0.0447,55.94,91.63,82.44,-8.1338,5.1933,0.1593,9.6516,P001_Barbell_Bench_Press_Uncontrolled_Movement_1_028 (1).csv
1,7,1,2,1,30.718,30718,-8.66,5.47,-0.24,10.2457,-0.1691,-0.1036,0.5411,55.25,93.88,82.63,-8.2031,5.2297,0.1066,9.729,P001_Barbell_Bench_Press_Uncontrolled_Movement_1_028 (1).csv
1,7,1,2,1,30.848,30848,-7.46,6.12,-0.39,9.657,-0.0556,0.0011,-0.2051,53.06,95.13,84.19,-8.1052,5.347,0.0412,9.7101,P001_Barbell_Bench_Press_Uncontrolled_Movement_1_028 (1).csv
1,7,1,2,1,30.979,30979,-7.98,6.44,-1.21,10.3256,0.0098,0.0633,0.012,54.56,94.88,82.56,-8.0887,5.4911,-0.1237,9.7772,P001_Barbell_Bench_Press_Uncontrolled_Movement_1_028 (1).csv
1,7,1,2,1,31.156,31156,-7.05,5.13,-1.08,8.7855,0.0273,-0.0654,-0.4821,56.38,94.75,81.0,-7.9518,5.4435,-0.2497,9.6398,P001_Barbell_Bench_Press_Uncontrolled_Movement_1_028 (1).csv
1,7,1,2,1,31.287,31287,-8.71,4.65,0.08,9.8739,0.0556,-0.0098,0.0175,58.31,95.44,79.5,-8.0517,5.3389,-0.2063,9.6632,P001_Barbell_Bench_Press_Uncontrolled_Movement_1_028 (1).csv
1,7,1,2,1,31.418,31418,-8.28,5.34,-0.91,9.8945,0.06,0.0622,0.2454,56.75,94.0,81.44,-8.0818,5.3391,-0.299,9.6908,P001_Barbell_Bench_Press_Uncontrolled_Movement_1_028 (1).csv
1,7,1,2,1,31.548,31548,-7.08,4.24,0.44,8.2642,0.12,0.1047,-0.9207,58.94,92.5,79.56,-7.9498,5.1942,-0.2016,9.4984,P001_Barbell_Bench_Press_Uncontrolled_Movement_1_028 (1).csv
1,7,1,2,1,31.678,31678,-8.91,5.04,-0.37,10.2434,0.1473,0.1614,0.4145,60.94,89.56,77.88,-8.0763,5.1739,-0.2238,9.5941,P001_Barbell_Bench_Press_Uncontrolled_Movement_1_028 (1).csv
1,7,1,2,1,31.809,31809,-6.56,5.23,0.41,8.3997,-0.036,-0.0273,-0.0251,57.06,88.56,81.75,-7.8765,5.1813,-0.1403,9.4289,P001_Barbell_Bench_Press_Uncontrolled_Movement_1_028 (1).csv
1,8,1,2,1,31.939,31939,-8.83,4.36,-0.16,9.8491,-0.0949,-0.1025,-0.5411,61.5,90.06,77.19,-8.0022,5.0731,-0.1429,9.4758,P001_Barbell_Bench_Press_Uncontrolled_Movement_1_028 (1).csv
1,8,1,2,1,32.07,32070,-8.67,4.68,0.06,9.8527,-0.048,0.012,0.5607,59.88,91.19,78.5,-8.0902,5.0213,-0.1161,9.5225,P001_Barbell_Bench_Press_Uncontrolled_Movement_1_028 (1).csv
1,8,1,2,1,32.243,32243,-8.93,4.87,-0.53,10.1854,-0.0742,-0.0207,-0.1811,60.31,91.81,77.63,-8.2008,5.0013,-0.1707,9.6071,P001_Barbell_Bench_Press_Uncontrolled_Movement_1_028 (1).csv
1,8,1,2,1,32.374,32374,-7.85,5.32,-0.44,9.4931,-0.0055,0.0153,0.2585,59.13,92.0,78.56,-8.1546,5.0433,-0.2062,9.5904,P001_Barbell_Bench_Press_Uncontrolled_Movement_1_028 (1).csv
1,8,1,2,1,32.504,32504,-7.72,5.36,-0.19,9.4002,0.0033,-0.012,-0.0545,58.69,92.0,79.0,-8.0973,5.0851,-0.204,9.5638,P001_Barbell_Bench_Press_Uncontrolled_Movement_1_028 (1).csv
1,8,1,2,1,32.635,32635,-8.31,5.26,0.03,9.8349,0.0425,0.0175,-0.0938,59.06,91.81,78.75,-8.1254,5.1081,-0.1732,9.5992,P001_Barbell_Bench_Press_Uncontrolled_Movement_1_028 (1).csv
1,8,1,2,1,32.765,32765,-7.97,4.4,-0.31,9.1092,0.0087,0.0218,-0.2116,60.13,91.38,77.75,-8.1049,5.0148,-0.1912,9.5328,P001_Barbell_Bench_Press_Uncontrolled_Movement_1_028 (1).csv
1,8,1,2,1,32.896,32896,-8.93,4.65,0.22,10.0705,0.0,0.0742,-0.0556,61.25,91.31,76.38,-8.2136,4.9667,-0.137,9.5995,P001_Barbell_Bench_Press_Uncontrolled_Movement_1_028 (1).csv
1,8,1,2,1,33.027,33027,-8.54,4.69,-0.21,9.7453,-0.0425,0.0764,0.4298,60.25,90.38,77.06,-8.2566,4.9303,-0.1467,9.6177,P001_Barbell_Bench_Press_Uncontrolled_Movement_1_028 (1).csv
1,8,1,2,1,33.157,33157,-8.45,5.4,-0.39,10.0357,0.0295,0.1396,-0.0862,58.56,89.0,78.31,-8.2821,4.9922,-0.1787,9.672,P001_Barbell_Bench_Press_Uncontrolled_Movement_1_028 (1).csv
1,8,1,2,1,33.33,33330,-8.04,4.81,-0.13,9.3699,0.0,0.1014,0.072,59.31,87.13,77.13,-8.2502,4.9682,-0.1723,9.6321,P001_Barbell_Bench_Press_Uncontrolled_Movement_1_028 (1).csv
1,8,1,2,1,33.464,33464,-8.28,5.05,0.42,9.7076,0.0305,0.0785,0.024,58.63,86.06,77.56,-8.2541,4.9789,-0.0942,9.64,P001_Barbell_Bench_Press_Uncontrolled_Movement_1_028 (1).csv
1,8,1,2,1,33.596,33596,-8.42,5.16,0.29,9.8796,0.048,0.0502,-0.0131,58.56,84.94,77.63,-8.276,5.0028,-0.0436,9.6707,P001_Barbell_Bench_Press_Uncontrolled_Movement_1_028 (1).csv
1,8,1,2,1,33.726,33726,-8.45,5.03,0.76,9.8631,0.0567,0.0229,-0.0033,58.44,84.19,77.81,-8.2989,5.0064,0.0623,9.6923,P001_Barbell_Bench_Press_Uncontrolled_Movement_1_028 (1).csv
1,8,1,2,1,33.856,33856,-7.63,4.72,0.78,9.0058,0.0295,-0.0327,0.2247,57.31,84.06,79.25,-8.2108,4.9686,0.1569,9.5984,P001_Barbell_Bench_Press_Uncontrolled_Movement_1_028 (1).csv
1,8,1,2,1,33.988,33988,-7.77,5.35,0.37,9.441,0.0087,-0.096,0.0207,56.63,84.75,80.38,-8.1527,5.0189,0.1849,9.5755,P001_Barbell_Bench_Press_Uncontrolled_Movement_1_028 (1).csv
1,8,1,2,1,34.118,34118,-8.14,5.49,0.57,9.8349,0.0065,-0.1124,-0.1505,57.0,85.94,80.44,-8.151,5.081,0.2357,9.6079,P001_Barbell_Bench_Press_Uncontrolled_Movement_1_028 (1).csv
1,8,1,2,1,34.248,34248,-8.47,5.24,0.28,9.9638,0.024,-0.0993,-0.1298,57.69,86.88,80.25,-8.1931,5.1019,0.2415,9.6547,P001_Barbell_Bench_Press_Uncontrolled_Movement_1_028 (1).csv
1,8,1,2,1,34.421,34421,-8.8,4.9,-0.1,10.0727,0.0022,-0.1102,-0.0055,59.25,88.38,79.38,-8.273,5.0753,0.1965,9.7078,P001_Barbell_Bench_Press_Uncontrolled_Movement_1_028 (1).csv
1,8,1,2,1,34.551,34551,-8.72,4.85,0.12,9.9787,-0.0098,-0.1025,-0.1473,59.5,89.94,79.44,-8.3319,5.0456,0.1864,9.7424,P001_Barbell_Bench_Press_Uncontrolled_Movement_1_028 (1).csv
1,8,1,2,1,34.681,34681,-8.8,4.76,-0.26,10.0083,-0.0229,-0.0207,-0.1178,60.63,90.88,78.5,-8.3936,5.008,0.1276,9.7749,P001_Barbell_Bench_Press_Uncontrolled_Movement_1_028 (1).csv
1,8,1,2,1,34.811,34811,-8.77,4.61,-0.14,9.9088,-0.0535,0.0502,-0.1996,61.56,90.94,77.19,-8.4432,4.9555,0.0923,9.7905,P001_Barbell_Bench_Press_Uncontrolled_Movement_1_028 (1).csv
1,8,1,2,1,34.941,34941,-8.9,4.19,-0.09,9.8374,-0.0742,0.0698,-0.3698,64.13,90.63,74.06,-8.5034,4.8547,0.0683,9.7918,P001_Barbell_Bench_Press_Uncontrolled_Movement_1_028 (1).csv
1,8,1,2,1,35.071,35071,-9.06,4.2,-0.15,9.9873,-0.0676,0.0665,0.0796,64.81,90.13,72.63,-8.5767,4.7684,0.0395,9.8132,P001_Barbell_Bench_Press_Uncontrolled_Movement_1_028 (1).csv
1,8,1,2,1,35.201,35201,-8.94,3.95,0.07,9.774,-0.0284,0.0567,-0.288,66.06,89.63,70.94,-8.6246,4.6606,0.0436,9.8034,P001_Barbell_Bench_Press_Uncontrolled_Movement_1_028 (1).csv
1,8,1,2,1,35.332,35332,-8.67,4.17,0.19,9.6226,0.0153,0.072,0.2105,65.5,88.56,71.25,-8.6306,4.5959,0.0629,9.7782,P001_Barbell_Bench_Press_Uncontrolled_Movement_1_028 (1).csv
1,8,1,2,1,35.505,35505,-9.37,3.97,0.19,10.1781,0.0142,0.0349,-0.2149,66.81,87.13,69.88,-8.728,4.5134,0.0796,9.8263,P001_Barbell_Bench_Press_Uncontrolled_Movement_1_028 (1).csv
1,8,1,2,1,35.636,35636,-9.09,3.77,0.4,9.8489,0.0098,-0.0087,0.2149,66.38,86.88,70.31,-8.7757,4.4155,0.1218,9.8247,P001_Barbell_Bench_Press_Uncontrolled_Movement_1_028 (1).csv
1,8,1,2,1,35.766,35766,-9.38,4.23,0.32,10.2946,0.0196,-0.0262,0.2138,64.94,87.19,71.94,-8.8554,4.391,0.1479,9.8854,P001_Barbell_Bench_Press_Uncontrolled_Movement_1_028 (1).csv
1,8,1,2,1,35.896,35896,-9.05,4.71,0.2,10.2042,0.0218,-0.0447,0.2062,63.31,87.63,73.81,-8.881,4.4331,0.1548,9.9271,P001_Barbell_Bench_Press_Uncontrolled_Movement_1_028 (1).csv
1,8,1,2,1,36.026,36026,-8.61,4.52,0.11,9.7249,-0.0076,-0.0971,0.2105,61.94,88.69,75.5,-8.8453,4.4445,0.1489,9.9003,P001_Barbell_Bench_Press_Uncontrolled_Movement_1_028 (1).csv
1,8,1,2,1,36.156,36156,-7.15,3.86,-0.42,8.1362,-0.0905,-0.1429,0.2258,60.13,90.56,77.44,-8.6219,4.3675,0.0739,9.6653,P001_Barbell_Bench_Press_Uncontrolled_Movement_1_028 (1).csv
1,8,1,2,1,36.286,36286,-9.16,4.98,-0.24,10.429,-0.0971,-0.1287,-0.372,61.06,93.56,76.31,-8.6928,4.4482,0.0326,9.7649,P001_Barbell_Bench_Press_Uncontrolled_Movement_1_028 (1).csv
1,8,1,2,1,36.416,36416,-8.53,4.48,-0.26,9.6384,-0.0338,-0.0305,0.3862,61.56,95.31,75.44,-8.6714,4.4524,-0.006,9.7476,P001_Barbell_Bench_Press_Uncontrolled_Movement_1_028 (1).csv
1,8,1,2,1,36.589,36589,-8.49,4.85,-0.44,9.7876,0.0098,-0.0185,-0.3742,60.38,95.63,76.5,-8.6475,4.5048,-0.0632,9.7507,P001_Barbell_Bench_Press_Uncontrolled_Movement_1_028 (1).csv
1,8,1,2,1,36.719,36719,-8.82,4.94,-0.56,10.1247,0.0218,0.0,0.1473,61.44,96.06,75.5,-8.6702,4.5621,-0.1286,9.7981,P001_Barbell_Bench_Press_Uncontrolled_Movement_1_028 (1).csv
1,8,1,2,1,36.85,36850,-8.86,5.48,-0.46,10.4279,0.084,0.1036,0.2989,58.94,94.63,78.13,-8.6952,4.6831,-0.1723,9.8776,P001_Barbell_Bench_Press_Uncontrolled_Movement_1_028 (1).csv
1,8,1,2,1,36.98,36980,-7.55,4.01,-0.29,8.5538,0.0851,0.0785,-0.3163,59.63,92.81,77.69,-8.5443,4.5944,-0.1878,9.703,P001_Barbell_Bench_Press_Uncontrolled_Movement_1_028 (1).csv
1,8,1,2,1,37.111,37111,-8.96,4.58,-0.33,10.0681,0.0393,0.0524,-0.2923,62.19,91.69,75.31,-8.5991,4.5925,-0.2066,9.7508,P001_Barbell_Bench_Press_Uncontrolled_Movement_1_028 (1).csv
1,8,1,2,1,37.242,37242,-8.72,4.86,-0.1,9.9834,0.0218,0.0393,0.3807,61.38,90.81,76.25,-8.615,4.6277,-0.1925,9.7812,P001_Barbell_Bench_Press_Uncontrolled_Movement_1_028 (1).csv
1,8,1,2,1,37.372,37372,-8.67,4.42,0.36,9.7383,0.072,0.0229,-0.2858,61.31,90.0,76.5,-8.6223,4.6004,-0.1197,9.7735,P001_Barbell_Bench_Press_Uncontrolled_Movement_1_028 (1).csv
1,8,1,2,1,37.503,37503,-7.98,3.27,-0.14,8.6251,-0.0022,-0.0153,0.0818,61.63,89.75,76.19,-8.5376,4.4251,-0.1224,9.617,P001_Barbell_Bench_Press_Uncontrolled_Movement_1_028 (1).csv
1,8,1,2,1,37.679,37679,-9.39,4.64,0.27,10.4773,0.0065,0.0665,0.0535,62.19,89.88,75.38,-8.6499,4.4534,-0.0707,9.7293,P001_Barbell_Bench_Press_Uncontrolled_Movement_1_028 (1).csv
1,8,1,2,1,37.81,37810,-8.3,4.81,0.26,9.5965,-0.0076,0.06,-0.0447,61.75,88.94,75.63,-8.6038,4.5004,-0.0271,9.7098,P001_Barbell_Bench_Press_Uncontrolled_Movement_1_028 (1).csv
1,8,1,2,1,37.941,37941,-6.87,3.54,0.03,7.7285,0.1353,0.1636,-0.0818,61.94,86.56,75.5,-8.3754,4.3738,-0.0196,9.4487,P001_Barbell_Bench_Press_Uncontrolled_Movement_1_028 (1).csv
1,9,1,2,1,38.071,38071,-8.45,4.66,0.34,9.6558,-0.0436,-0.1385,0.1233,62.5,86.44,75.0,-8.3852,4.4115,0.0278,9.4749,P001_Barbell_Bench_Press_Uncontrolled_Movement_1_028 (1).csv
1,9,1,2,1,38.202,38202,-8.08,4.68,0.18,9.3392,0.0284,-0.0295,-0.0807,61.94,87.75,75.94,-8.345,4.4469,0.0479,9.456,P001_Barbell_Bench_Press_Uncontrolled_Movement_1_028 (1).csv
1,9,1,2,1,38.332,38332,-8.55,4.16,-0.02,9.5083,0.0284,-0.0545,0.0153,62.63,88.06,75.56,-8.372,4.4091,0.0389,9.4621,P001_Barbell_Bench_Press_Uncontrolled_Movement_1_028 (1).csv
1,9,1,2,1,38.462,38462,-8.6,4.68,-0.14,9.7919,0.0404,-0.0305,0.1527,61.44,88.69,77.0,-8.402,4.4448,0.0153,9.5053,P001_Barbell_Bench_Press_Uncontrolled_Movement_1_028 (1).csv
1,9,1,2,1,38.593,38593,-8.69,4.71,-0.16,9.8856,0.0633,0.0022,0.0578,61.44,89.0,77.44,-8.44,4.4797,-0.0078,9.5552,P001_Barbell_Bench_Press_Uncontrolled_Movement_1_028 (1).csv
1,9,1,2,1,38.766,38766,-8.07,4.77,0.13,9.3752,0.0851,0.0687,-0.0011,60.69,88.0,78.56,-8.3912,4.518,0.0104,9.5302,P001_Barbell_Bench_Press_Uncontrolled_Movement_1_028 (1).csv
1,9,1,2,1,38.897,38897,-8.34,5.08,-0.16,9.7667,0.1113,0.1604,-0.0425,61.06,85.25,78.44,-8.3845,4.5921,-0.0121,9.5596,P001_Barbell_Bench_Press_Uncontrolled_Movement_1_028 (1).csv
1,9,1,2,1,39.027,39027,-7.81,4.38,1.08,9.0193,0.0022,0.0,-0.192,61.75,84.13,77.69,-8.3088,4.5641,0.1318,9.4807,P001_Barbell_Bench_Press_Uncontrolled_Movement_1_028 (1).csv
1,9,1,2,1,39.158,39158,-8.96,5.03,0.9,10.3147,0.0164,0.0524,0.2596,61.5,83.5,77.88,-8.3946,4.6255,0.2331,9.5874,P001_Barbell_Bench_Press_Uncontrolled_Movement_1_028 (1).csv
1,9,1,2,1,39.288,39288,-7.93,4.76,0.44,9.2594,-0.0731,0.048,-0.1047,60.69,83.31,78.25,-8.3334,4.6432,0.2603,9.5432,P001_Barbell_Bench_Press_Uncontrolled_Movement_1_028 (1).csv
1,9,1,2,1,39.419,39419,-8.48,4.37,0.54,9.555,-0.0622,0.0436,-0.3687,63.19,82.5,75.13,-8.3527,4.6072,0.2972,9.5437,P001_Barbell_Bench_Press_Uncontrolled_Movement_1_028 (1).csv
1,9,1,2,1,39.55,39550,-8.59,4.18,0.43,9.5627,-0.0611,0.0142,0.0338,63.81,82.31,74.0,-8.384,4.5509,0.3147,9.5447,P001_Barbell_Bench_Press_Uncontrolled_Movement_1_028 (1).csv
1,9,1,2,1,39.683,39683,-8.69,3.62,0.59,9.4323,0.0164,-0.0098,-0.0316,64.06,82.38,73.56,-8.4243,4.4283,0.351,9.5237,P001_Barbell_Bench_Press_Uncontrolled_Movement_1_028 (1).csv
1,9,1,2,1,39.856,39856,-9.01,4.63,0.5,10.1423,0.0927,-0.0687,0.4069,61.88,83.25,76.44,-8.5015,4.4548,0.3706,9.6051,P001_Barbell_Bench_Press_Uncontrolled_Movement_1_028 (1).csv
1,9,1,2,1,39.988,39988,-8.11,4.55,0.19,9.3011,0.0665,-0.1276,-0.0284,60.5,84.31,78.81,-8.4499,4.4674,0.3468,9.5644,P001_Barbell_Bench_Press_Uncontrolled_Movement_1_028 (1).csv
1,9,1,2,1,40.118,40118,-9.55,5.21,0.61,10.8958,0.036,-0.0938,-0.1953,61.13,85.38,79.0,-8.5949,4.5652,0.3815,9.7395,P001_Barbell_Bench_Press_Uncontrolled_Movement_1_028 (1).csv
1,9,1,2,1,40.249,40249,-8.41,4.22,0.36,9.4163,-0.0065,-0.0349,-0.0927,62.31,85.81,78.19,-8.5705,4.5197,0.3787,9.6966,P001_Barbell_Bench_Press_Uncontrolled_Movement_1_028 (1).csv
1,9,1,2,1,40.379,40379,-8.86,4.43,0.28,9.9097,-0.0404,0.0109,-0.0284,62.56,86.06,77.88,-8.6086,4.5079,0.3657,9.7244,P001_Barbell_Bench_Press_Uncontrolled_Movement_1_028 (1).csv
1,9,1,2,1,40.51,40510,-8.95,4.27,0.26,9.9198,-0.0676,0.012,-0.1167,63.5,86.06,76.56,-8.6536,4.4766,0.3517,9.7493,P001_Barbell_Bench_Press_Uncontrolled_Movement_1_028 (1).csv
1,9,1,2,1,40.64,40640,-8.57,4.37,0.12,9.6206,-0.0774,-0.0295,-0.1353,64.19,86.69,75.5,-8.6426,4.4625,0.3212,9.732,P001_Barbell_Bench_Press_Uncontrolled_Movement_1_028 (1).csv
1,9,1,2,1,40.771,40771,-9.54,4.41,0.21,10.5121,-0.0415,-0.0327,-0.0851,65.25,87.63,74.13,-8.7609,4.4556,0.3065,9.8336,P001_Barbell_Bench_Press_Uncontrolled_Movement_1_028 (1).csv
1,9,1,2,1,40.943,40943,-8.44,4.21,0.1,9.4323,0.0404,-0.0284,-0.0371,64.94,88.13,74.56,-8.7186,4.4232,0.2793,9.7804,P001_Barbell_Bench_Press_Uncontrolled_Movement_1_028 (1).csv
1,9,1,2,1,41.073,41073,-8.88,4.01,0.05,9.7436,0.0578,-0.0164,-0.1527,65.25,88.06,74.63,-8.7398,4.3688,0.2491,9.7741,P001_Barbell_Bench_Press_Uncontrolled_Movement_1_028 (1).csv
1,9,1,2,1,41.203,41203,-9.67,3.68,0.01,10.3466,0.0436,-0.0087,-0.2923,67.38,87.81,72.88,-8.8624,4.278,0.2176,9.8433,P001_Barbell_Bench_Press_Uncontrolled_Movement_1_028 (1).csv
1,9,1,2,1,41.333,41333,-9.05,3.15,0.22,9.5851,0.012,0.0109,0.0371,68.38,87.5,72.13,-8.8871,4.1294,0.2179,9.8021,P001_Barbell_Bench_Press_Uncontrolled_Movement_1_028 (1).csv
1,9,1,2,1,41.463,41463,-9.0,3.45,0.22,9.6411,-0.0262,-0.0065,-0.1036,68.5,87.38,71.94,-8.902,4.0399,0.2182,9.7782,P001_Barbell_Bench_Press_Uncontrolled_Movement_1_028 (1).csv
1,9,1,2,1,41.594,41594,-9.99,3.63,0.25,10.632,-0.0415,0.0087,0.1265,68.81,87.56,71.38,-9.0454,3.9858,0.2224,9.8871,P001_Barbell_Bench_Press_Uncontrolled_Movement_1_028 (1).csv
1,9,1,2,1,41.724,41724,-10.56,3.56,0.07,11.1442,-0.0753,-0.0436,0.0502,67.88,88.19,71.94,-9.245,3.9297,0.2023,10.0475,P001_Barbell_Bench_Press_Uncontrolled_Movement_1_028 (1).csv
1,9,1,2,1,41.855,41855,-9.17,3.69,-0.25,9.8877,-0.1058,-0.0687,0.4287,67.06,89.94,72.31,-9.2351,3.8981,0.1427,10.0251,P001_Barbell_Bench_Press_Uncontrolled_Movement_1_028 (1).csv
1,9,1,2,1,42.027,42027,-8.58,4.82,-0.03,9.8412,-0.0502,-0.0436,-0.3022,63.38,91.94,75.44,-9.1488,4.0196,0.1199,9.9936,P001_Barbell_Bench_Press_Uncontrolled_Movement_1_028 (1).csv
1,9,1,2,1,42.157,42157,-8.62,4.22,-0.06,9.5977,0.0251,0.0796,0.2422,65.56,91.81,73.19,-9.0791,4.046,0.0962,9.9403,P001_Barbell_Bench_Press_Uncontrolled_Movement_1_028 (1).csv
1,9,1,2,1,42.287,42287,-7.36,4.19,0.03,8.4692,0.0469,0.0524,-0.0731,63.06,90.06,75.75,-8.8526,4.065,0.0875,9.7416,P001_Barbell_Bench_Press_Uncontrolled_Movement_1_028 (1).csv
1,9,1,2,1,42.417,42417,-9.23,4.42,-0.48,10.245,-0.024,-0.0447,-0.2062,65.44,89.69,73.5,-8.9023,4.1118,0.0127,9.806,P001_Barbell_Bench_Press_Uncontrolled_Movement_1_028 (1).csv
1,9,1,2,1,42.547,42547,-9.25,3.87,-0.09,10.0273,-0.0251,-0.0055,0.2749,65.5,90.44,73.44,-8.9481,4.0799,-0.0008,9.8343,P001_Barbell_Bench_Press_Uncontrolled_Movement_1_028 (1).csv
1,9,1,2,1,42.678,42678,-8.28,3.9,-0.05,9.1526,0.0622,0.0567,-0.2127,63.56,89.44,75.5,-8.8601,4.0562,-0.0073,9.7444,P001_Barbell_Bench_Press_Uncontrolled_Movement_1_028 (1).csv
1,9,1,2,1,42.808,42808,-7.95,3.38,-0.13,8.6397,0.0251,0.0196,0.2683,64.56,88.56,74.56,-8.7401,3.9671,-0.0235,9.5984,P001_Barbell_Bench_Press_Uncontrolled_Movement_1_028 (1).csv
1,9,1,2,1,42.939,42939,-9.46,5.25,0.14,10.8201,0.0044,-0.0425,-0.1222,63.44,89.19,75.88,-8.835,4.1362,-0.0019,9.7553,P001_Barbell_Bench_Press_Uncontrolled_Movement_1_028 (1).csv
1,9,1,2,1,43.112,43112,-8.55,4.76,-0.59,9.8035,0.0251,-0.0142,0.1593,64.06,88.88,75.69,-8.7974,4.2184,-0.0794,9.7568,P001_Barbell_Bench_Press_Uncontrolled_Movement_1_028 (1).csv
1,9,1,2,1,43.242,43242,-10.78,6.2,0.64,12.4522,0.0611,0.0284,0.24,64.0,88.81,76.13,-9.0587,4.4795,0.0154,10.1057,P001_Barbell_Bench_Press_Uncontrolled_Movement_1_028 (1).csv
1,10,1,2,1,43.373,43373,-6.76,2.97,0.13,7.3848,0.084,0.036,-0.7625,64.31,86.75,76.13,-8.7558,4.2806,0.0305,9.7462,P001_Barbell_Bench_Press_Uncontrolled_Movement_1_028 (1).csv
1,10,1,2,1,43.503,43503,-10.31,3.6,0.46,10.9301,0.0393,-0.0207,0.0055,68.75,86.13,72.0,-8.9606,4.1909,0.0871,9.8926,P001_Barbell_Bench_Press_Uncontrolled_Movement_1_028 (1).csv
1,10,1,2,1,43.634,43634,-8.33,4.05,0.58,9.2805,0.096,0.1156,0.3785,66.38,85.63,74.56,-8.8775,4.1723,0.152,9.8103,P001_Barbell_Bench_Press_Uncontrolled_Movement_1_028 (1).csv
1,10,1,2,1,43.765,43765,-8.1,4.59,-0.56,9.3269,-0.0524,-0.0709,-0.1909,64.06,84.56,76.81,-8.775,4.2274,0.0582,9.7404,P001_Barbell_Bench_Press_Uncontrolled_Movement_1_028 (1).csv
1,10,1,2,1,43.897,43897,-9.24,3.88,0.03,10.0216,-0.0338,0.0011,-0.1265,67.13,85.5,73.69,-8.8363,4.1816,0.0545,9.7759,P001_Barbell_Bench_Press_Uncontrolled_Movement_1_028 (1).csv
1,10,1,2,1,44.028,44028,-8.63,3.89,0.26,9.4698,-0.0109,0.048,0.2836,65.38,85.19,75.31,-8.8091,4.1432,0.0816,9.7352,P001_Barbell_Bench_Press_Uncontrolled_Movement_1_028 (1).csv
1,10,1,2,1,44.203,44203,-9.41,4.05,0.22,10.2469,-0.0044,0.084,-0.0033,65.81,84.25,74.44,-8.8883,4.1309,0.0998,9.8018,P001_Barbell_Bench_Press_Uncontrolled_Movement_1_028 (1).csv
1,10,1,2,1,44.333,44333,-7.98,3.87,0.55,8.8859,-0.0153,0.0491,0.0851,64.5,83.75,75.38,-8.7686,4.0965,0.1591,9.6796,P001_Barbell_Bench_Press_Uncontrolled_Movement_1_028 (1).csv
1,10,1,2,1,44.464,44464,-8.31,4.55,0.54,9.4895,0.0349,0.1091,0.2105,63.75,82.31,75.94,-8.7082,4.1563,0.2093,9.6515,P001_Barbell_Bench_Press_Uncontrolled_Movement_1_028 (1).csv
1,10,1,2,1,44.594,44594,-7.92,5.08,0.07,9.4094,-0.06,-0.0436,-0.0229,62.63,82.25,76.81,-8.6043,4.278,0.191,9.611,P001_Barbell_Bench_Press_Uncontrolled_Movement_1_028 (1).csv
1,10,1,2,1,44.725,44725,-8.61,4.11,0.98,9.5909,-0.0524,-0.0065,-0.3491,64.69,83.0,74.5,-8.6051,4.2559,0.2949,9.6045,P001_Barbell_Bench_Press_Uncontrolled_Movement_1_028 (1).csv
1,10,1,2,1,44.855,44855,-8.86,4.61,-0.05,9.9877,-0.0251,0.0044,0.2127,65.06,82.69,73.88,-8.6387,4.3025,0.2495,9.654,P001_Barbell_Bench_Press_Uncontrolled_Movement_1_028 (1).csv
1,10,1,2,1,44.986,44986,-8.77,3.85,1.34,9.6711,-0.0109,-0.0742,-0.3807,65.44,83.81,73.38,-8.656,4.2429,0.3932,9.6479,P001_Barbell_Bench_Press_Uncontrolled_Movement_1_028 (1).csv
1,10,1,2,1,45.117,45117,-8.83,3.23,0.3,9.407,-0.0164,-0.0502,-0.1385,68.0,84.38,70.81,-8.6789,4.1094,0.3809,9.6102,P001_Barbell_Bench_Press_Uncontrolled_Movement_1_028 (1).csv
1,10,1,2,1,45.289,45289,-8.72,3.93,0.37,9.5718,0.0305,-0.1004,0.108,66.69,86.31,72.44,-8.6843,4.0858,0.3795,9.6049,P001_Barbell_Bench_Press_Uncontrolled_Movement_1_028 (1).csv
1,10,1,2,1,45.419,45419,-9.9,3.36,0.17,10.456,0.0764,-0.1145,-0.7156,69.63,87.63,70.13,-8.8445,3.9901,0.3519,9.7093,P001_Barbell_Bench_Press_Uncontrolled_Movement_1_028 (1).csv
1,10,1,2,1,45.549,45549,-9.21,2.6,-0.21,9.5723,0.0644,-0.0785,0.7418,69.25,88.94,71.31,-8.8927,3.807,0.2778,9.6773,P001_Barbell_Bench_Press_Uncontrolled_Movement_1_028 (1).csv
1,10,1,2,1,45.679,45679,-9.41,3.73,-0.21,10.1245,0.0578,-0.0513,0.0687,65.88,89.75,75.31,-8.9608,3.7968,0.2135,9.7344,P001_Barbell_Bench_Press_Uncontrolled_Movement_1_028 (1).csv
1,10,1,2,1,45.809,45809,-9.08,3.99,0.1,9.9185,0.0327,0.0316,0.3382,65.0,89.63,76.5,-8.9765,3.8223,0.1986,9.7585,P001_Barbell_Bench_Press_Uncontrolled_Movement_1_028 (1).csv
1,10,1,2,1,45.939,45939,-8.52,4.44,0.0,9.6075,-0.0284,0.0774,0.0447,63.0,88.75,78.31,-8.9164,3.9037,0.1724,9.735,P001_Barbell_Bench_Press_Uncontrolled_Movement_1_028 (1).csv
1,10,1,2,1,46.07,46070,-8.66,4.26,0.06,9.6513,-0.1058,0.0502,-0.3927,64.75,88.06,75.88,-8.8826,3.9506,0.1576,9.7228,P001_Barbell_Bench_Press_Uncontrolled_Movement_1_028 (1).csv
1,10,1,2,1,46.2,46200,-8.46,4.12,0.0,9.4099,-0.1713,-0.0131,0.0055,66.38,88.75,73.31,-8.8269,3.9729,0.1368,9.6808,P001_Barbell_Bench_Press_Uncontrolled_Movement_1_028 (1).csv
1,10,1,2,1,46.373,46373,-9.22,4.64,-0.02,10.3217,-0.0611,0.0196,-0.2356,65.75,89.94,72.94,-8.8787,4.0608,0.1162,9.764,P001_Barbell_Bench_Press_Uncontrolled_Movement_1_028 (1).csv
1,10,1,2,1,46.503,46503,-9.36,3.84,-0.13,10.1179,0.0338,0.0567,-0.0971,67.56,89.19,71.0,-8.9421,4.0317,0.0837,9.8094,P001_Barbell_Bench_Press_Uncontrolled_Movement_1_028 (1).csv
1,10,1,2,1,46.633,46633,-7.94,3.62,0.0,8.7263,0.0785,0.0327,0.1549,66.38,87.94,72.44,-8.8101,3.9775,0.0727,9.6666,P001_Barbell_Bench_Press_Uncontrolled_Movement_1_028 (1).csv
1,10,1,2,1,46.763,46763,-10.16,4.05,-0.08,10.9378,0.0916,-0.0742,-0.7505,68.69,87.5,70.81,-8.988,3.987,0.0526,9.8327,P001_Barbell_Bench_Press_Uncontrolled_Movement_1_028 (1).csv
1,10,1,2,1,46.893,46893,-8.28,2.16,0.4,8.5664,0.0676,-0.0611,0.1265,71.94,88.13,68.25,-8.8947,3.7463,0.0984,9.6519,P001_Barbell_Bench_Press_Uncontrolled_Movement_1_028 (1).csv
1,10,1,2,1,47.023,47023,-10.12,3.43,-0.02,10.6855,0.0404,-0.0382,-0.1025,70.0,88.88,70.69,-9.0561,3.7046,0.0828,9.7849,P001_Barbell_Bench_Press_Uncontrolled_Movement_1_028 (1).csv
1,10,1,2,1,47.154,47154,-10.39,2.53,-0.12,10.6943,-0.0044,0.0131,-0.1789,72.69,88.94,68.13,-9.2319,3.5498,0.056,9.891,P001_Barbell_Bench_Press_Uncontrolled_Movement_1_028 (1).csv
1,10,1,2,1,47.284,47284,-9.84,3.3,-0.28,10.3824,-0.06,0.0185,0.8159,70.0,89.25,70.56,-9.312,3.5169,0.0118,9.954,P001_Barbell_Bench_Press_Uncontrolled_Movement_1_028 (1).csv
1,10,1,2,1,47.457,47457,-9.01,3.8,0.14,9.7796,-0.0654,-0.0436,0.1254,66.69,91.63,73.25,-9.2722,3.5542,0.0287,9.9301,P001_Barbell_Bench_Press_Uncontrolled_Movement_1_028 (1).csv
1,10,1,2,1,47.588,47588,-9.58,4.46,0.2,10.5692,0.0087,0.0873,0.0611,64.81,91.06,74.88,-9.3128,3.6736,0.0512,10.0113,P001_Barbell_Bench_Press_Uncontrolled_Movement_1_028 (1).csv
1,10,1,2,1,47.718,47718,-9.14,3.79,0.27,9.8983,-0.0109,0.0578,0.1844,65.56,89.81,73.88,-9.29,3.6889,0.0801,9.9959,P001_Barbell_Bench_Press_Uncontrolled_Movement_1_028 (1).csv
1,10,1,2,1,47.85,47850,-8.23,4.15,-0.16,9.2185,-0.0229,0.0022,0.1385,62.56,89.38,76.56,-9.1503,3.7497,0.0484,9.8889,P001_Barbell_Bench_Press_Uncontrolled_Movement_1_028 (1).csv
1,10,1,2,1,47.981,47981,-9.65,4.99,0.25,10.8667,-0.0556,-0.0458,0.0022,64.06,90.31,74.81,-9.2162,3.9131,0.075,10.0128,P001_Barbell_Bench_Press_Uncontrolled_Movement_1_028 (1).csv
1,10,1,2,1,48.116,48116,-7.93,5.08,-0.12,9.4184,0.0469,-0.0295,0.3305,61.69,90.44,77.44,-9.0467,4.0669,0.0493,9.9189,P001_Barbell_Bench_Press_Uncontrolled_Movement_1_028 (1).csv
1,10,1,2,1,48.247,48247,-7.81,4.54,0.33,9.0397,0.0644,-0.0873,-0.2793,62.0,91.06,77.63,-8.8837,4.1292,0.0863,9.7969,P001_Barbell_Bench_Press_Uncontrolled_Movement_1_028 (1).csv
1,10,1,2,1,48.378,48378,-8.88,4.27,-0.01,9.8533,0.0338,-0.0633,-0.1331,63.88,91.88,76.38,-8.8832,4.1478,0.0736,9.8042,P001_Barbell_Bench_Press_Uncontrolled_Movement_1_028 (1).csv
1,10,1,2,1,48.551,48551,-10.16,3.87,-0.45,10.8814,0.0415,0.0218,0.048,64.88,92.06,75.88,-9.0515,4.1112,0.0046,9.9414,P001_Barbell_Bench_Press_Uncontrolled_Movement_1_028 (1).csv
1,10,1,2,1,48.682,48682,-7.92,3.82,0.03,8.7932,-0.0927,0.0131,-0.2313,65.13,91.75,75.31,-8.9024,4.0728,0.0079,9.7898,P001_Barbell_Bench_Press_Uncontrolled_Movement_1_028 (1).csv
1,10,1,2,1,48.812,48812,-8.13,3.49,-0.18,8.8493,0.0327,0.1647,0.0033,66.0,90.13,74.19,-8.8006,3.996,-0.0168,9.6653,P001_Barbell_Bench_Press_Uncontrolled_Movement_1_028 (1).csv
1,10,1,2,1,48.943,48943,-9.03,3.47,0.24,9.6767,0.0022,0.0218,0.1189,66.19,88.44,73.75,-8.8308,3.9267,0.017,9.6645,P001_Barbell_Bench_Press_Uncontrolled_Movement_1_028 (1).csv
1,10,1,2,1,49.073,49073,-9.62,4.17,0.5,10.4968,0.0131,0.0687,-0.1647,65.5,88.0,74.25,-8.9348,3.9588,0.0807,9.7729,P001_Barbell_Bench_Press_Uncontrolled_Movement_1_028 (1).csv
1,10,1,2,1,49.207,49207,-8.1,3.04,-0.44,8.6629,-0.0556,0.0425,-0.0142,68.0,86.44,71.44,-8.8248,3.8377,0.0121,9.6232,P001_Barbell_Bench_Press_Uncontrolled_Movement_1_028 (1).csv
1,10,1,2,1,49.338,49338,-7.37,4.23,0.03,8.4977,-0.0011,0.0535,0.1516,65.31,86.44,73.81,-8.6331,3.8894,0.0144,9.4688,P001_Barbell_Bench_Press_Uncontrolled_Movement_1_028 (1).csv
1,10,1,2,1,49.471,49471,-9.79,4.68,0.3,10.8553,0.0633,-0.0142,-0.1374,67.13,86.0,72.25,-8.7856,3.9936,0.0521,9.6508,P001_Barbell_Bench_Press_Uncontrolled_Movement_1_028 (1).csv
1,10,1,2,1,49.644,49644,-9.58,3.52,0.31,10.2109,0.0316,-0.0349,-0.0818,67.88,85.44,71.94,-8.8902,3.9312,0.086,9.721,P001_Barbell_Bench_Press_Uncontrolled_Movement_1_028 (1).csv
1,10,1,2,1,49.774,49774,-8.77,3.22,0.19,9.3444,0.0109,0.024,0.0982,67.13,85.56,72.69,-8.8744,3.8374,0.0997,9.6691,P001_Barbell_Bench_Press_Uncontrolled_Movement_1_028 (1).csv
1,10,1,2,1,49.904,49904,-9.06,3.56,0.18,9.736,-0.0338,0.0382,0.1014,66.69,85.31,72.94,-8.8989,3.8009,0.1103,9.6772,P001_Barbell_Bench_Press_Uncontrolled_Movement_1_028 (1).csv
1,10,1,2,1,50.034,50034,-8.65,3.72,0.3,9.4208,-0.0622,0.0633,0.0044,66.13,84.81,73.0,-8.8661,3.7902,0.1353,9.6432,P001_Barbell_Bench_Press_Uncontrolled_Movement_1_028 (1).csv
1,10,1,2,1,50.164,50164,-8.86,3.95,0.48,9.7125,-0.1004,0.0687,-0.0785,66.44,84.38,71.94,-8.8653,3.8113,0.1807,9.6515,P001_Barbell_Bench_Press_Uncontrolled_Movement_1_028 (1).csv
1,10,1,2,1,50.294,50294,-7.97,3.78,0.18,8.8228,-0.1353,0.0371,0.0,66.94,84.19,70.5,-8.7473,3.8072,0.1806,9.5416,P001_Barbell_Bench_Press_Uncontrolled_Movement_1_028 (1).csv
1,1,1,2,1,0.0,0,2.13,9.7,0.08,9.9314,-0.0185,-0.0425,0.1985,-11.5,87.19,148.88,1.6946,9.609,0.5299,9.7717,P001_Barbell_Bench_Press_Uncontrolled_Movement_1_029 (2).csv
1,1,1,2,1,0.131,131,1.91,9.7,0.2,9.8883,0.036,-0.0415,0.0818,-11.88,87.13,149.56,1.723,9.621,0.4864,9.7861,P001_Barbell_Bench_Press_Uncontrolled_Movement_1_029 (2).csv
1,1,1,2,1,0.264,264,1.81,9.69,0.46,9.8683,0.0491,-0.0207,-0.0436,-12.0,86.75,149.81,1.7345,9.6301,0.4829,9.7969,P001_Barbell_Bench_Press_Uncontrolled_Movement_1_029 (2).csv
1,1,1,2,1,0.395,395,1.55,9.56,0.81,9.7187,0.0393,0.0011,-0.0469,-11.69,86.31,149.5,1.7102,9.6208,0.526,9.7858,P001_Barbell_Bench_Press_Uncontrolled_Movement_1_029 (2).csv
1,1,1,2,1,0.526,526,1.41,9.24,0.66,9.3702,0.0196,0.0491,0.2236,-11.13,86.06,148.75,1.6706,9.5707,0.5437,9.7306,P001_Barbell_Bench_Press_Uncontrolled_Movement_1_029 (2).csv
1,1,1,2,1,0.656,656,2.12,9.29,0.78,9.5607,0.0109,0.0731,0.0742,-12.44,86.06,149.56,1.7298,9.5337,0.5748,9.7064,P001_Barbell_Bench_Press_Uncontrolled_Movement_1_029 (2).csv
1,1,1,2,1,0.786,786,2.0,9.68,0.64,9.9052,-0.0164,0.0764,0.1244,-12.5,86.25,149.13,1.7654,9.553,0.5834,9.7322,P001_Barbell_Bench_Press_Uncontrolled_Movement_1_029 (2).csv
1,1,1,2,1,0.917,917,2.62,9.58,0.43,9.9411,-0.0022,0.048,0.1004,-13.81,86.44,149.94,1.878,9.5565,0.5632,9.7556,P001_Barbell_Bench_Press_Uncontrolled_Movement_1_029 (2).csv
1,1,1,2,1,1.09,1090,2.51,9.55,0.38,9.8816,-0.0142,0.0185,0.1691,-13.69,86.56,149.63,1.9613,9.5557,0.5391,9.7697,P001_Barbell_Bench_Press_Uncontrolled_Movement_1_029 (2).csv
1,1,1,2,1,1.22,1220,2.24,9.48,0.48,9.7529,0.0164,-0.036,-0.1331,-13.5,86.56,149.5,1.998,9.5457,0.5313,9.767,P001_Barbell_Bench_Press_Uncontrolled_Movement_1_029 (2).csv
1,1,1,2,1,1.351,1351,2.9,9.69,0.58,10.1313,-0.0055,-0.0567,0.1658,-14.25,86.5,150.56,2.1169,9.5647,0.5377,9.8109,P001_Barbell_Bench_Press_Uncontrolled_Movement_1_029 (2).csv
1,1,1,2,1,1.482,1482,2.27,9.36,0.56,9.6476,0.0229,-0.0676,0.0753,-14.5,86.25,151.31,2.1371,9.5377,0.5406,9.7892,P001_Barbell_Bench_Press_Uncontrolled_Movement_1_029 (2).csv
1,1,1,2,1,1.612,1612,2.34,8.87,0.57,9.1912,-0.0458,-0.0065,0.0033,-14.5,86.19,151.56,2.1638,9.4497,0.5445,9.7096,P001_Barbell_Bench_Press_Uncontrolled_Movement_1_029 (2).csv
1,1,1,2,1,1.743,1743,2.46,9.08,0.76,9.438,-0.0153,0.0349,0.0022,-14.38,86.38,151.38,2.2028,9.401,0.5729,9.6726,P001_Barbell_Bench_Press_Uncontrolled_Movement_1_029 (2).csv
1,1,1,2,1,1.873,1873,2.01,8.44,0.6,8.6968,-0.0065,0.0513,-0.1898,-13.81,86.5,150.56,2.1774,9.2744,0.5765,9.544,P001_Barbell_Bench_Press_Uncontrolled_Movement_1_029 (2).csv
1,1,1,2,1,2.005,2005,1.54,9.85,0.58,9.9865,0.0436,0.0611,-0.3469,-12.19,86.56,148.44,2.0934,9.3502,0.5769,9.5991,P001_Barbell_Bench_Press_Uncontrolled_Movement_1_029 (2).csv
1,1,1,2,1,2.181,2181,2.1,10.08,0.25,10.2995,0.1036,0.0807,-0.0022,-12.25,85.88,147.63,2.0943,9.4464,0.5339,9.6905,P001_Barbell_Bench_Press_Uncontrolled_Movement_1_029 (2).csv
1,1,1,2,1,2.312,2312,0.87,9.38,0.68,9.4448,0.0382,0.0327,-0.2323,-9.94,85.5,144.88,1.933,9.4376,0.5531,9.6494,P001_Barbell_Bench_Press_Uncontrolled_Movement_1_029 (2).csv
1,1,1,2,1,2.442,2442,1.54,10.09,0.99,10.2547,0.0873,-0.0447,0.1658,-9.19,85.13,144.13,1.8812,9.5236,0.6107,9.7268,P001_Barbell_Bench_Press_Uncontrolled_Movement_1_029 (2).csv
1,1,1,2,1,2.573,2573,1.29,9.47,0.5,9.5705,0.0644,-0.0764,0.54,-10.31,84.31,145.75,1.8033,9.5165,0.5961,9.7042,P001_Barbell_Bench_Press_Uncontrolled_Movement_1_029 (2).csv
1,1,1,2,1,2.703,2703,1.89,8.02,1.38,8.3545,-0.0665,-0.0556,-0.2345,-12.94,84.31,148.75,1.8147,9.3193,0.6994,9.5201,P001_Barbell_Bench_Press_Uncontrolled_Movement_1_029 (2).csv
1,1,1,2,1,2.834,2834,1.91,10.57,1.17,10.8047,0.0022,-0.0622,0.4952,-11.38,84.56,147.81,1.8273,9.4841,0.7614,9.6885,P001_Barbell_Bench_Press_Uncontrolled_Movement_1_029 (2).csv
1,1,1,2,1,2.964,2964,2.55,8.67,0.43,9.0474,-0.0087,-0.0447,0.0185,-13.13,84.25,149.94,1.9225,9.3769,0.7177,9.5988,P001_Barbell_Bench_Press_Uncontrolled_Movement_1_029 (2).csv
1,1,1,2,1,3.094,3094,1.75,9.88,1.18,10.1029,-0.0273,-0.0153,0.1953,-12.19,84.31,149.25,1.8998,9.4432,0.7787,9.6638,P001_Barbell_Bench_Press_Uncontrolled_Movement_1_029 (2).csv
1,1,1,2,1,3.267,3267,2.54,9.4,0.71,9.763,-0.012,-0.0284,-0.5716,-14.25,84.31,151.44,1.9841,9.4375,0.7696,9.6745,P001_Barbell_Bench_Press_Uncontrolled_Movement_1_029 (2).csv
1,1,1,2,1,3.397,3397,1.75,9.29,0.68,9.4778,-0.024,-0.0175,0.0578,-12.44,84.44,149.81,1.9533,9.418,0.7578,9.6483,P001_Barbell_Bench_Press_Uncontrolled_Movement_1_029 (2).csv
1,1,1,2,1,3.528,3528,2.07,9.69,0.6,9.9268,-0.0709,-0.0262,-0.0567,-12.31,84.75,149.88,1.9687,9.4539,0.737,9.6848,P001_Barbell_Bench_Press_Uncontrolled_Movement_1_029 (2).csv
1,1,1,2,1,3.658,3658,1.52,9.11,0.87,9.2768,-0.1549,-0.0905,-0.4974,-10.75,85.5,148.88,1.9095,9.4086,0.7545,9.63,P001_Barbell_Bench_Press_Uncontrolled_Movement_1_029 (2).csv
1,1,1,2,1,3.788,3788,1.95,10.16,0.74,10.3719,-0.2073,-0.0698,0.0676,-9.25,86.81,148.19,1.9149,9.5076,0.7526,9.7277,P001_Barbell_Bench_Press_Uncontrolled_Movement_1_029 (2).csv
1,1,1,2,1,3.918,3918,0.74,10.17,0.44,10.2064,-0.1287,-0.0785,-0.1865,-9.13,87.94,148.81,1.7601,9.5949,0.7114,9.7809,P001_Barbell_Bench_Press_Uncontrolled_Movement_1_029 (2).csv
1,1,1,2,1,4.048,4048,1.03,9.69,0.1,9.7451,-0.0316,-0.0458,-0.1604,-7.5,88.44,147.69,1.6639,9.6074,0.6309,9.7708,P001_Barbell_Bench_Press_Uncontrolled_Movement_1_029 (2).csv
1,1,1,2,1,4.179,4179,0.87,9.31,0.14,9.3516,0.0524,0.0055,-0.4058,-5.81,88.38,146.13,1.5592,9.5682,0.5662,9.711,P001_Barbell_Bench_Press_Uncontrolled_Movement_1_029 (2).csv
1,1,1,2,1,4.351,4351,0.29,9.99,0.29,9.9984,0.0589,-0.0251,-0.2225,-3.69,87.88,144.0,1.392,9.6238,0.5298,9.7384,P001_Barbell_Bench_Press_Uncontrolled_Movement_1_029 (2).csv
1,1,1,2,1,4.481,4481,0.43,10.39,0.02,10.3989,0.0436,-0.0044,-0.1985,-2.56,87.5,142.94,1.2652,9.7248,0.4626,9.8176,P001_Barbell_Bench_Press_Uncontrolled_Movement_1_029 (2).csv
1,1,1,2,1,4.611,4611,-0.18,9.51,0.48,9.5238,0.0698,0.024,-0.2029,-0.88,87.06,141.13,1.0748,9.6965,0.4649,9.7669,P001_Barbell_Bench_Press_Uncontrolled_Movement_1_029 (2).csv
1,1,1,2,1,4.741,4741,-0.17,9.19,0.41,9.2007,0.0055,0.0436,0.0556,-0.5,86.75,140.5,0.9107,9.6297,0.4577,9.6835,P001_Barbell_Bench_Press_Uncontrolled_Movement_1_029 (2).csv
1,1,1,2,1,4.871,4871,-0.04,11.07,0.6,11.0863,-0.0447,0.0513,0.1429,-0.75,86.94,140.44,0.7855,9.8195,0.4764,9.8624,P001_Barbell_Bench_Press_Uncontrolled_Movement_1_029 (2).csv
1,1,1,2,1,5.001,5001,0.16,10.89,0.6,10.9077,-0.0076,0.0207,0.1571,-1.63,87.13,141.0,0.703,9.9606,0.4927,9.9975,P001_Barbell_Bench_Press_Uncontrolled_Movement_1_029 (2).csv
1,2,1,2,1,5.132,5132,0.75,9.88,0.51,9.9215,0.0153,0.0131,0.4516,-3.94,87.13,143.13,0.7092,9.95,0.495,9.9875,P001_Barbell_Bench_Press_Uncontrolled_Movement_1_029 (2).csv
1,2,1,2,1,5.262,5262,1.31,9.19,0.31,9.2881,0.0185,0.0109,0.2138,-6.69,87.06,145.81,0.7884,9.8498,0.4706,9.8925,P001_Barbell_Bench_Press_Uncontrolled_Movement_1_029 (2).csv
1,2,1,2,1,5.435,5435,0.15,9.76,0.5,9.774,0.0665,0.0862,0.7047,-4.31,86.69,143.25,0.7043,9.838,0.4745,9.8746,P001_Barbell_Bench_Press_Uncontrolled_Movement_1_029 (2).csv
1,2,1,2,1,5.565,5565,0.85,9.74,0.12,9.7778,-0.0218,0.0949,-0.7265,-6.44,86.38,144.5,0.7235,9.8251,0.4278,9.861,P001_Barbell_Bench_Press_Uncontrolled_Movement_1_029 (2).csv
1,2,1,2,1,5.695,5695,0.31,9.81,0.91,9.857,-0.1374,0.2116,-0.0425,-4.0,87.25,140.88,0.669,9.8231,0.4913,9.8581,P001_Barbell_Bench_Press_Uncontrolled_Movement_1_029 (2).csv
1,2,1,2,1,5.825,5825,1.24,10.36,0.43,10.4428,-0.0425,0.1767,0.0622,-3.69,88.19,139.19,0.7442,9.8938,0.4832,9.9335,P001_Barbell_Bench_Press_Uncontrolled_Movement_1_029 (2).csv
1,2,1,2,1,5.955,5955,1.67,10.15,-0.05,10.2866,0.0742,0.0873,0.0633,-3.88,88.0,138.44,0.8662,9.9276,0.413,9.9739,P001_Barbell_Bench_Press_Uncontrolled_Movement_1_029 (2).csv
1,2,1,2,1,6.085,6085,0.0,9.45,-0.15,9.4512,0.0196,0.0065,-0.4811,-1.5,87.56,135.75,0.7521,9.8647,0.3388,9.8991,P001_Barbell_Bench_Press_Uncontrolled_Movement_1_029 (2).csv
1,2,1,2,1,6.216,6216,0.24,10.2,0.05,10.2029,0.0175,0.0273,0.7287,-2.56,87.44,136.69,0.6846,9.9088,0.3007,9.937,P001_Barbell_Bench_Press_Uncontrolled_Movement_1_029 (2).csv
1,2,1,2,1,6.346,6346,1.49,10.34,0.45,10.4565,0.0949,-0.0447,-0.1287,-5.13,87.0,139.31,0.7907,9.9657,0.3204,10.0021,P001_Barbell_Bench_Press_Uncontrolled_Movement_1_029 (2).csv
1,2,1,2,1,6.519,6519,0.24,10.34,0.56,10.3579,0.0229,-0.0447,0.4352,-2.63,86.44,137.44,0.7182,10.015,0.352,10.0469,P001_Barbell_Bench_Press_Uncontrolled_Movement_1_029 (2).csv
1,2,1,2,1,6.65,6650,0.13,9.25,0.69,9.2766,0.0262,-0.0807,-0.1898,-4.31,86.25,139.44,0.6407,9.9142,0.3965,9.9428,P001_Barbell_Bench_Press_Uncontrolled_Movement_1_029 (2).csv
1,2,1,2,1,6.78,6780,1.13,9.82,0.5,9.8974,-0.012,-0.0425,0.1516,-5.5,86.13,141.06,0.7051,9.9018,0.4102,9.9353,P001_Barbell_Bench_Press_Uncontrolled_Movement_1_029 (2).csv
1,2,1,2,1,6.911,6911,0.43,9.52,1.18,9.6025,-0.0055,-0.0316,-0.0611,-5.25,86.19,141.06,0.6689,9.8515,0.5116,9.8874,P001_Barbell_Bench_Press_Uncontrolled_Movement_1_029 (2).csv
1,2,1,2,1,7.041,7041,1.48,10.79,0.45,10.9003,0.0567,0.0044,0.096,-5.5,85.94,141.44,0.7758,9.9751,0.5035,10.0179,P001_Barbell_Bench_Press_Uncontrolled_Movement_1_029 (2).csv
1,2,1,2,1,7.172,7172,0.13,9.74,0.51,9.7542,0.1265,-0.0109,-0.0916,-3.75,85.31,139.69,0.6907,9.9442,0.5043,9.9809,P001_Barbell_Bench_Press_Uncontrolled_Movement_1_029 (2).csv
1,2,1,2,1,7.303,7303,1.61,9.16,1.14,9.37,0.0295,0.0273,0.1276,-5.5,84.88,141.25,0.8118,9.8408,0.5881,9.8917,P001_Barbell_Bench_Press_Uncontrolled_Movement_1_029 (2).csv
1,2,1,2,1,7.433,7433,0.01,7.63,0.85,7.6772,-0.0622,0.0022,-0.1156,-4.13,84.63,139.88,0.7062,9.5495,0.6226,9.5958,P001_Barbell_Bench_Press_Uncontrolled_Movement_1_029 (2).csv
1,2,1,2,1,7.606,7606,-0.51,8.8,0.76,8.8475,0.0218,-0.0556,-0.288,-6.0,84.88,141.81,0.5459,9.4507,0.6407,9.4881,P001_Barbell_Bench_Press_Uncontrolled_Movement_1_029 (2).csv
1,3,1,2,1,7.74,7740,1.17,9.74,0.94,9.855,-0.0305,-0.0393,0.2629,-6.81,84.88,142.94,0.6281,9.4888,0.6802,9.5339,P001_Barbell_Bench_Press_Uncontrolled_Movement_1_029 (2).csv
1,3,1,2,1,7.872,7872,1.44,9.24,0.94,9.3987,-0.0044,-0.0905,-0.3665,-6.19,84.94,142.88,0.7351,9.4561,0.7144,9.5115,P001_Barbell_Bench_Press_Uncontrolled_Movement_1_029 (2).csv
1,3,1,2,1,8.002,8002,1.06,9.97,0.68,10.0492,-0.0055,-0.0589,0.0622,-5.5,85.06,142.75,0.7779,9.5238,0.7099,9.5818,P001_Barbell_Bench_Press_Uncontrolled_Movement_1_029 (2).csv
1,3,1,2,1,8.132,8132,0.72,8.56,0.58,8.6098,0.0327,-0.0567,-0.0622,-5.25,84.75,142.94,0.7703,9.3968,0.6928,9.4537,P001_Barbell_Bench_Press_Uncontrolled_Movement_1_029 (2).csv
1,3,1,2,1,8.263,8263,1.51,10.93,1.08,11.0865,-0.0611,-0.0065,-0.0065,-6.31,85.13,144.13,0.8678,9.5988,0.7438,9.6666,P001_Barbell_Bench_Press_Uncontrolled_Movement_1_029 (2).csv
1,3,1,2,1,8.393,8393,0.3,8.87,0.48,8.888,-0.072,0.0055,0.0884,-5.38,85.38,143.31,0.793,9.5028,0.709,9.5621,P001_Barbell_Bench_Press_Uncontrolled_Movement_1_029 (2).csv
1,3,1,2,1,8.524,8524,0.68,8.31,0.43,8.3489,-0.0567,0.0098,0.0196,-6.38,85.88,144.31,0.7781,9.3456,0.6723,9.402,P001_Barbell_Bench_Press_Uncontrolled_Movement_1_029 (2).csv
1,3,1,2,1,8.697,8697,0.67,10.28,0.42,10.3104,-0.048,0.0055,-0.0764,-6.81,86.31,144.75,0.7638,9.4687,0.639,9.521,P001_Barbell_Bench_Press_Uncontrolled_Movement_1_029 (2).csv
1,3,1,2,1,8.828,8828,1.2,10.34,0.47,10.42,0.0131,0.0251,0.1025,-8.5,86.38,146.25,0.8213,9.5835,0.6167,9.6384,P001_Barbell_Bench_Press_Uncontrolled_Movement_1_029 (2).csv
1,3,1,2,1,8.959,8959,1.78,7.77,0.02,7.9713,-0.1036,0.0535,-0.1124,-9.38,86.44,146.88,0.9476,9.3446,0.5381,9.4079,P001_Barbell_Bench_Press_Uncontrolled_Movement_1_029 (2).csv
1,3,1,2,1,9.089,9089,2.26,13.07,1.02,13.3031,0.0175,0.0305,0.2323,-8.75,87.25,146.0,1.1206,9.8355,0.6016,9.9174,P001_Barbell_Bench_Press_Uncontrolled_Movement_1_029 (2).csv
1,3,1,2,1,9.22,9220,0.27,8.39,-0.11,8.3951,0.0785,-0.0262,-0.4669,-6.75,86.44,143.94,1.0085,9.645,0.5078,9.7109,P001_Barbell_Bench_Press_Uncontrolled_Movement_1_029 (2).csv
1,3,1,2,1,9.35,9350,1.93,9.52,-0.44,9.7236,-0.036,0.0338,0.8748,-9.88,86.25,146.94,1.1299,9.6285,0.3829,9.7022,P001_Barbell_Bench_Press_Uncontrolled_Movement_1_029 (2).csv
1,3,1,2,1,9.485,9485,2.34,10.45,0.51,10.7209,0.0142,-0.0404,-0.2694,-11.0,86.44,148.13,1.2894,9.7368,0.3997,9.8299,P001_Barbell_Bench_Press_Uncontrolled_Movement_1_029 (2).csv
1,3,1,2,1,9.616,9616,0.99,8.33,0.47,8.4018,0.0567,-0.0851,-0.3938,-8.94,86.0,146.56,1.2499,9.5514,0.4089,9.6415,P001_Barbell_Bench_Press_Uncontrolled_Movement_1_029 (2).csv
1,3,1,2,1,9.789,9789,1.57,9.42,0.77,9.5809,0.036,-0.0622,0.3589,-8.56,85.56,146.94,1.2921,9.5341,0.4565,9.6321,P001_Barbell_Bench_Press_Uncontrolled_Movement_1_029 (2).csv
1,3,1,2,1,9.919,9919,0.64,9.77,1.06,9.8482,0.0011,-0.0567,-0.1167,-6.81,85.31,145.69,1.2062,9.5652,0.536,9.6558,P001_Barbell_Bench_Press_Uncontrolled_Movement_1_029 (2).csv
1,3,1,2,1,10.049,10049,1.16,9.69,0.9,9.8006,-0.0305,-0.0087,0.1353,-8.5,85.44,147.56,1.2001,9.5816,0.584,9.6741,P001_Barbell_Bench_Press_Uncontrolled_Movement_1_029 (2).csv
1,3,1,2,1,10.18,10180,0.28,9.95,0.82,9.9877,0.0425,-0.0556,-0.3512,-5.25,85.38,144.56,1.0788,9.6302,0.6151,9.7099,P001_Barbell_Bench_Press_Uncontrolled_Movement_1_029 (2).csv
1,3,1,2,1,10.311,10311,1.39,8.8,0.32,8.9148,-0.0065,-0.0491,-0.0567,-5.38,85.06,145.06,1.1198,9.5208,0.5762,9.6037,P001_Barbell_Bench_Press_Uncontrolled_Movement_1_029 (2).csv
1,3,1,2,1,10.441,10441,1.17,9.47,1.08,9.6029,-0.1593,-0.0785,-0.2803,-4.13,85.81,144.25,1.1265,9.5141,0.6426,9.6021,P001_Barbell_Bench_Press_Uncontrolled_Movement_1_029 (2).csv
1,3,1,2,1,10.571,10571,-0.44,10.47,0.7,10.5026,-0.1233,-0.0774,-0.2007,-1.38,86.81,142.19,0.92,9.64,0.6502,9.7057,P001_Barbell_Bench_Press_Uncontrolled_Movement_1_029 (2).csv
1,3,1,2,1,10.702,10702,-0.66,11.5,-0.1,11.5194,0.0687,-0.0109,-0.0262,-0.94,87.0,142.06,0.7118,9.8851,0.5513,9.9261,P001_Barbell_Bench_Press_Uncontrolled_Movement_1_029 (2).csv
1,3,1,2,1,10.874,10874,-0.22,9.64,0.18,9.6442,0.132,0.1091,0.2607,-0.44,86.06,141.13,0.589,9.8528,0.5024,9.8832,P001_Barbell_Bench_Press_Uncontrolled_Movement_1_029 (2).csv
1,3,1,2,1,11.004,11004,-0.49,8.7,1.16,8.7907,0.0502,0.1505,-0.4712,0.94,85.31,138.69,0.4468,9.7009,0.589,9.7291,P001_Barbell_Bench_Press_Uncontrolled_Movement_1_029 (2).csv
1,3,1,2,1,11.134,11134,0.08,10.1,0.95,10.1449,-0.0785,0.1298,-0.1658,1.75,85.5,136.69,0.3985,9.7535,0.6366,9.7824,P001_Barbell_Bench_Press_Uncontrolled_Movement_1_029 (2).csv
1,3,1,2,1,11.264,11264,-0.44,9.98,0.59,10.0071,-0.0589,0.0447,-0.1102,3.19,86.06,134.69,0.288,9.7834,0.6305,9.8079,P001_Barbell_Bench_Press_Uncontrolled_Movement_1_029 (2).csv
1,3,1,2,1,11.394,11394,-0.41,10.11,0.52,10.1317,-0.0109,-0.0262,0.0316,3.13,86.25,134.69,0.196,9.8264,0.6159,9.8476,P001_Barbell_Bench_Press_Uncontrolled_Movement_1_029 (2).csv
1,3,1,2,1,11.525,11525,-0.7,11.56,0.37,11.5871,0.0251,-0.0676,-0.06,2.94,86.19,135.25,0.078,10.0548,0.5835,10.0721,P001_Barbell_Bench_Press_Uncontrolled_Movement_1_029 (2).csv
1,3,1,2,1,11.655,11655,-1.0,10.23,0.85,10.3138,-0.0185,-0.0436,0.2967,2.44,86.13,136.19,-0.0641,10.0779,0.6186,10.0971,P001_Barbell_Bench_Press_Uncontrolled_Movement_1_029 (2).csv
1,3,1,2,1,11.786,11786,-0.67,10.28,0.47,10.3125,-0.0622,0.0164,0.4898,-0.38,86.5,139.19,-0.1439,10.1046,0.599,10.1233,P001_Barbell_Bench_Press_Uncontrolled_Movement_1_029 (2).csv
1,3,1,2,1,11.959,11959,-0.27,9.17,0.2,9.1762,-0.0065,0.0491,0.2356,-3.31,86.88,141.81,-0.1605,9.9814,0.5465,9.9976,P001_Barbell_Bench_Press_Uncontrolled_Movement_1_029 (2).csv
1,3,1,2,1,12.09,12090,0.18,9.68,0.61,9.7009,0.0622,0.144,0.3272,-5.19,86.69,142.94,-0.1157,9.9417,0.5548,9.9578,P001_Barbell_Bench_Press_Uncontrolled_Movement_1_029 (2).csv
1,3,1,2,1,12.221,12221,1.79,9.2,0.73,9.4009,0.1124,0.1418,-0.1167,-6.69,86.19,143.31,0.1354,9.844,0.5779,9.8618,P001_Barbell_Bench_Press_Uncontrolled_Movement_1_029 (2).csv
1,3,1,2,1,12.351,12351,1.49,9.04,0.63,9.1836,0.0851,0.0818,0.0633,-6.63,85.44,142.44,0.3139,9.738,0.5848,9.7606,P001_Barbell_Bench_Press_Uncontrolled_Movement_1_029 (2).csv
1,3,1,2,1,12.482,12482,1.39,9.98,1.2,10.1475,-0.0698,0.1167,-0.2203,-6.63,85.38,141.75,0.4557,9.7699,0.6658,9.8032,P001_Barbell_Bench_Press_Uncontrolled_Movement_1_029 (2).csv
1,3,1,2,1,12.612,12612,1.59,9.39,0.66,9.5465,-0.0644,0.0545,-0.0349,-5.69,86.06,140.25,0.6052,9.7198,0.6651,9.7613,P001_Barbell_Bench_Press_Uncontrolled_Movement_1_029 (2).csv
1,3,1,2,1,12.747,12747,0.53,10.66,0.8,10.7031,0.0218,0.0033,-0.4396,-3.25,86.19,137.69,0.5953,9.8437,0.6829,9.8853,P001_Barbell_Bench_Press_Uncontrolled_Movement_1_029 (2).csv
1,3,1,2,1,12.878,12878,0.67,7.32,0.02,7.3506,0.1276,-0.0535,-0.2334,-3.81,85.44,138.31,0.6051,9.5112,0.5955,9.549,P001_Barbell_Bench_Press_Uncontrolled_Movement_1_029 (2).csv
1,3,1,2,1,13.051,13051,0.63,8.08,0.53,8.1218,0.0665,-0.1473,-0.4069,-1.25,84.94,136.56,0.6084,9.3226,0.5869,9.3608,P001_Barbell_Bench_Press_Uncontrolled_Movement_1_029 (2).csv
1,4,1,2,1,13.181,13181,-1.27,10.34,0.7,10.4412,0.1254,-0.2105,-0.5694,3.75,84.63,132.88,0.3609,9.4566,0.6018,9.4826,P001_Barbell_Bench_Press_Uncontrolled_Movement_1_029 (2).csv
1,4,1,2,1,13.311,13311,0.92,10.35,1.15,10.4543,-0.0262,-0.1244,0.8247,2.0,84.25,135.69,0.4346,9.5744,0.674,9.6079,P001_Barbell_Bench_Press_Uncontrolled_Movement_1_029 (2).csv
1,4,1,2,1,13.442,13442,-0.86,9.09,0.68,9.1559,0.0654,-0.1505,-0.2509,1.94,84.0,136.88,0.264,9.5105,0.6748,9.5381,P001_Barbell_Bench_Press_Uncontrolled_Movement_1_029 (2).csv
1,4,1,2,1,13.573,13573,-0.48,9.87,0.97,9.9292,0.0535,-0.0949,0.2967,0.31,83.63,139.31,0.1659,9.5579,0.7137,9.586,P001_Barbell_Bench_Press_Uncontrolled_Movement_1_029 (2).csv
1,4,1,2,1,13.703,13703,-0.66,9.74,1.02,9.8155,0.0305,-0.0295,0.2258,-0.06,83.31,140.38,0.0571,9.5819,0.7541,9.6117,P001_Barbell_Bench_Press_Uncontrolled_Movement_1_029 (2).csv
1,4,1,2,1,13.833,13833,0.07,9.56,1.08,9.6211,-0.0098,0.0927,0.2945,-1.75,83.19,141.81,0.0588,9.579,0.797,9.6123,P001_Barbell_Bench_Press_Uncontrolled_Movement_1_029 (2).csv
1,4,1,2,1,13.964,13964,0.18,9.67,1.22,9.7483,-0.0098,0.192,0.0894,-2.5,83.31,141.56,0.0748,9.591,0.8528,9.6291,P001_Barbell_Bench_Press_Uncontrolled_Movement_1_029 (2).csv
1,4,1,2,1,14.136,14136,0.95,9.84,0.76,9.9149,-0.0076,0.1996,0.1451,-3.88,83.75,140.94,0.1901,9.6238,0.8405,9.6623,P001_Barbell_Bench_Press_Uncontrolled_Movement_1_029 (2).csv
1,4,1,2,1,14.266,14266,1.67,9.62,0.82,9.7982,0.024,0.0884,0.0654,-5.31,83.81,141.31,0.3851,9.6233,0.8378,9.6674,P001_Barbell_Bench_Press_Uncontrolled_Movement_1_029 (2).csv
1,4,1,2,1,14.396,14396,1.96,9.41,0.97,9.6608,0.0251,-0.0382,-0.0447,-6.81,83.75,142.63,0.5926,9.5952,0.8552,9.6515,P001_Barbell_Bench_Press_Uncontrolled_Movement_1_029 (2).csv
1,4,1,2,1,14.526,14526,1.05,9.92,1.12,10.0381,0.0295,-0.1145,-0.0491,-6.19,83.56,142.56,0.6529,9.638,0.8901,9.701,P001_Barbell_Bench_Press_Uncontrolled_Movement_1_029 (2).csv
1,4,1,2,1,14.656,14656,-0.1,8.62,0.89,8.6664,0.012,-0.1124,-0.1691,-5.56,83.25,142.75,0.5537,9.5039,0.8901,9.5615,P001_Barbell_Bench_Press_Uncontrolled_Movement_1_029 (2).csv
1,4,1,2,1,14.787,14787,1.61,8.87,1.49,9.1372,-0.0873,-0.024,0.6109,-8.19,83.63,145.88,0.6929,9.4203,0.9692,9.4954,P001_Barbell_Bench_Press_Uncontrolled_Movement_1_029 (2).csv
1,4,1,2,1,14.917,14917,-0.76,10.89,1.11,10.9728,-0.036,-0.0033,-0.288,-7.25,84.19,145.13,0.5014,9.614,0.9877,9.6776,P001_Barbell_Bench_Press_Uncontrolled_Movement_1_029 (2).csv
1,4,1,2,1,15.048,15048,1.5,9.42,0.86,9.5774,0.072,0.0709,0.36,-9.94,84.13,147.38,0.633,9.5884,0.9709,9.6582,P001_Barbell_Bench_Press_Uncontrolled_Movement_1_029 (2).csv
1,4,1,2,1,15.221,15221,0.61,7.48,0.92,7.561,0.1265,0.0731,0.588,-12.56,83.19,149.31,0.63,9.3106,0.9642,9.3816,P001_Barbell_Bench_Press_Uncontrolled_Movement_1_029 (2).csv
1,4,1,2,1,15.353,15353,4.49,10.37,1.24,11.3681,-0.0535,0.1233,0.5574,-19.31,83.06,155.19,1.1386,9.4502,1.0005,9.571,P001_Barbell_Bench_Press_Uncontrolled_Movement_1_029 (2).csv
1,4,1,2,1,15.484,15484,2.13,8.69,1.08,9.0122,-0.0044,0.0305,-0.8814,-16.88,83.63,152.31,1.2693,9.35,1.011,9.4898,P001_Barbell_Bench_Press_Uncontrolled_Movement_1_029 (2).csv
1,4,1,2,1,15.619,15619,2.64,9.6,0.89,9.9961,0.0262,0.0393,0.288,-14.75,83.63,149.94,1.4499,9.383,0.9951,9.5463,P001_Barbell_Bench_Press_Uncontrolled_Movement_1_029 (2).csv
1,4,1,2,1,15.75,15750,2.66,8.68,0.96,9.1291,-0.0796,0.012,-0.3774,-16.0,83.63,151.0,1.6094,9.2903,0.9904,9.4806,P001_Barbell_Bench_Press_Uncontrolled_Movement_1_029 (2).csv
1,4,1,2,1,15.881,15881,2.1,10.1,1.01,10.3653,-0.06,0.0251,-0.0022,-14.25,84.38,149.31,1.674,9.397,0.993,9.5965,P001_Barbell_Bench_Press_Uncontrolled_Movement_1_029 (2).csv
1,4,1,2,1,16.011,16011,1.13,7.84,1.0,7.9839,-0.0425,0.0382,0.3763,-14.75,84.69,149.63,1.6023,9.1918,0.9939,9.3833,P001_Barbell_Bench_Press_Uncontrolled_Movement_1_029 (2).csv
1,4,1,2,1,16.142,16142,3.4,10.66,0.66,11.2085,-0.1385,0.0589,-0.0698,-17.44,85.5,152.13,1.8392,9.3853,0.9499,9.6109,P001_Barbell_Bench_Press_Uncontrolled_Movement_1_029 (2).csv
1,4,1,2,1,16.315,16315,1.87,9.41,0.2,9.5961,0.0185,0.0382,-0.4178,-13.31,86.06,147.69,1.8433,9.3886,0.8511,9.6056,P001_Barbell_Bench_Press_Uncontrolled_Movement_1_029 (2).csv
1,4,1,2,1,16.446,16446,1.67,9.91,0.25,10.0528,0.0207,0.0513,-0.1505,-11.31,86.0,145.31,1.8204,9.4573,0.7719,9.6618,P001_Barbell_Bench_Press_Uncontrolled_Movement_1_029 (2).csv
1,4,1,2,1,16.576,16576,1.83,11.1,0.4,11.2569,0.144,0.0076,-0.2902,-10.56,85.56,144.19,1.8217,9.6737,0.7229,9.8703,P001_Barbell_Bench_Press_Uncontrolled_Movement_1_029 (2).csv
1,5,1,2,1,16.706,16706,0.74,8.9,0.64,8.9536,0.1953,-0.0185,-0.1876,-7.88,84.19,141.44,1.6792,9.5718,0.712,9.744,P001_Barbell_Bench_Press_Uncontrolled_Movement_1_029 (2).csv
1,5,1,2,1,16.837,16837,1.44,9.26,1.29,9.4597,0.0731,-0.0273,0.1014,-8.31,83.19,141.94,1.6476,9.5307,0.7881,9.7041,P001_Barbell_Bench_Press_Uncontrolled_Movement_1_029 (2).csv
1,5,1,2,1,16.967,16967,1.3,9.67,1.38,9.8541,-0.0415,-0.0545,-0.1494,-8.06,83.0,141.94,1.6018,9.5491,0.8661,9.7211,P001_Barbell_Bench_Press_Uncontrolled_Movement_1_029 (2).csv
1,5,1,2,1,17.097,17097,0.94,9.45,1.2,9.5722,-0.0905,-0.0513,-0.1113,-7.0,83.5,141.38,1.5146,9.536,0.9101,9.6983,P001_Barbell_Bench_Press_Uncontrolled_Movement_1_029 (2).csv
1,5,1,2,1,17.227,17227,1.08,10.36,0.87,10.4524,-0.0382,-0.0164,0.1527,-7.31,84.0,142.0,1.4573,9.6446,0.9048,9.7959,P001_Barbell_Bench_Press_Uncontrolled_Movement_1_029 (2).csv
1,5,1,2,1,17.4,17400,1.08,9.49,0.99,9.6024,0.0807,-0.0098,-0.2683,-7.19,83.63,141.88,1.4076,9.6242,0.9161,9.7697,P001_Barbell_Bench_Press_Uncontrolled_Movement_1_029 (2).csv
1,5,1,2,1,17.53,17530,0.26,10.11,0.91,10.1542,0.0349,0.0185,-0.216,-4.88,83.25,139.44,1.2564,9.6882,0.9153,9.8121,P001_Barbell_Bench_Press_Uncontrolled_Movement_1_029 (2).csv
1,5,1,2,1,17.665,17665,0.63,9.27,1.25,9.3751,0.0055,0.0524,0.0796,-5.19,83.19,139.5,1.1739,9.6331,0.9594,9.7517,P001_Barbell_Bench_Press_Uncontrolled_Movement_1_029 (2).csv
1,5,1,2,1,17.796,17796,0.7,9.85,1.24,9.9524,-0.0229,0.0371,-0.1942,-4.75,83.19,138.75,1.1114,9.6617,0.9964,9.7763,P001_Barbell_Bench_Press_Uncontrolled_Movement_1_029 (2).csv
1,5,1,2,1,17.928,17928,0.54,11.31,1.12,11.3781,0.036,0.0284,0.0098,-4.0,83.19,137.69,1.0361,9.8789,1.0126,9.9846,P001_Barbell_Bench_Press_Uncontrolled_Movement_1_029 (2).csv
1,5,1,2,1,18.059,18059,0.59,9.22,1.11,9.3053,0.0349,0.0175,0.228,-5.06,82.81,138.63,0.9773,9.7921,1.0255,9.894,P001_Barbell_Bench_Press_Uncontrolled_Movement_1_029 (2).csv
1,5,1,2,1,18.19,18190,0.49,9.36,1.0,9.426,-0.0415,0.0131,0.1571,-6.31,82.88,139.81,0.9131,9.7351,1.0221,9.8311,P001_Barbell_Bench_Press_Uncontrolled_Movement_1_029 (2).csv
1,5,1,2,1,18.32,18320,2.04,10.22,1.11,10.4806,-0.0447,0.1331,1.1508,-10.38,83.31,143.56,1.0616,9.799,1.0337,9.9104,P001_Barbell_Bench_Press_Uncontrolled_Movement_1_029 (2).csv
1,5,1,2,1,18.493,18493,0.7,9.11,0.96,9.1871,0.0262,0.0382,-1.3221,-9.69,83.44,141.94,1.014,9.7082,1.024,9.8146,P001_Barbell_Bench_Press_Uncontrolled_Movement_1_029 (2).csv
1,5,1,2,1,18.623,18623,1.2,10.29,0.74,10.3861,0.0098,0.1331,0.2214,-8.38,83.5,139.88,1.0385,9.7849,0.9866,9.8892,P001_Barbell_Bench_Press_Uncontrolled_Movement_1_029 (2).csv
1,5,1,2,1,18.754,18754,0.9,9.91,1.14,10.0159,0.0851,0.0251,-0.577,-5.25,83.25,136.13,1.0202,9.8014,1.0068,9.9056,P001_Barbell_Bench_Press_Uncontrolled_Movement_1_029 (2).csv
1,5,1,2,1,18.884,18884,1.07,9.79,1.08,9.9073,0.0622,-0.0284,0.1571,-3.69,82.69,134.56,1.0268,9.7999,1.0164,9.9058,P001_Barbell_Bench_Press_Uncontrolled_Movement_1_029 (2).csv
1,5,1,2,1,19.015,19015,1.19,8.94,0.99,9.073,-0.012,-0.0753,0.1254,-5.19,82.44,136.5,1.0483,9.6866,1.0129,9.7956,P001_Barbell_Bench_Press_Uncontrolled_Movement_1_029 (2).csv
1,5,1,2,1,19.146,19146,0.54,9.49,1.35,9.6007,-0.0316,-0.1004,-0.2182,-4.75,82.63,136.69,0.9813,9.6607,1.0574,9.7678,P001_Barbell_Bench_Press_Uncontrolled_Movement_1_029 (2).csv
1,5,1,2,1,19.276,19276,-0.12,9.82,0.95,9.8666,-0.0142,-0.0622,0.0916,-3.88,82.75,136.5,0.8362,9.6817,1.0432,9.7735,P001_Barbell_Bench_Press_Uncontrolled_Movement_1_029 (2).csv
1,5,1,2,1,19.407,19407,0.87,9.62,1.12,9.724,0.0349,-0.0524,0.0938,-5.5,82.5,138.56,0.8406,9.6735,1.0533,9.767,P001_Barbell_Bench_Press_Uncontrolled_Movement_1_029 (2).csv
1,5,1,2,1,19.584,19584,-0.19,8.8,1.04,8.8633,-0.0371,-0.0371,-0.0851,-3.25,82.69,136.63,0.7048,9.5584,1.0516,9.6419,P001_Barbell_Bench_Press_Uncontrolled_Movement_1_029 (2).csv
1,5,1,2,1,19.715,19715,0.83,9.85,1.16,9.9527,-0.0698,-0.0251,0.2934,-5.13,83.0,138.75,0.7213,9.5968,1.0659,9.6828,P001_Barbell_Bench_Press_Uncontrolled_Movement_1_029 (2).csv
1,5,1,2,1,19.846,19846,0.9,9.51,1.09,9.6145,-0.0753,-0.0829,-0.1854,-5.13,83.56,139.19,0.7449,9.5854,1.069,9.6736,P001_Barbell_Bench_Press_Uncontrolled_Movement_1_029 (2).csv
1,5,1,2,1,19.976,19976,0.93,9.81,0.95,9.8997,-0.0687,-0.0862,0.1473,-5.0,84.13,139.69,0.7693,9.615,1.0534,9.7031,P001_Barbell_Bench_Press_Uncontrolled_Movement_1_029 (2).csv
1,5,1,2,1,20.106,20106,1.0,10.14,0.83,10.2229,-0.0098,-0.1124,0.1222,-5.38,84.31,140.88,0.7997,9.6842,1.0239,9.7709,P001_Barbell_Bench_Press_Uncontrolled_Movement_1_029 (2).csv
1,5,1,2,1,20.237,20237,0.86,8.02,1.28,8.1669,-0.084,-0.0698,-0.1854,-5.38,84.44,141.56,0.8076,9.4649,1.0577,9.558,P001_Barbell_Bench_Press_Uncontrolled_Movement_1_029 (2).csv
1,5,1,2,1,20.367,20367,0.03,9.66,0.52,9.674,-0.0065,-0.0524,0.6436,-5.81,84.5,142.56,0.7051,9.4906,0.9868,9.5678,P001_Barbell_Bench_Press_Uncontrolled_Movement_1_029 (2).csv
1,5,1,2,1,20.498,20498,0.57,9.61,1.19,9.7002,0.0065,-0.0622,-0.2313,-7.5,84.75,144.56,0.6873,9.5063,1.0136,9.5849,P001_Barbell_Bench_Press_Uncontrolled_Movement_1_029 (2).csv
1,5,1,2,1,20.671,20671,1.35,9.97,0.85,10.0968,-0.0393,0.0033,0.3033,-8.25,84.88,145.63,0.7747,9.5674,0.992,9.6499,P001_Barbell_Bench_Press_Uncontrolled_Movement_1_029 (2).csv
1,5,1,2,1,20.802,20802,1.2,9.14,0.55,9.2348,-0.0065,-0.0327,-0.06,-8.69,84.94,146.13,0.8307,9.5111,0.9338,9.5929,P001_Barbell_Bench_Press_Uncontrolled_Movement_1_029 (2).csv
1,5,1,2,1,20.932,20932,2.53,10.42,1.01,10.7702,-0.0796,-0.1025,0.0927,-9.13,85.31,147.06,1.0546,9.6309,0.9438,9.7343,P001_Barbell_Bench_Press_Uncontrolled_Movement_1_029 (2).csv
1,5,1,2,1,21.063,21063,0.91,9.56,0.61,9.6226,-0.0098,-0.2029,-0.3447,-8.13,85.31,147.31,1.0356,9.6215,0.8998,9.7189,P001_Barbell_Bench_Press_Uncontrolled_Movement_1_029 (2).csv
1,5,1,2,1,21.193,21193,0.52,9.82,0.72,9.8601,-0.0295,-0.1244,0.0284,-7.31,85.31,147.69,0.9676,9.6477,0.8761,9.7356,P001_Barbell_Bench_Press_Uncontrolled_Movement_1_029 (2).csv
1,5,1,2,1,21.323,21323,0.81,9.69,0.67,9.7469,-0.0545,-0.0524,-0.072,-7.25,85.44,148.25,0.9469,9.6533,0.849,9.7367,P001_Barbell_Bench_Press_Uncontrolled_Movement_1_029 (2).csv
1,5,1,2,1,21.453,21453,0.91,9.96,0.64,10.0219,-0.0262,0.0207,0.0829,-7.06,85.88,148.25,0.942,9.6937,0.8214,9.7739,P001_Barbell_Bench_Press_Uncontrolled_Movement_1_029 (2).csv
1,5,1,2,1,21.583,21583,0.9,9.41,0.58,9.4707,-0.0087,0.0709,-0.2683,-6.88,85.94,147.69,0.9365,9.6563,0.7896,9.7337,P001_Barbell_Bench_Press_Uncontrolled_Movement_1_029 (2).csv
1,5,1,2,1,21.756,21756,0.98,9.76,0.41,9.8176,-0.0262,0.1102,0.0055,-5.31,86.56,145.19,0.9422,9.67,0.7396,9.7439,P001_Barbell_Bench_Press_Uncontrolled_Movement_1_029 (2).csv
1,5,1,2,1,21.886,21886,1.09,8.62,0.36,8.6961,-0.0207,0.0916,0.24,-6.31,86.75,145.44,0.9617,9.5316,0.6896,9.6048,P001_Barbell_Bench_Press_Uncontrolled_Movement_1_029 (2).csv
1,5,1,2,1,22.017,22017,2.41,9.66,0.33,9.9616,-0.0884,0.0524,0.3327,-9.06,87.19,147.69,1.1525,9.5485,0.6422,9.6392,P001_Barbell_Bench_Press_Uncontrolled_Movement_1_029 (2).csv
1,5,1,2,1,22.149,22149,1.38,10.26,0.05,10.3525,-0.0502,-0.0316,-0.1789,-7.69,87.75,146.38,1.1825,9.6423,0.5642,9.7309,P001_Barbell_Bench_Press_Uncontrolled_Movement_1_029 (2).csv
1,5,1,2,1,22.284,22284,0.73,9.63,-0.1,9.6581,0.0447,-0.0731,-0.3502,-6.31,87.63,145.5,1.1229,9.6407,0.4766,9.7175,P001_Barbell_Bench_Press_Uncontrolled_Movement_1_029 (2).csv
1,5,1,2,1,22.414,22414,0.59,9.37,0.45,9.3993,0.0556,-0.0371,0.1669,-7.06,87.25,146.5,1.0527,9.605,0.4731,9.6741,P001_Barbell_Bench_Press_Uncontrolled_Movement_1_029 (2).csv
1,5,1,2,1,22.545,22545,0.6,10.09,0.78,10.1379,-0.0273,0.0273,-0.4396,-5.38,87.31,144.81,0.993,9.6689,0.5136,9.7333,P001_Barbell_Bench_Press_Uncontrolled_Movement_1_029 (2).csv
1,5,1,2,1,22.676,22676,0.39,10.48,0.49,10.4987,0.06,0.1265,0.2716,-4.88,87.25,143.69,0.9135,9.7758,0.5105,9.8316,P001_Barbell_Bench_Press_Uncontrolled_Movement_1_029 (2).csv
1,5,1,2,1,22.849,22849,1.33,9.35,0.61,9.4638,0.1102,0.0818,0.1036,-7.31,86.5,145.0,0.9684,9.7197,0.5236,9.7818,P001_Barbell_Bench_Press_Uncontrolled_Movement_1_029 (2).csv
1,5,1,2,1,22.98,22980,1.09,9.24,0.37,9.3114,0.0196,0.0393,-0.2149,-7.19,86.13,144.44,0.9844,9.6565,0.5033,9.7196,P001_Barbell_Bench_Press_Uncontrolled_Movement_1_029 (2).csv
1,5,1,2,1,23.11,23110,1.79,9.81,0.86,10.009,-0.0076,0.0,-0.0196,-6.5,86.25,143.56,1.0906,9.6767,0.5503,9.7535,P001_Barbell_Bench_Press_Uncontrolled_Movement_1_029 (2).csv
1,5,1,2,1,23.24,23240,1.01,9.79,0.45,9.8522,-0.0131,-0.0458,-0.3043,-5.25,86.19,142.56,1.08,9.6916,0.5371,9.7664,P001_Barbell_Bench_Press_Uncontrolled_Movement_1_029 (2).csv
1,5,1,2,1,23.371,23371,-0.09,9.94,0.42,9.9493,-0.0196,-0.0404,0.0905,-3.69,86.31,141.38,0.9258,9.7244,0.5217,9.7823,P001_Barbell_Bench_Press_Uncontrolled_Movement_1_029 (2).csv
1,5,1,2,1,23.501,23501,-0.09,9.74,0.57,9.7571,-0.0491,-0.0185,-0.1385,-4.06,86.56,141.94,0.7919,9.7264,0.5281,9.7729,P001_Barbell_Bench_Press_Uncontrolled_Movement_1_029 (2).csv
1,5,1,2,1,23.632,23632,0.7,10.27,0.33,10.2991,-0.0425,0.0305,0.2149,-4.81,86.94,142.69,0.7798,9.7981,0.502,9.8418,P001_Barbell_Bench_Press_Uncontrolled_Movement_1_029 (2).csv
1,5,1,2,1,23.763,23763,1.24,9.92,0.57,10.0134,0.0065,0.06,-0.288,-4.88,87.13,142.38,0.8405,9.8141,0.5109,9.8633,P001_Barbell_Bench_Press_Uncontrolled_Movement_1_029 (2).csv
1,5,1,2,1,23.94,23940,0.61,9.8,0.36,9.8256,0.0535,0.0927,-0.216,-3.06,86.81,139.75,0.8101,9.8123,0.491,9.8579,P001_Barbell_Bench_Press_Uncontrolled_Movement_1_029 (2).csv
1,5,1,2,1,24.07,24070,0.35,10.14,0.31,10.1508,0.0469,0.0774,-0.1636,-1.06,86.5,137.13,0.7495,9.8554,0.4672,9.8949,P001_Barbell_Bench_Press_Uncontrolled_Movement_1_029 (2).csv
1,5,1,2,1,24.201,24201,-0.44,9.59,0.67,9.6234,0.0458,0.0087,-0.3851,1.19,86.13,134.56,0.5927,9.8205,0.4939,9.8507,P001_Barbell_Bench_Press_Uncontrolled_Movement_1_029 (2).csv
1,5,1,2,1,24.332,24332,-0.78,9.55,0.67,9.6052,0.0207,-0.0098,-0.0316,2.81,85.88,132.94,0.4118,9.7848,0.5171,9.8071,P001_Barbell_Bench_Press_Uncontrolled_Movement_1_029 (2).csv
1,5,1,2,1,24.463,24463,-0.5,9.57,0.62,9.6031,-0.0305,-0.0044,0.084,2.25,85.94,133.5,0.2917,9.7565,0.5307,9.7753,P001_Barbell_Bench_Press_Uncontrolled_Movement_1_029 (2).csv
1,5,1,2,1,24.593,24593,-0.32,10.6,0.79,10.6342,-0.0033,-0.0044,-0.0698,2.06,86.13,133.69,0.2111,9.8677,0.5648,9.8861,P001_Barbell_Bench_Press_Uncontrolled_Movement_1_029 (2).csv
1,5,1,2,1,24.723,24723,-0.69,11.03,0.44,11.0603,-0.0033,0.0065,0.3109,1.88,86.13,133.88,0.0923,10.0208,0.5484,10.0363,P001_Barbell_Bench_Press_Uncontrolled_Movement_1_029 (2).csv
1,6,1,2,1,24.854,24854,0.26,8.77,0.38,8.7821,-0.0295,-0.0284,-0.0065,-0.19,86.25,136.0,0.1144,9.856,0.5262,9.8707,P001_Barbell_Bench_Press_Uncontrolled_Movement_1_029 (2).csv
1,6,1,2,1,25.026,25026,-1.45,10.57,0.18,10.6705,-0.0393,0.012,0.4658,2.19,86.69,133.88,-0.0917,9.9501,0.4806,9.9621,P001_Barbell_Bench_Press_Uncontrolled_Movement_1_029 (2).csv
1,6,1,2,1,25.156,25156,0.41,9.68,0.29,9.693,-0.0273,0.0065,-0.0578,-0.69,86.88,136.63,-0.0256,9.9145,0.4555,9.925,P001_Barbell_Bench_Press_Uncontrolled_Movement_1_029 (2).csv
1,6,1,2,1,25.286,25286,0.24,9.63,0.23,9.6357,0.0055,0.0349,0.7385,-2.44,86.88,138.31,0.0094,9.877,0.4258,9.8862,P001_Barbell_Bench_Press_Uncontrolled_Movement_1_029 (2).csv
1,6,1,2,1,25.416,25416,2.55,10.15,0.57,10.4809,-0.1102,-0.0338,-0.5094,-4.75,87.31,140.69,0.3442,9.913,0.4448,9.9289,P001_Barbell_Bench_Press_Uncontrolled_Movement_1_029 (2).csv
1,6,1,2,1,25.546,25546,-0.35,9.5,0.49,9.5191,0.0098,0.0011,0.1811,-2.5,87.81,138.63,0.2527,9.8586,0.4507,9.8721,P001_Barbell_Bench_Press_Uncontrolled_Movement_1_029 (2).csv
1,6,1,2,1,25.677,25677,0.54,9.82,0.56,9.8508,0.1124,0.0,0.048,-3.94,87.44,140.06,0.2906,9.8535,0.4651,9.8687,P001_Barbell_Bench_Press_Uncontrolled_Movement_1_029 (2).csv
1,6,1,2,1,25.807,25807,1.25,9.77,0.35,9.8559,0.1265,-0.0142,0.0207,-5.06,86.56,141.13,0.417,9.8425,0.45,9.8616,P001_Barbell_Bench_Press_Uncontrolled_Movement_1_029 (2).csv
1,6,1,2,1,25.939,25939,0.64,9.61,0.62,9.6512,0.0087,0.0175,0.0731,-4.75,86.13,140.81,0.4464,9.8118,0.4724,9.8333,P001_Barbell_Bench_Press_Uncontrolled_Movement_1_029 (2).csv
1,6,1,2,1,26.117,26117,0.55,10.02,0.82,10.0685,-0.0076,0.0109,-0.0513,-5.25,86.06,141.25,0.46,9.8393,0.5182,9.8636,P001_Barbell_Bench_Press_Uncontrolled_Movement_1_029 (2).csv
1,6,1,2,1,26.249,26249,0.87,9.4,0.62,9.4605,-0.0011,0.0055,0.1636,-5.94,85.94,141.88,0.5141,9.7814,0.5316,9.8093,P001_Barbell_Bench_Press_Uncontrolled_Movement_1_029 (2).csv
1,6,1,2,1,26.379,26379,0.05,9.26,0.5,9.2736,-0.024,-0.0305,-0.0469,-5.19,86.19,141.25,0.4529,9.7127,0.5274,9.7375,P001_Barbell_Bench_Press_Uncontrolled_Movement_1_029 (2).csv
1,6,1,2,1,26.51,26510,1.81,10.48,0.37,10.6416,-0.024,-0.036,0.3272,-7.75,86.38,144.06,0.6317,9.8138,0.5067,9.8472,P001_Barbell_Bench_Press_Uncontrolled_Movement_1_029 (2).csv
1,6,1,2,1,26.64,26640,1.69,9.06,0.59,9.2351,0.0851,-0.0971,-0.2062,-8.13,86.13,144.81,0.7712,9.7145,0.5177,9.7588,P001_Barbell_Bench_Press_Uncontrolled_Movement_1_029 (2).csv
1,6,1,2,1,26.771,26771,0.08,9.64,-0.18,9.642,0.0153,-0.0175,0.3163,-6.56,85.5,143.75,0.6801,9.7047,0.4257,9.7378,P001_Barbell_Bench_Press_Uncontrolled_Movement_1_029 (2).csv
1,6,1,2,1,26.901,26901,1.97,9.67,0.91,9.9105,0.0611,-0.0371,-0.0262,-9.38,85.44,146.63,0.8501,9.7001,0.4895,9.7496,P001_Barbell_Bench_Press_Uncontrolled_Movement_1_029 (2).csv
1,6,1,2,1,27.032,27032,0.85,9.67,0.97,9.7556,0.0305,-0.0065,0.2356,-8.63,85.0,146.0,0.8501,9.6961,0.5529,9.749,P001_Barbell_Bench_Press_Uncontrolled_Movement_1_029 (2).csv
1,6,1,2,1,27.205,27205,1.43,9.74,0.81,9.8777,0.0218,0.0033,-0.1745,-9.56,84.69,146.94,0.9265,9.7019,0.5867,9.7637,P001_Barbell_Bench_Press_Uncontrolled_Movement_1_029 (2).csv
1,6,1,2,1,27.336,27336,1.89,9.65,0.92,9.8763,0.036,0.0393,0.036,-9.69,84.5,146.88,1.0535,9.6951,0.6307,9.7725,P001_Barbell_Bench_Press_Uncontrolled_Movement_1_029 (2).csv
1,6,1,2,1,27.466,27466,1.36,9.57,1.0,9.7177,0.0142,0.0665,0.0567,-9.44,84.38,146.19,1.0939,9.6786,0.6793,9.7639,P001_Barbell_Bench_Press_Uncontrolled_Movement_1_029 (2).csv
1,6,1,2,1,27.596,27596,1.66,9.72,1.0,9.9113,-0.0153,0.0709,-0.0207,-9.63,84.44,145.88,1.1685,9.684,0.7216,9.7809,P001_Barbell_Bench_Press_Uncontrolled_Movement_1_029 (2).csv
1,6,1,2,1,27.726,27726,1.64,9.71,0.8,9.88,-0.0109,0.0425,-0.0436,-9.69,84.56,145.56,1.2306,9.6875,0.7319,9.7927,P001_Barbell_Bench_Press_Uncontrolled_Movement_1_029 (2).csv
1,6,1,2,1,27.856,27856,1.67,9.61,0.73,9.7813,-0.0153,0.0175,-0.0033,-9.63,84.69,145.31,1.2885,9.6773,0.7317,9.79,P001_Barbell_Bench_Press_Uncontrolled_Movement_1_029 (2).csv
1,6,1,2,1,27.986,27986,1.71,9.6,0.84,9.7872,-0.0055,-0.0185,-0.0753,-9.63,84.75,145.31,1.344,9.6671,0.7459,9.7885,P001_Barbell_Bench_Press_Uncontrolled_Movement_1_029 (2).csv
1,6,1,2,1,28.116,28116,1.28,9.56,0.74,9.6737,-0.0142,-0.0251,-0.0087,-8.81,84.88,144.63,1.3356,9.653,0.7452,9.7734,P001_Barbell_Bench_Press_Uncontrolled_Movement_1_029 (2).csv
1,6,1,2,1,28.289,28289,1.21,9.65,0.71,9.7514,0.0011,-0.0185,0.0164,-8.69,85.0,144.75,1.319,9.6526,0.7405,9.7704,P001_Barbell_Bench_Press_Uncontrolled_Movement_1_029 (2).csv
1,6,1,2,1,28.419,28419,1.67,9.78,0.7,9.9462,0.0153,-0.0164,0.0905,-9.06,85.0,145.25,1.3653,9.6694,0.7352,9.7929,P001_Barbell_Bench_Press_Uncontrolled_Movement_1_029 (2).csv
1,6,1,2,1,28.55,28550,1.4,9.61,0.86,9.7494,0.0295,-0.0196,-0.036,-8.63,84.81,144.94,1.3699,9.6615,0.7516,9.7871,P001_Barbell_Bench_Press_Uncontrolled_Movement_1_029 (2).csv
1,6,1,2,1,28.68,28680,1.08,9.06,0.78,9.1574,0.0273,0.0185,-0.1058,-7.81,84.63,144.13,1.3317,9.5823,0.7554,9.7038,P001_Barbell_Bench_Press_Uncontrolled_Movement_1_029 (2).csv
1,6,1,2,1,28.81,28810,0.98,9.18,1.23,9.3137,-0.0055,0.0491,-0.0218,-7.31,84.63,143.44,1.2853,9.5293,0.8179,9.6503,P001_Barbell_Bench_Press_Uncontrolled_Movement_1_029 (2).csv
1,6,1,2,1,28.94,28940,2.31,8.88,0.62,9.1965,-0.0284,0.0742,-0.3022,-9.38,84.56,144.94,1.4204,9.4437,0.7918,9.5827,P001_Barbell_Bench_Press_Uncontrolled_Movement_1_029 (2).csv
1,6,1,2,1,29.07,29070,0.0,9.55,0.73,9.5779,-0.0044,0.0611,-0.3131,-4.0,84.94,139.25,1.2332,9.4577,0.7837,9.5699,P001_Barbell_Bench_Press_Uncontrolled_Movement_1_029 (2).csv
1,6,1,2,1,29.2,29200,1.33,9.73,0.65,9.842,0.0884,0.0305,-0.1396,-5.06,84.63,139.75,1.2459,9.4936,0.7661,9.6056,P001_Barbell_Bench_Press_Uncontrolled_Movement_1_029 (2).csv
1,6,1,2,1,29.373,29373,1.7,9.45,1.19,9.6752,0.012,-0.0142,0.2345,-5.44,84.25,140.06,1.3058,9.4879,0.8219,9.6125,P001_Barbell_Bench_Press_Uncontrolled_Movement_1_029 (2).csv
1,6,1,2,1,29.504,29504,0.43,9.82,0.9,9.8705,-0.0644,-0.0393,0.0229,-4.31,84.44,139.31,1.1904,9.5316,0.8322,9.6416,P001_Barbell_Bench_Press_Uncontrolled_Movement_1_029 (2).csv
1,6,1,2,1,29.635,29635,0.35,9.53,0.85,9.5742,-0.0185,-0.0818,0.0676,-4.75,84.75,140.25,1.0796,9.5314,0.8346,9.6286,P001_Barbell_Bench_Press_Uncontrolled_Movement_1_029 (2).csv
1,6,1,2,1,29.766,29766,-0.02,9.72,0.57,9.7367,0.06,-0.0436,-0.1058,-4.75,84.5,140.81,0.9347,9.5563,0.7997,9.6351,P001_Barbell_Bench_Press_Uncontrolled_Movement_1_029 (2).csv
1,6,1,2,1,29.897,29897,0.38,9.92,1.02,9.9795,0.0774,0.0142,-0.0044,-3.75,84.0,139.88,0.8616,9.6042,0.8287,9.6783,P001_Barbell_Bench_Press_Uncontrolled_Movement_1_029 (2).csv
1,6,1,2,1,30.032,30032,1.09,9.35,0.45,9.4241,0.0349,0.0873,0.0305,-5.56,83.63,141.19,0.8917,9.5707,0.7788,9.6436,P001_Barbell_Bench_Press_Uncontrolled_Movement_1_029 (2).csv
1,6,1,2,1,30.163,30163,0.84,9.45,0.94,9.5337,0.0927,0.12,0.0578,-5.88,83.31,140.56,0.8849,9.5548,0.8001,9.629,P001_Barbell_Bench_Press_Uncontrolled_Movement_1_029 (2).csv
1,6,1,2,1,30.293,30293,0.44,9.37,1.52,9.5027,0.084,0.0447,-0.1614,-5.19,82.63,139.25,0.8263,9.5304,0.8949,9.608,P001_Barbell_Bench_Press_Uncontrolled_Movement_1_029 (2).csv
1,6,1,2,1,30.466,30466,1.67,10.35,1.34,10.5692,0.072,-0.0654,-0.1189,-5.56,81.69,139.63,0.9375,9.6384,0.9536,9.7308,P001_Barbell_Bench_Press_Uncontrolled_Movement_1_029 (2).csv
1,6,1,2,1,30.596,30596,0.19,8.58,1.49,8.7105,-0.0469,-0.096,0.2618,-4.13,81.5,138.94,0.839,9.499,1.0243,9.5908,P001_Barbell_Bench_Press_Uncontrolled_Movement_1_029 (2).csv
1,6,1,2,1,30.726,30726,1.55,9.29,1.45,9.5294,-0.1745,-0.0665,0.0513,-6.5,82.31,141.94,0.9327,9.4714,1.0804,9.5784,P001_Barbell_Bench_Press_Uncontrolled_Movement_1_029 (2).csv
1,6,1,2,1,30.856,30856,1.24,9.35,1.11,9.497,-0.2269,0.0109,0.4407,-6.94,83.75,142.88,0.9732,9.4554,1.0843,9.567,P001_Barbell_Bench_Press_Uncontrolled_Movement_1_029 (2).csv
1,6,1,2,1,30.986,30986,1.56,10.34,0.48,10.468,-0.2203,0.0556,0.0393,-8.88,85.38,144.75,1.0505,9.572,1.0046,9.6817,P001_Barbell_Bench_Press_Uncontrolled_Movement_1_029 (2).csv
1,6,1,2,1,31.117,31117,1.01,10.69,0.4,10.7451,-0.0982,0.0316,-0.5858,-6.63,86.63,142.25,1.0452,9.7193,0.925,9.819,P001_Barbell_Bench_Press_Uncontrolled_Movement_1_029 (2).csv
1,6,1,2,1,31.247,31247,-0.02,9.26,0.4,9.2687,0.0284,0.0327,-0.0916,-3.31,86.88,138.81,0.9048,9.6588,0.8558,9.7387,P001_Barbell_Bench_Press_Uncontrolled_Movement_1_029 (2).csv
1,6,1,2,1,31.378,31378,1.06,10.36,0.27,10.4176,0.0502,0.0218,0.0338,-4.56,86.63,139.75,0.9252,9.7512,0.7786,9.8259,P001_Barbell_Bench_Press_Uncontrolled_Movement_1_029 (2).csv
1,6,1,2,1,31.55,31550,0.41,9.44,0.62,9.4692,0.0502,-0.0142,-0.1833,-2.31,86.19,137.56,0.8574,9.7102,0.7577,9.7774,P001_Barbell_Bench_Press_Uncontrolled_Movement_1_029 (2).csv
1,6,1,2,1,31.68,31680,0.16,9.57,0.85,9.609,0.0458,-0.0185,-0.192,-0.75,85.75,136.13,0.7655,9.6917,0.7699,9.7523,P001_Barbell_Bench_Press_Uncontrolled_Movement_1_029 (2).csv
1,6,1,2,1,31.81,31810,-0.19,10.54,0.52,10.5545,-0.0109,-0.0207,0.1473,-0.38,85.5,135.81,0.6396,9.8035,0.7369,9.8519,P001_Barbell_Bench_Press_Uncontrolled_Movement_1_029 (2).csv
1,6,1,2,1,31.94,31940,-0.49,10.69,0.85,10.7349,-0.0567,0.0011,-0.1113,-0.19,85.75,135.75,0.4907,9.9203,0.7518,9.9609,P001_Barbell_Bench_Press_Uncontrolled_Movement_1_029 (2).csv
1,6,1,2,1,32.07,32070,-0.71,10.66,0.58,10.6994,-0.0469,0.0393,0.3043,-0.06,86.06,135.44,0.3325,10.0178,0.7292,10.0498,P001_Barbell_Bench_Press_Uncontrolled_Movement_1_029 (2).csv
1,7,1,2,1,32.201,32201,0.42,9.22,0.47,9.2415,-0.0971,0.1014,0.4211,-3.63,86.63,138.56,0.344,9.9127,0.695,9.9429,P001_Barbell_Bench_Press_Uncontrolled_Movement_1_029 (2).csv
1,7,1,2,1,32.331,32331,0.89,10.25,0.23,10.2911,-0.0829,0.1036,0.1004,-4.44,87.38,138.63,0.416,9.9571,0.6338,9.9859,P001_Barbell_Bench_Press_Uncontrolled_Movement_1_029 (2).csv
1,7,1,2,1,32.462,32462,1.47,9.65,0.22,9.7638,-0.0556,0.0873,-0.0404,-6.0,88.06,139.5,0.5549,9.9166,0.5792,9.949,P001_Barbell_Bench_Press_Uncontrolled_Movement_1_029 (2).csv
1,7,1,2,1,32.635,32635,0.35,9.45,0.27,9.4603,-0.036,0.0316,-0.1407,-3.31,88.63,136.38,0.5279,9.8551,0.5385,9.884,P001_Barbell_Bench_Press_Uncontrolled_Movement_1_029 (2).csv
1,7,1,2,1,32.767,32767,1.09,10.12,0.01,10.1785,-0.036,0.0709,0.4745,-5.0,89.0,137.69,0.6019,9.89,0.4688,9.9194,P001_Barbell_Bench_Press_Uncontrolled_Movement_1_029 (2).csv
1,7,1,2,1,32.898,32898,0.58,9.49,-0.15,9.5089,0.0065,0.0065,-0.0251,-5.56,89.06,138.06,0.599,9.8373,0.3873,9.8632,P001_Barbell_Bench_Press_Uncontrolled_Movement_1_029 (2).csv
1,7,1,2,1,33.033,33033,1.78,10.15,-0.13,10.3057,-0.0044,-0.0273,0.1985,-8.13,88.94,140.63,0.7547,9.8785,0.3191,9.9125,P001_Barbell_Bench_Press_Uncontrolled_Movement_1_029 (2).csv
1,7,1,2,1,33.164,33164,1.12,9.38,0.16,9.448,-0.0033,-0.0796,-0.4014,-6.94,88.94,139.81,0.8028,9.8128,0.2982,9.8501,P001_Barbell_Bench_Press_Uncontrolled_Movement_1_029 (2).csv
1,7,1,2,1,33.295,33295,0.58,10.03,0.03,10.0468,0.0338,-0.0818,0.1265,-6.38,88.88,139.81,0.7734,9.8415,0.2628,9.8753,P001_Barbell_Bench_Press_Uncontrolled_Movement_1_029 (2).csv
1,7,1,2,1,33.425,33425,1.6,11.86,0.81,11.9948,0.0894,-0.0785,0.2771,-7.25,88.38,141.25,0.8824,10.1074,0.3349,10.1514,P001_Barbell_Bench_Press_Uncontrolled_Movement_1_029 (2).csv
1,7,1,2,1,33.556,33556,2.03,7.11,-0.2,7.3968,0.1811,-0.0665,-0.5149,-7.88,87.0,142.19,1.0336,9.7125,0.2644,9.7709,P001_Barbell_Bench_Press_Uncontrolled_Movement_1_029 (2).csv
1,7,1,2,1,33.729,33729,0.95,9.67,0.47,9.7279,-0.0469,0.0458,0.6032,-6.63,86.69,141.13,1.0226,9.7069,0.2915,9.7649,P001_Barbell_Bench_Press_Uncontrolled_Movement_1_029 (2).csv
1,7,1,2,1,33.86,33860,0.96,9.78,0.59,9.8447,0.0425,-0.0076,-0.0513,-8.06,86.75,142.56,1.0143,9.7165,0.3309,9.7749,P001_Barbell_Bench_Press_Uncontrolled_Movement_1_029 (2).csv
1,7,1,2,1,33.99,33990,1.48,9.77,0.42,9.8904,0.0098,0.0251,0.2967,-9.81,86.56,144.19,1.0757,9.7236,0.3426,9.7889,P001_Barbell_Bench_Press_Uncontrolled_Movement_1_029 (2).csv
1,7,1,2,1,34.121,34121,1.83,9.49,0.53,9.6794,0.0458,-0.0055,0.2956,-11.75,86.31,146.06,1.1751,9.6928,0.3673,9.7707,P001_Barbell_Bench_Press_Uncontrolled_Movement_1_029 (2).csv
1,7,1,2,1,34.252,34252,2.85,9.45,0.58,9.8874,-0.0142,-0.0196,0.3,-13.94,86.13,148.31,1.3958,9.6608,0.3953,9.7691,P001_Barbell_Bench_Press_Uncontrolled_Movement_1_029 (2).csv
1,7,1,2,1,34.382,34382,2.81,9.26,0.63,9.6975,0.0022,-0.0535,-0.0415,-14.81,86.06,149.5,1.5822,9.608,0.4263,9.7467,P001_Barbell_Bench_Press_Uncontrolled_Movement_1_029 (2).csv
1,7,1,2,1,34.513,34513,2.5,9.48,0.65,9.8256,0.0109,-0.0633,-0.0305,-14.44,85.94,149.5,1.7031,9.5911,0.4557,9.7518,P001_Barbell_Bench_Press_Uncontrolled_Movement_1_029 (2).csv
1,7,1,2,1,34.643,34643,2.7,9.23,0.67,9.6401,0.0131,-0.0458,0.0993,-15.25,85.75,150.63,1.8345,9.5435,0.484,9.7303,P001_Barbell_Bench_Press_Uncontrolled_Movement_1_029 (2).csv
1,7,1,2,1,34.816,34816,2.59,9.7,0.64,10.0602,0.0109,-0.048,0.0262,-15.31,85.56,151.19,1.934,9.5641,0.5045,9.7708,P001_Barbell_Bench_Press_Uncontrolled_Movement_1_029 (2).csv
1,7,1,2,1,34.95,34950,2.29,9.31,0.69,9.6123,0.012,-0.0273,-0.1974,-14.75,85.44,150.81,1.9809,9.5307,0.529,9.7487,P001_Barbell_Bench_Press_Uncontrolled_Movement_1_029 (2).csv
1,7,1,2,1,35.081,35081,2.32,9.55,0.77,9.8579,0.0185,0.0262,0.1331,-14.56,85.38,150.63,2.0256,9.5332,0.5607,9.7621,P001_Barbell_Bench_Press_Uncontrolled_Movement_1_029 (2).csv
1,7,1,2,1,35.212,35212,2.16,9.46,0.77,9.734,0.0076,0.0513,-0.2182,-13.88,85.38,149.63,2.0433,9.5236,0.5883,9.758,P001_Barbell_Bench_Press_Uncontrolled_Movement_1_029 (2).csv
1,7,1,2,1,35.342,35342,2.1,9.01,0.82,9.2878,0.0207,0.0535,-0.1396,-12.5,85.38,147.88,2.0508,9.4559,0.6188,9.6955,P001_Barbell_Bench_Press_Uncontrolled_Movement_1_029 (2).csv
1,7,1,2,1,35.473,35473,3.03,9.48,0.67,9.975,-0.0131,0.0196,-0.2422,-12.0,85.38,147.06,2.1798,9.4591,0.6256,9.7271,P001_Barbell_Bench_Press_Uncontrolled_Movement_1_029 (2).csv
1,7,1,2,1,35.603,35603,0.76,8.71,0.29,8.7479,-0.0295,0.0022,-0.3752,-8.0,85.56,143.06,1.9927,9.3604,0.5814,9.5878,P001_Barbell_Bench_Press_Uncontrolled_Movement_1_029 (2).csv
1,7,1,2,1,35.734,35734,1.56,10.26,0.75,10.405,-0.024,0.0218,0.1702,-7.75,85.88,142.69,1.9357,9.4789,0.6036,9.6933,P001_Barbell_Bench_Press_Uncontrolled_Movement_1_029 (2).csv
1,7,1,2,1,35.907,35907,1.25,10.34,0.24,10.418,0.1047,-0.0567,-0.1614,-7.5,85.5,142.56,1.8453,9.5924,0.5557,9.7841,P001_Barbell_Bench_Press_Uncontrolled_Movement_1_029 (2).csv
1,7,1,2,1,36.037,36037,1.05,9.54,0.56,9.6139,0.012,-0.0524,-0.0622,-7.44,85.13,142.81,1.7405,9.5855,0.5562,9.7581,P001_Barbell_Bench_Press_Uncontrolled_Movement_1_029 (2).csv
1,7,1,2,1,36.168,36168,0.71,9.26,0.67,9.3113,0.0044,-0.0229,0.24,-7.38,85.0,143.06,1.6047,9.5426,0.5712,9.6934,P001_Barbell_Bench_Press_Uncontrolled_Movement_1_029 (2).csv
1,7,1,2,1,36.298,36298,1.56,9.33,0.95,9.5071,0.0382,-0.0251,-0.1025,-8.75,84.88,144.5,1.5988,9.5146,0.6211,9.6679,P001_Barbell_Bench_Press_Uncontrolled_Movement_1_029 (2).csv
1,7,1,2,1,36.428,36428,1.47,9.84,0.77,9.9789,0.0513,-0.012,-0.0425,-8.0,84.44,143.88,1.5819,9.5575,0.6408,9.7086,P001_Barbell_Bench_Press_Uncontrolled_Movement_1_029 (2).csv
1,7,1,2,1,36.558,36558,0.84,9.6,0.92,9.6805,0.0545,-0.0098,-0.096,-7.19,84.13,143.06,1.4841,9.5631,0.6776,9.7012,P001_Barbell_Bench_Press_Uncontrolled_Movement_1_029 (2).csv
1,7,1,2,1,36.688,36688,1.19,9.82,1.13,9.9562,0.096,-0.012,-0.0513,-7.69,83.56,143.5,1.4454,9.5969,0.7372,9.7331,P001_Barbell_Bench_Press_Uncontrolled_Movement_1_029 (2).csv
1,7,1,2,1,36.818,36818,1.64,9.34,1.11,9.5476,0.0818,-0.0076,0.0982,-7.63,82.88,143.44,1.471,9.5631,0.7863,9.7074,P001_Barbell_Bench_Press_Uncontrolled_Movement_1_029 (2).csv
1,7,1,2,1,36.991,36991,0.68,9.7,1.26,9.8051,0.0065,-0.0098,-0.0578,-5.81,82.56,141.69,1.3668,9.5811,0.8487,9.7152,P001_Barbell_Bench_Press_Uncontrolled_Movement_1_029 (2).csv
1,7,1,2,1,37.122,37122,0.78,9.18,1.33,9.3086,-0.0284,-0.0633,-0.1189,-5.38,82.56,141.5,1.2894,9.5283,0.9121,9.6583,P001_Barbell_Bench_Press_Uncontrolled_Movement_1_029 (2).csv
1,7,1,2,1,37.252,37252,0.72,10.46,1.4,10.5778,-0.0295,-0.0993,-0.1953,-4.69,82.81,141.38,1.2144,9.651,0.9764,9.776,P001_Barbell_Bench_Press_Uncontrolled_Movement_1_029 (2).csv
1,7,1,2,1,37.383,37383,0.39,9.62,1.03,9.6828,-0.0742,-0.0774,-0.1724,-3.44,83.13,140.81,1.1058,9.6469,0.9835,9.7598,P001_Barbell_Bench_Press_Uncontrolled_Movement_1_029 (2).csv
1,7,1,2,1,37.514,37514,0.6,9.58,0.8,9.6321,-0.132,-0.0524,-0.0774,-3.19,84.0,141.06,1.0391,9.6381,0.9593,9.7413,P001_Barbell_Bench_Press_Uncontrolled_Movement_1_029 (2).csv
1,7,1,2,1,37.646,37646,0.11,10.3,0.57,10.3163,0.0273,-0.0796,-0.552,-1.44,84.38,139.75,0.9167,9.7253,0.908,9.8106,P001_Barbell_Bench_Press_Uncontrolled_Movement_1_029 (2).csv
1,7,1,2,1,37.777,37777,-0.93,9.69,0.54,9.7495,0.0665,-0.0327,-0.1909,2.13,84.0,136.63,0.6733,9.7207,0.8595,9.7818,P001_Barbell_Bench_Press_Uncontrolled_Movement_1_029 (2).csv
1,7,1,2,1,37.911,37911,-0.09,9.66,0.89,9.7013,0.0458,-0.0044,0.0894,1.75,83.63,137.0,0.5728,9.7127,0.8635,9.7678,P001_Barbell_Bench_Press_Uncontrolled_Movement_1_029 (2).csv
1,7,1,2,1,38.084,38084,-1.1,9.44,1.15,9.5732,0.0218,0.0076,-0.3502,4.0,83.31,134.75,0.3523,9.6768,0.9013,9.725,P001_Barbell_Bench_Press_Uncontrolled_Movement_1_029 (2).csv
1,7,1,2,1,38.214,38214,-0.44,9.34,1.11,9.416,-0.0589,0.0316,0.1102,4.19,83.38,134.38,0.2479,9.6324,0.9288,9.6802,P001_Barbell_Bench_Press_Uncontrolled_Movement_1_029 (2).csv
1,7,1,2,1,38.344,38344,-0.84,11.0,1.08,11.0848,-0.0949,0.0087,-0.1145,4.69,84.06,133.75,0.1046,9.8126,0.9487,9.8589,P001_Barbell_Bench_Press_Uncontrolled_Movement_1_029 (2).csv
1,7,1,2,1,38.474,38474,-1.56,10.6,0.75,10.7404,-0.06,-0.0011,0.1124,5.44,84.56,132.88,-0.1148,9.9164,0.9225,9.9598,P001_Barbell_Bench_Press_Uncontrolled_Movement_1_029 (2).csv
1,7,1,2,1,38.604,38604,-0.41,10.16,0.48,10.1796,-0.0774,0.0164,0.4734,2.25,85.13,136.0,-0.1537,9.9485,0.8642,9.9871,P001_Barbell_Bench_Press_Uncontrolled_Movement_1_029 (2).csv
1,7,1,2,1,38.735,38735,-0.73,9.07,0.28,9.1036,-0.132,0.024,0.0545,1.06,85.88,137.13,-0.2296,9.8327,0.7872,9.8668,P001_Barbell_Bench_Press_Uncontrolled_Movement_1_029 (2).csv
1,7,1,2,1,38.865,38865,0.24,9.91,0.7,9.9376,-0.0894,0.0611,0.2509,-0.19,86.88,138.06,-0.1677,9.8429,0.7757,9.8748,P001_Barbell_Bench_Press_Uncontrolled_Movement_1_029 (2).csv
1,7,1,2,1,38.996,38996,0.33,10.08,0.4,10.0933,-0.0022,0.0502,-0.0676,-0.75,87.13,138.19,-0.1022,9.8741,0.7262,9.9013,P001_Barbell_Bench_Press_Uncontrolled_Movement_1_029 (2).csv
1,7,1,2,1,39.169,39169,0.0,9.34,0.06,9.3402,-0.0164,0.0622,0.2323,-1.94,87.25,138.88,-0.0887,9.8037,0.6384,9.8249,P001_Barbell_Bench_Press_Uncontrolled_Movement_1_029 (2).csv
1,7,1,2,1,39.299,39299,0.17,8.44,0.58,8.4616,0.0349,0.0436,0.2902,-4.25,87.38,140.75,-0.0546,9.624,0.6307,9.6448,P001_Barbell_Bench_Press_Uncontrolled_Movement_1_029 (2).csv
1,7,1,2,1,39.43,39430,2.03,10.51,0.28,10.7079,0.048,-0.0033,0.0818,-7.31,87.0,143.63,0.2201,9.7408,0.5845,9.7608,P001_Barbell_Bench_Press_Uncontrolled_Movement_1_029 (2).csv
1,7,1,2,1,39.56,39560,1.36,10.21,0.37,10.3068,-0.0076,0.0065,0.0764,-6.63,86.88,142.94,0.3703,9.8026,0.5562,9.8254,P001_Barbell_Bench_Press_Uncontrolled_Movement_1_029 (2).csv
1,7,1,2,1,39.691,39691,1.2,9.02,0.51,9.1138,-0.0087,-0.0087,-0.2563,-6.81,87.0,143.06,0.4796,9.6995,0.5502,9.7269,P001_Barbell_Bench_Press_Uncontrolled_Movement_1_029 (2).csv
1,7,1,2,1,39.822,39822,0.65,9.53,0.64,9.5736,-0.0076,0.0218,0.0153,-5.75,87.19,141.94,0.5021,9.6772,0.562,9.7065,P001_Barbell_Bench_Press_Uncontrolled_Movement_1_029 (2).csv
1,7,1,2,1,39.952,39952,1.17,10.82,0.68,10.9043,0.0055,0.0589,0.2847,-5.25,87.25,141.13,0.5901,9.8278,0.5775,9.8624,P001_Barbell_Bench_Press_Uncontrolled_Movement_1_029 (2).csv
1,7,1,2,1,40.083,40083,0.86,9.24,0.29,9.2845,0.0371,0.0087,-0.1625,-5.13,86.94,140.81,0.6257,9.7503,0.5397,9.7852,P001_Barbell_Bench_Press_Uncontrolled_Movement_1_029 (2).csv
1,7,1,2,1,40.26,40260,1.86,9.64,0.99,9.8676,-0.0545,-0.0131,-0.1909,-6.25,87.75,141.75,0.7883,9.7358,0.599,9.786,P001_Barbell_Bench_Press_Uncontrolled_Movement_1_029 (2).csv
1,7,1,2,1,40.391,40391,1.04,10.07,-0.17,10.125,0.0033,-0.0404,0.1244,-4.94,87.63,140.81,0.8215,9.7798,0.4977,9.8269,P001_Barbell_Bench_Press_Uncontrolled_Movement_1_029 (2).csv
1,7,1,2,1,40.521,40521,0.49,8.78,0.23,8.7967,0.0295,-0.0622,0.084,-5.0,87.44,141.25,0.7778,9.6481,0.4624,9.6904,P001_Barbell_Bench_Press_Uncontrolled_Movement_1_029 (2).csv
1,7,1,2,1,40.652,40652,1.52,9.07,0.16,9.1979,0.0502,-0.0218,0.7963,-8.0,87.13,144.5,0.8756,9.5719,0.4225,9.6211,P001_Barbell_Bench_Press_Uncontrolled_Movement_1_029 (2).csv
1,7,1,2,1,40.782,40782,2.97,9.85,0.37,10.2947,0.0033,-0.0971,-0.3382,-10.56,86.94,147.5,1.1516,9.6085,0.4156,9.6862,P001_Barbell_Bench_Press_Uncontrolled_Movement_1_029 (2).csv
1,7,1,2,1,40.913,40913,0.83,9.38,0.2,9.4188,0.0742,-0.0807,-0.1887,-6.31,86.5,143.94,1.1092,9.5784,0.3872,9.6502,P001_Barbell_Bench_Press_Uncontrolled_Movement_1_029 (2).csv
1,7,1,2,1,41.043,41043,1.38,9.63,0.67,9.7514,0.0524,-0.0425,-0.2563,-6.63,86.0,144.56,1.1449,9.5852,0.4245,9.6627,P001_Barbell_Bench_Press_Uncontrolled_Movement_1_029 (2).csv
1,7,1,2,1,41.174,41174,-0.08,9.92,0.83,9.955,0.06,0.0251,0.3458,-5.13,85.63,143.13,0.9835,9.6293,0.4779,9.6912,P001_Barbell_Bench_Press_Uncontrolled_Movement_1_029 (2).csv
1,7,1,2,1,41.346,41346,0.11,9.33,0.95,9.3789,0.0676,0.048,-0.408,-6.0,84.94,143.5,0.8684,9.5899,0.5401,9.6443,P001_Barbell_Bench_Press_Uncontrolled_Movement_1_029 (2).csv
1,7,1,2,1,41.476,41476,0.7,9.81,0.98,9.8836,0.06,0.0982,-0.0753,-5.06,84.63,142.0,0.8462,9.6189,0.5981,9.6745,P001_Barbell_Bench_Press_Uncontrolled_Movement_1_029 (2).csv
1,7,1,2,1,41.606,41606,0.73,9.54,0.97,9.6169,0.0229,0.1069,0.0818,-5.06,84.31,141.13,0.8309,9.6085,0.6471,9.666,P001_Barbell_Bench_Press_Uncontrolled_Movement_1_029 (2).csv
1,7,1,2,1,41.736,41736,1.04,9.88,1.03,9.9878,0.012,0.096,0.0742,-5.69,84.31,141.06,0.8584,9.6443,0.6976,9.7075,P001_Barbell_Bench_Press_Uncontrolled_Movement_1_029 (2).csv
1,7,1,2,1,41.866,41866,1.17,9.42,0.82,9.5277,0.0044,0.0535,0.0196,-5.69,84.19,140.5,0.8995,9.6147,0.7137,9.683,P001_Barbell_Bench_Press_Uncontrolled_Movement_1_029 (2).csv
1,7,1,2,1,41.996,41996,0.89,9.88,1.15,9.9864,-0.024,-0.0131,0.0295,-5.38,84.31,140.06,0.8982,9.6497,0.7712,9.722,P001_Barbell_Bench_Press_Uncontrolled_Movement_1_029 (2).csv
1,7,1,2,1,42.127,42127,1.12,9.58,0.85,9.6826,-0.0415,-0.0676,-0.072,-5.94,84.38,140.94,0.9275,9.6405,0.7816,9.7165,P001_Barbell_Bench_Press_Uncontrolled_Movement_1_029 (2).csv
1,7,1,2,1,42.257,42257,0.98,9.58,0.95,9.6767,-0.0469,-0.0851,0.1309,-6.06,84.69,141.63,0.9344,9.6325,0.8038,9.7111,P001_Barbell_Bench_Press_Uncontrolled_Movement_1_029 (2).csv
1,7,1,2,1,42.43,42430,0.87,9.77,0.74,9.8365,-0.048,-0.0622,0.0469,-6.19,85.13,142.63,0.9259,9.6506,0.7954,9.7275,P001_Barbell_Bench_Press_Uncontrolled_Movement_1_029 (2).csv
1,7,1,2,1,42.56,42560,0.94,9.74,0.74,9.8132,-0.0447,-0.0284,-0.0513,-6.44,85.5,143.13,0.9278,9.6624,0.7881,9.7388,P001_Barbell_Bench_Press_Uncontrolled_Movement_1_029 (2).csv
1,7,1,2,1,42.69,42690,1.02,9.93,0.56,9.9979,-0.0284,0.012,0.0982,-6.5,85.81,143.31,0.9399,9.6977,0.758,9.7726,P001_Barbell_Bench_Press_Uncontrolled_Movement_1_029 (2).csv
1,7,1,2,1,42.82,42820,1.0,9.69,0.5,9.7543,-0.0044,0.0284,-0.0175,-6.56,86.0,143.25,0.9478,9.6967,0.724,9.7697,P001_Barbell_Bench_Press_Uncontrolled_Movement_1_029 (2).csv
1,7,1,2,1,42.95,42950,1.08,9.23,0.62,9.3136,0.0175,0.0502,-0.024,-6.63,86.06,143.0,0.9652,9.6352,0.7103,9.7094,P001_Barbell_Bench_Press_Uncontrolled_Movement_1_029 (2).csv
1,7,1,2,1,43.08,43080,2.29,10.59,0.81,10.865,0.0644,0.0349,-0.2945,-5.63,85.88,141.69,1.1398,9.761,0.7234,9.8539,P001_Barbell_Bench_Press_Uncontrolled_Movement_1_029 (2).csv
1,7,1,2,1,43.21,43210,-1.23,9.7,0.36,9.7843,0.0633,0.0251,-0.2029,1.25,85.25,134.69,0.8275,9.753,0.6756,9.8113,P001_Barbell_Bench_Press_Uncontrolled_Movement_1_029 (2).csv
1,7,1,2,1,43.341,43341,2.04,9.51,0.86,9.7643,-0.0545,0.0447,0.4287,-3.88,85.38,139.38,0.9873,9.7209,0.6999,9.796,P001_Barbell_Bench_Press_Uncontrolled_Movement_1_029 (2).csv
1,7,1,2,1,43.514,43514,0.96,11.48,1.01,11.5643,0.0764,-0.0578,-0.0273,-2.94,85.5,138.69,0.9837,9.9527,0.7407,10.0286,P001_Barbell_Bench_Press_Uncontrolled_Movement_1_029 (2).csv
1,7,1,2,1,43.645,43645,0.12,8.64,0.56,8.659,0.132,-0.0371,-0.0142,-2.0,84.5,138.13,0.8699,9.7798,0.7169,9.8445,P001_Barbell_Bench_Press_Uncontrolled_Movement_1_029 (2).csv
1,7,1,2,1,43.775,43775,0.41,8.88,1.31,8.9855,0.0502,-0.0316,0.156,-2.56,83.81,138.81,0.8093,9.6612,0.7951,9.7276,P001_Barbell_Bench_Press_Uncontrolled_Movement_1_029 (2).csv
1,7,1,2,1,43.907,43907,0.5,9.85,1.22,9.9379,-0.0491,-0.0262,0.0338,-3.44,83.81,140.0,0.7685,9.6861,0.8511,9.7537,P001_Barbell_Bench_Press_Uncontrolled_Movement_1_029 (2).csv
1,7,1,2,1,44.038,44038,0.08,10.5,0.85,10.5347,0.0131,-0.0153,0.06,-3.31,84.0,140.06,0.6778,9.7933,0.8509,9.8536,P001_Barbell_Bench_Press_Uncontrolled_Movement_1_029 (2).csv
1,7,1,2,1,44.173,44173,0.47,10.51,0.96,10.5642,0.2771,-0.0415,-0.3665,-4.5,82.88,141.25,0.6504,9.8878,0.8653,9.9468,P001_Barbell_Bench_Press_Uncontrolled_Movement_1_029 (2).csv
1,7,1,2,1,44.303,44303,-0.17,8.8,1.0,8.8583,0.1909,0.048,0.4014,-3.31,80.94,140.0,0.5423,9.7444,0.883,9.7994,P001_Barbell_Bench_Press_Uncontrolled_Movement_1_029 (2).csv
1,7,1,2,1,44.435,44435,0.0,8.82,2.16,9.0806,-0.0305,0.0753,-0.1505,-4.38,80.56,140.44,0.4708,9.6226,1.0513,9.6913,P001_Barbell_Bench_Press_Uncontrolled_Movement_1_029 (2).csv
1,7,1,2,1,44.607,44607,1.15,9.35,2.05,9.6409,-0.0349,0.0327,-0.0131,-6.19,80.94,141.69,0.5603,9.5867,1.1829,9.6756,P001_Barbell_Bench_Press_Uncontrolled_Movement_1_029 (2).csv
1,7,1,2,1,44.738,44738,1.26,8.87,1.48,9.0805,-0.1014,-0.0044,0.1309,-6.44,81.44,141.94,0.6525,9.4922,1.2221,9.5928,P001_Barbell_Bench_Press_Uncontrolled_Movement_1_029 (2).csv
1,8,1,2,1,44.868,44868,1.33,10.5,1.26,10.6586,-0.1047,-0.0633,-0.3567,-6.13,82.25,141.94,0.7418,9.625,1.2271,9.7313,P001_Barbell_Bench_Press_Uncontrolled_Movement_1_029 (2).csv
1,8,1,2,1,44.998,44998,1.77,9.19,0.91,9.403,-0.0044,-0.0469,0.3283,-6.25,82.44,142.44,0.8773,9.5677,1.1853,9.6807,P001_Barbell_Bench_Press_Uncontrolled_Movement_1_029 (2).csv
1,8,1,2,1,45.128,45128,1.86,9.55,0.92,9.7728,-0.0665,-0.0262,-0.0185,-7.06,82.69,143.56,1.0068,9.5654,1.1503,9.6868,P001_Barbell_Bench_Press_Uncontrolled_Movement_1_029 (2).csv
1,8,1,2,1,45.259,45259,0.5,9.45,1.4,9.5662,-0.0687,-0.0633,-0.4342,-3.5,83.25,140.38,0.94,9.5502,1.1832,9.669,P001_Barbell_Bench_Press_Uncontrolled_Movement_1_029 (2).csv
1,8,1,2,1,45.389,45389,0.57,9.77,1.26,9.8674,-0.0742,-0.0796,-0.1113,-2.69,83.75,140.06,0.8913,9.5791,1.1933,9.6942,P001_Barbell_Bench_Press_Uncontrolled_Movement_1_029 (2).csv
1,8,1,2,1,45.519,45519,-0.32,9.94,0.61,9.9638,-0.0633,-0.0654,-0.0436,-2.19,84.25,140.13,0.7316,9.6267,1.1165,9.7188,P001_Barbell_Bench_Press_Uncontrolled_Movement_1_029 (2).csv
1,8,1,2,1,45.692,45692,0.18,10.1,0.94,10.1452,-0.0469,-0.012,-0.1571,-1.25,84.81,139.5,0.6589,9.6891,1.0932,9.7728,P001_Barbell_Bench_Press_Uncontrolled_Movement_1_029 (2).csv
1,8,1,2,1,45.822,45822,0.06,9.71,0.61,9.7293,-0.0371,0.0175,-0.1233,-0.19,85.13,138.44,0.58,9.6918,1.0295,9.7636,P001_Barbell_Bench_Press_Uncontrolled_Movement_1_029 (2).csv
1,8,1,2,1,45.952,45952,0.28,10.12,0.69,10.1474,-0.0556,0.0458,-0.0884,0.44,85.56,137.44,0.5405,9.7482,0.9848,9.8128,P001_Barbell_Bench_Press_Uncontrolled_Movement_1_029 (2).csv
1,8,1,2,1,46.082,46082,0.2,9.94,0.51,9.9551,-0.0196,0.0218,-0.18,1.25,85.94,136.44,0.4956,9.7735,0.9222,9.8294,P001_Barbell_Bench_Press_Uncontrolled_Movement_1_029 (2).csv
1,8,1,2,1,46.212,46212,-0.2,9.06,0.48,9.0749,0.0273,-0.0207,-0.3632,2.81,85.94,134.81,0.404,9.6795,0.864,9.7264,P001_Barbell_Bench_Press_Uncontrolled_Movement_1_029 (2).csv
1,8,1,2,1,46.342,46342,-2.41,11.73,0.8,12.0017,0.0229,-0.024,-0.456,6.81,85.81,131.06,0.0331,9.9497,0.8555,9.9865,P001_Barbell_Bench_Press_Uncontrolled_Movement_1_029 (2).csv
1,8,1,2,1,46.472,46472,-1.87,10.34,0.71,10.5317,0.0262,0.0284,0.4723,7.19,85.63,130.69,-0.2176,10.0011,0.8364,10.0384,P001_Barbell_Bench_Press_Uncontrolled_Movement_1_029 (2).csv
1,8,1,2,1,46.602,46602,0.07,10.24,0.71,10.2648,0.0142,-0.0098,0.5138,2.5,85.5,135.25,-0.1797,10.0326,0.8197,10.0676,P001_Barbell_Bench_Press_Uncontrolled_Movement_1_029 (2).csv
1,8,1,2,1,46.775,46775,-0.37,9.46,0.69,9.4923,0.0022,-0.0273,0.2018,1.81,85.5,136.38,-0.2048,9.9572,0.8026,9.9915,P001_Barbell_Bench_Press_Uncontrolled_Movement_1_029 (2).csv
1,8,1,2,1,46.905,46905,0.76,9.52,0.76,9.5805,-0.0218,0.0185,0.4985,-1.25,85.56,139.5,-0.0777,9.8995,0.797,9.9319,P001_Barbell_Bench_Press_Uncontrolled_Movement_1_029 (2).csv
1,8,1,2,1,47.035,47035,-0.03,9.41,0.85,9.4484,-0.0567,-0.0207,0.2978,-2.44,85.81,140.81,-0.0714,9.835,0.804,9.8681,P001_Barbell_Bench_Press_Uncontrolled_Movement_1_029 (2).csv
1,8,1,2,1,47.165,47165,0.89,10.8,1.15,10.8975,-0.0218,0.0175,0.1036,-3.56,86.38,141.88,0.0553,9.9622,0.8496,9.9985,P001_Barbell_Bench_Press_Uncontrolled_Movement_1_029 (2).csv
1,8,1,2,1,47.295,47295,-0.1,9.83,0.17,9.832,0.0633,0.0087,-0.2018,-2.44,86.06,140.69,0.0348,9.9448,0.76,9.9738,P001_Barbell_Bench_Press_Uncontrolled_Movement_1_029 (2).csv
1,8,1,2,1,47.425,47425,-0.26,8.81,0.5,8.828,0.0338,0.0633,0.1963,-2.56,85.75,140.5,-0.004,9.7952,0.7258,9.8221,P001_Barbell_Bench_Press_Uncontrolled_Movement_1_029 (2).csv
1,8,1,2,1,47.555,47555,0.47,9.64,0.87,9.6906,0.0404,0.0654,0.3033,-3.88,85.63,141.38,0.0584,9.7748,0.7448,9.8033,P001_Barbell_Bench_Press_Uncontrolled_Movement_1_029 (2).csv
1,8,1,2,1,47.686,47686,0.39,9.38,0.69,9.4134,0.0404,0.0425,0.5651,-6.25,85.25,143.31,0.1021,9.7228,0.7376,9.7512,P001_Barbell_Bench_Press_Uncontrolled_Movement_1_029 (2).csv
1,8,1,2,1,47.858,47858,1.81,9.35,0.74,9.5523,-0.0404,-0.0011,-0.2203,-8.88,85.31,145.75,0.3272,9.6736,0.7379,9.7073,P001_Barbell_Bench_Press_Uncontrolled_Movement_1_029 (2).csv
1,8,1,2,1,47.988,47988,1.49,10.51,0.93,10.6558,-0.0305,-0.0044,-0.1745,-7.38,85.69,144.25,0.4804,9.7839,0.7632,9.8253,P001_Barbell_Bench_Press_Uncontrolled_Movement_1_029 (2).csv
1,8,1,2,1,48.118,48118,1.03,9.59,0.21,9.6474,-0.0589,0.0131,-0.0142,-5.38,85.88,142.31,0.5528,9.7583,0.6903,9.7983,P001_Barbell_Bench_Press_Uncontrolled_Movement_1_029 (2).csv
1,8,1,2,1,48.248,48248,0.03,9.51,0.84,9.5471,-0.0807,-0.0044,-0.5149,-3.31,86.38,140.19,0.4839,9.7256,0.71,9.7635,P001_Barbell_Bench_Press_Uncontrolled_Movement_1_029 (2).csv
1,8,1,2,1,48.379,48379,1.27,8.66,0.58,8.7718,0.0142,0.0109,0.1789,-3.44,86.5,140.25,0.5875,9.5852,0.6929,9.6281,P001_Barbell_Bench_Press_Uncontrolled_Movement_1_029 (2).csv
1,8,1,2,1,48.509,48509,0.87,10.35,0.73,10.4121,-0.0164,-0.0044,0.0382,-3.44,86.63,140.25,0.6247,9.686,0.6978,9.7311,P001_Barbell_Bench_Press_Uncontrolled_Movement_1_029 (2).csv
1,8,1,2,1,48.639,48639,-0.03,8.17,-0.11,8.1708,0.0556,-0.0436,-0.0633,-2.38,86.25,139.5,0.5385,9.4862,0.5913,9.5198,P001_Barbell_Bench_Press_Uncontrolled_Movement_1_029 (2).csv
1,9,1,2,1,48.769,48769,0.21,10.25,0.78,10.2818,-0.0436,-0.0305,0.1473,-3.69,86.5,141.0,0.4952,9.5868,0.6162,9.6194,P001_Barbell_Bench_Press_Uncontrolled_Movement_1_029 (2).csv
1,9,1,2,1,48.942,48942,0.84,10.64,0.56,10.6878,-0.0273,-0.0196,0.2302,-4.31,86.19,142.06,0.5406,9.7256,0.6088,9.7596,P001_Barbell_Bench_Press_Uncontrolled_Movement_1_029 (2).csv
1,9,1,2,1,49.072,49072,0.48,9.21,0.99,9.2755,0.0785,-0.0109,0.1451,-5.25,86.0,143.13,0.5326,9.6577,0.659,9.6948,P001_Barbell_Bench_Press_Uncontrolled_Movement_1_029 (2).csv
1,9,1,2,1,49.202,49202,1.89,10.07,0.76,10.274,0.036,0.012,0.2247,-7.19,85.56,144.94,0.7115,9.712,0.6723,9.7612,P001_Barbell_Bench_Press_Uncontrolled_Movement_1_029 (2).csv
1,9,1,2,1,49.332,49332,0.95,9.78,0.89,9.8663,0.0458,0.0567,0.4701,-6.94,85.31,144.56,0.7429,9.721,0.701,9.7745,P001_Barbell_Bench_Press_Uncontrolled_Movement_1_029 (2).csv
1,9,1,2,1,49.462,49462,2.04,9.24,0.93,9.5081,0.0415,0.0273,-0.1047,-8.44,84.94,145.75,0.9138,9.6576,0.7312,9.7282,P001_Barbell_Bench_Press_Uncontrolled_Movement_1_029 (2).csv
1,9,1,2,1,49.592,49592,1.41,9.6,0.91,9.7456,0.024,0.0098,-0.1418,-6.94,84.69,144.06,0.9792,9.65,0.7548,9.7289,P001_Barbell_Bench_Press_Uncontrolled_Movement_1_029 (2).csv
1,9,1,2,1,49.723,49723,1.34,9.58,1.0,9.7248,-0.0033,0.0164,-0.0109,-6.81,84.63,143.81,1.0268,9.6408,0.7871,9.7272,P001_Barbell_Bench_Press_Uncontrolled_Movement_1_029 (2).csv
1,9,1,2,1,49.854,49854,1.06,9.47,0.73,9.5571,-0.0196,0.0044,-0.0273,-6.69,84.63,143.69,1.0311,9.6183,0.7795,9.7047,P001_Barbell_Bench_Press_Uncontrolled_Movement_1_029 (2).csv
1,9,1,2,1,50.026,50026,1.36,9.59,0.82,9.7206,-0.0131,-0.0044,0.0644,-6.81,84.75,143.81,1.0745,9.6145,0.7849,9.7062,P001_Barbell_Bench_Press_Uncontrolled_Movement_1_029 (2).csv
1,9,1,2,1,50.157,50157,1.11,9.06,0.78,9.161,-0.0175,-0.0371,-0.3545,-6.38,84.81,143.5,1.0792,9.5415,0.7842,9.6343,P001_Barbell_Bench_Press_Uncontrolled_Movement_1_029 (2).csv
1,9,1,2,1,50.287,50287,0.59,9.89,0.49,9.9197,-0.0611,0.0,0.228,-5.5,85.13,142.81,1.0147,9.5874,0.7455,9.6697,P001_Barbell_Bench_Press_Uncontrolled_Movement_1_029 (2).csv
1,9,1,2,1,50.418,50418,0.64,8.14,0.31,8.171,0.0033,-0.0316,-0.6741,-3.75,85.38,141.25,0.9653,9.3967,0.6881,9.4712,P001_Barbell_Bench_Press_Uncontrolled_Movement_1_029 (2).csv
1,9,1,2,1,50.548,50548,-0.28,9.74,0.4,9.7522,0.0175,0.0251,-0.0382,-0.63,85.38,138.19,0.8012,9.4419,0.6501,9.4981,P001_Barbell_Bench_Press_Uncontrolled_Movement_1_029 (2).csv
1,9,1,2,1,50.679,50679,1.01,10.68,1.19,10.7935,0.0371,0.0458,0.2858,-3.19,85.38,140.38,0.8287,9.6051,0.7213,9.6677,P001_Barbell_Bench_Press_Uncontrolled_Movement_1_029 (2).csv
1,9,1,2,1,50.81,50810,-0.51,9.01,-0.13,9.0254,0.0262,0.0229,0.0491,-2.63,85.0,139.69,0.6523,9.5266,0.6091,9.5684,P001_Barbell_Bench_Press_Uncontrolled_Movement_1_029 (2).csv
1,9,1,2,1,50.94,50940,0.74,10.27,1.05,10.35,-0.0164,0.0513,-0.1091,-4.25,85.13,140.88,0.6639,9.6246,0.6672,9.6705,P001_Barbell_Bench_Press_Uncontrolled_Movement_1_029 (2).csv
1,9,1,2,1,51.113,51113,0.88,10.11,0.46,10.1586,0.0796,-0.0207,0.0644,-5.75,84.5,142.19,0.6924,9.6886,0.6399,9.7343,P001_Barbell_Bench_Press_Uncontrolled_Movement_1_029 (2).csv
1,9,1,2,1,51.247,51247,1.09,10.09,0.85,10.1842,-0.0022,0.0,-0.1091,-5.44,84.25,141.88,0.7448,9.7415,0.6676,9.7927,P001_Barbell_Bench_Press_Uncontrolled_Movement_1_029 (2).csv
1,9,1,2,1,51.379,51379,0.99,9.3,0.63,9.3737,-0.096,-0.0033,0.1462,-6.25,84.5,142.75,0.7771,9.6833,0.6626,9.737,P001_Barbell_Bench_Press_Uncontrolled_Movement_1_029 (2).csv
1,9,1,2,1,51.51,51510,1.55,10.01,0.95,10.1737,-0.06,-0.0295,0.216,-7.81,85.13,144.5,0.8789,9.7263,0.7005,9.7911,P001_Barbell_Bench_Press_Uncontrolled_Movement_1_029 (2).csv
1,9,1,2,1,51.64,51640,2.47,10.99,0.91,11.3008,-0.0251,-0.0524,-0.1353,-8.56,85.38,145.56,1.0886,9.8929,0.7281,9.9792,P001_Barbell_Bench_Press_Uncontrolled_Movement_1_029 (2).csv
1,9,1,2,1,51.77,51770,0.28,9.37,0.65,9.3967,0.0076,-0.048,-0.4472,-4.25,85.38,141.69,0.982,9.824,0.7178,9.899,P001_Barbell_Bench_Press_Uncontrolled_Movement_1_029 (2).csv
1,9,1,2,1,51.901,51901,0.46,8.97,0.39,8.9903,0.0,0.0153,0.072,-3.63,85.44,141.13,0.9132,9.7114,0.6746,9.7776,P001_Barbell_Bench_Press_Uncontrolled_Movement_1_029 (2).csv
1,9,1,2,1,52.031,52031,0.78,9.98,1.07,10.0675,-0.0404,0.0927,0.024,-4.06,85.75,141.13,0.8957,9.7468,0.7267,9.8148,P001_Barbell_Bench_Press_Uncontrolled_Movement_1_029 (2).csv
1,9,1,2,1,52.204,52204,0.45,9.92,0.76,9.9592,0.0371,0.0382,-0.1767,-3.56,85.81,139.94,0.837,9.7696,0.7311,9.8326,P001_Barbell_Bench_Press_Uncontrolled_Movement_1_029 (2).csv
1,9,1,2,1,52.334,52334,0.76,9.77,0.76,9.8289,0.0556,0.0196,-0.0796,-3.13,85.5,139.19,0.8268,9.7697,0.7349,9.8321,P001_Barbell_Bench_Press_Uncontrolled_Movement_1_029 (2).csv
1,9,1,2,1,52.464,52464,0.59,9.8,0.78,9.8487,0.0295,-0.0207,-0.0262,-2.13,85.25,138.25,0.7956,9.7737,0.7408,9.834,P001_Barbell_Bench_Press_Uncontrolled_Movement_1_029 (2).csv
1,9,1,2,1,52.594,52594,0.43,9.8,0.71,9.8351,0.0022,-0.0633,-0.1233,-1.63,85.19,138.0,0.7474,9.7772,0.7368,9.8333,P001_Barbell_Bench_Press_Uncontrolled_Movement_1_029 (2).csv
1,9,1,2,1,52.724,52724,0.0,9.78,0.8,9.8127,0.0153,-0.0545,0.0753,-1.06,85.13,137.94,0.6489,9.7775,0.7451,9.8273,P001_Barbell_Bench_Press_Uncontrolled_Movement_1_029 (2).csv
1,9,1,2,1,52.854,52854,-0.02,9.01,0.71,9.038,0.0098,-0.0295,-0.072,-1.31,85.06,138.44,0.5608,9.6764,0.7405,9.7209,P001_Barbell_Bench_Press_Uncontrolled_Movement_1_029 (2).csv
1,9,1,2,1,52.984,52984,-0.41,11.54,0.93,11.5847,-0.0262,0.0316,0.0153,-0.63,85.25,137.75,0.4329,9.922,0.7655,9.9609,P001_Barbell_Bench_Press_Uncontrolled_Movement_1_029 (2).csv
1,9,1,2,1,53.115,53115,-0.16,10.41,0.85,10.4459,-0.0251,0.0764,0.1778,-0.94,85.44,137.69,0.3547,9.9863,0.7766,10.0227,P001_Barbell_Bench_Press_Uncontrolled_Movement_1_029 (2).csv
1,9,1,2,1,53.288,53288,1.34,10.81,0.9,10.9299,0.0022,0.0382,-0.3218,-1.88,85.56,137.88,0.4846,10.0948,0.7929,10.1375,P001_Barbell_Bench_Press_Uncontrolled_Movement_1_029 (2).csv
1,9,1,2,1,53.419,53419,-1.3,9.31,0.63,9.4214,0.012,0.0545,-0.3894,2.06,85.56,133.56,0.2494,9.9914,0.7714,10.0242,P001_Barbell_Bench_Press_Uncontrolled_Movement_1_029 (2).csv
1,9,1,2,1,53.549,53549,1.17,11.09,0.82,11.1817,0.0055,0.0305,-0.0185,-0.25,85.5,135.44,0.3707,10.1362,0.7778,10.1727,P001_Barbell_Bench_Press_Uncontrolled_Movement_1_029 (2).csv
1,9,1,2,1,53.68,53680,-0.45,8.99,0.27,9.0053,0.0044,0.0022,0.5454,0.94,85.38,134.19,0.2626,9.9851,0.7109,10.0138,P001_Barbell_Bench_Press_Uncontrolled_Movement_1_029 (2).csv
1,9,1,2,1,53.81,53810,0.33,10.27,0.73,10.3012,0.0076,-0.048,0.3469,-1.81,85.44,137.13,0.2715,10.0227,0.7134,10.0517,P001_Barbell_Bench_Press_Uncontrolled_Movement_1_029 (2).csv
1,9,1,2,1,53.943,53943,0.79,10.0,0.61,10.0497,0.0611,-0.0654,-0.0415,-3.13,85.13,138.88,0.3398,10.0197,0.6998,10.0498,P001_Barbell_Bench_Press_Uncontrolled_Movement_1_029 (2).csv
1,9,1,2,1,54.073,54073,0.6,9.01,0.95,9.0798,0.0654,-0.0284,0.2553,-3.0,84.63,139.06,0.3741,9.8866,0.7328,9.9208,P001_Barbell_Bench_Press_Uncontrolled_Movement_1_029 (2).csv
1,9,1,2,1,54.208,54208,-0.36,11.04,0.36,11.0517,-0.0153,-0.0393,-0.7298,-1.75,84.44,138.0,0.2773,10.0386,0.6836,10.0657,P001_Barbell_Bench_Press_Uncontrolled_Movement_1_029 (2).csv
1,9,1,2,1,54.381,54381,0.14,9.09,1.02,9.1481,0.1047,-0.0022,0.5814,-1.63,83.81,138.0,0.2592,9.9136,0.728,9.9437,P001_Barbell_Bench_Press_Uncontrolled_Movement_1_029 (2).csv
1,9,1,2,1,54.511,54511,0.65,9.67,0.67,9.715,0.0502,-0.0207,0.2574,-3.75,83.13,140.19,0.3107,9.8815,0.7203,9.9126,P001_Barbell_Bench_Press_Uncontrolled_Movement_1_029 (2).csv
1,9,1,2,1,54.641,54641,0.39,9.57,1.15,9.6467,-0.0894,-0.0349,-0.0687,-3.38,83.25,140.0,0.3212,9.8405,0.7769,9.8763,P001_Barbell_Bench_Press_Uncontrolled_Movement_1_029 (2).csv
1,9,1,2,1,54.771,54771,0.69,9.04,0.88,9.1089,-0.0905,-0.0349,0.0262,-4.25,84.06,141.13,0.3698,9.735,0.7905,9.774,P001_Barbell_Bench_Press_Uncontrolled_Movement_1_029 (2).csv
1,9,1,2,1,54.901,54901,0.94,10.16,0.94,10.2466,-0.0185,-0.084,0.2127,-4.63,84.44,142.0,0.4449,9.791,0.8102,9.8345,P001_Barbell_Bench_Press_Uncontrolled_Movement_1_029 (2).csv
1,9,1,2,1,55.032,55032,2.29,9.15,0.77,9.4636,-0.084,-0.1473,-0.3229,-6.81,84.81,145.13,0.6881,9.7065,0.8049,9.7641,P001_Barbell_Bench_Press_Uncontrolled_Movement_1_029 (2).csv
1,9,1,2,1,55.162,55162,0.56,10.76,1.5,10.8785,0.0349,-0.1374,0.1942,-2.94,85.0,142.44,0.6712,9.8453,0.8965,9.9088,P001_Barbell_Bench_Press_Uncontrolled_Movement_1_029 (2).csv
1,9,1,2,1,55.293,55293,1.13,9.04,-0.23,9.1133,-0.0207,-0.0829,0.0207,-3.19,84.88,143.56,0.7316,9.7392,0.7481,9.7953,P001_Barbell_Bench_Press_Uncontrolled_Movement_1_029 (2).csv
1,9,1,2,1,55.466,55466,-1.7,7.66,1.58,8.0039,-0.0305,-0.1233,-0.2127,1.94,85.75,139.5,0.4112,9.4652,0.8577,9.5129,P001_Barbell_Bench_Press_Uncontrolled_Movement_1_029 (2).csv
1,9,1,2,1,55.597,55597,-0.9,10.04,0.29,10.0844,0.1134,-0.0011,0.6916,-0.56,85.13,142.44,0.2384,9.541,0.7829,9.576,P001_Barbell_Bench_Press_Uncontrolled_Movement_1_029 (2).csv
1,9,1,2,1,55.728,55728,-0.35,8.93,1.09,9.0031,0.0873,0.0305,-0.0622,-3.44,84.5,145.13,0.1609,9.4605,0.8234,9.4976,P001_Barbell_Bench_Press_Uncontrolled_Movement_1_029 (2).csv
1,10,1,2,1,55.858,55858,0.39,10.18,1.24,10.2627,0.1124,0.1091,0.5345,-4.88,83.88,146.0,0.1911,9.5553,0.8783,9.5975,P001_Barbell_Bench_Press_Uncontrolled_Movement_1_029 (2).csv
1,10,1,2,1,55.989,55989,0.68,9.24,1.51,9.3872,0.0764,0.1156,-0.1571,-5.63,83.38,145.81,0.2555,9.5137,0.9615,9.5656,P001_Barbell_Bench_Press_Uncontrolled_Movement_1_029 (2).csv
1,10,1,2,1,56.119,56119,1.6,9.44,1.21,9.6508,0.0175,0.1353,-0.0774,-6.44,83.06,145.56,0.4327,9.504,0.9943,9.5657,P001_Barbell_Bench_Press_Uncontrolled_Movement_1_029 (2).csv
1,10,1,2,1,56.254,56254,0.81,9.58,1.2,9.6888,-0.0044,0.0687,-0.1745,-5.88,83.06,144.13,0.4824,9.514,1.0214,9.5808,P001_Barbell_Bench_Press_Uncontrolled_Movement_1_029 (2).csv
1,10,1,2,1,56.385,56385,1.0,9.74,0.99,9.8411,0.024,0.0185,0.1636,-6.44,83.06,144.44,0.5506,9.5438,1.0172,9.6136,P001_Barbell_Bench_Press_Uncontrolled_Movement_1_029 (2).csv
1,10,1,2,1,56.558,56558,1.55,9.47,1.14,9.6635,0.0207,-0.0055,0.1134,-8.25,82.63,146.19,0.6823,9.5341,1.0334,9.6142,P001_Barbell_Bench_Press_Uncontrolled_Movement_1_029 (2).csv
1,10,1,2,1,56.688,56688,0.96,9.37,1.33,9.5125,-0.0349,0.0044,0.0654,-7.69,82.75,145.69,0.7189,9.5125,1.0725,9.5997,P001_Barbell_Bench_Press_Uncontrolled_Movement_1_029 (2).csv
1,10,1,2,1,56.818,56818,1.33,9.98,0.93,10.1111,-0.0469,0.0207,0.0676,-8.06,83.06,146.06,0.7994,9.5741,1.0537,9.665,P001_Barbell_Bench_Press_Uncontrolled_Movement_1_029 (2).csv
1,10,1,2,1,56.949,56949,1.26,9.83,0.78,9.9411,-0.0087,0.0153,0.0654,-7.88,83.38,145.75,0.8601,9.6078,1.0176,9.6997,P001_Barbell_Bench_Press_Uncontrolled_Movement_1_029 (2).csv
1,10,1,2,1,57.079,57079,1.4,9.5,1.02,9.6566,-0.0164,0.0131,0.0349,-7.56,83.44,145.44,0.9313,9.5936,1.018,9.6923,P001_Barbell_Bench_Press_Uncontrolled_Movement_1_029 (2).csv
1,10,1,2,1,57.21,57210,1.43,9.1,1.06,9.2725,0.0098,0.0022,0.1025,-7.5,83.5,145.38,0.997,9.5285,1.0235,9.6351,P001_Barbell_Bench_Press_Uncontrolled_Movement_1_029 (2).csv
1,10,1,2,1,57.34,57340,1.48,9.34,1.05,9.5146,-0.0327,-0.024,-0.0709,-7.94,83.63,145.88,1.0606,9.5037,1.027,9.6177,P001_Barbell_Bench_Press_Uncontrolled_Movement_1_029 (2).csv
1,10,1,2,1,57.471,57471,1.04,9.29,0.84,9.3857,-0.0338,-0.0295,0.0033,-6.94,83.81,145.13,1.0579,9.4755,1.0023,9.587,P001_Barbell_Bench_Press_Uncontrolled_Movement_1_029 (2).csv
1,10,1,2,1,57.643,57643,1.24,9.0,0.71,9.1127,-0.0044,-0.0033,-0.3447,-5.88,84.06,144.19,1.0819,9.4129,0.9638,9.5237,P001_Barbell_Bench_Press_Uncontrolled_Movement_1_029 (2).csv
1,10,1,2,1,57.773,57773,0.54,9.96,0.66,9.9964,0.0436,0.0327,0.2345,-5.13,83.75,143.44,1.0105,9.485,0.9238,9.5833,P001_Barbell_Bench_Press_Uncontrolled_Movement_1_029 (2).csv
1,10,1,2,1,57.903,57903,0.88,10.17,1.19,10.2771,-0.0513,0.0796,-0.1854,-5.06,84.0,142.94,0.9933,9.5752,0.9589,9.6743,P001_Barbell_Bench_Press_Uncontrolled_Movement_1_029 (2).csv
1,10,1,2,1,58.033,58033,0.0,9.9,0.92,9.9427,0.0382,0.0785,0.0654,-3.88,84.06,141.31,0.8624,9.618,0.9537,9.7036,P001_Barbell_Bench_Press_Uncontrolled_Movement_1_029 (2).csv
1,10,1,2,1,58.163,58163,1.03,9.34,0.85,9.435,0.0393,0.0622,0.0415,-5.06,83.94,141.88,0.8845,9.5814,0.9401,9.668,P001_Barbell_Bench_Press_Uncontrolled_Movement_1_029 (2).csv
1,10,1,2,1,58.293,58293,0.69,9.33,0.5,9.3688,-0.0295,0.0251,0.3622,-5.94,83.94,142.44,0.8589,9.5483,0.8821,9.6273,P001_Barbell_Bench_Press_Uncontrolled_Movement_1_029 (2).csv
1,10,1,2,1,58.424,58424,2.07,10.8,1.33,11.0767,0.0065,-0.0044,0.1156,-8.38,84.06,144.81,1.0185,9.7132,0.9411,9.8117,P001_Barbell_Bench_Press_Uncontrolled_Movement_1_029 (2).csv
1,10,1,2,1,58.555,58555,1.05,9.13,1.1,9.2558,0.096,-0.0665,-0.2803,-7.19,83.56,143.88,1.0226,9.6364,0.962,9.7381,P001_Barbell_Bench_Press_Uncontrolled_Movement_1_029 (2).csv
1,10,1,2,1,58.727,58727,0.73,9.78,1.3,9.893,0.108,-0.1145,-0.0545,-6.44,82.38,143.81,0.9841,9.6553,1.0066,9.7574,P001_Barbell_Bench_Press_Uncontrolled_Movement_1_029 (2).csv
1,10,1,2,1,58.857,58857,1.04,8.85,1.52,9.0396,0.0065,-0.1156,0.0927,-7.75,81.81,145.94,0.9914,9.5492,1.0742,9.6604,P001_Barbell_Bench_Press_Uncontrolled_Movement_1_029 (2).csv
1,10,1,2,1,58.987,58987,1.31,10.08,1.4,10.2607,-0.0589,-0.0884,-0.036,-7.0,81.94,145.94,1.0334,9.6191,1.1172,9.7388,P001_Barbell_Bench_Press_Uncontrolled_Movement_1_029 (2).csv
1,10,1,2,1,59.117,59117,-0.29,8.53,1.54,8.6728,-0.1385,-0.0458,-0.084,-5.5,82.69,145.06,0.859,9.4756,1.1729,9.5865,P001_Barbell_Bench_Press_Uncontrolled_Movement_1_029 (2).csv
1,10,1,2,1,59.247,59247,1.35,9.87,0.75,9.9901,-0.1069,0.0327,0.2171,-8.13,83.56,147.81,0.9237,9.5276,1.1172,9.6372,P001_Barbell_Bench_Press_Uncontrolled_Movement_1_029 (2).csv
1,10,1,2,1,59.378,59378,1.29,9.3,0.75,9.4189,-0.0927,0.0709,-0.2051,-7.19,84.44,146.56,0.972,9.4976,1.0688,9.6068,P001_Barbell_Bench_Press_Uncontrolled_Movement_1_029 (2).csv
1,10,1,2,1,59.508,59508,1.37,10.26,0.62,10.3696,0.0,0.0611,-0.3098,-5.81,84.94,144.63,1.0244,9.5981,1.0096,9.7052,P001_Barbell_Bench_Press_Uncontrolled_Movement_1_029 (2).csv
1,10,1,2,1,59.639,59639,-0.24,9.89,0.85,9.9294,0.1025,0.0076,-0.2182,-1.88,84.56,140.56,0.8578,9.6365,0.9886,9.725,P001_Barbell_Bench_Press_Uncontrolled_Movement_1_029 (2).csv
1,10,1,2,1,59.811,59811,0.9,9.3,0.96,9.3926,0.0513,-0.0578,-0.0011,-3.0,83.69,141.81,0.8634,9.5922,0.9848,9.6812,P001_Barbell_Bench_Press_Uncontrolled_Movement_1_029 (2).csv
1,10,1,2,1,59.941,59941,0.88,9.71,1.23,9.8271,-0.0829,-0.0851,-0.0949,-2.69,83.81,142.0,0.8656,9.6077,1.0171,9.7001,P001_Barbell_Bench_Press_Uncontrolled_Movement_1_029 (2).csv
1,10,1,2,1,60.071,60071,-0.05,10.0,1.11,10.0615,-0.1244,-0.0785,-0.3316,-0.94,84.56,140.94,0.7449,9.6594,1.0294,9.7426,P001_Barbell_Bench_Press_Uncontrolled_Movement_1_029 (2).csv
1,10,1,2,1,60.201,60201,-0.58,9.93,0.7,9.9715,-0.1233,0.0164,-0.1985,0.94,85.44,139.25,0.5703,9.6951,0.986,9.7617,P001_Barbell_Bench_Press_Uncontrolled_Movement_1_029 (2).csv
1,10,1,2,1,60.331,60331,-1.14,10.22,0.45,10.2932,-0.1025,0.1004,-0.1494,3.06,86.38,136.69,0.3449,9.7642,0.9153,9.8131,P001_Barbell_Bench_Press_Uncontrolled_Movement_1_029 (2).csv
1,10,1,2,1,60.461,60461,-0.51,9.46,0.37,9.481,-0.0447,0.1396,0.1025,2.5,86.94,136.25,0.2323,9.7241,0.8435,9.7634,P001_Barbell_Bench_Press_Uncontrolled_Movement_1_029 (2).csv
1,10,1,2,1,60.592,60592,-0.38,12.1,0.34,12.1107,0.0545,0.0916,-0.0807,2.69,86.94,135.25,0.1516,10.0372,0.7771,10.0684,P001_Barbell_Bench_Press_Uncontrolled_Movement_1_029 (2).csv
1,10,1,2,1,60.722,60722,-0.02,10.01,0.42,10.0188,0.0862,0.0654,-0.0338,2.69,86.25,134.69,0.129,10.0336,0.7301,10.061,P001_Barbell_Bench_Press_Uncontrolled_Movement_1_029 (2).csv
1,10,1,2,1,60.895,60895,-0.08,9.97,0.82,10.004,0.0971,-0.0665,0.3065,0.88,85.31,136.5,0.1015,10.0252,0.7419,10.0532,P001_Barbell_Bench_Press_Uncontrolled_Movement_1_029 (2).csv
1,10,1,2,1,61.025,61025,0.46,7.93,0.89,7.993,-0.0633,-0.072,0.4451,-2.31,85.25,140.31,0.1487,9.7491,0.7614,9.78,P001_Barbell_Bench_Press_Uncontrolled_Movement_1_029 (2).csv
1,10,1,2,1,61.155,61155,0.25,8.82,0.87,8.8663,-0.1298,-0.0873,0.2323,-3.63,85.88,142.38,0.162,9.6267,0.7757,9.6593,P001_Barbell_Bench_Press_Uncontrolled_Movement_1_029 (2).csv
1,10,1,2,1,61.285,61285,-0.23,10.2,0.94,10.2458,-0.1145,-0.0927,0.0196,-4.5,86.69,143.94,0.1104,9.7023,0.7974,9.7356,P001_Barbell_Bench_Press_Uncontrolled_Movement_1_029 (2).csv
1,10,1,2,1,61.415,61415,1.62,9.67,0.5,9.8175,-0.1102,0.0142,0.0567,-8.81,87.5,148.5,0.3093,9.698,0.7582,9.7325,P001_Barbell_Bench_Press_Uncontrolled_Movement_1_029 (2).csv
1,10,1,2,1,61.545,61545,0.94,9.0,0.31,9.0543,-0.0567,0.0404,-0.1734,-8.38,88.06,147.88,0.3924,9.606,0.6991,9.6394,P001_Barbell_Bench_Press_Uncontrolled_Movement_1_029 (2).csv
1,10,1,2,1,61.675,61675,1.7,9.49,0.75,9.6702,-0.012,0.0567,-0.4058,-8.25,88.38,147.38,0.5647,9.5907,0.7058,9.6332,P001_Barbell_Bench_Press_Uncontrolled_Movement_1_029 (2).csv
1,10,1,2,1,61.806,61806,1.3,10.05,0.53,10.1476,0.0284,0.1265,-0.5181,-7.13,88.44,145.5,0.6616,9.6513,0.6827,9.698,P001_Barbell_Bench_Press_Uncontrolled_Movement_1_029 (2).csv
1,10,1,2,1,61.979,61979,0.21,8.37,-0.21,8.3753,0.0654,0.1145,-0.2596,-5.44,88.13,142.38,0.6021,9.4824,0.565,9.5183,P001_Barbell_Bench_Press_Uncontrolled_Movement_1_029 (2).csv
1,10,1,2,1,62.11,62110,1.97,10.22,0.35,10.414,-0.0349,0.0862,-0.0273,-6.38,87.94,142.44,0.7824,9.5796,0.5367,9.6265,P001_Barbell_Bench_Press_Uncontrolled_Movement_1_029 (2).csv
1,10,1,2,1,62.24,62240,0.42,8.31,0.74,8.3534,0.0109,-0.0109,-0.0665,-4.25,88.38,140.13,0.7346,9.4123,0.5635,9.4577,P001_Barbell_Bench_Press_Uncontrolled_Movement_1_029 (2).csv
1,10,1,2,1,62.373,62373,0.39,11.16,0.66,11.1863,0.0185,-0.0404,-0.3098,-4.75,88.44,140.81,0.6892,9.6426,0.5762,9.6844,P001_Barbell_Bench_Press_Uncontrolled_Movement_1_029 (2).csv
1,10,1,2,1,62.504,62504,0.27,8.68,-0.19,8.6863,0.0884,-0.0774,-0.1516,-4.63,87.94,140.94,0.634,9.5158,0.4752,9.5487,P001_Barbell_Bench_Press_Uncontrolled_Movement_1_029 (2).csv
1,10,1,2,1,62.638,62638,1.77,11.48,0.79,11.6425,-0.0382,-0.0273,0.1124,-5.56,87.56,142.31,0.7837,9.7746,0.5167,9.8196,P001_Barbell_Bench_Press_Uncontrolled_Movement_1_029 (2).csv
1,10,1,2,1,62.769,62769,-0.51,9.29,-0.26,9.3076,-0.2313,-0.0044,-0.2498,-4.25,88.5,141.19,0.6132,9.7107,0.4144,9.7389,P001_Barbell_Bench_Press_Uncontrolled_Movement_1_029 (2).csv
1,10,1,2,1,62.9,62900,1.02,9.57,0.37,9.6313,0.0698,-0.084,-0.432,-3.69,89.06,140.75,0.6668,9.6922,0.4085,9.7237,P001_Barbell_Bench_Press_Uncontrolled_Movement_1_029 (2).csv
1,10,1,2,1,63.072,63072,0.0,9.5,-0.64,9.5215,0.108,-0.0185,0.3589,-2.44,88.0,140.06,0.5789,9.6669,0.2704,9.688,P001_Barbell_Bench_Press_Uncontrolled_Movement_1_029 (2).csv
3,1,1,2,1,0.0,0,2.51,10.34,0.79,10.6696,0.0076,-0.096,-0.1593,-16.63,86.81,46.63,2.5034,9.2328,0.4828,9.5784,P003_Barbell_Bench_Press_Uncontrolled_Movement_1.csv
3,1,1,2,1,0.146,146,3.52,9.76,0.99,10.4225,-0.0316,-0.0545,0.5105,-16.75,87.06,47.5,2.6373,9.3023,0.5496,9.6845,P003_Barbell_Bench_Press_Uncontrolled_Movement_1.csv
3,1,1,2,1,0.28,280,2.9,9.03,0.81,9.5188,0.0131,-0.0654,-0.276,-16.75,87.13,48.0,2.6719,9.2664,0.5839,9.6616,P003_Barbell_Bench_Press_Uncontrolled_Movement_1.csv
3,1,1,2,1,0.453,453,2.84,9.09,0.73,9.5513,0.0098,-0.0229,0.1134,-16.94,87.25,48.63,2.6941,9.2432,0.6032,9.6467,P003_Barbell_Bench_Press_Uncontrolled_Movement_1.csv
3,1,1,2,1,0.583,583,2.55,9.32,0.44,9.6726,-0.0011,-0.0065,-0.1484,-16.44,87.31,48.25,2.6751,9.2533,0.5817,9.6498,P003_Barbell_Bench_Press_Uncontrolled_Movement_1.csv
3,1,1,2,1,0.713,713,2.09,9.82,0.22,10.0424,-0.0076,0.0382,0.4123,-15.81,87.31,47.56,2.598,9.328,0.534,9.6977,P003_Barbell_Bench_Press_Uncontrolled_Movement_1.csv
3,1,1,2,1,0.843,843,2.44,9.44,0.66,9.7726,0.0044,0.0447,-0.1669,-15.88,87.19,47.31,2.5772,9.3427,0.5506,9.7073,P003_Barbell_Bench_Press_Uncontrolled_Movement_1.csv
3,1,1,2,1,0.973,973,3.23,8.83,0.88,9.4433,0.0611,0.0753,0.3949,-16.0,87.06,47.0,2.6632,9.2752,0.594,9.6682,P003_Barbell_Bench_Press_Uncontrolled_Movement_1.csv
3,1,1,2,1,1.103,1103,1.59,9.19,0.48,9.3389,0.0065,0.0676,-0.0654,-14.56,86.94,45.06,2.5218,9.2639,0.579,9.6185,P003_Barbell_Bench_Press_Uncontrolled_Movement_1.csv
3,1,1,2,1,1.234,1234,2.1,10.01,0.35,10.2339,-0.0175,0.0731,0.336,-15.06,86.94,45.06,2.4662,9.3623,0.5488,9.6972,P003_Barbell_Bench_Press_Uncontrolled_Movement_1.csv
3,1,1,2,1,1.364,1364,1.71,7.95,0.39,8.1412,0.0055,0.1047,0.5956,-17.06,86.94,46.44,2.3666,9.1762,0.5279,9.4911,P003_Barbell_Bench_Press_Uncontrolled_Movement_1.csv
3,1,1,2,1,1.537,1537,3.29,9.44,0.06,9.9971,-0.0469,0.0938,0.8628,-16.88,87.25,45.56,2.4882,9.2109,0.4662,9.5525,P003_Barbell_Bench_Press_Uncontrolled_Movement_1.csv
3,1,1,2,1,1.668,1668,0.56,9.41,0.57,9.4439,-0.0589,0.0535,-0.2116,-16.44,87.75,44.88,2.2341,9.2372,0.4799,9.5156,P003_Barbell_Bench_Press_Uncontrolled_Movement_1.csv
3,1,1,2,1,1.799,1799,6.77,9.65,0.38,11.7941,-0.096,0.0458,0.1287,-20.06,88.25,48.13,2.8319,9.2916,0.4667,9.7247,P003_Barbell_Bench_Press_Uncontrolled_Movement_1.csv
3,1,1,2,1,1.929,1929,1.77,10.78,0.3,10.9285,-0.0873,0.0458,1.0581,-16.75,88.88,44.81,2.6919,9.4877,0.4448,9.8722,P003_Barbell_Bench_Press_Uncontrolled_Movement_1.csv
3,1,1,2,1,2.06,2060,1.56,10.09,0.05,10.21,-0.0175,0.0458,0.516,-16.31,89.13,44.38,2.5428,9.5671,0.3928,9.907,P003_Barbell_Bench_Press_Uncontrolled_Movement_1.csv
3,1,1,2,1,2.192,2192,1.62,8.8,0.72,8.9768,0.1091,-0.0044,-0.4112,-17.69,88.94,45.56,2.4212,9.466,0.4359,9.7804,P003_Barbell_Bench_Press_Uncontrolled_Movement_1.csv
3,1,1,2,1,2.326,2326,2.1,9.95,0.38,10.1763,0.0927,0.012,0.4276,-17.69,88.5,45.44,2.3789,9.5298,0.4285,9.8315,P003_Barbell_Bench_Press_Uncontrolled_Movement_1.csv
3,1,1,2,1,2.457,2457,1.84,9.76,-0.39,9.9396,0.0185,-0.0131,-0.0633,-18.13,87.81,45.69,2.3078,9.5601,0.3207,9.8399,P003_Barbell_Bench_Press_Uncontrolled_Movement_1.csv
3,1,1,2,1,2.63,2630,3.32,9.56,0.53,10.1339,-0.0011,-0.0295,-0.3469,-19.94,87.31,47.38,2.4412,9.5601,0.3482,9.873,P003_Barbell_Bench_Press_Uncontrolled_Movement_1.csv
3,1,1,2,1,2.76,2760,3.12,10.54,0.86,11.0257,0.0316,-0.0098,0.0131,-20.19,87.19,47.69,2.5307,9.6892,0.4157,10.0229,P003_Barbell_Bench_Press_Uncontrolled_Movement_1.csv
3,1,1,2,1,2.89,2890,3.47,9.51,1.33,10.2103,0.0785,-0.0513,-0.4898,-20.0,86.88,47.56,2.6544,9.6656,0.5362,10.0378,P003_Barbell_Bench_Press_Uncontrolled_Movement_1.csv
3,1,1,2,1,3.02,3020,2.66,10.14,0.46,10.4932,0.0196,-0.0327,-0.0469,-17.75,86.5,45.44,2.6552,9.7281,0.5261,10.0977,P003_Barbell_Bench_Press_Uncontrolled_Movement_1.csv
3,1,1,2,1,3.15,3150,2.78,9.91,0.36,10.2988,0.0458,-0.0185,-0.0982,-16.81,86.06,44.56,2.6716,9.7521,0.5042,10.124,P003_Barbell_Bench_Press_Uncontrolled_Movement_1.csv
3,1,1,2,1,3.28,3280,2.81,9.25,0.96,9.7149,-0.0196,-0.0022,-0.3589,-16.31,86.06,44.13,2.6899,9.6859,0.5643,10.0683,P003_Barbell_Bench_Press_Uncontrolled_Movement_1.csv
3,1,1,2,1,3.41,3410,1.14,8.82,-0.03,8.8934,-0.0545,0.024,-0.2771,-15.25,86.63,43.13,2.4856,9.5718,0.486,9.9012,P003_Barbell_Bench_Press_Uncontrolled_Movement_1.csv
3,1,1,2,1,3.541,3541,1.41,6.09,1.17,6.3596,-0.1538,0.0273,0.9458,-17.38,87.44,45.44,2.3439,9.113,0.5761,9.4272,P003_Barbell_Bench_Press_Uncontrolled_Movement_1.csv
3,2,1,2,1,3.713,3713,1.32,9.72,0.0,9.8092,-0.0644,-0.0196,-0.0447,-17.94,88.44,46.56,2.209,9.193,0.5002,9.4679,P003_Barbell_Bench_Press_Uncontrolled_Movement_1.csv
3,2,1,2,1,3.843,3843,3.48,9.6,0.47,10.2221,0.0153,-0.036,-0.0654,-18.0,88.44,46.94,2.3765,9.2466,0.4962,9.56,P003_Barbell_Bench_Press_Uncontrolled_Movement_1.csv
3,2,1,2,1,3.973,3973,1.83,9.53,-0.23,9.7068,-0.0535,-0.0316,-0.4811,-16.5,88.13,45.56,2.3044,9.284,0.4005,9.5741,P003_Barbell_Bench_Press_Uncontrolled_Movement_1.csv
3,2,1,2,1,4.103,4103,3.0,9.37,0.55,9.8539,0.024,0.0349,0.4909,-16.94,87.94,45.94,2.3961,9.2953,0.4202,9.6084,P003_Barbell_Bench_Press_Uncontrolled_Movement_1.csv
3,2,1,2,1,4.233,4233,3.77,9.12,0.95,9.9141,0.0927,0.0327,0.2847,-17.63,87.81,46.44,2.5771,9.2722,0.49,9.6362,P003_Barbell_Bench_Press_Uncontrolled_Movement_1.csv
3,2,1,2,1,4.363,4363,2.7,9.61,0.34,9.9879,0.0218,0.0295,0.2313,-16.81,87.69,45.38,2.5933,9.3167,0.4703,9.6823,P003_Barbell_Bench_Press_Uncontrolled_Movement_1.csv
3,2,1,2,1,4.493,4493,1.48,8.68,0.73,8.8355,-0.0142,0.0469,0.3763,-17.19,87.56,45.44,2.4466,9.2328,0.5045,9.5648,P003_Barbell_Bench_Press_Uncontrolled_Movement_1.csv
3,2,1,2,1,4.624,4624,2.81,9.09,0.81,9.5488,0.0425,0.0436,0.1516,-16.94,87.5,44.88,2.4945,9.214,0.5447,9.5612,P003_Barbell_Bench_Press_Uncontrolled_Movement_1.csv
3,2,1,2,1,4.797,4797,1.96,8.84,0.35,9.0614,0.0218,0.0731,0.9872,-17.75,87.44,45.38,2.4241,9.1647,0.5191,9.4941,P003_Barbell_Bench_Press_Uncontrolled_Movement_1.csv
3,2,1,2,1,4.928,4928,2.97,7.69,0.66,8.27,-0.0622,-0.0033,-1.1497,-20.19,87.5,47.5,2.496,8.9704,0.5377,9.3267,P003_Barbell_Bench_Press_Uncontrolled_Movement_1.csv
3,2,1,2,1,5.059,5059,0.65,9.42,0.58,9.4602,0.0513,0.0545,0.7243,-17.81,87.81,45.13,2.2528,9.0296,0.5432,9.3222,P003_Barbell_Bench_Press_Uncontrolled_Movement_1.csv
3,2,1,2,1,5.194,5194,1.15,9.42,-0.42,9.4992,-0.1844,-0.0262,-0.5792,-17.81,88.0,45.0,2.1074,9.0811,0.4163,9.3317,P003_Barbell_Bench_Press_Uncontrolled_Movement_1.csv
3,2,1,2,1,5.325,5325,4.11,8.32,0.35,9.2864,-0.0502,-0.0305,-1.0679,-16.75,88.25,44.06,2.3713,8.9808,0.4076,9.2975,P003_Barbell_Bench_Press_Uncontrolled_Movement_1.csv
3,2,1,2,1,5.456,5456,0.29,10.45,0.51,10.4665,0.0011,-0.0316,-0.0185,-11.44,88.75,39.13,2.0971,9.1744,0.4211,9.4204,P003_Barbell_Bench_Press_Uncontrolled_Movement_1.csv
3,2,1,2,1,5.586,5586,0.6,9.75,0.36,9.7751,-0.0044,-0.0393,0.0022,-9.94,88.88,38.0,1.8998,9.2502,0.413,9.4523,P003_Barbell_Bench_Press_Uncontrolled_Movement_1.csv
3,2,1,2,1,5.717,5717,1.08,9.42,0.86,9.5206,0.1014,-0.0513,-0.3665,-9.88,88.56,38.19,1.7918,9.2726,0.4719,9.4559,P003_Barbell_Bench_Press_Uncontrolled_Movement_1.csv
3,2,1,2,1,5.89,5890,1.42,10.27,0.25,10.3707,0.0065,-0.0305,0.2302,-10.69,88.19,39.25,1.7428,9.404,0.4427,9.5744,P003_Barbell_Bench_Press_Uncontrolled_Movement_1.csv
3,2,1,2,1,6.021,6021,0.53,9.67,0.56,9.7007,0.0567,-0.0305,0.3371,-11.63,87.75,40.31,1.583,9.4391,0.4581,9.5819,P003_Barbell_Bench_Press_Uncontrolled_Movement_1.csv
3,2,1,2,1,6.151,6151,2.15,9.88,0.53,10.1251,-0.0033,-0.0338,-0.0796,-13.75,87.38,42.5,1.6577,9.4972,0.4676,9.6521,P003_Barbell_Bench_Press_Uncontrolled_Movement_1.csv
3,2,1,2,1,6.286,6286,3.77,10.73,0.39,11.3797,0.0098,0.0076,0.5563,-16.31,87.19,45.06,1.936,9.6596,0.4574,9.8624,P003_Barbell_Bench_Press_Uncontrolled_Movement_1.csv
3,2,1,2,1,6.417,6417,1.98,9.81,0.56,10.0235,-0.0076,0.0044,0.0044,-16.38,87.06,45.06,1.9418,9.6795,0.4709,9.8835,P003_Barbell_Bench_Press_Uncontrolled_Movement_1.csv
3,2,1,2,1,6.549,6549,3.92,10.19,0.59,10.9339,-0.0425,-0.0218,-0.997,-17.56,87.19,46.13,2.2025,9.7467,0.4866,10.0043,P003_Barbell_Bench_Press_Uncontrolled_Movement_1.csv
3,2,1,2,1,6.68,6680,3.89,10.57,0.69,11.2842,-0.0382,0.0076,-0.1756,-16.0,87.38,44.5,2.4249,9.8552,0.5134,10.1621,P003_Barbell_Bench_Press_Uncontrolled_Movement_1.csv
3,2,1,2,1,6.81,6810,3.79,10.65,0.74,11.3285,-0.0011,0.0142,0.1614,-16.31,87.44,44.69,2.6048,9.9599,0.5433,10.3092,P003_Barbell_Bench_Press_Uncontrolled_Movement_1.csv
3,2,1,2,1,6.983,6983,1.69,8.81,0.67,8.9956,0.1036,0.0273,0.6556,-16.69,87.19,44.94,2.4842,9.8084,0.56,10.1336,P003_Barbell_Bench_Press_Uncontrolled_Movement_1.csv
3,2,1,2,1,7.114,7114,1.3,8.0,-0.32,8.1113,-0.12,-0.0665,-1.6068,-16.31,87.38,44.81,2.3282,9.5701,0.444,9.8592,P003_Barbell_Bench_Press_Uncontrolled_Movement_1.csv
3,2,1,2,1,7.244,7244,4.37,4.9,0.36,6.5754,-0.1811,0.0404,2.3137,-21.75,87.88,50.06,2.5972,8.9547,0.4329,9.3338,P003_Barbell_Bench_Press_Uncontrolled_Movement_1.csv
3,2,1,2,1,7.375,7375,2.61,8.73,0.94,9.1602,0.0164,0.0142,0.1091,-26.44,88.81,54.94,2.5989,8.9251,0.4998,9.3092,P003_Barbell_Bench_Press_Uncontrolled_Movement_1.csv
3,3,1,2,1,7.505,7505,4.97,9.67,0.86,10.9064,0.0676,0.0164,0.7232,-27.19,89.5,55.88,2.9114,9.0233,0.5472,9.4971,P003_Barbell_Bench_Press_Uncontrolled_Movement_1.csv
3,3,1,2,1,7.637,7637,6.09,8.36,0.04,10.3431,-0.0044,0.0065,0.4843,-29.0,89.31,57.69,3.3302,8.9359,0.4804,9.5483,P003_Barbell_Bench_Press_Uncontrolled_Movement_1.csv
3,3,1,2,1,7.767,7767,4.87,7.85,0.92,9.2836,0.0273,-0.0175,0.0774,-27.44,88.94,56.13,3.5331,8.7928,0.5383,9.4913,P003_Barbell_Bench_Press_Uncontrolled_Movement_1.csv
3,3,1,2,1,7.902,7902,4.0,8.31,0.61,9.2427,0.1516,0.0055,0.4985,-26.13,88.63,54.88,3.5946,8.7292,0.5478,9.4562,P003_Barbell_Bench_Press_Uncontrolled_Movement_1.csv
3,3,1,2,1,8.075,8075,4.54,8.35,0.44,9.5146,0.0164,-0.0076,-0.0774,-25.13,88.56,54.0,3.7192,8.6792,0.5336,9.4576,P003_Barbell_Bench_Press_Uncontrolled_Movement_1.csv
3,3,1,2,1,8.205,8205,2.83,9.49,0.11,9.9036,-0.0382,-0.0229,-0.3611,-22.88,88.88,52.0,3.602,8.786,0.4777,9.5078,P003_Barbell_Bench_Press_Uncontrolled_Movement_1.csv
3,3,1,2,1,8.335,8335,5.12,8.3,0.13,9.753,-0.0327,0.0371,0.7418,-24.63,88.75,53.69,3.8021,8.722,0.4319,9.5245,P003_Barbell_Bench_Press_Uncontrolled_Movement_1.csv
3,3,1,2,1,8.465,8465,3.42,8.51,1.38,9.2747,0.1102,0.0033,-0.1254,-21.56,88.44,50.56,3.7517,8.6941,0.5569,9.4854,P003_Barbell_Bench_Press_Uncontrolled_Movement_1.csv
3,3,1,2,1,8.595,8595,4.43,8.99,0.8,10.0541,0.1091,0.0,0.2825,-22.25,88.13,51.13,3.8411,8.7331,0.5889,9.5586,P003_Barbell_Bench_Press_Uncontrolled_Movement_1.csv
3,3,1,2,1,8.725,8725,3.23,8.13,0.34,8.7547,0.0251,0.0273,0.4102,-24.06,87.69,52.69,3.7606,8.6536,0.5561,9.4518,P003_Barbell_Bench_Press_Uncontrolled_Movement_1.csv
3,3,1,2,1,8.856,8856,2.47,9.35,1.09,9.732,0.0436,0.0033,-0.0076,-21.94,87.38,50.44,3.5905,8.7454,0.6265,9.4745,P003_Barbell_Bench_Press_Uncontrolled_Movement_1.csv
3,3,1,2,1,8.986,8986,6.1,9.28,0.82,11.1356,0.0469,-0.012,0.4254,-23.56,87.13,51.81,3.9212,8.8158,0.652,9.6705,P003_Barbell_Bench_Press_Uncontrolled_Movement_1.csv
3,3,1,2,1,9.159,9159,2.85,9.01,0.86,9.4891,-0.0251,-0.0273,-0.9458,-21.38,87.0,49.63,3.78,8.8414,0.6794,9.6395,P003_Barbell_Bench_Press_Uncontrolled_Movement_1.csv
3,3,1,2,1,9.29,9290,3.6,8.99,0.42,9.6931,0.0076,0.0251,0.2443,-21.19,87.13,49.38,3.7563,8.861,0.6452,9.6459,P003_Barbell_Bench_Press_Uncontrolled_Movement_1.csv
3,3,1,2,1,9.421,9421,4.17,9.37,0.84,10.2904,-0.0305,0.0327,0.1385,-19.88,87.44,48.13,3.8108,8.9281,0.6709,9.7305,P003_Barbell_Bench_Press_Uncontrolled_Movement_1.csv
3,3,1,2,1,9.553,9553,1.81,9.27,1.0,9.4978,0.0295,0.0709,0.7843,-17.31,87.81,45.63,3.5472,8.9731,0.7142,9.6752,P003_Barbell_Bench_Press_Uncontrolled_Movement_1.csv
3,3,1,2,1,9.684,9684,3.32,9.07,0.6,9.6772,-0.036,0.0098,-0.1953,-20.44,88.0,48.69,3.5172,8.9859,0.6992,9.675,P003_Barbell_Bench_Press_Uncontrolled_Movement_1.csv
3,3,1,2,1,9.818,9818,3.73,9.95,0.28,10.6299,0.0109,0.0458,0.6665,-19.19,88.13,47.38,3.5453,9.1129,0.6439,9.7994,P003_Barbell_Bench_Press_Uncontrolled_Movement_1.csv
3,3,1,2,1,9.949,9949,2.75,9.66,0.36,10.0503,-0.0218,0.0164,-0.0949,-18.5,88.19,46.5,3.4405,9.185,0.6065,9.827,P003_Barbell_Bench_Press_Uncontrolled_Movement_1.csv
3,3,1,2,1,10.079,10079,5.66,10.32,0.4,11.777,-0.0622,0.0033,-0.468,-19.38,88.31,47.25,3.733,9.3346,0.5793,10.07,P003_Barbell_Bench_Press_Uncontrolled_Movement_1.csv
3,3,1,2,1,10.252,10252,1.35,11.26,0.76,11.3661,0.0393,-0.0415,-0.5498,-14.25,88.38,42.31,3.4189,9.5883,0.6031,10.1975,P003_Barbell_Bench_Press_Uncontrolled_Movement_1.csv
3,3,1,2,1,10.383,10383,1.51,10.25,0.51,10.3732,0.0807,-0.0764,-0.5727,-14.13,87.81,42.38,3.1674,9.6755,0.5909,10.1979,P003_Barbell_Bench_Press_Uncontrolled_Movement_1.csv
3,3,1,2,1,10.513,10513,2.5,10.21,0.43,10.5204,0.1069,-0.0851,0.1287,-15.88,87.0,44.38,3.0794,9.7459,0.5697,10.2367,P003_Barbell_Bench_Press_Uncontrolled_Movement_1.csv
3,3,1,2,1,10.644,10644,2.61,10.69,0.63,11.022,0.048,-0.0753,0.1451,-17.06,86.06,45.94,3.0176,9.8703,0.5776,10.3375,P003_Barbell_Bench_Press_Uncontrolled_Movement_1.csv
3,3,1,2,1,10.775,10775,3.13,4.97,-0.08,5.874,0.0087,-0.0884,-0.3207,-19.19,85.19,48.44,3.0324,9.2246,0.491,9.7226,P003_Barbell_Bench_Press_Uncontrolled_Movement_1.csv
3,3,1,2,1,10.907,10907,0.33,6.83,0.38,6.8485,-0.264,0.0425,1.5763,-20.38,85.94,50.0,2.6763,8.909,0.4763,9.3145,P003_Barbell_Bench_Press_Uncontrolled_Movement_1.csv
3,4,1,2,1,11.038,11038,5.36,8.56,1.32,10.1856,-0.1822,-0.0098,-1.1454,-25.88,87.25,56.25,3.0299,8.8631,0.5875,9.3851,P003_Barbell_Bench_Press_Uncontrolled_Movement_1.csv
3,4,1,2,1,11.172,11172,5.39,10.01,1.23,11.4353,-0.0829,-0.0535,-0.2302,-24.63,88.44,55.44,3.3409,9.0142,0.6722,9.6369,P003_Barbell_Bench_Press_Uncontrolled_Movement_1.csv
3,4,1,2,1,11.345,11345,3.92,9.24,0.19,10.0389,0.0349,-0.0076,0.0371,-22.94,88.63,54.13,3.4172,9.0439,0.6086,9.6872,P003_Barbell_Bench_Press_Uncontrolled_Movement_1.csv
3,4,1,2,1,11.475,11475,3.97,8.84,0.12,9.6913,0.036,0.0393,0.5618,-23.0,88.56,54.19,3.4901,9.0171,0.5442,9.6842,P003_Barbell_Bench_Press_Uncontrolled_Movement_1.csv
3,4,1,2,1,11.605,11605,1.36,9.31,0.25,9.4121,-0.024,0.0349,-0.4025,-22.5,88.56,53.38,3.2094,9.0557,0.5055,9.6209,P003_Barbell_Bench_Press_Uncontrolled_Movement_1.csv
3,4,1,2,1,11.735,11735,3.66,8.87,0.6,9.6142,0.0654,0.084,0.1189,-22.88,88.56,53.25,3.2688,9.0312,0.5179,9.6185,P003_Barbell_Bench_Press_Uncontrolled_Movement_1.csv
3,4,1,2,1,11.865,11865,3.58,8.84,0.42,9.5466,0.0415,0.0785,-0.2542,-21.69,88.38,51.38,3.3098,9.006,0.505,9.6082,P003_Barbell_Bench_Press_Uncontrolled_Movement_1.csv
3,4,1,2,1,11.995,11995,2.69,8.92,0.3,9.3216,0.0175,0.0884,-0.0589,-20.06,88.19,49.06,3.2281,8.9947,0.478,9.5684,P003_Barbell_Bench_Press_Uncontrolled_Movement_1.csv
3,4,1,2,1,12.125,12125,3.85,7.81,0.67,8.7331,0.0415,0.0829,-0.1789,-20.94,88.13,49.25,3.3101,8.8386,0.5033,9.4515,P003_Barbell_Bench_Press_Uncontrolled_Movement_1.csv
3,4,1,2,1,12.255,12255,2.05,10.25,0.11,10.4536,0.0949,0.1091,0.7712,-19.44,88.44,47.25,3.144,9.0246,0.4515,9.5672,P003_Barbell_Bench_Press_Uncontrolled_Movement_1.csv
3,4,1,2,1,12.428,12428,2.98,8.35,0.01,8.8658,-0.0774,0.06,0.0676,-21.5,88.75,48.69,3.1224,8.9357,0.3933,9.4737,P003_Barbell_Bench_Press_Uncontrolled_Movement_1.csv
3,4,1,2,1,12.558,12558,1.95,10.77,-0.44,10.9539,-0.096,0.0567,0.3272,-20.25,89.44,47.38,2.9679,9.1774,0.2835,9.6495,P003_Barbell_Bench_Press_Uncontrolled_Movement_1.csv
3,4,1,2,1,12.688,12688,7.16,8.31,0.87,11.0036,-0.0415,-0.0153,-0.4287,-26.31,89.88,53.13,3.5203,9.0631,0.3608,9.7295,P003_Barbell_Bench_Press_Uncontrolled_Movement_1.csv
3,4,1,2,1,12.818,12818,4.57,9.2,0.22,10.2749,-0.0185,0.0131,0.4287,-21.88,90.25,48.94,3.6586,9.0811,0.3422,9.7964,P003_Barbell_Bench_Press_Uncontrolled_Movement_1.csv
3,4,1,2,1,12.948,12948,2.88,10.44,0.48,10.8406,-0.036,-0.0884,-0.9981,-20.25,90.38,47.75,3.556,9.2602,0.3604,9.926,P003_Barbell_Bench_Press_Uncontrolled_Movement_1.csv
3,4,1,2,1,13.078,13078,7.37,8.45,1.01,11.2579,0.0676,-0.072,0.8498,-25.19,90.13,52.81,4.0586,9.1534,0.446,10.0228,P003_Barbell_Bench_Press_Uncontrolled_Movement_1.csv
3,4,1,2,1,13.208,13208,3.06,10.22,0.33,10.6734,0.0382,-0.0545,-0.2203,-21.0,89.75,49.0,3.927,9.294,0.4307,10.0988,P003_Barbell_Bench_Press_Uncontrolled_Movement_1.csv
3,4,1,2,1,13.338,13338,3.42,8.68,-0.13,9.3304,0.0458,-0.06,-1.0767,-20.63,89.13,48.69,3.8602,9.2131,0.3568,9.9955,P003_Barbell_Bench_Press_Uncontrolled_Movement_1.csv
3,4,1,2,1,13.511,13511,1.79,9.13,0.24,9.3069,0.0513,-0.0109,-0.3011,-19.94,88.44,48.0,3.5874,9.2021,0.3414,9.8826,P003_Barbell_Bench_Press_Uncontrolled_Movement_1.csv
3,4,1,2,1,13.642,13642,4.5,9.83,0.81,10.8414,0.0251,0.0087,0.4494,-21.0,88.31,48.88,3.7077,9.2849,0.4032,10.0059,P003_Barbell_Bench_Press_Uncontrolled_Movement_1.csv
3,4,1,2,1,13.772,13772,1.89,10.37,0.23,10.5433,-0.0567,0.0131,-0.444,-19.19,88.56,46.94,3.4681,9.4279,0.3804,10.0527,P003_Barbell_Bench_Press_Uncontrolled_Movement_1.csv
3,4,1,2,1,13.903,13903,3.86,10.72,0.91,11.4301,-0.0382,0.0404,0.0753,-18.06,89.0,45.69,3.5198,9.5981,0.4501,10.2331,P003_Barbell_Bench_Press_Uncontrolled_Movement_1.csv
3,4,1,2,1,14.034,14034,3.49,9.77,0.81,10.4062,0.0447,0.0873,1.2828,-17.19,89.38,44.75,3.5159,9.6208,0.4976,10.2552,P003_Barbell_Bench_Press_Uncontrolled_Movement_1.csv
3,4,1,2,1,14.164,14164,0.5,9.7,0.69,9.7374,-0.084,-0.0142,-2.4827,-15.19,89.75,42.75,3.1184,9.6312,0.5229,10.137,P003_Barbell_Bench_Press_Uncontrolled_Movement_1.csv
3,4,1,2,1,14.295,14295,2.38,4.27,-0.48,4.912,-0.0087,0.0873,2.2591,-19.69,89.88,46.63,3.0211,8.9247,0.3908,9.4303,P003_Barbell_Bench_Press_Uncontrolled_Movement_1.csv
3,4,1,2,1,14.425,14425,1.92,6.63,1.06,6.9833,0.036,0.084,0.2454,-26.94,90.38,53.38,2.876,8.6224,0.479,9.102,P003_Barbell_Bench_Press_Uncontrolled_Movement_1.csv
3,5,1,2,1,14.598,14598,4.67,8.0,0.56,9.2802,0.132,0.0633,1.0767,-27.81,90.56,53.94,3.1124,8.5403,0.4896,9.103,P003_Barbell_Bench_Press_Uncontrolled_Movement_1.csv
3,5,1,2,1,14.732,14732,4.1,9.09,-0.46,9.9825,0.0262,-0.0011,-0.3512,-27.0,90.5,53.0,3.2426,8.6128,0.3645,9.2102,P003_Barbell_Bench_Press_Uncontrolled_Movement_1.csv
3,5,1,2,1,14.863,14863,3.45,8.77,0.34,9.4303,-0.0535,-0.0055,0.0393,-27.56,90.44,53.44,3.2699,8.6335,0.3613,9.239,P003_Barbell_Bench_Press_Uncontrolled_Movement_1.csv
3,5,1,2,1,14.993,14993,3.86,8.47,0.06,9.3083,0.0022,-0.0524,-0.6087,-27.5,90.25,53.5,3.3477,8.6119,0.3216,9.2453,P003_Barbell_Bench_Press_Uncontrolled_Movement_1.csv
3,5,1,2,1,15.124,15124,5.59,9.76,0.34,11.2526,0.1069,-0.0447,0.0055,-27.0,90.0,53.25,3.6431,8.7632,0.324,9.4959,P003_Barbell_Bench_Press_Uncontrolled_Movement_1.csv
3,5,1,2,1,15.254,15254,4.88,8.33,0.11,9.6548,-0.0087,-0.0851,-0.5323,-27.44,89.5,54.0,3.8061,8.7061,0.2958,9.5064,P003_Barbell_Bench_Press_Uncontrolled_Movement_1.csv
3,5,1,2,1,15.385,15385,3.88,9.0,0.24,9.8037,-0.0371,-0.0404,0.2182,-26.44,89.25,53.38,3.8159,8.7449,0.2884,9.5455,P003_Barbell_Bench_Press_Uncontrolled_Movement_1.csv
3,5,1,2,1,15.515,15515,5.17,7.59,0.97,9.2346,0.0251,-0.048,-0.1756,-27.56,89.06,54.75,3.9943,8.5927,0.3783,9.4832,P003_Barbell_Bench_Press_Uncontrolled_Movement_1.csv
3,5,1,2,1,15.688,15688,5.14,8.21,0.61,9.7055,0.0229,0.0033,0.4789,-26.44,89.06,53.94,4.1453,8.5423,0.4088,9.5037,P003_Barbell_Bench_Press_Uncontrolled_Movement_1.csv
3,5,1,2,1,15.818,15818,2.51,8.11,0.62,8.5121,-0.0502,0.0273,0.5083,-26.06,89.13,53.75,3.9298,8.4853,0.4366,9.3613,P003_Barbell_Bench_Press_Uncontrolled_Movement_1.csv
3,5,1,2,1,15.948,15948,2.74,8.67,0.22,9.0953,-0.0622,-0.0065,-0.54,-26.56,89.38,54.5,3.773,8.5096,0.4081,9.3175,P003_Barbell_Bench_Press_Uncontrolled_Movement_1.csv
3,5,1,2,1,16.078,16078,7.24,7.12,1.13,10.2171,0.0753,-0.0033,0.8454,-31.19,89.44,59.13,4.2299,8.3265,0.5032,9.3529,P003_Barbell_Bench_Press_Uncontrolled_Movement_1.csv
3,5,1,2,1,16.208,16208,3.16,9.86,0.16,10.3552,-0.0196,-0.0502,-0.0927,-25.94,89.5,54.44,4.0889,8.5286,0.458,9.4692,P003_Barbell_Bench_Press_Uncontrolled_Movement_1.csv
3,5,1,2,1,16.338,16338,2.81,10.61,0.18,10.9773,0.0229,-0.0633,-0.4854,-23.19,89.38,52.0,3.9204,8.8029,0.4214,9.6456,P003_Barbell_Bench_Press_Uncontrolled_Movement_1.csv
3,5,1,2,1,16.468,16468,5.35,9.24,0.96,10.7202,0.0338,-0.072,-0.2978,-25.25,88.94,54.31,4.1088,8.8605,0.4923,9.7792,P003_Barbell_Bench_Press_Uncontrolled_Movement_1.csv
3,5,1,2,1,16.598,16598,5.76,9.47,0.34,11.0894,0.0109,-0.0524,0.6261,-27.81,88.31,57.0,4.3263,8.9408,0.4723,9.9437,P003_Barbell_Bench_Press_Uncontrolled_Movement_1.csv
3,5,1,2,1,16.771,16771,4.92,9.58,0.23,10.772,0.0142,-0.0327,0.7003,-28.31,87.44,57.81,4.4046,9.025,0.4403,10.0521,P003_Barbell_Bench_Press_Uncontrolled_Movement_1.csv
3,5,1,2,1,16.901,16901,4.32,8.97,1.01,10.0072,0.1058,0.0055,0.7254,-27.88,86.88,57.56,4.3934,9.0178,0.5154,10.0443,P003_Barbell_Bench_Press_Uncontrolled_Movement_1.csv
3,5,1,2,1,17.031,17031,3.95,9.37,1.17,10.2356,0.024,0.0,0.2203,-28.75,86.56,58.44,4.335,9.0642,0.6017,10.0655,P003_Barbell_Bench_Press_Uncontrolled_Movement_1.csv
3,5,1,2,1,17.161,17161,2.97,10.11,0.74,10.5632,-0.0055,0.0,-0.3632,-28.19,86.5,57.75,4.1551,9.202,0.6199,10.1156,P003_Barbell_Bench_Press_Uncontrolled_Movement_1.csv
3,5,1,2,1,17.291,17291,3.33,10.17,0.0,10.7013,-0.0949,0.0,-1.3984,-26.31,86.69,55.69,4.0464,9.3296,0.5382,10.1835,P003_Barbell_Bench_Press_Uncontrolled_Movement_1.csv
3,5,1,2,1,17.421,17421,7.67,10.17,0.9,12.7698,-0.024,0.0371,-0.0502,-27.69,87.0,56.63,4.5239,9.4403,0.5859,10.4847,P003_Barbell_Bench_Press_Uncontrolled_Movement_1.csv
3,5,1,2,1,17.551,17551,-0.06,8.8,-0.06,8.8004,0.0065,0.1211,1.2894,-23.5,87.44,52.19,3.9199,9.3559,0.5008,10.1563,P003_Barbell_Bench_Press_Uncontrolled_Movement_1.csv
3,5,1,2,1,17.682,17682,3.07,6.87,0.01,7.5248,-0.1549,0.1636,-0.8825,-27.31,87.94,55.5,3.8079,9.0283,0.4361,9.8082,P003_Barbell_Bench_Press_Uncontrolled_Movement_1.csv
3,5,1,2,1,17.854,17854,9.09,6.65,-0.33,11.2676,0.0927,0.156,-0.0033,-36.81,88.25,63.63,4.5039,8.7149,0.3351,9.8157,P003_Barbell_Bench_Press_Uncontrolled_Movement_1.csv
3,5,1,2,1,17.984,17984,5.32,9.97,-0.43,11.3088,0.0,0.1014,0.3305,-36.0,88.75,62.19,4.6115,8.8803,0.2343,10.009,P003_Barbell_Bench_Press_Uncontrolled_Movement_1.csv
3,5,1,2,1,18.114,18114,4.12,7.26,0.09,8.3481,0.0371,0.0065,-0.4451,-36.38,88.81,62.13,4.5467,8.6668,0.2153,9.7894,P003_Barbell_Bench_Press_Uncontrolled_Movement_1.csv
3,5,1,2,1,18.244,18244,3.55,10.09,0.07,10.6965,-0.0142,0.0305,-0.0207,-33.81,88.69,59.38,4.4154,8.8543,0.1962,9.8961,P003_Barbell_Bench_Press_Uncontrolled_Movement_1.csv
3,5,1,2,1,18.374,18374,5.11,6.98,0.66,8.6757,0.0415,-0.0196,-0.0055,-36.5,88.31,61.75,4.5069,8.6074,0.2573,9.7193,P003_Barbell_Bench_Press_Uncontrolled_Movement_1.csv
3,5,1,2,1,18.504,18504,3.8,9.19,0.5,9.9572,0.0338,-0.0338,0.0524,-33.13,87.94,58.5,4.4137,8.6841,0.2893,9.7457,P003_Barbell_Bench_Press_Uncontrolled_Movement_1.csv
3,5,1,2,1,18.635,18635,7.21,6.71,0.61,9.8681,0.0076,-0.024,0.5454,-37.56,87.38,62.88,4.7822,8.424,0.3315,9.6924,P003_Barbell_Bench_Press_Uncontrolled_Movement_1.csv
3,5,1,2,1,18.765,18765,4.22,8.34,0.38,9.3546,0.0087,-0.0469,-0.0142,-34.81,87.19,60.44,4.7081,8.4129,0.3379,9.6467,P003_Barbell_Bench_Press_Uncontrolled_Movement_1.csv
3,5,1,2,1,18.938,18938,6.9,7.33,0.65,10.0877,-0.0065,-0.0567,0.1963,-36.44,86.81,62.44,4.997,8.2702,0.379,9.6701,P003_Barbell_Bench_Press_Uncontrolled_Movement_1.csv
3,5,1,2,1,19.069,19069,5.8,8.06,0.95,9.9753,-0.0447,-0.0764,0.0447,-34.5,86.56,61.13,5.1028,8.2425,0.4543,9.7048,P003_Barbell_Bench_Press_Uncontrolled_Movement_1.csv
3,5,1,2,1,19.2,19200,3.68,7.57,1.24,8.5079,0.072,-0.1069,-0.1374,-32.81,86.19,60.0,4.9153,8.1539,0.5578,9.5372,P003_Barbell_Bench_Press_Uncontrolled_Movement_1.csv
3,5,1,2,1,19.33,19330,7.53,7.74,1.0,10.8447,-0.0393,-0.0993,-0.204,-35.31,85.38,63.06,5.2598,8.0994,0.6161,9.677,P003_Barbell_Bench_Press_Uncontrolled_Movement_1.csv
3,5,1,2,1,19.461,19461,4.24,9.02,0.75,9.995,0.0044,-0.0644,0.1527,-32.31,85.13,60.69,5.1255,8.2207,0.6337,9.7083,P003_Barbell_Bench_Press_Uncontrolled_Movement_1.csv
3,5,1,2,1,19.592,19592,2.01,7.94,1.46,8.3196,0.0993,-0.0295,-0.4232,-29.94,85.06,58.75,4.7149,8.1837,0.7426,9.4739,P003_Barbell_Bench_Press_Uncontrolled_Movement_1.csv
3,6,1,2,1,19.727,19727,8.45,7.77,1.04,11.5264,-0.0774,-0.0065,-0.3611,-35.63,84.94,64.56,5.2071,8.1292,0.7818,9.6855,P003_Barbell_Bench_Press_Uncontrolled_Movement_1.csv
3,6,1,2,1,19.857,19857,5.8,9.45,0.86,11.1212,-0.1887,0.0033,-0.4461,-31.75,85.69,61.0,5.2852,8.3032,0.7921,9.8744,P003_Barbell_Bench_Press_Uncontrolled_Movement_1.csv
3,6,1,2,1,20.03,20030,3.76,9.81,0.0,10.5059,-0.1636,0.0545,-0.1025,-26.81,86.63,56.13,5.0842,8.5018,0.6877,9.9299,P003_Barbell_Bench_Press_Uncontrolled_Movement_1.csv
3,6,1,2,1,20.16,20160,4.15,9.6,0.79,10.4884,0.0415,0.0982,0.8585,-27.0,86.94,55.94,4.9611,8.6465,0.7012,9.9933,P003_Barbell_Bench_Press_Uncontrolled_Movement_1.csv
3,6,1,2,1,20.29,20290,3.86,8.44,0.92,9.3263,0.0349,0.0873,0.2629,-26.63,87.38,55.19,4.816,8.6193,0.73,9.9005,P003_Barbell_Bench_Press_Uncontrolled_Movement_1.csv
3,6,1,2,1,20.42,20420,5.1,10.16,0.78,11.3949,-0.0687,0.0851,-0.3272,-27.19,87.94,55.25,4.8535,8.8223,0.7366,10.0961,P003_Barbell_Bench_Press_Uncontrolled_Movement_1.csv
3,6,1,2,1,20.551,20551,5.69,10.01,0.35,11.5195,0.0338,0.1582,1.6133,-27.44,88.38,54.94,4.9637,8.9788,0.6857,10.2824,P003_Barbell_Bench_Press_Uncontrolled_Movement_1.csv
3,6,1,2,1,20.681,20681,3.14,9.76,1.07,10.3084,0.0665,0.0545,-0.7123,-27.94,88.69,54.81,4.7234,9.0818,0.7363,10.2631,P003_Barbell_Bench_Press_Uncontrolled_Movement_1.csv
3,6,1,2,1,20.811,20811,6.46,10.05,0.53,11.9589,0.0567,0.0218,-0.4189,-28.69,88.75,55.13,4.9522,9.2093,0.7091,10.4804,P003_Barbell_Bench_Press_Uncontrolled_Movement_1.csv
3,6,1,2,1,20.942,20942,4.86,10.05,0.42,11.1713,0.0458,0.0098,0.2411,-28.56,88.56,54.69,4.9401,9.3201,0.671,10.5697,P003_Barbell_Bench_Press_Uncontrolled_Movement_1.csv
3,6,1,2,1,21.114,21114,0.05,9.06,0.12,9.0609,0.0131,-0.0022,-0.0185,-24.25,88.31,50.56,4.2957,9.2858,0.5984,10.2488,P003_Barbell_Bench_Press_Uncontrolled_Movement_1.csv
3,6,1,2,1,21.244,21244,3.16,5.68,0.16,6.5018,-0.0753,-0.0622,-0.1516,-29.88,88.0,56.44,4.146,8.8107,0.5406,9.7524,P003_Barbell_Bench_Press_Uncontrolled_Movement_1.csv
3,6,1,2,1,21.374,21374,3.61,3.44,0.74,5.0412,-0.0109,0.0513,2.1598,-34.25,88.44,60.88,4.0754,8.103,0.5669,9.0878,P003_Barbell_Bench_Press_Uncontrolled_Movement_1.csv
3,6,1,2,1,21.504,21504,5.34,9.9,0.67,11.2683,-0.1996,-0.0502,-1.6526,-35.63,89.38,63.25,4.242,8.3398,0.5805,9.3746,P003_Barbell_Bench_Press_Uncontrolled_Movement_1.csv
3,6,1,2,1,21.634,21634,3.21,6.32,0.57,7.1114,-0.0654,-0.0404,1.1508,-36.69,89.63,64.94,4.106,8.0736,0.5791,9.0762,P003_Barbell_Bench_Press_Uncontrolled_Movement_1.csv
3,7,1,2,1,21.764,21764,4.51,8.62,0.22,9.731,-0.0796,-0.1102,-0.8443,-37.88,89.5,66.94,4.1593,8.1456,0.5318,9.1615,P003_Barbell_Bench_Press_Uncontrolled_Movement_1.csv
3,7,1,2,1,21.895,21895,7.23,8.04,-0.02,10.8127,0.012,-0.0436,0.4189,-38.69,89.38,68.25,4.5639,8.1317,0.4591,9.3362,P003_Barbell_Bench_Press_Uncontrolled_Movement_1.csv
3,7,1,2,1,22.025,22025,5.14,7.93,0.18,9.4518,-0.0774,-0.0567,-0.2749,-37.94,89.38,68.06,4.6398,8.1051,0.4223,9.3488,P003_Barbell_Bench_Press_Uncontrolled_Movement_1.csv
3,7,1,2,1,22.198,22198,5.45,7.38,0.35,9.1809,-0.0273,-0.0415,-0.0055,-38.63,89.19,69.13,4.7466,8.0096,0.4128,9.3195,P003_Barbell_Bench_Press_Uncontrolled_Movement_1.csv
3,7,1,2,1,22.329,22329,3.98,7.28,0.81,8.3364,0.0196,-0.0556,-0.5934,-36.75,88.81,67.38,4.6456,7.9134,0.4651,9.188,P003_Barbell_Bench_Press_Uncontrolled_Movement_1.csv
3,7,1,2,1,22.46,22460,5.77,7.25,0.58,9.284,0.1069,0.0153,1.0025,-36.75,88.38,67.31,4.7937,7.826,0.4803,9.19,P003_Barbell_Bench_Press_Uncontrolled_Movement_1.csv
3,7,1,2,1,22.591,22591,3.55,7.1,0.23,7.9414,-0.0524,-0.0578,-0.9501,-36.44,87.88,66.94,4.6298,7.7303,0.4473,9.0218,P003_Barbell_Bench_Press_Uncontrolled_Movement_1.csv
3,7,1,2,1,22.722,22722,8.76,7.96,1.0,11.8785,0.0469,-0.0382,-0.9272,-36.88,87.38,67.19,5.1741,7.7606,0.5201,9.3418,P003_Barbell_Bench_Press_Uncontrolled_Movement_1.csv
3,7,1,2,1,22.857,22857,5.09,7.23,0.35,8.8489,0.1167,0.0502,2.0191,-38.06,87.0,68.06,5.163,7.6907,0.4977,9.2764,P003_Barbell_Bench_Press_Uncontrolled_Movement_1.csv
3,7,1,2,1,22.988,22988,2.11,9.04,-0.18,9.2847,0.0011,0.048,-1.3592,-35.63,87.25,65.56,4.7607,7.8685,0.4084,9.2057,P003_Barbell_Bench_Press_Uncontrolled_Movement_1.csv
3,7,1,2,1,23.118,23118,6.48,10.34,0.45,12.211,-0.1342,0.0349,-0.8912,-34.63,87.69,64.5,4.9873,8.1942,0.4139,9.6015,P003_Barbell_Bench_Press_Uncontrolled_Movement_1.csv
3,7,1,2,1,23.291,23291,8.01,9.32,0.79,12.3145,-0.048,0.0382,-0.6087,-36.63,88.06,66.06,5.3856,8.3425,0.4634,9.9407,P003_Barbell_Bench_Press_Uncontrolled_Movement_1.csv
3,7,1,2,1,23.422,23422,4.6,8.93,1.08,10.103,0.1145,0.0207,0.4756,-34.56,88.38,63.56,5.2821,8.4199,0.5447,9.9545,P003_Barbell_Bench_Press_Uncontrolled_Movement_1.csv
3,7,1,2,1,23.552,23552,6.91,8.03,0.39,10.601,0.0382,0.0513,0.1189,-37.44,88.31,65.69,5.4966,8.3686,0.5243,10.026,P003_Barbell_Bench_Press_Uncontrolled_Movement_1.csv
3,7,1,2,1,23.683,23683,5.44,10.26,-0.29,11.6166,0.0393,0.0687,0.7625,-35.31,88.13,63.13,5.4891,8.6178,0.417,10.226,P003_Barbell_Bench_Press_Uncontrolled_Movement_1.csv
3,7,1,2,1,23.814,23814,5.5,8.58,-0.28,10.1953,-0.0338,0.0338,-0.4352,-36.63,87.75,63.75,5.4906,8.6128,0.3252,10.2192,P003_Barbell_Bench_Press_Uncontrolled_Movement_1.csv
3,7,1,2,1,23.944,23944,7.93,8.51,0.51,11.6432,0.0611,0.072,0.8345,-37.75,87.56,64.31,5.812,8.5993,0.3495,10.385,P003_Barbell_Bench_Press_Uncontrolled_Movement_1.csv
3,7,1,2,1,24.075,24075,5.19,9.13,0.82,10.534,0.0535,0.0011,-0.7036,-36.13,87.56,62.5,5.7301,8.6692,0.4115,10.3999,P003_Barbell_Bench_Press_Uncontrolled_Movement_1.csv
3,7,1,2,1,24.207,24207,7.31,10.05,0.83,12.455,-0.0164,0.0262,0.4483,-33.88,87.69,60.25,5.9382,8.8512,0.4667,10.6688,P003_Barbell_Bench_Press_Uncontrolled_Movement_1.csv
3,7,1,2,1,24.382,24382,5.93,8.46,0.45,10.3411,0.0284,-0.012,0.5563,-33.0,87.69,59.69,5.9372,8.7996,0.4645,10.6254,P003_Barbell_Bench_Press_Uncontrolled_Movement_1.csv
3,7,1,2,1,24.513,24513,-0.43,6.47,-0.37,6.4948,-0.1254,0.0055,0.0938,-30.75,87.94,57.88,5.0981,8.4926,0.3545,9.9117,P003_Barbell_Bench_Press_Uncontrolled_Movement_1.csv
3,7,1,2,1,24.643,24643,4.42,4.63,1.11,6.4966,-0.0022,-0.0425,1.1454,-41.44,88.0,68.5,5.0088,7.9836,0.4541,9.4357,P003_Barbell_Bench_Press_Uncontrolled_Movement_1.csv
3,8,1,2,1,24.773,24773,7.73,9.75,0.41,12.4492,0.0578,-0.0687,0.2945,-40.5,88.5,68.0,5.3674,8.2164,0.4483,9.8244,P003_Barbell_Bench_Press_Uncontrolled_Movement_1.csv
3,8,1,2,1,24.904,24904,6.29,7.65,0.06,9.904,-0.0982,-0.0295,1.2348,-42.0,88.06,69.94,5.4889,8.1418,0.3971,9.8272,P003_Barbell_Bench_Press_Uncontrolled_Movement_1.csv
3,8,1,2,1,25.034,25034,2.9,8.22,1.02,8.776,0.1298,-0.0851,-0.3371,-39.31,87.44,67.75,5.1478,8.1521,0.4792,9.6533,P003_Barbell_Bench_Press_Uncontrolled_Movement_1.csv
3,8,1,2,1,25.165,25165,5.4,7.57,-0.05,9.2988,0.1254,-0.048,0.0436,-42.19,86.94,70.81,5.181,8.0754,0.4094,9.6032,P003_Barbell_Bench_Press_Uncontrolled_Movement_1.csv
3,8,1,2,1,25.295,25295,7.08,9.34,0.24,11.7226,-0.1353,-0.0436,-0.4789,-40.44,86.94,69.5,5.4313,8.242,0.3871,9.8782,P003_Barbell_Bench_Press_Uncontrolled_Movement_1.csv
3,8,1,2,1,25.468,25468,4.48,7.03,0.44,8.3477,-0.0938,-0.0218,0.2782,-41.56,86.5,70.81,5.3059,8.0823,0.3941,9.6763,P003_Barbell_Bench_Press_Uncontrolled_Movement_1.csv
3,8,1,2,1,25.598,25598,5.68,6.88,1.22,9.0047,0.0556,-0.0196,-0.432,-41.19,86.31,70.44,5.3552,7.9239,0.5029,9.577,P003_Barbell_Bench_Press_Uncontrolled_Movement_1.csv
3,8,1,2,1,25.729,25729,4.66,7.75,0.27,9.0472,0.0055,0.0327,0.0676,-40.75,86.44,69.94,5.2636,7.901,0.4722,9.5054,P003_Barbell_Bench_Press_Uncontrolled_Movement_1.csv
3,8,1,2,1,25.859,25859,5.21,7.43,1.3,9.1673,-0.0175,0.0087,-0.4701,-40.0,86.44,69.0,5.2565,7.8389,0.5813,9.4561,P003_Barbell_Bench_Press_Uncontrolled_Movement_1.csv
3,8,1,2,1,25.99,25990,5.73,7.49,1.39,9.5323,0.1178,0.0327,0.2138,-38.94,86.31,67.63,5.3189,7.7929,0.6879,9.4601,P003_Barbell_Bench_Press_Uncontrolled_Movement_1.csv
3,8,1,2,1,26.121,26121,6.88,7.85,0.57,10.4538,-0.0262,0.0894,0.9338,-41.31,86.13,69.44,5.5246,7.8004,0.6723,9.5823,P003_Barbell_Bench_Press_Uncontrolled_Movement_1.csv
3,8,1,2,1,26.251,26251,4.02,6.81,1.25,8.0062,0.0589,0.1178,-0.3272,-38.63,86.63,66.31,5.3264,7.6699,0.7485,9.3679,P003_Barbell_Bench_Press_Uncontrolled_Movement_1.csv
3,8,1,2,1,26.382,26382,8.62,7.62,1.1,11.5576,-0.072,0.0709,0.6687,-43.0,87.44,70.25,5.7604,7.6633,0.7948,9.6198,P003_Barbell_Bench_Press_Uncontrolled_Movement_1.csv
3,8,1,2,1,26.558,26558,5.74,8.6,0.46,10.3498,-0.0938,0.1004,-0.3403,-40.69,88.88,67.56,5.7577,7.7868,0.7507,9.7133,P003_Barbell_Bench_Press_Uncontrolled_Movement_1.csv
3,8,1,2,1,26.689,26689,7.11,9.26,0.09,11.6751,-0.0447,0.084,-0.6272,-38.81,89.94,65.44,5.9359,7.9809,0.6636,9.9685,P003_Barbell_Bench_Press_Uncontrolled_Movement_1.csv
3,8,1,2,1,26.82,26820,4.26,7.83,0.3,8.9189,-0.0425,0.0404,-0.1505,-37.44,90.56,63.75,5.7151,7.961,0.6157,9.8193,P003_Barbell_Bench_Press_Uncontrolled_Movement_1.csv
3,8,1,2,1,26.95,26950,4.75,9.25,0.29,10.4024,0.0164,0.0065,-0.4407,-35.25,90.75,61.5,5.5879,8.1309,0.5728,9.8825,P003_Barbell_Bench_Press_Uncontrolled_Movement_1.csv
3,8,1,2,1,27.08,27080,5.14,8.74,0.23,10.142,0.0971,-0.0011,0.288,-36.19,90.56,62.25,5.5289,8.2111,0.5276,9.9131,P003_Barbell_Bench_Press_Uncontrolled_Movement_1.csv
3,8,1,2,1,27.211,27211,5.07,9.35,0.23,10.6386,0.0578,-0.0491,-0.2323,-35.31,89.81,61.31,5.4684,8.3612,0.4884,10.0026,P003_Barbell_Bench_Press_Uncontrolled_Movement_1.csv
3,8,1,2,1,27.341,27341,7.38,9.09,0.32,11.713,0.0273,-0.0862,-0.2258,-37.69,88.94,63.63,5.7203,8.4573,0.4662,10.2208,P003_Barbell_Bench_Press_Uncontrolled_Movement_1.csv
3,8,1,2,1,27.472,27472,8.89,8.58,0.73,12.3766,0.0044,-0.0884,-0.0578,-38.25,88.06,64.38,6.138,8.4734,0.501,10.475,P003_Barbell_Bench_Press_Uncontrolled_Movement_1.csv
3,8,1,2,1,27.644,27644,7.5,9.83,0.67,12.3826,-0.0153,-0.1364,-0.9817,-36.63,87.06,63.38,6.3175,8.6522,0.5232,10.7259,P003_Barbell_Bench_Press_Uncontrolled_Movement_1.csv
3,8,1,2,1,27.775,27775,6.63,7.01,0.39,9.6566,0.0393,-0.0622,0.8956,-37.19,86.44,64.5,6.3586,8.4358,0.5057,10.5759,P003_Barbell_Bench_Press_Uncontrolled_Movement_1.csv
3,8,1,2,1,27.905,27905,1.48,1.77,0.52,2.3651,-0.0469,-0.0273,0.0502,-36.88,86.44,64.88,5.7158,7.5574,0.5076,9.489,P003_Barbell_Bench_Press_Uncontrolled_Movement_1.csv
3,9,1,2,1,28.036,28036,9.91,8.99,-0.33,13.3842,-0.2771,-0.0709,-0.4451,-39.81,87.25,68.69,6.2685,7.7462,0.3972,9.9727,P003_Barbell_Bench_Press_Uncontrolled_Movement_1.csv
3,9,1,2,1,28.166,28166,8.7,9.94,0.57,13.2219,-0.2236,-0.0535,1.4824,-38.88,88.0,68.63,6.5889,8.0353,0.42,10.3998,P003_Barbell_Bench_Press_Uncontrolled_Movement_1.csv
3,9,1,2,1,28.297,28297,5.22,10.13,-1.26,11.4653,0.0185,-0.1058,-0.228,-38.0,87.69,68.38,6.4085,8.3113,0.1986,10.497,P003_Barbell_Bench_Press_Uncontrolled_Movement_1.csv
3,9,1,2,1,28.428,28428,4.7,8.41,0.72,9.6611,0.0033,-0.0458,-0.1287,-37.5,87.25,68.31,6.1834,8.3243,0.2673,10.373,P003_Barbell_Bench_Press_Uncontrolled_Movement_1.csv
3,9,1,2,1,28.56,28560,5.17,6.35,1.56,8.3358,0.108,-0.012,-0.1593,-39.44,87.19,70.38,6.0498,8.0641,0.4376,10.0907,P003_Barbell_Bench_Press_Uncontrolled_Movement_1.csv
3,9,1,2,1,28.733,28733,5.32,7.63,1.28,9.3892,0.1396,0.048,0.288,-38.75,87.56,69.63,5.9536,8.0069,0.5486,9.9929,P003_Barbell_Bench_Press_Uncontrolled_Movement_1.csv
3,9,1,2,1,28.865,28865,5.43,7.66,0.0,9.3894,-0.0022,0.0349,-0.2127,-39.94,87.63,70.44,5.8846,7.9612,0.4763,9.9115,P003_Barbell_Bench_Press_Uncontrolled_Movement_1.csv
3,9,1,2,1,28.996,28996,6.24,7.71,0.5,9.9313,-0.0109,0.0415,-0.5814,-38.13,87.81,68.25,5.9315,7.9281,0.4795,9.913,P003_Barbell_Bench_Press_Uncontrolled_Movement_1.csv
3,9,1,2,1,29.127,29127,5.04,6.62,1.46,8.4473,-0.0916,0.0687,-0.4636,-35.75,88.06,65.31,5.814,7.7557,0.6087,9.7121,P003_Barbell_Bench_Press_Uncontrolled_Movement_1.csv
3,9,1,2,1,29.257,29257,5.06,6.43,1.25,8.2771,0.1702,0.0676,0.0109,-36.31,87.94,65.13,5.7146,7.581,0.6932,9.5189,P003_Barbell_Bench_Press_Uncontrolled_Movement_1.csv
3,9,1,2,1,29.387,29387,4.24,8.97,-0.16,9.9229,0.0687,0.0818,-0.2193,-32.56,87.94,60.75,5.5203,7.7641,0.5808,9.5442,P003_Barbell_Bench_Press_Uncontrolled_Movement_1.csv
3,9,1,2,1,29.518,29518,7.29,7.68,1.06,10.6419,0.0185,0.0589,-0.3512,-35.81,87.81,63.19,5.7535,7.753,0.6439,9.6761,P003_Barbell_Bench_Press_Uncontrolled_Movement_1.csv
3,9,1,2,1,29.648,29648,4.26,8.6,0.39,9.6052,0.0065,0.0884,0.5421,-35.0,87.88,61.88,5.5567,7.8646,0.6104,9.6489,P003_Barbell_Bench_Press_Uncontrolled_Movement_1.csv
3,9,1,2,1,29.821,29821,5.47,8.51,0.74,10.1434,-0.0327,0.0076,-0.4974,-35.81,88.06,62.19,5.5453,7.9497,0.6275,9.7129,P003_Barbell_Bench_Press_Uncontrolled_Movement_1.csv
3,9,1,2,1,29.953,29953,6.68,7.68,1.65,10.3115,0.1014,-0.0295,-0.336,-37.06,88.19,63.31,5.6948,7.9141,0.7623,9.7798,P003_Barbell_Bench_Press_Uncontrolled_Movement_1.csv
3,9,1,2,1,30.083,30083,2.84,10.6,-0.06,10.974,0.0447,-0.0065,0.1418,-35.88,87.94,62.31,5.3186,8.268,0.6539,9.8527,P003_Barbell_Bench_Press_Uncontrolled_Movement_1.csv
3,9,1,2,1,30.216,30216,3.51,9.26,0.1,9.9034,-0.0524,-0.0404,-0.3742,-36.25,87.25,62.81,5.0803,8.3988,0.5809,9.8329,P003_Barbell_Bench_Press_Uncontrolled_Movement_1.csv
3,9,1,2,1,30.347,30347,5.45,8.04,1.35,9.8065,0.0949,-0.0229,0.3731,-35.5,86.63,62.13,5.129,8.3515,0.6823,9.8244,P003_Barbell_Bench_Press_Uncontrolled_Movement_1.csv
3,9,1,2,1,30.48,30480,7.71,8.37,1.6,11.4918,0.0698,-0.0338,-0.5105,-35.44,86.5,62.19,5.4691,8.3539,0.8032,10.0172,P003_Barbell_Bench_Press_Uncontrolled_Movement_1.csv
3,9,1,2,1,30.611,30611,5.92,10.53,0.07,12.0802,0.0949,-0.0327,0.0785,-34.69,86.63,61.69,5.5285,8.6407,0.7066,10.2823,P003_Barbell_Bench_Press_Uncontrolled_Movement_1.csv
3,9,1,2,1,30.741,30741,5.78,9.76,0.73,11.3666,0.0502,-0.0644,0.1353,-34.06,86.56,61.5,5.5617,8.7882,0.7097,10.4244,P003_Barbell_Bench_Press_Uncontrolled_Movement_1.csv
3,9,1,2,1,30.914,30914,4.57,9.19,1.49,10.3712,0.0164,-0.0687,0.7363,-34.56,86.06,62.63,5.431,8.8411,0.8125,10.4078,P003_Barbell_Bench_Press_Uncontrolled_Movement_1.csv
3,9,1,2,1,31.045,31045,2.72,0.97,-0.09,2.8892,-0.0055,-0.0927,1.3123,-44.69,84.94,73.06,5.0738,7.8039,0.6936,9.3341,P003_Barbell_Bench_Press_Uncontrolled_Movement_1.csv
3,10,1,2,1,31.175,31175,9.7,7.2,-0.32,12.0844,-0.2509,-0.0022,0.7527,-50.81,84.63,79.44,5.6834,7.7243,0.56,9.6062,P003_Barbell_Bench_Press_Uncontrolled_Movement_1.csv
3,10,1,2,1,31.306,31306,8.43,7.85,1.86,11.6682,0.0229,0.0371,0.5618,-46.31,85.56,75.63,6.0453,7.7409,0.7313,9.849,P003_Barbell_Bench_Press_Uncontrolled_Movement_1.csv
3,10,1,2,1,31.437,31437,6.74,7.35,0.42,9.9813,-0.1091,-0.0545,-0.7025,-47.44,85.81,77.19,6.1369,7.6894,0.6903,9.8623,P003_Barbell_Bench_Press_Uncontrolled_Movement_1.csv
3,10,1,2,1,31.57,31570,7.11,7.49,0.86,10.363,0.0022,-0.0491,-0.2553,-46.19,85.63,76.19,6.2651,7.6631,0.7127,9.9238,P003_Barbell_Bench_Press_Uncontrolled_Movement_1.csv
3,10,1,2,1,31.701,31701,7.5,6.36,1.28,9.9166,0.0502,-0.0098,-0.3109,-46.06,85.5,76.06,6.4278,7.4914,0.7874,9.9024,P003_Barbell_Bench_Press_Uncontrolled_Movement_1.csv
3,10,1,2,1,31.834,31834,4.51,7.69,0.66,8.9393,0.1244,0.0022,0.1407,-44.06,85.63,74.06,6.1751,7.5176,0.7706,9.7591,P003_Barbell_Bench_Press_Uncontrolled_Movement_1.csv
3,10,1,2,1,32.007,32007,6.72,6.73,1.13,9.5775,-0.0087,0.036,-0.1145,-45.94,85.44,75.63,6.2469,7.4138,0.818,9.7292,P003_Barbell_Bench_Press_Uncontrolled_Movement_1.csv
3,10,1,2,1,32.137,32137,7.38,7.6,0.43,10.6023,0.0033,0.0611,0.6261,-46.69,85.44,75.94,6.3962,7.4383,0.7669,9.8401,P003_Barbell_Bench_Press_Uncontrolled_Movement_1.csv
3,10,1,2,1,32.267,32267,5.49,5.16,0.51,7.5515,0.0862,0.0676,0.5171,-48.25,85.31,76.94,6.2768,7.1381,0.733,9.5335,P003_Barbell_Bench_Press_Uncontrolled_Movement_1.csv
3,10,1,2,1,32.397,32397,3.72,7.03,1.06,8.0239,0.1451,0.0513,-1.3352,-42.69,85.75,71.19,5.9399,7.1239,0.7761,9.3077,P003_Barbell_Bench_Press_Uncontrolled_Movement_1.csv
3,10,1,2,1,32.527,32527,8.62,7.53,0.61,11.462,0.0545,0.0273,0.156,-47.69,85.56,75.75,6.2931,7.1774,0.7542,9.5753,P003_Barbell_Bench_Press_Uncontrolled_Movement_1.csv
3,10,1,2,1,32.657,32657,7.94,6.31,0.99,10.1902,-0.0033,0.0829,0.6305,-47.63,85.75,75.31,6.5101,7.0631,0.7853,9.6377,P003_Barbell_Bench_Press_Uncontrolled_Movement_1.csv
3,10,1,2,1,32.787,32787,4.74,6.91,1.23,8.4693,0.0371,0.1276,0.0927,-45.0,86.44,72.44,6.2768,7.0429,0.8439,9.4717,P003_Barbell_Bench_Press_Uncontrolled_Movement_1.csv
3,10,1,2,1,32.917,32917,8.35,7.81,0.18,11.4346,-0.0622,0.0382,-0.8247,-45.19,87.56,72.56,6.55,7.144,0.7564,9.7217,P003_Barbell_Bench_Press_Uncontrolled_Movement_1.csv
3,10,1,2,1,33.09,33090,8.38,8.59,0.59,12.015,-0.1069,0.0316,-0.216,-44.44,88.75,71.88,6.7912,7.3345,0.7345,10.0227,P003_Barbell_Bench_Press_Uncontrolled_Movement_1.csv
3,10,1,2,1,33.22,33220,7.17,7.69,0.9,10.5525,0.0,-0.0567,-0.3807,-44.38,88.69,71.75,6.8411,7.3814,0.7563,10.0924,P003_Barbell_Bench_Press_Uncontrolled_Movement_1.csv
3,10,1,2,1,33.35,33350,4.99,8.28,0.9,9.7092,0.1265,-0.0218,0.3763,-41.19,87.94,68.56,6.5972,7.4998,0.7752,10.0185,P003_Barbell_Bench_Press_Uncontrolled_Movement_1.csv
3,10,1,2,1,33.48,33480,5.86,5.83,0.32,8.2723,0.1287,-0.0589,-0.721,-44.5,86.94,71.63,6.5,7.2798,0.7152,9.7855,P003_Barbell_Bench_Press_Uncontrolled_Movement_1.csv
3,10,1,2,1,33.61,33610,6.9,7.58,0.55,10.2649,-0.0665,-0.0273,-0.4734,-42.94,86.5,69.94,6.5527,7.3193,0.6935,9.8484,P003_Barbell_Bench_Press_Uncontrolled_Movement_1.csv
3,10,1,2,1,33.74,33740,6.7,8.1,1.6,10.633,0.0382,-0.0055,0.5869,-40.63,86.31,67.69,6.5721,7.4222,0.8129,9.947,P003_Barbell_Bench_Press_Uncontrolled_Movement_1.csv
3,10,1,2,1,33.87,33870,6.81,7.94,1.42,10.5563,0.1025,-0.0469,0.2487,-40.88,85.81,68.0,6.6035,7.4904,0.8929,10.0255,P003_Barbell_Bench_Press_Uncontrolled_Movement_1.csv
3,10,1,2,1,34.0,34000,8.38,7.93,1.7,11.6619,-0.0458,-0.0687,0.1909,-41.63,85.19,69.0,6.8376,7.5484,0.9993,10.2337,P003_Barbell_Bench_Press_Uncontrolled_Movement_1.csv
3,10,1,2,1,34.173,34173,8.83,9.14,0.91,12.7411,-0.0044,-0.0753,0.745,-41.81,84.25,69.69,7.1001,7.7581,0.9875,10.5629,P003_Barbell_Bench_Press_Uncontrolled_Movement_1.csv
3,10,1,2,1,34.303,34303,5.52,10.14,1.17,11.6043,-0.0262,-0.0873,-0.3142,-41.63,83.75,70.19,6.8919,8.072,1.0116,10.662,P003_Barbell_Bench_Press_Uncontrolled_Movement_1.csv
3,10,1,2,1,34.433,34433,5.29,1.89,-0.86,5.6829,-0.2094,0.0098,1.7835,-52.75,82.63,81.44,6.6808,7.2573,0.7649,9.8938,P003_Barbell_Bench_Press_Uncontrolled_Movement_1.csv
3,10,1,2,1,34.563,34563,2.51,2.26,1.76,3.8086,-0.0284,0.1713,1.5882,-59.81,83.06,88.31,6.1312,6.5988,0.8961,9.052,P003_Barbell_Bench_Press_Uncontrolled_Movement_1.csv
3,10,1,2,1,34.693,34693,8.88,3.32,1.99,9.6869,0.0556,0.1996,-1.0865,-69.44,84.19,98.31,6.4934,6.1668,1.0402,9.0153,P003_Barbell_Bench_Press_Uncontrolled_Movement_1.csv
3,10,1,2,1,34.823,34823,9.8,3.17,0.86,10.3358,-0.1865,0.0774,-0.1985,-70.31,87.31,99.38,6.9292,5.7719,1.0165,9.0753,P003_Barbell_Bench_Press_Uncontrolled_Movement_1.csv
3,10,1,2,1,34.953,34953,6.55,4.04,0.93,7.7517,-0.0404,0.0742,-0.5323,-64.94,89.06,94.06,6.8792,5.5436,1.0051,8.8919,P003_Barbell_Bench_Press_Uncontrolled_Movement_1.csv
3,10,1,2,1,35.084,35084,9.6,5.18,0.07,10.9086,0.2018,0.1189,0.4363,-63.94,90.81,92.81,7.2377,5.4957,0.8819,9.1305,P003_Barbell_Bench_Press_Uncontrolled_Movement_1.csv
3,10,1,2,1,35.256,35256,6.76,5.81,-0.26,8.9175,0.0109,0.0905,0.8312,-61.56,92.06,90.25,7.1748,5.5371,0.7314,9.0924,P003_Barbell_Bench_Press_Uncontrolled_Movement_1.csv
3,10,1,2,1,35.386,35386,9.25,6.03,-0.65,11.061,-0.0065,-0.0229,-0.2651,-62.19,91.81,90.44,7.4482,5.6021,0.5494,9.336,P003_Barbell_Bench_Press_Uncontrolled_Movement_1.csv
3,10,1,2,1,35.516,35516,8.59,6.15,0.23,10.5671,0.1331,-0.0349,-0.1004,-58.44,90.38,86.19,7.5987,5.6743,0.5073,9.4971,P003_Barbell_Bench_Press_Uncontrolled_Movement_1.csv
3,10,1,2,1,35.646,35646,9.72,5.03,0.85,10.9773,0.156,-0.0513,-0.5825,-58.63,89.13,85.69,7.8782,5.5894,0.5524,9.6754,P003_Barbell_Bench_Press_Uncontrolled_Movement_1.csv
3,10,1,2,1,35.776,35776,3.12,6.43,0.68,7.1793,0.06,-0.0862,-0.6578,-54.81,87.75,81.38,7.2512,5.7002,0.5692,9.241,P003_Barbell_Bench_Press_Uncontrolled_Movement_1.csv
3,1,1,2,1,0.0,0,1.95,8.18,0.74,8.4417,-0.0011,-0.0087,-0.0753,-22.31,85.88,265.19,3.3253,8.964,0.8996,9.6032,P003_Barbell_Bench_Press_Uncontrolled_Movement_1_01.csv
3,1,1,2,1,0.13,130,4.74,9.08,1.02,10.2934,-0.0153,0.0142,0.3774,-24.88,85.88,267.69,3.5117,8.9793,0.9155,9.685,P003_Barbell_Bench_Press_Uncontrolled_Movement_1_01.csv
3,1,1,2,1,0.26,260,3.59,8.9,0.81,9.6309,-0.0491,-0.0338,-0.4527,-24.06,86.13,267.06,3.522,8.9689,0.9016,9.6777,P003_Barbell_Bench_Press_Uncontrolled_Movement_1_01.csv
3,1,1,2,1,0.39,390,5.09,9.03,0.91,10.4056,-0.0338,-0.0589,-0.6556,-25.13,86.25,268.13,3.7287,8.9769,0.9027,9.7623,P003_Barbell_Bench_Press_Uncontrolled_Movement_1_01.csv
3,1,1,2,1,0.52,520,5.64,9.03,1.11,10.7043,0.0338,-0.0218,0.1222,-25.81,86.13,268.94,3.9805,8.9839,0.93,9.8702,P003_Barbell_Bench_Press_Uncontrolled_Movement_1_01.csv
3,1,1,2,1,0.65,650,3.64,8.51,0.78,9.2886,0.0229,-0.0175,0.1691,-25.06,85.88,268.38,3.9357,8.9215,0.9102,9.7934,P003_Barbell_Bench_Press_Uncontrolled_Movement_1_01.csv
3,1,1,2,1,0.823,823,2.69,8.67,0.83,9.1156,-0.024,-0.0491,-0.5061,-25.13,85.75,268.63,3.7715,8.8883,0.8997,9.6972,P003_Barbell_Bench_Press_Uncontrolled_Movement_1_01.csv
3,1,1,2,1,0.957,957,3.65,8.33,0.99,9.1483,-0.0229,-0.0273,-0.3033,-26.25,85.75,269.75,3.7555,8.8148,0.9116,9.6247,P003_Barbell_Bench_Press_Uncontrolled_Movement_1_01.csv
3,1,1,2,1,1.088,1088,5.34,8.4,0.97,10.0008,-0.0022,-0.0676,-0.8694,-26.94,85.69,270.44,3.9643,8.7601,0.9193,9.6592,P003_Barbell_Bench_Press_Uncontrolled_Movement_1_01.csv
3,1,1,2,1,1.221,1221,5.83,8.07,0.9,9.9962,0.0622,0.0371,0.7614,-26.75,85.38,270.19,4.2101,8.6692,0.9167,9.6809,P003_Barbell_Bench_Press_Uncontrolled_Movement_1_01.csv
3,1,1,2,1,1.351,1351,2.29,8.0,0.57,8.3408,-0.0109,-0.0524,-0.9294,-22.13,85.38,265.81,3.9571,8.581,0.871,9.4895,P003_Barbell_Bench_Press_Uncontrolled_Movement_1_01.csv
3,1,1,2,1,1.482,1482,5.25,8.11,1.01,9.7136,0.012,0.0011,-0.1254,-25.13,85.19,268.44,4.1275,8.5189,0.8893,9.5078,P003_Barbell_Bench_Press_Uncontrolled_Movement_1_01.csv
3,1,1,2,1,1.612,1612,6.22,9.06,1.09,11.0436,0.0687,0.1385,1.5523,-26.31,85.13,269.44,4.4032,8.5902,0.9158,9.6963,P003_Barbell_Bench_Press_Uncontrolled_Movement_1_01.csv
3,1,1,2,1,1.742,1742,0.75,9.17,1.13,9.2698,-0.0382,-0.0611,-0.8072,-23.06,85.31,266.25,3.9218,8.6666,0.944,9.5594,P003_Barbell_Bench_Press_Uncontrolled_Movement_1_01.csv
3,1,1,2,1,1.915,1915,0.99,8.86,0.64,8.9381,-0.0709,-0.0982,-1.021,-25.0,85.25,268.0,3.5355,8.6921,0.904,9.4271,P003_Barbell_Bench_Press_Uncontrolled_Movement_1_01.csv
3,1,1,2,1,2.046,2046,6.88,8.83,1.29,11.268,-0.0273,-0.0611,-0.7996,-30.44,85.13,273.0,3.9762,8.7103,0.9548,9.6224,P003_Barbell_Bench_Press_Uncontrolled_Movement_1_01.csv
3,1,1,2,1,2.176,2176,5.35,9.1,1.18,10.6219,0.0327,0.0894,1.4508,-27.06,85.38,270.06,4.1572,8.7616,0.9845,9.7477,P003_Barbell_Bench_Press_Uncontrolled_Movement_1_01.csv
3,1,1,2,1,2.31,2310,1.06,8.8,0.6,8.8839,-0.0589,-0.0262,-0.1462,-24.81,85.75,268.13,3.7491,8.7667,0.9338,9.5803,P003_Barbell_Bench_Press_Uncontrolled_Movement_1_01.csv
3,1,1,2,1,2.441,2441,3.28,9.09,0.84,9.7001,-0.1047,-0.0753,-1.0308,-27.56,85.94,270.81,3.6873,8.8093,0.9215,9.5942,P003_Barbell_Bench_Press_Uncontrolled_Movement_1_01.csv
3,1,1,2,1,2.574,2574,6.0,8.91,0.99,10.7874,-0.0742,0.0251,0.1691,-28.19,86.5,271.69,3.992,8.8226,0.9305,9.7283,P003_Barbell_Bench_Press_Uncontrolled_Movement_1_01.csv
3,1,1,2,1,2.704,2704,5.98,9.54,0.98,11.3019,-0.0469,0.0764,0.8432,-27.56,87.19,271.25,4.254,8.9171,0.937,9.9242,P003_Barbell_Bench_Press_Uncontrolled_Movement_1_01.csv
3,1,1,2,1,2.835,2835,3.45,8.58,0.94,9.2953,-0.0589,0.0022,0.0142,-24.0,87.81,268.13,4.1481,8.8727,0.9374,9.8392,P003_Barbell_Bench_Press_Uncontrolled_Movement_1_01.csv
3,1,1,2,1,3.008,3008,4.45,9.33,0.47,10.3476,-0.0535,-0.0022,-0.2662,-23.69,88.31,267.94,4.1878,8.9329,0.8758,9.9047,P003_Barbell_Bench_Press_Uncontrolled_Movement_1_01.csv
3,1,1,2,1,3.139,3139,2.32,9.56,0.51,9.8507,-0.0316,0.0033,-0.3785,-21.25,88.69,265.63,3.9417,9.0156,0.8276,9.8743,P003_Barbell_Bench_Press_Uncontrolled_Movement_1_01.csv
3,1,1,2,1,3.271,3271,3.25,9.65,0.73,10.2087,0.0142,0.012,-0.2945,-20.63,88.75,264.81,3.8506,9.0992,0.8148,9.9139,P003_Barbell_Bench_Press_Uncontrolled_Movement_1_01.csv
3,1,1,2,1,3.402,3402,4.0,9.47,0.63,10.2994,0.0709,0.0425,0.4342,-21.06,88.38,264.94,3.8703,9.148,0.7904,9.9644,P003_Barbell_Bench_Press_Uncontrolled_Movement_1_01.csv
3,1,1,2,1,3.536,3536,4.7,9.44,0.63,10.5641,0.0884,0.0524,0.7047,-23.25,87.88,266.75,3.9796,9.1865,0.7693,10.041,P003_Barbell_Bench_Press_Uncontrolled_Movement_1_01.csv
3,1,1,2,1,3.666,3666,5.35,9.5,0.7,10.9253,0.0644,0.0393,0.5443,-26.31,87.38,269.38,4.1602,9.2278,0.7601,10.1507,P003_Barbell_Bench_Press_Uncontrolled_Movement_1_01.csv
3,1,1,2,1,3.797,3797,3.25,9.05,0.8,9.6491,0.0251,-0.036,-0.564,-24.81,87.13,267.81,4.0402,9.2044,0.7654,10.0812,P003_Barbell_Bench_Press_Uncontrolled_Movement_1_01.csv
3,1,1,2,1,3.927,3927,5.45,8.45,0.98,10.1027,0.0436,0.0175,0.2313,-28.44,86.75,271.13,4.226,9.105,0.7937,10.0692,P003_Barbell_Bench_Press_Uncontrolled_Movement_1_01.csv
3,1,1,2,1,4.1,4100,8.35,8.74,1.44,12.1731,0.0371,0.0305,-0.1669,-35.31,86.25,277.25,4.7694,9.0569,0.8788,10.2736,P003_Barbell_Bench_Press_Uncontrolled_Movement_1_01.csv
3,1,1,2,1,4.23,4230,7.15,8.52,1.06,11.173,0.0807,0.1364,1.1083,-35.0,86.19,276.69,5.0831,8.9861,0.9027,10.3636,P003_Barbell_Bench_Press_Uncontrolled_Movement_1_01.csv
3,2,1,2,1,4.361,4361,1.92,8.11,0.7,8.3635,-0.0153,0.0654,0.4265,-31.19,86.5,272.88,4.6663,8.8707,0.876,10.0614,P003_Barbell_Bench_Press_Uncontrolled_Movement_1_01.csv
3,2,1,2,1,4.492,4492,3.25,7.2,0.83,7.943,-0.096,0.0295,-0.8476,-32.75,87.0,274.13,4.4797,8.6505,0.8699,9.7804,P003_Barbell_Bench_Press_Uncontrolled_Movement_1_01.csv
3,2,1,2,1,4.623,4623,8.82,8.56,0.45,12.2991,-0.0829,0.0502,0.0327,-36.25,87.88,277.25,5.0516,8.6386,0.8146,10.0403,P003_Barbell_Bench_Press_Uncontrolled_Movement_1_01.csv
3,2,1,2,1,4.754,4754,2.57,8.28,0.59,8.6897,-0.1069,0.0338,-0.2062,-28.13,88.75,269.69,4.7246,8.5913,0.785,9.8361,P003_Barbell_Bench_Press_Uncontrolled_Movement_1_01.csv
3,2,1,2,1,4.889,4889,3.59,6.93,0.71,7.8369,-0.0894,-0.1625,-2.2187,-25.44,89.19,267.19,4.5751,8.3724,0.7751,9.5723,P003_Barbell_Bench_Press_Uncontrolled_Movement_1_01.csv
3,2,1,2,1,5.02,5020,6.82,9.71,0.53,11.8776,0.1254,0.0633,1.7159,-27.06,88.81,269.0,4.8709,8.5487,0.7428,9.867,P003_Barbell_Bench_Press_Uncontrolled_Movement_1_01.csv
3,2,1,2,1,5.192,5192,4.8,7.06,-0.05,8.5373,0.0185,-0.0338,0.3523,-24.94,87.81,267.69,4.8616,8.3525,0.6383,9.6854,P003_Barbell_Bench_Press_Uncontrolled_Movement_1_01.csv
3,2,1,2,1,5.322,5322,2.6,9.82,0.12,10.1591,-0.1244,-0.1429,-1.3832,-19.5,88.06,263.13,4.5636,8.5459,0.57,9.7048,P003_Barbell_Bench_Press_Uncontrolled_Movement_1_01.csv
3,2,1,2,1,5.452,5452,5.09,10.61,-0.04,11.7678,-0.0753,-0.0873,-0.7101,-15.5,88.5,260.0,4.6329,8.8179,0.4897,9.9729,P003_Barbell_Bench_Press_Uncontrolled_Movement_1_01.csv
3,2,1,2,1,5.582,5582,-4.2,9.03,0.72,9.985,-0.0175,-0.2803,-2.7358,4.25,89.13,242.13,3.469,8.8458,0.52,9.5159,P003_Barbell_Bench_Press_Uncontrolled_Movement_1_01.csv
3,2,1,2,1,5.712,5712,3.12,8.68,0.42,9.2333,0.1745,0.0458,1.5064,-1.13,88.0,247.69,3.423,8.824,0.5068,9.4782,P003_Barbell_Bench_Press_Uncontrolled_Movement_1_01.csv
3,2,1,2,1,5.842,5842,-2.39,9.15,0.19,9.4589,0.1811,0.0218,1.2926,2.88,86.88,244.56,2.657,8.8669,0.4651,9.2681,P003_Barbell_Bench_Press_Uncontrolled_Movement_1_01.csv
3,2,1,2,1,5.972,5972,-1.83,9.54,0.73,9.7413,0.0044,-0.1385,-1.1072,0.69,86.25,247.0,2.0657,8.9556,0.5,9.2044,P003_Barbell_Bench_Press_Uncontrolled_Movement_1_01.csv
3,2,1,2,1,6.102,6102,0.89,8.45,1.3,8.5956,0.0349,-0.0164,0.6774,-3.31,86.0,251.19,1.9108,8.889,0.6054,9.1122,P003_Barbell_Bench_Press_Uncontrolled_Movement_1_01.csv
3,2,1,2,1,6.275,6275,2.75,9.98,0.99,10.3992,0.0327,0.048,1.0799,-5.75,85.88,253.88,2.0214,9.0328,0.6561,9.2794,P003_Barbell_Bench_Press_Uncontrolled_Movement_1_01.csv
3,2,1,2,1,6.406,6406,-2.94,8.13,0.61,8.6668,-0.0644,-0.0698,-0.6665,-0.94,86.13,249.56,1.3676,8.9138,0.65,9.0415,P003_Barbell_Bench_Press_Uncontrolled_Movement_1_01.csv
3,2,1,2,1,6.536,6536,1.03,8.21,1.17,8.3567,-0.0415,-0.0524,-0.8618,-5.06,86.19,253.31,1.3231,8.8211,0.7185,8.9486,P003_Barbell_Bench_Press_Uncontrolled_Movement_1_01.csv
3,2,1,2,1,6.671,6671,2.24,9.99,1.08,10.2949,0.024,0.048,0.4123,-6.56,86.25,254.63,1.4439,8.9751,0.7662,9.1227,P003_Barbell_Bench_Press_Uncontrolled_Movement_1_01.csv
3,2,1,2,1,6.802,6802,2.22,9.65,1.07,9.9597,0.0131,0.0196,-0.4265,-6.06,86.19,253.88,1.5462,9.064,0.8062,9.2302,P003_Barbell_Bench_Press_Uncontrolled_Movement_1_01.csv
3,2,1,2,1,6.934,6934,-0.78,8.59,0.73,8.6562,0.036,0.1636,1.405,-5.69,86.13,253.19,1.2397,9.0016,0.7962,9.1213,P003_Barbell_Bench_Press_Uncontrolled_Movement_1_01.csv
3,2,1,2,1,7.064,7064,-0.39,9.81,0.52,9.8315,-0.0578,0.0436,-0.6076,-6.19,86.38,253.25,1.0249,9.1081,0.7598,9.197,P003_Barbell_Bench_Press_Uncontrolled_Movement_1_01.csv
3,2,1,2,1,7.195,7195,3.48,11.07,1.13,11.659,-0.0415,0.0065,-0.9839,-8.25,86.69,254.5,1.3484,9.3666,0.8086,9.4977,P003_Barbell_Bench_Press_Uncontrolled_Movement_1_01.csv
3,2,1,2,1,7.367,7367,-0.31,9.34,0.66,9.3684,-0.0033,0.0535,0.0807,-6.81,86.88,252.44,1.1299,9.3631,0.789,9.464,P003_Barbell_Bench_Press_Uncontrolled_Movement_1_01.csv
3,2,1,2,1,7.498,7498,1.5,9.96,0.57,10.0884,-0.0022,0.0971,-0.0676,-8.31,86.88,253.13,1.1787,9.4418,0.7601,9.5454,P003_Barbell_Bench_Press_Uncontrolled_Movement_1_01.csv
3,2,1,2,1,7.628,7628,0.41,9.6,0.53,9.6234,0.0044,0.1004,0.1724,-6.69,87.0,250.94,1.0774,9.4626,0.7298,9.5517,P003_Barbell_Bench_Press_Uncontrolled_Movement_1_01.csv
3,2,1,2,1,7.759,7759,3.03,10.2,0.87,10.676,-0.0142,0.0764,-0.0905,-9.56,87.06,253.0,1.3347,9.5598,0.7483,9.6815,P003_Barbell_Bench_Press_Uncontrolled_Movement_1_01.csv
3,2,1,2,1,7.889,7889,1.69,9.35,1.09,9.5638,0.0022,0.0796,0.2662,-7.25,87.31,250.31,1.3815,9.5321,0.7933,9.6644,P003_Barbell_Bench_Press_Uncontrolled_Movement_1_01.csv
3,2,1,2,1,8.025,8025,1.58,10.01,1.07,10.1903,-0.0153,0.0131,-0.2836,-8.56,87.38,251.13,1.4077,9.5951,0.8298,9.7333,P003_Barbell_Bench_Press_Uncontrolled_Movement_1_01.csv
3,2,1,2,1,8.155,8155,-0.47,9.9,0.69,9.9351,-0.0327,-0.0131,-0.4505,-7.94,87.56,250.38,1.1602,9.6353,0.8113,9.7388,P003_Barbell_Bench_Press_Uncontrolled_Movement_1_01.csv
3,2,1,2,1,8.287,8287,2.92,9.67,0.75,10.1291,-0.0622,-0.1014,-1.1606,-9.5,87.69,251.81,1.3921,9.6399,0.8033,9.7729,P003_Barbell_Bench_Press_Uncontrolled_Movement_1_01.csv
3,2,1,2,1,8.459,8459,2.15,9.79,0.86,10.0601,-0.096,-0.0698,-0.7287,-8.88,88.25,251.5,1.492,9.6596,0.8107,9.8078,P003_Barbell_Bench_Press_Uncontrolled_Movement_1_01.csv
3,2,1,2,1,8.589,8589,2.13,9.64,0.66,9.8945,-0.0742,-0.0447,0.132,-8.56,88.75,251.56,1.5761,9.6571,0.7909,9.8167,P003_Barbell_Bench_Press_Uncontrolled_Movement_1_01.csv
3,2,1,2,1,8.719,8719,1.58,9.84,0.63,9.9859,-0.084,-0.0753,-0.0076,-9.63,89.25,253.06,1.5766,9.6812,0.7697,9.8389,P003_Barbell_Bench_Press_Uncontrolled_Movement_1_01.csv
3,2,1,2,1,8.849,8849,3.16,10.53,0.59,11.0097,-0.0731,-0.0698,-0.1767,-10.13,89.69,254.13,1.7852,9.793,0.746,9.9823,P003_Barbell_Bench_Press_Uncontrolled_Movement_1_01.csv
3,2,1,2,1,8.979,8979,1.09,10.41,0.35,10.4728,-0.0589,-0.0545,-0.0382,-7.5,90.13,252.13,1.6936,9.8743,0.6938,10.0425,P003_Barbell_Bench_Press_Uncontrolled_Movement_1_01.csv
3,2,1,2,1,9.109,9109,1.42,10.36,0.41,10.4649,-0.0447,-0.024,0.3338,-7.44,90.5,252.5,1.6576,9.9383,0.6564,10.097,P003_Barbell_Bench_Press_Uncontrolled_Movement_1_01.csv
3,2,1,2,1,9.239,9239,0.33,9.88,0.26,9.8889,-0.036,-0.0142,0.3927,-7.0,90.81,252.38,1.4826,9.9306,0.6042,10.0589,P003_Barbell_Bench_Press_Uncontrolled_Movement_1_01.csv
3,2,1,2,1,9.369,9369,0.62,10.16,0.39,10.1864,-0.0425,-0.0175,0.4505,-8.31,91.13,253.94,1.369,9.9609,0.576,10.071,P003_Barbell_Bench_Press_Uncontrolled_Movement_1_01.csv
3,2,1,2,1,9.542,9542,1.37,10.37,0.39,10.4674,-0.0611,-0.012,0.2171,-9.69,91.69,255.56,1.3691,10.0148,0.5515,10.123,P003_Barbell_Bench_Press_Uncontrolled_Movement_1_01.csv
3,2,1,2,1,9.675,9675,3.06,9.97,0.31,10.4336,-0.0316,-0.012,0.3153,-10.19,92.13,256.31,1.5919,10.0089,0.5196,10.148,P003_Barbell_Bench_Press_Uncontrolled_Movement_1_01.csv
3,3,1,2,1,9.806,9806,1.0,8.48,-0.05,8.5389,0.0207,0.0055,0.5269,-9.13,92.19,255.63,1.5139,9.8074,0.4446,9.9335,P003_Barbell_Bench_Press_Uncontrolled_Movement_1_01.csv
3,3,1,2,1,9.94,9940,1.32,8.07,0.09,8.1777,-0.0033,-0.1047,-1.3668,-6.44,92.0,253.31,1.4884,9.5785,0.3978,9.7016,P003_Barbell_Bench_Press_Uncontrolled_Movement_1_01.csv
3,3,1,2,1,10.07,10070,1.34,9.08,0.18,9.1801,0.1069,0.0938,1.4399,-7.75,91.63,254.69,1.4688,9.5128,0.3691,9.6326,P003_Barbell_Bench_Press_Uncontrolled_Movement_1_01.csv
3,3,1,2,1,10.201,10201,-0.78,9.89,0.14,9.9217,0.036,-0.0153,-0.1069,-6.25,91.31,253.38,1.1725,9.5625,0.3389,9.6401,P003_Barbell_Bench_Press_Uncontrolled_Movement_1_01.csv
3,3,1,2,1,10.331,10331,-0.7,8.71,-0.25,8.7417,0.0011,0.0076,-0.0818,-6.56,91.19,253.63,0.9257,9.4502,0.2613,9.499,P003_Barbell_Bench_Press_Uncontrolled_Movement_1_01.csv
3,3,1,2,1,10.461,10461,1.8,10.28,0.41,10.4444,-0.0327,-0.0098,-0.577,-8.81,91.31,255.5,1.0409,9.5595,0.2809,9.6201,P003_Barbell_Bench_Press_Uncontrolled_Movement_1_01.csv
3,3,1,2,1,10.634,10634,-0.29,9.4,0.04,9.4046,-0.0087,0.0153,-0.0644,-7.31,91.44,253.94,0.8656,9.5385,0.2492,9.5809,P003_Barbell_Bench_Press_Uncontrolled_Movement_1_01.csv
3,3,1,2,1,10.765,10765,0.86,9.85,0.29,9.8917,0.0262,-0.0076,-0.2989,-8.81,91.38,255.19,0.8648,9.5795,0.2546,9.6219,P003_Barbell_Bench_Press_Uncontrolled_Movement_1_01.csv
3,3,1,2,1,10.895,10895,0.04,8.53,0.02,8.5301,0.0196,0.0131,-0.0404,-7.19,91.19,253.56,0.7561,9.4412,0.2237,9.4741,P003_Barbell_Bench_Press_Uncontrolled_Movement_1_01.csv
3,3,1,2,1,11.029,11029,2.2,9.75,0.15,9.9962,-0.0011,-0.0033,-0.1898,-8.19,91.06,254.38,0.9464,9.4819,0.2139,9.5314,P003_Barbell_Bench_Press_Uncontrolled_Movement_1_01.csv
3,3,1,2,1,11.16,11160,1.25,8.49,0.31,8.5871,0.0185,0.0567,0.4156,-8.0,91.0,254.13,0.9864,9.3512,0.2266,9.4058,P003_Barbell_Bench_Press_Uncontrolled_Movement_1_01.csv
3,3,1,2,1,11.292,11292,3.61,9.97,0.49,10.6148,0.084,0.1145,1.4061,-11.75,90.88,257.69,1.3321,9.4328,0.2613,9.5299,P003_Barbell_Bench_Press_Uncontrolled_Movement_1_01.csv
3,3,1,2,1,11.423,11423,1.83,9.39,0.51,9.5802,0.1113,-0.0033,0.3371,-11.06,90.44,257.13,1.3977,9.4271,0.2941,9.5347,P003_Barbell_Bench_Press_Uncontrolled_Movement_1_01.csv
3,3,1,2,1,11.554,11554,2.14,8.87,0.42,9.1342,0.108,0.0327,0.9228,-14.13,89.63,260.06,1.4955,9.3537,0.3107,9.4776,P003_Barbell_Bench_Press_Uncontrolled_Movement_1_01.csv
3,3,1,2,1,11.726,11726,3.6,9.35,0.88,10.0577,0.072,0.0218,0.6305,-18.88,88.81,264.63,1.7729,9.3532,0.3857,9.5276,P003_Barbell_Bench_Press_Uncontrolled_Movement_1_01.csv
3,3,1,2,1,11.857,11857,3.42,10.06,1.0,10.6724,0.0447,0.0207,0.5683,-20.13,88.38,265.81,1.9899,9.4464,0.4666,9.6649,P003_Barbell_Bench_Press_Uncontrolled_Movement_1_01.csv
3,3,1,2,1,11.987,11987,1.3,8.92,0.53,9.0298,-0.0404,-0.0971,-1.4235,-18.38,88.19,264.19,1.899,9.377,0.475,9.5791,P003_Barbell_Bench_Press_Uncontrolled_Movement_1_01.csv
3,3,1,2,1,12.118,12118,2.87,9.74,0.91,10.1947,-0.0185,0.0,-0.0654,-18.94,88.25,264.63,2.027,9.4248,0.5323,9.655,P003_Barbell_Bench_Press_Uncontrolled_Movement_1_01.csv
3,3,1,2,1,12.248,12248,2.0,9.65,1.19,9.9267,-0.0611,-0.0316,-0.9207,-17.56,88.5,263.31,2.0234,9.4545,0.619,9.6884,P003_Barbell_Bench_Press_Uncontrolled_Movement_1_01.csv
3,3,1,2,1,12.383,12383,2.8,8.93,0.87,9.399,-0.0676,-0.0011,-0.5301,-17.31,88.88,262.94,2.1257,9.3854,0.6521,9.6452,P003_Barbell_Bench_Press_Uncontrolled_Movement_1_01.csv
3,3,1,2,1,12.513,12513,4.31,9.52,0.68,10.4723,-0.0436,0.0611,0.2651,-17.63,89.38,263.0,2.4136,9.4031,0.6557,9.7301,P003_Barbell_Bench_Press_Uncontrolled_Movement_1_01.csv
3,3,1,2,1,12.645,12645,3.4,9.41,0.37,10.0122,-0.0644,0.0142,-0.4243,-16.81,89.88,262.13,2.5436,9.404,0.6181,9.7615,P003_Barbell_Bench_Press_Uncontrolled_Movement_1_01.csv
3,3,1,2,1,12.818,12818,3.1,9.75,0.68,10.2535,-0.0829,0.0065,-0.6894,-18.63,90.63,263.56,2.6169,9.4496,0.6262,9.8253,P003_Barbell_Bench_Press_Uncontrolled_Movement_1_01.csv
3,3,1,2,1,12.948,12948,-0.14,9.31,0.26,9.3147,-0.0665,-0.0044,-0.8301,-14.0,90.94,259.0,2.2536,9.4312,0.578,9.7139,P003_Barbell_Bench_Press_Uncontrolled_Movement_1_01.csv
3,3,1,2,1,13.078,13078,1.37,10.02,0.11,10.1138,-0.0469,0.0371,0.0175,-14.69,91.31,259.44,2.1372,9.5088,0.5163,9.7597,P003_Barbell_Bench_Press_Uncontrolled_Movement_1_01.csv
3,3,1,2,1,13.208,13208,4.84,10.66,0.54,11.7198,-0.0218,0.0349,0.1974,-19.19,91.56,263.5,2.4933,9.6605,0.5194,9.9906,P003_Barbell_Bench_Press_Uncontrolled_Movement_1_01.csv
3,3,1,2,1,13.338,13338,4.01,9.89,0.07,10.6723,-0.0338,0.0338,-0.0971,-17.56,91.81,261.88,2.6932,9.6907,0.4602,10.0685,P003_Barbell_Bench_Press_Uncontrolled_Movement_1_01.csv
3,3,1,2,1,13.468,13468,4.29,10.55,0.12,11.3895,-0.0011,0.0785,0.9152,-17.94,92.13,262.06,2.9036,9.804,0.4154,10.2333,P003_Barbell_Bench_Press_Uncontrolled_Movement_1_01.csv
3,3,1,2,1,13.598,13598,4.75,11.1,0.46,12.0824,0.0229,0.024,0.7003,-18.31,92.25,262.56,3.1469,9.9748,0.4213,10.4679,P003_Barbell_Bench_Press_Uncontrolled_Movement_1_01.csv
3,3,1,2,1,13.728,13728,2.89,10.47,0.16,10.8627,0.0175,-0.0436,0.264,-16.81,92.0,261.44,3.1131,10.04,0.3868,10.5187,P003_Barbell_Bench_Press_Uncontrolled_Movement_1_01.csv
3,4,1,2,1,13.901,13901,1.9,6.68,0.61,6.9717,0.0316,-0.1985,-1.7486,-14.0,91.56,259.44,2.9532,9.5973,0.4162,10.05,P003_Barbell_Bench_Press_Uncontrolled_Movement_1_01.csv
3,4,1,2,1,14.032,14032,-1.37,7.33,0.35,7.4651,0.1473,-0.0469,0.7865,-7.75,90.81,254.19,2.3835,9.2985,0.4075,9.6078,P003_Barbell_Bench_Press_Uncontrolled_Movement_1_01.csv
3,4,1,2,1,14.163,14163,1.94,9.26,0.27,9.4649,0.0894,-0.108,0.0142,-13.13,89.81,259.81,2.3251,9.2934,0.3894,9.5878,P003_Barbell_Bench_Press_Uncontrolled_Movement_1_01.csv
3,4,1,2,1,14.298,14298,0.98,7.66,0.46,7.7361,-0.0185,-0.0807,-0.1244,-12.0,89.44,259.31,2.1478,9.0782,0.3987,9.3373,P003_Barbell_Bench_Press_Uncontrolled_Movement_1_01.csv
3,4,1,2,1,14.428,14428,4.88,10.56,0.86,11.6648,-0.0262,0.0284,0.9556,-16.25,89.69,263.69,2.5079,9.2734,0.4595,9.6175,P003_Barbell_Bench_Press_Uncontrolled_Movement_1_01.csv
3,4,1,2,1,14.56,14560,3.28,8.45,0.73,9.0936,-0.0491,-0.0502,-0.5792,-13.31,90.0,261.25,2.6096,9.1649,0.4951,9.5421,P003_Barbell_Bench_Press_Uncontrolled_Movement_1_01.csv
3,4,1,2,1,14.69,14690,3.68,9.56,0.72,10.2691,0.0251,0.0851,1.0996,-13.94,90.13,262.0,2.7507,9.217,0.5248,9.633,P003_Barbell_Bench_Press_Uncontrolled_Movement_1_01.csv
3,4,1,2,1,14.82,14820,1.49,9.54,0.34,9.6616,-0.0022,0.0229,0.2542,-13.31,90.25,261.5,2.5845,9.2596,0.5004,9.6265,P003_Barbell_Bench_Press_Uncontrolled_Movement_1_01.csv
3,4,1,2,1,14.993,14993,3.36,9.04,0.73,9.6718,-0.0109,0.0371,0.2116,-14.31,90.56,262.31,2.6867,9.2306,0.5307,9.6283,P003_Barbell_Bench_Press_Uncontrolled_Movement_1_01.csv
3,4,1,2,1,15.124,15124,5.7,10.12,0.77,11.6403,0.0654,0.0774,0.7221,-16.19,90.56,263.94,3.0838,9.3478,0.5622,9.8594,P003_Barbell_Bench_Press_Uncontrolled_Movement_1_01.csv
3,4,1,2,1,15.254,15254,0.14,7.76,0.18,7.7634,0.0556,0.0055,-0.0622,-10.81,90.25,258.88,2.6959,9.1386,0.5118,9.5417,P003_Barbell_Bench_Press_Uncontrolled_Movement_1_01.csv
3,4,1,2,1,15.387,15387,2.41,9.85,0.43,10.1497,0.0611,0.0851,1.0941,-13.38,90.0,261.19,2.6582,9.2323,0.5011,9.6205,P003_Barbell_Bench_Press_Uncontrolled_Movement_1_01.csv
3,4,1,2,1,15.518,15518,-0.49,9.23,0.08,9.2433,-0.0425,-0.0098,-0.1854,-11.75,90.06,259.5,2.2434,9.232,0.4456,9.5111,P003_Barbell_Bench_Press_Uncontrolled_Movement_1_01.csv
3,4,1,2,1,15.652,15652,3.34,10.08,0.78,10.6476,-0.0305,-0.0011,-0.4352,-15.56,90.19,262.88,2.3879,9.3438,0.4896,9.6565,P003_Barbell_Bench_Press_Uncontrolled_Movement_1_01.csv
3,4,1,2,1,15.782,15782,2.83,8.62,0.21,9.0751,-0.0535,-0.0622,-1.4366,-13.31,90.31,260.63,2.4461,9.2484,0.4528,9.5771,P003_Barbell_Bench_Press_Uncontrolled_Movement_1_01.csv
3,4,1,2,1,15.913,15913,-0.58,8.97,0.25,8.9922,-0.0087,0.1113,1.3199,-10.13,90.63,257.44,2.0474,9.2117,0.4261,9.4461,P003_Barbell_Bench_Press_Uncontrolled_Movement_1_01.csv
3,4,1,2,1,16.086,16086,1.13,10.19,0.37,10.2591,-0.0229,0.0622,0.3458,-15.81,91.0,262.38,1.9265,9.3406,0.4187,9.5464,P003_Barbell_Bench_Press_Uncontrolled_Movement_1_01.csv
3,4,1,2,1,16.217,16217,1.99,9.93,0.45,10.1374,-0.0207,0.0196,-0.4887,-16.44,91.25,262.5,1.9348,9.4183,0.4228,9.6243,P003_Barbell_Bench_Press_Uncontrolled_Movement_1_01.csv
3,4,1,2,1,16.349,16349,-0.43,8.75,0.11,8.7612,-0.0218,-0.0033,-0.5541,-13.44,91.38,259.31,1.6232,9.3302,0.3816,9.4781,P003_Barbell_Bench_Press_Uncontrolled_Movement_1_01.csv
3,4,1,2,1,16.479,16479,5.06,10.11,0.47,11.3153,0.0207,0.0273,-0.1593,-20.13,91.31,265.0,2.0761,9.433,0.3932,9.6667,P003_Barbell_Bench_Press_Uncontrolled_Movement_1_01.csv
3,4,1,2,1,16.614,16614,4.66,9.42,0.37,10.5161,0.0502,0.0622,0.3283,-19.44,91.19,264.0,2.4166,9.4313,0.3902,9.7438,P003_Barbell_Bench_Press_Uncontrolled_Movement_1_01.csv
3,4,1,2,1,16.744,16744,3.87,9.24,0.5,10.0302,0.0262,-0.0142,-0.2411,-19.0,90.94,263.31,2.6081,9.4061,0.4046,9.7693,P003_Barbell_Bench_Press_Uncontrolled_Movement_1_01.csv
3,4,1,2,1,16.875,16875,5.19,10.65,0.48,11.857,0.0371,0.0393,0.7854,-20.38,90.75,264.63,2.9483,9.57,0.4146,10.0224,P003_Barbell_Bench_Press_Uncontrolled_Movement_1_01.csv
3,4,1,2,1,17.005,17005,3.1,8.36,0.27,8.9203,-0.0142,-0.0207,0.1822,-18.75,90.69,263.25,2.9683,9.4105,0.3955,9.8755,P003_Barbell_Bench_Press_Uncontrolled_Movement_1_01.csv
3,4,1,2,1,17.178,17178,5.55,10.33,0.97,11.7666,-0.0295,-0.0022,0.5694,-20.5,90.94,265.38,3.3085,9.5317,0.4712,10.1006,P003_Barbell_Bench_Press_Uncontrolled_Movement_1_01.csv
3,4,1,2,1,17.308,17308,4.65,9.42,0.77,10.5334,-0.036,-0.0949,-0.4832,-20.44,91.13,265.75,3.4853,9.517,0.5106,10.148,P003_Barbell_Bench_Press_Uncontrolled_Movement_1_01.csv
3,4,1,2,1,17.439,17439,5.14,9.79,0.55,11.071,0.0,-0.0196,0.7669,-20.25,91.06,266.06,3.7033,9.553,0.5158,10.2586,P003_Barbell_Bench_Press_Uncontrolled_Movement_1_01.csv
3,4,1,2,1,17.57,17570,3.11,9.96,0.49,10.4458,-0.0262,-0.0622,0.0687,-20.31,91.06,266.63,3.6252,9.6066,0.5124,10.2806,P003_Barbell_Bench_Press_Uncontrolled_Movement_1_01.csv
3,5,1,2,1,17.706,17706,0.85,8.8,0.25,8.8445,-0.0764,-0.1484,-0.9305,-17.88,91.0,264.94,3.2595,9.5003,0.4778,10.0553,P003_Barbell_Bench_Press_Uncontrolled_Movement_1_01.csv
3,5,1,2,1,17.836,17836,2.76,9.63,0.49,10.0297,-0.0305,-0.0273,0.4156,-20.25,91.19,267.63,3.1936,9.5174,0.4794,10.0504,P003_Barbell_Bench_Press_Uncontrolled_Movement_1_01.csv
3,5,1,2,1,17.967,17967,0.4,9.65,0.13,9.6592,-0.0829,-0.0644,-0.3371,-18.25,91.56,266.13,2.8255,9.5349,0.4334,9.9541,P003_Barbell_Bench_Press_Uncontrolled_Movement_1_01.csv
3,5,1,2,1,18.098,18098,5.57,10.81,1.36,12.2364,-0.0338,-0.0371,-0.2913,-21.0,91.88,268.94,3.1872,9.7029,0.5555,10.228,P003_Barbell_Bench_Press_Uncontrolled_Movement_1_01.csv
3,5,1,2,1,18.271,18271,-0.66,7.23,0.14,7.2614,0.0567,-0.12,-1.3155,-11.56,91.25,260.38,2.6802,9.377,0.5007,9.7654,P003_Barbell_Bench_Press_Uncontrolled_Movement_1_01.csv
3,5,1,2,1,18.401,18401,2.64,9.55,0.89,9.9481,0.2171,0.048,0.8225,-13.56,90.0,262.06,2.6749,9.3998,0.552,9.7886,P003_Barbell_Bench_Press_Uncontrolled_Movement_1_01.csv
3,5,1,2,1,18.532,18532,2.82,8.37,0.09,8.8327,0.1854,0.024,0.1134,-15.25,88.5,263.44,2.694,9.2641,0.4911,9.6604,P003_Barbell_Bench_Press_Uncontrolled_Movement_1_01.csv
3,5,1,2,1,18.665,18665,2.61,8.84,0.43,9.2273,0.0796,0.0884,0.9817,-16.5,87.75,264.25,2.683,9.2082,0.4831,9.6033,P003_Barbell_Bench_Press_Uncontrolled_Movement_1_01.csv
3,5,1,2,1,18.798,18798,2.12,9.2,1.03,9.4971,-0.0556,0.072,0.0109,-16.44,88.06,263.75,2.6088,9.2071,0.5552,9.5857,P003_Barbell_Bench_Press_Uncontrolled_Movement_1_01.csv
3,5,1,2,1,18.928,18928,0.88,9.39,1.2,9.5072,-0.0044,0.0458,0.1385,-16.38,88.38,263.31,2.381,9.2312,0.6401,9.5548,P003_Barbell_Bench_Press_Uncontrolled_Movement_1_01.csv
3,5,1,2,1,19.059,19059,3.18,10.07,1.13,10.6205,0.0284,-0.0022,-0.6556,-18.75,88.25,265.13,2.4863,9.3418,0.7047,9.6926,P003_Barbell_Bench_Press_Uncontrolled_Movement_1_01.csv
3,5,1,2,1,19.189,19189,1.59,8.12,0.73,8.3063,0.0404,0.0273,-0.2182,-16.06,88.0,262.25,2.3682,9.1808,0.708,9.5077,P003_Barbell_Bench_Press_Uncontrolled_Movement_1_01.csv
3,5,1,2,1,19.362,19362,1.9,9.5,0.99,9.7386,0.024,-0.0175,-0.5727,-18.0,87.63,263.69,2.3065,9.2228,0.7452,9.536,P003_Barbell_Bench_Press_Uncontrolled_Movement_1_01.csv
3,5,1,2,1,19.493,19493,1.03,8.34,0.76,8.4377,-0.0109,0.0164,-0.0578,-17.31,87.56,262.94,2.1383,9.1065,0.7471,9.384,P003_Barbell_Bench_Press_Uncontrolled_Movement_1_01.csv
3,5,1,2,1,19.624,19624,2.09,9.34,1.16,9.641,-0.036,0.0218,0.0971,-19.31,87.81,264.69,2.1319,9.1373,0.8015,9.4169,P003_Barbell_Bench_Press_Uncontrolled_Movement_1_01.csv
3,5,1,2,1,19.756,19756,2.88,8.71,0.94,9.2218,-0.0404,0.024,0.2563,-20.94,88.06,266.25,2.2305,9.081,0.8198,9.3867,P003_Barbell_Bench_Press_Uncontrolled_Movement_1_01.csv
3,5,1,2,1,19.887,19887,4.69,9.45,0.83,10.5824,-0.0436,0.0589,0.829,-25.0,88.06,270.19,2.5546,9.1296,0.8211,9.5158,P003_Barbell_Bench_Press_Uncontrolled_Movement_1_01.csv
3,5,1,2,1,20.021,20021,2.13,7.93,0.68,8.2392,-0.1604,-0.0175,-0.36,-22.88,89.06,268.44,2.4986,8.9715,0.8025,9.3475,P003_Barbell_Bench_Press_Uncontrolled_Movement_1_01.csv
3,5,1,2,1,20.151,20151,7.89,10.67,1.85,13.3986,0.0349,0.0611,1.4464,-30.0,89.75,275.44,3.2091,9.1953,0.9406,9.7845,P003_Barbell_Bench_Press_Uncontrolled_Movement_1_01.csv
3,5,1,2,1,20.282,20282,1.38,7.69,0.07,7.8132,0.0818,-0.1931,-1.3363,-22.5,88.75,268.75,2.9681,8.997,0.8258,9.5098,P003_Barbell_Bench_Press_Uncontrolled_Movement_1_01.csv
3,5,1,2,1,20.455,20455,12.59,9.25,0.23,15.6245,-0.0251,-0.0927,0.0796,-32.06,87.88,278.06,4.236,9.0303,0.7473,10.0024,P003_Barbell_Bench_Press_Uncontrolled_Movement_1_01.csv
3,6,1,2,1,20.586,20586,-0.5,6.64,0.26,6.6639,-0.1647,0.0458,0.0469,-23.0,88.75,270.06,3.6119,8.7153,0.6831,9.4588,P003_Barbell_Bench_Press_Uncontrolled_Movement_1_01.csv
3,6,1,2,1,20.717,20717,2.19,8.45,0.88,8.7734,-0.2553,0.0436,-0.4985,-25.44,90.56,272.25,3.4245,8.6804,0.7091,9.3584,P003_Barbell_Bench_Press_Uncontrolled_Movement_1_01.csv
3,6,1,2,1,20.852,20852,8.8,11.18,1.2,14.2784,-0.0109,0.0425,-0.4069,-32.56,91.69,278.44,4.1329,9.0098,0.7737,9.9426,P003_Barbell_Bench_Press_Uncontrolled_Movement_1_01.csv
3,6,1,2,1,20.982,20982,7.56,7.92,0.45,10.9582,0.1113,0.024,0.0796,-30.63,91.13,276.19,4.5845,8.8662,0.7311,10.008,P003_Barbell_Bench_Press_Uncontrolled_Movement_1_01.csv
3,6,1,2,1,21.128,21128,0.69,6.84,-0.64,6.9044,-0.1833,0.0785,-0.0011,-22.56,91.5,268.56,4.0713,8.5992,0.5504,9.5302,P003_Barbell_Bench_Press_Uncontrolled_Movement_1_01.csv
3,6,1,2,1,21.263,21263,7.62,10.81,1.07,13.269,-0.0535,0.3349,2.7314,-32.06,93.63,277.44,4.5389,8.8905,0.6189,10.0013,P003_Barbell_Bench_Press_Uncontrolled_Movement_1_01.csv
3,6,1,2,1,21.394,21394,4.27,8.78,0.58,9.7805,-0.0207,-0.0142,-0.6578,-31.56,94.44,276.75,4.5035,8.8759,0.6138,9.972,P003_Barbell_Bench_Press_Uncontrolled_Movement_1_01.csv
3,6,1,2,1,21.567,21567,5.36,8.09,-0.51,9.7179,0.0055,-0.0458,-0.7712,-33.63,94.31,278.44,4.6164,8.7724,0.4657,9.9238,P003_Barbell_Bench_Press_Uncontrolled_Movement_1_01.csv
3,6,1,2,1,21.7,21700,7.24,8.18,-0.3,10.9279,0.0109,-0.0338,-0.3163,-35.06,94.19,279.81,4.9621,8.6943,0.3648,10.0173,P003_Barbell_Bench_Press_Uncontrolled_Movement_1_01.csv
3,6,1,2,1,21.831,21831,6.19,8.49,0.1,10.5074,0.0295,0.0535,1.2032,-34.0,94.0,278.88,5.1239,8.6674,0.3299,10.0741,P003_Barbell_Bench_Press_Uncontrolled_Movement_1_01.csv
3,6,1,2,1,21.965,21965,4.84,8.41,0.39,9.7111,0.036,-0.06,0.0556,-35.19,93.69,280.25,5.0865,8.6335,0.3378,10.0261,P003_Barbell_Bench_Press_Uncontrolled_Movement_1_01.csv
3,6,1,2,1,22.095,22095,3.75,7.63,0.48,8.5153,0.0196,-0.168,-0.8181,-33.19,92.81,278.69,4.9104,8.5012,0.3565,9.8239,P003_Barbell_Bench_Press_Uncontrolled_Movement_1_01.csv
3,6,1,2,1,22.226,22226,7.68,9.23,0.45,12.0157,0.024,-0.1593,-0.4287,-36.88,92.06,282.56,5.2753,8.5973,0.3689,10.0935,P003_Barbell_Bench_Press_Uncontrolled_Movement_1_01.csv
3,6,1,2,1,22.356,22356,7.73,8.22,0.66,11.303,0.0076,-0.0524,0.6305,-37.25,91.38,283.56,5.5988,8.5476,0.4072,10.2261,P003_Barbell_Bench_Press_Uncontrolled_Movement_1_01.csv
3,6,1,2,1,22.486,22486,6.8,8.65,0.8,11.0319,-0.0567,-0.0905,-0.0436,-37.19,91.19,284.19,5.7571,8.5611,0.459,10.327,P003_Barbell_Bench_Press_Uncontrolled_Movement_1_01.csv
3,6,1,2,1,22.659,22659,9.0,9.11,0.87,12.8355,-0.0589,-0.0262,0.5443,-39.5,91.44,287.31,6.1844,8.6334,0.5131,10.6323,P003_Barbell_Bench_Press_Uncontrolled_Movement_1_01.csv
3,6,1,2,1,22.79,22790,7.3,8.74,0.91,11.4239,-0.036,-0.0742,0.24,-38.75,91.38,287.44,6.3314,8.6474,0.5654,10.7324,P003_Barbell_Bench_Press_Uncontrolled_Movement_1_01.csv
3,6,1,2,1,22.925,22925,7.67,6.74,0.35,10.2166,0.0218,-0.0535,-0.1134,-37.13,90.88,286.5,6.5078,8.3961,0.5371,10.6365,P003_Barbell_Bench_Press_Uncontrolled_Movement_1_01.csv
3,6,1,2,1,23.057,23057,1.16,6.79,-0.38,6.8988,0.1494,-0.0011,-0.1124,-27.5,90.0,277.94,5.8031,8.1844,0.4162,10.0416,P003_Barbell_Bench_Press_Uncontrolled_Movement_1_01.csv
3,6,1,2,1,23.188,23188,0.15,7.22,0.21,7.2246,-0.0142,-0.0491,0.1025,-23.75,89.56,274.56,5.0582,8.0574,0.389,9.5214,P003_Barbell_Bench_Press_Uncontrolled_Movement_1_01.csv
3,7,1,2,1,23.318,23318,8.26,10.52,1.29,13.4373,0.0447,-0.0971,-0.8432,-34.13,88.94,284.19,5.4801,8.3819,0.5078,10.0272,P003_Barbell_Bench_Press_Uncontrolled_Movement_1_01.csv
3,7,1,2,1,23.448,23448,1.55,6.36,0.96,6.6162,0.0316,-0.0873,-1.0177,-26.25,88.31,276.75,4.9622,8.1154,0.5674,9.5292,P003_Barbell_Bench_Press_Uncontrolled_Movement_1_01.csv
3,7,1,2,1,23.579,23579,9.38,9.77,1.97,13.6864,0.1462,0.0109,0.5792,-32.5,87.44,282.25,5.5444,8.3335,0.7522,10.0375,P003_Barbell_Bench_Press_Uncontrolled_Movement_1_01.csv
3,7,1,2,1,23.752,23752,4.38,7.45,1.06,8.7069,0.1396,-0.0447,-0.636,-28.38,85.88,277.88,5.3909,8.217,0.7927,9.8595,P003_Barbell_Bench_Press_Uncontrolled_Movement_1_01.csv
3,7,1,2,1,23.883,23883,6.88,8.35,1.64,10.9429,0.108,0.0862,0.6556,-30.19,85.0,279.06,5.5871,8.2346,0.9044,9.9921,P003_Barbell_Bench_Press_Uncontrolled_Movement_1_01.csv
3,7,1,2,1,24.015,24015,4.5,7.95,1.3,9.2273,0.0033,0.0949,-0.1942,-28.13,85.0,276.44,5.4439,8.1971,0.9565,9.8865,P003_Barbell_Bench_Press_Uncontrolled_Movement_1_01.csv
3,7,1,2,1,24.146,24146,2.65,7.41,1.46,8.0039,-0.0524,0.1298,0.0524,-26.63,85.69,274.38,5.0757,8.0934,1.0229,9.6079,P003_Barbell_Bench_Press_Uncontrolled_Movement_1_01.csv
3,7,1,2,1,24.28,24280,6.38,9.01,1.47,11.1376,-0.0371,0.1767,0.5825,-29.06,86.25,275.94,5.2476,8.2141,1.0818,9.8071,P003_Barbell_Bench_Press_Uncontrolled_Movement_1_01.csv
3,7,1,2,1,24.41,24410,3.83,8.01,0.94,8.9282,-0.0436,0.1233,0.3109,-26.0,87.19,272.5,5.0608,8.1872,1.0631,9.6836,P003_Barbell_Bench_Press_Uncontrolled_Movement_1_01.csv
3,7,1,2,1,24.541,24541,1.21,8.61,0.6,8.7153,-0.0862,0.1233,0.1822,-22.81,88.13,269.0,4.5534,8.243,1.0021,9.4701,P003_Barbell_Bench_Press_Uncontrolled_Movement_1_01.csv
3,7,1,2,1,24.671,24671,3.82,9.39,0.88,10.1754,-0.1124,0.096,-0.384,-25.94,89.19,271.38,4.4567,8.3941,0.986,9.5549,P003_Barbell_Bench_Press_Uncontrolled_Movement_1_01.csv
3,7,1,2,1,24.844,24844,4.95,8.67,0.66,10.0053,-0.0687,0.144,0.3011,-27.38,90.56,272.06,4.5217,8.4305,0.943,9.6129,P003_Barbell_Bench_Press_Uncontrolled_Movement_1_01.csv
3,7,1,2,1,24.974,24974,4.84,9.09,0.73,10.3241,-0.0316,0.1222,0.7767,-27.75,91.38,272.0,4.5637,8.5174,0.915,9.7062,P003_Barbell_Bench_Press_Uncontrolled_Movement_1_01.csv
3,7,1,2,1,25.105,25105,3.39,9.74,0.07,10.3133,0.0076,-0.012,-0.0851,-27.81,91.63,271.94,4.409,8.6785,0.8036,9.7674,P003_Barbell_Bench_Press_Uncontrolled_Movement_1_01.csv
3,7,1,2,1,25.236,25236,6.25,8.05,0.15,10.1925,-0.036,-0.0731,-0.805,-30.06,91.69,274.13,4.6516,8.5957,0.7175,9.7999,P003_Barbell_Bench_Press_Uncontrolled_Movement_1_01.csv
3,7,1,2,1,25.368,25368,6.79,9.04,0.07,11.3062,-0.0175,0.0415,0.7265,-29.63,91.81,274.0,4.9334,8.6542,0.6322,9.9817,P003_Barbell_Bench_Press_Uncontrolled_Movement_1_01.csv
3,7,1,2,1,25.499,25499,6.92,8.95,0.44,11.3218,-0.0425,0.0153,0.5705,-30.69,92.06,275.31,5.1952,8.6932,0.6068,10.1454,P003_Barbell_Bench_Press_Uncontrolled_Movement_1_01.csv
3,7,1,2,1,25.633,25633,5.03,8.96,0.62,10.294,-0.0207,0.0,0.625,-30.81,92.38,275.88,5.1734,8.7284,0.6086,10.1646,P003_Barbell_Bench_Press_Uncontrolled_Movement_1_01.csv
3,7,1,2,1,25.763,25763,4.32,9.36,0.43,10.3178,-0.0229,-0.0425,0.3752,-30.06,92.44,275.69,5.0609,8.8116,0.585,10.1784,P003_Barbell_Bench_Press_Uncontrolled_Movement_1_01.csv
3,7,1,2,1,25.936,25936,5.06,8.56,0.51,9.9568,-0.0175,-0.0458,-0.0491,-30.44,92.31,276.56,5.0608,8.7784,0.5752,10.1491,P003_Barbell_Bench_Press_Uncontrolled_Movement_1_01.csv
3,7,1,2,1,26.066,26066,4.49,9.15,0.45,10.2022,-0.0044,-0.0218,0.0,-30.56,92.25,276.88,4.9856,8.8274,0.5587,10.1534,P003_Barbell_Bench_Press_Uncontrolled_Movement_1_01.csv
3,7,1,2,1,26.197,26197,8.1,8.35,0.46,11.6423,-0.0098,0.0196,-0.0916,-33.88,92.38,280.0,5.396,8.7645,0.5457,10.3068,P003_Barbell_Bench_Press_Uncontrolled_Movement_1_01.csv
3,7,1,2,1,26.327,26327,4.25,9.67,0.08,10.563,0.0567,0.1014,1.2054,-32.69,92.44,278.75,5.245,8.8838,0.4843,10.3279,P003_Barbell_Bench_Press_Uncontrolled_Movement_1_01.csv
3,7,1,2,1,26.46,26460,5.44,8.38,0.58,10.0077,0.0818,0.108,0.8203,-35.94,92.5,281.38,5.2707,8.8174,0.4969,10.2846,P003_Barbell_Bench_Press_Uncontrolled_Movement_1_01.csv
3,7,1,2,1,26.59,26590,5.16,7.77,0.48,9.3396,0.0633,0.0316,-0.3622,-35.44,92.25,280.31,5.2561,8.6794,0.4947,10.1589,P003_Barbell_Bench_Press_Uncontrolled_Movement_1_01.csv
3,7,1,2,1,26.724,26724,6.7,7.42,0.89,10.0369,0.0611,0.0273,-0.1865,-35.5,92.13,279.81,5.4464,8.5134,0.5468,10.1213,P003_Barbell_Bench_Press_Uncontrolled_Movement_1_01.csv
3,7,1,2,1,26.854,26854,3.94,8.53,0.29,9.4005,0.0709,0.0327,0.1473,-32.88,91.63,276.81,5.2479,8.5156,0.5129,10.0159,P003_Barbell_Bench_Press_Uncontrolled_Movement_1_01.csv
3,7,1,2,1,27.027,27027,-1.37,10.52,0.45,10.6184,0.1189,-0.0425,-0.2836,-25.31,90.63,269.38,4.3758,8.7797,0.5046,9.8227,P003_Barbell_Bench_Press_Uncontrolled_Movement_1_01.csv
3,7,1,2,1,27.157,27157,4.47,6.66,0.77,8.0579,0.0796,-0.2073,-2.5449,-24.19,89.5,268.13,4.3882,8.5004,0.5396,9.5815,P003_Barbell_Bench_Press_Uncontrolled_Movement_1_01.csv
3,7,1,2,1,27.287,27287,-1.21,6.8,0.16,6.9087,0.1407,-0.0371,0.2694,-12.88,88.44,257.75,3.6505,8.2763,0.4896,9.0589,P003_Barbell_Bench_Press_Uncontrolled_Movement_1_01.csv
3,8,1,2,1,27.417,27417,6.53,11.82,1.16,13.5536,0.0556,-0.1494,-0.7058,-20.44,87.38,264.94,4.03,8.7433,0.5779,9.6447,P003_Barbell_Bench_Press_Uncontrolled_Movement_1_01.csv
3,8,1,2,1,27.547,27547,0.03,7.78,0.61,7.8039,0.012,-0.1309,-0.3196,-14.31,86.81,259.75,3.5029,8.6164,0.5822,9.3194,P003_Barbell_Bench_Press_Uncontrolled_Movement_1_01.csv
3,8,1,2,1,27.677,27677,4.12,9.53,1.54,10.496,-0.0545,-0.0993,-0.1113,-18.06,86.69,263.94,3.5842,8.7368,0.7084,9.4699,P003_Barbell_Bench_Press_Uncontrolled_Movement_1_01.csv
3,8,1,2,1,27.807,27807,2.27,8.67,1.48,9.0836,-0.0982,-0.0905,-0.0556,-17.0,87.06,263.75,3.411,8.728,0.8101,9.4058,P003_Barbell_Bench_Press_Uncontrolled_Movement_1_01.csv
3,8,1,2,1,27.938,27938,4.16,9.38,1.65,10.3929,-0.1113,-0.0807,0.1898,-18.63,87.63,266.13,3.5097,8.8139,0.9207,9.5315,P003_Barbell_Bench_Press_Uncontrolled_Movement_1_01.csv
3,8,1,2,1,28.111,28111,0.99,8.53,0.67,8.6134,-0.1451,-0.1189,-0.5225,-16.75,88.56,265.5,3.1777,8.7765,0.8877,9.3762,P003_Barbell_Bench_Press_Uncontrolled_Movement_1_01.csv
3,8,1,2,1,28.242,28242,1.03,8.37,0.4,8.4426,-0.144,-0.0753,0.0142,-17.31,89.31,266.81,2.8947,8.7229,0.8234,9.2275,P003_Barbell_Bench_Press_Uncontrolled_Movement_1_01.csv
3,8,1,2,1,28.373,28373,4.61,9.3,0.38,10.3868,-0.1691,-0.0807,-0.3011,-20.81,90.25,270.94,3.1207,8.799,0.765,9.3673,P003_Barbell_Bench_Press_Uncontrolled_Movement_1_01.csv
3,8,1,2,1,28.504,28504,1.9,8.82,0.34,9.0287,-0.1102,-0.012,0.685,-16.75,91.19,267.94,2.9598,8.8017,0.709,9.3131,P003_Barbell_Bench_Press_Uncontrolled_Movement_1_01.csv
3,8,1,2,1,28.639,28639,-0.11,9.61,0.02,9.6106,-0.1473,-0.1418,-1.0385,-15.38,91.94,267.25,2.5553,8.9082,0.6182,9.2881,P003_Barbell_Bench_Press_Uncontrolled_Movement_1_01.csv
3,8,1,2,1,28.77,28770,3.19,8.93,0.22,9.4852,-0.132,-0.1396,-1.2534,-17.06,92.56,269.5,2.639,8.9111,0.5657,9.3109,P003_Barbell_Bench_Press_Uncontrolled_Movement_1_01.csv
3,8,1,2,1,28.9,28900,4.5,9.62,0.01,10.6205,-0.0687,0.0098,0.733,-19.0,93.19,271.81,2.8842,9.0045,0.4925,9.468,P003_Barbell_Bench_Press_Uncontrolled_Movement_1_01.csv
3,8,1,2,1,29.03,29030,-1.39,10.38,-0.14,10.4736,-0.0207,0.036,0.745,-14.88,93.63,268.31,2.321,9.1858,0.4092,9.4833,P003_Barbell_Bench_Press_Uncontrolled_Movement_1_01.csv
3,8,1,2,1,29.203,29203,0.34,9.56,-0.05,9.5662,0.0065,0.0185,-0.0818,-18.19,93.81,271.25,2.0599,9.2351,0.3486,9.4685,P003_Barbell_Bench_Press_Uncontrolled_Movement_1_01.csv
3,8,1,2,1,29.333,29333,2.67,10.12,0.02,10.4663,0.0436,0.0196,-0.3731,-19.19,93.63,271.88,2.1403,9.3517,0.3053,9.5984,P003_Barbell_Bench_Press_Uncontrolled_Movement_1_01.csv
3,8,1,2,1,29.464,29464,2.87,9.63,-0.17,10.05,0.108,0.1025,0.2596,-16.56,93.19,268.75,2.2365,9.3884,0.2427,9.6541,P003_Barbell_Bench_Press_Uncontrolled_Movement_1_01.csv
3,8,1,2,1,29.595,29595,-1.6,10.33,-0.24,10.4559,0.036,0.0207,-1.0701,-12.0,92.63,263.56,1.7309,9.5125,0.1791,9.6703,P003_Barbell_Bench_Press_Uncontrolled_Movement_1_01.csv
3,8,1,2,1,29.727,29727,-1.73,9.76,0.33,9.9176,0.0785,0.0524,-1.0417,-9.69,92.06,260.25,1.2749,9.5451,0.199,9.6319,P003_Barbell_Bench_Press_Uncontrolled_Movement_1_01.csv
3,8,1,2,1,29.858,29858,3.08,9.82,0.53,10.3053,0.0851,0.1418,-0.2214,-12.06,91.44,261.19,1.5127,9.5813,0.2426,9.703,P003_Barbell_Bench_Press_Uncontrolled_Movement_1_01.csv
3,8,1,2,1,29.992,29992,2.85,10.05,0.61,10.4641,0.0654,0.1963,0.6305,-11.44,91.19,259.31,1.6889,9.6431,0.291,9.7942,P003_Barbell_Bench_Press_Uncontrolled_Movement_1_01.csv
3,8,1,2,1,30.122,30122,-3.82,10.67,0.31,11.3374,0.0055,0.1614,0.4265,-7.44,91.31,254.56,0.963,9.7784,0.2935,9.8301,P003_Barbell_Bench_Press_Uncontrolled_Movement_1_01.csv
3,8,1,2,1,30.295,30295,1.83,10.64,0.56,10.8107,-0.0175,0.1167,0.4974,-9.69,91.69,255.69,1.0773,9.8919,0.3286,9.9558,P003_Barbell_Bench_Press_Uncontrolled_Movement_1_01.csv
3,8,1,2,1,30.425,30425,3.39,10.25,0.68,10.8174,0.0196,-0.0087,-0.5269,-10.31,91.75,255.81,1.382,9.9391,0.3749,10.0417,P003_Barbell_Bench_Press_Uncontrolled_Movement_1_01.csv
3,8,1,2,1,30.555,30555,2.4,9.58,0.85,9.9126,0.1004,0.0371,1.1039,-10.25,91.31,255.81,1.5162,9.8918,0.4375,10.0169,P003_Barbell_Bench_Press_Uncontrolled_Movement_1_01.csv
3,8,1,2,1,30.685,30685,-0.33,9.58,0.9,9.6278,0.0578,-0.1494,-0.7232,-9.06,90.69,255.19,1.2729,9.8507,0.4985,9.9451,P003_Barbell_Bench_Press_Uncontrolled_Movement_1_01.csv
3,8,1,2,1,30.815,30815,4.9,9.75,0.79,10.9406,0.0993,-0.0633,0.9523,-14.13,89.81,260.63,1.7508,9.8374,0.5369,10.0064,P003_Barbell_Bench_Press_Uncontrolled_Movement_1_01.csv
3,8,1,2,1,30.945,30945,2.5,6.01,0.06,6.5095,0.0,-0.0709,-0.0676,-13.56,89.31,260.81,1.8496,9.3331,0.474,9.5264,P003_Barbell_Bench_Press_Uncontrolled_Movement_1_01.csv
3,8,1,2,1,31.075,31075,-4.54,8.44,-0.19,9.5855,-0.0262,-0.0862,0.2171,-5.56,89.38,254.19,1.0076,9.2154,0.3865,9.2784,P003_Barbell_Bench_Press_Uncontrolled_Movement_1_01.csv
3,9,1,2,1,31.205,31205,4.13,12.1,0.86,12.8143,-0.0753,-0.18,-0.4789,-13.0,89.38,261.88,1.419,9.5955,0.4489,9.7103,P003_Barbell_Bench_Press_Uncontrolled_Movement_1_01.csv
3,9,1,2,1,31.378,31378,-1.6,8.03,0.25,8.1917,-0.0764,-0.0382,1.0363,-6.13,90.25,256.5,1.0212,9.3892,0.4227,9.454,P003_Barbell_Bench_Press_Uncontrolled_Movement_1_01.csv
3,9,1,2,1,31.509,31509,1.74,10.61,0.7,10.7745,-0.1396,-0.1865,-1.0167,-10.0,90.88,260.88,1.1159,9.5501,0.4593,9.626,P003_Barbell_Bench_Press_Uncontrolled_Movement_1_01.csv
3,9,1,2,1,31.639,31639,0.88,9.08,0.45,9.1336,-0.0818,-0.1004,-0.0742,-8.38,91.38,260.06,1.0848,9.4881,0.458,9.5609,P003_Barbell_Bench_Press_Uncontrolled_Movement_1_01.csv
3,9,1,2,1,31.774,31774,2.21,10.1,0.39,10.3463,-0.06,-0.0938,-0.204,-10.0,91.69,262.31,1.2331,9.5688,0.4491,9.6583,P003_Barbell_Bench_Press_Uncontrolled_Movement_1_01.csv
3,9,1,2,1,31.905,31905,0.88,9.07,0.16,9.114,-0.0644,-0.0884,-0.4756,-8.75,92.0,261.69,1.1866,9.503,0.411,9.5856,P003_Barbell_Bench_Press_Uncontrolled_Movement_1_01.csv
3,9,1,2,1,32.037,32037,1.54,9.42,0.1,9.5456,-0.0327,-0.0033,0.2596,-10.0,92.31,263.19,1.2331,9.4921,0.37,9.579,P003_Barbell_Bench_Press_Uncontrolled_Movement_1_01.csv
3,9,1,2,1,32.167,32167,1.18,9.71,0.24,9.7844,-0.0065,-0.0033,0.0065,-10.0,92.38,263.31,1.2261,9.5208,0.3529,9.6059,P003_Barbell_Bench_Press_Uncontrolled_Movement_1_01.csv
3,9,1,2,1,32.298,32298,1.36,8.87,0.16,8.9751,-0.0142,-0.0262,-0.7276,-9.13,92.44,262.38,1.2438,9.4351,0.3275,9.5223,P003_Barbell_Bench_Press_Uncontrolled_Movement_1_01.csv
3,9,1,2,1,32.47,32470,2.55,9.56,0.34,9.9001,-0.0087,-0.0349,-1.0254,-11.13,92.31,263.94,1.4159,9.4515,0.3291,9.5627,P003_Barbell_Bench_Press_Uncontrolled_Movement_1_01.csv
3,9,1,2,1,32.601,32601,2.62,9.17,0.57,9.554,0.072,0.1113,0.8596,-9.56,92.13,262.19,1.5746,9.4144,0.3609,9.552,P003_Barbell_Bench_Press_Uncontrolled_Movement_1_01.csv
3,9,1,2,1,32.731,32731,0.1,9.52,0.44,9.5307,0.0982,0.0742,0.5923,-9.06,91.75,261.44,1.3803,9.4283,0.3713,9.5361,P003_Barbell_Bench_Press_Uncontrolled_Movement_1_01.csv
3,9,1,2,1,32.862,32862,3.02,9.66,0.52,10.1344,0.0469,-0.0022,-0.4669,-11.75,91.31,263.44,1.5963,9.4589,0.3909,9.6006,P003_Barbell_Bench_Press_Uncontrolled_Movement_1_01.csv
3,9,1,2,1,32.992,32992,0.56,9.4,0.65,9.4391,0.036,0.0971,0.2476,-8.56,91.13,260.0,1.4598,9.4511,0.425,9.5726,P003_Barbell_Bench_Press_Uncontrolled_Movement_1_01.csv
3,9,1,2,1,33.128,33128,-0.27,9.69,0.39,9.7016,-0.0665,-0.0109,-1.0407,-8.44,91.13,259.31,1.2318,9.4826,0.4204,9.5715,P003_Barbell_Bench_Press_Uncontrolled_Movement_1_01.csv
3,9,1,2,1,33.258,33258,0.7,9.11,0.85,9.1763,-0.0753,0.0567,-0.5345,-8.25,91.5,258.5,1.1618,9.4335,0.477,9.5167,P003_Barbell_Bench_Press_Uncontrolled_Movement_1_01.csv
3,9,1,2,1,33.39,33390,1.55,9.99,0.47,10.1204,-0.1102,0.0938,-0.048,-8.38,92.25,257.94,1.2129,9.5068,0.4761,9.5957,P003_Barbell_Bench_Press_Uncontrolled_Movement_1_01.csv
3,9,1,2,1,33.562,33562,1.41,10.16,0.13,10.2582,-0.1364,0.0556,-0.5563,-7.88,93.5,256.75,1.2389,9.5929,0.4305,9.6821,P003_Barbell_Bench_Press_Uncontrolled_Movement_1_01.csv
3,9,1,2,1,33.692,33692,1.14,9.31,0.24,9.3826,-0.1265,0.0458,-0.4832,-6.44,94.38,254.88,1.2259,9.5556,0.4054,9.6425,P003_Barbell_Bench_Press_Uncontrolled_Movement_1_01.csv
3,9,1,2,1,33.822,33822,1.19,10.06,-0.15,10.1312,-0.084,0.0458,-0.3262,-5.31,95.13,253.38,1.2211,9.6221,0.3322,9.7049,P003_Barbell_Bench_Press_Uncontrolled_Movement_1_01.csv
3,9,1,2,1,33.952,33952,0.23,10.61,-0.18,10.614,-0.0218,0.0447,-0.1124,-4.13,95.5,251.81,1.0905,9.7523,0.2647,9.8166,P003_Barbell_Bench_Press_Uncontrolled_Movement_1_01.csv
3,9,1,2,1,34.082,34082,1.27,10.72,-0.43,10.8035,0.0436,0.0884,0.5443,-3.69,95.13,251.06,1.1142,9.8798,0.1732,9.9439,P003_Barbell_Bench_Press_Uncontrolled_Movement_1_01.csv
3,9,1,2,1,34.212,34212,-0.24,11.07,-0.27,11.0759,0.0698,0.0753,0.589,-4.38,94.75,251.38,0.9357,10.0366,0.1148,10.0808,P003_Barbell_Bench_Press_Uncontrolled_Movement_1_01.csv
3,9,1,2,1,34.342,34342,1.49,11.02,-0.08,11.1206,0.0731,0.0196,-0.0894,-7.0,94.25,253.5,1.0088,10.1662,0.0891,10.2165,P003_Barbell_Bench_Press_Uncontrolled_Movement_1_01.csv
3,9,1,2,1,34.472,34472,0.41,10.79,0.26,10.8009,0.0971,0.0262,0.1582,-6.75,93.63,253.06,0.9299,10.2484,0.1116,10.2911,P003_Barbell_Bench_Press_Uncontrolled_Movement_1_01.csv
3,9,1,2,1,34.645,34645,-2.17,10.73,-0.1,10.9477,0.0862,-0.0055,-0.0884,-4.88,92.75,251.06,0.5214,10.3119,0.0837,10.3254,P003_Barbell_Bench_Press_Uncontrolled_Movement_1_01.csv
3,9,1,2,1,34.777,34777,0.57,8.98,0.84,9.0372,0.024,-0.1091,-1.6046,-7.5,92.13,253.44,0.5278,10.1364,0.1834,10.1518,P003_Barbell_Bench_Press_Uncontrolled_Movement_1_01.csv
3,9,1,2,1,34.907,34907,0.6,7.56,0.58,7.6059,0.1309,0.1091,1.7911,-7.0,91.63,253.06,0.5373,9.7969,0.2357,9.8144,P003_Barbell_Bench_Press_Uncontrolled_Movement_1_01.csv
3,9,1,2,1,35.04,35040,-1.15,6.82,0.24,6.9204,0.0425,-0.1713,-1.3254,-7.25,91.0,253.56,0.315,9.4046,0.2362,9.4128,P003_Barbell_Bench_Press_Uncontrolled_Movement_1_01.csv
3,10,1,2,1,35.171,35171,5.53,9.36,0.12,10.8722,-0.048,-0.0207,0.1931,-11.38,90.75,257.56,1.0022,9.3987,0.2209,9.4546,P003_Barbell_Bench_Press_Uncontrolled_Movement_1_01.csv
3,10,1,2,1,35.304,35304,0.65,9.29,0.38,9.3205,-0.1124,-0.0109,-0.0665,-8.06,91.44,254.75,0.9558,9.3844,0.2419,9.436,P003_Barbell_Bench_Press_Uncontrolled_Movement_1_01.csv
3,10,1,2,1,35.434,35434,2.48,10.19,0.59,10.504,-0.1124,-0.0087,0.0807,-9.69,92.25,256.44,1.1566,9.4905,0.2877,9.5651,P003_Barbell_Bench_Press_Uncontrolled_Movement_1_01.csv
3,10,1,2,1,35.564,35564,1.91,9.59,0.49,9.7906,-0.0742,-0.0785,-0.2803,-7.81,92.88,255.06,1.2559,9.5037,0.3144,9.5914,P003_Barbell_Bench_Press_Uncontrolled_Movement_1_01.csv
3,10,1,2,1,35.737,35737,2.05,9.9,0.19,10.1118,-0.0425,-0.084,-0.0185,-8.75,93.25,256.75,1.3605,9.5559,0.298,9.6568,P003_Barbell_Bench_Press_Uncontrolled_Movement_1_01.csv
3,10,1,2,1,35.867,35867,2.18,9.61,-0.03,9.8542,-0.0458,-0.084,0.1473,-9.88,93.44,258.5,1.4685,9.563,0.2548,9.6785,P003_Barbell_Bench_Press_Uncontrolled_Movement_1_01.csv
3,10,1,2,1,35.997,35997,2.2,9.7,-0.14,9.9473,-0.0447,-0.0327,0.8236,-11.25,93.75,260.56,1.5649,9.5811,0.2028,9.7101,P003_Barbell_Bench_Press_Uncontrolled_Movement_1_01.csv
3,10,1,2,1,36.127,36127,2.13,8.52,-0.04,8.7823,-0.0764,-0.0982,-0.3894,-11.44,94.13,261.38,1.6394,9.4412,0.1708,9.584,P003_Barbell_Bench_Press_Uncontrolled_Movement_1_01.csv
3,10,1,2,1,36.257,36257,1.62,8.52,-0.06,8.6729,-0.0273,0.0153,1.2599,-12.5,94.56,262.94,1.6368,9.3198,0.1404,9.4635,P003_Barbell_Bench_Press_Uncontrolled_Movement_1_01.csv
3,10,1,2,1,36.387,36387,2.79,9.2,0.11,9.6144,-0.0862,-0.1178,-1.1236,-15.13,94.94,265.88,1.7888,9.3041,0.1364,9.4754,P003_Barbell_Bench_Press_Uncontrolled_Movement_1_01.csv
3,10,1,2,1,36.517,36517,7.57,9.6,0.35,12.2306,-0.0567,-0.0207,0.1702,-19.13,95.44,269.88,2.5506,9.3431,0.1645,9.6863,P003_Barbell_Bench_Press_Uncontrolled_Movement_1_01.csv
3,10,1,2,1,36.647,36647,3.28,9.56,0.13,10.1079,0.036,0.0436,0.8988,-16.81,95.56,268.06,2.6467,9.3716,0.16,9.7395,P003_Barbell_Bench_Press_Uncontrolled_Movement_1_01.csv
3,10,1,2,1,36.82,36820,0.18,9.85,0.0,9.8516,0.1047,0.0207,1.0603,-14.25,95.13,266.06,2.3217,9.4347,0.1389,9.7171,P003_Barbell_Bench_Press_Uncontrolled_Movement_1_01.csv
3,10,1,2,1,36.95,36950,-1.71,8.74,-0.63,8.928,-0.0175,-0.1244,-0.6229,-13.5,94.69,265.5,1.7904,9.3431,0.0376,9.5132,P003_Barbell_Bench_Press_Uncontrolled_Movement_1_01.csv
3,10,1,2,1,37.082,37082,1.9,9.35,0.1,9.5416,0.0251,-0.1167,-2.0475,-15.81,94.19,267.44,1.8048,9.344,0.0458,9.5169,P003_Barbell_Bench_Press_Uncontrolled_Movement_1_01.csv
3,10,1,2,1,37.213,37213,4.94,8.77,0.1,10.0661,0.0687,0.0884,0.5443,-15.69,93.81,267.0,2.218,9.2684,0.0529,9.5302,P003_Barbell_Bench_Press_Uncontrolled_Movement_1_01.csv
3,10,1,2,1,37.348,37348,2.2,9.79,0.19,10.0359,0.0654,0.2029,1.0003,-14.81,93.63,265.44,2.2156,9.3371,0.071,9.5967,P003_Barbell_Bench_Press_Uncontrolled_Movement_1_01.csv
3,10,1,2,1,37.479,37479,2.04,9.31,0.86,9.5696,0.0109,0.0851,-0.7603,-14.06,93.63,263.44,2.1925,9.3336,0.175,9.5892,P003_Barbell_Bench_Press_Uncontrolled_Movement_1_01.csv
3,10,1,2,1,37.609,37609,3.37,10.22,0.44,10.7703,0.0829,0.108,-0.2814,-15.13,93.38,263.25,2.3476,9.4504,0.2099,9.7399,P003_Barbell_Bench_Press_Uncontrolled_Movement_1_01.csv
3,10,1,2,1,37.739,37739,1.1,9.17,0.64,9.2579,0.0938,0.0502,-0.5192,-11.06,92.81,258.5,2.1832,9.4134,0.2666,9.667,P003_Barbell_Bench_Press_Uncontrolled_Movement_1_01.csv
3,10,1,2,1,37.912,37912,1.02,10.32,0.3,10.3746,0.0731,0.0087,-0.228,-10.19,91.81,257.06,2.0299,9.5329,0.271,9.7504,P003_Barbell_Bench_Press_Uncontrolled_Movement_1_01.csv
3,10,1,2,1,38.042,38042,1.86,9.84,0.8,10.0462,0.0873,0.0164,0.4418,-10.69,91.25,257.38,2.0075,9.5734,0.3407,9.7875,P003_Barbell_Bench_Press_Uncontrolled_Movement_1_01.csv
3,10,1,2,1,38.173,38173,2.8,9.69,0.62,10.1055,0.0338,0.036,0.649,-12.38,90.94,259.0,2.112,9.5887,0.3775,9.8258,P003_Barbell_Bench_Press_Uncontrolled_Movement_1_01.csv
3,10,1,2,1,38.303,38303,2.47,9.65,0.64,9.9816,-0.0458,0.0109,0.4691,-13.88,91.13,260.56,2.1592,9.5968,0.4121,9.8453,P003_Barbell_Bench_Press_Uncontrolled_Movement_1_01.csv
3,10,1,2,1,38.435,38435,1.43,10.74,0.67,10.8555,-0.072,0.0415,0.9348,-15.63,91.69,262.44,2.0631,9.7474,0.4461,9.9734,P003_Barbell_Bench_Press_Uncontrolled_Movement_1_01.csv
3,10,1,2,1,38.566,38566,-1.29,10.5,0.27,10.5824,-0.2062,-0.2073,-2.3496,-12.56,92.38,259.81,1.6212,9.8466,0.4229,9.9881,P003_Barbell_Bench_Press_Uncontrolled_Movement_1_01.csv
3,10,1,2,1,38.7,38700,5.77,9.57,0.71,11.1974,-0.0796,-0.0316,-0.3578,-15.75,92.94,262.94,2.1679,9.8102,0.4607,10.0574,P003_Barbell_Bench_Press_Uncontrolled_Movement_1_01.csv
3,10,1,2,1,38.832,38832,3.87,10.1,0.32,10.8208,0.0022,0.0665,1.5446,-17.38,93.31,264.94,2.3922,9.8484,0.4422,10.1444,P003_Barbell_Bench_Press_Uncontrolled_Movement_1_01.csv
3,10,1,2,1,39.004,39004,1.37,7.97,0.72,8.1189,0.0207,0.0011,1.2905,-10.69,93.56,259.31,2.2575,9.6008,0.4788,9.8743,P003_Barbell_Bench_Press_Uncontrolled_Movement_1_01.csv
3,10,1,2,1,39.134,39134,0.14,5.81,0.51,5.834,0.0087,-0.2629,-2.1337,-8.38,93.19,257.81,1.9785,9.1013,0.4829,9.3264,P003_Barbell_Bench_Press_Uncontrolled_Movement_1_01.csv
3,10,1,2,1,39.264,39264,4.66,10.8,-0.28,11.7658,0.0873,0.0229,1.8817,-10.56,92.5,260.63,2.3318,9.3251,0.3824,9.6199,P003_Barbell_Bench_Press_Uncontrolled_Movement_1_01.csv
3,10,1,2,1,39.394,39394,-2.36,8.07,-0.32,8.4141,-0.1014,-0.1342,-0.4189,-7.25,92.56,258.38,1.7136,9.1597,0.2898,9.3232,P003_Barbell_Bench_Press_Uncontrolled_Movement_1_01.csv
3,10,1,2,1,39.524,39524,1.84,10.76,0.56,10.9305,-0.1244,-0.0993,-0.1353,-12.0,93.13,263.56,1.7302,9.3706,0.3254,9.5346,P003_Barbell_Bench_Press_Uncontrolled_Movement_1_01.csv
3,10,1,2,1,39.654,39654,0.43,9.47,0.18,9.4815,-0.0654,-0.1113,-0.5814,-11.25,93.63,263.5,1.5589,9.3837,0.3063,9.5173,P003_Barbell_Bench_Press_Uncontrolled_Movement_1_01.csv
3,10,1,2,1,39.784,39784,2.54,10.16,0.37,10.4792,0.0327,-0.0065,0.8399,-13.75,93.63,266.38,1.6882,9.486,0.3147,9.6402,P003_Barbell_Bench_Press_Uncontrolled_Movement_1_01.csv
3,10,1,2,1,39.914,39914,1.23,9.49,-0.17,9.5709,0.0436,-0.0011,0.2422,-14.75,93.38,267.56,1.6278,9.4865,0.2508,9.6284,P003_Barbell_Bench_Press_Uncontrolled_Movement_1_01.csv
3,10,1,2,1,40.087,40087,4.72,9.64,0.64,10.7526,0.0578,0.1014,0.6305,-18.44,93.19,270.75,2.0353,9.5068,0.3021,9.7269,P003_Barbell_Bench_Press_Uncontrolled_Movement_1_01.csv
3,10,1,2,1,40.218,40218,2.89,8.75,0.59,9.2338,0.0796,0.0829,0.6447,-16.63,92.88,268.69,2.1479,9.407,0.34,9.6551,P003_Barbell_Bench_Press_Uncontrolled_Movement_1_01.csv
3,10,1,2,1,40.348,40348,2.41,9.49,0.63,9.8115,0.036,0.0458,0.1222,-17.5,92.63,269.13,2.1824,9.418,0.3782,9.6749,P003_Barbell_Bench_Press_Uncontrolled_Movement_1_01.csv
3,10,1,2,1,40.479,40479,1.97,8.63,0.01,8.852,-0.0207,0.0567,0.0894,-17.56,92.69,268.88,2.1544,9.3141,0.3297,9.5657,P003_Barbell_Bench_Press_Uncontrolled_Movement_1_01.csv
3,10,1,2,1,40.612,40612,3.26,10.2,0.72,10.7325,-0.0513,0.096,0.2825,-19.94,93.19,270.81,2.3001,9.4309,0.3811,9.7148,P003_Barbell_Bench_Press_Uncontrolled_Movement_1_01.csv
3,10,1,2,1,40.745,40745,1.56,9.13,0.05,9.2625,-0.096,-0.0044,-0.8661,-14.25,93.75,265.19,2.2026,9.3912,0.3375,9.652,P003_Barbell_Bench_Press_Uncontrolled_Movement_1_01.csv
3,1,1,2,1,0.0,0,-0.65,9.59,0.87,9.6513,-0.0022,0.0742,0.0153,3.19,85.63,308.88,-0.5413,9.6859,0.7876,9.7329,P003_Barbell_Bench_Press_Uncontrolled_Movement_1_02.csv
3,1,1,2,1,0.121,121,0.0,9.43,0.71,9.4567,-0.0404,0.0535,0.1156,2.13,85.75,309.5,-0.47,9.6522,0.7774,9.6948,P003_Barbell_Bench_Press_Uncontrolled_Movement_1_02.csv
3,1,1,2,1,0.243,243,-0.28,9.69,0.57,9.7108,-0.0382,0.0164,-0.2967,2.56,86.06,308.75,-0.4449,9.6571,0.75,9.6964,P003_Barbell_Bench_Press_Uncontrolled_Movement_1_02.csv
3,1,1,2,1,0.409,409,-0.35,9.93,0.74,9.9637,0.0153,0.0065,0.2323,2.94,86.19,308.38,-0.4324,9.6931,0.7487,9.7316,P003_Barbell_Bench_Press_Uncontrolled_Movement_1_02.csv
3,1,1,2,1,0.53,530,-0.16,9.71,0.7,9.7365,0.0589,-0.0295,0.0065,2.06,85.94,309.31,-0.3965,9.6953,0.7423,9.7318,P003_Barbell_Bench_Press_Uncontrolled_Movement_1_02.csv
3,1,1,2,1,0.65,650,-0.17,9.53,0.77,9.5626,0.0404,-0.0502,0.0818,1.69,85.56,310.0,-0.3667,9.6735,0.7459,9.7092,P003_Barbell_Bench_Press_Uncontrolled_Movement_1_02.csv
3,1,1,2,1,0.771,771,-0.4,9.64,0.76,9.6782,-0.0022,-0.0273,0.072,1.63,85.5,310.38,-0.3711,9.6691,0.7478,9.7051,P003_Barbell_Bench_Press_Uncontrolled_Movement_1_02.csv
3,1,1,2,1,0.892,892,0.22,10.38,0.87,10.4187,-0.0491,-0.0022,-0.1473,1.19,85.63,310.88,-0.2932,9.7628,0.7639,9.797,P003_Barbell_Bench_Press_Uncontrolled_Movement_1_02.csv
3,1,1,2,1,1.014,1014,-1.54,11.76,0.87,11.8923,-0.0142,-0.0273,-0.7712,5.13,85.81,307.06,-0.4575,10.026,0.7779,10.0665,P003_Barbell_Bench_Press_Uncontrolled_Movement_1_02.csv
3,1,1,2,1,1.135,1135,-0.61,12.23,0.86,12.2754,0.0938,0.0185,-0.2345,7.0,85.38,305.13,-0.4776,10.3164,0.7887,10.3575,P003_Barbell_Bench_Press_Uncontrolled_Movement_1_02.csv
3,1,1,2,1,1.26,1260,-2.55,9.74,0.7,10.0926,0.0513,-0.0098,-0.2258,11.06,84.69,301.19,-0.7507,10.2405,0.777,10.2973,P003_Barbell_Bench_Press_Uncontrolled_Movement_1_02.csv
3,1,1,2,1,1.422,1422,-0.5,9.75,1.34,9.8543,-0.0262,-0.0993,-0.1636,7.25,84.88,305.38,-0.7176,10.1758,0.8512,10.2365,P003_Barbell_Bench_Press_Uncontrolled_Movement_1_02.csv
3,1,1,2,1,1.543,1543,-0.5,9.87,1.07,9.9404,-0.0611,-0.0894,0.7647,6.06,85.31,307.31,-0.689,10.1355,0.88,10.197,P003_Barbell_Bench_Press_Uncontrolled_Movement_1_02.csv
3,1,1,2,1,1.664,1664,-1.1,7.03,0.74,7.1539,-0.0785,-0.0982,-0.2083,5.88,85.81,308.13,-0.7431,9.7263,0.8616,9.7926,P003_Barbell_Bench_Press_Uncontrolled_Movement_1_02.csv
3,1,1,2,1,1.786,1786,-0.67,7.05,0.12,7.0828,-0.0153,0.0436,1.645,0.19,86.5,314.0,-0.7335,9.3736,0.7639,9.4333,P003_Barbell_Bench_Press_Uncontrolled_Movement_1_02.csv
3,1,1,2,1,1.912,1912,2.88,9.88,-0.66,10.3123,-0.0207,0.0033,-0.2149,-7.38,86.13,321.19,-0.2573,9.4404,0.5762,9.4614,P003_Barbell_Bench_Press_Uncontrolled_Movement_1_02.csv
3,1,1,2,1,2.033,2033,-1.91,8.69,0.4,8.9064,0.0305,0.0371,-0.7156,2.81,86.06,310.94,-0.4751,9.3415,0.553,9.3699,P003_Barbell_Bench_Press_Uncontrolled_Movement_1_02.csv
3,1,1,2,1,2.154,2154,0.31,10.39,0.33,10.3999,-0.0567,0.1418,0.7079,-1.13,86.19,314.19,-0.3716,9.4796,0.5236,9.5014,P003_Barbell_Bench_Press_Uncontrolled_Movement_1_02.csv
3,1,1,2,1,2.275,2275,-0.3,9.54,0.5,9.5578,0.0393,0.0982,-0.4429,-0.25,86.06,312.5,-0.3622,9.4876,0.5205,9.5088,P003_Barbell_Bench_Press_Uncontrolled_Movement_1_02.csv
3,1,1,2,1,2.438,2438,0.42,9.02,0.44,9.0405,-0.0218,0.1004,0.4865,-1.13,85.75,312.44,-0.2591,9.426,0.5099,9.4433,P003_Barbell_Bench_Press_Uncontrolled_Movement_1_02.csv
3,1,1,2,1,2.564,2564,0.96,8.19,0.68,8.2741,0.0153,0.0295,-0.3283,-1.5,85.75,312.38,-0.0985,9.2631,0.5323,9.2789,P003_Barbell_Bench_Press_Uncontrolled_Movement_1_02.csv
3,1,1,2,1,2.685,2685,-0.61,8.86,0.88,8.9245,0.0153,-0.0022,-0.1713,1.31,85.75,309.5,-0.1659,9.21,0.5781,9.2296,P003_Barbell_Bench_Press_Uncontrolled_Movement_1_02.csv
3,2,1,2,1,2.805,2805,0.11,9.25,0.77,9.2826,0.0055,-0.024,0.1985,0.69,85.69,310.25,-0.1295,9.2153,0.6034,9.2359,P003_Barbell_Bench_Press_Uncontrolled_Movement_1_02.csv
3,2,1,2,1,2.926,2926,-0.75,9.67,0.73,9.7265,-0.0371,-0.1167,-0.612,1.88,85.81,309.5,-0.2113,9.2752,0.6201,9.2983,P003_Barbell_Bench_Press_Uncontrolled_Movement_1_02.csv
3,2,1,2,1,3.048,3048,-0.74,9.43,0.5,9.4722,-0.0087,-0.072,0.0698,3.06,85.88,308.88,-0.281,9.2956,0.6043,9.3194,P003_Barbell_Bench_Press_Uncontrolled_Movement_1_02.csv
3,2,1,2,1,3.168,3168,-0.36,10.33,-0.12,10.337,-0.0644,-0.0894,-0.4047,3.94,85.94,308.44,-0.2914,9.4319,0.5088,9.4501,P003_Barbell_Bench_Press_Uncontrolled_Movement_1_02.csv
3,2,1,2,1,3.289,3289,-0.31,9.54,0.96,9.5932,-0.0502,-0.0753,0.1778,4.44,86.44,308.5,-0.2938,9.4461,0.5683,9.4678,P003_Barbell_Bench_Press_Uncontrolled_Movement_1_02.csv
3,2,1,2,1,3.451,3451,-1.38,10.59,0.62,10.6975,-0.0087,-0.1058,-0.5509,5.88,86.94,307.88,-0.437,9.5969,0.5751,9.624,P003_Barbell_Bench_Press_Uncontrolled_Movement_1_02.csv
3,2,1,2,1,3.576,3576,-1.48,9.91,0.47,10.0309,0.1102,-0.0175,0.4429,4.56,86.5,309.63,-0.5744,9.6381,0.5612,9.6715,P003_Barbell_Bench_Press_Uncontrolled_Movement_1_02.csv
3,2,1,2,1,3.697,3697,-0.51,9.71,0.31,9.7283,0.0305,0.0011,-0.4985,3.81,85.88,310.38,-0.5659,9.6476,0.5281,9.6786,P003_Barbell_Bench_Press_Uncontrolled_Movement_1_02.csv
3,2,1,2,1,3.818,3818,-2.23,10.52,0.57,10.7689,-0.0305,0.0611,-0.0687,6.56,85.81,307.38,-0.7852,9.7626,0.5337,9.8086,P003_Barbell_Bench_Press_Uncontrolled_Movement_1_02.csv
3,2,1,2,1,3.939,3939,-0.51,10.03,0.59,10.0603,-0.0011,0.108,0.4145,3.94,85.81,309.38,-0.7489,9.7978,0.5411,9.8413,P003_Barbell_Bench_Press_Uncontrolled_Movement_1_02.csv
3,2,1,2,1,4.06,4060,0.11,9.95,0.76,9.9796,-0.0185,0.0807,0.2607,2.5,85.81,310.25,-0.6358,9.8179,0.5699,9.8549,P003_Barbell_Bench_Press_Uncontrolled_Movement_1_02.csv
3,2,1,2,1,4.188,4188,0.94,9.91,0.9,9.9951,-0.0011,0.0535,0.3742,0.38,85.81,311.94,-0.4281,9.83,0.6134,9.8584,P003_Barbell_Bench_Press_Uncontrolled_Movement_1_02.csv
3,2,1,2,1,4.309,4309,-0.57,10.62,0.96,10.6785,0.0033,0.0142,-0.432,1.56,85.81,310.5,-0.4468,9.9341,0.6591,9.966,P003_Barbell_Bench_Press_Uncontrolled_Movement_1_02.csv
3,2,1,2,1,4.471,4471,-0.44,10.41,0.43,10.4282,0.0164,0.0033,-0.012,1.88,85.56,310.06,-0.4459,9.9968,0.6289,10.0265,P003_Barbell_Bench_Press_Uncontrolled_Movement_1_02.csv
3,2,1,2,1,4.593,4593,-0.12,10.98,1.0,11.0261,0.0033,-0.0284,0.0207,2.69,85.44,309.31,-0.403,10.1264,0.6778,10.157,P003_Barbell_Bench_Press_Uncontrolled_Movement_1_02.csv
3,2,1,2,1,4.719,4719,-0.03,10.11,1.07,10.1665,0.0469,-0.0676,-0.3392,3.0,85.25,309.38,-0.3538,10.1242,0.7295,10.1566,P003_Barbell_Bench_Press_Uncontrolled_Movement_1_02.csv
3,2,1,2,1,4.84,4840,-1.62,11.22,1.01,11.3813,0.0076,-0.1134,-0.0818,6.38,85.25,306.75,-0.5207,10.2686,0.7665,10.3103,P003_Barbell_Bench_Press_Uncontrolled_Movement_1_02.csv
3,2,1,2,1,4.961,4961,-0.36,9.85,0.41,9.8651,0.0076,-0.132,0.2563,4.56,85.31,309.44,-0.4995,10.2134,0.7195,10.2509,P003_Barbell_Bench_Press_Uncontrolled_Movement_1_02.csv
3,2,1,2,1,5.083,5083,-0.01,8.49,1.13,8.5649,-0.0698,-0.1505,-0.1887,4.13,85.56,310.81,-0.435,9.9863,0.7736,10.0257,P003_Barbell_Bench_Press_Uncontrolled_Movement_1_02.csv
3,2,1,2,1,5.204,5204,-1.57,7.85,0.8,8.0453,-0.1353,-0.1331,-0.1636,6.69,86.56,309.13,-0.5846,9.7048,0.7771,9.7534,P003_Barbell_Bench_Press_Uncontrolled_Movement_1_02.csv
3,2,1,2,1,5.33,5330,-0.39,8.16,0.59,8.1906,-0.144,-0.0644,0.8138,2.38,87.31,313.88,-0.5589,9.5013,0.7524,9.5474,P003_Barbell_Bench_Press_Uncontrolled_Movement_1_02.csv
3,2,1,2,1,5.492,5492,-0.62,9.2,-0.3,9.2257,0.0382,0.0273,0.0011,1.5,87.13,314.94,-0.567,9.4616,0.6137,9.4984,P003_Barbell_Bench_Press_Uncontrolled_Movement_1_02.csv
3,2,1,2,1,5.613,5613,-0.55,9.48,-0.2,9.498,-0.0774,0.0556,0.0,2.06,87.06,314.0,-0.5647,9.464,0.5065,9.4943,P003_Barbell_Bench_Press_Uncontrolled_Movement_1_02.csv
3,2,1,2,1,5.734,5734,-0.18,9.82,0.53,9.8359,-0.0218,0.0938,-0.072,1.69,87.19,313.88,-0.514,9.5109,0.5096,9.5384,P003_Barbell_Bench_Press_Uncontrolled_Movement_1_02.csv
3,2,1,2,1,5.856,5856,-0.33,9.45,0.41,9.4646,-0.0044,0.1211,-0.0033,2.06,87.19,312.75,-0.4898,9.5029,0.4965,9.5284,P003_Barbell_Bench_Press_Uncontrolled_Movement_1_02.csv
3,2,1,2,1,5.982,5982,0.39,8.25,0.72,8.2905,0.0415,0.1374,0.0458,1.25,87.0,312.69,-0.3739,9.3378,0.5259,9.36,P003_Barbell_Bench_Press_Uncontrolled_Movement_1_02.csv
3,2,1,2,1,6.103,6103,-0.46,9.73,0.55,9.7564,0.084,0.0884,-0.8727,4.38,86.69,308.75,-0.3852,9.3895,0.5291,9.4122,P003_Barbell_Bench_Press_Uncontrolled_Movement_1_02.csv
3,2,1,2,1,6.223,6223,-1.69,8.85,0.12,9.0107,0.0916,0.1298,0.6589,5.56,86.06,306.94,-0.5571,9.3184,0.4752,9.3471,P003_Barbell_Bench_Press_Uncontrolled_Movement_1_02.csv
3,2,1,2,1,6.344,6344,0.97,9.02,1.29,9.1633,0.0764,0.0676,-0.0905,1.44,85.63,310.38,-0.3559,9.2791,0.5826,9.3041,P003_Barbell_Bench_Press_Uncontrolled_Movement_1_02.csv
3,3,1,2,1,6.506,6506,-2.29,9.27,1.05,9.6062,-0.0425,0.0076,-0.1538,8.25,85.56,303.44,-0.6108,9.2779,0.6442,9.3202,P003_Barbell_Bench_Press_Uncontrolled_Movement_1_02.csv
3,3,1,2,1,6.628,6628,-1.04,10.27,1.05,10.3758,-0.0894,-0.0196,0.1484,6.94,86.06,304.81,-0.6673,9.4086,0.6976,9.458,P003_Barbell_Bench_Press_Uncontrolled_Movement_1_02.csv
3,3,1,2,1,6.749,6749,-0.97,10.12,0.93,10.2088,0.0535,0.0033,-0.3796,7.75,86.25,304.06,-0.7072,9.5023,0.7283,9.5564,P003_Barbell_Bench_Press_Uncontrolled_Movement_1_02.csv
3,3,1,2,1,6.874,6874,-1.47,9.82,0.76,9.9585,0.0207,0.0393,0.2858,8.0,85.88,303.63,-0.8077,9.5442,0.7324,9.6063,P003_Barbell_Bench_Press_Uncontrolled_Movement_1_02.csv
3,3,1,2,1,6.995,6995,-0.31,11.65,1.36,11.7332,0.1342,0.0611,-0.4396,6.44,85.38,304.81,-0.7421,9.8217,0.8151,9.8834,P003_Barbell_Bench_Press_Uncontrolled_Movement_1_02.csv
3,3,1,2,1,7.117,7117,-2.98,9.35,1.09,9.8738,0.396,0.2073,0.0109,9.75,83.38,300.94,-1.037,9.7595,0.8514,9.8513,P003_Barbell_Bench_Press_Uncontrolled_Movement_1_02.csv
3,3,1,2,1,7.237,7237,-0.18,8.33,0.8,8.3703,0.1854,0.2509,0.1494,6.56,81.13,302.63,-0.9241,9.5712,0.8446,9.6527,P003_Barbell_Bench_Press_Uncontrolled_Movement_1_02.csv
3,3,1,2,1,7.358,7358,-2.03,8.39,1.32,8.7324,-0.2007,0.0764,-0.4701,9.38,81.31,298.69,-1.0698,9.4155,0.9072,9.5194,P003_Barbell_Bench_Press_Uncontrolled_Movement_1_02.csv
3,3,1,2,1,7.523,7523,-0.18,10.92,1.75,11.0608,-0.3338,0.0076,0.7712,4.81,84.06,302.69,-0.9526,9.6138,1.0183,9.7144,P003_Barbell_Bench_Press_Uncontrolled_Movement_1_02.csv
3,3,1,2,1,7.646,7646,0.93,10.23,1.2,10.342,-0.1778,-0.0578,-0.0098,2.0,85.94,305.56,-0.7045,9.695,1.0422,9.7762,P003_Barbell_Bench_Press_Uncontrolled_Movement_1_02.csv
3,3,1,2,1,7.767,7767,-0.52,10.85,0.7,10.885,-0.0011,-0.1058,-0.4745,3.81,86.44,304.25,-0.6802,9.8472,0.9971,9.9209,P003_Barbell_Bench_Press_Uncontrolled_Movement_1_02.csv
3,3,1,2,1,7.888,7888,-1.29,9.89,0.35,9.9799,0.0862,-0.1025,-0.1091,5.38,86.13,303.44,-0.7605,9.8528,0.9119,9.9241,P003_Barbell_Bench_Press_Uncontrolled_Movement_1_02.csv
3,3,1,2,1,8.009,8009,-0.48,9.88,0.42,9.9006,0.0927,-0.1004,0.3491,4.88,85.69,304.69,-0.7236,9.8564,0.847,9.9192,P003_Barbell_Bench_Press_Uncontrolled_Movement_1_02.csv
3,3,1,2,1,8.13,8130,-0.25,9.32,0.89,9.3657,0.0469,-0.1451,-0.4832,4.81,85.38,305.63,-0.6612,9.7857,0.8527,9.845,P003_Barbell_Bench_Press_Uncontrolled_Movement_1_02.csv
3,3,1,2,1,8.252,8252,-3.02,10.09,1.25,10.6062,0.0458,-0.0818,-0.2378,9.56,85.31,301.81,-0.972,9.8258,0.9051,9.9152,P003_Barbell_Bench_Press_Uncontrolled_Movement_1_02.csv
3,3,1,2,1,8.378,8378,-0.82,10.9,0.57,10.9457,-0.0033,-0.0371,0.1429,7.88,85.13,303.81,-0.952,9.9674,0.8609,10.0497,P003_Barbell_Bench_Press_Uncontrolled_Movement_1_02.csv
3,3,1,2,1,8.54,8540,-1.73,10.1,0.73,10.2731,0.0044,0.0,-0.4025,10.0,84.94,301.94,-1.0545,9.9848,0.8437,10.0758,P003_Barbell_Bench_Press_Uncontrolled_Movement_1_02.csv
3,3,1,2,1,8.661,8661,-0.57,8.97,0.97,9.0403,-0.0076,0.024,0.3076,9.13,85.0,302.63,-0.9907,9.8511,0.8603,9.9381,P003_Barbell_Bench_Press_Uncontrolled_Movement_1_02.csv
3,3,1,2,1,8.783,8783,-1.72,10.02,1.19,10.236,0.0076,0.012,-0.4451,9.63,85.13,302.06,-1.0868,9.8734,0.9038,9.974,P003_Barbell_Bench_Press_Uncontrolled_Movement_1_02.csv
3,3,1,2,1,8.904,8904,-1.75,7.03,0.59,7.2685,-0.0862,0.0142,0.2378,10.38,85.31,301.19,-1.1742,9.4987,0.8624,9.6098,P003_Barbell_Bench_Press_Uncontrolled_Movement_1_02.csv
3,3,1,2,1,9.029,9029,-0.23,5.64,1.33,5.7993,-0.0873,0.0436,1.3188,4.13,85.94,307.13,-1.0497,8.9902,0.924,9.0983,P003_Barbell_Bench_Press_Uncontrolled_Movement_1_02.csv
3,4,1,2,1,9.151,9151,-1.01,11.65,-0.34,11.6986,-0.0764,-0.0164,-1.4824,4.94,86.63,306.13,-1.0445,9.3407,0.7575,9.4294,P003_Barbell_Bench_Press_Uncontrolled_Movement_1_02.csv
3,4,1,2,1,9.271,9271,-2.77,9.49,-0.51,9.8991,0.0556,0.0458,0.7429,8.63,86.44,302.38,-1.2719,9.3604,0.5904,9.4648,P003_Barbell_Bench_Press_Uncontrolled_Movement_1_02.csv
3,4,1,2,1,9.392,9392,-0.31,9.13,1.22,9.2164,-0.0131,-0.0098,0.2367,2.5,86.63,308.25,-1.1451,9.33,0.6734,9.4241,P003_Barbell_Bench_Press_Uncontrolled_Movement_1_02.csv
3,4,1,2,1,9.555,9555,-0.27,9.6,0.43,9.6134,0.0153,-0.0349,0.2727,2.56,86.81,308.5,-1.0298,9.3656,0.6413,9.4438,P003_Barbell_Bench_Press_Uncontrolled_Movement_1_02.csv
3,4,1,2,1,9.681,9681,0.39,9.16,0.61,9.1886,-0.0142,-0.0502,0.1014,0.81,86.81,310.5,-0.8427,9.3385,0.6372,9.3981,P003_Barbell_Bench_Press_Uncontrolled_Movement_1_02.csv
3,4,1,2,1,9.802,9802,-0.38,9.52,0.52,9.5418,-0.0295,-0.0764,-0.0589,1.69,87.06,310.13,-0.7817,9.3624,0.6218,9.4155,P003_Barbell_Bench_Press_Uncontrolled_Movement_1_02.csv
3,4,1,2,1,9.923,9923,0.91,8.5,0.66,8.574,-0.0458,-0.0665,0.3076,0.06,87.25,312.19,-0.5588,9.2488,0.6268,9.2868,P003_Barbell_Bench_Press_Uncontrolled_Movement_1_02.csv
3,4,1,2,1,10.044,10044,0.21,8.89,0.48,8.9054,-0.0262,-0.1036,-0.757,1.13,87.38,311.69,-0.4575,9.2015,0.6075,9.2329,P003_Barbell_Bench_Press_Uncontrolled_Movement_1_02.csv
3,4,1,2,1,10.165,10165,-1.71,9.5,0.24,9.6557,0.0338,-0.048,0.1113,5.06,87.44,308.38,-0.6226,9.2408,0.559,9.2786,P003_Barbell_Bench_Press_Uncontrolled_Movement_1_02.csv
3,4,1,2,1,10.288,10288,0.23,10.59,0.71,10.6163,0.0491,-0.0567,-0.624,3.94,87.06,309.75,-0.5102,9.4186,0.5789,9.4502,P003_Barbell_Bench_Press_Uncontrolled_Movement_1_02.csv
3,4,1,2,1,10.409,10409,-3.72,9.08,1.23,9.8893,0.2356,0.024,-0.6872,11.5,86.13,302.63,-0.9332,9.374,0.6647,9.4438,P003_Barbell_Bench_Press_Uncontrolled_Movement_1_02.csv
3,4,1,2,1,10.574,10574,-1.03,7.91,0.59,7.9986,0.0611,0.0556,0.2771,9.94,84.75,303.88,-0.9459,9.1811,0.6549,9.2529,P003_Barbell_Bench_Press_Uncontrolled_Movement_1_02.csv
3,4,1,2,1,10.694,10694,-2.9,9.84,1.39,10.3522,-0.0709,-0.0131,-0.9599,13.94,84.94,299.75,-1.2034,9.2679,0.7517,9.3759,P003_Barbell_Bench_Press_Uncontrolled_Movement_1_02.csv
3,4,1,2,1,10.815,10815,-2.55,9.5,0.38,9.8436,-0.0884,0.0436,0.7221,14.63,85.38,298.81,-1.3809,9.2985,0.7028,9.4267,P003_Barbell_Bench_Press_Uncontrolled_Movement_1_02.csv
3,4,1,2,1,10.936,10936,-0.39,9.53,0.74,9.5666,-0.1331,0.0316,-0.0807,10.94,85.94,302.13,-1.2503,9.329,0.7077,9.439,P003_Barbell_Bench_Press_Uncontrolled_Movement_1_02.csv
3,4,1,2,1,11.058,11058,-3.63,9.77,0.95,10.4658,-0.1778,0.0404,-0.4603,15.19,86.75,297.5,-1.5639,9.3871,0.7396,9.5452,P003_Barbell_Bench_Press_Uncontrolled_Movement_1_02.csv
3,4,1,2,1,11.184,11184,-3.62,9.72,0.48,10.3833,-0.0971,0.0949,0.0982,15.13,87.5,296.88,-1.8348,9.431,0.7054,9.6337,P003_Barbell_Bench_Press_Uncontrolled_Movement_1_02.csv
3,4,1,2,1,11.306,11306,-1.91,9.94,0.05,10.122,0.0022,0.144,0.4843,11.81,87.63,299.19,-1.8447,9.4981,0.619,9.6953,P003_Barbell_Bench_Press_Uncontrolled_Movement_1_02.csv
3,4,1,2,1,11.426,11426,-1.45,10.24,0.36,10.3484,0.0731,0.0731,-0.2236,11.06,87.19,299.31,-1.7927,9.5958,0.5849,9.7794,P003_Barbell_Bench_Press_Uncontrolled_Movement_1_02.csv
3,4,1,2,1,11.59,11590,-0.78,10.83,0.89,10.8945,0.1276,0.0131,0.2443,8.5,86.06,301.56,-1.6593,9.7585,0.6251,9.9182,P003_Barbell_Bench_Press_Uncontrolled_Movement_1_02.csv
3,4,1,2,1,11.711,11711,-1.39,9.21,1.0,9.3678,0.1156,-0.0654,0.0949,8.31,85.19,302.06,-1.6238,9.6862,0.6745,9.8445,P003_Barbell_Bench_Press_Uncontrolled_Movement_1_02.csv
3,4,1,2,1,11.836,11836,-0.58,9.44,1.09,9.5204,-0.0011,-0.1451,-0.1047,7.63,84.81,303.56,-1.4862,9.6537,0.7293,9.7947,P003_Barbell_Bench_Press_Uncontrolled_Movement_1_02.csv
3,4,1,2,1,11.957,11957,-1.84,9.73,1.04,9.9569,-0.0785,-0.1985,-0.1582,9.69,85.38,302.69,-1.5329,9.6638,0.7702,9.8149,P003_Barbell_Bench_Press_Uncontrolled_Movement_1_02.csv
3,4,1,2,1,12.078,12078,-2.19,10.7,1.06,10.9731,-0.1156,-0.1614,-0.0458,10.06,86.19,303.5,-1.6195,9.8003,0.8084,9.9661,P003_Barbell_Bench_Press_Uncontrolled_Movement_1_02.csv
3,4,1,2,1,12.199,12199,-3.02,10.81,0.39,11.2307,-0.1102,-0.0829,-0.3829,11.88,86.94,302.38,-1.804,9.9334,0.7533,10.1239,P003_Barbell_Bench_Press_Uncontrolled_Movement_1_02.csv
3,4,1,2,1,12.338,12338,-2.55,9.96,0.03,10.2813,-0.0687,0.0458,-0.0535,13.44,87.5,300.63,-1.9023,9.9369,0.6579,10.1387,P003_Barbell_Bench_Press_Uncontrolled_Movement_1_02.csv
3,4,1,2,1,12.458,12458,-1.67,9.54,0.14,9.6861,-0.0425,0.0884,0.1942,12.19,87.88,301.38,-1.8717,9.8846,0.5897,10.0775,P003_Barbell_Bench_Press_Uncontrolled_Movement_1_02.csv
3,4,1,2,1,12.62,12620,-1.52,8.43,-0.05,8.5661,0.0109,0.1058,0.3807,12.13,87.94,300.63,-1.8254,9.6929,0.5054,9.8762,P003_Barbell_Bench_Press_Uncontrolled_Movement_1_02.csv
3,4,1,2,1,12.741,12741,-1.66,9.68,0.7,9.8462,0.0011,0.0851,0.2574,9.19,87.88,302.88,-1.8036,9.6912,0.531,9.8719,P003_Barbell_Bench_Press_Uncontrolled_Movement_1_02.csv
3,4,1,2,1,12.863,12863,-1.45,11.12,-0.27,11.2174,0.0164,0.1418,0.2553,7.88,87.56,303.5,-1.757,9.8795,0.4255,10.0435,P003_Barbell_Bench_Press_Uncontrolled_Movement_1_02.csv
3,4,1,2,1,12.988,12988,-0.53,5.56,0.29,5.5927,-0.0644,0.1451,1.6352,4.31,87.63,306.25,-1.5953,9.3103,0.4076,9.4548,P003_Barbell_Bench_Press_Uncontrolled_Movement_1_02.csv
3,5,1,2,1,13.11,13110,2.6,11.34,0.46,11.6433,-0.0567,0.0055,-0.5672,-4.56,87.88,314.38,-1.0425,9.5778,0.4145,9.6432,P003_Barbell_Bench_Press_Uncontrolled_Movement_1_02.csv
3,5,1,2,1,13.231,13231,-3.06,9.61,0.42,10.0942,0.0458,-0.0327,-1.0308,7.0,88.0,303.25,-1.3083,9.582,0.4153,9.6798,P003_Barbell_Bench_Press_Uncontrolled_Movement_1_02.csv
3,5,1,2,1,13.351,13351,-0.33,9.73,0.35,9.7419,0.0513,-0.0044,0.7581,3.44,87.38,306.75,-1.1794,9.6015,0.4067,9.6822,P003_Barbell_Bench_Press_Uncontrolled_Movement_1_02.csv
3,5,1,2,1,13.472,13472,-0.49,9.91,0.29,9.9263,0.0338,-0.0589,-0.2902,2.75,87.13,307.69,-1.0886,9.6422,0.3913,9.7113,P003_Barbell_Bench_Press_Uncontrolled_Movement_1_02.csv
3,5,1,2,1,13.64,13640,-1.16,9.21,0.82,9.3189,0.1014,-0.0524,0.2411,4.38,86.31,306.63,-1.098,9.5852,0.4478,9.6583,P003_Barbell_Bench_Press_Uncontrolled_Movement_1_02.csv
3,5,1,2,1,13.761,13761,0.23,9.31,0.84,9.3506,0.0142,-0.0785,0.0644,1.38,85.88,310.06,-0.923,9.5489,0.4995,9.6064,P003_Barbell_Bench_Press_Uncontrolled_Movement_1_02.csv
3,5,1,2,1,13.882,13882,-1.66,9.66,1.19,9.8736,0.0502,-0.0524,-0.1494,3.88,85.75,308.13,-1.0201,9.5636,0.5905,9.6359,P003_Barbell_Bench_Press_Uncontrolled_Movement_1_02.csv
3,5,1,2,1,14.003,14003,0.9,9.44,1.08,9.5441,0.0927,0.0262,0.8443,-0.31,85.13,312.38,-0.7671,9.5473,0.655,9.6004,P003_Barbell_Bench_Press_Uncontrolled_Movement_1_02.csv
3,5,1,2,1,14.125,14125,-0.27,7.85,0.16,7.8563,0.048,-0.0502,-1.0647,2.19,84.63,309.94,-0.7016,9.3236,0.5897,9.3686,P003_Barbell_Bench_Press_Uncontrolled_Movement_1_02.csv
3,5,1,2,1,14.251,14251,-1.29,9.63,0.67,9.7391,-0.1265,-0.024,0.3774,5.81,84.94,306.69,-0.7791,9.364,0.6003,9.4155,P003_Barbell_Bench_Press_Uncontrolled_Movement_1_02.csv
3,5,1,2,1,14.372,14372,-1.13,8.88,1.08,9.0165,-0.0382,-0.0295,-0.1571,3.63,85.69,309.0,-0.8254,9.3002,0.6635,9.3603,P003_Barbell_Bench_Press_Uncontrolled_Movement_1_02.csv
3,5,1,2,1,14.493,14493,-0.32,9.3,0.62,9.3261,0.0065,-0.0044,-0.0905,4.5,85.69,308.19,-0.7588,9.3002,0.6578,9.3543,P003_Barbell_Bench_Press_Uncontrolled_Movement_1_02.csv
3,5,1,2,1,14.655,14655,-0.99,11.33,0.76,11.3985,-0.0644,-0.0295,-0.4669,7.06,85.88,305.69,-0.7892,9.5677,0.6713,9.6236,P003_Barbell_Bench_Press_Uncontrolled_Movement_1_02.csv
3,5,1,2,1,14.776,14776,-1.97,9.49,0.64,9.7134,-0.0131,0.0665,0.2443,8.88,86.06,303.75,-0.9448,9.5574,0.6671,9.6272,P003_Barbell_Bench_Press_Uncontrolled_Movement_1_02.csv
3,5,1,2,1,14.901,14901,-1.39,10.06,0.27,10.1592,-0.0175,0.0447,-0.3578,7.94,86.38,304.19,-1.0035,9.6237,0.6148,9.6954,P003_Barbell_Bench_Press_Uncontrolled_Movement_1_02.csv
3,5,1,2,1,15.022,15022,-2.61,9.57,1.04,9.9739,-0.0851,0.0273,0.1854,11.75,86.88,300.19,-1.2152,9.6166,0.6708,9.7163,P003_Barbell_Bench_Press_Uncontrolled_Movement_1_02.csv
3,5,1,2,1,15.144,15144,-0.4,9.98,0.81,10.0208,-0.0567,-0.0327,-0.4178,9.38,87.13,302.44,-1.1078,9.6645,0.6892,9.7521,P003_Barbell_Bench_Press_Uncontrolled_Movement_1_02.csv
3,5,1,2,1,15.266,15266,-2.72,10.37,0.56,10.7354,0.0109,-0.0644,0.0796,11.63,87.31,300.56,-1.3202,9.7574,0.6722,9.8693,P003_Barbell_Bench_Press_Uncontrolled_Movement_1_02.csv
3,5,1,2,1,15.386,15386,-2.47,10.06,0.65,10.3792,0.1538,-0.0535,0.1396,10.44,86.69,302.25,-1.4717,9.7973,0.6692,9.9298,P003_Barbell_Bench_Press_Uncontrolled_Movement_1_02.csv
3,5,1,2,1,15.507,15507,-1.21,9.38,0.48,9.4699,0.1516,-0.0524,0.1331,8.81,85.69,304.38,-1.4372,9.7423,0.6443,9.8688,P003_Barbell_Bench_Press_Uncontrolled_Movement_1_02.csv
3,5,1,2,1,15.67,15670,-1.0,9.56,0.87,9.6515,-0.0447,-0.0873,-0.1767,7.88,85.25,305.94,-1.3796,9.7183,0.674,9.8389,P003_Barbell_Bench_Press_Uncontrolled_Movement_1_02.csv
3,5,1,2,1,15.795,15795,-2.81,11.29,1.29,11.7057,-0.1047,-0.0622,-0.3545,10.38,86.0,303.88,-1.5681,9.9254,0.7552,10.0769,P003_Barbell_Bench_Press_Uncontrolled_Movement_1_02.csv
3,5,1,2,1,15.916,15916,-2.76,10.87,0.11,11.2155,-0.0076,0.0676,-0.0731,12.13,86.25,302.0,-1.7252,10.0499,0.6702,10.2189,P003_Barbell_Bench_Press_Uncontrolled_Movement_1_02.csv
3,5,1,2,1,16.037,16037,-1.66,10.04,0.5,10.1886,-0.0742,0.0982,0.1374,10.94,86.25,302.56,-1.7166,10.0486,0.6478,10.2147,P003_Barbell_Bench_Press_Uncontrolled_Movement_1_02.csv
3,5,1,2,1,16.158,16158,-2.38,10.01,0.56,10.3043,-0.0764,0.0971,-0.1833,12.63,86.63,300.19,-1.804,10.0435,0.6362,10.224,P003_Barbell_Bench_Press_Uncontrolled_Movement_1_02.csv
3,5,1,2,1,16.28,16280,-0.8,8.87,0.94,8.9555,0.0502,0.1636,0.733,9.44,86.38,302.5,-1.6717,9.8889,0.6762,10.0519,P003_Barbell_Bench_Press_Uncontrolled_Movement_1_02.csv
3,5,1,2,1,16.406,16406,-1.3,8.46,-0.27,8.5636,-0.0611,0.0305,-0.3185,9.69,86.38,301.56,-1.6227,9.7006,0.5515,9.8508,P003_Barbell_Bench_Press_Uncontrolled_Movement_1_02.csv
3,5,1,2,1,16.528,16528,-2.1,8.44,1.13,8.7704,0.0196,0.1265,1.4464,5.31,86.63,305.44,-1.6856,9.5345,0.6278,9.7026,P003_Barbell_Bench_Press_Uncontrolled_Movement_1_02.csv
3,5,1,2,1,16.693,16693,1.74,7.98,1.16,8.2495,0.0196,-0.0044,-0.4974,-3.13,85.69,313.0,-1.2342,9.3296,0.6979,9.4367,P003_Barbell_Bench_Press_Uncontrolled_Movement_1_02.csv
3,6,1,2,1,16.818,16818,-2.12,10.73,2.06,11.1297,0.0371,-0.0556,-0.6589,4.69,86.13,305.63,-1.3509,9.5142,0.8774,9.6496,P003_Barbell_Bench_Press_Uncontrolled_Movement_1_02.csv
3,6,1,2,1,16.939,16939,0.98,8.21,1.59,8.4198,0.0644,-0.0033,1.1159,-1.13,85.69,311.44,-1.0438,9.3423,0.9713,9.4505,P003_Barbell_Bench_Press_Uncontrolled_Movement_1_02.csv
3,6,1,2,1,17.059,17059,-0.15,9.57,0.98,9.6212,-0.0327,-0.1244,-1.0014,0.06,85.69,310.75,-0.926,9.3723,0.9724,9.468,P003_Barbell_Bench_Press_Uncontrolled_Movement_1_02.csv
3,6,1,2,1,17.18,17180,-1.03,9.82,1.3,9.9591,0.0,-0.0687,0.3676,2.75,85.88,308.75,-0.9397,9.4313,1.0156,9.5323,P003_Barbell_Bench_Press_Uncontrolled_Movement_1_02.csv
3,6,1,2,1,17.302,17302,0.15,9.07,0.9,9.1158,-0.0022,-0.0742,-0.1069,0.94,85.88,311.0,-0.7961,9.3837,1.0004,9.4704,P003_Barbell_Bench_Press_Uncontrolled_Movement_1_02.csv
3,6,1,2,1,17.423,17423,-0.8,9.29,0.69,9.3499,-0.0654,-0.0622,-0.1069,2.75,86.19,309.69,-0.7966,9.3713,0.9595,9.454,P003_Barbell_Bench_Press_Uncontrolled_Movement_1_02.csv
3,6,1,2,1,17.548,17548,-1.1,8.54,0.68,8.6374,-0.0469,-0.012,-0.0796,2.88,86.44,309.75,-0.8366,9.2618,0.9226,9.3452,P003_Barbell_Bench_Press_Uncontrolled_Movement_1_02.csv
3,6,1,2,1,17.711,17711,-0.06,10.4,-0.34,10.4057,-0.1222,-0.0229,-0.7439,3.75,86.63,308.69,-0.7343,9.4118,0.7563,9.4706,P003_Barbell_Bench_Press_Uncontrolled_Movement_1_02.csv
3,6,1,2,1,17.831,17831,-2.45,9.09,-0.18,9.4161,-0.0916,0.024,0.0556,10.19,87.25,302.31,-0.9604,9.3694,0.6329,9.4397,P003_Barbell_Bench_Press_Uncontrolled_Movement_1_02.csv
3,6,1,2,1,17.952,17952,-0.56,9.8,0.49,9.8282,0.0087,0.048,0.1167,6.88,87.31,305.31,-0.9076,9.4261,0.6141,9.4896,P003_Barbell_Bench_Press_Uncontrolled_Movement_1_02.csv
3,6,1,2,1,18.073,18073,-2.2,9.0,0.47,9.2769,-0.0327,-0.0218,-0.8039,11.38,87.19,300.75,-1.0779,9.37,0.5951,9.4505,P003_Barbell_Bench_Press_Uncontrolled_Movement_1_02.csv
3,6,1,2,1,18.194,18194,-1.81,9.43,0.22,9.6047,-0.0785,0.0273,0.3425,11.75,87.5,300.31,-1.1744,9.3779,0.5456,9.4669,P003_Barbell_Bench_Press_Uncontrolled_Movement_1_02.csv
3,6,1,2,1,18.32,18320,-1.61,9.44,0.51,9.5899,-0.0349,0.0382,-0.0022,11.44,87.75,300.38,-1.2318,9.3861,0.541,9.482,P003_Barbell_Bench_Press_Uncontrolled_Movement_1_02.csv
3,6,1,2,1,18.441,18441,-1.47,9.2,0.39,9.3249,-0.0229,0.0153,-0.4047,12.13,87.94,299.44,-1.2632,9.3615,0.5211,9.4607,P003_Barbell_Bench_Press_Uncontrolled_Movement_1_02.csv
3,6,1,2,1,18.563,18563,-3.75,9.53,0.56,10.2566,0.0153,0.0011,-0.0764,15.63,88.13,295.94,-1.5909,9.3837,0.5262,9.5322,P003_Barbell_Bench_Press_Uncontrolled_Movement_1_02.csv
3,6,1,2,1,18.725,18725,-1.19,9.69,0.85,9.7997,-0.0185,-0.048,0.8399,10.81,88.44,300.88,-1.538,9.4241,0.5689,9.5657,P003_Barbell_Bench_Press_Uncontrolled_Movement_1_02.csv
3,6,1,2,1,18.846,18846,-1.68,11.09,0.65,11.2353,0.1091,-0.096,-0.2443,9.31,88.19,302.94,-1.5568,9.6436,0.5796,9.7856,P003_Barbell_Bench_Press_Uncontrolled_Movement_1_02.csv
3,6,1,2,1,18.973,18973,-1.41,10.61,0.69,10.7255,0.2422,-0.0207,0.7767,7.88,86.94,305.0,-1.5374,9.771,0.5941,9.909,P003_Barbell_Bench_Press_Uncontrolled_Movement_1_02.csv
3,6,1,2,1,19.113,19113,0.23,8.84,0.77,8.8765,0.2018,-0.0709,0.0535,3.31,85.06,310.06,-1.3045,9.6483,0.6173,9.7556,P003_Barbell_Bench_Press_Uncontrolled_Movement_1_02.csv
3,6,1,2,1,19.234,19234,-1.28,9.79,1.2,9.946,0.0545,-0.0785,-0.1942,5.44,84.19,308.63,-1.3013,9.667,0.6941,9.7788,P003_Barbell_Bench_Press_Uncontrolled_Movement_1_02.csv
3,6,1,2,1,19.356,19356,-0.97,9.88,1.57,10.0509,-0.0305,-0.0556,-0.3622,6.0,84.13,308.44,-1.2576,9.695,0.8095,9.8097,P003_Barbell_Bench_Press_Uncontrolled_Movement_1_02.csv
3,6,1,2,1,19.476,19476,-2.29,11.07,1.13,11.3607,-0.0753,-0.0371,-0.5345,10.5,84.5,304.19,-1.3937,9.8762,0.8517,10.0104,P003_Barbell_Bench_Press_Uncontrolled_Movement_1_02.csv
3,6,1,2,1,19.597,19597,-3.53,10.92,1.28,11.5475,-0.0556,0.0578,-0.757,13.31,84.88,301.19,-1.6752,10.0138,0.9082,10.1935,P003_Barbell_Bench_Press_Uncontrolled_Movement_1_02.csv
3,6,1,2,1,19.765,19765,-2.16,9.65,0.39,9.8965,-0.1167,0.0862,-0.1593,16.5,85.06,296.94,-1.7391,9.9658,0.8399,10.1512,P003_Barbell_Bench_Press_Uncontrolled_Movement_1_02.csv
3,6,1,2,1,19.886,19886,-2.16,9.24,1.74,9.6473,-0.096,0.0818,0.0589,16.75,85.75,295.94,-1.7945,9.8702,0.9585,10.0777,P003_Barbell_Bench_Press_Uncontrolled_Movement_1_02.csv
3,6,1,2,1,20.006,20006,-3.42,7.62,0.41,8.3624,-0.1298,0.0011,-0.2847,19.13,86.13,293.13,-2.0087,9.5737,0.8862,9.8222,P003_Barbell_Bench_Press_Uncontrolled_Movement_1_02.csv
3,6,1,2,1,20.127,20127,-3.21,5.95,0.88,6.8177,-0.0142,0.1014,2.09,13.25,86.69,298.63,-2.167,9.0962,0.8854,9.3926,P003_Barbell_Bench_Press_Uncontrolled_Movement_1_02.csv
3,6,1,2,1,20.248,20248,0.88,7.34,1.25,7.4975,0.0774,0.0622,1.585,-2.63,86.38,313.81,-1.7655,8.8647,0.9334,9.0869,P003_Barbell_Bench_Press_Uncontrolled_Movement_1_02.csv
3,7,1,2,1,20.369,20369,-1.46,10.65,0.63,10.7681,-0.0305,-0.0982,-1.3439,0.38,86.69,311.06,-1.7252,9.1,0.8935,9.3051,P003_Barbell_Bench_Press_Uncontrolled_Movement_1_02.csv
3,7,1,2,1,20.491,20491,0.46,8.1,1.17,8.197,0.06,0.0578,1.8141,-2.19,86.63,313.75,-1.4373,8.9682,0.9299,9.1301,P003_Barbell_Bench_Press_Uncontrolled_Movement_1_02.csv
3,7,1,2,1,20.617,20617,3.44,9.77,0.97,10.4032,-0.0327,-0.0305,-0.0785,-10.63,86.69,322.06,-0.7946,9.0739,0.9352,9.1565,P003_Barbell_Bench_Press_Uncontrolled_Movement_1_02.csv
3,7,1,2,1,20.779,20779,0.25,9.49,0.64,9.5148,0.0654,-0.0131,0.2487,-3.94,86.63,315.94,-0.6569,9.1287,0.8963,9.1961,P003_Barbell_Bench_Press_Uncontrolled_Movement_1_02.csv
3,7,1,2,1,20.9,20900,1.88,9.54,0.77,9.7539,0.0251,-0.0382,-0.144,-6.06,86.31,318.13,-0.3226,9.1829,0.8796,9.2306,P003_Barbell_Bench_Press_Uncontrolled_Movement_1_02.csv
3,7,1,2,1,21.027,21027,0.76,8.67,0.74,8.7346,0.0098,-0.0556,-0.7003,-2.63,86.31,315.0,-0.18,9.1153,0.8612,9.1577,P003_Barbell_Bench_Press_Uncontrolled_Movement_1_02.csv
3,7,1,2,1,21.149,21149,-0.7,9.56,0.59,9.6037,0.012,-0.0818,-0.8923,2.69,86.31,310.06,-0.2485,9.1739,0.8255,9.2143,P003_Barbell_Bench_Press_Uncontrolled_Movement_1_02.csv
3,7,1,2,1,21.269,21269,-2.88,8.94,0.35,9.399,0.0087,-0.0676,-0.6556,9.5,86.13,303.75,-0.5953,9.1431,0.7628,9.1942,P003_Barbell_Bench_Press_Uncontrolled_Movement_1_02.csv
3,7,1,2,1,21.391,21391,-1.68,8.66,1.29,8.9153,0.0393,-0.0142,0.5716,8.25,86.0,305.31,-0.7382,9.0794,0.8323,9.1473,P003_Barbell_Bench_Press_Uncontrolled_Movement_1_02.csv
3,7,1,2,1,21.511,21511,-2.01,8.95,1.27,9.2604,0.1091,-0.0251,-0.6676,8.88,85.56,304.88,-0.9058,9.0624,0.89,9.1509,P003_Barbell_Bench_Press_Uncontrolled_Movement_1_02.csv
3,7,1,2,1,21.632,21632,-1.22,8.92,0.56,9.0204,0.0785,0.0458,0.2902,10.69,84.88,303.06,-0.9472,9.0436,0.8465,9.1324,P003_Barbell_Bench_Press_Uncontrolled_Movement_1_02.csv
3,7,1,2,1,21.794,21794,-2.88,9.88,1.39,10.3846,0.0633,-0.0218,-1.4279,14.81,84.25,298.88,-1.2019,9.1538,0.9181,9.2779,P003_Barbell_Bench_Press_Uncontrolled_Movement_1_02.csv
3,7,1,2,1,21.92,21920,-3.93,8.83,0.86,9.7033,0.0556,0.0513,0.5487,18.0,83.69,295.69,-1.5614,9.1112,0.9105,9.2887,P003_Barbell_Bench_Press_Uncontrolled_Movement_1_02.csv
3,7,1,2,1,22.041,22041,-1.39,9.72,0.96,9.8657,0.0065,0.0251,0.0535,13.63,83.25,299.81,-1.5388,9.1914,0.917,9.3643,P003_Barbell_Bench_Press_Uncontrolled_Movement_1_02.csv
3,7,1,2,1,22.161,22161,-2.97,8.86,1.44,9.4548,-0.072,-0.0185,-0.1658,16.88,83.44,296.56,-1.7274,9.1477,0.9859,9.3614,P003_Barbell_Bench_Press_Uncontrolled_Movement_1_02.csv
3,7,1,2,1,22.282,22282,-1.55,9.7,1.33,9.9127,-0.168,-0.0284,0.1713,14.69,84.44,298.63,-1.704,9.2205,1.0313,9.4332,P003_Barbell_Bench_Press_Uncontrolled_Movement_1_02.csv
3,7,1,2,1,22.403,22403,-4.3,9.81,0.5,10.7227,-0.2094,-0.0687,-0.5345,18.06,85.88,295.38,-2.0461,9.2982,0.9612,9.569,P003_Barbell_Bench_Press_Uncontrolled_Movement_1_02.csv
3,7,1,2,1,22.524,22524,-3.69,10.49,0.59,11.1357,-0.156,0.0175,0.4298,17.25,87.19,295.94,-2.2627,9.4552,0.9123,9.7649,P003_Barbell_Bench_Press_Uncontrolled_Movement_1_02.csv
3,7,1,2,1,22.646,22646,-3.7,8.8,0.31,9.5512,-0.0611,0.0807,-0.0971,17.06,87.88,295.63,-2.4521,9.3689,0.833,9.7202,P003_Barbell_Bench_Press_Uncontrolled_Movement_1_02.csv
3,7,1,2,1,22.812,22812,-2.98,11.65,0.01,12.0251,0.0709,0.1494,0.1658,14.75,87.44,296.81,-2.5217,9.6695,0.7245,10.0191,P003_Barbell_Bench_Press_Uncontrolled_Movement_1_02.csv
3,7,1,2,1,22.933,22933,-2.66,10.6,0.85,10.9617,0.1145,0.1527,0.7036,13.81,86.5,296.94,-2.5399,9.7921,0.741,10.1432,P003_Barbell_Bench_Press_Uncontrolled_Movement_1_02.csv
3,7,1,2,1,23.054,23054,-1.64,9.47,0.26,9.6145,0.1473,0.1538,-0.0862,10.19,85.31,299.75,-2.4213,9.7497,0.6777,10.0687,P003_Barbell_Bench_Press_Uncontrolled_Movement_1_02.csv
3,7,1,2,1,23.175,23175,-2.97,9.82,1.36,10.3491,0.0415,0.156,-0.0982,13.44,84.38,295.63,-2.4936,9.7589,0.7676,10.1017,P003_Barbell_Bench_Press_Uncontrolled_Movement_1_02.csv
3,7,1,2,1,23.296,23296,0.43,10.22,1.67,10.3645,0.0491,0.2214,0.805,9.31,83.88,298.5,-2.1084,9.8197,0.8865,10.0825,P003_Barbell_Bench_Press_Uncontrolled_Movement_1_02.csv
3,7,1,2,1,23.42,23420,-0.86,9.34,1.45,9.4909,-0.0513,0.0535,-0.8912,9.44,83.63,297.5,-1.9439,9.7565,0.9607,9.9945,P003_Barbell_Bench_Press_Uncontrolled_Movement_1_02.csv
3,7,1,2,1,23.541,23541,-1.28,8.35,1.95,8.6697,-0.0709,-0.0098,0.4342,12.06,84.13,294.63,-1.8564,9.5711,1.0911,9.8104,P003_Barbell_Bench_Press_Uncontrolled_Movement_1_02.csv
3,7,1,2,1,23.664,23664,-3.46,11.5,0.85,12.0393,-0.168,-0.1658,-0.6501,10.88,84.94,296.31,-2.0677,9.8253,1.0593,10.0963,P003_Barbell_Bench_Press_Uncontrolled_Movement_1_02.csv
3,7,1,2,1,23.826,23826,0.65,5.34,0.5,5.4026,-0.048,0.0207,3.2299,1.69,86.44,306.19,-1.7096,9.2343,0.9856,9.4428,P003_Barbell_Bench_Press_Uncontrolled_Movement_1_02.csv
3,7,1,2,1,23.947,23947,3.18,9.83,1.28,10.4106,-0.0993,-0.12,-0.4385,-9.56,87.19,317.88,-1.0653,9.3128,1.0244,9.4293,P003_Barbell_Bench_Press_Uncontrolled_Movement_1_02.csv
3,7,1,2,1,24.068,24068,-0.49,10.19,0.31,10.2065,0.0164,-0.1593,-0.8618,-1.13,87.75,310.69,-0.9895,9.4284,0.9303,9.5257,P003_Barbell_Bench_Press_Uncontrolled_Movement_1_02.csv
3,7,1,2,1,24.19,24190,1.58,9.7,0.85,9.8645,0.0698,-0.0927,0.9807,-4.06,87.44,314.38,-0.6509,9.4642,0.9197,9.531,P003_Barbell_Bench_Press_Uncontrolled_Movement_1_02.csv
3,7,1,2,1,24.315,24315,0.74,9.59,0.75,9.6477,0.0098,-0.1778,-0.877,-4.38,87.25,315.63,-0.4676,9.4807,0.8973,9.5346,P003_Barbell_Bench_Press_Uncontrolled_Movement_1_02.csv
3,7,1,2,1,24.437,24437,-0.44,9.38,0.86,9.4296,0.0305,-0.1069,0.3425,-0.19,87.13,312.5,-0.4639,9.4675,0.8924,9.5207,P003_Barbell_Bench_Press_Uncontrolled_Movement_1_02.csv
3,7,1,2,1,24.557,24557,0.93,9.47,0.96,9.5639,0.0349,-0.1036,-0.0644,-2.94,86.88,315.94,-0.2803,9.4678,0.9013,9.5147,P003_Barbell_Bench_Press_Uncontrolled_Movement_1_02.csv
3,7,1,2,1,24.678,24678,-1.2,8.76,0.82,8.8798,0.0011,-0.0578,-0.5541,0.81,86.75,312.69,-0.4015,9.3745,0.8906,9.4253,P003_Barbell_Bench_Press_Uncontrolled_Movement_1_02.csv
3,7,1,2,1,24.84,24840,0.1,9.03,0.74,9.0608,0.0349,0.0676,0.3251,2.13,86.63,311.31,-0.3354,9.3291,0.8708,9.3757,P003_Barbell_Bench_Press_Uncontrolled_Movement_1_02.csv
3,7,1,2,1,24.961,24961,-2.2,8.1,0.51,8.4089,0.012,-0.0131,-1.3603,6.0,86.56,307.25,-0.5811,9.1672,0.8232,9.2224,P003_Barbell_Bench_Press_Uncontrolled_Movement_1_02.csv
3,7,1,2,1,25.088,25088,-1.91,8.6,0.33,8.8157,-0.1844,0.0873,0.745,6.63,87.19,306.25,-0.7562,9.0924,0.7582,9.1553,P003_Barbell_Bench_Press_Uncontrolled_Movement_1_02.csv
3,8,1,2,1,25.209,25209,1.25,9.89,0.92,10.011,-0.1974,0.06,-0.4931,4.38,88.5,307.75,-0.4918,9.1975,0.7795,9.2436,P003_Barbell_Bench_Press_Uncontrolled_Movement_1_02.csv
3,8,1,2,1,25.329,25329,-2.92,10.44,1.06,10.8924,-0.1309,0.1276,-0.8203,11.13,89.38,300.44,-0.8118,9.3613,0.8165,9.4318,P003_Barbell_Bench_Press_Uncontrolled_Movement_1_02.csv
3,8,1,2,1,25.451,25451,-3.15,9.99,0.14,10.4758,-0.036,0.2302,-0.5312,14.44,89.5,295.81,-1.1199,9.4441,0.7274,9.538,P003_Barbell_Bench_Press_Uncontrolled_Movement_1_02.csv
3,8,1,2,1,25.571,25571,-2.17,9.77,0.19,10.0099,0.1102,0.3349,0.6141,14.38,88.94,294.13,-1.2583,9.487,0.6565,9.5926,P003_Barbell_Bench_Press_Uncontrolled_Movement_1_02.csv
3,8,1,2,1,25.71,25710,-1.61,9.77,0.2,9.9038,0.0796,0.1865,-1.1497,17.25,87.81,289.31,-1.3046,9.5243,0.5964,9.6318,P003_Barbell_Bench_Press_Uncontrolled_Movement_1_02.csv
3,8,1,2,1,25.872,25872,-5.47,10.01,1.01,11.4517,0.0327,0.0371,0.0382,23.0,87.13,282.75,-1.8535,9.5883,0.6509,9.7875,P003_Barbell_Bench_Press_Uncontrolled_Movement_1_02.csv
3,8,1,2,1,25.994,25994,-2.48,7.98,1.19,8.4408,0.0644,-0.12,0.6141,19.81,87.13,286.31,-1.9361,9.3764,0.7219,9.6014,P003_Barbell_Bench_Press_Uncontrolled_Movement_1_02.csv
3,8,1,2,1,26.12,26120,-2.6,11.1,0.37,11.4064,0.024,-0.252,-0.3109,18.25,87.31,289.19,-2.0236,9.6035,0.6756,9.8376,P003_Barbell_Bench_Press_Uncontrolled_Movement_1_02.csv
3,8,1,2,1,26.241,26241,-6.25,10.16,0.41,11.9355,0.1647,-0.3218,-0.7483,24.5,87.63,285.19,-2.5805,9.6769,0.6406,10.0355,P003_Barbell_Bench_Press_Uncontrolled_Movement_1_02.csv
3,8,1,2,1,26.362,26362,-4.22,9.37,0.26,10.2797,0.2378,-0.2454,0.6152,24.19,87.38,287.69,-2.7965,9.6364,0.5904,10.0514,P003_Barbell_Bench_Press_Uncontrolled_Movement_1_02.csv
3,8,1,2,1,26.483,26483,-1.77,8.86,0.73,9.0645,0.1822,-0.192,0.4854,18.75,86.63,294.94,-2.6613,9.5341,0.6088,9.9173,P003_Barbell_Bench_Press_Uncontrolled_Movement_1_02.csv
3,8,1,2,1,26.605,26605,-5.2,8.34,0.82,9.8625,0.1734,-0.1331,-0.2149,21.19,85.63,294.19,-2.9958,9.3768,0.6366,9.8643,P003_Barbell_Bench_Press_Uncontrolled_Movement_1_02.csv
3,8,1,2,1,26.731,26731,-2.17,7.72,0.89,8.0684,0.144,0.0055,0.9479,16.0,84.69,299.88,-2.887,9.1584,0.67,9.626,P003_Barbell_Bench_Press_Uncontrolled_Movement_1_02.csv
3,8,1,2,1,26.894,26894,-4.35,8.64,1.99,9.8758,-0.0415,-0.0251,0.0764,18.56,84.63,297.56,-3.0798,9.0901,0.844,9.6347,P003_Barbell_Bench_Press_Uncontrolled_Movement_1_02.csv
3,8,1,2,1,27.015,27015,-1.02,7.27,0.82,7.3869,-0.0556,0.1385,2.0289,9.81,84.88,305.81,-2.8084,8.8503,0.8408,9.3232,P003_Barbell_Bench_Press_Uncontrolled_Movement_1_02.csv
3,8,1,2,1,27.142,27142,1.23,7.66,1.11,7.8371,-0.1636,0.1058,0.7549,-1.13,85.56,315.88,-2.2762,8.6934,0.8763,9.0291,P003_Barbell_Bench_Press_Uncontrolled_Movement_1_02.csv
3,9,1,2,1,27.264,27264,-3.27,10.89,0.97,11.4117,-0.1429,0.0545,-1.7388,6.44,86.94,307.81,-2.4072,8.9829,0.8886,9.3422,P003_Barbell_Bench_Press_Uncontrolled_Movement_1_02.csv
3,9,1,2,1,27.384,27384,-1.13,8.12,0.42,8.209,0.0349,0.2836,1.6308,5.38,86.94,307.56,-2.2389,8.8692,0.8269,9.1847,P003_Barbell_Bench_Press_Uncontrolled_Movement_1_02.csv
3,9,1,2,1,27.506,27506,0.96,9.69,0.74,9.7655,-0.1156,0.1942,-0.288,-1.0,87.13,312.31,-1.8173,8.9773,0.8154,9.1957,P003_Barbell_Bench_Press_Uncontrolled_Movement_1_02.csv
3,9,1,2,1,27.626,27626,-1.3,9.16,0.74,9.2813,-0.036,0.1756,-0.3927,4.5,87.75,305.63,-1.7492,9.0014,0.8055,9.2051,P003_Barbell_Bench_Press_Uncontrolled_Movement_1_02.csv
3,9,1,2,1,27.748,27748,0.21,9.16,0.39,9.1707,-0.0229,0.1724,0.4571,2.56,87.63,306.31,-1.491,9.0223,0.7507,9.1754,P003_Barbell_Bench_Press_Uncontrolled_Movement_1_02.csv
3,9,1,2,1,27.91,27910,-0.31,9.82,0.57,9.8414,-0.0458,0.0502,-0.2094,2.63,88.0,305.31,-1.3354,9.1274,0.7269,9.2532,P003_Barbell_Bench_Press_Uncontrolled_Movement_1_02.csv
3,9,1,2,1,28.035,28035,0.02,8.3,0.32,8.3062,0.0436,-0.0055,-0.1767,4.0,87.81,303.88,-1.1568,9.0184,0.6733,9.1172,P003_Barbell_Bench_Press_Uncontrolled_Movement_1_02.csv
3,9,1,2,1,28.156,28156,-0.81,9.99,0.91,10.064,0.1244,-0.0316,0.1113,4.25,87.25,303.88,-1.1111,9.1464,0.7045,9.2406,P003_Barbell_Bench_Press_Uncontrolled_Movement_1_02.csv
3,9,1,2,1,28.277,28277,-1.05,8.76,0.02,8.8227,0.1124,-0.0393,-0.3512,6.5,86.25,302.06,-1.103,9.0955,0.6143,9.1827,P003_Barbell_Bench_Press_Uncontrolled_Movement_1_02.csv
3,9,1,2,1,28.398,28398,0.0,9.32,1.16,9.3919,0.0338,-0.0644,-0.1418,7.13,85.56,301.75,-0.9577,9.1251,0.6862,9.2008,P003_Barbell_Bench_Press_Uncontrolled_Movement_1_02.csv
3,9,1,2,1,28.519,28519,-3.66,9.9,0.82,10.5867,0.0273,-0.1244,-1.2348,13.5,85.38,296.19,-1.3138,9.2272,0.7038,9.3468,P003_Barbell_Bench_Press_Uncontrolled_Movement_1_02.csv
3,9,1,2,1,28.642,28642,-2.23,9.25,1.29,9.6021,0.0753,0.0371,1.7191,11.44,85.25,298.63,-1.4345,9.2302,0.7811,9.3736,P003_Barbell_Bench_Press_Uncontrolled_Movement_1_02.csv
3,9,1,2,1,28.763,28763,0.21,9.62,1.37,9.7193,0.0633,-0.0415,-0.5149,6.31,85.06,303.69,-1.2178,9.2816,0.8587,9.4004,P003_Barbell_Bench_Press_Uncontrolled_Movement_1_02.csv
3,9,1,2,1,28.927,28927,-1.74,9.76,1.38,10.0095,0.0251,0.0022,0.2989,10.06,84.81,300.31,-1.2866,9.3446,0.9274,9.4782,P003_Barbell_Bench_Press_Uncontrolled_Movement_1_02.csv
3,9,1,2,1,29.048,29048,-1.42,9.72,0.7,9.8481,-0.0567,-0.0622,-0.3556,9.94,85.0,300.63,-1.3042,9.3941,0.8974,9.5265,P003_Barbell_Bench_Press_Uncontrolled_Movement_1_02.csv
3,9,1,2,1,29.169,29169,-2.61,10.66,0.73,10.9991,-0.0731,-0.084,-0.2825,11.94,85.38,299.06,-1.4763,9.5609,0.8754,9.7137,P003_Barbell_Bench_Press_Uncontrolled_Movement_1_02.csv
3,9,1,2,1,29.29,29290,-2.81,9.35,0.89,9.8036,-0.06,-0.0305,0.3414,12.06,85.81,299.19,-1.652,9.5331,0.8773,9.7149,P003_Barbell_Bench_Press_Uncontrolled_Movement_1_02.csv
3,9,1,2,1,29.411,29411,-1.92,10.36,0.64,10.5558,-0.0982,-0.0578,-0.3425,11.63,86.44,299.81,-1.6873,9.6421,0.846,9.8251,P003_Barbell_Bench_Press_Uncontrolled_Movement_1_02.csv
3,9,1,2,1,29.535,29535,-2.55,10.98,0.4,11.2793,-0.0393,-0.0142,0.2345,12.94,87.0,298.69,-1.801,9.8184,0.7872,10.0132,P003_Barbell_Bench_Press_Uncontrolled_Movement_1_02.csv
3,9,1,2,1,29.656,29656,-2.64,10.54,1.02,10.9134,0.0196,0.0164,-0.5803,14.25,87.06,297.38,-1.9116,9.9135,0.8179,10.1292,P003_Barbell_Bench_Press_Uncontrolled_Movement_1_02.csv
3,9,1,2,1,29.779,29779,-4.26,10.94,0.57,11.754,0.0785,0.0764,-0.0502,16.69,86.5,294.69,-2.221,10.0487,0.7852,10.3212,P003_Barbell_Bench_Press_Uncontrolled_Movement_1_02.csv
3,9,1,2,1,29.941,29941,-0.49,8.31,1.41,8.443,0.1047,0.1604,0.3327,10.88,85.44,299.38,-1.9929,9.8196,0.8676,10.0573,P003_Barbell_Bench_Press_Uncontrolled_Movement_1_02.csv
3,9,1,2,1,30.062,30062,-3.3,9.8,1.24,10.4148,-0.0316,0.0404,-0.8454,12.94,85.31,296.69,-2.1652,9.817,0.9166,10.0947,P003_Barbell_Bench_Press_Uncontrolled_Movement_1_02.csv
3,9,1,2,1,30.183,30183,-1.39,7.24,0.3,7.3783,-0.0535,0.1167,0.4429,14.25,85.38,294.75,-2.063,9.4774,0.8354,9.7353,P003_Barbell_Bench_Press_Uncontrolled_Movement_1_02.csv
3,9,1,2,1,30.305,30305,-0.11,5.25,0.85,5.3195,-0.2913,0.0622,1.3548,7.94,86.38,300.31,-1.8057,8.9204,0.8373,9.1397,P003_Barbell_Bench_Press_Uncontrolled_Movement_1_02.csv
3,10,1,2,1,30.43,30430,-0.95,12.54,1.31,12.644,-0.1931,0.0491,-0.5858,4.69,88.44,303.06,-1.6929,9.3973,0.8996,9.5909,P003_Barbell_Bench_Press_Uncontrolled_Movement_1_02.csv
3,10,1,2,1,30.552,30552,-0.67,7.73,0.65,7.7862,0.1222,0.1789,0.4189,7.25,88.38,299.63,-1.5581,9.1776,0.8667,9.3492,P003_Barbell_Bench_Press_Uncontrolled_Movement_1_02.csv
3,10,1,2,1,30.672,30672,-0.02,8.98,0.31,8.9854,-0.1713,-0.0251,-0.5694,6.13,88.38,300.19,-1.3554,9.1516,0.7934,9.2854,P003_Barbell_Bench_Press_Uncontrolled_Movement_1_02.csv
3,10,1,2,1,30.793,30793,-2.06,10.12,0.39,10.3349,-0.0251,-0.06,-0.2934,10.38,89.25,296.25,-1.4483,9.2792,0.7402,9.4207,P003_Barbell_Bench_Press_Uncontrolled_Movement_1_02.csv
3,10,1,2,1,30.955,30955,-0.88,8.52,0.4,8.5747,0.0927,-0.0633,0.6065,7.75,88.63,299.44,-1.3734,9.1792,0.6954,9.3073,P003_Barbell_Bench_Press_Uncontrolled_Movement_1_02.csv
3,10,1,2,1,31.076,31076,-1.07,9.26,0.37,9.329,-0.0218,-0.1963,-0.48,7.56,88.63,300.56,-1.3334,9.1898,0.6525,9.3089,P003_Barbell_Bench_Press_Uncontrolled_Movement_1_02.csv
3,10,1,2,1,31.203,31203,-1.97,8.96,0.39,9.1823,0.0709,-0.1974,0.0556,10.06,88.75,299.38,-1.4173,9.1595,0.6179,9.2891,P003_Barbell_Bench_Press_Uncontrolled_Movement_1_02.csv
3,10,1,2,1,31.323,31323,-0.14,7.36,0.36,7.3701,0.0611,-0.1713,0.3338,7.38,88.44,303.5,-1.249,8.9224,0.5839,9.0283,P003_Barbell_Bench_Press_Uncontrolled_Movement_1_02.csv
3,10,1,2,1,31.444,31444,-1.81,10.5,0.44,10.6639,0.0916,-0.2313,-1.6504,11.94,88.19,300.31,-1.3229,9.1303,0.565,9.2429,P003_Barbell_Bench_Press_Uncontrolled_Movement_1_02.csv
3,10,1,2,1,31.566,31566,-4.81,8.76,0.17,9.9951,0.1898,-0.1505,0.0436,19.19,87.38,294.63,-1.7824,9.0815,0.5129,9.269,P003_Barbell_Bench_Press_Uncontrolled_Movement_1_02.csv
3,10,1,2,1,31.686,31686,-0.65,7.15,0.82,7.2262,0.1549,-0.0338,1.6199,10.44,86.31,304.31,-1.6332,8.827,0.5534,8.9938,P003_Barbell_Bench_Press_Uncontrolled_Movement_1_02.csv
3,10,1,2,1,31.807,31807,-1.1,9.1,1.03,9.2239,-0.0567,-0.1265,-1.6068,11.25,86.25,304.06,-1.5629,8.8629,0.6162,9.0208,P003_Barbell_Bench_Press_Uncontrolled_Movement_1_02.csv
3,10,1,2,1,31.969,31969,-2.9,9.86,0.38,10.2846,-0.1014,0.0807,0.9054,16.06,86.94,299.31,-1.7391,8.9943,0.5851,9.1796,P003_Barbell_Bench_Press_Uncontrolled_Movement_1_02.csv
3,10,1,2,1,32.094,32094,-2.85,10.56,0.89,10.974,-0.0251,0.108,0.0262,13.88,87.38,300.81,-1.8855,9.2006,0.6252,9.4127,P003_Barbell_Bench_Press_Uncontrolled_Movement_1_02.csv
3,10,1,2,1,32.215,32215,-3.56,9.92,1.0,10.5868,0.0185,0.1734,-0.1963,16.94,87.13,296.81,-2.1062,9.2954,0.6746,9.5549,P003_Barbell_Bench_Press_Uncontrolled_Movement_1_02.csv
3,10,1,2,1,32.336,32336,-2.99,8.82,0.68,9.3378,0.0676,0.1789,0.2378,16.0,86.25,296.63,-2.2226,9.2328,0.6753,9.5205,P003_Barbell_Bench_Press_Uncontrolled_Movement_1_02.csv
3,10,1,2,1,32.457,32457,-2.05,10.14,0.74,10.3716,-0.0098,0.0982,0.2193,14.5,85.94,297.31,-2.1999,9.3523,0.6839,9.6319,P003_Barbell_Bench_Press_Uncontrolled_Movement_1_02.csv
3,10,1,2,1,32.578,32578,-2.43,11.14,1.09,11.4539,-0.0611,-0.0011,-0.697,15.31,86.06,296.13,-2.2302,9.5879,0.7374,9.8714,P003_Barbell_Bench_Press_Uncontrolled_Movement_1_02.csv
3,10,1,2,1,32.699,32699,-4.01,10.85,0.47,11.5769,-0.0164,0.0055,-0.3131,19.56,86.13,291.81,-2.4647,9.7542,0.7021,10.0853,P003_Barbell_Bench_Press_Uncontrolled_Movement_1_02.csv
3,10,1,2,1,32.82,32820,-3.19,10.11,1.28,10.6783,-0.036,-0.0207,-0.36,21.06,86.13,290.31,-2.5603,9.8011,0.7783,10.1598,P003_Barbell_Bench_Press_Uncontrolled_Movement_1_02.csv
3,10,1,2,1,32.986,32986,-3.78,8.95,0.71,9.7414,-0.0949,-0.0644,0.1724,23.5,86.69,288.13,-2.721,9.6889,0.7693,10.0931,P003_Barbell_Bench_Press_Uncontrolled_Movement_1_02.csv
3,10,1,2,1,33.108,33108,-3.4,7.62,0.47,8.3573,-0.2105,-0.1571,-0.5127,23.63,88.31,288.25,-2.8105,9.4163,0.7299,9.8539,P003_Barbell_Bench_Press_Uncontrolled_Movement_1_02.csv
3,10,1,2,1,33.228,33228,-2.83,3.59,0.88,4.6553,-0.1614,-0.0927,0.7352,25.56,90.13,286.69,-2.8131,8.6486,0.7496,9.1254,P003_Barbell_Bench_Press_Uncontrolled_Movement_1_02.csv
3,10,1,2,1,33.349,33349,-2.35,11.27,0.54,11.5251,0.0567,0.0338,1.8806,12.88,90.38,299.19,-2.7521,8.994,0.722,9.4333,P003_Barbell_Bench_Press_Uncontrolled_Movement_1_02.csv
3,10,1,2,1,33.47,33470,-2.06,7.43,-0.05,7.7104,0.2651,0.0,-0.9916,11.88,89.0,300.25,-2.6609,8.7879,0.6203,9.2028,P003_Barbell_Bench_Press_Uncontrolled_Movement_1_02.csv
3,10,1,2,1,33.592,33592,-2.79,7.74,-0.43,8.2387,-0.024,-0.0545,0.2869,14.81,88.5,297.69,-2.6779,8.6498,0.4819,9.0677,P003_Barbell_Bench_Press_Uncontrolled_Movement_1_02.csv
3,10,1,2,1,33.713,33713,-2.52,11.37,0.82,11.6747,-0.0044,-0.0447,0.4134,11.31,89.19,301.5,-2.6571,9.0083,0.5264,9.4067,P003_Barbell_Bench_Press_Uncontrolled_Movement_1_02.csv
3,10,1,2,1,33.838,33838,-0.82,8.55,0.73,8.6202,0.1538,0.0447,0.3894,8.81,88.38,304.0,-2.415,8.9479,0.5533,9.2845,P003_Barbell_Bench_Press_Uncontrolled_Movement_1_02.csv
3,10,1,2,1,34.0,34000,-2.19,10.22,0.64,10.4716,-0.0229,0.0262,-0.1658,10.38,88.19,302.31,-2.3853,9.1155,0.5647,9.4393,P003_Barbell_Bench_Press_Uncontrolled_Movement_1_02.csv
3,10,1,2,1,34.121,34121,-1.43,9.32,0.48,9.4413,0.0524,0.084,0.2138,9.44,87.75,302.81,-2.2595,9.1425,0.5535,9.4338,P003_Barbell_Bench_Press_Uncontrolled_Movement_1_02.csv
3,10,1,2,1,34.242,34242,-1.36,9.28,0.82,9.4149,-0.0251,0.0687,-0.1647,9.25,87.5,302.56,-2.1409,9.1606,0.5886,9.4258,P003_Barbell_Bench_Press_Uncontrolled_Movement_1_02.csv
3,10,1,2,1,34.364,34364,-1.94,9.41,0.8,9.6411,0.0087,0.0894,-0.12,10.44,87.44,300.81,-2.1145,9.1934,0.6165,9.4536,P003_Barbell_Bench_Press_Uncontrolled_Movement_1_02.csv
2,1,1,2,1,0.0,0,3.33,9.15,1.13,9.8025,-0.0011,-0.0076,-0.0305,-20.81,83.44,1.13,3.485,9.0925,1.0408,9.7929,P003_Barbell_Bench_Press_Uncontrolled_Movement_1_024 (2).csv
2,1,1,2,1,0.173,173,3.49,9.01,1.06,9.7203,0.0044,0.0185,0.0273,-21.19,83.38,1.44,3.4856,9.0816,1.0434,9.7833,P003_Barbell_Bench_Press_Uncontrolled_Movement_1_024 (2).csv
2,1,1,2,1,0.303,303,3.49,9.19,1.05,9.8863,0.0076,0.0196,-0.0535,-20.94,83.44,1.06,3.4862,9.0959,1.0442,9.7969,P003_Barbell_Bench_Press_Uncontrolled_Movement_1_024 (2).csv
2,1,1,2,1,0.433,433,3.48,8.67,1.0,9.3957,0.012,0.0273,0.0065,-21.06,83.38,1.0,3.4854,9.0398,1.0384,9.7439,P003_Barbell_Bench_Press_Uncontrolled_Movement_1_024 (2).csv
2,1,1,2,1,0.563,563,3.34,9.42,1.18,10.064,0.0491,0.012,0.0611,-20.94,83.19,0.69,3.4662,9.0899,1.0571,9.7856,P003_Barbell_Bench_Press_Uncontrolled_Movement_1_024 (2).csv
2,1,1,2,1,0.693,693,3.5,8.93,0.96,9.6393,-0.0044,0.0316,0.0982,-21.5,82.88,1.06,3.4707,9.0688,1.0443,9.7662,P003_Barbell_Bench_Press_Uncontrolled_Movement_1_024 (2).csv
2,1,1,2,1,0.823,823,3.8,7.99,1.21,8.93,0.0502,-0.0011,-0.0927,-22.19,82.63,1.56,3.5141,8.9266,1.0661,9.6525,P003_Barbell_Bench_Press_Uncontrolled_Movement_1_024 (2).csv
2,1,1,2,1,0.953,953,2.71,8.91,1.03,9.3698,0.0065,0.024,0.0949,-20.38,82.56,359.75,3.4081,8.9245,1.0614,9.6118,P003_Barbell_Bench_Press_Uncontrolled_Movement_1_024 (2).csv
2,1,1,2,1,1.084,1084,3.72,8.89,1.57,9.764,0.0022,0.0022,-0.1091,-21.81,82.5,1.0,3.4492,8.9199,1.1284,9.6299,P003_Barbell_Bench_Press_Uncontrolled_Movement_1_024 (2).csv
2,1,1,2,1,1.257,1257,3.43,8.78,1.26,9.51,0.0284,-0.0055,0.2411,-21.06,82.63,0.31,3.4467,8.9015,1.1457,9.614,P003_Barbell_Bench_Press_Uncontrolled_Movement_1_024 (2).csv
2,1,1,2,1,1.388,1388,3.72,8.79,1.21,9.6212,-0.0044,-0.048,-0.216,-21.38,82.5,0.75,3.4827,8.8868,1.1542,9.6144,P003_Barbell_Bench_Press_Uncontrolled_Movement_1_024 (2).csv
2,1,1,2,1,1.518,1518,3.15,8.85,1.14,9.4628,-0.0589,-0.024,0.084,-20.25,82.75,0.0,3.4389,8.8819,1.1523,9.5939,P003_Barbell_Bench_Press_Uncontrolled_Movement_1_024 (2).csv
2,1,1,2,1,1.651,1651,3.58,10.1,1.49,10.8188,-0.0513,0.0065,-0.0218,-21.0,83.19,0.94,3.4575,9.0424,1.1968,9.7546,P003_Barbell_Bench_Press_Uncontrolled_Movement_1_024 (2).csv
2,1,1,2,1,1.782,1782,2.74,7.65,0.95,8.1812,0.0022,0.0076,-0.1909,-19.63,83.31,359.56,3.3629,8.859,1.1643,9.547,P003_Barbell_Bench_Press_Uncontrolled_Movement_1_024 (2).csv
2,1,1,2,1,1.916,1916,3.88,10.55,1.16,11.3006,0.0371,0.0229,0.1473,-19.5,83.38,359.25,3.4311,9.0818,1.1637,9.7778,P003_Barbell_Bench_Press_Uncontrolled_Movement_1_024 (2).csv
2,1,1,2,1,2.047,2047,3.66,9.24,1.25,10.0168,0.0818,-0.036,-0.1625,-20.0,82.75,359.63,3.4612,9.1026,1.1751,9.8091,P003_Barbell_Bench_Press_Uncontrolled_Movement_1_024 (2).csv
2,1,1,2,1,2.178,2178,3.35,9.14,1.21,9.8095,0.0425,-0.0218,0.072,-19.38,82.25,359.13,3.4466,9.1076,1.1797,9.8091,P003_Barbell_Bench_Press_Uncontrolled_Movement_1_024 (2).csv
2,1,1,2,1,2.35,2350,3.04,9.47,1.28,10.028,-0.0295,-0.0218,-0.1287,-19.06,82.19,359.0,3.393,9.1553,1.1929,9.8364,P003_Barbell_Bench_Press_Uncontrolled_Movement_1_024 (2).csv
2,1,1,2,1,2.48,2480,3.42,9.82,1.59,10.5194,-0.0251,-0.0175,0.0905,-19.63,82.25,359.63,3.3966,9.2429,1.2452,9.9257,P003_Barbell_Bench_Press_Uncontrolled_Movement_1_024 (2).csv
2,1,1,2,1,2.61,2610,3.05,9.29,1.21,9.8524,-0.0349,-0.024,-0.0927,-19.31,82.44,359.56,3.3509,9.2491,1.2406,9.9153,P003_Barbell_Bench_Press_Uncontrolled_Movement_1_024 (2).csv
2,1,1,2,1,2.74,2740,3.29,9.88,1.27,10.4905,-0.0524,-0.0033,0.0578,-19.81,82.56,0.19,3.3429,9.3323,1.2445,9.9907,P003_Barbell_Bench_Press_Uncontrolled_Movement_1_024 (2).csv
2,1,1,2,1,2.87,2870,3.24,8.37,0.94,9.0243,-0.0698,-0.0175,-0.0982,-20.69,82.81,1.19,3.3293,9.2055,1.2043,9.8628,P003_Barbell_Bench_Press_Uncontrolled_Movement_1_024 (2).csv
2,1,1,2,1,3.0,3000,3.5,10.55,1.21,11.1811,-0.0524,0.0065,0.1385,-20.38,83.31,1.06,3.3518,9.3826,1.2051,10.036,P003_Barbell_Bench_Press_Uncontrolled_Movement_1_024 (2).csv
2,2,1,2,1,3.131,3131,3.61,8.73,0.81,9.4816,-0.0109,0.0349,0.228,-22.13,83.44,2.75,3.3858,9.2966,1.153,9.961,P003_Barbell_Bench_Press_Uncontrolled_Movement_1_024 (2).csv
2,2,1,2,1,3.262,3262,3.42,9.21,1.1,9.8859,0.0415,-0.012,-0.2771,-21.25,83.44,1.75,3.3903,9.2852,1.146,9.951,P003_Barbell_Bench_Press_Uncontrolled_Movement_1_024 (2).csv
2,2,1,2,1,3.435,3435,4.19,8.64,1.31,9.6913,0.0971,0.0425,0.2694,-22.69,82.75,2.75,3.4957,9.2002,1.1676,9.9109,P003_Barbell_Bench_Press_Uncontrolled_Movement_1_024 (2).csv
2,2,1,2,1,3.565,3565,3.66,9.16,1.08,9.9231,-0.0022,0.0502,0.0916,-23.19,82.69,2.88,3.5174,9.1949,1.1561,9.9123,P003_Barbell_Bench_Press_Uncontrolled_Movement_1_024 (2).csv
2,2,1,2,1,3.696,3696,4.43,9.06,1.31,10.1698,-0.0164,0.0415,-0.0349,-24.31,82.75,3.56,3.6376,9.1771,1.1764,9.9416,P003_Barbell_Bench_Press_Uncontrolled_Movement_1_024 (2).csv
2,2,1,2,1,3.826,3826,3.94,9.34,1.15,10.202,-0.024,0.0644,0.2782,-24.56,83.06,3.56,3.6775,9.1986,1.1729,9.9756,P003_Barbell_Bench_Press_Uncontrolled_Movement_1_024 (2).csv
2,2,1,2,1,3.956,3956,4.63,8.78,1.03,9.9793,-0.0415,0.0076,-0.1516,-26.38,83.31,5.13,3.803,9.1434,1.1541,9.9698,P003_Barbell_Bench_Press_Uncontrolled_Movement_1_024 (2).csv
2,2,1,2,1,4.086,4086,5.11,9.68,1.28,11.0206,0.0033,-0.0458,0.0305,-25.94,83.44,4.88,3.9752,9.2141,1.1707,10.1031,P003_Barbell_Bench_Press_Uncontrolled_Movement_1_024 (2).csv
2,2,1,2,1,4.216,4216,3.77,8.53,1.0,9.3794,0.0065,-0.0764,-0.0371,-25.63,83.13,5.0,3.9482,9.124,1.1482,10.0077,P003_Barbell_Bench_Press_Uncontrolled_Movement_1_024 (2).csv
2,2,1,2,1,4.346,4346,4.82,9.48,1.19,10.7014,-0.0262,-0.0567,0.2498,-26.88,83.0,6.75,4.0631,9.1709,1.1537,10.0968,P003_Barbell_Bench_Press_Uncontrolled_Movement_1_024 (2).csv
2,2,1,2,1,4.519,4519,4.46,8.92,1.22,10.0472,0.0175,-0.0327,0.1309,-27.56,82.88,8.06,4.1154,9.1378,1.1624,10.089,P003_Barbell_Bench_Press_Uncontrolled_Movement_1_024 (2).csv
2,2,1,2,1,4.65,4650,4.12,7.99,0.82,9.027,0.1145,-0.0251,0.0993,-27.88,82.13,8.31,4.116,8.9866,1.1173,9.9473,P003_Barbell_Bench_Press_Uncontrolled_Movement_1_024 (2).csv
2,2,1,2,1,4.781,4781,4.58,8.56,1.16,9.7773,0.1527,-0.0251,0.1167,-28.56,81.0,8.69,4.1771,8.9304,1.1229,9.9227,P003_Barbell_Bench_Press_Uncontrolled_Movement_1_024 (2).csv
2,2,1,2,1,4.916,4916,5.17,8.7,1.36,10.2112,0.1625,-0.0229,0.1724,-29.5,79.75,9.31,4.308,8.9,1.1542,9.9549,P003_Barbell_Bench_Press_Uncontrolled_Movement_1_024 (2).csv
2,2,1,2,1,5.047,5047,4.69,7.59,1.98,9.1392,0.2345,-0.0818,0.0196,-29.94,77.81,9.44,4.3583,8.7274,1.263,9.8365,P003_Barbell_Bench_Press_Uncontrolled_Movement_1_024 (2).csv
2,2,1,2,1,5.178,5178,5.25,9.15,1.94,10.7261,-0.0425,0.1102,0.4036,-30.56,77.0,9.88,4.4758,8.7831,1.3522,9.9501,P003_Barbell_Bench_Press_Uncontrolled_Movement_1_024 (2).csv
2,2,1,2,1,5.309,5309,4.47,5.52,0.59,7.1274,-0.4178,0.2029,-1.0199,-30.88,79.56,9.69,4.475,8.3531,1.2518,9.5586,P003_Barbell_Bench_Press_Uncontrolled_Movement_1_024 (2).csv
2,2,1,2,1,5.439,5439,4.34,10.23,2.78,11.455,-0.0818,0.1691,0.9174,-27.13,83.0,5.81,4.4572,8.6004,1.4531,9.7952,P003_Barbell_Bench_Press_Uncontrolled_Movement_1_024 (2).csv
2,2,1,2,1,5.612,5612,2.85,6.87,0.38,7.4474,0.0556,0.0578,-0.2422,-27.5,82.25,5.5,4.2455,8.3724,1.3117,9.4785,P003_Barbell_Bench_Press_Uncontrolled_Movement_1_024 (2).csv
2,2,1,2,1,5.743,5743,6.35,9.61,1.47,11.6119,0.0371,0.0578,-0.0349,-29.69,82.63,6.94,4.5228,8.5355,1.3326,9.7512,P003_Barbell_Bench_Press_Uncontrolled_Movement_1_024 (2).csv
2,2,1,2,1,5.873,5873,3.86,7.62,1.2,8.6258,0.0611,0.0349,0.1254,-28.44,82.25,5.38,4.4354,8.4148,1.3151,9.6027,P003_Barbell_Bench_Press_Uncontrolled_Movement_1_024 (2).csv
2,2,1,2,1,6.004,6004,5.22,8.85,1.21,10.3458,-0.0098,-0.0044,-0.1909,-29.13,82.31,5.81,4.5388,8.4722,1.3013,9.6991,P003_Barbell_Bench_Press_Uncontrolled_Movement_1_024 (2).csv
2,2,1,2,1,6.134,6134,4.58,8.23,1.28,9.5051,0.0295,-0.0185,0.0153,-28.25,82.06,5.06,4.5443,8.4403,1.2985,9.6734,P003_Barbell_Bench_Press_Uncontrolled_Movement_1_024 (2).csv
2,2,1,2,1,6.265,6265,4.55,8.33,1.21,9.5685,-0.012,-0.036,-0.1865,-28.06,81.94,4.94,4.545,8.4257,1.2868,9.6595,P003_Barbell_Bench_Press_Uncontrolled_Movement_1_024 (2).csv
2,2,1,2,1,6.396,6396,4.57,8.69,1.29,9.9028,-0.0284,-0.0273,0.1036,-27.63,81.94,4.81,4.5483,8.4606,1.2872,9.6915,P003_Barbell_Bench_Press_Uncontrolled_Movement_1_024 (2).csv
2,2,1,2,1,6.526,6526,3.51,7.46,0.86,8.2892,-0.036,-0.0524,-0.1047,-27.5,81.94,5.0,4.4115,8.3287,1.2309,9.5049,P003_Barbell_Bench_Press_Uncontrolled_Movement_1_024 (2).csv
2,2,1,2,1,6.699,6699,6.07,8.75,1.27,10.7248,0.036,-0.0044,0.7145,-29.81,82.0,7.69,4.63,8.3842,1.2361,9.6571,P003_Barbell_Bench_Press_Uncontrolled_Movement_1_024 (2).csv
2,2,1,2,1,6.833,6833,3.22,8.43,1.13,9.0945,-0.0589,-0.0109,-0.2073,-27.69,82.56,6.0,4.4442,8.3903,1.2221,9.5729,P003_Barbell_Bench_Press_Uncontrolled_Movement_1_024 (2).csv
2,2,1,2,1,6.964,6964,5.59,9.73,1.31,11.2977,0.0687,0.012,0.3043,-30.81,82.25,8.94,4.5952,8.5668,1.2337,9.7994,P003_Barbell_Bench_Press_Uncontrolled_Movement_1_024 (2).csv
2,2,1,2,1,7.095,7095,3.58,6.93,0.73,7.8342,-0.0076,0.0316,-0.2323,-28.0,82.13,6.13,4.4614,8.3511,1.1673,9.5398,P003_Barbell_Bench_Press_Uncontrolled_Movement_1_024 (2).csv
2,2,1,2,1,7.225,7225,6.62,10.77,1.66,12.7504,0.0545,0.1604,1.0123,-31.88,82.25,9.25,4.7459,8.6699,1.2322,9.9603,P003_Barbell_Bench_Press_Uncontrolled_Movement_1_024 (2).csv
2,3,1,2,1,7.356,7356,2.89,7.06,1.15,7.7148,-0.0262,-0.0142,-0.9948,-28.75,82.5,5.69,4.5013,8.4577,1.2214,9.6585,P003_Barbell_Bench_Press_Uncontrolled_Movement_1_024 (2).csv
2,3,1,2,1,7.486,7486,6.05,8.75,0.79,10.6672,0.1429,-0.0022,0.1178,-30.63,81.88,7.06,4.7054,8.4962,1.1646,9.7818,P003_Barbell_Bench_Press_Uncontrolled_Movement_1_024 (2).csv
2,3,1,2,1,7.617,7617,5.24,8.34,0.91,9.8915,-0.0175,-0.0185,0.096,-29.81,81.44,6.25,4.7758,8.4756,1.131,9.7941,P003_Barbell_Bench_Press_Uncontrolled_Movement_1_024 (2).csv
2,3,1,2,1,7.79,7790,5.64,8.52,1.16,10.2833,-0.1102,-0.0327,0.1178,-30.25,81.81,7.19,4.8897,8.4815,1.1348,9.8556,P003_Barbell_Bench_Press_Uncontrolled_Movement_1_024 (2).csv
2,3,1,2,1,7.922,7922,4.52,8.2,1.42,9.4703,-0.0818,-0.0862,-0.2247,-29.06,82.13,6.69,4.841,8.4444,1.1724,9.804,P003_Barbell_Bench_Press_Uncontrolled_Movement_1_024 (2).csv
2,3,1,2,1,8.053,8053,5.1,9.24,0.71,10.5779,-0.0633,-0.0425,-0.0927,-28.13,82.25,6.31,4.8751,8.5492,1.1115,9.9041,P003_Barbell_Bench_Press_Uncontrolled_Movement_1_024 (2).csv
2,3,1,2,1,8.188,8188,3.38,7.78,0.68,8.5097,-0.0916,0.0098,-0.4211,-26.13,82.69,4.56,4.6781,8.4479,1.0546,9.7141,P003_Barbell_Bench_Press_Uncontrolled_Movement_1_024 (2).csv
2,3,1,2,1,8.319,8319,4.55,9.65,1.02,10.7175,-0.0753,0.084,-0.0295,-25.56,83.56,3.75,4.6612,8.6063,1.0501,9.8437,P003_Barbell_Bench_Press_Uncontrolled_Movement_1_024 (2).csv
2,3,1,2,1,8.45,8450,4.34,9.36,1.26,10.3939,0.0131,0.0404,-0.18,-24.69,83.94,2.44,4.6189,8.7056,1.0777,9.9138,P003_Barbell_Bench_Press_Uncontrolled_Movement_1_024 (2).csv
2,3,1,2,1,8.58,8580,3.8,8.07,1.23,9.0043,0.0196,0.0044,-0.1549,-24.56,83.81,2.13,4.511,8.6218,1.0978,9.7924,P003_Barbell_Bench_Press_Uncontrolled_Movement_1_024 (2).csv
2,3,1,2,1,8.711,8711,4.15,9.7,1.35,10.6365,0.024,-0.0556,-0.072,-23.63,83.81,1.31,4.4634,8.7639,1.131,9.8999,P003_Barbell_Bench_Press_Uncontrolled_Movement_1_024 (2).csv
2,3,1,2,1,8.884,8884,4.07,9.27,0.94,10.1677,0.0044,-0.0425,0.1407,-24.13,83.5,2.31,4.4116,8.8306,1.1058,9.933,P003_Barbell_Bench_Press_Uncontrolled_Movement_1_024 (2).csv
2,3,1,2,1,9.015,9015,3.9,9.4,1.03,10.2289,-0.024,-0.0196,0.0982,-24.44,83.44,2.94,4.3442,8.9056,1.0959,9.9691,P003_Barbell_Bench_Press_Uncontrolled_Movement_1_024 (2).csv
2,3,1,2,1,9.145,9145,4.59,9.13,1.32,10.3038,-0.0044,0.0076,0.1156,-25.25,83.38,3.75,4.3766,8.9352,1.1254,10.0129,P003_Barbell_Bench_Press_Uncontrolled_Movement_1_024 (2).csv
2,3,1,2,1,9.276,9276,4.46,9.15,1.02,10.2301,0.0131,0.0065,0.1124,-25.75,83.25,4.25,4.3876,8.9635,1.1115,10.0414,P003_Barbell_Bench_Press_Uncontrolled_Movement_1_024 (2).csv
2,3,1,2,1,9.406,9406,4.41,8.47,1.16,9.6195,-0.0033,0.06,0.2105,-27.13,83.19,5.38,4.3905,8.8985,1.1179,9.9854,P003_Barbell_Bench_Press_Uncontrolled_Movement_1_024 (2).csv
2,3,1,2,1,9.536,9536,3.9,8.66,1.13,9.5646,-0.0393,0.0753,0.1014,-27.63,83.63,5.56,4.3259,8.8671,1.1195,9.9293,P003_Barbell_Bench_Press_Uncontrolled_Movement_1_024 (2).csv
2,3,1,2,1,9.667,9667,5.34,9.39,0.84,10.8348,-0.036,0.036,0.0273,-29.31,84.06,6.94,4.4595,8.936,1.0827,10.0454,P003_Barbell_Bench_Press_Uncontrolled_Movement_1_024 (2).csv
2,3,1,2,1,9.797,9797,4.27,7.97,0.6,9.0617,0.0076,-0.0055,0.0469,-29.56,84.06,7.13,4.4345,8.8087,1.0191,9.9145,P003_Barbell_Bench_Press_Uncontrolled_Movement_1_024 (2).csv
2,3,1,2,1,9.97,9970,5.23,8.08,0.88,9.6651,0.0764,-0.0295,0.2542,-31.13,83.5,8.75,4.5394,8.7127,1.0007,9.8751,P003_Barbell_Bench_Press_Uncontrolled_Movement_1_024 (2).csv
2,3,1,2,1,10.105,10105,5.95,8.64,0.92,10.5308,0.0371,0.0382,0.5181,-32.31,83.13,9.81,4.7252,8.7031,0.9901,9.9525,P003_Barbell_Bench_Press_Uncontrolled_Movement_1_024 (2).csv
2,3,1,2,1,10.236,10236,4.9,8.53,0.96,9.884,0.0273,-0.0055,0.1254,-32.44,83.06,9.88,4.7483,8.6803,0.9861,9.9431,P003_Barbell_Bench_Press_Uncontrolled_Movement_1_024 (2).csv
2,3,1,2,1,10.366,10366,6.39,9.21,1.18,11.2716,0.0404,-0.0055,0.3512,-34.63,82.56,11.94,4.9646,8.7501,1.0117,10.1111,P003_Barbell_Bench_Press_Uncontrolled_Movement_1_024 (2).csv
2,3,1,2,1,10.497,10497,6.3,7.18,1.03,9.6075,0.0404,-0.0393,-0.24,-35.94,82.06,13.13,5.1406,8.5432,1.0141,10.022,P003_Barbell_Bench_Press_Uncontrolled_Movement_1_024 (2).csv
2,3,1,2,1,10.627,10627,2.19,5.33,0.35,5.773,-0.0284,0.0305,0.2727,-32.75,82.06,10.19,4.7518,8.1198,0.9266,9.4535,P003_Barbell_Bench_Press_Uncontrolled_Movement_1_024 (2).csv
2,4,1,2,1,10.758,10758,5.75,8.52,0.8,10.3098,-0.0338,-0.1407,-0.9828,-34.75,82.0,12.38,4.8833,8.1725,0.9099,9.5637,P003_Barbell_Bench_Press_Uncontrolled_Movement_1_024 (2).csv
2,4,1,2,1,10.888,10888,5.05,7.29,1.34,8.969,0.0262,-0.024,0.6774,-34.19,81.31,12.25,4.9053,8.0562,0.9666,9.4815,P003_Barbell_Bench_Press_Uncontrolled_Movement_1_024 (2).csv
2,4,1,2,1,11.061,11061,5.37,8.68,1.32,10.2918,0.0076,0.0164,0.0993,-34.0,81.31,12.13,4.9665,8.1384,1.0131,9.5878,P003_Barbell_Bench_Press_Uncontrolled_Movement_1_024 (2).csv
2,4,1,2,1,11.192,11192,5.43,7.9,0.95,9.6331,0.0393,0.0371,-0.1549,-34.31,81.13,12.13,5.0276,8.107,1.0048,9.5922,P003_Barbell_Bench_Press_Uncontrolled_Movement_1_024 (2).csv
2,4,1,2,1,11.323,11323,5.55,8.02,1.43,9.8574,0.0109,0.0753,-0.12,-33.5,81.44,10.81,5.0964,8.0955,1.0609,9.6248,P003_Barbell_Bench_Press_Uncontrolled_Movement_1_024 (2).csv
2,4,1,2,1,11.453,11453,5.37,8.22,1.08,9.8778,0.0349,0.0349,-0.0905,-32.88,81.56,9.75,5.1325,8.1119,1.0634,9.658,P003_Barbell_Bench_Press_Uncontrolled_Movement_1_024 (2).csv
2,4,1,2,1,11.584,11584,5.28,8.23,1.24,9.8564,0.0142,0.0327,-0.1636,-32.31,81.56,8.81,5.1519,8.1275,1.0867,9.684,P003_Barbell_Bench_Press_Uncontrolled_Movement_1_024 (2).csv
2,4,1,2,1,11.714,11714,5.04,8.24,1.41,9.7615,0.0196,0.0076,-0.0425,-31.38,81.56,7.75,5.1372,8.1423,1.1293,9.6935,P003_Barbell_Bench_Press_Uncontrolled_Movement_1_024 (2).csv
2,4,1,2,1,11.844,11844,4.87,7.83,1.14,9.2911,0.0207,-0.0185,-0.0622,-31.25,81.25,7.56,5.102,8.1012,1.1307,9.6404,P003_Barbell_Bench_Press_Uncontrolled_Movement_1_024 (2).csv
2,4,1,2,1,11.975,11975,4.36,7.42,1.15,8.6827,-0.036,-0.0284,-0.2814,-30.31,81.38,6.75,5.0042,8.0114,1.1332,9.5136,P003_Barbell_Bench_Press_Uncontrolled_Movement_1_024 (2).csv
2,4,1,2,1,12.152,12152,6.01,8.82,1.42,10.767,-0.0044,0.0196,0.4112,-31.63,81.69,8.25,5.1367,8.118,1.171,9.6777,P003_Barbell_Bench_Press_Uncontrolled_Movement_1_024 (2).csv
2,4,1,2,1,12.283,12283,3.87,6.88,0.92,7.9472,-0.0393,-0.0709,-0.5389,-30.0,81.63,7.0,4.9698,7.9548,1.1379,9.4484,P003_Barbell_Bench_Press_Uncontrolled_Movement_1_024 (2).csv
2,4,1,2,1,12.414,12414,5.09,8.73,1.19,10.1753,-0.024,0.0305,0.3774,-31.13,81.88,8.25,4.9856,8.057,1.1448,9.5437,P003_Barbell_Bench_Press_Uncontrolled_Movement_1_024 (2).csv
2,4,1,2,1,12.544,12544,5.21,7.32,1.62,9.1297,-0.0535,-0.0196,-0.3894,-31.69,82.19,8.88,5.0152,7.9599,1.2074,9.4852,P003_Barbell_Bench_Press_Uncontrolled_Movement_1_024 (2).csv
2,4,1,2,1,12.674,12674,4.94,8.34,1.41,9.7953,-0.012,-0.0033,0.3643,-30.94,82.5,8.44,5.0053,8.01,1.2341,9.5255,P003_Barbell_Bench_Press_Uncontrolled_Movement_1_024 (2).csv
2,4,1,2,1,12.805,12805,5.74,8.64,1.14,10.4354,-0.0044,-0.036,-0.2116,-32.44,82.31,10.0,5.1021,8.093,1.2217,9.6447,P003_Barbell_Bench_Press_Uncontrolled_Movement_1_024 (2).csv
2,4,1,2,1,12.935,12935,2.6,7.24,0.53,7.7109,-0.1167,-0.0327,-0.6414,-28.88,82.94,6.88,4.7724,7.9806,1.1306,9.3672,P003_Barbell_Bench_Press_Uncontrolled_Movement_1_024 (2).csv
2,4,1,2,1,13.066,13066,7.04,9.23,1.3,11.6809,-0.0589,0.0578,0.3971,-31.5,83.56,9.44,5.0712,8.1452,1.1529,9.6639,P003_Barbell_Bench_Press_Uncontrolled_Movement_1_024 (2).csv
2,4,1,2,1,13.239,13239,3.31,7.09,0.62,7.8491,-0.0055,-0.0393,-0.7625,-29.69,83.88,7.75,4.8391,8.0062,1.0827,9.4174,P003_Barbell_Bench_Press_Uncontrolled_Movement_1_024 (2).csv
2,4,1,2,1,13.37,13370,4.86,8.85,0.47,10.1076,0.0087,0.0927,0.3611,-29.31,84.06,7.06,4.8419,8.1174,1.0019,9.5047,P003_Barbell_Bench_Press_Uncontrolled_Movement_1_024 (2).csv
2,4,1,2,1,13.5,13500,5.53,9.57,1.2,11.1178,-0.0022,0.1004,-0.1418,-30.06,84.5,7.19,4.9326,8.3088,1.028,9.7171,P003_Barbell_Bench_Press_Uncontrolled_Movement_1_024 (2).csv
2,4,1,2,1,13.631,13631,5.3,8.97,1.13,10.4799,0.0807,0.036,-0.1724,-29.75,84.44,6.19,4.981,8.3959,1.0415,9.8176,P003_Barbell_Bench_Press_Uncontrolled_Movement_1_024 (2).csv
2,4,1,2,1,13.761,13761,4.4,8.85,0.87,9.9217,0.1047,0.0196,0.06,-28.0,83.81,4.06,4.9044,8.4558,1.0189,9.8281,P003_Barbell_Bench_Press_Uncontrolled_Movement_1_024 (2).csv
2,5,1,2,1,13.895,13895,5.49,7.95,1.27,9.7445,0.0665,-0.0011,0.0251,-30.56,83.13,6.19,4.9816,8.3891,1.052,9.8133,P003_Barbell_Bench_Press_Uncontrolled_Movement_1_024 (2).csv
2,5,1,2,1,14.026,14026,3.41,7.58,0.95,8.3658,-0.0196,-0.0404,0.1484,-28.69,83.0,4.56,4.7745,8.2825,1.0385,9.6163,P003_Barbell_Bench_Press_Uncontrolled_Movement_1_024 (2).csv
2,5,1,2,1,14.159,14159,5.18,8.2,1.16,9.7682,-0.0764,-0.0513,0.1865,-30.63,83.13,7.06,4.8279,8.2716,1.0545,9.6354,P003_Barbell_Bench_Press_Uncontrolled_Movement_1_024 (2).csv
2,5,1,2,1,14.332,14332,4.41,7.92,0.86,9.1057,-0.1287,-0.0284,-0.1527,-29.44,84.19,6.75,4.7729,8.2253,1.0289,9.5653,P003_Barbell_Bench_Press_Uncontrolled_Movement_1_024 (2).csv
2,5,1,2,1,14.462,14462,5.12,8.93,1.25,10.3693,-0.0644,0.0098,0.5781,-31.0,84.81,8.75,4.8186,8.3181,1.058,9.6711,P003_Barbell_Bench_Press_Uncontrolled_Movement_1_024 (2).csv
2,5,1,2,1,14.592,14592,4.94,9.39,0.32,10.615,-0.1167,-0.0611,-0.5498,-30.0,85.38,8.19,4.8346,8.4594,0.9608,9.7907,P003_Barbell_Bench_Press_Uncontrolled_Movement_1_024 (2).csv
2,5,1,2,1,14.722,14722,4.48,9.3,0.59,10.3397,-0.0164,-0.0687,-0.1778,-27.81,85.69,6.63,4.7879,8.5702,0.9119,9.8592,P003_Barbell_Bench_Press_Uncontrolled_Movement_1_024 (2).csv
2,5,1,2,1,14.852,14852,4.59,8.81,0.43,9.9433,-0.0458,-0.0185,0.1625,-28.13,85.69,7.31,4.7618,8.6018,0.8484,9.8684,P003_Barbell_Bench_Press_Uncontrolled_Movement_1_024 (2).csv
2,5,1,2,1,14.982,14982,4.72,9.18,0.61,10.3404,-0.024,0.0196,0.156,-28.56,85.94,7.88,4.7563,8.678,0.817,9.9296,P003_Barbell_Bench_Press_Uncontrolled_Movement_1_024 (2).csv
2,5,1,2,1,15.113,15113,5.37,9.35,0.9,10.8199,0.0567,0.0098,0.0044,-29.75,85.88,8.88,4.8372,8.7665,0.8279,10.0467,P003_Barbell_Bench_Press_Uncontrolled_Movement_1_024 (2).csv
2,5,1,2,1,15.243,15243,4.96,8.01,0.63,9.4424,0.0862,0.0164,0.1931,-30.38,85.44,9.13,4.8533,8.6668,0.8019,9.9655,P003_Barbell_Bench_Press_Uncontrolled_Movement_1_024 (2).csv
2,5,1,2,1,15.416,15416,5.52,8.41,1.03,10.1123,0.0589,-0.0578,0.0829,-31.88,84.44,10.56,4.9412,8.633,0.8319,9.9818,P003_Barbell_Bench_Press_Uncontrolled_Movement_1_024 (2).csv
2,5,1,2,1,15.547,15547,4.68,7.4,0.63,8.7783,0.0098,-0.0698,-0.1156,-32.38,83.88,11.38,4.9068,8.4705,0.8053,9.8221,P003_Barbell_Bench_Press_Uncontrolled_Movement_1_024 (2).csv
2,5,1,2,1,15.678,15678,5.27,8.85,1.04,10.3526,-0.0731,0.0491,0.5923,-31.94,84.19,11.19,4.9546,8.5205,0.8362,9.8918,P003_Barbell_Bench_Press_Uncontrolled_Movement_1_024 (2).csv
2,5,1,2,1,15.808,15808,5.32,9.01,1.19,10.5308,-0.0469,-0.0447,-0.2662,-32.94,84.56,12.44,5.0028,8.585,0.8829,9.9755,P003_Barbell_Bench_Press_Uncontrolled_Movement_1_024 (2).csv
2,5,1,2,1,15.939,15939,4.39,7.33,0.32,8.5501,0.0164,-0.0295,0.2193,-33.94,84.19,13.63,4.922,8.4196,0.8087,9.7863,P003_Barbell_Bench_Press_Uncontrolled_Movement_1_024 (2).csv
2,5,1,2,1,16.069,16069,7.43,8.73,1.18,11.5243,-0.012,0.0044,0.2334,-37.38,84.06,17.0,5.2525,8.4605,0.8576,9.9953,P003_Barbell_Bench_Press_Uncontrolled_Movement_1_024 (2).csv
2,5,1,2,1,16.204,16204,6.12,8.47,0.55,10.4641,-0.0055,0.0142,0.1353,-36.63,84.06,16.31,5.3668,8.4618,0.8171,10.0535,P003_Barbell_Bench_Press_Uncontrolled_Movement_1_024 (2).csv
2,5,1,2,1,16.335,16335,6.32,8.02,0.88,10.2488,0.0371,0.0,-0.1985,-37.19,83.94,16.69,5.4924,8.4036,0.8254,10.0731,P003_Barbell_Bench_Press_Uncontrolled_Movement_1_024 (2).csv
2,5,1,2,1,16.508,16508,6.08,8.32,0.91,10.3449,0.1211,-0.0153,-0.2149,-36.38,83.25,15.44,5.5699,8.3926,0.8365,10.1073,P003_Barbell_Bench_Press_Uncontrolled_Movement_1_024 (2).csv
2,5,1,2,1,16.638,16638,1.76,4.98,0.28,5.2893,-0.0218,0.0469,-0.5269,-34.06,82.81,12.75,5.0678,7.9429,0.7632,9.4527,P003_Barbell_Bench_Press_Uncontrolled_Movement_1_024 (2).csv
2,5,1,2,1,16.768,16768,6.31,6.91,2.34,9.6457,0.0469,0.0644,-0.6774,-36.5,83.56,14.31,5.2315,7.8068,0.971,9.4476,P003_Barbell_Bench_Press_Uncontrolled_Movement_1_024 (2).csv
2,5,1,2,1,16.899,16899,4.84,7.34,1.11,8.8619,0.0829,0.0207,0.1647,-34.0,83.44,11.5,5.1799,7.7453,0.9893,9.3701,P003_Barbell_Bench_Press_Uncontrolled_Movement_1_024 (2).csv
2,6,1,2,1,17.029,17029,5.64,7.58,1.07,9.5085,0.0087,0.0415,-0.3796,-35.06,83.06,12.0,5.2405,7.7235,0.9999,9.387,P003_Barbell_Bench_Press_Uncontrolled_Movement_1_024 (2).csv
2,6,1,2,1,17.16,17160,6.05,8.54,1.1,10.5235,0.0589,-0.0284,0.0644,-33.94,83.0,10.75,5.3472,7.8311,1.0131,9.5365,P003_Barbell_Bench_Press_Uncontrolled_Movement_1_024 (2).csv
2,6,1,2,1,17.29,17290,4.24,7.1,0.62,8.2929,-0.0164,-0.0371,-0.4014,-32.88,82.5,9.88,5.2013,7.7347,0.9613,9.3704,P003_Barbell_Bench_Press_Uncontrolled_Movement_1_024 (2).csv
2,6,1,2,1,17.42,17420,6.17,8.95,1.53,10.9778,-0.0022,-0.012,0.2891,-33.88,82.63,11.0,5.329,7.8949,1.0362,9.5813,P003_Barbell_Bench_Press_Uncontrolled_Movement_1_024 (2).csv
2,6,1,2,1,17.593,17593,4.54,7.95,1.05,9.215,-0.012,-0.0065,0.1025,-32.63,82.38,10.06,5.225,7.9021,1.0381,9.5301,P003_Barbell_Bench_Press_Uncontrolled_Movement_1_024 (2).csv
2,6,1,2,1,17.723,17723,5.88,8.29,1.1,10.2229,-0.0371,-0.0284,-0.2662,-33.44,82.5,10.94,5.3113,7.9533,1.0462,9.6207,P003_Barbell_Bench_Press_Uncontrolled_Movement_1_024 (2).csv
2,6,1,2,1,17.853,17853,4.33,7.05,1.01,8.335,0.0,-0.0262,-0.1178,-31.63,82.5,9.38,5.182,7.8342,1.0415,9.4505,P003_Barbell_Bench_Press_Uncontrolled_Movement_1_024 (2).csv
2,6,1,2,1,17.983,17983,5.86,9.16,1.46,10.9716,-0.0535,0.0469,0.1309,-31.5,82.94,9.31,5.2713,8.0089,1.0966,9.6505,P003_Barbell_Bench_Press_Uncontrolled_Movement_1_024 (2).csv
2,6,1,2,1,18.113,18113,4.55,7.84,0.86,9.1054,-0.036,-0.0349,-0.3436,-30.25,83.19,8.19,5.1763,7.9867,1.0654,9.5768,P003_Barbell_Bench_Press_Uncontrolled_Movement_1_024 (2).csv
2,6,1,2,1,18.243,18243,5.52,9.94,1.04,11.4173,-0.0142,0.0327,0.2749,-30.31,83.38,8.31,5.2216,8.2441,1.0621,9.8162,P003_Barbell_Bench_Press_Uncontrolled_Movement_1_024 (2).csv
2,6,1,2,1,18.374,18374,2.96,7.57,0.79,8.1664,-0.0295,0.0087,-0.3022,-29.38,83.44,7.38,4.9236,8.1552,1.0262,9.5814,P003_Barbell_Bench_Press_Uncontrolled_Movement_1_024 (2).csv
2,6,1,2,1,18.504,18504,6.32,9.24,0.92,11.2324,0.0633,0.0447,0.4974,-31.94,83.56,9.56,5.1076,8.2982,1.0122,9.7965,P003_Barbell_Bench_Press_Uncontrolled_Movement_1_024 (2).csv
2,6,1,2,1,18.677,18677,3.98,6.84,0.83,7.9571,0.0436,-0.0185,-0.3992,-30.44,83.25,7.88,4.959,8.106,0.9882,9.5538,P003_Barbell_Bench_Press_Uncontrolled_Movement_1_024 (2).csv
2,6,1,2,1,18.808,18808,6.15,9.68,1.37,11.55,0.0556,0.0785,0.8563,-31.5,83.13,8.69,5.1159,8.3134,1.0385,9.8165,P003_Barbell_Bench_Press_Uncontrolled_Movement_1_024 (2).csv
2,6,1,2,1,18.939,18939,5.38,8.32,1.05,9.9634,-0.012,0.0153,-0.1702,-31.69,82.94,8.75,5.1507,8.3143,1.04,9.8356,P003_Barbell_Bench_Press_Uncontrolled_Movement_1_024 (2).csv
2,6,1,2,1,19.069,19069,4.13,7.89,1.03,8.9649,0.0164,0.0949,0.1276,-29.19,83.25,5.94,5.0162,8.2584,1.0387,9.7182,P003_Barbell_Bench_Press_Uncontrolled_Movement_1_024 (2).csv
2,6,1,2,1,19.2,19200,4.99,9.59,0.92,10.8496,0.0076,0.1614,0.0305,-29.5,83.69,5.44,5.0128,8.4339,1.0231,9.8643,P003_Barbell_Bench_Press_Uncontrolled_Movement_1_024 (2).csv
2,6,1,2,1,19.33,19330,5.78,8.23,1.38,10.1511,0.0207,0.1342,0.0153,-30.75,84.19,5.5,5.1139,8.407,1.0701,9.8982,P003_Barbell_Bench_Press_Uncontrolled_Movement_1_024 (2).csv
2,6,1,2,1,19.463,19463,5.49,8.62,0.74,10.2466,0.0284,0.0742,0.2225,-29.19,84.5,3.5,5.1634,8.4351,1.0266,9.9431,P003_Barbell_Bench_Press_Uncontrolled_Movement_1_024 (2).csv
2,6,1,2,1,19.594,19594,3.71,7.7,1.06,8.6126,-0.0905,0.0218,-0.5541,-27.88,85.06,1.94,4.9719,8.3382,1.031,9.7626,P003_Barbell_Bench_Press_Uncontrolled_Movement_1_024 (2).csv
2,6,1,2,1,19.769,19769,4.68,9.11,0.44,10.2512,-0.1254,-0.0295,-0.048,-27.81,85.94,2.38,4.9334,8.4399,0.9531,9.8224,P003_Barbell_Bench_Press_Uncontrolled_Movement_1_024 (2).csv
2,6,1,2,1,19.899,19899,4.63,8.39,0.6,9.6015,-0.132,-0.0469,-0.2062,-27.56,86.75,2.63,4.8935,8.4333,0.9066,9.7923,P003_Barbell_Bench_Press_Uncontrolled_Movement_1_024 (2).csv
2,6,1,2,1,20.03,20030,4.44,9.6,0.42,10.5854,-0.0873,-0.0316,0.3087,-26.88,87.31,2.56,4.8337,8.5871,0.8425,9.89,P003_Barbell_Bench_Press_Uncontrolled_Movement_1_024 (2).csv
2,6,1,2,1,20.16,20160,4.69,9.03,0.5,10.1876,0.0207,-0.0949,-0.0545,-28.25,87.0,4.44,4.8148,8.6454,0.7973,9.9278,P003_Barbell_Bench_Press_Uncontrolled_Movement_1_024 (2).csv
2,6,1,2,1,20.291,20291,4.68,9.5,0.46,10.6002,0.06,-0.0862,0.0142,-28.06,86.31,4.63,4.797,8.758,0.7529,10.0141,P003_Barbell_Bench_Press_Uncontrolled_Movement_1_024 (2).csv
2,6,1,2,1,20.421,20421,4.55,8.08,0.94,9.3205,0.0742,-0.0404,0.06,-29.06,85.5,5.81,4.7645,8.6687,0.7775,9.9222,P003_Barbell_Bench_Press_Uncontrolled_Movement_1_024 (2).csv
2,6,1,2,1,20.552,20552,4.56,8.76,1.05,9.9315,0.0131,0.0382,-0.0207,-28.56,85.19,5.19,4.7375,8.6807,0.8134,9.9227,P003_Barbell_Bench_Press_Uncontrolled_Movement_1_024 (2).csv
2,6,1,2,1,20.682,20682,5.0,8.63,0.87,10.0117,-0.0327,0.0796,-0.0524,-29.0,85.44,5.19,4.7721,8.674,0.8209,9.9341,P003_Barbell_Bench_Press_Uncontrolled_Movement_1_024 (2).csv
2,6,1,2,1,20.855,20855,5.51,8.81,0.44,10.4005,-0.0371,0.0556,0.0415,-28.94,86.19,4.63,4.8693,8.692,0.7707,9.9927,P003_Barbell_Bench_Press_Uncontrolled_Movement_1_024 (2).csv
2,6,1,2,1,20.985,20985,4.99,8.7,0.68,10.0525,-0.0022,-0.0295,-0.1822,-27.94,86.44,3.63,4.8852,8.693,0.7588,10.0005,P003_Barbell_Bench_Press_Uncontrolled_Movement_1_024 (2).csv
2,6,1,2,1,21.115,21115,4.52,8.51,0.57,9.6527,0.0044,-0.0371,0.2465,-27.69,86.25,3.63,4.8371,8.6689,0.7339,9.9542,P003_Barbell_Bench_Press_Uncontrolled_Movement_1_024 (2).csv
2,6,1,2,1,21.245,21245,4.71,8.69,0.56,9.9002,-0.0284,-0.0131,0.3043,-28.88,86.25,5.06,4.8204,8.6717,0.711,9.9468,P003_Barbell_Bench_Press_Uncontrolled_Movement_1_024 (2).csv
2,6,1,2,1,21.375,21375,4.76,8.88,0.51,10.0882,-0.0436,-0.0665,-0.1604,-29.5,86.31,6.13,4.8124,8.6991,0.6845,9.9651,P003_Barbell_Bench_Press_Uncontrolled_Movement_1_024 (2).csv
2,6,1,2,1,21.505,21505,4.18,7.85,0.62,8.9151,-0.0196,-0.0251,0.0785,-29.5,86.44,6.5,4.7291,8.5872,0.676,9.8266,P003_Barbell_Bench_Press_Uncontrolled_Movement_1_024 (2).csv
2,6,1,2,1,21.635,21635,5.68,9.26,0.58,10.8787,0.0131,0.0469,0.648,-31.44,86.56,8.44,4.8544,8.6759,0.6633,9.9637,P003_Barbell_Bench_Press_Uncontrolled_Movement_1_024 (2).csv
2,6,1,2,1,21.765,21765,5.64,7.94,0.36,9.7459,0.0938,-0.1058,-0.4091,-32.56,85.75,9.5,4.9579,8.5789,0.6234,9.9281,P003_Barbell_Bench_Press_Uncontrolled_Movement_1_024 (2).csv
2,6,1,2,1,21.938,21938,5.79,9.47,1.35,11.1816,0.0785,0.0469,0.8268,-33.5,84.88,10.38,5.0676,8.6963,0.7191,10.0908,P003_Barbell_Bench_Press_Uncontrolled_Movement_1_024 (2).csv
2,6,1,2,1,22.069,22069,5.16,7.9,0.84,9.4732,0.0654,-0.0589,-0.4363,-33.0,84.25,9.75,5.0797,8.5914,0.735,10.0078,P003_Barbell_Bench_Press_Uncontrolled_Movement_1_024 (2).csv
2,6,1,2,1,22.2,22200,5.88,8.66,0.77,10.4959,0.0415,0.0436,0.4712,-33.19,83.88,9.88,5.1852,8.6004,0.7397,10.0698,P003_Barbell_Bench_Press_Uncontrolled_Movement_1_024 (2).csv
2,6,1,2,1,22.33,22330,4.72,7.68,1.46,9.1319,0.0698,-0.0164,-0.3905,-32.69,83.75,9.06,5.1239,8.4792,0.8346,9.9422,P003_Barbell_Bench_Press_Uncontrolled_Movement_1_024 (2).csv
2,6,1,2,1,22.461,22461,9.2,8.88,1.19,12.8417,0.0971,0.0611,0.8825,-35.44,82.94,11.38,5.661,8.532,0.8814,10.2771,P003_Barbell_Bench_Press_Uncontrolled_Movement_1_024 (2).csv
2,6,1,2,1,22.597,22597,3.07,5.92,0.37,6.6789,0.0185,-0.1134,-1.2152,-31.5,82.88,7.5,5.3196,8.1878,0.814,9.798,P003_Barbell_Bench_Press_Uncontrolled_Movement_1_024 (2).csv
2,6,1,2,1,22.729,22729,6.07,9.02,1.33,10.9533,0.0175,0.1385,1.381,-31.06,82.75,7.0,5.4185,8.2974,0.882,9.9491,P003_Barbell_Bench_Press_Uncontrolled_Movement_1_024 (2).csv
2,6,1,2,1,22.859,22859,3.31,7.68,0.9,8.4112,-0.0033,-0.1004,-1.2435,-30.19,82.63,6.06,5.1406,8.2161,0.8844,9.732,P003_Barbell_Bench_Press_Uncontrolled_Movement_1_024 (2).csv
2,7,1,2,1,23.032,23032,7.45,9.2,1.36,11.916,-0.0065,0.0785,0.4789,-31.81,82.69,7.44,5.4449,8.3457,0.9471,10.0098,P003_Barbell_Bench_Press_Uncontrolled_Movement_1_024 (2).csv
2,7,1,2,1,23.163,23163,3.66,7.84,1.22,8.7378,0.0164,-0.0131,0.1953,-29.56,83.0,5.38,5.2097,8.2791,0.983,9.8311,P003_Barbell_Bench_Press_Uncontrolled_Movement_1_024 (2).csv
2,7,1,2,1,23.293,23293,6.15,8.25,0.81,10.3219,-0.0873,-0.0327,-0.1571,-31.81,83.06,7.75,5.3336,8.2753,0.9602,9.8919,P003_Barbell_Bench_Press_Uncontrolled_Movement_1_024 (2).csv
2,7,1,2,1,23.424,23424,3.76,8.01,0.91,8.8953,-0.0753,-0.0785,-0.1691,-28.25,83.56,5.0,5.1263,8.2403,0.9536,9.7514,P003_Barbell_Bench_Press_Uncontrolled_Movement_1_024 (2).csv
2,7,1,2,1,23.555,23555,6.56,9.02,1.04,11.2016,-0.0785,-0.0491,-0.12,-30.44,83.69,7.63,5.3152,8.3431,0.965,9.9393,P003_Barbell_Bench_Press_Uncontrolled_Movement_1_024 (2).csv
2,7,1,2,1,23.685,23685,3.0,7.56,0.72,8.1653,-0.0491,-0.06,-0.0327,-26.69,84.13,4.69,5.0101,8.2399,0.9327,9.6885,P003_Barbell_Bench_Press_Uncontrolled_Movement_1_024 (2).csv
2,7,1,2,1,23.816,23816,6.31,9.14,1.05,11.1561,0.0447,-0.0611,0.1985,-30.63,83.75,8.69,5.1814,8.3585,0.9482,9.8798,P003_Barbell_Bench_Press_Uncontrolled_Movement_1_024 (2).csv
2,7,1,2,1,23.946,23946,3.32,7.4,0.83,8.153,-0.0022,-0.0044,0.1276,-28.25,83.38,6.75,4.9361,8.2322,0.9326,9.6438,P003_Barbell_Bench_Press_Uncontrolled_Movement_1_024 (2).csv
2,7,1,2,1,24.119,24119,4.57,8.8,1.28,9.9982,0.0033,-0.0633,-0.589,-29.0,83.5,7.5,4.8879,8.307,0.9784,9.6879,P003_Barbell_Bench_Press_Uncontrolled_Movement_1_024 (2).csv
2,7,1,2,1,24.254,24254,5.11,8.16,0.99,9.6787,0.0338,0.0251,0.4887,-29.19,83.13,7.69,4.9171,8.2876,0.9799,9.6862,P003_Barbell_Bench_Press_Uncontrolled_Movement_1_024 (2).csv
2,7,1,2,1,24.385,24385,2.31,7.16,0.73,7.5587,0.0022,-0.0469,-0.6185,-27.31,83.19,6.0,4.5736,8.139,0.947,9.3839,P003_Barbell_Bench_Press_Uncontrolled_Movement_1_024 (2).csv
2,7,1,2,1,24.515,24515,6.8,9.57,1.15,11.7961,0.0949,0.0425,1.2043,-32.25,82.44,10.63,4.867,8.3276,0.9737,9.6946,P003_Barbell_Bench_Press_Uncontrolled_Movement_1_024 (2).csv
2,7,1,2,1,24.646,24646,2.8,8.04,0.19,8.5157,0.0316,-0.0065,-0.6381,-29.75,82.38,8.19,4.5946,8.2897,0.8705,9.5177,P003_Barbell_Bench_Press_Uncontrolled_Movement_1_024 (2).csv
2,7,1,2,1,24.776,24776,5.51,9.61,1.06,11.1282,-0.0764,0.1353,0.4494,-30.38,83.0,8.44,4.7152,8.4637,0.8954,9.7298,P003_Barbell_Bench_Press_Uncontrolled_Movement_1_024 (2).csv
2,7,1,2,1,24.907,24907,4.57,8.15,1.18,9.4181,-0.0251,0.0382,-0.5781,-29.81,83.75,7.38,4.6961,8.4223,0.9329,9.6881,P003_Barbell_Bench_Press_Uncontrolled_Movement_1_024 (2).csv
2,7,1,2,1,25.037,25037,4.09,8.5,0.7,9.4588,0.0425,0.0578,0.5236,-27.69,84.0,5.06,4.6162,8.4326,0.9022,9.6557,P003_Barbell_Bench_Press_Uncontrolled_Movement_1_024 (2).csv
2,7,1,2,1,25.21,25210,5.02,8.78,0.77,10.1431,0.0905,-0.0796,-0.3043,-29.31,83.13,6.5,4.6694,8.4784,0.8848,9.7195,P003_Barbell_Bench_Press_Uncontrolled_Movement_1_024 (2).csv
2,7,1,2,1,25.34,25340,4.19,8.24,1.1,9.3093,-0.024,-0.0851,-0.2509,-27.63,82.63,5.31,4.6063,8.447,0.9132,9.6645,P003_Barbell_Bench_Press_Uncontrolled_Movement_1_024 (2).csv
2,7,1,2,1,25.47,25470,4.37,8.42,0.91,9.53,-0.0109,-0.024,-0.0404,-27.13,82.69,5.19,4.5751,8.4434,0.9127,9.6465,P003_Barbell_Bench_Press_Uncontrolled_Movement_1_024 (2).csv
2,7,1,2,1,25.6,25600,4.31,8.97,1.53,10.0687,0.0469,-0.0251,0.0818,-26.25,82.5,4.5,4.5402,8.5128,0.9941,9.6989,P003_Barbell_Bench_Press_Uncontrolled_Movement_1_024 (2).csv
2,7,1,2,1,25.73,25730,5.04,8.8,1.35,10.2305,0.0164,0.012,0.3382,-28.19,82.19,6.38,4.606,8.5506,1.041,9.7679,P003_Barbell_Bench_Press_Uncontrolled_Movement_1_024 (2).csv
2,7,1,2,1,25.861,25861,4.86,8.24,1.15,9.6353,-0.0153,-0.0316,-0.2509,-29.13,82.06,7.31,4.6395,8.5097,1.0554,9.7496,P003_Barbell_Bench_Press_Uncontrolled_Movement_1_024 (2).csv
2,7,1,2,1,25.991,25991,5.23,8.64,1.26,10.1779,0.024,0.0065,0.096,-28.19,82.0,6.5,4.7173,8.5269,1.0823,9.8047,P003_Barbell_Bench_Press_Uncontrolled_Movement_1_024 (2).csv
2,7,1,2,1,26.121,26121,4.85,9.19,1.11,10.4504,0.0229,0.0196,-0.1189,-27.56,82.0,5.81,4.7348,8.6143,1.086,9.8895,P003_Barbell_Bench_Press_Uncontrolled_Movement_1_024 (2).csv
2,7,1,2,1,26.294,26294,4.45,8.54,1.17,9.7007,-0.0393,0.0393,-0.0142,-28.0,82.31,6.0,4.6973,8.6045,1.097,9.8643,P003_Barbell_Bench_Press_Uncontrolled_Movement_1_024 (2).csv
2,7,1,2,1,26.425,26425,4.65,9.01,1.02,10.1903,-0.0502,0.0295,-0.1571,-27.5,82.88,5.38,4.691,8.6579,1.0869,9.9069,P003_Barbell_Bench_Press_Uncontrolled_Movement_1_024 (2).csv
2,7,1,2,1,26.555,26555,4.47,8.31,1.23,9.5158,-0.0098,0.0065,-0.1342,-27.31,83.06,5.13,4.6619,8.6121,1.1057,9.8551,P003_Barbell_Bench_Press_Uncontrolled_Movement_1_024 (2).csv
2,7,1,2,1,26.686,26686,5.07,9.43,1.19,10.7725,0.0393,-0.0033,0.2007,-27.56,82.94,5.31,4.7157,8.7198,1.1168,9.976,P003_Barbell_Bench_Press_Uncontrolled_Movement_1_024 (2).csv
2,7,1,2,1,26.817,26817,5.39,8.65,1.18,10.26,0.0295,-0.0251,0.132,-28.94,82.5,6.69,4.8045,8.7106,1.1252,10.0112,P003_Barbell_Bench_Press_Uncontrolled_Movement_1_024 (2).csv
2,7,1,2,1,26.947,26947,3.66,7.65,0.82,8.52,-0.0567,-0.0382,-0.2345,-27.88,82.63,5.88,4.6537,8.5709,1.085,9.813,P003_Barbell_Bench_Press_Uncontrolled_Movement_1_024 (2).csv
2,7,1,2,1,27.078,27078,6.02,9.96,1.45,11.7279,0.0175,0.0055,0.5694,-29.81,82.63,8.0,4.8338,8.7539,1.1331,10.0638,P003_Barbell_Bench_Press_Uncontrolled_Movement_1_024 (2).csv
2,7,1,2,1,27.208,27208,5.17,8.01,1.31,9.6232,0.0524,-0.0524,0.0524,-31.88,82.0,10.06,4.8781,8.6559,1.1564,10.0029,P003_Barbell_Bench_Press_Uncontrolled_Movement_1_024 (2).csv
2,7,1,2,1,27.381,27381,3.43,6.51,0.72,7.3935,-0.0142,0.0098,-0.5552,-31.88,81.56,10.06,4.6873,8.3731,1.0989,9.6585,P003_Barbell_Bench_Press_Uncontrolled_Movement_1_024 (2).csv
2,7,1,2,1,27.516,27516,5.9,9.83,1.75,11.5975,0.0873,0.1385,0.7439,-31.56,81.75,9.13,4.8471,8.5651,1.1847,9.9125,P003_Barbell_Bench_Press_Uncontrolled_Movement_1_024 (2).csv
2,7,1,2,1,27.647,27647,5.14,8.46,1.23,9.9752,0.0316,0.0535,-0.228,-31.13,81.69,8.0,4.8857,8.5513,1.1906,9.9202,P003_Barbell_Bench_Press_Uncontrolled_Movement_1_024 (2).csv
2,7,1,2,1,27.777,27777,5.56,8.36,1.21,10.1127,0.0349,0.0436,0.0535,-31.31,81.69,7.75,4.9745,8.5261,1.1932,9.943,P003_Barbell_Bench_Press_Uncontrolled_Movement_1_024 (2).csv
2,7,1,2,1,27.908,27908,4.23,7.7,1.14,8.859,0.0338,0.0022,0.0349,-31.06,81.63,7.31,4.8764,8.4172,1.1862,9.7998,P003_Barbell_Bench_Press_Uncontrolled_Movement_1_024 (2).csv
2,7,1,2,1,28.038,28038,6.39,8.9,1.57,11.0683,0.0589,-0.0524,0.1811,-33.94,80.94,10.06,5.0759,8.4808,1.2368,9.9608,P003_Barbell_Bench_Press_Uncontrolled_Movement_1_024 (2).csv
2,7,1,2,1,28.169,28169,4.95,7.42,1.18,8.9973,0.0218,-0.096,-0.2793,-33.56,80.19,10.13,5.0593,8.341,1.2293,9.8326,P003_Barbell_Bench_Press_Uncontrolled_Movement_1_024 (2).csv
2,7,1,2,1,28.299,28299,5.67,7.88,1.83,9.8789,-0.0065,-0.0305,-0.0087,-35.0,79.75,11.75,5.1398,8.2803,1.3084,9.8332,P003_Barbell_Bench_Press_Uncontrolled_Movement_1_024 (2).csv
2,7,1,2,1,28.472,28472,6.8,9.17,2.34,11.6535,0.0371,0.0229,0.4211,-35.75,79.75,12.56,5.3585,8.3975,1.4444,10.0657,P003_Barbell_Bench_Press_Uncontrolled_Movement_1_024 (2).csv
2,7,1,2,1,28.602,28602,1.53,3.94,0.51,4.2573,-0.1047,-0.0894,-1.6057,-32.75,80.06,9.75,4.854,7.8101,1.3212,9.2901,P003_Barbell_Bench_Press_Uncontrolled_Movement_1_024 (2).csv
2,8,1,2,1,28.733,28733,8.98,8.82,1.76,12.7095,-0.0338,0.1778,1.3952,-33.19,81.25,10.0,5.3977,7.9432,1.3791,9.7022,P003_Barbell_Bench_Press_Uncontrolled_Movement_1_024 (2).csv
2,8,1,2,1,28.863,28863,5.98,7.62,0.5,9.6992,-0.0393,-0.0698,-1.0101,-32.0,81.88,8.88,5.4745,7.9006,1.2632,9.6946,P003_Barbell_Bench_Press_Uncontrolled_Movement_1_024 (2).csv
2,8,1,2,1,28.994,28994,5.47,8.54,1.2,10.2124,-0.0065,0.0327,0.5149,-32.38,82.19,9.44,5.4739,7.9849,1.2549,9.762,P003_Barbell_Bench_Press_Uncontrolled_Movement_1_024 (2).csv
2,8,1,2,1,29.125,29125,4.37,8.2,1.21,9.3702,-0.036,-0.0654,-0.2651,-31.13,82.38,8.5,5.3284,8.0132,1.249,9.7038,P003_Barbell_Bench_Press_Uncontrolled_Movement_1_024 (2).csv
2,8,1,2,1,29.255,29255,5.16,8.55,0.95,10.0315,-0.0131,-0.0262,0.1025,-31.81,82.19,9.5,5.3062,8.084,1.2096,9.7452,P003_Barbell_Bench_Press_Uncontrolled_Movement_1_024 (2).csv
2,8,1,2,1,29.386,29386,4.57,8.26,1.14,9.5085,-0.0022,-0.0196,-0.0949,-31.25,82.13,9.06,5.2092,8.1072,1.2004,9.711,P003_Barbell_Bench_Press_Uncontrolled_Movement_1_024 (2).csv
2,8,1,2,1,29.563,29563,5.24,8.52,1.26,10.0814,0.0175,0.0131,-0.1134,-31.38,82.0,9.06,5.2133,8.1616,1.2083,9.7596,P003_Barbell_Bench_Press_Uncontrolled_Movement_1_024 (2).csv
2,8,1,2,1,29.694,29694,4.44,7.78,1.1,9.0251,0.0109,0.0098,-0.1767,-29.88,82.0,7.44,5.1114,8.1113,1.194,9.6615,P003_Barbell_Bench_Press_Uncontrolled_Movement_1_024 (2).csv
2,8,1,2,1,29.825,29825,5.79,8.76,1.31,10.582,-0.0218,0.0382,-0.0098,-30.81,82.06,8.13,5.2008,8.1968,1.2093,9.7825,P003_Barbell_Bench_Press_Uncontrolled_Movement_1_024 (2).csv
2,8,1,2,1,29.955,29955,3.39,7.34,1.27,8.1842,0.0098,-0.0578,-0.5301,-28.25,82.25,5.69,4.9622,8.0839,1.2173,9.5631,P003_Barbell_Bench_Press_Uncontrolled_Movement_1_024 (2).csv
2,8,1,2,1,30.085,30085,6.15,8.14,1.55,10.3191,-0.0185,-0.0415,0.1025,-30.75,81.69,8.25,5.1187,8.0913,1.2611,9.6571,P003_Barbell_Bench_Press_Uncontrolled_Movement_1_024 (2).csv
2,8,1,2,1,30.216,30216,3.59,8.08,0.82,8.8796,-0.0545,-0.0371,-0.012,-28.25,81.88,6.31,4.9173,8.0898,1.203,9.5431,P003_Barbell_Bench_Press_Uncontrolled_Movement_1_024 (2).csv
2,8,1,2,1,30.346,30346,4.47,8.07,1.39,9.3294,-0.0567,-0.0382,-0.0676,-29.13,82.19,7.5,4.8583,8.0872,1.2276,9.5138,P003_Barbell_Bench_Press_Uncontrolled_Movement_1_024 (2).csv
2,8,1,2,1,30.477,30477,5.48,9.18,1.77,10.8368,-0.012,-0.0316,0.1014,-30.25,82.25,8.94,4.9402,8.2312,1.2991,9.6874,P003_Barbell_Bench_Press_Uncontrolled_Movement_1_024 (2).csv
2,8,1,2,1,30.65,30650,3.97,7.71,1.18,8.752,-0.0338,0.0164,0.1058,-29.06,82.38,8.13,4.8124,8.1625,1.2834,9.562,P003_Barbell_Bench_Press_Uncontrolled_Movement_1_024 (2).csv
2,8,1,2,1,30.781,30781,5.25,8.18,0.89,9.7605,-0.0644,0.0338,-0.0873,-30.44,82.94,9.44,4.8701,8.1648,1.2316,9.5864,P003_Barbell_Bench_Press_Uncontrolled_Movement_1_024 (2).csv
2,8,1,2,1,30.911,30911,4.52,9.35,1.1,10.4433,-0.072,0.0404,0.0622,-28.25,83.88,7.38,4.8239,8.321,1.2142,9.6945,P003_Barbell_Bench_Press_Uncontrolled_Movement_1_024 (2).csv
2,8,1,2,1,31.042,31042,5.0,8.71,0.95,10.0879,0.0349,-0.0415,-0.2509,-29.19,83.81,8.25,4.8471,8.3722,1.1794,9.7458,P003_Barbell_Bench_Press_Uncontrolled_Movement_1_024 (2).csv
2,8,1,2,1,31.172,31172,3.64,8.17,0.82,8.9817,0.0698,-0.072,-0.2956,-26.81,83.25,6.06,4.6881,8.3456,1.1321,9.6389,P003_Barbell_Bench_Press_Uncontrolled_Movement_1_024 (2).csv
2,8,1,2,1,31.304,31304,5.21,9.52,1.51,10.9569,0.1429,-0.0033,0.5498,-27.75,82.19,6.94,4.7568,8.5004,1.1819,9.8123,P003_Barbell_Bench_Press_Uncontrolled_Movement_1_024 (2).csv
2,8,1,2,1,31.435,31435,4.06,7.55,0.85,8.6144,0.0295,-0.0654,-0.5334,-28.38,81.31,7.5,4.665,8.3751,1.1381,9.654,P003_Barbell_Bench_Press_Uncontrolled_Movement_1_024 (2).csv
2,8,1,2,1,31.57,31570,3.49,7.88,1.3,8.7158,-0.0284,0.0469,0.228,-26.69,81.5,5.88,4.5102,8.3099,1.1595,9.5258,P003_Barbell_Bench_Press_Uncontrolled_Movement_1_024 (2).csv
2,8,1,2,1,31.743,31743,5.02,8.93,1.16,10.3097,0.0033,0.0065,-0.1287,-27.94,81.88,6.81,4.5774,8.3916,1.1595,9.6289,P003_Barbell_Bench_Press_Uncontrolled_Movement_1_024 (2).csv
2,8,1,2,1,31.873,31873,4.88,8.94,1.27,10.2641,0.0524,-0.0535,-0.2542,-27.06,81.56,5.94,4.6172,8.4639,1.1741,9.7126,P003_Barbell_Bench_Press_Uncontrolled_Movement_1_024 (2).csv
2,8,1,2,1,32.003,32003,4.03,9.04,1.33,9.9866,0.0327,-0.0349,-0.1004,-25.13,81.19,4.25,4.5399,8.5398,1.1946,9.745,P003_Barbell_Bench_Press_Uncontrolled_Movement_1_024 (2).csv
2,8,1,2,1,32.133,32133,4.21,8.68,1.14,9.7142,-0.0229,0.0185,0.1145,-25.63,81.0,4.81,4.4964,8.5583,1.1874,9.7402,P003_Barbell_Bench_Press_Uncontrolled_Movement_1_024 (2).csv
2,8,1,2,1,32.263,32263,4.31,9.06,1.37,10.126,-0.0327,0.0338,0.0284,-25.69,81.38,4.75,4.4718,8.6244,1.2115,9.79,P003_Barbell_Bench_Press_Uncontrolled_Movement_1_024 (2).csv
2,8,1,2,1,32.394,32394,5.14,9.43,1.46,10.8386,-0.0371,0.0262,0.0415,-26.06,81.56,5.0,4.5599,8.7305,1.2442,9.9279,P003_Barbell_Bench_Press_Uncontrolled_Movement_1_024 (2).csv
2,8,1,2,1,32.524,32524,4.33,8.82,1.14,9.8915,-0.0087,-0.0131,-0.0785,-25.31,81.81,4.38,4.5296,8.7423,1.2305,9.9227,P003_Barbell_Bench_Press_Uncontrolled_Movement_1_024 (2).csv
2,8,1,2,1,32.655,32655,3.78,9.38,1.3,10.1962,-0.0055,-0.0153,-0.0022,-24.44,81.88,3.69,4.4308,8.8264,1.2397,9.9536,P003_Barbell_Bench_Press_Uncontrolled_Movement_1_024 (2).csv
2,8,1,2,1,32.828,32828,4.52,9.19,1.27,10.3199,-0.0327,0.0098,-0.048,-25.31,82.0,4.56,4.4426,8.8743,1.2437,10.0018,P003_Barbell_Bench_Press_Uncontrolled_Movement_1_024 (2).csv
2,8,1,2,1,32.959,32959,3.88,9.35,1.16,10.1893,-0.0207,0.0033,-0.1396,-24.31,82.25,3.63,4.3684,8.937,1.2326,10.0236,P003_Barbell_Bench_Press_Uncontrolled_Movement_1_024 (2).csv
2,8,1,2,1,33.09,33090,4.54,9.35,1.62,10.5194,0.0535,0.0142,0.1614,-25.63,82.06,4.75,4.391,8.9914,1.2837,10.0883,P003_Barbell_Bench_Press_Uncontrolled_Movement_1_024 (2).csv
2,9,1,2,1,33.22,33220,3.77,8.05,1.16,8.9644,0.0938,0.0207,0.3502,-26.63,81.38,5.44,4.3092,8.8673,1.2674,9.9401,P003_Barbell_Bench_Press_Uncontrolled_Movement_1_024 (2).csv
2,9,1,2,1,33.351,33351,4.38,7.95,1.16,9.1505,0.0218,0.048,0.0938,-29.0,81.0,7.44,4.3185,8.7465,1.2532,9.8347,P003_Barbell_Bench_Press_Uncontrolled_Movement_1_024 (2).csv
2,9,1,2,1,33.481,33481,5.46,8.21,1.48,9.9703,-0.0393,0.0774,0.1429,-30.0,81.25,8.0,4.4689,8.6758,1.2831,9.8431,P003_Barbell_Bench_Press_Uncontrolled_Movement_1_024 (2).csv
2,9,1,2,1,33.614,33614,5.32,8.61,1.25,10.1979,-0.0305,0.0087,-0.1724,-29.5,81.81,7.38,4.5811,8.6671,1.2787,9.8864,P003_Barbell_Bench_Press_Uncontrolled_Movement_1_024 (2).csv
2,9,1,2,1,33.745,33745,5.75,9.04,1.16,10.7763,0.0142,-0.0404,0.0676,-29.56,81.75,7.63,4.7351,8.7162,1.2631,9.9995,P003_Barbell_Bench_Press_Uncontrolled_Movement_1_024 (2).csv
2,9,1,2,1,33.92,33920,4.47,8.57,1.35,9.7595,0.0382,-0.0393,0.2978,-29.13,81.06,7.56,4.7002,8.697,1.2746,9.9676,P003_Barbell_Bench_Press_Uncontrolled_Movement_1_024 (2).csv
2,9,1,2,1,34.05,34050,5.06,8.58,1.5,10.0732,-0.0295,-0.048,-0.2574,-30.0,80.75,8.69,4.7476,8.6816,1.3043,9.9805,P003_Barbell_Bench_Press_Uncontrolled_Movement_1_024 (2).csv
2,9,1,2,1,34.181,34181,4.96,8.25,1.5,9.7424,-0.0698,0.0665,0.1364,-30.06,81.19,8.81,4.7756,8.6247,1.3301,9.9479,P003_Barbell_Bench_Press_Uncontrolled_Movement_1_024 (2).csv
2,9,1,2,1,34.311,34311,2.8,5.97,0.67,6.628,-0.0807,0.06,-0.192,-29.13,82.13,7.75,4.5153,8.2749,1.2431,9.5082,P003_Barbell_Bench_Press_Uncontrolled_Movement_1_024 (2).csv
2,9,1,2,1,34.442,34442,8.25,9.44,1.83,12.6698,0.0142,-0.0273,-0.0578,-31.94,82.63,10.19,5.0074,8.4284,1.3204,9.8922,P003_Barbell_Bench_Press_Uncontrolled_Movement_1_024 (2).csv
2,9,1,2,1,34.572,34572,2.39,7.87,0.8,8.2637,-0.0676,0.0513,0.5356,-27.06,82.69,5.94,4.6625,8.3548,1.2518,9.6493,P003_Barbell_Bench_Press_Uncontrolled_Movement_1_024 (2).csv
2,9,1,2,1,34.702,34702,5.27,7.84,1.21,9.5238,-0.0273,-0.0611,-0.54,-29.81,82.88,8.63,4.7425,8.287,1.2463,9.6291,P003_Barbell_Bench_Press_Uncontrolled_Movement_1_024 (2).csv
2,9,1,2,1,34.833,34833,4.97,8.58,1.33,10.0043,0.0382,0.0131,0.5934,-29.0,82.94,8.06,4.7725,8.3256,1.2574,9.6785,P003_Barbell_Bench_Press_Uncontrolled_Movement_1_024 (2).csv
2,9,1,2,1,35.006,35006,3.44,8.0,1.22,8.7933,0.0087,-0.0185,-0.1636,-27.69,82.88,7.0,4.5969,8.2827,1.2524,9.5553,P003_Barbell_Bench_Press_Uncontrolled_Movement_1_024 (2).csv
2,9,1,2,1,35.136,35136,5.37,9.16,0.89,10.6553,-0.0098,0.0055,0.0295,-29.0,82.81,8.25,4.6988,8.3983,1.2047,9.6985,P003_Barbell_Bench_Press_Uncontrolled_Movement_1_024 (2).csv
2,9,1,2,1,35.267,35267,3.89,8.12,0.4,9.0126,-0.0055,0.0305,-0.0611,-27.88,82.81,7.0,4.5922,8.3616,1.0986,9.6027,P003_Barbell_Bench_Press_Uncontrolled_Movement_1_024 (2).csv
2,9,1,2,1,35.398,35398,5.7,8.94,1.46,10.7026,0.0327,0.0469,0.0753,-29.25,82.88,7.94,4.7382,8.4378,1.1463,9.7448,P003_Barbell_Bench_Press_Uncontrolled_Movement_1_024 (2).csv
2,9,1,2,1,35.528,35528,4.83,8.26,0.95,9.6156,0.0404,0.012,-0.0087,-28.63,82.69,7.13,4.7503,8.4144,1.1204,9.7274,P003_Barbell_Bench_Press_Uncontrolled_Movement_1_024 (2).csv
2,9,1,2,1,35.659,35659,4.57,8.74,1.16,9.9307,-0.0011,0.0175,0.1167,-27.75,82.63,6.13,4.7265,8.4573,1.1256,9.7536,P003_Barbell_Bench_Press_Uncontrolled_Movement_1_024 (2).csv
2,9,1,2,1,35.789,35789,4.96,8.22,1.33,9.6922,0.0033,-0.0644,-0.3022,-28.63,82.5,7.06,4.7573,8.426,1.1525,9.7447,P003_Barbell_Bench_Press_Uncontrolled_Movement_1_024 (2).csv
2,9,1,2,1,35.92,35920,4.01,8.16,1.1,9.1584,-0.0284,0.0087,0.2007,-27.06,82.56,5.81,4.6588,8.391,1.1456,9.6657,P003_Barbell_Bench_Press_Uncontrolled_Movement_1_024 (2).csv
2,9,1,2,1,36.097,36097,4.53,8.56,1.32,9.7743,0.0109,-0.0229,-0.2498,-27.63,82.69,6.44,4.6419,8.4133,1.1686,9.6796,P003_Barbell_Bench_Press_Uncontrolled_Movement_1_024 (2).csv
2,9,1,2,1,36.228,36228,4.22,8.65,1.12,9.6894,-0.0447,0.0251,0.0065,-26.56,82.88,5.44,4.5863,8.4444,1.1622,9.6795,P003_Barbell_Bench_Press_Uncontrolled_Movement_1_024 (2).csv
2,9,1,2,1,36.358,36358,4.34,8.73,1.13,9.8146,-0.0295,-0.0055,-0.1309,-26.25,83.25,5.19,4.5538,8.4821,1.158,9.6966,P003_Barbell_Bench_Press_Uncontrolled_Movement_1_024 (2).csv
2,9,1,2,1,36.489,36489,4.61,8.86,0.91,10.0289,0.0164,-0.012,0.1614,-26.5,83.19,5.5,4.5612,8.5319,1.1253,9.7398,P003_Barbell_Bench_Press_Uncontrolled_Movement_1_024 (2).csv
2,9,1,2,1,36.619,36619,4.45,8.73,0.97,9.8466,-0.0196,-0.0229,-0.0578,-26.69,83.19,5.81,4.5466,8.558,1.1048,9.7535,P003_Barbell_Bench_Press_Uncontrolled_Movement_1_024 (2).csv
2,9,1,2,1,36.75,36750,4.37,8.57,1.02,9.6738,0.0076,-0.0316,0.0698,-26.81,83.13,6.13,4.5233,8.5596,1.0936,9.7428,P003_Barbell_Bench_Press_Uncontrolled_Movement_1_024 (2).csv
2,9,1,2,1,36.88,36880,4.65,8.85,1.06,10.0533,0.0382,-0.0251,0.1364,-27.5,82.81,6.94,4.54,8.5978,1.0892,9.7837,P003_Barbell_Bench_Press_Uncontrolled_Movement_1_024 (2).csv
2,9,1,2,1,37.011,37011,4.09,7.92,1.06,8.9765,0.0218,0.0076,0.0153,-27.69,82.5,7.06,4.4807,8.5085,1.0854,9.6773,P003_Barbell_Bench_Press_Uncontrolled_Movement_1_024 (2).csv
2,9,1,2,1,37.184,37184,5.02,8.22,1.41,9.7343,0.0458,-0.0022,-0.0131,-28.5,82.31,7.63,4.5518,8.4705,1.1281,9.682,P003_Barbell_Bench_Press_Uncontrolled_Movement_1_024 (2).csv
2,9,1,2,1,37.315,37315,3.69,8.55,1.05,9.3713,0.0164,-0.0076,0.0807,-27.19,82.06,6.31,4.4382,8.481,1.1178,9.6371,P003_Barbell_Bench_Press_Uncontrolled_Movement_1_024 (2).csv
2,9,1,2,1,37.445,37445,4.95,8.15,1.54,9.659,0.0436,-0.036,-0.1604,-28.63,81.69,7.75,4.5056,8.4374,1.1735,9.6367,P003_Barbell_Bench_Press_Uncontrolled_Movement_1_024 (2).csv
2,9,1,2,1,37.576,37576,4.93,8.61,1.28,10.0038,0.0087,-0.0316,0.2378,-28.81,81.38,8.06,4.5616,8.4601,1.1875,9.6846,P003_Barbell_Bench_Press_Uncontrolled_Movement_1_024 (2).csv
2,9,1,2,1,37.707,37707,4.39,7.76,0.94,8.9651,-0.06,-0.0098,0.06,-29.13,81.31,8.69,4.539,8.3679,1.1549,9.5894,P003_Barbell_Bench_Press_Uncontrolled_Movement_1_024 (2).csv
2,9,1,2,1,37.838,37838,4.55,8.62,1.49,9.8604,-0.1069,0.0371,-0.0251,-28.56,82.19,8.31,4.5404,8.4011,1.1991,9.6245,P003_Barbell_Bench_Press_Uncontrolled_Movement_1_024 (2).csv
2,9,1,2,1,37.969,37969,5.44,9.38,1.53,10.9507,0.0502,0.0,0.1822,-29.38,82.44,9.13,4.659,8.5301,1.2427,9.7986,P003_Barbell_Bench_Press_Uncontrolled_Movement_1_024 (2).csv
2,9,1,2,1,38.104,38104,4.07,7.95,0.85,8.9716,0.0,0.0164,-0.0873,-29.06,82.13,8.75,4.5813,8.4536,1.1909,9.6887,P003_Barbell_Bench_Press_Uncontrolled_Movement_1_024 (2).csv
2,9,1,2,1,38.277,38277,4.95,8.4,0.85,9.787,-0.0262,0.0993,0.1167,-29.81,82.88,8.88,4.6299,8.4466,1.146,9.7002,P003_Barbell_Bench_Press_Uncontrolled_Movement_1_024 (2).csv
2,9,1,2,1,38.407,38407,5.63,8.84,1.27,10.5572,0.0153,0.0774,0.0796,-31.0,83.25,9.44,4.7617,8.4984,1.1623,9.8106,P003_Barbell_Bench_Press_Uncontrolled_Movement_1_024 (2).csv
2,9,1,2,1,38.537,38537,5.41,8.36,0.82,9.9915,0.048,0.0087,-0.1102,-31.06,83.25,9.19,4.8471,8.4802,1.1172,9.8314,P003_Barbell_Bench_Press_Uncontrolled_Movement_1_024 (2).csv
2,9,1,2,1,38.667,38667,5.27,8.38,0.85,9.9358,0.0785,0.0055,0.0764,-30.81,82.75,8.69,4.9029,8.467,1.082,9.8437,P003_Barbell_Bench_Press_Uncontrolled_Movement_1_024 (2).csv
2,9,1,2,1,38.797,38797,5.86,8.24,1.47,10.2175,0.036,-0.0349,-0.0175,-31.56,82.25,9.31,5.029,8.4371,1.1331,9.8873,P003_Barbell_Bench_Press_Uncontrolled_Movement_1_024 (2).csv
2,9,1,2,1,38.928,38928,4.58,8.07,1.36,9.3782,-0.0022,-0.0633,-0.3251,-29.63,82.06,7.69,4.9698,8.3887,1.163,9.8195,P003_Barbell_Bench_Press_Uncontrolled_Movement_1_024 (2).csv
2,9,1,2,1,39.059,39059,4.48,8.57,1.37,9.7669,-0.0033,0.0218,0.3589,-29.31,81.94,7.56,4.9053,8.4126,1.1903,9.8107,P003_Barbell_Bench_Press_Uncontrolled_Movement_1_024 (2).csv
2,9,1,2,1,39.189,39189,5.26,8.23,1.27,9.8495,-0.0436,-0.0098,-0.2771,-31.0,82.0,9.25,4.952,8.3885,1.2008,9.8149,P003_Barbell_Bench_Press_Uncontrolled_Movement_1_024 (2).csv
2,9,1,2,1,39.362,39362,4.43,8.34,1.0,9.4963,-0.0502,-0.0033,-0.2651,-28.75,82.75,7.13,4.8832,8.3821,1.1743,9.7717,P003_Barbell_Bench_Press_Uncontrolled_Movement_1_024 (2).csv
2,9,1,2,1,39.492,39492,5.39,9.7,1.24,11.166,-0.0251,0.0316,0.1102,-28.56,83.13,6.94,4.95,8.5558,1.183,9.9551,P003_Barbell_Bench_Press_Uncontrolled_Movement_1_024 (2).csv
2,9,1,2,1,39.623,39623,4.34,8.5,1.2,9.619,0.0153,-0.0131,-0.2247,-28.06,83.13,6.38,4.8696,8.5484,1.1852,9.9093,P003_Barbell_Bench_Press_Uncontrolled_Movement_1_024 (2).csv
2,9,1,2,1,39.753,39753,5.69,9.21,1.28,10.9013,0.0589,0.0229,0.3131,-28.94,82.94,7.06,4.9777,8.6356,1.1977,10.0392,P003_Barbell_Bench_Press_Uncontrolled_Movement_1_024 (2).csv
2,9,1,2,1,39.884,39884,4.89,8.88,1.22,10.2105,0.0676,-0.0327,-0.1113,-28.56,82.56,6.63,4.9662,8.6678,1.2007,10.0616,P003_Barbell_Bench_Press_Uncontrolled_Movement_1_024 (2).csv
2,10,1,2,1,40.015,40015,4.55,8.17,1.41,9.4572,0.0633,-0.012,0.2596,-29.0,81.88,7.0,4.9113,8.6022,1.2282,9.9814,P003_Barbell_Bench_Press_Uncontrolled_Movement_1_024 (2).csv
2,10,1,2,1,40.145,40145,5.68,8.28,1.39,10.1367,0.0469,0.0229,0.2127,-31.38,81.25,9.19,5.0126,8.5598,1.2496,9.9979,P003_Barbell_Bench_Press_Uncontrolled_Movement_1_024 (2).csv
2,10,1,2,1,40.276,40276,4.56,8.17,1.3,9.4463,-0.0164,0.0382,0.0131,-30.44,81.38,8.13,4.953,8.5084,1.2562,9.9249,P003_Barbell_Bench_Press_Uncontrolled_Movement_1_024 (2).csv
2,10,1,2,1,40.453,40453,5.09,8.23,1.26,9.7585,-0.0731,0.0665,-0.1625,-31.25,82.06,8.5,4.971,8.4717,1.2567,9.9025,P003_Barbell_Bench_Press_Uncontrolled_Movement_1_024 (2).csv
2,10,1,2,1,40.584,40584,5.49,8.44,1.07,10.1251,-0.0415,0.0458,0.0327,-31.88,82.81,8.88,5.0394,8.4675,1.2321,9.9304,P003_Barbell_Bench_Press_Uncontrolled_Movement_1_024 (2).csv
2,10,1,2,1,40.715,40715,5.13,7.53,1.24,9.1954,-0.0131,0.0175,0.0393,-32.0,83.06,8.94,5.0514,8.344,1.2331,9.8315,P003_Barbell_Bench_Press_Uncontrolled_Movement_1_024 (2).csv
2,10,1,2,1,40.845,40845,6.23,8.65,1.05,10.7116,0.0131,0.0131,0.12,-32.75,82.94,9.63,5.2067,8.3843,1.209,9.9432,P003_Barbell_Bench_Press_Uncontrolled_Movement_1_024 (2).csv
2,10,1,2,1,40.975,40975,2.81,5.56,0.5,6.2498,0.0382,-0.1014,-0.6654,-29.88,82.63,7.0,4.8909,8.0121,1.1156,9.453,P003_Barbell_Bench_Press_Uncontrolled_Movement_1_024 (2).csv
2,10,1,2,1,41.106,41106,8.43,8.1,1.75,11.8211,0.1309,-0.0382,0.4102,-33.69,81.63,10.63,5.3572,8.0237,1.1992,9.722,P003_Barbell_Bench_Press_Uncontrolled_Movement_1_024 (2).csv
2,10,1,2,1,41.236,41236,2.72,8.72,0.92,9.1806,-0.0087,-0.0175,0.0316,-27.19,81.44,4.56,5.0097,8.1155,1.1624,9.6078,P003_Barbell_Bench_Press_Uncontrolled_Movement_1_024 (2).csv
2,10,1,2,1,41.367,41367,5.12,7.38,1.99,9.1999,0.072,-0.0153,-0.3589,-30.81,80.88,7.88,5.0242,8.0186,1.2715,9.5476,P003_Barbell_Bench_Press_Uncontrolled_Movement_1_024 (2).csv
2,10,1,2,1,41.54,41540,5.0,7.9,2.03,9.5672,0.0589,0.0262,0.3436,-29.38,81.0,6.5,5.021,8.0029,1.3714,9.5467,P003_Barbell_Bench_Press_Uncontrolled_Movement_1_024 (2).csv
2,10,1,2,1,41.671,41671,4.1,7.68,1.93,8.9172,0.0164,-0.0065,-0.2651,-28.13,81.06,5.25,4.8997,7.9604,1.445,9.4585,P003_Barbell_Bench_Press_Uncontrolled_Movement_1_024 (2).csv
2,10,1,2,1,41.801,41801,5.33,9.12,1.07,10.6174,-0.0382,0.0273,0.0524,-28.5,81.19,5.44,4.9564,8.1132,1.3956,9.6092,P003_Barbell_Bench_Press_Uncontrolled_Movement_1_024 (2).csv
2,10,1,2,1,41.932,41932,3.97,7.79,1.43,8.8595,0.0131,0.0109,-0.1287,-27.31,81.31,4.25,4.8264,8.0706,1.4001,9.5073,P003_Barbell_Bench_Press_Uncontrolled_Movement_1_024 (2).csv
2,10,1,2,1,42.062,42062,5.48,9.48,1.36,11.0341,0.0055,0.0098,0.2029,-27.69,81.38,4.5,4.9125,8.2563,1.3948,9.708,P003_Barbell_Bench_Press_Uncontrolled_Movement_1_024 (2).csv
2,10,1,2,1,42.193,42193,4.21,8.08,1.17,9.1858,-0.0098,-0.0185,-0.1898,-27.31,81.38,4.13,4.82,8.2331,1.3652,9.6374,P003_Barbell_Bench_Press_Uncontrolled_Movement_1_024 (2).csv
2,10,1,2,1,42.324,42324,4.35,9.01,1.52,10.1199,0.0458,-0.0022,0.2847,-27.13,81.25,4.06,4.758,8.3355,1.3856,9.6974,P003_Barbell_Bench_Press_Uncontrolled_Movement_1_024 (2).csv
2,10,1,2,1,42.454,42454,4.75,7.66,1.48,9.1339,0.0229,-0.0458,-0.5269,-28.5,80.75,5.31,4.757,8.2465,1.398,9.6222,P003_Barbell_Bench_Press_Uncontrolled_Movement_1_024 (2).csv
2,10,1,2,1,42.627,42627,5.07,8.61,1.82,10.1562,0.0262,0.06,0.8912,-27.38,80.81,4.25,4.7982,8.2944,1.4537,9.6919,P003_Barbell_Bench_Press_Uncontrolled_Movement_1_024 (2).csv
2,10,1,2,1,42.761,42761,3.34,8.09,1.4,8.8636,-0.0644,-0.0262,-0.7069,-26.81,80.94,3.69,4.6061,8.2674,1.4466,9.5739,P003_Barbell_Bench_Press_Uncontrolled_Movement_1_024 (2).csv
2,10,1,2,1,42.892,42892,4.94,9.0,1.4,10.3616,0.0142,0.072,0.4134,-26.56,81.25,3.19,4.6501,8.364,1.4404,9.6775,P003_Barbell_Bench_Press_Uncontrolled_Movement_1_024 (2).csv
2,10,1,2,1,43.023,43023,4.61,8.33,1.19,9.5946,0.0622,-0.0393,-0.7341,-25.0,81.13,1.5,4.6448,8.3595,1.4074,9.6662,P003_Barbell_Bench_Press_Uncontrolled_Movement_1_024 (2).csv
2,10,1,2,1,43.154,43154,4.28,8.92,1.58,10.019,0.0807,0.0033,0.1276,-23.44,80.69,359.88,4.5967,8.4334,1.4302,9.7106,P003_Barbell_Bench_Press_Uncontrolled_Movement_1_024 (2).csv
2,10,1,2,1,43.284,43284,3.13,8.73,1.22,9.354,-0.0033,-0.0164,-0.3458,-21.88,80.44,358.25,4.4034,8.4724,1.4025,9.6509,P003_Barbell_Bench_Press_Uncontrolled_Movement_1_024 (2).csv
2,10,1,2,1,43.415,43415,3.54,9.7,1.63,10.4536,0.0022,0.0175,-0.1145,-21.44,80.56,357.63,4.2897,8.6342,1.4325,9.7469,P003_Barbell_Bench_Press_Uncontrolled_Movement_1_024 (2).csv
2,10,1,2,1,43.545,43545,3.98,9.2,1.45,10.1283,0.0349,-0.0055,-0.1691,-21.31,80.5,357.38,4.2489,8.7088,1.4348,9.7956,P003_Barbell_Bench_Press_Uncontrolled_Movement_1_024 (2).csv
2,10,1,2,1,43.718,43718,2.85,7.76,1.3,8.3684,-0.0055,-0.0458,-0.4298,-19.88,80.25,356.0,4.0645,8.5837,1.417,9.6025,P003_Barbell_Bench_Press_Uncontrolled_Movement_1_024 (2).csv
2,10,1,2,1,43.849,43849,3.74,10.49,1.33,11.2159,-0.0404,0.0251,0.192,-18.63,80.56,354.88,4.0218,8.8349,1.4055,9.8085,P003_Barbell_Bench_Press_Uncontrolled_Movement_1_024 (2).csv
2,10,1,2,1,43.98,43980,2.76,8.98,1.91,9.5868,-0.0622,0.0338,-0.2193,-17.19,81.19,353.44,3.8555,8.8541,1.472,9.7686,P003_Barbell_Bench_Press_Uncontrolled_Movement_1_024 (2).csv
2,10,1,2,1,44.11,44110,2.82,9.16,1.88,9.7669,0.012,-0.0033,-0.1309,-16.69,81.44,352.88,3.719,8.8944,1.5258,9.7606,P003_Barbell_Bench_Press_Uncontrolled_Movement_1_024 (2).csv
2,10,1,2,1,44.241,44241,3.53,9.15,1.6,9.937,0.024,-0.0098,0.2214,-17.81,81.19,353.94,3.6941,8.9281,1.5356,9.7834,P003_Barbell_Bench_Press_Uncontrolled_Movement_1_024 (2).csv
2,10,1,2,1,44.371,44371,3.42,9.3,1.28,9.9912,-0.0567,-0.0284,0.1178,-17.94,81.25,354.31,3.658,8.9771,1.5019,9.8094,P003_Barbell_Bench_Press_Uncontrolled_Movement_1_024 (2).csv
2,10,1,2,1,44.501,44501,3.41,9.5,1.33,10.1807,-0.144,-0.0207,0.0818,-19.0,81.94,355.75,3.6253,9.046,1.4792,9.857,P003_Barbell_Bench_Press_Uncontrolled_Movement_1_024 (2).csv
2,10,1,2,1,44.632,44632,3.66,10.27,1.2,10.9685,-0.1233,-0.0055,0.1298,-20.0,82.94,357.06,3.6299,9.2073,1.4424,10.0015,P003_Barbell_Bench_Press_Uncontrolled_Movement_1_024 (2).csv
2,10,1,2,1,44.809,44809,3.6,9.41,1.06,10.1307,-0.0349,0.0338,0.1604,-21.31,83.63,358.5,3.626,9.234,1.392,10.0176,P003_Barbell_Bench_Press_Uncontrolled_Movement_1_024 (2).csv
2,10,1,2,1,44.939,44939,3.66,9.36,1.07,10.1069,0.0175,0.0567,0.2978,-22.56,83.69,359.5,3.6304,9.2506,1.3496,10.0287,P003_Barbell_Bench_Press_Uncontrolled_Movement_1_024 (2).csv
2,11,1,2,1,45.071,45071,4.52,8.61,1.17,9.7945,0.0404,0.0502,0.3163,-25.88,83.44,2.25,3.7477,9.1662,1.3259,9.9911,P003_Barbell_Bench_Press_Uncontrolled_Movement_1_024 (2).csv
2,11,1,2,1,45.201,45201,4.74,7.41,0.96,8.8486,0.0055,0.0055,-0.048,-27.94,83.19,4.0,3.8784,8.9348,1.2777,9.8237,P003_Barbell_Bench_Press_Uncontrolled_Movement_1_024 (2).csv
2,11,1,2,1,45.332,45332,4.67,9.19,1.02,10.3588,-0.1113,0.1233,0.7374,-27.31,83.88,3.38,3.9827,8.9684,1.2438,9.8915,P003_Barbell_Bench_Press_Uncontrolled_Movement_1_024 (2).csv
2,11,1,2,1,45.462,45462,4.63,9.38,1.0,10.5082,-0.1254,-0.0382,-0.5236,-28.63,84.75,4.63,4.068,9.0226,1.2116,9.9712,P003_Barbell_Bench_Press_Uncontrolled_Movement_1_024 (2).csv
2,11,1,2,1,45.592,45592,4.82,8.7,0.33,9.9514,-0.0491,-0.0513,0.2553,-28.0,84.88,4.5,4.1671,8.9801,1.0955,9.9603,P003_Barbell_Bench_Press_Uncontrolled_Movement_1_024 (2).csv
2,11,1,2,1,45.723,45723,4.34,8.35,0.43,9.4204,-0.0065,-0.0654,0.0916,-28.06,84.75,5.13,4.1899,8.8971,1.0078,9.8858,P003_Barbell_Bench_Press_Uncontrolled_Movement_1_024 (2).csv
2,11,1,2,1,45.896,45896,5.92,8.7,1.3,10.6031,0.0087,-0.0469,-0.0524,-30.0,84.63,7.38,4.4179,8.8711,1.0463,9.9654,P003_Barbell_Bench_Press_Uncontrolled_Movement_1_024 (2).csv
2,11,1,2,1,46.026,46026,1.68,6.07,0.15,6.3,-0.0578,-0.0273,-0.2411,-25.0,84.56,3.0,4.0571,8.502,0.9282,9.466,P003_Barbell_Bench_Press_Uncontrolled_Movement_1_024 (2).csv
2,11,1,2,1,46.157,46157,6.99,9.02,1.03,11.4578,-0.0229,-0.0295,-0.0785,-31.44,84.5,9.06,4.4436,8.5703,0.9416,9.6996,P003_Barbell_Bench_Press_Uncontrolled_Movement_1_024 (2).csv
2,11,1,2,1,46.288,46288,2.6,7.69,0.73,8.1504,0.0142,-0.0131,0.0153,-26.38,84.5,4.5,4.2006,8.4543,0.9137,9.4845,P003_Barbell_Bench_Press_Uncontrolled_Movement_1_024 (2).csv
2,11,1,2,1,46.418,46418,5.68,9.16,0.72,10.8021,-0.0207,-0.0175,-0.0447,-29.25,84.38,7.25,4.3956,8.5473,0.8882,9.6522,P003_Barbell_Bench_Press_Uncontrolled_Movement_1_024 (2).csv
2,11,1,2,1,46.549,46549,3.65,7.89,1.05,8.7565,0.0404,0.0109,0.0633,-27.0,84.31,5.19,4.2973,8.4607,0.9095,9.5329,P003_Barbell_Bench_Press_Uncontrolled_Movement_1_024 (2).csv
2,11,1,2,1,46.679,46679,5.36,8.74,0.94,10.2957,0.0502,-0.0175,-0.1549,-28.5,83.94,6.44,4.4374,8.4975,0.9135,9.6297,P003_Barbell_Bench_Press_Uncontrolled_Movement_1_024 (2).csv
2,11,1,2,1,46.81,46810,3.68,8.02,1.05,8.8862,0.0425,0.0327,0.0491,-26.31,83.69,4.25,4.3376,8.4345,0.9315,9.5301,P003_Barbell_Bench_Press_Uncontrolled_Movement_1_024 (2).csv
2,11,1,2,1,46.987,46987,4.13,7.82,1.04,8.9045,-0.0087,-0.0044,-0.4265,-26.88,83.56,4.38,4.3102,8.3536,0.9458,9.4475,P003_Barbell_Bench_Press_Uncontrolled_Movement_1_024 (2).csv
2,11,1,2,1,47.119,47119,3.6,7.54,1.01,8.4162,0.0065,0.0153,0.1244,-25.88,83.5,3.25,4.2166,8.2464,0.9543,9.3109,P003_Barbell_Bench_Press_Uncontrolled_Movement_1_024 (2).csv
2,11,1,2,1,47.249,47249,5.95,9.34,0.9,11.1107,-0.036,-0.0207,0.0862,-28.75,83.5,6.13,4.445,8.3905,0.9471,9.5423,P003_Barbell_Bench_Press_Uncontrolled_Movement_1_024 (2).csv
2,11,1,2,1,47.38,47380,3.37,7.17,0.62,7.9467,-0.1505,0.0109,-0.1014,-27.06,84.06,4.88,4.3034,8.2296,0.904,9.3308,P003_Barbell_Bench_Press_Uncontrolled_Movement_1_024 (2).csv
2,11,1,2,1,47.51,47510,4.96,9.21,1.09,10.5173,-0.1156,0.0284,0.0535,-27.75,85.13,5.69,4.3899,8.3588,0.9285,9.487,P003_Barbell_Bench_Press_Uncontrolled_Movement_1_024 (2).csv
2,11,1,2,1,47.641,47641,4.34,7.94,0.47,9.0609,-0.1124,0.0262,-0.1974,-27.56,86.0,5.75,4.3833,8.3036,0.8681,9.4296,P003_Barbell_Bench_Press_Uncontrolled_Movement_1_024 (2).csv
2,11,1,2,1,47.771,47771,4.66,8.94,0.88,10.12,0.0109,0.0567,0.3098,-27.0,86.56,5.13,4.4198,8.3875,0.8697,9.5206,P003_Barbell_Bench_Press_Uncontrolled_Movement_1_024 (2).csv
2,11,1,2,1,47.901,47901,4.6,8.72,0.48,9.8706,-0.0131,0.0436,-0.1473,-27.56,86.75,5.38,4.4435,8.4313,0.8183,9.5656,P003_Barbell_Bench_Press_Uncontrolled_Movement_1_024 (2).csv
2,11,1,2,1,48.074,48074,3.89,8.35,0.72,9.2398,0.0404,0.0153,-0.3185,-26.38,86.81,3.81,4.3706,8.4206,0.8054,9.5214,P003_Barbell_Bench_Press_Uncontrolled_Movement_1_024 (2).csv
2,11,1,2,1,48.204,48204,4.48,9.51,0.48,10.5234,0.1004,0.0262,-0.1309,-25.44,86.31,2.5,4.385,8.5642,0.7625,9.6517,P003_Barbell_Bench_Press_Uncontrolled_Movement_1_024 (2).csv
2,11,1,2,1,48.334,48334,4.53,8.51,0.62,9.6605,0.0796,0.0185,0.0175,-25.5,85.81,2.06,4.4041,8.557,0.7437,9.6526,P003_Barbell_Bench_Press_Uncontrolled_Movement_1_024 (2).csv
2,11,1,2,1,48.464,48464,4.23,9.08,0.52,10.0304,0.0622,-0.0153,-0.0076,-24.44,85.38,0.88,4.3812,8.6259,0.7142,9.7011,P003_Barbell_Bench_Press_Uncontrolled_Movement_1_024 (2).csv
2,11,1,2,1,48.594,48594,4.22,8.56,1.15,9.6127,0.0022,-0.036,-0.2291,-23.88,84.94,0.38,4.3599,8.6172,0.7717,9.6882,P003_Barbell_Bench_Press_Uncontrolled_Movement_1_024 (2).csv
2,11,1,2,1,48.725,48725,4.47,11.05,1.15,11.9752,-0.0109,-0.0404,-0.0633,-22.69,85.0,359.5,4.3744,8.9378,0.8215,9.9847,P003_Barbell_Bench_Press_Uncontrolled_Movement_1_024 (2).csv
2,11,1,2,1,48.855,48855,3.77,8.78,0.77,9.5861,-0.0469,-0.0076,0.3098,-22.44,85.19,359.56,4.2948,8.917,0.8147,9.9309,P003_Barbell_Bench_Press_Uncontrolled_Movement_1_024 (2).csv
2,11,1,2,1,48.986,48986,4.44,9.71,0.7,10.6999,-0.0524,-0.0284,-0.3054,-23.06,85.56,0.38,4.3139,9.0215,0.7996,10.0318,P003_Barbell_Bench_Press_Uncontrolled_Movement_1_024 (2).csv
2,11,1,2,1,49.158,49158,3.67,9.54,0.62,10.2404,-0.0502,-0.0033,0.1189,-22.31,86.0,359.94,4.2291,9.0898,0.7759,10.0555,P003_Barbell_Bench_Press_Uncontrolled_Movement_1_024 (2).csv
2,12,1,2,1,49.288,49288,3.79,8.93,0.58,9.7183,-0.0022,0.0055,0.1724,-23.75,86.19,1.44,4.1712,9.0688,0.7501,10.0102,P003_Barbell_Bench_Press_Uncontrolled_Movement_1_024 (2).csv
2,12,1,2,1,49.418,49418,4.43,9.31,0.97,10.3558,0.0349,0.0076,0.492,-24.94,86.06,2.63,4.2053,9.1006,0.7791,10.0554,P003_Barbell_Bench_Press_Uncontrolled_Movement_1_024 (2).csv
2,12,1,2,1,49.548,49548,4.84,8.47,0.92,9.7986,0.0622,-0.0884,-0.2258,-26.19,85.44,4.0,4.2889,9.0175,0.7977,10.0173,P003_Barbell_Bench_Press_Uncontrolled_Movement_1_024 (2).csv
2,12,1,2,1,49.678,49678,4.57,8.5,0.73,9.6782,0.0022,-0.0415,0.2923,-26.0,84.94,4.19,4.326,8.9493,0.7887,9.9713,P003_Barbell_Bench_Press_Uncontrolled_Movement_1_024 (2).csv
2,12,1,2,1,49.808,49808,4.46,8.77,1.01,9.8906,-0.0295,-0.0305,-0.1091,-25.88,84.88,4.38,4.3436,8.9257,0.8179,9.9601,P003_Barbell_Bench_Press_Uncontrolled_Movement_1_024 (2).csv
2,12,1,2,1,49.939,49939,4.65,8.98,0.94,10.1561,-0.0185,-0.0044,-0.0273,-26.31,85.0,4.88,4.384,8.9328,0.834,9.9855,P003_Barbell_Bench_Press_Uncontrolled_Movement_1_024 (2).csv
2,12,1,2,1,50.07,50070,3.44,8.14,0.57,8.8554,-0.0491,0.0415,0.2585,-25.56,85.31,4.25,4.2596,8.8283,0.7992,9.8348,P003_Barbell_Bench_Press_Uncontrolled_Movement_1_024 (2).csv
2,12,1,2,1,50.242,50242,4.95,9.39,0.59,10.6312,-0.0415,0.0142,-0.1353,-27.19,86.0,5.56,4.3506,8.9024,0.7716,9.9386,P003_Barbell_Bench_Press_Uncontrolled_Movement_1_024 (2).csv
2,12,1,2,1,50.372,50372,4.82,9.73,0.86,10.8924,0.0807,-0.0055,0.1636,-26.94,85.81,5.25,4.4124,9.0114,0.7833,10.0642,P003_Barbell_Bench_Press_Uncontrolled_Movement_1_024 (2).csv
2,12,1,2,1,50.502,50502,4.63,8.27,0.54,9.4932,0.0753,0.0218,-0.0971,-27.44,85.13,5.44,4.4411,8.9137,0.7512,9.9871,P003_Barbell_Bench_Press_Uncontrolled_Movement_1_024 (2).csv
2,12,1,2,1,50.632,50632,4.82,8.67,1.18,9.9897,0.0905,0.0284,0.024,-27.38,84.81,4.94,4.491,8.8816,0.8077,9.9852,P003_Barbell_Bench_Press_Uncontrolled_Movement_1_024 (2).csv
2,12,1,2,1,50.762,50762,2.08,6.45,0.54,6.7986,-0.0033,-0.036,-0.7276,-23.94,84.38,1.44,4.1733,8.5612,0.7724,9.5555,P003_Barbell_Bench_Press_Uncontrolled_Movement_1_024 (2).csv
2,12,1,2,1,50.893,50893,5.91,9.09,1.5,10.9456,0.0545,0.0305,0.5334,-25.63,84.06,2.88,4.4022,8.6309,0.8683,9.7275,P003_Barbell_Bench_Press_Uncontrolled_Movement_1_024 (2).csv
2,12,1,2,1,51.023,51023,3.27,7.41,1.19,8.1864,-0.0742,-0.0251,-0.6272,-22.38,84.44,359.81,4.253,8.47,0.9107,9.5214,P003_Barbell_Bench_Press_Uncontrolled_Movement_1_024 (2).csv
2,12,1,2,1,51.154,51154,5.25,9.35,1.05,10.7744,-0.0131,-0.0415,0.0938,-24.69,84.69,2.19,4.3844,8.5859,0.9291,9.6853,P003_Barbell_Bench_Press_Uncontrolled_Movement_1_024 (2).csv
2,12,1,2,1,51.327,51327,3.99,8.96,0.73,9.8354,-0.0295,-0.0087,0.2662,-23.88,84.94,2.0,4.3324,8.6352,0.9028,9.7032,P003_Barbell_Bench_Press_Uncontrolled_Movement_1_024 (2).csv
2,12,1,2,1,51.458,51458,4.13,8.75,0.69,9.7003,-0.0055,-0.0349,-0.0218,-24.75,84.94,3.06,4.3057,8.6504,0.8748,9.7022,P003_Barbell_Bench_Press_Uncontrolled_Movement_1_024 (2).csv
2,12,1,2,1,51.588,51588,4.26,8.83,0.85,9.8407,0.0207,-0.0011,0.0982,-25.0,84.81,3.44,4.2997,8.674,0.8715,9.7204,P003_Barbell_Bench_Press_Uncontrolled_Movement_1_024 (2).csv
2,12,1,2,1,51.718,51718,4.42,8.6,0.87,9.7084,0.0393,-0.0098,0.0764,-26.0,84.56,4.31,4.3156,8.6643,0.8713,9.7187,P003_Barbell_Bench_Press_Uncontrolled_Movement_1_024 (2).csv
2,12,1,2,1,51.848,51848,4.38,8.63,0.97,9.7264,0.0491,-0.0109,0.1974,-26.25,84.19,4.56,4.324,8.6598,0.8843,9.7196,P003_Barbell_Bench_Press_Uncontrolled_Movement_1_024 (2).csv
2,12,1,2,1,51.978,51978,4.57,7.77,0.91,9.0601,0.0415,-0.0338,0.0207,-27.69,83.63,6.0,4.3565,8.5425,0.8877,9.6302,P003_Barbell_Bench_Press_Uncontrolled_Movement_1_024 (2).csv
2,12,1,2,1,52.108,52108,3.49,8.54,1.3,9.3167,0.0349,0.0022,0.1844,-27.13,83.31,5.56,4.2423,8.5422,0.942,9.584,P003_Barbell_Bench_Press_Uncontrolled_Movement_1_024 (2).csv
2,12,1,2,1,52.238,52238,6.1,8.71,1.38,10.7228,0.12,-0.0033,0.2105,-30.94,82.63,8.94,4.4871,8.5643,0.9997,9.7201,P003_Barbell_Bench_Press_Uncontrolled_Movement_1_024 (2).csv
2,12,1,2,1,52.411,52411,4.92,7.86,1.39,9.3765,0.0382,0.0687,0.0175,-30.0,82.25,7.63,4.5441,8.4715,1.0512,9.6706,P003_Barbell_Bench_Press_Uncontrolled_Movement_1_024 (2).csv
2,12,1,2,1,52.541,52541,3.88,8.51,0.75,9.3828,-0.0196,0.1058,-0.0884,-27.94,82.63,5.06,4.4566,8.4766,1.0115,9.63,P003_Barbell_Bench_Press_Uncontrolled_Movement_1_024 (2).csv
2,12,1,2,1,52.671,52671,5.3,8.6,1.24,10.1778,-0.0273,0.1276,-0.2116,-29.75,83.19,5.94,4.5677,8.4928,1.0416,9.6994,P003_Barbell_Bench_Press_Uncontrolled_Movement_1_024 (2).csv
2,12,1,2,1,52.801,52801,4.84,9.17,0.88,10.4062,-0.072,0.0873,-0.3545,-27.0,84.13,2.69,4.6036,8.5821,1.0203,9.7921,P003_Barbell_Bench_Press_Uncontrolled_Movement_1_024 (2).csv
2,12,1,2,1,52.931,52931,4.06,8.55,0.98,9.5156,-0.0316,0.0076,-0.6065,-24.44,84.69,359.88,4.532,8.5778,1.015,9.7544,P003_Barbell_Bench_Press_Uncontrolled_Movement_1_024 (2).csv
2,12,1,2,1,53.061,53061,3.63,9.24,1.27,10.0084,0.0425,-0.0109,0.1353,-22.13,84.88,357.63,4.4131,8.6651,1.0486,9.7805,P003_Barbell_Bench_Press_Uncontrolled_Movement_1_024 (2).csv
2,12,1,2,1,53.193,53193,3.36,8.81,0.92,9.4738,0.0633,-0.0654,-0.1549,-21.69,84.31,357.25,4.2744,8.6842,1.0317,9.7339,P003_Barbell_Bench_Press_Uncontrolled_Movement_1_024 (2).csv
2,12,1,2,1,53.323,53323,4.03,8.91,0.93,9.8231,-0.0273,-0.024,-0.0393,-22.25,84.0,358.06,4.2422,8.7139,1.0183,9.745,P003_Barbell_Bench_Press_Uncontrolled_Movement_1_024 (2).csv
2,12,1,2,1,53.498,53498,3.32,9.09,0.92,9.721,-0.0894,0.0,-0.3131,-20.19,84.75,356.31,4.1206,8.7635,1.0053,9.736,P003_Barbell_Bench_Press_Uncontrolled_Movement_1_024 (2).csv
2,12,1,2,1,53.629,53629,4.03,10.38,1.03,11.1824,-0.0153,0.0142,0.3174,-20.19,85.13,356.38,4.1087,8.9765,1.0086,9.9235,P003_Barbell_Bench_Press_Uncontrolled_Movement_1_024 (2).csv
2,12,1,2,1,53.763,53763,4.05,9.4,0.63,10.2547,-0.0207,-0.036,-0.1898,-21.06,85.13,357.31,4.101,9.0323,0.9587,9.9659,P003_Barbell_Bench_Press_Uncontrolled_Movement_1_024 (2).csv
2,12,1,2,1,53.894,53894,3.65,9.32,0.84,10.0444,-0.0295,-0.0295,0.1571,-20.88,85.19,357.44,4.0415,9.0702,0.943,9.9746,P003_Barbell_Bench_Press_Uncontrolled_Movement_1_024 (2).csv
2,12,1,2,1,54.024,54024,3.66,9.88,0.8,10.5665,0.0338,-0.0349,0.1604,-21.31,85.06,358.13,3.9913,9.1769,0.9242,10.0499,P003_Barbell_Bench_Press_Uncontrolled_Movement_1_024 (2).csv
2,12,1,2,1,54.155,54155,4.23,9.12,1.28,10.1344,0.0535,-0.0229,0.1854,-23.0,84.44,359.94,4.0227,9.1694,0.9711,10.06,P003_Barbell_Bench_Press_Uncontrolled_Movement_1_024 (2).csv
2,13,1,2,1,54.286,54286,3.92,9.17,1.13,10.0365,0.0185,0.0065,0.0284,-23.06,84.19,0.0,4.0092,9.1695,0.992,10.0567,P003_Barbell_Bench_Press_Uncontrolled_Movement_1_024 (2).csv
2,13,1,2,1,54.416,54416,3.5,8.78,0.86,9.4909,0.0349,0.0044,-0.0469,-23.5,84.0,0.31,3.9421,9.1182,0.9746,9.9815,P003_Barbell_Bench_Press_Uncontrolled_Movement_1_024 (2).csv
2,13,1,2,1,54.589,54589,4.4,8.6,0.93,9.7049,0.0131,0.0338,0.0011,-24.69,83.88,1.13,4.0024,9.0499,0.9687,9.9428,P003_Barbell_Bench_Press_Uncontrolled_Movement_1_024 (2).csv
2,13,1,2,1,54.72,54720,3.39,8.71,1.03,9.403,0.024,0.0218,0.1004,-23.56,84.0,359.94,3.9217,9.0051,0.9768,9.8705,P003_Barbell_Bench_Press_Uncontrolled_Movement_1_024 (2).csv
2,13,1,2,1,54.85,54850,4.88,8.69,0.9,10.007,-0.0109,-0.0044,-0.2705,-26.13,83.88,2.19,4.048,8.9636,0.9667,9.8826,P003_Barbell_Bench_Press_Uncontrolled_Movement_1_024 (2).csv
2,13,1,2,1,54.981,54981,5.05,9.85,1.84,11.221,0.0753,0.0589,0.8607,-25.13,83.88,1.13,4.18,9.0804,1.0818,10.0547,P003_Barbell_Bench_Press_Uncontrolled_Movement_1_024 (2).csv
2,13,1,2,1,55.111,55111,5.22,9.12,0.42,10.5166,-0.0785,-0.0698,-0.8814,-26.25,83.63,2.25,4.3171,9.0856,0.9946,10.1081,P003_Barbell_Bench_Press_Uncontrolled_Movement_1_024 (2).csv
2,13,1,2,1,55.242,55242,2.29,6.75,0.79,7.1715,-0.0436,0.0185,0.2062,-22.13,83.94,358.5,4.05,8.7778,0.9676,9.7154,P003_Barbell_Bench_Press_Uncontrolled_Movement_1_024 (2).csv
2,13,1,2,1,55.373,55373,3.66,7.93,1.06,8.798,0.0065,-0.0622,-0.2422,-23.25,83.81,359.81,3.9986,8.6661,0.9798,9.5943,P003_Barbell_Bench_Press_Uncontrolled_Movement_1_024 (2).csv
2,13,1,2,1,55.503,55503,4.47,8.71,1.29,9.8747,0.0393,0.0087,0.2683,-24.44,83.63,1.06,4.0607,8.6719,1.0207,9.6298,P003_Barbell_Bench_Press_Uncontrolled_Movement_1_024 (2).csv
2,13,1,2,1,55.676,55676,3.95,8.99,0.97,9.8673,0.0229,-0.0196,0.1516,-23.75,83.75,0.69,4.0461,8.7138,1.014,9.6607,P003_Barbell_Bench_Press_Uncontrolled_Movement_1_024 (2).csv
2,13,1,2,1,55.811,55811,4.08,8.83,0.72,9.7537,-0.0349,-0.0087,-0.1331,-24.0,83.69,1.06,4.0506,8.7291,0.9752,9.6724,P003_Barbell_Bench_Press_Uncontrolled_Movement_1_024 (2).csv
2,13,1,2,1,55.942,55942,4.15,9.09,1.22,10.0667,-0.0033,0.0098,0.1156,-23.81,83.88,0.81,4.0637,8.7767,1.0075,9.7241,P003_Barbell_Bench_Press_Uncontrolled_Movement_1_024 (2).csv
2,13,1,2,1,56.073,56073,3.88,8.27,1.03,9.1928,-0.0044,0.0044,-0.1091,-23.81,83.75,0.81,4.0395,8.7099,1.0105,9.6541,P003_Barbell_Bench_Press_Uncontrolled_Movement_1_024 (2).csv
2,13,1,2,1,56.203,56203,4.25,9.27,1.13,10.2602,-0.0065,0.0153,0.1134,-23.25,83.94,0.25,4.0672,8.7837,1.0262,9.7339,P003_Barbell_Bench_Press_Uncontrolled_Movement_1_024 (2).csv
2,13,1,2,1,56.333,56333,4.03,8.2,0.93,9.184,-0.0218,-0.0185,-0.156,-23.5,84.0,0.5,4.0623,8.7068,1.0135,9.6612,P003_Barbell_Bench_Press_Uncontrolled_Movement_1_024 (2).csv
2,13,1,2,1,56.464,56464,2.57,9.59,1.12,9.9914,0.0404,0.0425,0.9894,-22.06,84.25,359.38,3.8657,8.8232,1.0276,9.6875,P003_Barbell_Bench_Press_Uncontrolled_Movement_1_024 (2).csv
2,13,1,2,1,56.594,56594,5.01,8.46,1.47,9.9415,-0.084,-0.0818,-0.8127,-24.56,84.19,1.94,4.0165,8.7753,1.0859,9.7117,P003_Barbell_Bench_Press_Uncontrolled_Movement_1_024 (2).csv
2,13,1,2,1,56.767,56767,3.34,9.59,0.67,10.1771,-0.0251,0.0262,0.8421,-21.38,84.81,359.38,3.9273,8.8827,1.0311,9.7667,P003_Barbell_Bench_Press_Uncontrolled_Movement_1_024 (2).csv
2,13,1,2,1,56.898,56898,4.4,8.63,0.93,9.7315,0.0076,-0.1145,-0.4931,-24.38,84.5,2.5,3.9896,8.8494,1.0177,9.7603,P003_Barbell_Bench_Press_Uncontrolled_Movement_1_024 (2).csv
2,13,1,2,1,57.029,57029,3.38,8.89,0.68,9.5351,-0.0164,0.0022,0.3403,-22.56,84.31,1.19,3.9093,8.8547,0.9732,9.7281,P003_Barbell_Bench_Press_Uncontrolled_Movement_1_024 (2).csv
2,13,1,2,1,57.159,57159,3.33,8.84,0.91,9.4901,-0.0284,-0.0153,-0.3338,-22.06,84.44,0.75,3.8329,8.8528,0.9649,9.6951,P003_Barbell_Bench_Press_Uncontrolled_Movement_1_024 (2).csv
2,13,1,2,1,57.29,57290,3.01,8.86,1.1,9.4218,0.0273,0.048,0.1898,-21.88,84.5,0.38,3.7245,8.8537,0.9827,9.6554,P003_Barbell_Bench_Press_Uncontrolled_Movement_1_024 (2).csv
2,13,1,2,1,57.42,57420,4.29,8.61,0.86,9.6579,-0.0065,0.0393,-0.1549,-23.19,84.5,1.31,3.799,8.8216,0.9665,9.6534,P003_Barbell_Bench_Press_Uncontrolled_Movement_1_024 (2).csv
2,13,1,2,1,57.55,57550,3.74,9.58,0.92,10.3252,-0.0393,0.0436,-0.0404,-21.88,84.88,359.81,3.7912,8.9216,0.9604,9.7412,P003_Barbell_Bench_Press_Uncontrolled_Movement_1_024 (2).csv
2,13,1,2,1,57.681,57681,3.76,9.41,0.65,10.1542,-0.0175,0.036,-0.1309,-21.56,85.31,359.31,3.7871,8.9859,0.9195,9.7946,P003_Barbell_Bench_Press_Uncontrolled_Movement_1_024 (2).csv
2,13,1,2,1,57.858,57858,4.19,10.05,0.75,10.9143,0.036,0.0316,0.1942,-22.38,85.31,359.81,3.8402,9.1261,0.8972,9.9418,P003_Barbell_Bench_Press_Uncontrolled_Movement_1_024 (2).csv
2,13,1,2,1,57.988,57988,3.07,8.31,0.87,8.9016,0.0415,0.0153,-0.2334,-21.69,85.06,358.88,3.7387,9.0186,0.8936,9.8036,P003_Barbell_Bench_Press_Uncontrolled_Movement_1_024 (2).csv
2,13,1,2,1,58.12,58120,4.21,9.7,0.94,10.6159,0.0567,0.012,0.0033,-21.44,84.75,358.38,3.8008,9.1084,0.8997,9.9105,P003_Barbell_Bench_Press_Uncontrolled_Movement_1_024 (2).csv
2,13,1,2,1,58.251,58251,3.9,9.38,1.12,10.22,0.0196,0.0033,-0.0196,-21.5,84.38,358.31,3.8139,9.1442,0.9287,9.9511,P003_Barbell_Bench_Press_Uncontrolled_Movement_1_024 (2).csv
2,13,1,2,1,58.381,58381,4.05,9.34,0.77,10.2094,-0.0229,0.0142,0.0862,-21.69,84.31,358.44,3.845,9.17,0.9078,9.9848,P003_Barbell_Bench_Press_Uncontrolled_Movement_1_024 (2).csv
2,13,1,2,1,58.511,58511,3.02,8.27,0.73,8.8344,-0.0284,-0.0175,-0.2422,-20.38,84.56,357.31,3.7363,9.0514,0.8844,9.8321,P003_Barbell_Bench_Press_Uncontrolled_Movement_1_024 (2).csv
2,13,1,2,1,58.642,58642,4.04,10.86,1.2,11.6491,0.0316,-0.0076,0.1647,-20.31,84.56,357.25,3.7763,9.2897,0.926,10.0706,P003_Barbell_Bench_Press_Uncontrolled_Movement_1_024 (2).csv
2,13,1,2,1,58.772,58772,3.44,8.82,0.69,9.4922,0.0087,-0.0295,0.0458,-20.88,84.25,357.88,3.732,9.2278,0.8949,9.9941,P003_Barbell_Bench_Press_Uncontrolled_Movement_1_024 (2).csv
2,13,1,2,1,58.945,58945,3.63,10.02,0.85,10.6911,-0.0415,-0.012,0.072,-21.5,84.63,358.81,3.7186,9.3322,0.889,10.085,P003_Barbell_Bench_Press_Uncontrolled_Movement_1_024 (2).csv
2,13,1,2,1,59.075,59075,4.4,9.35,1.47,10.4376,0.0731,-0.0545,0.0305,-22.38,84.31,359.81,3.8084,9.3346,0.9655,10.1277,P003_Barbell_Bench_Press_Uncontrolled_Movement_1_024 (2).csv
2,14,1,2,1,59.205,59205,4.09,8.91,0.71,9.8296,0.0774,-0.0742,0.1124,-23.19,83.38,0.94,3.8455,9.2786,0.9319,10.087,P003_Barbell_Bench_Press_Uncontrolled_Movement_1_024 (2).csv
2,14,1,2,1,59.335,59335,4.54,8.87,1.3,10.0488,-0.0153,-0.0295,-0.048,-23.94,83.13,1.88,3.937,9.2248,0.9804,10.0776,P003_Barbell_Bench_Press_Uncontrolled_Movement_1_024 (2).csv
2,14,1,2,1,59.465,59465,3.18,8.98,1.36,9.623,-0.0633,0.0218,0.2476,-23.0,83.5,1.25,3.8372,9.1925,1.0304,10.0144,P003_Barbell_Bench_Press_Uncontrolled_Movement_1_024 (2).csv
2,14,1,2,1,59.595,59595,4.83,9.68,0.72,10.842,-0.0785,0.0535,-0.3229,-24.81,84.13,2.88,3.9681,9.2567,0.9895,10.1199,P003_Barbell_Bench_Press_Uncontrolled_Movement_1_024 (2).csv
2,14,1,2,1,59.726,59726,4.98,9.28,1.1,10.5891,-0.0785,0.1484,0.4614,-25.25,85.13,2.81,4.1014,9.2598,1.0041,10.1771,P003_Barbell_Bench_Press_Uncontrolled_Movement_1_024 (2).csv
2,14,1,2,1,59.857,59857,4.12,8.94,0.87,9.882,-0.0447,0.0622,-0.2509,-25.0,85.81,2.19,4.1039,9.2177,0.9864,10.138,P003_Barbell_Bench_Press_Uncontrolled_Movement_1_024 (2).csv
2,14,1,2,1,60.029,60029,5.43,9.04,0.51,10.5578,-0.0011,0.0644,0.7439,-27.19,86.38,3.81,4.2786,9.1943,0.9236,10.183,P003_Barbell_Bench_Press_Uncontrolled_Movement_1_024 (2).csv
2,14,1,2,1,60.159,60159,4.39,7.78,0.12,8.9339,0.0251,-0.1102,-0.084,-28.0,86.13,4.88,4.2933,9.0079,0.8177,10.0121,P003_Barbell_Bench_Press_Uncontrolled_Movement_1_024 (2).csv
2,14,1,2,1,60.289,60289,2.22,7.47,-0.08,7.7933,0.0033,-0.1004,0.0436,-25.38,85.69,3.06,4.0201,8.8052,0.6994,9.7048,P003_Barbell_Bench_Press_Uncontrolled_Movement_1_024 (2).csv
2,14,1,2,1,60.419,60419,5.55,8.24,1.22,10.0094,0.0676,-0.0993,0.1636,-29.0,85.06,6.94,4.2217,8.7308,0.768,9.7282,P003_Barbell_Bench_Press_Uncontrolled_Movement_1_024 (2).csv
2,14,1,2,1,60.549,60549,3.04,7.84,0.67,8.4354,0.0142,-0.036,0.1058,-26.75,84.63,5.31,4.066,8.6134,0.7551,9.5547,P003_Barbell_Bench_Press_Uncontrolled_Movement_1_024 (2).csv
2,14,1,2,1,60.68,60680,5.5,8.92,1.13,10.5401,0.0502,-0.0524,-0.1494,-28.94,84.31,7.56,4.2549,8.6538,0.8045,9.6768,P003_Barbell_Bench_Press_Uncontrolled_Movement_1_024 (2).csv
2,14,1,2,1,60.81,60810,4.04,8.24,0.72,9.2053,0.0567,0.0273,0.1898,-27.25,83.94,6.0,4.2266,8.5993,0.7934,9.6146,P003_Barbell_Bench_Press_Uncontrolled_Movement_1_024 (2).csv
2,14,1,2,1,60.941,60941,5.13,8.68,1.38,10.1766,0.0393,0.0262,-0.0873,-28.25,83.69,6.56,4.3457,8.6099,0.8707,9.6837,P003_Barbell_Bench_Press_Uncontrolled_Movement_1_024 (2).csv
2,14,1,2,1,61.113,61113,4.84,8.47,1.26,9.8364,0.06,0.0447,0.0545,-27.81,83.25,5.63,4.4108,8.5915,0.922,9.7015,P003_Barbell_Bench_Press_Uncontrolled_Movement_1_024 (2).csv
2,14,1,2,1,61.243,61243,4.55,8.55,1.09,9.7464,0.0316,0.0055,-0.1691,-27.69,82.94,5.13,4.4291,8.586,0.9441,9.7071,P003_Barbell_Bench_Press_Uncontrolled_Movement_1_024 (2).csv
2,14,1,2,1,61.373,61373,3.0,8.42,1.17,9.0147,-0.0207,0.0251,-0.1407,-26.19,83.0,3.5,4.2408,8.5641,0.9739,9.6061,P003_Barbell_Bench_Press_Uncontrolled_Movement_1_024 (2).csv
2,14,1,2,1,61.503,61503,6.06,8.23,1.7,10.3608,0.0687,-0.0262,-0.0709,-29.63,82.69,6.56,4.4805,8.5201,1.0696,9.6856,P003_Barbell_Bench_Press_Uncontrolled_Movement_1_024 (2).csv
2,14,1,2,1,61.633,61633,3.31,7.76,0.83,8.4772,-0.0436,0.0098,-0.2182,-26.44,82.81,3.63,4.3263,8.4199,1.038,9.5231,P003_Barbell_Bench_Press_Uncontrolled_Movement_1_024 (2).csv
2,14,1,2,1,61.763,61763,5.13,9.35,1.25,10.7379,-0.0862,0.0458,0.3927,-28.5,83.25,5.56,4.4322,8.5425,1.0659,9.6827,P003_Barbell_Bench_Press_Uncontrolled_Movement_1_024 (2).csv
2,14,1,2,1,61.894,61894,3.48,7.84,1.03,8.6393,-0.0524,-0.036,-0.4178,-27.31,83.69,4.56,4.3067,8.4499,1.0612,9.5433,P003_Barbell_Bench_Press_Uncontrolled_Movement_1_024 (2).csv
2,14,1,2,1,62.025,62025,4.6,8.58,1.34,9.8271,0.0327,-0.0436,-0.0884,-27.25,83.69,4.75,4.3454,8.4671,1.0979,9.5801,P003_Barbell_Bench_Press_Uncontrolled_Movement_1_024 (2).csv
2,14,1,2,1,62.198,62198,4.09,8.52,0.94,9.4975,0.0425,-0.0196,0.2902,-26.44,83.13,4.19,4.3117,8.474,1.0771,9.5687,P003_Barbell_Bench_Press_Uncontrolled_Movement_1_024 (2).csv
2,14,1,2,1,62.328,62328,3.75,8.66,1.14,9.5057,-0.0338,-0.0262,-0.2629,-25.94,83.13,3.88,4.2377,8.4985,1.0854,9.5583,P003_Barbell_Bench_Press_Uncontrolled_Movement_1_024 (2).csv
2,14,1,2,1,62.459,62459,4.08,8.65,1.44,9.6717,-0.0382,0.0251,0.0196,-25.63,83.38,3.63,4.2169,8.5185,1.1321,9.5723,P003_Barbell_Bench_Press_Uncontrolled_Movement_1_024 (2).csv
2,14,1,2,1,62.589,62589,4.51,9.03,0.92,10.1355,-0.0338,0.0425,-0.1789,-25.19,83.81,3.0,4.2555,8.5859,1.1042,9.6461,P003_Barbell_Bench_Press_Uncontrolled_Movement_1_024 (2).csv
2,14,1,2,1,62.72,62720,3.86,8.98,0.8,9.8071,0.0044,0.0425,-0.3796,-22.75,84.13,0.31,4.2034,8.6378,1.0641,9.6651,P003_Barbell_Bench_Press_Uncontrolled_Movement_1_024 (2).csv
2,14,1,2,1,62.85,62850,3.83,9.98,0.84,10.7226,0.0916,0.0371,-0.228,-20.75,83.94,357.88,4.1542,8.8147,1.0346,9.7993,P003_Barbell_Bench_Press_Uncontrolled_Movement_1_024 (2).csv
2,14,1,2,1,62.98,62980,3.09,8.77,0.86,9.3381,0.1189,0.0218,0.0785,-19.94,83.25,356.69,4.014,8.8088,1.0116,9.733,P003_Barbell_Bench_Press_Uncontrolled_Movement_1_024 (2).csv
2,14,1,2,1,63.111,63111,3.58,8.88,1.29,9.661,0.0676,0.0022,0.2662,-21.19,82.56,357.63,3.9568,8.8182,1.0483,9.7219,P003_Barbell_Bench_Press_Uncontrolled_Movement_1_024 (2).csv
2,14,1,2,1,63.288,63288,4.25,9.23,1.52,10.2745,-0.0742,-0.0349,0.0829,-22.44,82.44,359.06,3.9954,8.8725,1.1104,9.7937,P003_Barbell_Bench_Press_Uncontrolled_Movement_1_024 (2).csv
2,14,1,2,1,63.418,63418,3.55,8.85,1.35,9.6306,-0.0916,-0.0316,0.012,-22.06,82.94,359.19,3.9367,8.8695,1.142,9.7709,P003_Barbell_Bench_Press_Uncontrolled_Movement_1_024 (2).csv
2,14,1,2,1,63.55,63550,3.8,9.01,1.15,9.8459,-0.06,0.0065,0.1364,-22.94,83.31,0.38,3.9187,8.888,1.143,9.7806,P003_Barbell_Bench_Press_Uncontrolled_Movement_1_024 (2).csv
2,14,1,2,1,63.68,63680,4.09,9.3,0.86,10.196,-0.0654,0.0273,-0.12,-22.94,83.94,0.38,3.9413,8.9423,1.1057,9.8347,P003_Barbell_Bench_Press_Uncontrolled_Movement_1_024 (2).csv
2,14,1,2,1,63.81,63810,3.65,9.62,0.96,10.3339,-0.0065,0.0425,0.0142,-22.06,84.38,359.38,3.9029,9.0316,1.0865,9.8986,P003_Barbell_Bench_Press_Uncontrolled_Movement_1_024 (2).csv
2,14,1,2,1,63.941,63941,3.67,8.85,0.91,9.6239,0.0131,0.0305,-0.0153,-22.5,84.31,359.5,3.8722,9.0077,1.0633,9.8622,P003_Barbell_Bench_Press_Uncontrolled_Movement_1_024 (2).csv
2,14,1,2,1,64.072,64072,4.44,9.57,0.98,10.5952,0.0033,0.0153,0.0033,-22.56,84.38,359.38,3.947,9.0818,1.0523,9.9582,P003_Barbell_Bench_Press_Uncontrolled_Movement_1_024 (2).csv
2,14,1,2,1,64.202,64202,4.05,9.63,0.93,10.4883,-0.0196,-0.0109,0.0087,-22.44,84.38,359.25,3.9606,9.154,1.0362,10.0278,P003_Barbell_Bench_Press_Uncontrolled_Movement_1_024 (2).csv
2,15,1,2,1,64.375,64375,3.34,8.53,1.17,9.235,-0.024,-0.0611,0.0065,-22.69,84.38,359.88,3.8788,9.0718,1.0538,9.9224,P003_Barbell_Bench_Press_Uncontrolled_Movement_1_024 (2).csv
2,15,1,2,1,64.506,64506,4.74,9.17,1.21,10.3933,-0.0033,-0.072,0.2116,-24.81,84.19,2.38,3.9923,9.0847,1.0744,9.9812,P003_Barbell_Bench_Press_Uncontrolled_Movement_1_024 (2).csv
2,15,1,2,1,64.636,64636,3.71,8.77,0.26,9.526,-0.0654,-0.0731,0.0076,-24.75,84.13,2.94,3.9551,9.0433,0.9671,9.9176,P003_Barbell_Bench_Press_Uncontrolled_Movement_1_024 (2).csv
2,15,1,2,1,64.767,64767,3.51,8.26,0.29,8.9795,-0.1091,-0.0196,-0.0316,-24.69,84.63,3.44,3.8964,8.94,0.8779,9.7917,P003_Barbell_Bench_Press_Uncontrolled_Movement_1_024 (2).csv
2,15,1,2,1,64.897,64897,5.03,9.7,1.45,11.0224,0.0,-0.0251,0.0676,-25.0,85.13,4.0,4.0458,9.0402,0.9533,9.95,P003_Barbell_Bench_Press_Uncontrolled_Movement_1_024 (2).csv
2,15,1,2,1,65.028,65028,4.13,9.9,0.85,10.7605,0.0633,-0.0327,0.1134,-23.81,84.75,3.13,4.0569,9.1535,0.9396,10.0562,P003_Barbell_Bench_Press_Uncontrolled_Movement_1_024 (2).csv
2,15,1,2,1,65.159,65159,4.75,9.11,0.67,10.2958,0.1331,-0.024,0.2269,-25.38,83.88,4.5,4.1482,9.1478,0.9041,10.085,P003_Barbell_Bench_Press_Uncontrolled_Movement_1_024 (2).csv
2,15,1,2,1,65.29,65290,4.15,9.78,1.25,10.6974,0.1102,-0.0065,0.4025,-25.31,83.0,4.38,4.1485,9.2311,0.9497,10.1649,P003_Barbell_Bench_Press_Uncontrolled_Movement_1_024 (2).csv
2,15,1,2,1,65.466,65466,3.55,5.68,0.64,6.7286,0.0142,0.0218,0.0774,-27.5,81.63,6.19,4.0696,8.7631,0.9089,9.7047,P003_Barbell_Bench_Press_Uncontrolled_Movement_1_024 (2).csv
2,15,1,2,1,65.597,65597,4.01,8.72,1.62,9.7336,-0.0774,0.0447,-0.3109,-24.38,82.69,3.06,4.0618,8.7574,1.0026,9.7055,P003_Barbell_Bench_Press_Uncontrolled_Movement_1_024 (2).csv
2,15,1,2,1,65.727,65727,4.39,8.14,1.47,9.3644,-0.0425,0.0065,0.0022,-25.0,82.94,3.63,4.105,8.6761,1.0642,9.657,P003_Barbell_Bench_Press_Uncontrolled_Movement_1_024 (2).csv
2,15,1,2,1,65.858,65858,4.08,9.07,1.38,10.0407,-0.108,0.0349,-0.0742,-23.69,83.69,2.38,4.1017,8.728,1.1058,9.7069,P003_Barbell_Bench_Press_Uncontrolled_Movement_1_024 (2).csv
2,15,1,2,1,65.988,65988,3.97,8.9,0.88,9.785,-0.06,-0.024,0.0087,-23.56,84.19,2.5,4.0844,8.7507,1.076,9.7167,P003_Barbell_Bench_Press_Uncontrolled_Movement_1_024 (2).csv
2,15,1,2,1,66.119,66119,4.05,9.1,0.58,9.9774,-0.1069,-0.0076,0.0022,-23.44,84.88,2.69,4.0798,8.7967,1.0107,9.7493,P003_Barbell_Bench_Press_Uncontrolled_Movement_1_024 (2).csv
2,15,1,2,1,66.249,66249,4.11,9.52,0.38,10.3763,-0.0567,-0.0316,-0.0131,-23.19,85.44,2.81,4.0838,8.892,0.9276,9.8288,P003_Barbell_Bench_Press_Uncontrolled_Movement_1_024 (2).csv
2,15,1,2,1,66.38,66380,3.99,9.27,0.41,10.1005,0.0196,-0.0436,0.0644,-23.0,85.44,2.94,4.0714,8.9418,0.8594,9.8626,P003_Barbell_Bench_Press_Uncontrolled_Movement_1_024 (2).csv
2,15,1,2,1,66.553,66553,3.67,9.14,0.66,9.8714,0.0545,-0.0447,-0.0185,-23.19,84.94,3.38,4.0185,8.9679,0.8331,9.8624,P003_Barbell_Bench_Press_Uncontrolled_Movement_1_024 (2).csv
2,15,1,2,1,66.683,66683,3.94,9.02,1.09,9.9031,0.0971,-0.0305,0.0098,-23.44,84.25,3.69,4.0082,8.9748,0.867,9.8673,P003_Barbell_Bench_Press_Uncontrolled_Movement_1_024 (2).csv
2,15,1,2,1,66.813,66813,3.89,8.45,1.32,9.3956,0.1374,-0.0011,0.1865,-24.0,83.25,4.0,3.9926,8.9056,0.9267,9.8036,P003_Barbell_Bench_Press_Uncontrolled_Movement_1_024 (2).csv
2,15,1,2,1,66.943,66943,3.87,8.33,1.11,9.2519,0.0567,0.0502,0.1516,-25.63,82.5,5.25,3.9765,8.8298,0.9508,9.7304,P003_Barbell_Bench_Press_Uncontrolled_Movement_1_024 (2).csv
2,15,1,2,1,67.073,67073,3.29,6.96,0.96,7.758,0.0218,0.0709,0.0,-26.63,82.5,5.63,3.886,8.5834,0.952,9.4701,P003_Barbell_Bench_Press_Uncontrolled_Movement_1_024 (2).csv
2,15,1,2,1,67.203,67203,8.57,10.42,1.7,13.5982,0.1244,0.0535,0.7919,-31.81,81.94,10.0,4.5032,8.8254,1.0506,9.9635,P003_Barbell_Bench_Press_Uncontrolled_Movement_1_024 (2).csv
2,15,1,2,1,67.333,67333,3.47,7.34,1.19,8.2056,0.0556,-0.1134,-1.2403,-28.25,81.13,6.5,4.3671,8.6297,1.069,9.7306,P003_Barbell_Bench_Press_Uncontrolled_Movement_1_024 (2).csv
2,15,1,2,1,67.464,67464,5.0,7.6,1.48,9.2169,0.072,0.012,0.2989,-26.88,80.5,5.06,4.4505,8.494,1.1231,9.6548,P003_Barbell_Bench_Press_Uncontrolled_Movement_1_024 (2).csv
2,15,1,2,1,67.637,67637,4.73,8.6,1.74,9.968,0.0175,0.0284,0.2291,-27.25,79.56,5.13,4.4873,8.508,1.2044,9.6939,P003_Barbell_Bench_Press_Uncontrolled_Movement_1_024 (2).csv
2,15,1,2,1,67.768,67768,4.69,9.3,1.72,10.5567,-0.0316,0.0894,0.2225,-27.19,79.81,4.81,4.514,8.6123,1.2724,9.8065,P003_Barbell_Bench_Press_Uncontrolled_Movement_1_024 (2).csv
2,15,1,2,1,67.898,67898,4.17,8.23,1.56,9.3571,-0.0894,0.0349,-0.6567,-26.31,80.63,3.56,4.4687,8.5619,1.3103,9.7464,P003_Barbell_Bench_Press_Uncontrolled_Movement_1_024 (2).csv
2,15,1,2,1,68.029,68029,4.5,8.91,1.76,10.1359,0.0,0.0742,0.3174,-25.19,81.13,2.19,4.4728,8.6078,1.3695,9.7967,P003_Barbell_Bench_Press_Uncontrolled_Movement_1_024 (2).csv
2,15,1,2,1,68.159,68159,3.96,8.83,1.19,9.7502,-0.0164,0.0098,-0.2313,-25.0,81.31,1.75,4.4052,8.6371,1.3459,9.7886,P003_Barbell_Bench_Press_Uncontrolled_Movement_1_024 (2).csv
2,15,1,2,1,68.292,68292,5.25,8.72,1.08,10.2356,-0.0469,-0.0218,0.1963,-25.75,81.38,2.56,4.5166,8.648,1.3108,9.8441,P003_Barbell_Bench_Press_Uncontrolled_Movement_1_024 (2).csv
2,15,1,2,1,68.423,68423,4.63,8.76,0.82,9.9422,-0.1069,-0.0949,-0.0011,-26.38,82.0,3.81,4.5315,8.6628,1.2462,9.8555,P003_Barbell_Bench_Press_Uncontrolled_Movement_1_024 (2).csv
2,15,1,2,1,68.557,68557,4.13,8.92,1.31,9.9166,-0.1331,-0.108,0.0709,-25.88,82.5,4.44,4.4786,8.6967,1.2546,9.8622,P003_Barbell_Bench_Press_Uncontrolled_Movement_1_024 (2).csv
2,15,1,2,1,68.73,68730,4.08,9.18,1.3,10.1296,-0.0131,-0.12,-0.2782,-25.88,82.69,5.69,4.4261,8.7604,1.2606,9.8956,P003_Barbell_Bench_Press_Uncontrolled_Movement_1_024 (2).csv
2,15,1,2,1,68.86,68860,4.74,9.13,1.43,10.386,0.0065,-0.0196,0.192,-26.31,82.44,6.56,4.4674,8.8091,1.2829,9.9601,P003_Barbell_Bench_Press_Uncontrolled_Movement_1_024 (2).csv
2,15,1,2,1,68.99,68990,3.95,8.18,1.24,9.168,-0.0273,0.0545,-0.0185,-25.81,82.69,6.0,4.3993,8.7262,1.2772,9.8555,P003_Barbell_Bench_Press_Uncontrolled_Movement_1_024 (2).csv
2,15,1,2,1,69.12,69120,4.86,9.49,1.29,10.7398,-0.0458,0.0971,0.1953,-26.5,83.31,6.31,4.46,8.8268,1.2789,9.972,P003_Barbell_Bench_Press_Uncontrolled_Movement_1_024 (2).csv
2,15,1,2,1,69.25,69250,5.25,9.87,1.21,11.2447,0.0087,0.0807,0.168,-26.94,83.75,6.31,4.5641,8.9643,1.2698,10.1391,P003_Barbell_Bench_Press_Uncontrolled_Movement_1_024 (2).csv
2,16,1,2,1,69.38,69380,4.32,8.51,0.96,9.5919,0.0382,0.024,-0.0589,-26.94,83.75,5.88,4.5319,8.9044,1.229,10.0667,P003_Barbell_Bench_Press_Uncontrolled_Movement_1_024 (2).csv
2,16,1,2,1,69.526,69526,5.04,8.84,1.12,10.2373,0.0218,0.0524,0.2836,-28.25,83.56,6.81,4.5989,8.8959,1.2146,10.0877,P003_Barbell_Bench_Press_Uncontrolled_Movement_1_024 (2).csv
2,16,1,2,1,69.66,69660,4.54,8.34,1.02,9.5503,-0.0251,-0.0022,-0.3709,-28.38,83.63,6.75,4.5911,8.8227,1.189,10.0166,P003_Barbell_Bench_Press_Uncontrolled_Movement_1_024 (2).csv
2,16,1,2,1,69.833,69833,5.35,9.11,1.13,10.625,0.0011,-0.0207,0.0229,-28.13,83.69,6.38,4.6911,8.8605,1.1812,10.0951,P003_Barbell_Bench_Press_Uncontrolled_Movement_1_024 (2).csv
2,16,1,2,1,69.963,69963,3.85,7.89,0.93,8.8283,0.0469,-0.0458,0.1636,-27.0,83.31,5.56,4.5803,8.7326,1.1481,9.9275,P003_Barbell_Bench_Press_Uncontrolled_Movement_1_024 (2).csv
2,16,1,2,1,70.093,70093,5.22,9.26,1.36,10.7166,-0.0349,-0.0142,0.1287,-27.81,83.38,6.63,4.6646,8.8021,1.176,10.0309,P003_Barbell_Bench_Press_Uncontrolled_Movement_1_024 (2).csv
2,16,1,2,1,70.224,70224,3.74,8.52,1.07,9.3661,0.0022,-0.0764,-0.3207,-26.63,83.38,5.88,4.5427,8.765,1.1621,9.9404,P003_Barbell_Bench_Press_Uncontrolled_Movement_1_024 (2).csv
2,16,1,2,1,70.354,70354,5.73,9.14,1.19,10.853,0.0327,0.0611,0.66,-28.44,83.06,7.69,4.6992,8.8144,1.1657,10.0566,P003_Barbell_Bench_Press_Uncontrolled_Movement_1_024 (2).csv
2,16,1,2,1,70.484,70484,3.1,5.35,0.21,6.1868,-0.048,-0.0404,-1.333,-26.06,83.31,5.19,4.4885,8.3579,1.0398,9.5437,P003_Barbell_Bench_Press_Uncontrolled_Movement_1_024 (2).csv
2,16,1,2,1,70.614,70614,3.08,10.15,1.53,10.7168,0.0589,0.1385,1.189,-21.63,84.13,0.63,4.3029,8.594,1.1044,9.6743,P003_Barbell_Bench_Press_Uncontrolled_Movement_1_024 (2).csv
2,16,1,2,1,70.745,70745,2.35,8.7,0.16,9.0132,0.1058,-0.0774,-1.1159,-23.31,83.38,1.94,4.0455,8.608,0.9799,9.5616,P003_Barbell_Bench_Press_Uncontrolled_Movement_1_024 (2).csv
2,16,1,2,1,70.918,70918,4.65,9.56,1.39,10.7214,0.1353,0.0273,0.1254,-22.44,82.63,0.63,4.1252,8.7334,1.034,9.7139,P003_Barbell_Bench_Press_Uncontrolled_Movement_1_024 (2).csv
2,16,1,2,1,71.049,71049,2.46,9.05,0.96,9.4274,0.1516,0.0098,-0.1396,-20.31,81.75,358.25,3.9057,8.7752,1.0242,9.6596,P003_Barbell_Bench_Press_Uncontrolled_Movement_1_024 (2).csv
2,16,1,2,1,71.18,71180,3.88,8.67,2.28,9.7684,0.0905,0.0131,0.0131,-21.44,80.94,358.94,3.9024,8.7613,1.1897,9.6646,P003_Barbell_Bench_Press_Uncontrolled_Movement_1_024 (2).csv
2,16,1,2,1,71.311,71311,2.95,8.68,1.68,9.3203,0.0055,0.0131,-0.0087,-20.56,80.56,357.94,3.7769,8.7506,1.2543,9.613,P003_Barbell_Bench_Press_Uncontrolled_Movement_1_024 (2).csv
2,16,1,2,1,71.442,71442,3.84,8.86,1.85,9.832,-0.0425,0.0131,0.0415,-21.44,80.38,358.69,3.7852,8.765,1.3328,9.64,P003_Barbell_Bench_Press_Uncontrolled_Movement_1_024 (2).csv
2,16,1,2,1,71.575,71575,3.44,8.24,1.65,9.0804,-0.0851,-0.0164,-0.0785,-21.31,80.69,358.75,3.7397,8.6958,1.3746,9.5652,P003_Barbell_Bench_Press_Uncontrolled_Movement_1_024 (2).csv
2,16,1,2,1,71.708,71708,4.8,9.23,1.75,10.5497,-0.1298,0.0338,0.2683,-23.44,81.31,1.06,3.8794,8.7662,1.4241,9.6915,P003_Barbell_Bench_Press_Uncontrolled_Movement_1_024 (2).csv
2,16,1,2,1,71.838,71838,2.47,7.79,1.13,8.25,-0.1374,-0.0273,-0.324,-21.63,82.5,359.63,3.6937,8.6376,1.3853,9.4958,P003_Barbell_Bench_Press_Uncontrolled_Movement_1_024 (2).csv
2,16,1,2,1,72.011,72011,5.18,9.39,0.58,10.7397,-0.1767,0.0,-0.1963,-24.25,83.69,2.56,3.8895,8.7367,1.2792,9.6486,P003_Barbell_Bench_Press_Uncontrolled_Movement_1_024 (2).csv
2,16,1,2,1,72.141,72141,0.84,8.45,0.47,8.5046,-0.1342,-0.048,-0.3142,-19.31,84.75,358.38,3.4877,8.6989,1.1726,9.4451,P003_Barbell_Bench_Press_Uncontrolled_Movement_1_024 (2).csv
2,16,1,2,1,72.271,72271,5.93,9.97,0.46,11.6094,-0.0469,-0.0055,0.4941,-25.5,84.88,4.44,3.8095,8.8664,1.0787,9.7103,P003_Barbell_Bench_Press_Uncontrolled_Movement_1_024 (2).csv
2,16,1,2,1,72.401,72401,2.27,7.65,0.24,7.9833,-0.0796,0.0011,-0.4232,-22.0,85.31,1.5,3.6067,8.7061,0.9682,9.4732,P003_Barbell_Bench_Press_Uncontrolled_Movement_1_024 (2).csv
2,16,1,2,1,72.531,72531,3.77,9.38,0.85,10.1449,-0.0207,0.1069,0.4156,-23.25,85.94,2.44,3.6282,8.7949,0.9526,9.5615,P003_Barbell_Bench_Press_Uncontrolled_Movement_1_024 (2).csv
2,16,1,2,1,72.661,72661,3.86,9.64,0.48,10.3952,0.0578,0.06,-0.4669,-22.06,86.13,0.69,3.6587,8.9063,0.8903,9.6696,P003_Barbell_Bench_Press_Uncontrolled_Movement_1_024 (2).csv
2,16,1,2,1,72.792,72792,4.24,9.8,0.51,10.6901,0.1669,0.0687,-0.0774,-21.81,85.5,359.56,3.7353,9.0241,0.8402,9.8027,P003_Barbell_Bench_Press_Uncontrolled_Movement_1_024 (2).csv
2,16,1,2,1,72.922,72922,3.44,9.09,1.02,9.7725,0.1953,0.0785,-0.0894,-19.75,84.31,356.69,3.6964,9.0328,0.8639,9.798,P003_Barbell_Bench_Press_Uncontrolled_Movement_1_024 (2).csv
2,16,1,2,1,73.095,73095,3.43,8.94,1.41,9.6787,0.0076,0.0469,-0.0218,-20.69,83.56,356.69,3.6613,9.0205,0.9359,9.7801,P003_Barbell_Bench_Press_Uncontrolled_Movement_1_024 (2).csv
2,16,1,2,1,73.225,73225,4.35,9.87,0.91,10.8244,-0.0938,0.0764,0.4178,-21.44,84.25,357.25,3.7521,9.1325,0.9324,9.9171,P003_Barbell_Bench_Press_Uncontrolled_Movement_1_024 (2).csv
2,16,1,2,1,73.355,73355,4.29,9.43,0.81,10.3916,-0.1374,0.0098,-0.1724,-21.13,85.19,357.0,3.8229,9.1717,0.9163,9.9787,P003_Barbell_Bench_Press_Uncontrolled_Movement_1_024 (2).csv
2,16,1,2,1,73.485,73485,3.91,9.84,0.56,10.6032,-0.0611,-0.0185,0.324,-21.25,85.81,357.44,3.8344,9.2597,0.8694,10.0599,P003_Barbell_Bench_Press_Uncontrolled_Movement_1_024 (2).csv
2,16,1,2,1,73.615,73615,3.41,8.72,0.44,9.3734,-0.0535,-0.0676,-0.0164,-22.81,85.94,359.44,3.7785,9.1886,0.8128,9.9684,P003_Barbell_Bench_Press_Uncontrolled_Movement_1_024 (2).csv
2,16,1,2,1,73.745,73745,4.5,9.93,0.61,10.9191,0.0033,-0.0436,0.3523,-23.69,85.94,0.75,3.8736,9.2863,0.7861,10.0925,P003_Barbell_Bench_Press_Uncontrolled_Movement_1_024 (2).csv
2,16,1,2,1,73.875,73875,4.01,9.68,0.64,10.4972,-0.0251,-0.0644,0.0862,-24.44,85.75,2.0,3.8915,9.3382,0.7668,10.1456,P003_Barbell_Bench_Press_Uncontrolled_Movement_1_024 (2).csv
2,16,1,2,1,74.006,74006,4.53,8.93,1.05,10.0682,0.0742,-0.0305,0.2738,-26.19,85.31,3.94,3.9757,9.2844,0.8041,10.1318,P003_Barbell_Bench_Press_Uncontrolled_Movement_1_024 (2).csv
2,16,1,2,1,74.179,74179,5.25,9.03,0.71,10.4694,0.0742,0.0076,0.5061,-28.44,84.31,6.13,4.1436,9.2509,0.7917,10.1673,P003_Barbell_Bench_Press_Uncontrolled_Movement_1_024 (2).csv
2,17,1,2,1,74.311,74311,4.19,8.2,1.04,9.267,0.0567,0.0098,-0.0785,-28.25,83.94,5.75,4.1497,9.1124,0.8244,10.0467,P003_Barbell_Bench_Press_Uncontrolled_Movement_1_024 (2).csv
2,17,1,2,1,74.442,74442,4.72,8.69,0.91,9.9309,0.0109,0.0524,0.2727,-29.19,83.81,6.38,4.2249,9.0567,0.8357,10.0286,P003_Barbell_Bench_Press_Uncontrolled_Movement_1_024 (2).csv
2,17,1,2,1,74.577,74577,4.75,9.04,1.25,10.2882,-0.0251,0.0807,-0.1047,-28.63,84.25,5.5,4.2941,9.0545,0.8903,10.0606,P003_Barbell_Bench_Press_Uncontrolled_Movement_1_024 (2).csv
2,17,1,2,1,74.708,74708,4.37,8.1,0.83,9.241,0.0425,-0.0087,-0.3567,-26.75,84.31,3.31,4.3041,8.9287,0.8824,9.9512,P003_Barbell_Bench_Press_Uncontrolled_Movement_1_024 (2).csv
2,17,1,2,1,74.839,74839,2.56,7.21,0.74,7.6867,0.0698,-0.0207,-0.1244,-23.44,84.06,0.0,4.0742,8.7023,0.8636,9.6475,P003_Barbell_Bench_Press_Uncontrolled_Movement_1_024 (2).csv
2,17,1,2,1,74.969,74969,4.05,7.61,0.61,8.6421,-0.0065,-0.0251,-0.1069,-24.75,83.63,1.31,4.0711,8.5583,0.8302,9.5136,P003_Barbell_Bench_Press_Uncontrolled_Movement_1_024 (2).csv
2,17,1,2,1,75.1,75100,4.16,8.9,1.24,9.9022,-0.0131,-0.0316,0.1124,-24.0,83.75,0.88,4.0828,8.6034,0.8842,9.5639,P003_Barbell_Bench_Press_Uncontrolled_Movement_1_024 (2).csv
2,17,1,2,1,75.273,75273,3.6,8.77,1.14,9.5484,0.0065,-0.072,-0.0185,-23.81,83.75,1.31,4.0192,8.6253,0.9179,9.5599,P003_Barbell_Bench_Press_Uncontrolled_Movement_1_024 (2).csv
2,17,1,2,1,75.403,75403,4.08,9.28,0.89,10.1763,0.0207,-0.0382,0.216,-24.38,83.5,2.25,4.0272,8.7116,0.9142,9.6408,P003_Barbell_Bench_Press_Uncontrolled_Movement_1_024 (2).csv
2,17,1,2,1,75.533,75533,3.6,8.48,1.1,9.278,0.0273,-0.0316,-0.1876,-24.63,83.13,2.69,3.9709,8.6811,0.9387,9.5922,P003_Barbell_Bench_Press_Uncontrolled_Movement_1_024 (2).csv
2,17,1,2,1,75.663,75663,4.68,9.11,1.3,10.324,0.0774,-0.012,0.0676,-25.0,82.69,3.0,4.0643,8.7376,0.9863,9.687,P003_Barbell_Bench_Press_Uncontrolled_Movement_1_024 (2).csv
2,17,1,2,1,75.793,75793,4.11,8.36,1.18,9.3901,0.036,0.0142,-0.1582,-24.19,82.25,2.0,4.0703,8.6878,1.0118,9.6473,P003_Barbell_Bench_Press_Uncontrolled_Movement_1_024 (2).csv
2,17,1,2,1,75.923,75923,4.25,8.99,1.42,10.0448,0.0524,0.0251,0.1691,-23.81,82.0,1.38,4.094,8.7277,1.0656,9.6989,P003_Barbell_Bench_Press_Uncontrolled_Movement_1_024 (2).csv
2,17,1,2,1,76.053,76053,3.96,7.54,1.25,8.6079,0.024,0.0033,-0.0447,-24.88,81.56,2.31,4.0764,8.5711,1.0899,9.5535,P003_Barbell_Bench_Press_Uncontrolled_Movement_1_024 (2).csv
2,17,1,2,1,76.183,76183,3.66,9.28,1.58,10.1,0.0447,0.024,0.4614,-24.44,81.5,1.75,4.0215,8.6646,1.1545,9.6218,P003_Barbell_Bench_Press_Uncontrolled_Movement_1_024 (2).csv
2,17,1,2,1,76.356,76356,3.43,8.23,1.32,9.0133,-0.0567,-0.0185,-0.4538,-24.88,81.44,2.19,3.9435,8.6073,1.1763,9.5405,P003_Barbell_Bench_Press_Uncontrolled_Movement_1_024 (2).csv
2,17,1,2,1,76.486,76486,3.75,9.04,1.52,9.9043,-0.0436,0.0273,0.1822,-24.19,82.0,1.56,3.918,8.6643,1.2216,9.5872,P003_Barbell_Bench_Press_Uncontrolled_Movement_1_024 (2).csv
2,17,1,2,1,76.616,76616,4.27,8.3,1.43,9.4429,0.0076,0.0022,0.1167,-25.88,82.06,3.19,3.9644,8.6163,1.2491,9.5665,P003_Barbell_Bench_Press_Uncontrolled_Movement_1_024 (2).csv
2,17,1,2,1,76.746,76746,4.06,8.72,0.91,9.6618,0.0065,0.0142,0.1887,-25.88,82.0,3.19,3.977,8.63,1.2044,9.5783,P003_Barbell_Bench_Press_Uncontrolled_Movement_1_024 (2).csv
2,17,1,2,1,76.876,76876,4.06,7.85,0.85,8.8785,-0.1156,0.0785,-0.0425,-26.19,82.44,3.38,3.988,8.5272,1.1577,9.4846,P003_Barbell_Bench_Press_Uncontrolled_Movement_1_024 (2).csv
2,17,1,2,1,77.006,77006,4.27,8.98,0.7,9.9681,-0.2509,0.1724,0.0971,-26.38,84.38,3.31,4.0251,8.5869,1.0974,9.5467,P003_Barbell_Bench_Press_Uncontrolled_Movement_1_024 (2).csv
2,17,1,2,1,77.136,77136,4.93,9.63,0.25,10.8215,-0.2542,0.1985,-0.0971,-26.56,86.94,3.0,4.1444,8.7243,0.9857,9.7088,P003_Barbell_Bench_Press_Uncontrolled_Movement_1_024 (2).csv
2,17,1,2,1,77.267,77267,4.32,9.65,0.54,10.5866,0.0207,0.0665,-0.2531,-24.38,88.25,0.31,4.1675,8.8463,0.927,9.8226,P003_Barbell_Bench_Press_Uncontrolled_Movement_1_024 (2).csv
2,17,1,2,1,77.44,77440,3.96,10.07,0.04,10.8207,0.1876,-0.0491,-0.0513,-22.56,87.06,358.0,4.1402,9.0076,0.8101,9.9465,P003_Barbell_Bench_Press_Uncontrolled_Movement_1_024 (2).csv
2,17,1,2,1,77.571,77571,4.12,9.38,0.82,10.2777,0.1407,-0.0578,0.1713,-23.19,85.69,358.63,4.1375,9.0566,0.8114,9.99,P003_Barbell_Bench_Press_Uncontrolled_Movement_1_024 (2).csv
2,17,1,2,1,77.702,77702,4.06,8.8,0.91,9.734,0.0142,-0.0567,0.0153,-23.44,84.88,359.13,4.1273,9.0228,0.8244,9.9562,P003_Barbell_Bench_Press_Uncontrolled_Movement_1_024 (2).csv
2,17,1,2,1,77.834,77834,4.25,9.28,0.98,10.2538,-0.036,-0.0295,0.2007,-23.75,84.88,359.81,4.1435,9.0567,0.8449,9.9953,P003_Barbell_Bench_Press_Uncontrolled_Movement_1_024 (2).csv
2,17,1,2,1,77.965,77965,4.32,8.89,0.98,9.9325,-0.0098,-0.0262,0.1178,-24.81,84.88,1.19,4.1667,9.0347,0.8627,9.9866,P003_Barbell_Bench_Press_Uncontrolled_Movement_1_024 (2).csv
2,17,1,2,1,78.099,78099,4.3,9.45,0.65,10.4026,0.0131,-0.0284,0.0884,-25.25,84.75,1.81,4.1843,9.0895,0.8347,10.0411,P003_Barbell_Bench_Press_Uncontrolled_Movement_1_024 (2).csv
2,17,1,2,1,78.23,78230,4.7,9.56,0.66,10.6733,0.0447,-0.0273,0.1254,-26.31,84.5,3.0,4.2522,9.1515,0.8117,10.1237,P003_Barbell_Bench_Press_Uncontrolled_Movement_1_024 (2).csv
2,18,1,2,1,78.36,78360,4.18,8.58,0.89,9.5855,0.0382,-0.0098,0.0633,-26.5,84.13,3.19,4.2427,9.0762,0.822,10.0525,P003_Barbell_Bench_Press_Uncontrolled_Movement_1_024 (2).csv
2,18,1,2,1,78.533,78533,4.77,8.89,1.38,10.1828,0.048,-0.0327,0.0185,-26.38,83.81,3.0,4.3122,9.0516,0.8955,10.0662,P003_Barbell_Bench_Press_Uncontrolled_Movement_1_024 (2).csv
2,18,1,2,1,78.664,78664,4.68,9.08,0.83,10.2488,0.0273,0.0207,0.4723,-27.31,83.56,4.0,4.3607,9.0554,0.8869,10.0897,P003_Barbell_Bench_Press_Uncontrolled_Movement_1_024 (2).csv
2,18,1,2,1,78.794,78794,4.02,7.25,0.86,8.3344,0.0316,-0.0458,-0.1789,-28.94,83.13,5.56,4.3158,8.8175,0.8833,9.8567,P003_Barbell_Bench_Press_Uncontrolled_Movement_1_024 (2).csv
2,18,1,2,1,78.925,78925,4.62,8.53,1.21,9.776,0.0033,0.0371,0.4778,-28.88,83.06,5.5,4.3559,8.7796,0.9264,9.8444,P003_Barbell_Bench_Press_Uncontrolled_Movement_1_024 (2).csv
2,18,1,2,1,79.056,79056,4.98,8.73,1.28,10.1317,-0.0044,0.0109,0.0731,-30.25,83.06,6.81,4.4381,8.7731,0.973,9.8798,P003_Barbell_Bench_Press_Uncontrolled_Movement_1_024 (2).csv
2,18,1,2,1,79.186,79186,4.29,8.49,0.92,9.5567,-0.0884,-0.0251,-0.4767,-29.56,83.38,6.31,4.4186,8.7358,0.966,9.8372,P003_Barbell_Bench_Press_Uncontrolled_Movement_1_024 (2).csv
2,18,1,2,1,79.317,79317,7.3,8.28,1.66,11.1626,0.0404,0.0382,0.7821,-32.0,83.5,8.69,4.7983,8.6757,1.0575,9.9704,P003_Barbell_Bench_Press_Uncontrolled_Movement_1_024 (2).csv
2,18,1,2,1,79.447,79447,5.05,7.88,1.26,9.4438,0.0229,0.0175,0.1156,-32.44,83.25,9.13,4.8315,8.5708,1.0841,9.8984,P003_Barbell_Bench_Press_Uncontrolled_Movement_1_024 (2).csv
2,18,1,2,1,79.62,79620,5.71,8.29,1.23,10.1411,-0.024,-0.0033,-0.2313,-32.31,83.5,8.94,4.9472,8.5338,1.1034,9.9257,P003_Barbell_Bench_Press_Uncontrolled_Movement_1_024 (2).csv
2,18,1,2,1,79.755,79755,6.49,9.21,1.18,11.3286,0.024,0.0229,0.3851,-32.19,83.69,8.75,5.1505,8.6229,1.1135,10.1056,P003_Barbell_Bench_Press_Uncontrolled_Movement_1_024 (2).csv
2,18,1,2,1,79.886,79886,3.31,6.12,0.62,6.9853,-0.0185,-0.0785,-1.0428,-30.81,83.5,7.44,4.908,8.2931,1.0484,9.6935,P003_Barbell_Bench_Press_Uncontrolled_Movement_1_024 (2).csv
2,18,1,2,1,80.016,80016,3.72,8.2,1.41,9.1141,-0.036,0.0436,0.4974,-27.0,83.81,4.0,4.7514,8.2808,1.0961,9.6099,P003_Barbell_Bench_Press_Uncontrolled_Movement_1_024 (2).csv
2,18,1,2,1,80.146,80146,4.7,8.21,0.74,9.489,-0.0284,-0.0807,-0.7385,-27.94,84.0,5.0,4.7447,8.2715,1.0492,9.5932,P003_Barbell_Bench_Press_Uncontrolled_Movement_1_024 (2).csv
2,18,1,2,1,80.277,80277,4.47,9.16,0.66,10.2138,-0.0535,-0.0196,0.2149,-26.5,84.31,4.0,4.7085,8.3886,0.9979,9.6713,P003_Barbell_Bench_Press_Uncontrolled_Movement_1_024 (2).csv
2,18,1,2,1,80.408,80408,4.35,8.48,0.69,9.5556,-0.0316,-0.0578,-0.3905,-26.63,84.31,4.44,4.6612,8.4006,0.9573,9.6548,P003_Barbell_Bench_Press_Uncontrolled_Movement_1_024 (2).csv
2,18,1,2,1,80.538,80538,4.91,8.95,1.01,10.2582,0.0098,0.0,0.228,-27.44,84.25,5.44,4.694,8.473,0.9643,9.7343,P003_Barbell_Bench_Press_Uncontrolled_Movement_1_024 (2).csv
2,18,1,2,1,80.711,80711,3.41,8.14,0.76,8.8581,0.0305,-0.0087,0.0578,-26.25,83.88,4.44,4.5248,8.4291,0.9373,9.6126,P003_Barbell_Bench_Press_Uncontrolled_Movement_1_024 (2).csv
2,18,1,2,1,80.841,80841,4.71,8.02,1.11,9.3668,0.0382,-0.0011,-0.1014,-27.69,83.69,5.63,4.5492,8.3752,0.9601,9.5792,P003_Barbell_Bench_Press_Uncontrolled_Movement_1_024 (2).csv
2,18,1,2,1,80.972,80972,3.66,9.31,0.67,10.026,0.0753,0.0971,1.1803,-27.19,83.25,4.94,4.432,8.4984,0.9219,9.6289,P003_Barbell_Bench_Press_Uncontrolled_Movement_1_024 (2).csv
2,18,1,2,1,81.102,81102,3.78,8.6,1.86,9.5764,0.024,-0.0185,-0.8574,-29.19,83.06,6.5,4.3461,8.5118,1.0455,9.6142,P003_Barbell_Bench_Press_Uncontrolled_Movement_1_024 (2).csv
2,18,1,2,1,81.233,81233,3.88,7.92,1.25,8.9075,0.0164,0.0284,-0.3109,-27.13,83.13,4.19,4.2847,8.4338,1.0724,9.5204,P003_Barbell_Bench_Press_Uncontrolled_Movement_1_024 (2).csv
2,18,1,2,1,81.364,81364,5.45,8.95,1.2,10.5473,-0.0022,0.0338,0.3403,-28.44,82.94,5.13,4.4383,8.5018,1.0892,9.6522,P003_Barbell_Bench_Press_Uncontrolled_Movement_1_024 (2).csv
2,18,1,2,1,81.494,81494,4.62,7.24,0.7,8.617,-0.0709,0.0382,-0.2607,-28.88,83.06,5.38,4.4622,8.3356,1.038,9.5116,P003_Barbell_Bench_Press_Uncontrolled_Movement_1_024 (2).csv
2,18,1,2,1,81.625,81625,3.22,8.31,0.74,8.9427,-0.1505,0.084,0.2171,-25.5,84.63,2.19,4.2985,8.3322,0.9987,9.4287,P003_Barbell_Bench_Press_Uncontrolled_Movement_1_024 (2).csv
2,18,1,2,1,81.801,81801,3.93,9.6,0.07,10.3735,-0.1309,0.0415,-0.1145,-26.94,86.0,3.5,4.25,8.4993,0.8763,9.5429,P003_Barbell_Bench_Press_Uncontrolled_Movement_1_024 (2).csv
2,18,1,2,1,81.932,81932,4.8,8.91,0.83,10.1547,-0.0927,0.0338,-0.1669,-28.0,86.56,4.38,4.3224,8.5534,0.8702,9.6229,P003_Barbell_Bench_Press_Uncontrolled_Movement_1_024 (2).csv
2,18,1,2,1,82.063,82063,5.36,9.64,0.72,11.0534,-0.0251,0.0851,0.168,-27.56,87.19,3.75,4.4592,8.6966,0.8504,9.8101,P003_Barbell_Bench_Press_Uncontrolled_Movement_1_024 (2).csv
2,18,1,2,1,82.193,82193,4.45,8.97,0.37,10.02,-0.0011,0.0687,-0.18,-26.31,87.56,2.06,4.458,8.7326,0.7871,9.8362,P003_Barbell_Bench_Press_Uncontrolled_Movement_1_024 (2).csv
2,18,1,2,1,82.324,82324,4.62,8.88,0.3,10.0144,-0.0087,0.0338,-0.1571,-25.75,87.75,1.13,4.4793,8.752,0.7229,9.8582,P003_Barbell_Bench_Press_Uncontrolled_Movement_1_024 (2).csv
2,18,1,2,1,82.454,82454,4.47,8.96,0.25,10.0162,-0.0349,0.0316,0.1276,-25.56,88.0,0.81,4.4781,8.7794,0.6606,9.8776,P003_Barbell_Bench_Press_Uncontrolled_Movement_1_024 (2).csv
2,18,1,2,1,82.584,82584,4.42,9.4,0.42,10.3958,-0.0567,-0.0076,-0.036,-25.5,88.44,0.81,4.4704,8.8612,0.6289,9.9449,P003_Barbell_Bench_Press_Uncontrolled_Movement_1_024 (2).csv
2,18,1,2,1,82.715,82715,4.58,9.21,0.31,10.2906,0.0,-0.0753,-0.0676,-25.13,88.5,0.88,4.4849,8.9072,0.5869,9.9898,P003_Barbell_Bench_Press_Uncontrolled_Movement_1_024 (2).csv
2,18,1,2,1,82.888,82888,4.3,9.27,0.17,10.2202,0.0425,-0.0807,0.1876,-25.31,87.81,1.75,4.4605,8.955,0.5319,10.0185,P003_Barbell_Bench_Press_Uncontrolled_Movement_1_024 (2).csv
2,18,1,2,1,83.018,83018,4.34,9.48,0.48,10.4373,0.0109,-0.0622,0.1985,-26.31,87.44,3.13,4.4446,9.0242,0.5251,10.073,P003_Barbell_Bench_Press_Uncontrolled_Movement_1_024 (2).csv
2,19,1,2,1,83.148,83148,4.67,8.68,0.56,9.8724,0.0153,-0.0774,0.1996,-28.31,87.06,5.5,4.4743,8.9788,0.5297,10.0459,P003_Barbell_Bench_Press_Uncontrolled_Movement_1_024 (2).csv
2,19,1,2,1,83.278,83278,4.9,8.61,0.62,9.9261,-0.0207,-0.0556,-0.0022,-29.25,86.81,6.88,4.5304,8.9302,0.5416,10.0283,P003_Barbell_Bench_Press_Uncontrolled_Movement_1_024 (2).csv
2,19,1,2,1,83.408,83408,4.49,8.95,0.63,10.0329,-0.0076,-0.0076,-0.1462,-28.56,86.88,6.44,4.5251,8.9328,0.5532,10.0288,P003_Barbell_Bench_Press_Uncontrolled_Movement_1_024 (2).csv
2,19,1,2,1,83.538,83538,4.57,8.85,0.93,10.0036,0.0764,0.0109,-0.0447,-28.69,86.63,6.38,4.531,8.9219,0.6029,10.0247,P003_Barbell_Bench_Press_Uncontrolled_Movement_1_024 (2).csv
2,19,1,2,1,83.669,83669,5.05,8.76,0.58,10.128,0.108,-0.0327,-0.0284,-29.0,85.81,6.44,4.5994,8.9006,0.5999,10.0367,P003_Barbell_Bench_Press_Uncontrolled_Movement_1_024 (2).csv
2,19,1,2,1,83.799,83799,4.45,8.15,0.7,9.3121,0.0807,-0.0491,-0.2291,-28.31,85.0,5.63,4.5797,8.8017,0.6131,9.9408,P003_Barbell_Bench_Press_Uncontrolled_Movement_1_024 (2).csv
2,19,1,2,1,83.972,83972,4.2,7.7,0.95,8.8223,0.0491,-0.0753,-0.1353,-27.81,83.88,5.38,4.5297,8.6565,0.6575,9.7921,P003_Barbell_Bench_Press_Uncontrolled_Movement_1_024 (2).csv
2,19,1,2,1,84.102,84102,4.53,8.59,0.84,9.7475,0.0087,-0.0305,0.2694,-26.81,83.75,4.81,4.5297,8.6477,0.6815,9.786,P003_Barbell_Bench_Press_Uncontrolled_Movement_1_024 (2).csv
2,19,1,2,1,84.233,84233,4.87,8.48,1.5,9.8933,0.0044,-0.0807,-0.1527,-26.81,83.56,5.25,4.5746,8.6256,0.7894,9.7955,P003_Barbell_Bench_Press_Uncontrolled_Movement_1_024 (2).csv
2,19,1,2,1,84.363,84363,3.8,8.33,1.15,9.2278,0.0055,-0.024,0.3262,-25.06,83.38,4.0,4.4725,8.5867,0.8369,9.7177,P003_Barbell_Bench_Press_Uncontrolled_Movement_1_024 (2).csv
2,19,1,2,1,84.494,84494,3.82,8.76,0.83,9.5926,-0.0774,-0.0545,-0.252,-25.0,83.63,4.31,4.3865,8.6095,0.836,9.6987,P003_Barbell_Bench_Press_Uncontrolled_Movement_1_024 (2).csv
2,19,1,2,1,84.625,84625,4.49,8.93,1.26,10.0744,-0.0153,-0.0142,0.4342,-25.63,83.75,5.25,4.4001,8.6517,0.8919,9.7473,P003_Barbell_Bench_Press_Uncontrolled_Movement_1_024 (2).csv
2,19,1,2,1,84.756,84756,3.89,8.82,0.59,9.6578,-0.0305,-0.0262,-0.1527,-25.81,83.69,5.69,4.3329,8.6739,0.8521,9.7333,P003_Barbell_Bench_Press_Uncontrolled_Movement_1_024 (2).csv
2,19,1,2,1,84.887,84887,4.77,8.62,1.27,9.9333,0.0109,0.0393,0.2291,-26.75,83.81,6.44,4.3905,8.6668,0.9072,9.7577,P003_Barbell_Bench_Press_Uncontrolled_Movement_1_024 (2).csv
2,19,1,2,1,85.062,85062,4.11,8.18,1.01,9.21,0.0425,0.0513,0.1276,-26.56,83.81,6.06,4.3536,8.6027,0.9207,9.6854,P003_Barbell_Bench_Press_Uncontrolled_Movement_1_024 (2).csv
2,19,1,2,1,85.193,85193,4.64,8.68,0.87,9.8807,0.0284,0.0055,-0.2945,-26.63,83.81,5.75,4.3913,8.6129,0.914,9.7108,P003_Barbell_Bench_Press_Uncontrolled_Movement_1_024 (2).csv
2,19,1,2,1,85.324,85324,4.41,8.89,0.95,9.9691,0.0567,0.0229,0.2007,-26.38,83.56,5.31,4.3938,8.6494,0.9188,9.7448,P003_Barbell_Bench_Press_Uncontrolled_Movement_1_024 (2).csv
2,19,1,2,1,85.454,85454,4.05,9.24,1.0,10.1381,0.0371,-0.0404,-0.108,-25.88,83.31,4.81,4.3485,8.7272,0.9295,9.7948,P003_Barbell_Bench_Press_Uncontrolled_Movement_1_024 (2).csv
2,19,1,2,1,85.584,85584,5.1,8.66,0.87,10.0877,-0.0218,-0.0316,-0.1167,-26.94,82.94,5.88,4.4475,8.7183,0.9216,9.8305,P003_Barbell_Bench_Press_Uncontrolled_Movement_1_024 (2).csv
2,19,1,2,1,85.715,85715,3.88,9.09,0.86,9.9208,-0.0142,0.0098,0.3327,-24.56,83.19,3.81,4.3727,8.7673,0.9135,9.8398,P003_Barbell_Bench_Press_Uncontrolled_Movement_1_024 (2).csv
2,19,1,2,1,85.845,85845,4.13,8.85,0.69,9.7906,-0.0327,-0.048,-0.5432,-25.0,83.13,4.31,4.3407,8.7782,0.8841,9.8326,P003_Barbell_Bench_Press_Uncontrolled_Movement_1_024 (2).csv
2,19,1,2,1,85.976,85976,4.25,8.53,1.21,9.6066,-0.0218,0.0502,0.3207,-24.38,83.31,3.75,4.3288,8.7455,0.927,9.8021,P003_Barbell_Bench_Press_Uncontrolled_Movement_1_024 (2).csv
2,19,1,2,1,86.149,86149,3.29,8.34,0.99,9.02,-0.0131,0.012,-0.1658,-22.81,83.75,2.13,4.1919,8.6921,0.9353,9.6953,P003_Barbell_Bench_Press_Uncontrolled_Movement_1_024 (2).csv
2,19,1,2,1,86.28,86280,3.55,9.0,0.57,9.6916,-0.0022,0.0513,0.0011,-22.31,83.88,1.44,4.1073,8.7326,0.8872,9.691,P003_Barbell_Bench_Press_Uncontrolled_Movement_1_024 (2).csv
2,19,1,2,1,86.41,86410,5.56,10.06,1.18,11.5546,0.0,0.1189,0.4036,-24.56,84.06,3.06,4.2987,8.9076,0.9258,9.9338,P003_Barbell_Bench_Press_Uncontrolled_Movement_1_024 (2).csv
2,19,1,2,1,86.541,86541,2.59,9.2,0.51,9.5712,-0.0404,0.0415,-0.2323,-22.0,84.56,0.31,4.0736,8.9461,0.871,9.8684,P003_Barbell_Bench_Press_Uncontrolled_Movement_1_024 (2).csv
2,19,1,2,1,86.671,86671,4.05,9.4,1.0,10.2841,0.0436,0.0535,0.0349,-24.13,84.56,1.88,4.0705,9.0059,0.888,9.9229,P003_Barbell_Bench_Press_Uncontrolled_Movement_1_024 (2).csv
2,19,1,2,1,86.804,86804,3.76,8.5,0.92,9.3399,0.0098,0.048,-0.1036,-23.44,84.63,0.75,4.0296,8.9392,0.8922,9.846,P003_Barbell_Bench_Press_Uncontrolled_Movement_1_024 (2).csv
2,19,1,2,1,86.935,86935,3.7,8.39,0.85,9.2089,0.0164,-0.0076,-0.0567,-22.5,84.5,359.63,3.9861,8.8669,0.8866,9.762,P003_Barbell_Bench_Press_Uncontrolled_Movement_1_024 (2).csv
2,19,1,2,1,87.069,87069,4.01,8.96,1.23,9.8932,0.0033,-0.0742,0.0927,-23.56,84.31,0.94,3.9893,8.8791,0.9319,9.7786,P003_Barbell_Bench_Press_Uncontrolled_Movement_1_024 (2).csv
2,19,1,2,1,87.242,87242,4.13,9.15,0.86,10.0757,0.0033,-0.1156,-0.1538,-23.63,84.0,1.94,4.0078,8.9148,0.9224,9.8177,P003_Barbell_Bench_Press_Uncontrolled_Movement_1_024 (2).csv
2,19,1,2,1,87.372,87372,3.75,9.2,1.15,10.0012,0.0371,-0.0993,0.0033,-23.31,83.5,2.31,3.9738,8.9524,0.9524,9.8409,P003_Barbell_Bench_Press_Uncontrolled_Movement_1_024 (2).csv
2,19,1,2,1,87.502,87502,4.23,8.76,1.04,9.7833,-0.0087,-0.0469,0.1996,-23.75,83.13,3.25,4.0076,8.9271,0.9639,9.8327,P003_Barbell_Bench_Press_Uncontrolled_Movement_1_024 (2).csv
2,19,1,2,1,87.632,87632,4.88,10.08,1.16,11.2591,-0.0818,-0.0415,-0.0491,-23.63,83.44,3.56,4.1226,9.079,0.9898,10.0201,P003_Barbell_Bench_Press_Uncontrolled_Movement_1_024 (2).csv
2,19,1,2,1,87.762,87762,2.94,9.0,1.06,9.5272,-0.0545,-0.0218,-0.048,-21.5,84.0,2.0,3.9667,9.0686,0.999,9.9485,P003_Barbell_Bench_Press_Uncontrolled_Movement_1_024 (2).csv
2,19,1,2,1,87.892,87892,3.65,10.07,1.19,10.777,-0.0229,0.0316,0.12,-22.13,84.25,2.63,3.925,9.2005,1.0242,10.0551,P003_Barbell_Bench_Press_Uncontrolled_Movement_1_024 (2).csv
2,19,1,2,1,88.023,88023,4.62,8.85,1.09,10.0427,0.0142,0.0469,0.06,-25.5,84.13,5.56,4.0166,9.1543,1.0329,10.05,P003_Barbell_Bench_Press_Uncontrolled_Movement_1_024 (2).csv
2,19,1,2,1,88.153,88153,4.15,9.24,0.7,10.1533,0.0131,0.0916,0.4571,-25.13,84.38,4.81,4.0342,9.1656,0.989,10.0629,P003_Barbell_Bench_Press_Uncontrolled_Movement_1_024 (2).csv
2,19,1,2,1,88.326,88326,4.41,9.04,0.77,10.0877,-0.0087,0.0611,0.0273,-26.19,84.63,5.25,4.0837,9.1491,0.9601,10.065,P003_Barbell_Bench_Press_Uncontrolled_Movement_1_024 (2).csv
2,19,1,2,1,88.456,88456,3.99,8.23,0.91,9.1914,0.0044,0.0382,-0.024,-26.25,84.75,5.0,4.0713,9.028,0.9535,9.9493,P003_Barbell_Bench_Press_Uncontrolled_Movement_1_024 (2).csv
2,19,1,2,1,88.587,88587,5.02,9.24,0.91,10.5549,0.0447,0.0524,0.3054,-27.56,84.75,5.94,4.1963,9.0559,0.9478,10.0258,P003_Barbell_Bench_Press_Uncontrolled_Movement_1_024 (2).csv
2,19,1,2,1,88.717,88717,5.51,9.61,0.68,11.0984,0.0458,0.0142,0.0207,-28.75,84.56,6.75,4.3695,9.1289,0.9125,10.1618,P003_Barbell_Bench_Press_Uncontrolled_Movement_1_024 (2).csv
2,19,1,2,1,88.847,88847,4.68,9.3,0.93,10.4526,0.0513,-0.0425,-0.2651,-28.44,84.13,6.38,4.4104,9.1515,0.9148,10.1999,P003_Barbell_Bench_Press_Uncontrolled_Movement_1_024 (2).csv
2,20,1,2,1,88.977,88977,4.87,8.63,1.29,9.9929,0.1276,-0.0164,0.4112,-29.13,83.31,7.0,4.4709,9.0828,0.9643,10.1693,P003_Barbell_Bench_Press_Uncontrolled_Movement_1_024 (2).csv
2,20,1,2,1,89.107,89107,4.63,7.11,1.18,8.5663,0.0622,-0.0949,-0.4145,-30.5,82.31,8.44,4.4919,8.8228,0.9927,9.9501,P003_Barbell_Bench_Press_Uncontrolled_Movement_1_024 (2).csv
2,20,1,2,1,89.237,89237,2.4,6.78,2.05,7.4787,-0.0545,0.0055,-0.1167,-25.44,82.44,3.81,4.2162,8.5536,1.132,9.6032,P003_Barbell_Bench_Press_Uncontrolled_Movement_1_024 (2).csv
2,20,1,2,1,89.41,89410,4.71,8.41,1.36,9.7346,0.0393,-0.0164,-0.1014,-28.75,82.31,6.94,4.2813,8.5347,1.1621,9.6188,P003_Barbell_Bench_Press_Uncontrolled_Movement_1_024 (2).csv
2,20,1,2,1,89.541,89541,4.51,8.54,1.06,9.7157,-0.0131,0.0654,0.3098,-28.94,82.31,6.94,4.3114,8.5354,1.1486,9.6312,P003_Barbell_Bench_Press_Uncontrolled_Movement_1_024 (2).csv
2,20,1,2,1,89.671,89671,5.31,8.31,1.1,9.9228,0.024,0.0065,-0.1614,-29.56,82.5,7.38,4.443,8.5057,1.1422,9.6639,P003_Barbell_Bench_Press_Uncontrolled_Movement_1_024 (2).csv
2,20,1,2,1,89.802,89802,4.18,8.47,0.9,9.4881,0.0196,0.0207,0.0425,-27.75,82.5,5.5,4.4084,8.501,1.1103,9.6402,P003_Barbell_Bench_Press_Uncontrolled_Movement_1_024 (2).csv
2,20,1,2,1,89.932,89932,4.42,8.48,1.37,9.6604,0.0316,-0.0229,-0.3371,-27.94,82.38,5.5,4.4099,8.4982,1.1445,9.6424,P003_Barbell_Bench_Press_Uncontrolled_Movement_1_024 (2).csv
2,20,1,2,1,90.063,90063,4.94,8.48,1.31,9.901,0.0524,0.0076,0.2814,-28.31,82.0,5.75,4.4798,8.4958,1.1663,9.6751,P003_Barbell_Bench_Press_Uncontrolled_Movement_1_024 (2).csv
2,20,1,2,1,90.194,90194,4.44,8.37,1.27,9.5595,-0.0087,-0.0207,-0.18,-27.94,81.88,5.38,4.4745,8.4792,1.18,9.6598,P003_Barbell_Bench_Press_Uncontrolled_Movement_1_024 (2).csv
2,20,1,2,1,90.324,90324,4.9,8.4,1.21,9.7997,0.0295,-0.0251,0.1385,-27.94,81.63,5.44,4.5306,8.4688,1.1839,9.6772,P003_Barbell_Bench_Press_Uncontrolled_Movement_1_024 (2).csv
2,20,1,2,1,90.497,90497,4.81,8.54,1.57,9.9264,0.0284,-0.0142,0.3054,-27.88,81.19,5.63,4.5674,8.4782,1.2348,9.709,P003_Barbell_Bench_Press_Uncontrolled_Movement_1_024 (2).csv
2,20,1,2,1,90.631,90631,3.71,7.76,1.36,8.7081,-0.0251,-0.0207,-0.0873,-28.0,81.0,5.94,4.4544,8.3835,1.2513,9.5756,P003_Barbell_Bench_Press_Uncontrolled_Movement_1_024 (2).csv
2,20,1,2,1,90.762,90762,4.6,8.52,1.28,9.7667,-0.0098,-0.024,-0.1625,-28.19,81.13,6.25,4.4736,8.4015,1.2551,9.6007,P003_Barbell_Bench_Press_Uncontrolled_Movement_1_024 (2).csv
2,20,1,2,1,90.893,90893,4.08,7.96,1.29,9.0373,-0.012,-0.0218,-0.0785,-27.56,81.06,5.81,4.4217,8.3433,1.2597,9.5263,P003_Barbell_Bench_Press_Uncontrolled_Movement_1_024 (2).csv
2,20,1,2,1,91.023,91023,4.34,8.85,1.09,9.917,-0.0382,0.0098,0.0884,-27.44,81.31,5.81,4.411,8.4101,1.2373,9.5769,P003_Barbell_Bench_Press_Uncontrolled_Movement_1_024 (2).csv
2,20,1,2,1,91.154,91154,5.04,9.35,1.37,10.7099,-0.0502,0.0142,-0.0862,-28.13,81.69,6.5,4.4939,8.534,1.2548,9.7261,P003_Barbell_Bench_Press_Uncontrolled_Movement_1_024 (2).csv
2,20,1,2,1,91.284,91284,3.97,8.82,1.38,9.7702,-0.0513,0.0207,-0.2858,-26.0,82.25,4.5,4.4248,8.5717,1.2713,9.7298,P003_Barbell_Bench_Press_Uncontrolled_Movement_1_024 (2).csv
2,20,1,2,1,91.415,91415,3.91,9.36,1.39,10.2386,0.0622,0.0262,-0.1996,-24.94,82.19,3.19,4.357,8.6755,1.2869,9.7931,P003_Barbell_Bench_Press_Uncontrolled_Movement_1_024 (2).csv
2,20,1,2,1,91.588,91588,4.87,9.26,1.29,10.5418,0.0611,0.0665,0.1669,-26.13,81.38,3.56,4.4246,8.7526,1.2873,9.8915,P003_Barbell_Bench_Press_Uncontrolled_Movement_1_024 (2).csv
2,20,1,2,1,91.72,91720,4.45,8.27,1.32,9.4836,-0.0404,0.0807,-0.0567,-26.56,81.5,3.5,4.4279,8.689,1.2917,9.8373,P003_Barbell_Bench_Press_Uncontrolled_Movement_1_024 (2).csv
2,20,1,2,1,91.851,91851,3.94,8.38,1.06,9.3205,-0.1178,0.1047,-0.0207,-25.56,82.56,2.13,4.3636,8.6483,1.2611,9.7685,P003_Barbell_Bench_Press_Uncontrolled_Movement_1_024 (2).csv
2,20,1,2,1,91.986,91986,4.81,9.49,1.63,10.7635,-0.0862,0.0622,-0.2389,-25.63,83.69,1.88,4.4225,8.7592,1.3097,9.8993,P003_Barbell_Bench_Press_Uncontrolled_Movement_1_024 (2).csv
2,20,1,2,1,92.117,92117,4.1,9.14,0.59,10.0348,-0.0622,0.0698,0.2171,-24.25,84.5,0.31,4.38,8.8094,1.2149,9.9129,P003_Barbell_Bench_Press_Uncontrolled_Movement_1_024 (2).csv
2,20,1,2,1,92.248,92248,4.75,9.4,1.08,10.5872,-0.0284,-0.0327,-0.1429,-25.13,84.81,1.19,4.4287,8.8872,1.1971,10.0014,P003_Barbell_Bench_Press_Uncontrolled_Movement_1_024 (2).csv
2,20,1,2,1,92.378,92378,4.57,9.01,0.73,10.1291,-0.072,-0.0622,0.1244,-24.63,85.13,1.19,4.4473,8.9034,1.1356,10.0169,P003_Barbell_Bench_Press_Uncontrolled_Movement_1_024 (2).csv
2,20,1,2,1,92.509,92509,3.54,9.44,0.98,10.1294,-0.06,-0.1178,-0.144,-24.25,85.31,1.63,4.3278,8.9741,1.1151,10.0253,P003_Barbell_Bench_Press_Uncontrolled_Movement_1_024 (2).csv
2,20,1,2,1,92.682,92682,4.96,8.15,0.96,9.5888,0.0262,-0.1156,0.2913,-28.13,84.69,6.31,4.4111,8.8655,1.0946,9.9626,P003_Barbell_Bench_Press_Uncontrolled_Movement_1_024 (2).csv
2,20,1,2,1,92.813,92813,4.63,8.72,1.13,9.9374,-0.0273,-0.0916,-0.048,-28.0,84.38,7.0,4.4399,8.8463,1.0993,9.9589,P003_Barbell_Bench_Press_Uncontrolled_Movement_1_024 (2).csv
2,20,1,2,1,92.943,92943,4.8,8.96,1.15,10.2296,0.0022,-0.0436,-0.0654,-28.06,84.13,7.56,4.4874,8.8613,1.106,9.9941,P003_Barbell_Bench_Press_Uncontrolled_Movement_1_024 (2).csv
2,20,1,2,1,93.073,93073,4.72,9.27,1.24,10.4761,0.0109,-0.0033,-0.0535,-28.06,84.13,7.69,4.518,8.9152,1.1236,10.0576,P003_Barbell_Bench_Press_Uncontrolled_Movement_1_024 (2).csv
2,20,1,2,1,93.204,93204,5.15,9.02,1.07,10.4416,0.0644,0.0338,0.1669,-29.88,83.88,9.13,4.6013,8.929,1.1166,10.1067,P003_Barbell_Bench_Press_Uncontrolled_Movement_1_024 (2).csv
2,20,1,2,1,93.334,93334,4.52,7.88,0.65,9.1075,0.0644,-0.0545,-0.6403,-29.38,83.44,8.38,4.5906,8.7907,1.0551,9.9732,P003_Barbell_Bench_Press_Uncontrolled_Movement_1_024 (2).csv
2,20,1,2,1,93.465,93465,3.79,7.36,0.99,8.3375,0.0589,-0.0087,0.0415,-27.88,83.0,6.81,4.4851,8.6022,1.0465,9.7575,P003_Barbell_Bench_Press_Uncontrolled_Movement_1_024 (2).csv
3,1,1,2,1,0.0,0,0.15,9.62,1.08,9.6816,-0.0131,0.024,-0.0076,-1.5,82.88,343.44,0.1125,9.6808,1.209,9.7567,P003_Barbell_Bench_Press_Uncontrolled_Movement_1_025 (1).csv
3,1,1,2,1,0.13,130,0.52,9.57,1.23,9.6627,0.0022,0.0295,0.0753,-1.88,82.88,343.63,0.1662,9.6662,1.2118,9.7433,P003_Barbell_Bench_Press_Uncontrolled_Movement_1_025 (1).csv
3,1,1,2,1,0.26,260,0.98,9.77,1.08,9.8782,-0.0087,0.0142,0.0316,-2.06,82.94,343.63,0.2734,9.6799,1.1944,9.7571,P003_Barbell_Bench_Press_Uncontrolled_Movement_1_025 (1).csv
3,1,1,2,1,0.391,391,0.42,9.57,1.13,9.6456,0.0087,-0.0033,0.0055,-1.94,82.94,343.5,0.2927,9.6654,1.1859,9.7423,P003_Barbell_Bench_Press_Uncontrolled_Movement_1_025 (1).csv
3,1,1,2,1,0.521,521,0.48,9.78,1.17,9.8614,0.0044,-0.0229,0.0567,-2.19,82.94,343.81,0.3174,9.6805,1.1838,9.7578,P003_Barbell_Bench_Press_Uncontrolled_Movement_1_025 (1).csv
3,1,1,2,1,0.652,652,0.44,9.35,1.15,9.4307,-0.0098,-0.0393,-0.0894,-2.0,82.94,343.88,0.3336,9.637,1.1794,9.7146,P003_Barbell_Bench_Press_Uncontrolled_Movement_1_025 (1).csv
3,1,1,2,1,0.783,783,0.15,9.62,1.46,9.7313,0.0295,-0.0251,0.0654,-1.94,82.88,344.06,0.3094,9.6347,1.2164,9.7161,P003_Barbell_Bench_Press_Uncontrolled_Movement_1_025 (1).csv
3,1,1,2,1,0.913,913,0.2,9.27,1.03,9.3292,-0.0175,-0.0284,-0.0698,-2.0,82.81,344.31,0.295,9.5867,1.1918,9.665,P003_Barbell_Bench_Press_Uncontrolled_Movement_1_025 (1).csv
3,1,1,2,1,1.086,1086,-0.26,9.63,1.16,9.7031,0.0142,0.0022,0.0065,-2.38,82.81,344.75,0.2218,9.5924,1.1876,9.6682,P003_Barbell_Bench_Press_Uncontrolled_Movement_1_025 (1).csv
3,1,1,2,1,1.217,1217,-0.21,8.27,1.0,8.3329,0.0207,-0.0284,-0.1549,-2.31,82.69,344.75,0.1649,9.4181,1.1629,9.4911,P003_Barbell_Bench_Press_Uncontrolled_Movement_1_025 (1).csv
3,1,1,2,1,1.347,1347,2.74,11.95,0.38,12.266,-0.1331,0.0338,0.612,-4.13,82.88,346.5,0.5043,9.7518,1.0597,9.8221,P003_Barbell_Bench_Press_Uncontrolled_Movement_1_025 (1).csv
3,1,1,2,1,1.481,1481,-0.44,7.44,0.8,7.4958,-0.0709,-0.0109,0.0993,-2.06,83.31,344.75,0.3798,9.4471,1.0255,9.5102,P003_Barbell_Bench_Press_Uncontrolled_Movement_1_025 (1).csv
3,1,1,2,1,1.612,1612,0.27,10.57,1.77,10.7206,0.0251,0.0098,0.2334,-4.81,83.44,347.44,0.3654,9.5951,1.1236,9.6676,P003_Barbell_Bench_Press_Uncontrolled_Movement_1_025 (1).csv
3,1,1,2,1,1.745,1745,-0.71,9.02,2.06,9.2794,0.1058,-0.0404,-0.6949,-4.5,83.0,347.0,0.2236,9.5193,1.247,9.6032,P003_Barbell_Bench_Press_Uncontrolled_Movement_1_025 (1).csv
3,1,1,2,1,1.876,1876,3.89,7.89,1.86,8.9913,0.1418,-0.0545,-0.2149,-5.06,82.19,347.56,0.7068,9.3046,1.3278,9.4254,P003_Barbell_Bench_Press_Uncontrolled_Movement_1_025 (1).csv
3,1,1,2,1,2.007,2007,-1.24,9.11,1.52,9.3188,0.0687,0.0774,1.2534,-6.75,81.63,349.31,0.4502,9.279,1.3531,9.3879,P003_Barbell_Bench_Press_Uncontrolled_Movement_1_025 (1).csv
3,1,1,2,1,2.179,2179,3.26,9.9,1.27,10.5,0.1527,0.0698,0.8759,-11.63,80.56,353.75,0.8205,9.3608,1.3422,9.4921,P003_Barbell_Bench_Press_Uncontrolled_Movement_1_025 (1).csv
3,1,1,2,1,2.309,2309,2.52,9.8,1.8,10.2777,0.0327,0.072,0.4211,-13.63,80.38,355.44,1.0444,9.4187,1.4025,9.5796,P003_Barbell_Bench_Press_Uncontrolled_Movement_1_025 (1).csv
3,1,1,2,1,2.439,2439,2.46,9.61,1.92,10.104,-0.0502,0.0098,-0.2716,-12.94,80.88,354.63,1.231,9.4439,1.4707,9.6367,P003_Barbell_Bench_Press_Uncontrolled_Movement_1_025 (1).csv
3,1,1,2,1,2.569,2569,3.31,10.73,1.9,11.3885,-0.0175,0.0262,0.3742,-12.56,81.25,354.25,1.5049,9.6134,1.5273,9.8496,P003_Barbell_Bench_Press_Uncontrolled_Movement_1_025 (1).csv
3,1,1,2,1,2.699,2699,2.04,10.81,0.8,11.0299,-0.0098,-0.0415,-0.2847,-11.94,81.13,353.69,1.5755,9.7711,1.4314,10.0002,P003_Barbell_Bench_Press_Uncontrolled_Movement_1_025 (1).csv
3,1,1,2,1,2.829,2829,1.62,9.74,1.29,9.9577,-0.0425,-0.0316,-0.2487,-11.06,81.38,353.0,1.5813,9.767,1.4128,9.9945,P003_Barbell_Bench_Press_Uncontrolled_Movement_1_025 (1).csv
3,1,1,2,1,2.96,2960,1.6,10.59,1.07,10.7635,-0.0131,-0.0196,0.0011,-11.06,81.69,353.13,1.5838,9.8754,1.3676,10.0947,P003_Barbell_Bench_Press_Uncontrolled_Movement_1_025 (1).csv
3,1,1,2,1,3.09,3090,1.34,9.59,1.37,9.7796,0.0295,-0.0196,-0.0764,-11.06,81.44,353.19,1.5517,9.8378,1.3679,10.0529,P003_Barbell_Bench_Press_Uncontrolled_Movement_1_025 (1).csv
3,1,1,2,1,3.263,3263,1.18,9.51,1.58,9.7123,0.0284,-0.0218,-0.2247,-10.5,81.06,352.69,1.5027,9.7946,1.3959,10.007,P003_Barbell_Bench_Press_Uncontrolled_Movement_1_025 (1).csv
3,1,1,2,1,3.393,3393,4.91,10.72,1.35,11.868,-0.0567,0.0185,0.2618,-11.31,81.06,353.5,1.9517,9.9166,1.3898,10.2019,P003_Barbell_Bench_Press_Uncontrolled_Movement_1_025 (1).csv
3,2,1,2,1,3.523,3523,-1.35,9.5,1.86,9.7741,-0.0185,-0.036,-0.6578,-9.5,81.56,351.81,1.5166,9.8617,1.4518,10.0827,P003_Barbell_Bench_Press_Uncontrolled_Movement_1_025 (1).csv
3,2,1,2,1,3.653,3653,-1.34,8.81,1.19,8.9904,-0.0949,-0.0993,-0.8967,-7.19,81.75,349.81,1.1402,9.7231,1.4173,9.8918,P003_Barbell_Bench_Press_Uncontrolled_Movement_1_025 (1).csv
3,2,1,2,1,3.783,3783,1.92,9.12,1.94,9.5197,-0.0011,0.0164,-0.0589,-6.13,82.19,348.88,1.2429,9.6436,1.4862,9.8363,P003_Barbell_Bench_Press_Uncontrolled_Movement_1_025 (1).csv
3,2,1,2,1,3.913,3913,-2.04,10.77,0.67,10.982,-0.072,0.0229,-0.0742,-5.25,82.63,347.94,0.8103,9.792,1.3786,9.9218,P003_Barbell_Bench_Press_Uncontrolled_Movement_1_025 (1).csv
3,2,1,2,1,4.044,4044,0.68,10.27,0.65,10.313,-0.0327,-0.0055,-0.5978,-5.63,82.69,348.06,0.7932,9.855,1.2826,9.9697,P003_Barbell_Bench_Press_Uncontrolled_Movement_1_025 (1).csv
3,2,1,2,1,4.174,4174,-5.69,9.13,-0.12,10.7586,-0.1113,0.0524,0.1713,0.69,82.69,341.88,-0.0612,9.7595,1.0978,9.8212,P003_Barbell_Bench_Press_Uncontrolled_Movement_1_025 (1).csv
3,2,1,2,1,4.347,4347,-6.64,6.45,-0.8,9.2915,0.0851,-0.0873,-1.357,5.13,82.38,337.5,-0.9281,9.3234,0.8477,9.4077,P003_Barbell_Bench_Press_Uncontrolled_Movement_1_025 (1).csv
3,2,1,2,1,4.478,4478,-0.61,12.0,1.6,12.1216,-0.1614,0.0425,0.3862,2.38,83.13,339.88,-0.8862,9.6761,0.9468,9.7626,P003_Barbell_Bench_Press_Uncontrolled_Movement_1_025 (1).csv
3,2,1,2,1,4.608,4608,-2.45,8.52,0.72,8.8945,0.1636,-0.012,-0.8236,6.06,83.13,336.13,-1.0922,9.5237,0.9169,9.6299,P003_Barbell_Bench_Press_Uncontrolled_Movement_1_025 (1).csv
3,2,1,2,1,4.739,4739,-2.68,8.54,2.03,9.178,0.0949,0.0764,0.5192,5.31,82.44,336.5,-1.3015,9.3941,1.0636,9.5433,P003_Barbell_Bench_Press_Uncontrolled_Movement_1_025 (1).csv
3,2,1,2,1,4.87,4870,-1.0,9.33,1.63,9.524,0.0087,-0.0305,-0.3338,3.31,82.31,338.31,-1.2617,9.3857,1.1383,9.5383,P003_Barbell_Bench_Press_Uncontrolled_Movement_1_025 (1).csv
3,2,1,2,1,5.001,5001,-0.82,10.1,1.15,10.1983,-0.0185,-0.0076,0.0676,4.25,82.44,337.44,-1.2035,9.4798,1.1398,9.6236,P003_Barbell_Bench_Press_Uncontrolled_Movement_1_025 (1).csv
3,2,1,2,1,5.132,5132,-0.95,9.43,1.48,9.5926,0.0382,-0.0273,-0.0382,3.69,82.13,338.13,-1.1701,9.4732,1.1846,9.6185,P003_Barbell_Bench_Press_Uncontrolled_Movement_1_025 (1).csv
3,2,1,2,1,5.267,5267,-1.1,9.13,1.29,9.2861,-0.0229,-0.0589,-0.1353,4.69,82.25,337.44,-1.1609,9.428,1.1985,9.5745,P003_Barbell_Bench_Press_Uncontrolled_Movement_1_025 (1).csv
3,2,1,2,1,5.44,5440,-0.61,9.64,1.22,9.736,-0.012,-0.0371,0.2193,4.38,82.5,338.25,-1.0883,9.4559,1.2013,9.5939,P003_Barbell_Bench_Press_Uncontrolled_Movement_1_025 (1).csv
3,2,1,2,1,5.57,5570,-1.55,8.95,0.74,9.1133,-0.0305,-0.0513,-0.1865,4.44,82.44,338.56,-1.1491,9.3893,1.1406,9.5278,P003_Barbell_Bench_Press_Uncontrolled_Movement_1_025 (1).csv
3,2,1,2,1,5.7,5700,-0.6,9.37,1.04,9.4466,-0.06,-0.0284,-0.048,4.81,82.88,338.44,-1.0768,9.3867,1.1273,9.5153,P003_Barbell_Bench_Press_Uncontrolled_Movement_1_025 (1).csv
3,2,1,2,1,5.83,5830,0.31,9.58,1.12,9.6502,-0.0098,0.0065,0.4003,3.31,82.94,340.0,-0.894,9.4122,1.1263,9.5214,P003_Barbell_Bench_Press_Uncontrolled_Movement_1_025 (1).csv
3,2,1,2,1,5.96,5960,-2.62,8.78,1.5,9.2845,-0.0196,-0.0589,-0.6414,4.06,83.06,339.44,-1.1215,9.3289,1.1756,9.4693,P003_Barbell_Bench_Press_Uncontrolled_Movement_1_025 (1).csv
3,2,1,2,1,6.091,6091,-1.13,10.08,0.82,10.1762,0.0415,-0.0229,-0.2094,4.75,83.06,338.81,-1.1226,9.4279,1.1287,9.5613,P003_Barbell_Bench_Press_Uncontrolled_Movement_1_025 (1).csv
3,2,1,2,1,6.221,6221,0.14,9.22,1.56,9.3521,0.012,0.0469,0.5705,2.44,82.94,340.94,-0.9562,9.4005,1.1856,9.5231,P003_Barbell_Bench_Press_Uncontrolled_Movement_1_025 (1).csv
3,2,1,2,1,6.352,6352,0.05,10.81,0.15,10.8112,-0.1353,0.0142,-0.0229,-0.06,83.38,343.25,-0.8236,9.5862,1.0491,9.6786,P003_Barbell_Bench_Press_Uncontrolled_Movement_1_025 (1).csv
3,2,1,2,1,6.525,6525,-0.62,9.99,0.27,10.0129,-0.0207,0.0807,0.6032,0.13,83.94,342.75,-0.7968,9.6394,0.9464,9.7185,P003_Barbell_Bench_Press_Uncontrolled_Movement_1_025 (1).csv
3,2,1,2,1,6.655,6655,-0.83,9.42,1.49,9.5732,0.0316,-0.0633,-0.3709,-2.88,83.88,345.56,-0.8012,9.6105,1.0181,9.6974,P003_Barbell_Bench_Press_Uncontrolled_Movement_1_025 (1).csv
3,2,1,2,1,6.786,6786,2.31,9.66,1.5,10.045,0.1014,-0.0273,0.5236,-4.31,83.31,347.25,-0.3912,9.617,1.0816,9.6856,P003_Barbell_Bench_Press_Uncontrolled_Movement_1_025 (1).csv
3,2,1,2,1,6.916,6916,-2.23,9.84,0.89,10.1287,-0.0022,-0.0971,-0.2978,-4.63,83.13,348.13,-0.6335,9.6464,1.0563,9.7247,P003_Barbell_Bench_Press_Uncontrolled_Movement_1_025 (1).csv
3,2,1,2,1,7.047,7047,1.22,9.6,0.79,9.7094,0.0262,-0.0185,0.2149,-6.19,82.81,349.94,-0.3893,9.6403,1.0212,9.702,P003_Barbell_Bench_Press_Uncontrolled_Movement_1_025 (1).csv
3,2,1,2,1,7.178,7178,1.46,9.54,1.25,9.7317,0.1134,0.0436,0.3022,-7.75,82.31,351.31,-0.1456,9.6271,1.0514,9.6854,P003_Barbell_Bench_Press_Uncontrolled_Movement_1_025 (1).csv
3,2,1,2,1,7.311,7311,1.13,9.87,1.23,10.0103,-0.0207,0.024,-0.1276,-9.0,82.19,352.19,0.0225,9.6591,1.0749,9.7187,P003_Barbell_Bench_Press_Uncontrolled_Movement_1_025 (1).csv
3,2,1,2,1,7.442,7442,2.66,9.55,2.2,10.1547,-0.012,0.036,-0.0513,-8.88,82.44,351.75,0.3701,9.6447,1.2232,9.729,P003_Barbell_Bench_Press_Uncontrolled_Movement_1_025 (1).csv
3,2,1,2,1,7.616,7616,0.97,9.71,1.34,9.8499,-0.0774,0.0447,0.0415,-7.81,82.81,350.5,0.4491,9.6533,1.2386,9.7428,P003_Barbell_Bench_Press_Uncontrolled_Movement_1_025 (1).csv
3,2,1,2,1,7.746,7746,0.81,10.63,1.05,10.7124,-0.0545,0.0393,-0.1691,-7.25,83.38,349.69,0.4967,9.782,1.2137,9.8695,P003_Barbell_Bench_Press_Uncontrolled_Movement_1_025 (1).csv
3,2,1,2,1,7.877,7877,0.75,8.99,0.62,9.0425,-0.0458,0.0382,-0.0873,-6.81,83.69,348.94,0.5301,9.6777,1.1355,9.7584,P003_Barbell_Bench_Press_Uncontrolled_Movement_1_025 (1).csv
3,2,1,2,1,8.007,8007,1.32,10.2,1.08,10.3416,-0.0098,0.024,0.1604,-7.19,84.0,349.06,0.6342,9.7465,1.1282,9.832,P003_Barbell_Bench_Press_Uncontrolled_Movement_1_025 (1).csv
3,2,1,2,1,8.137,8137,1.98,9.54,1.21,9.8182,0.0382,-0.0316,0.0,-8.25,83.88,350.13,0.8115,9.7193,1.139,9.8194,P003_Barbell_Bench_Press_Uncontrolled_Movement_1_025 (1).csv
3,2,1,2,1,8.268,8268,0.7,9.52,0.84,9.5826,0.0436,-0.0633,-0.2694,-7.19,83.5,349.44,0.7968,9.693,1.0996,9.7877,P003_Barbell_Bench_Press_Uncontrolled_Movement_1_025 (1).csv
3,2,1,2,1,8.398,8398,1.12,8.76,1.2,8.9125,-0.0153,0.0153,0.216,-7.69,83.44,350.06,0.8394,9.5701,1.1128,9.671,P003_Barbell_Bench_Press_Uncontrolled_Movement_1_025 (1).csv
3,2,1,2,1,8.529,8529,1.13,10.51,0.99,10.6168,-0.0458,0.0295,-0.132,-7.88,83.5,350.13,0.8777,9.6939,1.0966,9.7952,P003_Barbell_Bench_Press_Uncontrolled_Movement_1_025 (1).csv
3,2,1,2,1,8.702,8702,1.96,10.52,1.38,10.7896,-0.0185,0.1178,0.2607,-9.63,83.63,351.13,1.0203,9.8028,1.134,9.9208,P003_Barbell_Bench_Press_Uncontrolled_Movement_1_025 (1).csv
3,2,1,2,1,8.833,8833,0.97,10.21,1.4,10.3511,-0.0164,0.0993,-0.2542,-10.5,83.94,351.13,1.0137,9.8564,1.169,9.9772,P003_Barbell_Bench_Press_Uncontrolled_Movement_1_025 (1).csv
3,3,1,2,1,8.963,8963,2.69,9.53,0.76,9.9315,-0.0938,0.048,-0.1396,-11.81,84.63,351.81,1.2346,9.8134,1.1151,9.9534,P003_Barbell_Bench_Press_Uncontrolled_Movement_1_025 (1).csv
3,3,1,2,1,9.094,9094,1.12,8.43,0.81,8.5426,0.0011,-0.0142,-0.1254,-9.81,85.13,349.88,1.2195,9.6311,1.0749,9.7674,P003_Barbell_Bench_Press_Uncontrolled_Movement_1_025 (1).csv
3,3,1,2,1,9.224,9224,3.3,10.74,1.13,11.2922,0.0894,-0.0545,0.3469,-10.75,84.69,351.06,1.4936,9.7772,1.0822,9.9497,P003_Barbell_Bench_Press_Uncontrolled_Movement_1_025 (1).csv
3,3,1,2,1,9.357,9357,2.64,7.59,2.01,8.2836,0.0927,0.0055,1.0003,-6.69,84.31,347.75,1.6447,9.489,1.2044,9.7055,P003_Barbell_Bench_Press_Uncontrolled_Movement_1_025 (1).csv
3,3,1,2,1,9.488,9488,1.57,9.51,-0.13,9.6396,-0.036,-0.0535,0.0185,-8.56,84.19,350.0,1.6349,9.4918,1.0286,9.6863,P003_Barbell_Bench_Press_Uncontrolled_Movement_1_025 (1).csv
3,3,1,2,1,9.622,9622,0.23,10.59,-0.15,10.5936,-0.1396,0.0044,0.1407,-8.13,84.88,349.75,1.4497,9.6365,0.8733,9.784,P003_Barbell_Bench_Press_Uncontrolled_Movement_1_025 (1).csv
3,3,1,2,1,9.795,9795,-3.74,6.33,0.33,7.3597,-0.1462,-0.0305,-1.1236,0.31,86.19,341.75,0.7659,9.2008,0.8017,9.2674,P003_Barbell_Bench_Press_Uncontrolled_Movement_1_025 (1).csv
3,3,1,2,1,9.925,9925,0.72,10.98,0.87,11.0379,0.2574,-0.0011,-0.5345,-3.0,85.44,344.31,0.7598,9.4352,0.8107,9.5004,P003_Barbell_Bench_Press_Uncontrolled_Movement_1_025 (1).csv
3,3,1,2,1,10.055,10055,0.28,9.69,0.57,9.7108,0.1309,0.1276,0.54,-0.88,84.19,341.69,0.6966,9.4688,0.779,9.5263,P003_Barbell_Bench_Press_Uncontrolled_Movement_1_025 (1).csv
3,3,1,2,1,10.185,10185,-0.4,8.28,1.51,8.4261,-0.0153,0.096,-0.0545,-0.5,84.13,340.69,0.5521,9.3122,0.8753,9.3695,P003_Barbell_Bench_Press_Uncontrolled_Movement_1_025 (1).csv
3,3,1,2,1,10.315,10315,2.52,11.62,-0.01,11.8901,0.0338,0.1189,0.624,-2.44,84.06,341.81,0.8114,9.6163,0.7586,9.6802,P003_Barbell_Bench_Press_Uncontrolled_Movement_1_025 (1).csv
3,3,1,2,1,10.445,10445,-0.99,8.43,0.83,8.5284,0.0927,0.0535,-0.0818,-3.13,83.13,342.0,0.574,9.46,0.768,9.5084,P003_Barbell_Bench_Press_Uncontrolled_Movement_1_025 (1).csv
3,3,1,2,1,10.576,10576,1.5,10.16,1.3,10.3521,0.0338,-0.0295,-0.1527,-4.13,83.06,342.81,0.696,9.5522,0.8381,9.6141,P003_Barbell_Bench_Press_Uncontrolled_Movement_1_025 (1).csv
3,3,1,2,1,10.706,10706,0.27,9.53,1.12,9.5994,0.0,-0.0425,0.2574,-3.81,82.94,342.75,0.6399,9.5493,0.8753,9.6106,P003_Barbell_Bench_Press_Uncontrolled_Movement_1_025 (1).csv
3,3,1,2,1,10.879,10879,0.45,9.06,1.6,9.2112,-0.0371,-0.0894,-0.0894,-3.63,82.88,343.31,0.6149,9.4848,0.9708,9.5542,P003_Barbell_Bench_Press_Uncontrolled_Movement_1_025 (1).csv
3,3,1,2,1,11.01,11010,0.08,9.53,1.28,9.6159,-0.0055,-0.0698,0.1134,-3.5,82.75,343.75,0.5444,9.4908,1.0115,9.56,P003_Barbell_Bench_Press_Uncontrolled_Movement_1_025 (1).csv
3,3,1,2,1,11.141,11141,1.09,9.22,0.87,9.3249,0.0076,-0.0425,0.1865,-4.38,82.63,345.13,0.6163,9.4551,0.9929,9.527,P003_Barbell_Bench_Press_Uncontrolled_Movement_1_025 (1).csv
3,3,1,2,1,11.271,11271,0.46,7.73,1.33,7.8571,-0.0818,-0.024,-0.2116,-3.19,83.0,344.25,0.5957,9.2278,1.0373,9.305,P003_Barbell_Bench_Press_Uncontrolled_Movement_1_025 (1).csv
3,3,1,2,1,11.402,11402,0.69,11.13,-0.24,11.154,-0.1865,0.0971,0.9468,-5.0,83.88,345.94,0.6081,9.4784,0.869,9.5376,P003_Barbell_Bench_Press_Uncontrolled_Movement_1_025 (1).csv
3,3,1,2,1,11.532,11532,1.82,9.54,1.88,9.8923,0.0873,-0.0207,-0.1909,-7.5,84.25,348.25,0.7678,9.4865,1.0022,9.5702,P003_Barbell_Bench_Press_Uncontrolled_Movement_1_025 (1).csv
3,3,1,2,1,11.666,11666,2.62,9.56,0.25,9.9157,-0.0262,-0.0011,0.3469,-7.56,84.13,348.38,1.0119,9.4962,0.9031,9.5926,P003_Barbell_Bench_Press_Uncontrolled_Movement_1_025 (1).csv
3,3,1,2,1,11.797,11797,1.13,8.49,0.64,8.5887,0.0535,-0.0131,0.2749,-9.13,83.75,350.06,1.0275,9.3636,0.8684,9.4598,P003_Barbell_Bench_Press_Uncontrolled_Movement_1_025 (1).csv
3,3,1,2,1,11.971,11971,0.36,8.97,0.45,8.9885,-0.0764,0.0284,0.3098,-11.0,84.38,352.0,0.9395,9.3118,0.8133,9.3943,P003_Barbell_Bench_Press_Uncontrolled_Movement_1_025 (1).csv
3,3,1,2,1,12.101,12101,2.44,10.06,0.58,10.3679,0.0654,-0.0022,0.2334,-12.81,84.44,353.81,1.1372,9.4104,0.7825,9.5111,P003_Barbell_Bench_Press_Uncontrolled_Movement_1_025 (1).csv
3,3,1,2,1,12.232,12232,3.16,10.26,1.28,10.8116,-0.0273,0.0044,0.1778,-14.56,84.13,355.5,1.4038,9.5223,0.8481,9.6625,P003_Barbell_Bench_Press_Uncontrolled_Movement_1_025 (1).csv
3,3,1,2,1,12.362,12362,2.56,9.01,2.01,9.5799,0.0469,-0.012,0.0033,-13.06,84.13,354.19,1.5561,9.4548,1.0012,9.6342,P003_Barbell_Bench_Press_Uncontrolled_Movement_1_025 (1).csv
3,3,1,2,1,12.493,12493,2.18,9.89,1.07,10.1838,-0.048,0.0022,-0.264,-12.25,84.25,353.44,1.6383,9.5122,1.0103,9.7049,P003_Barbell_Bench_Press_Uncontrolled_Movement_1_025 (1).csv
3,3,1,2,1,12.623,12623,1.32,9.54,0.77,9.6616,-0.0109,0.024,-0.1953,-10.38,84.44,351.5,1.5964,9.5158,0.9786,9.6983,P003_Barbell_Bench_Press_Uncontrolled_Movement_1_025 (1).csv
3,3,1,2,1,12.753,12753,1.22,10.37,0.52,10.4545,0.0273,0.0513,0.0851,-9.5,84.5,350.38,1.5468,9.6284,0.9182,9.795,P003_Barbell_Bench_Press_Uncontrolled_Movement_1_025 (1).csv
3,3,1,2,1,12.884,12884,1.02,9.77,0.79,9.8548,0.0742,-0.0044,-0.1582,-10.56,84.0,351.13,1.4774,9.647,0.9013,9.801,P003_Barbell_Bench_Press_Uncontrolled_Movement_1_025 (1).csv
3,3,1,2,1,13.057,13057,1.7,9.65,1.09,9.859,0.0109,0.0229,-0.0633,-10.81,83.88,351.06,1.5067,9.6474,0.9262,9.8082,P003_Barbell_Bench_Press_Uncontrolled_Movement_1_025 (1).csv
3,3,1,2,1,13.187,13187,1.71,9.66,1.12,9.8739,0.0251,0.0022,-0.0109,-10.31,83.63,350.5,1.5335,9.6491,0.9517,9.8164,P003_Barbell_Bench_Press_Uncontrolled_Movement_1_025 (1).csv
3,3,1,2,1,13.317,13317,1.43,9.71,1.11,9.8773,-0.0011,-0.0131,0.0098,-10.31,83.56,350.5,1.5199,9.6571,0.9726,9.8242,P003_Barbell_Bench_Press_Uncontrolled_Movement_1_025 (1).csv
3,3,1,2,1,13.447,13447,1.94,9.59,1.03,9.8383,0.0033,-0.012,0.204,-11.56,83.44,351.81,1.5752,9.6483,0.9801,9.825,P003_Barbell_Bench_Press_Uncontrolled_Movement_1_025 (1).csv
3,3,1,2,1,13.577,13577,2.17,9.6,1.43,9.9455,-0.0393,0.0065,0.1876,-12.63,83.69,352.94,1.6536,9.6419,1.0394,9.8377,P003_Barbell_Bench_Press_Uncontrolled_Movement_1_025 (1).csv
3,3,1,2,1,13.707,13707,2.47,10.17,1.16,10.5297,-0.0556,-0.0382,-0.0764,-14.0,84.19,354.44,1.7612,9.7115,1.0553,9.9262,P003_Barbell_Bench_Press_Uncontrolled_Movement_1_025 (1).csv
3,3,1,2,1,13.837,13837,1.0,7.68,0.33,7.7519,-0.0938,-0.0742,-0.1909,-12.75,84.69,353.81,1.6609,9.4438,0.9597,9.6366,P003_Barbell_Bench_Press_Uncontrolled_Movement_1_025 (1).csv
3,3,1,2,1,13.968,13968,5.46,11.53,0.67,12.775,-0.0894,-0.0273,0.2531,-14.38,85.25,355.69,2.1615,9.7187,0.9215,9.9987,P003_Barbell_Bench_Press_Uncontrolled_Movement_1_025 (1).csv
3,3,1,2,1,14.141,14141,1.47,9.03,0.77,9.1812,0.0109,-0.0196,0.0611,-11.44,85.38,353.44,2.0704,9.628,0.9016,9.8892,P003_Barbell_Bench_Press_Uncontrolled_Movement_1_025 (1).csv
3,3,1,2,1,14.274,14274,3.44,10.29,0.87,10.8846,-0.0502,-0.0654,-0.4243,-11.06,85.38,353.31,2.2509,9.7152,0.8974,10.0128,P003_Barbell_Bench_Press_Uncontrolled_Movement_1_025 (1).csv
3,4,1,2,1,14.405,14405,2.65,9.4,0.37,9.7734,-0.0665,-0.0316,-0.2705,-7.25,85.56,350.0,2.3035,9.6737,0.8279,9.9785,P003_Barbell_Bench_Press_Uncontrolled_Movement_1_025 (1).csv
3,4,1,2,1,14.539,14539,-4.53,9.49,0.87,10.5517,0.084,-0.084,-0.925,-3.13,85.38,346.25,1.403,9.6495,0.8335,9.7865,P003_Barbell_Bench_Press_Uncontrolled_Movement_1_025 (1).csv
3,4,1,2,1,14.67,14670,-0.24,8.78,0.33,8.7895,0.1211,-0.0524,-0.8236,-1.06,84.44,344.31,1.1865,9.5349,0.7671,9.639,P003_Barbell_Bench_Press_Uncontrolled_Movement_1_025 (1).csv
3,4,1,2,1,14.801,14801,-0.85,12.63,-0.07,12.6588,-0.0327,0.0796,-0.1669,-0.5,84.44,343.31,0.9181,9.9427,0.6568,10.0066,P003_Barbell_Bench_Press_Uncontrolled_Movement_1_025 (1).csv
3,4,1,2,1,14.931,14931,-2.78,5.06,1.05,5.8681,0.0109,0.1909,1.6624,5.88,84.63,337.0,0.4308,9.2993,0.7086,9.3362,P003_Barbell_Bench_Press_Uncontrolled_Movement_1_025 (1).csv
3,4,1,2,1,15.061,15061,-0.23,12.86,-0.17,12.8632,0.0905,0.0654,-0.0807,-1.75,84.44,343.63,0.3437,9.7685,0.5928,9.7925,P003_Barbell_Bench_Press_Uncontrolled_Movement_1_025 (1).csv
3,4,1,2,1,15.234,15234,-1.75,8.92,1.5,9.213,0.0916,0.1189,0.8498,0.94,84.38,340.5,0.0678,9.6567,0.7124,9.6832,P003_Barbell_Bench_Press_Uncontrolled_Movement_1_025 (1).csv
3,4,1,2,1,15.365,15365,0.99,9.64,1.12,9.7552,0.0284,-0.0076,-0.4145,-1.19,84.31,342.25,0.1893,9.6545,0.7661,9.6867,P003_Barbell_Bench_Press_Uncontrolled_Movement_1_025 (1).csv
3,4,1,2,1,15.495,15495,1.42,9.83,0.7,9.9567,-0.0175,0.0338,0.5749,-0.81,84.13,341.88,0.3515,9.6776,0.7574,9.7136,P003_Barbell_Bench_Press_Uncontrolled_Movement_1_025 (1).csv
3,4,1,2,1,15.626,15626,0.66,9.41,1.14,9.5018,0.0131,-0.0502,0.036,-2.0,83.94,343.19,0.3922,9.6424,0.8078,9.6841,P003_Barbell_Bench_Press_Uncontrolled_Movement_1_025 (1).csv
3,4,1,2,1,15.757,15757,0.1,9.61,0.86,9.6489,0.0011,-0.0644,0.0371,-1.5,84.06,343.19,0.3537,9.6381,0.8147,9.6789,P003_Barbell_Bench_Press_Uncontrolled_Movement_1_025 (1).csv
3,4,1,2,1,15.887,15887,0.03,9.71,0.74,9.7382,-0.0022,-0.084,-0.0796,-1.63,84.0,343.81,0.311,9.6476,0.8048,9.6861,P003_Barbell_Bench_Press_Uncontrolled_Movement_1_025 (1).csv
3,4,1,2,1,16.018,16018,0.63,9.47,0.77,9.5221,0.0044,-0.048,0.1953,-2.38,83.94,345.06,0.353,9.6242,0.8002,9.6638,P003_Barbell_Bench_Press_Uncontrolled_Movement_1_025 (1).csv
3,4,1,2,1,16.148,16148,-0.22,9.52,1.05,9.5803,-0.048,-0.0502,-0.1898,-2.56,84.13,345.56,0.2775,9.6104,0.8332,9.6505,P003_Barbell_Bench_Press_Uncontrolled_Movement_1_025 (1).csv
3,4,1,2,1,16.321,16321,-0.55,8.12,0.57,8.1585,0.0185,0.0447,0.6578,-2.19,84.13,345.5,0.1685,9.414,0.7985,9.4494,P003_Barbell_Bench_Press_Uncontrolled_Movement_1_025 (1).csv
3,4,1,2,1,16.455,16455,0.44,9.09,-0.07,9.1009,-0.2869,0.036,-0.2149,-1.69,85.75,344.88,0.2043,9.3713,0.684,9.3985,P003_Barbell_Bench_Press_Uncontrolled_Movement_1_025 (1).csv
3,4,1,2,1,16.586,16586,4.48,11.48,1.97,12.4797,0.012,0.1331,0.9599,-4.06,87.0,346.63,0.7677,9.6492,0.8535,9.7173,P003_Barbell_Bench_Press_Uncontrolled_Movement_1_025 (1).csv
3,4,1,2,1,16.717,16717,-3.66,9.86,0.49,10.5288,0.3545,0.0589,0.4222,-5.38,85.0,347.44,0.1842,9.677,0.8056,9.7122,P003_Barbell_Bench_Press_Uncontrolled_Movement_1_025 (1).csv
3,4,1,2,1,16.847,16847,1.3,7.64,0.89,7.8007,0.0873,-0.0098,-0.6305,-4.44,83.0,346.25,0.3313,9.4086,0.8167,9.4498,P003_Barbell_Bench_Press_Uncontrolled_Movement_1_025 (1).csv
3,4,1,2,1,16.978,16978,-0.67,8.76,1.96,9.0016,0.108,0.1113,0.5465,-3.13,82.44,344.56,0.1993,9.3231,0.9674,9.3753,P003_Barbell_Bench_Press_Uncontrolled_Movement_1_025 (1).csv
3,4,1,2,1,17.108,17108,-2.07,10.41,0.9,10.6519,0.1014,0.0349,0.1429,-6.13,81.81,347.0,-0.0997,9.4663,0.9585,9.5153,P003_Barbell_Bench_Press_Uncontrolled_Movement_1_025 (1).csv
3,4,1,2,1,17.239,17239,1.99,10.42,1.66,10.7374,0.1211,0.0185,0.1473,-8.88,81.0,349.31,0.1757,9.592,1.0509,9.651,P003_Barbell_Bench_Press_Uncontrolled_Movement_1_025 (1).csv
3,4,1,2,1,17.412,17412,1.28,8.51,1.66,8.7644,0.0938,-0.0545,-0.1604,-8.5,80.19,349.0,0.3212,9.4494,1.1312,9.5223,P003_Barbell_Bench_Press_Uncontrolled_Movement_1_025 (1).csv
3,4,1,2,1,17.542,17542,1.54,9.1,1.13,9.2983,-0.0611,-0.0382,0.2367,-9.69,79.94,350.5,0.4818,9.4034,1.131,9.4834,P003_Barbell_Bench_Press_Uncontrolled_Movement_1_025 (1).csv
3,4,1,2,1,17.673,17673,3.46,10.3,1.39,10.9542,-0.168,-0.0229,0.084,-11.5,80.69,352.63,0.8742,9.5215,1.1652,9.6323,P003_Barbell_Bench_Press_Uncontrolled_Movement_1_025 (1).csv
3,4,1,2,1,17.803,17803,0.91,9.86,1.71,10.0485,-0.1353,-0.048,-0.18,-9.44,82.0,351.13,0.879,9.5661,1.237,9.6857,P003_Barbell_Bench_Press_Uncontrolled_Movement_1_025 (1).csv
3,4,1,2,1,17.936,17936,1.24,10.13,0.72,10.231,0.0153,-0.0545,-0.0305,-9.19,82.19,351.31,0.9265,9.6404,1.1688,9.7551,P003_Barbell_Bench_Press_Uncontrolled_Movement_1_025 (1).csv
3,4,1,2,1,18.067,18067,1.18,10.25,1.09,10.3751,0.0251,0.0175,0.0305,-9.25,81.94,351.44,0.9599,9.7208,1.1584,9.8365,P003_Barbell_Bench_Press_Uncontrolled_Movement_1_025 (1).csv
3,4,1,2,1,18.201,18201,1.47,10.28,1.27,10.4619,0.0338,0.0731,0.0295,-9.94,81.81,351.69,1.0271,9.7945,1.1731,9.9178,P003_Barbell_Bench_Press_Uncontrolled_Movement_1_025 (1).csv
3,4,1,2,1,18.332,18332,1.7,9.88,1.46,10.1309,0.024,0.0949,0.1985,-11.06,81.75,352.13,1.1158,9.8057,1.2109,9.943,P003_Barbell_Bench_Press_Uncontrolled_Movement_1_025 (1).csv
3,4,1,2,1,18.505,18505,2.56,9.97,1.9,10.4673,-0.0796,0.1124,0.2945,-13.0,82.44,353.25,1.3061,9.8274,1.3017,9.9989,P003_Barbell_Bench_Press_Uncontrolled_Movement_1_025 (1).csv
3,5,1,2,1,18.638,18638,3.33,9.32,1.07,9.9547,-0.0709,0.0229,-0.048,-14.94,83.06,354.81,1.5728,9.7605,1.2712,9.9678,P003_Barbell_Bench_Press_Uncontrolled_Movement_1_025 (1).csv
3,5,1,2,1,18.769,18769,1.78,9.41,0.53,9.5915,-0.2029,0.0251,-0.1353,-13.5,84.31,353.44,1.6001,9.7143,1.1735,9.9149,P003_Barbell_Bench_Press_Uncontrolled_Movement_1_025 (1).csv
3,5,1,2,1,18.903,18903,2.1,9.75,1.04,10.0277,-0.1364,-0.0076,-0.1756,-13.44,85.44,353.44,1.666,9.719,1.1559,9.9283,P003_Barbell_Bench_Press_Uncontrolled_Movement_1_025 (1).csv
3,5,1,2,1,19.034,19034,2.29,9.45,0.89,9.7642,-0.048,-0.0513,-0.4418,-12.25,86.0,352.56,1.7482,9.6836,1.1209,9.9038,P003_Barbell_Bench_Press_Uncontrolled_Movement_1_025 (1).csv
3,5,1,2,1,19.165,19165,1.12,10.45,0.46,10.5199,0.06,-0.0404,0.3054,-11.06,85.81,351.63,1.6654,9.7846,1.0338,9.979,P003_Barbell_Bench_Press_Uncontrolled_Movement_1_025 (1).csv
3,5,1,2,1,19.295,19295,-0.52,7.77,-0.14,7.7886,0.228,-0.1233,-0.1734,-8.63,84.5,349.94,1.3774,9.5191,0.8791,9.6583,P003_Barbell_Bench_Press_Uncontrolled_Movement_1_025 (1).csv
3,5,1,2,1,19.425,19425,-2.58,5.32,0.8,5.9665,0.0175,-0.2553,-1.9995,-1.81,84.06,344.19,0.856,8.9658,0.8687,9.0483,P003_Barbell_Bench_Press_Uncontrolled_Movement_1_025 (1).csv
3,5,1,2,1,19.598,19598,0.0,12.64,-0.18,12.6413,-0.0731,-0.0142,0.5258,-5.5,83.81,348.13,0.7432,9.4499,0.7305,9.5072,P003_Barbell_Bench_Press_Uncontrolled_Movement_1_025 (1).csv
3,5,1,2,1,19.729,19729,0.25,7.29,1.7,7.4898,0.06,-0.0676,-0.564,-5.88,83.81,348.69,0.6782,9.1653,0.8583,9.2304,P003_Barbell_Bench_Press_Uncontrolled_Movement_1_025 (1).csv
3,5,1,2,1,19.859,19859,0.03,10.58,0.76,10.6073,-0.0742,-0.0033,0.0175,-6.5,84.13,349.38,0.5928,9.3517,0.8453,9.4086,P003_Barbell_Bench_Press_Uncontrolled_Movement_1_025 (1).csv
3,5,1,2,1,19.991,19991,2.33,9.27,0.96,9.6064,0.0415,-0.012,0.0949,-7.56,84.19,350.38,0.8217,9.341,0.8604,9.4164,P003_Barbell_Bench_Press_Uncontrolled_Movement_1_025 (1).csv
3,5,1,2,1,20.122,20122,1.44,9.27,1.03,9.4376,0.0415,-0.0153,0.0076,-7.75,83.81,350.69,0.9032,9.3316,0.8828,9.4167,P003_Barbell_Bench_Press_Uncontrolled_Movement_1_025 (1).csv
3,5,1,2,1,20.257,20257,1.7,9.32,0.86,9.5127,0.0153,0.0076,-0.0425,-7.5,83.81,350.44,1.0082,9.3301,0.8798,9.4255,P003_Barbell_Bench_Press_Uncontrolled_Movement_1_025 (1).csv
3,5,1,2,1,20.388,20388,1.18,9.72,1.16,9.8598,0.0491,0.0436,0.2411,-8.06,83.56,350.81,1.0308,9.3815,0.9167,9.4823,P003_Barbell_Bench_Press_Uncontrolled_Movement_1_025 (1).csv
3,5,1,2,1,20.519,20519,2.28,9.74,0.79,10.0344,0.0153,0.0404,0.1036,-9.0,83.31,351.44,1.1954,9.4287,0.9,9.5467,P003_Barbell_Bench_Press_Uncontrolled_Movement_1_025 (1).csv
3,5,1,2,1,20.691,20691,2.14,8.88,1.17,9.2088,0.1124,0.0535,0.4701,-9.5,82.81,351.56,1.3199,9.3564,0.9356,9.4952,P003_Barbell_Bench_Press_Uncontrolled_Movement_1_025 (1).csv
3,5,1,2,1,20.822,20822,1.39,7.68,1.33,7.9173,0.1178,0.048,0.408,-11.56,82.06,353.25,1.3291,9.1355,0.9876,9.2843,P003_Barbell_Bench_Press_Uncontrolled_Movement_1_025 (1).csv
3,5,1,2,1,20.952,20952,2.8,9.36,0.92,9.8131,-0.0338,0.0055,-0.1484,-14.88,81.75,356.25,1.523,9.1651,0.9787,9.3422,P003_Barbell_Bench_Press_Uncontrolled_Movement_1_025 (1).csv
3,5,1,2,1,21.083,21083,2.14,8.65,2.49,9.2521,0.0862,-0.0153,-0.1516,-14.44,82.0,355.75,1.6043,9.0972,1.1778,9.3124,P003_Barbell_Bench_Press_Uncontrolled_Movement_1_025 (1).csv
3,5,1,2,1,21.213,21213,3.28,9.71,0.74,10.2757,0.0589,0.0044,0.4974,-16.13,81.19,357.38,1.8251,9.178,1.1201,9.4245,P003_Barbell_Bench_Press_Uncontrolled_Movement_1_025 (1).csv
3,5,1,2,1,21.344,21344,3.76,9.08,1.08,9.8869,-0.0273,0.0011,-0.0873,-17.88,80.88,359.06,2.0801,9.165,1.1148,9.464,P003_Barbell_Bench_Press_Uncontrolled_Movement_1_025 (1).csv
3,5,1,2,1,21.475,21475,3.52,10.41,1.87,11.147,-0.0022,-0.0033,0.0589,-18.25,81.06,359.38,2.2698,9.3291,1.2143,9.6777,P003_Barbell_Bench_Press_Uncontrolled_Movement_1_025 (1).csv
3,5,1,2,1,21.605,21605,1.45,7.84,1.27,8.0735,0.096,-0.0764,-0.2553,-16.63,80.44,358.06,2.1618,9.1329,1.2217,9.4644,P003_Barbell_Bench_Press_Uncontrolled_Movement_1_025 (1).csv
3,5,1,2,1,21.778,21778,0.72,8.26,2.13,8.5605,-0.0022,-0.0938,-0.4167,-16.94,80.13,358.81,1.9718,9.0179,1.3414,9.3279,P003_Barbell_Bench_Press_Uncontrolled_Movement_1_025 (1).csv
3,5,1,2,1,21.912,21912,2.06,9.13,1.5,9.479,-0.0393,-0.036,-0.1658,-15.38,80.63,357.81,1.9834,9.0326,1.3623,9.3476,P003_Barbell_Bench_Press_Uncontrolled_Movement_1_025 (1).csv
3,5,1,2,1,22.043,22043,1.82,10.36,1.15,10.5813,-0.0894,0.024,0.1025,-15.44,81.38,358.06,1.9619,9.2075,1.3343,9.5083,P003_Barbell_Bench_Press_Uncontrolled_Movement_1_025 (1).csv
3,5,1,2,1,22.174,22174,3.59,10.2,1.09,10.8681,-0.0338,0.0436,-0.5007,-15.13,81.88,357.38,2.1764,9.3383,1.3021,9.6766,P003_Barbell_Bench_Press_Uncontrolled_Movement_1_025 (1).csv
3,5,1,2,1,22.304,22304,1.55,9.25,1.53,9.5029,0.0731,0.0524,-0.2487,-12.13,81.94,354.0,2.0939,9.3267,1.3321,9.6512,P003_Barbell_Bench_Press_Uncontrolled_Movement_1_025 (1).csv
3,5,1,2,1,22.435,22435,1.83,10.63,1.15,10.8475,0.072,0.0251,-0.2018,-11.25,81.5,352.69,2.0591,9.4984,1.3081,9.8067,P003_Barbell_Bench_Press_Uncontrolled_Movement_1_025 (1).csv
3,5,1,2,1,22.565,22565,0.63,8.7,1.8,8.9066,0.0622,0.0087,-0.1516,-9.38,81.19,350.75,1.8708,9.3932,1.373,9.6756,P003_Barbell_Bench_Press_Uncontrolled_Movement_1_025 (1).csv
3,5,1,2,1,22.696,22696,2.04,10.3,1.42,10.5957,-0.0022,0.0175,0.2563,-11.06,81.06,352.19,1.8931,9.5127,1.3792,9.7968,P003_Barbell_Bench_Press_Uncontrolled_Movement_1_025 (1).csv
3,5,1,2,1,22.869,22869,2.7,9.77,1.72,10.2811,-0.0131,-0.0033,-0.0055,-12.56,81.19,353.63,1.9994,9.5466,1.4241,9.8572,P003_Barbell_Bench_Press_Uncontrolled_Movement_1_025 (1).csv
3,5,1,2,1,23.003,23003,1.95,9.66,1.68,9.997,0.0142,0.0022,0.228,-12.44,81.19,353.56,1.9929,9.5616,1.4578,9.8752,P003_Barbell_Bench_Press_Uncontrolled_Movement_1_025 (1).csv
3,5,1,2,1,23.133,23133,2.09,9.89,0.76,10.137,0.012,0.0,0.216,-13.94,81.06,355.13,2.0057,9.6048,1.3658,9.9066,P003_Barbell_Bench_Press_Uncontrolled_Movement_1_025 (1).csv
3,5,1,2,1,23.267,23267,2.23,9.52,1.66,9.9176,0.0469,-0.0251,-0.1025,-13.88,81.06,355.13,2.0353,9.5937,1.4046,9.9072,P003_Barbell_Bench_Press_Uncontrolled_Movement_1_025 (1).csv
3,5,1,2,1,23.398,23398,3.13,9.48,1.06,10.0395,0.0687,-0.0589,-0.3774,-14.13,80.44,355.44,2.1795,9.5787,1.3592,9.9171,P003_Barbell_Bench_Press_Uncontrolled_Movement_1_025 (1).csv
3,5,1,2,1,23.529,23529,2.22,11.24,1.11,11.5108,0.1571,-0.0229,0.1614,-13.63,79.81,354.88,2.1848,9.7976,1.3264,10.1255,P003_Barbell_Bench_Press_Uncontrolled_Movement_1_025 (1).csv
3,5,1,2,1,23.659,23659,-1.83,8.21,2.53,8.7837,-0.1385,0.048,-0.0524,-8.31,80.13,349.69,1.6558,9.5884,1.485,9.843,P003_Barbell_Bench_Press_Uncontrolled_Movement_1_025 (1).csv
3,5,1,2,1,23.789,23789,4.95,10.68,1.48,11.864,0.0469,-0.0393,-0.8978,-10.25,79.88,351.25,2.0899,9.7322,1.4843,10.0642,P003_Barbell_Bench_Press_Uncontrolled_Movement_1_025 (1).csv
3,5,1,2,1,23.962,23962,12.42,13.08,2.01,18.1489,-0.06,0.2225,2.3071,-8.5,80.81,349.13,3.4511,10.1734,1.5536,10.8546,P003_Barbell_Bench_Press_Uncontrolled_Movement_1_025 (1).csv
3,6,1,2,1,24.093,24093,-2.18,7.49,0.84,7.8459,-0.0622,-0.1505,-2.2678,-4.0,80.69,344.75,2.7091,9.8198,1.4596,10.2907,P003_Barbell_Bench_Press_Uncontrolled_Movement_1_025 (1).csv
3,6,1,2,1,24.223,24223,2.37,9.32,0.86,9.655,-0.1091,-0.0251,-0.24,-2.69,80.63,343.5,2.6644,9.7539,1.3805,10.2051,P003_Barbell_Bench_Press_Uncontrolled_Movement_1_025 (1).csv
3,6,1,2,1,24.354,24354,-3.49,9.09,1.15,9.8046,-0.0589,0.0382,0.5934,-1.38,81.94,342.25,1.8534,9.6664,1.3502,9.9347,P003_Barbell_Bench_Press_Uncontrolled_Movement_1_025 (1).csv
3,6,1,2,1,24.485,24485,-0.13,9.63,0.97,9.6796,-0.0611,-0.0316,0.0982,-3.38,82.56,344.25,1.5921,9.6616,1.3001,9.8779,P003_Barbell_Bench_Press_Uncontrolled_Movement_1_025 (1).csv
3,6,1,2,1,24.615,24615,1.94,10.21,0.57,10.4083,-0.0982,-0.0611,0.1189,-4.5,83.06,345.75,1.6379,9.7339,1.2039,9.9439,P003_Barbell_Bench_Press_Uncontrolled_Movement_1_025 (1).csv
3,6,1,2,1,24.746,24746,0.96,9.24,0.83,9.3267,-0.0458,-0.0894,0.0316,-4.31,83.31,346.19,1.5486,9.6688,1.1546,9.8599,P003_Barbell_Bench_Press_Uncontrolled_Movement_1_025 (1).csv
3,6,1,2,1,24.877,24877,1.21,10.32,0.38,10.3976,-0.06,-0.0905,0.0622,-5.19,83.5,347.75,1.504,9.7546,1.0525,9.9258,P003_Barbell_Bench_Press_Uncontrolled_Movement_1_025 (1).csv
3,6,1,2,1,25.051,25051,0.93,9.37,0.62,9.4364,-0.0513,-0.0687,-0.0491,-4.88,83.69,348.25,1.4283,9.7039,0.9955,9.8589,P003_Barbell_Bench_Press_Uncontrolled_Movement_1_025 (1).csv
3,6,1,2,1,25.184,25184,0.81,10.04,0.99,10.1212,0.0022,-0.0382,-0.0098,-5.0,83.81,348.75,1.3468,9.7482,0.9948,9.891,P003_Barbell_Bench_Press_Uncontrolled_Movement_1_025 (1).csv
3,6,1,2,1,25.314,25314,1.32,9.37,0.93,9.5081,-0.0044,-0.0098,0.0196,-5.13,83.75,349.06,1.3433,9.6984,0.9863,9.8405,P003_Barbell_Bench_Press_Uncontrolled_Movement_1_025 (1).csv
3,6,1,2,1,25.445,25445,0.86,9.75,1.02,9.8409,-0.0109,0.0251,0.0938,-5.31,83.88,349.25,1.2796,9.7052,0.9907,9.8392,P003_Barbell_Bench_Press_Uncontrolled_Movement_1_025 (1).csv
3,6,1,2,1,25.575,25575,1.19,9.71,0.82,9.817,0.0415,0.0436,0.1767,-6.13,83.88,349.75,1.2678,9.7058,0.9682,9.836,P003_Barbell_Bench_Press_Uncontrolled_Movement_1_025 (1).csv
3,6,1,2,1,25.706,25706,1.24,9.01,0.64,9.1174,-0.0131,0.0251,-0.0022,-6.69,83.81,350.06,1.2641,9.6141,0.925,9.7409,P003_Barbell_Bench_Press_Uncontrolled_Movement_1_025 (1).csv
3,6,1,2,1,25.836,25836,1.51,10.15,1.1,10.3205,0.0142,0.0153,0.1898,-6.75,83.88,350.0,1.2965,9.6847,0.948,9.817,P003_Barbell_Bench_Press_Uncontrolled_Movement_1_025 (1).csv
3,6,1,2,1,25.967,25967,2.13,8.76,1.82,9.1971,0.0916,-0.012,0.2476,-8.25,83.31,351.44,1.4064,9.5629,1.0629,9.724,P003_Barbell_Bench_Press_Uncontrolled_Movement_1_025 (1).csv
3,6,1,2,1,26.14,26140,-0.08,7.32,1.91,7.5655,-0.0185,-0.0535,-0.0622,-10.81,82.38,354.25,1.2105,9.2673,1.1746,9.4196,P003_Barbell_Bench_Press_Uncontrolled_Movement_1_025 (1).csv
3,6,1,2,1,26.27,26270,1.2,9.14,0.68,9.2435,-0.0142,0.0251,0.2411,-13.0,82.81,356.5,1.2091,9.2506,1.1094,9.395,P003_Barbell_Bench_Press_Uncontrolled_Movement_1_025 (1).csv
3,6,1,2,1,26.401,26401,6.03,10.22,1.73,11.9918,0.1974,0.0349,0.5072,-16.81,82.31,359.88,1.8444,9.3783,1.1912,9.6319,P003_Barbell_Bench_Press_Uncontrolled_Movement_1_025 (1).csv
3,6,1,2,1,26.531,26531,0.6,7.48,1.58,7.6686,0.0556,-0.0513,-0.4494,-16.44,81.44,359.44,1.6804,9.1282,1.2424,9.3643,P003_Barbell_Bench_Press_Uncontrolled_Movement_1_025 (1).csv
3,6,1,2,1,26.663,26663,2.73,9.26,0.55,9.6697,-0.0589,0.048,-0.0982,-16.81,81.44,359.56,1.8187,9.1455,1.1512,9.3954,P003_Barbell_Bench_Press_Uncontrolled_Movement_1_025 (1).csv
3,6,1,2,1,26.794,26794,3.42,9.94,2.51,10.8074,0.0927,0.0873,0.2694,-18.25,81.63,0.44,2.0297,9.2502,1.3302,9.5633,P003_Barbell_Bench_Press_Uncontrolled_Movement_1_025 (1).csv
3,6,1,2,1,26.929,26929,3.35,8.57,1.93,9.4017,0.0349,0.0044,-0.0753,-18.44,81.19,0.25,2.2037,9.1606,1.4093,9.5267,P003_Barbell_Bench_Press_Uncontrolled_Movement_1_025 (1).csv
3,6,1,2,1,27.06,27060,2.15,9.73,0.81,9.9976,-0.0229,-0.0109,0.0938,-17.94,80.94,359.75,2.1966,9.2356,1.3303,9.586,P003_Barbell_Bench_Press_Uncontrolled_Movement_1_025 (1).csv
3,6,1,2,1,27.233,27233,2.4,8.54,1.68,9.0285,-0.1473,-0.0622,-0.745,-13.31,82.13,355.88,2.2234,9.144,1.3764,9.5105,P003_Barbell_Bench_Press_Uncontrolled_Movement_1_025 (1).csv
3,6,1,2,1,27.364,27364,0.17,9.74,1.61,9.8736,-0.1702,-0.0589,-0.817,-6.81,83.56,349.94,1.9528,9.2225,1.4072,9.5314,P003_Barbell_Bench_Press_Uncontrolled_Movement_1_025 (1).csv
3,6,1,2,1,27.495,27495,1.78,12.17,0.63,12.3156,0.0382,0.0142,-0.012,-3.88,84.06,347.13,1.9301,9.6109,1.3048,9.8892,P003_Barbell_Bench_Press_Uncontrolled_Movement_1_025 (1).csv
3,6,1,2,1,27.625,27625,-0.46,8.51,1.07,8.5893,0.1931,0.0687,0.2051,-3.5,83.38,346.5,1.6151,9.4658,1.2738,9.6868,P003_Barbell_Bench_Press_Uncontrolled_Movement_1_025 (1).csv
3,6,1,2,1,27.756,27756,2.17,10.04,0.73,10.2977,0.0818,0.0774,0.1189,-6.5,82.5,348.81,1.6882,9.5415,1.2022,9.764,P003_Barbell_Bench_Press_Uncontrolled_Movement_1_025 (1).csv
3,6,1,2,1,27.886,27886,1.62,9.42,1.51,9.6768,0.0284,0.0971,0.4342,-8.25,82.06,349.94,1.6792,9.5255,1.2427,9.7519,P003_Barbell_Bench_Press_Uncontrolled_Movement_1_025 (1).csv
3,6,1,2,1,28.022,28022,2.38,9.43,1.42,9.8288,-0.0098,0.0545,0.6425,-11.94,82.0,353.13,1.7716,9.5129,1.2661,9.7589,P003_Barbell_Bench_Press_Uncontrolled_Movement_1_025 (1).csv
3,6,1,2,1,28.152,28152,3.09,9.2,1.48,9.8173,0.0153,-0.0153,-0.0709,-14.63,81.94,355.63,1.9453,9.4717,1.2943,9.7556,P003_Barbell_Bench_Press_Uncontrolled_Movement_1_025 (1).csv
3,6,1,2,1,28.325,28325,1.58,9.69,1.33,9.9076,0.0796,0.0371,0.4112,-13.75,81.94,354.88,1.8972,9.5004,1.299,9.7747,P003_Barbell_Bench_Press_Uncontrolled_Movement_1_025 (1).csv
3,6,1,2,1,28.455,28455,3.97,9.55,0.73,10.368,0.1036,0.0393,0.5651,-17.81,81.13,358.5,2.1703,9.507,1.224,9.8281,P003_Barbell_Bench_Press_Uncontrolled_Movement_1_025 (1).csv
3,6,1,2,1,28.585,28585,3.67,10.21,1.57,10.9626,0.0109,0.0327,0.0436,-19.0,80.81,359.44,2.3679,9.5996,1.2696,9.9685,P003_Barbell_Bench_Press_Uncontrolled_Movement_1_025 (1).csv
3,6,1,2,1,28.715,28715,3.4,9.62,2.04,10.4051,-0.0338,-0.0022,-0.3,-19.0,81.0,359.25,2.5039,9.6023,1.3711,10.0177,P003_Barbell_Bench_Press_Uncontrolled_Movement_1_025 (1).csv
3,7,1,2,1,28.846,28846,2.87,8.79,1.79,9.4183,-0.0295,0.0371,0.1647,-19.0,81.13,359.19,2.5522,9.4953,1.4263,9.9352,P003_Barbell_Bench_Press_Uncontrolled_Movement_1_025 (1).csv
3,7,1,2,1,28.976,28976,2.53,8.13,0.93,8.5652,0.0251,-0.0109,-0.1069,-19.5,81.06,359.56,2.5493,9.3154,1.3609,9.7533,P003_Barbell_Bench_Press_Uncontrolled_Movement_1_025 (1).csv
3,7,1,2,1,29.107,29107,2.96,11.17,0.83,11.5853,0.1254,-0.0491,-0.6,-21.0,80.94,0.75,2.6034,9.5597,1.291,9.9916,P003_Barbell_Bench_Press_Uncontrolled_Movement_1_025 (1).csv
3,7,1,2,1,29.237,29237,2.84,8.38,1.01,8.9056,-0.1047,-0.0993,-0.7123,-16.0,80.94,356.25,2.6346,9.4043,1.2539,9.8465,P003_Barbell_Bench_Press_Uncontrolled_Movement_1_025 (1).csv
3,7,1,2,1,29.41,29410,4.58,10.25,1.18,11.2885,-0.1025,0.0153,0.2585,-17.13,81.0,357.81,2.8909,9.5157,1.2442,10.0227,P003_Barbell_Bench_Press_Uncontrolled_Movement_1_025 (1).csv
3,7,1,2,1,29.54,29540,2.78,9.74,2.36,10.4003,-0.1527,0.0578,0.7538,-15.19,82.19,356.06,2.8763,9.5453,1.3912,10.0658,P003_Barbell_Bench_Press_Uncontrolled_Movement_1_025 (1).csv
3,7,1,2,1,29.67,29670,0.6,10.19,-0.14,10.2086,-0.1822,-0.0884,-0.8465,-17.31,82.13,358.31,2.5763,9.6302,1.1894,10.0396,P003_Barbell_Bench_Press_Uncontrolled_Movement_1_025 (1).csv
3,7,1,2,1,29.8,29800,3.07,9.38,2.24,10.1206,0.0633,-0.0556,-0.1604,-14.0,82.5,355.5,2.6414,9.5973,1.3279,10.0423,P003_Barbell_Bench_Press_Uncontrolled_Movement_1_025 (1).csv
3,7,1,2,1,29.93,29930,1.03,9.81,0.95,9.9096,0.0404,-0.0207,0.252,-12.25,82.38,354.25,2.4291,9.6253,1.2781,10.009,P003_Barbell_Bench_Press_Uncontrolled_Movement_1_025 (1).csv
3,7,1,2,1,30.06,30060,2.25,6.53,0.96,6.9732,0.0349,-0.0415,-0.7199,-8.38,82.06,350.56,2.4055,9.2174,1.2362,9.606,P003_Barbell_Bench_Press_Uncontrolled_Movement_1_025 (1).csv
3,7,1,2,1,30.19,30190,-2.2,8.98,1.28,9.3337,-0.0262,0.0862,0.492,-6.31,82.38,348.31,1.7986,9.1861,1.2419,9.4426,P003_Barbell_Bench_Press_Uncontrolled_Movement_1_025 (1).csv
3,7,1,2,1,30.321,30321,2.99,10.54,0.14,10.9568,-0.0185,-0.0175,-0.0938,-8.88,82.31,350.56,1.9556,9.3645,1.0967,9.6292,P003_Barbell_Bench_Press_Uncontrolled_Movement_1_025 (1).csv
3,7,1,2,1,30.494,30494,1.83,9.57,1.21,9.8182,-0.0753,0.0,0.2116,-8.5,81.94,350.25,1.939,9.3916,1.1117,9.6539,P003_Barbell_Bench_Press_Uncontrolled_Movement_1_025 (1).csv
3,7,1,2,1,30.628,30628,2.23,10.38,0.59,10.6332,-0.0349,-0.0436,0.036,-9.19,81.94,351.13,1.9774,9.5219,1.0429,9.7808,P003_Barbell_Bench_Press_Uncontrolled_Movement_1_025 (1).csv
3,7,1,2,1,30.759,30759,1.36,9.24,1.4,9.4439,-0.0371,-0.0513,0.0469,-8.63,82.0,351.0,1.896,9.4847,1.09,9.7336,P003_Barbell_Bench_Press_Uncontrolled_Movement_1_025 (1).csv
3,7,1,2,1,30.892,30892,1.64,10.11,0.78,10.2718,-0.0545,-0.0404,0.036,-8.81,82.38,351.63,1.8623,9.5671,1.0491,9.803,P003_Barbell_Bench_Press_Uncontrolled_Movement_1_025 (1).csv
3,7,1,2,1,31.022,31022,1.51,9.28,1.24,9.4835,-0.012,-0.0196,0.1167,-9.19,82.5,352.25,1.8159,9.5293,1.0743,9.76,P003_Barbell_Bench_Press_Uncontrolled_Movement_1_025 (1).csv
3,7,1,2,1,31.154,31154,1.65,9.43,1.34,9.6666,-0.0665,-0.0011,-0.0349,-9.44,82.88,352.63,1.794,9.5162,1.1093,9.7472,P003_Barbell_Bench_Press_Uncontrolled_Movement_1_025 (1).csv
3,7,1,2,1,31.284,31284,1.77,9.66,1.09,9.8811,0.036,0.012,0.1276,-9.5,82.94,352.63,1.7908,9.5351,1.1068,9.7648,P003_Barbell_Bench_Press_Uncontrolled_Movement_1_025 (1).csv
3,7,1,2,1,31.414,31414,1.62,9.39,0.99,9.58,0.0055,-0.0022,0.0076,-10.19,82.81,353.25,1.7683,9.516,1.0914,9.7403,P003_Barbell_Bench_Press_Uncontrolled_Movement_1_025 (1).csv
3,7,1,2,1,31.587,31587,1.68,9.36,1.34,9.6035,0.0404,-0.0185,-0.084,-9.81,82.69,352.94,1.7567,9.4955,1.1241,9.7218,P003_Barbell_Bench_Press_Uncontrolled_Movement_1_025 (1).csv
3,7,1,2,1,31.717,31717,1.3,9.23,0.94,9.3684,0.0513,0.0033,0.0447,-9.56,82.44,352.69,1.6965,9.4605,1.0999,9.6741,P003_Barbell_Bench_Press_Uncontrolled_Movement_1_025 (1).csv
3,7,1,2,1,31.847,31847,2.28,9.09,1.35,9.4683,0.0251,0.024,0.1407,-10.81,82.06,353.75,1.7734,9.4117,1.1328,9.644,P003_Barbell_Bench_Press_Uncontrolled_Movement_1_025 (1).csv
3,7,1,2,1,31.977,31977,1.56,8.73,1.39,8.9766,0.0611,0.0196,0.108,-11.0,81.81,353.81,1.7453,9.3218,1.1667,9.5553,P003_Barbell_Bench_Press_Uncontrolled_Movement_1_025 (1).csv
3,7,1,2,1,32.107,32107,2.65,9.9,1.09,10.3063,0.0251,0.0011,0.1364,-12.0,81.5,354.69,1.8645,9.398,1.1566,9.6507,P003_Barbell_Bench_Press_Uncontrolled_Movement_1_025 (1).csv
3,7,1,2,1,32.237,32237,1.63,8.46,0.85,8.6574,-0.1145,-0.024,-0.228,-11.25,81.88,354.06,1.8336,9.2744,1.1162,9.5196,P003_Barbell_Bench_Press_Uncontrolled_Movement_1_025 (1).csv
3,7,1,2,1,32.367,32367,2.81,10.23,2.13,10.8206,0.0436,-0.0142,0.4505,-13.44,82.06,356.31,1.9623,9.4003,1.2498,9.6839,P003_Barbell_Bench_Press_Uncontrolled_Movement_1_025 (1).csv
3,7,1,2,1,32.498,32498,1.54,8.17,0.75,8.3476,0.0862,-0.0851,-0.2945,-14.63,81.19,357.81,1.9066,9.2382,1.1839,9.5069,P003_Barbell_Bench_Press_Uncontrolled_Movement_1_025 (1).csv
3,7,1,2,1,32.67,32670,2.68,9.16,2.02,9.7554,0.0164,0.0153,0.4102,-18.13,81.0,1.25,2.0085,9.2279,1.2941,9.5322,P003_Barbell_Bench_Press_Uncontrolled_Movement_1_025 (1).csv
3,7,1,2,1,32.8,32800,3.18,8.79,1.63,9.4886,0.156,-0.0731,0.1767,-20.25,79.88,3.44,2.1629,9.1702,1.3384,9.5164,P003_Barbell_Bench_Press_Uncontrolled_Movement_1_025 (1).csv
3,7,1,2,1,32.93,32930,2.77,8.15,1.05,8.6717,0.0065,0.0065,0.1222,-21.13,78.81,4.31,2.2429,9.0358,1.3004,9.4003,P003_Barbell_Bench_Press_Uncontrolled_Movement_1_025 (1).csv
3,7,1,2,1,33.06,33060,5.03,8.87,1.81,10.3563,-0.1364,0.0654,-0.024,-22.06,79.44,5.06,2.6102,9.0139,1.3675,9.4833,P003_Barbell_Bench_Press_Uncontrolled_Movement_1_025 (1).csv
3,7,1,2,1,33.19,33190,5.27,10.53,0.19,11.7767,-0.1451,-0.0513,-0.0262,-21.88,80.19,4.94,2.9607,9.2137,1.2124,9.7533,P003_Barbell_Bench_Press_Uncontrolled_Movement_1_025 (1).csv
3,7,1,2,1,33.32,33320,2.44,7.26,1.87,7.884,0.0273,-0.036,-0.0894,-20.56,80.31,4.13,2.8921,8.9563,1.299,9.5008,P003_Barbell_Bench_Press_Uncontrolled_Movement_1_025 (1).csv
3,7,1,2,1,33.451,33451,5.28,10.69,2.27,12.137,-0.0742,0.0142,0.2553,-21.94,80.88,5.63,3.2067,9.1847,1.427,9.8325,P003_Barbell_Bench_Press_Uncontrolled_Movement_1_025 (1).csv
3,7,1,2,1,33.581,33581,2.96,7.95,2.15,8.7514,0.096,-0.0425,-0.2258,-20.88,80.63,4.75,3.1742,9.022,1.5222,9.6845,P003_Barbell_Bench_Press_Uncontrolled_Movement_1_025 (1).csv
3,7,1,2,1,33.754,33754,3.74,8.73,2.34,9.7814,0.1211,-0.0262,-0.0044,-19.94,79.69,3.69,3.2488,8.9835,1.63,9.691,P003_Barbell_Bench_Press_Uncontrolled_Movement_1_025 (1).csv
3,7,1,2,1,33.885,33885,3.65,8.35,1.78,9.2851,-0.048,-0.0044,-0.1374,-19.5,79.69,3.38,3.3016,8.9,1.6498,9.635,P003_Barbell_Bench_Press_Uncontrolled_Movement_1_025 (1).csv
3,7,1,2,1,34.016,34016,2.88,9.1,1.52,9.6651,-0.1538,-0.0076,-0.18,-18.38,80.69,2.5,3.2461,8.9264,1.6327,9.6376,P003_Barbell_Bench_Press_Uncontrolled_Movement_1_025 (1).csv
3,7,1,2,1,34.146,34146,2.82,10.95,1.72,11.4374,-0.0796,0.0011,0.1047,-17.88,81.63,2.31,3.1899,9.1931,1.6442,9.8687,P003_Barbell_Bench_Press_Uncontrolled_Movement_1_025 (1).csv
3,7,1,2,1,34.277,34277,3.24,8.54,0.96,9.1843,-0.0371,0.0087,0.0687,-18.69,81.94,3.19,3.1965,9.107,1.554,9.776,P003_Barbell_Bench_Press_Uncontrolled_Movement_1_025 (1).csv
3,7,1,2,1,34.409,34409,3.32,10.03,1.14,10.6265,-0.0175,0.0098,-0.096,-18.56,82.25,3.19,3.2128,9.2286,1.4995,9.8863,P003_Barbell_Bench_Press_Uncontrolled_Movement_1_025 (1).csv
3,7,1,2,1,34.544,34544,4.11,10.36,1.25,11.2154,0.0316,0.048,0.2029,-19.56,82.19,3.88,3.331,9.3777,1.4666,10.0592,P003_Barbell_Bench_Press_Uncontrolled_Movement_1_025 (1).csv
3,8,1,2,1,34.674,34674,3.0,9.28,0.74,9.7809,-0.0316,0.0327,-0.1669,-18.94,82.06,2.88,3.2874,9.3648,1.3708,10.0193,P003_Barbell_Bench_Press_Uncontrolled_Movement_1_025 (1).csv
3,8,1,2,1,34.847,34847,2.96,9.75,1.25,10.2658,0.024,0.1036,0.2989,-19.69,82.25,2.94,3.2443,9.4156,1.3549,10.0506,P003_Barbell_Bench_Press_Uncontrolled_Movement_1_025 (1).csv
3,8,1,2,1,34.977,34977,2.75,9.31,1.76,9.8659,0.0371,0.0447,-0.0698,-20.0,82.0,2.75,3.1791,9.4017,1.4083,10.0241,P003_Barbell_Bench_Press_Uncontrolled_Movement_1_025 (1).csv
3,8,1,2,1,35.107,35107,5.59,10.35,0.0,11.7631,0.0207,0.1091,0.4483,-20.56,82.0,2.75,3.4968,9.5266,1.2227,10.2215,P003_Barbell_Bench_Press_Uncontrolled_Movement_1_025 (1).csv
3,8,1,2,1,35.237,35237,1.87,8.55,1.53,8.8848,-0.0185,-0.0349,-0.6632,-20.06,82.25,2.06,3.2824,9.3979,1.2632,10.0345,P003_Barbell_Bench_Press_Uncontrolled_Movement_1_025 (1).csv
3,8,1,2,1,35.367,35367,-2.26,8.78,0.99,9.1201,-0.096,0.072,0.1516,-17.56,83.0,359.44,2.5521,9.3165,1.2272,9.7374,P003_Barbell_Bench_Press_Uncontrolled_Movement_1_025 (1).csv
3,8,1,2,1,35.497,35497,3.42,8.62,1.48,9.391,0.0993,-0.06,-0.2858,-20.0,82.38,1.88,2.6665,9.2247,1.2605,9.6848,P003_Barbell_Bench_Press_Uncontrolled_Movement_1_025 (1).csv
3,8,1,2,1,35.628,35628,2.77,9.72,2.99,10.54,0.0654,-0.1124,-0.1385,-18.94,82.0,1.06,2.6801,9.29,1.4884,9.7828,P003_Barbell_Bench_Press_Uncontrolled_Movement_1_025 (1).csv
3,8,1,2,1,35.758,35758,-1.11,6.02,1.24,6.2458,-0.0611,-0.0862,-0.9785,-16.06,81.5,358.88,2.1807,8.8591,1.4557,9.2389,P003_Barbell_Bench_Press_Uncontrolled_Movement_1_025 (1).csv
3,8,1,2,1,35.931,35931,6.1,10.26,1.44,12.0229,0.0305,-0.0971,-0.4222,-20.5,81.25,3.25,2.6971,9.0437,1.4536,9.5486,P003_Barbell_Bench_Press_Uncontrolled_Movement_1_025 (1).csv
3,8,1,2,1,36.061,36061,3.17,8.28,1.93,9.0737,0.0447,0.0382,0.961,-16.5,80.81,359.63,2.7594,8.9431,1.5164,9.4812,P003_Barbell_Bench_Press_Uncontrolled_Movement_1_025 (1).csv
3,8,1,2,1,36.191,36191,2.25,9.36,-1.54,9.749,-0.2967,-0.0687,-1.7748,-13.69,81.13,357.06,2.6923,8.998,1.1136,9.458,P003_Barbell_Bench_Press_Uncontrolled_Movement_1_025 (1).csv
3,8,1,2,1,36.321,36321,2.77,9.68,1.96,10.2575,0.0567,0.1647,1.1148,-10.75,81.94,353.81,2.7026,9.0879,1.2252,9.56,P003_Barbell_Bench_Press_Uncontrolled_Movement_1_025 (1).csv
3,8,1,2,1,36.451,36451,0.53,9.63,1.62,9.7797,0.2127,0.0698,0.1713,-11.88,81.0,354.31,2.4163,9.1593,1.2772,9.5584,P003_Barbell_Bench_Press_Uncontrolled_Movement_1_025 (1).csv
3,8,1,2,1,36.581,36581,0.32,7.34,0.5,7.364,-0.1298,0.084,-0.4712,-8.25,81.38,350.31,2.14,8.9196,1.1748,9.2476,P003_Barbell_Bench_Press_Uncontrolled_Movement_1_025 (1).csv
3,8,1,2,1,36.712,36712,3.0,10.7,2.95,11.4975,0.0142,0.0371,0.3229,-10.81,81.44,352.19,2.2534,9.1542,1.4087,9.5321,P003_Barbell_Bench_Press_Uncontrolled_Movement_1_025 (1).csv
3,8,1,2,1,36.842,36842,0.41,8.26,1.28,8.3686,-0.0044,-0.0284,-0.2422,-10.81,80.94,352.19,2.0104,9.0364,1.3918,9.3613,P003_Barbell_Bench_Press_Uncontrolled_Movement_1_025 (1).csv
3,8,1,2,1,37.015,37015,2.31,10.31,1.25,10.6393,0.0022,-0.06,0.0927,-11.19,81.19,352.94,2.0499,9.2042,1.3731,9.5291,P003_Barbell_Bench_Press_Uncontrolled_Movement_1_025 (1).csv
3,8,1,2,1,37.146,37146,1.48,8.09,2.22,8.5186,0.0458,-0.06,-0.0185,-11.13,81.06,353.31,1.9748,9.0574,1.4847,9.3883,P003_Barbell_Bench_Press_Uncontrolled_Movement_1_025 (1).csv
3,8,1,2,1,37.277,37277,1.58,9.97,1.13,10.1575,-0.0611,-0.036,0.0469,-11.19,81.31,353.75,1.9228,9.1776,1.4379,9.4865,P003_Barbell_Bench_Press_Uncontrolled_Movement_1_025 (1).csv
3,8,1,2,1,37.407,37407,1.81,9.46,1.21,9.7073,-0.0251,-0.0131,0.0175,-11.56,81.44,354.38,1.9079,9.2148,1.4079,9.515,P003_Barbell_Bench_Press_Uncontrolled_Movement_1_025 (1).csv
3,8,1,2,1,37.538,37538,1.8,9.58,1.24,9.8262,-0.0055,0.0098,0.0469,-11.44,81.75,354.25,1.8937,9.263,1.3858,9.5556,P003_Barbell_Bench_Press_Uncontrolled_Movement_1_025 (1).csv
3,8,1,2,1,37.668,37668,1.83,9.44,1.29,9.7019,0.0207,0.0262,0.096,-11.81,81.81,354.5,1.8853,9.2863,1.3732,9.5747,P003_Barbell_Bench_Press_Uncontrolled_Movement_1_025 (1).csv
3,8,1,2,1,37.799,37799,2.24,9.38,1.23,9.7219,0.0338,0.0251,-0.0273,-12.19,81.69,354.69,1.9321,9.2986,1.3543,9.5933,P003_Barbell_Bench_Press_Uncontrolled_Movement_1_025 (1).csv
3,8,1,2,1,37.93,37930,2.04,9.42,1.35,9.7324,0.0382,0.0404,0.0491,-12.25,81.44,354.44,1.9463,9.3146,1.3537,9.6116,P003_Barbell_Bench_Press_Uncontrolled_Movement_1_025 (1).csv
3,8,1,2,1,38.106,38106,1.92,9.09,1.48,9.4077,0.0513,0.0142,-0.0862,-12.19,81.19,353.94,1.9428,9.285,1.3704,9.5846,P003_Barbell_Bench_Press_Uncontrolled_Movement_1_025 (1).csv
3,8,1,2,1,38.236,38236,1.76,8.82,1.49,9.1165,0.0611,0.0262,0.144,-12.31,80.75,353.88,1.9187,9.2237,1.3861,9.5226,P003_Barbell_Bench_Press_Uncontrolled_Movement_1_025 (1).csv
3,8,1,2,1,38.367,38367,3.04,9.84,1.77,10.4499,-0.0142,0.0305,0.2258,-14.0,80.56,355.31,2.0665,9.305,1.4367,9.6393,P003_Barbell_Bench_Press_Uncontrolled_Movement_1_025 (1).csv
3,8,1,2,1,38.498,38498,2.46,9.48,1.68,9.937,0.0065,0.0022,-0.0862,-13.88,80.63,355.19,2.1183,9.328,1.4688,9.6776,P003_Barbell_Bench_Press_Uncontrolled_Movement_1_025 (1).csv
3,8,1,2,1,38.628,38628,2.5,8.61,1.33,9.0637,-0.0458,0.0567,0.3163,-14.0,80.69,355.13,2.1686,9.2334,1.4505,9.5949,P003_Barbell_Bench_Press_Uncontrolled_Movement_1_025 (1).csv
3,8,1,2,1,38.758,38758,3.46,10.16,1.68,10.8637,-0.0524,0.0644,0.4287,-17.13,81.06,357.94,2.3388,9.3555,1.4807,9.7564,P003_Barbell_Bench_Press_Uncontrolled_Movement_1_025 (1).csv
3,8,1,2,1,38.889,38889,2.11,7.95,0.93,8.2777,0.0415,-0.0349,-0.0633,-17.69,80.94,358.5,2.3086,9.1703,1.4082,9.5607,P003_Barbell_Bench_Press_Uncontrolled_Movement_1_025 (1).csv
3,8,1,2,1,39.019,39019,2.71,9.28,1.23,9.7455,-0.1364,0.0425,0.1974,-17.88,81.38,358.75,2.3615,9.1848,1.3847,9.584,P003_Barbell_Bench_Press_Uncontrolled_Movement_1_025 (1).csv
3,8,1,2,1,39.192,39192,3.65,10.65,0.81,11.2872,0.0447,-0.0109,0.3262,-20.19,81.31,1.0,2.5313,9.3778,1.309,9.8013,P003_Barbell_Bench_Press_Uncontrolled_Movement_1_025 (1).csv
3,8,1,2,1,39.322,39322,3.49,9.45,0.52,10.0873,0.0502,0.0076,0.1582,-21.06,80.75,1.75,2.6577,9.3873,1.205,9.8304,P003_Barbell_Bench_Press_Uncontrolled_Movement_1_025 (1).csv
3,8,1,2,1,39.452,39452,3.86,10.13,1.6,10.9579,0.0949,-0.0447,0.1789,-22.5,80.31,3.19,2.8161,9.4852,1.257,9.974,P003_Barbell_Bench_Press_Uncontrolled_Movement_1_025 (1).csv
3,9,1,2,1,39.582,39582,2.82,7.77,0.52,8.2823,0.024,-0.0742,-0.3174,-22.38,79.5,3.31,2.8166,9.2592,1.1599,9.7474,P003_Barbell_Bench_Press_Uncontrolled_Movement_1_025 (1).csv
3,9,1,2,1,39.712,39712,4.36,9.45,2.19,10.6352,-0.0055,0.0284,0.0949,-22.75,79.56,3.63,3.02,9.2843,1.2957,9.8487,P003_Barbell_Bench_Press_Uncontrolled_Movement_1_025 (1).csv
3,9,1,2,1,39.842,39842,4.15,8.98,1.26,9.9725,-0.06,0.0393,-0.1145,-22.63,80.0,3.38,3.1689,9.2442,1.291,9.8572,P003_Barbell_Bench_Press_Uncontrolled_Movement_1_025 (1).csv
3,9,1,2,1,39.972,39972,3.49,9.6,0.65,10.2354,0.0087,-0.012,-0.0764,-21.63,80.5,2.44,3.2112,9.2911,1.2065,9.9042,P003_Barbell_Bench_Press_Uncontrolled_Movement_1_025 (1).csv
3,9,1,2,1,40.103,40103,3.76,9.57,1.14,10.3451,-0.0774,0.0076,-0.0436,-21.38,80.94,2.31,3.2835,9.3279,1.1977,9.9612,P003_Barbell_Bench_Press_Uncontrolled_Movement_1_025 (1).csv
3,9,1,2,1,40.276,40276,3.77,9.69,1.3,10.4785,0.0218,-0.0305,-0.0513,-20.69,81.25,1.81,3.3476,9.3756,1.2112,10.0287,P003_Barbell_Bench_Press_Uncontrolled_Movement_1_025 (1).csv
3,9,1,2,1,40.407,40407,3.12,9.24,1.44,9.8583,0.0295,-0.0382,-0.0469,-19.88,80.94,1.19,3.3176,9.3577,1.2414,10.0057,P003_Barbell_Bench_Press_Uncontrolled_Movement_1_025 (1).csv
3,9,1,2,1,40.538,40538,3.66,9.15,1.24,9.9326,-0.0065,-0.0109,0.1974,-20.69,80.81,2.19,3.3627,9.3303,1.2412,9.9952,P003_Barbell_Bench_Press_Uncontrolled_Movement_1_025 (1).csv
3,9,1,2,1,40.668,40668,3.41,8.95,1.61,9.712,-0.0207,-0.0033,-0.0611,-20.56,80.94,2.13,3.369,9.2802,1.2898,9.9567,P003_Barbell_Bench_Press_Uncontrolled_Movement_1_025 (1).csv
3,9,1,2,1,40.799,40799,3.47,10.06,1.44,10.7386,0.0076,0.0153,0.1549,-20.63,81.06,2.19,3.3823,9.383,1.3096,10.0596,P003_Barbell_Bench_Press_Uncontrolled_Movement_1_025 (1).csv
3,9,1,2,1,40.932,40932,3.52,8.74,1.58,9.5538,0.0316,0.0153,0.0665,-21.38,80.94,2.81,3.4004,9.2983,1.3452,9.9915,P003_Barbell_Bench_Press_Uncontrolled_Movement_1_025 (1).csv
3,9,1,2,1,41.066,41066,3.78,9.06,1.54,9.937,0.0065,0.0098,0.0415,-22.25,80.81,3.56,3.4505,9.2669,1.3709,9.983,P003_Barbell_Bench_Press_Uncontrolled_Movement_1_025 (1).csv
3,9,1,2,1,41.196,41196,4.27,9.2,1.67,10.2792,-0.0196,-0.0404,-0.2214,-22.38,80.81,3.75,3.5584,9.258,1.4103,10.0181,P003_Barbell_Bench_Press_Uncontrolled_Movement_1_025 (1).csv
3,9,1,2,1,41.369,41369,2.91,8.61,1.11,9.156,-0.0556,-0.0327,0.0742,-21.25,81.13,3.13,3.473,9.1726,1.3707,9.9034,P003_Barbell_Bench_Press_Uncontrolled_Movement_1_025 (1).csv
3,9,1,2,1,41.499,41499,4.74,10.0,1.46,11.1624,-0.0622,-0.036,0.0327,-21.88,81.38,4.13,3.64,9.2817,1.3825,10.0653,P003_Barbell_Bench_Press_Uncontrolled_Movement_1_025 (1).csv
3,9,1,2,1,41.629,41629,3.14,8.85,0.96,9.4395,-0.0851,-0.0316,-0.1822,-20.81,81.81,3.5,3.5741,9.2248,1.3268,9.9815,P003_Barbell_Bench_Press_Uncontrolled_Movement_1_025 (1).csv
3,9,1,2,1,41.759,41759,1.89,9.39,1.01,9.6314,-0.0142,0.0164,0.1047,-20.94,82.19,3.75,3.3522,9.2466,1.2851,9.919,P003_Barbell_Bench_Press_Uncontrolled_Movement_1_025 (1).csv
3,9,1,2,1,41.889,41889,4.94,9.94,0.61,11.1166,-0.0273,0.0753,0.132,-22.88,82.25,5.38,3.5614,9.3379,1.1961,10.0654,P003_Barbell_Bench_Press_Uncontrolled_Movement_1_025 (1).csv
3,9,1,2,1,42.019,42019,1.45,7.57,1.73,7.8994,0.0262,0.0338,-0.6316,-20.81,82.5,2.81,3.2832,9.105,1.2665,9.7613,P003_Barbell_Bench_Press_Uncontrolled_Movement_1_025 (1).csv
3,9,1,2,1,42.15,42150,5.6,8.21,0.1,9.9385,0.0807,0.0262,-0.3294,-21.94,81.75,3.25,3.5885,8.987,1.1128,9.7407,P003_Barbell_Bench_Press_Uncontrolled_Movement_1_025 (1).csv
3,9,1,2,1,42.28,42280,4.41,12.27,2.63,13.301,0.0131,0.0982,-0.348,-19.88,82.38,0.38,3.6967,9.4196,1.3127,10.2039,P003_Barbell_Bench_Press_Uncontrolled_Movement_1_025 (1).csv
3,9,1,2,1,42.453,42453,-1.3,5.5,1.74,5.9133,0.1113,0.024,-0.5214,-13.19,82.19,353.38,3.0383,8.9031,1.369,9.5064,P003_Barbell_Bench_Press_Uncontrolled_Movement_1_025 (1).csv
3,10,1,2,1,42.583,42583,4.43,9.95,1.34,10.9737,0.0698,-0.0556,-0.2083,-15.75,81.5,355.63,3.2217,9.0411,1.3652,9.6945,P003_Barbell_Bench_Press_Uncontrolled_Movement_1_025 (1).csv
3,10,1,2,1,42.713,42713,3.27,10.47,1.67,11.0952,-0.0796,0.0393,0.1407,-14.25,81.63,354.19,3.228,9.2294,1.4053,9.8781,P003_Barbell_Bench_Press_Uncontrolled_Movement_1_025 (1).csv
3,10,1,2,1,42.843,42843,1.64,9.39,0.2,9.5342,-0.0884,-0.0316,-0.3949,-12.88,82.25,353.0,3.0188,9.2505,1.2465,9.8102,P003_Barbell_Bench_Press_Uncontrolled_Movement_1_025 (1).csv
3,10,1,2,1,42.973,42973,0.38,7.98,1.63,8.1536,0.0011,-0.0327,-0.3163,-10.25,82.56,350.63,2.6711,9.0831,1.297,9.5561,P003_Barbell_Bench_Press_Uncontrolled_Movement_1_025 (1).csv
3,10,1,2,1,43.103,43103,1.32,8.51,0.32,8.6177,0.0905,-0.0884,0.0327,-10.38,82.13,351.0,2.493,9.0076,1.1683,9.419,P003_Barbell_Bench_Press_Uncontrolled_Movement_1_025 (1).csv
3,10,1,2,1,43.233,43233,1.58,9.03,1.04,9.226,-0.1025,-0.0316,0.2149,-11.5,82.0,352.63,2.3727,9.0106,1.1514,9.3886,P003_Barbell_Bench_Press_Uncontrolled_Movement_1_025 (1).csv
3,10,1,2,1,43.364,43364,1.33,9.48,0.67,9.5963,-0.0382,-0.0829,-0.0654,-11.31,82.44,353.13,2.2353,9.0724,1.088,9.4069,P003_Barbell_Bench_Press_Uncontrolled_Movement_1_025 (1).csv
3,10,1,2,1,43.537,43537,3.09,9.57,1.22,10.1302,-0.0884,-0.0262,0.0207,-11.75,82.63,354.13,2.3479,9.138,1.1054,9.4993,P003_Barbell_Bench_Press_Uncontrolled_Movement_1_025 (1).csv
3,10,1,2,1,43.671,43671,1.31,9.23,1.29,9.4113,-0.0033,0.0098,0.0109,-10.94,83.06,353.44,2.2112,9.1501,1.1297,9.481,P003_Barbell_Bench_Press_Uncontrolled_Movement_1_025 (1).csv
3,10,1,2,1,43.802,43802,2.05,9.92,0.71,10.1545,-0.0131,0.0524,0.0665,-11.75,83.13,354.06,2.1899,9.2516,1.0744,9.5677,P003_Barbell_Bench_Press_Uncontrolled_Movement_1_025 (1).csv
3,10,1,2,1,43.935,43935,2.34,9.65,0.67,9.9522,-0.0022,0.0415,-0.0153,-11.63,83.25,353.5,2.2097,9.3041,1.0211,9.6172,P003_Barbell_Bench_Press_Uncontrolled_Movement_1_025 (1).csv
3,10,1,2,1,44.066,44066,2.08,9.62,1.02,9.895,0.0633,0.036,0.0513,-11.94,83.0,353.5,2.1926,9.3457,1.021,9.6536,P003_Barbell_Bench_Press_Uncontrolled_Movement_1_025 (1).csv
3,10,1,2,1,44.197,44197,1.98,9.04,1.06,9.3148,0.0709,0.0251,0.1222,-12.19,82.63,353.5,2.1646,9.3054,1.0261,9.6088,P003_Barbell_Bench_Press_Uncontrolled_Movement_1_025 (1).csv
3,10,1,2,1,44.327,44327,1.96,8.67,1.01,8.946,0.0338,0.0055,0.1014,-13.13,82.13,354.19,2.1376,9.2217,1.024,9.5214,P003_Barbell_Bench_Press_Uncontrolled_Movement_1_025 (1).csv
3,10,1,2,1,44.458,44458,2.68,9.27,1.43,9.755,-0.0262,0.0316,0.3283,-15.25,82.06,356.13,2.2091,9.228,1.0775,9.5498,P003_Barbell_Bench_Press_Uncontrolled_Movement_1_025 (1).csv
3,10,1,2,1,44.631,44631,2.81,8.98,1.42,9.5159,0.0578,-0.0251,0.2913,-17.31,81.63,358.31,2.2883,9.1954,1.1226,9.5421,P003_Barbell_Bench_Press_Uncontrolled_Movement_1_025 (1).csv
3,10,1,2,1,44.762,44762,3.52,9.17,1.31,9.9094,0.0742,-0.06,0.1876,-18.81,80.94,0.13,2.4506,9.192,1.1473,9.582,P003_Barbell_Bench_Press_Uncontrolled_Movement_1_025 (1).csv
3,10,1,2,1,44.894,44894,1.84,9.06,1.51,9.3675,-0.0065,-0.0327,-0.036,-18.06,80.88,359.69,2.3701,9.1746,1.1951,9.5509,P003_Barbell_Bench_Press_Uncontrolled_Movement_1_025 (1).csv
3,10,1,2,1,45.029,45029,2.96,8.77,2.4,9.5621,0.1025,-0.0338,0.1593,-20.06,80.5,1.63,2.4479,9.1213,1.3539,9.5406,P003_Barbell_Bench_Press_Uncontrolled_Movement_1_025 (1).csv
3,10,1,2,1,45.159,45159,4.03,8.78,1.49,9.7749,0.0502,-0.0055,0.2062,-21.44,79.69,2.94,2.6563,9.0763,1.3718,9.556,P003_Barbell_Bench_Press_Uncontrolled_Movement_1_025 (1).csv
3,10,1,2,1,45.29,45290,2.72,8.67,1.74,9.2518,-0.0589,0.0753,-0.1396,-20.0,80.06,1.44,2.6647,9.0228,1.4203,9.5147,P003_Barbell_Bench_Press_Uncontrolled_Movement_1_025 (1).csv
3,10,1,2,1,45.421,45421,3.38,9.7,1.53,10.3853,0.0185,0.0807,0.1811,-20.75,80.44,1.56,2.759,9.112,1.4348,9.6281,P003_Barbell_Bench_Press_Uncontrolled_Movement_1_025 (1).csv
3,10,1,2,1,45.552,45552,4.23,9.68,1.34,10.6485,0.1254,0.036,0.2618,-22.94,79.88,3.19,2.9528,9.1869,1.4223,9.754,P003_Barbell_Bench_Press_Uncontrolled_Movement_1_025 (1).csv
3,10,1,2,1,45.724,45724,4.24,8.32,1.77,9.5044,0.0894,-0.0284,-0.0371,-24.38,78.81,4.25,3.1224,9.0726,1.4681,9.7066,P003_Barbell_Bench_Press_Uncontrolled_Movement_1_025 (1).csv
3,10,1,2,1,45.855,45855,4.59,8.54,1.73,9.8485,-0.0196,-0.0164,0.1407,-24.25,78.63,4.25,3.3158,9.0025,1.5026,9.7107,P003_Barbell_Bench_Press_Uncontrolled_Movement_1_025 (1).csv
3,10,1,2,1,45.985,45985,4.77,8.28,2.56,9.8927,0.0175,-0.084,-0.12,-24.75,78.44,5.13,3.5075,8.9072,1.642,9.7127,P003_Barbell_Bench_Press_Uncontrolled_Movement_1_025 (1).csv
3,10,1,2,1,46.116,46116,3.37,9.02,2.04,9.8427,-0.0633,-0.144,-0.2182,-22.38,78.19,3.56,3.4893,8.9221,1.6944,9.7289,P003_Barbell_Bench_Press_Uncontrolled_Movement_1_025 (1).csv
3,10,1,2,1,46.246,46246,3.31,9.09,1.72,9.8256,-0.0829,-0.0469,0.1254,-22.19,78.31,4.19,3.4657,8.9442,1.6978,9.7413,P003_Barbell_Bench_Press_Uncontrolled_Movement_1_025 (1).csv
3,10,1,2,1,46.377,46377,3.23,8.65,1.85,9.4169,-0.1342,-0.012,-0.1756,-21.56,79.25,4.06,3.4346,8.9055,1.7178,9.6982,P003_Barbell_Bench_Press_Uncontrolled_Movement_1_025 (1).csv
3,10,1,2,1,46.508,46508,3.38,9.58,1.61,10.2856,-0.0753,-0.0022,-0.1691,-20.5,80.13,3.31,3.4274,8.9943,1.7036,9.7749,P003_Barbell_Bench_Press_Uncontrolled_Movement_1_025 (1).csv
3,10,1,2,1,46.638,46638,2.93,9.77,1.34,10.2875,0.0022,0.0207,-0.036,-19.56,80.44,2.38,3.3619,9.0966,1.6557,9.8382,P003_Barbell_Bench_Press_Uncontrolled_Movement_1_025 (1).csv
3,10,1,2,1,46.811,46811,3.19,9.42,1.4,10.0435,0.0589,0.0654,0.0196,-19.56,80.31,1.81,3.3392,9.1392,1.622,9.8644,P003_Barbell_Bench_Press_Uncontrolled_Movement_1_025 (1).csv
3,10,1,2,1,46.945,46945,3.24,8.95,1.77,9.6816,0.0676,0.0785,0.168,-20.13,80.06,1.75,3.3262,9.1143,1.6415,9.8401,P003_Barbell_Bench_Press_Uncontrolled_Movement_1_025 (1).csv
3,10,1,2,1,47.076,47076,3.14,8.42,2.16,9.2424,0.0382,0.072,0.3556,-22.5,79.69,3.5,3.3016,9.0228,1.7098,9.7588,P003_Barbell_Bench_Press_Uncontrolled_Movement_1_025 (1).csv
3,10,1,2,1,47.207,47207,5.31,9.24,1.23,10.7278,-0.0458,0.0578,0.1636,-25.69,79.75,6.19,3.5663,9.0514,1.6466,9.867,P003_Barbell_Bench_Press_Uncontrolled_Movement_1_025 (1).csv
3,10,1,2,1,47.337,47337,4.39,8.82,1.33,9.9415,-0.0818,0.0273,-0.1494,-25.81,80.44,6.19,3.6748,9.0209,1.6049,9.872,P003_Barbell_Bench_Press_Uncontrolled_Movement_1_025 (1).csv
3,10,1,2,1,47.467,47467,3.29,8.08,1.83,8.914,-0.0207,0.0415,0.0851,-25.38,80.94,5.75,3.6241,8.8969,1.6346,9.7448,P003_Barbell_Bench_Press_Uncontrolled_Movement_1_025 (1).csv
3,10,1,2,1,47.598,47598,4.9,9.57,0.52,10.7641,0.0087,0.0098,0.0436,-27.88,80.63,7.88,3.7922,8.9856,1.4877,9.8659,P003_Barbell_Bench_Press_Uncontrolled_Movement_1_025 (1).csv
3,10,1,2,1,47.728,47728,4.45,8.1,0.94,9.2896,-0.0393,-0.0218,-0.0654,-27.56,80.69,7.63,3.8789,8.8689,1.4155,9.783,P003_Barbell_Bench_Press_Uncontrolled_Movement_1_025 (1).csv
3,10,1,2,1,47.901,47901,6.01,9.63,1.39,11.4363,-0.0491,0.0109,-0.0284,-26.69,81.44,6.94,4.1597,8.9692,1.4122,9.9872,P003_Barbell_Bench_Press_Uncontrolled_Movement_1_025 (1).csv
3,10,1,2,1,48.032,48032,4.05,9.05,0.56,9.9307,0.0982,-0.1124,-0.684,-22.56,81.69,3.31,4.1453,8.9798,1.2999,9.9755,P003_Barbell_Bench_Press_Uncontrolled_Movement_1_025 (1).csv
3,10,1,2,1,48.163,48163,0.97,9.34,0.5,9.4035,-0.0316,-0.0491,-0.5651,-22.13,81.13,3.13,3.7269,9.0273,1.1945,9.8391,P003_Barbell_Bench_Press_Uncontrolled_Movement_1_025 (1).csv
3,10,1,2,1,48.293,48293,5.88,10.41,2.3,12.1751,-0.1593,0.0022,-0.3371,-22.0,81.88,2.94,4.0106,9.2095,1.3401,10.1339,P003_Barbell_Bench_Press_Uncontrolled_Movement_1_025 (1).csv
3,10,1,2,1,48.424,48424,5.76,10.56,-1.09,12.0781,-0.0982,-0.0753,-0.7865,-15.38,82.56,356.81,4.2411,9.3875,1.0199,10.3514,P003_Barbell_Bench_Press_Uncontrolled_Movement_1_025 (1).csv
3,11,1,2,1,48.554,48554,-2.36,4.52,1.39,5.2851,-0.0327,-0.0076,-0.8225,-4.13,83.56,346.19,3.3713,8.7461,1.0687,9.434,P003_Barbell_Bench_Press_Uncontrolled_Movement_1_025 (1).csv
3,11,1,2,1,48.688,48688,-1.18,11.77,1.06,11.8764,0.1734,-0.0305,-0.1811,-9.75,83.25,351.19,2.7715,9.1445,1.0675,9.6148,P003_Barbell_Bench_Press_Uncontrolled_Movement_1_025 (1).csv
3,11,1,2,1,48.818,48818,0.55,9.04,0.19,9.0587,0.0087,-0.0382,-0.3502,-8.19,82.88,349.94,2.4788,9.1308,0.9519,9.509,P003_Barbell_Bench_Press_Uncontrolled_Movement_1_025 (1).csv
3,11,1,2,1,48.993,48993,-0.45,10.02,1.21,10.1028,0.0993,-0.0175,0.1025,-8.0,82.19,349.81,2.0928,9.2479,0.9859,9.5329,P003_Barbell_Bench_Press_Uncontrolled_Movement_1_025 (1).csv
3,11,1,2,1,49.123,49123,1.51,10.62,0.01,10.7268,-0.0535,-0.0044,0.2094,-8.38,81.56,350.25,2.016,9.4287,0.8573,9.6799,P003_Barbell_Bench_Press_Uncontrolled_Movement_1_025 (1).csv
3,11,1,2,1,49.254,49254,1.01,8.51,2.09,8.8209,-0.0098,0.0087,0.0098,-8.81,81.44,350.69,1.8835,9.3077,1.0197,9.5509,P003_Barbell_Bench_Press_Uncontrolled_Movement_1_025 (1).csv
3,11,1,2,1,49.384,49384,1.47,9.67,1.47,9.8909,-0.0164,0.0295,0.1287,-9.44,81.38,351.13,1.829,9.3554,1.0791,9.5934,P003_Barbell_Bench_Press_Uncontrolled_Movement_1_025 (1).csv
3,11,1,2,1,49.515,49515,1.95,9.1,1.54,9.4331,-0.0502,0.0196,-0.0676,-9.94,81.63,351.44,1.8449,9.3218,1.1398,9.5707,P003_Barbell_Bench_Press_Uncontrolled_Movement_1_025 (1).csv
3,11,1,2,1,49.645,49645,1.84,9.77,1.36,10.0343,0.0371,0.0,0.096,-10.19,81.69,351.63,1.8443,9.3808,1.1688,9.6316,P003_Barbell_Bench_Press_Uncontrolled_Movement_1_025 (1).csv
3,11,1,2,1,49.775,49775,1.84,9.13,1.19,9.3893,0.0153,-0.0164,-0.0273,-10.56,81.56,352.0,1.8437,9.3478,1.1716,9.5996,P003_Barbell_Bench_Press_Uncontrolled_Movement_1_025 (1).csv
3,11,1,2,1,49.921,49921,1.7,9.39,1.41,9.6463,0.0251,0.0022,0.0905,-10.44,81.44,351.94,1.8248,9.3533,1.203,9.6053,P003_Barbell_Bench_Press_Uncontrolled_Movement_1_025 (1).csv
3,11,1,2,1,50.096,50096,1.58,9.26,1.55,9.5208,0.0742,0.0011,0.0644,-10.56,81.31,352.06,1.7925,9.341,1.2488,9.5931,P003_Barbell_Bench_Press_Uncontrolled_Movement_1_025 (1).csv
3,11,1,2,1,50.226,50226,1.95,9.45,1.6,9.7808,-0.0065,-0.0011,0.2323,-12.19,80.75,353.56,1.8133,9.3554,1.295,9.6171,P003_Barbell_Bench_Press_Uncontrolled_Movement_1_025 (1).csv
3,11,1,2,1,50.357,50357,1.23,8.53,1.29,8.7142,0.0436,-0.0087,-0.0567,-11.81,80.5,353.31,1.7364,9.2466,1.2944,9.4969,P003_Barbell_Bench_Press_Uncontrolled_Movement_1_025 (1).csv
3,11,1,2,1,50.488,50488,3.04,8.96,2.2,9.7141,-0.0338,0.0436,0.601,-14.69,80.44,356.06,1.9082,9.2089,1.4137,9.5101,P003_Barbell_Bench_Press_Uncontrolled_Movement_1_025 (1).csv
3,11,1,2,1,50.618,50618,2.83,8.91,1.17,9.4216,0.0087,0.0273,0.3862,-18.13,80.25,359.25,2.0297,9.1695,1.3816,9.4925,P003_Barbell_Bench_Press_Uncontrolled_Movement_1_025 (1).csv
3,11,1,2,1,50.748,50748,2.73,8.89,1.52,9.4231,0.048,0.0578,0.2956,-21.31,80.25,2.13,2.122,9.1327,1.3998,9.4798,P003_Barbell_Bench_Press_Uncontrolled_Movement_1_025 (1).csv
3,11,1,2,1,50.879,50879,4.49,9.33,1.33,10.4392,-0.0164,0.0753,0.4407,-24.31,80.44,4.69,2.434,9.1587,1.3906,9.5781,P003_Barbell_Bench_Press_Uncontrolled_Movement_1_025 (1).csv
3,11,1,2,1,51.009,51009,3.5,9.25,1.36,9.9831,0.0295,-0.0273,-0.1953,-24.94,80.5,5.25,2.5745,9.1707,1.3866,9.6256,P003_Barbell_Bench_Press_Uncontrolled_Movement_1_025 (1).csv
3,11,1,2,1,51.182,51182,4.01,8.33,0.78,9.2778,-0.0011,-0.0393,-0.0425,-24.38,80.38,5.0,2.7636,9.0599,1.3067,9.5617,P003_Barbell_Bench_Press_Uncontrolled_Movement_1_025 (1).csv
3,11,1,2,1,51.312,51312,5.87,10.13,1.05,11.7548,-0.1309,0.012,0.1844,-24.94,80.69,5.81,3.173,9.2009,1.2728,9.8155,P003_Barbell_Bench_Press_Uncontrolled_Movement_1_025 (1).csv
3,11,1,2,1,51.442,51442,4.15,9.08,1.8,10.1444,-0.036,-0.0535,-0.2105,-21.63,80.88,2.88,3.3017,9.185,1.3423,9.8523,P003_Barbell_Bench_Press_Uncontrolled_Movement_1_025 (1).csv
3,11,1,2,1,51.572,51572,1.8,9.05,1.4,9.3329,-0.0644,-0.0044,0.1287,-17.38,80.94,359.06,3.1038,9.1672,1.3499,9.7721,P003_Barbell_Bench_Press_Uncontrolled_Movement_1_025 (1).csv
3,11,1,2,1,51.702,51702,3.23,9.65,1.81,10.3359,0.0044,-0.0404,-0.7603,-15.25,81.13,357.06,3.1205,9.2308,1.4105,9.8456,P003_Barbell_Bench_Press_Uncontrolled_Movement_1_025 (1).csv
3,11,1,2,1,51.832,51832,-1.49,9.38,1.86,9.678,-0.1222,-0.0447,-0.7941,-10.56,81.69,352.63,2.5129,9.2505,1.4698,9.6977,P003_Barbell_Bench_Press_Uncontrolled_Movement_1_025 (1).csv
3,11,1,2,1,51.962,51962,-0.63,9.71,0.09,9.7308,0.0098,-0.024,-0.1418,-7.06,82.06,349.44,2.0988,9.311,1.2879,9.6311,P003_Barbell_Bench_Press_Uncontrolled_Movement_1_025 (1).csv
3,11,1,2,1,52.093,52093,-0.06,8.77,2.08,9.0135,-0.0153,0.0622,0.7985,-7.0,82.5,349.44,1.8143,9.2397,1.3923,9.5186,P003_Barbell_Bench_Press_Uncontrolled_Movement_1_025 (1).csv
3,11,1,2,1,52.266,52266,0.8,9.38,1.37,9.5132,0.0131,0.0065,-0.0665,-7.88,82.94,350.19,1.6806,9.2582,1.3894,9.5115,P003_Barbell_Bench_Press_Uncontrolled_Movement_1_025 (1).csv
3,11,1,2,1,52.398,52398,1.73,9.98,1.31,10.2132,0.0829,0.0349,0.2029,-8.56,82.75,350.63,1.6871,9.3533,1.3789,9.6038,P003_Barbell_Bench_Press_Uncontrolled_Movement_1_025 (1).csv
3,11,1,2,1,52.529,52529,0.53,9.95,0.61,9.9828,0.0229,-0.0076,-0.3851,-8.0,82.31,349.94,1.5347,9.432,1.2776,9.641,P003_Barbell_Bench_Press_Uncontrolled_Movement_1_025 (1).csv
3,11,1,2,1,52.664,52664,1.22,10.12,1.78,10.3475,0.0851,0.0567,0.2083,-6.38,82.0,348.19,1.4932,9.5226,1.3438,9.7322,P003_Barbell_Bench_Press_Uncontrolled_Movement_1_025 (1).csv
3,11,1,2,1,52.795,52795,2.68,10.83,1.27,11.2287,0.0851,-0.0065,-0.4167,-8.5,81.44,349.81,1.6496,9.6949,1.3341,9.9243,P003_Barbell_Bench_Press_Uncontrolled_Movement_1_025 (1).csv
3,11,1,2,1,52.926,52926,0.96,10.44,0.64,10.5036,0.1527,0.0218,0.0698,-6.94,81.0,348.06,1.5587,9.7931,1.2426,9.9939,P003_Barbell_Bench_Press_Uncontrolled_Movement_1_025 (1).csv
3,12,1,2,1,53.056,53056,-0.43,9.96,0.66,9.9911,-0.0513,-0.0829,-0.7516,-4.63,80.94,346.0,1.2967,9.8151,1.1658,9.9688,P003_Barbell_Bench_Press_Uncontrolled_Movement_1_025 (1).csv
3,12,1,2,1,53.186,53186,-1.02,9.57,0.3,9.6289,-0.0305,-0.0764,-0.0938,-1.56,81.25,343.56,0.9914,9.7828,1.0517,9.889,P003_Barbell_Bench_Press_Uncontrolled_Movement_1_025 (1).csv
3,12,1,2,1,53.359,53359,0.13,9.26,2.34,9.552,0.072,-0.0731,0.2673,-3.25,81.75,345.94,0.8779,9.7139,1.2215,9.8297,P003_Barbell_Bench_Press_Uncontrolled_Movement_1_025 (1).csv
3,12,1,2,1,53.489,53489,1.35,10.79,-0.41,10.8819,-0.1691,-0.0971,-0.084,-4.13,82.0,347.5,0.9401,9.8557,1.0065,9.9515,P003_Barbell_Bench_Press_Uncontrolled_Movement_1_025 (1).csv
3,12,1,2,1,53.619,53619,-2.91,9.14,2.3,9.864,-0.1287,-0.0022,0.4058,-3.88,82.88,347.69,0.4327,9.7614,1.177,9.8416,P003_Barbell_Bench_Press_Uncontrolled_Movement_1_025 (1).csv
3,12,1,2,1,53.749,53749,2.4,12.3,-0.46,12.5404,0.0305,-0.0742,-0.4167,-7.88,82.94,351.75,0.692,10.0959,0.9613,10.1652,P003_Barbell_Bench_Press_Uncontrolled_Movement_1_025 (1).csv
3,12,1,2,1,53.879,53879,-1.97,8.46,0.47,8.699,-0.1145,0.0556,0.4025,-1.0,83.19,345.44,0.3412,9.8803,0.8965,9.9268,P003_Barbell_Bench_Press_Uncontrolled_Movement_1_025 (1).csv
3,12,1,2,1,54.009,54009,-4.31,9.66,-0.43,10.5866,-0.0622,-0.0676,-1.549,-3.56,82.81,347.56,-0.2717,9.8513,0.7217,9.8814,P003_Barbell_Bench_Press_Uncontrolled_Movement_1_025 (1).csv
3,12,1,2,1,54.139,54139,3.13,9.95,1.48,10.5352,0.0218,0.2356,1.7475,-1.5,83.31,345.06,0.1765,9.8643,0.8216,9.9,P003_Barbell_Bench_Press_Uncontrolled_Movement_1_025 (1).csv
3,12,1,2,1,54.27,54270,-0.9,8.82,1.11,8.935,-0.2214,0.0055,-1.6624,1.94,83.69,341.0,0.0347,9.7267,0.8596,9.7647,P003_Barbell_Bench_Press_Uncontrolled_Movement_1_025 (1).csv
3,12,1,2,1,54.443,54443,-2.93,8.95,1.12,9.4838,-0.0196,0.12,0.1265,10.81,84.5,331.63,-0.356,9.6243,0.8939,9.6723,P003_Barbell_Bench_Press_Uncontrolled_Movement_1_025 (1).csv
3,12,1,2,1,54.573,54573,-1.51,9.48,0.5,9.6125,0.1276,0.0938,-0.1287,9.31,83.81,332.38,-0.5081,9.6053,0.842,9.6555,P003_Barbell_Bench_Press_Uncontrolled_Movement_1_025 (1).csv
3,12,1,2,1,54.704,54704,-2.68,8.79,0.78,9.2225,-0.0284,0.0567,-0.3862,11.19,83.38,329.94,-0.7943,9.4979,0.8339,9.5674,P003_Barbell_Bench_Press_Uncontrolled_Movement_1_025 (1).csv
3,12,1,2,1,54.835,54835,-1.84,8.91,1.38,9.2021,-0.012,0.072,0.288,11.06,83.44,329.56,-0.9321,9.4204,0.9058,9.5097,P003_Barbell_Bench_Press_Uncontrolled_Movement_1_025 (1).csv
3,12,1,2,1,54.965,54965,-1.6,10.17,0.39,10.3025,-0.0098,0.0273,0.2978,8.63,83.44,331.63,-1.0201,9.5192,0.8379,9.6103,P003_Barbell_Bench_Press_Uncontrolled_Movement_1_025 (1).csv
3,12,1,2,1,55.096,55096,-0.39,9.7,1.2,9.7817,0.0196,-0.0087,0.2225,7.13,83.31,333.13,-0.9371,9.543,0.8856,9.6297,P003_Barbell_Bench_Press_Uncontrolled_Movement_1_025 (1).csv
3,12,1,2,1,55.226,55226,-1.02,9.45,1.09,9.5672,0.0065,-0.0753,-0.1636,7.0,83.25,333.63,-0.948,9.5308,0.9125,9.6212,P003_Barbell_Bench_Press_Uncontrolled_Movement_1_025 (1).csv
3,12,1,2,1,55.357,55357,-1.28,9.61,0.99,9.7453,0.0185,-0.0654,-0.0404,7.56,83.19,333.56,-0.9917,9.5412,0.9227,9.6369,P003_Barbell_Bench_Press_Uncontrolled_Movement_1_025 (1).csv
3,12,1,2,1,55.534,55534,-1.83,8.86,1.02,9.1043,0.0447,-0.0425,-0.0633,8.75,83.0,333.06,-1.1022,9.4514,0.9355,9.5614,P003_Barbell_Bench_Press_Uncontrolled_Movement_1_025 (1).csv
3,12,1,2,1,55.664,55664,-1.2,9.41,0.84,9.5233,0.0458,-0.0033,0.0076,8.63,82.88,333.38,-1.1151,9.446,0.923,9.5562,P003_Barbell_Bench_Press_Uncontrolled_Movement_1_025 (1).csv
3,12,1,2,1,55.795,55795,-1.61,8.42,1.03,8.6342,0.0076,0.0218,-0.0425,9.38,82.75,332.56,-1.1803,9.3108,0.9371,9.432,P003_Barbell_Bench_Press_Uncontrolled_Movement_1_025 (1).csv
3,12,1,2,1,55.925,55925,-2.4,8.27,1.46,8.7341,-0.0774,0.0196,-0.0338,11.63,82.88,330.25,-1.341,9.1736,1.006,9.3255,P003_Barbell_Bench_Press_Uncontrolled_Movement_1_025 (1).csv
3,12,1,2,1,56.056,56056,-1.88,10.23,1.74,10.5458,-0.024,0.0142,0.1974,8.81,83.13,332.75,-1.412,9.3128,1.1027,9.4836,P003_Barbell_Bench_Press_Uncontrolled_Movement_1_025 (1).csv
3,12,1,2,1,56.186,56186,-1.96,9.58,1.16,9.847,0.1102,-0.0098,-0.1494,10.75,82.75,331.0,-1.4843,9.348,1.1102,9.53,P003_Barbell_Bench_Press_Uncontrolled_Movement_1_025 (1).csv
3,12,1,2,1,56.317,56317,-0.24,7.72,1.0,7.7882,0.0371,0.0022,0.2847,10.25,81.81,331.81,-1.3203,9.1335,1.0957,9.2933,P003_Barbell_Bench_Press_Uncontrolled_Movement_1_025 (1).csv
3,12,1,2,1,56.447,56447,-2.87,8.31,1.07,8.8565,-0.1734,-0.0753,-0.781,12.19,82.5,330.0,-1.5245,9.025,1.0923,9.2178,P003_Barbell_Bench_Press_Uncontrolled_Movement_1_025 (1).csv
3,12,1,2,1,56.62,56620,-0.39,10.43,2.18,10.6625,0.0556,0.0022,-0.0175,7.81,83.38,333.88,-1.375,9.2101,1.2357,9.3938,P003_Barbell_Bench_Press_Uncontrolled_Movement_1_025 (1).csv
3,12,1,2,1,56.751,56751,-1.04,9.48,0.64,9.5583,0.096,-0.0404,-0.1865,8.19,82.75,333.69,-1.3309,9.2457,1.1572,9.4124,P003_Barbell_Bench_Press_Uncontrolled_Movement_1_025 (1).csv
3,12,1,2,1,56.881,56881,-1.54,7.85,0.9,8.0501,0.0545,0.0404,0.7374,8.44,82.06,333.75,-1.3584,9.0618,1.1233,9.2316,P003_Barbell_Bench_Press_Uncontrolled_Movement_1_025 (1).csv
3,12,1,2,1,57.012,57012,-1.44,10.21,1.34,10.3978,-0.024,-0.0087,0.0284,4.31,82.19,337.69,-1.3692,9.2131,1.1518,9.3852,P003_Barbell_Bench_Press_Uncontrolled_Movement_1_025 (1).csv
3,12,1,2,1,57.143,57143,2.41,10.88,2.24,11.3666,0.0829,0.036,0.4461,-0.63,82.13,342.31,-0.8712,9.4327,1.2952,9.561,P003_Barbell_Bench_Press_Uncontrolled_Movement_1_025 (1).csv
3,12,1,2,1,57.274,57274,-0.73,8.94,0.13,8.9707,0.0513,-0.0404,-0.3458,-0.5,81.38,342.25,-0.8526,9.3678,1.1417,9.4756,P003_Barbell_Bench_Press_Uncontrolled_Movement_1_025 (1).csv
3,12,1,2,1,57.405,57405,0.11,9.82,1.3,9.9063,-0.0513,-0.0404,-0.3382,-0.31,81.19,342.19,-0.7257,9.4274,1.1625,9.5265,P003_Barbell_Bench_Press_Uncontrolled_Movement_1_025 (1).csv
3,12,1,2,1,57.54,57540,0.12,10.9,1.82,11.0516,0.0262,-0.0109,-0.1953,-1.63,81.19,343.5,-0.6143,9.6214,1.2492,9.7216,P003_Barbell_Bench_Press_Uncontrolled_Movement_1_025 (1).csv
3,12,1,2,1,57.713,57713,0.96,9.58,1.17,9.6988,0.0349,0.0993,0.7472,2.06,81.44,339.94,-0.4068,9.616,1.2387,9.704,P003_Barbell_Bench_Press_Uncontrolled_Movement_1_025 (1).csv
3,12,1,2,1,57.843,57843,-0.13,11.77,1.3,11.8423,0.1211,0.0502,-0.0633,-1.69,81.06,343.19,-0.3704,9.8998,1.2468,9.9849,P003_Barbell_Bench_Press_Uncontrolled_Movement_1_025 (1).csv
3,13,1,2,1,57.973,57973,-1.3,8.46,1.49,8.688,0.0862,0.0687,-0.2978,-0.13,80.44,341.13,-0.4929,9.7101,1.2789,9.8063,P003_Barbell_Bench_Press_Uncontrolled_Movement_1_025 (1).csv
3,13,1,2,1,58.103,58103,1.06,9.75,2.33,10.0804,0.0371,0.0884,0.3927,-1.81,80.06,342.06,-0.2882,9.7154,1.4174,9.8224,P003_Barbell_Bench_Press_Uncontrolled_Movement_1_025 (1).csv
3,13,1,2,1,58.233,58233,0.43,9.67,1.65,9.8192,-0.0142,0.0305,0.0153,-3.81,80.06,343.69,-0.1936,9.7094,1.448,9.8187,P003_Barbell_Bench_Press_Uncontrolled_Movement_1_025 (1).csv
3,13,1,2,1,58.363,58363,1.58,9.43,1.5,9.6784,-0.072,-0.048,-0.0687,-3.75,80.5,343.69,0.0401,9.6726,1.4549,9.7815,P003_Barbell_Bench_Press_Uncontrolled_Movement_1_025 (1).csv
3,13,1,2,1,58.494,58494,0.39,9.69,1.22,9.7743,-0.1276,-0.1331,-0.4407,-1.5,81.25,342.13,0.0862,9.6749,1.4239,9.7795,P003_Barbell_Bench_Press_Uncontrolled_Movement_1_025 (1).csv
3,13,1,2,1,58.624,58624,-0.81,9.31,1.33,9.4393,-0.1156,-0.1145,-0.0644,0.5,82.19,341.06,-0.0319,9.6268,1.4115,9.7298,P003_Barbell_Bench_Press_Uncontrolled_Movement_1_025 (1).csv
3,13,1,2,1,58.797,58797,-0.15,10.39,0.78,10.4203,-0.1527,-0.0818,-0.0687,0.88,83.5,341.5,-0.0474,9.7274,1.3283,9.8177,P003_Barbell_Bench_Press_Uncontrolled_Movement_1_025 (1).csv
3,13,1,2,1,58.927,58927,-0.36,10.21,0.82,10.2492,0.0022,-0.012,0.2596,0.19,84.0,342.56,-0.0886,9.791,1.2613,9.8723,P003_Barbell_Bench_Press_Uncontrolled_Movement_1_025 (1).csv
3,13,1,2,1,59.057,59057,0.2,10.84,0.36,10.8478,-0.0164,0.0491,0.0785,-2.5,83.94,345.13,-0.0506,9.9292,1.1426,9.9948,P003_Barbell_Bench_Press_Uncontrolled_Movement_1_025 (1).csv
3,13,1,2,1,59.187,59187,0.43,9.83,2.01,10.0426,0.0513,0.1625,0.192,-3.13,83.75,344.94,0.0127,9.9161,1.2569,9.9955,P003_Barbell_Bench_Press_Uncontrolled_Movement_1_025 (1).csv
3,13,1,2,1,59.317,59317,-0.07,9.29,1.4,9.3952,0.144,0.2007,0.4691,-5.06,83.25,345.63,0.0018,9.8336,1.2757,9.916,P003_Barbell_Bench_Press_Uncontrolled_Movement_1_025 (1).csv
3,13,1,2,1,59.447,59447,1.44,10.51,0.84,10.6414,-0.0273,0.1691,-0.1854,-5.69,83.0,344.88,0.1913,9.9227,1.2183,9.9991,P003_Barbell_Bench_Press_Uncontrolled_Movement_1_025 (1).csv
3,13,1,2,1,59.577,59577,0.75,9.07,0.75,9.1318,0.1145,0.1484,-0.2531,-5.38,82.56,343.31,0.265,9.8104,1.1566,9.8819,P003_Barbell_Bench_Press_Uncontrolled_Movement_1_025 (1).csv
3,13,1,2,1,59.708,59708,-1.03,7.58,1.66,7.8277,-0.072,0.1276,-0.1385,-4.19,82.44,341.13,0.0943,9.5165,1.2229,9.5952,P003_Barbell_Bench_Press_Uncontrolled_Movement_1_025 (1).csv
3,13,1,2,1,59.881,59881,4.07,11.24,3.15,12.3622,-0.06,0.0305,0.3589,-5.75,83.25,341.94,0.6182,9.7436,1.4769,9.8743,P003_Barbell_Bench_Press_Uncontrolled_Movement_1_025 (1).csv
3,13,1,2,1,60.012,60012,0.14,7.77,-0.03,7.7713,-0.0796,-0.2923,-2.0388,0.69,83.25,336.5,0.5552,9.4835,1.2783,9.5854,P003_Barbell_Bench_Press_Uncontrolled_Movement_1_025 (1).csv
3,13,1,2,1,60.142,60142,3.68,9.22,3.05,10.3852,0.1985,-0.1113,1.0886,1.06,83.06,337.25,0.967,9.4488,1.5118,9.6177,P003_Barbell_Bench_Press_Uncontrolled_Movement_1_025 (1).csv
3,13,1,2,1,60.276,60276,-0.87,9.47,1.31,9.5997,0.2542,-0.1963,-0.2978,1.13,82.38,338.5,0.7249,9.4516,1.4852,9.595,P003_Barbell_Bench_Press_Uncontrolled_Movement_1_025 (1).csv
3,13,1,2,1,60.407,60407,-0.16,10.02,0.31,10.0261,-0.2945,-0.1276,-0.3011,1.81,83.38,338.88,0.6083,9.5265,1.3303,9.6381,P003_Barbell_Bench_Press_Uncontrolled_Movement_1_025 (1).csv
3,13,1,2,1,60.54,60540,-2.01,7.07,0.12,7.3511,-0.1582,-0.1462,-0.6861,9.25,84.75,332.56,0.2633,9.2028,1.1708,9.2807,P003_Barbell_Bench_Press_Uncontrolled_Movement_1_025 (1).csv
3,13,1,2,1,60.671,60671,3.36,9.52,0.26,10.0989,0.1244,-0.0011,0.7887,4.88,84.38,337.19,0.6713,9.2446,1.0508,9.3283,P003_Barbell_Bench_Press_Uncontrolled_Movement_1_025 (1).csv
3,13,1,2,1,60.802,60802,-1.49,7.26,1.5,7.5616,-0.0764,-0.072,-0.0785,6.44,84.5,336.38,0.3865,8.9831,1.11,9.0596,P003_Barbell_Bench_Press_Uncontrolled_Movement_1_025 (1).csv
3,13,1,2,1,60.974,60974,0.4,10.29,0.09,10.2982,0.0,-0.0175,0.1789,4.69,84.63,338.44,0.3883,9.1553,0.9756,9.2153,P003_Barbell_Bench_Press_Uncontrolled_Movement_1_025 (1).csv
3,13,1,2,1,61.105,61105,-1.74,9.42,0.82,9.6144,-0.0142,0.0022,-0.0131,6.88,84.94,336.5,0.1078,9.1902,0.9551,9.2403,P003_Barbell_Bench_Press_Uncontrolled_Movement_1_025 (1).csv
3,13,1,2,1,61.235,61235,-0.55,9.59,0.33,9.6114,0.0349,0.0393,0.2083,5.44,84.56,337.69,0.0212,9.2429,0.8727,9.284,P003_Barbell_Bench_Press_Uncontrolled_Movement_1_025 (1).csv
3,13,1,2,1,61.366,61366,-1.34,9.65,0.85,9.7796,-0.0807,0.0229,0.0044,5.63,84.75,337.38,-0.1582,9.2965,0.8697,9.3384,P003_Barbell_Bench_Press_Uncontrolled_Movement_1_025 (1).csv
3,13,1,2,1,61.496,61496,-0.36,9.76,0.82,9.801,0.0382,0.0196,0.06,4.44,84.69,338.31,-0.1848,9.3576,0.8632,9.3991,P003_Barbell_Bench_Press_Uncontrolled_Movement_1_025 (1).csv
3,13,1,2,1,61.627,61627,-0.89,9.67,0.55,9.7264,0.0022,0.0011,-0.0404,4.38,84.5,338.38,-0.2777,9.3988,0.8219,9.4387,P003_Barbell_Bench_Press_Uncontrolled_Movement_1_025 (1).csv
3,13,1,2,1,61.758,61758,-1.04,9.35,0.98,9.4586,0.0404,0.0,0.0011,4.69,84.38,338.06,-0.3782,9.3923,0.8427,9.4376,P003_Barbell_Bench_Press_Uncontrolled_Movement_1_025 (1).csv
3,13,1,2,1,61.888,61888,-0.68,9.68,0.85,9.741,0.0295,0.0185,0.1549,3.88,84.19,338.81,-0.4179,9.4302,0.8437,9.4771,P003_Barbell_Bench_Press_Uncontrolled_Movement_1_025 (1).csv
3,13,1,2,1,62.061,62061,-1.01,8.13,1.14,8.2714,-0.0229,-0.0251,-0.348,4.13,84.0,338.63,-0.496,9.2589,0.8827,9.3141,P003_Barbell_Bench_Press_Uncontrolled_Movement_1_025 (1).csv
3,13,1,2,1,62.195,62195,-1.72,8.61,0.3,8.7852,0.0218,0.0196,0.1505,4.5,83.81,338.31,-0.6573,9.1734,0.8059,9.2322,P003_Barbell_Bench_Press_Uncontrolled_Movement_1_025 (1).csv
3,13,1,2,1,62.326,62326,-1.17,9.49,0.68,9.586,0.0982,0.0153,0.4363,0.13,83.06,342.5,-0.7248,9.2151,0.7894,9.2772,P003_Barbell_Bench_Press_Uncontrolled_Movement_1_025 (1).csv
3,13,1,2,1,62.457,62457,2.0,10.6,1.29,10.8639,-0.0022,0.0687,0.5531,-2.75,83.25,345.25,-0.3658,9.3976,0.8553,9.4435,P003_Barbell_Bench_Press_Uncontrolled_Movement_1_025 (1).csv
3,13,1,2,1,62.587,62587,0.99,9.93,0.83,10.0137,0.0764,0.0,0.2902,-4.13,83.06,346.5,-0.1871,9.4678,0.852,9.5079,P003_Barbell_Bench_Press_Uncontrolled_Movement_1_025 (1).csv
3,13,1,2,1,62.717,62717,2.54,9.74,0.99,10.1143,0.0731,-0.0044,0.1473,-6.88,82.25,349.13,0.1723,9.5036,0.8702,9.5449,P003_Barbell_Bench_Press_Uncontrolled_Movement_1_025 (1).csv
3,13,1,2,1,62.848,62848,0.0,9.24,1.39,9.344,-0.0251,0.0185,-0.2563,-5.44,82.06,347.63,0.1496,9.4689,0.9387,9.5165,P003_Barbell_Bench_Press_Uncontrolled_Movement_1_025 (1).csv
3,13,1,2,1,62.979,62979,-0.54,10.0,1.27,10.0948,0.0971,0.0676,0.0033,-2.38,81.81,344.31,0.0587,9.5389,0.9823,9.5895,P003_Barbell_Bench_Press_Uncontrolled_Movement_1_025 (1).csv
3,13,1,2,1,63.151,63151,1.25,10.13,1.16,10.2725,0.1211,-0.0262,0.1004,-3.94,80.69,345.69,0.2157,9.6168,1.0057,9.6716,P003_Barbell_Bench_Press_Uncontrolled_Movement_1_025 (1).csv
3,13,1,2,1,63.281,63281,-0.79,8.78,1.72,8.9817,0.0262,-0.0436,-0.3687,-3.25,80.25,345.19,0.0832,9.5065,1.0999,9.5703,P003_Barbell_Bench_Press_Uncontrolled_Movement_1_025 (1).csv
3,13,1,2,1,63.411,63411,0.42,9.9,1.07,9.9665,-0.1582,0.0556,0.2149,-2.56,80.88,344.5,0.1275,9.5584,1.0959,9.6218,P003_Barbell_Bench_Press_Uncontrolled_Movement_1_025 (1).csv
3,13,1,2,1,63.541,63541,1.01,11.62,2.05,11.8426,-0.1353,0.0785,0.2847,-4.13,82.13,345.63,0.2438,9.83,1.2217,9.9087,P003_Barbell_Bench_Press_Uncontrolled_Movement_1_025 (1).csv
3,13,1,2,1,63.671,63671,0.66,9.59,1.0,9.6646,-0.0905,0.0316,-0.2378,-3.31,82.88,344.5,0.2987,9.7984,1.1924,9.8752,P003_Barbell_Bench_Press_Uncontrolled_Movement_1_025 (1).csv
3,13,1,2,1,63.801,63801,-1.32,10.32,0.97,10.4492,-0.0131,0.0207,0.0447,-2.25,83.25,343.31,0.0854,9.8671,1.1631,9.9358,P003_Barbell_Bench_Press_Uncontrolled_Movement_1_025 (1).csv
3,13,1,2,1,63.932,63932,0.77,9.8,0.97,9.8779,-0.1396,0.0404,0.4243,-4.25,83.75,345.13,0.1756,9.8583,1.1377,9.9253,P003_Barbell_Bench_Press_Uncontrolled_Movement_1_025 (1).csv
3,13,1,2,1,64.062,64062,2.44,9.58,1.74,10.0378,-0.0055,0.0218,0.4865,-6.94,84.25,347.69,0.474,9.8216,1.2171,9.9081,P003_Barbell_Bench_Press_Uncontrolled_Movement_1_025 (1).csv
3,13,1,2,1,64.235,64235,3.93,10.06,-0.39,10.8074,-0.0535,-0.0175,0.3796,-11.56,84.69,352.25,0.9294,9.853,1.0053,9.9477,P003_Barbell_Bench_Press_Uncontrolled_Movement_1_025 (1).csv
3,13,1,2,1,64.366,64366,1.45,8.18,1.1,8.38,-0.0851,-0.0425,-0.0971,-8.69,85.0,349.94,0.998,9.6326,1.0178,9.7375,P003_Barbell_Bench_Press_Uncontrolled_Movement_1_025 (1).csv
3,13,1,2,1,64.496,64496,-0.13,9.82,0.65,9.8423,0.036,-0.0578,-0.0927,-9.63,85.13,351.06,0.8494,9.6573,0.9693,9.7429,P003_Barbell_Bench_Press_Uncontrolled_Movement_1_025 (1).csv
3,13,1,2,1,64.627,64627,5.13,11.58,1.78,12.7899,0.0731,0.0305,0.9512,-10.81,85.13,352.38,1.4134,9.9106,1.0761,10.0686,P003_Barbell_Bench_Press_Uncontrolled_Movement_1_025 (1).csv
3,14,1,2,1,64.757,64757,1.04,8.23,-0.9,8.3441,-0.084,-0.1407,-1.5719,-7.13,85.0,349.25,1.3642,9.6892,0.8157,9.8187,P003_Barbell_Bench_Press_Uncontrolled_Movement_1_025 (1).csv
3,14,1,2,1,64.89,64890,-4.3,11.74,1.83,12.6359,0.0469,0.0873,0.4472,-3.94,85.31,346.13,0.6178,9.9594,0.9494,10.0236,P003_Barbell_Bench_Press_Uncontrolled_Movement_1_025 (1).csv
3,14,1,2,1,65.02,65020,-0.25,7.25,0.7,7.288,0.0175,-0.1156,-1.753,1.0,84.75,341.38,0.5035,9.6024,0.9165,9.6592,P003_Barbell_Bench_Press_Uncontrolled_Movement_1_025 (1).csv
3,14,1,2,1,65.155,65155,-0.75,8.21,0.71,8.2747,-0.0654,0.0545,0.0698,8.06,85.56,334.44,0.3383,9.4189,0.8893,9.4668,P003_Barbell_Bench_Press_Uncontrolled_Movement_1_025 (1).csv
3,14,1,2,1,65.327,65327,-0.23,9.73,0.38,9.7401,0.0687,0.0949,0.2847,6.56,85.56,335.31,0.2634,9.4599,0.8222,9.4992,P003_Barbell_Bench_Press_Uncontrolled_Movement_1_025 (1).csv
3,14,1,2,1,65.457,65457,-0.14,8.77,0.62,8.793,0.0611,0.0676,0.0022,6.25,84.94,335.13,0.2102,9.369,0.7955,9.4051,P003_Barbell_Bench_Press_Uncontrolled_Movement_1_025 (1).csv
3,14,1,2,1,65.587,65587,-0.68,9.5,1.02,9.5788,0.0251,0.0611,0.1931,5.44,84.56,335.5,0.0929,9.3863,0.8251,9.4229,P003_Barbell_Bench_Press_Uncontrolled_Movement_1_025 (1).csv
3,14,1,2,1,65.718,65718,-0.85,10.0,0.76,10.0648,0.0338,0.0175,-0.0338,5.38,84.44,335.38,-0.0313,9.4671,0.8165,9.5023,P003_Barbell_Bench_Press_Uncontrolled_Movement_1_025 (1).csv
3,14,1,2,1,65.848,65848,-0.29,9.63,1.03,9.6893,0.0316,0.0087,0.1898,4.56,84.19,336.13,-0.0654,9.4886,0.8447,9.5263,P003_Barbell_Bench_Press_Uncontrolled_Movement_1_025 (1).csv
3,14,1,2,1,65.978,65978,-1.13,9.17,1.37,9.3404,0.0098,-0.0305,0.0185,4.44,84.06,336.38,-0.2057,9.4466,0.9139,9.4929,P003_Barbell_Bench_Press_Uncontrolled_Movement_1_025 (1).csv
3,14,1,2,1,66.109,66109,-1.17,9.07,1.1,9.2111,0.0404,-0.0349,0.0316,4.44,83.81,336.63,-0.3328,9.397,0.9384,9.4496,P003_Barbell_Bench_Press_Uncontrolled_Movement_1_025 (1).csv
3,14,1,2,1,66.239,66239,-0.98,9.88,0.93,9.9719,-0.0109,-0.0415,0.0273,3.88,83.81,337.38,-0.4181,9.4606,0.9373,9.5161,P003_Barbell_Bench_Press_Uncontrolled_Movement_1_025 (1).csv
3,14,1,2,1,66.412,66412,-0.53,9.65,1.3,9.7516,0.0393,-0.0142,0.192,3.25,83.63,338.31,-0.4328,9.4856,0.9851,9.5464,P003_Barbell_Bench_Press_Uncontrolled_Movement_1_025 (1).csv
3,14,1,2,1,66.543,66543,-1.05,9.4,1.05,9.5166,-0.0938,-0.0993,-1.165,6.06,83.81,335.88,-0.5141,9.4743,0.9937,9.5401,P003_Barbell_Bench_Press_Uncontrolled_Movement_1_025 (1).csv
3,14,1,2,1,66.674,66674,-2.29,9.38,0.72,9.6823,-0.0502,-0.0611,-0.8159,12.69,84.25,329.69,-0.7481,9.4619,0.9576,9.5396,P003_Barbell_Bench_Press_Uncontrolled_Movement_1_025 (1).csv
3,14,1,2,1,66.804,66804,-2.48,8.16,1.27,8.6226,0.0654,-0.0044,-0.444,16.94,84.13,325.63,-0.9764,9.2903,0.9988,9.3947,P003_Barbell_Bench_Press_Uncontrolled_Movement_1_025 (1).csv
3,14,1,2,1,66.935,66935,-2.97,7.87,0.56,8.4304,0.0393,0.0033,-0.4625,20.25,83.81,322.38,-1.2391,9.1032,0.9409,9.2352,P003_Barbell_Bench_Press_Uncontrolled_Movement_1_025 (1).csv
3,14,1,2,1,67.065,67065,-3.88,9.04,0.91,9.8795,0.024,0.0676,0.4483,19.56,83.31,322.88,-1.5871,9.0948,0.9369,9.2797,P003_Barbell_Bench_Press_Uncontrolled_Movement_1_025 (1).csv
3,14,1,2,1,67.198,67198,-2.6,9.77,1.28,10.1907,0.2094,0.0742,0.672,15.44,82.5,326.81,-1.7206,9.1838,0.9821,9.3951,P003_Barbell_Bench_Press_Uncontrolled_Movement_1_025 (1).csv
3,14,1,2,1,67.329,67329,-3.31,7.99,1.68,8.8101,0.1385,-0.0305,0.0393,13.25,81.5,329.06,-1.93,9.0265,1.0741,9.2928,P003_Barbell_Bench_Press_Uncontrolled_Movement_1_025 (1).csv
3,14,1,2,1,67.504,67504,-1.96,9.87,2.12,10.2836,-0.1025,-0.1004,-0.2302,7.06,81.94,335.56,-1.934,9.1376,1.2119,9.4184,P003_Barbell_Bench_Press_Uncontrolled_Movement_1_025 (1).csv
3,14,1,2,1,67.634,67634,-1.81,6.96,-0.06,7.1918,-0.0644,-0.1156,-0.2116,10.38,82.63,333.0,-1.9176,8.8507,1.0443,9.1161,P003_Barbell_Bench_Press_Uncontrolled_Movement_1_025 (1).csv
3,14,1,2,1,67.765,67765,-1.53,9.62,0.46,9.7518,-0.1462,-0.0502,0.0862,9.19,83.94,334.56,-1.8665,8.9521,0.9673,9.1956,P003_Barbell_Bench_Press_Uncontrolled_Movement_1_025 (1).csv
3,14,1,2,1,67.895,67895,-0.7,11.29,1.18,11.3731,-0.084,-0.0316,0.0033,5.56,85.06,338.13,-1.7128,9.2601,0.9953,9.4697,P003_Barbell_Bench_Press_Uncontrolled_Movement_1_025 (1).csv
3,14,1,2,1,68.026,68026,0.0,11.34,1.25,11.4087,0.0731,-0.0175,-0.0589,3.75,85.13,339.94,-1.4871,9.5342,1.0289,9.7042,P003_Barbell_Bench_Press_Uncontrolled_Movement_1_025 (1).csv
3,15,1,2,1,68.156,68156,-0.58,8.88,-0.02,8.8989,0.1134,-0.0742,-0.1494,4.5,84.06,339.56,-1.3676,9.448,0.8907,9.5879,P003_Barbell_Bench_Press_Uncontrolled_Movement_1_025 (1).csv
3,15,1,2,1,68.286,68286,-1.39,8.89,-0.51,9.0125,0.0535,-0.0196,-0.0033,5.06,83.38,339.5,-1.3705,9.3745,0.7061,9.5004,P003_Barbell_Bench_Press_Uncontrolled_Movement_1_025 (1).csv
3,15,1,2,1,68.417,68417,-0.21,10.83,1.18,10.8961,-0.0196,0.012,0.2738,5.0,83.44,339.56,-1.2176,9.5663,0.7685,9.674,P003_Barbell_Bench_Press_Uncontrolled_Movement_1_025 (1).csv
3,15,1,2,1,68.59,68590,-1.94,10.02,1.03,10.2579,0.0491,0.0065,0.228,4.94,83.06,339.81,-1.3128,9.6261,0.803,9.7483,P003_Barbell_Bench_Press_Uncontrolled_Movement_1_025 (1).csv
3,15,1,2,1,68.72,68720,0.22,10.39,1.04,10.4442,0.0502,-0.0382,-0.1025,3.44,82.69,341.31,-1.1108,9.7267,0.8342,9.8254,P003_Barbell_Bench_Press_Uncontrolled_Movement_1_025 (1).csv
3,15,1,2,1,68.851,68851,-0.91,8.45,1.95,8.7197,0.0338,-0.0447,-0.132,4.69,82.5,340.5,-1.0844,9.5585,0.9813,9.6697,P003_Barbell_Bench_Press_Uncontrolled_Movement_1_025 (1).csv
3,15,1,2,1,68.982,68982,-0.67,10.28,0.65,10.3223,-0.0938,0.0044,0.1887,4.0,82.81,341.25,-1.0298,9.6536,0.9376,9.7535,P003_Barbell_Bench_Press_Uncontrolled_Movement_1_025 (1).csv
3,15,1,2,1,69.112,69112,-1.85,9.57,1.1,9.809,-0.0611,0.0207,-0.2705,5.25,83.38,339.94,-1.1378,9.6426,0.959,9.7567,P003_Barbell_Bench_Press_Uncontrolled_Movement_1_025 (1).csv
3,15,1,2,1,69.243,69243,-0.84,9.92,0.71,9.9808,-0.0338,0.0687,-0.0273,5.25,83.69,339.56,-1.0986,9.6791,0.9262,9.7852,P003_Barbell_Bench_Press_Uncontrolled_Movement_1_025 (1).csv
3,15,1,2,1,69.373,69373,0.09,9.49,1.05,9.5483,-0.0338,0.0764,0.1156,6.13,84.0,338.19,-0.942,9.6542,0.9425,9.7457,P003_Barbell_Bench_Press_Uncontrolled_Movement_1_025 (1).csv
3,15,1,2,1,69.507,69507,-0.8,10.11,1.13,10.2044,-0.0044,0.0764,0.3174,4.94,84.25,338.88,-0.9233,9.7143,0.9672,9.8059,P003_Barbell_Bench_Press_Uncontrolled_Movement_1_025 (1).csv
3,15,1,2,1,69.681,69681,0.38,11.03,1.11,11.0922,0.0316,0.0469,0.3491,-0.69,84.0,343.88,-0.7515,9.8876,0.986,9.9651,P003_Barbell_Bench_Press_Uncontrolled_Movement_1_025 (1).csv
3,15,1,2,1,69.812,69812,-0.97,9.62,0.9,9.7106,-0.0262,-0.0011,-0.2858,0.81,84.19,342.19,-0.7803,9.8524,0.9747,9.9312,P003_Barbell_Bench_Press_Uncontrolled_Movement_1_025 (1).csv
3,15,1,2,1,69.942,69942,1.67,11.29,1.38,11.496,0.1025,0.1298,1.4137,-3.56,83.88,346.13,-0.4574,10.0418,1.0281,10.1047,P003_Barbell_Bench_Press_Uncontrolled_Movement_1_025 (1).csv
3,15,1,2,1,70.073,70073,0.79,8.01,0.39,8.0583,-0.0425,-0.0753,-1.0548,-2.63,83.75,345.19,-0.293,9.7741,0.944,9.8239,P003_Barbell_Bench_Press_Uncontrolled_Movement_1_025 (1).csv
3,15,1,2,1,70.203,70203,2.81,11.48,0.26,11.8218,-0.0338,0.0873,0.5127,-2.69,84.31,345.06,0.1159,9.9989,0.8539,10.0359,P003_Barbell_Bench_Press_Uncontrolled_Movement_1_025 (1).csv
3,15,1,2,1,70.334,70334,-0.32,13.78,-0.62,13.7977,-0.12,0.0284,-0.0382,-4.75,85.06,346.75,0.0584,10.4971,0.6597,10.518,P003_Barbell_Bench_Press_Uncontrolled_Movement_1_025 (1).csv
3,15,1,2,1,70.464,70464,1.78,6.18,0.08,6.4317,-0.0022,-0.0873,-1.2512,-0.06,85.56,342.38,0.2853,9.9282,0.5833,9.9494,P003_Barbell_Bench_Press_Uncontrolled_Movement_1_025 (1).csv
3,15,1,2,1,70.595,70595,-4.63,11.95,1.68,12.9252,0.1963,-0.0665,-0.8279,0.06,85.44,342.06,-0.3624,10.1947,0.7278,10.227,P003_Barbell_Bench_Press_Uncontrolled_Movement_1_025 (1).csv
3,15,1,2,1,70.768,70768,-2.73,7.14,0.63,7.67,-0.2247,-0.1014,-1.6842,9.19,85.88,333.06,-0.6744,9.7921,0.7149,9.8413,P003_Barbell_Bench_Press_Uncontrolled_Movement_1_025 (1).csv
3,15,1,2,1,70.899,70899,-0.65,10.37,0.0,10.3904,0.0818,0.0873,0.1767,10.75,86.06,331.19,-0.6712,9.8683,0.6207,9.9105,P003_Barbell_Bench_Press_Uncontrolled_Movement_1_025 (1).csv
3,15,1,2,1,71.031,71031,-0.55,9.22,0.24,9.2395,0.0393,0.0164,-0.0709,10.25,85.44,331.44,-0.6552,9.7829,0.5705,9.8214,P003_Barbell_Bench_Press_Uncontrolled_Movement_1_025 (1).csv
3,15,1,2,1,71.165,71165,-2.09,9.69,0.26,9.9162,0.0087,0.0098,0.0785,10.81,85.19,330.88,-0.8443,9.7706,0.5296,9.8213,P003_Barbell_Bench_Press_Uncontrolled_Movement_1_025 (1).csv
3,15,1,2,1,71.296,71296,-2.06,9.1,0.74,9.3596,0.0556,-0.012,-0.0044,10.06,84.81,331.75,-1.0045,9.6822,0.5573,9.7502,P003_Barbell_Bench_Press_Uncontrolled_Movement_1_025 (1).csv
3,15,1,2,1,71.427,71427,-1.49,9.89,1.05,10.0566,0.0502,0.0087,0.252,9.31,84.63,332.56,-1.0685,9.7096,0.6223,9.788,P003_Barbell_Bench_Press_Uncontrolled_Movement_1_025 (1).csv
3,15,1,2,1,71.558,71558,-1.47,9.15,1.02,9.3233,0.0393,-0.0087,0.0676,8.44,84.25,333.5,-1.1214,9.6359,0.6747,9.7243,P003_Barbell_Bench_Press_Uncontrolled_Movement_1_025 (1).csv
3,15,1,2,1,71.688,71688,-1.2,9.62,0.97,9.743,0.0425,-0.0109,0.0316,7.81,83.94,334.19,-1.1317,9.6338,0.7136,9.7262,P003_Barbell_Bench_Press_Uncontrolled_Movement_1_025 (1).csv
3,15,1,2,1,71.861,71861,-1.13,9.35,1.17,9.4904,0.0491,-0.0022,0.1014,7.31,83.5,334.81,-1.1315,9.5964,0.7737,9.6938,P003_Barbell_Bench_Press_Uncontrolled_Movement_1_025 (1).csv
3,15,1,2,1,71.991,71991,-0.95,9.45,1.26,9.5808,0.0273,-0.0109,-0.1494,6.88,83.19,335.31,-1.1076,9.5771,0.8378,9.6773,P003_Barbell_Bench_Press_Uncontrolled_Movement_1_025 (1).csv
3,15,1,2,1,72.121,72121,-1.53,9.13,1.18,9.3322,-0.012,0.0044,-0.2171,8.31,83.13,333.88,-1.1633,9.5182,0.8829,9.6296,P003_Barbell_Bench_Press_Uncontrolled_Movement_1_025 (1).csv
3,15,1,2,1,72.251,72251,-1.29,8.99,1.09,9.1473,0.0338,0.048,0.0993,8.19,83.0,333.75,-1.18,9.4486,0.9102,9.5654,P003_Barbell_Bench_Press_Uncontrolled_Movement_1_025 (1).csv
3,15,1,2,1,72.381,72381,-2.07,9.19,1.17,9.4926,0.0687,-0.012,-0.2803,8.56,82.69,333.25,-1.2972,9.4145,0.9444,9.5503,P003_Barbell_Bench_Press_Uncontrolled_Movement_1_025 (1).csv
3,15,1,2,1,72.511,72511,-1.22,8.17,0.9,8.3095,-0.0633,-0.0164,-0.1342,9.0,82.69,332.75,-1.2871,9.2505,0.9386,9.3867,P003_Barbell_Bench_Press_Uncontrolled_Movement_1_025 (1).csv
3,16,1,2,1,72.641,72641,0.25,11.49,1.49,11.5889,-0.0905,0.0065,0.6436,7.19,83.63,334.44,-1.0845,9.5456,1.0112,9.6601,P003_Barbell_Bench_Press_Uncontrolled_Movement_1_025 (1).csv
3,16,1,2,1,72.772,72772,1.04,9.77,1.04,9.8801,0.0436,-0.0676,0.1287,5.31,83.56,336.63,-0.8046,9.5752,1.015,9.6624,P003_Barbell_Bench_Press_Uncontrolled_Movement_1_025 (1).csv
3,16,1,2,1,72.945,72945,-1.93,7.92,1.34,8.2612,-0.0894,-0.0251,0.5443,8.81,84.13,334.06,-0.9529,9.3571,1.0579,9.4648,P003_Barbell_Bench_Press_Uncontrolled_Movement_1_025 (1).csv
3,16,1,2,1,73.075,73075,-0.93,9.46,0.93,9.551,-0.0033,0.0109,0.3087,5.63,84.44,337.31,-0.9499,9.3706,1.041,9.476,P003_Barbell_Bench_Press_Uncontrolled_Movement_1_025 (1).csv
3,16,1,2,1,73.206,73206,-1.13,9.86,1.01,9.9758,0.0,0.0207,0.1527,4.69,84.63,338.13,-0.9736,9.4351,1.0369,9.5417,P003_Barbell_Bench_Press_Uncontrolled_Movement_1_025 (1).csv
3,16,1,2,1,73.336,73336,-0.34,10.51,1.28,10.5931,0.1124,0.0065,0.2465,3.19,84.06,339.5,-0.8901,9.5768,1.0689,9.6773,P003_Barbell_Bench_Press_Uncontrolled_Movement_1_025 (1).csv
3,16,1,2,1,73.468,73468,-0.8,10.18,0.66,10.2327,0.0993,-0.0251,-0.1516,1.19,83.13,341.56,-0.8782,9.6563,1.0151,9.7491,P003_Barbell_Bench_Press_Uncontrolled_Movement_1_025 (1).csv
3,16,1,2,1,73.599,73599,-0.46,7.93,1.05,8.0124,0.0022,0.0273,0.072,1.81,82.81,340.88,-0.8231,9.4288,1.0197,9.5194,P003_Barbell_Bench_Press_Uncontrolled_Movement_1_025 (1).csv
3,16,1,2,1,73.734,73734,-0.22,10.64,0.49,10.6535,-0.1604,0.0938,0.2236,0.63,83.56,341.69,-0.7436,9.5884,0.9499,9.664,P003_Barbell_Bench_Press_Uncontrolled_Movement_1_025 (1).csv
3,16,1,2,1,73.865,73865,0.11,9.59,1.22,9.6679,-0.0371,0.0447,-0.2553,1.25,84.38,340.5,-0.6312,9.5886,0.9855,9.6597,P003_Barbell_Bench_Press_Uncontrolled_Movement_1_025 (1).csv
3,16,1,2,1,74.038,74038,-0.59,9.66,0.23,9.6807,0.0055,0.0251,0.0327,1.19,84.38,340.25,-0.6257,9.598,0.8859,9.6591,P003_Barbell_Bench_Press_Uncontrolled_Movement_1_025 (1).csv
3,16,1,2,1,74.169,74169,-0.16,9.55,1.2,9.6264,-0.0207,0.0055,0.0567,0.56,84.56,340.69,-0.5644,9.5917,0.9273,9.6529,P003_Barbell_Bench_Press_Uncontrolled_Movement_1_025 (1).csv
3,16,1,2,1,74.3,74300,-0.16,10.1,0.66,10.1228,-0.0415,0.0175,0.0927,0.13,84.88,341.13,-0.5111,9.6587,0.8921,9.7132,P003_Barbell_Bench_Press_Uncontrolled_Movement_1_025 (1).csv
3,16,1,2,1,74.43,74430,0.75,11.53,1.14,11.6105,0.024,0.0458,0.1844,-0.88,85.0,342.0,-0.3449,9.9053,0.9247,9.9543,P003_Barbell_Bench_Press_Uncontrolled_Movement_1_025 (1).csv
3,16,1,2,1,74.561,74561,0.26,8.63,0.75,8.6664,0.0502,0.0098,-0.1778,-0.13,84.75,341.06,-0.2652,9.7372,0.9017,9.7825,P003_Barbell_Bench_Press_Uncontrolled_Movement_1_025 (1).csv
3,16,1,2,1,74.692,74692,-1.29,10.63,0.33,10.7131,0.012,-0.0098,-0.3709,1.94,84.5,338.94,-0.4002,9.8549,0.8264,9.8975,P003_Barbell_Bench_Press_Uncontrolled_Movement_1_025 (1).csv
3,16,1,2,1,74.827,74827,-0.33,9.67,0.81,9.7095,0.0894,0.0284,0.276,1.88,84.06,338.88,-0.391,9.8305,0.8242,9.8727,P003_Barbell_Bench_Press_Uncontrolled_Movement_1_025 (1).csv
3,16,1,2,1,74.958,74958,0.17,9.66,1.07,9.7206,0.1167,0.0076,-0.0295,0.75,83.38,339.94,-0.3171,9.808,0.8566,9.8505,P003_Barbell_Bench_Press_Uncontrolled_Movement_1_025 (1).csv
3,16,1,2,1,75.131,75131,-0.15,9.7,1.17,9.7715,0.0818,0.0327,0.2214,-0.06,82.44,340.63,-0.295,9.7938,0.8979,9.8393,P003_Barbell_Bench_Press_Uncontrolled_Movement_1_025 (1).csv
3,16,1,2,1,75.261,75261,1.21,10.43,1.06,10.5533,-0.0382,0.0611,0.2498,-2.38,82.25,342.63,-0.0967,9.8776,0.9193,9.9208,P003_Barbell_Bench_Press_Uncontrolled_Movement_1_025 (1).csv
3,16,1,2,1,75.391,75391,-0.67,9.62,1.19,9.7164,-0.2291,-0.0305,-0.1756,-1.75,83.31,341.94,-0.1723,9.8437,0.9549,9.8914,P003_Barbell_Bench_Press_Uncontrolled_Movement_1_025 (1).csv
3,16,1,2,1,75.521,75521,3.66,10.8,1.77,11.5399,-0.1265,-0.0338,0.5094,-3.81,84.5,344.25,0.3327,9.9697,1.0623,10.0317,P003_Barbell_Bench_Press_Uncontrolled_Movement_1_025 (1).csv
3,16,1,2,1,75.651,75651,1.8,9.71,0.38,9.8827,-0.06,-0.0578,0.1931,-4.69,85.0,345.63,0.5261,9.9355,0.9724,9.9968,P003_Barbell_Bench_Press_Uncontrolled_Movement_1_025 (1).csv
3,16,1,2,1,75.781,75781,4.54,7.77,2.23,9.2713,-0.3283,-0.0153,-0.4287,-2.81,86.19,344.06,1.055,9.6501,1.1381,9.7741,P003_Barbell_Bench_Press_Uncontrolled_Movement_1_025 (1).csv
3,16,1,2,1,75.912,75912,-1.9,8.5,1.04,8.7716,-0.1069,0.0687,0.1887,0.56,88.06,340.56,0.6656,9.4986,1.1252,9.5881,P003_Barbell_Bench_Press_Uncontrolled_Movement_1_025 (1).csv
3,16,1,2,1,76.042,76042,-1.03,10.44,0.91,10.5301,-0.0175,0.0251,-0.2411,-0.38,88.69,341.13,0.4422,9.6226,1.0969,9.695,P003_Barbell_Bench_Press_Uncontrolled_Movement_1_025 (1).csv
3,16,1,2,1,76.215,76215,-1.87,11.09,-1.0,11.2909,-0.0971,0.0469,-0.3894,1.19,89.19,339.06,0.1375,9.816,0.8205,9.8512,P003_Barbell_Bench_Press_Uncontrolled_Movement_1_025 (1).csv
3,16,1,2,1,76.345,76345,0.06,11.38,-0.34,11.3852,0.0425,0.0284,-0.0491,2.13,89.38,337.75,0.1273,10.0221,0.6676,10.0451,P003_Barbell_Bench_Press_Uncontrolled_Movement_1_025 (1).csv
3,16,1,2,1,76.475,76475,-0.12,10.56,-0.68,10.5826,0.2062,-0.1167,-0.9588,3.88,88.44,336.25,0.0947,10.093,0.49,10.1053,P003_Barbell_Bench_Press_Uncontrolled_Movement_1_025 (1).csv
3,16,1,2,1,76.605,76605,-1.58,6.11,-0.26,6.3163,0.0764,-0.0513,-0.648,11.13,87.5,329.88,-0.126,9.5681,0.3912,9.5769,P003_Barbell_Bench_Press_Uncontrolled_Movement_1_025 (1).csv
3,16,1,2,1,76.735,76735,-1.0,9.16,0.9,9.2583,0.2945,0.0567,0.9828,11.0,86.19,330.31,-0.2412,9.5143,0.4582,9.5284,P003_Barbell_Bench_Press_Uncontrolled_Movement_1_025 (1).csv
3,16,1,2,1,76.865,76865,-1.52,8.33,0.58,8.4874,-0.0055,-0.0262,-0.3065,10.38,85.19,331.13,-0.4097,9.3583,0.4743,9.3792,P003_Barbell_Bench_Press_Uncontrolled_Movement_1_025 (1).csv
3,17,1,2,1,76.995,76995,-2.22,10.16,1.37,10.4896,0.0284,0.0469,0.3131,9.88,85.31,331.44,-0.6482,9.4639,0.5923,9.5046,P003_Barbell_Bench_Press_Uncontrolled_Movement_1_025 (1).csv
3,17,1,2,1,77.126,77126,-1.33,8.53,1.11,8.7041,-0.0447,0.012,-0.0524,9.13,85.06,332.06,-0.7381,9.3409,0.6605,9.3932,P003_Barbell_Bench_Press_Uncontrolled_Movement_1_025 (1).csv
3,17,1,2,1,77.299,77299,-0.15,10.64,0.5,10.6528,-0.0011,0.0436,0.48,7.88,85.0,333.13,-0.6606,9.512,0.6394,9.5564,P003_Barbell_Bench_Press_Uncontrolled_Movement_1_025 (1).csv
3,17,1,2,1,77.43,77430,-1.03,8.76,0.64,8.8435,-0.0087,-0.0044,-0.1985,7.38,84.94,333.56,-0.7093,9.4129,0.6395,9.4613,P003_Barbell_Bench_Press_Uncontrolled_Movement_1_025 (1).csv
3,17,1,2,1,77.561,77561,-0.74,10.29,0.92,10.3575,0.0305,0.036,0.4516,6.75,85.06,334.13,-0.7133,9.5285,0.6764,9.5791,P003_Barbell_Bench_Press_Uncontrolled_Movement_1_025 (1).csv
3,17,1,2,1,77.692,77692,-0.96,9.15,0.8,9.2349,0.0502,-0.0284,-0.2105,5.81,84.69,335.06,-0.7458,9.4786,0.6927,9.5331,P003_Barbell_Bench_Press_Uncontrolled_Movement_1_025 (1).csv
3,17,1,2,1,77.822,77822,-1.99,9.03,0.87,9.2875,0.0491,-0.0327,-0.1429,7.88,84.44,333.31,-0.9098,9.4195,0.7161,9.4904,P003_Barbell_Bench_Press_Uncontrolled_Movement_1_025 (1).csv
3,17,1,2,1,77.954,77954,-1.68,8.26,0.68,8.4565,0.0469,-0.0065,0.3807,6.38,84.06,334.94,-1.0113,9.2667,0.7113,9.3488,P003_Barbell_Bench_Press_Uncontrolled_Movement_1_025 (1).csv
3,17,1,2,1,78.089,78089,-0.09,10.96,1.03,11.0087,0.0338,-0.0404,0.2585,3.63,84.06,337.88,-0.8899,9.4899,0.7533,9.5612,P003_Barbell_Bench_Press_Uncontrolled_Movement_1_025 (1).csv
3,17,1,2,1,78.219,78219,-2.04,9.29,0.73,9.5393,0.0654,-0.0731,-0.0818,5.44,83.63,336.69,-1.0414,9.4635,0.7502,9.5502,P003_Barbell_Bench_Press_Uncontrolled_Movement_1_025 (1).csv
3,17,1,2,1,78.392,78392,1.1,13.2,0.6,13.2593,0.0436,-0.0131,0.552,-0.5,82.88,342.81,-0.7592,9.9559,0.7304,10.0115,P003_Barbell_Bench_Press_Uncontrolled_Movement_1_025 (1).csv
3,17,1,2,1,78.522,78522,-1.97,5.92,1.21,6.3554,-0.1025,-0.0807,-0.7952,3.44,83.0,339.31,-0.9188,9.4241,0.7936,9.5019,P003_Barbell_Bench_Press_Uncontrolled_Movement_1_025 (1).csv
3,17,1,2,1,78.652,78652,-1.71,8.51,1.62,8.83,-0.0295,0.0654,0.4603,3.44,83.88,339.19,-1.023,9.3036,0.9025,9.4031,P003_Barbell_Bench_Press_Uncontrolled_Movement_1_025 (1).csv
3,17,1,2,1,78.782,78782,0.23,11.57,1.55,11.6756,0.0774,0.1047,0.9032,-0.69,83.81,342.81,-0.8579,9.6023,0.9879,9.691,P003_Barbell_Bench_Press_Uncontrolled_Movement_1_025 (1).csv
3,17,1,2,1,78.912,78912,1.05,8.55,0.52,8.6299,0.1134,0.0273,0.5836,-2.38,82.88,344.31,-0.6065,9.4636,0.9262,9.5281,P003_Barbell_Bench_Press_Uncontrolled_Movement_1_025 (1).csv
3,17,1,2,1,79.043,79043,0.43,10.36,1.98,10.5563,0.0196,0.0502,0.4952,-5.44,82.56,347.19,-0.4699,9.5817,1.0651,9.6522,P003_Barbell_Bench_Press_Uncontrolled_Movement_1_025 (1).csv
3,17,1,2,1,79.173,79173,1.37,10.52,1.17,10.6732,0.1374,0.0436,0.1625,-8.44,82.31,349.69,-0.2275,9.7054,1.0789,9.7678,P003_Barbell_Bench_Press_Uncontrolled_Movement_1_025 (1).csv
3,17,1,2,1,79.303,79303,2.73,10.23,1.28,10.6651,0.0229,-0.0142,-0.5007,-8.38,81.56,349.38,0.1622,9.7745,1.1054,9.8381,P003_Barbell_Bench_Press_Uncontrolled_Movement_1_025 (1).csv
3,17,1,2,1,79.476,79476,0.6,9.94,1.2,10.0301,-0.0731,0.0589,-0.2193,-5.25,81.31,345.88,0.2199,9.7963,1.1179,9.8623,P003_Barbell_Bench_Press_Uncontrolled_Movement_1_025 (1).csv
3,17,1,2,1,79.606,79606,-0.12,10.48,1.45,10.5805,-0.156,0.0349,-0.4723,-2.31,82.25,342.63,0.1751,9.8864,1.1616,9.956,P003_Barbell_Bench_Press_Uncontrolled_Movement_1_025 (1).csv
3,17,1,2,1,79.736,79736,-0.59,9.53,1.4,9.6503,-0.0404,0.0164,0.0905,-0.13,83.0,340.31,0.0743,9.8394,1.193,9.9118,P003_Barbell_Bench_Press_Uncontrolled_Movement_1_025 (1).csv
3,17,1,2,1,79.866,79866,1.26,10.04,0.61,10.1371,-0.0185,-0.0436,0.0873,-1.31,83.13,341.56,0.2306,9.8659,1.1162,9.9315,P003_Barbell_Bench_Press_Uncontrolled_Movement_1_025 (1).csv
3,17,1,2,1,79.996,79996,-0.33,9.85,1.25,9.9345,0.0142,-0.108,-0.1734,0.0,83.19,340.94,0.1567,9.8638,1.1338,9.93,P003_Barbell_Bench_Press_Uncontrolled_Movement_1_025 (1).csv
3,17,1,2,1,80.126,80126,-0.65,11.19,0.99,11.2525,-0.0436,-0.0949,0.0873,-0.44,83.38,342.13,0.0504,10.0385,1.1149,10.1004,P003_Barbell_Bench_Press_Uncontrolled_Movement_1_025 (1).csv
3,17,1,2,1,80.257,80257,-0.74,10.51,0.37,10.5425,-0.0774,-0.0469,0.3818,-1.81,83.69,344.0,-0.0538,10.1007,1.0167,10.1518,P003_Barbell_Bench_Press_Uncontrolled_Movement_1_025 (1).csv
3,17,1,2,1,80.387,80387,1.39,10.08,1.55,10.2928,-0.0196,0.0676,0.5149,-6.5,84.0,348.5,0.1365,10.0979,1.087,10.1572,P003_Barbell_Bench_Press_Uncontrolled_Movement_1_025 (1).csv
3,17,1,2,1,80.56,80560,1.58,10.39,-0.19,10.5112,-0.1102,0.1167,0.7101,-8.56,84.75,350.19,0.3267,10.1364,0.9187,10.1832,P003_Barbell_Bench_Press_Uncontrolled_Movement_1_025 (1).csv
3,17,1,2,1,80.691,80691,0.99,13.03,0.67,13.0847,-0.1767,0.0295,-0.2116,-8.5,86.0,349.81,0.4141,10.5177,0.8859,10.5631,P003_Barbell_Bench_Press_Uncontrolled_Movement_1_025 (1).csv
3,17,1,2,1,80.822,80822,2.4,7.88,-0.18,8.2393,-0.0894,-0.1538,-2.15,-4.5,86.69,346.0,0.6758,10.1701,0.7455,10.2198,P003_Barbell_Bench_Press_Uncontrolled_Movement_1_025 (1).csv
3,17,1,2,1,80.953,80953,-2.37,5.95,1.16,6.5088,0.1505,-0.0327,-0.6818,6.5,86.81,335.63,0.2744,9.614,0.8001,9.6512,P003_Barbell_Bench_Press_Uncontrolled_Movement_1_025 (1).csv
3,17,1,2,1,81.084,81084,0.19,10.15,-0.92,10.1934,0.0491,0.0774,0.6763,4.88,85.5,337.13,0.2633,9.6847,0.5734,9.7052,P003_Barbell_Bench_Press_Uncontrolled_Movement_1_025 (1).csv
3,17,1,2,1,81.219,81219,-0.89,8.99,1.06,9.0959,-0.0207,-0.0109,-0.2007,4.0,85.19,337.94,0.1113,9.5931,0.6376,9.6149,P003_Barbell_Bench_Press_Uncontrolled_Movement_1_025 (1).csv
3,18,1,2,1,81.35,81350,-0.61,10.39,0.37,10.4145,-0.0109,0.0011,0.1898,4.0,85.56,337.94,0.0163,9.6981,0.6023,9.7168,P003_Barbell_Bench_Press_Uncontrolled_Movement_1_025 (1).csv
3,18,1,2,1,81.48,81480,-0.65,9.69,0.15,9.7129,0.0305,-0.0142,-0.1702,4.38,85.44,337.63,-0.0715,9.6971,0.5427,9.7125,P003_Barbell_Bench_Press_Uncontrolled_Movement_1_025 (1).csv
3,18,1,2,1,81.653,81653,-1.23,9.58,0.72,9.6854,0.0676,-0.0316,-0.0535,6.63,85.56,335.75,-0.2242,9.6816,0.5661,9.7008,P003_Barbell_Bench_Press_Uncontrolled_Movement_1_025 (1).csv
3,18,1,2,1,81.784,81784,-1.16,9.24,0.71,9.3396,0.0556,-0.0273,0.1189,6.25,85.19,336.38,-0.3475,9.6234,0.585,9.6475,P003_Barbell_Bench_Press_Uncontrolled_Movement_1_025 (1).csv
3,18,1,2,1,81.914,81914,-1.18,9.9,0.72,9.996,0.0535,-0.036,0.0131,6.19,85.0,336.69,-0.4572,9.6599,0.6028,9.6895,P003_Barbell_Bench_Press_Uncontrolled_Movement_1_025 (1).csv
3,18,1,2,1,82.045,82045,-0.79,8.83,1.01,8.9226,0.0851,-0.0164,0.1953,5.31,84.5,337.81,-0.5011,9.5505,0.6565,9.5862,P003_Barbell_Bench_Press_Uncontrolled_Movement_1_025 (1).csv
3,18,1,2,1,82.176,82176,-0.45,9.02,0.63,9.0532,0.0873,-0.0349,0.0316,4.5,83.94,338.94,-0.4943,9.4806,0.653,9.5159,P003_Barbell_Bench_Press_Uncontrolled_Movement_1_025 (1).csv
3,18,1,2,1,82.306,82306,-0.95,8.73,1.08,8.8477,0.0011,-0.0513,-0.2934,6.19,83.94,337.56,-0.5544,9.3817,0.7093,9.4248,P003_Barbell_Bench_Press_Uncontrolled_Movement_1_025 (1).csv
3,18,1,2,1,82.437,82437,0.39,11.37,1.38,11.4601,0.0884,0.0502,0.9207,4.44,83.5,339.44,-0.4299,9.6437,0.7976,9.6862,P003_Barbell_Bench_Press_Uncontrolled_Movement_1_025 (1).csv
3,18,1,2,1,82.567,82567,0.14,10.3,1.57,10.4199,0.1091,0.0229,0.5247,1.25,82.44,342.5,-0.3548,9.7302,0.8994,9.7781,P003_Barbell_Bench_Press_Uncontrolled_Movement_1_025 (1).csv
3,18,1,2,1,82.74,82740,-0.4,9.3,1.07,9.3699,-0.0305,0.024,0.1614,-0.94,82.0,344.69,-0.3608,9.6735,0.9219,9.724,P003_Barbell_Bench_Press_Uncontrolled_Movement_1_025 (1).csv
3,18,1,2,1,82.874,82874,0.0,9.5,1.53,9.6224,-0.0447,0.0513,0.1822,-3.44,82.19,346.75,-0.3132,9.6506,1.002,9.7076,P003_Barbell_Bench_Press_Uncontrolled_Movement_1_025 (1).csv
3,18,1,2,1,83.006,83006,1.48,8.94,0.8,9.0969,-0.1527,0.0065,-0.1353,-3.81,83.13,346.94,-0.0769,9.557,0.9754,9.607,P003_Barbell_Bench_Press_Uncontrolled_Movement_1_025 (1).csv
3,18,1,2,1,83.136,83136,0.6,9.98,0.37,10.0049,-0.1004,0.0349,0.348,-4.31,84.31,347.38,0.0123,9.6127,0.8956,9.6544,P003_Barbell_Bench_Press_Uncontrolled_Movement_1_025 (1).csv
3,18,1,2,1,83.266,83266,0.34,10.01,1.1,10.076,-0.0185,0.036,-0.0851,-5.31,85.0,348.19,0.0555,9.6651,0.9226,9.7092,P003_Barbell_Bench_Press_Uncontrolled_Movement_1_025 (1).csv
3,18,1,2,1,83.397,83397,2.12,10.52,1.38,10.8199,0.0404,0.0393,0.0033,-5.56,84.94,348.13,0.3275,9.7777,0.9828,9.8325,P003_Barbell_Bench_Press_Uncontrolled_Movement_1_025 (1).csv
3,18,1,2,1,83.527,83527,1.26,9.51,0.66,9.6158,0.1745,-0.0033,-0.0404,-5.63,83.94,347.94,0.4504,9.7425,0.9403,9.7981,P003_Barbell_Bench_Press_Uncontrolled_Movement_1_025 (1).csv
3,18,1,2,1,83.658,83658,0.96,9.85,1.3,9.9817,0.2487,0.0185,0.5901,-6.25,82.56,348.5,0.5175,9.7566,0.9877,9.8201,P003_Barbell_Bench_Press_Uncontrolled_Movement_1_025 (1).csv
3,18,1,2,1,83.831,83831,1.94,9.6,1.88,9.9729,0.0055,-0.0055,-0.0447,-7.25,81.31,349.63,0.705,9.736,1.1053,9.8239,P003_Barbell_Bench_Press_Uncontrolled_Movement_1_025 (1).csv
3,18,1,2,1,83.961,83961,1.12,10.62,1.9,10.8466,-0.1429,-0.0044,-0.288,-4.69,82.06,347.13,0.7597,9.8525,1.21,9.9555,P003_Barbell_Bench_Press_Uncontrolled_Movement_1_025 (1).csv
3,18,1,2,1,84.092,84092,-0.89,9.82,1.05,9.916,-0.0949,-0.024,-0.4745,-1.44,83.0,344.06,0.5423,9.8482,1.1889,9.9345,P003_Barbell_Bench_Press_Uncontrolled_Movement_1_025 (1).csv
3,18,1,2,1,84.222,84222,-0.74,10.11,0.53,10.1509,-0.0567,-0.0164,-0.1156,0.94,83.56,341.81,0.3733,9.8827,1.1021,9.951,P003_Barbell_Bench_Press_Uncontrolled_Movement_1_025 (1).csv
3,18,1,2,1,84.354,84354,-0.45,10.14,0.69,10.1734,-0.0382,0.0,0.0305,0.94,83.94,341.81,0.2648,9.9166,1.0478,9.9753,P003_Barbell_Bench_Press_Uncontrolled_Movement_1_025 (1).csv
3,18,1,2,1,84.484,84484,0.31,12.66,1.17,12.7177,-0.096,0.0022,0.096,-0.75,84.38,343.56,0.2708,10.2781,1.0639,10.3366,P003_Barbell_Bench_Press_Uncontrolled_Movement_1_025 (1).csv
3,18,1,2,1,84.616,84616,-0.78,12.81,0.51,12.8439,-0.0731,0.0491,0.3382,-1.69,85.0,344.38,0.1323,10.6118,0.9909,10.6587,P003_Barbell_Bench_Press_Uncontrolled_Movement_1_025 (1).csv
3,18,1,2,1,84.747,84747,1.75,12.46,0.69,12.6012,0.0665,0.0142,0.0065,-5.38,84.81,347.63,0.3455,10.8553,0.9513,10.9024,P003_Barbell_Bench_Press_Uncontrolled_Movement_1_025 (1).csv
3,18,1,2,1,84.922,84922,2.76,4.54,-0.63,5.3503,0.1494,-0.1996,-2.8329,2.5,83.5,340.06,0.6637,10.0231,0.7429,10.0725,P003_Barbell_Bench_Press_Uncontrolled_Movement_1_025 (1).csv
3,18,1,2,1,85.052,85052,0.88,7.6,0.63,7.6767,0.048,0.1364,1.2086,8.31,82.94,334.5,0.6922,9.7038,0.728,9.7557,P003_Barbell_Bench_Press_Uncontrolled_Movement_1_025 (1).csv
3,18,1,2,1,85.183,85183,1.01,12.34,0.24,12.3836,-0.2029,-0.0185,-0.4036,3.94,82.81,338.44,0.734,10.0512,0.6637,10.0998,P003_Barbell_Bench_Press_Uncontrolled_Movement_1_025 (1).csv
3,18,1,2,1,85.313,85313,-1.86,9.09,1.1,9.3433,-0.0229,-0.0076,-0.0458,7.44,83.38,335.13,0.3922,9.9245,0.7212,9.9584,P003_Barbell_Bench_Press_Uncontrolled_Movement_1_025 (1).csv
3,18,1,2,1,85.443,85443,-0.13,9.37,0.9,9.414,0.0382,-0.0207,-0.048,6.38,83.44,336.19,0.3234,9.8515,0.7448,9.8849,P003_Barbell_Bench_Press_Uncontrolled_Movement_1_025 (1).csv
3,18,1,2,1,85.574,85574,-2.43,9.22,0.82,9.57,-0.0545,-0.0524,-0.2193,8.19,83.94,334.69,-0.0394,9.7682,0.7547,9.7974,P003_Barbell_Bench_Press_Uncontrolled_Movement_1_025 (1).csv
3,18,1,2,1,85.704,85704,-1.32,9.6,1.04,9.746,-0.0044,-0.0196,0.1134,7.25,84.19,335.75,-0.2082,9.7461,0.7923,9.7804,P003_Barbell_Bench_Press_Uncontrolled_Movement_1_025 (1).csv
3,18,1,2,1,85.836,85836,-1.57,9.37,0.66,9.5235,-0.0218,-0.0404,-0.0305,7.13,84.31,336.13,-0.3876,9.6965,0.7748,9.7351,P003_Barbell_Bench_Press_Uncontrolled_Movement_1_025 (1).csv
3,18,1,2,1,86.009,86009,-1.05,9.58,0.7,9.6628,0.0164,-0.012,0.1713,5.69,84.5,337.75,-0.4749,9.6812,0.765,9.7229,P003_Barbell_Bench_Press_Uncontrolled_Movement_1_025 (1).csv
3,18,1,2,1,86.14,86140,-0.82,9.79,0.65,9.8458,0.0087,0.0022,0.108,5.06,84.56,338.44,-0.5204,9.6955,0.7498,9.7384,P003_Barbell_Bench_Press_Uncontrolled_Movement_1_025 (1).csv
3,18,1,2,1,86.275,86275,-0.68,9.74,0.67,9.7867,0.0055,-0.0022,-0.0829,4.69,84.63,338.81,-0.5414,9.7014,0.7393,9.7446,P003_Barbell_Bench_Press_Uncontrolled_Movement_1_025 (1).csv
3,18,1,2,1,86.406,86406,-0.17,9.29,1.09,9.3553,0.0654,0.0142,-0.1374,5.0,84.38,338.44,-0.4925,9.6472,0.7855,9.6916,P003_Barbell_Bench_Press_Uncontrolled_Movement_1_025 (1).csv
3,18,1,2,1,86.537,86537,-2.88,9.08,0.35,9.5322,0.0807,0.0818,0.901,4.69,83.63,338.69,-0.8071,9.5724,0.7281,9.6339,P003_Barbell_Bench_Press_Uncontrolled_Movement_1_025 (1).csv
3,18,1,2,1,86.667,86667,-0.42,9.08,0.52,9.1046,-0.0513,0.0229,0.2498,0.38,83.69,342.69,-0.7561,9.5075,0.7007,9.5633,P003_Barbell_Bench_Press_Uncontrolled_Movement_1_025 (1).csv
3,19,1,2,1,86.797,86797,-0.08,10.29,1.03,10.3417,-0.048,0.0,0.1451,-0.44,84.31,343.56,-0.667,9.6106,0.7441,9.6625,P003_Barbell_Bench_Press_Uncontrolled_Movement_1_025 (1).csv
3,19,1,2,1,86.928,86928,0.69,9.06,0.79,9.1205,0.0535,-0.0469,-0.4418,-1.19,84.06,344.38,-0.4882,9.5381,0.7501,9.58,P003_Barbell_Bench_Press_Uncontrolled_Movement_1_025 (1).csv
3,19,1,2,1,87.101,87101,-0.09,10.22,1.61,10.3464,0.0862,0.0545,0.3949,-3.06,83.38,346.06,-0.4357,9.6279,0.8635,9.6764,P003_Barbell_Bench_Press_Uncontrolled_Movement_1_025 (1).csv
3,19,1,2,1,87.231,87231,0.74,9.55,0.37,9.5858,-0.06,0.072,-0.2662,-3.88,83.44,346.31,-0.2808,9.6177,0.7984,9.6548,P003_Barbell_Bench_Press_Uncontrolled_Movement_1_025 (1).csv
3,19,1,2,1,87.361,87361,3.25,10.5,1.28,11.0658,0.0022,0.2203,0.8247,-4.19,83.88,345.75,0.1845,9.7339,0.8619,9.7738,P003_Barbell_Bench_Press_Uncontrolled_Movement_1_025 (1).csv
3,19,1,2,1,87.491,87491,-1.65,8.05,0.27,8.2218,-0.1134,0.156,-0.408,0.5,84.56,340.06,-0.0572,9.512,0.7839,9.5445,P003_Barbell_Bench_Press_Uncontrolled_Movement_1_025 (1).csv
3,19,1,2,1,87.621,87621,-0.01,10.94,0.85,10.973,0.0622,0.1756,0.0971,-1.13,84.63,340.38,-0.051,9.7002,0.7926,9.7327,P003_Barbell_Bench_Press_Uncontrolled_Movement_1_025 (1).csv
3,19,1,2,1,87.751,87751,-0.34,9.13,0.83,9.174,0.1516,0.0851,-0.0229,-1.0,83.75,339.25,-0.0891,9.6251,0.7975,9.6585,P003_Barbell_Bench_Press_Uncontrolled_Movement_1_025 (1).csv
3,19,1,2,1,87.881,87881,0.3,9.41,1.13,9.4824,0.2062,-0.0153,0.2891,-2.5,82.44,340.44,-0.0378,9.5967,0.8413,9.6336,P003_Barbell_Bench_Press_Uncontrolled_Movement_1_025 (1).csv
3,19,1,2,1,88.012,88012,1.26,10.34,1.28,10.4948,0.1342,-0.1036,0.372,-5.5,81.0,343.81,0.1332,9.6947,0.8991,9.7372,P003_Barbell_Bench_Press_Uncontrolled_Movement_1_025 (1).csv
3,19,1,2,1,88.185,88185,-0.18,8.7,1.73,8.8722,-0.012,-0.1767,-0.1058,-4.94,80.19,344.75,0.0919,9.5636,1.0086,9.6171,P003_Barbell_Bench_Press_Uncontrolled_Movement_1_025 (1).csv
3,19,1,2,1,88.319,88319,1.56,10.16,1.76,10.4287,-0.0916,-0.1309,0.084,-5.56,80.44,346.5,0.2854,9.6422,1.1076,9.7098,P003_Barbell_Bench_Press_Uncontrolled_Movement_1_025 (1).csv
3,19,1,2,1,88.45,88450,-0.29,9.49,0.64,9.516,-0.1233,-0.1244,-0.2182,-3.69,81.25,345.69,0.2096,9.6221,1.046,9.6811,P003_Barbell_Bench_Press_Uncontrolled_Movement_1_025 (1).csv
3,19,1,2,1,88.583,88583,-0.22,10.66,1.39,10.7525,-0.1734,-0.06,-0.1473,-3.19,82.5,345.88,0.153,9.7589,1.0913,9.8209,P003_Barbell_Bench_Press_Uncontrolled_Movement_1_025 (1).csv
3,19,1,2,1,88.714,88714,-0.1,10.0,1.16,10.0676,0.0,0.0109,0.1614,-1.81,82.94,344.75,0.1196,9.7907,1.1004,9.853,P003_Barbell_Bench_Press_Uncontrolled_Movement_1_025 (1).csv
3,19,1,2,1,88.845,88845,0.29,11.33,0.71,11.3559,0.0676,0.0415,0.5978,-4.31,82.69,347.06,0.1421,9.9935,1.0489,10.0494,P003_Barbell_Bench_Press_Uncontrolled_Movement_1_025 (1).csv
3,19,1,2,1,88.975,88975,1.12,9.53,0.71,9.6218,-0.0262,-0.0044,-0.132,-6.5,82.5,349.13,0.2709,9.9324,1.0043,9.9868,P003_Barbell_Bench_Press_Uncontrolled_Movement_1_025 (1).csv
3,19,1,2,1,89.105,89105,2.57,9.99,2.07,10.5209,0.0382,-0.0164,0.06,-7.19,82.44,349.69,0.5739,9.94,1.1447,10.0222,P003_Barbell_Bench_Press_Uncontrolled_Movement_1_025 (1).csv
3,19,1,2,1,89.278,89278,2.03,11.38,0.81,11.588,-0.0033,0.0469,0.5007,-9.25,81.94,351.63,0.7658,10.1298,1.1006,10.2181,P003_Barbell_Bench_Press_Uncontrolled_Movement_1_025 (1).csv
3,19,1,2,1,89.409,89409,2.43,8.57,1.5,9.0333,-0.0262,-0.0316,-0.6523,-8.31,81.88,350.63,0.9851,9.9242,1.1532,10.0395,P003_Barbell_Bench_Press_Uncontrolled_Movement_1_025 (1).csv
3,19,1,2,1,89.539,89539,-2.3,9.84,1.12,10.1671,-0.12,0.0742,0.2858,-4.13,82.63,346.5,0.5522,9.9131,1.1489,9.9948,P003_Barbell_Bench_Press_Uncontrolled_Movement_1_025 (1).csv
3,19,1,2,1,89.67,89670,1.07,10.96,1.91,11.1765,-0.0164,-0.0262,0.1571,-6.56,82.5,348.75,0.6204,10.0511,1.2492,10.1474,P003_Barbell_Bench_Press_Uncontrolled_Movement_1_025 (1).csv
3,19,1,2,1,89.801,89801,2.31,9.95,1.83,10.3773,-0.0175,-0.0818,-0.432,-5.38,82.63,348.06,0.8431,10.0378,1.3257,10.16,P003_Barbell_Bench_Press_Uncontrolled_Movement_1_025 (1).csv
3,19,1,2,1,89.931,89931,-0.63,5.4,0.2,5.4403,-0.1833,-0.1942,-2.1435,3.44,83.38,340.13,0.649,9.4266,1.1774,9.522,P003_Barbell_Bench_Press_Uncontrolled_Movement_1_025 (1).csv
3,19,1,2,1,90.062,90062,-3.32,6.81,0.87,7.626,-0.1036,0.0785,1.1454,12.69,84.69,331.44,0.1259,9.0818,1.1369,9.1536,P003_Barbell_Bench_Press_Uncontrolled_Movement_1_025 (1).csv
3,20,1,2,1,90.193,90193,-0.14,11.33,0.54,11.3437,-0.0055,0.0502,0.1778,7.19,84.94,336.44,0.0909,9.3781,1.0582,9.438,P003_Barbell_Bench_Press_Uncontrolled_Movement_1_025 (1).csv
3,20,1,2,1,90.366,90366,-0.83,8.91,1.42,9.0605,0.0164,0.0524,0.2738,6.19,84.88,337.13,-0.0305,9.3164,1.1059,9.3818,P003_Barbell_Bench_Press_Uncontrolled_Movement_1_025 (1).csv
3,20,1,2,1,90.5,90500,-0.07,10.14,0.16,10.1415,-0.0502,-0.0065,-0.2618,4.88,84.94,338.13,-0.0357,9.4249,0.9812,9.4759,P003_Barbell_Bench_Press_Uncontrolled_Movement_1_025 (1).csv
3,20,1,2,1,90.63,90630,-0.52,10.15,0.35,10.1693,0.0175,0.0,0.084,4.44,84.94,338.56,-0.0995,9.5205,0.8981,9.5633,P003_Barbell_Bench_Press_Uncontrolled_Movement_1_025 (1).csv
3,20,1,2,1,90.761,90761,-0.95,9.62,0.53,9.6813,0.0196,-0.0175,-0.0404,3.94,84.88,339.13,-0.2116,9.5336,0.8496,9.5737,P003_Barbell_Bench_Press_Uncontrolled_Movement_1_025 (1).csv
3,20,1,2,1,90.891,90891,-0.77,9.85,0.35,9.8862,0.0447,-0.0109,0.0513,3.88,84.56,339.38,-0.2851,9.5753,0.7837,9.6115,P003_Barbell_Bench_Press_Uncontrolled_Movement_1_025 (1).csv
3,20,1,2,1,91.022,91022,-0.81,9.63,0.48,9.6759,0.0764,-0.0076,-0.0654,3.69,84.13,339.56,-0.3543,9.5825,0.7437,9.6178,P003_Barbell_Bench_Press_Uncontrolled_Movement_1_025 (1).csv
3,20,1,2,1,91.152,91152,-0.54,9.72,0.59,9.7529,0.0382,0.0109,-0.0229,3.63,83.69,339.63,-0.3788,9.6006,0.7235,9.6353,P003_Barbell_Bench_Press_Uncontrolled_Movement_1_025 (1).csv
3,20,1,2,1,91.283,91283,-0.28,9.02,1.34,9.1233,0.0742,0.036,-0.1014,4.19,83.25,338.94,-0.3658,9.5241,0.8047,9.565,P003_Barbell_Bench_Press_Uncontrolled_Movement_1_025 (1).csv
3,20,1,2,1,91.456,91456,-1.35,8.17,1.47,8.4102,0.0109,0.0709,0.036,5.44,82.88,337.19,-0.4955,9.3457,0.8924,9.4012,P003_Barbell_Bench_Press_Uncontrolled_Movement_1_025 (1).csv
3,20,1,2,1,91.586,91586,0.79,8.69,1.08,8.7924,-0.0742,0.1364,0.8792,3.38,82.94,338.69,-0.3261,9.2593,0.9171,9.3103,P003_Barbell_Bench_Press_Uncontrolled_Movement_1_025 (1).csv
3,20,1,2,1,91.717,91717,-1.25,10.24,1.7,10.4551,-0.0284,0.0753,-0.1963,0.31,83.56,340.94,-0.4478,9.3885,1.0203,9.4544,P003_Barbell_Bench_Press_Uncontrolled_Movement_1_025 (1).csv
3,20,1,2,1,91.847,91847,2.48,12.4,1.73,12.7634,0.1516,0.0916,0.8487,-1.38,83.38,342.13,-0.062,9.7853,1.1138,9.8487,P003_Barbell_Bench_Press_Uncontrolled_Movement_1_025 (1).csv
3,20,1,2,1,91.98,91980,0.0,8.25,-0.01,8.25,0.0065,-0.0055,0.3251,-0.81,82.63,341.63,-0.0538,9.583,0.9657,9.6317,P003_Barbell_Bench_Press_Uncontrolled_Movement_1_025 (1).csv
3,20,1,2,1,92.111,92111,-0.11,8.81,1.82,8.9967,-0.1734,-0.0284,0.0807,-1.19,83.38,342.31,-0.0612,9.4812,1.0783,9.5425,P003_Barbell_Bench_Press_Uncontrolled_Movement_1_025 (1).csv
3,20,1,2,1,92.245,92245,1.91,10.68,1.01,10.8964,0.0284,-0.0349,-0.024,-3.25,83.81,344.44,0.1985,9.6391,1.0693,9.7003,P003_Barbell_Bench_Press_Uncontrolled_Movement_1_025 (1).csv
3,20,1,2,1,92.376,92376,-0.47,9.84,1.5,9.9648,0.1069,-0.1036,-0.2105,-1.13,83.25,343.0,0.1104,9.6656,1.126,9.7316,P003_Barbell_Bench_Press_Uncontrolled_Movement_1_025 (1).csv
3,20,1,2,1,92.548,92548,0.13,10.21,1.34,10.2984,0.0676,-0.0469,0.4429,-2.88,82.31,345.5,0.113,9.7373,1.1542,9.8062,P003_Barbell_Bench_Press_Uncontrolled_Movement_1_025 (1).csv
3,20,1,2,1,92.678,92678,1.19,9.59,0.67,9.6867,-0.0425,-0.0065,0.0371,-4.81,82.31,347.63,0.2549,9.7179,1.0904,9.7822,P003_Barbell_Bench_Press_Uncontrolled_Movement_1_025 (1).csv
3,20,1,2,1,92.808,92808,0.53,9.86,1.32,9.9621,-0.1669,0.0622,0.0796,-3.88,83.38,346.69,0.2912,9.7366,1.1207,9.8053,P003_Barbell_Bench_Press_Uncontrolled_Movement_1_025 (1).csv
3,20,1,2,1,92.938,92938,1.01,11.26,0.76,11.3307,-0.096,0.0916,0.1549,-5.44,84.19,347.63,0.3859,9.9374,1.0731,10.0026,P003_Barbell_Bench_Press_Uncontrolled_Movement_1_025 (1).csv
3,20,1,2,1,93.068,93068,1.11,9.5,0.85,9.6023,0.0109,0.0207,-0.4931,-2.88,84.44,344.69,0.4813,9.8797,1.0437,9.9464,P003_Barbell_Bench_Press_Uncontrolled_Movement_1_025 (1).csv
3,20,1,2,1,93.199,93199,-0.79,10.61,0.79,10.6687,-0.0589,0.0273,0.0196,-1.69,84.75,343.31,0.3138,9.976,1.0103,10.0319,P003_Barbell_Bench_Press_Uncontrolled_Movement_1_025 (1).csv
3,20,1,2,1,93.329,93329,0.23,10.01,0.78,10.043,-0.0131,-0.0011,0.06,-2.0,84.88,343.56,0.3027,9.9805,0.98,10.033,P003_Barbell_Bench_Press_Uncontrolled_Movement_1_025 (1).csv
3,20,1,2,1,93.46,93460,0.76,10.05,0.78,10.1088,-0.0545,0.0,0.2825,-3.38,85.13,345.0,0.363,9.9896,0.9536,10.0416,P003_Barbell_Bench_Press_Uncontrolled_Movement_1_025 (1).csv
3,20,1,2,1,93.633,93633,1.01,9.91,1.13,10.0252,0.0153,-0.0153,-0.0611,-3.81,85.5,345.63,0.4483,9.9791,0.9769,10.0368,P003_Barbell_Bench_Press_Uncontrolled_Movement_1_025 (1).csv
3,20,1,2,1,93.764,93764,-0.19,9.4,-0.18,9.4036,-0.0545,-0.0076,0.0654,-2.63,85.5,344.69,0.3642,9.9028,0.8244,9.9437,P003_Barbell_Bench_Press_Uncontrolled_Movement_1_025 (1).csv
3,20,1,2,1,93.894,93894,2.04,11.68,1.23,11.9204,0.0644,0.0305,0.1396,-4.69,85.38,346.56,0.585,10.137,0.8779,10.1917,P003_Barbell_Bench_Press_Uncontrolled_Movement_1_025 (1).csv
3,20,1,2,1,94.025,94025,5.88,13.18,0.83,14.456,-0.024,0.1909,1.4977,-6.13,85.06,347.5,1.2827,10.538,0.8715,10.6515,P003_Barbell_Bench_Press_Uncontrolled_Movement_1_025 (1).csv
3,20,1,2,1,94.156,94156,-3.11,9.83,1.4,10.4049,-0.0142,0.0087,-1.0341,-2.94,85.44,344.0,0.7039,10.4447,0.9412,10.5106,P003_Barbell_Bench_Press_Uncontrolled_Movement_1_025 (1).csv
3,20,1,2,1,94.291,94291,2.88,13.37,0.5,13.6858,0.1189,0.0545,-0.2062,-7.63,84.69,347.63,0.9906,10.8302,0.883,10.9112,P003_Barbell_Bench_Press_Uncontrolled_Movement_1_025 (1).csv
3,20,1,2,1,94.421,94421,-8.25,-1.6,-0.1,8.4043,-0.0982,-0.2051,-3.6848,13.44,84.5,327.31,-0.227,9.1922,0.7535,9.2258,P003_Barbell_Bench_Press_Uncontrolled_Movement_1_025 (1).csv
3,20,1,2,1,94.553,94553,5.65,9.53,4.27,11.8733,-0.5836,0.2323,1.7377,8.06,84.5,331.38,0.5474,9.2367,1.2169,9.3326,P003_Barbell_Bench_Press_Uncontrolled_Movement_1_025 (1).csv
3,20,1,2,1,94.726,94726,-2.25,6.3,3.07,7.3605,0.192,-0.0633,-0.7527,7.75,84.0,331.56,0.1788,8.8497,1.4611,8.9713,P003_Barbell_Bench_Press_Uncontrolled_Movement_1_025 (1).csv
3,20,1,2,1,94.856,94856,-1.27,9.85,1.98,10.127,0.0709,-0.0589,0.1724,5.38,83.56,334.13,-0.0121,8.9815,1.5295,9.1108,P003_Barbell_Bench_Press_Uncontrolled_Movement_1_025 (1).csv
3,20,1,2,1,94.986,94986,-0.38,9.12,0.75,9.1587,0.0327,-0.1025,0.0327,4.88,83.13,335.25,-0.0606,8.9998,1.4268,9.1124,P003_Barbell_Bench_Press_Uncontrolled_Movement_1_025 (1).csv
3,20,1,2,1,95.116,95116,-0.82,9.65,0.96,9.7322,0.0436,-0.0916,0.1996,4.25,83.06,336.63,-0.1607,9.0855,1.3652,9.1889,P003_Barbell_Bench_Press_Uncontrolled_Movement_1_025 (1).csv
3,20,1,2,1,95.246,95246,-0.48,10.21,0.71,10.2459,0.0251,-0.0731,0.2618,2.63,82.94,338.94,-0.2028,9.2337,1.2789,9.324,P003_Barbell_Bench_Press_Uncontrolled_Movement_1_025 (1).csv
3,20,1,2,1,95.376,95376,-0.69,10.22,0.86,10.2793,0.0327,-0.0622,0.0524,1.88,82.69,340.13,-0.267,9.3636,1.2237,9.447,P003_Barbell_Bench_Press_Uncontrolled_Movement_1_025 (1).csv
3,20,1,2,1,95.506,95506,-0.45,9.16,1.36,9.2713,0.0338,-0.0327,-0.1353,2.31,82.56,340.13,-0.2911,9.3368,1.2417,9.4235,P003_Barbell_Bench_Press_Uncontrolled_Movement_1_025 (1).csv
