participant,rep,equipment_code,exercise_code,target,timestamp,timestamp_ms,accelX,accelY,accelZ,accelMag,gyroX,gyroY,gyroZ,roll,pitch,yaw,filteredX,filteredY,filteredZ,filteredMag,source_file
3,1,2,5,2,0.0,0,-0.53,-0.33,9.8,9.8199,0.0044,-0.0087,0.0055,3.44,-2.06,296.5,-0.4534,-0.2862,9.7956,9.8102,P003_Weight_Stack_Seated_Leg_Extension_Releasing_Too_Fast_2_01.csv
3,1,2,5,2,0.13,130,-0.55,-0.3,9.91,9.9298,0.0022,0.0022,-0.0011,3.44,-2.0,296.5,-0.4661,-0.288,9.8106,9.8259,P003_Weight_Stack_Seated_Leg_Extension_Releasing_Too_Fast_2_01.csv
3,1,2,5,2,0.26,260,-0.54,-0.29,9.75,9.7692,0.0022,0.0,0.0011,3.44,-2.0,296.5,-0.4758,-0.2883,9.8027,9.8184,P003_Weight_Stack_Seated_Leg_Extension_Releasing_Too_Fast_2_01.csv
3,1,2,5,2,0.39,390,-0.54,-0.23,9.83,9.8475,-0.0044,0.0044,-0.0033,3.38,-2.0,296.5,-0.4843,-0.2806,9.8063,9.8222,P003_Weight_Stack_Seated_Leg_Extension_Releasing_Too_Fast_2_01.csv
3,1,2,5,2,0.52,520,-0.27,0.0,9.64,9.6438,-0.0218,0.0229,-0.0491,3.25,-1.88,296.31,-0.4561,-0.2436,9.7843,9.798,P003_Weight_Stack_Seated_Leg_Extension_Releasing_Too_Fast_2_01.csv
3,1,2,5,2,0.65,650,-0.51,-0.26,9.82,9.8367,0.0011,-0.0044,0.0011,3.25,-1.81,296.31,-0.4632,-0.2458,9.789,9.8031,P003_Weight_Stack_Seated_Leg_Extension_Releasing_Too_Fast_2_01.csv
3,1,2,5,2,0.78,780,-0.51,-0.22,9.85,9.8656,0.0087,-0.0033,0.0131,3.25,-1.81,296.31,-0.4693,-0.2424,9.7971,9.8113,P003_Weight_Stack_Seated_Leg_Extension_Releasing_Too_Fast_2_01.csv
3,1,2,5,2,0.953,953,-0.51,-0.25,9.81,9.8264,-0.0033,0.0011,-0.0055,3.25,-1.81,296.38,-0.4747,-0.2434,9.7988,9.8133,P003_Weight_Stack_Seated_Leg_Extension_Releasing_Too_Fast_2_01.csv
3,1,2,5,2,1.083,1083,-0.51,-0.25,9.83,9.8464,0.0,-0.0033,-0.0011,3.25,-1.81,296.38,-0.4793,-0.2442,9.8029,9.8176,P003_Weight_Stack_Seated_Leg_Extension_Releasing_Too_Fast_2_01.csv
3,1,2,5,2,1.213,1213,-0.47,-0.3,9.83,9.8458,-0.0011,0.0022,-0.0022,3.19,-1.81,296.25,-0.4781,-0.2516,9.8065,9.8213,P003_Weight_Stack_Seated_Leg_Extension_Releasing_Too_Fast_2_01.csv
3,1,2,5,2,1.343,1343,-0.42,-0.31,10.78,10.7926,0.0076,-0.0033,-0.0087,3.19,-1.81,296.25,-0.4705,-0.2593,9.9348,9.9493,P003_Weight_Stack_Seated_Leg_Extension_Releasing_Too_Fast_2_01.csv
3,1,2,5,2,1.473,1473,-0.68,-0.16,11.06,11.082,0.0055,-0.0076,0.0055,3.25,-1.81,296.25,-0.4981,-0.2462,10.083,10.0983,P003_Weight_Stack_Seated_Leg_Extension_Releasing_Too_Fast_2_01.csv
3,1,2,5,2,1.603,1603,-0.49,-0.34,10.84,10.8564,0.0033,0.0098,-0.0131,3.25,-1.81,296.25,-0.497,-0.2586,10.1828,10.1982,P003_Weight_Stack_Seated_Leg_Extension_Releasing_Too_Fast_2_01.csv
3,1,2,5,2,1.733,1733,-0.53,-0.28,10.76,10.7767,0.0109,-0.012,0.0,3.25,-1.88,296.25,-0.5014,-0.2614,10.2588,10.2744,P003_Weight_Stack_Seated_Leg_Extension_Releasing_Too_Fast_2_01.csv
3,1,2,5,2,1.863,1863,-0.76,0.22,10.16,10.1908,0.0076,-0.0131,0.0033,3.31,-1.94,296.25,-0.5354,-0.198,10.2458,10.2617,P003_Weight_Stack_Seated_Leg_Extension_Releasing_Too_Fast_2_01.csv
3,1,2,5,2,2.036,2036,-0.69,-0.05,9.07,9.0963,-0.0022,-0.0065,0.0065,3.31,-2.0,296.31,-0.5558,-0.1785,10.0909,10.1077,P003_Weight_Stack_Seated_Leg_Extension_Releasing_Too_Fast_2_01.csv
3,1,2,5,2,2.167,2167,-0.31,-0.47,8.47,8.4887,0.012,-0.0011,-0.0218,3.31,-2.0,296.25,-0.5234,-0.2169,9.8773,9.8935,P003_Weight_Stack_Seated_Leg_Extension_Releasing_Too_Fast_2_01.csv
3,1,2,5,2,2.298,2298,-0.59,-0.31,8.7,8.7255,-0.0022,0.0055,0.0044,3.31,-2.0,296.25,-0.5322,-0.2291,9.7221,9.7394,P003_Weight_Stack_Seated_Leg_Extension_Releasing_Too_Fast_2_01.csv
3,1,2,5,2,2.433,2433,-0.41,-0.22,9.99,10.0008,0.0,0.0022,-0.0033,3.31,-2.0,296.25,-0.5161,-0.2279,9.7574,9.7737,P003_Weight_Stack_Seated_Leg_Extension_Releasing_Too_Fast_2_01.csv
3,1,2,5,2,2.565,2565,-0.7,-0.28,10.42,10.4472,-0.0011,0.0022,0.012,3.31,-2.0,296.25,-0.5403,-0.2348,9.8448,9.8624,P003_Weight_Stack_Seated_Leg_Extension_Releasing_Too_Fast_2_01.csv
3,1,2,5,2,2.695,2695,-0.54,-0.34,9.9,9.9205,0.0044,-0.0022,-0.0065,3.31,-2.0,296.25,-0.5403,-0.2487,9.852,9.87,P003_Weight_Stack_Seated_Leg_Extension_Releasing_Too_Fast_2_01.csv
3,1,2,5,2,2.826,2826,-0.46,-0.46,9.22,9.2429,-0.0011,0.0076,0.0044,3.31,-2.06,296.25,-0.5297,-0.2765,9.7687,9.787,P003_Weight_Stack_Seated_Leg_Extension_Releasing_Too_Fast_2_01.csv
3,1,2,5,2,2.956,2956,-0.46,-0.27,9.77,9.7845,0.0011,-0.0011,0.0011,3.31,-2.06,296.25,-0.5205,-0.2757,9.7689,9.7867,P003_Weight_Stack_Seated_Leg_Extension_Releasing_Too_Fast_2_01.csv
3,1,2,5,2,3.129,3129,-0.57,-0.33,9.71,9.7323,-0.0011,-0.0033,0.0,3.31,-2.06,296.25,-0.527,-0.2828,9.7611,9.7795,P003_Weight_Stack_Seated_Leg_Extension_Releasing_Too_Fast_2_01.csv
3,1,2,5,2,3.263,3263,-0.48,-0.25,8.37,8.3875,-0.0022,0.0044,0.0055,3.31,-2.06,296.25,-0.5208,-0.2785,9.5778,9.596,P003_Weight_Stack_Seated_Leg_Extension_Releasing_Too_Fast_2_01.csv
3,1,2,5,2,3.397,3397,-0.43,-0.28,9.09,9.1045,0.0011,0.0055,-0.0076,3.31,-2.0,296.25,-0.5089,-0.2787,9.5135,9.5312,P003_Weight_Stack_Seated_Leg_Extension_Releasing_Too_Fast_2_01.csv
3,2,2,5,2,3.528,3528,-0.67,-0.17,10.58,10.6026,0.0098,-0.0055,-0.0076,3.38,-1.94,296.25,-0.5301,-0.2644,9.6541,9.6722,P003_Weight_Stack_Seated_Leg_Extension_Releasing_Too_Fast_2_01.csv
3,2,2,5,2,3.658,3658,-0.6,-0.28,10.34,10.3612,-0.0033,0.0087,-0.0087,3.25,-1.94,296.19,-0.5393,-0.2664,9.7445,9.763,P003_Weight_Stack_Seated_Leg_Extension_Releasing_Too_Fast_2_01.csv
3,2,2,5,2,3.788,3788,-0.56,-0.27,10.83,10.8478,-0.0044,0.0065,0.0022,3.25,-1.88,296.19,-0.542,-0.2669,9.8875,9.906,P003_Weight_Stack_Seated_Leg_Extension_Releasing_Too_Fast_2_01.csv
3,2,2,5,2,3.919,3919,-0.73,-0.48,10.45,10.4865,-0.0044,-0.0076,-0.0055,3.25,-1.88,296.19,-0.5668,-0.295,9.9616,9.9821,P003_Weight_Stack_Seated_Leg_Extension_Releasing_Too_Fast_2_01.csv
3,2,2,5,2,4.049,4049,-0.38,-0.23,10.28,10.2896,-0.0011,0.0065,-0.0076,3.25,-1.88,296.19,-0.5422,-0.2864,10.0036,10.0224,P003_Weight_Stack_Seated_Leg_Extension_Releasing_Too_Fast_2_01.csv
3,2,2,5,2,4.222,4222,-0.5,-0.31,10.08,10.0972,-0.0011,0.0055,-0.0044,3.25,-1.88,296.19,-0.5366,-0.2895,10.0137,10.0322,P003_Weight_Stack_Seated_Leg_Extension_Releasing_Too_Fast_2_01.csv
3,2,2,5,2,4.352,4352,-0.71,-0.32,10.09,10.12,0.0,-0.0065,0.0,3.25,-1.88,296.19,-0.5595,-0.2935,10.0237,10.0436,P003_Weight_Stack_Seated_Leg_Extension_Releasing_Too_Fast_2_01.csv
3,2,2,5,2,4.483,4483,-0.51,-0.32,9.57,9.5889,0.0033,-0.0065,-0.0011,3.25,-1.88,296.19,-0.553,-0.297,9.9639,9.9837,P003_Weight_Stack_Seated_Leg_Extension_Releasing_Too_Fast_2_01.csv
3,2,2,5,2,4.615,4615,-0.45,-0.27,9.57,9.5844,-0.0022,-0.0011,-0.0033,3.25,-1.88,296.19,-0.5394,-0.2935,9.912,9.931,P003_Weight_Stack_Seated_Leg_Extension_Releasing_Too_Fast_2_01.csv
3,2,2,5,2,4.75,4750,-0.54,-0.31,9.87,9.8896,0.0022,-0.0011,0.0011,3.25,-1.88,296.19,-0.5395,-0.2956,9.9065,9.9256,P003_Weight_Stack_Seated_Leg_Extension_Releasing_Too_Fast_2_01.csv
3,2,2,5,2,4.881,4881,-0.52,-0.25,9.88,9.8968,0.0011,0.0022,0.0011,3.25,-1.88,296.19,-0.5369,-0.2896,9.903,9.9218,P003_Weight_Stack_Seated_Leg_Extension_Releasing_Too_Fast_2_01.csv
3,2,2,5,2,5.012,5012,-0.49,-0.23,9.82,9.8349,0.0022,0.0,-0.0011,3.25,-1.88,296.19,-0.5307,-0.2818,9.8921,9.9103,P003_Weight_Stack_Seated_Leg_Extension_Releasing_Too_Fast_2_01.csv
3,2,2,5,2,5.142,5142,-0.6,-0.28,10.63,10.6506,0.0011,0.0011,0.0,3.25,-1.88,296.19,-0.5399,-0.2815,9.9893,10.0078,P003_Weight_Stack_Seated_Leg_Extension_Releasing_Too_Fast_2_01.csv
3,2,2,5,2,5.315,5315,-0.41,-0.27,11.4,11.4106,0.0,0.0044,0.0044,3.31,-1.94,296.19,-0.5227,-0.28,10.1752,10.1925,P003_Weight_Stack_Seated_Leg_Extension_Releasing_Too_Fast_2_01.csv
3,2,2,5,2,5.446,5446,-0.35,-0.29,10.34,10.35,0.0207,-0.0098,0.0065,3.31,-1.94,296.19,-0.5,-0.2813,10.1969,10.213,P003_Weight_Stack_Seated_Leg_Extension_Releasing_Too_Fast_2_01.csv
3,2,2,5,2,5.577,5577,-0.86,0.03,9.17,9.2103,0.0153,-0.0196,0.0033,3.44,-2.0,296.25,-0.5474,-0.2403,10.0616,10.0793,P003_Weight_Stack_Seated_Leg_Extension_Releasing_Too_Fast_2_01.csv
3,2,2,5,2,5.71,5710,-0.61,1.36,8.59,8.7184,-0.0185,0.0589,-0.0164,3.38,-2.0,296.25,-0.5557,-0.0294,9.8677,9.8833,P003_Weight_Stack_Seated_Leg_Extension_Releasing_Too_Fast_2_01.csv
3,2,2,5,2,5.844,5844,-0.81,-0.1,9.46,9.4951,0.0011,-0.0087,-0.0011,3.38,-2.0,296.25,-0.5892,-0.0387,9.814,9.8317,P003_Weight_Stack_Seated_Leg_Extension_Releasing_Too_Fast_2_01.csv
3,2,2,5,2,5.975,5975,-0.62,-0.24,9.6,9.623,0.0033,-0.0033,0.0044,3.38,-2.0,296.25,-0.5932,-0.0653,9.7858,9.8039,P003_Weight_Stack_Seated_Leg_Extension_Releasing_Too_Fast_2_01.csv
3,2,2,5,2,6.105,6105,-0.35,-0.34,10.09,10.1018,0.0011,0.0,-0.0076,3.38,-2.0,296.25,-0.5612,-0.1015,9.8258,9.8424,P003_Weight_Stack_Seated_Leg_Extension_Releasing_Too_Fast_2_01.csv
3,2,2,5,2,6.235,6235,-0.51,-0.28,9.78,9.7973,0.0011,0.0011,-0.0055,3.38,-2.0,296.19,-0.5544,-0.125,9.8198,9.8362,P003_Weight_Stack_Seated_Leg_Extension_Releasing_Too_Fast_2_01.csv
3,2,2,5,2,6.408,6408,-0.45,-0.21,9.22,9.2334,0.0076,-0.0011,-0.0055,3.38,-2.0,296.19,-0.5407,-0.1362,9.7408,9.7567,P003_Weight_Stack_Seated_Leg_Extension_Releasing_Too_Fast_2_01.csv
3,2,2,5,2,6.543,6543,-0.61,-0.34,9.89,9.9146,0.0,-0.0044,-0.0011,3.38,-2.0,296.19,-0.5498,-0.163,9.7604,9.7773,P003_Weight_Stack_Seated_Leg_Extension_Releasing_Too_Fast_2_01.csv
3,2,2,5,2,6.676,6676,-0.49,-0.33,10.01,10.0274,-0.0022,0.0033,0.0044,3.38,-2.0,296.19,-0.5419,-0.185,9.7933,9.81,P003_Weight_Stack_Seated_Leg_Extension_Releasing_Too_Fast_2_01.csv
3,2,2,5,2,6.807,6807,-0.47,-0.37,9.67,9.6885,-0.0011,-0.0011,-0.012,3.38,-2.0,296.25,-0.5325,-0.2094,9.7771,9.7938,P003_Weight_Stack_Seated_Leg_Extension_Releasing_Too_Fast_2_01.csv
3,2,2,5,2,6.937,6937,-0.47,-0.33,9.84,9.8567,0.0011,-0.0011,0.0044,3.38,-2.0,296.19,-0.5242,-0.2253,9.7854,9.802,P003_Weight_Stack_Seated_Leg_Extension_Releasing_Too_Fast_2_01.csv
3,2,2,5,2,7.067,7067,-0.52,-0.29,9.7,9.7183,0.0022,-0.0044,0.0044,3.38,-2.0,296.19,-0.5237,-0.2338,9.7741,9.7909,P003_Weight_Stack_Seated_Leg_Extension_Releasing_Too_Fast_2_01.csv
3,2,2,5,2,7.198,7198,-0.5,-0.23,9.14,9.1566,-0.0011,-0.0011,-0.0044,3.31,-2.0,296.19,-0.5205,-0.2333,9.6906,9.7073,P003_Weight_Stack_Seated_Leg_Extension_Releasing_Too_Fast_2_01.csv
3,2,2,5,2,7.328,7328,-0.7,-0.24,8.59,8.6218,-0.0022,-0.0033,0.0098,3.38,-1.94,296.25,-0.5442,-0.2342,9.5455,9.5639,P003_Weight_Stack_Seated_Leg_Extension_Releasing_Too_Fast_2_01.csv
3,2,2,5,2,7.501,7501,-0.44,-0.01,9.39,9.4003,-0.0065,0.0142,0.0033,3.38,-1.88,296.25,-0.5305,-0.2047,9.525,9.542,P003_Weight_Stack_Seated_Leg_Extension_Releasing_Too_Fast_2_01.csv
3,3,2,5,2,7.632,7632,-0.34,-0.52,10.18,10.1989,-0.0109,0.0164,-0.0207,3.31,-1.88,296.19,-0.5054,-0.2462,9.6113,9.6278,P003_Weight_Stack_Seated_Leg_Extension_Releasing_Too_Fast_2_01.csv
3,3,2,5,2,7.764,7764,-0.55,-0.17,11.07,11.085,-0.0087,0.0109,0.0,3.25,-1.81,296.19,-0.5112,-0.2362,9.8036,9.8197,P003_Weight_Stack_Seated_Leg_Extension_Releasing_Too_Fast_2_01.csv
3,3,2,5,2,7.899,7899,-0.49,-0.21,10.81,10.8231,-0.0011,0.0022,-0.0033,3.25,-1.81,296.19,-0.5084,-0.2327,9.9362,9.9519,P003_Weight_Stack_Seated_Leg_Extension_Releasing_Too_Fast_2_01.csv
3,3,2,5,2,8.03,8030,-0.45,-0.18,9.85,9.8619,-0.0011,-0.0011,0.0044,3.25,-1.81,296.19,-0.5007,-0.2258,9.9248,9.94,P003_Weight_Stack_Seated_Leg_Extension_Releasing_Too_Fast_2_01.csv
3,3,2,5,2,8.16,8160,-0.6,-0.2,9.26,9.2816,-0.0011,0.0,-0.0044,3.25,-1.75,296.19,-0.5138,-0.2224,9.8372,9.8531,P003_Weight_Stack_Seated_Leg_Extension_Releasing_Too_Fast_2_01.csv
3,3,2,5,2,8.291,8291,-0.49,-0.22,9.58,9.595,0.0011,0.0022,-0.0022,3.25,-1.75,296.19,-0.5107,-0.2221,9.8033,9.8191,P003_Weight_Stack_Seated_Leg_Extension_Releasing_Too_Fast_2_01.csv
3,3,2,5,2,8.421,8421,-0.56,0.0,9.53,9.5464,-0.0065,0.0,0.0055,3.25,-1.75,296.19,-0.5172,-0.1928,9.7673,9.7829,P003_Weight_Stack_Seated_Leg_Extension_Releasing_Too_Fast_2_01.csv
3,3,2,5,2,8.594,8594,-0.41,-0.19,9.77,9.7804,0.0,0.0011,-0.0022,3.19,-1.75,296.19,-0.5031,-0.1924,9.7677,9.7825,P003_Weight_Stack_Seated_Leg_Extension_Releasing_Too_Fast_2_01.csv
3,3,2,5,2,8.725,8725,-0.45,-0.21,9.83,9.8425,0.0011,0.0,0.0022,3.19,-1.69,296.19,-0.4961,-0.1947,9.7759,9.7904,P003_Weight_Stack_Seated_Leg_Extension_Releasing_Too_Fast_2_01.csv
3,3,2,5,2,8.859,8859,-0.54,-0.24,9.83,9.8477,0.0011,0.0,-0.0011,3.19,-1.69,296.19,-0.5019,-0.2007,9.783,9.7979,P003_Weight_Stack_Seated_Leg_Extension_Releasing_Too_Fast_2_01.csv
3,3,2,5,2,8.992,8992,-0.5,-0.28,9.81,9.8267,-0.0011,-0.0011,0.0,3.19,-1.69,296.19,-0.5016,-0.2112,9.7866,9.8017,P003_Weight_Stack_Seated_Leg_Extension_Releasing_Too_Fast_2_01.csv
3,3,2,5,2,9.123,9123,-0.5,-0.29,9.82,9.837,0.0011,0.0011,-0.0011,3.19,-1.69,296.19,-0.5014,-0.2215,9.791,9.8063,P003_Weight_Stack_Seated_Leg_Extension_Releasing_Too_Fast_2_01.csv
3,3,2,5,2,9.253,9253,-0.55,-0.27,10.65,10.6676,0.0022,-0.0022,-0.0022,3.19,-1.69,296.19,-0.5078,-0.2279,9.9042,9.9198,P003_Weight_Stack_Seated_Leg_Extension_Releasing_Too_Fast_2_01.csv
3,3,2,5,2,9.384,9384,-0.62,-0.27,10.68,10.7014,0.0033,-0.0044,0.0011,3.19,-1.69,296.19,-0.5226,-0.2335,10.0064,10.0228,P003_Weight_Stack_Seated_Leg_Extension_Releasing_Too_Fast_2_01.csv
3,3,2,5,2,9.514,9514,-0.52,-0.22,10.39,10.4053,0.0033,0.0022,-0.0022,3.19,-1.69,296.19,-0.5222,-0.2317,10.057,10.0732,P003_Weight_Stack_Seated_Leg_Extension_Releasing_Too_Fast_2_01.csv
3,3,2,5,2,9.687,9687,-0.46,-0.24,9.41,9.4243,0.0065,-0.0033,0.0022,3.19,-1.69,296.19,-0.514,-0.2328,9.9717,9.9877,P003_Weight_Stack_Seated_Leg_Extension_Releasing_Too_Fast_2_01.csv
3,3,2,5,2,9.817,9817,-0.59,-0.35,9.59,9.6145,0.0044,-0.0109,0.0033,3.19,-1.69,296.19,-0.5241,-0.2482,9.9214,9.9383,P003_Weight_Stack_Seated_Leg_Extension_Releasing_Too_Fast_2_01.csv
3,3,2,5,2,9.948,9948,-0.47,-0.22,10.17,10.1832,0.0055,-0.0044,-0.0076,3.25,-1.69,296.19,-0.5169,-0.2445,9.9542,9.9706,P003_Weight_Stack_Seated_Leg_Extension_Releasing_Too_Fast_2_01.csv
3,3,2,5,2,10.083,10083,-0.5,-0.31,10.27,10.2868,0.0033,-0.0076,0.0011,3.25,-1.69,296.19,-0.5147,-0.2531,9.9958,10.0122,P003_Weight_Stack_Seated_Leg_Extension_Releasing_Too_Fast_2_01.csv
3,3,2,5,2,10.216,10216,-0.57,-0.19,9.95,9.9681,0.0076,0.0065,0.0011,3.25,-1.69,296.19,-0.522,-0.2448,9.9897,10.0064,P003_Weight_Stack_Seated_Leg_Extension_Releasing_Too_Fast_2_01.csv
3,3,2,5,2,10.346,10346,-0.52,-0.3,9.55,9.5689,0.0011,-0.0011,-0.0011,3.19,-1.69,296.19,-0.5217,-0.2521,9.9318,9.9487,P003_Weight_Stack_Seated_Leg_Extension_Releasing_Too_Fast_2_01.csv
3,3,2,5,2,10.477,10477,-0.54,-0.21,9.24,9.2581,0.012,-0.0022,-0.0065,3.19,-1.75,296.19,-0.5241,-0.2465,9.8406,9.8577,P003_Weight_Stack_Seated_Leg_Extension_Releasing_Too_Fast_2_01.csv
3,3,2,5,2,10.607,10607,-0.51,-0.29,9.84,9.8575,-0.0033,0.0055,0.0022,3.19,-1.75,296.19,-0.5223,-0.2523,9.8406,9.8576,P003_Weight_Stack_Seated_Leg_Extension_Releasing_Too_Fast_2_01.csv
3,3,2,5,2,10.78,10780,-0.46,-0.31,9.78,9.7957,-0.0022,0.0,-0.0033,3.19,-1.75,296.19,-0.5141,-0.2599,9.8326,9.8494,P003_Weight_Stack_Seated_Leg_Extension_Releasing_Too_Fast_2_01.csv
3,3,2,5,2,10.914,10914,-0.54,-0.33,9.86,9.8803,-0.0011,-0.0011,0.0065,3.19,-1.75,296.19,-0.5175,-0.2691,9.8362,9.8535,P003_Weight_Stack_Seated_Leg_Extension_Releasing_Too_Fast_2_01.csv
3,3,2,5,2,11.047,11047,-0.46,-0.26,9.83,9.8442,-0.0011,0.0,-0.0033,3.19,-1.75,296.19,-0.5099,-0.2679,9.8354,9.8522,P003_Weight_Stack_Seated_Leg_Extension_Releasing_Too_Fast_2_01.csv
3,3,2,5,2,11.178,11178,-0.61,-0.33,9.51,9.5353,-0.0011,0.0,0.0011,3.19,-1.75,296.19,-0.5231,-0.2761,9.7925,9.8103,P003_Weight_Stack_Seated_Leg_Extension_Releasing_Too_Fast_2_01.csv
3,3,2,5,2,11.309,11309,-0.49,-0.27,10.08,10.0955,-0.0011,-0.0044,-0.0022,3.19,-1.75,296.19,-0.5187,-0.2753,9.8304,9.8479,P003_Weight_Stack_Seated_Leg_Extension_Releasing_Too_Fast_2_01.csv
3,3,2,5,2,11.439,11439,-0.56,-0.35,9.81,9.8322,-0.0022,0.0011,0.0011,3.19,-1.75,296.19,-0.5242,-0.2851,9.8277,9.8458,P003_Weight_Stack_Seated_Leg_Extension_Releasing_Too_Fast_2_01.csv
3,3,2,5,2,11.57,11570,-0.48,-0.31,8.96,8.9782,-0.0011,-0.0011,0.0011,3.19,-1.75,296.19,-0.5184,-0.2884,9.7134,9.7315,P003_Weight_Stack_Seated_Leg_Extension_Releasing_Too_Fast_2_01.csv
3,3,2,5,2,11.7,11700,-0.52,-0.3,8.93,8.9502,0.0033,0.0033,0.0098,3.19,-1.75,296.19,-0.5186,-0.2899,9.6101,9.6285,P003_Weight_Stack_Seated_Leg_Extension_Releasing_Too_Fast_2_01.csv
3,4,2,5,2,11.873,11873,-0.65,-0.71,9.83,9.877,0.0055,-0.0044,-0.0065,3.25,-1.69,296.19,-0.5359,-0.3453,9.6391,9.6602,P003_Weight_Stack_Seated_Leg_Extension_Releasing_Too_Fast_2_01.csv
3,4,2,5,2,12.008,12008,-0.41,-0.63,10.43,10.4571,-0.0087,0.0131,-0.0055,3.13,-1.63,296.19,-0.5193,-0.3828,9.7433,9.7647,P003_Weight_Stack_Seated_Leg_Extension_Releasing_Too_Fast_2_01.csv
3,4,2,5,2,12.141,12141,-0.59,-0.24,10.65,10.669,-0.0087,0.0033,-0.0011,3.13,-1.63,296.19,-0.5286,-0.364,9.8628,9.8837,P003_Weight_Stack_Seated_Leg_Extension_Releasing_Too_Fast_2_01.csv
3,4,2,5,2,12.271,12271,-0.47,-0.28,10.99,11.0036,0.0011,0.0033,-0.0044,3.13,-1.63,296.19,-0.5209,-0.3529,10.0113,10.0311,P003_Weight_Stack_Seated_Leg_Extension_Releasing_Too_Fast_2_01.csv
3,4,2,5,2,12.402,12402,-0.54,-0.19,10.06,10.0763,0.0,-0.0022,0.0033,3.13,-1.63,296.19,-0.5234,-0.3315,10.0177,10.0369,P003_Weight_Stack_Seated_Leg_Extension_Releasing_Too_Fast_2_01.csv
3,4,2,5,2,12.532,12532,-0.51,-0.24,9.57,9.5866,0.0011,0.0022,0.0,3.13,-1.63,296.19,-0.5216,-0.3194,9.9587,9.9775,P003_Weight_Stack_Seated_Leg_Extension_Releasing_Too_Fast_2_01.csv
3,4,2,5,2,12.662,12662,-0.44,-0.23,9.91,9.9224,0.0011,0.0109,-0.0022,3.13,-1.63,296.19,-0.5109,-0.3076,9.9523,9.9702,P003_Weight_Stack_Seated_Leg_Extension_Releasing_Too_Fast_2_01.csv
3,4,2,5,2,12.793,12793,-0.51,-0.33,9.71,9.729,0.0033,-0.0011,0.0022,3.13,-1.56,296.19,-0.5108,-0.3106,9.9204,9.9384,P003_Weight_Stack_Seated_Leg_Extension_Releasing_Too_Fast_2_01.csv
3,4,2,5,2,12.966,12966,-0.45,-0.13,9.8,9.8112,-0.0011,-0.0022,0.0011,3.13,-1.56,296.19,-0.5028,-0.2868,9.9045,9.9214,P003_Weight_Stack_Seated_Leg_Extension_Releasing_Too_Fast_2_01.csv
3,4,2,5,2,13.097,13097,-0.59,-0.21,9.85,9.8699,0.0,0.0,-0.0022,3.13,-1.56,296.19,-0.5143,-0.2767,9.8973,9.9146,P003_Weight_Stack_Seated_Leg_Extension_Releasing_Too_Fast_2_01.csv
3,4,2,5,2,13.227,13227,-0.49,-0.22,9.82,9.8347,-0.0011,0.0011,0.0011,3.13,-1.56,296.19,-0.5111,-0.2692,9.8872,9.904,P003_Weight_Stack_Seated_Leg_Extension_Releasing_Too_Fast_2_01.csv
3,4,2,5,2,13.362,13362,-0.51,-0.23,9.85,9.8659,-0.0011,0.0,0.0,3.13,-1.56,296.19,-0.5109,-0.264,9.8823,9.899,P003_Weight_Stack_Seated_Leg_Extension_Releasing_Too_Fast_2_01.csv
3,4,2,5,2,13.494,13494,-0.48,-0.24,9.84,9.8546,-0.0011,0.0,-0.0011,3.13,-1.56,296.19,-0.5068,-0.2609,9.8767,9.8931,P003_Weight_Stack_Seated_Leg_Extension_Releasing_Too_Fast_2_01.csv
3,4,2,5,2,13.625,13625,-0.57,-0.28,10.91,10.9285,0.0011,-0.0033,0.0,3.13,-1.56,296.19,-0.5152,-0.2634,10.0129,10.0296,P003_Weight_Stack_Seated_Leg_Extension_Releasing_Too_Fast_2_01.csv
3,4,2,5,2,13.755,13755,-0.54,-0.29,11.08,11.0969,0.0011,-0.0065,0.0033,3.19,-1.56,296.19,-0.5184,-0.2669,10.1535,10.1702,P003_Weight_Stack_Seated_Leg_Extension_Releasing_Too_Fast_2_01.csv
3,4,2,5,2,13.886,13886,-0.6,-0.51,10.34,10.3699,0.0065,-0.0109,0.0055,3.13,-1.56,296.19,-0.5292,-0.2989,10.1781,10.1962,P003_Weight_Stack_Seated_Leg_Extension_Releasing_Too_Fast_2_01.csv
3,4,2,5,2,14.059,14059,-0.49,0.18,9.66,9.6741,-0.0011,-0.0022,0.0,3.13,-1.63,296.19,-0.524,-0.2358,10.1098,10.1261,P003_Weight_Stack_Seated_Leg_Extension_Releasing_Too_Fast_2_01.csv
3,4,2,5,2,14.19,14190,-0.57,-0.18,9.8,9.8182,-0.0022,-0.0076,0.0,3.19,-1.63,296.19,-0.5301,-0.2285,10.069,10.0855,P003_Weight_Stack_Seated_Leg_Extension_Releasing_Too_Fast_2_01.csv
3,4,2,5,2,14.323,14323,-0.52,-0.39,9.81,9.8315,0.0033,0.0033,0.0055,3.25,-1.63,296.19,-0.5288,-0.2497,10.0348,10.0519,P003_Weight_Stack_Seated_Leg_Extension_Releasing_Too_Fast_2_01.csv
3,4,2,5,2,14.457,14457,-0.69,-0.29,9.76,9.7887,0.0098,-0.0185,-0.0087,3.19,-1.63,296.19,-0.55,-0.2551,9.9986,10.017,P003_Weight_Stack_Seated_Leg_Extension_Releasing_Too_Fast_2_01.csv
3,4,2,5,2,14.588,14588,-0.47,-0.26,10.0,10.0144,0.0065,-0.0098,-0.0153,3.19,-1.69,296.19,-0.5395,-0.2557,9.9988,10.0166,P003_Weight_Stack_Seated_Leg_Extension_Releasing_Too_Fast_2_01.csv
3,4,2,5,2,14.718,14718,-0.54,-0.26,9.12,9.1397,0.0011,0.0033,0.0022,3.19,-1.69,296.19,-0.5395,-0.2563,9.883,9.901,P003_Weight_Stack_Seated_Leg_Extension_Releasing_Too_Fast_2_01.csv
3,4,2,5,2,14.849,14849,-0.6,-0.31,9.51,9.534,-0.0011,0.0011,0.0087,3.19,-1.69,296.19,-0.5475,-0.2634,9.8338,9.8526,P003_Weight_Stack_Seated_Leg_Extension_Releasing_Too_Fast_2_01.csv
3,4,2,5,2,14.979,14979,-0.37,-0.26,10.05,10.0602,0.0,0.0011,-0.0109,3.19,-1.69,296.19,-0.5241,-0.2629,9.8623,9.8797,P003_Weight_Stack_Seated_Leg_Extension_Releasing_Too_Fast_2_01.csv
3,4,2,5,2,15.152,15152,-0.51,-0.27,9.89,9.9068,0.0011,-0.0033,-0.0055,3.19,-1.69,296.19,-0.5223,-0.2638,9.866,9.8833,P003_Weight_Stack_Seated_Leg_Extension_Releasing_Too_Fast_2_01.csv
3,4,2,5,2,15.282,15282,-0.59,-0.33,9.61,9.6337,0.0,-0.0011,-0.0011,3.19,-1.69,296.19,-0.5312,-0.2726,9.8322,9.8504,P003_Weight_Stack_Seated_Leg_Extension_Releasing_Too_Fast_2_01.csv
3,4,2,5,2,15.412,15412,-0.46,-0.33,9.88,9.8962,0.0011,-0.0022,-0.0044,3.19,-1.69,296.19,-0.5218,-0.2801,9.8385,9.8563,P003_Weight_Stack_Seated_Leg_Extension_Releasing_Too_Fast_2_01.csv
3,4,2,5,2,15.542,15542,-0.57,-0.31,9.76,9.7815,-0.0011,0.0011,0.0011,3.19,-1.69,296.19,-0.5282,-0.2841,9.8282,9.8465,P003_Weight_Stack_Seated_Leg_Extension_Releasing_Too_Fast_2_01.csv
3,4,2,5,2,15.672,15672,-0.51,-0.26,9.73,9.7468,-0.0011,0.0,-0.0022,3.19,-1.69,296.19,-0.5258,-0.2809,9.8153,9.8333,P003_Weight_Stack_Seated_Leg_Extension_Releasing_Too_Fast_2_01.csv
3,4,2,5,2,15.802,15802,-0.46,-0.21,8.03,8.0459,-0.0033,-0.0022,0.0022,3.19,-1.69,296.19,-0.5171,-0.2716,9.58,9.5978,P003_Weight_Stack_Seated_Leg_Extension_Releasing_Too_Fast_2_01.csv
3,4,2,5,2,15.932,15932,-0.9,0.23,9.51,9.5553,-0.0578,-0.0393,0.0109,3.19,-1.63,296.19,-0.5676,-0.2055,9.5708,9.5898,P003_Weight_Stack_Seated_Leg_Extension_Releasing_Too_Fast_2_01.csv
3,5,2,5,2,16.062,16062,-0.26,-0.9,10.07,10.1135,-0.0022,0.0044,0.0055,3.19,-1.56,296.19,-0.527,-0.297,9.6366,9.6555,P003_Weight_Stack_Seated_Leg_Extension_Releasing_Too_Fast_2_01.csv
3,5,2,5,2,16.235,16235,-0.72,-0.55,10.88,10.9177,-0.0076,0.0098,0.0044,3.13,-1.5,296.13,-0.5525,-0.3303,9.8004,9.8215,P003_Weight_Stack_Seated_Leg_Extension_Releasing_Too_Fast_2_01.csv
3,5,2,5,2,16.368,16368,-0.57,-0.39,10.53,10.5526,0.0,-0.0044,-0.0065,3.13,-1.5,296.13,-0.5548,-0.3382,9.8966,9.9179,P003_Weight_Stack_Seated_Leg_Extension_Releasing_Too_Fast_2_01.csv
3,5,2,5,2,16.503,16503,-0.44,-0.22,10.07,10.082,-0.0022,0.0,-0.0011,3.13,-1.5,296.13,-0.5396,-0.3226,9.9194,9.9393,P003_Weight_Stack_Seated_Leg_Extension_Releasing_Too_Fast_2_01.csv
3,5,2,5,2,16.634,16634,-0.64,-0.22,9.52,9.544,0.0,0.0033,-0.0022,3.13,-1.5,296.13,-0.5529,-0.3091,9.8668,9.8871,P003_Weight_Stack_Seated_Leg_Extension_Releasing_Too_Fast_2_01.csv
3,5,2,5,2,16.764,16764,-0.46,-0.23,9.76,9.7735,-0.0011,0.0044,-0.0033,3.13,-1.5,296.13,-0.5406,-0.2987,9.8527,9.872,P003_Weight_Stack_Seated_Leg_Extension_Releasing_Too_Fast_2_01.csv
3,5,2,5,2,16.894,16894,0.17,0.31,9.47,9.4766,-0.0098,0.0087,-0.0109,3.06,-1.44,296.13,-0.447,-0.2185,9.8023,9.8149,P003_Weight_Stack_Seated_Leg_Extension_Releasing_Too_Fast_2_01.csv
3,5,2,5,2,17.025,17025,-0.55,-0.28,9.78,9.7995,0.0011,-0.0011,-0.0044,3.06,-1.44,296.13,-0.4606,-0.2266,9.7993,9.8128,P003_Weight_Stack_Seated_Leg_Extension_Releasing_Too_Fast_2_01.csv
3,5,2,5,2,17.155,17155,-0.48,-0.24,9.82,9.8347,0.0,0.0011,0.0,3.06,-1.44,296.13,-0.4631,-0.2283,9.8021,9.8157,P003_Weight_Stack_Seated_Leg_Extension_Releasing_Too_Fast_2_01.csv
3,5,2,5,2,17.328,17328,-0.52,-0.27,9.84,9.8574,0.0,-0.0011,-0.0011,3.06,-1.44,296.13,-0.4706,-0.2338,9.8071,9.8211,P003_Weight_Stack_Seated_Leg_Extension_Releasing_Too_Fast_2_01.csv
3,5,2,5,2,17.458,17458,-0.5,-0.24,9.83,9.8456,0.0022,0.0011,-0.0011,3.06,-1.44,296.13,-0.4745,-0.2346,9.8101,9.8244,P003_Weight_Stack_Seated_Leg_Extension_Releasing_Too_Fast_2_01.csv
3,5,2,5,2,17.588,17588,-0.5,-0.24,9.82,9.8356,0.0,0.0,0.0,3.06,-1.44,296.13,-0.4779,-0.2353,9.8114,9.8258,P003_Weight_Stack_Seated_Leg_Extension_Releasing_Too_Fast_2_01.csv
3,5,2,5,2,17.718,17718,-0.61,-0.41,10.87,10.8948,0.0044,-0.0076,0.0044,3.06,-1.44,296.13,-0.4953,-0.2584,9.9509,9.9666,P003_Weight_Stack_Seated_Leg_Extension_Releasing_Too_Fast_2_01.csv
3,5,2,5,2,17.848,17848,-0.34,-0.26,10.83,10.8385,0.0011,-0.0022,0.0022,3.13,-1.44,296.13,-0.4748,-0.2586,10.0667,10.0812,P003_Weight_Stack_Seated_Leg_Extension_Releasing_Too_Fast_2_01.csv
3,5,2,5,2,17.978,17978,-0.51,-0.27,10.43,10.446,0.0087,-0.0142,0.0098,3.13,-1.44,296.13,-0.4794,-0.2601,10.1146,10.1293,P003_Weight_Stack_Seated_Leg_Extension_Releasing_Too_Fast_2_01.csv
3,5,2,5,2,18.108,18108,-0.56,-0.27,9.95,9.9694,0.0065,-0.0153,0.0011,3.13,-1.5,296.13,-0.4901,-0.2614,10.0929,10.1082,P003_Weight_Stack_Seated_Leg_Extension_Releasing_Too_Fast_2_01.csv
3,5,2,5,2,18.238,18238,-0.49,-0.18,10.06,10.0735,0.0022,0.0011,0.0011,3.19,-1.5,296.13,-0.4901,-0.2507,10.0886,10.1036,P003_Weight_Stack_Seated_Leg_Extension_Releasing_Too_Fast_2_01.csv
3,5,2,5,2,18.411,18411,-0.52,-0.23,9.6,9.6168,0.0055,0.0,-0.0011,3.19,-1.5,296.13,-0.494,-0.2479,10.0242,10.0394,P003_Weight_Stack_Seated_Leg_Extension_Releasing_Too_Fast_2_01.csv
3,5,2,5,2,18.541,18541,-0.7,-0.35,9.7,9.7315,0.0098,-0.0065,0.0033,3.13,-1.5,296.13,-0.5211,-0.2614,9.9815,9.9985,P003_Weight_Stack_Seated_Leg_Extension_Releasing_Too_Fast_2_01.csv
3,5,2,5,2,18.672,18672,-0.59,-0.27,9.49,9.5122,0.0022,0.0011,-0.0142,3.13,-1.5,296.13,-0.5302,-0.2625,9.9167,9.9343,P003_Weight_Stack_Seated_Leg_Extension_Releasing_Too_Fast_2_01.csv
3,5,2,5,2,18.805,18805,-0.44,-0.29,9.44,9.4547,-0.0033,0.0055,0.0109,3.13,-1.5,296.13,-0.5183,-0.2661,9.8539,9.8711,P003_Weight_Stack_Seated_Leg_Extension_Releasing_Too_Fast_2_01.csv
3,5,2,5,2,18.939,18939,-0.63,-0.35,9.79,9.8165,-0.0011,-0.0033,0.0087,3.13,-1.56,296.06,-0.533,-0.2772,9.8455,9.8638,P003_Weight_Stack_Seated_Leg_Extension_Releasing_Too_Fast_2_01.csv
3,5,2,5,2,19.07,19070,-0.48,-0.17,9.85,9.8632,0.0011,0.0022,-0.0022,3.13,-1.56,296.06,-0.5261,-0.2631,9.8461,9.8636,P003_Weight_Stack_Seated_Leg_Extension_Releasing_Too_Fast_2_01.csv
3,5,2,5,2,19.2,19200,-0.59,-0.29,9.91,9.9318,0.0,0.0011,-0.0022,3.13,-1.56,296.06,-0.5345,-0.2666,9.8545,9.8726,P003_Weight_Stack_Seated_Leg_Extension_Releasing_Too_Fast_2_01.csv
3,5,2,5,2,19.332,19332,-0.48,-0.27,9.81,9.8254,0.0,0.0044,-0.0011,3.13,-1.56,296.06,-0.5273,-0.2671,9.8486,9.8664,P003_Weight_Stack_Seated_Leg_Extension_Releasing_Too_Fast_2_01.csv
3,5,2,5,2,19.508,19508,-0.48,-0.25,9.73,9.745,0.0,0.0011,-0.0033,3.13,-1.56,296.06,-0.5211,-0.2648,9.833,9.8504,P003_Weight_Stack_Seated_Leg_Extension_Releasing_Too_Fast_2_01.csv
3,5,2,5,2,19.641,19641,-0.58,-0.32,9.84,9.8623,0.0,-0.0033,0.0022,3.13,-1.56,296.06,-0.5288,-0.2721,9.8339,9.8519,P003_Weight_Stack_Seated_Leg_Extension_Releasing_Too_Fast_2_01.csv
3,5,2,5,2,19.772,19772,-0.46,-0.3,9.76,9.7754,0.0,0.0,-0.0011,3.13,-1.56,296.06,-0.5198,-0.2758,9.8242,9.8418,P003_Weight_Stack_Seated_Leg_Extension_Releasing_Too_Fast_2_01.csv
3,5,2,5,2,19.902,19902,-0.56,-0.29,9.68,9.7005,-0.0011,0.0,-0.0033,3.13,-1.56,296.06,-0.5251,-0.2776,9.8052,9.8232,P003_Weight_Stack_Seated_Leg_Extension_Releasing_Too_Fast_2_01.csv
3,5,2,5,2,20.033,20033,-0.45,-0.27,9.13,9.1451,-0.0011,0.0,-0.0022,3.13,-1.56,296.06,-0.5152,-0.2766,9.7162,9.7338,P003_Weight_Stack_Seated_Leg_Extension_Releasing_Too_Fast_2_01.csv
3,5,2,5,2,20.163,20163,-0.48,-0.16,8.49,8.5051,-0.0022,0.0076,0.0,3.13,-1.56,296.06,-0.5105,-0.2613,9.5546,9.5718,P003_Weight_Stack_Seated_Leg_Extension_Releasing_Too_Fast_2_01.csv
3,5,2,5,2,20.293,20293,-0.31,-0.31,9.04,9.0506,-0.0055,0.0033,0.0153,3.19,-1.44,296.06,-0.4841,-0.2677,9.4868,9.5029,P003_Weight_Stack_Seated_Leg_Extension_Releasing_Too_Fast_2_01.csv
3,5,2,5,2,20.424,20424,-0.42,0.03,9.97,9.9789,-0.0185,-0.0142,-0.0065,3.06,-1.38,296.06,-0.4757,-0.2285,9.5505,9.5651,P003_Weight_Stack_Seated_Leg_Extension_Releasing_Too_Fast_2_01.csv
3,5,2,5,2,20.598,20598,-0.39,-0.34,9.8,9.8136,-0.0065,0.0098,-0.0065,3.06,-1.31,296.0,-0.4644,-0.2432,9.5834,9.5977,P003_Weight_Stack_Seated_Leg_Extension_Releasing_Too_Fast_2_01.csv
3,5,2,5,2,20.729,20729,0.96,-0.88,8.19,8.2929,0.0884,0.0316,0.0764,3.06,-1.38,296.25,-0.2767,-0.3271,9.3998,9.4095,P003_Weight_Stack_Seated_Leg_Extension_Releasing_Too_Fast_2_01.csv
3,6,2,5,2,20.864,20864,-0.55,0.11,11.72,11.7334,-0.0153,0.0142,-0.0698,2.94,-1.13,296.19,-0.3127,-0.2695,9.7055,9.7143,P003_Weight_Stack_Seated_Leg_Extension_Releasing_Too_Fast_2_01.csv
3,6,2,5,2,20.995,20995,-0.41,-0.23,9.87,9.8812,0.0,0.0055,0.0,3.0,-1.25,296.19,-0.3255,-0.2643,9.7272,9.7362,P003_Weight_Stack_Seated_Leg_Extension_Releasing_Too_Fast_2_01.csv
3,6,2,5,2,21.125,21125,-0.47,-0.06,8.12,8.1338,0.0338,-0.0153,0.0425,3.0,-1.31,296.25,-0.3446,-0.2374,9.5154,9.5246,P003_Weight_Stack_Seated_Leg_Extension_Releasing_Too_Fast_2_01.csv
3,6,2,5,2,21.256,21256,-0.53,-0.15,10.73,10.7441,0.0349,-0.0295,0.012,3.0,-1.31,296.31,-0.369,-0.2258,9.6754,9.6851,P003_Weight_Stack_Seated_Leg_Extension_Releasing_Too_Fast_2_01.csv
3,6,2,5,2,21.386,21386,-0.29,-0.82,9.87,9.9082,-0.0164,0.0251,-0.0087,3.0,-1.31,296.06,-0.3586,-0.3041,9.7011,9.7125,P003_Weight_Stack_Seated_Leg_Extension_Releasing_Too_Fast_2_01.csv
3,6,2,5,2,21.517,21517,-0.51,-0.25,9.84,9.8564,-0.0022,0.0011,0.0065,3.06,-1.31,296.13,-0.3785,-0.297,9.7194,9.7313,P003_Weight_Stack_Seated_Leg_Extension_Releasing_Too_Fast_2_01.csv
3,6,2,5,2,21.691,21691,-0.64,-0.12,10.0,10.0212,-0.0076,-0.0153,0.0175,3.31,-1.56,296.31,-0.413,-0.2737,9.7564,9.7689,P003_Weight_Stack_Seated_Leg_Extension_Releasing_Too_Fast_2_01.csv
3,6,2,5,2,21.822,21822,-0.32,-0.24,9.76,9.7682,-0.0131,0.0087,-0.012,3.0,-1.31,296.06,-0.4007,-0.2692,9.7568,9.7688,P003_Weight_Stack_Seated_Leg_Extension_Releasing_Too_Fast_2_01.csv
3,6,2,5,2,21.957,21957,-0.5,-0.28,9.85,9.8667,0.0,-0.0011,0.0,3.0,-1.31,296.06,-0.4138,-0.2707,9.7691,9.7816,P003_Weight_Stack_Seated_Leg_Extension_Releasing_Too_Fast_2_01.csv
3,6,2,5,2,22.088,22088,-0.47,-0.25,10.68,10.6933,0.0055,-0.0065,0.0011,3.0,-1.31,296.06,-0.4212,-0.2679,9.8892,9.9017,P003_Weight_Stack_Seated_Leg_Extension_Releasing_Too_Fast_2_01.csv
3,6,2,5,2,22.219,22219,-0.47,-0.29,11.06,11.0738,0.0,-0.0033,0.0022,3.0,-1.31,296.06,-0.4276,-0.2708,10.0434,10.0562,P003_Weight_Stack_Seated_Leg_Extension_Releasing_Too_Fast_2_01.csv
3,6,2,5,2,22.349,22349,-0.55,-0.32,10.5,10.5193,0.012,-0.0109,0.0087,3.0,-1.31,296.06,-0.4438,-0.2773,10.1036,10.1171,P003_Weight_Stack_Seated_Leg_Extension_Releasing_Too_Fast_2_01.csv
3,6,2,5,2,22.479,22479,-0.59,-0.07,9.83,9.8479,0.012,-0.0142,0.0098,3.13,-1.38,296.06,-0.463,-0.25,10.0675,10.0813,P003_Weight_Stack_Seated_Leg_Extension_Releasing_Too_Fast_2_01.csv
3,6,2,5,2,22.609,22609,-0.54,-0.24,9.96,9.9775,0.0076,-0.0011,-0.0055,3.13,-1.44,296.13,-0.4732,-0.2487,10.0534,10.0676,P003_Weight_Stack_Seated_Leg_Extension_Releasing_Too_Fast_2_01.csv
3,6,2,5,2,22.782,22782,-0.67,-0.37,9.78,9.8099,0.0044,-0.0044,-0.0011,3.13,-1.44,296.13,-0.4991,-0.2647,10.0174,10.0333,P003_Weight_Stack_Seated_Leg_Extension_Releasing_Too_Fast_2_01.csv
3,6,2,5,2,22.915,22915,-0.51,-0.19,8.79,8.8068,0.0011,0.0076,-0.0109,3.13,-1.44,296.06,-0.5006,-0.2548,9.8556,9.8716,P003_Weight_Stack_Seated_Leg_Extension_Releasing_Too_Fast_2_01.csv
3,6,2,5,2,23.05,23050,-0.4,-0.22,8.95,8.9616,0.0,0.0044,-0.0044,3.13,-1.5,296.06,-0.4873,-0.2502,9.7363,9.7517,P003_Weight_Stack_Seated_Leg_Extension_Releasing_Too_Fast_2_01.csv
3,6,2,5,2,23.181,23181,-0.31,-0.3,10.53,10.5388,-0.0065,-0.0033,-0.0131,3.13,-1.44,296.06,-0.4639,-0.2568,9.8409,9.8551,P003_Weight_Stack_Seated_Leg_Extension_Releasing_Too_Fast_2_01.csv
3,6,2,5,2,23.311,23311,-0.71,-0.33,10.31,10.3397,-0.0022,0.0022,0.0229,3.13,-1.44,296.13,-0.4964,-0.2664,9.9027,9.9187,P003_Weight_Stack_Seated_Leg_Extension_Releasing_Too_Fast_2_01.csv
3,6,2,5,2,23.442,23442,-0.56,-0.2,9.48,9.4986,-0.0022,-0.0033,-0.0164,3.13,-1.44,296.06,-0.5047,-0.2577,9.847,9.8633,P003_Weight_Stack_Seated_Leg_Extension_Releasing_Too_Fast_2_01.csv
3,6,2,5,2,23.572,23572,-0.59,-0.44,9.86,9.8874,-0.0022,-0.0011,-0.0055,3.13,-1.44,296.06,-0.516,-0.2817,9.8487,9.8662,P003_Weight_Stack_Seated_Leg_Extension_Releasing_Too_Fast_2_01.csv
3,6,2,5,2,23.702,23702,-0.52,-0.34,9.68,9.6999,-0.0011,0.0011,-0.0011,3.13,-1.44,296.06,-0.5165,-0.2894,9.8265,9.8443,P003_Weight_Stack_Seated_Leg_Extension_Releasing_Too_Fast_2_01.csv
3,6,2,5,2,23.875,23875,-0.59,-0.39,9.6,9.626,0.0,-0.0022,0.0065,3.13,-1.44,296.06,-0.5262,-0.3027,9.7966,9.8154,P003_Weight_Stack_Seated_Leg_Extension_Releasing_Too_Fast_2_01.csv
3,6,2,5,2,24.005,24005,-0.51,-0.32,9.71,9.7286,0.0022,0.0011,-0.0022,3.13,-1.44,296.06,-0.5241,-0.3049,9.7852,9.804,P003_Weight_Stack_Seated_Leg_Extension_Releasing_Too_Fast_2_01.csv
3,6,2,5,2,24.136,24136,-0.5,-0.33,9.74,9.7584,0.0,0.0,0.0,3.13,-1.44,296.06,-0.5209,-0.3082,9.7793,9.798,P003_Weight_Stack_Seated_Leg_Extension_Releasing_Too_Fast_2_01.csv
3,6,2,5,2,24.27,24270,-0.5,-0.25,9.36,9.3767,0.0,0.0011,-0.0033,3.13,-1.44,296.06,-0.5181,-0.3006,9.724,9.7424,P003_Weight_Stack_Seated_Leg_Extension_Releasing_Too_Fast_2_01.csv
3,6,2,5,2,24.403,24403,-0.45,-0.26,8.4,8.4161,-0.0044,0.0033,0.0098,3.13,-1.44,296.06,-0.5092,-0.2952,9.5495,9.5677,P003_Weight_Stack_Seated_Leg_Extension_Releasing_Too_Fast_2_01.csv
3,6,2,5,2,24.534,24534,-1.0,0.59,9.14,9.2135,-0.012,0.0044,-0.0109,3.13,-1.44,296.06,-0.5738,-0.1786,9.4956,9.5146,P003_Weight_Stack_Seated_Leg_Extension_Releasing_Too_Fast_2_01.csv
3,7,2,5,2,24.664,24664,-0.83,-0.12,10.29,10.3241,-0.0273,-0.0055,-0.0033,3.06,-1.38,296.06,-0.6076,-0.1709,9.6003,9.621,P003_Weight_Stack_Seated_Leg_Extension_Releasing_Too_Fast_2_01.csv
3,7,2,5,2,24.795,24795,-0.64,-0.51,10.67,10.7013,-0.0011,0.0033,-0.0033,3.0,-1.25,296.0,-0.6119,-0.2155,9.7412,9.7628,P003_Weight_Stack_Seated_Leg_Extension_Releasing_Too_Fast_2_01.csv
3,7,2,5,2,24.968,24968,-0.38,-0.13,9.15,9.1588,0.0164,-0.0251,0.0131,3.0,-1.38,296.25,-0.5813,-0.2043,9.6633,9.6829,P003_Weight_Stack_Seated_Leg_Extension_Releasing_Too_Fast_2_01.csv
3,7,2,5,2,25.101,25101,-1.08,-0.9,9.84,9.9399,-0.0164,0.0665,-0.1287,3.0,-1.19,296.13,-0.647,-0.296,9.6866,9.7127,P003_Weight_Stack_Seated_Leg_Extension_Releasing_Too_Fast_2_01.csv
3,7,2,5,2,25.232,25232,-0.47,-0.31,9.81,9.8261,-0.0055,-0.0044,0.0055,2.94,-1.25,296.0,-0.6237,-0.2978,9.7029,9.7274,P003_Weight_Stack_Seated_Leg_Extension_Releasing_Too_Fast_2_01.csv
3,7,2,5,2,25.366,25366,-0.58,-0.57,11.29,11.3192,0.0731,-0.0644,0.0654,3.13,-1.44,296.31,-0.6179,-0.3337,9.912,9.9369,P003_Weight_Stack_Seated_Leg_Extension_Releasing_Too_Fast_2_01.csv
3,7,2,5,2,25.497,25497,-0.6,-0.29,9.71,9.7328,-0.0076,0.0022,0.0022,3.19,-1.5,296.31,-0.6156,-0.3279,9.8854,9.91,P003_Weight_Stack_Seated_Leg_Extension_Releasing_Too_Fast_2_01.csv
3,7,2,5,2,25.627,25627,-0.52,-0.13,9.82,9.8346,-0.0065,0.0076,-0.0196,2.94,-1.25,296.0,-0.603,-0.3018,9.8768,9.8998,P003_Weight_Stack_Seated_Leg_Extension_Releasing_Too_Fast_2_01.csv
3,7,2,5,2,25.777,25777,-0.49,-0.15,9.82,9.8334,0.0011,-0.0044,0.0076,2.94,-1.25,296.0,-0.5881,-0.2818,9.8693,9.8908,P003_Weight_Stack_Seated_Leg_Extension_Releasing_Too_Fast_2_01.csv
3,7,2,5,2,25.908,25908,-1.4,-0.5,9.39,9.507,-0.0774,0.0425,-0.0065,3.13,-1.38,296.25,-0.6951,-0.3106,9.8061,9.8356,P003_Weight_Stack_Seated_Leg_Extension_Releasing_Too_Fast_2_01.csv
3,7,2,5,2,26.081,26081,-0.56,-0.21,9.87,9.8881,0.0,0.0,-0.0033,2.94,-1.25,296.0,-0.6773,-0.2973,9.8145,9.8424,P003_Weight_Stack_Seated_Leg_Extension_Releasing_Too_Fast_2_01.csv
3,7,2,5,2,26.211,26211,-0.36,-0.22,10.07,10.0788,0.0065,-0.0055,-0.0044,3.0,-1.25,296.0,-0.6355,-0.2871,9.8482,9.8729,P003_Weight_Stack_Seated_Leg_Extension_Releasing_Too_Fast_2_01.csv
3,7,2,5,2,26.343,26343,-0.77,-0.33,9.94,9.9752,0.0022,-0.0011,0.012,3.0,-1.31,296.0,-0.6532,-0.2928,9.8603,9.8863,P003_Weight_Stack_Seated_Leg_Extension_Releasing_Too_Fast_2_01.csv
3,7,2,5,2,26.479,26479,-0.72,-0.41,9.56,9.5958,0.0164,-0.0131,0.0033,3.0,-1.31,296.06,-0.662,-0.3082,9.8207,9.8478,P003_Weight_Stack_Seated_Leg_Extension_Releasing_Too_Fast_2_01.csv
3,7,2,5,2,26.61,26610,-0.38,-0.27,9.51,9.5214,0.0033,-0.0087,0.0022,3.06,-1.38,296.06,-0.6248,-0.3032,9.7798,9.8044,P003_Weight_Stack_Seated_Leg_Extension_Releasing_Too_Fast_2_01.csv
3,7,2,5,2,26.74,26740,-0.58,-0.22,8.02,8.044,0.0044,-0.0044,0.0065,3.06,-1.38,296.06,-0.6189,-0.2922,9.5479,9.5724,P003_Weight_Stack_Seated_Leg_Extension_Releasing_Too_Fast_2_01.csv
3,7,2,5,2,26.87,26870,-0.75,0.04,8.83,8.8619,-0.0065,0.0044,-0.0011,3.0,-1.38,296.06,-0.6362,-0.2484,9.4533,9.4779,P003_Weight_Stack_Seated_Leg_Extension_Releasing_Too_Fast_2_01.csv
3,8,2,5,2,27.001,27001,-0.54,-0.18,9.73,9.7466,0.0,-0.0011,-0.012,3.0,-1.38,296.06,-0.6235,-0.2394,9.4898,9.5132,P003_Weight_Stack_Seated_Leg_Extension_Releasing_Too_Fast_2_01.csv
3,8,2,5,2,27.174,27174,-0.74,-0.29,9.5,9.5332,-0.0022,-0.0044,0.0109,3.0,-1.38,296.06,-0.6389,-0.2461,9.4911,9.5158,P003_Weight_Stack_Seated_Leg_Extension_Releasing_Too_Fast_2_01.csv
3,8,2,5,2,27.31,27310,-0.73,-0.47,9.42,9.4599,0.0011,0.0109,-0.0175,3.0,-1.38,296.06,-0.6509,-0.2756,9.4817,9.508,P003_Weight_Stack_Seated_Leg_Extension_Releasing_Too_Fast_2_01.csv
3,8,2,5,2,27.442,27442,-0.49,-0.37,9.53,9.5498,-0.0011,0.0022,0.012,3.0,-1.38,296.06,-0.6297,-0.288,9.4881,9.5133,P003_Weight_Stack_Seated_Leg_Extension_Releasing_Too_Fast_2_01.csv
3,8,2,5,2,27.572,27572,-0.46,-0.3,9.57,9.5857,-0.0022,0.0033,-0.0055,3.0,-1.38,296.0,-0.6073,-0.2896,9.4989,9.5227,P003_Weight_Stack_Seated_Leg_Extension_Releasing_Too_Fast_2_01.csv
3,8,2,5,2,27.702,27702,-0.57,-0.4,9.71,9.7349,0.0,0.0033,0.0109,3.0,-1.38,296.06,-0.6024,-0.3042,9.5267,9.5506,P003_Weight_Stack_Seated_Leg_Extension_Releasing_Too_Fast_2_01.csv
3,8,2,5,2,27.833,27833,-0.52,-0.24,10.09,10.1062,-0.0011,0.0,-0.012,3.0,-1.38,296.06,-0.5915,-0.2957,9.6009,9.6237,P003_Weight_Stack_Seated_Leg_Extension_Releasing_Too_Fast_2_01.csv
3,8,2,5,2,27.963,27963,-0.7,-0.32,9.78,9.8102,-0.0011,-0.0022,-0.0022,3.0,-1.38,296.06,-0.6058,-0.2989,9.6245,9.6482,P003_Weight_Stack_Seated_Leg_Extension_Releasing_Too_Fast_2_01.csv
3,8,2,5,2,28.093,28093,-0.58,-0.29,9.97,9.9911,-0.0022,0.0055,-0.0076,3.0,-1.38,296.06,-0.6024,-0.2977,9.6701,9.6934,P003_Weight_Stack_Seated_Leg_Extension_Releasing_Too_Fast_2_01.csv
3,8,2,5,2,28.266,28266,-0.58,-0.36,9.8,9.8237,-0.0022,0.0065,-0.0076,3.0,-1.38,296.0,-0.5995,-0.3059,9.6872,9.7105,P003_Weight_Stack_Seated_Leg_Extension_Releasing_Too_Fast_2_01.csv
3,8,2,5,2,28.396,28396,-0.58,-0.34,9.77,9.7931,0.0011,0.0022,0.0,3.0,-1.44,296.0,-0.5969,-0.3104,9.6981,9.7214,P003_Weight_Stack_Seated_Leg_Extension_Releasing_Too_Fast_2_01.csv
3,8,2,5,2,28.526,28526,-0.47,-0.29,9.62,9.6358,-0.0022,0.0044,-0.0011,3.0,-1.44,296.0,-0.5802,-0.3077,9.6878,9.71,P003_Weight_Stack_Seated_Leg_Extension_Releasing_Too_Fast_2_01.csv
3,8,2,5,2,28.656,28656,-0.54,-0.25,8.71,8.7303,-0.0033,0.0055,0.0033,3.0,-1.44,296.0,-0.5749,-0.3001,9.559,9.5809,P003_Weight_Stack_Seated_Leg_Extension_Releasing_Too_Fast_2_01.csv
3,8,2,5,2,28.786,28786,-0.56,-0.31,8.35,8.3745,-0.0011,0.0055,-0.0011,3.0,-1.44,296.0,-0.5729,-0.3014,9.3996,9.4219,P003_Weight_Stack_Seated_Leg_Extension_Releasing_Too_Fast_2_01.csv
3,8,2,5,2,28.916,28916,-0.31,-0.23,8.48,8.4888,-0.0022,-0.0044,-0.0458,3.06,-1.38,296.0,-0.5383,-0.292,9.2785,9.2986,P003_Weight_Stack_Seated_Leg_Extension_Releasing_Too_Fast_2_01.csv
3,8,2,5,2,29.046,29046,-0.26,-0.55,9.75,9.769,-0.0098,0.0295,-0.0218,2.94,-1.31,296.0,-0.5016,-0.326,9.3406,9.3597,P003_Weight_Stack_Seated_Leg_Extension_Releasing_Too_Fast_2_01.csv
3,8,2,5,2,29.176,29176,-0.35,-0.3,9.86,9.8708,-0.0185,0.0229,-0.0087,2.94,-1.19,296.0,-0.4816,-0.3226,9.409,9.4269,P003_Weight_Stack_Seated_Leg_Extension_Releasing_Too_Fast_2_01.csv
3,8,2,5,2,29.349,29349,-1.61,0.29,8.63,8.7837,0.108,-0.0425,0.1374,2.75,-1.06,296.38,-0.6303,-0.2419,9.3064,9.3308,P003_Weight_Stack_Seated_Leg_Extension_Releasing_Too_Fast_2_01.csv
3,8,2,5,2,29.479,29479,-5.2,-1.51,6.44,8.4139,0.3611,-0.1854,-0.2378,2.81,-1.25,296.13,-1.2325,-0.409,8.9287,9.0226,P003_Weight_Stack_Seated_Leg_Extension_Releasing_Too_Fast_2_01.csv
3,9,2,5,2,29.609,29609,-0.12,0.24,9.32,9.3239,-0.0033,0.0011,-0.0033,2.81,-1.06,295.88,-1.0859,-0.3235,8.9802,9.0514,P003_Weight_Stack_Seated_Leg_Extension_Releasing_Too_Fast_2_01.csv
3,9,2,5,2,29.739,29739,-1.07,1.14,9.46,9.5883,-0.4156,0.0316,0.072,2.63,-0.56,296.06,-1.0838,-0.1306,9.0435,9.1091,P003_Weight_Stack_Seated_Leg_Extension_Releasing_Too_Fast_2_01.csv
3,9,2,5,2,29.869,29869,-0.41,-0.31,9.81,9.8235,0.0044,-0.0033,0.0011,2.69,-1.0,296.06,-0.995,-0.1542,9.1445,9.1997,P003_Weight_Stack_Seated_Leg_Extension_Releasing_Too_Fast_2_01.csv
3,9,2,5,2,29.999,29999,-0.32,0.03,9.47,9.4755,0.0044,-0.0033,-0.0731,2.81,-1.06,295.94,-0.9061,-0.13,9.1874,9.2328,P003_Weight_Stack_Seated_Leg_Extension_Releasing_Too_Fast_2_01.csv
3,9,2,5,2,30.129,30129,-0.45,-0.17,9.78,9.7918,-0.0022,0.0033,0.0011,2.81,-1.13,295.88,-0.846,-0.1352,9.2655,9.305,P003_Weight_Stack_Seated_Leg_Extension_Releasing_Too_Fast_2_01.csv
3,9,2,5,2,30.259,30259,0.69,-0.82,9.89,9.9479,0.0611,-0.0513,0.0196,3.0,-1.38,296.06,-0.6436,-0.2255,9.3478,9.3726,P003_Weight_Stack_Seated_Leg_Extension_Releasing_Too_Fast_2_01.csv
3,9,2,5,2,30.432,30432,-0.52,-0.33,9.8,9.8193,-0.0011,0.0022,-0.0044,2.81,-1.13,295.88,-0.6273,-0.2392,9.4074,9.4313,P003_Weight_Stack_Seated_Leg_Extension_Releasing_Too_Fast_2_01.csv
3,9,2,5,2,30.566,30566,-0.45,-0.31,9.86,9.8751,-0.0011,-0.0022,0.0033,2.81,-1.13,295.81,-0.6039,-0.2486,9.467,9.4895,P003_Weight_Stack_Seated_Leg_Extension_Releasing_Too_Fast_2_01.csv
3,9,2,5,2,30.697,30697,-0.42,-0.29,10.62,10.6323,-0.0011,-0.0022,0.0065,2.81,-1.19,295.81,-0.5797,-0.254,9.6189,9.6397,P003_Weight_Stack_Seated_Leg_Extension_Releasing_Too_Fast_2_01.csv
3,9,2,5,2,30.83,30830,-0.74,-0.37,10.19,10.2235,0.0087,-0.0098,0.024,2.81,-1.19,295.88,-0.6008,-0.2693,9.6942,9.7165,P003_Weight_Stack_Seated_Leg_Extension_Releasing_Too_Fast_2_01.csv
3,9,2,5,2,30.961,30961,-0.4,-0.55,9.84,9.8635,0.012,-0.0022,0.0087,2.81,-1.19,295.88,-0.5743,-0.3063,9.7134,9.7352,P003_Weight_Stack_Seated_Leg_Extension_Releasing_Too_Fast_2_01.csv
3,9,2,5,2,31.092,31092,-0.4,-0.19,9.48,9.4903,0.0044,-0.0076,0.0065,2.88,-1.19,295.88,-0.5514,-0.291,9.6826,9.7027,P003_Weight_Stack_Seated_Leg_Extension_Releasing_Too_Fast_2_01.csv
3,9,2,5,2,31.222,31222,-0.49,-0.26,10.0,10.0154,0.0022,0.0044,0.0076,2.88,-1.19,295.88,-0.5433,-0.2869,9.7245,9.7439,P003_Weight_Stack_Seated_Leg_Extension_Releasing_Too_Fast_2_01.csv
3,9,2,5,2,31.352,31352,-0.54,-0.42,9.98,10.0034,0.0175,0.024,-0.012,2.88,-1.19,295.88,-0.5429,-0.3044,9.7581,9.778,P003_Weight_Stack_Seated_Leg_Extension_Releasing_Too_Fast_2_01.csv
3,9,2,5,2,31.525,31525,-0.5,-0.43,9.65,9.6725,-0.0011,-0.0044,-0.0033,2.81,-1.19,295.88,-0.5372,-0.321,9.7439,9.764,P003_Weight_Stack_Seated_Leg_Extension_Releasing_Too_Fast_2_01.csv
3,9,2,5,2,31.659,31659,-0.4,-0.25,8.97,8.9824,0.0022,0.0011,-0.0065,2.81,-1.25,295.81,-0.5191,-0.3116,9.6419,9.6609,P003_Weight_Stack_Seated_Leg_Extension_Releasing_Too_Fast_2_01.csv
3,9,2,5,2,31.793,31793,-0.39,-0.28,8.35,8.3638,-0.0011,0.0044,0.0164,2.81,-1.25,295.81,-0.5021,-0.3075,9.4717,9.4899,P003_Weight_Stack_Seated_Leg_Extension_Releasing_Too_Fast_2_01.csv
3,9,2,5,2,31.924,31924,-0.65,-0.34,10.19,10.2164,-0.0055,0.0033,-0.0011,2.81,-1.25,295.81,-0.5216,-0.3117,9.5663,9.5856,P003_Weight_Stack_Seated_Leg_Extension_Releasing_Too_Fast_2_01.csv
3,9,2,5,2,32.054,32054,-0.49,-0.35,10.13,10.1479,-0.0033,-0.0011,-0.0076,2.81,-1.25,295.81,-0.5174,-0.3168,9.6406,9.6597,P003_Weight_Stack_Seated_Leg_Extension_Releasing_Too_Fast_2_01.csv
3,9,2,5,2,32.184,32184,-0.55,-0.21,9.54,9.5581,0.0011,-0.0011,0.0142,2.81,-1.25,295.81,-0.5217,-0.3027,9.6273,9.6462,P003_Weight_Stack_Seated_Leg_Extension_Releasing_Too_Fast_2_01.csv
3,9,2,5,2,32.315,32315,-0.47,-0.37,9.9,9.9181,-0.0033,0.0033,-0.0065,2.81,-1.25,295.81,-0.5149,-0.3116,9.6633,9.682,P003_Weight_Stack_Seated_Leg_Extension_Releasing_Too_Fast_2_01.csv
3,9,2,5,2,32.445,32445,-0.52,-0.24,10.01,10.0264,0.0,0.0,-0.0011,2.81,-1.25,295.81,-0.5156,-0.3021,9.709,9.7273,P003_Weight_Stack_Seated_Leg_Extension_Releasing_Too_Fast_2_01.csv
3,9,2,5,2,32.618,32618,-0.57,-0.3,9.85,9.871,0.0,0.0,-0.0055,2.81,-1.25,295.81,-0.5228,-0.3019,9.7275,9.7463,P003_Weight_Stack_Seated_Leg_Extension_Releasing_Too_Fast_2_01.csv
3,9,2,5,2,32.749,32749,-0.47,-0.32,9.48,9.497,0.0011,0.0,0.0022,2.81,-1.25,295.81,-0.5158,-0.3043,9.6949,9.7134,P003_Weight_Stack_Seated_Leg_Extension_Releasing_Too_Fast_2_01.csv
3,9,2,5,2,32.879,32879,-0.55,-0.29,9.33,9.3507,-0.0022,0.0022,-0.0022,2.81,-1.25,295.81,-0.5203,-0.3024,9.6468,9.6656,P003_Weight_Stack_Seated_Leg_Extension_Releasing_Too_Fast_2_01.csv
3,9,2,5,2,33.015,33015,-0.66,-0.12,9.3,9.3242,-0.0044,0.0142,-0.0022,2.81,-1.25,295.81,-0.5387,-0.2783,9.6011,9.6203,P003_Weight_Stack_Seated_Leg_Extension_Releasing_Too_Fast_2_01.csv
3,9,2,5,2,33.147,33147,-0.65,-0.21,9.89,9.9136,0.0076,-0.0055,0.0164,2.88,-1.13,295.88,-0.5534,-0.2693,9.6392,9.6588,P003_Weight_Stack_Seated_Leg_Extension_Releasing_Too_Fast_2_01.csv
3,9,2,5,2,33.277,33277,-0.53,-0.18,10.31,10.3252,-0.0044,0.0022,-0.0109,2.88,-1.19,295.81,-0.5503,-0.2576,9.7276,9.7466,P003_Weight_Stack_Seated_Leg_Extension_Releasing_Too_Fast_2_01.csv
3,9,2,5,2,33.408,33408,-0.37,-0.48,9.64,9.659,-0.0044,0.0,0.0142,2.81,-1.19,295.81,-0.5265,-0.2869,9.7161,9.7345,P003_Weight_Stack_Seated_Leg_Extension_Releasing_Too_Fast_2_01.csv
3,9,2,5,2,33.538,33538,-0.48,-0.22,10.11,10.1238,-0.0022,0.0033,-0.0087,2.81,-1.19,295.81,-0.5204,-0.2781,9.768,9.7858,P003_Weight_Stack_Seated_Leg_Extension_Releasing_Too_Fast_2_01.csv
3,9,2,5,2,33.711,33711,-0.52,-0.37,10.18,10.2,0.0022,0.0022,0.0033,2.81,-1.13,295.81,-0.5204,-0.2902,9.8223,9.8403,P003_Weight_Stack_Seated_Leg_Extension_Releasing_Too_Fast_2_01.csv
3,9,2,5,2,33.842,33842,-0.57,-0.31,10.01,10.031,-0.0011,0.0076,0.0,2.81,-1.13,295.81,-0.5269,-0.2928,9.847,9.8654,P003_Weight_Stack_Seated_Leg_Extension_Releasing_Too_Fast_2_01.csv
3,9,2,5,2,33.973,33973,-0.47,-0.28,9.7,9.7154,0.0,0.0011,-0.0022,2.81,-1.19,295.81,-0.5194,-0.2911,9.8276,9.8456,P003_Weight_Stack_Seated_Leg_Extension_Releasing_Too_Fast_2_01.csv
3,9,2,5,2,34.104,34104,-0.14,0.0,10.54,10.5409,-0.0251,0.0098,-0.0415,2.75,-1.13,295.81,-0.4694,-0.2527,9.9215,9.9358,P003_Weight_Stack_Seated_Leg_Extension_Releasing_Too_Fast_2_01.csv
3,10,2,5,2,34.237,34237,-0.39,-0.28,9.86,9.8717,0.0,0.0011,-0.0065,2.75,-1.13,295.88,-0.4589,-0.2563,9.9134,9.9273,P003_Weight_Stack_Seated_Leg_Extension_Releasing_Too_Fast_2_01.csv
3,10,2,5,2,34.37,34370,-0.53,-0.22,9.81,9.8268,-0.0022,0.0,0.0011,2.75,-1.13,295.88,-0.4683,-0.2515,9.8998,9.914,P003_Weight_Stack_Seated_Leg_Extension_Releasing_Too_Fast_2_01.csv
3,10,2,5,2,34.501,34501,-0.53,-0.08,9.43,9.4452,0.036,-0.0207,0.0447,2.81,-1.19,295.94,-0.4764,-0.2289,9.8379,9.8521,P003_Weight_Stack_Seated_Leg_Extension_Releasing_Too_Fast_2_01.csv
3,10,2,5,2,34.631,34631,-0.74,-0.21,9.84,9.87,0.0087,-0.0022,-0.0425,2.81,-1.19,295.81,-0.5112,-0.2264,9.8381,9.854,P003_Weight_Stack_Seated_Leg_Extension_Releasing_Too_Fast_2_01.csv
3,10,2,5,2,34.804,34804,-0.47,-0.22,9.84,9.8537,0.0011,0.0022,-0.0033,2.81,-1.19,295.81,-0.5057,-0.2256,9.8384,9.854,P003_Weight_Stack_Seated_Leg_Extension_Releasing_Too_Fast_2_01.csv
3,10,2,5,2,34.934,34934,-0.42,-0.17,10.33,10.3399,0.0044,-0.0065,0.0044,2.81,-1.19,295.81,-0.4944,-0.2183,9.9032,9.9179,P003_Weight_Stack_Seated_Leg_Extension_Releasing_Too_Fast_2_01.csv
3,10,2,5,2,35.065,35065,-0.45,-0.23,10.55,10.5621,-0.0044,0.0,0.0011,2.81,-1.25,295.81,-0.4886,-0.2198,9.9884,10.0028,P003_Weight_Stack_Seated_Leg_Extension_Releasing_Too_Fast_2_01.csv
3,10,2,5,2,35.196,35196,-0.76,-0.67,10.31,10.3597,0.0044,-0.0109,0.0131,2.81,-1.25,295.81,-0.5244,-0.2791,10.0308,10.0484,P003_Weight_Stack_Seated_Leg_Extension_Releasing_Too_Fast_2_01.csv
3,10,2,5,2,35.332,35332,-0.32,-0.33,9.64,9.651,0.0109,0.0011,0.0065,2.81,-1.25,295.88,-0.4974,-0.2858,9.9793,9.9958,P003_Weight_Stack_Seated_Leg_Extension_Releasing_Too_Fast_2_01.csv
3,10,2,5,2,35.463,35463,-0.48,-0.23,9.75,9.7645,0.012,-0.0022,0.0065,2.88,-1.31,295.88,-0.4951,-0.2785,9.9491,9.9653,P003_Weight_Stack_Seated_Leg_Extension_Releasing_Too_Fast_2_01.csv
3,10,2,5,2,35.594,35594,-0.53,-0.27,9.53,9.5485,0.0044,0.0022,0.0065,2.88,-1.31,295.88,-0.4997,-0.2774,9.8939,9.9103,P003_Weight_Stack_Seated_Leg_Extension_Releasing_Too_Fast_2_01.csv
3,10,2,5,2,35.724,35724,-0.76,-0.14,9.38,9.4118,0.0044,-0.012,0.0055,2.88,-1.31,295.81,-0.534,-0.2593,9.8261,9.8441,P003_Weight_Stack_Seated_Leg_Extension_Releasing_Too_Fast_2_01.csv
3,10,2,5,2,35.897,35897,-0.49,-0.23,9.76,9.775,0.0033,0.0033,0.0055,2.88,-1.31,295.81,-0.5282,-0.2554,9.8174,9.8349,P003_Weight_Stack_Seated_Leg_Extension_Releasing_Too_Fast_2_01.csv
3,10,2,5,2,36.029,36029,-0.54,-0.2,9.26,9.2779,0.0011,-0.0044,-0.0044,2.88,-1.31,295.81,-0.5298,-0.2481,9.744,9.7615,P003_Weight_Stack_Seated_Leg_Extension_Releasing_Too_Fast_2_01.csv
3,10,2,5,2,36.16,36160,-0.56,-0.32,9.33,9.3523,-0.0011,0.0044,0.0109,2.88,-1.31,295.81,-0.5338,-0.2576,9.6894,9.7075,P003_Weight_Stack_Seated_Leg_Extension_Releasing_Too_Fast_2_01.csv
3,10,2,5,2,36.295,36295,-0.53,-0.37,9.55,9.5718,-0.0011,0.0033,-0.0065,2.88,-1.31,295.81,-0.5333,-0.2724,9.671,9.6896,P003_Weight_Stack_Seated_Leg_Extension_Releasing_Too_Fast_2_01.csv
3,10,2,5,2,36.426,36426,-0.46,-0.24,9.73,9.7438,-0.0044,0.0011,0.0,2.88,-1.31,295.81,-0.5236,-0.2681,9.6788,9.6967,P003_Weight_Stack_Seated_Leg_Extension_Releasing_Too_Fast_2_01.csv
3,10,2,5,2,36.557,36557,-0.4,-0.27,9.99,10.0016,-0.0022,0.0033,-0.0076,2.88,-1.31,295.81,-0.5073,-0.2684,9.7198,9.7368,P003_Weight_Stack_Seated_Leg_Extension_Releasing_Too_Fast_2_01.csv
3,10,2,5,2,36.687,36687,-0.65,-0.3,9.51,9.5369,0.0011,0.0011,0.0109,2.88,-1.38,295.81,-0.5261,-0.2725,9.6922,9.7103,P003_Weight_Stack_Seated_Leg_Extension_Releasing_Too_Fast_2_01.csv
3,10,2,5,2,36.817,36817,-0.39,-0.36,9.9,9.9142,-0.0022,-0.0033,-0.0076,2.88,-1.38,295.81,-0.5082,-0.2841,9.7196,9.737,P003_Weight_Stack_Seated_Leg_Extension_Releasing_Too_Fast_2_01.csv
3,10,2,5,2,36.99,36990,-0.45,-0.4,9.73,9.7486,-0.0011,0.0033,-0.0033,2.88,-1.38,295.81,-0.5005,-0.2993,9.7209,9.7384,P003_Weight_Stack_Seated_Leg_Extension_Releasing_Too_Fast_2_01.csv
3,10,2,5,2,37.12,37120,-0.59,-0.13,8.39,8.4117,-0.0033,0.0,-0.0011,2.88,-1.38,295.81,-0.5123,-0.277,9.5456,9.5633,P003_Weight_Stack_Seated_Leg_Extension_Releasing_Too_Fast_2_01.csv
3,10,2,5,2,37.252,37252,-1.15,0.22,9.13,9.2048,-0.0644,-0.0196,0.0491,2.88,-1.31,295.88,-0.5963,-0.2115,9.4908,9.5119,P003_Weight_Stack_Seated_Leg_Extension_Releasing_Too_Fast_2_01.csv
3,10,2,5,2,37.388,37388,-0.92,-0.86,9.89,9.9699,0.0153,-0.0131,-0.0044,2.88,-1.25,295.81,-0.639,-0.297,9.5434,9.5694,P003_Weight_Stack_Seated_Leg_Extension_Releasing_Too_Fast_2_01.csv
3,10,2,5,2,37.519,37519,-0.43,-0.22,11.24,11.2504,-0.0044,0.012,-0.0055,2.81,-1.19,295.75,-0.6114,-0.2868,9.767,9.7903,P003_Weight_Stack_Seated_Leg_Extension_Releasing_Too_Fast_2_01.csv
3,10,2,5,2,37.649,37649,-0.56,-0.24,10.92,10.937,-0.0065,0.0011,0.0,2.81,-1.19,295.75,-0.6047,-0.2807,9.9189,9.9413,P003_Weight_Stack_Seated_Leg_Extension_Releasing_Too_Fast_2_01.csv
3,10,2,5,2,37.78,37780,-0.57,-0.24,9.69,9.7097,0.0,0.0033,0.0011,2.81,-1.19,295.75,-0.6001,-0.2753,9.8887,9.9108,P003_Weight_Stack_Seated_Leg_Extension_Releasing_Too_Fast_2_01.csv
3,10,2,5,2,37.91,37910,-0.5,-0.22,9.79,9.8052,-0.0022,0.0022,-0.0011,2.81,-1.19,295.75,-0.5869,-0.268,9.8757,9.8968,P003_Weight_Stack_Seated_Leg_Extension_Releasing_Too_Fast_2_01.csv
3,10,2,5,2,38.083,38083,-0.47,-0.29,10.33,10.3448,0.0,0.0033,-0.0022,2.81,-1.19,295.75,-0.5715,-0.2709,9.9356,9.9557,P003_Weight_Stack_Seated_Leg_Extension_Releasing_Too_Fast_2_01.csv
3,10,2,5,2,38.214,38214,-0.73,-0.35,9.84,9.8732,-0.024,0.0196,0.0055,2.75,-1.19,295.75,-0.5924,-0.2813,9.923,9.9446,P003_Weight_Stack_Seated_Leg_Extension_Releasing_Too_Fast_2_01.csv
3,10,2,5,2,38.344,38344,-0.5,-0.1,9.82,9.8332,-0.0022,-0.0033,-0.0011,2.75,-1.19,295.75,-0.5802,-0.2574,9.9094,9.9297,P003_Weight_Stack_Seated_Leg_Extension_Releasing_Too_Fast_2_01.csv
3,10,2,5,2,38.476,38476,-0.44,-0.2,9.82,9.8319,-0.0033,0.0055,0.0,2.75,-1.19,295.75,-0.5617,-0.2499,9.8976,9.9167,P003_Weight_Stack_Seated_Leg_Extension_Releasing_Too_Fast_2_01.csv
3,10,2,5,2,38.611,38611,-0.48,-0.24,9.8,9.8147,-0.0011,0.0011,0.0,2.75,-1.19,295.75,-0.551,-0.2486,9.8848,9.9032,P003_Weight_Stack_Seated_Leg_Extension_Releasing_Too_Fast_2_01.csv
3,10,2,5,2,38.742,38742,-0.54,-0.26,9.82,9.8383,-0.0022,-0.0011,-0.0011,2.75,-1.19,295.75,-0.5495,-0.2501,9.8762,9.8947,P003_Weight_Stack_Seated_Leg_Extension_Releasing_Too_Fast_2_01.csv
3,10,2,5,2,38.872,38872,-0.49,-0.26,9.84,9.8556,-0.0011,0.0,0.0011,2.75,-1.19,295.75,-0.5417,-0.2514,9.8715,9.8895,P003_Weight_Stack_Seated_Leg_Extension_Releasing_Too_Fast_2_01.csv
3,10,2,5,2,39.003,39003,-0.51,-0.24,9.82,9.8362,0.0022,-0.0022,0.0011,2.75,-1.19,295.75,-0.5375,-0.2499,9.8647,9.8825,P003_Weight_Stack_Seated_Leg_Extension_Releasing_Too_Fast_2_01.csv
3,10,2,5,2,39.176,39176,-0.5,-0.22,9.85,9.8651,0.0,0.0011,-0.0011,2.75,-1.19,295.75,-0.5326,-0.2459,9.8627,9.8802,P003_Weight_Stack_Seated_Leg_Extension_Releasing_Too_Fast_2_01.csv
3,10,2,5,2,39.31,39310,-0.47,-0.09,10.24,10.2512,0.0055,-0.0098,0.0011,2.81,-1.19,295.75,-0.5243,-0.2254,9.9125,9.9289,P003_Weight_Stack_Seated_Leg_Extension_Releasing_Too_Fast_2_01.csv
3,10,2,5,2,39.444,39444,-0.71,-0.33,10.41,10.4394,-0.0011,0.0044,0.0076,2.81,-1.25,295.75,-0.5488,-0.2392,9.978,9.996,P003_Weight_Stack_Seated_Leg_Extension_Releasing_Too_Fast_2_01.csv
3,10,2,5,2,39.574,39574,-0.51,-0.3,9.51,9.5284,0.0076,0.0011,0.0055,2.81,-1.25,295.81,-0.5437,-0.2472,9.9163,9.9343,P003_Weight_Stack_Seated_Leg_Extension_Releasing_Too_Fast_2_01.csv
3,10,2,5,2,39.705,39705,-0.31,-1.02,9.24,9.3013,0.0109,-0.0229,0.0065,2.94,-1.31,295.81,-0.5129,-0.349,9.8272,9.8468,P003_Weight_Stack_Seated_Leg_Extension_Releasing_Too_Fast_2_01.csv
3,10,2,5,2,39.835,39835,-0.62,-0.45,9.34,9.3714,0.0196,0.0196,-0.012,2.94,-1.31,295.81,-0.527,-0.3623,9.763,9.7839,P003_Weight_Stack_Seated_Leg_Extension_Releasing_Too_Fast_2_01.csv
3,10,2,5,2,39.966,39966,-0.45,-0.2,9.27,9.2831,0.0065,-0.0055,0.0109,2.94,-1.38,295.81,-0.5169,-0.3409,9.6981,9.7178,P003_Weight_Stack_Seated_Leg_Extension_Releasing_Too_Fast_2_01.csv
3,10,2,5,2,40.096,40096,-0.38,-0.19,8.81,8.8202,0.0022,0.0011,0.0022,2.94,-1.38,295.75,-0.4988,-0.3211,9.581,9.5994,P003_Weight_Stack_Seated_Leg_Extension_Releasing_Too_Fast_2_01.csv
3,10,2,5,2,40.269,40269,-0.47,-0.33,9.88,9.8967,0.0,-0.0033,-0.0022,2.94,-1.38,295.75,-0.495,-0.3222,9.6204,9.6385,P003_Weight_Stack_Seated_Leg_Extension_Releasing_Too_Fast_2_01.csv
3,10,2,5,2,40.399,40399,-0.68,-0.2,9.6,9.6261,-0.0022,-0.0011,0.0033,2.94,-1.38,295.75,-0.5194,-0.3061,9.6177,9.6366,P003_Weight_Stack_Seated_Leg_Extension_Releasing_Too_Fast_2_01.csv
3,10,2,5,2,40.532,40532,-0.42,-0.3,9.96,9.9734,-0.0055,0.0033,-0.0087,2.94,-1.38,295.75,-0.5063,-0.3053,9.6628,9.6809,P003_Weight_Stack_Seated_Leg_Extension_Releasing_Too_Fast_2_01.csv
3,10,2,5,2,40.667,40667,-0.34,-0.24,9.63,9.639,0.0,-0.0044,0.0022,2.94,-1.38,295.75,-0.4844,-0.2967,9.6585,9.6752,P003_Weight_Stack_Seated_Leg_Extension_Releasing_Too_Fast_2_01.csv
3,10,2,5,2,40.798,40798,-0.76,-0.38,9.54,9.5778,-0.0055,0.0022,0.012,2.94,-1.38,295.75,-0.5207,-0.3077,9.6429,9.6618,P003_Weight_Stack_Seated_Leg_Extension_Releasing_Too_Fast_2_01.csv
3,10,2,5,2,40.928,40928,-0.43,-0.27,9.67,9.6833,0.0011,-0.0022,-0.0218,2.94,-1.38,295.75,-0.5088,-0.3027,9.6465,9.6646,P003_Weight_Stack_Seated_Leg_Extension_Releasing_Too_Fast_2_01.csv
3,10,2,5,2,41.058,41058,-0.46,-0.29,9.14,9.1562,-0.0011,-0.0011,0.0196,2.94,-1.38,295.75,-0.5023,-0.301,9.5797,9.5976,P003_Weight_Stack_Seated_Leg_Extension_Releasing_Too_Fast_2_01.csv
3,10,2,5,2,41.189,41189,-0.64,-0.19,8.63,8.6558,-0.0076,0.0087,-0.012,2.94,-1.44,295.75,-0.5205,-0.2864,9.4546,9.4732,P003_Weight_Stack_Seated_Leg_Extension_Releasing_Too_Fast_2_01.csv
3,10,2,5,2,41.363,41363,-0.15,-0.76,10.47,10.4986,-0.0033,0.0164,-0.0087,2.94,-1.38,295.81,-0.4717,-0.3488,9.5884,9.6063,P003_Weight_Stack_Seated_Leg_Extension_Releasing_Too_Fast_2_01.csv
3,10,2,5,2,41.499,41499,-0.72,-0.32,10.76,10.7888,-0.0065,0.0044,-0.0011,2.94,-1.31,295.75,-0.5044,-0.345,9.7428,9.7619,P003_Weight_Stack_Seated_Leg_Extension_Releasing_Too_Fast_2_01.csv
3,10,2,5,2,41.63,41630,-0.57,-0.25,9.92,9.9395,-0.0033,0.0055,0.0,2.94,-1.31,295.75,-0.513,-0.3325,9.7661,9.7852,P003_Weight_Stack_Seated_Leg_Extension_Releasing_Too_Fast_2_01.csv
3,10,2,5,2,41.76,41760,-0.66,-0.31,9.73,9.7573,-0.0022,-0.0109,0.0,2.94,-1.31,295.75,-0.5324,-0.3295,9.7614,9.7814,P003_Weight_Stack_Seated_Leg_Extension_Releasing_Too_Fast_2_01.csv
3,10,2,5,2,41.891,41891,-0.47,-0.23,10.18,10.1934,-0.0065,-0.0022,-0.0076,2.94,-1.31,295.75,-0.5242,-0.3164,9.8165,9.8356,P003_Weight_Stack_Seated_Leg_Extension_Releasing_Too_Fast_2_01.csv
3,10,2,5,2,42.021,42021,-0.21,-0.14,9.37,9.3734,-0.0055,0.0251,0.0338,2.88,-1.25,295.81,-0.4828,-0.2932,9.7577,9.774,P003_Weight_Stack_Seated_Leg_Extension_Releasing_Too_Fast_2_01.csv
3,10,2,5,2,42.151,42151,-0.65,-0.3,9.78,9.8062,0.0022,-0.0076,0.0055,2.88,-1.25,295.75,-0.5048,-0.2941,9.7606,9.7781,P003_Weight_Stack_Seated_Leg_Extension_Releasing_Too_Fast_2_01.csv
3,1,2,5,2,0.0,0,-0.54,0.06,9.78,9.7951,-0.0011,-0.012,0.0065,3.0,0.63,285.69,-0.5268,0.0484,9.793,9.8072,P003_Weight_Stack_Seated_Leg_Extension_Releasing_Too_Fast_2_011 (1).csv
3,1,2,5,2,0.13,130,-0.55,0.07,9.77,9.7857,-0.0022,0.0109,-0.0044,3.0,0.63,285.69,-0.5298,0.0512,9.7899,9.8044,P003_Weight_Stack_Seated_Leg_Extension_Releasing_Too_Fast_2_011 (1).csv
3,1,2,5,2,0.261,261,-0.51,0.09,9.77,9.7837,-0.0131,0.0055,-0.0022,2.94,0.63,285.69,-0.5272,0.0563,9.7873,9.8017,P003_Weight_Stack_Seated_Leg_Extension_Releasing_Too_Fast_2_011 (1).csv
3,1,2,5,2,0.391,391,-0.5,0.1,9.78,9.7933,0.0055,-0.0055,0.0044,2.94,0.63,285.69,-0.5236,0.0621,9.7863,9.8005,P003_Weight_Stack_Seated_Leg_Extension_Releasing_Too_Fast_2_011 (1).csv
3,1,2,5,2,0.522,522,-0.54,0.11,9.77,9.7855,-0.0109,0.0076,-0.0011,2.94,0.69,285.69,-0.5258,0.0684,9.7842,9.7986,P003_Weight_Stack_Seated_Leg_Extension_Releasing_Too_Fast_2_011 (1).csv
3,1,2,5,2,0.695,695,-0.51,0.11,9.79,9.8039,-0.0022,-0.0022,0.0033,2.94,0.69,285.69,-0.5237,0.0739,9.785,9.7992,P003_Weight_Stack_Seated_Leg_Extension_Releasing_Too_Fast_2_011 (1).csv
3,1,2,5,2,0.825,825,-0.53,0.07,9.79,9.8046,-0.0153,-0.0011,0.0044,2.94,0.69,285.69,-0.5245,0.0734,9.7856,9.7999,P003_Weight_Stack_Seated_Leg_Extension_Releasing_Too_Fast_2_011 (1).csv
3,1,2,5,2,0.956,956,-0.67,-0.44,11.43,11.4581,0.1353,0.0022,0.0044,3.0,0.56,285.69,-0.5437,0.0057,10.0023,10.0171,P003_Weight_Stack_Seated_Leg_Extension_Releasing_Too_Fast_2_011 (1).csv
3,1,2,5,2,1.086,1086,-0.46,0.3,10.49,10.5044,-0.0425,0.0676,0.0044,2.81,0.75,285.69,-0.5327,0.0445,10.0666,10.0808,P003_Weight_Stack_Seated_Leg_Extension_Releasing_Too_Fast_2_011 (1).csv
3,1,2,5,2,1.219,1219,-0.66,0.19,9.71,9.7343,0.0076,-0.012,-0.0044,2.75,0.81,285.69,-0.5495,0.0637,10.0196,10.0348,P003_Weight_Stack_Seated_Leg_Extension_Releasing_Too_Fast_2_011 (1).csv
3,1,2,5,2,1.353,1353,-0.55,0.02,9.59,9.6058,0.0218,-0.0185,0.0044,2.75,0.75,285.75,-0.5495,0.0579,9.963,9.9783,P003_Weight_Stack_Seated_Leg_Extension_Releasing_Too_Fast_2_011 (1).csv
3,1,2,5,2,1.484,1484,-0.4,0.06,9.66,9.6685,0.0,-0.0087,0.0011,2.75,0.75,285.75,-0.5298,0.0582,9.9231,9.9374,P003_Weight_Stack_Seated_Leg_Extension_Releasing_Too_Fast_2_011 (1).csv
3,1,2,5,2,1.614,1614,-0.35,0.15,9.68,9.6875,-0.0065,0.0087,0.0055,2.69,0.75,285.75,-0.5061,0.0703,9.891,9.9042,P003_Weight_Stack_Seated_Leg_Extension_Releasing_Too_Fast_2_011 (1).csv
3,1,2,5,2,1.787,1787,-0.53,0.06,10.16,10.174,0.0098,0.0,-0.0011,2.75,0.69,285.75,-0.5093,0.0689,9.9265,9.9398,P003_Weight_Stack_Seated_Leg_Extension_Releasing_Too_Fast_2_011 (1).csv
3,1,2,5,2,1.918,1918,-0.54,0.05,9.84,9.8549,0.0087,-0.0142,-0.0033,2.75,0.63,285.75,-0.5133,0.0664,9.9151,9.9286,P003_Weight_Stack_Seated_Leg_Extension_Releasing_Too_Fast_2_011 (1).csv
3,1,2,5,2,2.049,2049,-0.57,0.05,9.75,9.7668,-0.0131,0.0011,-0.0044,2.81,0.63,285.75,-0.5208,0.0643,9.8933,9.9072,P003_Weight_Stack_Seated_Leg_Extension_Releasing_Too_Fast_2_011 (1).csv
3,1,2,5,2,2.179,2179,-0.64,0.08,9.65,9.6715,0.0065,0.0087,-0.0033,2.81,0.63,285.75,-0.5365,0.0663,9.8613,9.8761,P003_Weight_Stack_Seated_Leg_Extension_Releasing_Too_Fast_2_011 (1).csv
3,1,2,5,2,2.312,2312,-0.53,0.02,9.65,9.6646,0.0153,-0.0131,-0.0065,2.69,0.56,285.75,-0.5356,0.0602,9.8334,9.8482,P003_Weight_Stack_Seated_Leg_Extension_Releasing_Too_Fast_2_011 (1).csv
3,1,2,5,2,2.447,2447,-0.49,0.06,9.47,9.4829,0.0044,-0.0033,-0.0076,2.75,0.56,285.75,-0.5296,0.0602,9.7855,9.8,P003_Weight_Stack_Seated_Leg_Extension_Releasing_Too_Fast_2_011 (1).csv
3,1,2,5,2,2.577,2577,-0.52,0.02,9.12,9.1348,-0.0011,0.0022,0.0022,2.75,0.56,285.75,-0.5284,0.0549,9.6978,9.7124,P003_Weight_Stack_Seated_Leg_Extension_Releasing_Too_Fast_2_011 (1).csv
3,1,2,5,2,2.707,2707,-0.51,0.08,9.69,9.7037,0.0076,-0.0338,-0.0033,2.81,0.56,285.75,-0.5259,0.0582,9.6968,9.7112,P003_Weight_Stack_Seated_Leg_Extension_Releasing_Too_Fast_2_011 (1).csv
3,1,2,5,2,2.88,2880,-0.52,0.01,9.62,9.634,0.0011,0.0011,0.0011,2.88,0.56,285.75,-0.5252,0.0519,9.6867,9.701,P003_Weight_Stack_Seated_Leg_Extension_Releasing_Too_Fast_2_011 (1).csv
3,1,2,5,2,3.01,3010,-0.43,0.05,9.06,9.0703,-0.0022,0.012,-0.0033,2.81,0.63,285.75,-0.5126,0.0516,9.6041,9.6179,P003_Weight_Stack_Seated_Leg_Extension_Releasing_Too_Fast_2_011 (1).csv
3,1,2,5,2,3.14,3140,-0.61,-0.15,8.35,8.3736,-0.0098,0.0131,0.012,2.88,0.69,285.75,-0.5255,0.025,9.4388,9.4535,P003_Weight_Stack_Seated_Leg_Extension_Releasing_Too_Fast_2_011 (1).csv
3,1,2,5,2,3.27,3270,-0.3,0.35,9.09,9.1017,-0.0535,0.0153,-0.0109,2.88,0.88,285.75,-0.4957,0.0679,9.3929,9.4062,P003_Weight_Stack_Seated_Leg_Extension_Releasing_Too_Fast_2_011 (1).csv
3,2,2,5,2,3.4,3400,-0.64,-0.28,10.71,10.7328,0.0131,-0.0153,0.0098,2.94,0.94,285.75,-0.5148,0.022,9.5664,9.5803,P003_Weight_Stack_Seated_Leg_Extension_Releasing_Too_Fast_2_011 (1).csv
3,2,2,5,2,3.53,3530,-0.73,0.07,10.76,10.785,-0.0142,-0.0022,-0.0131,2.94,1.0,285.69,-0.5431,0.0284,9.7237,9.7389,P003_Weight_Stack_Seated_Leg_Extension_Releasing_Too_Fast_2_011 (1).csv
3,2,2,5,2,3.66,3660,-0.43,0.14,10.57,10.5797,0.0142,0.0044,0.0044,2.88,1.0,285.69,-0.5282,0.0431,9.8352,9.8495,P003_Weight_Stack_Seated_Leg_Extension_Releasing_Too_Fast_2_011 (1).csv
3,2,2,5,2,3.791,3791,-0.66,0.07,9.79,9.8125,-0.0262,-0.0273,-0.0022,2.94,1.06,285.69,-0.5456,0.0466,9.8293,9.8445,P003_Weight_Stack_Seated_Leg_Extension_Releasing_Too_Fast_2_011 (1).csv
3,2,2,5,2,3.964,3964,-0.49,0.02,9.86,9.8722,0.0142,0.0022,0.0033,2.94,1.0,285.69,-0.5383,0.0431,9.8333,9.8481,P003_Weight_Stack_Seated_Leg_Extension_Releasing_Too_Fast_2_011 (1).csv
3,2,2,5,2,4.095,4095,-0.56,0.11,9.71,9.7268,-0.0153,0.0022,-0.0011,2.94,1.0,285.69,-0.5411,0.0519,9.8171,9.8321,P003_Weight_Stack_Seated_Leg_Extension_Releasing_Too_Fast_2_011 (1).csv
3,2,2,5,2,4.226,4226,-0.53,0.07,9.81,9.8246,0.0065,0.0022,-0.0033,2.94,1.0,285.69,-0.5397,0.0543,9.8161,9.8311,P003_Weight_Stack_Seated_Leg_Extension_Releasing_Too_Fast_2_011 (1).csv
3,2,2,5,2,4.357,4357,-0.93,-0.15,10.14,10.1837,-0.0218,-0.0065,-0.0044,3.0,1.06,285.63,-0.5911,0.0274,9.8588,9.8766,P003_Weight_Stack_Seated_Leg_Extension_Releasing_Too_Fast_2_011 (1).csv
3,2,2,5,2,4.49,4490,-0.53,0.16,9.74,9.7557,0.036,-0.0142,-0.0065,2.88,1.19,285.63,-0.583,0.0449,9.8432,9.8605,P003_Weight_Stack_Seated_Leg_Extension_Releasing_Too_Fast_2_011 (1).csv
3,2,2,5,2,4.623,4623,-0.42,0.06,9.57,9.5794,0.0044,-0.0055,0.0055,2.88,0.94,285.63,-0.5616,0.0469,9.8072,9.8233,P003_Weight_Stack_Seated_Leg_Extension_Releasing_Too_Fast_2_011 (1).csv
3,2,2,5,2,4.754,4754,-0.35,0.03,9.76,9.7663,-0.0393,0.0229,0.0055,2.81,1.13,285.56,-0.5337,0.0446,9.8009,9.8156,P003_Weight_Stack_Seated_Leg_Extension_Releasing_Too_Fast_2_011 (1).csv
3,2,2,5,2,4.884,4884,-0.62,0.21,10.13,10.1511,0.072,-0.036,0.0284,2.88,1.0,285.63,-0.5451,0.0664,9.8443,9.8596,P003_Weight_Stack_Seated_Leg_Extension_Releasing_Too_Fast_2_011 (1).csv
3,2,2,5,2,5.057,5057,-0.49,0.03,10.43,10.4415,-0.0284,0.012,0.0022,2.69,1.06,285.69,-0.5378,0.0616,9.9215,9.9362,P003_Weight_Stack_Seated_Leg_Extension_Releasing_Too_Fast_2_011 (1).csv
3,2,2,5,2,5.187,5187,-0.62,0.24,10.36,10.3813,0.0055,-0.0109,0.0076,2.75,1.06,285.69,-0.5486,0.0851,9.9793,9.9947,P003_Weight_Stack_Seated_Leg_Extension_Releasing_Too_Fast_2_011 (1).csv
3,2,2,5,2,5.32,5320,-0.65,-0.09,10.06,10.0814,0.0196,-0.012,0.0065,2.69,1.0,285.69,-0.562,0.0621,9.9899,10.0059,P003_Weight_Stack_Seated_Leg_Extension_Releasing_Too_Fast_2_011 (1).csv
3,2,2,5,2,5.455,5455,-0.39,0.2,9.23,9.2404,0.0022,0.0022,0.0033,2.69,1.0,285.69,-0.5393,0.0802,9.8898,9.9048,P003_Weight_Stack_Seated_Leg_Extension_Releasing_Too_Fast_2_011 (1).csv
3,2,2,5,2,5.586,5586,-0.66,0.37,9.04,9.0716,-0.0033,0.0055,0.0033,2.69,1.0,285.69,-0.5552,0.1184,9.7778,9.7943,P003_Weight_Stack_Seated_Leg_Extension_Releasing_Too_Fast_2_011 (1).csv
3,2,2,5,2,5.716,5716,-0.35,0.01,9.26,9.2666,0.0131,0.0,0.0011,2.69,0.94,285.69,-0.5282,0.1041,9.7096,9.7245,P003_Weight_Stack_Seated_Leg_Extension_Releasing_Too_Fast_2_011 (1).csv
3,2,2,5,2,5.846,5846,-0.48,0.08,9.44,9.4525,0.0131,-0.0098,0.0033,2.69,0.94,285.69,-0.5218,0.1009,9.674,9.6886,P003_Weight_Stack_Seated_Leg_Extension_Releasing_Too_Fast_2_011 (1).csv
3,2,2,5,2,5.977,5977,-0.47,0.05,9.81,9.8214,0.0011,-0.0033,0.0033,2.69,0.94,285.69,-0.515,0.0942,9.692,9.7061,P003_Weight_Stack_Seated_Leg_Extension_Releasing_Too_Fast_2_011 (1).csv
3,2,2,5,2,6.15,6150,-0.49,0.03,9.22,9.2331,0.0022,0.0011,0.0,2.69,0.94,285.69,-0.5117,0.0858,9.6298,9.6437,P003_Weight_Stack_Seated_Leg_Extension_Releasing_Too_Fast_2_011 (1).csv
3,2,2,5,2,6.281,6281,-0.51,0.16,9.29,9.3054,-0.0109,0.0251,-0.0065,2.69,0.94,285.69,-0.5115,0.0956,9.585,9.5991,P003_Weight_Stack_Seated_Leg_Extension_Releasing_Too_Fast_2_011 (1).csv
3,2,2,5,2,6.412,6412,-0.52,0.02,9.42,9.4344,0.012,-0.0033,-0.0011,2.63,0.94,285.69,-0.5126,0.0856,9.5633,9.5774,P003_Weight_Stack_Seated_Leg_Extension_Releasing_Too_Fast_2_011 (1).csv
3,2,2,5,2,6.542,6542,-0.47,0.07,9.29,9.3021,0.0033,-0.0011,0.0065,2.63,0.88,285.69,-0.507,0.0835,9.5272,9.5411,P003_Weight_Stack_Seated_Leg_Extension_Releasing_Too_Fast_2_011 (1).csv
3,2,2,5,2,6.676,6676,-0.49,0.03,9.26,9.273,-0.0044,-0.0011,-0.0011,2.69,0.88,285.69,-0.5048,0.0765,9.492,9.5057,P003_Weight_Stack_Seated_Leg_Extension_Releasing_Too_Fast_2_011 (1).csv
3,2,2,5,2,6.809,6809,-0.45,0.03,9.61,9.6206,0.0,-0.0055,0.0142,2.81,0.88,285.75,-0.4975,0.0704,9.5076,9.5208,P003_Weight_Stack_Seated_Leg_Extension_Releasing_Too_Fast_2_011 (1).csv
3,2,2,5,2,6.94,6940,-0.52,0.03,9.41,9.4244,-0.0098,0.0044,-0.0033,2.81,0.81,285.75,-0.5005,0.065,9.4947,9.5081,P003_Weight_Stack_Seated_Leg_Extension_Releasing_Too_Fast_2_011 (1).csv
3,2,2,5,2,7.07,7070,-0.48,0.1,9.06,9.0733,0.0022,0.0033,0.0065,2.81,0.81,285.75,-0.4978,0.0696,9.4374,9.4508,P003_Weight_Stack_Seated_Leg_Extension_Releasing_Too_Fast_2_011 (1).csv
3,2,2,5,2,7.243,7243,-0.35,0.12,7.64,7.649,-0.0207,0.0349,-0.0011,2.75,0.94,285.75,-0.4783,0.0763,9.2006,9.2133,P003_Weight_Stack_Seated_Leg_Extension_Releasing_Too_Fast_2_011 (1).csv
3,2,2,5,2,7.374,7374,-0.35,0.25,9.11,9.1201,-0.0011,-0.036,0.0251,2.75,1.06,285.75,-0.4614,0.0992,9.1886,9.2008,P003_Weight_Stack_Seated_Leg_Extension_Releasing_Too_Fast_2_011 (1).csv
3,3,2,5,2,7.504,7504,-0.47,0.04,9.52,9.5317,-0.0327,-0.0065,-0.0011,2.81,1.19,285.69,-0.4625,0.0914,9.2323,9.2443,P003_Weight_Stack_Seated_Leg_Extension_Releasing_Too_Fast_2_011 (1).csv
3,3,2,5,2,7.635,7635,-0.56,0.1,11.53,11.544,0.0033,0.0131,-0.0164,2.75,1.25,285.69,-0.4754,0.0925,9.5351,9.5474,P003_Weight_Stack_Seated_Leg_Extension_Releasing_Too_Fast_2_011 (1).csv
3,3,2,5,2,7.766,7766,-0.58,-1.41,9.62,9.7401,0.2182,0.0305,-0.0654,2.63,1.56,285.75,-0.4892,-0.1055,9.5463,9.5594,P003_Weight_Stack_Seated_Leg_Extension_Releasing_Too_Fast_2_011 (1).csv
3,3,2,5,2,7.9,7900,-0.77,2.51,10.49,10.8136,-0.3294,0.0633,-0.0894,2.75,1.38,285.63,-0.5262,0.2392,9.6706,9.6879,P003_Weight_Stack_Seated_Leg_Extension_Releasing_Too_Fast_2_011 (1).csv
3,3,2,5,2,8.032,8032,-0.29,0.49,8.5,8.519,-0.0327,0.0,0.0513,2.56,1.44,285.69,-0.4951,0.2722,9.5164,9.5331,P003_Weight_Stack_Seated_Leg_Extension_Releasing_Too_Fast_2_011 (1).csv
3,3,2,5,2,8.163,8163,-0.88,0.68,9.25,9.3166,0.0,-0.012,0.0218,2.88,1.38,285.63,-0.5458,0.326,9.4813,9.5026,P003_Weight_Stack_Seated_Leg_Extension_Releasing_Too_Fast_2_011 (1).csv
3,3,2,5,2,8.336,8336,-0.46,0.13,9.8,9.8117,0.0033,-0.0273,-0.0087,2.75,1.31,285.63,-0.5345,0.3001,9.5233,9.543,P003_Weight_Stack_Seated_Leg_Extension_Releasing_Too_Fast_2_011 (1).csv
3,3,2,5,2,8.466,8466,-0.4,0.3,9.66,9.6729,-0.0022,0.0371,-0.0055,2.69,1.38,285.63,-0.5168,0.3001,9.5413,9.56,P003_Weight_Stack_Seated_Leg_Extension_Releasing_Too_Fast_2_011 (1).csv
3,3,2,5,2,8.596,8596,-0.46,0.13,9.46,9.4721,-0.0207,0.0131,-0.0022,2.56,1.38,285.63,-0.5093,0.2777,9.5306,9.5482,P003_Weight_Stack_Seated_Leg_Extension_Releasing_Too_Fast_2_011 (1).csv
3,3,2,5,2,8.726,8726,-0.47,0.01,9.31,9.3219,0.0164,-0.0589,0.0011,2.63,1.38,285.63,-0.5041,0.2424,9.5015,9.518,P003_Weight_Stack_Seated_Leg_Extension_Releasing_Too_Fast_2_011 (1).csv
3,3,2,5,2,8.856,8856,-0.64,0.29,9.51,9.5359,0.0065,0.0164,-0.0098,2.88,1.44,285.63,-0.522,0.2487,9.5026,9.5202,P003_Weight_Stack_Seated_Leg_Extension_Releasing_Too_Fast_2_011 (1).csv
3,3,2,5,2,8.986,8986,-0.4,0.48,9.87,9.8898,0.0993,-0.0578,0.0022,2.69,1.44,285.63,-0.5059,0.2792,9.551,9.5685,P003_Weight_Stack_Seated_Leg_Extension_Releasing_Too_Fast_2_011 (1).csv
3,3,2,5,2,9.116,9116,-0.75,-0.37,9.66,9.6961,0.0175,-0.0164,0.0469,2.56,1.38,285.63,-0.5381,0.1936,9.5654,9.5825,P003_Weight_Stack_Seated_Leg_Extension_Releasing_Too_Fast_2_011 (1).csv
3,3,2,5,2,9.246,9246,-0.54,0.05,9.81,9.825,0.0055,-0.0142,-0.0011,2.56,1.38,285.63,-0.5383,0.1747,9.5976,9.6143,P003_Weight_Stack_Seated_Leg_Extension_Releasing_Too_Fast_2_011 (1).csv
3,3,2,5,2,9.419,9419,-0.57,0.11,10.37,10.3862,0.0055,-0.0022,0.0011,2.56,1.38,285.63,-0.5425,0.1662,9.6994,9.716,P003_Weight_Stack_Seated_Leg_Extension_Releasing_Too_Fast_2_011 (1).csv
3,3,2,5,2,9.549,9549,-0.51,0.14,9.84,9.8542,0.0065,-0.0109,0.0,2.56,1.38,285.63,-0.5382,0.1627,9.7179,9.7342,P003_Weight_Stack_Seated_Leg_Extension_Releasing_Too_Fast_2_011 (1).csv
3,3,2,5,2,9.68,9680,-0.51,0.08,9.45,9.4641,0.012,-0.0011,0.0022,2.56,1.31,285.63,-0.5345,0.1518,9.6826,9.6986,P003_Weight_Stack_Seated_Leg_Extension_Releasing_Too_Fast_2_011 (1).csv
3,3,2,5,2,9.816,9816,-0.39,0.16,8.97,8.9799,0.0164,-0.0044,-0.0055,2.56,1.19,285.69,-0.5155,0.1529,9.5887,9.6038,P003_Weight_Stack_Seated_Leg_Extension_Releasing_Too_Fast_2_011 (1).csv
3,3,2,5,2,9.948,9948,-0.45,0.18,9.36,9.3725,0.0153,-0.0065,0.0044,2.69,1.13,285.63,-0.5068,0.1565,9.5586,9.5733,P003_Weight_Stack_Seated_Leg_Extension_Releasing_Too_Fast_2_011 (1).csv
3,3,2,5,2,10.078,10078,-0.48,0.05,8.96,8.973,0.0044,0.0076,0.0098,2.69,1.13,285.69,-0.5033,0.1424,9.4797,9.4941,P003_Weight_Stack_Seated_Leg_Extension_Releasing_Too_Fast_2_011 (1).csv
3,3,2,5,2,10.209,10209,-0.44,0.06,9.43,9.4405,0.012,-0.0065,0.0131,2.56,1.13,285.63,-0.495,0.1316,9.4732,9.487,P003_Weight_Stack_Seated_Leg_Extension_Releasing_Too_Fast_2_011 (1).csv
3,3,2,5,2,10.339,10339,-0.34,-0.05,9.18,9.1864,0.0011,0.0055,0.0055,2.63,1.06,285.63,-0.4745,0.1077,9.4345,9.4471,P003_Weight_Stack_Seated_Leg_Extension_Releasing_Too_Fast_2_011 (1).csv
3,3,2,5,2,10.512,10512,-0.51,0.06,9.48,9.4939,0.0131,-0.0076,0.0044,2.63,1.06,285.63,-0.4792,0.1014,9.4405,9.4532,P003_Weight_Stack_Seated_Leg_Extension_Releasing_Too_Fast_2_011 (1).csv
3,3,2,5,2,10.643,10643,-0.64,0.0,9.49,9.5116,-0.0109,0.0065,0.0022,2.75,1.0,285.63,-0.5004,0.088,9.447,9.4607,P003_Weight_Stack_Seated_Leg_Extension_Releasing_Too_Fast_2_011 (1).csv
3,3,2,5,2,10.774,10774,-0.48,0.11,9.69,9.7025,0.0,0.0055,-0.0011,2.75,1.0,285.63,-0.4977,0.0909,9.4791,9.4925,P003_Weight_Stack_Seated_Leg_Extension_Releasing_Too_Fast_2_011 (1).csv
3,3,2,5,2,10.904,10904,-0.54,-0.03,9.64,9.6552,0.0044,-0.0011,0.0033,2.75,0.94,285.63,-0.5033,0.075,9.5003,9.5139,P003_Weight_Stack_Seated_Leg_Extension_Releasing_Too_Fast_2_011 (1).csv
3,3,2,5,2,11.039,11039,-0.53,0.05,9.36,9.3751,-0.0076,0.0022,-0.0033,2.81,0.94,285.63,-0.5068,0.0717,9.4818,9.4956,P003_Weight_Stack_Seated_Leg_Extension_Releasing_Too_Fast_2_011 (1).csv
3,3,2,5,2,11.171,11171,-0.48,0.07,9.2,9.2128,-0.0022,-0.0033,0.0011,2.81,0.94,285.63,-0.5033,0.0715,9.4446,9.4583,P003_Weight_Stack_Seated_Leg_Extension_Releasing_Too_Fast_2_011 (1).csv
3,3,2,5,2,11.302,11302,-0.46,0.19,9.11,9.1236,0.0,0.0098,0.0,2.81,0.94,285.63,-0.4976,0.0871,9.4005,9.4141,P003_Weight_Stack_Seated_Leg_Extension_Releasing_Too_Fast_2_011 (1).csv
3,3,2,5,2,11.432,11432,-0.39,0.26,8.86,8.8724,0.0349,-0.0175,0.024,2.81,1.06,285.56,-0.4834,0.1099,9.3293,9.3425,P003_Weight_Stack_Seated_Leg_Extension_Releasing_Too_Fast_2_011 (1).csv
3,3,2,5,2,11.605,11605,-0.75,0.16,9.32,9.3515,-0.0415,-0.0065,-0.0033,2.81,1.25,285.63,-0.5185,0.1165,9.3281,9.3432,P003_Weight_Stack_Seated_Leg_Extension_Releasing_Too_Fast_2_011 (1).csv
3,3,2,5,2,11.736,11736,-0.49,0.21,12.17,12.1817,0.024,-0.0033,-0.0011,2.81,1.38,285.56,-0.5148,0.1288,9.7026,9.7171,P003_Weight_Stack_Seated_Leg_Extension_Releasing_Too_Fast_2_011 (1).csv
3,3,2,5,2,11.866,11866,-0.29,-0.06,12.19,12.1936,0.0044,-0.0262,0.0055,2.75,1.38,285.56,-0.4851,0.1039,10.0304,10.0426,P003_Weight_Stack_Seated_Leg_Extension_Releasing_Too_Fast_2_011 (1).csv
3,4,2,5,2,12.002,12002,-0.76,0.26,9.46,9.494,-0.0676,-0.012,-0.0109,2.63,1.44,285.5,-0.5214,0.1245,9.9552,9.9696,P003_Weight_Stack_Seated_Leg_Extension_Releasing_Too_Fast_2_011 (1).csv
3,4,2,5,2,12.134,12134,-1.13,0.56,8.86,8.9493,-0.0033,0.0109,0.0098,2.63,1.56,285.56,-0.6016,0.1819,9.8109,9.831,P003_Weight_Stack_Seated_Leg_Extension_Releasing_Too_Fast_2_011 (1).csv
3,4,2,5,2,12.264,12264,-0.46,-0.01,8.93,8.9418,0.0055,-0.0545,0.012,2.69,1.5,285.56,-0.5829,0.1566,9.6948,9.7136,P003_Weight_Stack_Seated_Leg_Extension_Releasing_Too_Fast_2_011 (1).csv
3,4,2,5,2,12.394,12394,-0.5,0.24,9.55,9.5661,-0.0011,0.0447,-0.0087,2.81,1.5,285.56,-0.572,0.1676,9.6757,9.6941,P003_Weight_Stack_Seated_Leg_Extension_Releasing_Too_Fast_2_011 (1).csv
3,4,2,5,2,12.525,12525,-0.52,0.14,9.87,9.8847,-0.0164,-0.0349,-0.0011,2.81,1.44,285.56,-0.5651,0.1639,9.7013,9.7192,P003_Weight_Stack_Seated_Leg_Extension_Releasing_Too_Fast_2_011 (1).csv
3,4,2,5,2,12.698,12698,-0.64,0.18,9.95,9.9722,0.0022,0.0316,-0.0022,2.81,1.44,285.5,-0.575,0.1661,9.7341,9.7525,P003_Weight_Stack_Seated_Leg_Extension_Releasing_Too_Fast_2_011 (1).csv
3,4,2,5,2,12.829,12829,-0.56,0.19,9.55,9.5683,-0.0284,0.0142,0.0076,2.56,1.5,285.5,-0.573,0.1692,9.7098,9.7282,P003_Weight_Stack_Seated_Leg_Extension_Releasing_Too_Fast_2_011 (1).csv
3,4,2,5,2,12.959,12959,-0.46,0.16,9.34,9.3527,0.0055,-0.0491,-0.0109,2.69,1.5,285.5,-0.5581,0.168,9.6611,9.6787,P003_Weight_Stack_Seated_Leg_Extension_Releasing_Too_Fast_2_011 (1).csv
3,4,2,5,2,13.091,13091,-0.64,0.14,9.79,9.8119,0.0109,0.0033,-0.0076,2.94,1.5,285.5,-0.5689,0.1643,9.6781,9.6962,P003_Weight_Stack_Seated_Leg_Extension_Releasing_Too_Fast_2_011 (1).csv
3,4,2,5,2,13.226,13226,-0.07,-0.37,9.13,9.1378,0.0087,0.0371,0.0033,2.69,1.44,285.5,-0.5032,0.0939,9.6059,9.6195,P003_Weight_Stack_Seated_Leg_Extension_Releasing_Too_Fast_2_011 (1).csv
3,4,2,5,2,13.357,13357,-0.48,0.08,9.82,9.832,-0.0065,0.0065,0.0098,2.63,1.44,285.5,-0.5001,0.0921,9.6341,9.6475,P003_Weight_Stack_Seated_Leg_Extension_Releasing_Too_Fast_2_011 (1).csv
3,4,2,5,2,13.487,13487,-0.52,0.2,10.1,10.1154,-0.0011,0.0033,0.0076,2.69,1.44,285.5,-0.5027,0.1063,9.6955,9.7091,P003_Weight_Stack_Seated_Leg_Extension_Releasing_Too_Fast_2_011 (1).csv
3,4,2,5,2,13.618,13618,-0.49,0.12,9.98,9.9927,0.0011,0.0044,0.0,2.69,1.38,285.5,-0.5011,0.1081,9.733,9.7465,P003_Weight_Stack_Seated_Leg_Extension_Releasing_Too_Fast_2_011 (1).csv
3,4,2,5,2,13.791,13791,-0.35,0.2,9.52,9.5285,-0.0033,0.0087,0.0044,2.69,1.31,285.5,-0.4812,0.1202,9.7049,9.7176,P003_Weight_Stack_Seated_Leg_Extension_Releasing_Too_Fast_2_011 (1).csv
3,4,2,5,2,13.922,13922,-0.53,0.16,9.35,9.3664,0.0011,0.0164,0.0033,2.69,1.25,285.5,-0.4876,0.1255,9.6581,9.6713,P003_Weight_Stack_Seated_Leg_Extension_Releasing_Too_Fast_2_011 (1).csv
3,4,2,5,2,14.053,14053,-0.5,0.08,9.36,9.3737,0.0218,0.0,-0.0011,2.69,1.19,285.5,-0.4892,0.1195,9.6189,9.632,P003_Weight_Stack_Seated_Leg_Extension_Releasing_Too_Fast_2_011 (1).csv
3,4,2,5,2,14.184,14184,-0.51,0.07,9.44,9.454,0.0131,-0.012,-0.0011,2.75,1.13,285.5,-0.492,0.1129,9.5953,9.6086,P003_Weight_Stack_Seated_Leg_Extension_Releasing_Too_Fast_2_011 (1).csv
3,4,2,5,2,14.319,14319,-0.52,0.1,9.2,9.2152,-0.0109,0.0065,-0.0044,2.75,1.13,285.5,-0.4957,0.1112,9.5432,9.5567,P003_Weight_Stack_Seated_Leg_Extension_Releasing_Too_Fast_2_011 (1).csv
3,4,2,5,2,14.45,14450,-0.54,0.32,9.33,9.3511,0.012,0.0284,-0.0076,2.69,1.06,285.5,-0.5015,0.1387,9.5151,9.5293,P003_Weight_Stack_Seated_Leg_Extension_Releasing_Too_Fast_2_011 (1).csv
3,4,2,5,2,14.581,14581,-0.5,0.14,9.4,9.4143,0.0076,-0.0044,0.0098,2.63,1.06,285.44,-0.5013,0.1389,9.4999,9.5142,P003_Weight_Stack_Seated_Leg_Extension_Releasing_Too_Fast_2_011 (1).csv
3,4,2,5,2,14.711,14711,-0.47,0.16,9.0,9.0137,-0.0164,0.0087,-0.0098,2.69,1.06,285.5,-0.4972,0.1417,9.4341,9.4482,P003_Weight_Stack_Seated_Leg_Extension_Releasing_Too_Fast_2_011 (1).csv
3,4,2,5,2,14.884,14884,-0.64,-0.06,9.71,9.7313,0.0044,-0.012,0.0142,2.88,1.0,285.5,-0.516,0.1151,9.4704,9.4852,P003_Weight_Stack_Seated_Leg_Extension_Releasing_Too_Fast_2_011 (1).csv
3,4,2,5,2,15.014,15014,-0.53,0.05,9.59,9.6048,-0.0044,0.0033,-0.0055,2.81,1.0,285.44,-0.5178,0.1065,9.4862,9.5009,P003_Weight_Stack_Seated_Leg_Extension_Releasing_Too_Fast_2_011 (1).csv
3,4,2,5,2,15.145,15145,-0.48,0.05,9.45,9.4623,0.0022,0.0142,-0.0011,2.81,0.94,285.44,-0.5129,0.0991,9.4814,9.4958,P003_Weight_Stack_Seated_Leg_Extension_Releasing_Too_Fast_2_011 (1).csv
3,4,2,5,2,15.278,15278,-0.51,0.03,9.51,9.5237,0.0076,-0.0087,0.0087,2.88,0.94,285.44,-0.5125,0.09,9.4852,9.4994,P003_Weight_Stack_Seated_Leg_Extension_Releasing_Too_Fast_2_011 (1).csv
3,4,2,5,2,15.412,15412,-0.48,0.1,9.55,9.5626,-0.0065,0.0011,0.0,2.88,0.94,285.44,-0.5082,0.0913,9.4937,9.5077,P003_Weight_Stack_Seated_Leg_Extension_Releasing_Too_Fast_2_011 (1).csv
3,4,2,5,2,15.543,15543,-0.48,0.07,9.51,9.5224,-0.0011,0.0011,0.0,2.88,0.94,285.44,-0.5045,0.0885,9.4959,9.5097,P003_Weight_Stack_Seated_Leg_Extension_Releasing_Too_Fast_2_011 (1).csv
3,4,2,5,2,15.673,15673,-0.54,0.05,9.76,9.7751,-0.0109,0.0087,-0.0055,2.88,0.94,285.44,-0.5092,0.0834,9.5307,9.5446,P003_Weight_Stack_Seated_Leg_Extension_Releasing_Too_Fast_2_011 (1).csv
3,4,2,5,2,15.804,15804,-0.53,0.09,9.39,9.4054,-0.0076,0.0,0.0022,2.88,0.94,285.44,-0.5119,0.0843,9.5121,9.5263,P003_Weight_Stack_Seated_Leg_Extension_Releasing_Too_Fast_2_011 (1).csv
3,4,2,5,2,15.977,15977,-0.47,0.07,8.14,8.1539,0.0011,0.0087,0.0044,2.88,0.94,285.44,-0.5064,0.0824,9.3313,9.3454,P003_Weight_Stack_Seated_Leg_Extension_Releasing_Too_Fast_2_011 (1).csv
3,4,2,5,2,16.11,16110,-0.49,0.14,8.35,8.3655,-0.0164,-0.0076,-0.0033,2.88,1.0,285.44,-0.5042,0.09,9.202,9.2163,P003_Weight_Stack_Seated_Leg_Extension_Releasing_Too_Fast_2_011 (1).csv
3,4,2,5,2,16.241,16241,-0.76,0.28,8.37,8.4091,-0.0578,0.0055,-0.0207,2.88,1.19,285.44,-0.5379,0.115,9.0924,9.109,P003_Weight_Stack_Seated_Leg_Extension_Releasing_Too_Fast_2_011 (1).csv
3,4,2,5,2,16.375,16375,-0.67,0.2,9.74,9.7651,-0.0065,0.0327,-0.0185,2.88,1.25,285.44,-0.5553,0.1262,9.1777,9.1954,P003_Weight_Stack_Seated_Leg_Extension_Releasing_Too_Fast_2_011 (1).csv
3,4,2,5,2,16.506,16506,-0.37,0.28,10.04,10.0507,0.0545,0.0284,-0.0022,2.75,1.25,285.44,-0.5309,0.1465,9.2913,9.3076,P003_Weight_Stack_Seated_Leg_Extension_Releasing_Too_Fast_2_011 (1).csv
3,4,2,5,2,16.637,16637,-0.4,-1.26,10.49,10.573,-0.0731,-0.0109,0.0524,2.81,1.31,285.38,-0.5137,-0.0388,9.4493,9.4633,P003_Weight_Stack_Seated_Leg_Extension_Releasing_Too_Fast_2_011 (1).csv
3,4,2,5,2,16.767,16767,-0.63,0.02,11.54,11.5572,-0.0109,0.1364,-0.0971,2.81,1.19,285.38,-0.529,-0.0311,9.7248,9.7392,P003_Weight_Stack_Seated_Leg_Extension_Releasing_Too_Fast_2_011 (1).csv
3,5,2,5,2,16.897,16897,-0.71,0.56,9.44,9.4832,0.0393,0.0371,-0.0011,2.69,1.44,285.38,-0.5528,0.0468,9.6873,9.7031,P003_Weight_Stack_Seated_Leg_Extension_Releasing_Too_Fast_2_011 (1).csv
3,5,2,5,2,17.07,17070,-0.51,-0.03,9.24,9.2541,0.0,-0.0425,0.0175,2.69,1.38,285.38,-0.5472,0.0367,9.6283,9.6439,P003_Weight_Stack_Seated_Leg_Extension_Releasing_Too_Fast_2_011 (1).csv
3,5,2,5,2,17.202,17202,-0.46,0.19,9.61,9.6229,0.0022,0.0131,-0.0087,2.88,1.31,285.44,-0.5357,0.0569,9.6259,9.641,P003_Weight_Stack_Seated_Leg_Extension_Releasing_Too_Fast_2_011 (1).csv
3,5,2,5,2,17.336,17336,-0.59,0.1,9.69,9.7085,0.0022,0.0055,-0.0022,2.88,1.38,285.44,-0.5429,0.0626,9.6344,9.6498,P003_Weight_Stack_Seated_Leg_Extension_Releasing_Too_Fast_2_011 (1).csv
3,5,2,5,2,17.468,17468,-0.66,0.09,9.62,9.643,-0.0022,0.0076,0.0,2.63,1.38,285.44,-0.5583,0.0662,9.6325,9.6489,P003_Weight_Stack_Seated_Leg_Extension_Releasing_Too_Fast_2_011 (1).csv
3,5,2,5,2,17.599,17599,-0.46,0.12,9.41,9.422,-0.0033,0.0,0.0022,2.63,1.38,285.44,-0.5453,0.0733,9.6032,9.6189,P003_Weight_Stack_Seated_Leg_Extension_Releasing_Too_Fast_2_011 (1).csv
3,5,2,5,2,17.729,17729,-0.57,0.1,9.62,9.6374,-0.0055,-0.036,-0.0022,2.81,1.38,285.44,-0.5486,0.0768,9.6054,9.6213,P003_Weight_Stack_Seated_Leg_Extension_Releasing_Too_Fast_2_011 (1).csv
3,5,2,5,2,17.859,17859,-0.52,0.04,10.01,10.0236,0.0109,0.0927,0.0065,2.69,1.38,285.44,-0.5448,0.0719,9.6587,9.6743,P003_Weight_Stack_Seated_Leg_Extension_Releasing_Too_Fast_2_011 (1).csv
3,5,2,5,2,17.99,17990,-0.52,0.05,10.56,10.5729,0.0458,-0.0207,0.0033,2.63,1.44,285.44,-0.5416,0.0691,9.7775,9.7927,P003_Weight_Stack_Seated_Leg_Extension_Releasing_Too_Fast_2_011 (1).csv
3,5,2,5,2,18.163,18163,-0.53,0.15,9.78,9.7955,-0.0044,0.0022,0.0098,2.63,1.38,285.44,-0.54,0.0797,9.7778,9.793,P003_Weight_Stack_Seated_Leg_Extension_Releasing_Too_Fast_2_011 (1).csv
3,5,2,5,2,18.294,18294,-0.45,0.17,9.2,9.2126,0.0164,0.0109,0.0011,2.56,1.31,285.44,-0.5282,0.0916,9.7017,9.7165,P003_Weight_Stack_Seated_Leg_Extension_Releasing_Too_Fast_2_011 (1).csv
3,5,2,5,2,18.424,18424,-0.55,0.18,9.1,9.1184,0.0055,-0.0109,-0.0022,2.63,1.25,285.44,-0.531,0.1033,9.6224,9.6376,P003_Weight_Stack_Seated_Leg_Extension_Releasing_Too_Fast_2_011 (1).csv
3,5,2,5,2,18.557,18557,-0.57,0.17,9.09,9.1094,0.0044,-0.0098,-0.0022,2.63,1.19,285.44,-0.5362,0.1121,9.5522,9.5679,P003_Weight_Stack_Seated_Leg_Extension_Releasing_Too_Fast_2_011 (1).csv
3,5,2,5,2,18.691,18691,-0.58,0.17,9.28,9.2997,0.0087,0.0033,0.0011,2.63,1.13,285.44,-0.542,0.1197,9.5163,9.5325,P003_Weight_Stack_Seated_Leg_Extension_Releasing_Too_Fast_2_011 (1).csv
3,5,2,5,2,18.822,18822,-0.42,0.07,9.18,9.1899,0.0185,-0.0076,-0.0033,2.56,1.13,285.44,-0.5259,0.1131,9.472,9.4873,P003_Weight_Stack_Seated_Leg_Extension_Releasing_Too_Fast_2_011 (1).csv
3,5,2,5,2,18.952,18952,-0.48,0.09,9.21,9.2229,0.0,0.0011,-0.0011,2.56,1.06,285.44,-0.5198,0.1101,9.4375,9.4524,P003_Weight_Stack_Seated_Leg_Extension_Releasing_Too_Fast_2_011 (1).csv
3,5,2,5,2,19.083,19083,-0.56,0.07,9.55,9.5667,0.0044,-0.0055,0.0011,2.56,1.06,285.44,-0.5251,0.1048,9.4523,9.4675,P003_Weight_Stack_Seated_Leg_Extension_Releasing_Too_Fast_2_011 (1).csv
3,5,2,5,2,19.256,19256,-0.48,0.11,9.64,9.6526,0.0055,0.0022,-0.0131,2.75,1.0,285.44,-0.5192,0.1055,9.4771,9.4919,P003_Weight_Stack_Seated_Leg_Extension_Releasing_Too_Fast_2_011 (1).csv
3,5,2,5,2,19.387,19387,-0.53,0.11,9.61,9.6252,0.0,0.0022,-0.0022,2.75,0.94,285.44,-0.5206,0.1061,9.4946,9.5094,P003_Weight_Stack_Seated_Leg_Extension_Releasing_Too_Fast_2_011 (1).csv
3,5,2,5,2,19.519,19519,-0.52,0.02,9.56,9.5742,0.0022,0.0,0.0076,2.69,0.94,285.44,-0.5205,0.0947,9.5032,9.5179,P003_Weight_Stack_Seated_Leg_Extension_Releasing_Too_Fast_2_011 (1).csv
3,5,2,5,2,19.65,19650,-0.47,0.05,9.37,9.3819,-0.0109,0.0,0.0087,2.81,0.94,285.44,-0.5139,0.0888,9.4856,9.5,P003_Weight_Stack_Seated_Leg_Extension_Releasing_Too_Fast_2_011 (1).csv
3,5,2,5,2,19.784,19784,-0.48,0.08,8.57,8.5838,-0.0022,0.0109,-0.0022,2.81,0.94,285.44,-0.5094,0.0877,9.365,9.3792,P003_Weight_Stack_Seated_Leg_Extension_Releasing_Too_Fast_2_011 (1).csv
3,5,2,5,2,19.915,19915,-0.49,0.13,7.19,7.2078,-0.0196,0.0131,0.0,2.81,1.0,285.44,-0.5068,0.0933,9.0784,9.093,P003_Weight_Stack_Seated_Leg_Extension_Releasing_Too_Fast_2_011 (1).csv
3,5,2,5,2,20.046,20046,-0.25,0.39,7.92,7.9335,0.0,-0.0153,0.0098,2.69,1.13,285.44,-0.473,0.1324,8.9257,8.9392,P003_Weight_Stack_Seated_Leg_Extension_Releasing_Too_Fast_2_011 (1).csv
3,5,2,5,2,20.176,20176,-0.68,0.16,8.69,8.718,-0.0447,-0.0076,-0.0109,2.81,1.25,285.44,-0.5003,0.136,8.8947,8.9098,P003_Weight_Stack_Seated_Leg_Extension_Releasing_Too_Fast_2_011 (1).csv
3,5,2,5,2,20.349,20349,-0.24,-0.19,11.82,11.824,0.0175,-0.0142,0.0131,2.75,1.25,285.38,-0.466,0.093,9.2802,9.2923,P003_Weight_Stack_Seated_Leg_Extension_Releasing_Too_Fast_2_011 (1).csv
3,5,2,5,2,20.479,20479,-0.61,0.15,9.98,9.9997,-0.0545,-0.0251,0.0,2.81,1.38,285.38,-0.485,0.1005,9.3724,9.3855,P003_Weight_Stack_Seated_Leg_Extension_Releasing_Too_Fast_2_011 (1).csv
3,5,2,5,2,20.61,20610,-0.68,0.19,9.43,9.4564,-0.0142,-0.0327,0.0011,2.69,1.38,285.31,-0.5107,0.1123,9.38,9.3945,P003_Weight_Stack_Seated_Leg_Extension_Releasing_Too_Fast_2_011 (1).csv
3,5,2,5,2,20.741,20741,-0.54,0.16,9.1,9.1174,-0.0469,0.0,-0.0076,2.63,1.5,285.38,-0.5145,0.1186,9.3431,9.358,P003_Weight_Stack_Seated_Leg_Extension_Releasing_Too_Fast_2_011 (1).csv
3,5,2,5,2,20.877,20877,-0.76,0.24,9.36,9.3939,0.0109,-0.0916,-0.0011,2.81,1.44,285.38,-0.5469,0.1346,9.3453,9.3623,P003_Weight_Stack_Seated_Leg_Extension_Releasing_Too_Fast_2_011 (1).csv
3,5,2,5,2,21.008,21008,-0.59,0.09,9.77,9.7882,0.0065,0.0175,0.0,2.88,1.38,285.38,-0.5526,0.1287,9.4013,9.4184,P003_Weight_Stack_Seated_Leg_Extension_Releasing_Too_Fast_2_011 (1).csv
3,5,2,5,2,21.138,21138,-0.41,0.17,9.78,9.7901,0.0,-0.0022,0.0033,2.94,1.44,285.38,-0.5338,0.1342,9.4512,9.4672,P003_Weight_Stack_Seated_Leg_Extension_Releasing_Too_Fast_2_011 (1).csv
3,5,2,5,2,21.269,21269,-0.53,0.27,9.52,9.5386,-0.0316,-0.0284,-0.0022,2.69,1.38,285.38,-0.5333,0.1521,9.4602,9.4765,P003_Weight_Stack_Seated_Leg_Extension_Releasing_Too_Fast_2_011 (1).csv
3,5,2,5,2,21.442,21442,-0.48,0.17,9.52,9.5336,0.0,-0.0022,0.0033,2.63,1.38,285.38,-0.5263,0.1544,9.4681,9.484,P003_Weight_Stack_Seated_Leg_Extension_Releasing_Too_Fast_2_011 (1).csv
3,5,2,5,2,21.573,21573,-0.52,0.19,9.6,9.616,-0.0065,-0.0196,0.0011,2.75,1.38,285.38,-0.5254,0.1591,9.4855,9.5014,P003_Weight_Stack_Seated_Leg_Extension_Releasing_Too_Fast_2_011 (1).csv
3,5,2,5,2,21.704,21704,-0.58,0.16,9.67,9.6887,-0.0033,0.0131,0.0,2.75,1.38,285.38,-0.5326,0.1592,9.5098,9.526,P003_Weight_Stack_Seated_Leg_Extension_Releasing_Too_Fast_2_011 (1).csv
3,5,2,5,2,21.836,21836,-0.43,0.06,9.65,9.6598,-0.0065,0.0033,0.0033,2.63,1.38,285.38,-0.5191,0.1462,9.5283,9.5435,P003_Weight_Stack_Seated_Leg_Extension_Releasing_Too_Fast_2_011 (1).csv
3,5,2,5,2,21.967,21967,-0.33,0.05,9.63,9.6358,0.0251,0.0033,0.0142,2.63,1.56,285.38,-0.4942,0.1335,9.5417,9.5554,P003_Weight_Stack_Seated_Leg_Extension_Releasing_Too_Fast_2_011 (1).csv
3,5,2,5,2,22.101,22101,-0.47,0.26,9.52,9.5351,-0.0011,0.0,-0.0022,2.63,1.5,285.38,-0.491,0.1502,9.5388,9.5526,P003_Weight_Stack_Seated_Leg_Extension_Releasing_Too_Fast_2_011 (1).csv
3,5,2,5,2,22.231,22231,-0.47,0.14,9.89,9.9022,-0.0011,0.0033,0.0,2.63,1.44,285.38,-0.4882,0.1488,9.5851,9.5987,P003_Weight_Stack_Seated_Leg_Extension_Releasing_Too_Fast_2_011 (1).csv
3,5,2,5,2,22.362,22362,-0.44,0.1,9.57,9.5806,0.0087,0.0,0.0033,2.63,1.44,285.38,-0.4819,0.1424,9.5831,9.5963,P003_Weight_Stack_Seated_Leg_Extension_Releasing_Too_Fast_2_011 (1).csv
3,5,2,5,2,22.535,22535,-0.48,0.17,10.31,10.3226,0.0011,-0.0022,0.0011,2.63,1.38,285.38,-0.4816,0.146,9.6789,9.692,P003_Weight_Stack_Seated_Leg_Extension_Releasing_Too_Fast_2_011 (1).csv
3,5,2,5,2,22.666,22666,-0.5,0.13,10.14,10.1532,0.0044,-0.0076,0.0044,2.63,1.38,285.38,-0.484,0.1439,9.7397,9.7527,P003_Weight_Stack_Seated_Leg_Extension_Releasing_Too_Fast_2_011 (1).csv
3,6,2,5,2,22.802,22802,-0.41,0.08,9.29,9.2994,0.0,0.0022,-0.0011,2.63,1.38,285.38,-0.4743,0.1355,9.6804,9.693,P003_Weight_Stack_Seated_Leg_Extension_Releasing_Too_Fast_2_011 (1).csv
3,6,2,5,2,22.933,22933,-0.47,0.05,8.96,8.9725,0.0065,-0.012,-0.0055,2.69,1.25,285.38,-0.4737,0.1242,9.5855,9.598,P003_Weight_Stack_Seated_Leg_Extension_Releasing_Too_Fast_2_011 (1).csv
3,6,2,5,2,23.063,23063,-0.56,0.22,9.23,9.2496,0.0044,0.0044,0.0,2.69,1.19,285.38,-0.4851,0.1368,9.5386,9.5519,P003_Weight_Stack_Seated_Leg_Extension_Releasing_Too_Fast_2_011 (1).csv
3,6,2,5,2,23.194,23194,-0.23,0.05,9.13,9.133,0.0065,-0.012,-0.012,2.63,1.13,285.31,-0.4515,0.1254,9.4848,9.4964,P003_Weight_Stack_Seated_Leg_Extension_Releasing_Too_Fast_2_011 (1).csv
3,6,2,5,2,23.324,23324,-0.52,0.09,8.82,8.8358,0.0,0.0,0.0022,2.63,1.13,285.31,-0.4605,0.1207,9.3972,9.4092,P003_Weight_Stack_Seated_Leg_Extension_Releasing_Too_Fast_2_011 (1).csv
3,6,2,5,2,23.455,23455,-0.69,0.05,9.38,9.4055,-0.0175,-0.0033,0.012,2.75,1.13,285.31,-0.4907,0.1114,9.3949,9.4084,P003_Weight_Stack_Seated_Leg_Extension_Releasing_Too_Fast_2_011 (1).csv
3,6,2,5,2,23.628,23628,-0.52,0.16,9.8,9.8151,-0.0175,-0.0022,-0.0033,2.75,1.06,285.38,-0.4946,0.1178,9.4483,9.462,P003_Weight_Stack_Seated_Leg_Extension_Releasing_Too_Fast_2_011 (1).csv
3,6,2,5,2,23.759,23759,-0.49,0.14,9.53,9.5436,-0.0076,0.0065,0.0076,2.75,1.06,285.38,-0.494,0.1207,9.4591,9.4727,P003_Weight_Stack_Seated_Leg_Extension_Releasing_Too_Fast_2_011 (1).csv
3,6,2,5,2,23.889,23889,-0.45,0.05,9.49,9.5008,0.0065,-0.0055,0.0033,2.75,1.0,285.38,-0.4882,0.1114,9.4631,9.4764,P003_Weight_Stack_Seated_Leg_Extension_Releasing_Too_Fast_2_011 (1).csv
3,6,2,5,2,24.02,24020,-0.51,0.08,9.56,9.5739,-0.0065,0.0044,0.0011,2.81,1.0,285.38,-0.4911,0.1073,9.4759,9.4892,P003_Weight_Stack_Seated_Leg_Extension_Releasing_Too_Fast_2_011 (1).csv
3,6,2,5,2,24.154,24154,-0.54,-0.03,9.53,9.5453,0.0033,-0.0065,0.0044,2.81,1.0,285.31,-0.4975,0.0892,9.483,9.4965,P003_Weight_Stack_Seated_Leg_Extension_Releasing_Too_Fast_2_011 (1).csv
3,6,2,5,2,24.287,24287,-0.43,0.09,9.05,9.0607,-0.0033,0.0044,-0.0011,2.81,0.94,285.31,-0.4886,0.0893,9.426,9.439,P003_Weight_Stack_Seated_Leg_Extension_Releasing_Too_Fast_2_011 (1).csv
3,6,2,5,2,24.417,24417,-0.49,0.15,8.77,8.785,0.0153,-0.0011,0.0076,2.81,1.0,285.31,-0.4888,0.0973,9.3395,9.3528,P003_Weight_Stack_Seated_Leg_Extension_Releasing_Too_Fast_2_011 (1).csv
3,6,2,5,2,24.548,24548,-0.5,0.22,9.24,9.2561,-0.0338,0.0153,-0.0087,2.81,1.06,285.38,-0.4903,0.1135,9.3264,9.34,P003_Weight_Stack_Seated_Leg_Extension_Releasing_Too_Fast_2_011 (1).csv
3,6,2,5,2,24.721,24721,-0.76,0.14,9.5,9.5314,-0.0644,-0.0153,-0.0273,2.88,1.25,285.38,-0.5258,0.117,9.3493,9.3648,P003_Weight_Stack_Seated_Leg_Extension_Releasing_Too_Fast_2_011 (1).csv
3,6,2,5,2,24.851,24851,-1.1,0.07,9.91,9.9711,-0.0305,0.0982,-0.0185,2.81,1.38,285.31,-0.6015,0.1108,9.4232,9.443,P003_Weight_Stack_Seated_Leg_Extension_Releasing_Too_Fast_2_011 (1).csv
3,6,2,5,2,24.982,24982,-0.16,-0.03,12.88,12.881,0.0818,0.0295,-0.0327,2.81,1.31,285.25,-0.5433,0.0922,9.8787,9.8941,P003_Weight_Stack_Seated_Leg_Extension_Releasing_Too_Fast_2_011 (1).csv
3,6,2,5,2,25.113,25113,-0.5,0.08,10.01,10.0228,0.0175,0.0905,0.0338,2.69,1.38,285.25,-0.5376,0.0906,9.896,9.911,P003_Weight_Stack_Seated_Leg_Extension_Releasing_Too_Fast_2_011 (1).csv
3,7,2,5,2,25.246,25246,-0.3,0.18,9.08,9.0867,-0.0665,0.0087,-0.0076,2.69,1.56,285.31,-0.5063,0.1024,9.7885,9.8021,P003_Weight_Stack_Seated_Leg_Extension_Releasing_Too_Fast_2_011 (1).csv
3,7,2,5,2,25.38,25380,-0.35,0.16,9.1,9.1081,0.0055,-0.0055,0.0098,2.69,1.44,285.31,-0.4857,0.11,9.6977,9.7105,P003_Weight_Stack_Seated_Leg_Extension_Releasing_Too_Fast_2_011 (1).csv
3,7,2,5,2,25.511,25511,-0.51,0.08,9.36,9.3742,0.0011,0.0185,-0.0076,2.94,1.38,285.31,-0.4889,0.106,9.6532,9.6662,P003_Weight_Stack_Seated_Leg_Extension_Releasing_Too_Fast_2_011 (1).csv
3,7,2,5,2,25.641,25641,-0.49,0.09,9.97,9.9824,-0.0055,-0.0022,0.0033,2.94,1.38,285.31,-0.489,0.1039,9.695,9.7079,P003_Weight_Stack_Seated_Leg_Extension_Releasing_Too_Fast_2_011 (1).csv
3,7,2,5,2,25.814,25814,-0.69,0.36,9.65,9.6813,-0.0371,-0.0284,-0.0175,2.75,1.31,285.31,-0.5155,0.1377,9.6891,9.7037,P003_Weight_Stack_Seated_Leg_Extension_Releasing_Too_Fast_2_011 (1).csv
3,7,2,5,2,25.944,25944,-0.43,0.25,9.3,9.3133,-0.0382,0.0033,-0.0076,2.69,1.44,285.31,-0.5043,0.1525,9.6378,9.6522,P003_Weight_Stack_Seated_Leg_Extension_Releasing_Too_Fast_2_011 (1).csv
3,7,2,5,2,26.075,26075,-0.63,0.16,9.69,9.7118,-0.0011,-0.0567,-0.0033,2.94,1.44,285.31,-0.5208,0.1535,9.6447,9.6599,P003_Weight_Stack_Seated_Leg_Extension_Releasing_Too_Fast_2_011 (1).csv
3,7,2,5,2,26.205,26205,-0.79,0.16,9.97,10.0025,-0.036,-0.0033,-0.0087,2.75,1.44,285.31,-0.5563,0.1543,9.6875,9.7047,P003_Weight_Stack_Seated_Leg_Extension_Releasing_Too_Fast_2_011 (1).csv
3,7,2,5,2,26.336,26336,-0.51,0.19,9.55,9.5655,-0.0098,0.0011,0.0011,2.75,1.44,285.31,-0.5502,0.159,9.6694,9.6864,P003_Weight_Stack_Seated_Leg_Extension_Releasing_Too_Fast_2_011 (1).csv
3,7,2,5,2,26.467,26467,-0.48,0.12,9.93,9.9423,0.0022,0.0033,0.0,2.75,1.44,285.31,-0.5409,0.1539,9.7038,9.72,P003_Weight_Stack_Seated_Leg_Extension_Releasing_Too_Fast_2_011 (1).csv
3,7,2,5,2,26.597,26597,-0.5,0.12,9.75,9.7635,0.0076,-0.0011,-0.0011,2.75,1.44,285.31,-0.5355,0.1494,9.7098,9.7258,P003_Weight_Stack_Seated_Leg_Extension_Releasing_Too_Fast_2_011 (1).csv
3,7,2,5,2,26.732,26732,-0.45,0.18,9.82,9.832,0.0044,-0.0087,0.0055,2.75,1.38,285.31,-0.5243,0.1534,9.7244,9.7397,P003_Weight_Stack_Seated_Leg_Extension_Releasing_Too_Fast_2_011 (1).csv
3,7,2,5,2,26.905,26905,-0.46,0.05,9.89,9.9008,0.0033,-0.0011,0.0011,2.75,1.31,285.31,-0.5158,0.1398,9.7462,9.7608,P003_Weight_Stack_Seated_Leg_Extension_Releasing_Too_Fast_2_011 (1).csv
3,7,2,5,2,27.035,27035,-0.51,0.16,9.35,9.3653,0.0011,-0.0055,0.0033,2.69,1.31,285.31,-0.515,0.1425,9.694,9.7087,P003_Weight_Stack_Seated_Leg_Extension_Releasing_Too_Fast_2_011 (1).csv
3,7,2,5,2,27.165,27165,-0.57,0.09,9.53,9.5475,0.0142,-0.0098,-0.0055,2.75,1.25,285.31,-0.5223,0.1356,9.6724,9.6874,P003_Weight_Stack_Seated_Leg_Extension_Releasing_Too_Fast_2_011 (1).csv
3,7,2,5,2,27.295,27295,-0.62,0.14,9.27,9.2918,0.0044,-0.0098,-0.0087,2.75,1.19,285.31,-0.5352,0.1361,9.6194,9.6352,P003_Weight_Stack_Seated_Leg_Extension_Releasing_Too_Fast_2_011 (1).csv
3,7,2,5,2,27.426,27426,-0.42,0.07,9.42,9.4296,0.0098,0.0022,-0.0033,2.75,1.19,285.31,-0.52,0.1274,9.5931,9.608,P003_Weight_Stack_Seated_Leg_Extension_Releasing_Too_Fast_2_011 (1).csv
3,7,2,5,2,27.556,27556,-0.57,0.14,8.75,8.7697,0.0011,0.0185,-0.0022,2.69,1.19,285.31,-0.5266,0.1291,9.482,9.4975,P003_Weight_Stack_Seated_Leg_Extension_Releasing_Too_Fast_2_011 (1).csv
3,7,2,5,2,27.686,27686,-0.68,0.04,9.18,9.2052,-0.0011,0.0,-0.0033,2.69,1.19,285.31,-0.5468,0.1173,9.4422,9.4587,P003_Weight_Stack_Seated_Leg_Extension_Releasing_Too_Fast_2_011 (1).csv
3,7,2,5,2,27.817,27817,-0.44,0.13,9.47,9.4811,0.0131,-0.0207,0.0,2.69,1.13,285.31,-0.5327,0.119,9.4459,9.4616,P003_Weight_Stack_Seated_Leg_Extension_Releasing_Too_Fast_2_011 (1).csv
3,7,2,5,2,27.99,27990,-0.66,0.09,9.74,9.7628,0.0,-0.0076,0.0011,2.81,1.13,285.31,-0.5495,0.1152,9.4846,9.5012,P003_Weight_Stack_Seated_Leg_Extension_Releasing_Too_Fast_2_011 (1).csv
3,7,2,5,2,28.12,28120,-0.54,0.04,9.39,9.4056,-0.0044,0.0033,0.0055,2.88,1.06,285.31,-0.5482,0.1053,9.4721,9.4886,P003_Weight_Stack_Seated_Leg_Extension_Releasing_Too_Fast_2_011 (1).csv
3,7,2,5,2,28.25,28250,-0.46,0.08,9.59,9.6014,0.0076,0.0022,-0.0011,2.81,1.06,285.31,-0.5366,0.102,9.4877,9.5034,P003_Weight_Stack_Seated_Leg_Extension_Releasing_Too_Fast_2_011 (1).csv
3,7,2,5,2,28.38,28380,-0.51,0.07,8.95,8.9648,-0.0022,0.0033,-0.0033,2.88,1.06,285.31,-0.5331,0.0977,9.4168,9.4324,P003_Weight_Stack_Seated_Leg_Extension_Releasing_Too_Fast_2_011 (1).csv
3,7,2,5,2,28.511,28511,-0.59,0.11,8.45,8.4713,-0.0153,-0.0087,-0.0022,2.81,1.06,285.31,-0.5406,0.0994,9.2894,9.3057,P003_Weight_Stack_Seated_Leg_Extension_Releasing_Too_Fast_2_011 (1).csv
3,7,2,5,2,28.641,28641,-0.42,0.26,9.2,9.2133,-0.0295,0.0164,-0.0087,2.88,1.19,285.25,-0.5247,0.1205,9.2776,9.2932,P003_Weight_Stack_Seated_Leg_Extension_Releasing_Too_Fast_2_011 (1).csv
3,7,2,5,2,28.772,28772,-0.52,-0.02,10.25,10.2632,0.0076,-0.0273,0.0098,2.88,1.31,285.31,-0.5241,0.102,9.4058,9.4209,P003_Weight_Stack_Seated_Leg_Extension_Releasing_Too_Fast_2_011 (1).csv
3,7,2,5,2,28.902,28902,-0.46,0.04,9.84,9.8508,-0.0393,-0.0262,-0.0098,2.94,1.38,285.31,-0.5156,0.0938,9.463,9.4775,P003_Weight_Stack_Seated_Leg_Extension_Releasing_Too_Fast_2_011 (1).csv
3,7,2,5,2,29.075,29075,-0.35,0.24,11.93,11.9375,0.0535,-0.0011,0.0,2.81,1.44,285.19,-0.4938,0.1131,9.7881,9.8012,P003_Weight_Stack_Seated_Leg_Extension_Releasing_Too_Fast_2_011 (1).csv
3,7,2,5,2,29.21,29210,-0.56,0.05,10.68,10.6948,-0.0295,-0.0284,0.0098,2.88,1.38,285.19,-0.5025,0.1048,9.9056,9.9189,P003_Weight_Stack_Seated_Leg_Extension_Releasing_Too_Fast_2_011 (1).csv
3,8,2,5,2,29.341,29341,-0.67,0.27,9.44,9.4676,0.0033,0.0295,-0.0076,2.75,1.44,285.19,-0.5246,0.1266,9.8443,9.859,P003_Weight_Stack_Seated_Leg_Extension_Releasing_Too_Fast_2_011 (1).csv
3,8,2,5,2,29.471,29471,-0.25,0.19,9.2,9.2054,0.0175,0.0087,0.0131,2.69,1.63,285.19,-0.4884,0.1349,9.7594,9.7725,P003_Weight_Stack_Seated_Leg_Extension_Releasing_Too_Fast_2_011 (1).csv
3,8,2,5,2,29.602,29602,-0.35,0.16,9.35,9.3579,-0.0076,0.0022,0.0076,3.0,1.5,285.19,-0.4702,0.1382,9.7054,9.7178,P003_Weight_Stack_Seated_Leg_Extension_Releasing_Too_Fast_2_011 (1).csv
3,8,2,5,2,29.732,29732,-0.44,0.2,9.57,9.5822,0.0022,0.024,-0.0011,2.88,1.44,285.19,-0.4662,0.1464,9.6876,9.6999,P003_Weight_Stack_Seated_Leg_Extension_Releasing_Too_Fast_2_011 (1).csv
3,8,2,5,2,29.862,29862,-0.48,0.1,9.9,9.9121,-0.0055,-0.0425,0.048,2.75,1.81,285.25,-0.468,0.1403,9.7156,9.7278,P003_Weight_Stack_Seated_Leg_Extension_Releasing_Too_Fast_2_011 (1).csv
3,8,2,5,2,29.993,29993,-0.83,0.54,9.07,9.1239,-0.0327,-0.0076,0.0349,2.69,1.56,285.13,-0.5157,0.1929,9.6305,9.6462,P003_Weight_Stack_Seated_Leg_Extension_Releasing_Too_Fast_2_011 (1).csv
3,8,2,5,2,30.166,30166,-0.44,0.24,9.35,9.3634,0.0229,-0.0251,-0.0044,2.75,1.56,285.19,-0.5057,0.1991,9.5935,9.6089,P003_Weight_Stack_Seated_Leg_Extension_Releasing_Too_Fast_2_011 (1).csv
3,8,2,5,2,30.297,30297,-0.57,0.16,9.72,9.738,-0.0011,0.0153,-0.0011,3.0,1.5,285.19,-0.5142,0.194,9.6102,9.6259,P003_Weight_Stack_Seated_Leg_Extension_Releasing_Too_Fast_2_011 (1).csv
3,8,2,5,2,30.428,30428,-0.22,0.26,9.69,9.696,-0.0295,0.0033,0.0022,2.69,1.56,285.19,-0.4754,0.2027,9.6207,9.6346,P003_Weight_Stack_Seated_Leg_Extension_Releasing_Too_Fast_2_011 (1).csv
3,8,2,5,2,30.56,30560,-0.52,0.11,10.01,10.0241,0.0044,-0.0044,-0.0011,2.69,1.5,285.19,-0.4813,0.1905,9.672,9.6859,P003_Weight_Stack_Seated_Leg_Extension_Releasing_Too_Fast_2_011 (1).csv
3,8,2,5,2,30.694,30694,-0.46,0.11,10.06,10.0711,0.0,0.0022,0.0044,2.75,1.5,285.19,-0.4785,0.1799,9.7231,9.7366,P003_Weight_Stack_Seated_Leg_Extension_Releasing_Too_Fast_2_011 (1).csv
3,8,2,5,2,30.825,30825,-0.46,0.1,9.79,9.8013,0.0098,-0.0055,0.0065,2.69,1.44,285.19,-0.4761,0.1693,9.7319,9.7451,P003_Weight_Stack_Seated_Leg_Extension_Releasing_Too_Fast_2_011 (1).csv
3,8,2,5,2,30.955,30955,-0.56,0.13,9.8,9.8168,0.0044,0.0,0.0,2.69,1.38,285.19,-0.4871,0.1642,9.7409,9.7545,P003_Weight_Stack_Seated_Leg_Extension_Releasing_Too_Fast_2_011 (1).csv
3,8,2,5,2,31.086,31086,-0.23,-0.02,8.78,8.783,-0.0098,-0.0055,0.0022,2.69,1.38,285.19,-0.4532,0.1399,9.6143,9.626,P003_Weight_Stack_Seated_Leg_Extension_Releasing_Too_Fast_2_011 (1).csv
3,8,2,5,2,31.258,31258,-0.52,0.14,9.59,9.6051,-0.0033,-0.0065,-0.0033,2.69,1.25,285.19,-0.462,0.1399,9.6111,9.6232,P003_Weight_Stack_Seated_Leg_Extension_Releasing_Too_Fast_2_011 (1).csv
3,8,2,5,2,31.389,31389,-0.64,0.14,8.72,8.7446,0.0087,-0.0044,-0.0055,2.75,1.19,285.19,-0.4855,0.1399,9.4937,9.5071,P003_Weight_Stack_Seated_Leg_Extension_Releasing_Too_Fast_2_011 (1).csv
3,8,2,5,2,31.52,31520,-0.48,0.24,9.15,9.1657,0.0098,0.0076,-0.0033,2.75,1.19,285.19,-0.4848,0.1531,9.4484,9.462,P003_Weight_Stack_Seated_Leg_Extension_Releasing_Too_Fast_2_011 (1).csv
3,8,2,5,2,31.656,31656,-0.38,0.13,9.65,9.6584,0.0022,0.0087,-0.0076,2.69,1.19,285.19,-0.471,0.1501,9.4749,9.4878,P003_Weight_Stack_Seated_Leg_Extension_Releasing_Too_Fast_2_011 (1).csv
3,8,2,5,2,31.787,31787,-0.46,0.16,9.37,9.3826,-0.0164,-0.0055,-0.0065,2.69,1.19,285.19,-0.4695,0.1514,9.4611,9.474,P003_Weight_Stack_Seated_Leg_Extension_Releasing_Too_Fast_2_011 (1).csv
3,8,2,5,2,31.918,31918,-0.61,-0.02,9.52,9.5395,0.0131,0.0033,0.0033,2.88,1.13,285.19,-0.488,0.1288,9.4689,9.4823,P003_Weight_Stack_Seated_Leg_Extension_Releasing_Too_Fast_2_011 (1).csv
3,8,2,5,2,32.048,32048,-0.51,0.1,9.7,9.7139,0.0033,0.0415,0.0022,2.81,1.13,285.19,-0.4909,0.125,9.4993,9.5128,P003_Weight_Stack_Seated_Leg_Extension_Releasing_Too_Fast_2_011 (1).csv
3,8,2,5,2,32.179,32179,-0.49,0.04,9.57,9.5826,0.0011,-0.0011,-0.0022,2.69,1.13,285.19,-0.4908,0.1138,9.5086,9.522,P003_Weight_Stack_Seated_Leg_Extension_Releasing_Too_Fast_2_011 (1).csv
3,8,2,5,2,32.351,32351,-0.47,0.04,9.45,9.4618,0.0076,-0.0011,0.0087,2.88,1.13,285.19,-0.4881,0.1041,9.5009,9.514,P003_Weight_Stack_Seated_Leg_Extension_Releasing_Too_Fast_2_011 (1).csv
3,8,2,5,2,32.481,32481,-0.54,0.09,9.35,9.366,-0.0098,0.0033,0.0,2.88,1.13,285.19,-0.4949,0.1022,9.481,9.4945,P003_Weight_Stack_Seated_Leg_Extension_Releasing_Too_Fast_2_011 (1).csv
3,8,2,5,2,32.611,32611,-0.57,0.1,8.63,8.6494,-0.0153,-0.0044,-0.0011,2.88,1.06,285.19,-0.5048,0.1019,9.3689,9.383,P003_Weight_Stack_Seated_Leg_Extension_Releasing_Too_Fast_2_011 (1).csv
3,8,2,5,2,32.741,32741,-0.41,0.23,8.46,8.4731,-0.024,0.0327,-0.0164,2.88,1.19,285.19,-0.4923,0.1188,9.2491,9.263,P003_Weight_Stack_Seated_Leg_Extension_Releasing_Too_Fast_2_011 (1).csv
3,8,2,5,2,32.871,32871,-0.51,-0.03,9.11,9.1243,-0.012,-0.0022,0.0131,2.88,1.31,285.19,-0.4946,0.0992,9.2308,9.2446,P003_Weight_Stack_Seated_Leg_Extension_Releasing_Too_Fast_2_011 (1).csv
3,8,2,5,2,33.001,33001,-0.55,0.27,9.97,9.9888,-0.0295,-0.0011,-0.0087,2.94,1.44,285.13,-0.5019,0.1217,9.3282,9.3425,P003_Weight_Stack_Seated_Leg_Extension_Releasing_Too_Fast_2_011 (1).csv
3,8,2,5,2,33.131,33131,-0.45,0.09,11.82,11.8289,-0.0055,-0.0109,-0.0055,2.88,1.44,285.13,-0.4951,0.1175,9.6566,9.6699,P003_Weight_Stack_Seated_Leg_Extension_Releasing_Too_Fast_2_011 (1).csv
3,8,2,5,2,33.262,33262,-0.18,0.38,9.85,9.859,-0.0829,-0.0207,0.0207,2.81,1.75,285.13,-0.4536,0.1521,9.682,9.6939,P003_Weight_Stack_Seated_Leg_Extension_Releasing_Too_Fast_2_011 (1).csv
3,8,2,5,2,33.435,33435,-0.59,0.48,9.64,9.67,-0.0698,0.0305,-0.0175,2.88,1.5,285.06,-0.4715,0.1953,9.6765,9.69,P003_Weight_Stack_Seated_Leg_Extension_Releasing_Too_Fast_2_011 (1).csv
3,8,2,5,2,33.565,33565,-0.21,0.05,8.48,8.4827,0.0447,-0.0044,0.0076,2.69,1.5,285.13,-0.4371,0.1762,9.5188,9.5305,P003_Weight_Stack_Seated_Leg_Extension_Releasing_Too_Fast_2_011 (1).csv
3,8,2,5,2,33.701,33701,-0.45,0.05,9.33,9.341,-0.0087,-0.0033,0.0131,3.0,1.44,285.13,-0.4388,0.1595,9.494,9.5054,P003_Weight_Stack_Seated_Leg_Extension_Releasing_Too_Fast_2_011 (1).csv
3,8,2,5,2,33.833,33833,-0.47,0.17,9.94,9.9526,-0.0033,-0.0033,0.0,2.81,1.38,285.13,-0.4429,0.1609,9.5527,9.5643,P003_Weight_Stack_Seated_Leg_Extension_Releasing_Too_Fast_2_011 (1).csv
3,8,2,5,2,33.963,33963,-0.58,0.14,10.03,10.0477,0.0207,0.0698,0.0,2.88,1.38,285.13,-0.461,0.1582,9.6156,9.628,P003_Weight_Stack_Seated_Leg_Extension_Releasing_Too_Fast_2_011 (1).csv
3,8,2,5,2,34.095,34095,-0.86,0.46,9.97,10.0176,-0.0109,0.0207,0.0011,2.69,1.44,285.13,-0.5135,0.1979,9.6623,9.678,P003_Weight_Stack_Seated_Leg_Extension_Releasing_Too_Fast_2_011 (1).csv
3,8,2,5,2,34.225,34225,-0.55,0.0,9.18,9.1965,0.0011,-0.0633,0.0044,2.81,1.44,285.13,-0.5184,0.1719,9.5988,9.6143,P003_Weight_Stack_Seated_Leg_Extension_Releasing_Too_Fast_2_011 (1).csv
3,8,2,5,2,34.355,34355,-0.52,0.17,9.63,9.6455,0.0087,0.024,-0.0065,3.0,1.44,285.13,-0.5186,0.1716,9.6029,9.6184,P003_Weight_Stack_Seated_Leg_Extension_Releasing_Too_Fast_2_011 (1).csv
3,8,2,5,2,34.528,34528,-0.49,0.09,9.71,9.7228,0.0087,0.0011,-0.0011,3.0,1.44,285.13,-0.5148,0.1609,9.617,9.6321,P003_Weight_Stack_Seated_Leg_Extension_Releasing_Too_Fast_2_011 (1).csv
3,8,2,5,2,34.659,34659,-0.53,0.09,9.67,9.6849,0.0153,0.0764,0.0,2.81,1.31,285.13,-0.5168,0.1515,9.624,9.639,P003_Weight_Stack_Seated_Leg_Extension_Releasing_Too_Fast_2_011 (1).csv
3,8,2,5,2,34.79,34790,-0.54,0.08,9.91,9.925,-0.0371,0.0033,-0.012,2.75,1.44,285.06,-0.5199,0.1421,9.6617,9.6767,P003_Weight_Stack_Seated_Leg_Extension_Releasing_Too_Fast_2_011 (1).csv
3,8,2,5,2,34.925,34925,-0.53,0.11,9.78,9.795,0.0011,0.0055,0.0109,2.75,1.44,285.06,-0.5212,0.1379,9.6773,9.6923,P003_Weight_Stack_Seated_Leg_Extension_Releasing_Too_Fast_2_011 (1).csv
3,8,2,5,2,35.056,35056,-0.55,0.17,10.05,10.0665,-0.0011,0.012,-0.0022,2.75,1.38,285.13,-0.525,0.1421,9.7264,9.7416,P003_Weight_Stack_Seated_Leg_Extension_Releasing_Too_Fast_2_011 (1).csv
3,8,2,5,2,35.187,35187,-0.49,0.16,9.6,9.6138,0.0044,-0.0044,0.0011,2.75,1.31,285.13,-0.5204,0.1445,9.7097,9.7247,P003_Weight_Stack_Seated_Leg_Extension_Releasing_Too_Fast_2_011 (1).csv
3,8,2,5,2,35.317,35317,-0.52,0.13,9.75,9.7647,0.0011,-0.0076,0.0065,2.75,1.31,285.13,-0.5203,0.1426,9.715,9.73,P003_Weight_Stack_Seated_Leg_Extension_Releasing_Too_Fast_2_011 (1).csv
3,8,2,5,2,35.447,35447,-0.35,0.07,9.55,9.5567,-0.0055,0.0065,0.0011,2.75,1.31,285.13,-0.4979,0.133,9.6933,9.707,P003_Weight_Stack_Seated_Leg_Extension_Releasing_Too_Fast_2_011 (1).csv
3,8,2,5,2,35.62,35620,-0.4,0.13,9.53,9.5393,0.0076,-0.0109,-0.0022,2.75,1.19,285.13,-0.485,0.1326,9.6718,9.6848,P003_Weight_Stack_Seated_Leg_Extension_Releasing_Too_Fast_2_011 (1).csv
3,8,2,5,2,35.75,35750,-0.53,0.03,9.37,9.385,-0.0055,-0.0109,0.0011,2.81,1.13,285.13,-0.4909,0.1191,9.632,9.6452,P003_Weight_Stack_Seated_Leg_Extension_Releasing_Too_Fast_2_011 (1).csv
3,8,2,5,2,35.881,35881,-0.5,0.02,9.28,9.2935,0.0033,0.0022,0.0,2.81,1.13,285.13,-0.4921,0.106,9.5856,9.5988,P003_Weight_Stack_Seated_Leg_Extension_Releasing_Too_Fast_2_011 (1).csv
3,8,2,5,2,36.012,36012,-0.48,0.14,9.01,9.0239,-0.0033,0.0305,-0.0055,2.75,1.13,285.13,-0.4905,0.1105,9.5098,9.523,P003_Weight_Stack_Seated_Leg_Extension_Releasing_Too_Fast_2_011 (1).csv
3,8,2,5,2,36.143,36143,-0.61,0.08,9.52,9.5399,-0.0175,0.0044,0.0076,2.69,1.13,285.13,-0.5063,0.1065,9.5111,9.5252,P003_Weight_Stack_Seated_Leg_Extension_Releasing_Too_Fast_2_011 (1).csv
3,8,2,5,2,36.273,36273,-0.63,-0.01,9.39,9.4111,-0.0196,-0.0262,0.0065,2.75,1.06,285.13,-0.5226,0.0911,9.4952,9.51,P003_Weight_Stack_Seated_Leg_Extension_Releasing_Too_Fast_2_011 (1).csv
3,8,2,5,2,36.409,36409,-0.37,0.19,9.81,9.8188,0.012,-0.0033,-0.0055,2.88,1.13,285.13,-0.5025,0.1042,9.5366,9.5504,P003_Weight_Stack_Seated_Leg_Extension_Releasing_Too_Fast_2_011 (1).csv
3,8,2,5,2,36.541,36541,-0.53,-0.02,9.25,9.2652,-0.0284,0.0131,-0.0087,2.81,1.13,285.13,-0.5061,0.0878,9.4989,9.5127,P003_Weight_Stack_Seated_Leg_Extension_Releasing_Too_Fast_2_011 (1).csv
3,8,2,5,2,36.713,36713,-0.61,-0.02,9.56,9.5795,-0.0098,0.0,0.0055,2.88,1.13,285.13,-0.5198,0.0736,9.5069,9.5214,P003_Weight_Stack_Seated_Leg_Extension_Releasing_Too_Fast_2_011 (1).csv
3,8,2,5,2,36.843,36843,-0.48,0.15,8.81,8.8243,-0.0164,0.0065,-0.0044,2.81,1.19,285.13,-0.5145,0.0837,9.4151,9.4295,P003_Weight_Stack_Seated_Leg_Extension_Releasing_Too_Fast_2_011 (1).csv
3,8,2,5,2,36.973,36973,-0.51,0.22,8.59,8.6079,-0.0065,0.0044,-0.0044,2.81,1.19,285.13,-0.5139,0.1016,9.3064,9.3211,P003_Weight_Stack_Seated_Leg_Extension_Releasing_Too_Fast_2_011 (1).csv
3,8,2,5,2,37.103,37103,-0.51,0.07,8.9,8.9149,-0.0153,-0.0065,0.0065,2.81,1.25,285.13,-0.5134,0.0975,9.2528,9.2676,P003_Weight_Stack_Seated_Leg_Extension_Releasing_Too_Fast_2_011 (1).csv
3,8,2,5,2,37.233,37233,-0.66,0.21,9.19,9.2161,-0.0284,0.0218,0.0011,2.88,1.44,285.13,-0.5327,0.1123,9.2445,9.2606,P003_Weight_Stack_Seated_Leg_Extension_Releasing_Too_Fast_2_011 (1).csv
3,8,2,5,2,37.363,37363,-0.38,-0.07,11.38,11.3866,0.0425,-0.0011,0.0153,2.81,1.5,285.06,-0.5126,0.0883,9.5259,9.5401,P003_Weight_Stack_Seated_Leg_Extension_Releasing_Too_Fast_2_011 (1).csv
3,8,2,5,2,37.493,37493,-0.44,0.18,10.18,10.1911,-0.0262,-0.0153,0.0011,2.75,1.5,285.06,-0.503,0.1004,9.6121,9.6258,P003_Weight_Stack_Seated_Leg_Extension_Releasing_Too_Fast_2_011 (1).csv
3,8,2,5,2,37.624,37624,-0.6,0.16,10.42,10.4385,-0.0251,-0.0196,-0.0033,2.88,1.56,285.06,-0.5158,0.1082,9.7186,9.7329,P003_Weight_Stack_Seated_Leg_Extension_Releasing_Too_Fast_2_011 (1).csv
3,9,2,5,2,37.797,37797,0.48,-0.2,8.34,8.3562,-0.0382,0.0142,-0.0055,2.63,1.63,285.0,-0.3846,0.0676,9.5369,9.5449,P003_Weight_Stack_Seated_Leg_Extension_Releasing_Too_Fast_2_011 (1).csv
3,9,2,5,2,37.927,37927,-0.39,0.12,9.14,9.1491,-0.0033,0.0044,0.0,2.63,1.63,285.0,-0.3853,0.0745,9.4846,9.4927,P003_Weight_Stack_Seated_Leg_Extension_Releasing_Too_Fast_2_011 (1).csv
3,9,2,5,2,38.058,38058,-0.84,0.27,9.63,9.6703,-0.0044,-0.0513,-0.0044,2.94,1.63,285.0,-0.4452,0.1003,9.5038,9.5147,P003_Weight_Stack_Seated_Leg_Extension_Releasing_Too_Fast_2_011 (1).csv
3,9,2,5,2,38.188,38188,-0.46,0.14,9.45,9.4622,0.0109,0.0164,-0.0011,2.88,1.56,285.0,-0.4472,0.1055,9.4967,9.5078,P003_Weight_Stack_Seated_Leg_Extension_Releasing_Too_Fast_2_011 (1).csv
3,9,2,5,2,38.319,38319,-0.54,0.15,9.94,9.9558,-0.0022,0.0,0.0,2.88,1.5,285.0,-0.4594,0.1114,9.5551,9.5668,P003_Weight_Stack_Seated_Leg_Extension_Releasing_Too_Fast_2_011 (1).csv
3,9,2,5,2,38.45,38450,-0.69,0.2,9.85,9.8762,0.0098,0.0764,0.0011,2.69,1.44,285.0,-0.4898,0.123,9.594,9.6072,P003_Weight_Stack_Seated_Leg_Extension_Releasing_Too_Fast_2_011 (1).csv
3,9,2,5,2,38.583,38583,-0.35,0.41,9.42,9.4354,-0.0284,0.0109,0.0087,2.63,1.63,285.0,-0.4714,0.1609,9.571,9.584,P003_Weight_Stack_Seated_Leg_Extension_Releasing_Too_Fast_2_011 (1).csv
3,9,2,5,2,38.714,38714,-0.49,0.09,9.16,9.1735,-0.0033,-0.0742,-0.0055,2.81,1.5,285.0,-0.4738,0.1515,9.5169,9.5299,P003_Weight_Stack_Seated_Leg_Extension_Releasing_Too_Fast_2_011 (1).csv
3,9,2,5,2,38.887,38887,-0.46,0.11,9.64,9.6516,0.0044,-0.0022,-0.0033,2.88,1.5,285.0,-0.472,0.1461,9.5331,9.5459,P003_Weight_Stack_Seated_Leg_Extension_Releasing_Too_Fast_2_011 (1).csv
3,9,2,5,2,39.017,39017,-0.51,0.17,9.52,9.5352,0.0,0.0,0.0,2.94,1.44,285.0,-0.477,0.1492,9.5314,9.5445,P003_Weight_Stack_Seated_Leg_Extension_Releasing_Too_Fast_2_011 (1).csv
3,9,2,5,2,39.148,39148,-0.53,0.13,9.57,9.5855,-0.0033,-0.0011,0.0,2.94,1.44,285.0,-0.484,0.1467,9.5365,9.5499,P003_Weight_Stack_Seated_Leg_Extension_Releasing_Too_Fast_2_011 (1).csv
3,9,2,5,2,39.278,39278,-0.6,0.36,9.6,9.6255,-0.036,0.0011,-0.0065,2.94,1.44,285.0,-0.4993,0.1748,9.5448,9.5595,P003_Weight_Stack_Seated_Leg_Extension_Releasing_Too_Fast_2_011 (1).csv
3,9,2,5,2,39.408,39408,-0.45,0.2,9.68,9.6925,-0.0644,0.036,0.0393,2.75,1.63,285.0,-0.4928,0.1781,9.5626,9.577,P003_Weight_Stack_Seated_Leg_Extension_Releasing_Too_Fast_2_011 (1).csv
3,9,2,5,2,39.539,39539,-0.48,0.41,9.75,9.7704,0.0687,-0.0338,-0.0633,2.81,1.69,285.06,-0.4911,0.2087,9.5873,9.6022,P003_Weight_Stack_Seated_Leg_Extension_Releasing_Too_Fast_2_011 (1).csv
3,9,2,5,2,39.669,39669,-0.67,-0.02,9.87,9.8927,0.0469,-0.0022,0.0316,2.69,1.44,284.94,-0.5147,0.1785,9.6246,9.64,P003_Weight_Stack_Seated_Leg_Extension_Releasing_Too_Fast_2_011 (1).csv
3,9,2,5,2,39.8,39800,-0.3,0.02,10.28,10.2844,-0.0185,0.0055,0.0262,2.69,1.44,285.0,-0.4864,0.1576,9.711,9.7244,P003_Weight_Stack_Seated_Leg_Extension_Releasing_Too_Fast_2_011 (1).csv
3,9,2,5,2,39.972,39972,-0.45,0.31,10.03,10.0449,0.0131,-0.0055,0.0011,2.69,1.38,285.0,-0.4816,0.1777,9.753,9.7665,P003_Weight_Stack_Seated_Leg_Extension_Releasing_Too_Fast_2_011 (1).csv
3,9,2,5,2,40.102,40102,-0.35,0.29,9.19,9.2012,0.0022,0.0131,0.0087,2.69,1.25,285.0,-0.4643,0.1925,9.6788,9.6918,P003_Weight_Stack_Seated_Leg_Extension_Releasing_Too_Fast_2_011 (1).csv
3,9,2,5,2,40.232,40232,-0.52,0.23,9.15,9.1676,0.0065,0.0,-0.0022,2.69,1.19,285.0,-0.4716,0.1975,9.6091,9.6227,P003_Weight_Stack_Seated_Leg_Extension_Releasing_Too_Fast_2_011 (1).csv
3,9,2,5,2,40.362,40362,-0.43,0.2,9.16,9.1723,0.0098,-0.0033,-0.0065,2.75,1.13,285.0,-0.4661,0.1978,9.5499,9.5634,P003_Weight_Stack_Seated_Leg_Extension_Releasing_Too_Fast_2_011 (1).csv
3,9,2,5,2,40.492,40492,-0.38,0.02,9.23,9.2378,0.0164,-0.0076,0.0087,2.75,1.13,285.0,-0.4548,0.1744,9.5078,9.5202,P003_Weight_Stack_Seated_Leg_Extension_Releasing_Too_Fast_2_011 (1).csv
3,9,2,5,2,40.622,40622,-0.56,0.17,9.46,9.4781,0.0033,0.0185,-0.0076,2.69,1.06,285.0,-0.4686,0.1738,9.5015,9.5146,P003_Weight_Stack_Seated_Leg_Extension_Releasing_Too_Fast_2_011 (1).csv
3,9,2,5,2,40.752,40752,-0.54,0.16,9.76,9.7762,-0.0011,-0.0087,0.0055,2.69,1.06,284.94,-0.478,0.172,9.5355,9.5491,P003_Weight_Stack_Seated_Leg_Extension_Releasing_Too_Fast_2_011 (1).csv
3,9,2,5,2,40.883,40883,-0.46,0.07,9.55,9.5613,0.0033,-0.0087,0.0033,2.69,1.06,284.94,-0.4757,0.1585,9.5375,9.5506,P003_Weight_Stack_Seated_Leg_Extension_Releasing_Too_Fast_2_011 (1).csv
3,9,2,5,2,41.056,41056,-0.59,-0.01,9.81,9.8277,0.0262,-0.0098,0.0109,2.81,1.06,284.94,-0.4907,0.1363,9.5734,9.5869,P003_Weight_Stack_Seated_Leg_Extension_Releasing_Too_Fast_2_011 (1).csv
3,9,2,5,2,41.186,41186,-0.49,0.05,9.72,9.7325,-0.0153,-0.0011,-0.0044,2.81,1.06,284.94,-0.4906,0.1249,9.5927,9.606,P003_Weight_Stack_Seated_Leg_Extension_Releasing_Too_Fast_2_011 (1).csv
3,9,2,5,2,41.316,41316,-0.51,0.05,9.7,9.7135,0.0044,-0.0022,-0.0022,2.81,1.06,284.94,-0.4932,0.1151,9.6068,9.6202,P003_Weight_Stack_Seated_Leg_Extension_Releasing_Too_Fast_2_011 (1).csv
3,9,2,5,2,41.446,41446,-0.57,0.06,9.4,9.4175,-0.0065,0.0033,0.0033,2.81,1.0,284.94,-0.5033,0.1078,9.5796,9.5934,P003_Weight_Stack_Seated_Leg_Extension_Releasing_Too_Fast_2_011 (1).csv
3,9,2,5,2,41.576,41576,-0.45,0.1,8.85,8.862,-0.0065,0.0065,-0.0044,2.81,1.0,284.94,-0.4963,0.1068,9.4834,9.497,P003_Weight_Stack_Seated_Leg_Extension_Releasing_Too_Fast_2_011 (1).csv
3,9,2,5,2,41.707,41707,-0.52,0.14,8.46,8.4771,-0.0033,-0.0087,0.0011,2.81,1.06,284.94,-0.4994,0.1112,9.3486,9.3626,P003_Weight_Stack_Seated_Leg_Extension_Releasing_Too_Fast_2_011 (1).csv
3,9,2,5,2,41.837,41837,-0.5,0.1,8.84,8.8547,-0.0098,0.0022,0.0076,2.81,1.13,284.94,-0.4995,0.1097,9.2816,9.2956,P003_Weight_Stack_Seated_Leg_Extension_Releasing_Too_Fast_2_011 (1).csv
3,10,2,5,2,41.968,41968,-0.57,0.01,9.34,9.3574,-0.0175,-0.0185,-0.0033,2.88,1.25,284.94,-0.5088,0.0966,9.2893,9.3037,P003_Weight_Stack_Seated_Leg_Extension_Releasing_Too_Fast_2_011 (1).csv
3,10,2,5,2,42.145,42145,-0.32,0.09,11.0,11.005,0.012,0.0175,0.0,2.88,1.38,284.94,-0.4839,0.0957,9.5147,9.5275,P003_Weight_Stack_Seated_Leg_Extension_Releasing_Too_Fast_2_011 (1).csv
3,10,2,5,2,42.276,42276,-0.72,-0.13,10.52,10.5454,-0.0262,-0.0338,0.0207,2.88,1.44,284.88,-0.515,0.066,9.6472,9.6611,P003_Weight_Stack_Seated_Leg_Extension_Releasing_Too_Fast_2_011 (1).csv
3,10,2,5,2,42.407,42407,-0.45,0.35,10.29,10.3058,-0.0131,0.0829,-0.0076,2.81,1.5,284.88,-0.5064,0.1034,9.7319,9.7456,P003_Weight_Stack_Seated_Leg_Extension_Releasing_Too_Fast_2_011 (1).csv
3,10,2,5,2,42.537,42537,-0.86,0.26,9.32,9.3632,-0.0109,0.0055,-0.0022,2.63,1.5,284.88,-0.553,0.124,9.6776,9.6942,P003_Weight_Stack_Seated_Leg_Extension_Releasing_Too_Fast_2_011 (1).csv
3,10,2,5,2,42.667,42667,-0.71,0.13,9.09,9.1186,-0.0175,-0.0535,0.0044,2.94,1.5,284.88,-0.5737,0.1248,9.6002,9.6181,P003_Weight_Stack_Seated_Leg_Extension_Releasing_Too_Fast_2_011 (1).csv
3,10,2,5,2,42.798,42798,-0.56,0.08,9.67,9.6865,-0.0011,0.0251,-0.0044,2.81,1.5,284.88,-0.5719,0.1189,9.6094,9.6271,P003_Weight_Stack_Seated_Leg_Extension_Releasing_Too_Fast_2_011 (1).csv
3,10,2,5,2,42.928,42928,-0.89,0.51,9.74,9.7939,-0.0491,0.012,-0.0284,2.88,1.56,284.81,-0.6138,0.1704,9.6266,9.6476,P003_Weight_Stack_Seated_Leg_Extension_Releasing_Too_Fast_2_011 (1).csv
3,10,2,5,2,43.059,43059,-0.66,0.36,9.63,9.6593,-0.0556,0.0142,-0.0153,2.63,1.56,284.81,-0.6199,0.1954,9.627,9.649,P003_Weight_Stack_Seated_Leg_Extension_Releasing_Too_Fast_2_011 (1).csv
3,10,2,5,2,43.231,43231,-0.55,0.07,9.24,9.2566,0.0164,-0.0142,-0.012,2.63,1.56,284.81,-0.6107,0.1789,9.576,9.5972,P003_Weight_Stack_Seated_Leg_Extension_Releasing_Too_Fast_2_011 (1).csv
3,10,2,5,2,43.361,43361,-1.01,0.28,9.81,9.8658,-0.0185,-0.0513,-0.0044,2.88,1.56,284.81,-0.6633,0.1922,9.6069,9.6317,P003_Weight_Stack_Seated_Leg_Extension_Releasing_Too_Fast_2_011 (1).csv
3,10,2,5,2,43.491,43491,-0.48,0.17,9.66,9.6734,-0.0065,0.0087,-0.0044,2.88,1.5,284.81,-0.6392,0.1893,9.6139,9.6369,P003_Weight_Stack_Seated_Leg_Extension_Releasing_Too_Fast_2_011 (1).csv
3,10,2,5,2,43.621,43621,-0.55,0.15,9.83,9.8465,0.0109,0.0611,-0.0022,2.75,1.5,284.81,-0.6274,0.1841,9.6423,9.6645,P003_Weight_Stack_Seated_Leg_Extension_Releasing_Too_Fast_2_011 (1).csv
3,10,2,5,2,43.751,43751,-0.22,-0.08,9.65,9.6528,-0.0218,0.0175,-0.0044,2.63,1.56,284.81,-0.5737,0.1493,9.6434,9.6616,P003_Weight_Stack_Seated_Leg_Extension_Releasing_Too_Fast_2_011 (1).csv
3,10,2,5,2,43.881,43881,-0.54,0.14,10.72,10.7345,0.0,0.0065,0.012,2.63,1.5,284.81,-0.5693,0.1481,9.7852,9.8029,P003_Weight_Stack_Seated_Leg_Extension_Releasing_Too_Fast_2_011 (1).csv
3,10,2,5,2,44.011,44011,-0.49,0.19,10.04,10.0537,-0.0033,0.0175,-0.0033,2.63,1.44,284.81,-0.5588,0.1536,9.8188,9.8359,P003_Weight_Stack_Seated_Leg_Extension_Releasing_Too_Fast_2_011 (1).csv
3,10,2,5,2,44.141,44141,-0.52,0.13,9.68,9.6948,-0.0022,0.0044,0.0065,2.63,1.38,284.81,-0.5537,0.1505,9.8005,9.8173,P003_Weight_Stack_Seated_Leg_Extension_Releasing_Too_Fast_2_011 (1).csv
3,10,2,5,2,44.314,44314,-0.4,-0.02,9.24,9.2487,0.0393,-0.0087,0.0055,2.63,1.25,284.81,-0.5335,0.128,9.7267,9.7421,P003_Weight_Stack_Seated_Leg_Extension_Releasing_Too_Fast_2_011 (1).csv
3,10,2,5,2,44.444,44444,-0.5,0.14,8.9,8.9151,0.0055,-0.0098,-0.0055,2.69,1.19,284.81,-0.5291,0.1296,9.6177,9.6331,P003_Weight_Stack_Seated_Leg_Extension_Releasing_Too_Fast_2_011 (1).csv
3,10,2,5,2,44.575,44575,-0.43,0.0,8.69,8.7006,0.012,0.0076,-0.0033,2.75,1.19,284.81,-0.516,0.1125,9.4955,9.5101,P003_Weight_Stack_Seated_Leg_Extension_Releasing_Too_Fast_2_011 (1).csv
3,10,2,5,2,44.706,44706,-0.29,0.08,8.73,8.7352,-0.012,0.0065,0.0,2.63,1.13,284.81,-0.4862,0.1082,9.3946,9.4078,P003_Weight_Stack_Seated_Leg_Extension_Releasing_Too_Fast_2_011 (1).csv
3,10,2,5,2,44.837,44837,-0.44,0.07,9.49,9.5005,0.0033,0.0011,-0.0087,2.63,1.13,284.81,-0.4801,0.1032,9.4072,9.42,P003_Weight_Stack_Seated_Leg_Extension_Releasing_Too_Fast_2_011 (1).csv
3,10,2,5,2,44.968,44968,-0.47,0.18,9.48,9.4933,-0.0022,-0.0022,-0.0022,2.63,1.06,284.81,-0.4788,0.1133,9.4168,9.4296,P003_Weight_Stack_Seated_Leg_Extension_Releasing_Too_Fast_2_011 (1).csv
3,10,2,5,2,45.101,45101,-0.42,0.07,9.55,9.5595,-0.0044,0.0044,-0.0011,2.63,1.06,284.88,-0.471,0.1076,9.4343,9.4467,P003_Weight_Stack_Seated_Leg_Extension_Releasing_Too_Fast_2_011 (1).csv
3,10,2,5,2,45.232,45232,-0.51,0.09,9.35,9.3643,-0.0142,-0.0371,0.0033,2.75,1.0,284.88,-0.4762,0.1053,9.4232,9.4358,P003_Weight_Stack_Seated_Leg_Extension_Releasing_Too_Fast_2_011 (1).csv
3,10,2,5,2,45.405,45405,-0.51,0.1,9.57,9.5841,-0.0033,-0.0011,-0.0022,2.81,1.0,284.88,-0.4806,0.1046,9.4426,9.4554,P003_Weight_Stack_Seated_Leg_Extension_Releasing_Too_Fast_2_011 (1).csv
3,10,2,5,2,45.535,45535,-0.51,0.04,8.99,9.0045,-0.0065,0.0109,0.0,2.81,1.0,284.81,-0.4845,0.0961,9.3829,9.3959,P003_Weight_Stack_Seated_Leg_Extension_Releasing_Too_Fast_2_011 (1).csv
3,10,2,5,2,45.666,45666,-0.54,0.16,8.26,8.2792,-0.0371,0.0,-0.0055,2.81,1.06,284.81,-0.4918,0.1045,9.2349,9.2486,P003_Weight_Stack_Seated_Leg_Extension_Releasing_Too_Fast_2_011 (1).csv
3,10,2,5,2,45.796,45796,-0.52,0.26,8.43,8.45,-0.0251,0.012,-0.0109,2.81,1.13,284.81,-0.4955,0.125,9.1289,9.1432,P003_Weight_Stack_Seated_Leg_Extension_Releasing_Too_Fast_2_011 (1).csv
3,10,2,5,2,45.926,45926,-0.5,0.29,10.38,10.3961,-0.0142,0.0055,-0.0109,2.81,1.25,284.88,-0.4961,0.1467,9.2937,9.3081,P003_Weight_Stack_Seated_Leg_Extension_Releasing_Too_Fast_2_011 (1).csv
3,10,2,5,2,46.056,46056,-0.27,0.09,10.82,10.8237,0.0415,0.0109,0.0055,2.81,1.31,284.81,-0.4663,0.1393,9.4949,9.5073,P003_Weight_Stack_Seated_Leg_Extension_Releasing_Too_Fast_2_011 (1).csv
3,10,2,5,2,46.187,46187,-0.79,0.03,9.93,9.9614,-0.048,-0.0633,0.0044,2.81,1.38,284.81,-0.509,0.1249,9.5522,9.5666,P003_Weight_Stack_Seated_Leg_Extension_Releasing_Too_Fast_2_011 (1).csv
3,10,2,5,2,46.317,46317,-0.76,3.1,8.73,9.2952,-0.0393,0.012,-0.1069,2.69,1.75,284.81,-0.5421,0.5169,9.4439,9.4735,P003_Weight_Stack_Seated_Leg_Extension_Releasing_Too_Fast_2_011 (1).csv
3,10,2,5,2,46.49,46490,-0.54,0.42,10.35,10.3726,-0.0142,0.0916,-0.0164,2.75,1.5,284.69,-0.5418,0.5041,9.5633,9.5919,P003_Weight_Stack_Seated_Leg_Extension_Releasing_Too_Fast_2_011 (1).csv
3,10,2,5,2,46.621,46621,-0.58,0.33,9.3,9.3239,-0.0371,-0.0011,0.0338,2.56,1.75,284.69,-0.5468,0.4812,9.5286,9.5564,P003_Weight_Stack_Seated_Leg_Extension_Releasing_Too_Fast_2_011 (1).csv
2,1,2,5,2,0.0,0,-0.46,0.11,9.68,9.6915,-0.0055,0.0022,0.0065,2.75,0.56,283.25,-0.553,0.0813,9.5957,9.612,P003_Weight_Stack_Seated_Leg_Extension_Releasing_Too_Fast_2_011 (2).csv
2,1,2,5,2,0.13,130,-0.62,0.05,9.69,9.7099,0.012,-0.0175,0.0033,2.88,0.5,283.25,-0.5618,0.0771,9.6081,9.6249,P003_Weight_Stack_Seated_Leg_Extension_Releasing_Too_Fast_2_011 (2).csv
2,1,2,5,2,0.26,260,-0.46,-0.11,9.51,9.5218,-0.0578,0.0033,0.0436,2.75,1.13,283.31,-0.5484,0.0525,9.5952,9.611,P003_Weight_Stack_Seated_Leg_Extension_Releasing_Too_Fast_2_011 (2).csv
2,1,2,5,2,0.39,390,-0.46,0.39,9.44,9.4592,0.156,-0.0076,-0.0578,2.81,0.94,283.19,-0.5368,0.097,9.5748,9.5903,P003_Weight_Stack_Seated_Leg_Extension_Releasing_Too_Fast_2_011 (2).csv
2,1,2,5,2,0.52,520,-0.52,0.12,9.83,9.8445,-0.0076,0.0175,-0.0567,2.94,0.5,283.31,-0.5346,0.1,9.6084,9.6238,P003_Weight_Stack_Seated_Leg_Extension_Releasing_Too_Fast_2_011 (2).csv
2,1,2,5,2,0.693,693,-0.54,0.18,9.57,9.5869,-0.048,-0.0524,-0.0164,2.69,1.19,283.25,-0.5353,0.1105,9.6033,9.6189,P003_Weight_Stack_Seated_Leg_Extension_Releasing_Too_Fast_2_011 (2).csv
2,1,2,5,2,0.823,823,-0.49,-0.07,9.6,9.6128,0.0731,0.0087,-0.0415,2.88,0.88,283.19,-0.5293,0.0868,9.6029,9.6179,P003_Weight_Stack_Seated_Leg_Extension_Releasing_Too_Fast_2_011 (2).csv
2,1,2,5,2,0.953,953,-0.03,1.06,9.04,9.102,-0.0273,-0.0022,-0.0251,2.75,1.31,283.19,-0.4635,0.215,9.5287,9.5424,P003_Weight_Stack_Seated_Leg_Extension_Releasing_Too_Fast_2_011 (2).csv
2,1,2,5,2,1.083,1083,-0.52,0.25,9.81,9.827,-0.0556,0.0785,-0.012,2.69,1.0,283.13,-0.471,0.2196,9.5658,9.5799,P003_Weight_Stack_Seated_Leg_Extension_Releasing_Too_Fast_2_011 (2).csv
2,1,2,5,2,1.213,1213,-0.37,-0.16,10.27,10.2779,0.0131,0.0098,0.0022,2.69,1.06,283.13,-0.4577,0.1696,9.6586,9.6709,P003_Weight_Stack_Seated_Leg_Extension_Releasing_Too_Fast_2_011 (2).csv
2,1,2,5,2,1.343,1343,-0.53,0.11,10.15,10.1644,0.0065,-0.0109,0.0044,2.69,1.0,283.13,-0.4672,0.1617,9.7233,9.7359,P003_Weight_Stack_Seated_Leg_Extension_Releasing_Too_Fast_2_011 (2).csv
2,1,2,5,2,1.473,1473,-0.53,0.16,9.73,9.7457,0.0098,0.0055,0.0055,2.69,1.0,283.13,-0.4755,0.1615,9.7242,9.7372,P003_Weight_Stack_Seated_Leg_Extension_Releasing_Too_Fast_2_011 (2).csv
2,1,2,5,2,1.603,1603,-0.5,0.12,9.73,9.7436,0.0131,-0.0142,0.0011,2.75,1.0,283.13,-0.4787,0.156,9.725,9.738,P003_Weight_Stack_Seated_Leg_Extension_Releasing_Too_Fast_2_011 (2).csv
2,1,2,5,2,1.776,1776,-0.53,0.12,9.56,9.5754,0.0109,0.0033,-0.0033,2.81,0.88,283.13,-0.4855,0.1513,9.7032,9.7166,P003_Weight_Stack_Seated_Leg_Extension_Releasing_Too_Fast_2_011 (2).csv
2,1,2,5,2,1.906,1906,-0.62,0.08,9.24,9.2611,0.012,-0.0087,0.0011,2.81,0.88,283.13,-0.5032,0.1419,9.6422,9.6564,P003_Weight_Stack_Seated_Leg_Extension_Releasing_Too_Fast_2_011 (2).csv
2,1,2,5,2,2.036,2036,-0.62,0.18,9.24,9.2625,0.0,-0.0109,-0.0109,2.88,0.81,283.13,-0.5186,0.1469,9.5892,9.6043,P003_Weight_Stack_Seated_Leg_Extension_Releasing_Too_Fast_2_011 (2).csv
2,1,2,5,2,2.166,2166,-0.57,0.01,9.26,9.2775,0.0087,0.0055,0.0022,2.88,0.81,283.13,-0.5254,0.1289,9.5458,9.5611,P003_Weight_Stack_Seated_Leg_Extension_Releasing_Too_Fast_2_011 (2).csv
2,1,2,5,2,2.296,2296,-0.58,0.15,9.21,9.2295,-0.0055,0.0022,-0.0044,2.88,0.81,283.06,-0.5326,0.1317,9.5016,9.5174,P003_Weight_Stack_Seated_Leg_Extension_Releasing_Too_Fast_2_011 (2).csv
2,1,2,5,2,2.426,2426,-0.53,0.1,9.07,9.086,-0.0098,0.0033,-0.0055,2.88,0.81,283.06,-0.5322,0.1275,9.4447,9.4605,P003_Weight_Stack_Seated_Leg_Extension_Releasing_Too_Fast_2_011 (2).csv
2,1,2,5,2,2.556,2556,-0.59,0.09,9.53,9.5487,-0.0011,0.0393,-0.0044,2.81,0.81,283.06,-0.5398,0.1225,9.4559,9.4721,P003_Weight_Stack_Seated_Leg_Extension_Releasing_Too_Fast_2_011 (2).csv
2,1,2,5,2,2.686,2686,-0.59,0.15,9.68,9.6991,0.0076,-0.1047,-0.0022,2.81,0.75,283.13,-0.5464,0.1262,9.4855,9.502,P003_Weight_Stack_Seated_Leg_Extension_Releasing_Too_Fast_2_011 (2).csv
2,1,2,5,2,2.861,2861,-0.42,0.13,9.14,9.1506,-0.0109,0.0327,-0.0011,2.81,0.81,283.06,-0.5298,0.1267,9.4399,9.4556,P003_Weight_Stack_Seated_Leg_Extension_Releasing_Too_Fast_2_011 (2).csv
2,1,2,5,2,2.992,2992,-0.54,0.13,8.23,8.2487,0.0087,-0.0469,0.0033,2.75,0.88,283.06,-0.5311,0.1271,9.2805,9.2966,P003_Weight_Stack_Seated_Leg_Extension_Releasing_Too_Fast_2_011 (2).csv
2,1,2,5,2,3.126,3126,-0.41,0.26,8.56,8.5738,-0.0196,0.0207,0.0022,2.88,0.88,283.06,-0.5152,0.1446,9.1856,9.2011,P003_Weight_Stack_Seated_Leg_Extension_Releasing_Too_Fast_2_011 (2).csv
2,1,2,5,2,3.257,3257,-0.49,0.09,10.9,10.9114,-0.0207,-0.0109,0.0022,2.88,1.0,283.06,-0.5119,0.1374,9.4115,9.4264,P003_Weight_Stack_Seated_Leg_Extension_Releasing_Too_Fast_2_011 (2).csv
2,1,2,5,2,3.387,3387,-0.58,0.11,12.15,12.1643,-0.0131,-0.0142,0.0011,3.06,1.06,283.06,-0.5208,0.1338,9.7723,9.7871,P003_Weight_Stack_Seated_Leg_Extension_Releasing_Too_Fast_2_011 (2).csv
2,1,2,5,2,3.518,3518,-0.75,0.11,10.93,10.9563,0.0022,0.0065,-0.0065,2.94,1.06,283.06,-0.551,0.1307,9.9249,9.941,P003_Weight_Stack_Seated_Leg_Extension_Releasing_Too_Fast_2_011 (2).csv
2,2,2,5,2,3.648,3648,-0.6,0.16,9.78,9.7997,-0.0098,0.0185,0.0011,2.94,1.06,283.06,-0.5575,0.1345,9.9058,9.9224,P003_Weight_Stack_Seated_Leg_Extension_Releasing_Too_Fast_2_011 (2).csv
2,2,2,5,2,3.778,3778,-0.44,0.19,9.39,9.4022,-0.0055,-0.0022,0.0,2.69,1.06,283.06,-0.542,0.1418,9.8378,9.8538,P003_Weight_Stack_Seated_Leg_Extension_Releasing_Too_Fast_2_011 (2).csv
2,2,2,5,2,3.951,3951,-0.6,0.16,9.64,9.66,0.0251,-0.0567,0.0098,3.0,1.0,283.06,-0.5496,0.1442,9.8118,9.8282,P003_Weight_Stack_Seated_Leg_Extension_Releasing_Too_Fast_2_011 (2).csv
2,2,2,5,2,4.082,4082,-0.65,0.12,9.46,9.4831,0.0011,-0.024,0.0033,3.06,1.06,283.06,-0.5629,0.141,9.7654,9.7826,P003_Weight_Stack_Seated_Leg_Extension_Releasing_Too_Fast_2_011 (2).csv
2,2,2,5,2,4.212,4212,-0.5,0.17,9.51,9.5247,-0.0011,0.0153,-0.0055,3.0,1.06,283.06,-0.5546,0.1449,9.7318,9.7486,P003_Weight_Stack_Seated_Leg_Extension_Releasing_Too_Fast_2_011 (2).csv
2,2,2,5,2,4.343,4343,-0.51,0.16,9.71,9.7247,-0.0022,0.0,0.0,3.0,1.06,283.06,-0.5487,0.1469,9.7289,9.7455,P003_Weight_Stack_Seated_Leg_Extension_Releasing_Too_Fast_2_011 (2).csv
2,2,2,5,2,4.478,4478,-0.59,0.17,9.57,9.5897,0.0,-0.0011,0.0011,3.0,1.06,283.06,-0.5542,0.1499,9.7079,9.7249,P003_Weight_Stack_Seated_Leg_Extension_Releasing_Too_Fast_2_011 (2).csv
2,2,2,5,2,4.61,4610,-0.52,0.16,9.61,9.6254,0.0,0.0502,0.0011,2.81,1.06,283.06,-0.5496,0.1512,9.695,9.7118,P003_Weight_Stack_Seated_Leg_Extension_Releasing_Too_Fast_2_011 (2).csv
2,2,2,5,2,4.74,4740,-0.58,0.13,9.57,9.5884,0.0,-0.0055,-0.0011,2.81,1.06,283.06,-0.5536,0.1484,9.6786,9.6955,P003_Weight_Stack_Seated_Leg_Extension_Releasing_Too_Fast_2_011 (2).csv
2,2,2,5,2,4.871,4871,-0.46,0.15,10.01,10.0217,0.0055,-0.0164,-0.0033,2.81,1.06,283.06,-0.5413,0.1486,9.7222,9.7384,P003_Weight_Stack_Seated_Leg_Extension_Releasing_Too_Fast_2_011 (2).csv
2,2,2,5,2,5.044,5044,-0.52,0.14,10.61,10.6237,0.0022,0.0207,0.0055,2.88,1.06,283.06,-0.5385,0.1475,9.8392,9.8551,P003_Weight_Stack_Seated_Leg_Extension_Releasing_Too_Fast_2_011 (2).csv
2,2,2,5,2,5.179,5179,-0.41,0.17,10.15,10.1597,0.0098,-0.0164,0.0033,2.81,1.06,283.06,-0.5216,0.1505,9.8802,9.8951,P003_Weight_Stack_Seated_Leg_Extension_Releasing_Too_Fast_2_011 (2).csv
2,2,2,5,2,5.312,5312,-0.55,0.19,9.23,9.2483,0.0164,-0.0055,0.0055,2.94,0.94,283.06,-0.5253,0.1557,9.7945,9.8098,P003_Weight_Stack_Seated_Leg_Extension_Releasing_Too_Fast_2_011 (2).csv
2,2,2,5,2,5.442,5442,-0.57,0.23,9.04,9.0609,0.0044,-0.0142,-0.0065,2.94,0.88,283.06,-0.5312,0.1655,9.6951,9.711,P003_Weight_Stack_Seated_Leg_Extension_Releasing_Too_Fast_2_011 (2).csv
2,2,2,5,2,5.573,5573,-0.58,0.11,7.83,7.8522,-0.0087,-0.0022,-0.0055,3.0,0.81,283.06,-0.5376,0.1582,9.4493,9.4659,P003_Weight_Stack_Seated_Leg_Extension_Releasing_Too_Fast_2_011 (2).csv
2,2,2,5,2,5.703,5703,-0.47,0.15,8.22,8.2348,-0.0055,0.0044,-0.0011,3.0,0.81,283.06,-0.5287,0.1571,9.2873,9.3037,P003_Weight_Stack_Seated_Leg_Extension_Releasing_Too_Fast_2_011 (2).csv
2,2,2,5,2,5.833,5833,-0.32,0.15,9.33,9.3367,-0.0022,-0.0098,-0.0087,3.0,0.81,283.06,-0.5012,0.1562,9.2929,9.3078,P003_Weight_Stack_Seated_Leg_Extension_Releasing_Too_Fast_2_011 (2).csv
2,2,2,5,2,5.963,5963,-1.52,0.5,10.45,10.5718,0.0065,0.1134,0.0153,2.81,0.81,283.06,-0.6355,0.2015,9.4454,9.4689,P003_Weight_Stack_Seated_Leg_Extension_Releasing_Too_Fast_2_011 (2).csv
2,2,2,5,2,6.136,6136,-0.34,-0.05,9.78,9.786,0.0033,0.0196,-0.0022,2.94,0.75,283.06,-0.5965,0.1683,9.4895,9.5097,P003_Weight_Stack_Seated_Leg_Extension_Releasing_Too_Fast_2_011 (2).csv
2,2,2,5,2,6.266,6266,-0.44,0.22,9.3,9.313,-0.0055,0.0185,-0.0022,2.94,0.75,283.06,-0.5759,0.1751,9.4645,9.4837,P003_Weight_Stack_Seated_Leg_Extension_Releasing_Too_Fast_2_011 (2).csv
2,2,2,5,2,6.397,6397,-0.62,0.18,8.94,8.9633,-0.0076,-0.0295,0.0011,2.94,0.75,283.06,-0.5817,0.1758,9.3954,9.415,P003_Weight_Stack_Seated_Leg_Extension_Releasing_Too_Fast_2_011 (2).csv
2,2,2,5,2,6.527,6527,-0.32,0.23,7.7,7.7101,-0.0273,0.0327,0.0065,2.75,0.88,283.06,-0.5472,0.1829,9.172,9.1901,P003_Weight_Stack_Seated_Leg_Extension_Releasing_Too_Fast_2_011 (2).csv
2,2,2,5,2,6.658,6658,-0.43,0.18,8.67,8.6825,-0.0109,-0.0262,0.0076,2.94,0.88,283.06,-0.5318,0.1825,9.1058,9.1232,P003_Weight_Stack_Seated_Leg_Extension_Releasing_Too_Fast_2_011 (2).csv
2,2,2,5,2,6.789,6789,-0.64,0.19,10.7,10.7208,-0.0098,-0.0262,0.0098,2.94,1.0,283.06,-0.546,0.1835,9.3159,9.3337,P003_Weight_Stack_Seated_Leg_Extension_Releasing_Too_Fast_2_011 (2).csv
2,2,2,5,2,6.922,6922,-0.59,0.21,9.61,9.6304,0.0044,-0.0098,-0.0033,3.0,1.06,283.06,-0.5518,0.187,9.3547,9.3728,P003_Weight_Stack_Seated_Leg_Extension_Releasing_Too_Fast_2_011 (2).csv
2,2,2,5,2,7.053,7053,-0.08,0.38,11.42,11.4266,-0.0295,0.0404,0.0022,3.0,1.06,283.0,-0.4897,0.2124,9.6268,9.6416,P003_Weight_Stack_Seated_Leg_Extension_Releasing_Too_Fast_2_011 (2).csv
2,2,2,5,2,7.226,7226,-0.67,0.08,9.16,9.1848,-0.0218,0.0425,-0.0109,2.88,1.06,283.0,-0.5134,0.195,9.5653,9.5811,P003_Weight_Stack_Seated_Leg_Extension_Releasing_Too_Fast_2_011 (2).csv
2,2,2,5,2,7.357,7357,-0.4,0.1,9.01,9.0194,0.0087,-0.072,-0.0022,2.88,1.06,283.0,-0.4985,0.1825,9.4921,9.507,P003_Weight_Stack_Seated_Leg_Extension_Releasing_Too_Fast_2_011 (2).csv
2,2,2,5,2,7.487,7487,-0.48,0.18,9.61,9.6237,0.0011,-0.0022,-0.0055,3.06,1.06,283.0,-0.496,0.1821,9.5077,9.5223,P003_Weight_Stack_Seated_Leg_Extension_Releasing_Too_Fast_2_011 (2).csv
2,2,2,5,2,7.618,7618,-0.51,0.16,9.77,9.7846,-0.0033,0.0022,-0.0033,2.94,1.06,283.0,-0.4979,0.1792,9.5422,9.5569,P003_Weight_Stack_Seated_Leg_Extension_Releasing_Too_Fast_2_011 (2).csv
2,2,2,5,2,7.748,7748,-0.62,0.13,9.72,9.7406,0.0065,-0.012,0.0,3.0,1.06,283.0,-0.514,0.1727,9.5657,9.581,P003_Weight_Stack_Seated_Leg_Extension_Releasing_Too_Fast_2_011 (2).csv
2,2,2,5,2,7.878,7878,-0.46,0.19,9.44,9.4531,-0.0055,0.0327,-0.0011,2.81,1.06,283.0,-0.5069,0.175,9.5491,9.5641,P003_Weight_Stack_Seated_Leg_Extension_Releasing_Too_Fast_2_011 (2).csv
2,2,2,5,2,8.008,8008,-0.45,0.18,9.42,9.4325,0.0022,-0.0284,-0.0022,2.81,1.06,283.0,-0.4994,0.1757,9.5321,9.5468,P003_Weight_Stack_Seated_Leg_Extension_Releasing_Too_Fast_2_011 (2).csv
2,2,2,5,2,8.139,8139,-0.51,0.13,9.53,9.5445,-0.0022,0.0,-0.0022,3.0,1.06,283.0,-0.5008,0.1697,9.5318,9.5465,P003_Weight_Stack_Seated_Leg_Extension_Releasing_Too_Fast_2_011 (2).csv
2,2,2,5,2,8.312,8312,-0.52,0.15,9.48,9.4954,0.0011,-0.0131,-0.0011,3.0,1.06,283.0,-0.5033,0.1671,9.525,9.5397,P003_Weight_Stack_Seated_Leg_Extension_Releasing_Too_Fast_2_011 (2).csv
2,2,2,5,2,8.443,8443,-0.54,0.14,9.31,9.3267,-0.0055,0.0131,-0.0011,3.0,1.06,283.0,-0.5081,0.1635,9.4967,9.5116,P003_Weight_Stack_Seated_Leg_Extension_Releasing_Too_Fast_2_011 (2).csv
2,2,2,5,2,8.573,8573,-0.53,0.18,9.45,9.4666,0.0,-0.012,-0.0022,2.94,1.06,283.0,-0.511,0.1657,9.4905,9.5057,P003_Weight_Stack_Seated_Leg_Extension_Releasing_Too_Fast_2_011 (2).csv
2,2,2,5,2,8.709,8709,-0.54,0.17,9.56,9.5767,0.0011,-0.0022,0.0011,3.0,1.06,283.0,-0.5148,0.1662,9.4997,9.5151,P003_Weight_Stack_Seated_Leg_Extension_Releasing_Too_Fast_2_011 (2).csv
2,2,2,5,2,8.84,8840,-0.33,0.2,9.24,9.2481,-0.0098,0.0087,-0.0044,2.81,1.06,283.0,-0.4905,0.1707,9.4654,9.4797,P003_Weight_Stack_Seated_Leg_Extension_Releasing_Too_Fast_2_011 (2).csv
2,2,2,5,2,8.971,8971,-0.59,0.14,9.43,9.4495,0.0033,-0.0164,0.0055,3.0,1.0,283.0,-0.5036,0.1666,9.4608,9.4756,P003_Weight_Stack_Seated_Leg_Extension_Releasing_Too_Fast_2_011 (2).csv
2,2,2,5,2,9.101,9101,-0.32,0.11,9.76,9.7659,0.024,0.0273,-0.0142,2.94,1.06,283.0,-0.4794,0.1592,9.5002,9.5136,P003_Weight_Stack_Seated_Leg_Extension_Releasing_Too_Fast_2_011 (2).csv
2,2,2,5,2,9.231,9231,-0.39,0.37,10.11,10.1243,-0.0284,-0.0262,0.0567,2.81,1.31,283.13,-0.4676,0.187,9.5806,9.5938,P003_Weight_Stack_Seated_Leg_Extension_Releasing_Too_Fast_2_011 (2).csv
2,2,2,5,2,9.404,9404,-0.57,0.16,11.13,11.1457,-0.0033,-0.0185,0.0185,2.75,1.0,283.06,-0.4811,0.1834,9.7847,9.7983,P003_Weight_Stack_Seated_Leg_Extension_Releasing_Too_Fast_2_011 (2).csv
2,2,2,5,2,9.535,9535,-0.59,0.25,10.82,10.839,-0.0065,0.0,0.0044,2.81,1.0,283.06,-0.4955,0.1922,9.9212,9.9354,P003_Weight_Stack_Seated_Leg_Extension_Releasing_Too_Fast_2_011 (2).csv
2,3,2,5,2,9.666,9666,-0.48,0.11,9.7,9.7125,0.0284,-0.0142,0.0076,2.88,0.88,283.06,-0.4934,0.1814,9.892,9.906,P003_Weight_Stack_Seated_Leg_Extension_Releasing_Too_Fast_2_011 (2).csv
2,3,2,5,2,9.797,9797,-0.4,0.08,8.82,8.8294,0.0207,0.0098,-0.0022,3.0,0.75,283.06,-0.4811,0.168,9.7508,9.7641,P003_Weight_Stack_Seated_Leg_Extension_Releasing_Too_Fast_2_011 (2).csv
2,3,2,5,2,9.932,9932,-0.45,0.18,7.86,7.8749,-0.0022,0.0,-0.0076,3.0,0.69,283.06,-0.477,0.1696,9.5016,9.5151,P003_Weight_Stack_Seated_Leg_Extension_Releasing_Too_Fast_2_011 (2).csv
2,3,2,5,2,10.063,10063,-0.4,0.2,8.52,8.5317,0.0229,0.0033,0.0022,2.94,0.75,283.06,-0.4669,0.1736,9.3722,9.3855,P003_Weight_Stack_Seated_Leg_Extension_Releasing_Too_Fast_2_011 (2).csv
2,3,2,5,2,10.194,10194,-0.41,0.08,8.89,8.8998,-0.0065,0.0207,0.0044,2.94,0.63,283.06,-0.4594,0.1613,9.3087,9.3214,P003_Weight_Stack_Seated_Leg_Extension_Releasing_Too_Fast_2_011 (2).csv
2,3,2,5,2,10.324,10324,-0.27,0.22,9.6,9.6063,-0.0185,0.0065,-0.0065,2.63,0.75,283.06,-0.4344,0.169,9.3471,9.3587,P003_Weight_Stack_Seated_Leg_Extension_Releasing_Too_Fast_2_011 (2).csv
2,3,2,5,2,10.497,10497,-0.54,0.07,10.04,10.0548,0.0022,0.0044,-0.0076,2.94,0.69,283.06,-0.4483,0.156,9.4384,9.4503,P003_Weight_Stack_Seated_Leg_Extension_Releasing_Too_Fast_2_011 (2).csv
2,3,2,5,2,10.627,10627,-0.6,0.05,9.13,9.1498,-0.0022,0.0218,-0.0011,2.88,0.69,283.06,-0.4683,0.142,9.3978,9.4105,P003_Weight_Stack_Seated_Leg_Extension_Releasing_Too_Fast_2_011 (2).csv
2,3,2,5,2,10.76,10760,-0.47,0.17,8.83,8.8441,-0.0044,0.0164,-0.0011,2.94,0.69,283.06,-0.4685,0.1457,9.3229,9.3358,P003_Weight_Stack_Seated_Leg_Extension_Releasing_Too_Fast_2_011 (2).csv
2,3,2,5,2,10.895,10895,-0.34,0.16,8.21,8.2186,0.0,-0.0055,0.0033,2.81,0.69,283.06,-0.4516,0.1476,9.1763,9.1886,P003_Weight_Stack_Seated_Leg_Extension_Releasing_Too_Fast_2_011 (2).csv
2,3,2,5,2,11.026,11026,-0.5,0.33,8.9,8.9201,-0.0164,0.0065,0.0065,2.94,0.81,283.06,-0.458,0.1716,9.1399,9.153,P003_Weight_Stack_Seated_Leg_Extension_Releasing_Too_Fast_2_011 (2).csv
2,3,2,5,2,11.156,11156,-0.78,-0.14,9.51,9.543,0.0022,0.0175,-0.0098,3.0,0.88,283.06,-0.5004,0.1305,9.1886,9.2032,P003_Weight_Stack_Seated_Leg_Extension_Releasing_Too_Fast_2_011 (2).csv
2,3,2,5,2,11.286,11286,-0.97,-0.15,12.63,12.6681,-0.0524,0.024,-0.0229,3.13,0.94,283.0,-0.5623,0.0936,9.6421,9.659,P003_Weight_Stack_Seated_Leg_Extension_Releasing_Too_Fast_2_011 (2).csv
2,3,2,5,2,11.417,11417,-0.4,0.0,10.98,10.9873,0.036,-0.012,0.0098,2.94,0.94,283.0,-0.5409,0.0812,9.8184,9.8337,P003_Weight_Stack_Seated_Leg_Extension_Releasing_Too_Fast_2_011 (2).csv
2,3,2,5,2,11.592,11592,-0.53,0.32,9.34,9.3605,-0.0022,0.0349,0.0011,2.88,1.0,282.94,-0.5395,0.1127,9.7554,9.7709,P003_Weight_Stack_Seated_Leg_Extension_Releasing_Too_Fast_2_011 (2).csv
2,3,2,5,2,11.722,11722,-0.49,0.18,9.15,9.1649,0.0087,-0.0742,-0.0098,2.94,1.0,282.94,-0.533,0.1216,9.6756,9.691,P003_Weight_Stack_Seated_Leg_Extension_Releasing_Too_Fast_2_011 (2).csv
2,3,2,5,2,11.853,11853,-0.51,0.16,9.68,9.6947,-0.0033,-0.0022,0.0,3.06,1.0,283.0,-0.5299,0.1266,9.6762,9.6915,P003_Weight_Stack_Seated_Leg_Extension_Releasing_Too_Fast_2_011 (2).csv
2,3,2,5,2,11.988,11988,-0.47,0.12,9.72,9.7321,0.0,0.0175,-0.0022,2.94,1.0,283.0,-0.522,0.1258,9.682,9.6968,P003_Weight_Stack_Seated_Leg_Extension_Releasing_Too_Fast_2_011 (2).csv
2,3,2,5,2,12.118,12118,-0.57,0.14,9.62,9.6379,0.0109,-0.0098,0.0011,3.06,1.0,283.0,-0.5284,0.1276,9.6738,9.6891,P003_Weight_Stack_Seated_Leg_Extension_Releasing_Too_Fast_2_011 (2).csv
2,3,2,5,2,12.249,12249,-0.41,0.19,9.35,9.3609,-0.0076,0.0404,0.0,2.88,1.0,282.94,-0.5128,0.1359,9.6311,9.6457,P003_Weight_Stack_Seated_Leg_Extension_Releasing_Too_Fast_2_011 (2).csv
2,3,2,5,2,12.379,12379,-0.5,0.17,9.46,9.4747,0.012,-0.0524,-0.0033,2.94,1.0,282.94,-0.5111,0.1404,9.6086,9.6232,P003_Weight_Stack_Seated_Leg_Extension_Releasing_Too_Fast_2_011 (2).csv
2,3,2,5,2,12.509,12509,-0.61,0.18,9.67,9.6909,0.0,0.0065,0.0011,3.06,1.0,283.0,-0.5241,0.1456,9.6167,9.632,P003_Weight_Stack_Seated_Leg_Extension_Releasing_Too_Fast_2_011 (2).csv
2,3,2,5,2,12.682,12682,-0.52,0.16,9.53,9.5455,0.0011,0.0033,0.0022,3.06,1.0,283.0,-0.5236,0.1475,9.6053,9.6206,P003_Weight_Stack_Seated_Leg_Extension_Releasing_Too_Fast_2_011 (2).csv
2,3,2,5,2,12.812,12812,-0.5,0.18,9.58,9.5947,-0.0065,0.0316,0.0,2.94,1.0,282.94,-0.5205,0.1518,9.6019,9.6172,P003_Weight_Stack_Seated_Leg_Extension_Releasing_Too_Fast_2_011 (2).csv
2,3,2,5,2,12.942,12942,-0.48,0.17,9.63,9.6435,0.0044,-0.0273,-0.0011,2.88,1.0,282.94,-0.5151,0.1542,9.6056,9.6207,P003_Weight_Stack_Seated_Leg_Extension_Releasing_Too_Fast_2_011 (2).csv
2,3,2,5,2,13.072,13072,-0.56,0.17,9.72,9.7376,0.0011,0.0098,0.0011,3.0,1.0,283.0,-0.521,0.1563,9.6207,9.6361,P003_Weight_Stack_Seated_Leg_Extension_Releasing_Too_Fast_2_011 (2).csv
2,3,2,5,2,13.202,13202,-0.5,0.17,10.21,10.2236,0.0,0.0055,0.0022,2.88,1.0,282.94,-0.5183,0.1581,9.6984,9.7135,P003_Weight_Stack_Seated_Leg_Extension_Releasing_Too_Fast_2_011 (2).csv
2,3,2,5,2,13.332,13332,-0.59,0.14,10.08,10.0982,0.0065,-0.0142,0.0033,3.0,1.0,283.0,-0.5277,0.1557,9.7486,9.7642,P003_Weight_Stack_Seated_Leg_Extension_Releasing_Too_Fast_2_011 (2).csv
2,3,2,5,2,13.462,13462,-0.51,0.15,9.66,9.6746,0.0033,0.0185,0.0055,2.94,1.0,282.94,-0.5254,0.1549,9.737,9.7524,P003_Weight_Stack_Seated_Leg_Extension_Releasing_Too_Fast_2_011 (2).csv
2,3,2,5,2,13.592,13592,-0.52,0.17,9.11,9.1264,0.0175,-0.0327,0.0022,3.0,0.94,283.0,-0.5247,0.1569,9.6543,9.6699,P003_Weight_Stack_Seated_Leg_Extension_Releasing_Too_Fast_2_011 (2).csv
2,3,2,5,2,13.765,13765,-0.54,0.16,9.53,9.5466,0.0065,0.0055,0.0044,3.13,0.88,283.0,-0.5267,0.1573,9.638,9.6536,P003_Weight_Stack_Seated_Leg_Extension_Releasing_Too_Fast_2_011 (2).csv
2,3,2,5,2,13.896,13896,-0.48,0.13,9.52,9.533,0.0055,0.0044,0.0,3.13,0.88,283.0,-0.5205,0.1537,9.6224,9.6377,P003_Weight_Stack_Seated_Leg_Extension_Releasing_Too_Fast_2_011 (2).csv
2,3,2,5,2,14.03,14030,-0.51,0.17,9.44,9.4553,0.0033,-0.0033,-0.0076,3.13,0.88,283.0,-0.5192,0.1559,9.5984,9.6137,P003_Weight_Stack_Seated_Leg_Extension_Releasing_Too_Fast_2_011 (2).csv
2,3,2,5,2,14.163,14163,-0.48,0.23,9.63,9.6447,0.0033,-0.0109,-0.0076,3.13,0.88,283.0,-0.514,0.1656,9.6025,9.6177,P003_Weight_Stack_Seated_Leg_Extension_Releasing_Too_Fast_2_011 (2).csv
2,3,2,5,2,14.294,14294,-0.5,0.18,9.51,9.5248,-0.0044,-0.0142,-0.0011,3.13,0.88,283.0,-0.5122,0.1675,9.5903,9.6055,P003_Weight_Stack_Seated_Leg_Extension_Releasing_Too_Fast_2_011 (2).csv
2,3,2,5,2,14.424,14424,-0.56,0.15,8.81,8.8291,0.0098,0.0055,0.0,3.13,0.88,283.0,-0.5185,0.1652,9.4875,9.5031,P003_Weight_Stack_Seated_Leg_Extension_Releasing_Too_Fast_2_011 (2).csv
2,3,2,5,2,14.555,14555,-0.53,0.1,9.38,9.3955,0.0087,0.0218,0.0011,3.06,0.81,283.0,-0.52,0.1566,9.4734,9.4889,P003_Weight_Stack_Seated_Leg_Extension_Releasing_Too_Fast_2_011 (2).csv
2,3,2,5,2,14.685,14685,-0.39,0.09,10.0,10.008,0.0153,-0.0295,0.0011,2.81,0.88,283.0,-0.5028,0.1478,9.5427,9.5571,P003_Weight_Stack_Seated_Leg_Extension_Releasing_Too_Fast_2_011 (2).csv
2,3,2,5,2,14.858,14858,-0.67,0.06,9.51,9.5338,0.0033,0.0076,-0.0033,3.13,0.81,283.0,-0.5249,0.1363,9.5384,9.5538,P003_Weight_Stack_Seated_Leg_Extension_Releasing_Too_Fast_2_011 (2).csv
2,3,2,5,2,14.988,14988,-0.45,0.15,7.64,7.6547,-0.0098,0.0164,0.0,2.94,0.81,283.0,-0.515,0.1381,9.2883,9.3036,P003_Weight_Stack_Seated_Leg_Extension_Releasing_Too_Fast_2_011 (2).csv
2,3,2,5,2,15.122,15122,-0.42,0.16,7.67,7.6832,-0.0196,-0.0185,0.0011,3.13,0.88,283.0,-0.5025,0.141,9.075,9.09,P003_Weight_Stack_Seated_Leg_Extension_Releasing_Too_Fast_2_011 (2).csv
2,4,2,5,2,15.256,15256,-0.51,0.21,9.08,9.0967,-0.0164,-0.0142,0.0109,3.13,1.0,283.0,-0.5035,0.1501,9.0757,9.0909,P003_Weight_Stack_Seated_Leg_Extension_Releasing_Too_Fast_2_011 (2).csv
2,4,2,5,2,15.386,15386,-0.47,0.3,11.49,11.5035,-0.0316,-0.0338,0.0011,3.25,1.06,282.94,-0.4991,0.1698,9.3938,9.4086,P003_Weight_Stack_Seated_Leg_Extension_Releasing_Too_Fast_2_011 (2).csv
2,4,2,5,2,15.517,15517,-0.64,-0.05,10.47,10.4897,0.0098,0.0153,-0.0087,3.19,1.13,282.88,-0.5176,0.1409,9.5356,9.5507,P003_Weight_Stack_Seated_Leg_Extension_Releasing_Too_Fast_2_011 (2).csv
2,4,2,5,2,15.647,15647,-0.62,0.12,9.41,9.4312,0.0055,0.0022,0.0,3.19,1.13,282.88,-0.5311,0.1381,9.5191,9.5349,P003_Weight_Stack_Seated_Leg_Extension_Releasing_Too_Fast_2_011 (2).csv
2,4,2,5,2,15.777,15777,-0.51,0.2,9.24,9.2562,0.0033,-0.0164,0.0033,3.25,1.13,282.88,-0.5283,0.1463,9.4823,9.4981,P003_Weight_Stack_Seated_Leg_Extension_Releasing_Too_Fast_2_011 (2).csv
2,4,2,5,2,15.95,15950,-0.53,0.17,9.56,9.5762,0.0055,0.0109,0.0011,3.19,1.13,282.88,-0.5286,0.1494,9.4925,9.5084,P003_Weight_Stack_Seated_Leg_Extension_Releasing_Too_Fast_2_011 (2).csv
2,4,2,5,2,16.081,16081,-0.55,0.18,9.49,9.5076,0.0,-0.0033,-0.0033,3.19,1.13,282.88,-0.5314,0.1534,9.4922,9.5083,P003_Weight_Stack_Seated_Leg_Extension_Releasing_Too_Fast_2_011 (2).csv
2,4,2,5,2,16.212,16212,-0.52,0.18,9.54,9.5559,0.0011,-0.0022,-0.0011,3.19,1.13,282.88,-0.5299,0.1569,9.4985,9.5146,P003_Weight_Stack_Seated_Leg_Extension_Releasing_Too_Fast_2_011 (2).csv
2,4,2,5,2,16.344,16344,-0.42,0.18,9.3,9.3112,-0.0131,0.0458,-0.0011,2.94,1.13,282.88,-0.5154,0.16,9.4723,9.4877,P003_Weight_Stack_Seated_Leg_Extension_Releasing_Too_Fast_2_011 (2).csv
2,4,2,5,2,16.479,16479,-0.51,0.18,9.51,9.5254,0.0022,-0.0033,0.0022,2.94,1.19,282.88,-0.5147,0.1626,9.4773,9.4927,P003_Weight_Stack_Seated_Leg_Extension_Releasing_Too_Fast_2_011 (2).csv
2,4,2,5,2,16.61,16610,-0.48,0.19,9.7,9.7137,0.0011,0.0087,-0.0033,2.94,1.19,282.88,-0.5101,0.1662,9.5067,9.5218,P003_Weight_Stack_Seated_Leg_Extension_Releasing_Too_Fast_2_011 (2).csv
2,4,2,5,2,16.74,16740,-0.5,0.16,9.51,9.5245,0.0033,-0.0109,0.0011,3.0,1.19,282.88,-0.5088,0.1654,9.5071,9.5221,P003_Weight_Stack_Seated_Leg_Extension_Releasing_Too_Fast_2_011 (2).csv
2,4,2,5,2,16.87,16870,-0.51,0.15,9.76,9.7745,0.0022,0.0065,-0.0011,3.0,1.19,282.88,-0.5089,0.1634,9.5404,9.5554,P003_Weight_Stack_Seated_Leg_Extension_Releasing_Too_Fast_2_011 (2).csv
2,4,2,5,2,17.043,17043,-0.55,0.16,10.22,10.236,0.0022,0.0044,0.0011,3.0,1.19,282.88,-0.5144,0.1629,9.63,9.6451,P003_Weight_Stack_Seated_Leg_Extension_Releasing_Too_Fast_2_011 (2).csv
2,4,2,5,2,17.178,17178,-0.53,0.15,10.1,10.115,0.0076,-0.0033,0.0022,3.0,1.19,282.88,-0.5164,0.1612,9.6919,9.707,P003_Weight_Stack_Seated_Leg_Extension_Releasing_Too_Fast_2_011 (2).csv
2,4,2,5,2,17.311,17311,-0.55,0.16,9.63,9.647,0.0076,-0.0033,0.0044,3.0,1.13,282.88,-0.5208,0.1611,9.6838,9.6991,P003_Weight_Stack_Seated_Leg_Extension_Releasing_Too_Fast_2_011 (2).csv
2,4,2,5,2,17.441,17441,-0.48,0.15,9.19,9.2037,0.0098,-0.0251,0.0033,3.06,1.13,282.88,-0.5155,0.1596,9.6187,9.6338,P003_Weight_Stack_Seated_Leg_Extension_Releasing_Too_Fast_2_011 (2).csv
2,4,2,5,2,17.572,17572,-0.43,0.16,9.42,9.4312,0.0142,0.0109,0.0,3.13,1.06,282.88,-0.5042,0.1597,9.5925,9.6071,P003_Weight_Stack_Seated_Leg_Extension_Releasing_Too_Fast_2_011 (2).csv
2,4,2,5,2,17.702,17702,-0.43,0.13,9.08,9.0911,0.0,0.0011,-0.0055,3.06,1.06,282.88,-0.4944,0.1557,9.525,9.5391,P003_Weight_Stack_Seated_Leg_Extension_Releasing_Too_Fast_2_011 (2).csv
2,4,2,5,2,17.832,17832,-0.59,0.15,9.61,9.6293,0.0011,0.012,-0.0044,3.06,1.0,282.88,-0.507,0.155,9.5362,9.5509,P003_Weight_Stack_Seated_Leg_Extension_Releasing_Too_Fast_2_011 (2).csv
2,4,2,5,2,17.963,17963,-0.52,0.23,8.59,8.6088,-0.0055,-0.0033,-0.0044,3.06,1.0,282.88,-0.5087,0.1649,9.4115,9.4267,P003_Weight_Stack_Seated_Leg_Extension_Releasing_Too_Fast_2_011 (2).csv
2,4,2,5,2,18.136,18136,-0.56,0.14,9.18,9.1981,-0.0055,-0.0055,0.0033,3.06,0.94,282.88,-0.5155,0.1616,9.381,9.3965,P003_Weight_Stack_Seated_Leg_Extension_Releasing_Too_Fast_2_011 (2).csv
2,4,2,5,2,18.267,18267,-0.47,0.15,9.51,9.5228,-0.0164,0.0218,0.0,3.0,0.94,282.88,-0.5095,0.1601,9.398,9.4132,P003_Weight_Stack_Seated_Leg_Extension_Releasing_Too_Fast_2_011 (2).csv
2,4,2,5,2,18.398,18398,-0.46,0.16,9.47,9.4825,0.0055,-0.0436,0.0033,2.88,1.0,282.88,-0.503,0.1601,9.4075,9.4223,P003_Weight_Stack_Seated_Leg_Extension_Releasing_Too_Fast_2_011 (2).csv
2,4,2,5,2,18.533,18533,-0.59,0.18,9.15,9.1708,-0.0098,0.0109,-0.0076,3.06,0.94,282.88,-0.5144,0.1627,9.3735,9.3891,P003_Weight_Stack_Seated_Leg_Extension_Releasing_Too_Fast_2_011 (2).csv
2,4,2,5,2,18.665,18665,-0.43,0.18,8.37,8.383,-0.0044,-0.0055,0.0,2.88,1.0,282.88,-0.5033,0.165,9.2413,9.2565,P003_Weight_Stack_Seated_Leg_Extension_Releasing_Too_Fast_2_011 (2).csv
2,4,2,5,2,18.795,18795,-0.55,0.07,8.31,8.3285,-0.0022,-0.012,0.0153,3.13,1.0,282.94,-0.5095,0.1525,9.1186,9.1341,P003_Weight_Stack_Seated_Leg_Extension_Releasing_Too_Fast_2_011 (2).csv
2,5,2,5,2,18.925,18925,-0.52,0.15,10.5,10.5139,-0.0044,-0.0207,-0.0196,3.06,1.13,282.94,-0.5109,0.1521,9.3006,9.3159,P003_Weight_Stack_Seated_Leg_Extension_Releasing_Too_Fast_2_011 (2).csv
2,5,2,5,2,19.055,19055,-0.65,-0.03,11.44,11.4585,-0.0131,-0.0415,0.0055,3.19,1.19,282.88,-0.5292,0.1281,9.5825,9.598,P003_Weight_Stack_Seated_Leg_Extension_Releasing_Too_Fast_2_011 (2).csv
2,5,2,5,2,19.228,19228,-0.3,0.3,9.0,9.01,-0.0229,0.0164,-0.0055,3.19,1.25,282.81,-0.499,0.1508,9.5058,9.5201,P003_Weight_Stack_Seated_Leg_Extension_Releasing_Too_Fast_2_011 (2).csv
2,5,2,5,2,19.358,19358,-0.13,0.04,10.35,10.3509,0.0153,-0.0218,0.0033,3.19,1.25,282.81,-0.4504,0.1362,9.617,9.6285,P003_Weight_Stack_Seated_Leg_Extension_Releasing_Too_Fast_2_011 (2).csv
2,5,2,5,2,19.489,19489,-0.7,0.15,9.81,9.8361,0.0076,-0.0087,0.0011,3.25,1.25,282.81,-0.4833,0.138,9.6424,9.6555,P003_Weight_Stack_Seated_Leg_Extension_Releasing_Too_Fast_2_011 (2).csv
2,5,2,5,2,19.62,19620,-0.47,0.23,9.51,9.5244,-0.0196,0.0665,-0.0044,3.0,1.25,282.81,-0.4815,0.1501,9.625,9.6382,P003_Weight_Stack_Seated_Leg_Extension_Releasing_Too_Fast_2_011 (2).csv
2,5,2,5,2,19.75,19750,-0.51,0.2,9.48,9.4958,0.0022,-0.0033,0.0022,2.94,1.31,282.81,-0.4853,0.1567,9.6059,9.6194,P003_Weight_Stack_Seated_Leg_Extension_Releasing_Too_Fast_2_011 (2).csv
2,5,2,5,2,19.881,19881,-0.52,0.12,9.7,9.7147,0.0109,-0.0644,0.0011,3.13,1.25,282.81,-0.4898,0.1519,9.6183,9.632,P003_Weight_Stack_Seated_Leg_Extension_Releasing_Too_Fast_2_011 (2).csv
2,5,2,5,2,20.011,20011,-0.51,0.19,9.73,9.7452,0.0011,0.0,-0.0033,3.25,1.25,282.81,-0.4925,0.1569,9.633,9.6469,P003_Weight_Stack_Seated_Leg_Extension_Releasing_Too_Fast_2_011 (2).csv
2,5,2,5,2,20.144,20144,-0.56,0.17,9.61,9.6278,0.0022,0.0284,0.0011,3.19,1.25,282.81,-0.5014,0.1586,9.63,9.6443,P003_Weight_Stack_Seated_Leg_Extension_Releasing_Too_Fast_2_011 (2).csv
2,5,2,5,2,20.318,20318,-0.47,0.16,9.55,9.5629,0.0044,-0.0142,-0.0011,2.94,1.25,282.81,-0.4973,0.1588,9.6194,9.6336,P003_Weight_Stack_Seated_Leg_Extension_Releasing_Too_Fast_2_011 (2).csv
2,5,2,5,2,20.449,20449,-0.52,0.16,9.55,9.5655,0.0,0.0,-0.0011,3.06,1.25,282.81,-0.5003,0.159,9.6103,9.6246,P003_Weight_Stack_Seated_Leg_Extension_Releasing_Too_Fast_2_011 (2).csv
2,5,2,5,2,20.579,20579,-0.53,0.17,9.79,9.8058,-0.0055,0.024,0.0033,3.0,1.25,282.81,-0.5042,0.1604,9.634,9.6485,P003_Weight_Stack_Seated_Leg_Extension_Releasing_Too_Fast_2_011 (2).csv
2,5,2,5,2,20.709,20709,-0.51,0.17,10.22,10.2341,0.0055,-0.0207,0.0022,3.0,1.25,282.81,-0.5049,0.1617,9.7112,9.7257,P003_Weight_Stack_Seated_Leg_Extension_Releasing_Too_Fast_2_011 (2).csv
2,5,2,5,2,20.84,20840,-0.57,0.14,10.42,10.4365,0.0022,0.0175,0.0044,3.06,1.25,282.81,-0.5135,0.1588,9.8046,9.8193,P003_Weight_Stack_Seated_Leg_Extension_Releasing_Too_Fast_2_011 (2).csv
2,5,2,5,2,20.97,20970,-0.54,0.16,10.12,10.1357,0.0098,-0.0109,0.0065,2.94,1.25,282.81,-0.517,0.159,9.8462,9.861,P003_Weight_Stack_Seated_Leg_Extension_Releasing_Too_Fast_2_011 (2).csv
2,5,2,5,2,21.1,21100,-0.49,0.21,9.51,9.5249,0.0098,-0.0065,0.0011,3.06,1.19,282.81,-0.5134,0.1657,9.8019,9.8167,P003_Weight_Stack_Seated_Leg_Extension_Releasing_Too_Fast_2_011 (2).csv
2,5,2,5,2,21.231,21231,-0.66,0.1,9.0,9.0247,0.0142,-0.0153,-0.0011,3.13,1.06,282.81,-0.5328,0.157,9.6962,9.7121,P003_Weight_Stack_Seated_Leg_Extension_Releasing_Too_Fast_2_011 (2).csv
2,5,2,5,2,21.406,21406,-0.49,0.18,9.07,9.085,0.0131,0.0011,-0.0044,3.13,1.06,282.81,-0.5271,0.1601,9.6137,9.6295,P003_Weight_Stack_Seated_Leg_Extension_Releasing_Too_Fast_2_011 (2).csv
2,5,2,5,2,21.541,21541,-0.47,0.25,9.23,9.2453,-0.0076,-0.0044,0.0,3.13,1.0,282.81,-0.5196,0.1719,9.5631,9.5788,P003_Weight_Stack_Seated_Leg_Extension_Releasing_Too_Fast_2_011 (2).csv
2,5,2,5,2,21.672,21672,-0.48,0.18,8.61,8.6252,0.0,0.0022,0.0011,3.13,0.94,282.81,-0.5144,0.173,9.4375,9.4531,P003_Weight_Stack_Seated_Leg_Extension_Releasing_Too_Fast_2_011 (2).csv
2,5,2,5,2,21.802,21802,-0.57,0.05,9.96,9.9764,-0.0065,0.0567,0.0055,2.94,0.94,282.81,-0.5217,0.1568,9.5064,9.522,P003_Weight_Stack_Seated_Leg_Extension_Releasing_Too_Fast_2_011 (2).csv
2,5,2,5,2,21.932,21932,-0.64,0.05,9.79,9.811,0.0164,-0.0633,-0.0098,3.0,0.94,282.81,-0.5373,0.1427,9.5437,9.5599,P003_Weight_Stack_Seated_Leg_Extension_Releasing_Too_Fast_2_011 (2).csv
2,5,2,5,2,22.063,22063,-0.51,0.17,9.84,9.8547,0.0098,0.0142,0.0109,3.06,0.94,282.81,-0.5337,0.1463,9.5828,9.5988,P003_Weight_Stack_Seated_Leg_Extension_Releasing_Too_Fast_2_011 (2).csv
2,5,2,5,2,22.193,22193,-0.52,0.1,8.97,8.9856,0.0098,0.0164,-0.0011,3.06,0.94,282.81,-0.5319,0.1402,9.502,9.5179,P003_Weight_Stack_Seated_Leg_Extension_Releasing_Too_Fast_2_011 (2).csv
2,5,2,5,2,22.324,22324,-0.5,0.12,8.09,8.1063,-0.0022,-0.0055,-0.0022,2.94,1.0,282.81,-0.5277,0.1375,9.316,9.3319,P003_Weight_Stack_Seated_Leg_Extension_Releasing_Too_Fast_2_011 (2).csv
2,5,2,5,2,22.496,22496,-0.51,0.25,7.86,7.8805,-0.0131,-0.0033,0.0033,3.13,1.06,282.81,-0.5254,0.1524,9.1241,9.1405,P003_Weight_Stack_Seated_Leg_Extension_Releasing_Too_Fast_2_011 (2).csv
2,6,2,5,2,22.627,22627,-0.49,0.32,9.64,9.6577,-0.0153,0.012,-0.0273,3.13,1.13,282.81,-0.5207,0.1744,9.1921,9.2085,P003_Weight_Stack_Seated_Leg_Extension_Releasing_Too_Fast_2_011 (2).csv
2,6,2,5,2,22.757,22757,-0.22,0.12,11.65,11.6527,0.0076,-0.0076,0.0011,3.19,1.25,282.75,-0.4811,0.1673,9.516,9.5296,P003_Weight_Stack_Seated_Leg_Extension_Releasing_Too_Fast_2_011 (2).csv
2,6,2,5,2,22.888,22888,-0.47,0.16,10.67,10.6815,0.0262,0.0011,0.0033,3.13,1.25,282.75,-0.4796,0.1663,9.668,9.6814,P003_Weight_Stack_Seated_Leg_Extension_Releasing_Too_Fast_2_011 (2).csv
2,6,2,5,2,23.018,23018,-0.53,0.13,10.08,10.0948,-0.0087,0.0393,0.0,3.0,1.25,282.75,-0.4863,0.1615,9.7223,9.7358,P003_Weight_Stack_Seated_Leg_Extension_Releasing_Too_Fast_2_011 (2).csv
2,6,2,5,2,23.149,23149,-0.54,0.18,9.18,9.1976,0.0076,-0.0218,-0.0033,3.0,1.31,282.75,-0.4933,0.164,9.6509,9.6649,P003_Weight_Stack_Seated_Leg_Extension_Releasing_Too_Fast_2_011 (2).csv
2,6,2,5,2,23.28,23280,-0.47,0.22,9.24,9.2546,0.0011,-0.0175,-0.0011,3.06,1.31,282.75,-0.4903,0.1713,9.5967,9.6108,P003_Weight_Stack_Seated_Leg_Extension_Releasing_Too_Fast_2_011 (2).csv
2,6,2,5,2,23.415,23415,-0.52,0.14,9.19,9.2058,-0.0109,0.0109,0.0011,3.25,1.25,282.75,-0.4942,0.1672,9.5431,9.5574,P003_Weight_Stack_Seated_Leg_Extension_Releasing_Too_Fast_2_011 (2).csv
2,6,2,5,2,23.588,23588,-0.58,0.17,9.81,9.8286,0.0011,0.0033,-0.0011,3.19,1.31,282.75,-0.5055,0.1676,9.5783,9.5931,P003_Weight_Stack_Seated_Leg_Extension_Releasing_Too_Fast_2_011 (2).csv
2,6,2,5,2,23.718,23718,-0.51,0.14,9.48,9.4947,-0.0065,0.0687,0.0,3.06,1.31,282.75,-0.5061,0.1639,9.5653,9.5801,P003_Weight_Stack_Seated_Leg_Extension_Releasing_Too_Fast_2_011 (2).csv
2,6,2,5,2,23.848,23848,-0.46,0.24,9.43,9.4443,0.0055,-0.0229,-0.0011,2.94,1.31,282.75,-0.5,0.174,9.5475,9.5622,P003_Weight_Stack_Seated_Leg_Extension_Releasing_Too_Fast_2_011 (2).csv
2,6,2,5,2,23.978,23978,-0.48,0.2,9.54,9.5542,0.0,0.0087,-0.0022,3.06,1.31,282.75,-0.4974,0.1774,9.5465,9.5611,P003_Weight_Stack_Seated_Leg_Extension_Releasing_Too_Fast_2_011 (2).csv
2,6,2,5,2,24.108,24108,-0.47,0.21,9.91,9.9234,0.0033,-0.0109,-0.0011,3.0,1.31,282.75,-0.4938,0.1817,9.5944,9.6088,P003_Weight_Stack_Seated_Leg_Extension_Releasing_Too_Fast_2_011 (2).csv
2,6,2,5,2,24.238,24238,-0.57,0.19,10.42,10.4373,0.0011,0.0087,0.0044,3.06,1.31,282.75,-0.5038,0.1828,9.7032,9.718,P003_Weight_Stack_Seated_Leg_Extension_Releasing_Too_Fast_2_011 (2).csv
2,6,2,5,2,24.368,24368,-0.47,0.16,10.48,10.4918,0.0076,-0.0055,0.0065,3.0,1.31,282.75,-0.4994,0.1798,9.8056,9.8199,P003_Weight_Stack_Seated_Leg_Extension_Releasing_Too_Fast_2_011 (2).csv
2,6,2,5,2,24.499,24499,-0.53,0.18,10.08,10.0955,0.0098,0.0011,0.0065,3.06,1.25,282.75,-0.5034,0.1798,9.8417,9.8562,P003_Weight_Stack_Seated_Leg_Extension_Releasing_Too_Fast_2_011 (2).csv
2,6,2,5,2,24.672,24672,-0.66,0.2,9.57,9.5948,0.0087,-0.0207,0.0,3.19,1.13,282.75,-0.524,0.1825,9.8059,9.8216,P003_Weight_Stack_Seated_Leg_Extension_Releasing_Too_Fast_2_011 (2).csv
2,6,2,5,2,24.808,24808,-0.49,0.15,8.59,8.6053,0.0175,0.0065,0.0,3.19,1.06,282.75,-0.5195,0.1782,9.6457,9.6613,P003_Weight_Stack_Seated_Leg_Extension_Releasing_Too_Fast_2_011 (2).csv
2,6,2,5,2,24.94,24940,-0.5,0.1,8.32,8.3356,0.0033,-0.0098,-0.0065,3.19,1.0,282.75,-0.517,0.1679,9.471,9.4866,P003_Weight_Stack_Seated_Leg_Extension_Releasing_Too_Fast_2_011 (2).csv
2,6,2,5,2,25.07,25070,-0.65,0.14,9.2,9.224,0.0011,-0.0044,0.0022,3.19,1.0,282.75,-0.5345,0.1642,9.4353,9.4518,P003_Weight_Stack_Seated_Leg_Extension_Releasing_Too_Fast_2_011 (2).csv
2,6,2,5,2,25.2,25200,-0.69,-0.12,9.9,9.9247,-0.012,0.0796,0.0153,3.0,1.0,282.75,-0.555,0.1268,9.4965,9.5136,P003_Weight_Stack_Seated_Leg_Extension_Releasing_Too_Fast_2_011 (2).csv
2,6,2,5,2,25.331,25331,-0.62,0.16,9.8,9.8209,0.0185,-0.0567,0.0,3.06,1.0,282.75,-0.5636,0.1311,9.5365,9.5541,P003_Weight_Stack_Seated_Leg_Extension_Releasing_Too_Fast_2_011 (2).csv
2,6,2,5,2,25.461,25461,-0.51,0.13,9.2,9.215,0.0055,-0.0262,0.0065,3.13,1.0,282.75,-0.5565,0.131,9.4922,9.5094,P003_Weight_Stack_Seated_Leg_Extension_Releasing_Too_Fast_2_011 (2).csv
2,6,2,5,2,25.591,25591,-0.48,0.12,8.89,8.9038,-0.012,0.0164,-0.0011,3.13,1.0,282.75,-0.5464,0.1295,9.4128,9.4296,P003_Weight_Stack_Seated_Leg_Extension_Releasing_Too_Fast_2_011 (2).csv
2,6,2,5,2,25.764,25764,-0.45,0.07,8.25,8.2626,0.0153,-0.048,0.0044,3.0,1.06,282.75,-0.5337,0.1217,9.2596,9.2758,P003_Weight_Stack_Seated_Leg_Extension_Releasing_Too_Fast_2_011 (2).csv
2,6,2,5,2,25.895,25895,-0.51,0.1,8.09,8.1067,-0.0196,0.0098,-0.0044,3.19,1.13,282.75,-0.5306,0.1188,9.1055,9.1217,P003_Weight_Stack_Seated_Leg_Extension_Releasing_Too_Fast_2_011 (2).csv
2,7,2,5,2,26.031,26031,-0.42,0.05,10.82,10.8283,0.0033,-0.0273,-0.012,3.25,1.19,282.69,-0.516,0.1098,9.3314,9.3463,P003_Weight_Stack_Seated_Leg_Extension_Releasing_Too_Fast_2_011 (2).csv
2,7,2,5,2,26.162,26162,-0.71,0.14,11.66,11.6824,-0.0065,-0.0109,-0.0098,3.31,1.31,282.69,-0.5416,0.1138,9.6383,9.6541,P003_Weight_Stack_Seated_Leg_Extension_Releasing_Too_Fast_2_011 (2).csv
2,7,2,5,2,26.293,26293,-0.19,-0.5,9.39,9.4052,-0.1789,0.0338,0.0251,3.19,1.5,282.69,-0.4952,0.0329,9.6055,9.6184,P003_Weight_Stack_Seated_Leg_Extension_Releasing_Too_Fast_2_011 (2).csv
2,7,2,5,2,26.423,26423,-0.36,0.85,10.92,10.9589,0.3043,-0.1167,-0.2193,3.19,1.25,282.63,-0.4774,0.1406,9.7788,9.7914,P003_Weight_Stack_Seated_Leg_Extension_Releasing_Too_Fast_2_011 (2).csv
2,7,2,5,2,26.553,26553,-0.45,0.15,9.74,9.7515,0.06,-0.0327,0.0502,2.94,1.44,282.69,-0.4738,0.1418,9.7736,9.7861,P003_Weight_Stack_Seated_Leg_Extension_Releasing_Too_Fast_2_011 (2).csv
2,7,2,5,2,26.684,26684,-0.55,0.5,9.11,9.1403,-0.0011,0.0251,0.0065,3.0,1.38,282.63,-0.4839,0.189,9.6862,9.7001,P003_Weight_Stack_Seated_Leg_Extension_Releasing_Too_Fast_2_011 (2).csv
2,7,2,5,2,26.857,26857,-0.49,0.2,9.39,9.4049,-0.0044,-0.0065,0.0033,3.25,1.31,282.63,-0.4847,0.1904,9.6472,9.6612,P003_Weight_Stack_Seated_Leg_Extension_Releasing_Too_Fast_2_011 (2).csv
2,7,2,5,2,26.987,26987,-0.54,0.25,9.72,9.7382,-0.0076,0.0,0.0,3.25,1.31,282.63,-0.492,0.1983,9.6568,9.6713,P003_Weight_Stack_Seated_Leg_Extension_Releasing_Too_Fast_2_011 (2).csv
2,7,2,5,2,27.117,27117,-0.56,0.2,9.57,9.5885,-0.0022,0.0207,0.0,3.19,1.31,282.63,-0.5009,0.1985,9.6453,9.6604,P003_Weight_Stack_Seated_Leg_Extension_Releasing_Too_Fast_2_011 (2).csv
2,7,2,5,2,27.248,27248,-0.49,0.19,9.37,9.3847,0.0022,-0.0142,-0.0055,3.13,1.31,282.63,-0.4995,0.1974,9.609,9.624,P003_Weight_Stack_Seated_Leg_Extension_Releasing_Too_Fast_2_011 (2).csv
2,7,2,5,2,27.383,27383,-0.47,0.22,9.69,9.7039,-0.0044,0.0087,-0.0022,3.25,1.31,282.63,-0.4956,0.2004,9.6197,9.6346,P003_Weight_Stack_Seated_Leg_Extension_Releasing_Too_Fast_2_011 (2).csv
2,7,2,5,2,27.515,27515,-0.38,0.26,10.14,10.1504,-0.0076,0.0295,0.0022,2.81,1.31,282.63,-0.4804,0.2082,9.6883,9.7024,P003_Weight_Stack_Seated_Leg_Extension_Releasing_Too_Fast_2_011 (2).csv
2,7,2,5,2,27.646,27646,-0.52,0.14,10.6,10.6137,0.0055,-0.0164,0.0022,3.06,1.25,282.63,-0.4856,0.1992,9.8084,9.8225,P003_Weight_Stack_Seated_Leg_Extension_Releasing_Too_Fast_2_011 (2).csv
2,7,2,5,2,27.776,27776,-0.45,0.16,10.24,10.2511,0.0022,0.0109,0.0076,3.0,1.25,282.69,-0.4809,0.1941,9.8653,9.8789,P003_Weight_Stack_Seated_Leg_Extension_Releasing_Too_Fast_2_011 (2).csv
2,7,2,5,2,27.949,27949,-0.52,0.18,9.3,9.3163,0.0044,-0.0229,-0.0033,3.19,1.13,282.69,-0.4861,0.1922,9.7908,9.8047,P003_Weight_Stack_Seated_Leg_Extension_Releasing_Too_Fast_2_011 (2).csv
2,7,2,5,2,28.079,28079,-0.55,0.21,8.82,8.8396,0.0044,-0.0055,-0.0065,3.19,1.06,282.69,-0.4945,0.1946,9.6629,9.6775,P003_Weight_Stack_Seated_Leg_Extension_Releasing_Too_Fast_2_011 (2).csv
2,7,2,5,2,28.21,28210,-0.53,0.11,9.07,9.0861,0.0142,0.0087,-0.0098,3.19,1.0,282.69,-0.4992,0.1834,9.5847,9.5995,P003_Weight_Stack_Seated_Leg_Extension_Releasing_Too_Fast_2_011 (2).csv
2,7,2,5,2,28.341,28341,-0.52,0.24,9.01,9.0282,-0.0109,-0.0044,0.0044,3.19,1.0,282.63,-0.5019,0.1909,9.509,9.5242,P003_Weight_Stack_Seated_Leg_Extension_Releasing_Too_Fast_2_011 (2).csv
2,7,2,5,2,28.471,28471,-0.65,0.16,9.1,9.1246,0.0142,0.0175,-0.0022,3.13,1.0,282.63,-0.5214,0.1868,9.4551,9.4713,P003_Weight_Stack_Seated_Leg_Extension_Releasing_Too_Fast_2_011 (2).csv
2,7,2,5,2,28.607,28607,-0.26,0.21,9.73,9.7357,-0.0098,0.0196,-0.0022,3.06,1.0,282.63,-0.487,0.1899,9.4913,9.5057,P003_Weight_Stack_Seated_Leg_Extension_Releasing_Too_Fast_2_011 (2).csv
2,7,2,5,2,28.738,28738,-0.53,0.12,9.8,9.8151,0.0033,0.0044,0.0033,3.13,1.0,282.63,-0.4926,0.1807,9.532,9.5464,P003_Weight_Stack_Seated_Leg_Extension_Releasing_Too_Fast_2_011 (2).csv
2,7,2,5,2,28.869,28869,-0.4,0.14,8.57,8.5805,-0.0033,-0.0055,0.0055,3.13,1.0,282.63,-0.4804,0.1753,9.4052,9.4191,P003_Weight_Stack_Seated_Leg_Extension_Releasing_Too_Fast_2_011 (2).csv
2,7,2,5,2,29.041,29041,-0.26,0.23,9.02,9.0267,-0.0142,0.0011,0.0098,3.13,1.0,282.63,-0.4514,0.1825,9.3545,9.3671,P003_Weight_Stack_Seated_Leg_Extension_Releasing_Too_Fast_2_011 (2).csv
2,8,2,5,2,29.171,29171,-0.66,0.27,10.76,10.7836,-0.0011,-0.0098,0.0022,3.19,1.13,282.63,-0.4789,0.194,9.5397,9.5537,P003_Weight_Stack_Seated_Leg_Extension_Releasing_Too_Fast_2_011 (2).csv
2,8,2,5,2,29.302,29302,-0.76,0.4,11.06,11.0933,-0.0284,-0.0087,-0.0076,3.25,1.25,282.63,-0.5159,0.2212,9.74,9.7562,P003_Weight_Stack_Seated_Leg_Extension_Releasing_Too_Fast_2_011 (2).csv
2,8,2,5,2,29.432,29432,-0.38,0.39,11.92,11.9324,-0.0131,0.0251,-0.0087,3.25,1.31,282.63,-0.498,0.2434,10.0273,10.0426,P003_Weight_Stack_Seated_Leg_Extension_Releasing_Too_Fast_2_011 (2).csv
2,8,2,5,2,29.563,29563,-0.76,0.04,10.74,10.7669,0.0033,-0.0338,0.0033,3.19,1.25,282.56,-0.5325,0.2166,10.1212,10.1375,P003_Weight_Stack_Seated_Leg_Extension_Releasing_Too_Fast_2_011 (2).csv
2,8,2,5,2,29.694,29694,-0.52,0.15,10.25,10.2643,-0.0022,0.0262,-0.0033,3.13,1.25,282.56,-0.5309,0.2078,10.1382,10.1542,P003_Weight_Stack_Seated_Leg_Extension_Releasing_Too_Fast_2_011 (2).csv
2,8,2,5,2,29.826,29826,-0.53,0.14,8.95,8.9668,0.0011,-0.0087,0.0022,3.13,1.25,282.56,-0.5308,0.1989,9.9816,9.9977,P003_Weight_Stack_Seated_Leg_Extension_Releasing_Too_Fast_2_011 (2).csv
2,8,2,5,2,29.96,29960,-0.51,0.21,9.12,9.1367,0.0011,-0.0196,-0.0011,3.19,1.25,282.56,-0.528,0.2004,9.8681,9.8842,P003_Weight_Stack_Seated_Leg_Extension_Releasing_Too_Fast_2_011 (2).csv
2,8,2,5,2,30.133,30133,-0.56,0.15,9.58,9.5975,-0.0011,0.0109,0.0,3.19,1.25,282.56,-0.5322,0.1937,9.8301,9.8464,P003_Weight_Stack_Seated_Leg_Extension_Releasing_Too_Fast_2_011 (2).csv
2,8,2,5,2,30.263,30263,-0.5,0.18,9.7,9.7145,-0.0033,-0.0076,0.0011,3.19,1.25,282.56,-0.528,0.1919,9.813,9.829,P003_Weight_Stack_Seated_Leg_Extension_Releasing_Too_Fast_2_011 (2).csv
2,8,2,5,2,30.393,30393,-0.43,0.18,9.38,9.3916,-0.0076,0.0338,-0.0011,3.13,1.25,282.56,-0.5151,0.1903,9.7559,9.7714,P003_Weight_Stack_Seated_Leg_Extension_Releasing_Too_Fast_2_011 (2).csv
2,8,2,5,2,30.523,30523,-0.51,0.2,9.47,9.4858,0.0055,-0.0284,-0.0011,3.19,1.25,282.56,-0.5144,0.1916,9.7182,9.7337,P003_Weight_Stack_Seated_Leg_Extension_Releasing_Too_Fast_2_011 (2).csv
2,8,2,5,2,30.653,30653,-0.48,0.18,9.7,9.7135,-0.0044,0.0218,-0.0022,3.13,1.25,282.56,-0.5099,0.1901,9.7158,9.7311,P003_Weight_Stack_Seated_Leg_Extension_Releasing_Too_Fast_2_011 (2).csv
2,8,2,5,2,30.783,30783,-0.57,0.17,10.57,10.5867,0.0044,-0.0284,0.0011,3.19,1.25,282.56,-0.5178,0.1874,9.8284,9.8438,P003_Weight_Stack_Seated_Leg_Extension_Releasing_Too_Fast_2_011 (2).csv
2,8,2,5,2,30.913,30913,-0.46,0.17,10.88,10.891,0.0011,0.0316,0.0065,3.13,1.25,282.56,-0.5102,0.1851,9.967,9.9817,P003_Weight_Stack_Seated_Leg_Extension_Releasing_Too_Fast_2_011 (2).csv
2,8,2,5,2,31.044,31044,-0.44,0.16,10.12,10.1308,0.0131,-0.0196,0.0044,3.13,1.25,282.56,-0.5009,0.1818,9.9871,10.0013,P003_Weight_Stack_Seated_Leg_Extension_Releasing_Too_Fast_2_011 (2).csv
2,8,2,5,2,31.216,31216,-0.39,0.03,9.49,9.4981,0.0076,0.0065,0.0022,3.19,1.13,282.63,-0.4863,0.1618,9.9216,9.9349,P003_Weight_Stack_Seated_Leg_Extension_Releasing_Too_Fast_2_011 (2).csv
2,8,2,5,2,31.347,31347,-0.7,0.07,8.83,8.858,0.0273,0.0011,-0.0065,3.25,1.0,282.63,-0.5145,0.1497,9.7778,9.7924,P003_Weight_Stack_Seated_Leg_Extension_Releasing_Too_Fast_2_011 (2).csv
2,8,2,5,2,31.477,31477,-0.48,0.13,7.56,7.5763,-0.0087,0.0044,-0.0055,3.19,0.94,282.63,-0.5099,0.1471,9.4855,9.5004,P003_Weight_Stack_Seated_Leg_Extension_Releasing_Too_Fast_2_011 (2).csv
2,9,2,5,2,31.61,31610,-0.6,0.15,9.5,9.5201,0.0131,-0.0175,0.0087,3.25,0.94,282.56,-0.5218,0.1475,9.4874,9.5029,P003_Weight_Stack_Seated_Leg_Extension_Releasing_Too_Fast_2_011 (2).csv
2,9,2,5,2,31.745,31745,-0.45,0.25,9.83,9.8435,0.0055,-0.0022,0.0065,3.13,1.0,282.56,-0.5123,0.161,9.5326,9.5477,P003_Weight_Stack_Seated_Leg_Extension_Releasing_Too_Fast_2_011 (2).csv
2,9,2,5,2,31.876,31876,-0.64,0.17,9.94,9.962,0.0011,-0.0033,-0.0044,3.19,1.0,282.56,-0.5292,0.1622,9.5863,9.6022,P003_Weight_Stack_Seated_Leg_Extension_Releasing_Too_Fast_2_011 (2).csv
2,9,2,5,2,32.006,32006,-0.52,0.08,9.59,9.6044,-0.0022,0.0044,0.0,3.19,1.0,282.56,-0.528,0.1514,9.5868,9.6025,P003_Weight_Stack_Seated_Leg_Extension_Releasing_Too_Fast_2_011 (2).csv
2,9,2,5,2,32.136,32136,-0.5,0.09,8.81,8.8246,-0.0011,0.0011,-0.0011,3.19,1.0,282.56,-0.5243,0.1433,9.4844,9.5,P003_Weight_Stack_Seated_Leg_Extension_Releasing_Too_Fast_2_011 (2).csv
2,9,2,5,2,32.309,32309,-0.33,0.28,8.28,8.2913,-0.0065,-0.0164,0.0076,3.19,1.0,282.56,-0.4987,0.1613,9.3257,9.3404,P003_Weight_Stack_Seated_Leg_Extension_Releasing_Too_Fast_2_011 (2).csv
2,9,2,5,2,32.442,32442,-0.68,0.02,10.01,10.0331,-0.0098,-0.0033,0.0044,3.19,1.13,282.56,-0.5226,0.1427,9.4159,9.4314,P003_Weight_Stack_Seated_Leg_Extension_Releasing_Too_Fast_2_011 (2).csv
2,9,2,5,2,32.577,32577,0.04,0.29,10.88,10.8839,-0.0022,-0.0076,0.0033,3.19,1.25,282.56,-0.4484,0.1621,9.6088,9.6206,P003_Weight_Stack_Seated_Leg_Extension_Releasing_Too_Fast_2_011 (2).csv
2,9,2,5,2,32.707,32707,-0.43,0.46,12.1,12.1164,0.0491,0.0098,-0.0022,3.25,1.31,282.5,-0.446,0.2013,9.9371,9.9491,P003_Weight_Stack_Seated_Leg_Extension_Releasing_Too_Fast_2_011 (2).csv
2,9,2,5,2,32.838,32838,-0.71,0.23,10.61,10.6362,-0.0218,0.0502,0.0153,3.19,1.38,282.5,-0.4808,0.2051,10.0258,10.0394,P003_Weight_Stack_Seated_Leg_Extension_Releasing_Too_Fast_2_011 (2).csv
2,9,2,5,2,32.968,32968,-0.52,0.42,9.5,9.5235,-0.0251,0.0022,-0.0098,3.13,1.25,282.5,-0.486,0.2334,9.9565,9.9711,P003_Weight_Stack_Seated_Leg_Extension_Releasing_Too_Fast_2_011 (2).csv
2,9,2,5,2,33.099,33099,-0.42,0.23,9.22,9.2324,0.0,0.0,0.0033,3.06,1.25,282.5,-0.4773,0.233,9.8594,9.8737,P003_Weight_Stack_Seated_Leg_Extension_Releasing_Too_Fast_2_011 (2).csv
2,9,2,5,2,33.229,33229,-0.63,0.2,9.24,9.2636,0.0033,-0.0742,0.0011,3.25,1.25,282.5,-0.4974,0.2286,9.7778,9.7931,P003_Weight_Stack_Seated_Leg_Extension_Releasing_Too_Fast_2_011 (2).csv
2,9,2,5,2,33.402,33402,-0.53,0.16,9.74,9.7557,-0.0022,-0.0011,0.0022,3.31,1.31,282.5,-0.5017,0.2196,9.7728,9.7881,P003_Weight_Stack_Seated_Leg_Extension_Releasing_Too_Fast_2_011 (2).csv
2,9,2,5,2,33.532,33532,-0.6,0.19,9.76,9.7803,0.0076,0.0491,-0.0011,3.31,1.31,282.5,-0.5146,0.2157,9.7711,9.787,P003_Weight_Stack_Seated_Leg_Extension_Releasing_Too_Fast_2_011 (2).csv
2,9,2,5,2,33.663,33663,-0.48,0.18,9.53,9.5438,0.0065,-0.0175,-0.0033,3.0,1.31,282.5,-0.5101,0.211,9.7394,9.755,P003_Weight_Stack_Seated_Leg_Extension_Releasing_Too_Fast_2_011 (2).csv
2,9,2,5,2,33.798,33798,-0.48,0.21,9.57,9.5843,0.0022,0.0,0.0,3.06,1.31,282.5,-0.5061,0.2109,9.717,9.7325,P003_Weight_Stack_Seated_Leg_Extension_Releasing_Too_Fast_2_011 (2).csv
2,9,2,5,2,33.93,33930,-0.51,0.17,10.07,10.0843,0.0044,-0.0175,0.0011,3.13,1.31,282.5,-0.5066,0.2055,9.7635,9.7788,P003_Weight_Stack_Seated_Leg_Extension_Releasing_Too_Fast_2_011 (2).csv
2,9,2,5,2,34.061,34061,-0.5,0.18,10.31,10.3237,0.0011,0.0109,0.0011,3.13,1.31,282.5,-0.5058,0.2021,9.8356,9.8506,P003_Weight_Stack_Seated_Leg_Extension_Releasing_Too_Fast_2_011 (2).csv
2,9,2,5,2,34.191,34191,-0.54,0.17,10.0,10.016,0.0098,-0.0065,0.0011,3.13,1.31,282.5,-0.5103,0.1979,9.8572,9.8724,P003_Weight_Stack_Seated_Leg_Extension_Releasing_Too_Fast_2_011 (2).csv
2,9,2,5,2,34.321,34321,-0.53,0.16,9.54,9.5561,0.0065,-0.0055,0.0022,3.13,1.25,282.5,-0.5129,0.1929,9.8154,9.8307,P003_Weight_Stack_Seated_Leg_Extension_Releasing_Too_Fast_2_011 (2).csv
2,9,2,5,2,34.494,34494,-0.56,0.15,9.26,9.2781,0.0087,-0.0196,0.0,3.25,1.19,282.5,-0.5191,0.1872,9.7422,9.7578,P003_Weight_Stack_Seated_Leg_Extension_Releasing_Too_Fast_2_011 (2).csv
2,9,2,5,2,34.626,34626,-0.48,0.31,9.78,9.7967,-0.0055,0.0,-0.0044,3.25,1.19,282.5,-0.5139,0.2034,9.7472,9.7629,P003_Weight_Stack_Seated_Leg_Extension_Releasing_Too_Fast_2_011 (2).csv
2,9,2,5,2,34.756,34756,-0.42,0.25,9.6,9.6124,-0.0022,0.0033,-0.0011,3.25,1.13,282.5,-0.5016,0.2096,9.7278,9.743,P003_Weight_Stack_Seated_Leg_Extension_Releasing_Too_Fast_2_011 (2).csv
2,9,2,5,2,34.89,34890,-0.33,0.17,8.61,8.618,0.0065,0.0,-0.0022,3.25,1.06,282.5,-0.4789,0.2043,9.5805,9.5947,P003_Weight_Stack_Seated_Leg_Extension_Releasing_Too_Fast_2_011 (2).csv
2,9,2,5,2,35.023,35023,-0.5,0.19,9.16,9.1756,0.0305,0.0055,0.0076,3.25,1.06,282.5,-0.4817,0.2025,9.5251,9.5394,P003_Weight_Stack_Seated_Leg_Extension_Releasing_Too_Fast_2_011 (2).csv
2,9,2,5,2,35.154,35154,-0.3,0.1,9.32,9.3254,-0.0033,0.0076,0.0033,3.25,1.06,282.5,-0.4578,0.189,9.4981,9.511,P003_Weight_Stack_Seated_Leg_Extension_Releasing_Too_Fast_2_011 (2).csv
2,9,2,5,2,35.284,35284,-0.56,0.14,9.53,9.5475,-0.0153,-0.0175,-0.0076,3.25,1.06,282.5,-0.4712,0.1825,9.5023,9.5157,P003_Weight_Stack_Seated_Leg_Extension_Releasing_Too_Fast_2_011 (2).csv
2,9,2,5,2,35.414,35414,-0.52,0.12,9.1,9.1156,-0.0011,-0.0033,-0.0044,3.25,1.06,282.5,-0.4777,0.1743,9.4493,9.4629,P003_Weight_Stack_Seated_Leg_Extension_Releasing_Too_Fast_2_011 (2).csv
2,9,2,5,2,35.587,35587,-0.43,0.21,8.48,8.4935,0.0011,-0.0098,-0.0044,3.25,1.06,282.5,-0.4714,0.179,9.3215,9.3352,P003_Weight_Stack_Seated_Leg_Extension_Releasing_Too_Fast_2_011 (2).csv
2,9,2,5,2,35.718,35718,-0.6,0.27,8.97,8.9941,-0.0338,-0.0065,0.0033,3.31,1.19,282.5,-0.4883,0.191,9.2752,9.29,P003_Weight_Stack_Seated_Leg_Extension_Releasing_Too_Fast_2_011 (2).csv
2,9,2,5,2,35.848,35848,-0.27,0.35,1.74,1.7953,-0.0218,0.0491,-0.0273,3.19,1.31,282.44,-0.4596,0.2119,8.2823,8.2977,P003_Weight_Stack_Seated_Leg_Extension_Releasing_Too_Fast_2_011 (2).csv
2,9,2,5,2,35.979,35979,-7.16,2.94,4.76,9.0866,0.2673,-0.3098,0.1091,3.63,1.56,281.75,-1.3425,0.5714,7.8181,7.9531,P003_Weight_Stack_Seated_Leg_Extension_Releasing_Too_Fast_2_011 (2).csv
2,9,2,5,2,36.11,36110,2.03,2.2,8.48,8.9928,-0.1407,0.0262,-0.2007,3.13,1.56,281.63,-0.8981,0.786,7.9053,7.9949,P003_Weight_Stack_Seated_Leg_Extension_Releasing_Too_Fast_2_011 (2).csv
2,9,2,5,2,36.245,36245,-0.45,0.5,9.75,9.7732,-0.0022,0.0011,0.0,3.19,1.25,281.56,-0.8391,0.7483,8.1484,8.2256,P003_Weight_Stack_Seated_Leg_Extension_Releasing_Too_Fast_2_011 (2).csv
2,9,2,5,2,36.376,36376,0.07,0.46,9.06,9.0719,-0.0382,-0.192,0.0436,3.69,1.0,281.56,-0.7193,0.7103,8.2685,8.3301,P003_Weight_Stack_Seated_Leg_Extension_Releasing_Too_Fast_2_011 (2).csv
2,9,2,5,2,36.507,36507,-0.4,-0.12,9.76,9.7689,-0.3578,0.2782,-0.0458,3.25,1.06,281.63,-0.6772,0.6009,8.4651,8.5134,P003_Weight_Stack_Seated_Leg_Extension_Releasing_Too_Fast_2_011 (2).csv
2,9,2,5,2,36.679,36679,-0.48,0.33,9.5,9.5178,0.0087,-0.0011,0.0011,3.19,1.25,281.56,-0.6512,0.5652,8.6015,8.6446,P003_Weight_Stack_Seated_Leg_Extension_Releasing_Too_Fast_2_011 (2).csv
2,9,2,5,2,36.809,36809,-0.41,0.14,9.55,9.5598,-0.0098,-0.0022,0.0011,3.19,1.13,281.56,-0.6194,0.5092,8.7265,8.7632,P003_Weight_Stack_Seated_Leg_Extension_Releasing_Too_Fast_2_011 (2).csv
2,9,2,5,2,36.939,36939,-0.42,0.07,9.53,9.5395,0.0011,0.0,0.0022,3.13,1.13,281.56,-0.5931,0.4513,8.8323,8.8637,P003_Weight_Stack_Seated_Leg_Extension_Releasing_Too_Fast_2_011 (2).csv
2,9,2,5,2,37.069,37069,-0.46,0.19,9.57,9.5829,0.0022,-0.0022,0.0,3.13,1.13,281.56,-0.5756,0.4169,8.9295,8.9578,P003_Weight_Stack_Seated_Leg_Extension_Releasing_Too_Fast_2_011 (2).csv
2,9,2,5,2,37.199,37199,-0.78,-0.35,8.74,8.7817,0.0971,-0.0829,0.0022,3.25,0.88,281.5,-0.6025,0.3158,8.9046,8.9305,P003_Weight_Stack_Seated_Leg_Extension_Releasing_Too_Fast_2_011 (2).csv
2,9,2,5,2,37.329,37329,-0.39,0.29,9.56,9.5723,0.0284,-0.0065,-0.0131,3.63,1.38,281.56,-0.5745,0.3124,8.9909,9.0147,P003_Weight_Stack_Seated_Leg_Extension_Releasing_Too_Fast_2_011 (2).csv
2,9,2,5,2,37.459,37459,-0.52,0.48,9.2,9.2272,-0.0644,-0.0098,0.0229,3.5,0.81,281.63,-0.5673,0.3345,9.0185,9.0425,P003_Weight_Stack_Seated_Leg_Extension_Releasing_Too_Fast_2_011 (2).csv
2,9,2,5,2,37.589,37589,-0.59,0.02,9.75,9.7679,0.0033,0.0033,0.0055,3.44,0.63,281.56,-0.5703,0.2931,9.1149,9.1374,P003_Weight_Stack_Seated_Leg_Extension_Releasing_Too_Fast_2_011 (2).csv
2,9,2,5,2,37.762,37762,-0.64,0.08,9.53,9.5518,-0.0175,-0.0316,0.0,3.56,0.75,281.56,-0.5795,0.265,9.1696,9.1917,P003_Weight_Stack_Seated_Leg_Extension_Releasing_Too_Fast_2_011 (2).csv
2,9,2,5,2,37.893,37893,-0.59,0.14,9.55,9.5692,-0.0055,0.0,0.0,3.56,0.75,281.56,-0.5809,0.2485,9.2197,9.2413,P003_Weight_Stack_Seated_Leg_Extension_Releasing_Too_Fast_2_011 (2).csv
2,9,2,5,2,38.025,38025,-0.52,0.08,9.56,9.5745,-0.0011,0.0011,0.0,3.56,0.75,281.56,-0.5729,0.2263,9.2646,9.285,P003_Weight_Stack_Seated_Leg_Extension_Releasing_Too_Fast_2_011 (2).csv
2,9,2,5,2,38.16,38160,-0.5,0.11,9.53,9.5437,-0.0011,-0.0011,-0.0022,3.5,0.75,281.56,-0.5633,0.211,9.2995,9.319,P003_Weight_Stack_Seated_Leg_Extension_Releasing_Too_Fast_2_011 (2).csv
2,9,2,5,2,38.291,38291,-0.59,0.09,9.52,9.5387,0.0,0.0,0.0011,3.5,0.69,281.56,-0.5668,0.195,9.3286,9.3478,P003_Weight_Stack_Seated_Leg_Extension_Releasing_Too_Fast_2_011 (2).csv
2,9,2,5,2,38.421,38421,-0.56,0.1,9.56,9.5769,-0.0011,0.0011,-0.0011,3.5,0.69,281.56,-0.5659,0.1825,9.3591,9.3779,P003_Weight_Stack_Seated_Leg_Extension_Releasing_Too_Fast_2_011 (2).csv
2,1,2,5,2,0.0,0,-0.47,0.15,9.57,9.5827,0.0011,0.0,0.0022,2.69,1.0,285.19,-0.5129,0.056,9.5431,9.5571,P003_Weight_Stack_Seated_Leg_Extension_Releasing_Too_Fast_2_011 (3).csv
2,1,2,5,2,0.173,173,-0.8,-0.27,9.19,9.2287,0.1036,-0.0829,0.0065,2.81,0.69,285.19,-0.5508,0.0131,9.4966,9.5126,P003_Weight_Stack_Seated_Leg_Extension_Releasing_Too_Fast_2_011 (3).csv
2,1,2,5,2,0.304,304,-0.37,-0.16,9.9,9.9082,0.0065,0.012,-0.0284,3.25,0.44,285.25,-0.5269,-0.0097,9.5497,9.5643,P003_Weight_Stack_Seated_Leg_Extension_Releasing_Too_Fast_2_011 (3).csv
2,1,2,5,2,0.435,435,-0.75,0.48,9.53,9.5715,-0.1691,0.0796,0.1265,2.75,1.13,285.25,-0.5563,0.0548,9.5471,9.5635,P003_Weight_Stack_Seated_Leg_Extension_Releasing_Too_Fast_2_011 (3).csv
2,1,2,5,2,0.566,566,-0.25,0.15,10.87,10.8739,-0.1189,0.0971,-0.0153,2.94,1.13,285.13,-0.516,0.0673,9.7215,9.7354,P003_Weight_Stack_Seated_Leg_Extension_Releasing_Too_Fast_2_011 (3).csv
2,1,2,5,2,0.697,697,-0.69,0.17,9.64,9.6662,-0.036,-0.0196,-0.0033,2.81,1.06,285.19,-0.5389,0.0809,9.7107,9.726,P003_Weight_Stack_Seated_Leg_Extension_Releasing_Too_Fast_2_011 (3).csv
2,1,2,5,2,0.831,831,-0.45,0.25,9.85,9.8634,-0.0065,0.0142,-0.0055,2.81,1.0,285.19,-0.5272,0.1032,9.7291,9.7439,P003_Weight_Stack_Seated_Leg_Extension_Releasing_Too_Fast_2_011 (3).csv
2,1,2,5,2,0.962,962,-0.48,0.23,9.78,9.7945,0.0087,0.0,-0.0022,2.75,1.0,285.19,-0.521,0.1199,9.7358,9.7505,P003_Weight_Stack_Seated_Leg_Extension_Releasing_Too_Fast_2_011 (3).csv
2,1,2,5,2,1.093,1093,-0.55,0.19,9.74,9.7574,0.0065,0.0011,0.0,2.81,0.94,285.19,-0.5248,0.1291,9.7363,9.7513,P003_Weight_Stack_Seated_Leg_Extension_Releasing_Too_Fast_2_011 (3).csv
2,1,2,5,2,1.265,1265,-0.5,0.18,9.58,9.5947,0.0065,-0.0175,0.0033,2.88,0.94,285.19,-0.5215,0.1358,9.7157,9.7307,P003_Weight_Stack_Seated_Leg_Extension_Releasing_Too_Fast_2_011 (3).csv
2,1,2,5,2,1.395,1395,-0.54,0.16,9.46,9.4768,0.0098,-0.0033,0.0,2.94,0.94,285.19,-0.524,0.139,9.682,9.6972,P003_Weight_Stack_Seated_Leg_Extension_Releasing_Too_Fast_2_011 (3).csv
2,1,2,5,2,1.525,1525,-0.56,0.15,9.65,9.6674,0.0022,-0.0011,-0.0033,2.94,0.88,285.19,-0.5287,0.1405,9.6778,9.6933,P003_Weight_Stack_Seated_Leg_Extension_Releasing_Too_Fast_2_011 (3).csv
2,1,2,5,2,1.655,1655,-0.55,0.16,9.23,9.2478,-0.0022,0.0033,-0.0033,2.94,0.81,285.19,-0.5315,0.143,9.6188,9.6345,P003_Weight_Stack_Seated_Leg_Extension_Releasing_Too_Fast_2_011 (3).csv
2,1,2,5,2,1.785,1785,-0.56,0.01,8.48,8.4985,0.0044,0.0087,-0.0065,2.94,0.81,285.19,-0.5353,0.1255,9.4687,9.4847,P003_Weight_Stack_Seated_Leg_Extension_Releasing_Too_Fast_2_011 (3).csv
2,1,2,5,2,1.915,1915,-0.53,0.03,8.67,8.6862,0.0142,0.0109,0.0,2.94,0.81,285.19,-0.5346,0.1129,9.3635,9.3794,P003_Weight_Stack_Seated_Leg_Extension_Releasing_Too_Fast_2_011 (3).csv
2,1,2,5,2,2.045,2045,-0.44,0.23,9.59,9.6028,-0.0076,0.036,0.0,2.88,0.81,285.19,-0.5221,0.1283,9.3933,9.4087,P003_Weight_Stack_Seated_Leg_Extension_Releasing_Too_Fast_2_011 (3).csv
2,1,2,5,2,2.175,2175,-0.04,0.02,9.46,9.4601,-0.0556,0.0545,0.0033,2.63,0.81,285.19,-0.4586,0.1141,9.4021,9.414,P003_Weight_Stack_Seated_Leg_Extension_Releasing_Too_Fast_2_011 (3).csv
2,1,2,5,2,2.348,2348,-0.75,0.11,9.56,9.59,-0.0044,-0.0131,0.0,2.94,0.75,285.19,-0.497,0.1135,9.4229,9.4367,P003_Weight_Stack_Seated_Leg_Extension_Releasing_Too_Fast_2_011 (3).csv
2,1,2,5,2,2.478,2478,-0.45,0.09,9.15,9.1615,-0.0055,0.0316,0.0,2.81,0.75,285.19,-0.4908,0.1104,9.387,9.4004,P003_Weight_Stack_Seated_Leg_Extension_Releasing_Too_Fast_2_011 (3).csv
2,1,2,5,2,2.608,2608,-0.44,0.08,8.96,8.9712,0.0,-0.0262,-0.0022,2.81,0.75,285.19,-0.4841,0.1064,9.3307,9.3439,P003_Weight_Stack_Seated_Leg_Extension_Releasing_Too_Fast_2_011 (3).csv
2,1,2,5,2,2.738,2738,-0.51,0.08,9.18,9.1945,-0.0044,0.0185,-0.0055,2.94,0.75,285.19,-0.4875,0.1029,9.3108,9.3242,P003_Weight_Stack_Seated_Leg_Extension_Releasing_Too_Fast_2_011 (3).csv
2,1,2,5,2,2.868,2868,-0.52,0.16,9.26,9.276,-0.0131,-0.0185,-0.0011,2.94,0.88,285.19,-0.4918,0.1105,9.3041,9.3178,P003_Weight_Stack_Seated_Leg_Extension_Releasing_Too_Fast_2_011 (3).csv
2,1,2,5,2,2.998,2998,-0.79,0.23,8.86,8.8981,-0.0022,-0.0316,-0.0273,3.0,0.88,285.19,-0.5311,0.1262,9.2456,9.2617,P003_Weight_Stack_Seated_Leg_Extension_Releasing_Too_Fast_2_011 (3).csv
2,2,2,5,2,3.128,3128,-0.55,0.05,9.48,9.4961,-0.0142,0.0382,-0.0033,3.0,0.94,285.13,-0.5336,0.1162,9.2765,9.2926,P003_Weight_Stack_Seated_Leg_Extension_Releasing_Too_Fast_2_011 (3).csv
2,2,2,5,2,3.258,3258,-0.28,0.38,9.91,9.9212,-0.036,0.0098,0.0011,2.94,1.0,285.13,-0.5002,0.1509,9.36,9.3745,P003_Weight_Stack_Seated_Leg_Extension_Releasing_Too_Fast_2_011 (3).csv
2,2,2,5,2,3.431,3431,-0.56,0.2,9.96,9.9777,0.0022,-0.0022,0.0044,2.94,1.0,285.13,-0.5081,0.1574,9.439,9.454,P003_Weight_Stack_Seated_Leg_Extension_Releasing_Too_Fast_2_011 (3).csv
2,2,2,5,2,3.564,3564,-0.56,0.16,9.55,9.5677,0.0033,0.0022,-0.0022,2.94,1.0,285.13,-0.5149,0.1577,9.4537,9.469,P003_Weight_Stack_Seated_Leg_Extension_Releasing_Too_Fast_2_011 (3).csv
2,2,2,5,2,3.699,3699,-0.47,0.16,9.54,9.5529,0.0033,0.0295,0.0,2.75,1.0,285.13,-0.509,0.158,9.465,9.48,P003_Weight_Stack_Seated_Leg_Extension_Releasing_Too_Fast_2_011 (3).csv
2,2,2,5,2,3.829,3829,-0.41,0.21,9.47,9.4812,0.0,-0.0447,0.0022,2.75,1.0,285.13,-0.4959,0.1649,9.4657,9.4801,P003_Weight_Stack_Seated_Leg_Extension_Releasing_Too_Fast_2_011 (3).csv
2,2,2,5,2,3.96,3960,-0.55,0.08,9.52,9.5362,-0.0251,0.0175,-0.0011,3.0,1.06,285.13,-0.5031,0.1537,9.4729,9.4874,P003_Weight_Stack_Seated_Leg_Extension_Releasing_Too_Fast_2_011 (3).csv
2,2,2,5,2,4.09,4090,-0.57,0.06,9.59,9.6071,0.0393,-0.0055,-0.0055,2.94,1.06,285.13,-0.5119,0.1414,9.4883,9.5031,P003_Weight_Stack_Seated_Leg_Extension_Releasing_Too_Fast_2_011 (3).csv
2,2,2,5,2,4.22,4220,-0.55,0.26,9.58,9.5993,0.0055,0.0044,-0.0022,2.88,1.0,285.13,-0.5169,0.157,9.5004,9.5157,P003_Weight_Stack_Seated_Leg_Extension_Releasing_Too_Fast_2_011 (3).csv
2,2,2,5,2,4.351,4351,-0.51,0.15,9.49,9.5049,0.0022,-0.0044,0.0,2.69,1.0,285.13,-0.516,0.1561,9.499,9.5143,P003_Weight_Stack_Seated_Leg_Extension_Releasing_Too_Fast_2_011 (3).csv
2,2,2,5,2,4.524,4524,-0.59,0.21,9.64,9.6603,0.0,-0.0131,-0.0022,3.0,1.0,285.13,-0.5257,0.1632,9.5176,9.5335,P003_Weight_Stack_Seated_Leg_Extension_Releasing_Too_Fast_2_011 (3).csv
2,2,2,5,2,4.655,4655,-0.61,0.16,9.69,9.7105,0.0,0.0076,0.0011,3.0,1.0,285.13,-0.5368,0.1628,9.5403,9.5568,P003_Weight_Stack_Seated_Leg_Extension_Releasing_Too_Fast_2_011 (3).csv
2,2,2,5,2,4.785,4785,-0.45,0.16,10.24,10.2511,-0.0022,0.0,0.0011,2.63,1.0,285.13,-0.5254,0.1624,9.6325,9.6482,P003_Weight_Stack_Seated_Leg_Extension_Releasing_Too_Fast_2_011 (3).csv
2,2,2,5,2,4.921,4921,-0.62,0.19,9.85,9.8713,0.0,-0.0076,0.0011,2.81,0.94,285.13,-0.5379,0.166,9.6612,9.6776,P003_Weight_Stack_Seated_Leg_Extension_Releasing_Too_Fast_2_011 (3).csv
2,2,2,5,2,5.053,5053,-0.42,0.14,9.48,9.4903,0.0044,0.0087,0.0011,2.63,0.94,285.13,-0.5223,0.1626,9.6373,9.6528,P003_Weight_Stack_Seated_Leg_Extension_Releasing_Too_Fast_2_011 (3).csv
2,2,2,5,2,5.183,5183,-0.48,0.13,9.62,9.6328,0.0011,-0.0196,0.0033,2.75,0.88,285.13,-0.5168,0.1583,9.635,9.6502,P003_Weight_Stack_Seated_Leg_Extension_Releasing_Too_Fast_2_011 (3).csv
2,2,2,5,2,5.313,5313,-0.52,0.13,9.24,9.2555,0.0098,-0.0011,-0.0011,2.75,0.88,285.13,-0.5172,0.1546,9.583,9.5982,P003_Weight_Stack_Seated_Leg_Extension_Releasing_Too_Fast_2_011 (3).csv
2,2,2,5,2,5.443,5443,-0.66,0.13,9.35,9.3742,0.0044,0.0153,-0.0011,2.88,0.88,285.13,-0.536,0.1513,9.5523,9.5685,P003_Weight_Stack_Seated_Leg_Extension_Releasing_Too_Fast_2_011 (3).csv
2,2,2,5,2,5.616,5616,-0.5,0.17,9.36,9.3749,0.0033,0.0,-0.0055,2.88,0.81,285.13,-0.5313,0.1538,9.5269,9.543,P003_Weight_Stack_Seated_Leg_Extension_Releasing_Too_Fast_2_011 (3).csv
2,2,2,5,2,5.748,5748,-0.55,0.07,9.07,9.0869,0.0164,0.0055,-0.0011,2.88,0.75,285.13,-0.5337,0.1428,9.4667,9.4828,P003_Weight_Stack_Seated_Leg_Extension_Releasing_Too_Fast_2_011 (3).csv
2,2,2,5,2,5.882,5882,-0.46,0.12,8.73,8.7429,0.0033,0.0033,0.0044,2.88,0.75,285.13,-0.524,0.1398,9.3696,9.3853,P003_Weight_Stack_Seated_Leg_Extension_Releasing_Too_Fast_2_011 (3).csv
2,2,2,5,2,6.015,6015,-0.48,0.12,9.12,9.1334,0.0,0.0022,-0.0087,2.88,0.75,285.13,-0.5182,0.1372,9.3367,9.3521,P003_Weight_Stack_Seated_Leg_Extension_Releasing_Too_Fast_2_011 (3).csv
2,2,2,5,2,6.145,6145,-0.45,0.06,9.65,9.6607,0.0,0.0284,0.0033,2.63,0.69,285.13,-0.5092,0.127,9.378,9.3927,P003_Weight_Stack_Seated_Leg_Extension_Releasing_Too_Fast_2_011 (3).csv
2,2,2,5,2,6.275,6275,-0.44,0.12,9.86,9.8705,0.0153,-0.0458,-0.0022,2.56,0.75,285.13,-0.5001,0.1261,9.4415,9.4556,P003_Weight_Stack_Seated_Leg_Extension_Releasing_Too_Fast_2_011 (3).csv
2,2,2,5,2,6.406,6406,-0.62,0.11,9.5,9.5208,-0.0011,0.0022,0.0044,2.75,0.69,285.13,-0.5159,0.1239,9.4492,9.4641,P003_Weight_Stack_Seated_Leg_Extension_Releasing_Too_Fast_2_011 (3).csv
2,2,2,5,2,6.536,6536,-0.51,0.11,8.36,8.3763,-0.0044,0.0185,0.0,2.69,0.69,285.13,-0.5151,0.1221,9.3057,9.3208,P003_Weight_Stack_Seated_Leg_Extension_Releasing_Too_Fast_2_011 (3).csv
2,2,2,5,2,6.709,6709,-0.39,0.1,7.65,7.6606,-0.0109,-0.0229,0.0044,2.75,0.69,285.13,-0.4986,0.1192,9.0875,9.102,P003_Weight_Stack_Seated_Leg_Extension_Releasing_Too_Fast_2_011 (3).csv
2,3,2,5,2,6.839,6839,-0.44,0.33,9.37,9.3861,-0.0327,-0.0033,-0.0022,2.75,0.88,285.13,-0.4909,0.147,9.1247,9.1391,P003_Weight_Stack_Seated_Leg_Extension_Releasing_Too_Fast_2_011 (3).csv
2,3,2,5,2,6.97,6970,-0.4,0.19,10.32,10.3295,0.0175,0.0404,-0.0055,2.69,0.94,285.06,-0.4789,0.1526,9.2823,9.2959,P003_Weight_Stack_Seated_Leg_Extension_Releasing_Too_Fast_2_011 (3).csv
2,3,2,5,2,7.1,7100,-0.54,0.13,12.65,12.6622,0.0011,-0.0175,-0.0033,2.81,1.0,285.06,-0.487,0.1497,9.726,9.7394,P003_Weight_Stack_Seated_Leg_Extension_Releasing_Too_Fast_2_011 (3).csv
2,3,2,5,2,7.231,7231,-0.13,-1.54,11.04,11.1476,0.1898,-0.0218,-0.072,2.69,1.0,285.06,-0.4399,-0.073,9.8992,9.9092,P003_Weight_Stack_Seated_Leg_Extension_Releasing_Too_Fast_2_011 (3).csv
2,3,2,5,2,7.362,7362,-0.33,-0.28,9.56,9.5698,0.0284,0.0262,0.0535,2.56,1.0,285.06,-0.4255,-0.1003,9.8545,9.8642,P003_Weight_Stack_Seated_Leg_Extension_Releasing_Too_Fast_2_011 (3).csv
2,3,2,5,2,7.492,7492,-0.64,0.33,8.8,8.8294,0.012,-0.0022,0.0,2.56,1.0,285.06,-0.4537,-0.0436,9.7155,9.7262,P003_Weight_Stack_Seated_Leg_Extension_Releasing_Too_Fast_2_011 (3).csv
2,3,2,5,2,7.623,7623,-0.56,0.13,9.4,9.4176,0.0044,-0.0622,-0.0011,2.75,1.0,285.06,-0.4677,-0.0207,9.674,9.6853,P003_Weight_Stack_Seated_Leg_Extension_Releasing_Too_Fast_2_011 (3).csv
2,3,2,5,2,7.799,7799,-0.65,0.16,9.69,9.7131,-0.0109,0.0076,0.0,2.88,1.06,285.06,-0.4917,0.0031,9.6761,9.6886,P003_Weight_Stack_Seated_Leg_Extension_Releasing_Too_Fast_2_011 (3).csv
2,3,2,5,2,7.93,7930,-0.54,0.17,9.84,9.8563,0.0022,-0.0022,-0.0033,2.88,1.06,285.06,-0.4981,0.0251,9.6977,9.7105,P003_Weight_Stack_Seated_Leg_Extension_Releasing_Too_Fast_2_011 (3).csv
2,3,2,5,2,8.06,8060,-0.44,0.19,9.47,9.4821,-0.0022,0.0131,-0.0011,2.69,1.06,285.06,-0.4904,0.0468,9.6677,9.6802,P003_Weight_Stack_Seated_Leg_Extension_Releasing_Too_Fast_2_011 (3).csv
2,3,2,5,2,8.191,8191,-0.62,0.19,9.59,9.6119,-0.0098,-0.0382,-0.0033,2.88,1.06,285.06,-0.5075,0.0657,9.6574,9.671,P003_Weight_Stack_Seated_Leg_Extension_Releasing_Too_Fast_2_011 (3).csv
2,3,2,5,2,8.321,8321,-0.53,0.17,9.6,9.6161,-0.0011,-0.0033,0.0022,2.94,1.13,285.06,-0.5105,0.0794,9.6499,9.6637,P003_Weight_Stack_Seated_Leg_Extension_Releasing_Too_Fast_2_011 (3).csv
2,3,2,5,2,8.451,8451,-0.48,0.11,10.34,10.3517,-0.012,0.0884,-0.0033,2.56,1.0,285.06,-0.5065,0.0835,9.7408,9.7543,P003_Weight_Stack_Seated_Leg_Extension_Releasing_Too_Fast_2_011 (3).csv
2,3,2,5,2,8.581,8581,-0.62,0.05,10.39,10.4086,-0.0022,0.0349,0.0076,2.69,1.0,285.06,-0.5214,0.0791,9.8264,9.8405,P003_Weight_Stack_Seated_Leg_Extension_Releasing_Too_Fast_2_011 (3).csv
2,3,2,5,2,8.727,8727,-0.52,0.16,9.95,9.9649,0.0087,-0.0262,0.0044,2.63,0.94,285.06,-0.5212,0.0897,9.8426,9.8568,P003_Weight_Stack_Seated_Leg_Extension_Releasing_Too_Fast_2_011 (3).csv
2,3,2,5,2,8.902,8902,-0.45,0.13,9.36,9.3717,0.0076,0.0131,0.0022,2.69,0.88,285.06,-0.5119,0.095,9.779,9.7929,P003_Weight_Stack_Seated_Leg_Extension_Releasing_Too_Fast_2_011 (3).csv
2,3,2,5,2,9.032,9032,-0.49,0.16,9.34,9.3542,0.0098,-0.0305,-0.0044,2.75,0.81,285.06,-0.509,0.1036,9.7212,9.7351,P003_Weight_Stack_Seated_Leg_Extension_Releasing_Too_Fast_2_011 (3).csv
2,3,2,5,2,9.163,9163,-0.69,0.17,8.91,8.9383,0.0055,-0.0098,-0.0033,2.81,0.75,285.06,-0.5328,0.1123,9.6143,9.6297,P003_Weight_Stack_Seated_Leg_Extension_Releasing_Too_Fast_2_011 (3).csv
2,3,2,5,2,9.293,9293,-0.53,0.21,9.42,9.4372,-0.0033,-0.012,-0.0033,2.75,0.75,285.06,-0.5325,0.1252,9.5887,9.6043,P003_Weight_Stack_Seated_Leg_Extension_Releasing_Too_Fast_2_011 (3).csv
2,3,2,5,2,9.424,9424,-0.49,0.1,9.19,9.2036,-0.0011,-0.0055,0.0033,2.75,0.75,285.06,-0.5269,0.1219,9.5362,9.5515,P003_Weight_Stack_Seated_Leg_Extension_Releasing_Too_Fast_2_011 (3).csv
2,3,2,5,2,9.554,9554,-0.53,0.08,8.99,9.006,0.0022,0.0033,-0.0044,2.75,0.75,285.06,-0.5273,0.1164,9.4642,9.4796,P003_Weight_Stack_Seated_Leg_Extension_Releasing_Too_Fast_2_011 (3).csv
2,3,2,5,2,9.684,9684,-0.5,0.1,9.1,9.1143,-0.0011,0.0262,0.0022,2.75,0.75,285.06,-0.5237,0.1142,9.4162,9.4314,P003_Weight_Stack_Seated_Leg_Extension_Releasing_Too_Fast_2_011 (3).csv
2,3,2,5,2,9.815,9815,-0.47,0.08,9.48,9.492,-0.0185,-0.0087,-0.0011,2.56,0.75,285.06,-0.5166,0.1097,9.4246,9.4394,P003_Weight_Stack_Seated_Leg_Extension_Releasing_Too_Fast_2_011 (3).csv
2,3,2,5,2,9.987,9987,-0.64,0.11,9.91,9.9313,0.0022,-0.024,0.0011,2.75,0.75,285.06,-0.5329,0.1097,9.4886,9.5042,P003_Weight_Stack_Seated_Leg_Extension_Releasing_Too_Fast_2_011 (3).csv
2,3,2,5,2,10.117,10117,-0.53,0.05,9.21,9.2254,-0.0044,0.0349,0.0044,2.63,0.75,285.06,-0.5325,0.1019,9.4519,9.4674,P003_Weight_Stack_Seated_Leg_Extension_Releasing_Too_Fast_2_011 (3).csv
2,3,2,5,2,10.247,10247,-0.48,0.12,8.44,8.4545,0.0011,-0.0273,-0.0055,2.63,0.75,285.06,-0.5256,0.1043,9.3185,9.3339,P003_Weight_Stack_Seated_Leg_Extension_Releasing_Too_Fast_2_011 (3).csv
2,3,2,5,2,10.377,10377,-0.48,0.12,8.32,8.3347,-0.0065,0.0022,0.0065,2.75,0.75,285.06,-0.5196,0.1063,9.1869,9.2022,P003_Weight_Stack_Seated_Leg_Extension_Releasing_Too_Fast_2_011 (3).csv
2,3,2,5,2,10.507,10507,-0.52,0.12,8.99,9.0058,-0.024,-0.0175,-0.0011,2.69,0.88,285.06,-0.5196,0.1081,9.161,9.1764,P003_Weight_Stack_Seated_Leg_Extension_Releasing_Too_Fast_2_011 (3).csv
2,4,2,5,2,10.637,10637,-0.28,0.08,9.72,9.7244,-0.0076,0.0065,0.0033,2.69,0.94,285.06,-0.488,0.1044,9.2347,9.2481,P003_Weight_Stack_Seated_Leg_Extension_Releasing_Too_Fast_2_011 (3).csv
2,4,2,5,2,10.767,10767,-0.34,0.31,9.97,9.9806,-0.0196,0.0055,-0.0033,2.81,1.0,285.06,-0.4685,0.1315,9.3316,9.3442,P003_Weight_Stack_Seated_Leg_Extension_Releasing_Too_Fast_2_011 (3).csv
2,4,2,5,2,10.897,10897,-0.69,0.1,11.11,11.1319,0.0033,0.0153,-0.0098,2.81,1.0,285.06,-0.4977,0.1274,9.5659,9.5797,P003_Weight_Stack_Seated_Leg_Extension_Releasing_Too_Fast_2_011 (3).csv
2,4,2,5,2,11.07,11070,-0.5,0.09,9.82,9.8331,0.0033,0.0295,-0.0065,2.69,1.0,285.06,-0.498,0.1224,9.5994,9.6131,P003_Weight_Stack_Seated_Leg_Extension_Releasing_Too_Fast_2_011 (3).csv
2,4,2,5,2,11.2,11200,-0.52,0.18,9.32,9.3362,-0.0011,-0.0131,0.0022,2.63,1.0,285.06,-0.5009,0.13,9.5626,9.5766,P003_Weight_Stack_Seated_Leg_Extension_Releasing_Too_Fast_2_011 (3).csv
2,4,2,5,2,11.331,11331,-0.51,0.16,9.1,9.1157,0.0011,-0.0131,-0.0022,2.69,1.0,285.06,-0.5021,0.134,9.5016,9.5158,P003_Weight_Stack_Seated_Leg_Extension_Releasing_Too_Fast_2_011 (3).csv
2,4,2,5,2,11.462,11462,-0.43,0.21,9.57,9.582,-0.0087,-0.0055,0.0,2.88,1.0,285.06,-0.4926,0.144,9.5106,9.5245,P003_Weight_Stack_Seated_Leg_Extension_Releasing_Too_Fast_2_011 (3).csv
2,4,2,5,2,11.593,11593,-0.57,0.16,9.69,9.7081,-0.0033,-0.0022,0.0,2.88,1.0,285.06,-0.5028,0.1461,9.5343,9.5486,P003_Weight_Stack_Seated_Leg_Extension_Releasing_Too_Fast_2_011 (3).csv
2,4,2,5,2,11.724,11724,-0.51,0.13,9.49,9.5046,0.0087,0.0284,0.0011,2.81,1.0,285.06,-0.5038,0.144,9.5284,9.5428,P003_Weight_Stack_Seated_Leg_Extension_Releasing_Too_Fast_2_011 (3).csv
2,4,2,5,2,11.859,11859,-0.52,0.15,9.56,9.5753,0.0022,-0.0153,-0.0033,2.81,1.0,285.06,-0.5059,0.1448,9.5326,9.5471,P003_Weight_Stack_Seated_Leg_Extension_Releasing_Too_Fast_2_011 (3).csv
2,4,2,5,2,11.99,11990,-0.59,0.18,9.61,9.6298,0.0022,0.0098,0.0044,2.88,1.0,285.06,-0.517,0.1494,9.5428,9.558,P003_Weight_Stack_Seated_Leg_Extension_Releasing_Too_Fast_2_011 (3).csv
2,4,2,5,2,12.162,12162,-0.44,0.17,9.57,9.5816,0.0011,0.0055,-0.0033,2.5,1.0,285.06,-0.5068,0.1521,9.5464,9.561,P003_Weight_Stack_Seated_Leg_Extension_Releasing_Too_Fast_2_011 (3).csv
2,4,2,5,2,12.292,12292,-0.58,0.2,9.86,9.8791,0.0076,-0.012,0.0,2.69,1.0,285.06,-0.5165,0.1584,9.5877,9.6029,P003_Weight_Stack_Seated_Leg_Extension_Releasing_Too_Fast_2_011 (3).csv
2,4,2,5,2,12.422,12422,-0.52,0.17,9.98,9.995,-0.0011,0.0164,-0.0011,2.56,1.0,285.06,-0.5169,0.16,9.6394,9.6546,P003_Weight_Stack_Seated_Leg_Extension_Releasing_Too_Fast_2_011 (3).csv
2,4,2,5,2,12.552,12552,-0.56,0.14,10.07,10.0865,0.0087,-0.0098,0.0055,2.56,1.0,285.06,-0.5226,0.1573,9.6961,9.7115,P003_Weight_Stack_Seated_Leg_Extension_Releasing_Too_Fast_2_011 (3).csv
2,4,2,5,2,12.682,12682,-0.44,0.15,9.62,9.6312,0.0065,0.0044,0.0033,2.56,1.0,285.06,-0.5117,0.1564,9.6861,9.7009,P003_Weight_Stack_Seated_Leg_Extension_Releasing_Too_Fast_2_011 (3).csv
2,4,2,5,2,12.812,12812,-0.49,0.18,9.23,9.2447,0.0044,-0.0305,0.0011,2.69,0.94,285.06,-0.5089,0.1595,9.626,9.6408,P003_Weight_Stack_Seated_Leg_Extension_Releasing_Too_Fast_2_011 (3).csv
2,4,2,5,2,12.942,12942,-0.56,0.06,9.3,9.317,0.012,0.0033,0.0,2.75,0.88,285.06,-0.5156,0.1464,9.583,9.598,P003_Weight_Stack_Seated_Leg_Extension_Releasing_Too_Fast_2_011 (3).csv
2,4,2,5,2,13.073,13073,-0.58,0.15,9.01,9.0299,0.0033,0.0065,0.0,2.75,0.88,285.06,-0.5241,0.1468,9.5075,9.5231,P003_Weight_Stack_Seated_Leg_Extension_Releasing_Too_Fast_2_011 (3).csv
2,4,2,5,2,13.248,13248,-0.56,0.0,9.19,9.207,0.0164,0.0065,0.0022,2.75,0.81,285.06,-0.5288,0.1275,9.4657,9.4813,P003_Weight_Stack_Seated_Leg_Extension_Releasing_Too_Fast_2_011 (3).csv
2,4,2,5,2,13.379,13379,-0.52,0.15,8.81,8.8266,0.0011,0.0044,-0.0011,2.75,0.81,285.0,-0.5277,0.1305,9.3793,9.395,P003_Weight_Stack_Seated_Leg_Extension_Releasing_Too_Fast_2_011 (3).csv
2,4,2,5,2,13.513,13513,-0.48,0.18,9.15,9.1643,-0.0142,-0.0033,-0.0055,2.75,0.81,285.0,-0.5214,0.137,9.3491,9.3646,P003_Weight_Stack_Seated_Leg_Extension_Releasing_Too_Fast_2_011 (3).csv
2,4,2,5,2,13.644,13644,-0.5,0.14,9.26,9.2745,0.0044,0.0196,0.0065,2.75,0.81,285.0,-0.5186,0.1374,9.3373,9.3527,P003_Weight_Stack_Seated_Leg_Extension_Releasing_Too_Fast_2_011 (3).csv
2,4,2,5,2,13.775,13775,-0.42,0.16,9.68,9.6904,-0.0011,-0.0011,0.0,2.5,0.81,285.0,-0.5056,0.1404,9.3825,9.3971,P003_Weight_Stack_Seated_Leg_Extension_Releasing_Too_Fast_2_011 (3).csv
2,4,2,5,2,13.905,13905,-0.55,-0.02,9.83,9.8454,0.024,-0.0524,0.0,2.56,0.81,285.0,-0.5114,0.1192,9.4415,9.4561,P003_Weight_Stack_Seated_Leg_Extension_Releasing_Too_Fast_2_011 (3).csv
2,4,2,5,2,14.035,14035,-0.52,0.11,9.34,9.3551,0.0055,0.012,-0.0022,2.69,0.81,285.0,-0.5126,0.118,9.4281,9.4428,P003_Weight_Stack_Seated_Leg_Extension_Releasing_Too_Fast_2_011 (3).csv
2,4,2,5,2,14.165,14165,-0.44,0.09,8.86,8.8714,-0.0055,0.0109,0.0055,2.56,0.81,285.0,-0.503,0.1143,9.3532,9.3674,P003_Weight_Stack_Seated_Leg_Extension_Releasing_Too_Fast_2_011 (3).csv
2,4,2,5,2,14.338,14338,-0.56,0.21,8.98,8.9999,-0.0065,-0.0109,0.0033,2.69,0.81,285.0,-0.5105,0.1269,9.304,9.3189,P003_Weight_Stack_Seated_Leg_Extension_Releasing_Too_Fast_2_011 (3).csv
2,4,2,5,2,14.469,14469,-0.39,0.13,9.94,9.9485,-0.012,-0.0087,0.0087,2.69,0.88,285.0,-0.4946,0.1273,9.3879,9.4017,P003_Weight_Stack_Seated_Leg_Extension_Releasing_Too_Fast_2_011 (3).csv
2,4,2,5,2,14.601,14601,-0.44,0.06,11.27,11.2787,0.0055,-0.0164,-0.0044,2.69,1.0,285.0,-0.4874,0.1185,9.6359,9.6489,P003_Weight_Stack_Seated_Leg_Extension_Releasing_Too_Fast_2_011 (3).csv
2,4,2,5,2,14.731,14731,-0.71,0.0,10.31,10.3344,0.012,-0.0273,-0.0033,2.75,1.0,285.0,-0.5168,0.1029,9.7247,9.739,P003_Weight_Stack_Seated_Leg_Extension_Releasing_Too_Fast_2_011 (3).csv
2,4,2,5,2,14.866,14866,-0.76,0.14,9.61,9.641,-0.0022,0.0131,-0.0098,2.75,1.0,285.0,-0.5488,0.1077,9.7096,9.7257,P003_Weight_Stack_Seated_Leg_Extension_Releasing_Too_Fast_2_011 (3).csv
2,4,2,5,2,14.997,14997,-0.49,0.17,9.94,9.9535,0.0087,-0.0087,-0.0033,2.69,1.06,285.0,-0.5411,0.116,9.74,9.7557,P003_Weight_Stack_Seated_Leg_Extension_Releasing_Too_Fast_2_011 (3).csv
2,5,2,5,2,15.128,15128,-0.48,0.14,9.51,9.5231,0.0055,-0.0153,0.0,2.5,1.06,285.0,-0.533,0.1191,9.7096,9.725,P003_Weight_Stack_Seated_Leg_Extension_Releasing_Too_Fast_2_011 (3).csv
2,5,2,5,2,15.258,15258,-0.68,0.21,9.36,9.387,-0.0142,-0.0153,-0.0011,2.81,1.06,285.0,-0.5524,0.1311,9.6636,9.6802,P003_Weight_Stack_Seated_Leg_Extension_Releasing_Too_Fast_2_011 (3).csv
2,5,2,5,2,15.431,15431,-0.55,0.14,9.76,9.7765,0.0055,0.0142,0.0011,2.81,1.06,285.0,-0.5521,0.1323,9.6763,9.6929,P003_Weight_Stack_Seated_Leg_Extension_Releasing_Too_Fast_2_011 (3).csv
2,5,2,5,2,15.561,15561,-0.54,0.13,9.56,9.5761,0.0044,-0.0044,-0.0033,2.75,1.06,285.0,-0.5505,0.132,9.661,9.6775,P003_Weight_Stack_Seated_Leg_Extension_Releasing_Too_Fast_2_011 (3).csv
2,5,2,5,2,15.691,15691,-0.51,0.16,9.49,9.505,0.0055,0.0153,-0.0033,2.81,1.06,285.0,-0.5451,0.1357,9.6384,9.6548,P003_Weight_Stack_Seated_Leg_Extension_Releasing_Too_Fast_2_011 (3).csv
2,5,2,5,2,15.821,15821,-0.51,0.16,9.49,9.505,0.0,-0.0044,-0.0022,2.81,1.06,285.0,-0.5405,0.1389,9.6189,9.635,P003_Weight_Stack_Seated_Leg_Extension_Releasing_Too_Fast_2_011 (3).csv
2,5,2,5,2,15.951,15951,-0.57,0.12,9.65,9.6676,0.0,-0.0076,0.0022,2.88,1.06,285.0,-0.5444,0.1364,9.623,9.6393,P003_Weight_Stack_Seated_Leg_Extension_Releasing_Too_Fast_2_011 (3).csv
2,5,2,5,2,16.081,16081,-0.49,0.09,9.55,9.563,0.0087,0.0218,0.0055,2.63,1.06,285.0,-0.5372,0.1303,9.6134,9.6292,P003_Weight_Stack_Seated_Leg_Extension_Releasing_Too_Fast_2_011 (3).csv
2,5,2,5,2,16.211,16211,-0.5,0.43,9.71,9.7324,0.024,0.0,-0.0044,2.69,1.19,284.94,-0.5323,0.1698,9.6261,9.6423,P003_Weight_Stack_Seated_Leg_Extension_Releasing_Too_Fast_2_011 (3).csv
2,5,2,5,2,16.341,16341,-0.4,0.13,10.07,10.0788,-0.012,0.0,-0.0022,2.69,1.06,285.0,-0.5149,0.1645,9.6846,9.6997,P003_Weight_Stack_Seated_Leg_Extension_Releasing_Too_Fast_2_011 (3).csv
2,5,2,5,2,16.514,16514,-0.52,0.14,10.32,10.334,0.0011,0.0109,-0.0011,2.63,1.0,285.0,-0.5156,0.1613,9.7683,9.7832,P003_Weight_Stack_Seated_Leg_Extension_Releasing_Too_Fast_2_011 (3).csv
2,5,2,5,2,16.648,16648,-0.53,0.16,9.86,9.8755,0.0131,-0.0022,0.0022,2.63,1.0,285.0,-0.5175,0.1611,9.7804,9.7954,P003_Weight_Stack_Seated_Leg_Extension_Releasing_Too_Fast_2_011 (3).csv
2,5,2,5,2,16.782,16782,-0.52,0.12,9.28,9.2953,0.0164,-0.012,0.0022,2.63,0.94,285.0,-0.5178,0.1557,9.7145,9.7295,P003_Weight_Stack_Seated_Leg_Extension_Releasing_Too_Fast_2_011 (3).csv
2,5,2,5,2,16.912,16912,-0.67,0.16,9.24,9.2656,0.0022,0.0022,0.0011,2.81,0.88,285.0,-0.5379,0.1563,9.6519,9.6682,P003_Weight_Stack_Seated_Leg_Extension_Releasing_Too_Fast_2_011 (3).csv
2,5,2,5,2,17.043,17043,-0.51,0.37,8.3,8.3239,-0.0087,-0.0022,-0.0065,2.75,0.81,285.0,-0.5342,0.1844,9.4738,9.4906,P003_Weight_Stack_Seated_Leg_Extension_Releasing_Too_Fast_2_011 (3).csv
2,5,2,5,2,17.174,17174,-0.54,0.09,8.43,8.4478,0.0098,0.0,0.0011,2.75,0.75,285.0,-0.535,0.172,9.3362,9.3531,P003_Weight_Stack_Seated_Leg_Extension_Releasing_Too_Fast_2_011 (3).csv
2,5,2,5,2,17.304,17304,-0.62,0.12,8.73,8.7528,0.0011,0.0273,0.0055,2.75,0.75,284.94,-0.5462,0.1651,9.2564,9.2739,P003_Weight_Stack_Seated_Leg_Extension_Releasing_Too_Fast_2_011 (3).csv
2,5,2,5,2,17.434,17434,-1.19,0.41,9.98,10.0591,-0.012,-0.0142,-0.0076,2.63,0.81,284.94,-0.631,0.1974,9.3517,9.3751,P003_Weight_Stack_Seated_Leg_Extension_Releasing_Too_Fast_2_011 (3).csv
2,5,2,5,2,17.607,17607,-0.47,0.1,9.91,9.9216,0.0033,0.0098,0.0033,2.69,0.81,284.94,-0.6098,0.1846,9.4253,9.4468,P003_Weight_Stack_Seated_Leg_Extension_Releasing_Too_Fast_2_011 (3).csv
2,5,2,5,2,17.737,17737,-0.52,0.09,9.45,9.4647,-0.0033,-0.0044,-0.0022,2.69,0.81,284.94,-0.598,0.1721,9.4285,9.449,P003_Weight_Stack_Seated_Leg_Extension_Releasing_Too_Fast_2_011 (3).csv
2,5,2,5,2,17.867,17867,-0.51,0.14,9.24,9.2551,-0.0076,0.0196,-0.0011,2.63,0.81,284.94,-0.5864,0.1679,9.4037,9.4235,P003_Weight_Stack_Seated_Leg_Extension_Releasing_Too_Fast_2_011 (3).csv
2,5,2,5,2,17.997,17997,-0.53,0.11,10.22,10.2343,0.0033,-0.0175,0.0,2.69,0.81,284.94,-0.5789,0.1603,9.5113,9.5302,P003_Weight_Stack_Seated_Leg_Extension_Releasing_Too_Fast_2_011 (3).csv
2,5,2,5,2,18.128,18128,-0.5,0.09,9.19,9.204,-0.0044,0.0076,0.0044,2.69,0.81,284.94,-0.5685,0.151,9.4689,9.4872,P003_Weight_Stack_Seated_Leg_Extension_Releasing_Too_Fast_2_011 (3).csv
2,5,2,5,2,18.262,18262,-0.42,0.11,7.14,7.1532,-0.0109,0.0011,-0.0022,2.69,0.81,284.94,-0.549,0.1456,9.162,9.1796,P003_Weight_Stack_Seated_Leg_Extension_Releasing_Too_Fast_2_011 (3).csv
2,5,2,5,2,18.395,18395,-0.36,0.21,7.98,7.9909,-0.0087,0.0065,-0.0022,2.75,0.88,284.94,-0.5241,0.1541,9.0063,9.0228,P003_Weight_Stack_Seated_Leg_Extension_Releasing_Too_Fast_2_011 (3).csv
2,5,2,5,2,18.526,18526,-0.42,0.07,8.8,8.8103,-0.012,-0.0185,0.0,2.75,1.0,284.94,-0.5103,0.143,8.9791,8.9947,P003_Weight_Stack_Seated_Leg_Extension_Releasing_Too_Fast_2_011 (3).csv
2,5,2,5,2,18.699,18699,-0.37,0.06,11.37,11.3762,-0.0131,0.0098,-0.0055,2.81,1.06,284.88,-0.4919,0.1321,9.2942,9.3081,P003_Weight_Stack_Seated_Leg_Extension_Releasing_Too_Fast_2_011 (3).csv
2,5,2,5,2,18.832,18832,-0.51,0.08,10.26,10.273,0.0,0.0065,0.0011,2.75,1.06,284.88,-0.4942,0.1252,9.4214,9.4352,P003_Weight_Stack_Seated_Leg_Extension_Releasing_Too_Fast_2_011 (3).csv
2,5,2,5,2,18.967,18967,-0.52,0.18,9.31,9.3262,0.0033,0.0076,-0.0022,2.56,1.06,284.88,-0.4976,0.1324,9.4067,9.4208,P003_Weight_Stack_Seated_Leg_Extension_Releasing_Too_Fast_2_011 (3).csv
2,5,2,5,2,19.098,19098,-0.56,0.16,9.05,9.0687,-0.0022,0.0,0.0011,2.69,1.06,284.88,-0.5059,0.1361,9.3597,9.3744,P003_Weight_Stack_Seated_Leg_Extension_Releasing_Too_Fast_2_011 (3).csv
2,5,2,5,2,19.228,19228,-0.59,0.16,9.41,9.4298,-0.0022,-0.0262,0.0011,2.81,1.06,284.88,-0.5169,0.1392,9.3664,9.3816,P003_Weight_Stack_Seated_Leg_Extension_Releasing_Too_Fast_2_011 (3).csv
2,5,2,5,2,19.358,19358,-0.55,0.14,9.7,9.7166,0.0033,0.0153,-0.0033,2.81,1.06,284.88,-0.5213,0.1393,9.4103,9.4258,P003_Weight_Stack_Seated_Leg_Extension_Releasing_Too_Fast_2_011 (3).csv
2,5,2,5,2,19.489,19489,-0.52,0.16,9.61,9.6254,0.0,0.0087,0.0,2.75,1.06,284.88,-0.5211,0.142,9.4366,9.4521,P003_Weight_Stack_Seated_Leg_Extension_Releasing_Too_Fast_2_011 (3).csv
2,5,2,5,2,19.619,19619,-0.53,0.17,9.56,9.5762,0.0022,0.0033,-0.0011,2.75,1.06,284.88,-0.5223,0.1457,9.4529,9.4684,P003_Weight_Stack_Seated_Leg_Extension_Releasing_Too_Fast_2_011 (3).csv
2,5,2,5,2,19.792,19792,-0.53,0.18,9.55,9.5664,-0.0011,-0.0251,-0.0022,2.81,1.06,284.88,-0.5233,0.1502,9.4657,9.4813,P003_Weight_Stack_Seated_Leg_Extension_Releasing_Too_Fast_2_011 (3).csv
2,5,2,5,2,19.922,19922,-0.57,0.18,9.53,9.5487,-0.0011,-0.0044,-0.0011,2.88,1.06,284.88,-0.5295,0.1542,9.4742,9.4902,P003_Weight_Stack_Seated_Leg_Extension_Releasing_Too_Fast_2_011 (3).csv
2,5,2,5,2,20.053,20053,-0.54,0.17,9.57,9.5867,-0.0022,-0.0033,0.0011,2.88,1.06,284.88,-0.5309,0.1563,9.4868,9.5029,P003_Weight_Stack_Seated_Leg_Extension_Releasing_Too_Fast_2_011 (3).csv
2,5,2,5,2,20.187,20187,-0.56,0.18,9.57,9.5881,-0.0011,-0.0022,-0.0011,2.88,1.06,284.88,-0.5347,0.1594,9.4978,9.5141,P003_Weight_Stack_Seated_Leg_Extension_Releasing_Too_Fast_2_011 (3).csv
2,5,2,5,2,20.32,20320,-0.59,0.22,9.78,9.8002,0.0011,0.0295,0.0,2.81,1.06,284.88,-0.542,0.1674,9.5349,9.5518,P003_Weight_Stack_Seated_Leg_Extension_Releasing_Too_Fast_2_011 (3).csv
2,5,2,5,2,20.451,20451,-0.44,0.16,9.53,9.5415,0.0055,-0.012,0.0,2.44,1.06,284.88,-0.5285,0.1664,9.5343,9.5504,P003_Weight_Stack_Seated_Leg_Extension_Releasing_Too_Fast_2_011 (3).csv
2,5,2,5,2,20.581,20581,-0.58,0.15,9.97,9.988,0.0044,-0.0207,-0.0022,2.69,1.06,284.88,-0.5353,0.1642,9.5917,9.608,P003_Weight_Stack_Seated_Leg_Extension_Releasing_Too_Fast_2_011 (3).csv
2,5,2,5,2,20.712,20712,-0.45,0.16,10.31,10.3211,-0.0033,0.0185,0.0044,2.5,1.06,284.88,-0.5241,0.1637,9.6864,9.7019,P003_Weight_Stack_Seated_Leg_Extension_Releasing_Too_Fast_2_011 (3).csv
2,5,2,5,2,20.885,20885,-0.56,0.16,10.31,10.3264,0.0044,0.0109,0.0055,2.56,1.0,284.88,-0.5288,0.1632,9.7685,9.7842,P003_Weight_Stack_Seated_Leg_Extension_Releasing_Too_Fast_2_011 (3).csv
2,6,2,5,2,21.016,21016,-0.45,0.21,9.61,9.6228,0.0065,-0.0196,0.0033,2.56,1.0,284.88,-0.5184,0.1694,9.7477,9.7629,P003_Weight_Stack_Seated_Leg_Extension_Releasing_Too_Fast_2_011 (3).csv
2,6,2,5,2,21.147,21147,-0.52,0.22,9.55,9.5667,0.012,-0.012,0.0011,2.75,0.94,284.88,-0.5186,0.176,9.7216,9.737,P003_Weight_Stack_Seated_Leg_Extension_Releasing_Too_Fast_2_011 (3).csv
2,6,2,5,2,21.282,21282,-0.53,0.1,8.98,8.9962,0.0055,-0.0011,-0.0022,2.75,0.88,284.88,-0.5201,0.166,9.6239,9.6394,P003_Weight_Stack_Seated_Leg_Extension_Releasing_Too_Fast_2_011 (3).csv
2,6,2,5,2,21.413,21413,-0.42,0.2,9.04,9.052,-0.0022,-0.0033,-0.0087,2.75,0.81,284.88,-0.5069,0.1705,9.5469,9.5619,P003_Weight_Stack_Seated_Leg_Extension_Releasing_Too_Fast_2_011 (3).csv
2,6,2,5,2,21.544,21544,-0.47,0.14,9.27,9.283,0.012,0.0011,0.0087,2.75,0.81,284.88,-0.5021,0.1665,9.5104,9.5251,P003_Weight_Stack_Seated_Leg_Extension_Releasing_Too_Fast_2_011 (3).csv
2,6,2,5,2,21.674,21674,-0.56,0.16,8.92,8.939,-0.0065,0.0316,-0.0022,2.69,0.75,284.88,-0.5097,0.1656,9.4326,9.4479,P003_Weight_Stack_Seated_Leg_Extension_Releasing_Too_Fast_2_011 (3).csv
2,6,2,5,2,21.804,21804,-0.44,0.06,10.02,10.0298,-0.012,-0.0164,-0.0033,2.5,0.75,284.88,-0.5005,0.1517,9.51,9.5244,P003_Weight_Stack_Seated_Leg_Extension_Releasing_Too_Fast_2_011 (3).csv
2,6,2,5,2,21.977,21977,-0.49,0.11,9.87,9.8828,0.0011,-0.0295,-0.0044,2.63,0.75,284.88,-0.4991,0.1462,9.5575,9.5716,P003_Weight_Stack_Seated_Leg_Extension_Releasing_Too_Fast_2_011 (3).csv
2,6,2,5,2,22.109,22109,-0.58,0.03,8.72,8.7393,0.0022,-0.0065,-0.0022,2.56,0.75,284.88,-0.5098,0.1309,9.4471,9.4618,P003_Weight_Stack_Seated_Leg_Extension_Releasing_Too_Fast_2_011 (3).csv
2,6,2,5,2,22.245,22245,-0.49,0.06,9.29,9.3031,-0.0065,0.024,-0.0065,2.56,0.75,284.88,-0.5072,0.1216,9.4264,9.4408,P003_Weight_Stack_Seated_Leg_Extension_Releasing_Too_Fast_2_011 (3).csv
2,6,2,5,2,22.376,22376,-0.4,0.18,8.28,8.2916,-0.0131,-0.0044,0.0033,2.5,0.81,284.88,-0.4931,0.1293,9.2753,9.2893,P003_Weight_Stack_Seated_Leg_Extension_Releasing_Too_Fast_2_011 (3).csv
2,6,2,5,2,22.506,22506,-0.49,0.16,8.38,8.3958,-0.0142,-0.0164,0.0022,2.63,0.81,284.88,-0.4927,0.1333,9.1574,9.1716,P003_Weight_Stack_Seated_Leg_Extension_Releasing_Too_Fast_2_011 (3).csv
2,6,2,5,2,22.637,22637,-0.37,-0.07,9.24,9.2477,-0.0393,-0.0196,0.0076,2.63,1.0,284.88,-0.4765,0.1065,9.1683,9.1812,P003_Weight_Stack_Seated_Leg_Extension_Releasing_Too_Fast_2_011 (3).csv
2,6,2,5,2,22.767,22767,-0.73,0.13,9.06,9.0903,0.0,-0.0022,-0.0065,2.69,1.0,284.81,-0.5099,0.1096,9.154,9.1688,P003_Weight_Stack_Seated_Leg_Extension_Releasing_Too_Fast_2_011 (3).csv
2,6,2,5,2,22.897,22897,-0.52,0.35,10.09,10.1095,-0.0316,0.0196,-0.0098,2.63,1.06,284.81,-0.5112,0.1413,9.2773,9.2925,P003_Weight_Stack_Seated_Leg_Extension_Releasing_Too_Fast_2_011 (3).csv
2,6,2,5,2,23.07,23070,-0.74,0.02,9.42,9.449,0.0175,-0.0087,0.0033,2.56,1.06,284.81,-0.5414,0.1253,9.2961,9.3127,P003_Weight_Stack_Seated_Leg_Extension_Releasing_Too_Fast_2_011 (3).csv
2,6,2,5,2,23.201,23201,-0.64,0.17,9.81,9.8323,0.0022,-0.0055,-0.0098,2.63,1.06,284.81,-0.5544,0.1312,9.3638,9.3812,P003_Weight_Stack_Seated_Leg_Extension_Releasing_Too_Fast_2_011 (3).csv
2,6,2,5,2,23.331,23331,-0.39,0.2,9.53,9.5401,0.0,0.012,0.0022,2.31,1.13,284.81,-0.5327,0.1403,9.3857,9.4019,P003_Weight_Stack_Seated_Leg_Extension_Releasing_Too_Fast_2_011 (3).csv
2,6,2,5,2,23.464,23464,-0.59,0.19,9.53,9.5501,0.0011,-0.0153,-0.0011,2.5,1.13,284.81,-0.5403,0.1468,9.4047,9.4214,P003_Weight_Stack_Seated_Leg_Extension_Releasing_Too_Fast_2_011 (3).csv
2,6,2,5,2,23.599,23599,-0.49,0.17,9.4,9.4143,0.0065,-0.0273,0.0011,2.5,1.13,284.81,-0.5336,0.1499,9.4041,9.4204,P003_Weight_Stack_Seated_Leg_Extension_Releasing_Too_Fast_2_011 (3).csv
2,6,2,5,2,23.729,23729,-0.53,0.15,9.56,9.5759,-0.0033,-0.0033,0.0022,2.63,1.13,284.81,-0.5332,0.1499,9.4247,9.4409,P003_Weight_Stack_Seated_Leg_Extension_Releasing_Too_Fast_2_011 (3).csv
2,6,2,5,2,23.86,23860,-0.52,0.19,9.56,9.576,0.0,0.0011,0.0011,2.63,1.13,284.81,-0.5314,0.1552,9.4425,9.4587,P003_Weight_Stack_Seated_Leg_Extension_Releasing_Too_Fast_2_011 (3).csv
2,6,2,5,2,23.99,23990,-0.55,0.2,9.52,9.538,-0.0022,0.0,-0.0011,2.63,1.13,284.81,-0.5339,0.1611,9.4527,9.4691,P003_Weight_Stack_Seated_Leg_Extension_Releasing_Too_Fast_2_011 (3).csv
2,6,2,5,2,24.163,24163,-0.53,0.17,9.64,9.6561,-0.0011,0.0,0.0,2.63,1.13,284.81,-0.5334,0.1623,9.4774,9.4938,P003_Weight_Stack_Seated_Leg_Extension_Releasing_Too_Fast_2_011 (3).csv
2,6,2,5,2,24.295,24295,-0.52,0.11,9.61,9.6247,0.0218,0.0622,0.0,2.5,1.06,284.81,-0.5316,0.1554,9.4949,9.511,P003_Weight_Stack_Seated_Leg_Extension_Releasing_Too_Fast_2_011 (3).csv
2,6,2,5,2,24.426,24426,-0.44,0.17,9.54,9.5517,0.0065,-0.0142,-0.0033,2.25,1.06,284.81,-0.5195,0.1573,9.5008,9.5163,P003_Weight_Stack_Seated_Leg_Extension_Releasing_Too_Fast_2_011 (3).csv
2,6,2,5,2,24.557,24557,-0.55,0.16,10.06,10.0763,0.0033,-0.0076,0.0011,2.38,1.06,284.81,-0.5235,0.1577,9.5745,9.5901,P003_Weight_Stack_Seated_Leg_Extension_Releasing_Too_Fast_2_011 (3).csv
2,6,2,5,2,24.691,24691,-0.49,0.17,10.16,10.1732,0.0011,0.0109,0.0,2.25,1.06,284.81,-0.5191,0.1593,9.6517,9.6669,P003_Weight_Stack_Seated_Leg_Extension_Releasing_Too_Fast_2_011 (3).csv
2,6,2,5,2,24.822,24822,-0.52,0.15,10.57,10.5838,0.0076,0.0055,0.0055,2.31,1.06,284.81,-0.5192,0.1581,9.7727,9.7877,P003_Weight_Stack_Seated_Leg_Extension_Releasing_Too_Fast_2_011 (3).csv
2,6,2,5,2,24.953,24953,-0.51,0.15,9.99,10.0041,0.0142,-0.0065,0.0055,2.31,1.0,284.81,-0.518,0.157,9.8013,9.8162,P003_Weight_Stack_Seated_Leg_Extension_Releasing_Too_Fast_2_011 (3).csv
2,7,2,5,2,25.083,25083,-0.52,0.16,8.95,8.9665,0.0087,-0.0305,0.0022,2.5,1.0,284.81,-0.5183,0.1574,9.6891,9.7043,P003_Weight_Stack_Seated_Leg_Extension_Releasing_Too_Fast_2_011 (3).csv
2,7,2,5,2,25.256,25256,-0.58,0.09,9.24,9.2586,-0.0022,-0.0055,-0.0044,2.56,0.94,284.81,-0.5264,0.1485,9.6299,9.6455,P003_Weight_Stack_Seated_Leg_Extension_Releasing_Too_Fast_2_011 (3).csv
2,7,2,5,2,25.386,25386,-0.41,0.32,9.67,9.684,-0.012,0.0,-0.0196,2.5,0.88,284.75,-0.5111,0.1711,9.6352,9.6503,P003_Weight_Stack_Seated_Leg_Extension_Releasing_Too_Fast_2_011 (3).csv
2,7,2,5,2,25.52,25520,-0.53,0.11,9.06,9.0762,0.0011,0.0022,0.0033,2.5,0.88,284.75,-0.5136,0.1631,9.5594,9.5746,P003_Weight_Stack_Seated_Leg_Extension_Releasing_Too_Fast_2_011 (3).csv
2,7,2,5,2,25.654,25654,-0.46,0.16,9.07,9.0831,0.0065,0.0273,-0.0044,2.5,0.88,284.75,-0.5065,0.1627,9.4949,9.5098,P003_Weight_Stack_Seated_Leg_Extension_Releasing_Too_Fast_2_011 (3).csv
2,7,2,5,2,25.784,25784,-0.51,0.03,9.9,9.9132,-0.0098,-0.0131,-0.0011,2.31,0.88,284.75,-0.507,0.1452,9.5483,9.5629,P003_Weight_Stack_Seated_Leg_Extension_Releasing_Too_Fast_2_011 (3).csv
2,7,2,5,2,25.915,25915,-0.62,-0.02,9.9,9.9194,0.0065,-0.0316,-0.0044,2.38,0.88,284.75,-0.5219,0.1234,9.5947,9.6096,P003_Weight_Stack_Seated_Leg_Extension_Releasing_Too_Fast_2_011 (3).csv
2,7,2,5,2,26.045,26045,-0.59,0.11,9.26,9.2794,0.0011,-0.0098,-0.0033,2.44,0.88,284.75,-0.5308,0.1216,9.5506,9.5661,P003_Weight_Stack_Seated_Leg_Extension_Releasing_Too_Fast_2_011 (3).csv
2,7,2,5,2,26.176,26176,-0.53,0.15,9.39,9.4061,0.0011,0.0175,0.0022,2.38,0.88,284.75,-0.5307,0.1254,9.5294,9.545,P003_Weight_Stack_Seated_Leg_Extension_Releasing_Too_Fast_2_011 (3).csv
2,7,2,5,2,26.348,26348,-0.5,0.11,8.94,8.9546,-0.0033,-0.0131,0.0022,2.38,0.88,284.75,-0.5267,0.1234,9.4517,9.4672,P003_Weight_Stack_Seated_Leg_Extension_Releasing_Too_Fast_2_011 (3).csv
2,7,2,5,2,26.479,26479,-0.54,0.11,8.27,8.2883,-0.0131,0.0022,0.0011,2.38,0.88,284.75,-0.5284,0.1216,9.296,9.3118,P003_Weight_Stack_Seated_Leg_Extension_Releasing_Too_Fast_2_011 (3).csv
2,7,2,5,2,26.61,26610,-0.4,0.15,8.35,8.3609,-0.0131,-0.0131,0.0087,2.5,1.0,284.75,-0.5115,0.1253,9.1713,9.1865,P003_Weight_Stack_Seated_Leg_Extension_Releasing_Too_Fast_2_011 (3).csv
2,7,2,5,2,26.74,26740,-0.55,0.14,9.76,9.7765,0.0,0.0087,-0.0022,2.5,1.06,284.75,-0.5166,0.1273,9.2489,9.2642,P003_Weight_Stack_Seated_Leg_Extension_Releasing_Too_Fast_2_011 (3).csv
2,7,2,5,2,26.876,26876,-0.44,0.13,11.17,11.1794,-0.0142,0.0011,0.0022,2.56,1.13,284.75,-0.5065,0.1276,9.5021,9.5164,P003_Weight_Stack_Seated_Leg_Extension_Releasing_Too_Fast_2_011 (3).csv
2,7,2,5,2,27.008,27008,-0.65,0.07,10.54,10.5603,-0.0022,0.0185,-0.0087,2.5,1.13,284.75,-0.5254,0.12,9.6388,9.6539,P003_Weight_Stack_Seated_Leg_Extension_Releasing_Too_Fast_2_011 (3).csv
2,7,2,5,2,27.138,27138,-0.66,0.23,10.61,10.633,0.0022,-0.0175,-0.0065,2.44,1.13,284.75,-0.5431,0.1345,9.7668,9.7828,P003_Weight_Stack_Seated_Leg_Extension_Releasing_Too_Fast_2_011 (3).csv
2,8,2,5,2,27.269,27269,-0.4,0.16,9.62,9.6296,-0.0011,0.0196,0.0,2.31,1.13,284.75,-0.5243,0.1379,9.7475,9.7625,P003_Weight_Stack_Seated_Leg_Extension_Releasing_Too_Fast_2_011 (3).csv
2,8,2,5,2,27.442,27442,-0.44,0.19,8.89,8.9029,0.0011,-0.0196,0.0,2.38,1.13,284.75,-0.5132,0.1447,9.6345,9.6492,P003_Weight_Stack_Seated_Leg_Extension_Releasing_Too_Fast_2_011 (3).csv
2,8,2,5,2,27.573,27573,-0.54,0.13,9.62,9.636,0.0044,-0.0011,-0.0033,2.56,1.13,284.75,-0.5167,0.1428,9.6326,9.6475,P003_Weight_Stack_Seated_Leg_Extension_Releasing_Too_Fast_2_011 (3).csv
2,8,2,5,2,27.709,27709,-0.52,0.14,9.99,10.0045,0.0022,0.0207,0.0011,2.5,1.13,284.75,-0.5171,0.1424,9.6797,9.6945,P003_Weight_Stack_Seated_Leg_Extension_Releasing_Too_Fast_2_011 (3).csv
2,8,2,5,2,27.84,27840,-0.52,0.14,9.53,9.5452,-0.0087,0.0338,0.0,2.38,1.13,284.75,-0.5175,0.1421,9.6599,9.6748,P003_Weight_Stack_Seated_Leg_Extension_Releasing_Too_Fast_2_011 (3).csv
2,8,2,5,2,27.97,27970,-0.49,0.19,9.4,9.4147,0.0022,-0.0196,0.0,2.44,1.13,284.75,-0.5139,0.1484,9.6257,9.6405,P003_Weight_Stack_Seated_Leg_Extension_Releasing_Too_Fast_2_011 (3).csv
2,8,2,5,2,28.101,28101,-0.52,0.16,9.66,9.6753,0.0011,-0.0273,-0.0011,2.5,1.13,284.75,-0.5147,0.15,9.6302,9.6451,P003_Weight_Stack_Seated_Leg_Extension_Releasing_Too_Fast_2_011 (3).csv
2,8,2,5,2,28.231,28231,-0.59,0.16,9.57,9.5895,0.0,0.0044,-0.0033,2.63,1.13,284.75,-0.5246,0.1513,9.6223,9.6378,P003_Weight_Stack_Seated_Leg_Extension_Releasing_Too_Fast_2_011 (3).csv
2,8,2,5,2,28.362,28362,-0.51,0.13,9.98,9.9939,-0.0185,0.0654,-0.0011,2.38,1.13,284.69,-0.5227,0.1485,9.6694,9.6847,P003_Weight_Stack_Seated_Leg_Extension_Releasing_Too_Fast_2_011 (3).csv
2,8,2,5,2,28.534,28534,-0.57,0.16,10.44,10.4568,0.0087,-0.0098,0.0,2.56,1.06,284.69,-0.5289,0.15,9.771,9.7864,P003_Weight_Stack_Seated_Leg_Extension_Releasing_Too_Fast_2_011 (3).csv
2,8,2,5,2,28.664,28664,-0.47,0.15,9.99,10.0022,0.0,0.024,0.0055,2.38,1.06,284.69,-0.5212,0.15,9.7998,9.8148,P003_Weight_Stack_Seated_Leg_Extension_Releasing_Too_Fast_2_011 (3).csv
2,8,2,5,2,28.794,28794,-0.5,0.1,9.52,9.5336,0.0175,-0.0327,0.0022,2.56,0.94,284.75,-0.5184,0.1434,9.7629,9.7778,P003_Weight_Stack_Seated_Leg_Extension_Releasing_Too_Fast_2_011 (3).csv
2,8,2,5,2,28.924,28924,-0.52,0.12,9.31,9.3253,0.0153,0.0109,-0.0011,2.63,0.88,284.75,-0.5186,0.1403,9.7033,9.7181,P003_Weight_Stack_Seated_Leg_Extension_Releasing_Too_Fast_2_011 (3).csv
2,8,2,5,2,29.054,29054,-0.54,0.34,9.3,9.3219,0.0011,-0.0131,-0.0087,2.63,0.81,284.69,-0.5214,0.1666,9.6501,9.6656,P003_Weight_Stack_Seated_Leg_Extension_Releasing_Too_Fast_2_011 (3).csv
2,8,2,5,2,29.184,29184,-0.48,0.12,8.51,8.5244,0.0087,0.0098,0.0065,2.63,0.75,284.69,-0.516,0.1605,9.4999,9.5152,P003_Weight_Stack_Seated_Leg_Extension_Releasing_Too_Fast_2_011 (3).csv
2,8,2,5,2,29.314,29314,-0.6,0.16,8.51,8.5326,0.0087,0.0196,-0.0055,2.63,0.75,284.69,-0.527,0.1604,9.3694,9.3856,P003_Weight_Stack_Seated_Leg_Extension_Releasing_Too_Fast_2_011 (3).csv
2,8,2,5,2,29.444,29444,-0.54,0.21,9.45,9.4677,-0.0251,-0.0055,-0.0044,2.38,0.75,284.69,-0.5287,0.167,9.3801,9.3964,P003_Weight_Stack_Seated_Leg_Extension_Releasing_Too_Fast_2_011 (3).csv
2,8,2,5,2,29.617,29617,-0.56,0.17,9.69,9.7077,0.0022,0.0065,-0.0011,2.5,0.75,284.69,-0.5329,0.1674,9.4209,9.4374,P003_Weight_Stack_Seated_Leg_Extension_Releasing_Too_Fast_2_011 (3).csv
2,8,2,5,2,29.747,29747,-0.48,0.14,9.7,9.7129,0.0044,-0.0142,-0.0022,2.5,0.75,284.69,-0.5259,0.1638,9.4577,9.4737,P003_Weight_Stack_Seated_Leg_Extension_Releasing_Too_Fast_2_011 (3).csv
2,8,2,5,2,29.878,29878,-0.4,0.11,9.36,9.3692,-0.0011,0.0153,0.0065,2.5,0.75,284.69,-0.5093,0.1567,9.4448,9.4598,P003_Weight_Stack_Seated_Leg_Extension_Releasing_Too_Fast_2_011 (3).csv
2,8,2,5,2,30.011,30011,-0.5,0.1,9.46,9.4737,0.0044,-0.0087,-0.0076,2.38,0.75,284.69,-0.5081,0.1492,9.4468,9.4616,P003_Weight_Stack_Seated_Leg_Extension_Releasing_Too_Fast_2_011 (3).csv
2,8,2,5,2,30.145,30145,-0.53,0.08,8.31,8.3273,-0.0033,-0.0044,0.0033,2.5,0.75,284.69,-0.511,0.1401,9.297,9.3121,P003_Weight_Stack_Seated_Leg_Extension_Releasing_Too_Fast_2_011 (3).csv
2,8,2,5,2,30.276,30276,-0.42,0.21,7.98,7.9938,-0.012,0.0,0.0022,2.5,0.81,284.69,-0.499,0.1493,9.1235,9.1383,P003_Weight_Stack_Seated_Leg_Extension_Releasing_Too_Fast_2_011 (3).csv
2,8,2,5,2,30.407,30407,-0.55,0.24,8.81,8.8304,-0.0185,0.0142,0.0022,2.56,0.94,284.69,-0.5057,0.1612,9.0822,9.0977,P003_Weight_Stack_Seated_Leg_Extension_Releasing_Too_Fast_2_011 (3).csv
2,8,2,5,2,30.537,30537,-0.62,0.21,9.64,9.6622,-0.0044,0.0065,0.0022,2.63,0.94,284.63,-0.5208,0.1677,9.1557,9.172,P003_Weight_Stack_Seated_Leg_Extension_Releasing_Too_Fast_2_011 (3).csv
2,8,2,5,2,30.71,30710,-0.54,0.24,10.87,10.8861,0.0011,-0.0033,0.0,2.56,1.0,284.63,-0.5233,0.1772,9.3816,9.3978,P003_Weight_Stack_Seated_Leg_Extension_Releasing_Too_Fast_2_011 (3).csv
2,8,2,5,2,30.841,30841,-0.8,0.03,9.57,9.6034,0.0044,-0.0142,0.0022,2.56,1.0,284.63,-0.5598,0.1578,9.4064,9.4244,P003_Weight_Stack_Seated_Leg_Extension_Releasing_Too_Fast_2_011 (3).csv
2,8,2,5,2,30.972,30972,-0.53,0.19,9.77,9.7862,-0.0065,0.0393,-0.0044,2.44,1.0,284.63,-0.5558,0.162,9.4543,9.472,P003_Weight_Stack_Seated_Leg_Extension_Releasing_Too_Fast_2_011 (3).csv
2,8,2,5,2,31.102,31102,-0.4,0.13,9.43,9.4394,0.0011,0.0,0.0,2.31,1.0,284.63,-0.5353,0.1578,9.4511,9.4676,P003_Weight_Stack_Seated_Leg_Extension_Releasing_Too_Fast_2_011 (3).csv
2,8,2,5,2,31.238,31238,-0.42,0.21,9.43,9.4417,-0.0076,0.0011,0.0044,2.69,1.0,284.63,-0.5201,0.1647,9.4483,9.4641,P003_Weight_Stack_Seated_Leg_Extension_Releasing_Too_Fast_2_011 (3).csv
2,8,2,5,2,31.369,31369,-0.55,0.23,9.62,9.6385,0.0,0.0055,0.0,2.69,1.0,284.63,-0.524,0.1733,9.4709,9.487,P003_Weight_Stack_Seated_Leg_Extension_Releasing_Too_Fast_2_011 (3).csv
2,8,2,5,2,31.5,31500,-0.55,0.15,9.58,9.5969,0.0,0.0011,-0.0022,2.75,1.0,284.63,-0.5275,0.1702,9.4853,9.5015,P003_Weight_Stack_Seated_Leg_Extension_Releasing_Too_Fast_2_011 (3).csv
2,8,2,5,2,31.63,31630,-0.48,0.2,9.43,9.4443,-0.0022,0.0087,0.0011,2.63,1.0,284.63,-0.5212,0.1742,9.478,9.4939,P003_Weight_Stack_Seated_Leg_Extension_Releasing_Too_Fast_2_011 (3).csv
2,8,2,5,2,31.803,31803,-0.53,0.16,9.55,9.566,0.0,0.0011,0.0,2.75,1.0,284.63,-0.5224,0.1723,9.4875,9.5034,P003_Weight_Stack_Seated_Leg_Extension_Releasing_Too_Fast_2_011 (3).csv
2,8,2,5,2,31.934,31934,-0.5,0.16,9.56,9.5744,0.0055,0.036,-0.0011,2.69,1.0,284.63,-0.5194,0.1707,9.4971,9.5128,P003_Weight_Stack_Seated_Leg_Extension_Releasing_Too_Fast_2_011 (3).csv
2,8,2,5,2,32.064,32064,-0.5,0.18,9.61,9.6247,0.0,0.0098,-0.0011,2.5,1.0,284.63,-0.5169,0.1719,9.5119,9.5275,P003_Weight_Stack_Seated_Leg_Extension_Releasing_Too_Fast_2_011 (3).csv
2,8,2,5,2,32.2,32200,-0.47,0.14,10.09,10.1019,0.0022,-0.0087,0.0011,2.5,1.0,284.63,-0.5107,0.1677,9.5881,9.6032,P003_Weight_Stack_Seated_Leg_Extension_Releasing_Too_Fast_2_011 (3).csv
2,8,2,5,2,32.332,32332,-0.53,0.17,10.47,10.4848,-0.0033,0.0196,0.0011,2.5,1.0,284.63,-0.5132,0.168,9.7043,9.7193,P003_Weight_Stack_Seated_Leg_Extension_Releasing_Too_Fast_2_011 (3).csv
2,8,2,5,2,32.462,32462,-0.52,0.09,10.74,10.753,0.0131,-0.0087,0.0065,2.44,1.0,284.63,-0.5141,0.1577,9.8408,9.8555,P003_Weight_Stack_Seated_Leg_Extension_Releasing_Too_Fast_2_011 (3).csv
2,8,2,5,2,32.592,32592,-0.45,0.16,9.92,9.9315,0.0076,-0.0044,0.0055,2.44,0.94,284.63,-0.5057,0.158,9.8512,9.8655,P003_Weight_Stack_Seated_Leg_Extension_Releasing_Too_Fast_2_011 (3).csv
2,9,2,5,2,32.723,32723,-0.74,0.13,9.04,9.0712,0.0185,-0.0273,-0.0022,2.63,0.88,284.63,-0.5366,0.1543,9.7443,9.7603,P003_Weight_Stack_Seated_Leg_Extension_Releasing_Too_Fast_2_011 (3).csv
2,9,2,5,2,32.896,32896,-0.56,0.05,8.55,8.5685,0.0044,0.0098,-0.0022,2.63,0.75,284.63,-0.5396,0.1406,9.587,9.6032,P003_Weight_Stack_Seated_Leg_Extension_Releasing_Too_Fast_2_011 (3).csv
2,9,2,5,2,33.027,33027,-0.55,0.12,8.51,8.5286,0.0011,0.0044,-0.012,2.56,0.69,284.63,-0.541,0.1379,9.445,9.4615,P003_Weight_Stack_Seated_Leg_Extension_Releasing_Too_Fast_2_011 (3).csv
2,9,2,5,2,33.16,33160,-0.66,0.07,8.68,8.7053,0.0153,0.0305,0.0131,2.56,0.69,284.63,-0.5567,0.1289,9.3442,9.3617,P003_Weight_Stack_Seated_Leg_Extension_Releasing_Too_Fast_2_011 (3).csv
2,9,2,5,2,33.294,33294,-1.09,0.19,10.14,10.2002,0.0044,-0.0087,0.0,2.38,0.69,284.63,-0.627,0.137,9.4491,9.4709,P003_Weight_Stack_Seated_Leg_Extension_Releasing_Too_Fast_2_011 (3).csv
2,9,2,5,2,33.425,33425,-0.63,0.17,9.74,9.7618,-0.0065,-0.0382,-0.0055,2.5,0.69,284.63,-0.6274,0.1413,9.4874,9.5092,P003_Weight_Stack_Seated_Leg_Extension_Releasing_Too_Fast_2_011 (3).csv
2,9,2,5,2,33.555,33555,-0.42,0.05,9.44,9.4495,0.0044,0.0109,-0.0022,2.38,0.69,284.63,-0.6,0.1293,9.4812,9.501,P003_Weight_Stack_Seated_Leg_Extension_Releasing_Too_Fast_2_011 (3).csv
2,9,2,5,2,33.685,33685,-0.55,0.15,8.95,8.9681,-0.0044,-0.0044,0.0065,2.44,0.69,284.63,-0.5934,0.132,9.4112,9.4308,P003_Weight_Stack_Seated_Leg_Extension_Releasing_Too_Fast_2_011 (3).csv
2,9,2,5,2,33.816,33816,-0.48,0.17,8.83,8.8447,-0.0076,0.0022,-0.0011,2.44,0.69,284.63,-0.5785,0.137,9.3346,9.3535,P003_Weight_Stack_Seated_Leg_Extension_Releasing_Too_Fast_2_011 (3).csv
2,9,2,5,2,33.988,33988,-0.41,0.18,8.46,8.4718,-0.0142,0.0,-0.0044,2.5,0.81,284.63,-0.5563,0.1427,9.2193,9.2372,P003_Weight_Stack_Seated_Leg_Extension_Releasing_Too_Fast_2_011 (3).csv
2,9,2,5,2,34.119,34119,-0.39,0.14,10.03,10.0386,-0.0055,-0.012,-0.0033,2.5,0.88,284.63,-0.5344,0.1423,9.3262,9.3426,P003_Weight_Stack_Seated_Leg_Extension_Releasing_Too_Fast_2_011 (3).csv
2,9,2,5,2,34.25,34250,-1.09,0.28,9.7,9.7651,0.012,-0.0284,-0.012,2.56,0.94,284.63,-0.6076,0.1605,9.3754,9.3965,P003_Weight_Stack_Seated_Leg_Extension_Releasing_Too_Fast_2_011 (3).csv
2,9,2,5,2,34.381,34381,-0.72,0.43,9.29,9.3278,-0.0513,0.0076,-0.0153,2.5,0.94,284.56,-0.6224,0.196,9.3642,9.3869,P003_Weight_Stack_Seated_Leg_Extension_Releasing_Too_Fast_2_011 (3).csv
2,9,2,5,2,34.516,34516,-0.21,0.17,10.56,10.5635,0.0142,0.0033,0.0044,2.5,0.94,284.56,-0.5681,0.1926,9.5218,9.5406,P003_Weight_Stack_Seated_Leg_Extension_Releasing_Too_Fast_2_011 (3).csv
2,9,2,5,2,34.648,34648,-0.7,0.2,9.77,9.7971,0.0033,0.0404,0.0022,2.5,0.94,284.56,-0.5854,0.1935,9.5545,9.5743,P003_Weight_Stack_Seated_Leg_Extension_Releasing_Too_Fast_2_011 (3).csv
2,9,2,5,2,34.778,34778,-0.51,0.15,9.45,9.4649,0.0022,-0.0044,-0.0011,2.38,0.94,284.56,-0.5755,0.1878,9.5407,9.5599,P003_Weight_Stack_Seated_Leg_Extension_Releasing_Too_Fast_2_011 (3).csv
2,9,2,5,2,34.909,34909,-0.48,0.27,9.16,9.1765,-0.0033,0.0055,-0.0011,2.56,0.94,284.56,-0.5629,0.1986,9.4905,9.5093,P003_Weight_Stack_Seated_Leg_Extension_Releasing_Too_Fast_2_011 (3).csv
2,9,2,5,2,35.082,35082,-0.52,0.12,9.71,9.7247,0.0022,0.0131,-0.0011,2.56,0.94,284.56,-0.5573,0.1883,9.5195,9.5376,P003_Weight_Stack_Seated_Leg_Extension_Releasing_Too_Fast_2_011 (3).csv
2,9,2,5,2,35.212,35212,-0.6,0.15,9.87,9.8894,0.0022,0.0207,0.0022,2.56,0.94,284.56,-0.5629,0.1832,9.5656,9.5839,P003_Weight_Stack_Seated_Leg_Extension_Releasing_Too_Fast_2_011 (3).csv
2,9,2,5,2,35.342,35342,-0.43,0.16,9.55,9.561,0.0044,-0.0065,0.0,2.31,1.0,284.56,-0.5454,0.1802,9.5636,9.5808,P003_Weight_Stack_Seated_Leg_Extension_Releasing_Too_Fast_2_011 (3).csv
2,9,2,5,2,35.472,35472,-0.55,0.16,9.43,9.4474,0.0,0.0065,-0.0011,2.5,1.0,284.56,-0.546,0.1775,9.546,9.5632,P003_Weight_Stack_Seated_Leg_Extension_Releasing_Too_Fast_2_011 (3).csv
2,9,2,5,2,35.602,35602,-0.49,0.16,10.01,10.0233,-0.0065,0.024,-0.0011,2.44,1.0,284.56,-0.5386,0.1752,9.6071,9.6238,P003_Weight_Stack_Seated_Leg_Extension_Releasing_Too_Fast_2_011 (3).csv
2,9,2,5,2,35.732,35732,-0.55,0.17,10.25,10.2662,0.0065,-0.0142,0.0033,2.5,1.0,284.56,-0.5401,0.1745,9.6918,9.7084,P003_Weight_Stack_Seated_Leg_Extension_Releasing_Too_Fast_2_011 (3).csv
2,9,2,5,2,35.862,35862,-0.49,0.11,10.26,10.2723,0.0044,0.0207,0.0033,2.44,0.94,284.56,-0.5335,0.166,9.7667,9.7827,P003_Weight_Stack_Seated_Leg_Extension_Releasing_Too_Fast_2_011 (3).csv
2,9,2,5,2,35.992,35992,-0.55,0.13,10.07,10.0858,0.0076,-0.0175,0.0055,2.44,0.94,284.56,-0.5357,0.1613,9.8067,9.8226,P003_Weight_Stack_Seated_Leg_Extension_Releasing_Too_Fast_2_011 (3).csv
2,10,2,5,2,36.168,36168,-0.45,0.15,9.01,9.0225,0.0076,-0.0185,-0.0011,2.56,0.81,284.56,-0.5244,0.1598,9.7017,9.7172,P003_Weight_Stack_Seated_Leg_Extension_Releasing_Too_Fast_2_011 (3).csv
2,10,2,5,2,36.302,36302,-0.41,0.01,8.39,8.4,0.0185,0.0175,-0.0022,2.63,0.75,284.56,-0.5093,0.14,9.5288,9.5435,P003_Weight_Stack_Seated_Leg_Extension_Releasing_Too_Fast_2_011 (3).csv
2,10,2,5,2,36.433,36433,-0.5,0.12,9.5,9.5139,0.0065,0.0,0.0,2.69,0.75,284.56,-0.5081,0.1374,9.525,9.5396,P003_Weight_Stack_Seated_Leg_Extension_Releasing_Too_Fast_2_011 (3).csv
2,10,2,5,2,36.563,36563,-0.68,-0.04,8.62,8.6469,0.0098,0.0065,-0.0033,2.63,0.69,284.56,-0.5307,0.114,9.4058,9.4214,P003_Weight_Stack_Seated_Leg_Extension_Releasing_Too_Fast_2_011 (3).csv
2,10,2,5,2,36.693,36693,-0.65,0.17,9.13,9.1547,-0.0044,0.0065,-0.0033,2.69,0.69,284.56,-0.5465,0.1214,9.3694,9.3861,P003_Weight_Stack_Seated_Leg_Extension_Releasing_Too_Fast_2_011 (3).csv
2,10,2,5,2,36.824,36824,-0.7,0.03,9.59,9.6156,0.0109,0.0022,0.0087,2.69,0.69,284.56,-0.5667,0.1094,9.3985,9.4162,P003_Weight_Stack_Seated_Leg_Extension_Releasing_Too_Fast_2_011 (3).csv
2,10,2,5,2,36.954,36954,-0.66,0.17,9.59,9.6142,0.0033,0.0229,-0.0011,2.63,0.69,284.56,-0.579,0.1174,9.4237,9.4422,P003_Weight_Stack_Seated_Leg_Extension_Releasing_Too_Fast_2_011 (3).csv
2,10,2,5,2,37.085,37085,-0.68,0.27,9.25,9.2789,-0.0109,-0.0142,0.0011,2.63,0.69,284.56,-0.5923,0.1375,9.4008,9.4205,P003_Weight_Stack_Seated_Leg_Extension_Releasing_Too_Fast_2_011 (3).csv
2,10,2,5,2,37.257,37257,-0.67,0.17,8.95,8.9767,-0.0087,-0.0207,-0.0044,2.69,0.69,284.56,-0.6025,0.1418,9.3414,9.3619,P003_Weight_Stack_Seated_Leg_Extension_Releasing_Too_Fast_2_011 (3).csv
2,10,2,5,2,37.388,37388,-0.46,0.04,8.73,8.7422,-0.0087,0.0185,0.0087,2.63,0.69,284.56,-0.5838,0.1283,9.2609,9.2801,P003_Weight_Stack_Seated_Leg_Extension_Releasing_Too_Fast_2_011 (3).csv
2,10,2,5,2,37.518,37518,-0.64,-0.05,8.33,8.3547,-0.0218,-0.0371,-0.0011,2.69,0.75,284.56,-0.5912,0.1048,9.1382,9.1579,P003_Weight_Stack_Seated_Leg_Extension_Releasing_Too_Fast_2_011 (3).csv
2,10,2,5,2,37.649,37649,-0.53,0.24,8.91,8.929,-0.0011,0.0153,-0.0229,2.75,0.88,284.56,-0.5831,0.1227,9.1081,9.1276,P003_Weight_Stack_Seated_Leg_Extension_Releasing_Too_Fast_2_011 (3).csv
2,10,2,5,2,37.78,37780,-0.7,-0.05,9.89,9.9149,-0.0098,-0.0055,-0.0044,2.81,0.88,284.56,-0.5985,0.0999,9.2112,9.2311,P003_Weight_Stack_Seated_Leg_Extension_Releasing_Too_Fast_2_011 (3).csv
2,10,2,5,2,37.916,37916,-0.59,0.25,10.26,10.28,-0.0153,0.012,-0.0065,2.75,0.94,284.5,-0.5974,0.1197,9.3494,9.3692,P003_Weight_Stack_Seated_Leg_Extension_Releasing_Too_Fast_2_011 (3).csv
2,10,2,5,2,38.047,38047,-0.53,0.17,10.2,10.2152,0.0087,0.0022,-0.0055,2.69,0.94,284.5,-0.5885,0.1263,9.4615,9.4806,P003_Weight_Stack_Seated_Leg_Extension_Releasing_Too_Fast_2_011 (3).csv
2,10,2,5,2,38.177,38177,-0.47,0.23,10.21,10.2234,0.0098,0.0251,-0.0022,2.56,0.94,284.44,-0.5729,0.14,9.5601,9.5783,P003_Weight_Stack_Seated_Leg_Extension_Releasing_Too_Fast_2_011 (3).csv
2,10,2,5,2,38.35,38350,-0.47,0.17,9.28,9.2934,0.0022,-0.0044,-0.0022,2.63,0.94,284.5,-0.5593,0.1439,9.5232,9.5407,P003_Weight_Stack_Seated_Leg_Extension_Releasing_Too_Fast_2_011 (3).csv
2,10,2,5,2,38.481,38481,-0.46,0.17,9.18,9.1931,0.0087,-0.0262,-0.0022,2.56,0.94,284.5,-0.5462,0.1474,9.478,9.4948,P003_Weight_Stack_Seated_Leg_Extension_Releasing_Too_Fast_2_011 (3).csv
2,10,2,5,2,38.613,38613,-0.56,0.07,9.47,9.4868,0.0109,-0.0011,-0.0033,2.81,0.94,284.5,-0.5481,0.1372,9.4769,9.4937,P003_Weight_Stack_Seated_Leg_Extension_Releasing_Too_Fast_2_011 (3).csv
2,10,2,5,2,38.743,38743,-0.58,0.16,9.69,9.7087,0.0055,0.0033,0.0044,2.81,0.94,284.5,-0.5523,0.1402,9.505,9.5221,P003_Weight_Stack_Seated_Leg_Extension_Releasing_Too_Fast_2_011 (3).csv
2,10,2,5,2,38.873,38873,-0.62,0.19,9.68,9.7017,0.0011,0.0131,0.0,2.81,0.94,284.5,-0.5612,0.1467,9.5281,9.5457,P003_Weight_Stack_Seated_Leg_Extension_Releasing_Too_Fast_2_011 (3).csv
2,10,2,5,2,39.009,39009,-0.39,0.19,9.56,9.5698,-0.0065,0.0207,-0.0011,2.5,1.0,284.44,-0.5386,0.1524,9.5323,9.5487,P003_Weight_Stack_Seated_Leg_Extension_Releasing_Too_Fast_2_011 (3).csv
2,10,2,5,2,39.14,39140,-0.57,0.12,9.85,9.8672,-0.0011,-0.0218,0.0,2.69,0.94,284.5,-0.5428,0.1482,9.5741,9.5907,P003_Weight_Stack_Seated_Leg_Extension_Releasing_Too_Fast_2_011 (3).csv
2,10,2,5,2,39.27,39270,-0.46,0.16,10.12,10.1317,-0.0011,0.0185,0.0,2.56,0.94,284.44,-0.5319,0.1497,9.6461,9.6619,P003_Weight_Stack_Seated_Leg_Extension_Releasing_Too_Fast_2_011 (3).csv
2,10,2,5,2,39.443,39443,-0.59,0.11,10.35,10.3674,0.0065,0.0109,0.0055,2.63,0.94,284.44,-0.5395,0.1445,9.7388,9.7548,P003_Weight_Stack_Seated_Leg_Extension_Releasing_Too_Fast_2_011 (3).csv
2,10,2,5,2,39.573,39573,-0.52,0.17,9.7,9.7154,0.0185,-0.012,0.0044,2.56,0.94,284.44,-0.5369,0.1479,9.7337,9.7496,P003_Weight_Stack_Seated_Leg_Extension_Releasing_Too_Fast_2_011 (3).csv
2,10,2,5,2,39.704,39704,-0.48,0.14,9.57,9.5831,0.0142,-0.0273,-0.0011,2.75,0.81,284.5,-0.5294,0.1468,9.7121,9.7277,P003_Weight_Stack_Seated_Leg_Extension_Releasing_Too_Fast_2_011 (3).csv
2,10,2,5,2,39.834,39834,-0.4,0.23,9.22,9.2315,0.0033,0.0087,0.0,2.75,0.75,284.5,-0.5124,0.1578,9.6473,9.6622,P003_Weight_Stack_Seated_Leg_Extension_Releasing_Too_Fast_2_011 (3).csv
2,10,2,5,2,39.965,39965,-0.62,-0.01,9.59,9.61,0.0316,0.0109,-0.0011,2.75,0.69,284.44,-0.5266,0.1357,9.6397,9.6551,P003_Weight_Stack_Seated_Leg_Extension_Releasing_Too_Fast_2_011 (3).csv
2,10,2,5,2,40.096,40096,-0.56,0.04,8.28,8.299,-0.0044,-0.0065,0.0044,2.75,0.63,284.44,-0.531,0.1231,9.4606,9.4762,P003_Weight_Stack_Seated_Leg_Extension_Releasing_Too_Fast_2_011 (3).csv
2,10,2,5,2,40.231,40231,-0.57,0.0,9.46,9.4772,0.0164,0.0447,-0.0076,2.56,0.63,284.44,-0.5361,0.1068,9.4605,9.4763,P003_Weight_Stack_Seated_Leg_Extension_Releasing_Too_Fast_2_011 (3).csv
3,1,2,5,2,0.0,0,-0.5,0.06,9.48,9.4934,0.0044,-0.0109,-0.0022,3.13,0.56,285.88,-0.5348,0.0667,9.5637,9.5789,P003_Weight_Stack_Seated_Leg_Extension_Releasing_Too_Fast_2_011 (4).csv
3,1,2,5,2,0.136,136,-0.54,0.05,9.64,9.6552,-0.0022,-0.0022,0.0044,3.13,0.56,285.88,-0.5355,0.0645,9.5738,9.5889,P003_Weight_Stack_Seated_Leg_Extension_Releasing_Too_Fast_2_011 (4).csv
3,1,2,5,2,0.267,267,-0.52,0.06,9.56,9.5743,-0.0044,0.0076,-0.0011,3.13,0.56,285.88,-0.5335,0.0639,9.572,9.587,P003_Weight_Stack_Seated_Leg_Extension_Releasing_Too_Fast_2_011 (4).csv
3,1,2,5,2,0.398,398,-0.54,0.08,9.46,9.4757,-0.0033,0.0044,-0.0011,3.13,0.56,285.88,-0.5343,0.066,9.5572,9.5724,P003_Weight_Stack_Seated_Leg_Extension_Releasing_Too_Fast_2_011 (4).csv
3,1,2,5,2,0.528,528,-0.52,0.07,9.52,9.5344,-0.0011,0.0011,0.0011,3.13,0.56,285.88,-0.5324,0.0666,9.5523,9.5674,P003_Weight_Stack_Seated_Leg_Extension_Releasing_Too_Fast_2_011 (4).csv
3,1,2,5,2,0.658,658,-0.54,0.09,9.58,9.5956,-0.0022,0.0022,0.0,3.13,0.56,285.88,-0.5334,0.0696,9.5559,9.5711,P003_Weight_Stack_Seated_Leg_Extension_Releasing_Too_Fast_2_011 (4).csv
3,1,2,5,2,0.789,789,-0.53,0.07,9.58,9.5949,0.0011,0.0011,-0.0011,3.13,0.56,285.88,-0.533,0.0697,9.5591,9.5742,P003_Weight_Stack_Seated_Leg_Extension_Releasing_Too_Fast_2_011 (4).csv
3,1,2,5,2,0.962,962,-0.9,0.62,10.24,10.2982,-0.2749,0.0851,0.0731,2.88,1.25,285.81,-0.5814,0.1422,9.6488,9.6674,P003_Weight_Stack_Seated_Leg_Extension_Releasing_Too_Fast_2_011 (4).csv
3,1,2,5,2,1.093,1093,-0.53,-0.38,9.51,9.5323,0.0916,0.0851,0.0851,2.94,1.13,285.75,-0.5746,0.0734,9.6305,9.6479,P003_Weight_Stack_Seated_Leg_Extension_Releasing_Too_Fast_2_011 (4).csv
3,1,2,5,2,1.226,1226,-0.56,0.22,10.12,10.1379,0.0207,0.0,-0.0022,2.81,1.0,285.75,-0.5727,0.0927,9.695,9.7124,P003_Weight_Stack_Seated_Leg_Extension_Releasing_Too_Fast_2_011 (4).csv
3,1,2,5,2,1.36,1360,-0.41,0.03,9.92,9.9285,0.0033,-0.0011,0.0076,2.81,1.0,285.81,-0.5512,0.0844,9.7247,9.7407,P003_Weight_Stack_Seated_Leg_Extension_Releasing_Too_Fast_2_011 (4).csv
3,1,2,5,2,1.491,1491,-0.5,0.13,9.34,9.3543,0.0076,0.0044,0.0033,2.81,1.0,285.81,-0.5445,0.0905,9.674,9.6897,P003_Weight_Stack_Seated_Leg_Extension_Releasing_Too_Fast_2_011 (4).csv
3,1,2,5,2,1.621,1621,-0.51,0.16,9.22,9.2355,0.0022,-0.0033,0.0,2.81,1.0,285.81,-0.5399,0.0996,9.6142,9.6298,P003_Weight_Stack_Seated_Leg_Extension_Releasing_Too_Fast_2_011 (4).csv
3,1,2,5,2,1.751,1751,-0.5,0.11,9.28,9.2941,0.0044,-0.0033,-0.0011,2.81,1.0,285.81,-0.5347,0.101,9.5701,9.5856,P003_Weight_Stack_Seated_Leg_Extension_Releasing_Too_Fast_2_011 (4).csv
3,1,2,5,2,1.882,1882,-0.48,0.12,9.82,9.8325,0.0033,0.0098,-0.0022,2.81,1.0,285.81,-0.5275,0.1035,9.6031,9.6181,P003_Weight_Stack_Seated_Leg_Extension_Releasing_Too_Fast_2_011 (4).csv
3,1,2,5,2,2.055,2055,-0.61,0.07,9.59,9.6096,0.0033,-0.0055,-0.0022,2.88,1.0,285.81,-0.5383,0.0991,9.6013,9.6169,P003_Weight_Stack_Seated_Leg_Extension_Releasing_Too_Fast_2_011 (4).csv
3,1,2,5,2,2.187,2187,-0.59,0.1,9.88,9.8981,0.0153,-0.0022,-0.0033,2.88,1.0,285.75,-0.5452,0.0992,9.6381,9.654,P003_Weight_Stack_Seated_Leg_Extension_Releasing_Too_Fast_2_011 (4).csv
3,1,2,5,2,2.322,2322,-0.53,-0.02,9.29,9.3051,0.0087,0.0022,0.0065,2.88,1.0,285.75,-0.5432,0.0835,9.5922,9.6079,P003_Weight_Stack_Seated_Leg_Extension_Releasing_Too_Fast_2_011 (4).csv
3,1,2,5,2,2.453,2453,-0.55,0.11,9.29,9.3069,0.012,0.0033,-0.0142,2.88,0.94,285.75,-0.5441,0.087,9.5524,9.5682,P003_Weight_Stack_Seated_Leg_Extension_Releasing_Too_Fast_2_011 (4).csv
3,1,2,5,2,2.584,2584,-0.55,0.15,8.64,8.6588,0.0,0.0109,0.0011,2.88,0.94,285.75,-0.5448,0.0953,9.4321,9.4483,P003_Weight_Stack_Seated_Leg_Extension_Releasing_Too_Fast_2_011 (4).csv
3,1,2,5,2,2.714,2714,-0.52,0.1,9.08,9.0954,-0.012,-0.0033,0.0,2.88,0.94,285.75,-0.5416,0.0959,9.3857,9.4018,P003_Weight_Stack_Seated_Leg_Extension_Releasing_Too_Fast_2_011 (4).csv
3,1,2,5,2,2.845,2845,-0.55,0.18,10.19,10.2064,-0.0065,-0.0153,-0.0175,2.81,1.0,285.75,-0.5427,0.107,9.4917,9.5078,P003_Weight_Stack_Seated_Leg_Extension_Releasing_Too_Fast_2_011 (4).csv
3,1,2,5,2,2.975,2975,-0.53,0.1,9.45,9.4654,0.0076,-0.0087,0.0,2.81,1.0,285.75,-0.541,0.1061,9.4862,9.5022,P003_Weight_Stack_Seated_Leg_Extension_Releasing_Too_Fast_2_011 (4).csv
3,1,2,5,2,3.148,3148,-0.49,0.11,9.38,9.3934,-0.0044,-0.0185,0.0,2.81,0.94,285.75,-0.5343,0.1066,9.4722,9.4879,P003_Weight_Stack_Seated_Leg_Extension_Releasing_Too_Fast_2_011 (4).csv
3,1,2,5,2,3.278,3278,-0.48,0.07,9.38,9.3925,-0.0055,-0.0098,-0.0033,2.75,0.94,285.75,-0.5271,0.1018,9.4601,9.4753,P003_Weight_Stack_Seated_Leg_Extension_Releasing_Too_Fast_2_011 (4).csv
3,1,2,5,2,3.409,3409,-0.48,0.11,8.32,8.3346,-0.0076,0.0,0.0055,2.75,0.94,285.75,-0.5209,0.1029,9.3098,9.325,P003_Weight_Stack_Seated_Leg_Extension_Releasing_Too_Fast_2_011 (4).csv
3,1,2,5,2,3.544,3544,-0.34,0.15,9.4,9.4073,0.0131,-0.0229,0.0022,2.81,0.94,285.75,-0.4971,0.1091,9.3217,9.3356,P003_Weight_Stack_Seated_Leg_Extension_Releasing_Too_Fast_2_011 (4).csv
3,1,2,5,2,3.677,3677,-0.25,0.28,9.22,9.2276,0.0098,-0.0295,-0.0109,2.81,1.06,285.75,-0.4645,0.1316,9.3083,9.3208,P003_Weight_Stack_Seated_Leg_Extension_Releasing_Too_Fast_2_011 (4).csv
3,1,2,5,2,3.807,3807,-0.46,0.39,10.98,10.9965,0.0196,0.0109,-0.0011,2.81,1.13,285.75,-0.4639,0.1656,9.5286,9.5413,P003_Weight_Stack_Seated_Leg_Extension_Releasing_Too_Fast_2_011 (4).csv
3,1,2,5,2,3.937,3937,-0.21,-0.03,10.89,10.8921,-0.0044,-0.0142,0.0022,2.81,1.06,285.75,-0.4305,0.1399,9.708,9.7185,P003_Weight_Stack_Seated_Leg_Extension_Releasing_Too_Fast_2_011 (4).csv
3,1,2,5,2,4.068,4068,-0.58,0.17,9.93,9.9484,-0.0098,-0.0076,-0.0109,2.75,1.13,285.75,-0.4502,0.1438,9.7373,9.7487,P003_Weight_Stack_Seated_Leg_Extension_Releasing_Too_Fast_2_011 (4).csv
3,1,2,5,2,4.241,4241,-0.51,0.07,9.67,9.6837,-0.0022,0.0109,-0.0065,2.75,1.13,285.75,-0.4581,0.1341,9.7284,9.7401,P003_Weight_Stack_Seated_Leg_Extension_Releasing_Too_Fast_2_011 (4).csv
3,1,2,5,2,4.372,4372,-0.47,0.17,9.49,9.5032,-0.0087,-0.0076,0.0022,2.75,1.13,285.75,-0.4596,0.1388,9.697,9.7089,P003_Weight_Stack_Seated_Leg_Extension_Releasing_Too_Fast_2_011 (4).csv
3,1,2,5,2,4.503,4503,-0.55,0.16,9.61,9.6271,0.0,-0.0131,-0.0033,2.81,1.13,285.75,-0.4715,0.1416,9.6855,9.698,P003_Weight_Stack_Seated_Leg_Extension_Releasing_Too_Fast_2_011 (4).csv
3,1,2,5,2,4.635,4635,-0.53,0.13,9.37,9.3859,0.0,-0.0055,-0.0022,2.81,1.13,285.75,-0.4792,0.1401,9.6439,9.6569,P003_Weight_Stack_Seated_Leg_Extension_Releasing_Too_Fast_2_011 (4).csv
3,1,2,5,2,4.769,4769,-0.52,0.12,9.64,9.6548,0.0022,0.0153,-0.0011,2.75,1.13,285.75,-0.4846,0.1374,9.6434,9.6566,P003_Weight_Stack_Seated_Leg_Extension_Releasing_Too_Fast_2_011 (4).csv
3,1,2,5,2,4.901,4901,-0.51,0.16,9.77,9.7846,0.0011,0.0076,-0.0033,2.69,1.13,285.75,-0.488,0.1404,9.6601,9.6734,P003_Weight_Stack_Seated_Leg_Extension_Releasing_Too_Fast_2_011 (4).csv
3,1,2,5,2,5.031,5031,-0.5,0.12,9.69,9.7036,0.0,-0.0229,-0.0011,2.75,1.13,285.75,-0.4895,0.1377,9.664,9.6774,P003_Weight_Stack_Seated_Leg_Extension_Releasing_Too_Fast_2_011 (4).csv
3,1,2,5,2,5.161,5161,-0.53,0.16,9.49,9.5061,-0.012,0.0305,-0.0098,2.81,1.25,285.69,-0.4949,0.1407,9.6411,9.6548,P003_Weight_Stack_Seated_Leg_Extension_Releasing_Too_Fast_2_011 (4).csv
3,1,2,5,2,5.334,5334,-0.5,0.19,9.57,9.5849,-0.0011,0.0055,-0.0011,2.69,1.25,285.69,-0.4956,0.1472,9.6317,9.6456,P003_Weight_Stack_Seated_Leg_Extension_Releasing_Too_Fast_2_011 (4).csv
3,1,2,5,2,5.465,5465,0.28,-0.28,9.46,9.4683,-0.0218,0.0764,-0.0055,2.63,1.0,285.75,-0.3934,0.0909,9.6091,9.6176,P003_Weight_Stack_Seated_Leg_Extension_Releasing_Too_Fast_2_011 (4).csv
3,1,2,5,2,5.595,5595,-0.43,0.25,10.03,10.0423,-0.0185,0.0087,-0.0022,2.63,1.13,285.75,-0.3982,0.1118,9.6646,9.6734,P003_Weight_Stack_Seated_Leg_Extension_Releasing_Too_Fast_2_011 (4).csv
3,1,2,5,2,5.727,5727,-0.44,0.09,9.72,9.7304,0.0087,-0.0011,0.0044,2.63,1.13,285.75,-0.4037,0.109,9.6719,9.6809,P003_Weight_Stack_Seated_Leg_Extension_Releasing_Too_Fast_2_011 (4).csv
3,1,2,5,2,5.858,5858,-0.48,0.04,9.69,9.702,0.0131,0.0055,0.0022,2.63,1.06,285.75,-0.4137,0.0999,9.6743,9.6836,P003_Weight_Stack_Seated_Leg_Extension_Releasing_Too_Fast_2_011 (4).csv
3,1,2,5,2,5.993,5993,-0.48,0.22,9.66,9.6744,0.0044,0.0022,-0.0022,2.63,1.06,285.75,-0.4225,0.1157,9.6724,9.6823,P003_Weight_Stack_Seated_Leg_Extension_Releasing_Too_Fast_2_011 (4).csv
3,1,2,5,2,6.124,6124,-0.51,0.16,9.32,9.3353,0.0011,0.0065,0.0033,2.63,1.06,285.75,-0.434,0.1215,9.6259,9.6365,P003_Weight_Stack_Seated_Leg_Extension_Releasing_Too_Fast_2_011 (4).csv
3,1,2,5,2,6.255,6255,-0.48,0.12,9.41,9.423,0.0033,0.0055,0.0044,2.63,1.0,285.75,-0.4401,0.1213,9.5975,9.6083,P003_Weight_Stack_Seated_Leg_Extension_Releasing_Too_Fast_2_011 (4).csv
3,1,2,5,2,6.427,6427,-0.56,0.1,9.55,9.5669,0.0044,-0.0044,-0.0011,2.63,1.0,285.75,-0.4559,0.1185,9.5912,9.6028,P003_Weight_Stack_Seated_Leg_Extension_Releasing_Too_Fast_2_011 (4).csv
3,1,2,5,2,6.557,6557,-0.5,0.08,9.66,9.6733,0.0087,0.0044,0.0022,2.63,1.0,285.75,-0.4617,0.1135,9.6003,9.6121,P003_Weight_Stack_Seated_Leg_Extension_Releasing_Too_Fast_2_011 (4).csv
3,1,2,5,2,6.687,6687,-0.5,0.11,9.46,9.4738,0.0087,-0.0055,-0.0044,2.63,1.0,285.75,-0.4667,0.113,9.5818,9.5938,P003_Weight_Stack_Seated_Leg_Extension_Releasing_Too_Fast_2_011 (4).csv
3,1,2,5,2,6.817,6817,-0.5,0.19,9.35,9.3653,0.0044,-0.0065,-0.0022,2.63,1.0,285.75,-0.4711,0.1231,9.5513,9.5637,P003_Weight_Stack_Seated_Leg_Extension_Releasing_Too_Fast_2_011 (4).csv
3,1,2,5,2,6.947,6947,-0.52,0.03,8.57,8.5858,-0.0065,0.0076,0.0033,2.63,1.0,285.75,-0.4776,0.1109,9.422,9.4347,P003_Weight_Stack_Seated_Leg_Extension_Releasing_Too_Fast_2_011 (4).csv
3,1,2,5,2,7.077,7077,-0.5,0.06,9.35,9.3636,0.0011,0.0011,-0.0098,2.63,1.0,285.75,-0.4805,0.1042,9.4125,9.4253,P003_Weight_Stack_Seated_Leg_Extension_Releasing_Too_Fast_2_011 (4).csv
3,1,2,5,2,7.207,7207,-0.6,0.18,9.68,9.7002,-0.0153,0.0109,0.0011,2.69,1.0,285.75,-0.4963,0.1142,9.4477,9.4614,P003_Weight_Stack_Seated_Leg_Extension_Releasing_Too_Fast_2_011 (4).csv
3,1,2,5,2,7.338,7338,-0.48,0.11,9.48,9.4928,0.0044,0.0131,0.0011,2.63,1.0,285.75,-0.4941,0.1136,9.452,9.4656,P003_Weight_Stack_Seated_Leg_Extension_Releasing_Too_Fast_2_011 (4).csv
3,1,2,5,2,7.511,7511,-0.44,0.14,7.85,7.8636,-0.0065,0.0022,0.0022,2.63,1.0,285.75,-0.487,0.1171,9.2409,9.2544,P003_Weight_Stack_Seated_Leg_Extension_Releasing_Too_Fast_2_011 (4).csv
3,1,2,5,2,7.641,7641,-0.59,0.15,7.19,7.2157,-0.0458,0.0349,-0.0065,2.56,1.13,285.75,-0.5006,0.1214,8.9706,8.9854,P003_Weight_Stack_Seated_Leg_Extension_Releasing_Too_Fast_2_011 (4).csv
3,1,2,5,2,7.775,7775,-0.69,-0.1,10.31,10.3335,0.0044,0.0055,0.0207,2.63,1.19,285.75,-0.5255,0.0922,9.1471,9.1627,P003_Weight_Stack_Seated_Leg_Extension_Releasing_Too_Fast_2_011 (4).csv
3,1,2,5,2,7.909,7909,-0.76,-0.19,13.07,13.0935,-0.0251,0.0065,-0.0131,2.63,1.25,285.69,-0.5564,0.0551,9.6641,9.6802,P003_Weight_Stack_Seated_Leg_Extension_Releasing_Too_Fast_2_011 (4).csv
3,1,2,5,2,8.04,8040,-0.56,0.42,11.29,11.3117,-0.0273,0.0349,-0.0196,2.56,1.31,285.69,-0.5569,0.1031,9.8783,9.8945,P003_Weight_Stack_Seated_Leg_Extension_Releasing_Too_Fast_2_011 (4).csv
3,1,2,5,2,8.17,8170,-0.41,-0.05,10.04,10.0485,0.036,-0.0011,0.0218,2.44,1.31,285.69,-0.5375,0.083,9.8996,9.9146,P003_Weight_Stack_Seated_Leg_Extension_Releasing_Too_Fast_2_011 (4).csv
3,2,2,5,2,8.3,8300,-0.43,0.21,9.22,9.2324,-0.0065,-0.0033,-0.0065,2.44,1.38,285.69,-0.5234,0.0997,9.8101,9.8245,P003_Weight_Stack_Seated_Leg_Extension_Releasing_Too_Fast_2_011 (4).csv
3,2,2,5,2,8.431,8431,-0.59,0.33,9.65,9.6736,0.0185,0.0055,-0.0022,2.69,1.31,285.69,-0.5321,0.1301,9.789,9.8043,P003_Weight_Stack_Seated_Leg_Extension_Releasing_Too_Fast_2_011 (4).csv
3,2,2,5,2,8.603,8603,-0.48,0.11,9.42,9.4329,-0.0098,-0.0142,0.0011,2.63,1.25,285.69,-0.5253,0.1274,9.7404,9.7553,P003_Weight_Stack_Seated_Leg_Extension_Releasing_Too_Fast_2_011 (4).csv
3,2,2,5,2,8.733,8733,-0.46,0.14,9.7,9.7119,0.0022,0.0175,-0.0022,2.63,1.25,285.69,-0.5167,0.1291,9.735,9.7496,P003_Weight_Stack_Seated_Leg_Extension_Releasing_Too_Fast_2_011 (4).csv
3,2,2,5,2,8.863,8863,-0.5,-0.02,9.56,9.5731,-0.0687,-0.0033,-0.0175,2.5,1.44,285.69,-0.5145,0.1094,9.712,9.7262,P003_Weight_Stack_Seated_Leg_Extension_Releasing_Too_Fast_2_011 (4).csv
3,2,2,5,2,8.993,8993,-0.54,-0.01,10.31,10.3241,0.0316,0.0164,0.0033,2.5,1.25,285.69,-0.5178,0.0937,9.7908,9.8049,P003_Weight_Stack_Seated_Leg_Extension_Releasing_Too_Fast_2_011 (4).csv
3,2,2,5,2,9.123,9123,-0.47,0.14,9.87,9.8822,-0.0175,0.0022,-0.0055,2.44,1.25,285.69,-0.5115,0.0998,9.8012,9.8151,P003_Weight_Stack_Seated_Leg_Extension_Releasing_Too_Fast_2_011 (4).csv
3,2,2,5,2,9.253,9253,-0.47,0.09,9.87,9.8816,-0.0011,0.0033,-0.0011,2.44,1.25,285.69,-0.5061,0.0985,9.8103,9.8238,P003_Weight_Stack_Seated_Leg_Extension_Releasing_Too_Fast_2_011 (4).csv
3,2,2,5,2,9.383,9383,-0.56,0.15,9.58,9.5975,0.0044,0.0011,0.0022,2.44,1.25,285.69,-0.5132,0.1053,9.7799,9.794,P003_Weight_Stack_Seated_Leg_Extension_Releasing_Too_Fast_2_011 (4).csv
3,2,2,5,2,9.514,9514,-0.56,0.12,9.79,9.8067,-0.0022,0.0033,0.0022,2.5,1.25,285.69,-0.5193,0.1072,9.7813,9.7956,P003_Weight_Stack_Seated_Leg_Extension_Releasing_Too_Fast_2_011 (4).csv
3,2,2,5,2,9.687,9687,-0.59,0.14,9.54,9.5593,0.0033,0.0,0.0022,2.5,1.19,285.69,-0.5287,0.1115,9.7495,9.7644,P003_Weight_Stack_Seated_Leg_Extension_Releasing_Too_Fast_2_011 (4).csv
3,2,2,5,2,9.817,9817,-0.45,0.08,9.7,9.7108,0.0065,0.0055,0.0022,2.5,1.19,285.69,-0.5183,0.1074,9.7429,9.7573,P003_Weight_Stack_Seated_Leg_Extension_Releasing_Too_Fast_2_011 (4).csv
3,2,2,5,2,9.947,9947,-0.53,0.1,9.44,9.4554,0.012,-0.0044,-0.0022,2.56,1.13,285.69,-0.5198,0.1064,9.703,9.7175,P003_Weight_Stack_Seated_Leg_Extension_Releasing_Too_Fast_2_011 (4).csv
3,2,2,5,2,10.077,10077,-0.58,0.15,9.42,9.439,0.0109,-0.0044,0.0011,2.56,1.13,285.69,-0.5278,0.1122,9.6657,9.6808,P003_Weight_Stack_Seated_Leg_Extension_Releasing_Too_Fast_2_011 (4).csv
3,2,2,5,2,10.208,10208,-0.19,0.01,9.22,9.222,0.0065,-0.0044,0.0055,2.56,1.06,285.69,-0.4833,0.0987,9.607,9.6196,P003_Weight_Stack_Seated_Leg_Extension_Releasing_Too_Fast_2_011 (4).csv
3,2,2,5,2,10.338,10338,-0.53,0.08,8.86,8.8762,-0.0153,0.0,-0.0065,2.56,1.06,285.69,-0.4894,0.0962,9.5086,9.5216,P003_Weight_Stack_Seated_Leg_Extension_Releasing_Too_Fast_2_011 (4).csv
3,2,2,5,2,10.469,10469,-0.52,0.2,9.68,9.696,0.0131,-0.0087,-0.0065,2.63,1.0,285.69,-0.4934,0.1099,9.5312,9.5445,P003_Weight_Stack_Seated_Leg_Extension_Releasing_Too_Fast_2_011 (4).csv
3,2,2,5,2,10.599,10599,-0.45,-0.01,8.68,8.6917,0.0,0.0011,0.0076,2.63,1.0,285.69,-0.4877,0.0941,9.419,9.4321,P003_Weight_Stack_Seated_Leg_Extension_Releasing_Too_Fast_2_011 (4).csv
3,2,2,5,2,10.772,10772,-0.49,-0.08,9.17,9.1834,0.0142,-0.0076,0.0207,2.56,1.0,285.69,-0.488,0.0712,9.3862,9.3991,P003_Weight_Stack_Seated_Leg_Extension_Releasing_Too_Fast_2_011 (4).csv
3,2,2,5,2,10.907,10907,-0.54,0.1,9.65,9.6656,-0.0044,0.0011,-0.0142,2.56,1.0,285.69,-0.4949,0.075,9.4209,9.4342,P003_Weight_Stack_Seated_Leg_Extension_Releasing_Too_Fast_2_011 (4).csv
3,2,2,5,2,11.038,11038,-0.47,0.14,9.36,9.3728,0.0065,-0.0022,0.0087,2.56,1.0,285.63,-0.4916,0.0835,9.4129,9.4261,P003_Weight_Stack_Seated_Leg_Extension_Releasing_Too_Fast_2_011 (4).csv
3,2,2,5,2,11.169,11169,-0.5,-0.03,9.42,9.4333,-0.0044,-0.0087,0.0044,2.56,0.94,285.63,-0.4927,0.0686,9.4138,9.427,P003_Weight_Stack_Seated_Leg_Extension_Releasing_Too_Fast_2_011 (4).csv
3,2,2,5,2,11.299,11299,-0.46,0.13,8.84,8.8529,0.0055,0.0087,-0.0011,2.63,0.94,285.63,-0.4884,0.0767,9.3382,9.3513,P003_Weight_Stack_Seated_Leg_Extension_Releasing_Too_Fast_2_011 (4).csv
3,2,2,5,2,11.43,11430,-0.76,0.0,6.97,7.0113,-0.0513,0.0284,0.0022,2.56,1.0,285.69,-0.5242,0.0666,9.0262,9.0416,P003_Weight_Stack_Seated_Leg_Extension_Releasing_Too_Fast_2_011 (4).csv
3,2,2,5,2,11.56,11560,-0.01,0.39,8.98,8.9885,-0.0251,-0.0087,0.0273,2.56,1.19,285.63,-0.4564,0.1092,9.0201,9.0323,P003_Weight_Stack_Seated_Leg_Extension_Releasing_Too_Fast_2_011 (4).csv
3,2,2,5,2,11.69,11690,-0.56,0.22,11.44,11.4558,-0.0589,0.0109,-0.0131,2.56,1.19,285.63,-0.4701,0.1238,9.339,9.3516,P003_Weight_Stack_Seated_Leg_Extension_Releasing_Too_Fast_2_011 (4).csv
3,2,2,5,2,11.863,11863,-0.62,0.23,11.27,11.2894,0.0,-0.0065,-0.0022,2.56,1.25,285.63,-0.4898,0.1378,9.5934,9.6069,P003_Weight_Stack_Seated_Leg_Extension_Releasing_Too_Fast_2_011 (4).csv
3,2,2,5,2,11.994,11994,-0.48,0.13,9.31,9.3233,-0.0022,-0.0022,-0.0055,2.44,1.25,285.63,-0.4885,0.1368,9.5561,9.5695,P003_Weight_Stack_Seated_Leg_Extension_Releasing_Too_Fast_2_011 (4).csv
3,2,2,5,2,12.125,12125,-0.53,0.14,9.55,9.5657,0.0076,-0.0251,0.0011,2.5,1.25,285.63,-0.494,0.1372,9.5553,9.569,P003_Weight_Stack_Seated_Leg_Extension_Releasing_Too_Fast_2_011 (4).csv
3,2,2,5,2,12.255,12255,-0.54,0.15,9.62,9.6363,0.0022,0.0207,-0.0098,2.63,1.31,285.63,-0.5001,0.1389,9.5638,9.5779,P003_Weight_Stack_Seated_Leg_Extension_Releasing_Too_Fast_2_011 (4).csv
3,2,2,5,2,12.388,12388,-0.48,0.13,9.83,9.8426,0.0011,0.0098,-0.0044,2.56,1.31,285.63,-0.4974,0.1377,9.5989,9.6127,P003_Weight_Stack_Seated_Leg_Extension_Releasing_Too_Fast_2_011 (4).csv
3,2,2,5,2,12.522,12522,-0.63,0.04,9.76,9.7804,-0.0022,-0.0065,-0.0011,2.44,1.38,285.63,-0.5149,0.1248,9.6201,9.6347,P003_Weight_Stack_Seated_Leg_Extension_Releasing_Too_Fast_2_011 (4).csv
3,2,2,5,2,12.653,12653,-0.42,0.15,9.53,9.5404,-0.0055,0.0109,-0.0022,2.38,1.31,285.63,-0.5024,0.1281,9.6082,9.6222,P003_Weight_Stack_Seated_Leg_Extension_Releasing_Too_Fast_2_011 (4).csv
3,2,2,5,2,12.783,12783,-0.48,0.13,9.81,9.8226,-0.0033,0.0022,-0.0011,2.38,1.31,285.63,-0.4994,0.1284,9.6348,9.6486,P003_Weight_Stack_Seated_Leg_Extension_Releasing_Too_Fast_2_011 (4).csv
3,2,2,5,2,12.956,12956,-0.51,0.13,9.66,9.6743,0.0011,-0.0044,-0.0011,2.38,1.31,285.63,-0.5008,0.1286,9.6381,9.652,P003_Weight_Stack_Seated_Leg_Extension_Releasing_Too_Fast_2_011 (4).csv
3,2,2,5,2,13.086,13086,-0.49,0.13,9.67,9.6833,0.0011,0.0011,0.0022,2.38,1.31,285.63,-0.4994,0.1288,9.6423,9.6561,P003_Weight_Stack_Seated_Leg_Extension_Releasing_Too_Fast_2_011 (4).csv
3,2,2,5,2,13.216,13216,-0.53,0.13,9.66,9.6754,0.0109,-0.0011,0.0033,2.38,1.31,285.63,-0.5034,0.1289,9.6447,9.6587,P003_Weight_Stack_Seated_Leg_Extension_Releasing_Too_Fast_2_011 (4).csv
3,2,2,5,2,13.346,13346,-0.52,0.18,9.47,9.486,0.0011,0.0055,-0.0011,2.38,1.31,285.63,-0.5056,0.1357,9.6217,9.6359,P003_Weight_Stack_Seated_Leg_Extension_Releasing_Too_Fast_2_011 (4).csv
3,2,2,5,2,13.476,13476,-0.5,0.12,9.46,9.474,0.0022,0.0,-0.0011,2.38,1.31,285.63,-0.5049,0.1336,9.6003,9.6145,P003_Weight_Stack_Seated_Leg_Extension_Releasing_Too_Fast_2_011 (4).csv
3,2,2,5,2,13.606,13606,-0.49,0.12,9.52,9.5334,0.0044,0.0087,0.0,2.38,1.31,285.63,-0.5029,0.1318,9.5898,9.6038,P003_Weight_Stack_Seated_Leg_Extension_Releasing_Too_Fast_2_011 (4).csv
3,2,2,5,2,13.736,13736,-0.48,0.18,9.83,9.8434,-0.0011,-0.0055,0.0044,2.31,1.25,285.63,-0.4999,0.1382,9.6214,9.6354,P003_Weight_Stack_Seated_Leg_Extension_Releasing_Too_Fast_2_011 (4).csv
3,2,2,5,2,13.867,13867,-0.43,0.07,9.67,9.6798,0.0033,-0.0022,-0.0033,2.31,1.25,285.63,-0.4907,0.1292,9.6278,9.6412,P003_Weight_Stack_Seated_Leg_Extension_Releasing_Too_Fast_2_011 (4).csv
3,2,2,5,2,14.041,14041,-0.33,0.12,9.78,9.7863,0.0109,-0.0022,0.0,2.31,1.25,285.63,-0.4695,0.128,9.6479,9.6601,P003_Weight_Stack_Seated_Leg_Extension_Releasing_Too_Fast_2_011 (4).csv
3,2,2,5,2,14.174,14174,-0.38,-0.05,8.9,8.9082,-0.0022,-0.0044,-0.0022,2.31,1.19,285.63,-0.4577,0.1045,9.5493,9.5609,P003_Weight_Stack_Seated_Leg_Extension_Releasing_Too_Fast_2_011 (4).csv
3,2,2,5,2,14.308,14308,-0.52,0.12,9.09,9.1057,0.0011,-0.0033,0.0,2.31,1.19,285.63,-0.4659,0.1066,9.4888,9.5008,P003_Weight_Stack_Seated_Leg_Extension_Releasing_Too_Fast_2_011 (4).csv
3,2,2,5,2,14.438,14438,-0.56,0.12,10.51,10.5256,0.0142,0.0207,0.0098,2.31,1.19,285.63,-0.4783,0.1083,9.6234,9.6359,P003_Weight_Stack_Seated_Leg_Extension_Releasing_Too_Fast_2_011 (4).csv
3,2,2,5,2,14.569,14569,-0.41,-0.04,9.31,9.3191,-0.0229,0.0011,-0.0076,2.31,1.13,285.63,-0.4693,0.0888,9.5821,9.594,P003_Weight_Stack_Seated_Leg_Extension_Releasing_Too_Fast_2_011 (4).csv
3,2,2,5,2,14.7,14700,-0.49,0.35,9.69,9.7087,0.0218,-0.0153,0.0044,2.38,1.13,285.56,-0.472,0.1232,9.5963,9.6087,P003_Weight_Stack_Seated_Leg_Extension_Releasing_Too_Fast_2_011 (4).csv
3,2,2,5,2,14.83,14830,-0.5,0.0,9.22,9.2335,-0.0305,0.0185,-0.0011,2.38,1.06,285.63,-0.4757,0.107,9.5467,9.5592,P003_Weight_Stack_Seated_Leg_Extension_Releasing_Too_Fast_2_011 (4).csv
3,2,2,5,2,14.96,14960,-0.78,0.11,9.05,9.0842,0.0196,-0.0065,-0.0076,2.38,1.0,285.56,-0.5158,0.1074,9.4813,9.4959,P003_Weight_Stack_Seated_Leg_Extension_Releasing_Too_Fast_2_011 (4).csv
3,2,2,5,2,15.133,15133,-0.62,-0.06,9.28,9.3009,0.0153,-0.0142,0.0065,2.25,1.0,285.56,-0.5296,0.0853,9.4547,9.4699,P003_Weight_Stack_Seated_Leg_Extension_Releasing_Too_Fast_2_011 (4).csv
3,2,2,5,2,15.263,15263,-0.51,0.12,9.93,9.9438,0.0131,-0.0327,0.0,2.31,1.0,285.56,-0.527,0.0899,9.5174,9.5324,P003_Weight_Stack_Seated_Leg_Extension_Releasing_Too_Fast_2_011 (4).csv
3,2,2,5,2,15.394,15394,-0.48,0.09,9.51,9.5225,-0.0131,0.0011,-0.0022,2.38,1.0,285.56,-0.5208,0.0899,9.5164,9.5311,P003_Weight_Stack_Seated_Leg_Extension_Releasing_Too_Fast_2_011 (4).csv
3,2,2,5,2,15.528,15528,-0.45,0.16,8.55,8.5633,0.0,0.012,-0.0065,2.38,1.0,285.56,-0.5115,0.0991,9.389,9.4035,P003_Weight_Stack_Seated_Leg_Extension_Releasing_Too_Fast_2_011 (4).csv
3,2,2,5,2,15.662,15662,-0.43,0.17,6.97,6.9853,-0.0393,0.0316,0.0065,2.38,1.06,285.56,-0.5007,0.1085,9.0703,9.0847,P003_Weight_Stack_Seated_Leg_Extension_Releasing_Too_Fast_2_011 (4).csv
3,2,2,5,2,15.792,15792,-0.79,0.22,8.55,8.5892,0.0087,-0.0065,-0.0022,2.38,1.19,285.56,-0.5388,0.1232,9.0017,9.0187,P003_Weight_Stack_Seated_Leg_Extension_Releasing_Too_Fast_2_011 (4).csv
3,2,2,5,2,15.923,15923,-0.34,0.36,10.14,10.1521,0.0142,0.0338,-0.0098,2.38,1.25,285.56,-0.5126,0.1544,9.1517,9.1674,P003_Weight_Stack_Seated_Leg_Extension_Releasing_Too_Fast_2_011 (4).csv
3,2,2,5,2,16.053,16053,0.03,-0.41,10.91,10.9177,0.0491,-0.0131,0.024,2.31,1.31,285.5,-0.4411,0.08,9.3834,9.3941,P003_Weight_Stack_Seated_Leg_Extension_Releasing_Too_Fast_2_011 (4).csv
3,2,2,5,2,16.226,16226,-0.41,0.02,10.3,10.3082,0.036,0.0,-0.0076,2.38,1.31,285.5,-0.437,0.0721,9.5042,9.5145,P003_Weight_Stack_Seated_Leg_Extension_Releasing_Too_Fast_2_011 (4).csv
3,2,2,5,2,16.359,16359,-0.51,-0.05,8.92,8.9347,0.0044,0.0011,-0.0022,2.25,1.31,285.5,-0.4466,0.056,9.4272,9.438,P003_Weight_Stack_Seated_Leg_Extension_Releasing_Too_Fast_2_011 (4).csv
3,2,2,5,2,16.49,16490,-0.52,0.17,9.14,9.1564,-0.0065,-0.0142,0.0011,2.25,1.31,285.5,-0.4563,0.071,9.3894,9.4007,P003_Weight_Stack_Seated_Leg_Extension_Releasing_Too_Fast_2_011 (4).csv
3,2,2,5,2,16.624,16624,-0.48,0.03,9.35,9.3624,0.0065,-0.0076,0.0098,2.5,1.31,285.5,-0.4594,0.0656,9.3842,9.3956,P003_Weight_Stack_Seated_Leg_Extension_Releasing_Too_Fast_2_011 (4).csv
3,2,2,5,2,16.755,16755,-0.3,-0.11,9.47,9.4754,-0.1145,0.0382,0.0153,2.38,1.5,285.44,-0.4384,0.0425,9.3955,9.4058,P003_Weight_Stack_Seated_Leg_Extension_Releasing_Too_Fast_2_011 (4).csv
3,2,2,5,2,16.886,16886,-0.45,0.25,9.76,9.7736,0.0404,-0.0633,-0.0425,2.38,1.69,285.56,-0.4399,0.0698,9.4435,9.454,P003_Weight_Stack_Seated_Leg_Extension_Releasing_Too_Fast_2_011 (4).csv
3,2,2,5,2,17.016,17016,-0.51,0.05,9.85,9.8633,-0.0207,0.0011,-0.0305,2.25,1.31,285.5,-0.4492,0.0672,9.4971,9.5079,P003_Weight_Stack_Seated_Leg_Extension_Releasing_Too_Fast_2_011 (4).csv
3,2,2,5,2,17.146,17146,-0.58,0.12,9.8,9.8179,-0.0131,0.0011,-0.0011,2.25,1.25,285.5,-0.4664,0.0742,9.537,9.5487,P003_Weight_Stack_Seated_Leg_Extension_Releasing_Too_Fast_2_011 (4).csv
3,2,2,5,2,17.319,17319,-0.46,0.16,9.51,9.5225,0.0022,0.0022,0.0033,2.25,1.25,285.5,-0.4656,0.0855,9.5334,9.5452,P003_Weight_Stack_Seated_Leg_Extension_Releasing_Too_Fast_2_011 (4).csv
3,2,2,5,2,17.449,17449,-0.52,0.15,9.45,9.4655,-0.0033,0.0055,0.0044,2.31,1.25,285.5,-0.4727,0.094,9.5224,9.5346,P003_Weight_Stack_Seated_Leg_Extension_Releasing_Too_Fast_2_011 (4).csv
3,2,2,5,2,17.581,17581,-0.46,0.09,9.75,9.7613,0.0087,-0.0044,0.0011,2.31,1.19,285.5,-0.4711,0.0935,9.5524,9.5645,P003_Weight_Stack_Seated_Leg_Extension_Releasing_Too_Fast_2_011 (4).csv
3,2,2,5,2,17.717,17717,-0.5,0.12,9.83,9.8434,0.0076,0.0109,0.0,2.38,1.19,285.5,-0.4749,0.097,9.589,9.6013,P003_Weight_Stack_Seated_Leg_Extension_Releasing_Too_Fast_2_011 (4).csv
3,2,2,5,2,17.848,17848,-0.55,0.16,9.78,9.7968,0.0044,0.0011,0.0,2.38,1.19,285.5,-0.4848,0.1053,9.6142,9.627,P003_Weight_Stack_Seated_Leg_Extension_Releasing_Too_Fast_2_011 (4).csv
3,2,2,5,2,17.978,17978,-0.47,0.09,9.38,9.3922,0.0022,0.0131,0.0011,2.38,1.06,285.5,-0.4828,0.1033,9.5833,9.596,P003_Weight_Stack_Seated_Leg_Extension_Releasing_Too_Fast_2_011 (4).csv
3,2,2,5,2,18.109,18109,-0.41,0.14,9.49,9.4999,0.0098,-0.0065,0.0055,2.38,1.06,285.5,-0.4732,0.1081,9.571,9.5833,P003_Weight_Stack_Seated_Leg_Extension_Releasing_Too_Fast_2_011 (4).csv
3,2,2,5,2,18.24,18240,-0.48,0.16,9.57,9.5834,0.0022,-0.0044,-0.0022,2.44,1.0,285.5,-0.4741,0.1149,9.5709,9.5833,P003_Weight_Stack_Seated_Leg_Extension_Releasing_Too_Fast_2_011 (4).csv
3,2,2,5,2,18.415,18415,-0.53,0.09,9.93,9.9445,0.0055,-0.0033,0.0,2.44,1.0,285.5,-0.4815,0.1116,9.6182,9.6309,P003_Weight_Stack_Seated_Leg_Extension_Releasing_Too_Fast_2_011 (4).csv
3,2,2,5,2,18.549,18549,-0.51,0.13,9.46,9.4746,0.0065,-0.0011,0.0,2.44,1.0,285.5,-0.4852,0.1141,9.5974,9.6103,P003_Weight_Stack_Seated_Leg_Extension_Releasing_Too_Fast_2_011 (4).csv
3,2,2,5,2,18.68,18680,-0.44,0.2,9.78,9.7919,0.0142,-0.0065,-0.0055,2.44,1.0,285.5,-0.4793,0.1254,9.6214,9.6342,P003_Weight_Stack_Seated_Leg_Extension_Releasing_Too_Fast_2_011 (4).csv
3,2,2,5,2,18.81,18810,-0.34,0.08,8.79,8.7969,-0.0065,0.0065,0.0044,2.44,0.94,285.5,-0.4609,0.1194,9.5119,9.5238,P003_Weight_Stack_Seated_Leg_Extension_Releasing_Too_Fast_2_011 (4).csv
3,2,2,5,2,18.941,18941,-0.62,0.2,9.66,9.6819,-0.0251,0.0065,-0.0109,2.5,0.94,285.44,-0.4819,0.13,9.5314,9.5444,P003_Weight_Stack_Seated_Leg_Extension_Releasing_Too_Fast_2_011 (4).csv
3,2,2,5,2,19.071,19071,-0.57,-0.06,10.37,10.3858,0.0175,-0.0076,0.0164,2.5,0.94,285.5,-0.4935,0.105,9.6419,9.6551,P003_Weight_Stack_Seated_Leg_Extension_Releasing_Too_Fast_2_011 (4).csv
3,2,2,5,2,19.202,19202,-0.42,0.15,9.37,9.3806,-0.0044,-0.0033,0.0011,2.5,0.94,285.5,-0.4838,0.1109,9.6061,9.6189,P003_Weight_Stack_Seated_Leg_Extension_Releasing_Too_Fast_2_011 (4).csv
3,2,2,5,2,19.332,19332,-0.45,0.22,8.62,8.6345,-0.0087,0.0207,-0.0098,2.44,0.94,285.5,-0.4794,0.1253,9.4761,9.4891,P003_Weight_Stack_Seated_Leg_Extension_Releasing_Too_Fast_2_011 (4).csv
3,2,2,5,2,19.505,19505,-1.06,-0.3,7.73,7.8081,-0.1025,0.0076,-0.0109,2.44,1.06,285.5,-0.5559,0.0693,9.246,9.263,P003_Weight_Stack_Seated_Leg_Extension_Releasing_Too_Fast_2_011 (4).csv
3,2,2,5,2,19.635,19635,-0.37,0.73,11.05,11.0803,-0.0207,-0.0142,-0.0087,2.5,1.25,285.44,-0.5314,0.1563,9.4837,9.4999,P003_Weight_Stack_Seated_Leg_Extension_Releasing_Too_Fast_2_011 (4).csv
3,2,2,5,2,19.766,19766,-0.79,0.29,11.62,11.6504,-0.0535,0.0065,-0.0251,2.44,1.25,285.44,-0.5655,0.1739,9.7653,9.7832,P003_Weight_Stack_Seated_Leg_Extension_Releasing_Too_Fast_2_011 (4).csv
3,2,2,5,2,19.897,19897,-0.49,0.24,10.93,10.9436,0.0033,-0.0076,-0.0109,2.38,1.19,285.38,-0.5555,0.1826,9.9187,9.936,P003_Weight_Stack_Seated_Leg_Extension_Releasing_Too_Fast_2_011 (4).csv
3,3,2,5,2,20.028,20028,-0.3,0.08,9.01,9.0153,-0.024,0.0131,0.0,2.25,1.19,285.38,-0.5218,0.1691,9.799,9.8143,P003_Weight_Stack_Seated_Leg_Extension_Releasing_Too_Fast_2_011 (4).csv
3,3,2,5,2,20.159,20159,-0.48,0.11,9.34,9.353,0.0076,-0.0295,-0.0011,2.31,1.25,285.38,-0.5163,0.1613,9.7385,9.7535,P003_Weight_Stack_Seated_Leg_Extension_Releasing_Too_Fast_2_011 (4).csv
3,3,2,5,2,20.294,20294,-0.47,0.11,9.63,9.6421,0.0011,-0.0011,0.0,2.5,1.25,285.38,-0.5102,0.1546,9.7242,9.7388,P003_Weight_Stack_Seated_Leg_Extension_Releasing_Too_Fast_2_011 (4).csv
3,3,2,5,2,20.425,20425,-0.59,0.92,10.14,10.1987,-0.024,-0.0327,0.0338,2.19,1.63,285.44,-0.5207,0.2554,9.779,9.7962,P003_Weight_Stack_Seated_Leg_Extension_Releasing_Too_Fast_2_011 (4).csv
3,3,2,5,2,20.598,20598,-0.48,0.33,9.67,9.6875,-0.1505,0.0785,-0.012,2.25,1.31,285.31,-0.5154,0.2653,9.7646,9.7818,P003_Weight_Stack_Seated_Leg_Extension_Releasing_Too_Fast_2_011 (4).csv
3,3,2,5,2,20.728,20728,-0.4,0.14,9.44,9.4495,-0.012,-0.0164,-0.0185,2.19,1.25,285.38,-0.5002,0.2487,9.7219,9.7379,P003_Weight_Stack_Seated_Leg_Extension_Releasing_Too_Fast_2_011 (4).csv
3,3,2,5,2,20.859,20859,-0.48,0.29,10.22,10.2354,0.0022,0.0,-0.0185,2.19,1.25,285.38,-0.4975,0.2542,9.7875,9.8034,P003_Weight_Stack_Seated_Leg_Extension_Releasing_Too_Fast_2_011 (4).csv
3,3,2,5,2,20.99,20990,-0.51,0.16,9.98,9.9943,0.0022,0.0011,0.0109,2.25,1.25,285.38,-0.4992,0.2418,9.8129,9.8285,P003_Weight_Stack_Seated_Leg_Extension_Releasing_Too_Fast_2_011 (4).csv
3,3,2,5,2,21.121,21121,-0.51,0.18,9.71,9.7251,0.0022,0.0055,-0.0022,2.25,1.25,285.38,-0.5006,0.2336,9.7993,9.8149,P003_Weight_Stack_Seated_Leg_Extension_Releasing_Too_Fast_2_011 (4).csv
3,3,2,5,2,21.252,21252,-0.45,0.05,9.34,9.351,0.0033,-0.0055,0.0055,2.31,1.19,285.38,-0.4939,0.2094,9.7388,9.7536,P003_Weight_Stack_Seated_Leg_Extension_Releasing_Too_Fast_2_011 (4).csv
3,3,2,5,2,21.386,21386,-0.49,0.15,9.29,9.3041,0.0055,0.0,-0.0011,2.31,1.19,285.38,-0.4934,0.2016,9.6796,9.6943,P003_Weight_Stack_Seated_Leg_Extension_Releasing_Too_Fast_2_011 (4).csv
3,3,2,5,2,21.534,21534,-0.53,0.17,9.71,9.7259,0.0055,0.0022,0.0011,2.38,1.19,285.38,-0.4982,0.1974,9.6836,9.6985,P003_Weight_Stack_Seated_Leg_Extension_Releasing_Too_Fast_2_011 (4).csv
3,3,2,5,2,21.709,21709,-0.51,0.13,9.79,9.8041,-0.0011,0.0033,0.0,2.38,1.13,285.38,-0.4998,0.1886,9.6977,9.7124,P003_Weight_Stack_Seated_Leg_Extension_Releasing_Too_Fast_2_011 (4).csv
3,3,2,5,2,21.84,21840,-0.5,0.18,9.43,9.445,0.0,0.0011,-0.0033,2.38,1.13,285.38,-0.4998,0.1874,9.6624,9.6771,P003_Weight_Stack_Seated_Leg_Extension_Releasing_Too_Fast_2_011 (4).csv
3,3,2,5,2,21.97,21970,-0.53,0.12,10.07,10.0847,0.0131,-0.0022,0.0,2.44,1.13,285.38,-0.5038,0.1785,9.7161,9.7308,P003_Weight_Stack_Seated_Leg_Extension_Releasing_Too_Fast_2_011 (4).csv
3,3,2,5,2,22.1,22100,-0.4,0.11,8.94,8.9496,0.0164,-0.0076,-0.0033,2.44,1.06,285.38,-0.4901,0.1695,9.6138,9.6278,P003_Weight_Stack_Seated_Leg_Extension_Releasing_Too_Fast_2_011 (4).csv
3,3,2,5,2,22.23,22230,-0.59,0.22,9.1,9.1218,-0.0044,0.0,-0.0076,2.44,1.0,285.38,-0.5033,0.1762,9.5461,9.561,P003_Weight_Stack_Seated_Leg_Extension_Releasing_Too_Fast_2_011 (4).csv
3,3,2,5,2,22.361,22361,-0.38,0.14,10.11,10.1181,0.0142,-0.012,-0.0022,2.44,1.0,285.38,-0.487,0.1714,9.6204,9.6343,P003_Weight_Stack_Seated_Leg_Extension_Releasing_Too_Fast_2_011 (4).csv
3,3,2,5,2,22.491,22491,-0.47,0.13,9.85,9.8621,0.0076,-0.0044,0.0076,2.44,0.94,285.38,-0.4848,0.1659,9.6507,9.6643,P003_Weight_Stack_Seated_Leg_Extension_Releasing_Too_Fast_2_011 (4).csv
3,3,2,5,2,22.621,22621,-0.57,0.0,9.18,9.1977,-0.0164,0.012,0.0011,2.44,0.88,285.31,-0.496,0.1441,9.5887,9.6026,P003_Weight_Stack_Seated_Leg_Extension_Releasing_Too_Fast_2_011 (4).csv
3,3,2,5,2,22.794,22794,-0.49,0.18,8.36,8.3763,-0.0164,0.0229,0.0131,2.38,0.88,285.38,-0.4952,0.1488,9.4267,9.4409,P003_Weight_Stack_Seated_Leg_Extension_Releasing_Too_Fast_2_011 (4).csv
3,3,2,5,2,22.925,22925,-0.28,0.16,8.77,8.7759,0.0218,-0.0251,-0.0076,2.44,0.81,285.31,-0.4669,0.1503,9.3402,9.3531,P003_Weight_Stack_Seated_Leg_Extension_Releasing_Too_Fast_2_011 (4).csv
3,3,2,5,2,23.056,23056,-0.22,0.27,9.69,9.6963,0.012,0.0142,-0.0022,2.44,0.81,285.31,-0.4343,0.1661,9.3863,9.3978,P003_Weight_Stack_Seated_Leg_Extension_Releasing_Too_Fast_2_011 (4).csv
3,3,2,5,2,23.186,23186,-0.47,0.12,9.63,9.6422,-0.0055,0.0109,0.0,2.5,0.81,285.31,-0.439,0.16,9.4184,9.43,P003_Weight_Stack_Seated_Leg_Extension_Releasing_Too_Fast_2_011 (4).csv
3,3,2,5,2,23.317,23317,-0.39,0.1,9.13,9.1389,0.0011,0.0,0.0,2.44,0.81,285.31,-0.4326,0.1521,9.3804,9.3916,P003_Weight_Stack_Seated_Leg_Extension_Releasing_Too_Fast_2_011 (4).csv
3,3,2,5,2,23.453,23453,-0.52,0.05,7.79,7.8075,-0.024,0.0022,0.0065,2.44,0.88,285.31,-0.4441,0.1386,9.1708,9.1826,P003_Weight_Stack_Seated_Leg_Extension_Releasing_Too_Fast_2_011 (4).csv
3,3,2,5,2,23.584,23584,-0.42,0.16,7.92,7.9327,0.0,-0.0087,0.0055,2.44,1.0,285.31,-0.4409,0.1414,9.006,9.0179,P003_Weight_Stack_Seated_Leg_Extension_Releasing_Too_Fast_2_011 (4).csv
3,3,2,5,2,23.714,23714,-0.84,-0.02,11.48,11.5107,-0.0393,0.0044,-0.0251,2.5,1.06,285.31,-0.4935,0.1202,9.332,9.3458,P003_Weight_Stack_Seated_Leg_Extension_Releasing_Too_Fast_2_011 (4).csv
3,3,2,5,2,23.887,23887,-0.81,-0.01,10.36,10.3916,0.0142,-0.0109,-0.0044,2.5,1.13,285.25,-0.5352,0.103,9.4675,9.4832,P003_Weight_Stack_Seated_Leg_Extension_Releasing_Too_Fast_2_011 (4).csv
3,3,2,5,2,24.018,24018,-0.64,-0.04,10.19,10.2102,-0.0011,-0.0447,-0.0022,2.38,1.13,285.19,-0.549,0.0842,9.5627,9.5788,P003_Weight_Stack_Seated_Leg_Extension_Releasing_Too_Fast_2_011 (4).csv
3,3,2,5,2,24.148,24148,-0.43,0.05,9.13,9.1403,-0.024,0.0076,0.0033,2.31,1.13,285.25,-0.5333,0.0797,9.5057,9.521,P003_Weight_Stack_Seated_Leg_Extension_Releasing_Too_Fast_2_011 (4).csv
3,3,2,5,2,24.282,24282,-0.55,0.2,9.66,9.6777,0.0044,-0.0742,-0.0076,2.5,1.13,285.19,-0.5355,0.0955,9.526,9.5415,P003_Weight_Stack_Seated_Leg_Extension_Releasing_Too_Fast_2_011 (4).csv
3,3,2,5,2,24.416,24416,-0.52,0.0,9.97,9.9836,0.0153,-0.0022,-0.0022,2.56,1.06,285.25,-0.5335,0.0829,9.5845,9.5997,P003_Weight_Stack_Seated_Leg_Extension_Releasing_Too_Fast_2_011 (4).csv
3,3,2,5,2,24.547,24547,-0.63,0.26,10.16,10.1828,-0.0153,-0.0185,-0.012,2.44,1.13,285.19,-0.5462,0.1063,9.6603,9.6764,P003_Weight_Stack_Seated_Leg_Extension_Releasing_Too_Fast_2_011 (4).csv
3,3,2,5,2,24.677,24677,-0.49,0.1,9.78,9.7928,-0.0164,0.0065,0.0055,2.38,1.13,285.25,-0.5388,0.1054,9.6761,9.6917,P003_Weight_Stack_Seated_Leg_Extension_Releasing_Too_Fast_2_011 (4).csv
3,3,2,5,2,24.808,24808,-0.42,0.18,9.71,9.7207,0.012,-0.0011,0.0022,2.38,1.19,285.25,-0.5231,0.1153,9.6806,9.6954,P003_Weight_Stack_Seated_Leg_Extension_Releasing_Too_Fast_2_011 (4).csv
3,3,2,5,2,24.98,24980,-0.49,0.17,9.44,9.4542,-0.0033,0.0109,0.0011,2.44,1.13,285.25,-0.5188,0.1225,9.6489,9.6636,P003_Weight_Stack_Seated_Leg_Extension_Releasing_Too_Fast_2_011 (4).csv
3,3,2,5,2,25.11,25110,-0.55,0.09,9.35,9.3666,0.0044,-0.0022,0.0033,2.44,1.13,285.25,-0.5229,0.1182,9.6095,9.6244,P003_Weight_Stack_Seated_Leg_Extension_Releasing_Too_Fast_2_011 (4).csv
3,3,2,5,2,25.24,25240,-0.49,0.16,9.42,9.4341,0.0022,0.0022,0.0022,2.5,1.13,285.25,-0.5186,0.1237,9.5845,9.5993,P003_Weight_Stack_Seated_Leg_Extension_Releasing_Too_Fast_2_011 (4).csv
3,3,2,5,2,25.37,25370,-0.55,0.17,9.58,9.5973,0.0022,-0.0033,-0.0022,2.5,1.13,285.25,-0.5227,0.1298,9.5839,9.599,P003_Weight_Stack_Seated_Leg_Extension_Releasing_Too_Fast_2_011 (4).csv
3,3,2,5,2,25.5,25500,-0.53,0.11,9.67,9.6851,0.0087,0.0,0.0011,2.5,1.06,285.25,-0.5237,0.1272,9.5953,9.6104,P003_Weight_Stack_Seated_Leg_Extension_Releasing_Too_Fast_2_011 (4).csv
3,3,2,5,2,25.63,25630,-0.55,0.08,10.32,10.335,0.0131,-0.0022,-0.0011,2.5,1.06,285.25,-0.5271,0.121,9.6908,9.7059,P003_Weight_Stack_Seated_Leg_Extension_Releasing_Too_Fast_2_011 (4).csv
3,4,2,5,2,25.76,25760,-0.31,0.11,9.57,9.5757,0.0327,-0.0098,0.0011,2.5,1.0,285.19,-0.4985,0.1195,9.6749,9.6884,P003_Weight_Stack_Seated_Leg_Extension_Releasing_Too_Fast_2_011 (4).csv
3,4,2,5,2,25.89,25890,-0.46,0.22,8.04,8.0562,-0.0164,0.0011,-0.0044,2.5,1.0,285.19,-0.4934,0.1328,9.4594,9.4732,P003_Weight_Stack_Seated_Leg_Extension_Releasing_Too_Fast_2_011 (4).csv
3,4,2,5,2,26.063,26063,-0.65,0.0,9.01,9.0334,-0.0185,0.0033,0.0153,2.5,0.94,285.25,-0.5141,0.1153,9.4002,9.415,P003_Weight_Stack_Seated_Leg_Extension_Releasing_Too_Fast_2_011 (4).csv
3,4,2,5,2,26.193,26193,-0.5,0.29,9.97,9.9867,0.0327,-0.012,-0.0185,2.5,0.94,285.19,-0.5122,0.1383,9.4753,9.4901,P003_Weight_Stack_Seated_Leg_Extension_Releasing_Too_Fast_2_011 (4).csv
3,4,2,5,2,26.324,26324,-0.62,0.01,9.98,9.9992,-0.0055,0.0065,0.0087,2.5,0.94,285.25,-0.5264,0.1214,9.5418,9.5571,P003_Weight_Stack_Seated_Leg_Extension_Releasing_Too_Fast_2_011 (4).csv
3,4,2,5,2,26.458,26458,-0.68,0.07,9.27,9.2952,-0.0055,-0.0011,0.0087,2.5,0.94,285.19,-0.5467,0.1146,9.506,9.5224,P003_Weight_Stack_Seated_Leg_Extension_Releasing_Too_Fast_2_011 (4).csv
3,4,2,5,2,26.592,26592,-0.56,0.13,9.7,9.717,0.0164,0.0229,-0.0044,2.5,0.88,285.19,-0.5484,0.1166,9.5315,9.548,P003_Weight_Stack_Seated_Leg_Extension_Releasing_Too_Fast_2_011 (4).csv
3,4,2,5,2,26.722,26722,-0.52,0.1,9.62,9.6346,-0.0076,0.0076,0.0,2.5,0.88,285.19,-0.5447,0.1145,9.5432,9.5594,P003_Weight_Stack_Seated_Leg_Extension_Releasing_Too_Fast_2_011 (4).csv
3,4,2,5,2,26.853,26853,-0.41,0.05,8.16,8.1704,0.0055,-0.012,-0.0022,2.5,0.88,285.19,-0.5269,0.106,9.3609,9.3763,P003_Weight_Stack_Seated_Leg_Extension_Releasing_Too_Fast_2_011 (4).csv
3,4,2,5,2,26.983,26983,-0.46,0.24,6.53,6.5506,-0.0447,0.024,-0.0044,2.5,1.0,285.19,-0.5181,0.1236,8.9879,9.0037,P003_Weight_Stack_Seated_Leg_Extension_Releasing_Too_Fast_2_011 (4).csv
3,4,2,5,2,27.156,27156,-0.1,0.52,9.03,9.0455,0.0098,-0.0185,-0.0273,2.56,1.13,285.19,-0.463,0.1759,8.9934,9.0071,P003_Weight_Stack_Seated_Leg_Extension_Releasing_Too_Fast_2_011 (4).csv
3,4,2,5,2,27.29,27290,-0.81,0.25,9.53,9.5676,-0.048,-0.0393,-0.036,2.5,1.19,285.13,-0.5087,0.1856,9.0641,9.0803,P003_Weight_Stack_Seated_Leg_Extension_Releasing_Too_Fast_2_011 (4).csv
3,4,2,5,2,27.424,27424,-0.55,0.23,10.07,10.0876,-0.0196,0.012,0.0022,2.56,1.19,285.06,-0.5142,0.1915,9.1967,9.213,P003_Weight_Stack_Seated_Leg_Extension_Releasing_Too_Fast_2_011 (4).csv
3,4,2,5,2,27.555,27555,-0.11,-0.28,9.33,9.3348,-0.0262,0.0131,0.0033,2.38,1.19,285.13,-0.4609,0.1293,9.2143,9.2267,P003_Weight_Stack_Seated_Leg_Extension_Releasing_Too_Fast_2_011 (4).csv
3,4,2,5,2,27.685,27685,-0.59,0.11,9.18,9.1996,-0.0033,-0.0556,-0.0098,2.5,1.19,285.13,-0.4779,0.1268,9.2097,9.223,P003_Weight_Stack_Seated_Leg_Extension_Releasing_Too_Fast_2_011 (4).csv
3,4,2,5,2,27.816,27816,-0.52,0.14,9.57,9.5851,0.0196,-0.0022,-0.0076,2.63,1.19,285.13,-0.4835,0.1285,9.2572,9.2707,P003_Weight_Stack_Seated_Leg_Extension_Releasing_Too_Fast_2_011 (4).csv
3,4,2,5,2,27.946,27946,-0.48,0.72,9.55,9.5891,-0.0371,0.0382,-0.0153,2.69,1.25,285.06,-0.483,0.2065,9.2958,9.3106,P003_Weight_Stack_Seated_Leg_Extension_Releasing_Too_Fast_2_011 (4).csv
3,4,2,5,2,28.076,28076,-0.46,0.41,9.76,9.7794,0.0458,-0.0185,-0.012,2.44,1.25,285.06,-0.48,0.2333,9.357,9.3722,P003_Weight_Stack_Seated_Leg_Extension_Releasing_Too_Fast_2_011 (4).csv
3,4,2,5,2,28.249,28249,-0.5,0.19,10.07,10.0842,0.0175,-0.0087,0.0011,2.38,1.13,285.06,-0.4826,0.2276,9.4509,9.466,P003_Weight_Stack_Seated_Leg_Extension_Releasing_Too_Fast_2_011 (4).csv
3,4,2,5,2,28.38,28380,-0.47,0.09,9.74,9.7517,0.0055,0.0,0.0022,2.44,1.06,285.06,-0.481,0.2095,9.489,9.5035,P003_Weight_Stack_Seated_Leg_Extension_Releasing_Too_Fast_2_011 (4).csv
3,4,2,5,2,28.511,28511,-0.54,0.17,9.5,9.5169,0.0055,0.0,0.0022,2.38,1.06,285.06,-0.4887,0.2043,9.4905,9.5052,P003_Weight_Stack_Seated_Leg_Extension_Releasing_Too_Fast_2_011 (4).csv
3,4,2,5,2,28.642,28642,-0.47,0.13,9.51,9.5225,0.0033,0.0,0.0044,2.44,1.06,285.06,-0.4863,0.1945,9.493,9.5075,P003_Weight_Stack_Seated_Leg_Extension_Releasing_Too_Fast_2_011 (4).csv
3,4,2,5,2,28.773,28773,-0.49,0.09,9.59,9.6029,0.0055,-0.0011,0.0033,2.44,1.06,285.06,-0.4868,0.1807,9.5058,9.52,P003_Weight_Stack_Seated_Leg_Extension_Releasing_Too_Fast_2_011 (4).csv
3,4,2,5,2,28.907,28907,-0.51,0.1,10.07,10.0834,0.0065,-0.0044,0.0,2.44,1.06,285.06,-0.4898,0.1701,9.5802,9.5942,P003_Weight_Stack_Seated_Leg_Extension_Releasing_Too_Fast_2_011 (4).csv
3,4,2,5,2,29.039,29039,-0.44,0.13,10.06,10.0705,0.0087,-0.0087,0.0011,2.44,1.06,285.06,-0.4833,0.1648,9.6434,9.6569,P003_Weight_Stack_Seated_Leg_Extension_Releasing_Too_Fast_2_011 (4).csv
3,4,2,5,2,29.169,29169,-0.46,0.13,9.84,9.8516,0.0044,0.0065,-0.0022,2.44,1.0,285.06,-0.4802,0.1602,9.6693,9.6825,P003_Weight_Stack_Seated_Leg_Extension_Releasing_Too_Fast_2_011 (4).csv
3,5,2,5,2,29.342,29342,-0.45,0.16,9.26,9.2723,0.0,-0.0011,-0.0033,2.44,1.0,285.06,-0.4762,0.1602,9.6154,9.6285,P003_Weight_Stack_Seated_Leg_Extension_Releasing_Too_Fast_2_011 (4).csv
3,5,2,5,2,29.473,29473,-0.49,0.17,9.31,9.3244,0.012,-0.0011,-0.0011,2.44,0.94,285.06,-0.478,0.1615,9.5751,9.5884,P003_Weight_Stack_Seated_Leg_Extension_Releasing_Too_Fast_2_011 (4).csv
3,5,2,5,2,29.603,29603,-0.44,0.14,9.25,9.2615,0.012,-0.0044,0.0044,2.44,0.94,285.13,-0.473,0.1586,9.5323,9.5453,P003_Weight_Stack_Seated_Leg_Extension_Releasing_Too_Fast_2_011 (4).csv
3,5,2,5,2,29.738,29738,-0.42,0.06,9.67,9.6793,0.0207,-0.0065,0.0076,2.44,0.88,285.13,-0.466,0.1456,9.5504,9.5629,P003_Weight_Stack_Seated_Leg_Extension_Releasing_Too_Fast_2_011 (4).csv
3,5,2,5,2,29.871,29871,-0.49,0.14,8.99,9.0044,-0.0065,0.0065,-0.0044,2.44,0.88,285.06,-0.4692,0.1449,9.4766,9.4893,P003_Weight_Stack_Seated_Leg_Extension_Releasing_Too_Fast_2_011 (4).csv
3,5,2,5,2,30.001,30001,-0.5,0.22,10.01,10.0249,0.0109,-0.0065,0.0033,2.44,0.88,285.06,-0.4733,0.1548,9.5469,9.5598,P003_Weight_Stack_Seated_Leg_Extension_Releasing_Too_Fast_2_011 (4).csv
3,5,2,5,2,30.132,30132,-0.54,0.23,8.51,8.5302,0.0,0.0033,-0.0262,2.44,0.88,285.06,-0.482,0.1647,9.4102,9.424,P003_Weight_Stack_Seated_Leg_Extension_Releasing_Too_Fast_2_011 (4).csv
3,5,2,5,2,30.262,30262,-0.58,-0.04,10.14,10.1567,0.0251,0.0251,0.0131,2.44,0.81,285.06,-0.495,0.1377,9.5064,9.5203,P003_Weight_Stack_Seated_Leg_Extension_Releasing_Too_Fast_2_011 (4).csv
3,5,2,5,2,30.435,30435,-0.71,0.24,9.39,9.4199,-0.036,0.0098,-0.0055,2.44,0.88,285.13,-0.5233,0.1512,9.4911,9.5067,P003_Weight_Stack_Seated_Leg_Extension_Releasing_Too_Fast_2_011 (4).csv
3,5,2,5,2,30.565,30565,-0.41,0.41,7.17,7.1934,-0.0273,0.0153,-0.0076,2.38,0.94,285.06,-0.5084,0.1853,9.1852,9.2011,P003_Weight_Stack_Seated_Leg_Extension_Releasing_Too_Fast_2_011 (4).csv
3,5,2,5,2,30.696,30696,-0.27,-0.07,7.67,7.6751,0.0207,-0.0273,0.0229,2.38,1.0,285.13,-0.477,0.1517,8.9855,8.9995,P003_Weight_Stack_Seated_Leg_Extension_Releasing_Too_Fast_2_011 (4).csv
3,5,2,5,2,30.827,30827,-0.9,-0.63,9.1,9.1661,-0.0022,-0.0415,-0.0164,2.5,1.06,285.06,-0.5327,0.0487,9.0006,9.0165,P003_Weight_Stack_Seated_Leg_Extension_Releasing_Too_Fast_2_011 (4).csv
3,5,2,5,2,30.957,30957,-0.55,0.36,10.47,10.4906,0.0196,-0.024,-0.012,2.44,1.19,285.0,-0.535,0.0897,9.1942,9.2102,P003_Weight_Stack_Seated_Leg_Extension_Releasing_Too_Fast_2_011 (4).csv
3,5,2,5,2,31.093,31093,-0.57,0.06,10.06,10.0763,-0.0033,0.0196,0.0087,2.44,1.19,285.0,-0.5396,0.0858,9.3083,9.3244,P003_Weight_Stack_Seated_Leg_Extension_Releasing_Too_Fast_2_011 (4).csv
3,5,2,5,2,31.225,31225,-0.5,0.15,9.12,9.1349,-0.0218,0.0076,0.0,2.25,1.19,285.0,-0.5344,0.0942,9.2835,9.2994,P003_Weight_Stack_Seated_Leg_Extension_Releasing_Too_Fast_2_011 (4).csv
3,5,2,5,2,31.355,31355,-0.56,0.16,9.1,9.1186,-0.0076,-0.036,-0.0065,2.44,1.19,285.0,-0.5378,0.1029,9.2593,9.2755,P003_Weight_Stack_Seated_Leg_Extension_Releasing_Too_Fast_2_011 (4).csv
3,5,2,5,2,31.528,31528,-1.2,0.16,9.91,9.9837,0.0753,-0.0851,0.0665,2.56,1.19,285.0,-0.625,0.1104,9.3451,9.3666,P003_Weight_Stack_Seated_Leg_Extension_Releasing_Too_Fast_2_011 (4).csv
3,5,2,5,2,31.658,31658,-0.6,-0.19,8.67,8.6928,0.1396,-0.0316,0.0175,2.44,1.5,285.0,-0.6217,0.0708,9.2561,9.2772,P003_Weight_Stack_Seated_Leg_Extension_Releasing_Too_Fast_2_011 (4).csv
3,5,2,5,2,31.788,31788,-0.5,0.25,9.53,9.5464,-0.0469,0.0,-0.0273,2.38,1.31,285.0,-0.6057,0.0944,9.2922,9.3124,P003_Weight_Stack_Seated_Leg_Extension_Releasing_Too_Fast_2_011 (4).csv
3,5,2,5,2,31.918,31918,-0.48,0.35,9.87,9.8879,-0.0458,0.0065,-0.024,2.31,1.13,285.0,-0.5891,0.1281,9.3683,9.3877,P003_Weight_Stack_Seated_Leg_Extension_Releasing_Too_Fast_2_011 (4).csv
3,5,2,5,2,32.048,32048,-0.55,0.29,9.99,10.0093,-0.0218,-0.0011,-0.0055,2.25,1.25,285.0,-0.584,0.1495,9.4503,9.4695,P003_Weight_Stack_Seated_Leg_Extension_Releasing_Too_Fast_2_011 (4).csv
3,5,2,5,2,32.178,32178,-0.57,0.18,10.08,10.0977,-0.0022,-0.0087,0.0011,2.31,1.19,285.0,-0.5821,0.1535,9.5332,9.5522,P003_Weight_Stack_Seated_Leg_Extension_Releasing_Too_Fast_2_011 (4).csv
3,5,2,5,2,32.308,32308,-0.34,0.27,9.51,9.5199,-0.0164,0.0044,0.0033,2.31,1.19,285.0,-0.5502,0.1688,9.5302,9.5475,P003_Weight_Stack_Seated_Leg_Extension_Releasing_Too_Fast_2_011 (4).csv
3,5,2,5,2,32.438,32438,-0.51,0.19,9.16,9.1762,0.0011,0.0044,-0.0011,2.31,1.19,285.0,-0.5449,0.1716,9.4814,9.4986,P003_Weight_Stack_Seated_Leg_Extension_Releasing_Too_Fast_2_011 (4).csv
3,5,2,5,2,32.611,32611,-0.48,0.09,9.27,9.2829,0.0055,0.0033,0.0011,2.38,1.19,285.0,-0.5364,0.1609,9.4535,9.4701,P003_Weight_Stack_Seated_Leg_Extension_Releasing_Too_Fast_2_011 (4).csv
3,5,2,5,2,32.741,32741,-0.44,0.18,9.47,9.4819,0.0,0.0055,-0.0011,2.44,1.13,285.0,-0.5237,0.1634,9.4557,9.4716,P003_Weight_Stack_Seated_Leg_Extension_Releasing_Too_Fast_2_011 (4).csv
3,5,2,5,2,32.871,32871,-0.5,0.16,9.75,9.7641,-0.0055,0.0109,0.0,2.44,1.13,285.0,-0.5205,0.1629,9.4945,9.5101,P003_Weight_Stack_Seated_Leg_Extension_Releasing_Too_Fast_2_011 (4).csv
3,5,2,5,2,33.001,33001,-0.46,0.14,9.69,9.7019,0.0011,0.0033,-0.0011,2.44,1.06,285.0,-0.5126,0.1599,9.5203,9.5354,P003_Weight_Stack_Seated_Leg_Extension_Releasing_Too_Fast_2_011 (4).csv
3,5,2,5,2,33.131,33131,-0.48,0.13,9.88,9.8925,0.0196,-0.0065,-0.0044,2.44,1.06,285.0,-0.5083,0.156,9.5677,9.5824,P003_Weight_Stack_Seated_Leg_Extension_Releasing_Too_Fast_2_011 (4).csv
3,5,2,5,2,33.261,33261,-0.41,0.15,9.52,9.53,0.0022,-0.0022,-0.0022,2.44,1.0,285.0,-0.4953,0.1552,9.5614,9.5755,P003_Weight_Stack_Seated_Leg_Extension_Releasing_Too_Fast_2_011 (4).csv
3,5,2,5,2,33.391,33391,-0.49,0.07,9.57,9.5828,-0.0011,-0.0022,0.0022,2.44,1.0,285.0,-0.4946,0.144,9.5625,9.5764,P003_Weight_Stack_Seated_Leg_Extension_Releasing_Too_Fast_2_011 (4).csv
3,5,2,5,2,33.522,33522,-0.53,0.16,9.19,9.2067,0.0022,-0.0011,-0.0065,2.44,0.94,285.0,-0.4993,0.1461,9.5134,9.5276,P003_Weight_Stack_Seated_Leg_Extension_Releasing_Too_Fast_2_011 (4).csv
3,5,2,5,2,33.694,33694,-0.5,0.22,9.21,9.2262,-0.0087,0.0055,-0.0131,2.44,0.94,285.0,-0.4994,0.1558,9.4734,9.4879,P003_Weight_Stack_Seated_Leg_Extension_Releasing_Too_Fast_2_011 (4).csv
3,5,2,5,2,33.825,33825,-0.33,0.23,8.72,8.7293,0.0011,-0.0011,0.0087,2.44,0.88,285.0,-0.4771,0.1656,9.3742,9.3878,P003_Weight_Stack_Seated_Leg_Extension_Releasing_Too_Fast_2_011 (4).csv
3,5,2,5,2,33.956,33956,-0.55,0.38,9.91,9.9325,-0.0295,0.0284,-0.0044,2.5,0.81,285.0,-0.4867,0.1938,9.4448,9.4593,P003_Weight_Stack_Seated_Leg_Extension_Releasing_Too_Fast_2_011 (4).csv
3,5,2,5,2,34.087,34087,-0.42,0.0,9.65,9.6591,0.0262,0.0044,0.0131,2.5,0.81,285.0,-0.4779,0.1683,9.4718,9.4854,P003_Weight_Stack_Seated_Leg_Extension_Releasing_Too_Fast_2_011 (4).csv
3,5,2,5,2,34.221,34221,-0.47,0.03,9.39,9.4018,0.0,0.0022,-0.0076,2.56,0.81,285.0,-0.4768,0.1501,9.461,9.4742,P003_Weight_Stack_Seated_Leg_Extension_Releasing_Too_Fast_2_011 (4).csv
3,5,2,5,2,34.354,34354,-0.46,0.18,8.22,8.2348,-0.0065,0.0218,0.0098,2.5,0.81,285.0,-0.4746,0.154,9.2975,9.3109,P003_Weight_Stack_Seated_Leg_Extension_Releasing_Too_Fast_2_011 (4).csv
3,5,2,5,2,34.485,34485,-0.53,0.05,7.96,7.9778,-0.0196,-0.0011,-0.0055,2.38,0.88,285.0,-0.4819,0.1403,9.1212,9.135,P003_Weight_Stack_Seated_Leg_Extension_Releasing_Too_Fast_2_011 (4).csv
3,5,2,5,2,34.615,34615,-0.53,0.17,10.14,10.1553,-0.0196,0.0164,-0.0153,2.63,1.06,284.94,-0.4883,0.1442,9.2555,9.2695,P003_Weight_Stack_Seated_Leg_Extension_Releasing_Too_Fast_2_011 (4).csv
3,5,2,5,2,34.788,34788,-0.4,-1.02,25.32,25.3437,-0.216,-0.0175,0.1254,2.56,1.31,284.94,-0.4766,-0.0092,11.3724,11.3824,P003_Weight_Stack_Seated_Leg_Extension_Releasing_Too_Fast_2_011 (4).csv
3,6,2,5,2,34.918,34918,2.83,0.18,11.13,11.4856,-0.3251,-0.0142,0.036,2.69,1.0,285.0,-0.0409,0.0157,11.3404,11.3405,P003_Weight_Stack_Seated_Leg_Extension_Releasing_Too_Fast_2_011 (4).csv
3,6,2,5,2,35.049,35049,-0.36,-0.01,7.92,7.9282,0.0687,-0.0753,-0.012,2.56,1.31,284.94,-0.0829,0.0123,10.8897,10.89,P003_Weight_Stack_Seated_Leg_Extension_Releasing_Too_Fast_2_011 (4).csv
3,6,2,5,2,35.179,35179,-0.29,0.16,8.68,8.6863,0.0207,-0.0229,-0.0229,2.5,1.13,284.88,-0.1102,0.0318,10.5985,10.5992,P003_Weight_Stack_Seated_Leg_Extension_Releasing_Too_Fast_2_011 (4).csv
3,6,2,5,2,35.313,35313,-0.14,-0.38,9.74,9.7484,-0.1538,-0.0033,0.0229,2.56,1.19,284.88,-0.1142,-0.0225,10.4854,10.486,P003_Weight_Stack_Seated_Leg_Extension_Releasing_Too_Fast_2_011 (4).csv
3,6,2,5,2,35.446,35446,-0.61,0.25,10.46,10.4808,0.0305,0.0076,-0.0491,2.44,1.44,284.88,-0.1795,0.0134,10.4821,10.4836,P003_Weight_Stack_Seated_Leg_Extension_Releasing_Too_Fast_2_011 (4).csv
3,6,2,5,2,35.577,35577,-0.66,0.11,9.08,9.1046,0.1342,-0.0753,0.0098,2.31,1.13,284.88,-0.2428,0.0262,10.2973,10.3002,P003_Weight_Stack_Seated_Leg_Extension_Releasing_Too_Fast_2_011 (4).csv
3,6,2,5,2,35.708,35708,-0.49,0.02,9.82,9.8322,-0.0022,0.0142,0.0044,2.31,1.13,284.88,-0.2754,0.0254,10.2344,10.2381,P003_Weight_Stack_Seated_Leg_Extension_Releasing_Too_Fast_2_011 (4).csv
3,6,2,5,2,35.881,35881,-0.53,0.37,9.57,9.5918,0.0065,0.0,0.0,2.31,1.13,284.88,-0.3089,0.0708,10.1469,10.1518,P003_Weight_Stack_Seated_Leg_Extension_Releasing_Too_Fast_2_011 (4).csv
3,6,2,5,2,36.017,36017,-0.51,0.22,9.36,9.3765,-0.0087,-0.0044,-0.0011,2.25,1.13,284.88,-0.3354,0.0904,10.0432,10.0492,P003_Weight_Stack_Seated_Leg_Extension_Releasing_Too_Fast_2_011 (4).csv
3,6,2,5,2,36.149,36149,-0.43,0.04,9.33,9.34,0.0,0.0055,-0.0011,2.25,1.13,284.88,-0.3479,0.0838,9.9492,9.9556,P003_Weight_Stack_Seated_Leg_Extension_Releasing_Too_Fast_2_011 (4).csv
3,6,2,5,2,36.279,36279,-0.52,0.08,9.44,9.4546,0.0011,0.0,0.0,2.25,1.13,284.88,-0.3706,0.0833,9.8821,9.8894,P003_Weight_Stack_Seated_Leg_Extension_Releasing_Too_Fast_2_011 (4).csv
3,6,2,5,2,36.41,36410,-0.43,0.13,9.52,9.5306,0.0076,0.0011,0.0044,2.25,1.13,284.88,-0.3784,0.0894,9.8344,9.8421,P003_Weight_Stack_Seated_Leg_Extension_Releasing_Too_Fast_2_011 (4).csv
3,6,2,5,2,36.54,36540,-0.44,0.12,9.39,9.4011,0.0076,0.0022,0.0055,2.25,1.06,284.88,-0.3865,0.0935,9.7758,9.7839,P003_Weight_Stack_Seated_Leg_Extension_Releasing_Too_Fast_2_011 (4).csv
3,6,2,5,2,36.67,36670,-0.46,0.16,9.41,9.4226,0.0087,-0.0044,-0.0033,2.25,1.06,284.88,-0.3962,0.1022,9.7276,9.7362,P003_Weight_Stack_Seated_Leg_Extension_Releasing_Too_Fast_2_011 (4).csv
3,6,2,5,2,36.801,36801,-0.63,0.14,9.89,9.911,0.0055,-0.0033,0.0022,2.25,1.06,284.88,-0.427,0.1072,9.749,9.7589,P003_Weight_Stack_Seated_Leg_Extension_Releasing_Too_Fast_2_011 (4).csv
3,6,2,5,2,36.974,36974,-0.6,0.15,8.78,8.8018,-0.0055,-0.0033,-0.0011,2.25,1.0,284.88,-0.4498,0.1129,9.6213,9.6325,P003_Weight_Stack_Seated_Leg_Extension_Releasing_Too_Fast_2_011 (4).csv
3,6,2,5,2,37.11,37110,-0.33,0.03,10.45,10.4553,0.0185,-0.0033,0.0044,2.25,0.94,284.88,-0.434,0.1019,9.7305,9.7407,P003_Weight_Stack_Seated_Leg_Extension_Releasing_Too_Fast_2_011 (4).csv
3,6,2,5,2,37.242,37242,-0.61,0.36,8.74,8.7687,-0.0262,0.0076,-0.0229,2.31,0.94,284.88,-0.4572,0.1359,9.6,9.6118,P003_Weight_Stack_Seated_Leg_Extension_Releasing_Too_Fast_2_011 (4).csv
3,6,2,5,2,37.372,37372,-0.49,-0.19,9.72,9.7342,0.0284,-0.0229,0.0055,2.31,0.88,284.88,-0.4615,0.093,9.6158,9.6273,P003_Weight_Stack_Seated_Leg_Extension_Releasing_Too_Fast_2_011 (4).csv
3,6,2,5,2,37.503,37503,-0.52,0.04,10.03,10.0435,0.0055,-0.0229,0.0033,2.31,0.88,284.88,-0.4692,0.086,9.6704,9.6821,P003_Weight_Stack_Seated_Leg_Extension_Releasing_Too_Fast_2_011 (4).csv
3,6,2,5,2,37.633,37633,-0.69,0.21,9.43,9.4575,-0.0305,-0.0022,-0.0098,2.31,0.88,284.88,-0.4983,0.1023,9.6387,9.6521,P003_Weight_Stack_Seated_Leg_Extension_Releasing_Too_Fast_2_011 (4).csv
3,6,2,5,2,37.763,37763,-0.42,0.08,9.54,9.5496,0.0022,0.0,0.0076,2.31,0.88,284.88,-0.488,0.0994,9.6257,9.6386,P003_Weight_Stack_Seated_Leg_Extension_Releasing_Too_Fast_2_011 (4).csv
3,6,2,5,2,37.894,37894,-0.6,0.15,8.9,8.9215,-0.0131,-0.0055,-0.0033,2.31,0.88,284.88,-0.5028,0.1061,9.5301,9.5439,P003_Weight_Stack_Seated_Leg_Extension_Releasing_Too_Fast_2_011 (4).csv
3,6,2,5,2,38.067,38067,-0.52,-0.02,7.41,7.4282,-0.0196,0.0022,0.0142,2.25,0.94,284.88,-0.505,0.0895,9.2507,9.2649,P003_Weight_Stack_Seated_Leg_Extension_Releasing_Too_Fast_2_011 (4).csv
3,6,2,5,2,38.198,38198,-0.72,0.33,10.61,10.6395,-0.0218,-0.0218,-0.0273,2.25,1.06,284.81,-0.5334,0.1212,9.4298,9.4457,P003_Weight_Stack_Seated_Leg_Extension_Releasing_Too_Fast_2_011 (4).csv
3,6,2,5,2,38.331,38331,-0.11,0.03,13.06,13.0605,-0.0175,-0.012,0.0382,2.25,1.13,284.88,-0.4776,0.1091,9.9082,9.9203,P003_Weight_Stack_Seated_Leg_Extension_Releasing_Too_Fast_2_011 (4).csv
3,6,2,5,2,38.462,38462,-0.82,0.31,11.44,11.4735,0.0,-0.0502,-0.0535,2.31,1.19,284.75,-0.5227,0.1356,10.11,10.1245,P003_Weight_Stack_Seated_Leg_Extension_Releasing_Too_Fast_2_011 (4).csv
3,7,2,5,2,38.595,38595,-0.52,0.15,9.48,9.4954,-0.0164,0.0185,-0.0011,2.38,1.25,284.75,-0.5223,0.1375,10.027,10.0416,P003_Weight_Stack_Seated_Leg_Extension_Releasing_Too_Fast_2_011 (4).csv
3,7,2,5,2,38.726,38726,-0.58,0.14,9.66,9.6784,0.0076,-0.0175,0.0022,2.44,1.25,284.75,-0.5299,0.1378,9.9787,9.9937,P003_Weight_Stack_Seated_Leg_Extension_Releasing_Too_Fast_2_011 (4).csv
3,7,2,5,2,38.856,38856,-0.56,0.17,9.74,9.7576,0.0076,0.0196,-0.0098,2.44,1.25,284.75,-0.5339,0.1421,9.9472,9.9625,P003_Weight_Stack_Seated_Leg_Extension_Releasing_Too_Fast_2_011 (4).csv
3,7,2,5,2,38.987,38987,-0.54,0.24,9.65,9.6681,0.0044,0.0065,0.0011,2.38,1.25,284.75,-0.5347,0.155,9.908,9.9237,P003_Weight_Stack_Seated_Leg_Extension_Releasing_Too_Fast_2_011 (4).csv
3,7,2,5,2,39.159,39159,-0.48,0.13,9.8,9.8126,-0.0011,-0.0229,0.0033,2.56,1.25,284.75,-0.5275,0.1517,9.8938,9.909,P003_Weight_Stack_Seated_Leg_Extension_Releasing_Too_Fast_2_011 (4).csv
3,7,2,5,2,39.289,39289,-0.61,0.31,9.96,9.9835,0.0327,0.0709,0.0,2.5,1.19,284.75,-0.5384,0.1725,9.9025,9.9187,P003_Weight_Stack_Seated_Leg_Extension_Releasing_Too_Fast_2_011 (4).csv
3,7,2,5,2,39.419,39419,-0.27,0.28,9.79,9.7977,-0.0654,0.036,-0.0022,2.25,1.06,284.81,-0.503,0.1867,9.8877,9.9022,P003_Weight_Stack_Seated_Leg_Extension_Releasing_Too_Fast_2_011 (4).csv
3,7,2,5,2,39.549,39549,-0.56,0.23,9.69,9.7089,0.0415,-0.0153,-0.0164,2.25,1.13,284.81,-0.5105,0.1924,9.8616,9.8767,P003_Weight_Stack_Seated_Leg_Extension_Releasing_Too_Fast_2_011 (4).csv
3,7,2,5,2,39.679,39679,-0.47,0.1,9.46,9.4722,0.0087,0.0065,-0.0011,2.31,1.06,284.75,-0.5052,0.1802,9.8087,9.8234,P003_Weight_Stack_Seated_Leg_Extension_Releasing_Too_Fast_2_011 (4).csv
3,7,2,5,2,39.809,39809,-0.49,0.08,9.65,9.6628,0.0098,-0.0076,-0.0022,2.31,1.0,284.75,-0.5032,0.167,9.7878,9.8022,P003_Weight_Stack_Seated_Leg_Extension_Releasing_Too_Fast_2_011 (4).csv
3,7,2,5,2,39.939,39939,-0.46,0.12,9.3,9.3121,0.0098,0.0011,0.0,2.38,1.0,284.75,-0.4975,0.1608,9.7235,9.7376,P003_Weight_Stack_Seated_Leg_Extension_Releasing_Too_Fast_2_011 (4).csv
3,7,2,5,2,40.07,40070,-0.43,0.11,9.7,9.7101,0.0033,0.0044,-0.0011,2.38,1.0,284.75,-0.4886,0.1541,9.7204,9.7339,P003_Weight_Stack_Seated_Leg_Extension_Releasing_Too_Fast_2_011 (4).csv
3,7,2,5,2,40.242,40242,-0.53,0.14,9.56,9.5757,0.0022,0.0,-0.0011,2.38,1.0,284.75,-0.494,0.1523,9.6993,9.7131,P003_Weight_Stack_Seated_Leg_Extension_Releasing_Too_Fast_2_011 (4).csv
3,7,2,5,2,40.373,40373,-0.44,0.09,9.38,9.3907,0.0076,0.0055,0.0033,2.38,1.0,284.75,-0.4869,0.1441,9.6572,9.6706,P003_Weight_Stack_Seated_Leg_Extension_Releasing_Too_Fast_2_011 (4).csv
3,7,2,5,2,40.504,40504,-0.52,0.14,9.13,9.1459,0.0055,-0.0044,0.0022,2.38,0.94,284.75,-0.4913,0.1435,9.5877,9.6014,P003_Weight_Stack_Seated_Leg_Extension_Releasing_Too_Fast_2_011 (4).csv
3,7,2,5,2,40.634,40634,-0.52,0.09,9.65,9.6644,0.0022,0.0033,-0.0055,2.38,0.94,284.75,-0.4951,0.1365,9.5959,9.6097,P003_Weight_Stack_Seated_Leg_Extension_Releasing_Too_Fast_2_011 (4).csv
3,7,2,5,2,40.77,40770,-0.59,0.06,9.19,9.2091,-0.0055,-0.0033,0.0022,2.38,0.88,284.75,-0.5076,0.1264,9.5424,9.5568,P003_Weight_Stack_Seated_Leg_Extension_Releasing_Too_Fast_2_011 (4).csv
3,7,2,5,2,40.902,40902,-0.6,0.19,9.19,9.2115,0.0218,-0.0087,0.0033,2.38,0.88,284.75,-0.5198,0.1348,9.496,9.5112,P003_Weight_Stack_Seated_Leg_Extension_Releasing_Too_Fast_2_011 (4).csv
3,7,2,5,2,41.032,41032,-0.33,0.14,9.46,9.4668,0.0044,0.0065,-0.0011,2.38,0.81,284.75,-0.4948,0.1355,9.4913,9.5051,P003_Weight_Stack_Seated_Leg_Extension_Releasing_Too_Fast_2_011 (4).csv
3,7,2,5,2,41.163,41163,-0.42,0.02,9.43,9.4394,0.012,0.0044,0.0076,2.38,0.81,284.75,-0.4849,0.1203,9.4832,9.4963,P003_Weight_Stack_Seated_Leg_Extension_Releasing_Too_Fast_2_011 (4).csv
3,7,2,5,2,41.335,41335,-0.55,-0.11,9.02,9.0374,-0.0098,-0.0087,0.0033,2.44,0.75,284.75,-0.4935,0.0899,9.4222,9.4355,P003_Weight_Stack_Seated_Leg_Extension_Releasing_Too_Fast_2_011 (4).csv
3,7,2,5,2,41.466,41466,-0.36,0.3,9.36,9.3717,0.0065,0.0087,0.0076,2.44,0.81,284.75,-0.4759,0.1176,9.414,9.4267,P003_Weight_Stack_Seated_Leg_Extension_Releasing_Too_Fast_2_011 (4).csv
3,7,2,5,2,41.597,41597,-0.5,0.0,9.47,9.4832,-0.0044,0.0055,-0.0055,2.44,0.81,284.75,-0.4791,0.1021,9.4213,9.4341,P003_Weight_Stack_Seated_Leg_Extension_Releasing_Too_Fast_2_011 (4).csv
3,7,2,5,2,41.728,41728,-0.5,-0.05,9.64,9.6531,0.0065,-0.0087,0.0022,2.5,0.75,284.75,-0.4818,0.0821,9.4502,9.4628,P003_Weight_Stack_Seated_Leg_Extension_Releasing_Too_Fast_2_011 (4).csv
3,7,2,5,2,41.859,41859,-0.48,0.11,8.44,8.4544,-0.0087,0.0076,0.0,2.5,0.75,284.75,-0.4816,0.0857,9.317,9.3299,P003_Weight_Stack_Seated_Leg_Extension_Releasing_Too_Fast_2_011 (4).csv
3,7,2,5,2,41.994,41994,-0.52,0.22,6.86,6.8832,-0.0295,0.0273,-0.0055,2.44,0.81,284.75,-0.4866,0.1034,8.9933,9.007,P003_Weight_Stack_Seated_Leg_Extension_Releasing_Too_Fast_2_011 (4).csv
3,7,2,5,2,42.125,42125,-0.63,-0.26,10.69,10.7117,-0.0065,-0.0305,-0.0185,2.44,0.88,284.75,-0.5055,0.0555,9.2169,9.2309,P003_Weight_Stack_Seated_Leg_Extension_Releasing_Too_Fast_2_011 (4).csv
3,7,2,5,2,42.256,42256,-0.06,-0.13,11.77,11.7709,-0.0175,-0.0055,-0.012,2.44,0.94,284.69,-0.4468,0.0311,9.5533,9.5638,P003_Weight_Stack_Seated_Leg_Extension_Releasing_Too_Fast_2_011 (4).csv
3,7,2,5,2,42.428,42428,-0.68,-0.1,10.28,10.303,-0.0022,0.0196,0.0087,2.56,1.06,284.63,-0.4776,0.0138,9.6491,9.6609,P003_Weight_Stack_Seated_Leg_Extension_Releasing_Too_Fast_2_011 (4).csv
3,7,2,5,2,42.559,42559,-0.47,0.06,9.93,9.9413,0.0055,0.0022,0.0033,2.56,1.06,284.63,-0.4766,0.0199,9.6861,9.6978,P003_Weight_Stack_Seated_Leg_Extension_Releasing_Too_Fast_2_011 (4).csv
3,7,2,5,2,42.689,42689,-0.51,0.14,9.46,9.4748,-0.0065,0.0033,0.0011,2.63,1.06,284.63,-0.481,0.0357,9.6563,9.6683,P003_Weight_Stack_Seated_Leg_Extension_Releasing_Too_Fast_2_011 (4).csv
3,7,2,5,2,42.819,42819,-0.51,0.19,9.67,9.6853,-0.0087,0.0033,0.0011,2.63,1.06,284.63,-0.4848,0.0561,9.6581,9.6704,P003_Weight_Stack_Seated_Leg_Extension_Releasing_Too_Fast_2_011 (4).csv
3,7,2,5,2,42.949,42949,-0.59,0.25,10.05,10.0704,0.0327,0.0764,0.0055,2.56,1.0,284.63,-0.4987,0.0816,9.7097,9.7229,P003_Weight_Stack_Seated_Leg_Extension_Releasing_Too_Fast_2_011 (4).csv
3,7,2,5,2,43.079,43079,-0.4,0.4,9.56,9.5767,-0.0611,0.0262,0.0,2.31,1.0,284.69,-0.4857,0.1236,9.69,9.703,P003_Weight_Stack_Seated_Leg_Extension_Releasing_Too_Fast_2_011 (4).csv
3,7,2,5,2,43.209,43209,-0.56,0.11,9.69,9.7068,0.036,-0.0185,-0.0185,2.31,0.94,284.69,-0.4955,0.1218,9.69,9.7034,P003_Weight_Stack_Seated_Leg_Extension_Releasing_Too_Fast_2_011 (4).csv
3,7,2,5,2,43.339,43339,-0.57,0.02,9.85,9.8665,0.0076,0.0196,0.0,2.38,0.88,284.69,-0.5053,0.1084,9.7111,9.7248,P003_Weight_Stack_Seated_Leg_Extension_Releasing_Too_Fast_2_011 (4).csv
3,7,2,5,2,43.512,43512,-0.51,0.13,9.79,9.8041,0.0044,-0.0044,-0.0011,2.38,0.88,284.69,-0.5059,0.1112,9.7215,9.7353,P003_Weight_Stack_Seated_Leg_Extension_Releasing_Too_Fast_2_011 (4).csv
3,7,2,5,2,43.642,43642,-0.41,0.11,9.69,9.6993,-0.0033,0.0087,0.0076,2.38,0.88,284.69,-0.4933,0.1111,9.7173,9.7305,P003_Weight_Stack_Seated_Leg_Extension_Releasing_Too_Fast_2_011 (4).csv
3,7,2,5,2,43.772,43772,-0.49,0.11,9.34,9.3535,0.0044,-0.0011,0.0055,2.38,0.88,284.69,-0.4928,0.1109,9.6676,9.6808,P003_Weight_Stack_Seated_Leg_Extension_Releasing_Too_Fast_2_011 (4).csv
3,7,2,5,2,43.903,43903,-0.47,0.09,9.47,9.4821,0.0076,-0.0011,-0.0022,2.38,0.88,284.69,-0.4898,0.1082,9.6416,9.6546,P003_Weight_Stack_Seated_Leg_Extension_Releasing_Too_Fast_2_011 (4).csv
3,7,2,5,2,44.035,44035,-0.47,0.1,9.41,9.4223,0.0033,-0.0022,0.0011,2.38,0.81,284.69,-0.4872,0.1071,9.6111,9.624,P003_Weight_Stack_Seated_Leg_Extension_Releasing_Too_Fast_2_011 (4).csv
3,7,2,5,2,44.166,44166,-0.52,0.12,9.38,9.3952,0.0,0.0022,0.0,2.38,0.81,284.69,-0.4915,0.1088,9.5806,9.5938,P003_Weight_Stack_Seated_Leg_Extension_Releasing_Too_Fast_2_011 (4).csv
3,7,2,5,2,44.301,44301,-0.51,0.14,9.77,9.7843,0.0022,-0.0065,0.0,2.38,0.75,284.69,-0.494,0.1129,9.6056,9.6189,P003_Weight_Stack_Seated_Leg_Extension_Releasing_Too_Fast_2_011 (4).csv
3,7,2,5,2,44.432,44432,-0.4,0.07,9.74,9.7485,0.0076,-0.0065,-0.0011,2.38,0.75,284.69,-0.4816,0.1072,9.6233,9.6359,P003_Weight_Stack_Seated_Leg_Extension_Releasing_Too_Fast_2_011 (4).csv
3,7,2,5,2,44.604,44604,-0.43,0.13,9.83,9.8403,0.0196,-0.0011,0.0011,2.38,0.69,284.69,-0.4748,0.1102,9.6505,9.6628,P003_Weight_Stack_Seated_Leg_Extension_Releasing_Too_Fast_2_011 (4).csv
3,7,2,5,2,44.735,44735,-0.56,0.06,9.01,9.0276,-0.0142,0.0022,-0.0011,2.38,0.69,284.69,-0.486,0.1036,9.5661,9.579,P003_Weight_Stack_Seated_Leg_Extension_Releasing_Too_Fast_2_011 (4).csv
3,7,2,5,2,44.866,44866,-0.37,0.07,9.86,9.8672,0.0185,0.0022,0.0055,2.38,0.69,284.69,-0.4707,0.0992,9.6048,9.6169,P003_Weight_Stack_Seated_Leg_Extension_Releasing_Too_Fast_2_011 (4).csv
3,7,2,5,2,44.996,44996,-0.79,0.15,8.9,8.9363,-0.0382,-0.0033,-0.0109,2.44,0.69,284.63,-0.5128,0.1059,9.512,9.5264,P003_Weight_Stack_Seated_Leg_Extension_Releasing_Too_Fast_2_011 (4).csv
3,7,2,5,2,45.127,45127,-0.38,0.16,10.43,10.4381,0.0578,0.0207,0.0218,2.44,0.69,284.63,-0.4953,0.113,9.6329,9.6463,P003_Weight_Stack_Seated_Leg_Extension_Releasing_Too_Fast_2_011 (4).csv
3,7,2,5,2,45.257,45257,-0.72,0.14,9.45,9.4784,-0.0164,0.0011,-0.012,2.38,0.69,284.63,-0.5249,0.1166,9.6088,9.6239,P003_Weight_Stack_Seated_Leg_Extension_Releasing_Too_Fast_2_011 (4).csv
3,7,2,5,2,45.388,45388,-0.35,0.16,8.83,8.8384,0.0065,0.0098,0.0098,2.38,0.69,284.63,-0.5019,0.1223,9.5062,9.5202,P003_Weight_Stack_Seated_Leg_Extension_Releasing_Too_Fast_2_011 (4).csv
3,7,2,5,2,45.519,45519,-0.45,0.0,7.72,7.7331,-0.0229,0.0033,-0.0011,2.38,0.75,284.63,-0.495,0.1062,9.2708,9.2846,P003_Weight_Stack_Seated_Leg_Extension_Releasing_Too_Fast_2_011 (4).csv
3,7,2,5,2,45.695,45695,-0.31,-0.03,9.93,9.9349,-0.0196,-0.0098,-0.012,2.44,0.88,284.56,-0.4706,0.0882,9.3577,9.3699,P003_Weight_Stack_Seated_Leg_Extension_Releasing_Too_Fast_2_011 (4).csv
3,7,2,5,2,45.826,45826,-0.73,0.0,11.54,11.5631,-0.0196,0.0011,-0.0055,2.38,0.94,284.56,-0.5048,0.0766,9.6453,9.6588,P003_Weight_Stack_Seated_Leg_Extension_Releasing_Too_Fast_2_011 (4).csv
3,7,2,5,2,45.956,45956,-0.57,0.1,10.72,10.7356,-0.0065,-0.0076,-0.0011,2.38,0.94,284.56,-0.5134,0.0797,9.7869,9.8007,P003_Weight_Stack_Seated_Leg_Extension_Releasing_Too_Fast_2_011 (4).csv
3,7,2,5,2,46.086,46086,-0.64,0.24,9.56,9.5844,-0.0196,0.0033,-0.0087,2.25,1.0,284.56,-0.5301,0.1008,9.757,9.7719,P003_Weight_Stack_Seated_Leg_Extension_Releasing_Too_Fast_2_011 (4).csv
3,7,2,5,2,46.217,46217,-0.51,0.15,9.26,9.2752,-0.0065,0.0011,0.0011,2.25,1.0,284.56,-0.5274,0.1073,9.6915,9.7064,P003_Weight_Stack_Seated_Leg_Extension_Releasing_Too_Fast_2_011 (4).csv
3,7,2,5,2,46.347,46347,-0.49,-0.01,9.66,9.6724,0.0262,0.0305,0.0065,2.5,1.0,284.56,-0.5225,0.0918,9.6873,9.7019,P003_Weight_Stack_Seated_Leg_Extension_Releasing_Too_Fast_2_011 (4).csv
3,7,2,5,2,46.477,46477,-0.58,0.35,10.1,10.1227,-0.0404,-0.06,-0.0098,2.56,1.0,284.56,-0.5301,0.1259,9.7417,9.7569,P003_Weight_Stack_Seated_Leg_Extension_Releasing_Too_Fast_2_011 (4).csv
3,7,2,5,2,46.608,46608,-0.67,0.27,10.25,10.2754,0.0338,0.0044,0.0065,2.31,0.94,284.56,-0.5485,0.1449,9.8087,9.8251,P003_Weight_Stack_Seated_Leg_Extension_Releasing_Too_Fast_2_011 (4).csv
3,7,2,5,2,46.781,46781,-0.64,0.16,9.5,9.5229,0.0076,-0.0175,-0.0055,2.31,0.94,284.56,-0.5606,0.1468,9.768,9.7852,P003_Weight_Stack_Seated_Leg_Extension_Releasing_Too_Fast_2_011 (4).csv
3,7,2,5,2,46.912,46912,-0.58,0.16,9.69,9.7087,-0.0087,0.0153,0.0011,2.31,0.94,284.56,-0.5631,0.1486,9.7577,9.7751,P003_Weight_Stack_Seated_Leg_Extension_Releasing_Too_Fast_2_011 (4).csv
3,7,2,5,2,47.044,47044,-0.51,0.11,9.92,9.9337,0.0087,-0.0055,0.0011,2.31,0.94,284.56,-0.5561,0.1435,9.7791,9.796,P003_Weight_Stack_Seated_Leg_Extension_Releasing_Too_Fast_2_011 (4).csv
3,7,2,5,2,47.175,47175,-0.5,0.15,9.55,9.5643,0.0,0.0065,0.0033,2.38,0.94,284.56,-0.5487,0.1444,9.7489,9.7654,P003_Weight_Stack_Seated_Leg_Extension_Releasing_Too_Fast_2_011 (4).csv
3,7,2,5,2,47.309,47309,-0.47,0.16,9.6,9.6128,0.0044,-0.0033,0.0011,2.38,0.94,284.56,-0.5384,0.1464,9.7293,9.7453,P003_Weight_Stack_Seated_Leg_Extension_Releasing_Too_Fast_2_011 (4).csv
3,7,2,5,2,47.44,47440,-0.42,0.08,9.78,9.7893,0.0087,0.0044,0.0033,2.38,0.88,284.56,-0.5228,0.1377,9.736,9.751,P003_Weight_Stack_Seated_Leg_Extension_Releasing_Too_Fast_2_011 (4).csv
3,7,2,5,2,47.571,47571,-0.46,0.2,10.13,10.1424,0.0131,-0.0055,0.0,2.38,0.88,284.56,-0.5145,0.1459,9.7879,9.8025,P003_Weight_Stack_Seated_Leg_Extension_Releasing_Too_Fast_2_011 (4).csv
3,7,2,5,2,47.701,47701,-0.68,0.08,9.58,9.6044,-0.0055,0.0022,-0.0033,2.38,0.81,284.56,-0.5363,0.1372,9.7605,9.7762,P003_Weight_Stack_Seated_Leg_Extension_Releasing_Too_Fast_2_011 (4).csv
3,7,2,5,2,47.874,47874,-0.47,0.08,9.67,9.6817,0.0033,0.0044,0.0033,2.38,0.75,284.56,-0.5276,0.1297,9.7486,9.7637,P003_Weight_Stack_Seated_Leg_Extension_Releasing_Too_Fast_2_011 (4).csv
3,7,2,5,2,48.004,48004,-0.41,-0.04,8.42,8.4301,-0.0044,0.0055,0.0087,2.44,0.69,284.56,-0.5121,0.1073,9.5735,9.5878,P003_Weight_Stack_Seated_Leg_Extension_Releasing_Too_Fast_2_011 (4).csv
3,7,2,5,2,48.136,48136,-0.6,0.11,8.9,8.9209,-0.0153,0.0044,0.0087,2.44,0.69,284.56,-0.5237,0.1077,9.4848,9.4998,P003_Weight_Stack_Seated_Leg_Extension_Releasing_Too_Fast_2_011 (4).csv
3,7,2,5,2,48.272,48272,-0.43,0.1,10.16,10.1696,0.0185,-0.0033,0.0022,2.44,0.69,284.56,-0.5113,0.1066,9.5737,9.588,P003_Weight_Stack_Seated_Leg_Extension_Releasing_Too_Fast_2_011 (4).csv
3,7,2,5,2,48.403,48403,-0.31,0.04,8.9,8.9055,-0.0087,0.0055,-0.0011,2.44,0.69,284.56,-0.4848,0.0979,9.485,9.4978,P003_Weight_Stack_Seated_Leg_Extension_Releasing_Too_Fast_2_011 (4).csv
3,7,2,5,2,48.533,48533,-0.36,0.05,10.2,10.2065,0.0065,0.0055,0.0022,2.44,0.69,284.56,-0.4683,0.0916,9.5792,9.5911,P003_Weight_Stack_Seated_Leg_Extension_Releasing_Too_Fast_2_011 (4).csv
3,7,2,5,2,48.663,48663,-0.29,-0.01,8.93,8.9347,-0.0109,-0.0044,-0.0022,2.44,0.69,284.56,-0.4448,0.0782,9.4936,9.5044,P003_Weight_Stack_Seated_Leg_Extension_Releasing_Too_Fast_2_011 (4).csv
3,7,2,5,2,48.794,48794,-0.2,0.34,8.15,8.1595,-0.0262,0.0338,-0.0065,2.38,0.75,284.56,-0.4126,0.1127,9.3166,9.3264,P003_Weight_Stack_Seated_Leg_Extension_Releasing_Too_Fast_2_011 (4).csv
3,7,2,5,2,48.967,48967,-0.97,0.09,9.82,9.8682,-0.0131,-0.0371,-0.0338,2.38,0.88,284.56,-0.486,0.1097,9.3829,9.3961,P003_Weight_Stack_Seated_Leg_Extension_Releasing_Too_Fast_2_011 (4).csv
3,7,2,5,2,49.098,49098,-0.77,0.26,10.51,10.5414,0.0033,0.0654,-0.0011,2.38,0.94,284.56,-0.5235,0.1295,9.5314,9.5467,P003_Weight_Stack_Seated_Leg_Extension_Releasing_Too_Fast_2_011 (4).csv
3,7,2,5,2,49.229,49229,-0.7,0.22,11.43,11.4535,-0.0164,-0.0404,0.0,2.5,1.06,284.5,-0.5467,0.1414,9.7816,9.7979,P003_Weight_Stack_Seated_Leg_Extension_Releasing_Too_Fast_2_011 (4).csv
3,7,2,5,2,49.364,49364,-0.46,0.03,10.34,10.3503,0.0349,0.0851,0.0011,2.31,1.0,284.5,-0.5353,0.1267,9.8552,9.8705,P003_Weight_Stack_Seated_Leg_Extension_Releasing_Too_Fast_2_011 (4).csv
3,7,2,5,2,49.495,49495,-0.48,0.08,9.12,9.133,-0.0033,0.0022,-0.0022,2.19,1.06,284.5,-0.528,0.1206,9.7583,9.7733,P003_Weight_Stack_Seated_Leg_Extension_Releasing_Too_Fast_2_011 (4).csv
3,7,2,5,2,49.626,49626,-0.65,0.14,9.48,9.5033,-0.0022,-0.0011,0.012,2.44,1.06,284.5,-0.5441,0.1231,9.7216,9.7376,P003_Weight_Stack_Seated_Leg_Extension_Releasing_Too_Fast_2_011 (4).csv
3,7,2,5,2,49.756,49756,-0.39,0.14,9.76,9.7688,-0.0207,-0.0055,-0.0065,2.5,1.13,284.44,-0.5238,0.1254,9.7267,9.7416,P003_Weight_Stack_Seated_Leg_Extension_Releasing_Too_Fast_2_011 (4).csv
3,7,2,5,2,49.887,49887,-0.6,0.2,9.77,9.7904,-0.0022,-0.0011,0.0011,2.56,1.13,284.44,-0.5338,0.1352,9.7324,9.748,P003_Weight_Stack_Seated_Leg_Extension_Releasing_Too_Fast_2_011 (4).csv
3,7,2,5,2,50.06,50060,-0.58,0.23,9.62,9.6402,-0.0033,0.0131,0.0,2.56,1.13,284.44,-0.5399,0.1477,9.7176,9.7337,P003_Weight_Stack_Seated_Leg_Extension_Releasing_Too_Fast_2_011 (4).csv
3,7,2,5,2,50.191,50191,-0.56,0.24,10.22,10.2381,0.0098,-0.0404,-0.0087,2.31,0.94,284.44,-0.5426,0.1599,9.7838,9.8001,P003_Weight_Stack_Seated_Leg_Extension_Releasing_Too_Fast_2_011 (4).csv
3,7,2,5,2,50.323,50323,-0.37,0.12,9.89,9.8976,-0.0175,0.0033,-0.0033,2.25,1.0,284.44,-0.5198,0.1546,9.7978,9.8128,P003_Weight_Stack_Seated_Leg_Extension_Releasing_Too_Fast_2_011 (4).csv
3,7,2,5,2,50.458,50458,-0.52,0.06,9.82,9.8339,-0.0033,-0.0065,0.0153,2.31,0.94,284.44,-0.5198,0.1421,9.8007,9.8155,P003_Weight_Stack_Seated_Leg_Extension_Releasing_Too_Fast_2_011 (4).csv
3,7,2,5,2,50.588,50588,-0.55,0.18,9.67,9.6873,-0.0044,-0.0011,0.0,2.31,0.94,284.44,-0.5238,0.1471,9.7835,9.7986,P003_Weight_Stack_Seated_Leg_Extension_Releasing_Too_Fast_2_011 (4).csv
3,7,2,5,2,50.719,50719,-0.41,0.08,9.95,9.9588,0.0076,0.0,0.0044,2.31,0.88,284.44,-0.5088,0.1383,9.8054,9.8196,P003_Weight_Stack_Seated_Leg_Extension_Releasing_Too_Fast_2_011 (4).csv
3,7,2,5,2,50.849,50849,-0.41,0.1,10.12,10.1288,-0.0076,0.0142,0.0022,2.31,0.81,284.44,-0.4958,0.1332,9.8469,9.8603,P003_Weight_Stack_Seated_Leg_Extension_Releasing_Too_Fast_2_011 (4).csv
3,7,2,5,2,50.98,50980,-0.49,0.14,10.45,10.4624,0.0153,-0.0098,-0.0011,2.31,0.75,284.44,-0.495,0.1341,9.9264,9.9396,P003_Weight_Stack_Seated_Leg_Extension_Releasing_Too_Fast_2_011 (4).csv
3,8,2,5,2,51.152,51152,-0.65,0.16,9.23,9.2542,-0.0109,-0.0044,0.0,2.31,0.69,284.44,-0.5155,0.1375,9.8346,9.8491,P003_Weight_Stack_Seated_Leg_Extension_Releasing_Too_Fast_2_011 (4).csv
3,8,2,5,2,51.283,51283,-0.34,-0.03,9.84,9.8459,0.0175,-0.0033,0.0033,2.38,0.63,284.44,-0.4923,0.1155,9.8353,9.8483,P003_Weight_Stack_Seated_Leg_Extension_Releasing_Too_Fast_2_011 (4).csv
3,8,2,5,2,51.413,51413,-0.43,0.2,8.28,8.2936,-0.0087,0.0076,-0.0087,2.38,0.56,284.44,-0.4841,0.1266,9.6304,9.6434,P003_Weight_Stack_Seated_Leg_Extension_Releasing_Too_Fast_2_011 (4).csv
3,8,2,5,2,51.546,51546,-0.41,0.09,8.86,8.8699,-0.0044,0.0087,0.0076,2.31,0.56,284.44,-0.4744,0.1218,9.5288,9.5414,P003_Weight_Stack_Seated_Leg_Extension_Releasing_Too_Fast_2_011 (4).csv
3,8,2,5,2,51.681,51681,-0.39,0.07,8.98,8.9887,0.0022,0.0022,-0.0076,2.31,0.56,284.44,-0.4632,0.115,9.4565,9.4686,P003_Weight_Stack_Seated_Leg_Extension_Releasing_Too_Fast_2_011 (4).csv
3,8,2,5,2,51.812,51812,-0.33,0.16,9.37,9.3772,0.0142,0.012,0.0022,2.38,0.5,284.44,-0.4457,0.1209,9.4451,9.4564,P003_Weight_Stack_Seated_Leg_Extension_Releasing_Too_Fast_2_011 (4).csv
3,8,2,5,2,51.942,51942,-0.54,-0.03,9.58,9.5953,0.0044,-0.0087,-0.0065,2.38,0.5,284.44,-0.4581,0.101,9.4629,9.4745,P003_Weight_Stack_Seated_Leg_Extension_Releasing_Too_Fast_2_011 (4).csv
3,8,2,5,2,52.073,52073,-0.5,0.09,9.7,9.7133,0.0087,-0.0044,0.0065,2.38,0.56,284.44,-0.4636,0.0996,9.4941,9.506,P003_Weight_Stack_Seated_Leg_Extension_Releasing_Too_Fast_2_011 (4).csv
3,8,2,5,2,52.247,52247,-0.48,0.2,9.08,9.0949,-0.0142,0.0065,0.0076,2.38,0.56,284.44,-0.4658,0.1128,9.4396,9.4517,P003_Weight_Stack_Seated_Leg_Extension_Releasing_Too_Fast_2_011 (4).csv
3,8,2,5,2,52.383,52383,-0.16,-0.04,8.53,8.5316,0.0229,-0.0142,0.0131,2.31,0.63,284.5,-0.4255,0.0927,9.3197,9.3299,P003_Weight_Stack_Seated_Leg_Extension_Releasing_Too_Fast_2_011 (4).csv
3,8,2,5,2,52.514,52514,-0.63,0.27,11.14,11.1611,-0.0207,-0.0218,-0.0065,2.44,0.75,284.44,-0.4524,0.116,9.5596,9.571,P003_Weight_Stack_Seated_Leg_Extension_Releasing_Too_Fast_2_011 (4).csv
3,8,2,5,2,52.644,52644,-1.15,0.09,12.15,12.2046,-0.0305,-0.0262,-0.0076,2.44,0.88,284.44,-0.5444,0.1126,9.9009,9.9165,P003_Weight_Stack_Seated_Leg_Extension_Releasing_Too_Fast_2_011 (4).csv
3,8,2,5,2,52.775,52775,-0.42,0.06,11.07,11.0781,0.0207,0.0284,0.024,2.38,0.88,284.38,-0.528,0.1057,10.055,10.0694,P003_Weight_Stack_Seated_Leg_Extension_Releasing_Too_Fast_2_011 (4).csv
3,8,2,5,2,52.905,52905,-0.64,0.1,9.15,9.1729,-0.0218,-0.0273,-0.0229,2.25,0.88,284.38,-0.5427,0.1049,9.9357,9.9511,P003_Weight_Stack_Seated_Leg_Extension_Releasing_Too_Fast_2_011 (4).csv
3,8,2,5,2,53.036,53036,-0.45,0.06,9.26,9.2711,0.0,-0.0404,0.0044,2.31,0.88,284.38,-0.5305,0.099,9.8467,9.8615,P003_Weight_Stack_Seated_Leg_Extension_Releasing_Too_Fast_2_011 (4).csv
3,8,2,5,2,53.166,53166,-0.7,1.09,10.17,10.2522,-0.0513,0.0436,-0.0404,2.44,1.0,284.38,-0.5528,0.2296,9.8893,9.9074,P003_Weight_Stack_Seated_Leg_Extension_Releasing_Too_Fast_2_011 (4).csv
3,8,2,5,2,53.339,53339,-1.37,-0.17,10.25,10.3425,0.2782,-0.0436,-0.0109,2.44,0.88,284.44,-0.6605,0.1769,9.9368,9.9603,P003_Weight_Stack_Seated_Leg_Extension_Releasing_Too_Fast_2_011 (4).csv
3,9,2,5,2,53.469,53469,0.11,-0.83,9.51,9.5468,-0.0022,0.0196,0.0327,2.19,0.81,284.44,-0.559,0.0442,9.8806,9.8965,P003_Weight_Stack_Seated_Leg_Extension_Releasing_Too_Fast_2_011 (4).csv
3,9,2,5,2,53.605,53605,-0.65,0.24,9.46,9.4853,-0.0011,-0.0033,-0.0022,2.19,0.94,284.44,-0.571,0.07,9.8252,9.842,P003_Weight_Stack_Seated_Leg_Extension_Releasing_Too_Fast_2_011 (4).csv
3,9,2,5,2,53.737,53737,-0.42,0.21,9.58,9.5915,0.0055,-0.0011,0.0011,2.19,0.94,284.44,-0.5511,0.0885,9.7929,9.8087,P003_Weight_Stack_Seated_Leg_Extension_Releasing_Too_Fast_2_011 (4).csv
3,9,2,5,2,53.867,53867,-0.49,0.1,9.94,9.9526,0.0033,0.0055,-0.0044,2.19,0.94,284.44,-0.543,0.09,9.8122,9.8277,P003_Weight_Stack_Seated_Leg_Extension_Releasing_Too_Fast_2_011 (4).csv
3,9,2,5,2,53.998,53998,-0.54,0.15,9.75,9.7661,0.0011,-0.0044,0.0022,2.19,0.94,284.44,-0.5426,0.0979,9.804,9.8195,P003_Weight_Stack_Seated_Leg_Extension_Releasing_Too_Fast_2_011 (4).csv
3,9,2,5,2,54.128,54128,-0.43,0.07,9.81,9.8197,0.0109,0.0011,0.0022,2.25,0.88,284.44,-0.5278,0.0942,9.8048,9.8195,P003_Weight_Stack_Seated_Leg_Extension_Releasing_Too_Fast_2_011 (4).csv
3,9,2,5,2,54.258,54258,-0.46,0.1,9.75,9.7614,0.0044,0.0055,-0.0011,2.25,0.88,284.44,-0.5189,0.095,9.7976,9.8118,P003_Weight_Stack_Seated_Leg_Extension_Releasing_Too_Fast_2_011 (4).csv
3,9,2,5,2,54.431,54431,-0.59,0.12,9.73,9.7486,0.012,-0.0022,0.0,2.25,0.81,284.44,-0.5282,0.0983,9.7887,9.8034,P003_Weight_Stack_Seated_Leg_Extension_Releasing_Too_Fast_2_011 (4).csv
3,9,2,5,2,54.562,54562,-0.45,0.05,8.54,8.552,-0.0033,-0.0044,0.0011,2.31,0.75,284.44,-0.5179,0.0919,9.6241,9.6385,P003_Weight_Stack_Seated_Leg_Extension_Releasing_Too_Fast_2_011 (4).csv
3,9,2,5,2,54.693,54693,-0.45,0.07,9.31,9.3211,0.0185,-0.0055,-0.0011,2.31,0.69,284.44,-0.509,0.089,9.5828,9.5967,P003_Weight_Stack_Seated_Leg_Extension_Releasing_Too_Fast_2_011 (4).csv
3,9,2,5,2,54.825,54825,-0.44,0.21,9.14,9.153,-0.0065,0.0011,-0.0055,2.38,0.63,284.44,-0.4999,0.105,9.5244,9.5381,P003_Weight_Stack_Seated_Leg_Extension_Releasing_Too_Fast_2_011 (4).csv
3,9,2,5,2,54.96,54960,-0.41,-0.03,9.43,9.439,0.012,-0.0164,0.0022,2.38,0.63,284.44,-0.488,0.0872,9.512,9.5249,P003_Weight_Stack_Seated_Leg_Extension_Releasing_Too_Fast_2_011 (4).csv
3,9,2,5,2,55.091,55091,-0.46,0.19,9.24,9.2534,0.0022,-0.0065,-0.0055,2.38,0.56,284.44,-0.4843,0.1007,9.4761,9.489,P003_Weight_Stack_Seated_Leg_Extension_Releasing_Too_Fast_2_011 (4).csv
3,9,2,5,2,55.221,55221,-0.63,0.15,9.54,9.562,-0.0098,-0.0022,-0.0098,2.38,0.56,284.44,-0.5035,0.1072,9.4845,9.4985,P003_Weight_Stack_Seated_Leg_Extension_Releasing_Too_Fast_2_011 (4).csv
3,9,2,5,2,55.352,55352,-0.59,0.08,9.62,9.6384,0.0011,-0.0044,0.012,2.38,0.56,284.44,-0.5149,0.1036,9.5024,9.5169,P003_Weight_Stack_Seated_Leg_Extension_Releasing_Too_Fast_2_011 (4).csv
3,9,2,5,2,55.524,55524,-0.49,0.09,9.23,9.2434,-0.0044,0.0,0.0055,2.38,0.56,284.44,-0.5116,0.1018,9.4665,9.4809,P003_Weight_Stack_Seated_Leg_Extension_Releasing_Too_Fast_2_011 (4).csv
3,9,2,5,2,55.655,55655,-0.37,0.0,7.42,7.4292,0.0,0.0044,0.0055,2.31,0.63,284.44,-0.493,0.0884,9.1968,9.2105,P003_Weight_Stack_Seated_Leg_Extension_Releasing_Too_Fast_2_011 (4).csv
3,9,2,5,2,55.789,55789,-0.64,0.4,10.32,10.3476,-0.0404,-0.0087,-0.036,2.38,0.81,284.38,-0.5124,0.1295,9.3448,9.3598,P003_Weight_Stack_Seated_Leg_Extension_Releasing_Too_Fast_2_011 (4).csv
3,9,2,5,2,55.923,55923,-0.29,0.02,12.72,12.7233,-0.0076,0.0491,0.0098,2.31,0.81,284.38,-0.4831,0.1151,9.7896,9.8022,P003_Weight_Stack_Seated_Leg_Extension_Releasing_Too_Fast_2_011 (4).csv
3,9,2,5,2,56.053,56053,-0.64,-0.06,11.0,11.0188,-0.0065,-0.0415,-0.0142,2.5,0.94,284.31,-0.5037,0.092,9.9491,9.9623,P003_Weight_Stack_Seated_Leg_Extension_Releasing_Too_Fast_2_011 (4).csv
3,10,2,5,2,56.184,56184,-0.78,0.31,9.23,9.2681,-0.0251,-0.0153,-0.0044,2.25,0.88,284.31,-0.5401,0.1207,9.8543,9.8699,P003_Weight_Stack_Seated_Leg_Extension_Releasing_Too_Fast_2_011 (4).csv
3,10,2,5,2,56.314,56314,-0.28,0.11,9.28,9.2849,-0.0065,-0.0415,0.0087,2.25,0.88,284.31,-0.5059,0.1193,9.7787,9.7925,P003_Weight_Stack_Seated_Leg_Extension_Releasing_Too_Fast_2_011 (4).csv
3,10,2,5,2,56.445,56445,-0.44,0.23,9.23,9.2433,-0.0033,-0.0109,-0.0185,2.31,0.81,284.31,-0.4972,0.1339,9.7064,9.72,P003_Weight_Stack_Seated_Leg_Extension_Releasing_Too_Fast_2_011 (4).csv
3,10,2,5,2,56.618,56618,-0.75,-0.23,9.63,9.6619,0.1014,-0.084,-0.0316,2.38,0.88,284.38,-0.5305,0.0859,9.6963,9.7112,P003_Weight_Stack_Seated_Leg_Extension_Releasing_Too_Fast_2_011 (4).csv
3,10,2,5,2,56.749,56749,-0.99,1.54,9.12,9.3019,0.2433,-0.0415,-0.0469,2.38,0.94,284.31,-0.591,0.2775,9.6204,9.6425,P003_Weight_Stack_Seated_Leg_Extension_Releasing_Too_Fast_2_011 (4).csv
3,10,2,5,2,56.882,56882,-0.4,-0.04,9.75,9.7583,-0.0338,-0.0425,0.0076,2.25,0.81,284.25,-0.5659,0.2357,9.6374,9.6569,P003_Weight_Stack_Seated_Leg_Extension_Releasing_Too_Fast_2_011 (4).csv
3,10,2,5,2,57.013,57013,-0.49,0.47,10.38,10.4022,-0.0851,0.0251,-0.012,2.19,0.69,284.31,-0.5559,0.2666,9.7353,9.7548,P003_Weight_Stack_Seated_Leg_Extension_Releasing_Too_Fast_2_011 (4).csv
3,10,2,5,2,57.146,57146,-0.45,0.25,9.95,9.9633,-0.0076,0.0011,0.0,2.19,0.75,284.31,-0.5419,0.2644,9.7636,9.7822,P003_Weight_Stack_Seated_Leg_Extension_Releasing_Too_Fast_2_011 (4).csv
3,10,2,5,2,57.277,57277,-0.48,0.27,9.86,9.8754,0.0,-0.0033,0.0,2.19,0.75,284.31,-0.5338,0.2651,9.7763,9.7944,P003_Weight_Stack_Seated_Leg_Extension_Releasing_Too_Fast_2_011 (4).csv
3,10,2,5,2,57.407,57407,-0.43,0.14,9.24,9.2511,0.0,-0.0055,0.0044,2.19,0.75,284.31,-0.5201,0.2486,9.7056,9.7227,P003_Weight_Stack_Seated_Leg_Extension_Releasing_Too_Fast_2_011 (4).csv
3,10,2,5,2,57.537,57537,-0.49,0.16,8.47,8.4857,0.0065,-0.0022,-0.0033,2.19,0.75,284.31,-0.5161,0.237,9.5428,9.5597,P003_Weight_Stack_Seated_Leg_Extension_Releasing_Too_Fast_2_011 (4).csv
3,10,2,5,2,57.71,57710,-0.58,0.07,10.26,10.2766,-0.0011,-0.0055,0.0022,2.44,0.69,284.31,-0.5245,0.215,9.6373,9.654,P003_Weight_Stack_Seated_Leg_Extension_Releasing_Too_Fast_2_011 (4).csv
3,10,2,5,2,57.842,57842,-0.61,0.12,9.55,9.5702,0.0022,0.0022,0.0,2.25,0.69,284.31,-0.5358,0.2024,9.6258,9.6428,P003_Weight_Stack_Seated_Leg_Extension_Releasing_Too_Fast_2_011 (4).csv
3,10,2,5,2,57.978,57978,-0.56,0.11,10.05,10.0662,-0.0065,-0.0022,0.0065,2.13,0.75,284.31,-0.539,0.1903,9.6817,9.6986,P003_Weight_Stack_Seated_Leg_Extension_Releasing_Too_Fast_2_011 (4).csv
3,10,2,5,2,58.109,58109,-0.5,0.18,9.28,9.2952,0.0087,-0.0055,0.0022,2.13,0.75,284.31,-0.5339,0.1889,9.6288,9.6454,P003_Weight_Stack_Seated_Leg_Extension_Releasing_Too_Fast_2_011 (4).csv
3,10,2,5,2,58.239,58239,-0.52,0.15,8.68,8.6969,0.0109,-0.0011,0.0,2.13,0.69,284.31,-0.532,0.1838,9.5037,9.5204,P003_Weight_Stack_Seated_Leg_Extension_Releasing_Too_Fast_2_011 (4).csv
3,10,2,5,2,58.37,58370,-0.44,0.1,9.15,9.1611,0.0109,-0.0055,0.0011,2.13,0.63,284.31,-0.5199,0.1727,9.4571,9.473,P003_Weight_Stack_Seated_Leg_Extension_Releasing_Too_Fast_2_011 (4).csv
3,10,2,5,2,58.501,58501,-0.27,0.02,9.25,9.254,0.0087,-0.0087,0.0076,2.13,0.56,284.31,-0.487,0.1526,9.4298,9.4436,P003_Weight_Stack_Seated_Leg_Extension_Releasing_Too_Fast_2_011 (4).csv
3,10,2,5,2,58.631,58631,-0.34,0.19,9.03,9.0384,0.0044,-0.0011,-0.0033,2.19,0.56,284.31,-0.4676,0.1575,9.3771,9.3901,P003_Weight_Stack_Seated_Leg_Extension_Releasing_Too_Fast_2_011 (4).csv
3,10,2,5,2,58.804,58804,-0.63,0.12,9.57,9.5915,0.0076,-0.0044,0.0011,2.25,0.56,284.31,-0.489,0.1526,9.4026,9.4165,P003_Weight_Stack_Seated_Leg_Extension_Releasing_Too_Fast_2_011 (4).csv
3,10,2,5,2,58.934,58934,-0.64,0.1,9.8,9.8214,-0.0142,0.0087,-0.0087,2.25,0.56,284.31,-0.5089,0.1457,9.4549,9.4697,P003_Weight_Stack_Seated_Leg_Extension_Releasing_Too_Fast_2_011 (4).csv
3,10,2,5,2,59.065,59065,-0.45,0.09,9.64,9.6509,0.0065,-0.0011,0.0022,2.25,0.56,284.31,-0.5011,0.1383,9.4793,9.4936,P003_Weight_Stack_Seated_Leg_Extension_Releasing_Too_Fast_2_011 (4).csv
3,10,2,5,2,59.201,59201,-0.56,0.12,9.04,9.0581,-0.0098,-0.0153,-0.0044,2.25,0.56,284.31,-0.5089,0.1359,9.4214,9.4361,P003_Weight_Stack_Seated_Leg_Extension_Releasing_Too_Fast_2_011 (4).csv
3,10,2,5,2,59.332,59332,-0.46,0.07,8.35,8.363,0.0055,0.0109,0.0076,2.25,0.56,284.31,-0.5025,0.1272,9.2802,9.2947,P003_Weight_Stack_Seated_Leg_Extension_Releasing_Too_Fast_2_011 (4).csv
3,10,2,5,2,59.462,59462,-0.41,0.11,7.08,7.0927,-0.0218,0.0175,0.0044,2.13,0.63,284.31,-0.4903,0.125,8.9903,9.0045,P003_Weight_Stack_Seated_Leg_Extension_Releasing_Too_Fast_2_011 (4).csv
3,10,2,5,2,59.593,59593,-0.22,-0.01,10.94,10.9422,-0.0065,-0.0218,0.012,2.25,0.75,284.31,-0.4547,0.1072,9.2472,9.259,P003_Weight_Stack_Seated_Leg_Extension_Releasing_Too_Fast_2_011 (4).csv
3,10,2,5,2,59.723,59723,-1.13,-0.41,11.74,11.8014,-0.0382,-0.0589,-0.0229,2.31,0.81,284.25,-0.5436,0.039,9.5757,9.5912,P003_Weight_Stack_Seated_Leg_Extension_Releasing_Too_Fast_2_011 (4).csv
3,10,2,5,2,59.896,59896,-0.55,-0.03,9.75,9.7655,-0.0022,-0.0327,0.024,2.31,0.94,284.25,-0.5445,0.0299,9.5987,9.6142,P003_Weight_Stack_Seated_Leg_Extension_Releasing_Too_Fast_2_011 (4).csv
3,10,2,5,2,60.027,60027,-0.47,0.04,8.98,8.9924,0.0295,0.0469,-0.0065,2.13,0.81,284.19,-0.5347,0.0313,9.5172,9.5322,P003_Weight_Stack_Seated_Leg_Extension_Releasing_Too_Fast_2_011 (4).csv
3,10,2,5,2,60.158,60158,-0.49,0.36,9.4,9.4196,-0.0284,-0.024,-0.0087,2.31,0.88,284.19,-0.5288,0.0746,9.5017,9.5167,P003_Weight_Stack_Seated_Leg_Extension_Releasing_Too_Fast_2_011 (4).csv
3,10,2,5,2,60.29,60290,0.0,-0.42,8.95,8.9598,0.0262,0.0556,0.0349,2.06,1.13,284.25,-0.4591,0.0094,9.429,9.4402,P003_Weight_Stack_Seated_Leg_Extension_Releasing_Too_Fast_2_011 (4).csv
3,10,2,5,2,60.421,60421,-0.65,-0.11,10.61,10.6305,0.0055,-0.0131,0.0295,2.25,1.19,284.25,-0.4843,-0.0063,9.5846,9.5969,P003_Weight_Stack_Seated_Leg_Extension_Releasing_Too_Fast_2_011 (4).csv
3,10,2,5,2,60.555,60555,-0.78,-1.18,9.42,9.5256,0.1134,-0.0764,0.0076,2.06,0.81,284.19,-0.5232,-0.161,9.5629,9.5786,P003_Weight_Stack_Seated_Leg_Extension_Releasing_Too_Fast_2_011 (4).csv
3,10,2,5,2,60.686,60686,-0.54,0.25,10.05,10.0676,0.0044,0.0011,0.012,2.0,0.81,284.19,-0.5254,-0.1068,9.6271,9.642,P003_Weight_Stack_Seated_Leg_Extension_Releasing_Too_Fast_2_011 (4).csv
3,10,2,5,2,60.816,60816,-0.41,0.11,9.81,9.8192,0.0044,-0.0033,0.0,2.06,0.81,284.19,-0.5102,-0.0783,9.6512,9.665,P003_Weight_Stack_Seated_Leg_Extension_Releasing_Too_Fast_2_011 (4).csv
3,10,2,5,2,60.989,60989,-0.54,0.28,9.69,9.7091,-0.0033,-0.0033,-0.0055,2.06,0.81,284.19,-0.5142,-0.0311,9.6563,9.6701,P003_Weight_Stack_Seated_Leg_Extension_Releasing_Too_Fast_2_011 (4).csv
3,10,2,5,2,61.119,61119,-0.48,0.03,9.77,9.7818,-0.0011,-0.0065,0.0044,2.13,0.81,284.19,-0.5097,-0.023,9.6713,9.6848,P003_Weight_Stack_Seated_Leg_Extension_Releasing_Too_Fast_2_011 (4).csv
3,10,2,5,2,61.249,61249,-0.5,0.15,9.57,9.5842,0.0,0.0098,0.0022,2.19,0.81,284.19,-0.5084,-0.0002,9.658,9.6713,P003_Weight_Stack_Seated_Leg_Extension_Releasing_Too_Fast_2_011 (4).csv
3,10,2,5,2,61.379,61379,-0.49,0.15,9.26,9.2742,0.0022,0.0131,0.0022,2.19,0.81,284.19,-0.506,0.0196,9.6055,9.6189,P003_Weight_Stack_Seated_Leg_Extension_Releasing_Too_Fast_2_011 (4).csv
3,10,2,5,2,61.509,61509,-0.54,0.16,8.85,8.8679,0.012,-0.0055,-0.0033,2.19,0.75,284.19,-0.5104,0.0381,9.506,9.5197,P003_Weight_Stack_Seated_Leg_Extension_Releasing_Too_Fast_2_011 (4).csv
3,10,2,5,2,61.639,61639,-0.51,0.11,9.32,9.3346,0.0065,0.0044,0.0055,2.25,0.75,284.19,-0.5104,0.0476,9.4815,9.4953,P003_Weight_Stack_Seated_Leg_Extension_Releasing_Too_Fast_2_011 (4).csv
3,10,2,5,2,61.769,61769,-0.51,0.12,9.38,9.3946,0.0142,-0.012,0.0033,2.25,0.75,284.19,-0.5103,0.0571,9.4681,9.482,P003_Weight_Stack_Seated_Leg_Extension_Releasing_Too_Fast_2_011 (4).csv
3,10,2,5,2,61.899,61899,-0.58,0.11,9.11,9.1291,0.0055,-0.0044,-0.0033,2.31,0.75,284.19,-0.5195,0.0641,9.4209,9.4354,P003_Weight_Stack_Seated_Leg_Extension_Releasing_Too_Fast_2_011 (4).csv
3,10,2,5,2,62.072,62072,-0.36,-0.02,9.69,9.6967,0.0,-0.0044,0.0044,2.31,0.69,284.25,-0.4985,0.053,9.4564,9.4696,P003_Weight_Stack_Seated_Leg_Extension_Releasing_Too_Fast_2_011 (4).csv
3,10,2,5,2,62.207,62207,-0.55,0.08,9.48,9.4963,-0.0109,-0.0022,-0.0065,2.31,0.63,284.19,-0.5053,0.0566,9.4595,9.4731,P003_Weight_Stack_Seated_Leg_Extension_Releasing_Too_Fast_2_011 (4).csv
3,10,2,5,2,62.34,62340,-0.41,0.25,8.62,8.6334,-0.0044,0.0109,-0.0153,2.25,0.63,284.19,-0.4927,0.082,9.3489,9.3622,P003_Weight_Stack_Seated_Leg_Extension_Releasing_Too_Fast_2_011 (4).csv
3,10,2,5,2,62.47,62470,-0.52,0.0,9.24,9.2546,-0.0109,-0.0065,0.0087,2.31,0.63,284.19,-0.4963,0.0712,9.3345,9.348,P003_Weight_Stack_Seated_Leg_Extension_Releasing_Too_Fast_2_011 (4).csv
3,10,2,5,2,62.601,62601,-0.5,0.25,10.01,10.0256,-0.0055,0.0022,-0.0109,2.31,0.63,284.19,-0.4968,0.0948,9.4235,9.4371,P003_Weight_Stack_Seated_Leg_Extension_Releasing_Too_Fast_2_011 (4).csv
3,10,2,5,2,62.731,62731,-0.62,0.05,9.9,9.9195,-0.012,-0.0087,0.0065,2.38,0.63,284.13,-0.513,0.0889,9.4863,9.5006,P003_Weight_Stack_Seated_Leg_Extension_Releasing_Too_Fast_2_011 (4).csv
3,10,2,5,2,62.862,62862,-0.32,0.08,8.95,8.9561,0.0109,-0.0044,0.0087,2.31,0.63,284.13,-0.4876,0.0877,9.4156,9.4287,P003_Weight_Stack_Seated_Leg_Extension_Releasing_Too_Fast_2_011 (4).csv
3,10,2,5,2,62.992,62992,-0.64,0.0,7.01,7.0392,-0.0404,0.0,-0.0044,2.31,0.69,284.13,-0.5077,0.0762,9.0986,9.1131,P003_Weight_Stack_Seated_Leg_Extension_Releasing_Too_Fast_2_011 (4).csv
3,10,2,5,2,63.165,63165,-0.49,0.21,10.36,10.3737,-0.0196,0.0098,0.0011,2.31,0.81,284.13,-0.5054,0.0938,9.2649,9.2791,P003_Weight_Stack_Seated_Leg_Extension_Releasing_Too_Fast_2_011 (4).csv
3,10,2,5,2,63.295,63295,-0.57,0.58,11.39,11.419,-0.0175,0.0055,-0.0273,2.38,0.88,284.06,-0.5139,0.1579,9.5449,9.56,P003_Weight_Stack_Seated_Leg_Extension_Releasing_Too_Fast_2_011 (4).csv
3,10,2,5,2,63.426,63426,-0.58,-0.08,10.35,10.3665,-0.0055,0.024,-0.0109,2.31,0.88,284.06,-0.5226,0.1265,9.651,9.666,P003_Weight_Stack_Seated_Leg_Extension_Releasing_Too_Fast_2_011 (4).csv
3,1,2,5,2,0.0,0,-0.29,-0.23,9.75,9.757,0.0065,-0.0011,0.0033,1.31,-1.94,337.0,-0.2967,-0.2999,9.7486,9.7577,P003_Weight_Stack_Seated_Leg_Extension_Releasing_Too_Fast_2_02.csv
3,1,2,5,2,0.173,173,-0.25,-0.34,9.79,9.7991,0.0033,-0.0055,0.0055,1.38,-2.06,337.0,-0.2905,-0.3052,9.7541,9.7632,P003_Weight_Stack_Seated_Leg_Extension_Releasing_Too_Fast_2_02.csv
3,1,2,5,2,0.306,306,-0.26,-0.34,9.75,9.7594,0.0011,-0.0044,0.0033,1.38,-2.06,337.0,-0.2865,-0.3098,9.7535,9.7627,P003_Weight_Stack_Seated_Leg_Extension_Releasing_Too_Fast_2_02.csv
3,1,2,5,2,0.44,440,-0.3,-0.32,9.77,9.7798,-0.0033,0.0055,-0.0033,1.38,-2.06,337.0,-0.2883,-0.3111,9.7557,9.7649,P003_Weight_Stack_Seated_Leg_Extension_Releasing_Too_Fast_2_02.csv
3,1,2,5,2,0.571,571,-0.25,-0.31,9.77,9.7781,-0.0011,0.0022,0.0011,1.38,-2.06,337.0,-0.2832,-0.311,9.7576,9.7667,P003_Weight_Stack_Seated_Leg_Extension_Releasing_Too_Fast_2_02.csv
3,1,2,5,2,0.702,702,-0.25,-0.35,9.78,9.7895,-0.0011,0.0011,-0.0011,1.38,-2.06,337.0,-0.2789,-0.3161,9.7605,9.7696,P003_Weight_Stack_Seated_Leg_Extension_Releasing_Too_Fast_2_02.csv
3,1,2,5,2,0.832,832,-0.31,-0.32,9.73,9.7402,-0.0065,0.0022,-0.0011,1.38,-2.06,337.0,-0.283,-0.3166,9.7565,9.7658,P003_Weight_Stack_Seated_Leg_Extension_Releasing_Too_Fast_2_02.csv
3,1,2,5,2,0.963,963,-0.19,-0.38,9.86,9.8691,-0.0262,0.0131,-0.0218,1.31,-2.0,337.0,-0.2707,-0.325,9.7702,9.7793,P003_Weight_Stack_Seated_Leg_Extension_Releasing_Too_Fast_2_02.csv
3,1,2,5,2,1.093,1093,-0.28,-0.31,9.76,9.7689,-0.0011,0.0033,-0.0033,1.31,-1.88,336.81,-0.2719,-0.323,9.7688,9.7779,P003_Weight_Stack_Seated_Leg_Extension_Releasing_Too_Fast_2_02.csv
3,1,2,5,2,1.266,1266,-0.2,-0.26,10.43,10.4352,0.0044,-0.0055,-0.0044,1.31,-1.88,336.81,-0.2625,-0.3147,9.8559,9.8645,P003_Weight_Stack_Seated_Leg_Extension_Releasing_Too_Fast_2_02.csv
3,1,2,5,2,1.396,1396,-0.28,-0.26,10.23,10.2371,-0.0033,-0.0055,0.0044,1.31,-1.88,336.81,-0.2648,-0.3075,9.9052,9.9135,P003_Weight_Stack_Seated_Leg_Extension_Releasing_Too_Fast_2_02.csv
3,1,2,5,2,1.526,1526,-0.39,-0.63,9.93,9.9576,0.0098,-0.0164,0.0022,1.31,-1.88,336.81,-0.2813,-0.35,9.9085,9.9187,P003_Weight_Stack_Seated_Leg_Extension_Releasing_Too_Fast_2_02.csv
3,1,2,5,2,1.657,1657,-0.24,-0.29,9.59,9.5974,0.0044,-0.0098,0.0011,1.31,-1.88,336.81,-0.2758,-0.3421,9.8665,9.8763,P003_Weight_Stack_Seated_Leg_Extension_Releasing_Too_Fast_2_02.csv
3,1,2,5,2,1.789,1789,-0.43,-0.2,9.59,9.6017,0.0076,-0.012,0.0087,1.31,-1.88,336.81,-0.2961,-0.3234,9.8301,9.8399,P003_Weight_Stack_Seated_Leg_Extension_Releasing_Too_Fast_2_02.csv
3,1,2,5,2,1.92,1920,-0.26,-0.33,9.37,9.3794,0.0055,-0.0076,0.0044,1.31,-1.88,336.81,-0.2914,-0.3242,9.7695,9.7792,P003_Weight_Stack_Seated_Leg_Extension_Releasing_Too_Fast_2_02.csv
3,1,2,5,2,2.055,2055,-0.23,-0.29,9.66,9.6671,0.0044,-0.0022,-0.0011,1.31,-1.94,336.81,-0.2833,-0.3197,9.755,9.7644,P003_Weight_Stack_Seated_Leg_Extension_Releasing_Too_Fast_2_02.csv
3,1,2,5,2,2.186,2186,-0.29,-0.34,9.67,9.6803,0.0011,0.0,0.0055,1.31,-1.94,336.81,-0.2842,-0.3224,9.7438,9.7533,P003_Weight_Stack_Seated_Leg_Extension_Releasing_Too_Fast_2_02.csv
3,1,2,5,2,2.359,2359,-0.3,-0.3,9.02,9.03,-0.0011,-0.0033,-0.0011,1.31,-1.94,336.81,-0.2863,-0.3194,9.6484,9.658,P003_Weight_Stack_Seated_Leg_Extension_Releasing_Too_Fast_2_02.csv
3,1,2,5,2,2.492,2492,-0.23,-0.28,9.78,9.7867,0.0,-0.0011,0.0011,1.31,-1.94,336.81,-0.2788,-0.3143,9.6658,9.6749,P003_Weight_Stack_Seated_Leg_Extension_Releasing_Too_Fast_2_02.csv
3,1,2,5,2,2.624,2624,-0.27,-0.32,10.01,10.0188,0.0,-0.0011,-0.0033,1.31,-1.94,336.81,-0.2777,-0.315,9.7111,9.7202,P003_Weight_Stack_Seated_Leg_Extension_Releasing_Too_Fast_2_02.csv
3,1,2,5,2,2.757,2757,-0.28,-0.33,9.74,9.7496,0.0022,-0.0022,-0.0011,1.31,-1.94,336.81,-0.278,-0.317,9.7149,9.7241,P003_Weight_Stack_Seated_Leg_Extension_Releasing_Too_Fast_2_02.csv
3,1,2,5,2,2.888,2888,-0.28,-0.39,8.81,8.8231,-0.0011,0.0065,0.0065,1.31,-1.94,336.81,-0.2783,-0.3266,9.5957,9.6053,P003_Weight_Stack_Seated_Leg_Extension_Releasing_Too_Fast_2_02.csv
3,1,2,5,2,3.019,3019,-0.17,-0.34,9.9,9.9073,-0.012,0.0109,-0.0044,1.31,-1.88,336.81,-0.264,-0.3284,9.6358,9.645,P003_Weight_Stack_Seated_Leg_Extension_Releasing_Too_Fast_2_02.csv
3,1,2,5,2,3.149,3149,-0.01,-0.25,10.28,10.283,-0.0109,0.0033,-0.0229,1.25,-1.81,336.75,-0.2305,-0.318,9.7207,9.7286,P003_Weight_Stack_Seated_Leg_Extension_Releasing_Too_Fast_2_02.csv
3,1,2,5,2,3.279,3279,0.03,-0.34,11.23,11.2352,-0.0131,-0.0142,0.0033,1.25,-1.75,336.75,-0.1962,-0.3209,9.9196,9.9267,P003_Weight_Stack_Seated_Leg_Extension_Releasing_Too_Fast_2_02.csv
3,1,2,5,2,3.452,3452,-0.17,-0.36,10.28,10.2877,0.0011,0.0033,-0.0076,1.25,-1.75,336.69,-0.1927,-0.3261,9.9671,9.9743,P003_Weight_Stack_Seated_Leg_Extension_Releasing_Too_Fast_2_02.csv
3,1,2,5,2,3.584,3584,-0.43,-0.35,9.56,9.5761,0.0011,-0.0033,0.0109,1.25,-1.75,336.69,-0.224,-0.3292,9.9134,9.9214,P003_Weight_Stack_Seated_Leg_Extension_Releasing_Too_Fast_2_02.csv
3,1,2,5,2,3.72,3720,-0.29,-0.21,9.83,9.8365,0.0033,0.0055,-0.0076,1.25,-1.75,336.69,-0.2327,-0.3135,9.9024,9.9101,P003_Weight_Stack_Seated_Leg_Extension_Releasing_Too_Fast_2_02.csv
3,1,2,5,2,3.851,3851,-0.23,-0.26,9.82,9.8261,-0.0022,0.0011,0.0065,1.25,-1.75,336.69,-0.2323,-0.3065,9.8916,9.899,P003_Weight_Stack_Seated_Leg_Extension_Releasing_Too_Fast_2_02.csv
3,1,2,5,2,3.981,3981,-0.26,-0.28,9.84,9.8474,0.0022,0.0033,-0.0044,1.25,-1.75,336.69,-0.236,-0.303,9.8848,9.8922,P003_Weight_Stack_Seated_Leg_Extension_Releasing_Too_Fast_2_02.csv
3,1,2,5,2,4.112,4112,-0.23,-0.3,9.81,9.8173,0.0011,-0.0011,-0.0011,1.25,-1.75,336.69,-0.2352,-0.3026,9.8749,9.8824,P003_Weight_Stack_Seated_Leg_Extension_Releasing_Too_Fast_2_02.csv
3,1,2,5,2,4.243,4243,-0.16,-0.29,9.91,9.9155,0.0011,0.0,-0.0011,1.25,-1.75,336.69,-0.2253,-0.3009,9.8795,9.8867,P003_Weight_Stack_Seated_Leg_Extension_Releasing_Too_Fast_2_02.csv
3,1,2,5,2,4.373,4373,-0.22,-0.3,9.81,9.8171,0.0022,0.0011,0.0011,1.25,-1.75,336.69,-0.2246,-0.3008,9.8704,9.8775,P003_Weight_Stack_Seated_Leg_Extension_Releasing_Too_Fast_2_02.csv
3,1,2,5,2,4.546,4546,-0.17,-0.31,9.84,9.8463,0.0011,0.0,-0.0044,1.25,-1.75,336.69,-0.2174,-0.302,9.8664,9.8734,P003_Weight_Stack_Seated_Leg_Extension_Releasing_Too_Fast_2_02.csv
3,1,2,5,2,4.677,4677,-0.21,-0.29,10.24,10.2463,0.0022,-0.0055,0.0,1.25,-1.75,336.69,-0.2164,-0.3004,9.9156,9.9225,P003_Weight_Stack_Seated_Leg_Extension_Releasing_Too_Fast_2_02.csv
3,1,2,5,2,4.807,4807,-0.16,-0.3,10.32,10.3256,0.0065,-0.0087,0.0044,1.25,-1.75,336.69,-0.209,-0.3004,9.9689,9.9756,P003_Weight_Stack_Seated_Leg_Extension_Releasing_Too_Fast_2_02.csv
3,1,2,5,2,4.943,4943,-0.24,-0.24,9.82,9.8259,0.0011,-0.0055,0.0011,1.25,-1.75,336.69,-0.2131,-0.2924,9.9493,9.9559,P003_Weight_Stack_Seated_Leg_Extension_Releasing_Too_Fast_2_02.csv
3,1,2,5,2,5.075,5075,-0.32,-0.31,9.6,9.6103,0.0065,-0.0033,0.0,1.31,-1.75,336.69,-0.2272,-0.2947,9.9033,9.9102,P003_Weight_Stack_Seated_Leg_Extension_Releasing_Too_Fast_2_02.csv
3,1,2,5,2,5.205,5205,-0.22,-0.09,9.72,9.7229,0.0055,-0.0065,0.0011,1.31,-1.75,336.69,-0.2262,-0.2678,9.8791,9.8853,P003_Weight_Stack_Seated_Leg_Extension_Releasing_Too_Fast_2_02.csv
3,1,2,5,2,5.335,5335,-0.26,-0.33,9.9,9.9089,0.0065,-0.0033,0.0044,1.31,-1.75,336.69,-0.2307,-0.276,9.8819,9.8884,P003_Weight_Stack_Seated_Leg_Extension_Releasing_Too_Fast_2_02.csv
3,1,2,5,2,5.466,5466,-0.18,-0.38,9.72,9.7291,-0.0011,-0.0055,-0.0011,1.25,-1.75,336.69,-0.224,-0.2897,9.8605,9.8673,P003_Weight_Stack_Seated_Leg_Extension_Releasing_Too_Fast_2_02.csv
3,1,2,5,2,5.638,5638,-0.24,-0.27,9.74,9.7467,0.0033,-0.0033,0.0011,1.31,-1.75,336.69,-0.2261,-0.2871,9.8446,9.8514,P003_Weight_Stack_Seated_Leg_Extension_Releasing_Too_Fast_2_02.csv
3,1,2,5,2,5.768,5768,-0.29,-0.21,9.81,9.8165,0.0033,-0.0044,0.0,1.31,-1.75,336.69,-0.2345,-0.2769,9.8401,9.8468,P003_Weight_Stack_Seated_Leg_Extension_Releasing_Too_Fast_2_02.csv
3,1,2,5,2,5.898,5898,-0.19,-0.34,9.96,9.9676,0.0044,0.0,-0.0011,1.31,-1.75,336.69,-0.2287,-0.2852,9.8559,9.8627,P003_Weight_Stack_Seated_Leg_Extension_Releasing_Too_Fast_2_02.csv
3,1,2,5,2,6.028,6028,-0.23,-0.34,9.78,9.7886,0.0044,-0.0044,0.0011,1.31,-1.75,336.69,-0.2288,-0.2925,9.8459,9.8529,P003_Weight_Stack_Seated_Leg_Extension_Releasing_Too_Fast_2_02.csv
3,1,2,5,2,6.158,6158,-0.32,-0.27,9.37,9.3793,0.012,0.0185,0.0,1.31,-1.75,336.69,-0.2408,-0.2895,9.7832,9.7904,P003_Weight_Stack_Seated_Leg_Extension_Releasing_Too_Fast_2_02.csv
3,1,2,5,2,6.288,6288,-0.32,-0.3,9.17,9.1805,0.0055,-0.0098,0.0055,1.31,-1.75,336.75,-0.2513,-0.2909,9.7024,9.71,P003_Weight_Stack_Seated_Leg_Extension_Releasing_Too_Fast_2_02.csv
3,1,2,5,2,6.418,6418,-0.34,-0.37,9.4,9.4134,0.0022,0.0011,0.0055,1.31,-1.75,336.69,-0.263,-0.3013,9.6625,9.6708,P003_Weight_Stack_Seated_Leg_Extension_Releasing_Too_Fast_2_02.csv
3,1,2,5,2,6.549,6549,-0.2,-0.36,9.64,9.6488,0.0055,0.0011,-0.0044,1.31,-1.75,336.69,-0.2547,-0.309,9.6596,9.6679,P003_Weight_Stack_Seated_Leg_Extension_Releasing_Too_Fast_2_02.csv
3,1,2,5,2,6.722,6722,-0.21,-0.39,8.72,8.7312,-0.0011,0.0033,-0.0044,1.31,-1.75,336.69,-0.2488,-0.3197,9.5357,9.5444,P003_Weight_Stack_Seated_Leg_Extension_Releasing_Too_Fast_2_02.csv
3,1,2,5,2,6.857,6857,0.04,-0.51,8.59,8.6052,-0.0044,-0.0109,0.0033,1.31,-1.75,336.75,-0.2107,-0.3448,9.4111,9.4198,P003_Weight_Stack_Seated_Leg_Extension_Releasing_Too_Fast_2_02.csv
3,1,2,5,2,6.99,6990,0.18,-0.38,9.34,9.3495,-0.0044,0.0065,-0.012,1.25,-1.69,336.69,-0.1592,-0.3494,9.4018,9.4096,P003_Weight_Stack_Seated_Leg_Extension_Releasing_Too_Fast_2_02.csv
3,2,2,5,2,7.12,7120,-0.43,-0.45,11.32,11.3371,-0.0109,0.0087,0.0218,1.25,-1.63,336.69,-0.1949,-0.3627,9.6545,9.6633,P003_Weight_Stack_Seated_Leg_Extension_Releasing_Too_Fast_2_02.csv
3,2,2,5,2,7.251,7251,-1.45,0.16,10.45,10.5513,0.0,0.0131,-0.0153,1.19,-1.63,336.63,-0.3603,-0.2938,9.7594,9.7704,P003_Weight_Stack_Seated_Leg_Extension_Releasing_Too_Fast_2_02.csv
3,2,2,5,2,7.381,7381,-0.33,-0.36,9.73,9.7422,-0.0055,0.0022,-0.0044,1.19,-1.63,336.56,-0.3563,-0.3025,9.7555,9.7667,P003_Weight_Stack_Seated_Leg_Extension_Releasing_Too_Fast_2_02.csv
3,2,2,5,2,7.513,7513,0.07,-0.06,9.14,9.1405,0.0327,-0.024,-0.0196,1.25,-1.63,336.63,-0.3001,-0.2706,9.6744,9.6828,P003_Weight_Stack_Seated_Leg_Extension_Releasing_Too_Fast_2_02.csv
3,2,2,5,2,7.643,7643,-0.06,-0.15,9.25,9.2514,-0.0033,-0.0022,-0.0087,1.25,-1.63,336.63,-0.2685,-0.2547,9.6185,9.6256,P003_Weight_Stack_Seated_Leg_Extension_Releasing_Too_Fast_2_02.csv
3,2,2,5,2,7.82,7820,-0.78,-0.81,9.54,9.606,0.0011,0.0055,-0.0055,1.25,-1.63,336.63,-0.3359,-0.3279,9.6081,9.6196,P003_Weight_Stack_Seated_Leg_Extension_Releasing_Too_Fast_2_02.csv
3,2,2,5,2,7.953,7953,-0.15,-0.42,10.16,10.1698,-0.0033,-0.0022,0.0022,1.25,-1.63,336.63,-0.3114,-0.34,9.6808,9.6918,P003_Weight_Stack_Seated_Leg_Extension_Releasing_Too_Fast_2_02.csv
3,2,2,5,2,8.084,8084,-0.23,-0.27,9.76,9.7664,0.0044,0.0011,0.0,1.25,-1.63,336.63,-0.3007,-0.3308,9.6913,9.7016,P003_Weight_Stack_Seated_Leg_Extension_Releasing_Too_Fast_2_02.csv
3,2,2,5,2,8.214,8214,-0.21,-0.31,9.89,9.8971,0.0011,0.0033,0.0022,1.25,-1.63,336.63,-0.2887,-0.328,9.7175,9.7273,P003_Weight_Stack_Seated_Leg_Extension_Releasing_Too_Fast_2_02.csv
3,2,2,5,2,8.344,8344,-0.21,-0.29,9.96,9.9664,0.0022,-0.0033,0.0022,1.25,-1.63,336.63,-0.2784,-0.323,9.7494,9.7587,P003_Weight_Stack_Seated_Leg_Extension_Releasing_Too_Fast_2_02.csv
3,2,2,5,2,8.474,8474,-0.28,-0.33,10.0,10.0094,0.0033,-0.0022,0.0033,1.25,-1.63,336.63,-0.2786,-0.3239,9.7824,9.7918,P003_Weight_Stack_Seated_Leg_Extension_Releasing_Too_Fast_2_02.csv
3,2,2,5,2,8.605,8605,-0.2,-0.31,10.0,10.0068,0.0076,-0.0044,0.0011,1.25,-1.63,336.63,-0.2682,-0.3221,9.8111,9.8201,P003_Weight_Stack_Seated_Leg_Extension_Releasing_Too_Fast_2_02.csv
3,2,2,5,2,8.735,8735,-0.24,-0.28,9.7,9.707,0.0055,-0.0011,0.0011,1.25,-1.63,336.63,-0.2645,-0.3166,9.7965,9.8051,P003_Weight_Stack_Seated_Leg_Extension_Releasing_Too_Fast_2_02.csv
3,2,2,5,2,8.908,8908,-0.21,-0.32,9.72,9.7275,0.0055,-0.0044,0.0033,1.25,-1.63,336.63,-0.2573,-0.317,9.7864,9.7949,P003_Weight_Stack_Seated_Leg_Extension_Releasing_Too_Fast_2_02.csv
3,2,2,5,2,9.039,9039,-0.07,-0.22,9.55,9.5528,0.0044,-0.0098,0.0065,1.25,-1.63,336.63,-0.2326,-0.3042,9.7552,9.7628,P003_Weight_Stack_Seated_Leg_Extension_Releasing_Too_Fast_2_02.csv
3,2,2,5,2,9.169,9169,-0.26,-0.49,9.84,9.8556,0.0076,-0.0065,0.0,1.31,-1.63,336.63,-0.2362,-0.3287,9.7664,9.7748,P003_Weight_Stack_Seated_Leg_Extension_Releasing_Too_Fast_2_02.csv
3,2,2,5,2,9.3,9300,-0.13,-0.21,9.5,9.5032,0.0055,-0.0044,-0.0022,1.31,-1.63,336.63,-0.2222,-0.3131,9.7313,9.7389,P003_Weight_Stack_Seated_Leg_Extension_Releasing_Too_Fast_2_02.csv
3,2,2,5,2,9.436,9436,-0.29,-0.34,9.2,9.2108,0.0033,-0.0011,0.012,1.31,-1.63,336.69,-0.2312,-0.3166,9.6613,9.6692,P003_Weight_Stack_Seated_Leg_Extension_Releasing_Too_Fast_2_02.csv
3,2,2,5,2,9.567,9567,-0.23,-0.36,9.9,9.9092,0.0033,0.0,-0.0065,1.31,-1.63,336.69,-0.231,-0.3223,9.6927,9.7009,P003_Weight_Stack_Seated_Leg_Extension_Releasing_Too_Fast_2_02.csv
3,2,2,5,2,9.698,9698,-0.19,-0.33,10.01,10.0172,0.0022,-0.0011,0.0011,1.31,-1.63,336.69,-0.2256,-0.3233,9.7346,9.7425,P003_Weight_Stack_Seated_Leg_Extension_Releasing_Too_Fast_2_02.csv
3,2,2,5,2,9.828,9828,-0.33,-0.34,9.47,9.4818,0.0044,0.0229,-0.0011,1.31,-1.63,336.69,-0.2394,-0.3255,9.6997,9.7081,P003_Weight_Stack_Seated_Leg_Extension_Releasing_Too_Fast_2_02.csv
3,2,2,5,2,10.001,10001,-0.2,-0.31,9.56,9.5671,0.0022,-0.0011,0.0,1.31,-1.63,336.69,-0.2342,-0.3235,9.6813,9.6895,P003_Weight_Stack_Seated_Leg_Extension_Releasing_Too_Fast_2_02.csv
3,2,2,5,2,10.134,10134,-0.43,-0.34,9.58,9.5957,0.0033,-0.0044,0.0055,1.31,-1.63,336.69,-0.26,-0.3257,9.6679,9.6769,P003_Weight_Stack_Seated_Leg_Extension_Releasing_Too_Fast_2_02.csv
3,2,2,5,2,10.269,10269,-0.27,-0.27,8.99,8.9981,-0.0011,-0.0055,-0.0011,1.38,-1.63,336.69,-0.2613,-0.3183,9.5786,9.5875,P003_Weight_Stack_Seated_Leg_Extension_Releasing_Too_Fast_2_02.csv
3,2,2,5,2,10.4,10400,0.31,-0.31,9.7,9.7099,-0.0087,0.0185,-0.0065,1.31,-1.63,336.69,-0.186,-0.3172,9.5946,9.6016,P003_Weight_Stack_Seated_Leg_Extension_Releasing_Too_Fast_2_02.csv
3,2,2,5,2,10.53,10530,0.0,-0.05,10.45,10.4501,-0.0425,0.0087,-0.0087,1.31,-1.56,336.63,-0.1615,-0.282,9.7073,9.7128,P003_Weight_Stack_Seated_Leg_Extension_Releasing_Too_Fast_2_02.csv
3,2,2,5,2,10.661,10661,-0.3,-0.47,10.56,10.5747,-0.0164,0.0153,-0.0175,1.25,-1.56,336.63,-0.1798,-0.3068,9.8197,9.8261,P003_Weight_Stack_Seated_Leg_Extension_Releasing_Too_Fast_2_02.csv
3,2,2,5,2,10.791,10791,-0.4,-0.38,9.92,9.9353,0.0,0.0044,0.0109,1.25,-1.56,336.63,-0.2088,-0.3164,9.8329,9.8402,P003_Weight_Stack_Seated_Leg_Extension_Releasing_Too_Fast_2_02.csv
3,2,2,5,2,10.921,10921,-0.18,-0.28,9.64,9.6457,0.0033,-0.0033,-0.0044,1.25,-1.5,336.63,-0.205,-0.3116,9.8075,9.8146,P003_Weight_Stack_Seated_Leg_Extension_Releasing_Too_Fast_2_02.csv
3,2,2,5,2,11.094,11094,-0.22,-0.31,9.75,9.7574,0.0011,-0.0033,-0.0033,1.25,-1.5,336.63,-0.207,-0.3114,9.7999,9.807,P003_Weight_Stack_Seated_Leg_Extension_Releasing_Too_Fast_2_02.csv
3,2,2,5,2,11.224,11224,-0.25,-0.32,9.78,9.7884,0.0033,-0.0033,0.0011,1.25,-1.5,336.63,-0.2126,-0.3126,9.7973,9.8046,P003_Weight_Stack_Seated_Leg_Extension_Releasing_Too_Fast_2_02.csv
3,2,2,5,2,11.354,11354,-0.18,-0.3,9.76,9.7663,0.0011,-0.0011,0.0022,1.25,-1.5,336.63,-0.2083,-0.3109,9.7924,9.7995,P003_Weight_Stack_Seated_Leg_Extension_Releasing_Too_Fast_2_02.csv
3,2,2,5,2,11.484,11484,-0.21,-0.31,9.78,9.7872,0.0022,-0.0022,-0.0011,1.25,-1.5,336.63,-0.2086,-0.3108,9.7907,9.7979,P003_Weight_Stack_Seated_Leg_Extension_Releasing_Too_Fast_2_02.csv
3,2,2,5,2,11.614,11614,-0.22,-0.29,9.77,9.7768,0.0033,0.0011,0.0022,1.25,-1.5,336.63,-0.2101,-0.308,9.788,9.7951,P003_Weight_Stack_Seated_Leg_Extension_Releasing_Too_Fast_2_02.csv
3,2,2,5,2,11.744,11744,-0.21,-0.26,9.77,9.7757,0.0011,0.0,-0.0011,1.25,-1.5,336.63,-0.2101,-0.3017,9.7856,9.7925,P003_Weight_Stack_Seated_Leg_Extension_Releasing_Too_Fast_2_02.csv
3,2,2,5,2,11.874,11874,-0.27,-0.17,9.77,9.7752,0.0011,-0.0033,0.0,1.25,-1.5,336.63,-0.218,-0.2844,9.7836,9.7901,P003_Weight_Stack_Seated_Leg_Extension_Releasing_Too_Fast_2_02.csv
3,2,2,5,2,12.004,12004,-0.18,-0.32,10.27,10.2766,0.0,-0.0011,-0.0022,1.25,-1.5,336.63,-0.213,-0.2891,9.8477,9.8542,P003_Weight_Stack_Seated_Leg_Extension_Releasing_Too_Fast_2_02.csv
3,2,2,5,2,12.177,12177,-0.33,-0.32,9.91,9.9207,0.0033,-0.0011,0.0055,1.25,-1.5,336.63,-0.2284,-0.2931,9.8559,9.8629,P003_Weight_Stack_Seated_Leg_Extension_Releasing_Too_Fast_2_02.csv
3,2,2,5,2,12.308,12308,-0.14,-0.28,9.85,9.855,0.0033,0.0022,-0.0033,1.25,-1.5,336.63,-0.2167,-0.2914,9.8551,9.8618,P003_Weight_Stack_Seated_Leg_Extension_Releasing_Too_Fast_2_02.csv
3,2,2,5,2,12.442,12442,-0.25,-0.25,9.8,9.8064,0.0022,-0.0065,0.0033,1.25,-1.5,336.63,-0.2211,-0.2859,9.8478,9.8545,P003_Weight_Stack_Seated_Leg_Extension_Releasing_Too_Fast_2_02.csv
3,2,2,5,2,12.575,12575,-0.22,-0.33,9.76,9.7681,0.0011,0.0207,-0.0044,1.25,-1.5,336.63,-0.221,-0.2917,9.8363,9.8431,P003_Weight_Stack_Seated_Leg_Extension_Releasing_Too_Fast_2_02.csv
3,2,2,5,2,12.706,12706,-0.29,-0.35,9.78,9.7906,0.0033,-0.0065,0.0011,1.25,-1.5,336.63,-0.2301,-0.2994,9.8289,9.8361,P003_Weight_Stack_Seated_Leg_Extension_Releasing_Too_Fast_2_02.csv
3,2,2,5,2,12.837,12837,-0.21,-0.28,9.66,9.6663,0.0044,-0.0055,-0.0011,1.25,-1.5,336.63,-0.2274,-0.2969,9.8066,9.8137,P003_Weight_Stack_Seated_Leg_Extension_Releasing_Too_Fast_2_02.csv
3,2,2,5,2,12.967,12967,-0.25,-0.3,9.87,9.8777,0.0022,-0.0011,0.0,1.25,-1.5,336.63,-0.2304,-0.2973,9.815,9.8222,P003_Weight_Stack_Seated_Leg_Extension_Releasing_Too_Fast_2_02.csv
3,2,2,5,2,13.098,13098,-0.35,-0.32,9.59,9.6017,0.0033,-0.0033,0.0022,1.25,-1.5,336.63,-0.2462,-0.3003,9.7853,9.793,P003_Weight_Stack_Seated_Leg_Extension_Releasing_Too_Fast_2_02.csv
3,2,2,5,2,13.27,13270,-0.24,0.12,9.49,9.4938,-0.0044,0.0164,-0.0044,1.19,-1.5,336.63,-0.2453,-0.2449,9.7464,9.7526,P003_Weight_Stack_Seated_Leg_Extension_Releasing_Too_Fast_2_02.csv
3,2,2,5,2,13.401,13401,-0.21,-0.28,9.71,9.7163,-0.0022,-0.0011,-0.0022,1.19,-1.5,336.63,-0.2407,-0.2495,9.7416,9.7478,P003_Weight_Stack_Seated_Leg_Extension_Releasing_Too_Fast_2_02.csv
3,2,2,5,2,13.531,13531,-0.24,-0.31,9.55,9.558,-0.0022,0.0022,-0.0044,1.19,-1.5,336.63,-0.2406,-0.2575,9.7164,9.7227,P003_Weight_Stack_Seated_Leg_Extension_Releasing_Too_Fast_2_02.csv
3,2,2,5,2,13.663,13663,-0.21,-0.37,9.81,9.8192,-0.0022,-0.0011,-0.0011,1.19,-1.5,336.63,-0.2366,-0.2723,9.7287,9.7354,P003_Weight_Stack_Seated_Leg_Extension_Releasing_Too_Fast_2_02.csv
3,2,2,5,2,13.799,13799,-0.23,-0.31,8.95,8.9583,0.0,0.0011,-0.0022,1.19,-1.5,336.63,-0.2357,-0.2773,9.6261,9.633,P003_Weight_Stack_Seated_Leg_Extension_Releasing_Too_Fast_2_02.csv
3,2,2,5,2,13.93,13930,-0.09,-0.52,8.95,8.9655,-0.0033,-0.0011,0.0011,1.25,-1.5,336.63,-0.2165,-0.3093,9.537,9.5445,P003_Weight_Stack_Seated_Leg_Extension_Releasing_Too_Fast_2_02.csv
3,2,2,5,2,14.06,14060,0.34,-0.51,9.17,9.1905,-0.024,0.0284,-0.0218,1.25,-1.5,336.63,-0.1432,-0.3357,9.4886,9.4956,P003_Weight_Stack_Seated_Leg_Extension_Releasing_Too_Fast_2_02.csv
3,2,2,5,2,14.19,14190,-0.28,0.12,9.39,9.3949,-0.0153,0.0229,0.0185,1.19,-1.44,336.56,-0.1612,-0.2757,9.4756,9.481,P003_Weight_Stack_Seated_Leg_Extension_Releasing_Too_Fast_2_02.csv
3,2,2,5,2,14.363,14363,-0.27,-0.45,10.98,10.9925,-0.0065,0.0175,0.0055,1.13,-1.38,336.5,-0.1755,-0.2986,9.6739,9.6801,P003_Weight_Stack_Seated_Leg_Extension_Releasing_Too_Fast_2_02.csv
3,2,2,5,2,14.494,14494,0.37,-0.68,10.41,10.4387,0.0142,-0.0142,-0.0175,1.19,-1.44,336.81,-0.1036,-0.3489,9.7709,9.7777,P003_Weight_Stack_Seated_Leg_Extension_Releasing_Too_Fast_2_02.csv
3,2,2,5,2,14.63,14630,-0.57,-0.47,7.54,7.5761,-0.0065,-0.0131,0.0273,1.13,-1.38,336.56,-0.1651,-0.3649,9.4769,9.4854,P003_Weight_Stack_Seated_Leg_Extension_Releasing_Too_Fast_2_02.csv
3,2,2,5,2,14.762,14762,-0.01,-0.49,9.0,9.0133,-0.0055,0.0,-0.0011,1.19,-1.38,336.56,-0.1447,-0.3813,9.4141,9.4229,P003_Weight_Stack_Seated_Leg_Extension_Releasing_Too_Fast_2_02.csv
3,2,2,5,2,14.892,14892,-0.21,-0.5,9.74,9.7551,0.0044,0.0,0.0,1.19,-1.38,336.5,-0.1533,-0.397,9.457,9.4666,P003_Weight_Stack_Seated_Leg_Extension_Releasing_Too_Fast_2_02.csv
3,2,2,5,2,15.023,15023,-0.14,-0.37,10.04,10.0478,0.0,0.0033,0.0,1.19,-1.38,336.5,-0.1515,-0.3934,9.5338,9.5431,P003_Weight_Stack_Seated_Leg_Extension_Releasing_Too_Fast_2_02.csv
3,2,2,5,2,15.153,15153,-0.2,-0.34,9.89,9.8979,-0.0011,-0.0033,0.0022,1.19,-1.38,336.5,-0.1579,-0.3864,9.5808,9.5899,P003_Weight_Stack_Seated_Leg_Extension_Releasing_Too_Fast_2_02.csv
3,2,2,5,2,15.283,15283,-0.16,-0.28,9.9,9.9053,0.0011,-0.0011,0.0011,1.19,-1.38,336.5,-0.1582,-0.3724,9.6228,9.6313,P003_Weight_Stack_Seated_Leg_Extension_Releasing_Too_Fast_2_02.csv
3,2,2,5,2,15.456,15456,-0.23,-0.29,9.84,9.847,0.0,-0.0033,0.0,1.19,-1.38,336.5,-0.1677,-0.3615,9.6515,9.6597,P003_Weight_Stack_Seated_Leg_Extension_Releasing_Too_Fast_2_02.csv
3,2,2,5,2,15.586,15586,-0.24,-0.32,9.88,9.8881,0.0022,-0.0011,-0.0011,1.19,-1.38,336.5,-0.1772,-0.356,9.6816,9.6897,P003_Weight_Stack_Seated_Leg_Extension_Releasing_Too_Fast_2_02.csv
3,2,2,5,2,15.716,15716,-0.27,-0.31,9.82,9.8286,0.0022,-0.0011,0.0011,1.19,-1.38,336.5,-0.1894,-0.35,9.6998,9.708,P003_Weight_Stack_Seated_Leg_Extension_Releasing_Too_Fast_2_02.csv
3,2,2,5,2,15.846,15846,-0.31,-0.3,9.77,9.7795,0.0022,-0.0011,0.0055,1.19,-1.38,336.5,-0.2053,-0.3434,9.7091,9.7173,P003_Weight_Stack_Seated_Leg_Extension_Releasing_Too_Fast_2_02.csv
3,2,2,5,2,15.976,15976,-0.16,-0.31,10.08,10.086,0.0011,-0.0011,-0.0011,1.19,-1.38,336.5,-0.1993,-0.339,9.7579,9.7659,P003_Weight_Stack_Seated_Leg_Extension_Releasing_Too_Fast_2_02.csv
3,2,2,5,2,16.106,16106,-0.14,-0.49,10.0,10.013,-0.0011,0.0251,-0.0011,1.13,-1.38,336.5,-0.1915,-0.3589,9.7898,9.7983,P003_Weight_Stack_Seated_Leg_Extension_Releasing_Too_Fast_2_02.csv
3,2,2,5,2,16.236,16236,-0.15,-0.28,9.68,9.6852,0.0044,-0.0098,0.0011,1.19,-1.38,336.5,-0.186,-0.3485,9.7754,9.7833,P003_Weight_Stack_Seated_Leg_Extension_Releasing_Too_Fast_2_02.csv
3,2,2,5,2,16.367,16367,-0.16,-0.24,9.47,9.4744,0.0,-0.0065,0.0,1.19,-1.44,336.5,-0.1826,-0.3342,9.7351,9.7426,P003_Weight_Stack_Seated_Leg_Extension_Releasing_Too_Fast_2_02.csv
3,2,2,5,2,16.539,16539,-0.3,-0.31,9.67,9.6796,0.0033,-0.0044,-0.0065,1.19,-1.44,336.5,-0.1981,-0.331,9.7265,9.7342,P003_Weight_Stack_Seated_Leg_Extension_Releasing_Too_Fast_2_02.csv
3,2,2,5,2,16.669,16669,-0.31,-0.36,9.39,9.402,0.0022,-0.0011,0.0,1.19,-1.44,336.5,-0.2128,-0.3348,9.6822,9.6903,P003_Weight_Stack_Seated_Leg_Extension_Releasing_Too_Fast_2_02.csv
3,2,2,5,2,16.8,16800,-0.19,-0.4,9.37,9.3805,0.0022,0.012,0.0011,1.19,-1.44,336.5,-0.2098,-0.3434,9.6411,9.6495,P003_Weight_Stack_Seated_Leg_Extension_Releasing_Too_Fast_2_02.csv
3,2,2,5,2,16.93,16930,-0.28,-0.37,9.63,9.6412,0.0,-0.0011,-0.0022,1.19,-1.5,336.5,-0.2191,-0.3469,9.6396,9.6483,P003_Weight_Stack_Seated_Leg_Extension_Releasing_Too_Fast_2_02.csv
3,2,2,5,2,17.06,17060,-0.21,-0.34,9.51,9.5184,0.0,-0.0044,0.0044,1.19,-1.5,336.5,-0.2179,-0.346,9.6225,9.6312,P003_Weight_Stack_Seated_Leg_Extension_Releasing_Too_Fast_2_02.csv
3,2,2,5,2,17.19,17190,-0.33,-0.24,9.08,9.0892,0.0011,-0.0076,0.0022,1.19,-1.5,336.5,-0.2326,-0.332,9.551,9.5596,P003_Weight_Stack_Seated_Leg_Extension_Releasing_Too_Fast_2_02.csv
3,2,2,5,2,17.32,17320,0.02,-0.37,9.51,9.5172,-0.0076,0.0098,0.0011,1.19,-1.5,336.5,-0.1994,-0.337,9.5456,9.5537,P003_Weight_Stack_Seated_Leg_Extension_Releasing_Too_Fast_2_02.csv
3,2,2,5,2,17.45,17450,-0.39,-0.23,9.07,9.0813,-0.0131,0.0011,-0.012,1.19,-1.5,336.5,-0.2245,-0.3229,9.4829,9.4911,P003_Weight_Stack_Seated_Leg_Extension_Releasing_Too_Fast_2_02.csv
3,2,2,5,2,17.623,17623,0.16,-0.2,10.78,10.783,-0.0022,-0.0044,-0.0262,1.13,-1.44,336.44,-0.1738,-0.3067,9.6539,9.6603,P003_Weight_Stack_Seated_Leg_Extension_Releasing_Too_Fast_2_02.csv
3,2,2,5,2,17.753,17753,-0.49,-0.31,11.09,11.1051,-0.0044,0.0,0.0196,1.13,-1.38,336.38,-0.2155,-0.3072,9.8431,9.8503,P003_Weight_Stack_Seated_Leg_Extension_Releasing_Too_Fast_2_02.csv
3,2,2,5,2,17.887,17887,0.03,-0.32,10.47,10.4749,0.0055,0.012,-0.0153,1.13,-1.38,336.38,-0.1831,-0.3089,9.9257,9.9322,P003_Weight_Stack_Seated_Leg_Extension_Releasing_Too_Fast_2_02.csv
3,2,2,5,2,18.021,18021,-0.01,-0.33,10.08,10.0854,-0.0022,0.0022,-0.0022,1.13,-1.38,336.38,-0.1603,-0.3116,9.9461,9.9522,P003_Weight_Stack_Seated_Leg_Extension_Releasing_Too_Fast_2_02.csv
3,3,2,5,2,18.152,18152,-0.31,-0.4,9.81,9.823,-0.0033,0.0022,-0.0011,1.13,-1.38,336.38,-0.18,-0.3233,9.9281,9.935,P003_Weight_Stack_Seated_Leg_Extension_Releasing_Too_Fast_2_02.csv
3,3,2,5,2,18.282,18282,-0.11,-0.36,9.83,9.8372,0.0022,0.0011,0.0,1.13,-1.44,336.38,-0.1708,-0.3281,9.9152,9.9221,P003_Weight_Stack_Seated_Leg_Extension_Releasing_Too_Fast_2_02.csv
3,3,2,5,2,18.413,18413,-0.32,-0.31,9.6,9.6103,-0.0011,-0.0011,0.0033,1.13,-1.44,336.38,-0.1905,-0.3257,9.8737,9.8809,P003_Weight_Stack_Seated_Leg_Extension_Releasing_Too_Fast_2_02.csv
3,3,2,5,2,18.543,18543,-0.15,-0.3,9.6,9.6059,0.0,0.0055,-0.0055,1.13,-1.44,336.38,-0.1851,-0.3223,9.8376,9.8446,P003_Weight_Stack_Seated_Leg_Extension_Releasing_Too_Fast_2_02.csv
3,3,2,5,2,18.716,18716,-0.44,-0.71,9.73,9.7658,0.0065,-0.012,0.0011,1.13,-1.44,336.38,-0.2187,-0.3734,9.8234,9.8329,P003_Weight_Stack_Seated_Leg_Extension_Releasing_Too_Fast_2_02.csv
3,3,2,5,2,18.846,18846,-0.24,-0.32,9.89,9.8981,0.0011,0.0055,0.0011,1.13,-1.44,336.38,-0.2215,-0.3664,9.8322,9.8415,P003_Weight_Stack_Seated_Leg_Extension_Releasing_Too_Fast_2_02.csv
3,3,2,5,2,18.978,18978,-0.28,-0.29,10.15,10.158,0.0175,-0.0131,-0.0055,1.13,-1.44,336.38,-0.2292,-0.3563,9.8741,9.8832,P003_Weight_Stack_Seated_Leg_Extension_Releasing_Too_Fast_2_02.csv
3,3,2,5,2,19.114,19114,-0.38,-0.18,9.75,9.7591,-0.0065,-0.0098,-0.0011,1.13,-1.44,336.38,-0.2491,-0.3331,9.8577,9.8665,P003_Weight_Stack_Seated_Leg_Extension_Releasing_Too_Fast_2_02.csv
3,3,2,5,2,19.245,19245,-0.23,-0.35,9.8,9.8089,0.0022,-0.0087,-0.012,1.13,-1.44,336.38,-0.2466,-0.3353,9.8501,9.8589,P003_Weight_Stack_Seated_Leg_Extension_Releasing_Too_Fast_2_02.csv
3,3,2,5,2,19.375,19375,-0.29,-0.35,9.66,9.6707,-0.0022,-0.0076,0.0044,1.13,-1.44,336.38,-0.2523,-0.3373,9.8251,9.8341,P003_Weight_Stack_Seated_Leg_Extension_Releasing_Too_Fast_2_02.csv
3,3,2,5,2,19.506,19506,-0.32,-0.35,9.9,9.9114,0.0044,0.0055,0.0033,1.13,-1.44,336.38,-0.2612,-0.3389,9.8349,9.8442,P003_Weight_Stack_Seated_Leg_Extension_Releasing_Too_Fast_2_02.csv
3,3,2,5,2,19.636,19636,-0.27,-0.26,9.79,9.7972,0.0011,0.0011,0.0022,1.13,-1.44,336.38,-0.2624,-0.3285,9.829,9.838,P003_Weight_Stack_Seated_Leg_Extension_Releasing_Too_Fast_2_02.csv
3,3,2,5,2,19.809,19809,-0.11,-0.32,9.98,9.9857,0.0,-0.0033,0.0011,1.13,-1.44,336.38,-0.2423,-0.3274,9.8489,9.8573,P003_Weight_Stack_Seated_Leg_Extension_Releasing_Too_Fast_2_02.csv
3,3,2,5,2,19.94,19940,-0.24,-0.31,9.8,9.8078,0.0065,-0.0065,0.0044,1.19,-1.44,336.38,-0.242,-0.3251,9.8425,9.8508,P003_Weight_Stack_Seated_Leg_Extension_Releasing_Too_Fast_2_02.csv
3,3,2,5,2,20.071,20071,-0.3,-0.31,9.48,9.4898,0.0011,0.0,0.0,1.19,-1.5,336.38,-0.2496,-0.3231,9.7947,9.8032,P003_Weight_Stack_Seated_Leg_Extension_Releasing_Too_Fast_2_02.csv
3,3,2,5,2,20.201,20201,-0.18,-0.32,9.28,9.2873,0.0011,-0.0011,-0.0033,1.19,-1.5,336.38,-0.2405,-0.3227,9.7269,9.7352,P003_Weight_Stack_Seated_Leg_Extension_Releasing_Too_Fast_2_02.csv
3,3,2,5,2,20.337,20337,-0.25,-0.29,9.4,9.4078,-0.0011,-0.0011,-0.0022,1.19,-1.5,336.38,-0.2417,-0.3184,9.6838,9.6921,P003_Weight_Stack_Seated_Leg_Extension_Releasing_Too_Fast_2_02.csv
3,3,2,5,2,20.468,20468,-0.19,-0.35,9.75,9.7581,-0.0033,0.0022,0.0087,1.19,-1.5,336.38,-0.2349,-0.3226,9.6925,9.7007,P003_Weight_Stack_Seated_Leg_Extension_Releasing_Too_Fast_2_02.csv
3,3,2,5,2,20.599,20599,-0.26,-0.33,9.87,9.8789,-0.0065,0.0,-0.0164,1.19,-1.5,336.38,-0.2382,-0.3235,9.7159,9.7242,P003_Weight_Stack_Seated_Leg_Extension_Releasing_Too_Fast_2_02.csv
3,3,2,5,2,20.729,20729,-0.3,-0.29,8.57,8.5802,0.0022,-0.0044,0.0055,1.19,-1.5,336.31,-0.2464,-0.3191,9.5649,9.5734,P003_Weight_Stack_Seated_Leg_Extension_Releasing_Too_Fast_2_02.csv
3,3,2,5,2,20.902,20902,-0.27,-0.02,8.37,8.3744,-0.0055,0.012,-0.0044,1.19,-1.5,336.31,-0.2495,-0.2797,9.4075,9.4149,P003_Weight_Stack_Seated_Leg_Extension_Releasing_Too_Fast_2_02.csv
3,3,2,5,2,21.037,21037,-0.59,0.46,10.71,10.7361,-0.0087,0.0087,0.0055,1.13,-1.44,336.31,-0.2943,-0.1822,9.5791,9.5853,P003_Weight_Stack_Seated_Leg_Extension_Releasing_Too_Fast_2_02.csv
3,3,2,5,2,21.17,21170,-0.39,-0.15,10.8,10.8081,-0.0044,0.0011,0.0076,1.13,-1.44,336.25,-0.3069,-0.178,9.74,9.7464,P003_Weight_Stack_Seated_Leg_Extension_Releasing_Too_Fast_2_02.csv
3,3,2,5,2,21.3,21300,-0.45,-0.23,10.33,10.3424,0.0,0.0044,-0.0065,1.06,-1.44,336.25,-0.3258,-0.1848,9.8177,9.8249,P003_Weight_Stack_Seated_Leg_Extension_Releasing_Too_Fast_2_02.csv
3,3,2,5,2,21.431,21431,-0.3,-0.28,9.79,9.7986,-0.0011,0.0011,0.0033,1.13,-1.44,336.25,-0.3224,-0.1974,9.8141,9.8214,P003_Weight_Stack_Seated_Leg_Extension_Releasing_Too_Fast_2_02.csv
3,3,2,5,2,21.561,21561,-0.2,-0.33,9.64,9.6477,-0.0011,0.0055,-0.0011,1.13,-1.44,336.25,-0.3063,-0.2149,9.7911,9.7983,P003_Weight_Stack_Seated_Leg_Extension_Releasing_Too_Fast_2_02.csv
3,3,2,5,2,21.692,21692,-0.32,-0.36,9.74,9.7519,-0.0065,0.0076,0.0098,1.13,-1.44,336.25,-0.3081,-0.234,9.7844,9.792,P003_Weight_Stack_Seated_Leg_Extension_Releasing_Too_Fast_2_02.csv
3,3,2,5,2,21.822,21822,-0.19,-0.27,9.85,9.8555,0.0022,0.0033,0.0065,1.13,-1.44,336.25,-0.2925,-0.2387,9.793,9.8003,P003_Weight_Stack_Seated_Leg_Extension_Releasing_Too_Fast_2_02.csv
3,3,2,5,2,21.995,21995,-0.21,-0.29,9.95,9.9564,0.0076,-0.0065,-0.0022,1.13,-1.44,336.25,-0.2816,-0.2455,9.8137,9.8208,P003_Weight_Stack_Seated_Leg_Extension_Releasing_Too_Fast_2_02.csv
3,3,2,5,2,22.125,22125,-0.17,-0.28,9.86,9.8654,-0.0022,0.0022,0.0011,1.13,-1.44,336.25,-0.2669,-0.25,9.8198,9.8266,P003_Weight_Stack_Seated_Leg_Extension_Releasing_Too_Fast_2_02.csv
3,3,2,5,2,22.255,22255,-0.2,-0.31,9.91,9.9169,0.0011,-0.0044,0.0,1.13,-1.44,336.25,-0.2581,-0.2579,9.8317,9.8385,P003_Weight_Stack_Seated_Leg_Extension_Releasing_Too_Fast_2_02.csv
3,3,2,5,2,22.385,22385,-0.32,-0.38,9.83,9.8425,0.0022,0.0,0.0065,1.13,-1.44,336.25,-0.2663,-0.274,9.8315,9.8389,P003_Weight_Stack_Seated_Leg_Extension_Releasing_Too_Fast_2_02.csv
3,3,2,5,2,22.515,22515,-0.24,-0.32,9.92,9.9281,0.0022,-0.0022,-0.0011,1.13,-1.5,336.25,-0.2628,-0.2801,9.8431,9.8506,P003_Weight_Stack_Seated_Leg_Extension_Releasing_Too_Fast_2_02.csv
3,3,2,5,2,22.645,22645,-0.25,-0.28,9.95,9.9571,0.0033,0.0,0.0033,1.13,-1.5,336.25,-0.2611,-0.2801,9.8572,9.8647,P003_Weight_Stack_Seated_Leg_Extension_Releasing_Too_Fast_2_02.csv
3,3,2,5,2,22.775,22775,-0.19,-0.3,9.95,9.9563,0.0033,0.0044,0.0,1.13,-1.5,336.25,-0.2517,-0.2827,9.8695,9.8767,P003_Weight_Stack_Seated_Leg_Extension_Releasing_Too_Fast_2_02.csv
3,3,2,5,2,22.905,22905,-0.26,-0.41,9.74,9.7521,0.0011,-0.0022,-0.0033,1.13,-1.44,336.25,-0.2528,-0.2995,9.8524,9.8602,P003_Weight_Stack_Seated_Leg_Extension_Releasing_Too_Fast_2_02.csv
3,3,2,5,2,23.078,23078,-0.32,-0.11,9.63,9.6359,-0.0044,-0.0055,0.0044,1.13,-1.44,336.25,-0.2617,-0.2745,9.8231,9.8304,P003_Weight_Stack_Seated_Leg_Extension_Releasing_Too_Fast_2_02.csv
3,3,2,5,2,23.208,23208,-0.25,-0.25,9.36,9.3667,-0.0011,0.0,-0.0022,1.13,-1.44,336.25,-0.2601,-0.2713,9.7621,9.7693,P003_Weight_Stack_Seated_Leg_Extension_Releasing_Too_Fast_2_02.csv
3,3,2,5,2,23.339,23339,-0.24,-0.26,9.5,9.5066,-0.0022,0.0022,-0.0022,1.13,-1.44,336.25,-0.2575,-0.2698,9.7275,9.7347,P003_Weight_Stack_Seated_Leg_Extension_Releasing_Too_Fast_2_02.csv
3,3,2,5,2,23.473,23473,-0.21,-0.31,9.53,9.5374,-0.0044,0.0011,-0.0011,1.13,-1.44,336.25,-0.2512,-0.2751,9.7015,9.7087,P003_Weight_Stack_Seated_Leg_Extension_Releasing_Too_Fast_2_02.csv
3,3,2,5,2,23.606,23606,-0.42,-0.33,9.79,9.8046,-0.0055,0.0033,-0.0055,1.13,-1.5,336.25,-0.2735,-0.2823,9.7132,9.7211,P003_Weight_Stack_Seated_Leg_Extension_Releasing_Too_Fast_2_02.csv
3,3,2,5,2,23.737,23737,-0.18,-0.36,9.8,9.8083,-0.0033,0.0,0.0033,1.13,-1.5,336.25,-0.2612,-0.2926,9.7246,9.7325,P003_Weight_Stack_Seated_Leg_Extension_Releasing_Too_Fast_2_02.csv
3,3,2,5,2,23.868,23868,-0.42,-0.38,9.74,9.7565,-0.0022,0.0044,-0.0022,1.19,-1.5,336.25,-0.2821,-0.3041,9.7266,9.7355,P003_Weight_Stack_Seated_Leg_Extension_Releasing_Too_Fast_2_02.csv
3,3,2,5,2,23.998,23998,-0.07,-0.28,9.14,9.1446,-0.0011,0.0,-0.0022,1.19,-1.5,336.25,-0.2541,-0.3009,9.6493,9.6574,P003_Weight_Stack_Seated_Leg_Extension_Releasing_Too_Fast_2_02.csv
3,3,2,5,2,24.171,24171,-0.02,-0.22,8.22,8.223,-0.0109,0.0131,-0.0229,1.19,-1.5,336.25,-0.2233,-0.2902,9.461,9.4681,P003_Weight_Stack_Seated_Leg_Extension_Releasing_Too_Fast_2_02.csv
3,3,2,5,2,24.305,24305,-0.84,0.88,9.9,9.9745,-0.0338,-0.0065,-0.0065,1.13,-1.44,336.19,-0.3046,-0.136,9.5188,9.5247,P003_Weight_Stack_Seated_Leg_Extension_Releasing_Too_Fast_2_02.csv
3,3,2,5,2,24.436,24436,-0.67,-0.59,10.62,10.6575,0.0022,0.0011,-0.012,1.13,-1.38,336.19,-0.3527,-0.1959,9.6639,9.6724,P003_Weight_Stack_Seated_Leg_Extension_Releasing_Too_Fast_2_02.csv
3,3,2,5,2,24.569,24569,-0.48,-0.21,9.22,9.2349,0.0109,-0.0153,0.0535,1.13,-1.5,336.44,-0.3695,-0.1977,9.6054,9.6146,P003_Weight_Stack_Seated_Leg_Extension_Releasing_Too_Fast_2_02.csv
3,3,2,5,2,24.7,24700,-0.24,-0.04,11.39,11.3926,-0.0065,0.0196,-0.024,1.06,-1.38,336.13,-0.3524,-0.1769,9.8406,9.8485,P003_Weight_Stack_Seated_Leg_Extension_Releasing_Too_Fast_2_02.csv
3,3,2,5,2,24.831,24831,-0.31,-0.33,9.72,9.7305,0.0044,-0.0142,-0.0098,1.13,-1.44,336.13,-0.3468,-0.1971,9.8247,9.8328,P003_Weight_Stack_Seated_Leg_Extension_Releasing_Too_Fast_2_02.csv
3,3,2,5,2,24.961,24961,-0.26,0.06,9.87,9.8736,-0.0098,0.0022,-0.0076,1.06,-1.38,336.19,-0.3354,-0.1632,9.8307,9.8377,P003_Weight_Stack_Seated_Leg_Extension_Releasing_Too_Fast_2_02.csv
3,3,2,5,2,25.091,25091,-0.03,0.1,9.21,9.2106,-0.0044,0.0076,-0.0011,1.06,-1.44,336.19,-0.2951,-0.1285,9.7489,9.7542,P003_Weight_Stack_Seated_Leg_Extension_Releasing_Too_Fast_2_02.csv
3,3,2,5,2,25.264,25264,-0.31,-0.26,9.41,9.4187,0.0044,-0.0076,0.0011,1.13,-1.44,336.19,-0.2971,-0.1459,9.7042,9.7099,P003_Weight_Stack_Seated_Leg_Extension_Releasing_Too_Fast_2_02.csv
3,3,2,5,2,25.397,25397,-0.3,-0.33,9.93,9.94,-0.0033,-0.0022,-0.0022,1.13,-1.44,336.19,-0.2975,-0.1701,9.734,9.74,P003_Weight_Stack_Seated_Leg_Extension_Releasing_Too_Fast_2_02.csv
3,3,2,5,2,25.532,25532,-0.29,-0.33,9.93,9.9397,0.0033,-0.0055,0.0033,1.13,-1.44,336.19,-0.2965,-0.1912,9.7598,9.7662,P003_Weight_Stack_Seated_Leg_Extension_Releasing_Too_Fast_2_02.csv
3,3,2,5,2,25.663,25663,-0.24,-0.22,9.7,9.7055,0.0033,-0.0055,0.0055,1.13,-1.44,336.19,-0.2891,-0.195,9.7519,9.7582,P003_Weight_Stack_Seated_Leg_Extension_Releasing_Too_Fast_2_02.csv
3,3,2,5,2,25.793,25793,-0.23,-0.31,9.66,9.6677,0.0065,-0.0022,-0.0011,1.13,-1.44,336.19,-0.2813,-0.2101,9.7398,9.7461,P003_Weight_Stack_Seated_Leg_Extension_Releasing_Too_Fast_2_02.csv
3,3,2,5,2,25.924,25924,-0.25,-0.38,9.73,9.7406,0.0022,-0.0033,0.0,1.13,-1.5,336.19,-0.2772,-0.2325,9.7385,9.7452,P003_Weight_Stack_Seated_Leg_Extension_Releasing_Too_Fast_2_02.csv
3,3,2,5,2,26.054,26054,-0.24,-0.45,9.88,9.8932,0.0011,-0.0098,0.0022,1.13,-1.5,336.19,-0.2723,-0.2612,9.7572,9.7645,P003_Weight_Stack_Seated_Leg_Extension_Releasing_Too_Fast_2_02.csv
3,3,2,5,2,26.185,26185,-0.19,-0.42,9.84,9.8508,0.0065,-0.0065,0.0,1.19,-1.56,336.19,-0.2614,-0.2821,9.7681,9.7756,P003_Weight_Stack_Seated_Leg_Extension_Releasing_Too_Fast_2_02.csv
3,3,2,5,2,26.357,26357,-0.22,-0.39,9.64,9.6504,0.0033,-0.0033,0.0,1.19,-1.56,336.19,-0.256,-0.2963,9.7512,9.7591,P003_Weight_Stack_Seated_Leg_Extension_Releasing_Too_Fast_2_02.csv
3,3,2,5,2,26.488,26488,-0.24,-0.32,9.59,9.5983,0.0033,-0.0044,0.0022,1.19,-1.56,336.19,-0.2539,-0.2994,9.73,9.7379,P003_Weight_Stack_Seated_Leg_Extension_Releasing_Too_Fast_2_02.csv
3,3,2,5,2,26.618,26618,-0.32,-0.31,9.19,9.2008,0.0044,0.0076,0.0,1.19,-1.56,336.19,-0.2626,-0.3008,9.6588,9.6671,P003_Weight_Stack_Seated_Leg_Extension_Releasing_Too_Fast_2_02.csv
3,3,2,5,2,26.752,26752,-0.21,-0.26,9.39,9.3959,0.0022,-0.0022,-0.0087,1.19,-1.56,336.19,-0.2556,-0.2955,9.6234,9.6313,P003_Weight_Stack_Seated_Leg_Extension_Releasing_Too_Fast_2_02.csv
3,3,2,5,2,26.886,26886,-0.31,-0.34,10.0,10.0106,-0.0022,-0.0022,0.0076,1.19,-1.56,336.19,-0.2628,-0.3013,9.673,9.6813,P003_Weight_Stack_Seated_Leg_Extension_Releasing_Too_Fast_2_02.csv
3,3,2,5,2,27.017,27017,-0.35,-0.27,9.19,9.2006,-0.0022,-0.0022,-0.0087,1.19,-1.56,336.19,-0.2743,-0.2972,9.6094,9.6179,P003_Weight_Stack_Seated_Leg_Extension_Releasing_Too_Fast_2_02.csv
3,3,2,5,2,27.147,27147,-0.35,-0.46,9.57,9.5874,-0.0011,0.0033,0.0142,1.19,-1.56,336.19,-0.2843,-0.3187,9.6042,9.6137,P003_Weight_Stack_Seated_Leg_Extension_Releasing_Too_Fast_2_02.csv
3,3,2,5,2,27.277,27277,0.11,-0.35,9.51,9.5171,-0.0142,0.0295,-0.0218,1.19,-1.56,336.19,-0.2323,-0.3228,9.5918,9.6,P003_Weight_Stack_Seated_Leg_Extension_Releasing_Too_Fast_2_02.csv
3,3,2,5,2,27.45,27450,0.06,-0.06,11.11,11.1103,-0.0185,0.0142,-0.0196,1.13,-1.44,336.13,-0.1938,-0.2882,9.7918,9.798,P003_Weight_Stack_Seated_Leg_Extension_Releasing_Too_Fast_2_02.csv
3,3,2,5,2,27.581,27581,-0.2,-0.39,11.59,11.5983,-0.0087,0.0065,0.0011,1.06,-1.44,336.06,-0.1946,-0.3016,10.0288,10.0352,P003_Weight_Stack_Seated_Leg_Extension_Releasing_Too_Fast_2_02.csv
3,4,2,5,2,27.716,27716,-0.46,-0.4,9.73,9.7491,-0.0109,0.0098,0.0065,1.06,-1.44,336.06,-0.2296,-0.3145,9.9894,9.997,P003_Weight_Stack_Seated_Leg_Extension_Releasing_Too_Fast_2_02.csv
3,4,2,5,2,27.849,27849,-0.14,-0.34,9.41,9.4172,0.0098,0.0011,-0.0055,1.06,-1.44,336.06,-0.2178,-0.3179,9.9131,9.9205,P003_Weight_Stack_Seated_Leg_Extension_Releasing_Too_Fast_2_02.csv
3,4,2,5,2,27.979,27979,-0.2,-0.28,9.55,9.5562,0.0011,-0.0033,-0.0033,1.06,-1.44,336.06,-0.2154,-0.3129,9.8652,9.8725,P003_Weight_Stack_Seated_Leg_Extension_Releasing_Too_Fast_2_02.csv
3,4,2,5,2,28.11,28110,-0.23,-0.2,9.99,9.9946,0.0011,0.0055,-0.0065,1.06,-1.44,336.06,-0.2174,-0.298,9.8817,9.8885,P003_Weight_Stack_Seated_Leg_Extension_Releasing_Too_Fast_2_02.csv
3,4,2,5,2,28.24,28240,-0.27,-0.23,9.88,9.8864,-0.0011,0.0011,-0.0044,1.06,-1.44,336.06,-0.2243,-0.2891,9.8814,9.8882,P003_Weight_Stack_Seated_Leg_Extension_Releasing_Too_Fast_2_02.csv
3,4,2,5,2,28.371,28371,-0.29,-0.31,9.93,9.9391,-0.0033,-0.0011,0.0011,1.06,-1.44,336.06,-0.233,-0.2918,9.8878,9.8949,P003_Weight_Stack_Seated_Leg_Extension_Releasing_Too_Fast_2_02.csv
3,4,2,5,2,28.544,28544,-0.21,-0.22,10.05,10.0546,0.0044,-0.0065,-0.0044,1.06,-1.44,336.06,-0.2299,-0.2824,9.9092,9.9159,P003_Weight_Stack_Seated_Leg_Extension_Releasing_Too_Fast_2_02.csv
3,4,2,5,2,28.674,28674,-0.28,-0.33,9.94,9.9494,0.0011,0.0033,-0.0022,1.06,-1.44,336.06,-0.2365,-0.2886,9.9133,9.9203,P003_Weight_Stack_Seated_Leg_Extension_Releasing_Too_Fast_2_02.csv
3,4,2,5,2,28.806,28806,-0.23,-0.34,9.8,9.8086,0.0022,-0.0044,-0.0033,1.06,-1.44,336.06,-0.2357,-0.2954,9.8983,9.9056,P003_Weight_Stack_Seated_Leg_Extension_Releasing_Too_Fast_2_02.csv
3,4,2,5,2,28.942,28942,-0.41,-0.42,9.89,9.9074,0.0044,-0.0076,0.0098,1.06,-1.44,336.06,-0.2586,-0.3118,9.8972,9.9055,P003_Weight_Stack_Seated_Leg_Extension_Releasing_Too_Fast_2_02.csv
3,4,2,5,2,29.072,29072,-0.25,-0.36,9.67,9.6799,0.0033,0.0011,-0.0011,1.06,-1.44,336.06,-0.2575,-0.3182,9.8673,9.8758,P003_Weight_Stack_Seated_Leg_Extension_Releasing_Too_Fast_2_02.csv
3,4,2,5,2,29.203,29203,-0.24,-0.22,9.63,9.6355,0.0,-0.0044,0.0011,1.06,-1.44,336.06,-0.2552,-0.3052,9.836,9.8441,P003_Weight_Stack_Seated_Leg_Extension_Releasing_Too_Fast_2_02.csv
3,4,2,5,2,29.333,29333,-0.24,-0.37,9.82,9.8299,0.0033,0.0011,0.0,1.13,-1.5,336.06,-0.2532,-0.3138,9.8339,9.8422,P003_Weight_Stack_Seated_Leg_Extension_Releasing_Too_Fast_2_02.csv
3,4,2,5,2,29.463,29463,-0.13,-0.21,9.7,9.7031,-0.0011,-0.0044,-0.0011,1.13,-1.5,336.06,-0.237,-0.3001,9.8163,9.8237,P003_Weight_Stack_Seated_Leg_Extension_Releasing_Too_Fast_2_02.csv
3,4,2,5,2,29.636,29636,-0.23,-0.26,9.36,9.3664,-0.0022,-0.0011,-0.0044,1.13,-1.5,336.06,-0.236,-0.2948,9.7561,9.7635,P003_Weight_Stack_Seated_Leg_Extension_Releasing_Too_Fast_2_02.csv
3,4,2,5,2,29.768,29768,-0.16,-0.38,9.96,9.9685,-0.0011,0.0011,0.0011,1.13,-1.5,336.06,-0.226,-0.306,9.783,9.7904,P003_Weight_Stack_Seated_Leg_Extension_Releasing_Too_Fast_2_02.csv
3,4,2,5,2,29.898,29898,-0.3,-0.35,9.48,9.4912,-0.0011,0.0033,0.0033,1.13,-1.5,336.06,-0.2358,-0.3118,9.7431,9.7509,P003_Weight_Stack_Seated_Leg_Extension_Releasing_Too_Fast_2_02.csv
3,4,2,5,2,30.028,30028,-0.25,-0.28,9.33,9.3375,-0.0033,0.0011,-0.0044,1.19,-1.56,336.0,-0.2376,-0.3076,9.6886,9.6964,P003_Weight_Stack_Seated_Leg_Extension_Releasing_Too_Fast_2_02.csv
3,4,2,5,2,30.164,30164,-0.27,-0.34,10.28,10.2892,-0.0044,0.0033,0.0044,1.19,-1.56,336.0,-0.2419,-0.3119,9.7666,9.7745,P003_Weight_Stack_Seated_Leg_Extension_Releasing_Too_Fast_2_02.csv
3,4,2,5,2,30.296,30296,-0.21,-0.2,9.75,9.7543,-0.0022,0.0022,-0.0109,1.19,-1.56,336.0,-0.2377,-0.2972,9.7644,9.7718,P003_Weight_Stack_Seated_Leg_Extension_Releasing_Too_Fast_2_02.csv
3,4,2,5,2,30.426,30426,-0.27,-0.31,9.93,9.9385,-0.0055,0.0055,-0.0022,1.19,-1.56,336.0,-0.242,-0.2988,9.7862,9.7938,P003_Weight_Stack_Seated_Leg_Extension_Releasing_Too_Fast_2_02.csv
3,4,2,5,2,30.557,30557,0.1,-0.23,9.08,9.0835,-0.0098,0.0,-0.0207,1.19,-1.56,336.0,-0.1969,-0.2898,9.6932,9.6995,P003_Weight_Stack_Seated_Leg_Extension_Releasing_Too_Fast_2_02.csv
3,4,2,5,2,30.729,30729,0.33,-0.49,9.64,9.6581,-0.0229,0.0436,-0.0175,1.06,-1.5,335.94,-0.1275,-0.3162,9.6861,9.6921,P003_Weight_Stack_Seated_Leg_Extension_Releasing_Too_Fast_2_02.csv
3,4,2,5,2,30.86,30860,-0.77,-0.26,11.43,11.4589,-0.0087,-0.0185,0.0011,1.0,-1.38,335.88,-0.2121,-0.3088,9.9159,9.923,P003_Weight_Stack_Seated_Leg_Extension_Releasing_Too_Fast_2_02.csv
3,4,2,5,2,30.993,30993,-1.03,-0.3,10.91,10.9626,-0.0316,-0.0382,0.0164,1.0,-1.38,335.88,-0.3199,-0.3076,10.0469,10.0567,P003_Weight_Stack_Seated_Leg_Extension_Releasing_Too_Fast_2_02.csv
3,4,2,5,2,31.127,31127,-0.32,-0.4,10.11,10.123,0.0098,-0.0076,-0.0044,0.94,-1.38,335.81,-0.3199,-0.3198,10.0552,10.0654,P003_Weight_Stack_Seated_Leg_Extension_Releasing_Too_Fast_2_02.csv
3,4,2,5,2,31.259,31259,-0.32,-0.26,9.68,9.6888,-0.0033,0.0065,0.0022,0.94,-1.38,335.81,-0.3199,-0.3119,10.0058,10.0158,P003_Weight_Stack_Seated_Leg_Extension_Releasing_Too_Fast_2_02.csv
3,4,2,5,2,31.389,31389,-0.17,-0.29,9.96,9.9657,-0.0011,0.0153,-0.0011,0.94,-1.38,335.81,-0.3002,-0.309,9.9998,10.009,P003_Weight_Stack_Seated_Leg_Extension_Releasing_Too_Fast_2_02.csv
3,4,2,5,2,31.519,31519,-0.26,-0.36,9.99,9.9999,-0.0044,0.012,-0.0044,0.94,-1.38,335.81,-0.2949,-0.3157,9.9985,10.0078,P003_Weight_Stack_Seated_Leg_Extension_Releasing_Too_Fast_2_02.csv
3,4,2,5,2,31.65,31650,-0.26,-0.36,9.98,9.9899,0.0033,0.0033,-0.0022,0.94,-1.38,335.81,-0.2903,-0.3216,9.996,10.0054,P003_Weight_Stack_Seated_Leg_Extension_Releasing_Too_Fast_2_02.csv
3,4,2,5,2,31.823,31823,-0.26,-0.36,9.79,9.8001,-0.0033,-0.0022,-0.0033,0.94,-1.44,335.81,-0.2863,-0.3266,9.9689,9.9783,P003_Weight_Stack_Seated_Leg_Extension_Releasing_Too_Fast_2_02.csv
3,4,2,5,2,31.954,31954,-0.29,-0.35,9.81,9.8205,0.0022,0.0,0.0,1.0,-1.44,335.88,-0.2868,-0.3297,9.948,9.9575,P003_Weight_Stack_Seated_Leg_Extension_Releasing_Too_Fast_2_02.csv
3,4,2,5,2,32.084,32084,-0.21,-0.31,10.01,10.017,0.0,0.0065,0.0,1.0,-1.44,335.88,-0.2767,-0.3271,9.9561,9.9653,P003_Weight_Stack_Seated_Leg_Extension_Releasing_Too_Fast_2_02.csv
3,4,2,5,2,32.217,32217,-0.18,-0.31,10.11,10.1164,0.0011,0.0,0.0011,1.0,-1.44,335.88,-0.2639,-0.3249,9.9764,9.9852,P003_Weight_Stack_Seated_Leg_Extension_Releasing_Too_Fast_2_02.csv
3,4,2,5,2,32.351,32351,-0.32,-0.3,9.9,9.9097,0.0022,-0.0076,0.0011,1.0,-1.44,335.88,-0.2713,-0.3216,9.9663,9.9752,P003_Weight_Stack_Seated_Leg_Extension_Releasing_Too_Fast_2_02.csv
3,4,2,5,2,32.482,32482,-0.17,0.24,9.72,9.7244,-0.0131,0.0196,-0.0109,1.0,-1.44,335.81,-0.258,-0.2476,9.9339,9.9403,P003_Weight_Stack_Seated_Leg_Extension_Releasing_Too_Fast_2_02.csv
3,4,2,5,2,32.612,32612,-0.23,-0.37,9.75,9.7597,0.0033,-0.0065,-0.0044,1.06,-1.5,335.81,-0.2543,-0.2637,9.9096,9.9164,P003_Weight_Stack_Seated_Leg_Extension_Releasing_Too_Fast_2_02.csv
3,4,2,5,2,32.744,32744,-0.26,-0.45,9.81,9.8238,0.0022,-0.0044,-0.0011,1.06,-1.5,335.81,-0.255,-0.2883,9.8965,9.904,P003_Weight_Stack_Seated_Leg_Extension_Releasing_Too_Fast_2_02.csv
3,4,2,5,2,32.922,32922,-0.37,-0.28,9.17,9.1817,-0.0022,0.0,0.0,1.06,-1.5,335.81,-0.2702,-0.2872,9.8008,9.8087,P003_Weight_Stack_Seated_Leg_Extension_Releasing_Too_Fast_2_02.csv
3,4,2,5,2,33.054,33054,-0.18,-0.37,9.35,9.359,-0.0033,0.0022,-0.0011,1.06,-1.5,335.81,-0.2583,-0.2981,9.7414,9.7494,P003_Weight_Stack_Seated_Leg_Extension_Releasing_Too_Fast_2_02.csv
3,4,2,5,2,33.184,33184,-0.15,-0.3,9.92,9.9257,-0.0087,0.0011,-0.0142,1.06,-1.5,335.81,-0.244,-0.2983,9.7649,9.7725,P003_Weight_Stack_Seated_Leg_Extension_Releasing_Too_Fast_2_02.csv
3,4,2,5,2,33.314,33314,-0.3,-0.4,10.0,10.0125,-0.0044,-0.0033,0.0022,1.06,-1.5,335.81,-0.2514,-0.3117,9.7959,9.8041,P003_Weight_Stack_Seated_Leg_Extension_Releasing_Too_Fast_2_02.csv
3,4,2,5,2,33.445,33445,-0.09,-0.31,9.68,9.6854,-0.0022,-0.0022,0.0,1.06,-1.5,335.81,-0.2301,-0.3115,9.7806,9.7883,P003_Weight_Stack_Seated_Leg_Extension_Releasing_Too_Fast_2_02.csv
3,4,2,5,2,33.575,33575,-0.32,-0.3,9.67,9.6799,-0.0044,-0.0011,-0.0033,1.06,-1.5,335.81,-0.242,-0.31,9.766,9.774,P003_Weight_Stack_Seated_Leg_Extension_Releasing_Too_Fast_2_02.csv
3,4,2,5,2,33.706,33706,-0.18,-0.29,8.67,8.6767,-0.0044,0.0011,-0.0033,1.06,-1.5,335.81,-0.2338,-0.3074,9.6216,9.6294,P003_Weight_Stack_Seated_Leg_Extension_Releasing_Too_Fast_2_02.csv
3,4,2,5,2,33.836,33836,-0.13,-0.47,8.92,8.9333,-0.0131,0.0109,-0.0011,1.13,-1.5,335.81,-0.2201,-0.3288,9.5292,9.5374,P003_Weight_Stack_Seated_Leg_Extension_Releasing_Too_Fast_2_02.csv
3,5,2,5,2,34.009,34009,-0.12,-0.64,10.0,10.0212,-0.012,0.0109,-0.0055,1.0,-1.38,335.81,-0.2069,-0.3698,9.5912,9.6006,P003_Weight_Stack_Seated_Leg_Extension_Releasing_Too_Fast_2_02.csv
3,5,2,5,2,34.139,34139,-0.02,-0.38,11.63,11.6362,-0.0011,0.0109,-0.0218,1.0,-1.31,335.75,-0.1823,-0.3711,9.8599,9.8685,P003_Weight_Stack_Seated_Leg_Extension_Releasing_Too_Fast_2_02.csv
3,5,2,5,2,34.273,34273,-0.62,-0.37,9.82,9.8465,-0.0055,-0.0044,0.0142,1.0,-1.31,335.69,-0.24,-0.371,9.8546,9.8645,P003_Weight_Stack_Seated_Leg_Extension_Releasing_Too_Fast_2_02.csv
3,5,2,5,2,34.407,34407,-0.49,-0.39,9.45,9.4707,-0.0098,0.0098,0.0,1.0,-1.31,335.75,-0.2729,-0.3735,9.8013,9.8122,P003_Weight_Stack_Seated_Leg_Extension_Releasing_Too_Fast_2_02.csv
3,5,2,5,2,34.538,34538,-0.22,-0.27,9.58,9.5863,0.0065,-0.0022,0.0,1.0,-1.31,335.69,-0.266,-0.3599,9.7721,9.7824,P003_Weight_Stack_Seated_Leg_Extension_Releasing_Too_Fast_2_02.csv
3,5,2,5,2,34.668,34668,-0.18,-0.25,9.82,9.8248,-0.0033,0.0022,0.0011,1.0,-1.31,335.69,-0.2546,-0.3454,9.7784,9.7879,P003_Weight_Stack_Seated_Leg_Extension_Releasing_Too_Fast_2_02.csv
3,5,2,5,2,34.798,34798,-0.22,-0.26,9.74,9.746,-0.0044,-0.0033,-0.0022,1.0,-1.38,335.69,-0.2501,-0.3341,9.7734,9.7823,P003_Weight_Stack_Seated_Leg_Extension_Releasing_Too_Fast_2_02.csv
3,5,2,5,2,34.929,34929,-0.33,-0.33,9.77,9.7811,-0.0065,-0.0022,-0.0011,1.0,-1.38,335.69,-0.2606,-0.3336,9.7729,9.7821,P003_Weight_Stack_Seated_Leg_Extension_Releasing_Too_Fast_2_02.csv
3,5,2,5,2,35.102,35102,-0.25,-0.31,9.99,9.9979,-0.0044,-0.0044,0.0,1.06,-1.38,335.69,-0.2592,-0.3305,9.8015,9.8105,P003_Weight_Stack_Seated_Leg_Extension_Releasing_Too_Fast_2_02.csv
3,5,2,5,2,35.238,35238,-0.29,-0.33,10.25,10.2594,0.0,0.0022,-0.0044,1.06,-1.38,335.69,-0.2633,-0.3304,9.8606,9.8697,P003_Weight_Stack_Seated_Leg_Extension_Releasing_Too_Fast_2_02.csv
3,5,2,5,2,35.37,35370,-0.14,-0.31,10.28,10.2856,0.0011,-0.0055,0.0033,1.06,-1.38,335.69,-0.247,-0.3277,9.9159,9.9244,P003_Weight_Stack_Seated_Leg_Extension_Releasing_Too_Fast_2_02.csv
3,5,2,5,2,35.5,35500,-0.21,-0.29,9.82,9.8265,0.0044,-0.0044,0.0022,1.06,-1.38,335.69,-0.2421,-0.3228,9.9033,9.9115,P003_Weight_Stack_Seated_Leg_Extension_Releasing_Too_Fast_2_02.csv
3,5,2,5,2,35.631,35631,-0.31,-0.26,9.7,9.7084,-0.0033,-0.0098,-0.0022,1.06,-1.44,335.69,-0.2511,-0.3145,9.8765,9.8847,P003_Weight_Stack_Seated_Leg_Extension_Releasing_Too_Fast_2_02.csv
3,5,2,5,2,35.761,35761,-0.38,-0.2,9.48,9.4897,0.0,-0.0098,0.0055,1.13,-1.44,335.69,-0.2681,-0.2994,9.8242,9.8324,P003_Weight_Stack_Seated_Leg_Extension_Releasing_Too_Fast_2_02.csv
3,5,2,5,2,35.891,35891,-0.33,-0.27,9.47,9.4796,-0.0011,0.0,-0.0011,1.13,-1.44,335.69,-0.2762,-0.2955,9.7775,9.7859,P003_Weight_Stack_Seated_Leg_Extension_Releasing_Too_Fast_2_02.csv
3,5,2,5,2,36.022,36022,-0.15,-0.28,9.72,9.7252,-0.0011,0.0011,-0.012,1.13,-1.44,335.69,-0.2596,-0.2935,9.77,9.7778,P003_Weight_Stack_Seated_Leg_Extension_Releasing_Too_Fast_2_02.csv
3,5,2,5,2,36.196,36196,-0.25,-0.31,9.7,9.7082,-0.0011,0.0011,-0.0011,1.13,-1.44,335.69,-0.2583,-0.2957,9.7607,9.7686,P003_Weight_Stack_Seated_Leg_Extension_Releasing_Too_Fast_2_02.csv
3,5,2,5,2,36.332,36332,-0.34,-0.37,9.72,9.733,-0.0044,0.0011,0.0022,1.13,-1.44,335.69,-0.2691,-0.3055,9.7554,9.7639,P003_Weight_Stack_Seated_Leg_Extension_Releasing_Too_Fast_2_02.csv
3,5,2,5,2,36.463,36463,-0.24,-0.31,9.73,9.7379,-0.0011,0.0011,-0.0044,1.13,-1.44,335.69,-0.2653,-0.3061,9.752,9.7604,P003_Weight_Stack_Seated_Leg_Extension_Releasing_Too_Fast_2_02.csv
3,5,2,5,2,36.593,36593,-0.21,-0.33,8.57,8.5789,-0.0011,0.0011,0.0055,1.13,-1.44,335.69,-0.258,-0.3092,9.5963,9.6047,P003_Weight_Stack_Seated_Leg_Extension_Releasing_Too_Fast_2_02.csv
3,5,2,5,2,36.724,36724,-0.18,-0.28,8.43,8.4366,-0.0076,0.0044,0.0065,1.13,-1.44,335.69,-0.2477,-0.3054,9.4426,9.4508,P003_Weight_Stack_Seated_Leg_Extension_Releasing_Too_Fast_2_02.csv
3,5,2,5,2,36.854,36854,0.72,-0.96,9.82,9.893,-0.0251,0.0273,-0.0327,1.06,-1.38,335.63,-0.1202,-0.3916,9.4923,9.5012,P003_Weight_Stack_Seated_Leg_Extension_Releasing_Too_Fast_2_02.csv
3,5,2,5,2,36.984,36984,-0.64,0.02,11.08,11.0985,-0.0153,-0.0262,0.0262,1.06,-1.31,335.56,-0.1887,-0.3374,9.7015,9.7092,P003_Weight_Stack_Seated_Leg_Extension_Releasing_Too_Fast_2_02.csv
3,5,2,5,2,37.115,37115,0.18,-0.18,11.01,11.0129,-0.0033,0.0185,-0.0076,1.0,-1.25,335.56,-0.1401,-0.3166,9.874,9.88,P003_Weight_Stack_Seated_Leg_Extension_Releasing_Too_Fast_2_02.csv
3,5,2,5,2,37.29,37290,-0.74,-0.09,9.54,9.5691,0.0011,0.0022,-0.0011,1.0,-1.25,335.5,-0.2192,-0.2868,9.83,9.8366,P003_Weight_Stack_Seated_Leg_Extension_Releasing_Too_Fast_2_02.csv
3,5,2,5,2,37.422,37422,-0.26,-0.39,9.84,9.8512,-0.0011,-0.0022,0.0,1.0,-1.25,335.5,-0.2245,-0.3004,9.8313,9.8384,P003_Weight_Stack_Seated_Leg_Extension_Releasing_Too_Fast_2_02.csv
3,5,2,5,2,37.555,37555,-0.18,-0.2,9.81,9.8137,-0.0044,0.0,-0.0044,1.0,-1.25,335.5,-0.2187,-0.2872,9.8285,9.8351,P003_Weight_Stack_Seated_Leg_Extension_Releasing_Too_Fast_2_02.csv
3,5,2,5,2,37.686,37686,-0.22,-0.23,9.78,9.7852,-0.0055,-0.0044,-0.0011,1.0,-1.25,335.5,-0.2188,-0.2796,9.8221,9.8285,P003_Weight_Stack_Seated_Leg_Extension_Releasing_Too_Fast_2_02.csv
3,5,2,5,2,37.817,37817,-0.34,-0.3,10.07,10.0802,-0.0011,-0.0065,0.0,1.0,-1.25,335.5,-0.2348,-0.2823,9.8548,9.8616,P003_Weight_Stack_Seated_Leg_Extension_Releasing_Too_Fast_2_02.csv
3,5,2,5,2,37.947,37947,-0.2,-0.31,9.99,9.9968,-0.0065,-0.0022,0.0044,1.0,-1.25,335.5,-0.2302,-0.286,9.8726,9.8794,P003_Weight_Stack_Seated_Leg_Extension_Releasing_Too_Fast_2_02.csv
3,5,2,5,2,38.077,38077,-0.23,-0.3,9.91,9.9172,-0.0011,-0.0055,0.0033,1.0,-1.25,335.5,-0.2302,-0.2878,9.8775,9.8844,P003_Weight_Stack_Seated_Leg_Extension_Releasing_Too_Fast_2_02.csv
3,5,2,5,2,38.208,38208,-0.25,-0.28,9.89,9.8971,-0.0011,0.0011,0.0,1.0,-1.25,335.5,-0.2328,-0.2868,9.8792,9.8861,P003_Weight_Stack_Seated_Leg_Extension_Releasing_Too_Fast_2_02.csv
3,5,2,5,2,38.38,38380,-0.24,-0.25,9.72,9.7262,0.0011,-0.0022,-0.0011,1.0,-1.25,335.5,-0.2338,-0.2819,9.8582,9.865,P003_Weight_Stack_Seated_Leg_Extension_Releasing_Too_Fast_2_02.csv
3,5,2,5,2,38.51,38510,-0.29,-0.35,9.82,9.8305,-0.0022,0.0153,-0.0011,1.0,-1.25,335.5,-0.2412,-0.2909,9.8531,9.8604,P003_Weight_Stack_Seated_Leg_Extension_Releasing_Too_Fast_2_02.csv
3,5,2,5,2,38.64,38640,-0.35,-0.09,10.26,10.2664,0.0,-0.0055,-0.0055,1.0,-1.25,335.5,-0.2555,-0.2644,9.9068,9.9136,P003_Weight_Stack_Seated_Leg_Extension_Releasing_Too_Fast_2_02.csv
3,5,2,5,2,38.77,38770,-0.25,-0.09,9.6,9.6037,-0.0087,-0.0033,-0.0022,1.0,-1.25,335.5,-0.2548,-0.2414,9.8663,9.8726,P003_Weight_Stack_Seated_Leg_Extension_Releasing_Too_Fast_2_02.csv
3,5,2,5,2,38.9,38900,-0.29,-0.31,9.34,9.3496,-0.0011,-0.0022,0.0055,1.0,-1.25,335.5,-0.2594,-0.2505,9.797,9.8036,P003_Weight_Stack_Seated_Leg_Extension_Releasing_Too_Fast_2_02.csv
3,5,2,5,2,39.03,39030,-0.21,-0.25,9.37,9.3757,0.0,-0.0033,-0.0044,1.0,-1.25,335.5,-0.2529,-0.2504,9.7407,9.7472,P003_Weight_Stack_Seated_Leg_Extension_Releasing_Too_Fast_2_02.csv
3,5,2,5,2,39.16,39160,-0.25,-0.36,9.8,9.8098,-0.0033,-0.0011,-0.0011,1.06,-1.25,335.5,-0.2525,-0.2649,9.7485,9.7554,P003_Weight_Stack_Seated_Leg_Extension_Releasing_Too_Fast_2_02.csv
3,5,2,5,2,39.29,39290,-0.3,-0.31,10.03,10.0393,-0.0055,0.0022,-0.012,1.06,-1.31,335.5,-0.2588,-0.2708,9.7856,9.7928,P003_Weight_Stack_Seated_Leg_Extension_Releasing_Too_Fast_2_02.csv
3,5,2,5,2,39.463,39463,-0.29,-0.29,9.67,9.6787,-0.0022,0.0,-0.0055,1.06,-1.31,335.5,-0.2629,-0.2733,9.7704,9.7777,P003_Weight_Stack_Seated_Leg_Extension_Releasing_Too_Fast_2_02.csv
3,5,2,5,2,39.593,39593,-0.29,-0.34,9.65,9.6603,-0.0022,0.0,0.0055,1.06,-1.38,335.5,-0.2665,-0.2821,9.7545,9.7622,P003_Weight_Stack_Seated_Leg_Extension_Releasing_Too_Fast_2_02.csv
3,5,2,5,2,39.723,39723,-0.24,-0.35,9.27,9.2797,-0.0033,0.0033,-0.0055,1.13,-1.38,335.5,-0.263,-0.2911,9.6907,9.6986,P003_Weight_Stack_Seated_Leg_Extension_Releasing_Too_Fast_2_02.csv
3,5,2,5,2,39.854,39854,-0.21,-0.24,8.11,8.1163,-0.0065,0.0044,-0.0011,1.13,-1.44,335.5,-0.256,-0.2843,9.4824,9.4901,P003_Weight_Stack_Seated_Leg_Extension_Releasing_Too_Fast_2_02.csv
3,5,2,5,2,39.985,39985,-0.36,-0.37,9.14,9.1546,-0.0065,0.0295,0.0011,1.13,-1.44,335.5,-0.2697,-0.2956,9.4373,9.4457,P003_Weight_Stack_Seated_Leg_Extension_Releasing_Too_Fast_2_02.csv
3,5,2,5,2,40.115,40115,-0.63,-0.63,9.88,9.9201,-0.0076,0.0011,0.0087,1.13,-1.31,335.44,-0.3172,-0.3397,9.4956,9.507,P003_Weight_Stack_Seated_Leg_Extension_Releasing_Too_Fast_2_02.csv
3,5,2,5,2,40.246,40246,0.68,-0.88,18.25,18.2839,-0.0491,-0.0131,0.0349,1.06,-1.25,335.38,-0.1858,-0.4109,10.6492,10.6588,P003_Weight_Stack_Seated_Leg_Extension_Releasing_Too_Fast_2_02.csv
3,6,2,5,2,40.377,40377,-0.63,1.95,9.51,9.7283,-0.0949,0.0545,-0.1167,1.06,-1.25,335.38,-0.2443,-0.0998,10.4991,10.5024,P003_Weight_Stack_Seated_Leg_Extension_Releasing_Too_Fast_2_02.csv
3,6,2,5,2,40.553,40553,-0.51,-0.08,10.5,10.5127,0.0022,-0.0055,-0.0033,1.13,-1.25,335.31,-0.2793,-0.0972,10.4992,10.5034,P003_Weight_Stack_Seated_Leg_Extension_Releasing_Too_Fast_2_02.csv
3,6,2,5,2,40.684,40684,-0.27,-0.19,9.66,9.6656,-0.0065,-0.0022,0.0022,1.13,-1.25,335.31,-0.2781,-0.1094,10.3886,10.3929,P003_Weight_Stack_Seated_Leg_Extension_Releasing_Too_Fast_2_02.csv
3,6,2,5,2,40.815,40815,-0.52,-0.24,9.68,9.6969,-0.0055,0.0055,0.0044,1.13,-1.25,335.31,-0.31,-0.1266,10.2952,10.3007,P003_Weight_Stack_Seated_Leg_Extension_Releasing_Too_Fast_2_02.csv
3,6,2,5,2,40.945,40945,-0.22,-0.24,10.15,10.1552,-0.0044,0.0076,-0.0076,1.13,-1.25,335.31,-0.2981,-0.1416,10.2761,10.2814,P003_Weight_Stack_Seated_Leg_Extension_Releasing_Too_Fast_2_02.csv
3,6,2,5,2,41.075,41075,-0.31,-0.27,9.81,9.8186,-0.0011,-0.0022,0.0011,1.13,-1.25,335.31,-0.2997,-0.1585,10.2147,10.2203,P003_Weight_Stack_Seated_Leg_Extension_Releasing_Too_Fast_2_02.csv
3,6,2,5,2,41.206,41206,-0.3,-0.27,9.78,9.7883,0.0011,-0.0022,0.0,1.13,-1.31,335.31,-0.2997,-0.1732,10.1574,10.1633,P003_Weight_Stack_Seated_Leg_Extension_Releasing_Too_Fast_2_02.csv
3,6,2,5,2,41.336,41336,-0.32,-0.33,10.61,10.62,0.0055,-0.0055,0.0,1.13,-1.31,335.31,-0.3024,-0.1938,10.217,10.2234,P003_Weight_Stack_Seated_Leg_Extension_Releasing_Too_Fast_2_02.csv
3,6,2,5,2,41.466,41466,-0.26,-0.33,9.94,9.9489,0.0,-0.0033,-0.0011,1.13,-1.31,335.31,-0.2968,-0.2118,10.1805,10.1871,P003_Weight_Stack_Seated_Leg_Extension_Releasing_Too_Fast_2_02.csv
3,6,2,5,2,41.639,41639,0.03,-0.35,9.93,9.9362,0.0,-0.0175,-0.0131,1.19,-1.31,335.31,-0.2537,-0.23,10.1475,10.1533,P003_Weight_Stack_Seated_Leg_Extension_Releasing_Too_Fast_2_02.csv
3,6,2,5,2,41.771,41771,-0.45,-0.6,8.83,8.8618,0.0196,-0.0305,-0.0011,1.25,-1.38,335.31,-0.2796,-0.2788,9.9739,9.9817,P003_Weight_Stack_Seated_Leg_Extension_Releasing_Too_Fast_2_02.csv
3,6,2,5,2,41.907,41907,-0.24,-0.4,10.14,10.1507,-0.0055,0.0076,0.0044,1.25,-1.31,335.31,-0.2744,-0.2947,9.9958,10.0039,P003_Weight_Stack_Seated_Leg_Extension_Releasing_Too_Fast_2_02.csv
3,6,2,5,2,42.038,42038,-0.15,-0.31,9.08,9.0865,-0.0022,0.0,-0.0022,1.25,-1.31,335.31,-0.258,-0.2967,9.8751,9.8829,P003_Weight_Stack_Seated_Leg_Extension_Releasing_Too_Fast_2_02.csv
3,6,2,5,2,42.168,42168,-0.34,-0.37,9.47,9.4833,-0.0065,0.0022,0.012,1.25,-1.38,335.31,-0.2688,-0.3064,9.8217,9.8302,P003_Weight_Stack_Seated_Leg_Extension_Releasing_Too_Fast_2_02.csv
3,6,2,5,2,42.298,42298,-0.22,-0.28,9.8,9.8065,-0.0055,0.0022,-0.0065,1.25,-1.38,335.31,-0.2624,-0.3029,9.8189,9.827,P003_Weight_Stack_Seated_Leg_Extension_Releasing_Too_Fast_2_02.csv
3,6,2,5,2,42.429,42429,-0.28,-0.43,9.75,9.7635,-0.0011,0.0,0.0087,1.25,-1.38,335.25,-0.2647,-0.3197,9.8098,9.8186,P003_Weight_Stack_Seated_Leg_Extension_Releasing_Too_Fast_2_02.csv
3,6,2,5,2,42.559,42559,-0.28,-0.37,9.05,9.0619,-0.0022,-0.0011,-0.0087,1.25,-1.38,335.25,-0.2667,-0.3263,9.7097,9.7188,P003_Weight_Stack_Seated_Leg_Extension_Releasing_Too_Fast_2_02.csv
3,6,2,5,2,42.732,42732,-0.4,-0.48,8.58,8.6027,-0.0044,0.0,0.0044,1.25,-1.38,335.25,-0.2843,-0.3466,9.5608,9.5713,P003_Weight_Stack_Seated_Leg_Extension_Releasing_Too_Fast_2_02.csv
3,6,2,5,2,42.862,42862,-0.26,0.3,9.3,9.3085,-0.0218,-0.0142,-0.0262,1.19,-1.31,335.19,-0.2811,-0.2614,9.5264,9.5342,P003_Weight_Stack_Seated_Leg_Extension_Releasing_Too_Fast_2_02.csv
3,6,2,5,2,42.993,42993,-0.83,-0.94,9.52,9.6022,-0.0022,-0.0142,0.0185,1.19,-1.25,335.19,-0.3534,-0.3508,9.5256,9.5386,P003_Weight_Stack_Seated_Leg_Extension_Releasing_Too_Fast_2_02.csv
3,6,2,5,2,43.129,43129,-0.12,-0.51,9.07,9.0851,0.0262,0.024,0.0873,1.13,-1.25,335.25,-0.3227,-0.3718,9.4656,9.4783,P003_Weight_Stack_Seated_Leg_Extension_Releasing_Too_Fast_2_02.csv
3,6,2,5,2,43.261,43261,-1.01,1.92,9.85,10.0861,0.0175,0.0316,-0.0513,1.13,-1.13,335.06,-0.4132,-0.0698,9.5162,9.5254,P003_Weight_Stack_Seated_Leg_Extension_Releasing_Too_Fast_2_02.csv
3,6,2,5,2,43.391,43391,0.01,-0.24,8.43,8.4334,0.0033,-0.0065,-0.0033,1.13,-1.19,335.06,-0.3575,-0.0922,9.3731,9.3803,P003_Weight_Stack_Seated_Leg_Extension_Releasing_Too_Fast_2_02.csv
3,6,2,5,2,43.522,43522,-0.29,-0.37,9.89,9.9012,-0.0109,-0.0044,-0.0065,1.13,-1.13,335.06,-0.3486,-0.1288,9.4412,9.4485,P003_Weight_Stack_Seated_Leg_Extension_Releasing_Too_Fast_2_02.csv
3,6,2,5,2,43.652,43652,-0.33,-0.39,10.19,10.2028,-0.0011,-0.0022,0.0033,1.13,-1.19,335.06,-0.3461,-0.1632,9.5399,9.5475,P003_Weight_Stack_Seated_Leg_Extension_Releasing_Too_Fast_2_02.csv
3,6,2,5,2,43.825,43825,-0.22,-0.32,10.19,10.1974,-0.0022,0.0,-0.0055,1.13,-1.19,335.06,-0.3295,-0.1839,9.6255,9.6329,P003_Weight_Stack_Seated_Leg_Extension_Releasing_Too_Fast_2_02.csv
3,6,2,5,2,43.959,43959,-0.19,-0.36,10.17,10.1781,0.0,0.0011,0.0022,1.13,-1.19,335.06,-0.3111,-0.2071,9.6973,9.7045,P003_Weight_Stack_Seated_Leg_Extension_Releasing_Too_Fast_2_02.csv
3,6,2,5,2,44.093,44093,-0.21,-0.3,9.98,9.9867,0.0011,-0.0011,0.0022,1.13,-1.19,335.06,-0.2978,-0.2193,9.7345,9.7416,P003_Weight_Stack_Seated_Leg_Extension_Releasing_Too_Fast_2_02.csv
3,6,2,5,2,44.224,44224,-0.32,-0.24,9.83,9.8381,0.0044,0.0055,-0.0011,1.13,-1.19,335.06,-0.3007,-0.2221,9.7471,9.7543,P003_Weight_Stack_Seated_Leg_Extension_Releasing_Too_Fast_2_02.csv
3,6,2,5,2,44.354,44354,-0.18,-0.31,9.84,9.8465,-0.0033,-0.0076,0.0022,1.19,-1.25,335.06,-0.2848,-0.2336,9.7594,9.7663,P003_Weight_Stack_Seated_Leg_Extension_Releasing_Too_Fast_2_02.csv
3,6,2,5,2,44.485,44485,-0.26,-0.38,9.7,9.7109,0.0022,-0.0076,-0.0033,1.19,-1.25,335.06,-0.2815,-0.2529,9.7515,9.7589,P003_Weight_Stack_Seated_Leg_Extension_Releasing_Too_Fast_2_02.csv
3,6,2,5,2,44.615,44615,-0.28,-0.38,9.68,9.6915,0.0,-0.0033,0.0022,1.19,-1.25,335.06,-0.2813,-0.2697,9.7421,9.7499,P003_Weight_Stack_Seated_Leg_Extension_Releasing_Too_Fast_2_02.csv
3,6,2,5,2,44.745,44745,-0.28,-0.28,9.65,9.6581,-0.0033,-0.0022,-0.0055,1.19,-1.25,335.06,-0.2812,-0.271,9.73,9.7378,P003_Weight_Stack_Seated_Leg_Extension_Releasing_Too_Fast_2_02.csv
3,6,2,5,2,44.918,44918,-0.26,-0.4,9.32,9.3322,-0.0022,0.0022,0.0087,1.19,-1.25,335.06,-0.2784,-0.288,9.6759,9.6842,P003_Weight_Stack_Seated_Leg_Extension_Releasing_Too_Fast_2_02.csv
3,6,2,5,2,45.049,45049,-0.33,-0.29,9.72,9.7299,0.0,-0.0033,-0.0044,1.19,-1.25,335.06,-0.2852,-0.2883,9.6818,9.6902,P003_Weight_Stack_Seated_Leg_Extension_Releasing_Too_Fast_2_02.csv
3,6,2,5,2,45.184,45184,-0.2,-0.32,9.7,9.7073,-0.0022,0.0022,0.0065,1.19,-1.25,335.06,-0.274,-0.2925,9.6842,9.6924,P003_Weight_Stack_Seated_Leg_Extension_Releasing_Too_Fast_2_02.csv
3,6,2,5,2,45.317,45317,-0.29,-0.33,9.8,9.8098,-0.0044,-0.0033,0.0044,1.19,-1.25,335.06,-0.2761,-0.2974,9.6994,9.7079,P003_Weight_Stack_Seated_Leg_Extension_Releasing_Too_Fast_2_02.csv
3,6,2,5,2,45.447,45447,-0.31,-0.36,9.78,9.7915,-0.0011,-0.0055,0.0022,1.19,-1.25,335.06,-0.2805,-0.3057,9.71,9.7189,P003_Weight_Stack_Seated_Leg_Extension_Releasing_Too_Fast_2_02.csv
3,6,2,5,2,45.577,45577,-0.29,-0.25,9.6,9.6076,-0.0044,-0.0022,-0.0044,1.19,-1.25,335.06,-0.2818,-0.2983,9.6955,9.7042,P003_Weight_Stack_Seated_Leg_Extension_Releasing_Too_Fast_2_02.csv
3,6,2,5,2,45.708,45708,-0.21,-0.28,8.89,8.8969,-0.0076,0.0033,0.0033,1.19,-1.25,335.06,-0.2723,-0.2959,9.5894,9.5978,P003_Weight_Stack_Seated_Leg_Extension_Releasing_Too_Fast_2_02.csv
3,6,2,5,2,45.838,45838,-0.47,0.28,9.26,9.2761,-0.0098,0.0109,-0.0087,1.19,-1.25,335.0,-0.2984,-0.22,9.546,9.5532,P003_Weight_Stack_Seated_Leg_Extension_Releasing_Too_Fast_2_02.csv
3,6,2,5,2,46.011,46011,-0.32,-0.22,9.81,9.8177,-0.0142,0.0207,-0.0109,1.13,-1.19,335.0,-0.3012,-0.22,9.5808,9.588,P003_Weight_Stack_Seated_Leg_Extension_Releasing_Too_Fast_2_02.csv
3,6,2,5,2,46.142,46142,-0.24,-0.25,11.06,11.0654,0.0,0.0065,-0.0065,1.13,-1.13,334.94,-0.2932,-0.224,9.7757,9.7827,P003_Weight_Stack_Seated_Leg_Extension_Releasing_Too_Fast_2_02.csv
3,6,2,5,2,46.273,46273,-0.73,-0.26,10.36,10.3889,-0.0098,-0.0185,-0.012,1.06,-1.13,334.94,-0.3507,-0.2287,9.8527,9.8616,P003_Weight_Stack_Seated_Leg_Extension_Releasing_Too_Fast_2_02.csv
3,6,2,5,2,46.409,46409,-0.42,-0.17,9.92,9.9303,-0.0065,0.0033,0.0164,1.06,-1.06,334.94,-0.3599,-0.221,9.8616,9.8706,P003_Weight_Stack_Seated_Leg_Extension_Releasing_Too_Fast_2_02.csv
3,6,2,5,2,46.54,46540,-0.42,-0.17,9.6,9.6107,-0.0055,0.0065,0.0098,1.13,-1.06,334.94,-0.3678,-0.2143,9.8271,9.8363,P003_Weight_Stack_Seated_Leg_Extension_Releasing_Too_Fast_2_02.csv
3,6,2,5,2,46.67,46670,-0.18,-0.26,10.29,10.2949,-0.0011,0.0033,0.0011,1.13,-1.06,334.94,-0.343,-0.2203,9.8881,9.8965,P003_Weight_Stack_Seated_Leg_Extension_Releasing_Too_Fast_2_02.csv
3,6,2,5,2,46.801,46801,-0.24,-0.27,10.19,10.1964,-0.0022,-0.0022,0.0011,1.13,-1.06,334.94,-0.3295,-0.2268,9.9279,9.9359,P003_Weight_Stack_Seated_Leg_Extension_Releasing_Too_Fast_2_02.csv
3,6,2,5,2,46.931,46931,-0.22,-0.31,10.04,10.0472,0.0011,-0.0044,-0.0044,1.13,-1.06,334.94,-0.315,-0.2378,9.9427,9.9505,P003_Weight_Stack_Seated_Leg_Extension_Releasing_Too_Fast_2_02.csv
3,6,2,5,2,47.104,47104,-0.24,-0.35,9.86,9.8691,0.0011,-0.0033,-0.0022,1.06,-1.06,334.94,-0.3051,-0.2526,9.9318,9.9397,P003_Weight_Stack_Seated_Leg_Extension_Releasing_Too_Fast_2_02.csv
3,6,2,5,2,47.235,47235,-0.28,-0.33,9.8,9.8096,-0.0011,-0.0011,0.0044,1.06,-1.06,334.94,-0.3018,-0.2628,9.9144,9.9225,P003_Weight_Stack_Seated_Leg_Extension_Releasing_Too_Fast_2_02.csv
3,6,2,5,2,47.371,47371,-0.32,-0.36,9.92,9.9317,0.0011,-0.0011,0.0,1.06,-1.06,334.94,-0.3042,-0.2756,9.9151,9.9236,P003_Weight_Stack_Seated_Leg_Extension_Releasing_Too_Fast_2_02.csv
3,6,2,5,2,47.502,47502,-0.34,-0.28,10.21,10.2195,-0.0033,0.0011,-0.0055,1.13,-1.13,334.94,-0.3089,-0.2762,9.954,9.9626,P003_Weight_Stack_Seated_Leg_Extension_Releasing_Too_Fast_2_02.csv
3,6,2,5,2,47.633,47633,-0.2,-0.3,10.18,10.1864,-0.0033,-0.0022,-0.0011,1.13,-1.13,334.94,-0.2946,-0.2793,9.9838,9.992,P003_Weight_Stack_Seated_Leg_Extension_Releasing_Too_Fast_2_02.csv
3,6,2,5,2,47.763,47763,-0.29,-0.35,9.09,9.1014,0.0011,-0.0055,0.0022,1.13,-1.13,334.94,-0.294,-0.2886,9.866,9.8746,P003_Weight_Stack_Seated_Leg_Extension_Releasing_Too_Fast_2_02.csv
3,6,2,5,2,47.894,47894,-0.55,-0.31,9.13,9.1518,0.0011,0.0011,0.0033,1.13,-1.13,334.94,-0.3277,-0.2914,9.769,9.7789,P003_Weight_Stack_Seated_Leg_Extension_Releasing_Too_Fast_2_02.csv
3,6,2,5,2,48.024,48024,-0.23,-0.21,9.05,9.0554,-0.0044,-0.0011,-0.0011,1.13,-1.13,334.94,-0.3148,-0.2807,9.6743,9.6835,P003_Weight_Stack_Seated_Leg_Extension_Releasing_Too_Fast_2_02.csv
3,6,2,5,2,48.197,48197,-0.01,-0.25,9.83,9.8332,-0.0033,0.0011,-0.0164,1.13,-1.13,334.94,-0.2747,-0.2767,9.6948,9.7026,P003_Weight_Stack_Seated_Leg_Extension_Releasing_Too_Fast_2_02.csv
3,6,2,5,2,48.327,48327,-0.24,-0.41,9.76,9.7716,-0.0033,0.0022,0.0076,1.13,-1.19,334.94,-0.2701,-0.2942,9.7034,9.7116,P003_Weight_Stack_Seated_Leg_Extension_Releasing_Too_Fast_2_02.csv
3,6,2,5,2,48.457,48457,-0.32,-0.35,9.74,9.7515,-0.0033,0.0011,-0.0033,1.19,-1.19,334.94,-0.2767,-0.3016,9.7082,9.7168,P003_Weight_Stack_Seated_Leg_Extension_Releasing_Too_Fast_2_02.csv
3,6,2,5,2,48.587,48587,-0.2,-0.26,8.65,8.6562,-0.0011,-0.0022,-0.0065,1.19,-1.25,334.94,-0.2666,-0.2961,9.5688,9.5771,P003_Weight_Stack_Seated_Leg_Extension_Releasing_Too_Fast_2_02.csv
3,6,2,5,2,48.718,48718,-0.48,-0.3,7.89,7.9103,-0.0033,0.0011,0.0153,1.19,-1.25,334.94,-0.2947,-0.2966,9.3475,9.3569,P003_Weight_Stack_Seated_Leg_Extension_Releasing_Too_Fast_2_02.csv
3,6,2,5,2,48.849,48849,0.01,0.36,9.63,9.6367,-0.0229,0.0055,-0.0153,1.13,-1.19,334.88,-0.2545,-0.2101,9.3848,9.3906,P003_Weight_Stack_Seated_Leg_Extension_Releasing_Too_Fast_2_02.csv
3,6,2,5,2,48.979,48979,-0.5,-0.74,10.68,10.7173,-0.0055,-0.0153,0.0142,1.13,-1.13,334.81,-0.2869,-0.2799,9.5554,9.5638,P003_Weight_Stack_Seated_Leg_Extension_Releasing_Too_Fast_2_02.csv
3,6,2,5,2,49.11,49110,-2.29,-0.94,12.77,13.0077,-0.0436,-0.0076,0.0393,1.06,-1.06,334.81,-0.5508,-0.3669,9.979,10.001,P003_Weight_Stack_Seated_Leg_Extension_Releasing_Too_Fast_2_02.csv
3,6,2,5,2,49.287,49287,-0.25,-0.41,9.53,9.5421,-0.0011,-0.0087,-0.0055,1.0,-1.06,334.75,-0.5112,-0.3726,9.9199,9.94,P003_Weight_Stack_Seated_Leg_Extension_Releasing_Too_Fast_2_02.csv
3,6,2,5,2,49.418,49418,-0.66,-0.56,9.85,9.888,-0.0109,0.0284,0.0022,1.0,-1.0,334.75,-0.5308,-0.3973,9.9107,9.9328,P003_Weight_Stack_Seated_Leg_Extension_Releasing_Too_Fast_2_02.csv
3,6,2,5,2,49.548,49548,-0.31,-0.17,10.75,10.7558,0.0535,-0.0524,0.0305,1.25,-1.25,335.06,-0.5017,-0.3673,10.0213,10.0405,P003_Weight_Stack_Seated_Leg_Extension_Releasing_Too_Fast_2_02.csv
3,6,2,5,2,49.679,49679,-0.11,0.11,9.62,9.6213,-0.0022,0.0109,-0.156,1.06,-1.06,334.75,-0.4501,-0.3044,9.9684,9.9832,P003_Weight_Stack_Seated_Leg_Extension_Releasing_Too_Fast_2_02.csv
3,6,2,5,2,49.809,49809,-0.29,-0.28,9.81,9.8183,-0.0033,-0.0011,-0.0033,1.06,-1.06,334.75,-0.429,-0.3012,9.9475,9.9613,P003_Weight_Stack_Seated_Leg_Extension_Releasing_Too_Fast_2_02.csv
3,6,2,5,2,49.939,49939,-0.3,-0.14,9.21,9.2159,0.036,-0.0218,0.048,1.13,-1.13,334.81,-0.412,-0.28,9.8503,9.8629,P003_Weight_Stack_Seated_Leg_Extension_Releasing_Too_Fast_2_02.csv
3,6,2,5,2,50.07,50070,-0.3,-0.24,9.96,9.9674,0.0011,0.0022,0.0327,1.38,-1.31,334.94,-0.3972,-0.2747,9.8648,9.8766,P003_Weight_Stack_Seated_Leg_Extension_Releasing_Too_Fast_2_02.csv
3,6,2,5,2,50.2,50200,-0.2,-0.28,9.75,9.7561,-0.0196,0.012,-0.0545,1.13,-1.13,334.88,-0.3713,-0.2754,9.8497,9.8605,P003_Weight_Stack_Seated_Leg_Extension_Releasing_Too_Fast_2_02.csv
3,6,2,5,2,50.373,50373,-0.32,-0.17,9.43,9.437,0.0229,-0.0131,0.0349,1.19,-1.13,334.88,-0.3645,-0.2615,9.7944,9.8046,P003_Weight_Stack_Seated_Leg_Extension_Releasing_Too_Fast_2_02.csv
3,6,2,5,2,50.504,50504,-0.24,-0.38,9.71,9.7204,0.0,-0.0076,0.012,1.31,-1.25,334.94,-0.3481,-0.2771,9.7832,9.7934,P003_Weight_Stack_Seated_Leg_Extension_Releasing_Too_Fast_2_02.csv
3,6,2,5,2,50.634,50634,-0.27,-0.33,9.82,9.8293,-0.0065,0.0011,-0.0098,1.38,-1.31,334.94,-0.3378,-0.2841,9.7881,9.798,P003_Weight_Stack_Seated_Leg_Extension_Releasing_Too_Fast_2_02.csv
3,1,2,5,2,0.0,0,-0.51,-0.02,9.74,9.7534,-0.0044,-0.0011,0.0033,3.0,-0.25,281.06,-0.5209,-0.0116,9.7567,9.7706,P003_Weight_Stack_Seated_Leg_Extension_Releasing_Too_Fast_2_03.csv
3,1,2,5,2,0.132,132,-0.49,-0.02,9.79,9.8023,-0.0033,-0.0011,-0.0033,3.0,-0.25,281.06,-0.5169,-0.0127,9.7611,9.7748,P003_Weight_Stack_Seated_Leg_Extension_Releasing_Too_Fast_2_03.csv
3,1,2,5,2,0.268,268,-0.5,-0.04,9.77,9.7829,-0.0044,0.0011,0.0033,3.0,-0.25,281.06,-0.5146,-0.0163,9.7623,9.7759,P003_Weight_Stack_Seated_Leg_Extension_Releasing_Too_Fast_2_03.csv
3,1,2,5,2,0.399,399,-0.38,-0.09,9.93,9.9377,-0.0109,0.0415,-0.0295,2.94,0.06,281.13,-0.4969,-0.026,9.7844,9.797,P003_Weight_Stack_Seated_Leg_Extension_Releasing_Too_Fast_2_03.csv
3,1,2,5,2,0.529,529,-0.46,0.08,10.75,10.7601,0.1494,0.0436,-0.0469,2.94,-0.19,280.88,-0.492,-0.0121,9.9116,9.9238,P003_Weight_Stack_Seated_Leg_Extension_Releasing_Too_Fast_2_03.csv
3,1,2,5,2,0.659,659,-0.27,-0.23,10.7,10.7059,-0.0044,0.0065,0.0131,2.75,-0.38,280.88,-0.4628,-0.0408,10.0155,10.0263,P003_Weight_Stack_Seated_Leg_Extension_Releasing_Too_Fast_2_03.csv
3,1,2,5,2,0.79,790,-0.53,-0.06,10.28,10.2938,0.0153,0.0087,0.0055,2.75,-0.38,280.88,-0.4716,-0.0433,10.0504,10.0615,P003_Weight_Stack_Seated_Leg_Extension_Releasing_Too_Fast_2_03.csv
3,1,2,5,2,0.92,920,-0.54,0.12,9.81,9.8256,0.0065,-0.0055,0.0055,2.75,-0.38,280.88,-0.4806,-0.0218,10.0187,10.0302,P003_Weight_Stack_Seated_Leg_Extension_Releasing_Too_Fast_2_03.csv
3,1,2,5,2,1.093,1093,-0.43,0.01,9.31,9.3199,0.0098,-0.0033,-0.0011,2.81,-0.44,280.88,-0.474,-0.0176,9.9253,9.9366,P003_Weight_Stack_Seated_Leg_Extension_Releasing_Too_Fast_2_03.csv
3,1,2,5,2,1.224,1224,-0.56,-0.13,9.59,9.6072,0.0164,-0.0131,-0.0011,2.81,-0.44,280.88,-0.4853,-0.0324,9.8811,9.8931,P003_Weight_Stack_Seated_Leg_Extension_Releasing_Too_Fast_2_03.csv
3,1,2,5,2,1.354,1354,-0.46,-0.05,9.85,9.8609,0.0109,0.0109,0.0011,2.81,-0.44,280.88,-0.482,-0.0347,9.877,9.8888,P003_Weight_Stack_Seated_Leg_Extension_Releasing_Too_Fast_2_03.csv
3,1,2,5,2,1.485,1485,-0.45,-0.01,9.83,9.8403,0.012,-0.0142,-0.0055,2.81,-0.5,280.88,-0.4778,-0.0315,9.8708,9.8824,P003_Weight_Stack_Seated_Leg_Extension_Releasing_Too_Fast_2_03.csv
3,1,2,5,2,1.621,1621,-0.45,-0.02,10.3,10.3098,0.0,0.0033,-0.0033,2.88,-0.5,280.88,-0.4741,-0.03,9.9274,9.9387,P003_Weight_Stack_Seated_Leg_Extension_Releasing_Too_Fast_2_03.csv
3,1,2,5,2,1.752,1752,-0.74,-0.08,9.52,9.5491,0.012,0.0164,-0.0044,2.81,-0.56,280.88,-0.5091,-0.0366,9.8737,9.8869,P003_Weight_Stack_Seated_Leg_Extension_Releasing_Too_Fast_2_03.csv
3,1,2,5,2,1.883,1883,-0.42,-0.01,8.88,8.8899,0.0044,-0.0055,0.0033,2.81,-0.56,280.88,-0.4974,-0.0331,9.7428,9.7555,P003_Weight_Stack_Seated_Leg_Extension_Releasing_Too_Fast_2_03.csv
3,1,2,5,2,2.013,2013,-0.35,0.07,9.04,9.047,-0.0055,0.0044,-0.0076,2.88,-0.56,280.88,-0.478,-0.0195,9.6501,9.662,P003_Weight_Stack_Seated_Leg_Extension_Releasing_Too_Fast_2_03.csv
3,1,2,5,2,2.186,2186,-0.43,0.05,10.09,10.0993,-0.0033,0.0,-0.0131,2.88,-0.56,280.88,-0.4716,-0.0103,9.7081,9.7196,P003_Weight_Stack_Seated_Leg_Extension_Releasing_Too_Fast_2_03.csv
3,1,2,5,2,2.318,2318,-0.38,-0.02,10.09,10.0972,0.0011,0.0,-0.0065,2.88,-0.56,280.88,-0.4596,-0.0116,9.7584,9.7693,P003_Weight_Stack_Seated_Leg_Extension_Releasing_Too_Fast_2_03.csv
3,1,2,5,2,2.453,2453,-0.43,-0.04,9.73,9.7396,-0.0076,0.0011,0.0109,2.88,-0.56,280.88,-0.4557,-0.0153,9.7547,9.7653,P003_Weight_Stack_Seated_Leg_Extension_Releasing_Too_Fast_2_03.csv
3,1,2,5,2,2.585,2585,-0.54,0.01,8.55,8.567,-0.0011,-0.0044,-0.0011,2.88,-0.56,280.88,-0.4668,-0.012,9.5959,9.6073,P003_Weight_Stack_Seated_Leg_Extension_Releasing_Too_Fast_2_03.csv
3,1,2,5,2,2.715,2715,-0.51,0.22,8.15,8.1689,-0.0087,0.0044,-0.0033,2.88,-0.56,280.88,-0.4725,0.0186,9.4054,9.4173,P003_Weight_Stack_Seated_Leg_Extension_Releasing_Too_Fast_2_03.csv
3,2,2,5,2,2.845,2845,-0.38,-0.53,10.16,10.1809,0.0044,0.0044,0.0382,2.81,-0.5,280.94,-0.4603,-0.0537,9.5048,9.5161,P003_Weight_Stack_Seated_Leg_Extension_Releasing_Too_Fast_2_03.csv
3,2,2,5,2,2.976,2976,-0.74,-0.16,11.15,11.1757,0.0033,-0.0011,0.0033,2.81,-0.38,280.88,-0.4972,-0.0677,9.7216,9.7346,P003_Weight_Stack_Seated_Leg_Extension_Releasing_Too_Fast_2_03.csv
3,2,2,5,2,3.106,3106,-0.52,-0.08,10.39,10.4033,0.0033,0.0,-0.0022,2.75,-0.31,280.88,-0.5002,-0.0693,9.8097,9.8227,P003_Weight_Stack_Seated_Leg_Extension_Releasing_Too_Fast_2_03.csv
3,2,2,5,2,3.279,3279,-0.6,0.0,10.9,10.9165,-0.0065,-0.0131,0.0055,2.81,-0.31,280.88,-0.5133,-0.0602,9.9534,9.9668,P003_Weight_Stack_Seated_Leg_Extension_Releasing_Too_Fast_2_03.csv
3,2,2,5,2,3.409,3409,-0.55,-0.06,10.04,10.0552,0.0131,0.0033,-0.0065,2.81,-0.31,280.88,-0.5182,-0.0602,9.9648,9.9784,P003_Weight_Stack_Seated_Leg_Extension_Releasing_Too_Fast_2_03.csv
3,2,2,5,2,3.539,3539,-0.48,-0.02,10.17,10.1813,0.0055,0.0447,0.0011,2.75,-0.31,280.88,-0.5131,-0.0549,9.9918,10.0051,P003_Weight_Stack_Seated_Leg_Extension_Releasing_Too_Fast_2_03.csv
3,2,2,5,2,3.669,3669,-0.49,-0.04,9.81,9.8223,0.0109,-0.0076,-0.0044,2.69,-0.31,280.88,-0.5101,-0.0529,9.9679,9.9811,P003_Weight_Stack_Seated_Leg_Extension_Releasing_Too_Fast_2_03.csv
3,2,2,5,2,3.799,3799,-0.41,-0.03,9.94,9.9485,-0.0065,0.0055,0.0044,2.69,-0.31,280.88,-0.4969,-0.0499,9.9642,9.9767,P003_Weight_Stack_Seated_Leg_Extension_Releasing_Too_Fast_2_03.csv
3,2,2,5,2,3.929,3929,-0.36,-0.07,9.97,9.9767,0.0022,0.0,-0.0011,2.69,-0.31,280.88,-0.4789,-0.0525,9.965,9.9766,P003_Weight_Stack_Seated_Leg_Extension_Releasing_Too_Fast_2_03.csv
3,2,2,5,2,4.059,4059,-0.47,0.0,9.89,9.9012,0.0065,0.0,0.0,2.69,-0.31,280.88,-0.4777,-0.0456,9.9551,9.9666,P003_Weight_Stack_Seated_Leg_Extension_Releasing_Too_Fast_2_03.csv
3,2,2,5,2,4.189,4189,-0.5,0.02,9.27,9.2835,0.0033,-0.0087,0.0033,2.69,-0.31,280.88,-0.4806,-0.037,9.8648,9.8766,P003_Weight_Stack_Seated_Leg_Extension_Releasing_Too_Fast_2_03.csv
3,2,2,5,2,4.362,4362,-0.54,-0.07,9.95,9.9649,0.0076,-0.0044,-0.0011,2.75,-0.31,280.88,-0.4884,-0.0413,9.876,9.8882,P003_Weight_Stack_Seated_Leg_Extension_Releasing_Too_Fast_2_03.csv
3,2,2,5,2,4.495,4495,-0.52,0.0,10.17,10.1833,0.0087,-0.0076,0.0,2.75,-0.31,280.88,-0.4926,-0.0359,9.9148,9.9271,P003_Weight_Stack_Seated_Leg_Extension_Releasing_Too_Fast_2_03.csv
3,2,2,5,2,4.63,4630,-0.43,-0.09,10.14,10.1495,0.0164,0.0415,-0.0098,2.69,-0.38,280.88,-0.4844,-0.043,9.9445,9.9563,P003_Weight_Stack_Seated_Leg_Extension_Releasing_Too_Fast_2_03.csv
3,2,2,5,2,4.76,4760,-0.52,-0.04,9.62,9.6341,0.0262,-0.024,0.0033,2.75,-0.44,280.81,-0.4891,-0.0426,9.9017,9.9139,P003_Weight_Stack_Seated_Leg_Extension_Releasing_Too_Fast_2_03.csv
3,2,2,5,2,4.891,4891,-0.5,0.12,9.59,9.6038,0.0,-0.0022,0.0011,2.75,-0.44,280.81,-0.4905,-0.0212,9.8606,9.8728,P003_Weight_Stack_Seated_Leg_Extension_Releasing_Too_Fast_2_03.csv
3,2,2,5,2,5.021,5021,-0.77,0.03,9.99,10.0197,0.0055,0.0011,-0.0087,2.75,-0.44,280.81,-0.5273,-0.0144,9.8777,9.8917,P003_Weight_Stack_Seated_Leg_Extension_Releasing_Too_Fast_2_03.csv
3,2,2,5,2,5.151,5151,-0.21,0.13,9.86,9.8631,-0.0087,0.0131,-0.0055,2.69,-0.44,280.81,-0.4855,0.0046,9.8753,9.8873,P003_Weight_Stack_Seated_Leg_Extension_Releasing_Too_Fast_2_03.csv
3,2,2,5,2,5.301,5301,-0.29,-0.07,9.37,9.3747,0.0011,0.0,-0.0087,2.75,-0.44,280.81,-0.4597,-0.0052,9.8088,9.8195,P003_Weight_Stack_Seated_Leg_Extension_Releasing_Too_Fast_2_03.csv
3,2,2,5,2,5.474,5474,-0.36,0.04,9.8,9.8067,-0.0044,0.0044,-0.0185,2.75,-0.5,280.81,-0.4466,0.0007,9.8076,9.8178,P003_Weight_Stack_Seated_Leg_Extension_Releasing_Too_Fast_2_03.csv
3,2,2,5,2,5.605,5605,-0.36,-0.07,8.86,8.8676,-0.0011,0.0033,-0.0044,2.75,-0.5,280.81,-0.4352,-0.0086,9.6827,9.6925,P003_Weight_Stack_Seated_Leg_Extension_Releasing_Too_Fast_2_03.csv
3,2,2,5,2,5.736,5736,-0.22,0.09,9.19,9.1931,-0.0131,0.0087,0.0033,2.75,-0.44,280.88,-0.4068,0.0044,9.6178,9.6264,P003_Weight_Stack_Seated_Leg_Extension_Releasing_Too_Fast_2_03.csv
3,2,2,5,2,5.866,5866,-0.78,-0.43,10.36,10.3982,-0.0033,0.0196,0.0164,2.75,-0.44,280.88,-0.456,-0.0528,9.7156,9.7264,P003_Weight_Stack_Seated_Leg_Extension_Releasing_Too_Fast_2_03.csv
3,2,2,5,2,5.997,5997,-0.78,0.0,11.01,11.0376,0.0044,-0.0262,0.0327,2.75,-0.25,280.88,-0.4987,-0.0459,9.8862,9.8988,P003_Weight_Stack_Seated_Leg_Extension_Releasing_Too_Fast_2_03.csv
3,2,2,5,2,6.129,6129,-0.32,0.01,11.61,11.6144,-0.0142,-0.0142,-0.0098,2.69,-0.25,280.81,-0.4752,-0.0385,10.1133,10.1246,P003_Weight_Stack_Seated_Leg_Extension_Releasing_Too_Fast_2_03.csv
3,2,2,5,2,6.264,6264,-0.64,-0.05,10.4,10.4198,-0.0033,-0.0229,0.0011,2.75,-0.25,280.81,-0.4969,-0.04,10.1511,10.1633,P003_Weight_Stack_Seated_Leg_Extension_Releasing_Too_Fast_2_03.csv
3,3,2,5,2,6.395,6395,-0.55,0.0,9.87,9.8853,0.0087,-0.0011,-0.0033,2.75,-0.25,280.81,-0.5039,-0.0348,10.1141,10.1267,P003_Weight_Stack_Seated_Leg_Extension_Releasing_Too_Fast_2_03.csv
3,3,2,5,2,6.567,6567,-0.51,-0.02,9.59,9.6036,-0.0022,-0.0076,0.0044,2.75,-0.25,280.81,-0.5047,-0.0328,10.045,10.0577,P003_Weight_Stack_Seated_Leg_Extension_Releasing_Too_Fast_2_03.csv
3,3,2,5,2,6.698,6698,-0.44,0.0,9.72,9.73,-0.0033,0.0033,-0.0011,2.75,-0.25,280.81,-0.4962,-0.0285,10.0022,10.0145,P003_Weight_Stack_Seated_Leg_Extension_Releasing_Too_Fast_2_03.csv
3,3,2,5,2,6.83,6830,-0.52,-0.01,9.99,10.0035,-0.0022,0.0,0.0011,2.75,-0.25,280.81,-0.4993,-0.0261,10.0006,10.0131,P003_Weight_Stack_Seated_Leg_Extension_Releasing_Too_Fast_2_03.csv
3,3,2,5,2,6.965,6965,-0.56,0.0,10.24,10.2553,-0.0142,0.0098,0.0044,2.63,-0.25,280.81,-0.5073,-0.0226,10.0321,10.045,P003_Weight_Stack_Seated_Leg_Extension_Releasing_Too_Fast_2_03.csv
3,3,2,5,2,7.096,7096,-0.36,-0.1,10.09,10.0969,0.0055,0.0,-0.0022,2.63,-0.19,280.81,-0.4879,-0.0328,10.0397,10.0517,P003_Weight_Stack_Seated_Leg_Extension_Releasing_Too_Fast_2_03.csv
3,3,2,5,2,7.227,7227,-0.41,-0.05,9.94,9.9486,0.0065,0.0033,0.0022,2.63,-0.19,280.81,-0.4776,-0.0351,10.0266,10.038,P003_Weight_Stack_Seated_Leg_Extension_Releasing_Too_Fast_2_03.csv
3,3,2,5,2,7.357,7357,-0.48,-0.05,9.77,9.7819,-0.0022,-0.0175,-0.0022,2.69,-0.19,280.81,-0.4779,-0.037,9.9928,10.0043,P003_Weight_Stack_Seated_Leg_Extension_Releasing_Too_Fast_2_03.csv
3,3,2,5,2,7.488,7488,-0.42,0.02,10.02,10.0288,0.0044,0.0022,0.0055,2.69,-0.25,280.81,-0.4703,-0.0295,9.9964,10.0075,P003_Weight_Stack_Seated_Leg_Extension_Releasing_Too_Fast_2_03.csv
3,3,2,5,2,7.66,7660,-0.42,-0.02,9.57,9.5792,0.0044,-0.0044,0.0011,2.69,-0.25,280.81,-0.4637,-0.0283,9.9402,9.951,P003_Weight_Stack_Seated_Leg_Extension_Releasing_Too_Fast_2_03.csv
3,3,2,5,2,7.791,7791,-0.6,-0.06,10.03,10.0481,0.0142,0.0251,-0.0098,2.63,-0.25,280.81,-0.4816,-0.0325,9.952,9.9637,P003_Weight_Stack_Seated_Leg_Extension_Releasing_Too_Fast_2_03.csv
3,3,2,5,2,7.921,7921,-0.18,-0.2,9.94,9.9436,0.0098,-0.0055,0.0022,2.63,-0.25,280.81,-0.4419,-0.0545,9.9504,9.9604,P003_Weight_Stack_Seated_Leg_Extension_Releasing_Too_Fast_2_03.csv
3,3,2,5,2,8.054,8054,-0.4,0.09,9.34,9.349,0.0011,0.0011,-0.0044,2.69,-0.31,280.81,-0.4364,-0.0355,9.87,9.8797,P003_Weight_Stack_Seated_Leg_Extension_Releasing_Too_Fast_2_03.csv
3,3,2,5,2,8.189,8189,-0.4,-0.05,9.9,9.9082,-0.0098,0.0153,-0.0065,2.69,-0.31,280.81,-0.4316,-0.0374,9.874,9.8835,P003_Weight_Stack_Seated_Leg_Extension_Releasing_Too_Fast_2_03.csv
3,3,2,5,2,8.32,8320,-0.52,-0.06,8.72,8.7357,0.0033,-0.0055,-0.0033,2.69,-0.31,280.81,-0.4432,-0.0404,9.7219,9.7321,P003_Weight_Stack_Seated_Leg_Extension_Releasing_Too_Fast_2_03.csv
3,3,2,5,2,8.45,8450,-0.51,-0.07,10.08,10.0931,0.0033,-0.0011,-0.0065,2.69,-0.31,280.81,-0.452,-0.0443,9.7691,9.7796,P003_Weight_Stack_Seated_Leg_Extension_Releasing_Too_Fast_2_03.csv
3,3,2,5,2,8.58,8580,-0.5,-0.01,9.59,9.603,0.0033,-0.0011,-0.0033,2.69,-0.31,280.81,-0.4583,-0.0398,9.7455,9.7563,P003_Weight_Stack_Seated_Leg_Extension_Releasing_Too_Fast_2_03.csv
3,3,2,5,2,8.753,8753,-0.64,-0.04,6.62,6.651,0.0,0.0022,-0.0011,2.69,-0.31,280.81,-0.4823,-0.0398,9.3336,9.3462,P003_Weight_Stack_Seated_Leg_Extension_Releasing_Too_Fast_2_03.csv
3,3,2,5,2,8.885,8885,-0.22,0.07,8.94,8.943,-0.0055,-0.0229,0.0207,2.69,-0.25,280.81,-0.4477,-0.0253,9.2818,9.2926,P003_Weight_Stack_Seated_Leg_Extension_Releasing_Too_Fast_2_03.csv
3,3,2,5,2,9.021,9021,0.1,-0.1,10.95,10.9509,0.0098,0.0218,-0.0185,2.63,-0.13,280.81,-0.3755,-0.0352,9.5016,9.5091,P003_Weight_Stack_Seated_Leg_Extension_Releasing_Too_Fast_2_03.csv
3,3,2,5,2,9.152,9152,-0.26,-0.06,11.23,11.2332,-0.0109,-0.0218,0.0033,2.63,-0.13,280.81,-0.3603,-0.0384,9.7293,9.7361,P003_Weight_Stack_Seated_Leg_Extension_Releasing_Too_Fast_2_03.csv
3,3,2,5,2,9.282,9282,-0.5,-0.05,10.24,10.2523,0.0033,-0.0022,0.0011,2.69,-0.13,280.81,-0.3787,-0.04,9.7966,9.804,P003_Weight_Stack_Seated_Leg_Extension_Releasing_Too_Fast_2_03.csv
3,3,2,5,2,9.412,9412,-0.46,-0.02,9.85,9.8608,0.0076,0.012,-0.0022,2.63,-0.13,280.81,-0.3894,-0.0373,9.8037,9.8115,P003_Weight_Stack_Seated_Leg_Extension_Releasing_Too_Fast_2_03.csv
3,3,2,5,2,9.543,9543,-0.5,-0.05,9.84,9.8528,0.0011,0.0,0.0011,2.63,-0.13,280.81,-0.404,-0.039,9.8085,9.8169,P003_Weight_Stack_Seated_Leg_Extension_Releasing_Too_Fast_2_03.csv
3,3,2,5,2,9.673,9673,-0.52,-0.06,9.91,9.9238,0.0033,-0.0131,-0.0011,2.69,-0.13,280.81,-0.4193,-0.0418,9.8218,9.8309,P003_Weight_Stack_Seated_Leg_Extension_Releasing_Too_Fast_2_03.csv
3,3,2,5,2,9.846,9846,0.28,-0.52,9.84,9.8577,0.012,0.0502,0.0055,2.56,-0.13,280.81,-0.3271,-0.1048,9.8242,9.8302,P003_Weight_Stack_Seated_Leg_Extension_Releasing_Too_Fast_2_03.csv
3,3,2,5,2,9.976,9976,-0.5,-0.04,9.89,9.9027,0.0109,-0.0087,-0.0022,2.56,-0.06,280.75,-0.3499,-0.0962,9.8329,9.8396,P003_Weight_Stack_Seated_Leg_Extension_Releasing_Too_Fast_2_03.csv
3,3,2,5,2,10.106,10106,-0.48,-0.08,9.83,9.842,-0.0033,0.0011,0.0011,2.56,-0.13,280.75,-0.3671,-0.0941,9.8325,9.8398,P003_Weight_Stack_Seated_Leg_Extension_Releasing_Too_Fast_2_03.csv
3,3,2,5,2,10.236,10236,-0.5,-0.04,9.56,9.5732,0.0044,0.0033,0.0011,2.56,-0.13,280.75,-0.3846,-0.087,9.7966,9.8045,P003_Weight_Stack_Seated_Leg_Extension_Releasing_Too_Fast_2_03.csv
3,3,2,5,2,10.367,10367,-0.47,0.02,9.75,9.7613,-0.0022,0.0022,0.0044,2.56,-0.13,280.75,-0.3958,-0.0729,9.7905,9.7987,P003_Weight_Stack_Seated_Leg_Extension_Releasing_Too_Fast_2_03.csv
3,3,2,5,2,10.497,10497,-0.5,-0.01,10.38,10.392,0.0033,0.0,0.0011,2.56,-0.13,280.75,-0.4096,-0.0646,9.8681,9.8769,P003_Weight_Stack_Seated_Leg_Extension_Releasing_Too_Fast_2_03.csv
3,3,2,5,2,10.627,10627,-0.39,0.03,10.35,10.3574,0.0065,-0.0109,0.0065,2.56,-0.13,280.75,-0.407,-0.0521,9.9316,9.9401,P003_Weight_Stack_Seated_Leg_Extension_Releasing_Too_Fast_2_03.csv
3,4,2,5,2,10.758,10758,-0.44,-0.28,9.9,9.9137,0.0164,-0.0218,0.0,2.63,-0.13,280.75,-0.4113,-0.0822,9.9275,9.9363,P003_Weight_Stack_Seated_Leg_Extension_Releasing_Too_Fast_2_03.csv
3,4,2,5,2,10.935,10935,0.47,-0.6,8.44,8.4743,0.0207,0.0382,-0.0087,2.63,-0.25,280.75,-0.2952,-0.1504,9.7315,9.7371,P003_Weight_Stack_Seated_Leg_Extension_Releasing_Too_Fast_2_03.csv
3,4,2,5,2,11.067,11067,-0.48,-0.16,9.61,9.6233,0.0142,-0.012,-0.0033,2.63,-0.25,280.75,-0.3195,-0.1517,9.7155,9.7219,P003_Weight_Stack_Seated_Leg_Extension_Releasing_Too_Fast_2_03.csv
3,4,2,5,2,11.197,11197,-0.65,-0.12,9.53,9.5529,0.0109,-0.0076,0.0055,2.63,-0.25,280.75,-0.3631,-0.1475,9.691,9.6989,P003_Weight_Stack_Seated_Leg_Extension_Releasing_Too_Fast_2_03.csv
3,4,2,5,2,11.327,11327,-0.36,-0.02,10.18,10.1864,0.0065,0.0011,-0.0065,2.69,-0.31,280.75,-0.3627,-0.1307,9.7555,9.7631,P003_Weight_Stack_Seated_Leg_Extension_Releasing_Too_Fast_2_03.csv
3,4,2,5,2,11.457,11457,-0.58,0.01,9.33,9.348,0.012,-0.0142,0.0076,2.63,-0.25,280.75,-0.3913,-0.1122,9.6994,9.7079,P003_Weight_Stack_Seated_Leg_Extension_Releasing_Too_Fast_2_03.csv
3,4,2,5,2,11.588,11588,-0.4,0.12,10.14,10.1486,0.0164,-0.0022,-0.0033,2.69,-0.31,280.75,-0.3925,-0.0816,9.7575,9.7657,P003_Weight_Stack_Seated_Leg_Extension_Releasing_Too_Fast_2_03.csv
3,4,2,5,2,11.718,11718,-0.44,-0.07,10.31,10.3196,0.0,0.0022,-0.0055,2.69,-0.31,280.75,-0.3987,-0.08,9.8303,9.8387,P003_Weight_Stack_Seated_Leg_Extension_Releasing_Too_Fast_2_03.csv
3,4,2,5,2,11.849,11849,-0.68,-0.11,9.77,9.7943,-0.0011,0.0,0.012,2.69,-0.31,280.75,-0.4358,-0.084,9.8223,9.8323,P003_Weight_Stack_Seated_Leg_Extension_Releasing_Too_Fast_2_03.csv
3,4,2,5,2,12.021,12021,-0.33,-0.04,8.61,8.6164,-0.0055,0.0033,-0.0022,2.69,-0.31,280.75,-0.4219,-0.0782,9.6626,9.6721,P003_Weight_Stack_Seated_Leg_Extension_Releasing_Too_Fast_2_03.csv
3,4,2,5,2,12.151,12151,-0.34,-0.08,8.34,8.3473,-0.0153,0.0044,-0.0011,2.63,-0.25,280.75,-0.4111,-0.0784,9.4883,9.4975,P003_Weight_Stack_Seated_Leg_Extension_Releasing_Too_Fast_2_03.csv
3,4,2,5,2,12.281,12281,-0.67,-0.08,10.38,10.4019,-0.0196,-0.0055,0.0065,2.63,-0.13,280.75,-0.4452,-0.0786,9.6058,9.6164,P003_Weight_Stack_Seated_Leg_Extension_Releasing_Too_Fast_2_03.csv
3,4,2,5,2,12.411,12411,-0.31,-0.09,11.92,11.9244,-0.0065,0.0098,-0.0011,2.63,-0.13,280.69,-0.4274,-0.0801,9.9107,9.9203,P003_Weight_Stack_Seated_Leg_Extension_Releasing_Too_Fast_2_03.csv
3,4,2,5,2,12.541,12541,-0.4,0.0,10.43,10.4377,-0.0076,-0.0142,0.0055,2.63,-0.13,280.69,-0.4238,-0.0696,9.9792,9.9884,P003_Weight_Stack_Seated_Leg_Extension_Releasing_Too_Fast_2_03.csv
3,4,2,5,2,12.671,12671,-0.54,-0.03,9.92,9.9347,0.0109,0.0087,-0.0044,2.69,-0.13,280.69,-0.4391,-0.0644,9.9714,9.9812,P003_Weight_Stack_Seated_Leg_Extension_Releasing_Too_Fast_2_03.csv
3,4,2,5,2,12.801,12801,-0.45,0.01,9.77,9.7804,0.0033,0.0065,-0.0044,2.63,-0.13,280.69,-0.4405,-0.0546,9.9448,9.9547,P003_Weight_Stack_Seated_Leg_Extension_Releasing_Too_Fast_2_03.csv
3,4,2,5,2,12.931,12931,-0.53,-0.03,9.94,9.9542,-0.0011,-0.0153,0.0,2.63,-0.13,280.69,-0.4523,-0.0513,9.9442,9.9546,P003_Weight_Stack_Seated_Leg_Extension_Releasing_Too_Fast_2_03.csv
3,4,2,5,2,13.104,13104,-0.52,-0.01,9.99,10.0035,0.0011,0.0011,-0.0011,2.63,-0.13,280.69,-0.4612,-0.0459,9.9502,9.961,P003_Weight_Stack_Seated_Leg_Extension_Releasing_Too_Fast_2_03.csv
3,4,2,5,2,13.234,13234,-0.43,-0.02,10.28,10.289,-0.0098,0.0142,0.0055,2.5,-0.13,280.69,-0.4571,-0.0425,9.9937,10.0042,P003_Weight_Stack_Seated_Leg_Extension_Releasing_Too_Fast_2_03.csv
3,4,2,5,2,13.364,13364,-0.5,0.01,10.01,10.0225,-0.0022,0.0,0.0055,2.5,-0.13,280.69,-0.4628,-0.0356,9.9958,10.0066,P003_Weight_Stack_Seated_Leg_Extension_Releasing_Too_Fast_2_03.csv
3,4,2,5,2,13.494,13494,-0.52,-0.06,9.47,9.4845,0.0076,-0.0109,-0.0011,2.5,-0.13,280.69,-0.4703,-0.0388,9.9265,9.9378,P003_Weight_Stack_Seated_Leg_Extension_Releasing_Too_Fast_2_03.csv
3,4,2,5,2,13.624,13624,-0.4,0.0,9.68,9.6883,-0.0022,0.0055,0.0011,2.56,-0.13,280.69,-0.461,-0.0337,9.8941,9.9049,P003_Weight_Stack_Seated_Leg_Extension_Releasing_Too_Fast_2_03.csv
3,4,2,5,2,13.754,13754,-0.45,-0.02,10.03,10.0401,0.0011,-0.0065,-0.0011,2.5,-0.13,280.69,-0.4596,-0.0319,9.912,9.9227,P003_Weight_Stack_Seated_Leg_Extension_Releasing_Too_Fast_2_03.csv
3,4,2,5,2,13.884,13884,-0.61,-0.11,10.14,10.1589,0.0065,-0.0087,-0.0022,2.56,-0.13,280.69,-0.4794,-0.0422,9.942,9.9537,P003_Weight_Stack_Seated_Leg_Extension_Releasing_Too_Fast_2_03.csv
3,4,2,5,2,14.014,14014,-0.59,0.09,10.08,10.0977,0.0022,-0.0033,0.0076,2.56,-0.13,280.69,-0.494,-0.0247,9.9602,9.9725,P003_Weight_Stack_Seated_Leg_Extension_Releasing_Too_Fast_2_03.csv
3,4,2,5,2,14.188,14188,-0.63,0.01,10.35,10.3692,0.0153,0.0022,0.0065,2.56,-0.19,280.69,-0.5119,-0.0202,10.0116,10.0247,P003_Weight_Stack_Seated_Leg_Extension_Releasing_Too_Fast_2_03.csv
3,4,2,5,2,14.324,14324,-0.4,-0.12,9.81,9.8189,0.0033,-0.0044,0.0011,2.5,-0.19,280.69,-0.4972,-0.0333,9.985,9.9974,P003_Weight_Stack_Seated_Leg_Extension_Releasing_Too_Fast_2_03.csv
3,4,2,5,2,14.455,14455,-0.51,-0.1,9.78,9.7938,0.0098,-0.0055,-0.0011,2.56,-0.25,280.69,-0.4989,-0.0421,9.958,9.9706,P003_Weight_Stack_Seated_Leg_Extension_Releasing_Too_Fast_2_03.csv
3,4,2,5,2,14.585,14585,-0.51,-0.15,9.99,10.0041,0.0033,-0.0011,0.0,2.56,-0.25,280.69,-0.5003,-0.0563,9.9622,9.9749,P003_Weight_Stack_Seated_Leg_Extension_Releasing_Too_Fast_2_03.csv
3,4,2,5,2,14.715,14715,-0.74,-0.19,9.65,9.6802,-0.0065,0.0065,0.0011,2.56,-0.25,280.69,-0.5319,-0.0739,9.9211,9.9356,P003_Weight_Stack_Seated_Leg_Extension_Releasing_Too_Fast_2_03.csv
3,4,2,5,2,14.846,14846,-0.68,-0.12,10.05,10.0737,-0.0011,-0.0011,0.0022,2.56,-0.25,280.69,-0.5514,-0.08,9.9381,9.9537,P003_Weight_Stack_Seated_Leg_Extension_Releasing_Too_Fast_2_03.csv
3,4,2,5,2,14.976,14976,-0.41,0.0,9.77,9.7786,-0.0044,0.0076,-0.012,2.56,-0.25,280.69,-0.5328,-0.0695,9.9159,9.9305,P003_Weight_Stack_Seated_Leg_Extension_Releasing_Too_Fast_2_03.csv
3,4,2,5,2,15.107,15107,-0.34,-0.12,8.97,8.9772,-0.0022,-0.0033,0.0055,2.56,-0.25,280.69,-0.5074,-0.0761,9.7913,9.8047,P003_Weight_Stack_Seated_Leg_Extension_Releasing_Too_Fast_2_03.csv
3,4,2,5,2,15.279,15279,-0.43,-0.17,8.57,8.5825,-0.0425,-0.0469,0.0033,2.56,-0.19,280.69,-0.4972,-0.0885,9.6303,9.6436,P003_Weight_Stack_Seated_Leg_Extension_Releasing_Too_Fast_2_03.csv
3,4,2,5,2,15.41,15410,-0.59,-0.22,10.1,10.1196,-0.0011,0.0076,-0.0022,2.56,-0.13,280.69,-0.5094,-0.1058,9.6922,9.7062,P003_Weight_Stack_Seated_Leg_Extension_Releasing_Too_Fast_2_03.csv
3,4,2,5,2,15.54,15540,-0.19,0.02,11.82,11.8215,-0.0218,0.0055,0.0,2.5,-0.06,280.69,-0.4673,-0.0892,9.9726,9.984,P003_Weight_Stack_Seated_Leg_Extension_Releasing_Too_Fast_2_03.csv
3,4,2,5,2,15.671,15671,-0.57,-0.04,10.49,10.5056,-0.0196,-0.0295,0.0142,2.56,-0.06,280.69,-0.4809,-0.0828,10.0408,10.0526,P003_Weight_Stack_Seated_Leg_Extension_Releasing_Too_Fast_2_03.csv
3,4,2,5,2,15.801,15801,-0.42,-0.12,9.63,9.6399,0.012,0.0382,-0.0098,2.5,-0.06,280.69,-0.4728,-0.0877,9.9867,9.9982,P003_Weight_Stack_Seated_Leg_Extension_Releasing_Too_Fast_2_03.csv
3,4,2,5,2,15.932,15932,-0.4,-0.05,9.68,9.6884,-0.0098,-0.0273,0.0065,2.56,-0.06,280.63,-0.4632,-0.0827,9.9462,9.9574,P003_Weight_Stack_Seated_Leg_Extension_Releasing_Too_Fast_2_03.csv
3,4,2,5,2,16.063,16063,-0.52,-0.01,10.37,10.383,0.0065,0.0404,-0.0033,2.63,-0.06,280.63,-0.4707,-0.0731,10.0021,10.0134,P003_Weight_Stack_Seated_Leg_Extension_Releasing_Too_Fast_2_03.csv
3,4,2,5,2,16.198,16198,-0.32,-0.1,10.09,10.0956,0.0044,0.0011,-0.0033,2.44,0.0,280.63,-0.4509,-0.0767,10.0137,10.0241,P003_Weight_Stack_Seated_Leg_Extension_Releasing_Too_Fast_2_03.csv
3,4,2,5,2,16.371,16371,-0.51,-0.13,9.89,9.904,0.0033,0.0065,0.0011,2.44,-0.06,280.63,-0.4586,-0.0837,9.9974,10.0082,P003_Weight_Stack_Seated_Leg_Extension_Releasing_Too_Fast_2_03.csv
3,4,2,5,2,16.501,16501,-0.12,-0.48,9.53,9.5428,0.0076,-0.0033,0.012,2.5,-0.06,280.63,-0.414,-0.1359,9.9358,9.9453,P003_Weight_Stack_Seated_Leg_Extension_Releasing_Too_Fast_2_03.csv
3,4,2,5,2,16.631,16631,-0.57,-0.12,9.18,9.1985,0.0044,0.0033,0.0011,2.5,-0.13,280.63,-0.4346,-0.1338,9.8362,9.8467,P003_Weight_Stack_Seated_Leg_Extension_Releasing_Too_Fast_2_03.csv
3,4,2,5,2,16.761,16761,-0.53,-0.08,9.53,9.5451,0.0055,-0.0011,0.0011,2.56,-0.13,280.63,-0.4472,-0.1267,9.7958,9.8069,P003_Weight_Stack_Seated_Leg_Extension_Releasing_Too_Fast_2_03.csv
3,4,2,5,2,16.891,16891,-0.57,0.09,10.37,10.386,0.0131,-0.0076,-0.0087,2.5,-0.19,280.63,-0.4633,-0.0982,9.8715,9.8829,P003_Weight_Stack_Seated_Leg_Extension_Releasing_Too_Fast_2_03.csv
3,4,2,5,2,17.021,17021,-0.53,-0.01,9.49,9.5048,0.0185,-0.0131,0.0,2.56,-0.19,280.63,-0.4721,-0.0865,9.8212,9.833,P003_Weight_Stack_Seated_Leg_Extension_Releasing_Too_Fast_2_03.csv
3,4,2,5,2,17.152,17152,-0.48,-0.11,9.09,9.1033,0.0055,0.0022,0.0,2.56,-0.25,280.63,-0.4732,-0.0896,9.7249,9.7368,P003_Weight_Stack_Seated_Leg_Extension_Releasing_Too_Fast_2_03.csv
3,4,2,5,2,17.282,17282,-0.75,-0.36,8.86,8.899,0.0033,0.0044,0.0022,2.56,-0.25,280.63,-0.5096,-0.1253,9.6109,9.6252,P003_Weight_Stack_Seated_Leg_Extension_Releasing_Too_Fast_2_03.csv
3,4,2,5,2,17.455,17455,-0.2,0.01,9.53,9.5321,-0.0109,0.0,-0.0044,2.56,-0.25,280.69,-0.4688,-0.1074,9.6002,9.6123,P003_Weight_Stack_Seated_Leg_Extension_Releasing_Too_Fast_2_03.csv
3,4,2,5,2,17.591,17591,-0.37,-0.05,9.11,9.1176,-0.0076,0.0044,0.0065,2.63,-0.25,280.69,-0.4558,-0.0999,9.5356,9.5471,P003_Weight_Stack_Seated_Leg_Extension_Releasing_Too_Fast_2_03.csv
3,4,2,5,2,17.723,17723,-0.77,0.0,6.97,7.0124,0.0055,-0.0044,0.0065,2.63,-0.25,280.69,-0.4972,-0.0867,9.1976,9.2114,P003_Weight_Stack_Seated_Leg_Extension_Releasing_Too_Fast_2_03.csv
3,4,2,5,2,17.853,17853,-0.42,-0.01,9.18,9.1896,-0.0196,-0.0076,-0.0415,2.63,-0.06,280.69,-0.487,-0.0766,9.1952,9.2085,P003_Weight_Stack_Seated_Leg_Extension_Releasing_Too_Fast_2_03.csv
3,5,2,5,2,17.984,17984,-0.41,0.4,11.7,11.714,-0.0262,-0.0262,-0.0076,2.56,-0.06,280.63,-0.4769,-0.0138,9.5253,9.5372,P003_Weight_Stack_Seated_Leg_Extension_Releasing_Too_Fast_2_03.csv
3,5,2,5,2,18.114,18114,-0.69,-0.16,10.62,10.6436,-0.0153,0.0044,-0.012,2.56,0.0,280.63,-0.505,-0.0331,9.6696,9.6828,P003_Weight_Stack_Seated_Leg_Extension_Releasing_Too_Fast_2_03.csv
3,5,2,5,2,18.244,18244,-0.52,-0.03,9.99,10.0036,-0.0065,0.0033,-0.0076,2.5,-0.06,280.63,-0.507,-0.0327,9.7118,9.7251,P003_Weight_Stack_Seated_Leg_Extension_Releasing_Too_Fast_2_03.csv
3,5,2,5,2,18.374,18374,-0.42,0.03,10.13,10.1387,-0.0087,-0.0251,0.0055,2.56,-0.06,280.63,-0.4955,-0.0244,9.7669,9.7795,P003_Weight_Stack_Seated_Leg_Extension_Releasing_Too_Fast_2_03.csv
3,5,2,5,2,18.547,18547,-0.53,-0.04,9.49,9.5049,0.0022,0.0076,-0.0033,2.56,-0.06,280.63,-0.5,-0.0265,9.7304,9.7433,P003_Weight_Stack_Seated_Leg_Extension_Releasing_Too_Fast_2_03.csv
3,5,2,5,2,18.678,18678,-0.8,0.05,10.05,10.0819,-0.0131,-0.0055,-0.0076,2.5,0.0,280.63,-0.5396,-0.0164,9.7725,9.7874,P003_Weight_Stack_Seated_Leg_Extension_Releasing_Too_Fast_2_03.csv
3,5,2,5,2,18.809,18809,-0.43,-0.01,9.86,9.8694,0.0055,-0.0033,0.0,2.44,0.0,280.63,-0.5251,-0.0155,9.784,9.7981,P003_Weight_Stack_Seated_Leg_Extension_Releasing_Too_Fast_2_03.csv
3,5,2,5,2,18.942,18942,-0.51,-0.09,10.18,10.1932,0.0055,-0.0022,0.0011,2.44,0.0,280.63,-0.5231,-0.0254,9.8362,9.8502,P003_Weight_Stack_Seated_Leg_Extension_Releasing_Too_Fast_2_03.csv
3,5,2,5,2,19.073,19073,-0.51,-0.07,10.19,10.203,0.0065,-0.0022,0.0,2.44,0.0,280.63,-0.5214,-0.0312,9.8828,9.8966,P003_Weight_Stack_Seated_Leg_Extension_Releasing_Too_Fast_2_03.csv
3,5,2,5,2,19.206,19206,-0.42,-0.11,9.78,9.7896,0.0065,-0.0065,0.0044,2.44,0.0,280.63,-0.508,-0.0416,9.8693,9.8824,P003_Weight_Stack_Seated_Leg_Extension_Releasing_Too_Fast_2_03.csv
3,5,2,5,2,19.337,19337,-0.52,-0.02,9.62,9.6341,0.0087,-0.0065,-0.0011,2.5,0.0,280.63,-0.5096,-0.0388,9.8364,9.8497,P003_Weight_Stack_Seated_Leg_Extension_Releasing_Too_Fast_2_03.csv
3,5,2,5,2,19.468,19468,-0.42,-0.07,9.83,9.8392,-0.0022,-0.0142,-0.0011,2.5,0.0,280.63,-0.4978,-0.0429,9.8356,9.8483,P003_Weight_Stack_Seated_Leg_Extension_Releasing_Too_Fast_2_03.csv
3,5,2,5,2,19.64,19640,-0.41,-0.08,9.74,9.749,0.0087,-0.0076,0.0,2.5,-0.06,280.63,-0.4862,-0.0478,9.823,9.8351,P003_Weight_Stack_Seated_Leg_Extension_Releasing_Too_Fast_2_03.csv
3,5,2,5,2,19.771,19771,-0.89,0.06,9.37,9.4124,0.0055,-0.0098,0.0055,2.5,-0.06,280.63,-0.5394,-0.0336,9.7633,9.7783,P003_Weight_Stack_Seated_Leg_Extension_Releasing_Too_Fast_2_03.csv
3,5,2,5,2,19.901,19901,-0.63,-0.08,9.89,9.9104,0.0131,-0.0109,-0.0076,2.5,-0.13,280.63,-0.5514,-0.0397,9.78,9.7956,P003_Weight_Stack_Seated_Leg_Extension_Releasing_Too_Fast_2_03.csv
3,5,2,5,2,20.037,20037,-0.25,0.04,9.78,9.7833,-0.0207,0.0153,0.0,2.5,-0.13,280.63,-0.5117,-0.0292,9.78,9.7934,P003_Weight_Stack_Seated_Leg_Extension_Releasing_Too_Fast_2_03.csv
3,5,2,5,2,20.169,20169,-0.61,-0.2,9.29,9.3122,0.0087,-0.0033,-0.0098,2.56,-0.13,280.63,-0.5246,-0.0517,9.7154,9.7297,P003_Weight_Stack_Seated_Leg_Extension_Releasing_Too_Fast_2_03.csv
3,5,2,5,2,20.299,20299,-0.65,-0.26,9.98,10.0045,-0.0033,0.0033,0.0109,2.56,-0.13,280.63,-0.5411,-0.0791,9.7503,9.7656,P003_Weight_Stack_Seated_Leg_Extension_Releasing_Too_Fast_2_03.csv
3,5,2,5,2,20.43,20430,-0.45,0.04,9.39,9.4009,-0.0087,0.0033,-0.0065,2.56,-0.19,280.63,-0.5291,-0.0634,9.7028,9.7174,P003_Weight_Stack_Seated_Leg_Extension_Releasing_Too_Fast_2_03.csv
3,5,2,5,2,20.56,20560,-0.66,0.13,6.49,6.5248,0.0055,0.0098,-0.0076,2.56,-0.19,280.63,-0.5464,-0.038,9.2794,9.2956,P003_Weight_Stack_Seated_Leg_Extension_Releasing_Too_Fast_2_03.csv
3,6,2,5,2,20.733,20733,-0.96,0.29,9.64,9.692,0.0131,-0.0175,0.0131,2.56,-0.06,280.63,-0.6009,0.0053,9.327,9.3463,P003_Weight_Stack_Seated_Leg_Extension_Releasing_Too_Fast_2_03.csv
3,6,2,5,2,20.867,20867,0.16,-0.21,12.32,12.3228,0.0044,-0.0033,-0.0098,2.5,0.0,280.63,-0.5006,-0.0231,9.7214,9.7343,P003_Weight_Stack_Seated_Leg_Extension_Releasing_Too_Fast_2_03.csv
3,6,2,5,2,21.001,21001,-0.73,-0.07,10.74,10.765,-0.0295,-0.0109,0.0273,2.56,0.0,280.63,-0.5308,-0.0293,9.8556,9.8699,P003_Weight_Stack_Seated_Leg_Extension_Releasing_Too_Fast_2_03.csv
3,6,2,5,2,21.132,21132,-0.5,-0.02,9.67,9.6829,0.0022,-0.0087,-0.0011,2.44,0.0,280.63,-0.5268,-0.0281,9.8311,9.8453,P003_Weight_Stack_Seated_Leg_Extension_Releasing_Too_Fast_2_03.csv
3,6,2,5,2,21.262,21262,-0.47,-0.1,10.25,10.2613,-0.0033,-0.0065,0.0,2.63,0.0,280.63,-0.5193,-0.0375,9.8863,9.9,P003_Weight_Stack_Seated_Leg_Extension_Releasing_Too_Fast_2_03.csv
3,6,2,5,2,21.392,21392,-0.49,-0.03,10.19,10.2018,0.0044,0.0164,-0.0011,2.5,-0.06,280.63,-0.5154,-0.0365,9.9263,9.9398,P003_Weight_Stack_Seated_Leg_Extension_Releasing_Too_Fast_2_03.csv
3,6,2,5,2,21.523,21523,-0.46,-0.1,10.0,10.0111,-0.012,0.0076,0.0033,2.44,0.0,280.63,-0.5081,-0.0449,9.9361,9.9491,P003_Weight_Stack_Seated_Leg_Extension_Releasing_Too_Fast_2_03.csv
3,6,2,5,2,21.653,21653,-0.49,-0.04,10.35,10.3617,-0.0011,-0.0011,0.0011,2.44,0.0,280.63,-0.5057,-0.0443,9.9906,10.0035,P003_Weight_Stack_Seated_Leg_Extension_Releasing_Too_Fast_2_03.csv
3,6,2,5,2,21.826,21826,-0.51,-0.13,9.85,9.8641,0.0087,-0.0087,0.0033,2.44,0.0,280.63,-0.5063,-0.0556,9.9721,9.9851,P003_Weight_Stack_Seated_Leg_Extension_Releasing_Too_Fast_2_03.csv
3,6,2,5,2,21.956,21956,-0.43,-0.02,10.06,10.0692,0.0044,0.0131,0.0011,2.44,0.0,280.63,-0.4962,-0.0509,9.9837,9.9961,P003_Weight_Stack_Seated_Leg_Extension_Releasing_Too_Fast_2_03.csv
3,6,2,5,2,22.089,22089,-0.61,0.06,9.89,9.909,0.0153,-0.012,-0.0055,2.44,-0.06,280.63,-0.5112,-0.0363,9.9713,9.9845,P003_Weight_Stack_Seated_Leg_Extension_Releasing_Too_Fast_2_03.csv
3,6,2,5,2,22.224,22224,-0.57,-0.05,9.58,9.5971,0.0109,-0.0109,0.0,2.5,-0.06,280.63,-0.519,-0.0381,9.9198,9.9334,P003_Weight_Stack_Seated_Leg_Extension_Releasing_Too_Fast_2_03.csv
3,6,2,5,2,22.355,22355,-0.44,-0.12,9.39,9.4011,0.0131,0.024,-0.0033,2.44,-0.13,280.63,-0.5086,-0.0489,9.8499,9.8632,P003_Weight_Stack_Seated_Leg_Extension_Releasing_Too_Fast_2_03.csv
3,6,2,5,2,22.485,22485,-0.61,0.03,10.13,10.1484,0.012,-0.012,-0.0022,2.44,-0.13,280.63,-0.5219,-0.0385,9.8868,9.9007,P003_Weight_Stack_Seated_Leg_Extension_Releasing_Too_Fast_2_03.csv
3,6,2,5,2,22.615,22615,-0.32,0.04,10.35,10.355,-0.0044,0.0,0.0033,2.5,-0.13,280.63,-0.4953,-0.0281,9.9479,9.9602,P003_Weight_Stack_Seated_Leg_Extension_Releasing_Too_Fast_2_03.csv
3,6,2,5,2,22.746,22746,-0.95,-0.28,9.15,9.2034,0.0305,-0.0175,-0.0076,2.56,-0.19,280.63,-0.5552,-0.0613,9.8427,9.8586,P003_Weight_Stack_Seated_Leg_Extension_Releasing_Too_Fast_2_03.csv
3,6,2,5,2,22.92,22920,-0.57,-0.14,8.65,8.6699,0.0065,-0.0076,-0.0044,2.5,-0.19,280.63,-0.5572,-0.0717,9.6856,9.7018,P003_Weight_Stack_Seated_Leg_Extension_Releasing_Too_Fast_2_03.csv
3,6,2,5,2,23.056,23056,-1.4,0.07,10.24,10.3355,0.0098,-0.012,0.0131,2.56,-0.19,280.63,-0.6682,-0.053,9.7586,9.7816,P003_Weight_Stack_Seated_Leg_Extension_Releasing_Too_Fast_2_03.csv
3,6,2,5,2,23.187,23187,-0.33,0.03,10.07,10.0755,0.0,-0.0055,-0.0164,2.56,-0.19,280.63,-0.6237,-0.0421,9.7997,9.8196,P003_Weight_Stack_Seated_Leg_Extension_Releasing_Too_Fast_2_03.csv
3,6,2,5,2,23.317,23317,-0.23,-0.01,9.0,9.0029,-0.0164,0.012,-0.0142,2.56,-0.19,280.63,-0.5718,-0.0379,9.6943,9.7112,P003_Weight_Stack_Seated_Leg_Extension_Releasing_Too_Fast_2_03.csv
3,6,2,5,2,23.447,23447,-0.53,-0.3,7.48,7.5048,0.0011,-0.0033,0.0109,2.56,-0.25,280.63,-0.5663,-0.0724,9.4025,9.4198,P003_Weight_Stack_Seated_Leg_Extension_Releasing_Too_Fast_2_03.csv
3,7,2,5,2,23.578,23578,-0.37,-0.25,9.62,9.6304,-0.0011,0.0164,0.0229,2.56,-0.13,280.69,-0.5404,-0.0958,9.4312,9.4471,P003_Weight_Stack_Seated_Leg_Extension_Releasing_Too_Fast_2_03.csv
3,7,2,5,2,23.708,23708,-0.23,-0.05,11.56,11.5624,0.0109,-0.0142,-0.0033,2.5,-0.06,280.56,-0.4995,-0.0898,9.7117,9.7249,P003_Weight_Stack_Seated_Leg_Extension_Releasing_Too_Fast_2_03.csv
3,7,2,5,2,23.838,23838,-0.74,-0.29,11.01,11.0387,0.0175,-0.012,0.0153,2.56,0.0,280.63,-0.5312,-0.1162,9.8828,9.8977,P003_Weight_Stack_Seated_Leg_Extension_Releasing_Too_Fast_2_03.csv
3,7,2,5,2,24.011,24011,-0.57,-0.09,9.23,9.248,-0.0098,-0.024,0.0087,2.56,0.0,280.56,-0.5363,-0.1127,9.7968,9.8121,P003_Weight_Stack_Seated_Leg_Extension_Releasing_Too_Fast_2_03.csv
3,7,2,5,2,24.142,24142,-0.59,-0.04,9.43,9.4485,0.0109,0.0131,-0.0109,2.56,0.0,280.56,-0.5434,-0.1031,9.7484,9.7641,P003_Weight_Stack_Seated_Leg_Extension_Releasing_Too_Fast_2_03.csv
3,7,2,5,2,24.275,24275,-0.47,-0.02,9.81,9.8213,0.0,-0.0076,-0.0022,2.56,-0.06,280.56,-0.5337,-0.0922,9.7565,9.7716,P003_Weight_Stack_Seated_Leg_Extension_Releasing_Too_Fast_2_03.csv
3,7,2,5,2,24.409,24409,-0.53,-0.05,9.81,9.8244,0.0,0.0,-0.0022,2.56,-0.06,280.56,-0.5332,-0.0866,9.7636,9.7785,P003_Weight_Stack_Seated_Leg_Extension_Releasing_Too_Fast_2_03.csv
3,7,2,5,2,24.54,24540,-0.51,0.15,10.14,10.1539,-0.0175,0.0164,0.0087,2.44,0.0,280.56,-0.5302,-0.0554,9.8132,9.8277,P003_Weight_Stack_Seated_Leg_Extension_Releasing_Too_Fast_2_03.csv
3,7,2,5,2,24.671,24671,-0.47,-0.02,10.32,10.3307,0.0087,-0.0065,0.0,2.38,0.0,280.56,-0.5222,-0.0508,9.88,9.8939,P003_Weight_Stack_Seated_Leg_Extension_Releasing_Too_Fast_2_03.csv
3,7,2,5,2,24.801,24801,-0.54,0.01,9.96,9.9746,0.0065,-0.0044,0.0087,2.38,0.0,280.56,-0.5246,-0.0428,9.8905,9.9045,P003_Weight_Stack_Seated_Leg_Extension_Releasing_Too_Fast_2_03.csv
3,7,2,5,2,24.931,24931,-0.64,0.02,9.84,9.8608,0.0087,-0.012,-0.0011,2.38,-0.06,280.56,-0.5398,-0.0345,9.8839,9.8986,P003_Weight_Stack_Seated_Leg_Extension_Releasing_Too_Fast_2_03.csv
3,7,2,5,2,25.104,25104,-0.39,-0.35,9.3,9.3148,0.0087,-0.0175,0.0011,2.5,-0.06,280.56,-0.5201,-0.0761,9.8069,9.821,P003_Weight_Stack_Seated_Leg_Extension_Releasing_Too_Fast_2_03.csv
3,7,2,5,2,25.235,25235,-0.43,-0.07,9.78,9.7897,0.0022,-0.0022,0.0065,2.5,-0.13,280.56,-0.5082,-0.0753,9.8034,9.8168,P003_Weight_Stack_Seated_Leg_Extension_Releasing_Too_Fast_2_03.csv
3,7,2,5,2,25.366,25366,-0.4,-0.02,9.95,9.9581,0.0251,0.0185,-0.0022,2.44,-0.19,280.56,-0.4939,-0.068,9.8227,9.8353,P003_Weight_Stack_Seated_Leg_Extension_Releasing_Too_Fast_2_03.csv
3,7,2,5,2,25.501,25501,-0.29,-0.09,9.07,9.0751,0.0164,-0.0142,-0.0065,2.5,-0.19,280.56,-0.4671,-0.0709,9.7235,9.735,P003_Weight_Stack_Seated_Leg_Extension_Releasing_Too_Fast_2_03.csv
3,7,2,5,2,25.633,25633,-0.65,-0.04,9.85,9.8715,0.0065,-0.0022,-0.0022,2.5,-0.25,280.56,-0.4912,-0.0668,9.7402,9.7528,P003_Weight_Stack_Seated_Leg_Extension_Releasing_Too_Fast_2_03.csv
3,7,2,5,2,25.763,25763,-0.3,-0.06,9.08,9.0852,-0.0076,0.0164,0.0,2.5,-0.25,280.56,-0.466,-0.0659,9.6532,9.6646,P003_Weight_Stack_Seated_Leg_Extension_Releasing_Too_Fast_2_03.csv
3,7,2,5,2,25.893,25893,-0.67,0.0,9.48,9.5036,0.0131,-0.0109,0.0251,2.56,-0.25,280.56,-0.4929,-0.0572,9.6304,9.6431,P003_Weight_Stack_Seated_Leg_Extension_Releasing_Too_Fast_2_03.csv
3,7,2,5,2,26.024,26024,-0.44,0.01,9.82,9.8299,0.0044,-0.0044,-0.0033,2.56,-0.25,280.56,-0.4859,-0.0484,9.6554,9.6677,P003_Weight_Stack_Seated_Leg_Extension_Releasing_Too_Fast_2_03.csv
3,7,2,5,2,26.196,26196,-0.47,-0.18,9.7,9.713,-0.0022,0.0011,0.0065,2.56,-0.25,280.56,-0.4838,-0.0657,9.6612,9.6736,P003_Weight_Stack_Seated_Leg_Extension_Releasing_Too_Fast_2_03.csv
3,7,2,5,2,26.326,26326,-0.52,0.05,8.08,8.0969,-0.0065,-0.0065,0.0044,2.56,-0.25,280.56,-0.4886,-0.0505,9.4529,9.4656,P003_Weight_Stack_Seated_Leg_Extension_Releasing_Too_Fast_2_03.csv
3,7,2,5,2,26.456,26456,-0.64,0.12,9.68,9.7019,-0.048,0.0087,-0.0447,2.56,-0.13,280.63,-0.5085,-0.028,9.4828,9.4965,P003_Weight_Stack_Seated_Leg_Extension_Releasing_Too_Fast_2_03.csv
3,7,2,5,2,26.586,26586,-0.44,0.09,11.51,11.5188,-0.0055,0.0142,0.0,2.56,0.0,280.56,-0.4995,-0.0125,9.7499,9.7627,P003_Weight_Stack_Seated_Leg_Extension_Releasing_Too_Fast_2_03.csv
3,7,2,5,2,26.716,26716,-0.54,0.03,11.06,11.0732,-0.0109,-0.0098,0.0022,2.5,0.0,280.5,-0.5048,-0.0069,9.9226,9.9354,P003_Weight_Stack_Seated_Leg_Extension_Releasing_Too_Fast_2_03.csv
3,7,2,5,2,26.846,26846,-0.48,-0.08,10.27,10.2815,0.0131,0.0273,-0.0262,2.5,0.0,280.5,-0.5016,-0.0165,9.9683,9.981,P003_Weight_Stack_Seated_Leg_Extension_Releasing_Too_Fast_2_03.csv
3,8,2,5,2,26.976,26976,-0.25,0.1,9.78,9.7837,-0.0076,0.0044,0.0076,2.5,-0.06,280.5,-0.4684,-0.0011,9.9435,9.9546,P003_Weight_Stack_Seated_Leg_Extension_Releasing_Too_Fast_2_03.csv
3,8,2,5,2,27.107,27107,-0.45,0.01,9.95,9.9602,-0.0087,-0.0022,0.0022,2.5,-0.06,280.5,-0.466,0.0003,9.9444,9.9553,P003_Weight_Stack_Seated_Leg_Extension_Releasing_Too_Fast_2_03.csv
3,8,2,5,2,27.28,27280,-0.64,-0.07,10.03,10.0506,-0.0011,-0.0044,0.0044,2.5,-0.06,280.5,-0.4889,-0.0089,9.9557,9.9677,P003_Weight_Stack_Seated_Leg_Extension_Releasing_Too_Fast_2_03.csv
3,8,2,5,2,27.416,27416,-0.62,-0.01,9.87,9.8895,-0.0131,0.0055,0.0065,2.38,0.0,280.44,-0.5062,-0.0091,9.9444,9.9573,P003_Weight_Stack_Seated_Leg_Extension_Releasing_Too_Fast_2_03.csv
3,8,2,5,2,27.548,27548,-0.53,-0.01,10.1,10.1139,0.0076,-0.0098,-0.0011,2.44,0.0,280.44,-0.5093,-0.0092,9.9649,9.9779,P003_Weight_Stack_Seated_Leg_Extension_Releasing_Too_Fast_2_03.csv
3,8,2,5,2,27.678,27678,-0.43,-0.07,10.04,10.0494,0.0022,-0.0044,0.0033,2.44,0.0,280.44,-0.4989,-0.0172,9.9748,9.9873,P003_Weight_Stack_Seated_Leg_Extension_Releasing_Too_Fast_2_03.csv
3,8,2,5,2,27.808,27808,-0.55,0.0,9.62,9.6357,0.0011,0.0022,0.0055,2.38,0.0,280.44,-0.5056,-0.0149,9.928,9.9409,P003_Weight_Stack_Seated_Leg_Extension_Releasing_Too_Fast_2_03.csv
3,8,2,5,2,27.939,27939,-0.46,-0.11,9.41,9.4219,0.0044,-0.0011,0.0044,2.38,0.0,280.44,-0.4996,-0.0275,9.8598,9.8725,P003_Weight_Stack_Seated_Leg_Extension_Releasing_Too_Fast_2_03.csv
3,8,2,5,2,28.069,28069,-0.13,-0.37,9.25,9.2583,0.0098,-0.0044,0.0055,2.44,-0.06,280.44,-0.4509,-0.0726,9.7794,9.7901,P003_Weight_Stack_Seated_Leg_Extension_Releasing_Too_Fast_2_03.csv
3,8,2,5,2,28.199,28199,-0.45,0.01,10.0,10.0101,0.0044,0.0,0.0044,2.44,-0.06,280.44,-0.4508,-0.0617,9.8085,9.819,P003_Weight_Stack_Seated_Leg_Extension_Releasing_Too_Fast_2_03.csv
3,8,2,5,2,28.372,28372,-0.51,0.0,9.97,9.983,0.0098,0.0044,0.0011,2.5,-0.13,280.44,-0.4586,-0.0536,9.8298,9.8406,P003_Weight_Stack_Seated_Leg_Extension_Releasing_Too_Fast_2_03.csv
3,8,2,5,2,28.505,28505,-0.35,0.12,9.0,9.0076,-0.0022,0.0022,-0.0044,2.44,-0.13,280.44,-0.4443,-0.0307,9.7204,9.7306,P003_Weight_Stack_Seated_Leg_Extension_Releasing_Too_Fast_2_03.csv
3,8,2,5,2,28.64,28640,-0.37,-0.15,9.0,9.0089,0.0033,-0.0022,0.0033,2.56,-0.19,280.44,-0.4345,-0.0464,9.6255,9.6354,P003_Weight_Stack_Seated_Leg_Extension_Releasing_Too_Fast_2_03.csv
3,8,2,5,2,28.771,28771,-0.47,-0.04,9.13,9.1422,-0.0022,0.0065,-0.0033,2.56,-0.19,280.44,-0.4392,-0.0456,9.5602,9.5704,P003_Weight_Stack_Seated_Leg_Extension_Releasing_Too_Fast_2_03.csv
3,8,2,5,2,28.901,28901,-0.54,-0.18,9.85,9.8664,0.0,0.0022,0.0055,2.56,-0.19,280.44,-0.4525,-0.0633,9.5984,9.6093,P003_Weight_Stack_Seated_Leg_Extension_Releasing_Too_Fast_2_03.csv
3,8,2,5,2,29.032,29032,-0.36,-0.12,9.94,9.9472,0.0033,-0.0011,-0.0022,2.56,-0.19,280.44,-0.4403,-0.0708,9.6434,9.6537,P003_Weight_Stack_Seated_Leg_Extension_Releasing_Too_Fast_2_03.csv
3,8,2,5,2,29.162,29162,-0.22,-0.06,9.07,9.0729,-0.0164,-0.0022,0.0033,2.56,-0.19,280.44,-0.4112,-0.0694,9.5678,9.5769,P003_Weight_Stack_Seated_Leg_Extension_Releasing_Too_Fast_2_03.csv
3,8,2,5,2,29.292,29292,-0.43,-0.19,8.47,8.483,-0.0185,-0.0153,0.0153,2.56,-0.13,280.44,-0.4137,-0.0852,9.4232,9.4326,P003_Weight_Stack_Seated_Leg_Extension_Releasing_Too_Fast_2_03.csv
3,8,2,5,2,29.465,29465,-0.28,0.08,10.21,10.2142,-0.0305,-0.0011,-0.0044,2.5,0.0,280.44,-0.3961,-0.0635,9.5269,9.5353,P003_Weight_Stack_Seated_Leg_Extension_Releasing_Too_Fast_2_03.csv
3,8,2,5,2,29.596,29596,-0.52,-0.05,10.28,10.2933,-0.0142,-0.0087,0.0022,2.5,0.0,280.38,-0.4124,-0.0617,9.6261,9.6351,P003_Weight_Stack_Seated_Leg_Extension_Releasing_Too_Fast_2_03.csv
3,8,2,5,2,29.726,29726,-0.46,-0.04,10.01,10.0206,0.0,0.0109,-0.0033,2.5,0.0,280.38,-0.4187,-0.0588,9.6767,9.6859,P003_Weight_Stack_Seated_Leg_Extension_Releasing_Too_Fast_2_03.csv
3,8,2,5,2,29.86,29860,-0.35,0.05,9.88,9.8863,-0.0076,0.0065,0.0033,2.5,0.0,280.38,-0.4096,-0.0445,9.7035,9.7122,P003_Weight_Stack_Seated_Leg_Extension_Releasing_Too_Fast_2_03.csv
3,8,2,5,2,29.994,29994,-0.4,-0.1,9.86,9.8686,0.0055,-0.0044,0.0076,2.44,0.0,280.31,-0.4084,-0.0518,9.7241,9.7328,P003_Weight_Stack_Seated_Leg_Extension_Releasing_Too_Fast_2_03.csv
3,8,2,5,2,30.124,30124,-0.47,-0.23,9.66,9.6742,-0.0076,0.0055,0.0011,2.38,0.0,280.31,-0.4165,-0.0753,9.7157,9.7249,P003_Weight_Stack_Seated_Leg_Extension_Releasing_Too_Fast_2_03.csv
3,8,2,5,2,30.255,30255,-0.48,-0.01,10.19,10.2013,-0.0011,-0.0044,-0.0011,2.38,0.0,280.31,-0.4249,-0.0667,9.7782,9.7876,P003_Weight_Stack_Seated_Leg_Extension_Releasing_Too_Fast_2_03.csv
3,8,2,5,2,30.385,30385,-0.45,-0.07,10.13,10.1402,-0.0022,0.0,0.0033,2.44,0.0,280.31,-0.4282,-0.0671,9.8245,9.8341,P003_Weight_Stack_Seated_Leg_Extension_Releasing_Too_Fast_2_03.csv
3,8,2,5,2,30.558,30558,-0.45,0.04,10.1,10.1101,-0.0065,0.0033,0.0044,2.44,0.0,280.31,-0.431,-0.053,9.8608,9.8704,P003_Weight_Stack_Seated_Leg_Extension_Releasing_Too_Fast_2_03.csv
3,8,2,5,2,30.694,30694,-0.38,-0.09,10.33,10.3374,0.0044,0.0,0.0033,2.44,0.0,280.31,-0.4243,-0.0579,9.9227,9.9319,P003_Weight_Stack_Seated_Leg_Extension_Releasing_Too_Fast_2_03.csv
3,8,2,5,2,30.826,30826,-0.15,-0.25,9.59,9.5944,0.0044,-0.0142,0.0,2.44,0.0,280.31,-0.3882,-0.0832,9.8788,9.8868,P003_Weight_Stack_Seated_Leg_Extension_Releasing_Too_Fast_2_03.csv
3,8,2,5,2,30.956,30956,-0.85,0.15,10.25,10.2863,0.0087,-0.0055,0.0065,2.44,0.0,280.31,-0.449,-0.0525,9.9277,9.938,P003_Weight_Stack_Seated_Leg_Extension_Releasing_Too_Fast_2_03.csv
3,9,2,5,2,31.087,31087,-0.45,0.01,9.7,9.7104,0.0065,0.0011,-0.0044,2.5,-0.06,280.31,-0.4492,-0.0442,9.8977,9.908,P003_Weight_Stack_Seated_Leg_Extension_Releasing_Too_Fast_2_03.csv
3,9,2,5,2,31.217,31217,-0.67,0.0,9.49,9.5136,0.0153,-0.0131,0.0022,2.5,-0.13,280.31,-0.4783,-0.0384,9.844,9.8557,P003_Weight_Stack_Seated_Leg_Extension_Releasing_Too_Fast_2_03.csv
3,9,2,5,2,31.348,31348,-0.26,-0.01,8.84,8.8438,-0.0076,0.0087,0.0,2.5,-0.13,280.31,-0.4495,-0.0347,9.7117,9.7222,P003_Weight_Stack_Seated_Leg_Extension_Releasing_Too_Fast_2_03.csv
3,9,2,5,2,31.478,31478,-0.57,-0.03,8.94,8.9582,0.0033,0.0,-0.0044,2.56,-0.19,280.31,-0.4654,-0.034,9.61,9.6213,P003_Weight_Stack_Seated_Leg_Extension_Releasing_Too_Fast_2_03.csv
3,9,2,5,2,31.651,31651,-0.45,-0.09,10.17,10.1803,0.0,0.0033,-0.0065,2.56,-0.19,280.31,-0.4634,-0.0414,9.6838,9.695,P003_Weight_Stack_Seated_Leg_Extension_Releasing_Too_Fast_2_03.csv
3,9,2,5,2,31.781,31781,-0.54,-0.13,9.56,9.5761,-0.0055,0.0,0.0109,2.56,-0.19,280.31,-0.4735,-0.0531,9.6675,9.6792,P003_Weight_Stack_Seated_Leg_Extension_Releasing_Too_Fast_2_03.csv
3,9,2,5,2,31.917,31917,-0.31,-0.09,9.01,9.0158,0.0,0.0044,-0.0022,2.56,-0.19,280.31,-0.4519,-0.058,9.5808,9.5917,P003_Weight_Stack_Seated_Leg_Extension_Releasing_Too_Fast_2_03.csv
3,9,2,5,2,32.049,32049,-0.45,0.1,8.58,8.5924,-0.0415,0.0196,-0.0327,2.56,-0.06,280.38,-0.4517,-0.0371,9.449,9.4598,P003_Weight_Stack_Seated_Leg_Extension_Releasing_Too_Fast_2_03.csv
3,9,2,5,2,32.179,32179,-0.71,-0.13,10.1,10.1258,-0.0065,0.0393,-0.0164,2.56,0.0,280.31,-0.4857,-0.0494,9.5347,9.5472,P003_Weight_Stack_Seated_Leg_Extension_Releasing_Too_Fast_2_03.csv
3,9,2,5,2,32.31,32310,-0.07,-0.01,11.49,11.4902,-0.0207,-0.0033,-0.0022,2.5,0.0,280.25,-0.4309,-0.0442,9.7924,9.802,P003_Weight_Stack_Seated_Leg_Extension_Releasing_Too_Fast_2_03.csv
3,9,2,5,2,32.44,32440,-0.51,0.07,10.21,10.223,-0.024,-0.0218,0.0142,2.56,0.0,280.25,-0.4413,-0.0291,9.8474,9.8574,P003_Weight_Stack_Seated_Leg_Extension_Releasing_Too_Fast_2_03.csv
3,9,2,5,2,32.57,32570,-0.54,-0.01,10.0,10.0146,0.0055,0.0109,-0.0098,2.56,0.0,280.25,-0.4543,-0.0266,9.8675,9.878,P003_Weight_Stack_Seated_Leg_Extension_Releasing_Too_Fast_2_03.csv
3,9,2,5,2,32.743,32743,-0.52,-0.07,10.21,10.2235,0.0022,-0.0087,0.0055,2.56,0.0,280.25,-0.463,-0.0323,9.9127,9.9235,P003_Weight_Stack_Seated_Leg_Extension_Releasing_Too_Fast_2_03.csv
3,9,2,5,2,32.875,32875,-0.48,-0.02,10.16,10.1714,0.0055,0.0022,-0.0033,2.56,0.0,280.25,-0.4652,-0.0307,9.9453,9.9562,P003_Weight_Stack_Seated_Leg_Extension_Releasing_Too_Fast_2_03.csv
3,9,2,5,2,33.006,33006,-0.5,-0.03,9.99,10.0025,0.0044,0.0164,-0.0022,2.56,0.0,280.25,-0.4698,-0.0306,9.9512,9.9623,P003_Weight_Stack_Seated_Leg_Extension_Releasing_Too_Fast_2_03.csv
3,9,2,5,2,33.141,33141,-0.35,0.07,10.33,10.3362,-0.0142,0.012,0.0044,2.38,0.0,280.25,-0.454,-0.0174,10.0011,10.0114,P003_Weight_Stack_Seated_Leg_Extension_Releasing_Too_Fast_2_03.csv
3,9,2,5,2,33.272,33272,-0.5,0.03,10.15,10.1624,0.0065,-0.0055,-0.0011,2.44,0.0,280.25,-0.4601,-0.0111,10.0207,10.0313,P003_Weight_Stack_Seated_Leg_Extension_Releasing_Too_Fast_2_03.csv
3,9,2,5,2,33.403,33403,-0.21,-0.03,10.05,10.0522,0.0011,-0.0065,-0.0044,2.44,0.0,280.25,-0.4271,-0.0136,10.0246,10.0337,P003_Weight_Stack_Seated_Leg_Extension_Releasing_Too_Fast_2_03.csv
3,10,2,5,2,33.533,33533,-0.58,-0.08,9.68,9.6977,0.0076,-0.0076,0.0109,2.44,0.0,280.25,-0.4473,-0.0224,9.9792,9.9892,P003_Weight_Stack_Seated_Leg_Extension_Releasing_Too_Fast_2_03.csv
3,10,2,5,2,33.664,33664,-0.6,0.0,9.75,9.7684,0.0109,-0.0142,0.0055,2.44,0.0,280.25,-0.4674,-0.0194,9.949,9.96,P003_Weight_Stack_Seated_Leg_Extension_Releasing_Too_Fast_2_03.csv
3,10,2,5,2,33.842,33842,-0.51,-0.03,9.25,9.2641,0.0109,-0.0142,0.0022,2.44,0.0,280.25,-0.473,-0.0208,9.8569,9.8682,P003_Weight_Stack_Seated_Leg_Extension_Releasing_Too_Fast_2_03.csv
3,10,2,5,2,33.974,33974,-0.45,-0.06,10.02,10.0303,0.0065,0.0,-0.0044,2.5,-0.06,280.25,-0.47,-0.026,9.8784,9.8896,P003_Weight_Stack_Seated_Leg_Extension_Releasing_Too_Fast_2_03.csv
3,10,2,5,2,34.104,34104,-0.45,0.03,9.47,9.4807,-0.0207,0.0044,0.0185,2.44,-0.06,280.25,-0.4673,-0.0186,9.8245,9.8357,P003_Weight_Stack_Seated_Leg_Extension_Releasing_Too_Fast_2_03.csv
3,10,2,5,2,34.234,34234,-0.46,0.07,9.7,9.7112,0.0131,-0.0087,-0.0022,2.5,-0.13,280.25,-0.4664,-0.0069,9.8081,9.8192,P003_Weight_Stack_Seated_Leg_Extension_Releasing_Too_Fast_2_03.csv
3,10,2,5,2,34.365,34365,-0.78,-0.15,8.93,8.9653,0.0065,-0.0076,-0.0142,2.5,-0.19,280.25,-0.5077,-0.0258,9.6924,9.7057,P003_Weight_Stack_Seated_Leg_Extension_Releasing_Too_Fast_2_03.csv
3,10,2,5,2,34.495,34495,-0.41,0.0,9.8,9.8086,-0.0055,0.0011,0.0,2.5,-0.19,280.19,-0.4948,-0.0224,9.7066,9.7192,P003_Weight_Stack_Seated_Leg_Extension_Releasing_Too_Fast_2_03.csv
3,10,2,5,2,34.625,34625,-0.67,-0.16,9.75,9.7743,-0.0022,0.0022,-0.0065,2.5,-0.19,280.25,-0.5179,-0.0405,9.7123,9.7262,P003_Weight_Stack_Seated_Leg_Extension_Releasing_Too_Fast_2_03.csv
3,10,2,5,2,34.756,34756,-0.59,-0.25,9.75,9.771,-0.0011,0.0033,0.0109,2.5,-0.19,280.19,-0.5274,-0.0681,9.7173,9.7318,P003_Weight_Stack_Seated_Leg_Extension_Releasing_Too_Fast_2_03.csv
3,10,2,5,2,34.931,34931,-0.42,-0.1,9.67,9.6796,0.0,0.0011,0.012,2.5,-0.19,280.19,-0.5133,-0.0723,9.711,9.7249,P003_Weight_Stack_Seated_Leg_Extension_Releasing_Too_Fast_2_03.csv
3,10,2,5,2,35.062,35062,-0.42,-0.05,8.44,8.4506,0.0,0.0033,0.0065,2.5,-0.19,280.19,-0.501,-0.0694,9.5436,9.5569,P003_Weight_Stack_Seated_Leg_Extension_Releasing_Too_Fast_2_03.csv
3,10,2,5,2,35.196,35196,-0.7,-0.21,8.1,8.1329,0.0153,0.012,0.0055,2.5,-0.19,280.19,-0.5272,-0.0879,9.3533,9.3686,P003_Weight_Stack_Seated_Leg_Extension_Releasing_Too_Fast_2_03.csv
3,10,2,5,2,35.327,35327,-0.92,-0.15,10.61,10.6509,-0.0065,0.0164,-0.0131,2.5,0.0,280.19,-0.579,-0.0961,9.5189,9.537,P003_Weight_Stack_Seated_Leg_Extension_Releasing_Too_Fast_2_03.csv
3,10,2,5,2,35.458,35458,-0.46,-0.3,12.07,12.0825,-0.0033,0.0055,-0.012,2.44,0.0,280.13,-0.5633,-0.123,9.8551,9.8719,P003_Weight_Stack_Seated_Leg_Extension_Releasing_Too_Fast_2_03.csv
3,10,2,5,2,35.588,35588,-0.6,0.77,9.85,9.8983,-0.0055,-0.0098,-0.1691,2.69,0.44,280.31,-0.5681,-0.0053,9.8544,9.8708,P003_Weight_Stack_Seated_Leg_Extension_Releasing_Too_Fast_2_03.csv
3,10,2,5,2,35.718,35718,-0.26,0.03,9.33,9.3337,-0.0251,0.0142,-0.0807,2.31,0.0,280.25,-0.5275,-0.0006,9.7853,9.7995,P003_Weight_Stack_Seated_Leg_Extension_Releasing_Too_Fast_2_03.csv
3,10,2,5,2,35.848,35848,-0.53,-0.18,9.76,9.776,-0.0273,0.0262,0.0305,2.38,0.06,280.19,-0.5278,-0.0243,9.782,9.7962,P003_Weight_Stack_Seated_Leg_Extension_Releasing_Too_Fast_2_03.csv
3,10,2,5,2,36.021,36021,-0.83,-0.07,9.61,9.646,-0.0055,-0.0458,0.0185,2.56,0.06,280.19,-0.5677,-0.0303,9.7593,9.7759,P003_Weight_Stack_Seated_Leg_Extension_Releasing_Too_Fast_2_03.csv
3,10,2,5,2,36.151,36151,-0.43,-0.06,9.97,9.9794,0.0098,0.0742,0.0087,2.38,0.13,280.19,-0.5495,-0.0342,9.7871,9.8026,P003_Weight_Stack_Seated_Leg_Extension_Releasing_Too_Fast_2_03.csv
3,10,2,5,2,36.282,36282,-0.33,-0.14,9.74,9.7466,-0.0022,-0.0098,0.0109,2.25,0.13,280.25,-0.5206,-0.0482,9.7809,9.7948,P003_Weight_Stack_Seated_Leg_Extension_Releasing_Too_Fast_2_03.csv
3,10,2,5,2,36.413,36413,-0.59,0.07,9.82,9.838,0.0076,-0.0044,0.0044,2.31,0.13,280.19,-0.5297,-0.0326,9.786,9.8004,P003_Weight_Stack_Seated_Leg_Extension_Releasing_Too_Fast_2_03.csv
3,10,2,5,2,36.547,36547,-0.35,-0.09,9.65,9.6568,0.012,0.0033,0.0,2.31,0.06,280.25,-0.5061,-0.0402,9.7681,9.7813,P003_Weight_Stack_Seated_Leg_Extension_Releasing_Too_Fast_2_03.csv
3,10,2,5,2,36.68,36680,-0.53,-0.04,9.73,9.7445,0.0087,-0.0131,0.0087,2.38,0.06,280.25,-0.5092,-0.0401,9.7631,9.7764,P003_Weight_Stack_Seated_Leg_Extension_Releasing_Too_Fast_2_03.csv
3,10,2,5,2,36.811,36811,-0.8,0.04,9.84,9.8725,0.0153,-0.0131,-0.0044,2.38,0.0,280.25,-0.5475,-0.0296,9.7732,9.7886,P003_Weight_Stack_Seated_Leg_Extension_Releasing_Too_Fast_2_03.csv
3,10,2,5,2,36.941,36941,-0.52,-0.02,9.66,9.674,0.0131,-0.0055,-0.012,2.44,0.0,280.25,-0.5439,-0.0283,9.7583,9.7735,P003_Weight_Stack_Seated_Leg_Extension_Releasing_Too_Fast_2_03.csv
3,10,2,5,2,37.114,37114,-0.6,-0.12,8.93,8.9509,0.0098,-0.012,-0.0044,2.44,0.0,280.25,-0.5513,-0.0404,9.6492,9.665,P003_Weight_Stack_Seated_Leg_Extension_Releasing_Too_Fast_2_03.csv
3,10,2,5,2,37.244,37244,-0.56,0.06,8.35,8.369,0.0011,0.0044,-0.024,2.44,-0.06,280.19,-0.5524,-0.0272,9.478,9.4941,P003_Weight_Stack_Seated_Leg_Extension_Releasing_Too_Fast_2_03.csv
3,10,2,5,2,37.375,37375,-0.53,-0.1,9.27,9.2857,0.024,-0.0131,0.0065,2.44,-0.06,280.25,-0.5495,-0.0368,9.4506,9.4666,P003_Weight_Stack_Seated_Leg_Extension_Releasing_Too_Fast_2_03.csv
3,11,2,5,2,37.505,37505,-0.46,-0.01,10.04,10.0505,-0.0065,-0.0196,0.0044,2.5,-0.06,280.19,-0.5377,-0.0332,9.5282,9.5434,P003_Weight_Stack_Seated_Leg_Extension_Releasing_Too_Fast_2_03.csv
3,11,2,5,2,37.636,37636,-0.63,-0.07,9.99,10.0101,-0.0076,0.0098,0.0076,2.5,-0.06,280.25,-0.5499,-0.0381,9.5891,9.6049,P003_Weight_Stack_Seated_Leg_Extension_Releasing_Too_Fast_2_03.csv
3,11,2,5,2,37.767,37767,-0.28,-0.02,9.27,9.2742,-0.0022,0.0065,0.0164,2.44,-0.06,280.25,-0.5143,-0.0357,9.547,9.5609,P003_Weight_Stack_Seated_Leg_Extension_Releasing_Too_Fast_2_03.csv
3,11,2,5,2,37.902,37902,-0.58,-0.1,8.11,8.1313,-0.0098,-0.0218,-0.0065,2.5,-0.06,280.25,-0.523,-0.0442,9.3577,9.3724,P003_Weight_Stack_Seated_Leg_Extension_Releasing_Too_Fast_2_03.csv
3,11,2,5,2,38.032,38032,-0.3,0.05,8.45,8.4555,-0.0295,0.0087,0.0098,2.5,0.0,280.25,-0.4936,-0.0318,9.2381,9.2513,P003_Weight_Stack_Seated_Leg_Extension_Releasing_Too_Fast_2_03.csv
3,11,2,5,2,38.205,38205,-0.66,0.09,11.48,11.4993,-0.0175,-0.0131,-0.0196,2.56,0.13,280.19,-0.5155,-0.0157,9.5335,9.5474,P003_Weight_Stack_Seated_Leg_Extension_Releasing_Too_Fast_2_03.csv
3,11,2,5,2,38.335,38335,-0.33,0.0,11.57,11.5747,0.0229,0.0065,-0.0175,2.63,0.13,280.19,-0.4911,-0.0136,9.8019,9.8142,P003_Weight_Stack_Seated_Leg_Extension_Releasing_Too_Fast_2_03.csv
3,11,2,5,2,38.465,38465,-0.84,0.03,9.37,9.4076,-0.0055,-0.0262,0.0109,2.56,0.13,280.13,-0.537,-0.0079,9.7449,9.7597,P003_Weight_Stack_Seated_Leg_Extension_Releasing_Too_Fast_2_03.csv
3,11,2,5,2,38.595,38595,-0.38,0.1,9.66,9.668,0.0022,0.0076,-0.0164,2.56,0.13,280.13,-0.5163,0.0063,9.7337,9.7474,P003_Weight_Stack_Seated_Leg_Extension_Releasing_Too_Fast_2_03.csv
3,11,2,5,2,38.725,38725,0.35,-0.2,10.1,10.108,-0.0644,0.0665,-0.0055,2.38,0.25,280.13,-0.4022,-0.0209,9.782,9.7903,P003_Weight_Stack_Seated_Leg_Extension_Releasing_Too_Fast_2_03.csv
3,11,2,5,2,38.856,38856,-0.44,-0.1,9.66,9.6705,0.0436,0.0349,0.012,2.38,0.13,280.13,-0.4072,-0.0313,9.7659,9.7745,P003_Weight_Stack_Seated_Leg_Extension_Releasing_Too_Fast_2_03.csv
3,11,2,5,2,38.986,38986,-0.4,-0.01,10.38,10.3877,-0.0022,0.0109,0.0011,2.38,0.13,280.13,-0.4062,-0.0285,9.8469,9.8553,P003_Weight_Stack_Seated_Leg_Extension_Releasing_Too_Fast_2_03.csv
3,11,2,5,2,39.116,39116,-0.47,0.0,10.36,10.3707,0.0011,-0.0175,0.0033,2.38,0.13,280.13,-0.4146,-0.0247,9.9145,9.9232,P003_Weight_Stack_Seated_Leg_Extension_Releasing_Too_Fast_2_03.csv
3,11,2,5,2,39.289,39289,-0.38,0.03,9.63,9.6375,0.0022,0.0011,0.0109,2.38,0.13,280.13,-0.4101,-0.0175,9.877,9.8855,P003_Weight_Stack_Seated_Leg_Extension_Releasing_Too_Fast_2_03.csv
3,11,2,5,2,39.42,39420,-0.38,0.02,9.64,9.6475,0.0044,-0.012,0.0076,2.38,0.06,280.13,-0.4061,-0.0126,9.8458,9.8541,P003_Weight_Stack_Seated_Leg_Extension_Releasing_Too_Fast_2_03.csv
3,11,2,5,2,39.55,39550,-0.46,0.03,9.93,9.9407,0.0011,0.0055,0.0022,2.44,0.06,280.13,-0.4132,-0.007,9.8569,9.8655,P003_Weight_Stack_Seated_Leg_Extension_Releasing_Too_Fast_2_03.csv
3,11,2,5,2,39.686,39686,-0.45,-0.01,10.38,10.3898,0.012,-0.0011,-0.0044,2.44,0.06,280.13,-0.4181,-0.0074,9.9258,9.9346,P003_Weight_Stack_Seated_Leg_Extension_Releasing_Too_Fast_2_03.csv
3,11,2,5,2,39.818,39818,-0.41,-0.02,10.26,10.2682,0.0142,-0.0076,-0.0011,2.44,0.0,280.13,-0.417,-0.009,9.9698,9.9786,P003_Weight_Stack_Seated_Leg_Extension_Releasing_Too_Fast_2_03.csv
3,11,2,5,2,39.948,39948,-0.8,0.09,9.74,9.7732,0.0087,-0.0109,-0.0044,2.44,0.0,280.13,-0.4675,0.004,9.9395,9.9505,P003_Weight_Stack_Seated_Leg_Extension_Releasing_Too_Fast_2_03.csv
3,11,2,5,2,40.079,40079,-0.52,-0.05,8.46,8.4761,0.0055,-0.0109,-0.0109,2.44,0.0,280.13,-0.4744,-0.0031,9.7446,9.7561,P003_Weight_Stack_Seated_Leg_Extension_Releasing_Too_Fast_2_03.csv
3,11,2,5,2,40.209,40209,-0.23,-0.01,9.06,9.0629,0.0033,0.0033,-0.0044,2.5,0.0,280.13,-0.4422,-0.004,9.6544,9.6645,P003_Weight_Stack_Seated_Leg_Extension_Releasing_Too_Fast_2_03.csv
3,11,2,5,2,40.382,40382,-0.62,-0.08,9.76,9.78,0.012,-0.0327,0.0011,2.56,0.0,280.06,-0.4656,-0.014,9.6683,9.6795,P003_Weight_Stack_Seated_Leg_Extension_Releasing_Too_Fast_2_03.csv
3,11,2,5,2,40.512,40512,-0.18,0.13,9.85,9.8525,-0.0098,-0.0164,-0.0185,2.56,0.0,280.13,-0.428,0.005,9.6922,9.7017,P003_Weight_Stack_Seated_Leg_Extension_Releasing_Too_Fast_2_03.csv
3,11,2,5,2,40.644,40644,-0.55,-0.12,8.35,8.369,0.0109,-0.0175,0.0142,2.5,0.0,280.13,-0.4441,-0.0115,9.5154,9.5257,P003_Weight_Stack_Seated_Leg_Extension_Releasing_Too_Fast_2_03.csv
3,12,2,5,2,40.775,40775,-0.26,0.08,10.17,10.1736,-0.0469,-0.0033,0.024,2.56,0.06,280.13,-0.4198,0.0005,9.6016,9.6108,P003_Weight_Stack_Seated_Leg_Extension_Releasing_Too_Fast_2_03.csv
3,12,2,5,2,40.91,40910,-0.37,0.19,11.87,11.8773,-0.0382,0.0218,-0.0338,2.56,0.19,280.13,-0.4132,0.0255,9.9005,9.9092,P003_Weight_Stack_Seated_Leg_Extension_Releasing_Too_Fast_2_03.csv
3,12,2,5,2,41.041,41041,-0.49,0.04,12.25,12.2599,0.0164,-0.0229,0.0295,2.56,0.19,280.06,-0.4234,0.0274,10.2101,10.2189,P003_Weight_Stack_Seated_Leg_Extension_Releasing_Too_Fast_2_03.csv
3,12,2,5,2,41.172,41172,-0.44,0.13,9.85,9.8607,0.0022,0.0284,-0.0185,2.5,0.25,280.06,-0.4255,0.0409,10.1627,10.1717,P003_Weight_Stack_Seated_Leg_Extension_Releasing_Too_Fast_2_03.csv
3,12,2,5,2,41.302,41302,-0.27,0.04,9.42,9.424,-0.0185,-0.0218,0.0011,2.5,0.19,280.06,-0.4051,0.0408,10.0648,10.073,P003_Weight_Stack_Seated_Leg_Extension_Releasing_Too_Fast_2_03.csv
3,12,2,5,2,41.475,41475,-0.48,0.02,10.14,10.1514,0.0229,0.0175,-0.0011,2.69,0.25,280.0,-0.4149,0.0381,10.0747,10.0833,P003_Weight_Stack_Seated_Leg_Extension_Releasing_Too_Fast_2_03.csv
3,12,2,5,2,41.605,41605,-0.46,-0.07,10.19,10.2006,-0.0011,0.048,-0.0098,2.5,0.19,280.0,-0.4209,0.0238,10.0899,10.0987,P003_Weight_Stack_Seated_Leg_Extension_Releasing_Too_Fast_2_03.csv
3,12,2,5,2,41.736,41736,-0.45,0.06,10.46,10.4698,-0.0065,0.0044,0.0087,2.38,0.19,280.0,-0.4247,0.0286,10.1387,10.1476,P003_Weight_Stack_Seated_Leg_Extension_Releasing_Too_Fast_2_03.csv
3,12,2,5,2,41.871,41871,-0.39,0.1,10.11,10.118,0.0022,0.0033,-0.0055,2.44,0.19,280.0,-0.4201,0.038,10.1349,10.1437,P003_Weight_Stack_Seated_Leg_Extension_Releasing_Too_Fast_2_03.csv
3,12,2,5,2,42.003,42003,-0.41,-0.02,9.6,9.6088,0.0,0.0065,0.0033,2.44,0.19,280.06,-0.4188,0.0304,10.0644,10.0732,P003_Weight_Stack_Seated_Leg_Extension_Releasing_Too_Fast_2_03.csv
3,12,2,5,2,42.133,42133,-0.6,-0.04,9.34,9.3593,0.0076,-0.0065,-0.0033,2.5,0.13,280.06,-0.4427,0.0211,9.969,9.9788,P003_Weight_Stack_Seated_Leg_Extension_Releasing_Too_Fast_2_03.csv
3,12,2,5,2,42.264,42264,-0.31,0.01,10.21,10.2147,0.0175,-0.0033,-0.0022,2.5,0.13,280.13,-0.4252,0.0196,10.0007,10.0098,P003_Weight_Stack_Seated_Leg_Extension_Releasing_Too_Fast_2_03.csv
3,12,2,5,2,42.394,42394,-0.32,0.0,9.9,9.9052,0.0011,-0.0022,-0.0076,2.5,0.06,280.13,-0.4113,0.017,9.9874,9.9959,P003_Weight_Stack_Seated_Leg_Extension_Releasing_Too_Fast_2_03.csv
3,12,2,5,2,42.567,42567,-0.54,-0.16,10.75,10.7647,0.0164,-0.0098,0.0,2.44,0.0,280.13,-0.4283,-0.0063,10.0879,10.097,P003_Weight_Stack_Seated_Leg_Extension_Releasing_Too_Fast_2_03.csv
3,12,2,5,2,42.701,42701,-0.44,-0.12,9.22,9.2313,0.0251,-0.0164,-0.0033,2.44,0.0,280.06,-0.4298,-0.0213,9.9736,9.9828,P003_Weight_Stack_Seated_Leg_Extension_Releasing_Too_Fast_2_03.csv
3,12,2,5,2,42.831,42831,-0.69,-0.09,8.91,8.9371,0.0098,-0.0044,0.0011,2.5,0.0,280.06,-0.4641,-0.0303,9.8334,9.8444,P003_Weight_Stack_Seated_Leg_Extension_Releasing_Too_Fast_2_03.csv
3,12,2,5,2,42.965,42965,-0.36,0.14,9.92,9.9275,-0.0055,-0.0295,-0.0087,2.56,0.0,280.06,-0.4504,-0.0079,9.8448,9.8551,P003_Weight_Stack_Seated_Leg_Extension_Releasing_Too_Fast_2_03.csv
3,12,2,5,2,43.096,43096,-0.49,0.0,10.19,10.2018,-0.0153,-0.0076,-0.0076,2.5,0.0,280.06,-0.4556,-0.0068,9.8903,9.9008,P003_Weight_Stack_Seated_Leg_Extension_Releasing_Too_Fast_2_03.csv
3,12,2,5,2,43.226,43226,-0.71,-0.01,9.4,9.4268,-0.0131,0.0,-0.0098,2.5,0.0,280.06,-0.4891,-0.0073,9.8257,9.8379,P003_Weight_Stack_Seated_Leg_Extension_Releasing_Too_Fast_2_03.csv
3,12,2,5,2,43.356,43356,-0.36,0.06,8.66,8.6677,-0.0055,-0.0131,-0.0055,2.56,0.0,280.06,-0.4721,0.0016,9.6721,9.6836,P003_Weight_Stack_Seated_Leg_Extension_Releasing_Too_Fast_2_03.csv
3,12,2,5,2,43.487,43487,-0.8,-0.27,8.32,8.3627,-0.0055,0.0131,0.0229,2.56,0.0,280.13,-0.5153,-0.0342,9.4939,9.508,P003_Weight_Stack_Seated_Leg_Extension_Releasing_Too_Fast_2_03.csv
3,13,2,5,2,43.66,43660,-0.86,-0.19,10.07,10.1084,-0.0382,-0.0175,0.0033,2.56,0.13,280.13,-0.5607,-0.0547,9.5698,9.5864,P003_Weight_Stack_Seated_Leg_Extension_Releasing_Too_Fast_2_03.csv
3,13,2,5,2,43.796,43796,-0.74,-0.14,9.9,9.9286,-0.0044,0.0131,-0.012,2.63,0.13,280.06,-0.5844,-0.066,9.6133,9.6313,P003_Weight_Stack_Seated_Leg_Extension_Releasing_Too_Fast_2_03.csv
3,13,2,5,2,43.928,43928,-0.14,-0.08,10.36,10.3613,-0.0076,-0.0131,0.0273,2.56,0.13,280.06,-0.5258,-0.0678,9.7117,9.7262,P003_Weight_Stack_Seated_Leg_Extension_Releasing_Too_Fast_2_03.csv
3,13,2,5,2,44.058,44058,-0.78,0.02,9.84,9.8709,-0.0185,-0.0142,0.0142,2.63,0.13,280.0,-0.5593,-0.0562,9.7286,9.7449,P003_Weight_Stack_Seated_Leg_Extension_Releasing_Too_Fast_2_03.csv
3,13,2,5,2,44.188,44188,-0.49,-0.16,9.66,9.6737,-0.0251,0.0131,0.0022,2.56,0.19,280.06,-0.5502,-0.0699,9.7196,9.7354,P003_Weight_Stack_Seated_Leg_Extension_Releasing_Too_Fast_2_03.csv
3,13,2,5,2,44.319,44319,-0.54,0.0,10.08,10.0945,0.0098,-0.0218,0.0055,2.56,0.13,280.0,-0.5488,-0.0607,9.7671,9.7827,P003_Weight_Stack_Seated_Leg_Extension_Releasing_Too_Fast_2_03.csv
3,13,2,5,2,44.449,44449,-0.65,-0.05,9.99,10.0112,0.0207,-0.0305,0.0011,2.5,0.31,280.0,-0.5622,-0.0593,9.7965,9.8128,P003_Weight_Stack_Seated_Leg_Extension_Releasing_Too_Fast_2_03.csv
3,13,2,5,2,44.58,44580,-0.64,0.0,9.72,9.741,-0.0175,0.0044,-0.0065,2.38,0.13,280.0,-0.5724,-0.0515,9.7864,9.8032,P003_Weight_Stack_Seated_Leg_Extension_Releasing_Too_Fast_2_03.csv
3,13,2,5,2,44.752,44752,-0.45,0.0,10.27,10.2799,0.0,-0.0011,-0.0087,2.44,0.13,280.0,-0.5563,-0.0447,9.8501,9.8659,P003_Weight_Stack_Seated_Leg_Extension_Releasing_Too_Fast_2_03.csv
3,13,2,5,2,44.882,44882,-0.46,-0.04,10.23,10.2404,0.0011,-0.0011,0.0087,2.44,0.13,280.0,-0.5436,-0.0441,9.9002,9.9152,P003_Weight_Stack_Seated_Leg_Extension_Releasing_Too_Fast_2_03.csv
3,13,2,5,2,45.012,45012,-0.48,0.0,9.92,9.9316,0.0033,-0.0065,0.0022,2.44,0.13,280.0,-0.5352,-0.0383,9.9028,9.9173,P003_Weight_Stack_Seated_Leg_Extension_Releasing_Too_Fast_2_03.csv
3,13,2,5,2,45.142,45142,-0.5,0.01,9.94,9.9526,0.0044,0.0065,-0.0011,2.44,0.13,280.0,-0.5306,-0.0319,9.9077,9.9219,P003_Weight_Stack_Seated_Leg_Extension_Releasing_Too_Fast_2_03.csv
3,13,2,5,2,45.272,45272,-0.46,0.0,9.49,9.5011,0.0044,-0.0022,0.0033,2.44,0.13,280.0,-0.5213,-0.0277,9.8526,9.8665,P003_Weight_Stack_Seated_Leg_Extension_Releasing_Too_Fast_2_03.csv
3,13,2,5,2,45.402,45402,-0.46,-0.02,9.81,9.8208,0.0033,0.0055,0.0011,2.44,0.13,280.0,-0.5132,-0.0267,9.847,9.8604,P003_Weight_Stack_Seated_Leg_Extension_Releasing_Too_Fast_2_03.csv
3,13,2,5,2,45.532,45532,-0.79,-0.04,9.87,9.9016,0.0207,-0.0185,-0.0033,2.44,0.13,280.0,-0.5497,-0.0284,9.8501,9.8654,P003_Weight_Stack_Seated_Leg_Extension_Releasing_Too_Fast_2_03.csv
3,13,2,5,2,45.662,45662,-0.63,-0.01,9.84,9.8602,0.012,-0.0109,0.0055,2.44,0.06,280.0,-0.5603,-0.026,9.8487,9.8647,P003_Weight_Stack_Seated_Leg_Extension_Releasing_Too_Fast_2_03.csv
3,13,2,5,2,45.835,45835,-0.33,0.02,9.36,9.3658,-0.0011,0.0033,-0.0076,2.44,0.06,280.0,-0.5299,-0.0199,9.7843,9.7987,P003_Weight_Stack_Seated_Leg_Extension_Releasing_Too_Fast_2_03.csv
3,13,2,5,2,45.965,45965,-0.32,0.07,9.39,9.3957,-0.0022,0.0,0.0076,2.44,0.0,279.94,-0.5023,-0.0081,9.7324,9.7453,P003_Weight_Stack_Seated_Leg_Extension_Releasing_Too_Fast_2_03.csv
3,13,2,5,2,46.096,46096,-0.65,-0.11,9.3,9.3233,-0.0131,-0.0164,0.0011,2.5,0.0,280.0,-0.5217,-0.0215,9.6754,9.6895,P003_Weight_Stack_Seated_Leg_Extension_Releasing_Too_Fast_2_03.csv
3,13,2,5,2,46.232,46232,-0.48,-0.03,10.48,10.491,0.0153,-0.0196,0.0207,2.56,0.0,279.94,-0.5162,-0.0226,9.7814,9.7951,P003_Weight_Stack_Seated_Leg_Extension_Releasing_Too_Fast_2_03.csv
3,13,2,5,2,46.364,46364,-0.67,-0.1,8.38,8.4073,-0.0218,0.036,-0.0131,2.5,0.0,280.0,-0.5365,-0.0328,9.5967,9.6118,P003_Weight_Stack_Seated_Leg_Extension_Releasing_Too_Fast_2_03.csv
3,13,2,5,2,46.494,46494,-0.55,0.0,7.5,7.5201,-0.0316,0.0338,0.0076,2.5,0.06,279.94,-0.5383,-0.0285,9.3204,9.336,P003_Weight_Stack_Seated_Leg_Extension_Releasing_Too_Fast_2_03.csv
3,13,2,5,2,46.624,46624,-0.07,0.09,0.9,0.9072,-0.0687,0.0164,-0.0044,2.5,0.19,279.94,-0.4766,-0.0129,8.2108,8.2247,P003_Weight_Stack_Seated_Leg_Extension_Releasing_Too_Fast_2_03.csv
3,13,2,5,2,46.755,46755,-0.91,4.58,3.27,5.7006,0.3251,0.3338,0.0916,2.25,0.38,281.31,-0.5337,0.5923,7.5598,7.6017,P003_Weight_Stack_Seated_Leg_Extension_Releasing_Too_Fast_2_03.csv
3,13,2,5,2,46.928,46928,-0.55,-0.81,9.93,9.9782,0.1189,-0.0807,-0.0644,2.44,0.0,281.13,-0.5358,0.4075,7.8721,7.9008,P003_Weight_Stack_Seated_Leg_Extension_Releasing_Too_Fast_2_03.csv
3,13,2,5,2,47.062,47062,-0.61,-0.13,7.59,7.6156,0.0098,-0.0098,0.0469,2.44,-0.06,281.25,-0.5456,0.3367,7.8349,7.8611,P003_Weight_Stack_Seated_Leg_Extension_Releasing_Too_Fast_2_03.csv
3,13,2,5,2,47.193,47193,-0.65,0.14,9.46,9.4833,0.0109,-0.0022,0.024,2.25,0.06,281.38,-0.5594,0.3108,8.0491,8.0745,P003_Weight_Stack_Seated_Leg_Extension_Releasing_Too_Fast_2_03.csv
3,13,2,5,2,47.326,47326,-0.46,0.11,9.76,9.7715,-0.0011,-0.0022,0.0033,2.19,0.19,281.38,-0.5463,0.2843,8.2745,8.2974,P003_Weight_Stack_Seated_Leg_Extension_Releasing_Too_Fast_2_03.csv
3,13,2,5,2,47.457,47457,-0.47,0.05,9.81,9.8214,0.0011,0.0022,0.0,2.25,0.13,281.38,-0.5362,0.2534,8.4769,8.4976,P003_Weight_Stack_Seated_Leg_Extension_Releasing_Too_Fast_2_03.csv
4,1,2,5,2,0.0,0,0.09,-0.32,9.85,9.8556,-0.0011,0.0022,0.0011,-0.25,-2.25,324.94,0.0715,-0.3299,9.8249,9.8307,P004_Weight_Stack_Seated_Leg_Extension_Releasing_Too_Fast_2_01.csv
4,1,2,5,2,0.13,130,0.05,-0.34,9.8,9.806,-0.0022,0.0,0.0011,-0.25,-2.25,324.94,0.0687,-0.3312,9.8216,9.8275,P004_Weight_Stack_Seated_Leg_Extension_Releasing_Too_Fast_2_01.csv
4,1,2,5,2,0.303,303,0.09,-0.34,9.83,9.8363,-0.0011,-0.0011,-0.0033,-0.25,-2.25,324.94,0.0715,-0.3324,9.8227,9.8286,P004_Weight_Stack_Seated_Leg_Extension_Releasing_Too_Fast_2_01.csv
4,1,2,5,2,0.434,434,0.08,-0.36,9.81,9.8169,-0.0011,0.0,-0.0011,-0.25,-2.25,324.94,0.0726,-0.336,9.8211,9.8271,P004_Weight_Stack_Seated_Leg_Extension_Releasing_Too_Fast_2_01.csv
4,1,2,5,2,0.57,570,0.06,-0.36,9.82,9.8268,0.0022,0.0022,0.0,-0.25,-2.25,324.94,0.071,-0.3392,9.8209,9.827,P004_Weight_Stack_Seated_Leg_Extension_Releasing_Too_Fast_2_01.csv
4,1,2,5,2,0.701,701,0.08,-0.33,9.83,9.8359,0.0,0.0011,0.0,-0.25,-2.25,324.94,0.0721,-0.338,9.8221,9.8282,P004_Weight_Stack_Seated_Leg_Extension_Releasing_Too_Fast_2_01.csv
4,1,2,5,2,0.832,832,0.07,-0.32,9.81,9.8155,-0.0011,0.0022,0.0011,-0.25,-2.25,324.94,0.0719,-0.3356,9.8205,9.8265,P004_Weight_Stack_Seated_Leg_Extension_Releasing_Too_Fast_2_01.csv
4,1,2,5,2,0.962,962,0.07,-0.3,9.84,9.8448,0.0011,0.0011,0.0011,-0.25,-2.25,324.94,0.0716,-0.3309,9.8231,9.8289,P004_Weight_Stack_Seated_Leg_Extension_Releasing_Too_Fast_2_01.csv
4,1,2,5,2,1.093,1093,0.08,-0.32,9.81,9.8155,0.0011,-0.0033,0.0011,-0.25,-2.25,324.94,0.0727,-0.3295,9.8214,9.8272,P004_Weight_Stack_Seated_Leg_Extension_Releasing_Too_Fast_2_01.csv
4,1,2,5,2,1.224,1224,0.08,-0.33,9.83,9.8359,-0.0011,0.0,0.0,-0.25,-2.25,324.94,0.0737,-0.3295,9.8225,9.8283,P004_Weight_Stack_Seated_Leg_Extension_Releasing_Too_Fast_2_01.csv
4,1,2,5,2,1.397,1397,0.06,-0.44,11.37,11.3787,-0.0229,0.0142,-0.0142,-0.25,-2.25,324.94,0.0719,-0.3441,10.0264,10.0326,P004_Weight_Stack_Seated_Leg_Extension_Releasing_Too_Fast_2_01.csv
4,1,2,5,2,1.531,1531,0.1,-0.32,11.06,11.0651,0.0098,-0.0098,0.0033,-0.31,-2.19,324.88,0.0756,-0.3409,10.1626,10.1686,P004_Weight_Stack_Seated_Leg_Extension_Releasing_Too_Fast_2_01.csv
4,1,2,5,2,1.664,1664,0.0,-0.4,10.64,10.6475,0.0033,0.0033,-0.0011,-0.25,-2.19,324.88,0.0656,-0.3487,10.2255,10.2317,P004_Weight_Stack_Seated_Leg_Extension_Releasing_Too_Fast_2_01.csv
4,1,2,5,2,1.795,1795,0.01,-0.08,9.92,9.9203,0.0087,-0.0131,0.0033,-0.25,-2.25,324.88,0.0583,-0.3133,10.1853,10.1903,P004_Weight_Stack_Seated_Leg_Extension_Releasing_Too_Fast_2_01.csv
4,1,2,5,2,1.925,1925,0.09,-0.13,10.04,10.0412,0.0055,0.0022,0.0011,-0.25,-2.25,324.88,0.0625,-0.2891,10.1661,10.1704,P004_Weight_Stack_Seated_Leg_Extension_Releasing_Too_Fast_2_01.csv
4,1,2,5,2,2.055,2055,-0.01,-0.12,9.97,9.9707,0.0033,-0.0076,0.0011,-0.19,-2.25,324.88,0.0529,-0.2669,10.1403,10.1439,P004_Weight_Stack_Seated_Leg_Extension_Releasing_Too_Fast_2_01.csv
4,1,2,5,2,2.185,2185,0.17,-0.29,10.22,10.2255,0.0153,-0.0175,0.0033,-0.19,-2.31,324.88,0.0684,-0.2699,10.1508,10.1546,P004_Weight_Stack_Seated_Leg_Extension_Releasing_Too_Fast_2_01.csv
4,1,2,5,2,2.316,2316,-0.65,0.66,10.22,10.2619,-0.0109,-0.0175,-0.0011,-0.19,-2.38,324.88,-0.0263,-0.1474,10.1599,10.161,P004_Weight_Stack_Seated_Leg_Extension_Releasing_Too_Fast_2_01.csv
4,1,2,5,2,2.49,2490,0.15,-0.51,9.24,9.2553,0.0229,0.0087,-0.0098,-0.19,-2.44,324.88,-0.0031,-0.1952,10.0387,10.0406,P004_Weight_Stack_Seated_Leg_Extension_Releasing_Too_Fast_2_01.csv
4,1,2,5,2,2.626,2626,0.17,-0.21,8.69,8.6942,0.0065,-0.0065,-0.0022,-0.19,-2.5,324.88,0.0197,-0.1971,9.861,9.863,P004_Weight_Stack_Seated_Leg_Extension_Releasing_Too_Fast_2_01.csv
4,1,2,5,2,2.757,2757,0.06,-0.42,8.63,8.6404,-0.0044,0.0,0.0098,-0.19,-2.5,324.88,0.025,-0.2265,9.6988,9.7014,P004_Weight_Stack_Seated_Leg_Extension_Releasing_Too_Fast_2_01.csv
4,1,2,5,2,2.887,2887,0.06,-0.28,8.61,8.6148,-0.0055,0.0033,0.0022,-0.19,-2.5,324.88,0.0296,-0.2335,9.5553,9.5582,P004_Weight_Stack_Seated_Leg_Extension_Releasing_Too_Fast_2_01.csv
4,1,2,5,2,3.018,3018,-0.22,-0.19,9.3,9.3045,-0.0022,0.0011,-0.0055,-0.13,-2.44,324.88,-0.0033,-0.2278,9.5216,9.5244,P004_Weight_Stack_Seated_Leg_Extension_Releasing_Too_Fast_2_01.csv
4,2,2,5,2,3.148,3148,-0.14,0.13,9.61,9.6119,-0.0207,0.0076,0.012,-0.13,-2.38,324.88,-0.0213,-0.1806,9.5333,9.535,P004_Weight_Stack_Seated_Leg_Extension_Releasing_Too_Fast_2_01.csv
4,2,2,5,2,3.278,3278,0.23,-0.15,10.83,10.8335,-0.0022,0.0022,0.0022,-0.25,-2.31,324.81,0.0118,-0.1766,9.7042,9.7058,P004_Weight_Stack_Seated_Leg_Extension_Releasing_Too_Fast_2_01.csv
4,2,2,5,2,3.409,3409,0.05,-0.17,11.62,11.6214,-0.0076,0.0131,-0.0109,-0.25,-2.25,324.81,0.0169,-0.1757,9.9566,9.9582,P004_Weight_Stack_Seated_Leg_Extension_Releasing_Too_Fast_2_01.csv
4,2,2,5,2,3.583,3583,0.11,-0.31,9.65,9.6556,0.0,0.0044,-0.0022,-0.19,-2.25,324.81,0.0291,-0.1934,9.9162,9.9181,P004_Weight_Stack_Seated_Leg_Extension_Releasing_Too_Fast_2_01.csv
4,2,2,5,2,3.719,3719,1.1,-0.1,13.69,13.7345,-0.0011,-0.0011,-0.0011,-0.19,-2.25,324.81,0.1703,-0.1811,10.4135,10.4165,P004_Weight_Stack_Seated_Leg_Extension_Releasing_Too_Fast_2_01.csv
4,2,2,5,2,3.85,3850,-0.12,-0.15,10.08,10.0818,0.0011,0.0055,0.0,-0.25,-2.31,324.81,0.132,-0.177,10.3696,10.3719,P004_Weight_Stack_Seated_Leg_Extension_Releasing_Too_Fast_2_01.csv
4,2,2,5,2,3.98,3980,0.15,-0.31,9.81,9.816,-0.0022,0.0033,-0.0022,-0.25,-2.31,324.81,0.1344,-0.1945,10.2958,10.2985,P004_Weight_Stack_Seated_Leg_Extension_Releasing_Too_Fast_2_01.csv
4,2,2,5,2,4.11,4110,0.1,-0.31,9.83,9.8354,-0.0011,-0.0033,0.0065,-0.25,-2.31,324.81,0.1298,-0.2098,10.2344,10.2374,P004_Weight_Stack_Seated_Leg_Extension_Releasing_Too_Fast_2_01.csv
4,2,2,5,2,4.241,4241,0.1,-0.34,9.76,9.7664,-0.0044,0.0,-0.0087,-0.25,-2.31,324.88,0.1259,-0.2269,10.1719,10.1752,P004_Weight_Stack_Seated_Leg_Extension_Releasing_Too_Fast_2_01.csv
4,2,2,5,2,4.371,4371,0.04,-0.38,9.83,9.8374,0.0,-0.0022,0.0033,-0.25,-2.31,324.88,0.1146,-0.2471,10.1269,10.1305,P004_Weight_Stack_Seated_Leg_Extension_Releasing_Too_Fast_2_01.csv
4,2,2,5,2,4.502,4502,0.08,-0.31,9.81,9.8152,0.0022,0.0033,0.0011,-0.25,-2.31,324.88,0.11,-0.2554,10.0851,10.0889,P004_Weight_Stack_Seated_Leg_Extension_Releasing_Too_Fast_2_01.csv
4,2,2,5,2,4.674,4674,0.05,-0.36,9.83,9.8367,0.0,0.0,-0.0011,-0.25,-2.31,324.88,0.1021,-0.2692,10.0515,10.0556,P004_Weight_Stack_Seated_Leg_Extension_Releasing_Too_Fast_2_01.csv
4,2,2,5,2,4.804,4804,0.04,-0.34,9.81,9.816,0.0,0.0022,0.0,-0.25,-2.31,324.88,0.0939,-0.2785,10.0197,10.024,P004_Weight_Stack_Seated_Leg_Extension_Releasing_Too_Fast_2_01.csv
4,2,2,5,2,4.934,4934,0.06,-0.37,9.82,9.8272,0.0,0.0022,-0.0055,-0.25,-2.31,324.88,0.0895,-0.2906,9.9934,9.998,P004_Weight_Stack_Seated_Leg_Extension_Releasing_Too_Fast_2_01.csv
4,2,2,5,2,5.064,5064,0.15,-0.37,10.28,10.2877,0.0076,-0.012,0.0055,-0.31,-2.25,324.88,0.0974,-0.301,10.0311,10.0361,P004_Weight_Stack_Seated_Leg_Extension_Releasing_Too_Fast_2_01.csv
4,2,2,5,2,5.194,5194,0.15,-0.38,10.0,10.0083,-0.0185,0.0185,0.0207,-0.25,-2.31,324.88,0.1044,-0.3114,10.027,10.0324,P004_Weight_Stack_Seated_Leg_Extension_Releasing_Too_Fast_2_01.csv
4,2,2,5,2,5.324,5324,-0.03,-0.44,9.03,9.0408,0.0153,0.0055,0.0109,-0.25,-2.31,324.88,0.0867,-0.3284,9.8956,9.9015,P004_Weight_Stack_Seated_Leg_Extension_Releasing_Too_Fast_2_01.csv
4,2,2,5,2,5.454,5454,-0.06,-0.51,8.78,8.795,0.0055,-0.0011,-0.0055,-0.19,-2.38,324.94,0.0673,-0.3523,9.7486,9.7552,P004_Weight_Stack_Seated_Leg_Extension_Releasing_Too_Fast_2_01.csv
4,2,2,5,2,5.584,5584,0.0,-0.39,9.27,9.2782,0.0055,-0.0011,0.0055,-0.19,-2.38,324.94,0.0585,-0.3573,9.6856,9.6923,P004_Weight_Stack_Seated_Leg_Extension_Releasing_Too_Fast_2_01.csv
4,3,2,5,2,5.757,5757,0.07,-0.41,10.32,10.3284,0.0109,0.0,0.0044,-0.19,-2.38,324.94,0.06,-0.3642,9.7692,9.7761,P004_Weight_Stack_Seated_Leg_Extension_Releasing_Too_Fast_2_01.csv
4,3,2,5,2,5.887,5887,-0.15,-0.31,10.09,10.0959,0.0055,-0.012,-0.0044,-0.19,-2.38,324.94,0.0323,-0.3571,9.8114,9.818,P004_Weight_Stack_Seated_Leg_Extension_Releasing_Too_Fast_2_01.csv
4,3,2,5,2,6.017,6017,0.02,-0.3,10.07,10.0745,0.0142,0.0011,-0.0044,-0.19,-2.38,324.94,0.0307,-0.3496,9.8455,9.8518,P004_Weight_Stack_Seated_Leg_Extension_Releasing_Too_Fast_2_01.csv
4,3,2,5,2,6.147,6147,-0.1,-0.01,9.82,9.8205,-0.0044,0.0055,-0.0055,-0.19,-2.44,324.94,0.0135,-0.3048,9.8422,9.8469,P004_Weight_Stack_Seated_Leg_Extension_Releasing_Too_Fast_2_01.csv
4,3,2,5,2,6.277,6277,0.01,-0.42,8.75,8.7601,0.0011,-0.0055,0.0,-0.19,-2.44,324.94,0.013,-0.32,9.6982,9.7035,P004_Weight_Stack_Seated_Leg_Extension_Releasing_Too_Fast_2_01.csv
4,3,2,5,2,6.407,6407,-0.01,-0.19,8.82,8.8221,-0.0065,0.0,-0.0044,-0.19,-2.44,324.88,0.01,-0.3029,9.5825,9.5873,P004_Weight_Stack_Seated_Leg_Extension_Releasing_Too_Fast_2_01.csv
4,3,2,5,2,6.537,6537,0.03,-0.34,8.67,8.6767,-0.0065,0.0022,0.0076,-0.19,-2.44,324.88,0.0126,-0.3078,9.4623,9.4673,P004_Weight_Stack_Seated_Leg_Extension_Releasing_Too_Fast_2_01.csv
4,3,2,5,2,6.667,6667,0.56,-0.58,8.59,8.6278,-0.0349,-0.0196,0.0207,-0.19,-2.38,324.94,0.0847,-0.3436,9.3473,9.354,P004_Weight_Stack_Seated_Leg_Extension_Releasing_Too_Fast_2_01.csv
4,3,2,5,2,6.84,6840,0.25,-0.13,10.24,10.2439,-0.0055,0.0098,-0.0196,-0.25,-2.25,324.94,0.1065,-0.3155,9.465,9.4708,P004_Weight_Stack_Seated_Leg_Extension_Releasing_Too_Fast_2_01.csv
4,3,2,5,2,6.975,6975,-0.01,-0.43,11.58,11.588,-0.0055,0.0011,0.0098,-0.31,-2.13,324.88,0.0912,-0.3306,9.7437,9.7497,P004_Weight_Stack_Seated_Leg_Extension_Releasing_Too_Fast_2_01.csv
4,3,2,5,2,7.108,7108,-0.09,-0.37,11.17,11.1765,0.0022,-0.012,-0.0044,-0.31,-2.13,324.88,0.0673,-0.3358,9.9316,9.9375,P004_Weight_Stack_Seated_Leg_Extension_Releasing_Too_Fast_2_01.csv
4,3,2,5,2,7.238,7238,0.07,-0.27,9.46,9.4641,0.0011,-0.012,-0.0011,-0.19,-2.13,324.88,0.0677,-0.3271,9.8695,9.8751,P004_Weight_Stack_Seated_Leg_Extension_Releasing_Too_Fast_2_01.csv
4,3,2,5,2,7.369,7369,0.09,-0.25,9.21,9.2138,-0.0055,0.0185,-0.0055,-0.25,-2.13,324.88,0.0706,-0.3169,9.7826,9.788,P004_Weight_Stack_Seated_Leg_Extension_Releasing_Too_Fast_2_01.csv
4,3,2,5,2,7.499,7499,-0.25,-0.85,18.02,18.0418,-0.024,0.084,-0.0033,-0.31,-2.13,324.88,0.0284,-0.3872,10.8681,10.875,P004_Weight_Stack_Seated_Leg_Extension_Releasing_Too_Fast_2_01.csv
4,3,2,5,2,7.629,7629,0.02,-0.22,9.89,9.8925,0.0,0.0033,-0.0065,-0.31,-2.19,324.88,0.0273,-0.3652,10.7392,10.7454,P004_Weight_Stack_Seated_Leg_Extension_Releasing_Too_Fast_2_01.csv
4,3,2,5,2,7.76,7760,0.09,-0.37,9.86,9.8673,-0.0011,0.0,0.0,-0.31,-2.13,324.88,0.0355,-0.3658,10.6233,10.6297,P004_Weight_Stack_Seated_Leg_Extension_Releasing_Too_Fast_2_01.csv
4,3,2,5,2,7.933,7933,0.12,-0.41,9.91,9.9192,0.012,-0.0033,0.0076,-0.31,-2.19,325.0,0.0467,-0.3716,10.5293,10.536,P004_Weight_Stack_Seated_Leg_Extension_Releasing_Too_Fast_2_01.csv
4,3,2,5,2,8.064,8064,0.09,-0.29,9.82,9.8247,-0.012,0.0076,-0.0196,-0.31,-2.19,324.94,0.0524,-0.3609,10.4358,10.4422,P004_Weight_Stack_Seated_Leg_Extension_Releasing_Too_Fast_2_01.csv
4,3,2,5,2,8.196,8196,0.09,-0.16,8.99,8.9919,0.0218,-0.0109,0.0295,-0.31,-2.19,324.94,0.0573,-0.3344,10.2453,10.2509,P004_Weight_Stack_Seated_Leg_Extension_Releasing_Too_Fast_2_01.csv
4,3,2,5,2,8.326,8326,-0.66,-0.57,11.03,11.0644,0.0022,-0.0229,0.0218,0.0,-2.5,325.13,-0.0372,-0.3654,10.3487,10.3552,P004_Weight_Stack_Seated_Leg_Extension_Releasing_Too_Fast_2_01.csv
4,3,2,5,2,8.461,8461,0.75,-0.73,11.18,11.2289,0.0142,-0.024,0.0,-0.13,-2.44,325.06,0.0665,-0.4135,10.4583,10.4666,P004_Weight_Stack_Seated_Leg_Extension_Releasing_Too_Fast_2_01.csv
4,3,2,5,2,8.592,8592,0.35,-0.39,8.84,8.8555,0.0044,-0.012,0.0044,-0.31,-2.19,324.81,0.1039,-0.4104,10.245,10.2538,P004_Weight_Stack_Seated_Leg_Extension_Releasing_Too_Fast_2_01.csv
4,3,2,5,2,8.722,8722,-0.03,-0.62,8.98,9.0014,-0.0044,-0.0011,0.0109,-0.25,-2.19,324.88,0.0862,-0.438,10.0783,10.0882,P004_Weight_Stack_Seated_Leg_Extension_Releasing_Too_Fast_2_01.csv
4,3,2,5,2,8.853,8853,0.03,-0.41,9.82,9.8286,0.0131,-0.0055,0.0164,-0.25,-2.19,324.88,0.0788,-0.4343,10.0443,10.054,P004_Weight_Stack_Seated_Leg_Extension_Releasing_Too_Fast_2_01.csv
4,3,2,5,2,9.025,9025,0.01,-0.51,10.37,10.3825,0.0011,0.0044,0.0011,-0.25,-2.19,324.88,0.0698,-0.4443,10.0872,10.0972,P004_Weight_Stack_Seated_Leg_Extension_Releasing_Too_Fast_2_01.csv
4,3,2,5,2,9.156,9156,0.21,-0.64,9.76,9.7832,0.0065,-0.0076,-0.0011,-0.25,-2.25,324.94,0.0882,-0.4701,10.0441,10.0555,P004_Weight_Stack_Seated_Leg_Extension_Releasing_Too_Fast_2_01.csv
4,3,2,5,2,9.287,9287,0.05,-0.44,9.78,9.79,0.024,-0.024,-0.0033,-0.19,-2.25,324.94,0.0832,-0.4661,10.0093,10.0205,P004_Weight_Stack_Seated_Leg_Extension_Releasing_Too_Fast_2_01.csv
4,3,2,5,2,9.418,9418,-0.22,0.51,9.35,9.3665,-0.0065,-0.0098,0.0153,-0.19,-2.31,324.94,0.0432,-0.3375,9.9224,9.9282,P004_Weight_Stack_Seated_Leg_Extension_Releasing_Too_Fast_2_01.csv
4,3,2,5,2,9.552,9552,-0.06,-0.18,9.8,9.8018,0.0044,-0.0033,-0.0065,-0.19,-2.31,324.94,0.0296,-0.3167,9.9063,9.9114,P004_Weight_Stack_Seated_Leg_Extension_Releasing_Too_Fast_2_01.csv
4,3,2,5,2,9.684,9684,0.11,-0.37,10.1,10.1074,0.0011,0.0142,0.0011,-0.19,-2.31,324.88,0.0402,-0.3238,9.9318,9.9372,P004_Weight_Stack_Seated_Leg_Extension_Releasing_Too_Fast_2_01.csv
4,3,2,5,2,9.815,9815,0.18,-0.46,9.21,9.2232,-0.0022,-0.0022,0.0044,-0.19,-2.31,324.88,0.0586,-0.3417,9.8367,9.8428,P004_Weight_Stack_Seated_Leg_Extension_Releasing_Too_Fast_2_01.csv
4,3,2,5,2,9.945,9945,0.17,-0.19,8.96,8.9636,0.0076,-0.0076,0.0011,-0.25,-2.31,324.88,0.0733,-0.3217,9.7212,9.7268,P004_Weight_Stack_Seated_Leg_Extension_Releasing_Too_Fast_2_01.csv
4,3,2,5,2,10.118,10118,0.12,-0.37,9.53,9.5379,-0.0022,-0.0011,0.0033,-0.25,-2.31,324.88,0.0795,-0.3281,9.696,9.7018,P004_Weight_Stack_Seated_Leg_Extension_Releasing_Too_Fast_2_01.csv
4,3,2,5,2,10.248,10248,0.17,-0.21,7.79,7.7947,-0.0175,-0.0033,0.0098,-0.19,-2.31,324.88,0.0914,-0.3125,9.4448,9.4504,P004_Weight_Stack_Seated_Leg_Extension_Releasing_Too_Fast_2_01.csv
4,3,2,5,2,10.379,10379,0.11,-0.41,8.82,8.8302,-0.0065,0.0218,-0.0087,-0.25,-2.31,324.88,0.0939,-0.3254,9.3625,9.3686,P004_Weight_Stack_Seated_Leg_Extension_Releasing_Too_Fast_2_01.csv
4,4,2,5,2,10.513,10513,0.0,-0.68,10.09,10.1129,-0.0065,0.0,-0.012,-0.25,-2.19,324.88,0.0815,-0.3721,9.4583,9.466,P004_Weight_Stack_Seated_Leg_Extension_Releasing_Too_Fast_2_01.csv
4,4,2,5,2,10.647,10647,-0.05,-0.42,10.62,10.6284,-0.0076,0.0153,-0.0076,-0.31,-2.13,324.88,0.0642,-0.3784,9.6114,9.6191,P004_Weight_Stack_Seated_Leg_Extension_Releasing_Too_Fast_2_01.csv
4,4,2,5,2,10.777,10777,0.06,-0.36,10.3,10.3065,-0.0011,-0.0131,0.0011,-0.31,-2.13,324.88,0.0636,-0.376,9.7022,9.7097,P004_Weight_Stack_Seated_Leg_Extension_Releasing_Too_Fast_2_01.csv
4,4,2,5,2,10.908,10908,0.01,-0.33,9.18,9.1859,-0.0022,0.0033,0.0044,-0.25,-2.13,324.88,0.0565,-0.3699,9.6334,9.6406,P004_Weight_Stack_Seated_Leg_Extension_Releasing_Too_Fast_2_01.csv
4,4,2,5,2,11.038,11038,0.02,-0.29,9.63,9.6344,-0.0033,0.0065,-0.0033,-0.25,-2.13,324.88,0.0517,-0.3594,9.6329,9.6398,P004_Weight_Stack_Seated_Leg_Extension_Releasing_Too_Fast_2_01.csv
4,4,2,5,2,11.211,11211,0.09,-0.15,8.61,8.6118,0.0436,-0.024,0.0731,-0.25,-2.19,325.13,0.0568,-0.3318,9.4981,9.5041,P004_Weight_Stack_Seated_Leg_Extension_Releasing_Too_Fast_2_01.csv
4,4,2,5,2,11.343,11343,0.49,0.08,9.58,9.5929,-0.084,0.1069,-0.0731,-0.31,-2.06,325.06,0.1139,-0.2775,9.5089,9.5136,P004_Weight_Stack_Seated_Leg_Extension_Releasing_Too_Fast_2_01.csv
4,4,2,5,2,11.474,11474,0.11,-0.33,9.81,9.8162,-0.0022,0.0033,0.0,-0.25,-2.13,324.94,0.1134,-0.2844,9.5486,9.5535,P004_Weight_Stack_Seated_Leg_Extension_Releasing_Too_Fast_2_01.csv
4,4,2,5,2,11.609,11609,-0.09,-0.6,10.17,10.1881,0.0665,-0.0415,0.0589,-0.19,-2.25,325.13,0.0866,-0.326,9.6305,9.6364,P004_Weight_Stack_Seated_Leg_Extension_Releasing_Too_Fast_2_01.csv
4,4,2,5,2,11.74,11740,0.13,-0.42,9.82,9.8298,0.0011,0.0022,0.0022,-0.31,-2.13,324.94,0.0923,-0.3384,9.6554,9.6618,P004_Weight_Stack_Seated_Leg_Extension_Releasing_Too_Fast_2_01.csv
4,4,2,5,2,11.871,11871,0.05,-0.31,9.81,9.815,-0.0022,0.0,0.0065,-0.31,-2.13,324.94,0.0867,-0.3347,9.6758,9.682,P004_Weight_Stack_Seated_Leg_Extension_Releasing_Too_Fast_2_01.csv
4,4,2,5,2,12.001,12001,-0.01,-0.3,9.7,9.7046,0.0076,-0.0218,0.0142,-0.13,-2.38,325.13,0.074,-0.3301,9.679,9.6849,P004_Weight_Stack_Seated_Leg_Extension_Releasing_Too_Fast_2_01.csv
4,4,2,5,2,12.131,12131,-0.15,-0.43,9.75,9.7606,-0.0033,0.0087,0.0011,-0.13,-2.38,325.13,0.0445,-0.3433,9.6884,9.6945,P004_Weight_Stack_Seated_Leg_Extension_Releasing_Too_Fast_2_01.csv
4,4,2,5,2,12.304,12304,0.02,-0.27,9.74,9.7438,0.0055,-0.0011,0.0153,-0.19,-2.25,325.06,0.0412,-0.3336,9.6952,9.701,P004_Weight_Stack_Seated_Leg_Extension_Releasing_Too_Fast_2_01.csv
4,4,2,5,2,12.437,12437,0.15,-0.52,10.69,10.7037,-0.0011,0.0011,-0.0055,-0.06,-2.38,325.13,0.0556,-0.3582,9.8263,9.8329,P004_Weight_Stack_Seated_Leg_Extension_Releasing_Too_Fast_2_01.csv
4,4,2,5,2,12.572,12572,0.19,-0.71,12.9,12.9209,0.0065,-0.0011,-0.0076,-0.31,-2.13,324.88,0.0733,-0.4045,10.2313,10.2396,P004_Weight_Stack_Seated_Leg_Extension_Releasing_Too_Fast_2_01.csv
4,4,2,5,2,12.702,12702,0.07,-0.48,10.98,10.9907,0.0065,0.0098,0.0175,-0.19,-2.13,324.88,0.0728,-0.4145,10.33,10.3385,P004_Weight_Stack_Seated_Leg_Extension_Releasing_Too_Fast_2_01.csv
4,4,2,5,2,12.833,12833,0.02,-0.44,10.15,10.1596,0.0109,-0.0055,0.0055,-0.25,-2.19,324.88,0.0659,-0.4178,10.3062,10.3149,P004_Weight_Stack_Seated_Leg_Extension_Releasing_Too_Fast_2_01.csv
4,4,2,5,2,12.963,12963,0.09,-0.51,9.78,9.7937,0.012,-0.0153,0.0044,-0.19,-2.19,324.94,0.0691,-0.43,10.2369,10.2462,P004_Weight_Stack_Seated_Leg_Extension_Releasing_Too_Fast_2_01.csv
4,4,2,5,2,13.094,13094,0.13,-0.5,9.79,9.8036,0.0022,-0.0022,0.0087,-0.06,-2.25,324.94,0.0771,-0.4392,10.178,10.1878,P004_Weight_Stack_Seated_Leg_Extension_Releasing_Too_Fast_2_01.csv
4,4,2,5,2,13.224,13224,-0.55,-0.12,10.2,10.2155,0.0055,-0.0196,0.0,-0.13,-2.25,324.94,-0.0055,-0.3971,10.1809,10.1887,P004_Weight_Stack_Seated_Leg_Extension_Releasing_Too_Fast_2_01.csv
4,4,2,5,2,13.397,13397,0.39,-0.66,9.86,9.8898,-0.0011,0.0076,0.0,-0.13,-2.25,324.88,0.0466,-0.4318,10.1386,10.1479,P004_Weight_Stack_Seated_Leg_Extension_Releasing_Too_Fast_2_01.csv
4,4,2,5,2,13.528,13528,0.01,-0.37,8.5,8.5081,0.0033,-0.0065,-0.0011,-0.13,-2.25,324.88,0.0418,-0.4236,9.9227,9.9318,P004_Weight_Stack_Seated_Leg_Extension_Releasing_Too_Fast_2_01.csv
4,4,2,5,2,13.658,13658,0.03,-0.36,8.37,8.3778,-0.012,0.0,-0.0055,-0.13,-2.25,324.88,0.0402,-0.4153,9.7181,9.727,P004_Weight_Stack_Seated_Leg_Extension_Releasing_Too_Fast_2_01.csv
4,4,2,5,2,13.794,13794,0.03,-0.38,9.8,9.8074,-0.0044,0.0022,0.0109,-0.13,-2.25,324.88,0.0389,-0.4106,9.7289,9.7376,P004_Weight_Stack_Seated_Leg_Extension_Releasing_Too_Fast_2_01.csv
4,4,2,5,2,13.926,13926,-0.01,-0.32,9.09,9.0956,0.0,0.0,-0.0033,-0.13,-2.25,324.88,0.0324,-0.3987,9.6447,9.653,P004_Weight_Stack_Seated_Leg_Extension_Releasing_Too_Fast_2_01.csv
4,4,2,5,2,14.056,14056,-0.13,-0.45,8.93,8.9423,0.0033,-0.0033,0.0207,-0.06,-2.25,324.94,0.011,-0.4054,9.5505,9.5591,P004_Weight_Stack_Seated_Leg_Extension_Releasing_Too_Fast_2_01.csv
4,5,2,5,2,14.186,14186,0.04,0.74,10.36,10.3865,-0.0055,0.0033,-0.0098,-0.06,-2.13,324.94,0.0148,-0.2545,9.6572,9.6605,P004_Weight_Stack_Seated_Leg_Extension_Releasing_Too_Fast_2_01.csv
4,5,2,5,2,14.317,14317,-0.59,-0.45,10.83,10.8554,-0.0022,-0.0164,-0.0011,-0.13,-2.06,324.88,-0.0649,-0.2803,9.8117,9.8159,P004_Weight_Stack_Seated_Leg_Extension_Releasing_Too_Fast_2_01.csv
4,5,2,5,2,14.49,14490,-0.02,-0.35,10.32,10.326,-0.0044,0.0033,-0.0033,-0.19,-2.06,324.88,-0.059,-0.2894,9.8787,9.8831,P004_Weight_Stack_Seated_Leg_Extension_Releasing_Too_Fast_2_01.csv
4,5,2,5,2,14.623,14623,-0.01,-0.33,9.62,9.6257,-0.0022,-0.0011,0.0,-0.19,-2.06,324.88,-0.0525,-0.2948,9.8446,9.8492,P004_Weight_Stack_Seated_Leg_Extension_Releasing_Too_Fast_2_01.csv
4,5,2,5,2,14.757,14757,0.02,-0.34,9.67,9.676,0.0,0.0055,-0.0022,-0.19,-2.06,324.88,-0.0429,-0.3007,9.8216,9.8263,P004_Weight_Stack_Seated_Leg_Extension_Releasing_Too_Fast_2_01.csv
4,5,2,5,2,14.887,14887,1.01,-0.17,9.2,9.2568,0.0611,-0.036,-0.06,-0.06,-2.19,325.06,0.0958,-0.2835,9.7397,9.7443,P004_Weight_Stack_Seated_Leg_Extension_Releasing_Too_Fast_2_01.csv
4,5,2,5,2,15.019,15019,-0.01,-0.5,7.06,7.0777,0.12,-0.1593,0.0425,0.0,-2.25,325.13,0.0819,-0.312,9.3866,9.3921,P004_Weight_Stack_Seated_Leg_Extension_Releasing_Too_Fast_2_01.csv
4,5,2,5,2,15.149,15149,0.14,-0.49,9.71,9.7234,0.0,0.0076,-0.0011,-0.13,-2.06,324.88,0.0895,-0.3355,9.4292,9.4356,P004_Weight_Stack_Seated_Leg_Extension_Releasing_Too_Fast_2_01.csv
4,5,2,5,2,15.28,15280,0.09,-0.17,8.77,8.7721,0.0611,-0.0393,0.0633,-0.06,-2.13,325.0,0.0896,-0.3137,9.3423,9.348,P004_Weight_Stack_Seated_Leg_Extension_Releasing_Too_Fast_2_01.csv
4,5,2,5,2,15.41,15410,-0.16,-0.26,10.24,10.2445,-0.0044,0.0033,0.0,0.06,-2.31,325.19,0.0567,-0.3066,9.4606,9.4658,P004_Weight_Stack_Seated_Leg_Extension_Releasing_Too_Fast_2_01.csv
4,5,2,5,2,15.583,15583,0.09,-0.31,9.79,9.7953,0.0033,-0.0011,-0.0011,-0.13,-2.06,324.88,0.0611,-0.3071,9.504,9.5092,P004_Weight_Stack_Seated_Leg_Extension_Releasing_Too_Fast_2_01.csv
4,5,2,5,2,15.713,15713,0.0,-0.18,9.4,9.4017,0.0273,-0.0175,0.0393,-0.13,-2.13,324.94,0.053,-0.2903,9.4903,9.4949,P004_Weight_Stack_Seated_Leg_Extension_Releasing_Too_Fast_2_01.csv
4,5,2,5,2,15.844,15844,-0.01,-0.3,9.95,9.9545,-0.012,0.0076,-0.0153,0.0,-2.25,325.06,0.0447,-0.2916,9.5509,9.5554,P004_Weight_Stack_Seated_Leg_Extension_Releasing_Too_Fast_2_01.csv
4,5,2,5,2,15.975,15975,0.04,-0.33,9.78,9.7856,-0.012,0.0055,-0.0305,-0.06,-2.13,324.94,0.0441,-0.2967,9.5811,9.5858,P004_Weight_Stack_Seated_Leg_Extension_Releasing_Too_Fast_2_01.csv
4,5,2,5,2,16.111,16111,0.03,-0.41,9.83,9.8386,0.0,0.0,-0.012,-0.06,-2.13,324.94,0.0422,-0.3116,9.6139,9.619,P004_Weight_Stack_Seated_Leg_Extension_Releasing_Too_Fast_2_01.csv
4,5,2,5,2,16.241,16241,-0.05,-0.45,9.6,9.6107,0.0055,-0.024,0.0207,-0.13,-2.13,324.81,0.0301,-0.3298,9.6121,9.6178,P004_Weight_Stack_Seated_Leg_Extension_Releasing_Too_Fast_2_01.csv
4,5,2,5,2,16.372,16372,-0.05,-0.33,10.52,10.5253,0.012,0.0185,0.0022,-0.06,-2.13,324.88,0.0195,-0.3299,9.7317,9.7373,P004_Weight_Stack_Seated_Leg_Extension_Releasing_Too_Fast_2_01.csv
4,5,2,5,2,16.503,16503,0.1,-0.81,9.87,9.9037,0.024,-0.0055,0.0218,-0.06,-2.19,324.88,0.0301,-0.3931,9.7499,9.7579,P004_Weight_Stack_Seated_Leg_Extension_Releasing_Too_Fast_2_01.csv
4,5,2,5,2,16.675,16675,-0.08,-0.56,8.94,8.9579,0.0131,0.0109,-0.0055,0.0,-2.25,324.94,0.0156,-0.4151,9.6432,9.6521,P004_Weight_Stack_Seated_Leg_Extension_Releasing_Too_Fast_2_01.csv
4,5,2,5,2,16.805,16805,-0.02,-0.53,9.07,9.0855,0.0033,0.0,0.0011,0.0,-2.31,324.88,0.0109,-0.4303,9.5677,9.5773,P004_Weight_Stack_Seated_Leg_Extension_Releasing_Too_Fast_2_01.csv
4,5,2,5,2,16.935,16935,0.03,-0.47,9.52,9.5316,0.0098,0.0044,-0.0044,0.0,-2.31,324.88,0.0134,-0.4355,9.5614,9.5713,P004_Weight_Stack_Seated_Leg_Extension_Releasing_Too_Fast_2_01.csv
4,5,2,5,2,17.065,17065,0.0,-0.46,9.58,9.591,0.0044,0.0,-0.0022,0.0,-2.31,324.88,0.0117,-0.4387,9.5638,9.5739,P004_Weight_Stack_Seated_Leg_Extension_Releasing_Too_Fast_2_01.csv
4,5,2,5,2,17.195,17195,0.08,-0.32,8.96,8.9661,0.0,-0.0022,-0.0033,0.0,-2.31,324.88,0.0207,-0.4231,9.4843,9.4937,P004_Weight_Stack_Seated_Leg_Extension_Releasing_Too_Fast_2_01.csv
4,5,2,5,2,17.325,17325,-0.04,-0.32,9.95,9.9552,-0.0055,0.0033,-0.0022,0.0,-2.31,324.88,0.0127,-0.4095,9.5456,9.5544,P004_Weight_Stack_Seated_Leg_Extension_Releasing_Too_Fast_2_01.csv
4,5,2,5,2,17.455,17455,0.96,-0.52,0.91,1.4213,-0.0207,0.0087,-0.0316,0.0,-2.19,324.94,0.1375,-0.4241,8.4077,8.4195,P004_Weight_Stack_Seated_Leg_Extension_Releasing_Too_Fast_2_01.csv
4,5,2,5,2,17.586,17586,-1.58,-2.35,1.33,3.1285,-0.3872,0.1571,0.2749,-0.13,-1.81,325.25,-0.0888,-0.6778,7.475,7.5062,P004_Weight_Stack_Seated_Leg_Extension_Releasing_Too_Fast_2_01.csv
4,5,2,5,2,17.758,17758,1.83,1.2,15.3,15.4557,-0.0916,0.0469,0.0458,-0.06,-2.0,324.94,0.164,-0.4304,8.5062,8.5186,P004_Weight_Stack_Seated_Leg_Extension_Releasing_Too_Fast_2_01.csv
4,5,2,5,2,17.889,17889,-0.07,2.38,22.34,22.4665,-0.0524,0.0458,-0.0742,-0.06,-2.0,324.81,0.1332,-0.0601,10.3291,10.3301,P004_Weight_Stack_Seated_Leg_Extension_Releasing_Too_Fast_2_01.csv
4,5,2,5,2,18.019,18019,0.8,-1.65,14.27,14.3873,0.2782,-0.2574,-0.0055,0.0,-2.06,324.88,0.2211,-0.2696,10.8484,10.854,P004_Weight_Stack_Seated_Leg_Extension_Releasing_Too_Fast_2_01.csv
4,5,2,5,2,18.15,18150,0.25,-0.72,11.18,11.2059,0.0098,-0.0076,-0.012,0.0,-2.13,325.06,0.2249,-0.3289,10.8921,10.8994,P004_Weight_Stack_Seated_Leg_Extension_Releasing_Too_Fast_2_01.csv
4,5,2,5,2,18.283,18283,0.73,-0.8,9.51,9.5715,-0.048,-0.0316,-0.0295,0.0,-2.0,324.94,0.2914,-0.391,10.71,10.7211,P004_Weight_Stack_Seated_Leg_Extension_Releasing_Too_Fast_2_01.csv
4,5,2,5,2,18.417,18417,0.57,0.07,10.09,10.1063,-0.0055,-0.0229,0.0055,-0.06,-1.94,324.94,0.3281,-0.3303,10.6283,10.6385,P004_Weight_Stack_Seated_Leg_Extension_Releasing_Too_Fast_2_01.csv
4,5,2,5,2,18.548,18548,0.43,-0.09,9.81,9.8198,-0.0065,-0.0044,0.0022,-0.06,-1.94,324.94,0.3416,-0.2986,10.5205,10.5302,P004_Weight_Stack_Seated_Leg_Extension_Releasing_Too_Fast_2_01.csv
4,5,2,5,2,18.678,18678,0.08,-0.28,9.76,9.7643,-0.0055,-0.0033,-0.0055,-0.06,-2.0,324.94,0.3071,-0.2961,10.4202,10.429,P004_Weight_Stack_Seated_Leg_Extension_Releasing_Too_Fast_2_01.csv
4,5,2,5,2,18.851,18851,0.0,-0.24,9.93,9.9329,0.0,-0.0022,-0.0076,-0.06,-2.0,324.94,0.2666,-0.2887,10.3556,10.3631,P004_Weight_Stack_Seated_Leg_Extension_Releasing_Too_Fast_2_01.csv
4,5,2,5,2,18.982,18982,0.07,-0.35,9.84,9.8465,-0.0055,0.0011,-0.0055,-0.06,-2.0,324.94,0.2407,-0.2968,10.2877,10.2948,P004_Weight_Stack_Seated_Leg_Extension_Releasing_Too_Fast_2_01.csv
4,5,2,5,2,19.116,19116,0.01,-0.43,9.78,9.7895,0.0,-0.0011,0.0,-0.06,-2.0,324.94,0.2103,-0.3144,10.2208,10.2278,P004_Weight_Stack_Seated_Leg_Extension_Releasing_Too_Fast_2_01.csv
4,5,2,5,2,19.247,19247,0.03,-0.4,9.8,9.8082,0.0011,-0.0033,0.0,-0.06,-2.0,324.94,0.1866,-0.3257,10.1653,10.1723,P004_Weight_Stack_Seated_Leg_Extension_Releasing_Too_Fast_2_01.csv
4,1,2,5,2,0.0,0,0.08,-0.35,9.82,9.8266,0.0,0.0011,-0.0011,-0.75,-1.94,324.94,0.0689,-0.3521,9.8186,9.8252,P004_Weight_Stack_Seated_Leg_Extension_Releasing_Too_Fast_2_02.csv
4,1,2,5,2,0.172,172,0.05,-0.35,9.82,9.8264,0.0,0.0,-0.0011,-0.75,-1.94,324.94,0.0665,-0.3518,9.8188,9.8253,P004_Weight_Stack_Seated_Leg_Extension_Releasing_Too_Fast_2_02.csv
4,1,2,5,2,0.303,303,0.08,-0.37,9.83,9.8373,-0.0022,0.0022,-0.0011,-0.75,-1.94,324.94,0.0682,-0.3542,9.8203,9.8269,P004_Weight_Stack_Seated_Leg_Extension_Releasing_Too_Fast_2_02.csv
4,1,2,5,2,0.433,433,0.05,-0.38,9.82,9.8275,0.0033,-0.0022,0.0,-0.75,-1.94,324.94,0.0658,-0.3576,9.8203,9.827,P004_Weight_Stack_Seated_Leg_Extension_Releasing_Too_Fast_2_02.csv
4,1,2,5,2,0.564,564,0.08,-0.33,9.81,9.8159,0.0,0.0011,0.0011,-0.75,-1.94,324.94,0.0677,-0.354,9.8189,9.8255,P004_Weight_Stack_Seated_Leg_Extension_Releasing_Too_Fast_2_02.csv
4,1,2,5,2,0.695,695,0.08,-0.34,9.8,9.8062,0.0011,0.0022,0.0011,-0.75,-1.94,324.94,0.0693,-0.3521,9.8164,9.823,P004_Weight_Stack_Seated_Leg_Extension_Releasing_Too_Fast_2_02.csv
4,1,2,5,2,0.831,831,0.06,-0.35,9.81,9.8164,0.0,0.0022,0.0,-0.75,-1.94,324.94,0.0681,-0.3518,9.8156,9.8221,P004_Weight_Stack_Seated_Leg_Extension_Releasing_Too_Fast_2_02.csv
4,1,2,5,2,0.962,962,0.07,-0.34,9.84,9.8461,0.0022,0.0033,-0.0011,-0.75,-1.94,324.94,0.0683,-0.3503,9.8188,9.8253,P004_Weight_Stack_Seated_Leg_Extension_Releasing_Too_Fast_2_02.csv
4,1,2,5,2,1.092,1092,0.07,-0.37,9.81,9.8172,0.0011,-0.0011,0.0011,-0.75,-1.94,324.94,0.0686,-0.3529,9.8176,9.8242,P004_Weight_Stack_Seated_Leg_Extension_Releasing_Too_Fast_2_02.csv
4,1,2,5,2,1.265,1265,0.06,-0.36,9.8,9.8068,0.0,-0.0022,0.0022,-0.75,-1.94,324.94,0.0674,-0.3538,9.8153,9.8219,P004_Weight_Stack_Seated_Leg_Extension_Releasing_Too_Fast_2_02.csv
4,1,2,5,2,1.395,1395,0.07,-0.33,9.82,9.8258,-0.0011,0.0033,-0.0022,-0.75,-1.94,324.94,0.0678,-0.3507,9.8159,9.8224,P004_Weight_Stack_Seated_Leg_Extension_Releasing_Too_Fast_2_02.csv
4,1,2,5,2,1.525,1525,0.07,-0.37,9.83,9.8372,0.0,0.0022,0.0011,-0.75,-1.94,324.94,0.0681,-0.3532,9.8178,9.8244,P004_Weight_Stack_Seated_Leg_Extension_Releasing_Too_Fast_2_02.csv
4,1,2,5,2,1.655,1655,0.07,-0.32,9.83,9.8355,-0.0022,0.0022,-0.0011,-0.75,-1.94,324.94,0.0683,-0.3489,9.8194,9.8258,P004_Weight_Stack_Seated_Leg_Extension_Releasing_Too_Fast_2_02.csv
4,1,2,5,2,1.785,1785,-1.39,-2.57,6.82,7.4195,0.0567,-0.0676,0.0218,-0.56,-2.06,324.94,-0.1238,-0.6415,9.4241,9.4468,P004_Weight_Stack_Seated_Leg_Extension_Releasing_Too_Fast_2_02.csv
4,1,2,5,2,1.915,1915,0.43,-0.23,8.79,8.8035,0.0164,-0.0305,0.0087,-0.75,-1.88,324.75,-0.0509,-0.5873,9.3406,9.3592,P004_Weight_Stack_Seated_Leg_Extension_Releasing_Too_Fast_2_02.csv
4,1,2,5,2,2.045,2045,-0.04,-0.48,9.45,9.4623,0.0022,0.0065,0.024,-0.69,-1.88,324.81,-0.0494,-0.5732,9.355,9.3727,P004_Weight_Stack_Seated_Leg_Extension_Releasing_Too_Fast_2_02.csv
4,1,2,5,2,2.175,2175,0.04,-0.6,10.04,10.058,0.0142,-0.0109,0.0164,-0.69,-1.88,324.81,-0.0376,-0.5767,9.4453,9.4629,P004_Weight_Stack_Seated_Leg_Extension_Releasing_Too_Fast_2_02.csv
4,1,2,5,2,2.348,2348,0.25,-0.75,10.04,10.0711,0.0131,-0.0065,0.0033,-0.63,-1.94,324.81,0.0003,-0.5995,9.5236,9.5425,P004_Weight_Stack_Seated_Leg_Extension_Releasing_Too_Fast_2_02.csv
4,1,2,5,2,2.479,2479,0.0,-0.47,9.95,9.9611,0.0218,0.0305,0.0109,-0.56,-2.06,324.81,0.0002,-0.5825,9.5798,9.5975,P004_Weight_Stack_Seated_Leg_Extension_Releasing_Too_Fast_2_02.csv
4,1,2,5,2,2.61,2610,0.7,-1.07,9.89,9.9723,0.0175,0.0196,-0.0218,-0.63,-2.06,324.81,0.0924,-0.6467,9.6207,9.6428,P004_Weight_Stack_Seated_Leg_Extension_Releasing_Too_Fast_2_02.csv
4,1,2,5,2,2.74,2740,0.12,-0.46,9.1,9.1124,0.0065,0.0,-0.0022,-0.69,-2.13,324.75,0.0961,-0.6221,9.5521,9.5728,P004_Weight_Stack_Seated_Leg_Extension_Releasing_Too_Fast_2_02.csv
4,1,2,5,2,2.876,2876,0.21,-0.37,8.39,8.4008,-0.0055,0.0055,0.0033,-0.75,-2.13,324.69,0.1111,-0.5889,9.3989,9.418,P004_Weight_Stack_Seated_Leg_Extension_Releasing_Too_Fast_2_02.csv
4,1,2,5,2,3.008,3008,0.06,-0.41,8.26,8.2704,0.0,0.0,0.0022,-0.75,-2.13,324.69,0.1043,-0.5653,9.2489,9.2667,P004_Weight_Stack_Seated_Leg_Extension_Releasing_Too_Fast_2_02.csv
4,1,2,5,2,3.138,3138,0.17,-0.37,8.08,8.0903,-0.0055,-0.0033,0.0044,-0.69,-2.13,324.75,0.113,-0.5396,9.0948,9.1115,P004_Weight_Stack_Seated_Leg_Extension_Releasing_Too_Fast_2_02.csv
4,1,2,5,2,3.269,3269,0.08,-0.49,8.75,8.7641,-0.0022,0.0033,0.0,-0.69,-2.06,324.81,0.1087,-0.533,9.0494,9.0657,P004_Weight_Stack_Seated_Leg_Extension_Releasing_Too_Fast_2_02.csv
4,2,2,5,2,3.441,3441,-0.05,0.1,10.24,10.2406,-0.0076,0.0196,0.0142,-0.69,-1.94,324.81,0.0877,-0.4496,9.2063,9.2177,P004_Weight_Stack_Seated_Leg_Extension_Releasing_Too_Fast_2_02.csv
4,2,2,5,2,3.572,3572,0.28,-0.36,10.84,10.8496,-0.0153,0.0022,-0.0229,-0.75,-1.81,324.75,0.1131,-0.4378,9.4216,9.4324,P004_Weight_Stack_Seated_Leg_Extension_Releasing_Too_Fast_2_02.csv
4,2,2,5,2,3.702,3702,-0.07,-0.25,10.46,10.4632,-0.012,0.0175,0.0065,-0.75,-1.81,324.75,0.089,-0.4131,9.5584,9.5677,P004_Weight_Stack_Seated_Leg_Extension_Releasing_Too_Fast_2_02.csv
4,2,2,5,2,3.832,3832,0.16,-0.49,9.54,9.5539,0.0,0.0055,-0.0044,-0.81,-1.81,324.75,0.0983,-0.4232,9.556,9.5659,P004_Weight_Stack_Seated_Leg_Extension_Releasing_Too_Fast_2_02.csv
4,2,2,5,2,3.963,3963,0.08,-0.6,9.93,9.9484,0.0065,-0.0153,0.0087,-0.81,-1.81,324.75,0.0959,-0.4465,9.6053,9.6161,P004_Weight_Stack_Seated_Leg_Extension_Releasing_Too_Fast_2_02.csv
4,2,2,5,2,4.093,4093,-0.01,-0.3,9.83,9.8346,0.0011,0.0,0.0011,-0.75,-1.81,324.75,0.0819,-0.4272,9.6349,9.6447,P004_Weight_Stack_Seated_Leg_Extension_Releasing_Too_Fast_2_02.csv
4,2,2,5,2,4.223,4223,0.13,-0.31,9.84,9.8457,0.0022,0.0011,0.0055,-0.75,-1.81,324.75,0.0883,-0.4118,9.6619,9.6711,P004_Weight_Stack_Seated_Leg_Extension_Releasing_Too_Fast_2_02.csv
4,2,2,5,2,4.353,4353,0.11,-0.28,9.83,9.8346,-0.0065,0.0033,-0.0175,-0.69,-1.88,324.88,0.0911,-0.3944,9.6841,9.6925,P004_Weight_Stack_Seated_Leg_Extension_Releasing_Too_Fast_2_02.csv
4,2,2,5,2,4.528,4528,0.09,-0.34,9.83,9.8363,-0.0011,0.0033,0.0,-0.69,-1.81,324.81,0.091,-0.3872,9.7033,9.7114,P004_Weight_Stack_Seated_Leg_Extension_Releasing_Too_Fast_2_02.csv
4,2,2,5,2,4.662,4662,0.14,-0.55,9.86,9.8763,0.0196,-0.0131,0.0284,-0.69,-1.88,324.88,0.0974,-0.4087,9.7239,9.733,P004_Weight_Stack_Seated_Leg_Extension_Releasing_Too_Fast_2_02.csv
4,2,2,5,2,4.793,4793,0.05,-0.37,9.83,9.8371,-0.0011,0.0033,-0.0011,-0.63,-1.88,324.88,0.0912,-0.4036,9.7379,9.7467,P004_Weight_Stack_Seated_Leg_Extension_Releasing_Too_Fast_2_02.csv
4,2,2,5,2,4.923,4923,0.06,-0.35,9.83,9.8364,0.0,0.0011,0.0033,-0.63,-1.88,324.88,0.0871,-0.3965,9.7501,9.7585,P004_Weight_Stack_Seated_Leg_Extension_Releasing_Too_Fast_2_02.csv
4,2,2,5,2,5.053,5053,0.05,-0.34,9.82,9.826,-0.0022,0.0022,0.0,-0.63,-1.94,324.88,0.0822,-0.3891,9.7593,9.7674,P004_Weight_Stack_Seated_Leg_Extension_Releasing_Too_Fast_2_02.csv
4,2,2,5,2,5.183,5183,0.04,-0.35,9.81,9.8163,-0.0011,0.0011,0.0022,-0.63,-1.94,324.88,0.0766,-0.3839,9.766,9.7738,P004_Weight_Stack_Seated_Leg_Extension_Releasing_Too_Fast_2_02.csv
4,2,2,5,2,5.314,5314,0.22,0.35,10.06,10.0685,-0.0469,0.0327,-0.0785,-0.69,-1.88,324.75,0.0955,-0.2872,9.8047,9.8094,P004_Weight_Stack_Seated_Leg_Extension_Releasing_Too_Fast_2_02.csv
4,2,2,5,2,5.444,5444,0.08,-0.24,10.39,10.3931,0.0065,-0.0109,-0.012,-0.69,-1.81,324.75,0.0935,-0.281,9.8818,9.8863,P004_Weight_Stack_Seated_Leg_Extension_Releasing_Too_Fast_2_02.csv
4,2,2,5,2,5.617,5617,0.06,-0.21,10.24,10.2423,0.0011,-0.0065,0.0065,-0.63,-1.88,324.81,0.0891,-0.2716,9.929,9.9331,P004_Weight_Stack_Seated_Leg_Extension_Releasing_Too_Fast_2_02.csv
4,2,2,5,2,5.747,5747,-0.07,-0.38,10.13,10.1374,0.0076,-0.0142,0.0011,-0.63,-1.94,324.81,0.0681,-0.2859,9.9555,9.9598,P004_Weight_Stack_Seated_Leg_Extension_Releasing_Too_Fast_2_02.csv
4,2,2,5,2,5.879,5879,-0.01,-0.39,10.35,10.3574,-0.0011,-0.0033,-0.0131,-0.63,-1.94,324.81,0.0578,-0.2996,10.0075,10.0121,P004_Weight_Stack_Seated_Leg_Extension_Releasing_Too_Fast_2_02.csv
4,2,2,5,2,6.015,6015,-0.14,-0.44,10.25,10.2604,0.0044,-0.0011,0.0033,-0.56,-2.0,324.81,0.0317,-0.3181,10.0395,10.0445,P004_Weight_Stack_Seated_Leg_Extension_Releasing_Too_Fast_2_02.csv
4,2,2,5,2,6.146,6146,0.0,-0.37,9.79,9.797,0.0076,-0.0044,-0.0131,-0.56,-2.06,324.81,0.0276,-0.325,10.0066,10.0119,P004_Weight_Stack_Seated_Leg_Extension_Releasing_Too_Fast_2_02.csv
4,2,2,5,2,6.276,6276,0.26,-0.65,9.14,9.1668,0.0087,0.0044,-0.0098,-0.56,-2.13,324.75,0.0582,-0.3678,9.8924,9.8994,P004_Weight_Stack_Seated_Leg_Extension_Releasing_Too_Fast_2_02.csv
4,2,2,5,2,6.407,6407,0.2,-0.4,8.57,8.5817,0.0022,0.0033,-0.0076,-0.56,-2.13,324.75,0.0769,-0.372,9.7181,9.7256,P004_Weight_Stack_Seated_Leg_Extension_Releasing_Too_Fast_2_02.csv
4,2,2,5,2,6.537,6537,0.26,-0.4,8.73,8.743,-0.0076,0.0,-0.0076,-0.56,-2.13,324.75,0.101,-0.3757,9.5879,9.5958,P004_Weight_Stack_Seated_Leg_Extension_Releasing_Too_Fast_2_02.csv
4,2,2,5,2,6.71,6710,0.01,-0.39,8.39,8.3991,-0.0065,0.0,0.0044,-0.56,-2.13,324.75,0.089,-0.3776,9.4301,9.438,P004_Weight_Stack_Seated_Leg_Extension_Releasing_Too_Fast_2_02.csv
4,2,2,5,2,6.845,6845,-0.12,-0.43,9.3,9.3107,-0.0011,-0.0022,-0.0011,-0.56,-2.13,324.81,0.0615,-0.3845,9.4129,9.421,P004_Weight_Stack_Seated_Leg_Extension_Releasing_Too_Fast_2_02.csv
4,3,2,5,2,6.976,6976,-0.58,-0.92,10.66,10.7153,0.0262,-0.0251,0.0404,-0.5,-2.0,324.88,-0.0231,-0.4551,9.5773,9.5881,P004_Weight_Stack_Seated_Leg_Extension_Releasing_Too_Fast_2_02.csv
4,3,2,5,2,7.108,7108,-0.1,-0.42,10.52,10.5289,-0.012,-0.0284,-0.0011,-0.63,-1.94,324.81,-0.0332,-0.4505,9.7015,9.712,P004_Weight_Stack_Seated_Leg_Extension_Releasing_Too_Fast_2_02.csv
4,3,2,5,2,7.239,7239,0.19,-0.64,10.88,10.9005,-0.0065,0.0044,-0.0185,-0.63,-1.88,324.75,-0.0038,-0.4754,9.8568,9.8682,P004_Weight_Stack_Seated_Leg_Extension_Releasing_Too_Fast_2_02.csv
4,3,2,5,2,7.369,7369,0.07,-0.03,8.03,8.0304,-0.0316,-0.0076,0.0262,-0.63,-1.88,324.94,0.0059,-0.4167,9.6161,9.6251,P004_Weight_Stack_Seated_Leg_Extension_Releasing_Too_Fast_2_02.csv
4,3,2,5,2,7.5,7500,0.35,0.32,9.46,9.4719,0.1244,-0.0829,-0.0033,-0.69,-1.5,324.88,0.0513,-0.3196,9.5955,9.601,P004_Weight_Stack_Seated_Leg_Extension_Releasing_Too_Fast_2_02.csv
4,3,2,5,2,7.63,7630,0.03,-0.34,9.75,9.756,0.0011,0.0033,-0.0022,-0.69,-1.81,324.75,0.0485,-0.3223,9.6159,9.6214,P004_Weight_Stack_Seated_Leg_Extension_Releasing_Too_Fast_2_02.csv
4,3,2,5,2,7.803,7803,0.07,-0.38,9.77,9.7776,0.0175,-0.0065,0.0305,-0.69,-1.88,324.81,0.0513,-0.3299,9.6362,9.642,P004_Weight_Stack_Seated_Leg_Extension_Releasing_Too_Fast_2_02.csv
4,3,2,5,2,7.934,7934,0.09,-0.41,9.84,9.8489,-0.0011,0.0,0.0,-0.69,-1.88,324.69,0.0564,-0.3405,9.663,9.6692,P004_Weight_Stack_Seated_Leg_Extension_Releasing_Too_Fast_2_02.csv
4,3,2,5,2,8.068,8068,0.08,-0.3,9.84,9.8449,0.0,0.0,-0.0011,-0.69,-1.88,324.69,0.0595,-0.3351,9.6863,9.6923,P004_Weight_Stack_Seated_Leg_Extension_Releasing_Too_Fast_2_02.csv
4,3,2,5,2,8.201,8201,0.08,-0.29,9.83,9.8346,-0.0022,0.0022,-0.0011,-0.69,-1.88,324.69,0.0622,-0.3292,9.7053,9.7111,P004_Weight_Stack_Seated_Leg_Extension_Releasing_Too_Fast_2_02.csv
4,3,2,5,2,8.332,8332,0.07,-0.31,9.84,9.8451,-0.0011,0.0,0.0011,-0.69,-1.88,324.69,0.0632,-0.3267,9.723,9.7287,P004_Weight_Stack_Seated_Leg_Extension_Releasing_Too_Fast_2_02.csv
4,3,2,5,2,8.462,8462,0.08,-0.32,9.83,9.8355,-0.0022,0.0033,-0.0011,-0.69,-1.88,324.69,0.0655,-0.3258,9.7371,9.7428,P004_Weight_Stack_Seated_Leg_Extension_Releasing_Too_Fast_2_02.csv
4,3,2,5,2,8.593,8593,0.07,-0.34,9.82,9.8261,-0.0011,0.0011,0.0,-0.63,-1.88,324.69,0.0661,-0.3277,9.748,9.7538,P004_Weight_Stack_Seated_Leg_Extension_Releasing_Too_Fast_2_02.csv
4,3,2,5,2,8.723,8723,0.08,-0.34,9.82,9.8262,0.0,0.0022,-0.0033,-0.63,-1.88,324.69,0.0679,-0.3293,9.7575,9.7633,P004_Weight_Stack_Seated_Leg_Extension_Releasing_Too_Fast_2_02.csv
4,3,2,5,2,8.896,8896,0.06,-0.43,10.52,10.529,0.0033,-0.0098,0.0011,-0.63,-1.88,324.69,0.0668,-0.3426,9.858,9.8642,P004_Weight_Stack_Seated_Leg_Extension_Releasing_Too_Fast_2_02.csv
4,3,2,5,2,9.027,9027,0.07,-0.6,10.29,10.3077,0.0022,-0.0109,0.0076,-0.63,-1.94,324.75,0.0673,-0.3765,9.9149,9.9223,P004_Weight_Stack_Seated_Leg_Extension_Releasing_Too_Fast_2_02.csv
4,3,2,5,2,9.158,9158,0.12,-0.6,9.5,9.5197,0.012,0.0011,0.0,-0.63,-1.94,324.75,0.0742,-0.4059,9.8603,9.8689,P004_Weight_Stack_Seated_Leg_Extension_Releasing_Too_Fast_2_02.csv
4,3,2,5,2,9.294,9294,-0.05,-0.33,9.61,9.6158,0.0185,-0.0196,0.0055,-0.5,-1.94,324.75,0.0578,-0.3959,9.8273,9.8354,P004_Weight_Stack_Seated_Leg_Extension_Releasing_Too_Fast_2_02.csv
4,3,2,5,2,9.425,9425,-0.01,-0.52,9.72,9.7339,0.0076,-0.0076,0.0011,-0.5,-2.0,324.75,0.0489,-0.4123,9.8131,9.8219,P004_Weight_Stack_Seated_Leg_Extension_Releasing_Too_Fast_2_02.csv
4,3,2,5,2,9.555,9555,0.34,-1.17,9.72,9.7961,-0.0022,-0.0065,0.0087,-0.56,-2.0,324.81,0.0873,-0.5121,9.8009,9.8146,P004_Weight_Stack_Seated_Leg_Extension_Releasing_Too_Fast_2_02.csv
4,3,2,5,2,9.686,9686,-0.01,-0.54,9.42,9.4355,0.0087,-0.0087,-0.0044,-0.56,-2.0,324.75,0.0744,-0.5158,9.7507,9.7646,P004_Weight_Stack_Seated_Leg_Extension_Releasing_Too_Fast_2_02.csv
4,3,2,5,2,9.816,9816,0.05,-0.36,9.05,9.0573,0.0065,0.0022,-0.0055,-0.56,-2.0,324.75,0.0712,-0.4953,9.6583,9.6713,P004_Weight_Stack_Seated_Leg_Extension_Releasing_Too_Fast_2_02.csv
4,3,2,5,2,9.989,9989,0.01,-0.49,9.18,9.1931,0.0076,-0.0076,0.0109,-0.56,-2.0,324.75,0.0632,-0.4946,9.5953,9.6083,P004_Weight_Stack_Seated_Leg_Extension_Releasing_Too_Fast_2_02.csv
4,3,2,5,2,10.12,10120,-0.1,-0.45,9.79,9.8008,-0.0022,-0.0022,0.0065,-0.56,-2.0,324.75,0.0417,-0.4887,9.621,9.6335,P004_Weight_Stack_Seated_Leg_Extension_Releasing_Too_Fast_2_02.csv
4,3,2,5,2,10.256,10256,-0.06,-0.38,9.82,9.8275,-0.0011,0.0011,-0.0109,-0.56,-2.0,324.75,0.0283,-0.4744,9.6472,9.6589,P004_Weight_Stack_Seated_Leg_Extension_Releasing_Too_Fast_2_02.csv
4,3,2,5,2,10.388,10388,-0.04,-0.24,10.01,10.013,-0.0033,-0.0011,0.0011,-0.56,-2.0,324.75,0.0193,-0.4435,9.695,9.7052,P004_Weight_Stack_Seated_Leg_Extension_Releasing_Too_Fast_2_02.csv
4,3,2,5,2,10.519,10519,0.1,-0.39,9.77,9.7783,0.0011,0.0,0.0033,-0.56,-2.06,324.75,0.0299,-0.4364,9.7049,9.7147,P004_Weight_Stack_Seated_Leg_Extension_Releasing_Too_Fast_2_02.csv
4,3,2,5,2,10.649,10649,0.11,-0.41,9.61,9.6194,-0.0011,0.0,-0.0011,-0.56,-2.06,324.75,0.0405,-0.433,9.6924,9.7021,P004_Weight_Stack_Seated_Leg_Extension_Releasing_Too_Fast_2_02.csv
4,3,2,5,2,10.779,10779,0.12,-0.39,9.46,9.4688,-0.0033,-0.0022,0.0033,-0.5,-2.06,324.75,0.0509,-0.4273,9.6618,9.6713,P004_Weight_Stack_Seated_Leg_Extension_Releasing_Too_Fast_2_02.csv
4,3,2,5,2,10.909,10909,0.11,-0.39,9.37,9.3788,-0.0022,0.0044,-0.0033,-0.5,-2.06,324.75,0.0587,-0.4224,9.6233,9.6328,P004_Weight_Stack_Seated_Leg_Extension_Releasing_Too_Fast_2_02.csv
4,3,2,5,2,11.082,11082,-0.04,-0.5,9.64,9.653,0.0011,-0.0055,0.012,-0.5,-2.0,324.75,0.0457,-0.4326,9.6255,9.6353,P004_Weight_Stack_Seated_Leg_Extension_Releasing_Too_Fast_2_02.csv
4,3,2,5,2,11.212,11212,0.03,-0.41,9.83,9.8386,-0.0087,0.0044,-0.0065,-0.5,-1.94,324.75,0.0436,-0.4296,9.6525,9.6621,P004_Weight_Stack_Seated_Leg_Extension_Releasing_Too_Fast_2_02.csv
4,3,2,5,2,11.342,11342,-0.12,-0.37,9.96,9.9676,-0.0011,-0.012,0.0033,-0.56,-1.94,324.75,0.0221,-0.4218,9.693,9.7022,P004_Weight_Stack_Seated_Leg_Extension_Releasing_Too_Fast_2_02.csv
4,3,2,5,2,11.472,11472,0.0,-0.28,10.02,10.0239,-0.012,0.0087,-0.0087,-0.5,-1.88,324.75,0.0192,-0.4031,9.7361,9.7444,P004_Weight_Stack_Seated_Leg_Extension_Releasing_Too_Fast_2_02.csv
4,3,2,5,2,11.602,11602,0.09,-0.3,9.97,9.9749,-0.0011,0.012,-0.0065,-0.56,-1.88,324.75,0.0285,-0.3895,9.7669,9.7747,P004_Weight_Stack_Seated_Leg_Extension_Releasing_Too_Fast_2_02.csv
4,3,2,5,2,11.732,11732,0.87,1.44,10.76,10.8907,-0.3458,0.168,-0.0644,-0.75,-1.63,324.81,0.1394,-0.1484,9.8978,9.8999,P004_Weight_Stack_Seated_Leg_Extension_Releasing_Too_Fast_2_02.csv
4,3,2,5,2,11.862,11862,0.83,-0.79,8.97,9.0429,0.024,0.1429,-0.0098,-0.56,-1.88,325.0,0.2304,-0.233,9.7755,9.781,P004_Weight_Stack_Seated_Leg_Extension_Releasing_Too_Fast_2_02.csv
4,3,2,5,2,11.992,11992,0.03,-0.36,9.78,9.7867,-0.0022,-0.0044,0.0033,-0.5,-1.94,324.75,0.204,-0.2497,9.7761,9.7814,P004_Weight_Stack_Seated_Leg_Extension_Releasing_Too_Fast_2_02.csv
4,3,2,5,2,12.165,12165,-0.03,-0.41,10.35,10.3582,-0.0033,-0.0022,-0.0033,-0.25,-2.19,324.94,0.1732,-0.2708,9.8517,9.857,P004_Weight_Stack_Seated_Leg_Extension_Releasing_Too_Fast_2_02.csv
4,3,2,5,2,12.296,12296,0.03,-0.42,9.64,9.6492,-0.012,0.0164,-0.0065,-0.31,-2.19,325.0,0.1543,-0.2905,9.8238,9.8293,P004_Weight_Stack_Seated_Leg_Extension_Releasing_Too_Fast_2_02.csv
4,3,2,5,2,12.427,12427,0.0,-0.4,9.83,9.8381,0.0055,0.0,0.0044,-0.31,-2.19,325.0,0.134,-0.3049,9.8246,9.8303,P004_Weight_Stack_Seated_Leg_Extension_Releasing_Too_Fast_2_02.csv
4,3,2,5,2,12.561,12561,0.0,-0.38,9.88,9.8873,-0.0011,0.0,0.0,-0.31,-2.19,325.0,0.1163,-0.3148,9.8319,9.8377,P004_Weight_Stack_Seated_Leg_Extension_Releasing_Too_Fast_2_02.csv
4,3,2,5,2,12.694,12694,0.0,-0.38,9.83,9.8373,0.0,-0.0011,0.0022,-0.31,-2.19,325.0,0.101,-0.3234,9.8317,9.8375,P004_Weight_Stack_Seated_Leg_Extension_Releasing_Too_Fast_2_02.csv
4,3,2,5,2,12.825,12825,0.01,-0.4,9.78,9.7882,-0.0022,0.0022,0.0,-0.31,-2.19,325.0,0.089,-0.3335,9.8249,9.8309,P004_Weight_Stack_Seated_Leg_Extension_Releasing_Too_Fast_2_02.csv
4,3,2,5,2,12.955,12955,0.02,-0.36,9.81,9.8166,-0.0011,-0.0022,0.0,-0.31,-2.19,325.0,0.0799,-0.337,9.8229,9.829,P004_Weight_Stack_Seated_Leg_Extension_Releasing_Too_Fast_2_02.csv
4,3,2,5,2,13.086,13086,0.02,-0.4,9.82,9.8282,0.0022,-0.0022,-0.0022,-0.31,-2.19,325.0,0.072,-0.3453,9.8225,9.8289,P004_Weight_Stack_Seated_Leg_Extension_Releasing_Too_Fast_2_02.csv
4,3,2,5,2,13.258,13258,0.0,-0.38,9.83,9.8373,0.0,0.0011,0.0033,-0.31,-2.19,325.0,0.0625,-0.3499,9.8235,9.8299,P004_Weight_Stack_Seated_Leg_Extension_Releasing_Too_Fast_2_02.csv
4,3,2,5,2,13.388,13388,0.04,-0.38,9.81,9.8174,-0.0022,0.0011,0.0011,-0.31,-2.19,325.0,0.0596,-0.3538,9.8217,9.8283,P004_Weight_Stack_Seated_Leg_Extension_Releasing_Too_Fast_2_02.csv
4,3,2,5,2,13.518,13518,0.01,-0.38,9.8,9.8074,0.0022,-0.0022,-0.0011,-0.31,-2.19,325.0,0.053,-0.3573,9.8189,9.8255,P004_Weight_Stack_Seated_Leg_Extension_Releasing_Too_Fast_2_02.csv
4,3,2,5,2,13.648,13648,0.02,-0.37,9.84,9.847,-0.0011,-0.0011,0.0022,-0.31,-2.19,325.0,0.0487,-0.359,9.8217,9.8283,P004_Weight_Stack_Seated_Leg_Extension_Releasing_Too_Fast_2_02.csv
4,3,2,5,2,13.778,13778,0.04,-0.4,9.8,9.8082,-0.0011,-0.0011,-0.0033,-0.31,-2.19,325.0,0.0475,-0.3644,9.8188,9.8257,P004_Weight_Stack_Seated_Leg_Extension_Releasing_Too_Fast_2_02.csv
4,3,2,5,2,13.908,13908,0.03,-0.38,9.82,9.8274,0.0,0.0011,0.0011,-0.31,-2.19,325.0,0.0452,-0.3664,9.819,9.8259,P004_Weight_Stack_Seated_Leg_Extension_Releasing_Too_Fast_2_02.csv
4,3,2,5,2,14.039,14039,0.03,-0.39,9.81,9.8178,0.0022,0.0,0.0,-0.31,-2.19,325.0,0.0432,-0.3695,9.8178,9.8248,P004_Weight_Stack_Seated_Leg_Extension_Releasing_Too_Fast_2_02.csv
4,3,2,5,2,14.169,14169,0.02,-0.38,9.82,9.8274,0.0,0.0,-0.0022,-0.31,-2.19,325.0,0.0402,-0.3709,9.8181,9.8252,P004_Weight_Stack_Seated_Leg_Extension_Releasing_Too_Fast_2_02.csv
4,3,2,5,2,14.342,14342,0.01,-0.39,9.85,9.8577,0.0011,-0.0011,-0.0011,-0.31,-2.19,325.0,0.0362,-0.3734,9.8223,9.8294,P004_Weight_Stack_Seated_Leg_Extension_Releasing_Too_Fast_2_02.csv
4,3,2,5,2,14.472,14472,1.22,0.39,9.42,9.5067,-0.048,0.0676,-0.072,-0.5,-1.94,324.81,0.1922,-0.2728,9.7693,9.775,P004_Weight_Stack_Seated_Leg_Extension_Releasing_Too_Fast_2_02.csv
4,3,2,5,2,14.605,14605,-0.02,-0.38,10.11,10.1172,-0.0098,0.0076,-0.0131,-0.5,-2.0,324.75,0.1642,-0.287,9.8142,9.8197,P004_Weight_Stack_Seated_Leg_Extension_Releasing_Too_Fast_2_02.csv
4,3,2,5,2,14.74,14740,0.04,-0.3,10.17,10.1745,0.0055,-0.0065,-0.0044,-0.5,-1.94,324.69,0.1478,-0.2887,9.8611,9.8664,P004_Weight_Stack_Seated_Leg_Extension_Releasing_Too_Fast_2_02.csv
4,3,2,5,2,14.871,14871,-0.01,-0.3,10.28,10.2844,0.0,-0.0011,-0.0011,-0.5,-1.94,324.69,0.127,-0.2902,9.9163,9.9213,P004_Weight_Stack_Seated_Leg_Extension_Releasing_Too_Fast_2_02.csv
4,3,2,5,2,15.001,15001,0.06,0.09,10.19,10.1906,0.0022,-0.0055,0.0065,-0.5,-1.94,324.69,0.1182,-0.2401,9.9523,9.9559,P004_Weight_Stack_Seated_Leg_Extension_Releasing_Too_Fast_2_02.csv
4,3,2,5,2,15.131,15131,0.03,-0.34,9.69,9.696,0.0076,-0.0098,0.0033,-0.5,-1.94,324.69,0.1066,-0.2532,9.9178,9.9216,P004_Weight_Stack_Seated_Leg_Extension_Releasing_Too_Fast_2_02.csv
4,3,2,5,2,15.262,15262,0.05,-0.27,9.97,9.9738,0.0011,-0.0087,0.0011,-0.5,-1.94,324.69,0.0991,-0.2554,9.9246,9.9284,P004_Weight_Stack_Seated_Leg_Extension_Releasing_Too_Fast_2_02.csv
4,3,2,5,2,15.435,15435,0.17,-0.28,9.91,9.9154,0.0044,-0.0055,-0.0011,-0.44,-2.0,324.69,0.1085,-0.2587,9.9227,9.9267,P004_Weight_Stack_Seated_Leg_Extension_Releasing_Too_Fast_2_02.csv
4,3,2,5,2,15.565,15565,-0.02,-0.47,9.87,9.8812,0.0251,0.0305,-0.0087,-0.44,-2.0,324.69,0.0915,-0.2865,9.9158,9.9203,P004_Weight_Stack_Seated_Leg_Extension_Releasing_Too_Fast_2_02.csv
4,3,2,5,2,15.696,15696,0.16,-0.47,10.1,10.1122,0.0065,-0.0022,-0.0044,-0.5,-2.06,324.69,0.1006,-0.3107,9.94,9.9454,P004_Weight_Stack_Seated_Leg_Extension_Releasing_Too_Fast_2_02.csv
4,3,2,5,2,15.826,15826,0.16,-0.51,9.65,9.6648,0.0055,0.0098,-0.0044,-0.5,-2.06,324.69,0.1084,-0.337,9.9018,9.9082,P004_Weight_Stack_Seated_Leg_Extension_Releasing_Too_Fast_2_02.csv
4,3,2,5,2,15.962,15962,-0.02,-0.35,8.83,8.837,0.0,-0.0011,-0.0022,-0.5,-2.06,324.69,0.0915,-0.3387,9.7606,9.7669,P004_Weight_Stack_Seated_Leg_Extension_Releasing_Too_Fast_2_02.csv
4,3,2,5,2,16.094,16094,0.0,-0.35,8.55,8.5572,0.0011,-0.0011,-0.0011,-0.5,-2.06,324.69,0.0794,-0.3402,9.6011,9.6074,P004_Weight_Stack_Seated_Leg_Extension_Releasing_Too_Fast_2_02.csv
4,3,2,5,2,16.224,16224,0.25,-0.55,8.66,8.681,-0.0011,0.0,-0.0033,-0.5,-2.06,324.69,0.1019,-0.3678,9.4771,9.4847,P004_Weight_Stack_Seated_Leg_Extension_Releasing_Too_Fast_2_02.csv
4,3,2,5,2,16.355,16355,-0.02,0.01,9.65,9.65,-0.0044,0.0044,0.0065,-0.5,-2.06,324.69,0.0858,-0.318,9.4998,9.5056,P004_Weight_Stack_Seated_Leg_Extension_Releasing_Too_Fast_2_02.csv
4,3,2,5,2,16.527,16527,0.25,-0.37,9.7,9.7103,-0.0251,0.024,-0.0175,-0.5,-1.94,324.75,0.1075,-0.3249,9.5262,9.5324,P004_Weight_Stack_Seated_Leg_Extension_Releasing_Too_Fast_2_02.csv
4,3,2,5,2,16.658,16658,0.06,-0.2,10.2,10.2021,-0.0098,0.0175,-0.0164,-0.5,-1.94,324.75,0.1012,-0.3084,9.615,9.6205,P004_Weight_Stack_Seated_Leg_Extension_Releasing_Too_Fast_2_02.csv
4,3,2,5,2,16.79,16790,0.09,-0.31,10.17,10.1751,-0.0065,0.0087,-0.0076,-0.56,-1.88,324.75,0.0997,-0.3086,9.6881,9.6936,P004_Weight_Stack_Seated_Leg_Extension_Releasing_Too_Fast_2_02.csv
4,3,2,5,2,16.925,16925,0.01,-0.37,9.95,9.9569,-0.0011,-0.0033,-0.0065,-0.56,-1.88,324.75,0.0879,-0.3167,9.7226,9.7282,P004_Weight_Stack_Seated_Leg_Extension_Releasing_Too_Fast_2_02.csv
4,3,2,5,2,17.056,17056,-0.03,-0.33,9.9,9.9055,-0.0011,0.0065,-0.0022,-0.56,-1.88,324.75,0.0724,-0.3185,9.746,9.7515,P004_Weight_Stack_Seated_Leg_Extension_Releasing_Too_Fast_2_02.csv
4,3,2,5,2,17.187,17187,-0.06,-0.35,9.79,9.7964,0.0164,-0.0055,0.0524,-0.56,-1.88,324.75,0.0549,-0.3226,9.7518,9.7573,P004_Weight_Stack_Seated_Leg_Extension_Releasing_Too_Fast_2_02.csv
4,3,2,5,2,17.317,17317,0.0,-0.38,9.84,9.8473,0.0,0.0022,0.0,-0.56,-1.88,324.75,0.0477,-0.3302,9.7634,9.7691,P004_Weight_Stack_Seated_Leg_Extension_Releasing_Too_Fast_2_02.csv
4,3,2,5,2,17.448,17448,0.02,-0.36,9.77,9.7767,0.0022,-0.0011,0.0044,-0.56,-1.88,324.75,0.044,-0.3341,9.7643,9.7701,P004_Weight_Stack_Seated_Leg_Extension_Releasing_Too_Fast_2_02.csv
4,3,2,5,2,17.62,17620,0.04,-0.35,9.83,9.8363,-0.0011,-0.0022,0.0033,-0.56,-1.88,324.75,0.0435,-0.3362,9.773,9.7788,P004_Weight_Stack_Seated_Leg_Extension_Releasing_Too_Fast_2_02.csv
4,3,2,5,2,17.75,17750,0.06,-0.36,9.81,9.8168,0.0011,-0.0011,-0.0011,-0.56,-1.88,324.75,0.0457,-0.3393,9.7778,9.7838,P004_Weight_Stack_Seated_Leg_Extension_Releasing_Too_Fast_2_02.csv
4,3,2,5,2,17.88,17880,0.06,-0.35,9.81,9.8164,-0.0022,0.0,0.0022,-0.56,-1.88,324.75,0.0476,-0.3407,9.7821,9.7881,P004_Weight_Stack_Seated_Leg_Extension_Releasing_Too_Fast_2_02.csv
4,3,2,5,2,18.01,18010,0.04,-0.33,9.83,9.8356,0.0011,0.0022,0.0,-0.56,-1.88,324.75,0.0466,-0.3393,9.7884,9.7944,P004_Weight_Stack_Seated_Leg_Extension_Releasing_Too_Fast_2_02.csv
4,3,2,5,2,18.14,18140,0.06,-0.34,9.82,9.8261,0.0,0.0,0.0,-0.56,-1.88,324.75,0.0483,-0.3394,9.7926,9.7986,P004_Weight_Stack_Seated_Leg_Extension_Releasing_Too_Fast_2_02.csv
4,3,2,5,2,18.27,18270,0.07,-0.32,9.82,9.8255,0.0011,-0.0022,0.0,-0.56,-1.88,324.75,0.0512,-0.3369,9.7962,9.8021,P004_Weight_Stack_Seated_Leg_Extension_Releasing_Too_Fast_2_02.csv
4,3,2,5,2,18.4,18400,0.05,-0.35,9.83,9.8364,0.0,0.0,-0.0011,-0.56,-1.88,324.75,0.051,-0.3386,9.8006,9.8066,P004_Weight_Stack_Seated_Leg_Extension_Releasing_Too_Fast_2_02.csv
4,3,2,5,2,18.531,18531,0.08,-0.35,9.81,9.8166,0.0,-0.0022,0.0011,-0.56,-1.88,324.75,0.0549,-0.3401,9.8019,9.8079,P004_Weight_Stack_Seated_Leg_Extension_Releasing_Too_Fast_2_02.csv
4,3,2,5,2,18.704,18704,0.07,-0.32,9.8,9.8055,0.0,0.0022,0.0022,-0.56,-1.88,324.75,0.0569,-0.3374,9.8016,9.8076,P004_Weight_Stack_Seated_Leg_Extension_Releasing_Too_Fast_2_02.csv
4,3,2,5,2,18.834,18834,0.04,-0.16,9.41,9.4114,0.0371,-0.0273,0.0556,-0.5,-1.88,324.81,0.0546,-0.3141,9.75,9.7552,P004_Weight_Stack_Seated_Leg_Extension_Releasing_Too_Fast_2_02.csv
4,3,2,5,2,18.97,18970,0.07,-0.26,9.95,9.9536,0.0044,0.0011,-0.0011,-0.5,-1.88,324.75,0.0567,-0.3069,9.7764,9.7813,P004_Weight_Stack_Seated_Leg_Extension_Releasing_Too_Fast_2_02.csv
4,3,2,5,2,19.102,19102,0.2,-0.32,9.97,9.9771,0.0175,-0.0284,-0.0087,-0.44,-1.94,324.75,0.0755,-0.3087,9.8019,9.807,P004_Weight_Stack_Seated_Leg_Extension_Releasing_Too_Fast_2_02.csv
4,3,2,5,2,19.232,19232,-0.15,-0.08,10.38,10.3814,0.0033,-0.0055,0.012,-0.44,-1.94,324.75,0.0458,-0.2785,9.8781,9.8821,P004_Weight_Stack_Seated_Leg_Extension_Releasing_Too_Fast_2_02.csv
4,3,2,5,2,19.363,19363,0.1,-0.25,10.45,10.4535,0.0044,0.0065,0.0033,-0.44,-2.0,324.81,0.053,-0.2748,9.9534,9.9574,P004_Weight_Stack_Seated_Leg_Extension_Releasing_Too_Fast_2_02.csv
4,3,2,5,2,19.493,19493,-0.07,-0.35,10.33,10.3362,0.0055,-0.012,0.0044,-0.31,-2.06,324.81,0.0368,-0.2847,10.0031,10.0072,P004_Weight_Stack_Seated_Leg_Extension_Releasing_Too_Fast_2_02.csv
4,3,2,5,2,19.623,19623,-0.04,-0.54,9.99,10.0047,0.0251,0.0218,-0.0087,-0.31,-2.06,324.81,0.0266,-0.3183,10.0013,10.0064,P004_Weight_Stack_Seated_Leg_Extension_Releasing_Too_Fast_2_02.csv
4,3,2,5,2,19.796,19796,-0.16,-0.29,10.1,10.1054,0.0098,-0.0087,-0.0033,-0.38,-2.13,324.81,0.002,-0.3146,10.0143,10.0193,P004_Weight_Stack_Seated_Leg_Extension_Releasing_Too_Fast_2_02.csv
4,3,2,5,2,19.928,19928,-0.09,-0.37,8.96,8.9681,0.0087,-0.0011,0.0044,-0.38,-2.13,324.75,-0.0101,-0.3219,9.8754,9.8807,P004_Weight_Stack_Seated_Leg_Extension_Releasing_Too_Fast_2_02.csv
4,3,2,5,2,20.059,20059,0.05,-0.39,8.05,8.0596,0.0109,0.0098,-0.0033,-0.38,-2.13,324.75,-0.0022,-0.3309,9.6349,9.6405,P004_Weight_Stack_Seated_Leg_Extension_Releasing_Too_Fast_2_02.csv
4,3,2,5,2,20.194,20194,0.16,-0.3,8.39,8.3969,-0.0055,0.0044,0.0,-0.38,-2.13,324.75,0.0192,-0.3268,9.4708,9.4765,P004_Weight_Stack_Seated_Leg_Extension_Releasing_Too_Fast_2_02.csv
4,3,2,5,2,20.325,20325,0.21,-0.34,8.36,8.3695,-0.0175,-0.0033,0.0076,-0.38,-2.13,324.81,0.0443,-0.3285,9.3244,9.3303,P004_Weight_Stack_Seated_Leg_Extension_Releasing_Too_Fast_2_02.csv
4,3,2,5,2,20.456,20456,1.34,-2.26,8.16,8.5726,-0.1069,-0.0349,0.0131,-0.38,-2.0,324.88,0.2151,-0.5831,9.171,9.192,P004_Weight_Stack_Seated_Leg_Extension_Releasing_Too_Fast_2_02.csv
4,4,2,5,2,20.586,20586,0.26,-0.99,10.48,10.5299,0.0011,0.0327,-0.0044,-0.38,-1.94,324.81,0.221,-0.6367,9.3435,9.3678,P004_Weight_Stack_Seated_Leg_Extension_Releasing_Too_Fast_2_02.csv
4,4,2,5,2,20.716,20716,-0.22,-0.29,10.91,10.9161,-0.0131,-0.0175,-0.0044,-0.44,-1.88,324.81,0.1629,-0.591,9.5499,9.5696,P004_Weight_Stack_Seated_Leg_Extension_Releasing_Too_Fast_2_02.csv
4,4,2,5,2,20.889,20889,-0.65,-0.69,7.22,7.282,-0.0349,-0.0087,0.0774,-0.44,-1.81,324.88,0.0558,-0.604,9.2429,9.2628,P004_Weight_Stack_Seated_Leg_Extension_Releasing_Too_Fast_2_02.csv
4,4,2,5,2,21.02,21020,0.62,0.55,9.23,9.2671,-0.0044,0.0055,-0.0458,-0.31,-2.06,325.06,0.1301,-0.452,9.2412,9.2532,P004_Weight_Stack_Seated_Leg_Extension_Releasing_Too_Fast_2_02.csv
4,4,2,5,2,21.15,21150,-0.06,-0.29,9.87,9.8744,0.0338,0.0022,0.0404,-0.44,-1.88,324.88,0.1051,-0.4306,9.3241,9.3346,P004_Weight_Stack_Seated_Leg_Extension_Releasing_Too_Fast_2_02.csv
4,4,2,5,2,21.282,21282,0.02,-0.25,10.81,10.8129,0.0556,-0.0469,0.0055,-0.31,-2.06,325.06,0.0939,-0.4068,9.5199,9.529,P004_Weight_Stack_Seated_Leg_Extension_Releasing_Too_Fast_2_02.csv
4,4,2,5,2,21.413,21413,-0.07,-0.35,9.87,9.8765,0.0087,-0.0011,-0.0087,-0.38,-1.94,324.88,0.0723,-0.3993,9.566,9.5746,P004_Weight_Stack_Seated_Leg_Extension_Releasing_Too_Fast_2_02.csv
4,4,2,5,2,21.548,21548,0.06,-0.35,9.81,9.8164,0.0055,-0.0022,0.0076,-0.38,-1.94,324.88,0.0706,-0.3928,9.5982,9.6065,P004_Weight_Stack_Seated_Leg_Extension_Releasing_Too_Fast_2_02.csv
4,4,2,5,2,21.679,21679,-0.02,-0.31,9.97,9.9748,-0.0044,0.0087,-0.012,-0.38,-1.94,324.88,0.0587,-0.3819,9.6472,9.6549,P004_Weight_Stack_Seated_Leg_Extension_Releasing_Too_Fast_2_02.csv
4,4,2,5,2,21.809,21809,0.0,-0.18,11.11,11.1115,0.0175,-0.0207,-0.0022,-0.31,-1.94,324.88,0.051,-0.3553,9.8399,9.8465,P004_Weight_Stack_Seated_Leg_Extension_Releasing_Too_Fast_2_02.csv
4,4,2,5,2,21.982,21982,0.07,-0.38,9.82,9.8276,0.0076,-0.0098,-0.0076,-0.38,-2.0,324.88,0.0535,-0.3586,9.8373,9.844,P004_Weight_Stack_Seated_Leg_Extension_Releasing_Too_Fast_2_02.csv
4,4,2,5,2,22.113,22113,-0.26,-0.1,9.83,9.8339,0.012,-0.0218,-0.0044,-0.31,-2.06,324.88,0.0122,-0.3245,9.8363,9.8417,P004_Weight_Stack_Seated_Leg_Extension_Releasing_Too_Fast_2_02.csv
4,4,2,5,2,22.243,22243,-0.3,-0.26,10.15,10.1578,0.0065,-0.0109,0.0076,-0.25,-2.06,324.88,-0.029,-0.316,9.8777,9.8828,P004_Weight_Stack_Seated_Leg_Extension_Releasing_Too_Fast_2_02.csv
4,4,2,5,2,22.377,22377,-0.05,-0.41,9.98,9.9885,0.0196,0.0207,0.0,-0.25,-2.06,324.88,-0.0317,-0.3284,9.8912,9.8967,P004_Weight_Stack_Seated_Leg_Extension_Releasing_Too_Fast_2_02.csv
4,4,2,5,2,22.511,22511,0.07,-0.49,9.49,9.5029,0.0033,0.0,0.0055,-0.31,-2.13,324.88,-0.0183,-0.3497,9.8383,9.8445,P004_Weight_Stack_Seated_Leg_Extension_Releasing_Too_Fast_2_02.csv
4,4,2,5,2,22.641,22641,0.06,-0.17,9.74,9.7417,0.0011,0.0033,0.0033,-0.25,-2.13,324.88,-0.008,-0.326,9.8253,9.8307,P004_Weight_Stack_Seated_Leg_Extension_Releasing_Too_Fast_2_02.csv
4,4,2,5,2,22.772,22772,0.01,-0.2,9.4,9.4021,0.0044,-0.0022,-0.0044,-0.25,-2.13,324.88,-0.0056,-0.3094,9.7693,9.7742,P004_Weight_Stack_Seated_Leg_Extension_Releasing_Too_Fast_2_02.csv
4,4,2,5,2,22.902,22902,0.02,-0.38,8.85,8.8582,0.0022,-0.0011,0.0011,-0.25,-2.13,324.88,-0.0023,-0.3187,9.6482,9.6534,P004_Weight_Stack_Seated_Leg_Extension_Releasing_Too_Fast_2_02.csv
4,4,2,5,2,23.075,23075,0.08,-0.39,9.14,9.1487,-0.0044,0.0,0.0076,-0.25,-2.13,324.88,0.0086,-0.3281,9.5812,9.5868,P004_Weight_Stack_Seated_Leg_Extension_Releasing_Too_Fast_2_02.csv
4,4,2,5,2,23.208,23208,0.05,-0.35,8.58,8.5873,-0.0098,0.0044,0.0022,-0.25,-2.13,324.88,0.014,-0.331,9.4493,9.4551,P004_Weight_Stack_Seated_Leg_Extension_Releasing_Too_Fast_2_02.csv
4,4,2,5,2,23.343,23343,0.44,-0.86,8.68,8.7336,0.0044,0.0109,0.0033,-0.25,-2.13,324.88,0.0702,-0.4007,9.3479,9.3567,P004_Weight_Stack_Seated_Leg_Extension_Releasing_Too_Fast_2_02.csv
4,5,2,5,2,23.474,23474,-0.13,0.1,10.31,10.3113,-0.0044,0.0207,-0.0207,-0.31,-2.0,324.88,0.0438,-0.3347,9.4747,9.4807,P004_Weight_Stack_Seated_Leg_Extension_Releasing_Too_Fast_2_02.csv
4,5,2,5,2,23.604,23604,-0.1,0.24,11.05,11.0531,-0.0273,-0.0131,-0.0022,-0.38,-1.94,324.88,0.0248,-0.259,9.6823,9.6858,P004_Weight_Stack_Seated_Leg_Extension_Releasing_Too_Fast_2_02.csv
4,5,2,5,2,23.735,23735,-1.09,0.1,16.17,16.207,0.0589,-0.0251,0.0894,-0.38,-1.94,324.94,-0.1221,-0.2117,10.5372,10.54,P004_Weight_Stack_Seated_Leg_Extension_Releasing_Too_Fast_2_02.csv
4,5,2,5,2,23.865,23865,0.09,-0.37,9.88,9.8873,-0.0011,0.0131,-0.0011,-0.38,-1.88,324.88,-0.0941,-0.2325,10.4506,10.4536,P004_Weight_Stack_Seated_Leg_Extension_Releasing_Too_Fast_2_02.csv
4,5,2,5,2,23.995,23995,0.11,-0.76,9.77,9.8001,0.0109,-0.0087,0.0175,-0.44,-1.88,324.88,-0.0672,-0.302,10.3609,10.3655,P004_Weight_Stack_Seated_Leg_Extension_Releasing_Too_Fast_2_02.csv
4,5,2,5,2,24.168,24168,-0.26,1.07,10.03,10.0903,-0.1931,0.108,-0.0927,-0.31,-1.94,325.06,-0.0926,-0.1212,10.3173,10.3184,P004_Weight_Stack_Seated_Leg_Extension_Releasing_Too_Fast_2_02.csv
4,5,2,5,2,24.298,24298,-0.03,-0.35,9.84,9.8463,0.0022,0.0,0.0065,-0.38,-1.94,324.88,-0.0844,-0.1514,10.2544,10.2559,P004_Weight_Stack_Seated_Leg_Extension_Releasing_Too_Fast_2_02.csv
4,5,2,5,2,24.428,24428,-0.08,-0.21,10.55,10.5524,0.0567,-0.0425,0.0731,-0.31,-2.0,325.0,-0.0838,-0.1591,10.2934,10.2949,P004_Weight_Stack_Seated_Leg_Extension_Releasing_Too_Fast_2_02.csv
4,5,2,5,2,24.558,24558,0.06,-0.42,9.87,9.8791,-0.0022,0.0011,0.0131,-0.38,-1.94,324.94,-0.0648,-0.1935,10.2376,10.2396,P004_Weight_Stack_Seated_Leg_Extension_Releasing_Too_Fast_2_02.csv
4,5,2,5,2,24.688,24688,-0.01,-0.34,9.86,9.8659,-0.0011,-0.0033,-0.0055,-0.38,-1.94,324.94,-0.0576,-0.2128,10.1878,10.1902,P004_Weight_Stack_Seated_Leg_Extension_Releasing_Too_Fast_2_02.csv
4,5,2,5,2,24.818,24818,-0.05,-0.37,9.93,9.937,-0.0022,0.0044,-0.0109,-0.38,-1.94,324.88,-0.0566,-0.2335,10.1538,10.1567,P004_Weight_Stack_Seated_Leg_Extension_Releasing_Too_Fast_2_02.csv
4,5,2,5,2,24.948,24948,0.3,-0.2,9.95,9.9565,0.0033,-0.0022,-0.0262,-0.31,-1.94,324.88,-0.0096,-0.2291,10.127,10.1296,P004_Weight_Stack_Seated_Leg_Extension_Releasing_Too_Fast_2_02.csv
4,5,2,5,2,25.078,25078,-0.01,-0.36,10.73,10.736,-0.0011,-0.0011,0.0022,-0.31,-1.94,324.88,-0.0097,-0.2463,10.2064,10.2094,P004_Weight_Stack_Seated_Leg_Extension_Releasing_Too_Fast_2_02.csv
4,5,2,5,2,25.251,25251,0.0,-0.23,9.81,9.8127,0.0131,-0.0175,-0.0033,-0.25,-2.06,324.88,-0.0084,-0.2442,10.1542,10.1571,P004_Weight_Stack_Seated_Leg_Extension_Releasing_Too_Fast_2_02.csv
4,5,2,5,2,25.382,25382,0.05,-0.42,9.73,9.7392,0.0098,-0.0044,0.0011,-0.19,-2.06,324.94,-0.0007,-0.2674,10.0983,10.1018,P004_Weight_Stack_Seated_Leg_Extension_Releasing_Too_Fast_2_02.csv
4,5,2,5,2,25.518,25518,0.2,-0.37,9.34,9.3495,0.0055,-0.0044,0.0131,-0.25,-2.13,324.88,0.0257,-0.2809,9.9984,10.0024,P004_Weight_Stack_Seated_Leg_Extension_Releasing_Too_Fast_2_02.csv
4,5,2,5,2,25.65,25650,0.03,-0.25,9.56,9.5633,0.0065,0.0022,-0.0065,-0.25,-2.13,324.88,0.0263,-0.2768,9.9406,9.9445,P004_Weight_Stack_Seated_Leg_Extension_Releasing_Too_Fast_2_02.csv
4,5,2,5,2,25.78,25780,0.12,-0.51,9.46,9.4745,0.0076,0.0033,-0.0022,-0.25,-2.13,324.88,0.0387,-0.3075,9.8773,9.8821,P004_Weight_Stack_Seated_Leg_Extension_Releasing_Too_Fast_2_02.csv
4,5,2,5,2,25.91,25910,0.15,-0.36,8.91,8.9185,0.0011,0.0,-0.0055,-0.25,-2.19,324.88,0.0533,-0.3145,9.7498,9.755,P004_Weight_Stack_Seated_Leg_Extension_Releasing_Too_Fast_2_02.csv
4,5,2,5,2,26.041,26041,0.1,-0.4,8.71,8.7198,-0.0022,0.0011,0.0011,-0.25,-2.19,324.88,0.0595,-0.3257,9.6128,9.6185,P004_Weight_Stack_Seated_Leg_Extension_Releasing_Too_Fast_2_02.csv
4,5,2,5,2,26.171,26171,-0.18,-0.06,8.03,8.0322,-0.0164,-0.0022,0.0164,-0.25,-2.13,324.94,0.0279,-0.2907,9.4042,9.4088,P004_Weight_Stack_Seated_Leg_Extension_Releasing_Too_Fast_2_02.csv
4,5,2,5,2,26.344,26344,0.19,-0.82,8.79,8.8302,0.0033,0.0044,0.0087,-0.25,-2.13,325.0,0.0493,-0.3605,9.3233,9.3304,P004_Weight_Stack_Seated_Leg_Extension_Releasing_Too_Fast_2_02.csv
4,6,2,5,2,26.475,26475,0.07,-0.67,10.15,10.1723,0.0,0.0207,0.0098,-0.19,-2.06,325.0,0.052,-0.4012,9.4322,9.4409,P004_Weight_Stack_Seated_Leg_Extension_Releasing_Too_Fast_2_02.csv
4,6,2,5,2,26.605,26605,0.21,-0.4,10.4,10.4098,-0.0065,0.0087,-0.0022,-0.31,-2.0,324.94,0.0728,-0.4011,9.5598,9.5684,P004_Weight_Stack_Seated_Leg_Extension_Releasing_Too_Fast_2_02.csv
4,6,2,5,2,26.74,26740,0.06,-0.24,11.38,11.3827,-0.0087,0.0087,-0.0044,-0.31,-1.94,324.94,0.0711,-0.3799,9.7996,9.8072,P004_Weight_Stack_Seated_Leg_Extension_Releasing_Too_Fast_2_02.csv
4,6,2,5,2,26.873,26873,0.04,0.0,8.97,8.9701,0.0011,-0.0098,0.06,-0.25,-2.0,325.19,0.067,-0.3298,9.6903,9.6961,P004_Weight_Stack_Seated_Leg_Extension_Releasing_Too_Fast_2_02.csv
4,6,2,5,2,27.003,27003,-0.1,-0.24,10.47,10.4732,-0.0098,-0.0425,0.0076,-0.38,-1.81,325.13,0.045,-0.318,9.793,9.7983,P004_Weight_Stack_Seated_Leg_Extension_Releasing_Too_Fast_2_02.csv
4,6,2,5,2,27.134,27134,0.06,-0.05,9.71,9.7103,-0.0055,0.024,0.0044,-0.06,-2.19,325.25,0.047,-0.2827,9.7821,9.7863,P004_Weight_Stack_Seated_Leg_Extension_Releasing_Too_Fast_2_02.csv
4,6,2,5,2,27.264,27264,-0.5,-1.03,11.42,11.4773,-0.0087,0.0175,0.0087,-0.13,-2.19,325.19,-0.0251,-0.3811,9.9979,10.0052,P004_Weight_Stack_Seated_Leg_Extension_Releasing_Too_Fast_2_02.csv
4,6,2,5,2,27.437,27437,0.21,-0.34,9.86,9.8681,0.0654,-0.0491,0.0011,-0.38,-2.0,325.13,0.0059,-0.3757,9.9798,9.9868,P004_Weight_Stack_Seated_Leg_Extension_Releasing_Too_Fast_2_02.csv
4,6,2,5,2,27.567,27567,0.03,-0.29,9.86,9.8643,0.0011,0.0,0.0076,-0.19,-2.19,325.19,0.0091,-0.3644,9.964,9.9706,P004_Weight_Stack_Seated_Leg_Extension_Releasing_Too_Fast_2_02.csv
4,6,2,5,2,27.697,27697,-1.44,0.01,8.49,8.6113,-0.144,0.1134,-0.048,-0.19,-2.06,325.19,-0.1819,-0.3151,9.7697,9.7765,P004_Weight_Stack_Seated_Leg_Extension_Releasing_Too_Fast_2_02.csv
4,6,2,5,2,27.827,27827,0.04,-0.4,10.87,10.8774,-0.0076,0.0109,-0.0055,-0.31,-2.0,324.94,-0.1526,-0.3263,9.9147,9.9213,P004_Weight_Stack_Seated_Leg_Extension_Releasing_Too_Fast_2_02.csv
4,6,2,5,2,27.957,27957,0.0,-0.51,11.09,11.1017,0.0098,-0.0087,0.0055,-0.31,-2.0,324.94,-0.1325,-0.3505,10.0696,10.0766,P004_Weight_Stack_Seated_Leg_Extension_Releasing_Too_Fast_2_02.csv
4,6,2,5,2,28.087,28087,-0.05,-0.62,10.69,10.7081,0.0109,-0.0142,0.0065,-0.31,-2.0,324.94,-0.1217,-0.386,10.1514,10.1594,P004_Weight_Stack_Seated_Leg_Extension_Releasing_Too_Fast_2_02.csv
4,6,2,5,2,28.217,28217,0.16,-0.5,9.64,9.6543,0.0153,-0.0011,0.0076,-0.25,-2.0,324.94,-0.0845,-0.401,10.084,10.0923,P004_Weight_Stack_Seated_Leg_Extension_Releasing_Too_Fast_2_02.csv
4,6,2,5,2,28.347,28347,0.05,-0.5,9.36,9.3735,0.0087,-0.0109,0.0033,-0.25,-2.06,324.94,-0.0668,-0.4141,9.9886,9.9974,P004_Weight_Stack_Seated_Leg_Extension_Releasing_Too_Fast_2_02.csv
4,6,2,5,2,28.52,28520,0.05,-0.44,9.43,9.4404,0.0055,-0.0022,0.0044,-0.19,-2.06,324.94,-0.0514,-0.4175,9.915,9.9239,P004_Weight_Stack_Seated_Leg_Extension_Releasing_Too_Fast_2_02.csv
4,6,2,5,2,28.654,28654,0.26,-0.46,9.71,9.7244,-0.0011,0.0,-0.0033,-0.25,-2.06,324.94,-0.0104,-0.4231,9.888,9.897,P004_Weight_Stack_Seated_Leg_Extension_Releasing_Too_Fast_2_02.csv
4,6,2,5,2,28.784,28784,0.05,-0.2,9.97,9.9721,0.0055,-0.0044,-0.0185,-0.25,-2.13,324.94,-0.0024,-0.3937,9.8988,9.9066,P004_Weight_Stack_Seated_Leg_Extension_Releasing_Too_Fast_2_02.csv
4,6,2,5,2,28.918,28918,0.08,-0.51,9.83,9.8435,0.0076,0.0098,-0.0011,-0.25,-2.13,324.94,0.0084,-0.409,9.8897,9.8982,P004_Weight_Stack_Seated_Leg_Extension_Releasing_Too_Fast_2_02.csv
4,6,2,5,2,29.049,29049,0.09,-0.52,9.0,9.0155,0.0022,-0.0022,0.0044,-0.25,-2.13,324.94,0.0192,-0.4236,9.7725,9.7817,P004_Weight_Stack_Seated_Leg_Extension_Releasing_Too_Fast_2_02.csv
4,6,2,5,2,29.179,29179,0.08,-0.37,9.25,9.2577,0.0033,-0.0055,-0.0022,-0.25,-2.13,324.94,0.0272,-0.4166,9.7036,9.7126,P004_Weight_Stack_Seated_Leg_Extension_Releasing_Too_Fast_2_02.csv
4,6,2,5,2,29.31,29310,0.0,-0.39,9.58,9.5879,-0.0022,0.0,0.0033,-0.25,-2.13,324.94,0.0236,-0.4131,9.6873,9.6962,P004_Weight_Stack_Seated_Leg_Extension_Releasing_Too_Fast_2_02.csv
4,6,2,5,2,29.44,29440,0.01,-0.38,9.73,9.7374,0.0011,-0.0011,0.0055,-0.25,-2.13,324.94,0.0218,-0.4087,9.693,9.7016,P004_Weight_Stack_Seated_Leg_Extension_Releasing_Too_Fast_2_02.csv
4,6,2,5,2,29.613,29613,0.0,-0.1,7.75,7.7506,-0.0065,0.0065,0.0044,-0.25,-2.13,325.0,0.0189,-0.368,9.4369,9.4441,P004_Weight_Stack_Seated_Leg_Extension_Releasing_Too_Fast_2_02.csv
4,6,2,5,2,29.744,29744,0.49,-0.78,9.15,9.1962,0.0065,0.0153,0.0338,-0.25,-2.0,325.0,0.081,-0.4223,9.3991,9.4089,P004_Weight_Stack_Seated_Leg_Extension_Releasing_Too_Fast_2_02.csv
4,7,2,5,2,29.874,29874,0.43,-0.37,11.3,11.3142,-0.0109,0.0251,-0.0131,-0.38,-1.94,324.94,0.127,-0.4154,9.6496,9.6594,P004_Weight_Stack_Seated_Leg_Extension_Releasing_Too_Fast_2_02.csv
4,7,2,5,2,30.01,30010,0.06,-0.39,11.09,11.097,0.0011,-0.0055,-0.0011,-0.38,-1.88,324.94,0.1182,-0.4121,9.8394,9.8487,P004_Weight_Stack_Seated_Leg_Extension_Releasing_Too_Fast_2_02.csv
4,7,2,5,2,30.142,30142,0.57,-0.61,9.63,9.6661,-0.0022,0.0,0.0185,-0.44,-1.88,324.94,0.1777,-0.4382,9.8118,9.8232,P004_Weight_Stack_Seated_Leg_Extension_Releasing_Too_Fast_2_02.csv
4,7,2,5,2,30.272,30272,0.07,-0.17,9.5,9.5018,0.06,-0.0371,0.0829,-0.31,-2.06,325.19,0.1635,-0.4028,9.7707,9.7804,P004_Weight_Stack_Seated_Leg_Extension_Releasing_Too_Fast_2_02.csv
4,7,2,5,2,30.403,30403,-0.05,-0.43,9.94,9.9494,0.0011,-0.0065,0.0011,-0.19,-2.19,325.25,0.1354,-0.4064,9.793,9.8024,P004_Weight_Stack_Seated_Leg_Extension_Releasing_Too_Fast_2_02.csv
4,7,2,5,2,30.533,30533,0.04,-0.35,9.83,9.8363,-0.0011,-0.0033,0.0,-0.19,-2.19,325.25,0.1228,-0.399,9.7979,9.8068,P004_Weight_Stack_Seated_Leg_Extension_Releasing_Too_Fast_2_02.csv
4,7,2,5,2,30.706,30706,0.0,-0.37,9.87,9.8769,0.0022,-0.0011,0.0022,-0.19,-2.19,325.25,0.1066,-0.3952,9.8074,9.8159,P004_Weight_Stack_Seated_Leg_Extension_Releasing_Too_Fast_2_02.csv
4,7,2,5,2,30.837,30837,0.06,-0.39,9.75,9.758,0.0033,-0.0022,-0.0033,-0.19,-2.19,325.25,0.1005,-0.3945,9.7998,9.8083,P004_Weight_Stack_Seated_Leg_Extension_Releasing_Too_Fast_2_02.csv
4,7,2,5,2,30.967,30967,0.07,-0.36,9.8,9.8069,-0.0415,0.0502,-0.0142,-0.38,-2.06,325.19,0.0965,-0.3899,9.7999,9.8081,P004_Weight_Stack_Seated_Leg_Extension_Releasing_Too_Fast_2_02.csv
4,7,2,5,2,31.098,31098,0.08,-0.28,11.12,11.1238,0.0436,-0.0567,0.0251,-0.38,-2.06,325.19,0.0943,-0.3754,9.9738,9.9813,P004_Weight_Stack_Seated_Leg_Extension_Releasing_Too_Fast_2_02.csv
4,7,2,5,2,31.231,31231,-0.01,-0.89,11.53,11.5643,0.0175,-0.024,0.0011,-0.44,-1.94,324.94,0.0806,-0.4432,10.1789,10.1888,P004_Weight_Stack_Seated_Leg_Extension_Releasing_Too_Fast_2_02.csv
4,7,2,5,2,31.365,31365,0.03,-0.34,10.06,10.0658,0.0065,-0.0022,0.024,-0.38,-1.94,324.94,0.0739,-0.4296,10.1632,10.1726,P004_Weight_Stack_Seated_Leg_Extension_Releasing_Too_Fast_2_02.csv
4,7,2,5,2,31.496,31496,0.01,-0.32,9.85,9.8552,0.0131,-0.0131,0.012,-0.38,-1.94,325.0,0.0655,-0.4152,10.1219,10.1307,P004_Weight_Stack_Seated_Leg_Extension_Releasing_Too_Fast_2_02.csv
4,7,2,5,2,31.626,31626,-0.05,-0.15,9.77,9.7713,0.0065,-0.0185,0.0131,-0.31,-2.0,325.0,0.0503,-0.3802,10.0756,10.0829,P004_Weight_Stack_Seated_Leg_Extension_Releasing_Too_Fast_2_02.csv
4,7,2,5,2,31.799,31799,-0.01,-0.38,9.67,9.6775,0.0076,-0.0022,0.0076,-0.25,-2.0,325.0,0.0423,-0.3802,10.0221,10.0294,P004_Weight_Stack_Seated_Leg_Extension_Releasing_Too_Fast_2_02.csv
4,7,2,5,2,31.93,31930,-0.02,-0.22,9.8,9.8025,0.0,0.0011,0.0033,-0.31,-2.06,325.0,0.0341,-0.3591,9.9929,9.9994,P004_Weight_Stack_Seated_Leg_Extension_Releasing_Too_Fast_2_02.csv
4,7,2,5,2,32.066,32066,0.0,-0.23,9.4,9.4028,0.0087,0.0055,0.0044,-0.31,-2.06,325.0,0.0296,-0.3421,9.9147,9.9207,P004_Weight_Stack_Seated_Leg_Extension_Releasing_Too_Fast_2_02.csv
4,7,2,5,2,32.197,32197,0.17,-0.5,9.04,9.0554,0.0,-0.0044,-0.0011,-0.31,-2.06,324.94,0.0481,-0.3629,9.7995,9.8063,P004_Weight_Stack_Seated_Leg_Extension_Releasing_Too_Fast_2_02.csv
4,7,2,5,2,32.328,32328,-0.01,-0.41,9.35,9.359,0.0,-0.0022,0.0011,-0.31,-2.06,324.94,0.0405,-0.3691,9.7402,9.7473,P004_Weight_Stack_Seated_Leg_Extension_Releasing_Too_Fast_2_02.csv
4,7,2,5,2,32.458,32458,-0.01,-0.51,10.16,10.1728,0.0,-0.0022,0.0131,-0.31,-2.06,325.0,0.0338,-0.3877,9.7956,9.8033,P004_Weight_Stack_Seated_Leg_Extension_Releasing_Too_Fast_2_02.csv
4,7,2,5,2,32.589,32589,-0.11,-0.33,9.84,9.8461,-0.0044,-0.0087,-0.012,-0.31,-2.06,325.0,0.0149,-0.3801,9.8014,9.8088,P004_Weight_Stack_Seated_Leg_Extension_Releasing_Too_Fast_2_02.csv
4,7,2,5,2,32.719,32719,0.06,-0.4,8.67,8.6794,-0.0022,-0.0022,0.0022,-0.31,-2.06,325.0,0.0208,-0.3827,9.6523,9.6599,P004_Weight_Stack_Seated_Leg_Extension_Releasing_Too_Fast_2_02.csv
4,7,2,5,2,32.892,32892,0.1,-0.45,8.48,8.4925,0.0033,0.0,0.0164,-0.31,-2.06,325.0,0.0312,-0.3916,9.4978,9.506,P004_Weight_Stack_Seated_Leg_Extension_Releasing_Too_Fast_2_02.csv
4,8,2,5,2,33.022,33022,-0.2,0.04,9.98,9.9821,0.0033,0.0033,0.0251,-0.31,-2.0,325.0,0.0008,-0.3347,9.5614,9.5672,P004_Weight_Stack_Seated_Leg_Extension_Releasing_Too_Fast_2_02.csv
4,8,2,5,2,33.156,33156,0.08,-0.4,11.13,11.1375,-0.0087,0.0175,-0.0109,-0.38,-1.94,324.94,0.0112,-0.3433,9.7681,9.7741,P004_Weight_Stack_Seated_Leg_Extension_Releasing_Too_Fast_2_02.csv
4,8,2,5,2,33.29,33290,0.0,-0.27,9.78,9.7837,-0.0065,0.0087,0.0,-0.44,-1.94,324.94,0.0097,-0.3336,9.7696,9.7753,P004_Weight_Stack_Seated_Leg_Extension_Releasing_Too_Fast_2_02.csv
4,8,2,5,2,33.421,33421,0.14,-0.02,6.57,6.5715,0.0033,-0.0153,0.0676,-0.38,-1.94,325.31,0.0269,-0.2923,9.348,9.3526,P004_Weight_Stack_Seated_Leg_Extension_Releasing_Too_Fast_2_02.csv
4,8,2,5,2,33.551,33551,0.21,0.15,9.76,9.7634,0.0065,-0.0109,0.0262,-0.63,-1.69,325.19,0.051,-0.234,9.4023,9.4054,P004_Weight_Stack_Seated_Leg_Extension_Releasing_Too_Fast_2_02.csv
4,8,2,5,2,33.681,33681,-0.3,-0.6,10.0,10.0225,-0.0229,0.0185,-0.0829,-0.38,-1.94,325.06,0.0048,-0.2823,9.4811,9.4853,P004_Weight_Stack_Seated_Leg_Extension_Releasing_Too_Fast_2_02.csv
4,8,2,5,2,33.812,33812,0.1,-0.27,10.49,10.494,0.0556,-0.0284,0.0109,-0.31,-2.06,325.25,0.0173,-0.2806,9.614,9.6181,P004_Weight_Stack_Seated_Leg_Extension_Releasing_Too_Fast_2_02.csv
4,8,2,5,2,33.985,33985,0.14,-0.29,9.84,9.8453,0.0,-0.0044,0.0044,-0.69,-1.69,325.13,0.0335,-0.2819,9.6438,9.648,P004_Weight_Stack_Seated_Leg_Extension_Releasing_Too_Fast_2_02.csv
4,8,2,5,2,34.115,34115,-0.21,-0.53,9.95,9.9663,0.0785,-0.12,0.0436,-0.31,-2.13,325.25,0.0014,-0.3146,9.6841,9.6893,P004_Weight_Stack_Seated_Leg_Extension_Releasing_Too_Fast_2_02.csv
4,8,2,5,2,34.246,34246,0.13,-0.68,9.88,9.9042,0.0044,0.0044,-0.0076,-0.44,-1.94,325.0,0.0183,-0.3627,9.71,9.7167,P004_Weight_Stack_Seated_Leg_Extension_Releasing_Too_Fast_2_02.csv
4,8,2,5,2,34.377,34377,0.16,-0.28,10.71,10.7149,0.0055,-0.0098,-0.0109,-0.44,-1.94,325.0,0.037,-0.3518,9.8417,9.8481,P004_Weight_Stack_Seated_Leg_Extension_Releasing_Too_Fast_2_02.csv
4,8,2,5,2,34.513,34513,0.04,-0.36,10.65,10.6562,0.0076,0.0011,0.0,-0.44,-1.94,325.06,0.0374,-0.3529,9.9482,9.9546,P004_Weight_Stack_Seated_Leg_Extension_Releasing_Too_Fast_2_02.csv
4,8,2,5,2,34.644,34644,0.05,-0.32,10.18,10.1852,0.0087,-0.0065,0.0055,-0.44,-1.94,325.06,0.0391,-0.3486,9.9788,9.9849,P004_Weight_Stack_Seated_Leg_Extension_Releasing_Too_Fast_2_02.csv
4,8,2,5,2,34.774,34774,0.15,-0.58,9.83,9.8482,0.0044,-0.0065,-0.0022,-0.38,-2.0,325.06,0.0537,-0.3791,9.9592,9.9665,P004_Weight_Stack_Seated_Leg_Extension_Releasing_Too_Fast_2_02.csv
4,8,2,5,2,34.904,34904,0.02,-0.32,9.94,9.9452,0.0098,-0.0044,0.0033,-0.31,-2.0,325.06,0.0492,-0.3713,9.9567,9.9637,P004_Weight_Stack_Seated_Leg_Extension_Releasing_Too_Fast_2_02.csv
4,8,2,5,2,35.077,35077,0.03,-0.37,9.63,9.6372,0.0098,-0.0022,-0.0033,-0.31,-2.06,325.06,0.0467,-0.3711,9.9136,9.9207,P004_Weight_Stack_Seated_Leg_Extension_Releasing_Too_Fast_2_02.csv
4,8,2,5,2,35.208,35208,0.19,-0.38,8.84,8.8502,0.0,0.0076,0.0098,-0.38,-2.13,325.0,0.0656,-0.3723,9.7721,9.7794,P004_Weight_Stack_Seated_Leg_Extension_Releasing_Too_Fast_2_02.csv
4,8,2,5,2,35.343,35343,0.13,-0.26,8.06,8.0652,0.0011,0.0,0.0011,-0.38,-2.13,325.0,0.0741,-0.3575,9.5465,9.5535,P004_Weight_Stack_Seated_Leg_Extension_Releasing_Too_Fast_2_02.csv
4,8,2,5,2,35.476,35476,0.01,-0.35,9.5,9.5065,-0.0033,-0.0011,-0.0022,-0.38,-2.13,325.0,0.0656,-0.3565,9.5404,9.5473,P004_Weight_Stack_Seated_Leg_Extension_Releasing_Too_Fast_2_02.csv
4,8,2,5,2,35.606,35606,0.01,-0.33,10.7,10.7051,-0.0011,-0.0011,0.0011,-0.38,-2.13,325.0,0.0583,-0.353,9.6932,9.6998,P004_Weight_Stack_Seated_Leg_Extension_Releasing_Too_Fast_2_02.csv
4,8,2,5,2,35.737,35737,0.1,-0.46,10.47,10.4806,0.0011,0.0044,0.0076,-0.31,-2.13,325.0,0.0638,-0.3671,9.7956,9.8026,P004_Weight_Stack_Seated_Leg_Extension_Releasing_Too_Fast_2_02.csv
4,8,2,5,2,35.867,35867,0.04,-0.38,9.5,9.5077,0.0,-0.0033,0.0033,-0.31,-2.13,325.0,0.0607,-0.3688,9.7566,9.7638,P004_Weight_Stack_Seated_Leg_Extension_Releasing_Too_Fast_2_02.csv
4,8,2,5,2,35.998,35998,0.04,-0.36,9.47,9.4769,0.0022,-0.0011,0.0,-0.31,-2.19,325.0,0.0579,-0.3676,9.7188,9.726,P004_Weight_Stack_Seated_Leg_Extension_Releasing_Too_Fast_2_02.csv
4,8,2,5,2,36.17,36170,0.1,-0.29,9.17,9.1751,-0.0044,-0.0011,0.0,-0.31,-2.19,325.0,0.0635,-0.3574,9.6465,9.6533,P004_Weight_Stack_Seated_Leg_Extension_Releasing_Too_Fast_2_02.csv
4,8,2,5,2,36.3,36300,0.18,-0.51,9.2,9.2159,0.0011,0.0044,0.0131,-0.31,-2.13,325.0,0.0788,-0.3775,9.5877,9.5954,P004_Weight_Stack_Seated_Leg_Extension_Releasing_Too_Fast_2_02.csv
4,8,2,5,2,36.43,36430,0.1,-0.17,9.03,9.0322,-0.0098,-0.0033,-0.0175,-0.31,-2.13,325.06,0.0816,-0.3502,9.5142,9.521,P004_Weight_Stack_Seated_Leg_Extension_Releasing_Too_Fast_2_02.csv
4,9,2,5,2,36.56,36560,0.06,-0.59,9.76,9.778,-0.0175,0.0273,-0.0175,-0.38,-2.06,325.06,0.0788,-0.3818,9.5466,9.5545,P004_Weight_Stack_Seated_Leg_Extension_Releasing_Too_Fast_2_02.csv
4,9,2,5,2,36.69,36690,-0.03,-0.48,10.06,10.0715,-0.0087,-0.0033,0.0033,-0.44,-2.0,325.0,0.0644,-0.3947,9.6142,9.6226,P004_Weight_Stack_Seated_Leg_Extension_Releasing_Too_Fast_2_02.csv
4,9,2,5,2,36.82,36820,0.09,-0.38,13.4,13.4057,-0.0076,-0.0109,-0.0065,-0.44,-2.0,325.0,0.0678,-0.3928,10.1131,10.121,P004_Weight_Stack_Seated_Leg_Extension_Releasing_Too_Fast_2_02.csv
4,9,2,5,2,36.95,36950,0.11,0.32,10.32,10.3255,0.3163,-0.0556,-0.0229,-0.63,-1.81,325.25,0.0734,-0.2989,10.1404,10.145,P004_Weight_Stack_Seated_Leg_Extension_Releasing_Too_Fast_2_02.csv
4,9,2,5,2,37.08,37080,-2.14,1.88,10.45,10.8313,-0.1462,0.024,-0.0491,-0.44,-2.0,325.13,-0.2183,-0.0117,10.1812,10.1835,P004_Weight_Stack_Seated_Leg_Extension_Releasing_Too_Fast_2_02.csv
4,9,2,5,2,37.253,37253,-0.25,-0.89,9.25,9.2961,0.048,-0.0229,0.0676,-0.31,-2.19,325.19,-0.2225,-0.1275,10.0585,10.0617,P004_Weight_Stack_Seated_Leg_Extension_Releasing_Too_Fast_2_02.csv
4,9,2,5,2,37.383,37383,0.06,-0.37,9.97,9.977,-0.0393,0.0829,-0.012,-0.25,-2.25,325.31,-0.1853,-0.1594,10.0468,10.0498,P004_Weight_Stack_Seated_Leg_Extension_Releasing_Too_Fast_2_02.csv
4,9,2,5,2,37.514,37514,-0.01,-0.45,9.86,9.8703,0.0087,-0.012,0.0011,-0.38,-2.13,325.19,-0.1622,-0.1977,10.0222,10.0255,P004_Weight_Stack_Seated_Leg_Extension_Releasing_Too_Fast_2_02.csv
4,9,2,5,2,37.645,37645,0.1,-0.39,9.82,9.8282,-0.0524,0.0447,0.0033,-0.44,-2.06,325.19,-0.1276,-0.2231,9.9955,9.9989,P004_Weight_Stack_Seated_Leg_Extension_Releasing_Too_Fast_2_02.csv
4,9,2,5,2,37.781,37781,0.27,-0.42,10.61,10.6217,0.0644,-0.0371,0.0109,-0.5,-2.0,325.19,-0.0752,-0.249,10.0765,10.0799,P004_Weight_Stack_Seated_Leg_Extension_Releasing_Too_Fast_2_02.csv
4,9,2,5,2,37.911,37911,-0.42,-1.36,9.96,10.0612,0.0949,-0.0916,-0.0796,-0.38,-2.06,325.06,-0.1207,-0.3954,10.0612,10.0697,P004_Weight_Stack_Seated_Leg_Extension_Releasing_Too_Fast_2_02.csv
4,9,2,5,2,38.043,38043,-0.02,0.0,10.1,10.1,0.0044,-0.0076,-0.0273,-0.38,-2.06,325.0,-0.1074,-0.3433,10.0663,10.0727,P004_Weight_Stack_Seated_Leg_Extension_Releasing_Too_Fast_2_02.csv
4,9,2,5,2,38.173,38173,-0.02,-0.33,10.25,10.2553,0.0011,0.0,0.0098,-0.38,-2.06,325.0,-0.0959,-0.3416,10.0905,10.0967,P004_Weight_Stack_Seated_Leg_Extension_Releasing_Too_Fast_2_02.csv
4,9,2,5,2,38.346,38346,0.3,-0.37,9.77,9.7816,0.0153,-0.0175,0.0022,-0.25,-2.13,325.06,-0.0437,-0.3453,10.0483,10.0543,P004_Weight_Stack_Seated_Leg_Extension_Releasing_Too_Fast_2_02.csv
4,9,2,5,2,38.477,38477,0.0,-0.39,9.65,9.6579,0.0087,-0.0022,0.0065,-0.19,-2.19,325.06,-0.0379,-0.3512,9.9958,10.002,P004_Weight_Stack_Seated_Leg_Extension_Releasing_Too_Fast_2_02.csv
4,9,2,5,2,38.608,38608,-0.1,-0.41,9.65,9.6592,0.0055,-0.0044,-0.0022,-0.25,-2.25,325.06,-0.0461,-0.3589,9.9502,9.9568,P004_Weight_Stack_Seated_Leg_Extension_Releasing_Too_Fast_2_02.csv
4,9,2,5,2,38.743,38743,0.13,-0.26,9.19,9.1946,0.0033,0.0022,0.0055,-0.25,-2.25,325.06,-0.0229,-0.3459,9.85,9.8561,P004_Weight_Stack_Seated_Leg_Extension_Releasing_Too_Fast_2_02.csv
4,9,2,5,2,38.875,38875,0.12,-0.54,8.91,8.9272,-0.0022,0.0,-0.0076,-0.25,-2.31,325.06,-0.0041,-0.3715,9.7262,9.7333,P004_Weight_Stack_Seated_Leg_Extension_Releasing_Too_Fast_2_02.csv
4,9,2,5,2,39.005,39005,0.1,-0.37,8.96,8.9682,-0.0022,0.0033,0.012,-0.25,-2.25,325.06,0.0096,-0.3713,9.6252,9.6324,P004_Weight_Stack_Seated_Leg_Extension_Releasing_Too_Fast_2_02.csv
4,10,2,5,2,39.136,39136,0.08,-0.46,9.9,9.911,0.0,0.0022,0.0109,-0.25,-2.25,325.06,0.0189,-0.383,9.6614,9.669,P004_Weight_Stack_Seated_Leg_Extension_Releasing_Too_Fast_2_02.csv
4,10,2,5,2,39.266,39266,0.06,-0.42,9.73,9.7392,-0.0011,-0.0033,-0.0044,-0.25,-2.31,325.06,0.0243,-0.3879,9.6705,9.6783,P004_Weight_Stack_Seated_Leg_Extension_Releasing_Too_Fast_2_02.csv
4,10,2,5,2,39.439,39439,0.03,-0.34,9.63,9.636,0.0022,-0.0033,-0.0065,-0.25,-2.31,325.06,0.0251,-0.3815,9.6651,9.6727,P004_Weight_Stack_Seated_Leg_Extension_Releasing_Too_Fast_2_02.csv
4,10,2,5,2,39.57,39570,0.0,-0.38,9.06,9.068,-0.0087,0.0011,0.0,-0.25,-2.31,325.06,0.0218,-0.3813,9.5854,9.593,P004_Weight_Stack_Seated_Leg_Extension_Releasing_Too_Fast_2_02.csv
4,10,2,5,2,39.706,39706,0.13,-0.45,8.94,8.9523,-0.0022,0.0044,-0.0011,-0.25,-2.25,325.13,0.036,-0.3904,9.5003,9.5084,P004_Weight_Stack_Seated_Leg_Extension_Releasing_Too_Fast_2_02.csv
4,10,2,5,2,39.837,39837,-0.42,0.58,9.89,9.9159,-0.0295,-0.0349,0.0284,-0.19,-2.25,325.13,-0.0241,-0.2625,9.5517,9.5553,P004_Weight_Stack_Seated_Leg_Extension_Releasing_Too_Fast_2_02.csv
4,10,2,5,2,39.968,39968,-0.05,-0.26,9.95,9.9535,-0.0033,0.0153,-0.0185,-0.19,-2.25,325.13,-0.0275,-0.2622,9.6042,9.6078,P004_Weight_Stack_Seated_Leg_Extension_Releasing_Too_Fast_2_02.csv
4,10,2,5,2,40.098,40098,0.09,-0.55,10.34,10.355,-0.0055,-0.0076,-0.0033,-0.25,-2.19,325.13,-0.012,-0.3001,9.7011,9.7058,P004_Weight_Stack_Seated_Leg_Extension_Releasing_Too_Fast_2_02.csv
4,10,2,5,2,40.228,40228,-0.02,-0.25,10.18,10.1831,-0.0087,0.0033,-0.0011,-0.25,-2.19,325.06,-0.0131,-0.2935,9.7642,9.7687,P004_Weight_Stack_Seated_Leg_Extension_Releasing_Too_Fast_2_02.csv
4,10,2,5,2,40.359,40359,-0.02,-0.41,9.87,9.8785,-0.0044,0.0087,-0.0044,-0.25,-2.19,325.06,-0.014,-0.3089,9.7782,9.7831,P004_Weight_Stack_Seated_Leg_Extension_Releasing_Too_Fast_2_02.csv
4,10,2,5,2,40.531,40531,-0.36,-1.85,9.27,9.4597,0.0273,-0.1244,0.0153,-0.44,-1.56,325.38,-0.0596,-0.5119,9.7112,9.7249,P004_Weight_Stack_Seated_Leg_Extension_Releasing_Too_Fast_2_02.csv
4,10,2,5,2,40.661,40661,0.02,-0.38,10.17,10.1771,0.012,-0.0185,-0.0065,-0.31,-2.19,325.0,-0.0491,-0.4946,9.7717,9.7843,P004_Weight_Stack_Seated_Leg_Extension_Releasing_Too_Fast_2_02.csv
4,10,2,5,2,40.791,40791,0.15,-0.19,7.66,7.6638,0.0207,-0.0207,0.0371,-0.31,-2.19,325.06,-0.0228,-0.4544,9.4934,9.5043,P004_Weight_Stack_Seated_Leg_Extension_Releasing_Too_Fast_2_02.csv
4,10,2,5,2,40.921,40921,0.03,-0.65,9.92,9.9413,0.0851,-0.0393,-0.0098,-0.5,-1.94,325.25,-0.0159,-0.4802,9.5496,9.5617,P004_Weight_Stack_Seated_Leg_Extension_Releasing_Too_Fast_2_02.csv
4,10,2,5,2,41.051,41051,0.55,-0.78,8.54,8.5932,0.096,-0.1298,0.0393,-0.13,-2.38,325.31,0.0587,-0.5197,9.4166,9.4311,P004_Weight_Stack_Seated_Leg_Extension_Releasing_Too_Fast_2_02.csv
4,10,2,5,2,41.181,41181,0.06,-0.19,9.44,9.4421,0.0218,-0.0109,0.0229,-0.25,-2.25,325.13,0.0589,-0.4763,9.4197,9.4319,P004_Weight_Stack_Seated_Leg_Extension_Releasing_Too_Fast_2_02.csv
4,10,2,5,2,41.312,41312,-0.09,-0.45,10.04,10.0505,-0.1549,0.1691,-0.0524,-0.31,-2.31,325.25,0.0392,-0.4728,9.5014,9.5132,P004_Weight_Stack_Seated_Leg_Extension_Releasing_Too_Fast_2_02.csv
4,10,2,5,2,41.442,41442,0.01,-0.29,9.83,9.8343,0.0022,-0.0044,0.0033,-0.5,-1.88,325.19,0.0354,-0.4487,9.5447,9.5553,P004_Weight_Stack_Seated_Leg_Extension_Releasing_Too_Fast_2_02.csv
4,10,2,5,2,41.615,41615,0.01,-0.37,9.86,9.8669,-0.0131,0.0491,-0.0076,-0.06,-2.38,325.44,0.032,-0.4383,9.5863,9.5963,P004_Weight_Stack_Seated_Leg_Extension_Releasing_Too_Fast_2_02.csv
4,10,2,5,2,41.745,41745,0.0,-0.37,9.83,9.837,0.0,-0.0044,-0.0196,-0.44,-2.06,325.25,0.0278,-0.4293,9.6184,9.628,P004_Weight_Stack_Seated_Leg_Extension_Releasing_Too_Fast_2_02.csv
4,10,2,5,2,41.876,41876,3.49,-4.23,9.22,10.7276,0.1778,0.1091,-0.1833,-0.38,-2.19,325.06,0.484,-0.9302,9.5659,9.6232,P004_Weight_Stack_Seated_Leg_Extension_Releasing_Too_Fast_2_02.csv
4,10,2,5,2,42.006,42006,0.1,-0.17,11.37,11.3717,0.0098,-0.0131,-0.0131,-0.31,-2.19,325.06,0.4334,-0.83,9.8036,9.8482,P004_Weight_Stack_Seated_Leg_Extension_Releasing_Too_Fast_2_02.csv
4,10,2,5,2,42.141,42141,0.06,-0.12,11.18,11.1808,0.0131,-0.0109,-0.0109,-0.31,-2.25,325.06,0.3842,-0.7364,9.985,10.0195,P004_Weight_Stack_Seated_Leg_Extension_Releasing_Too_Fast_2_02.csv
4,10,2,5,2,42.274,42274,0.13,-0.22,9.92,9.9233,0.0044,-0.0109,-0.012,-0.19,-2.31,325.13,0.3507,-0.6684,9.9764,10.0049,P004_Weight_Stack_Seated_Leg_Extension_Releasing_Too_Fast_2_02.csv
4,10,2,5,2,42.404,42404,0.32,0.39,9.76,9.773,-0.0251,0.0218,0.0316,-0.19,-2.38,325.13,0.3467,-0.5289,9.9479,9.968,P004_Weight_Stack_Seated_Leg_Extension_Releasing_Too_Fast_2_02.csv
4,10,2,5,2,42.554,42554,-0.12,-0.25,9.42,9.4241,0.0087,-0.0109,0.0109,-0.19,-2.44,325.13,0.2852,-0.4922,9.8783,9.8947,P004_Weight_Stack_Seated_Leg_Extension_Releasing_Too_Fast_2_02.csv
4,10,2,5,2,42.726,42726,0.25,-0.42,7.89,7.9051,0.0011,0.0022,0.0011,-0.19,-2.5,325.06,0.2805,-0.4827,9.6163,9.6325,P004_Weight_Stack_Seated_Leg_Extension_Releasing_Too_Fast_2_02.csv
4,10,2,5,2,42.856,42856,0.15,-0.36,8.92,8.9285,-0.0044,0.0,0.0,-0.25,-2.5,325.13,0.2633,-0.4665,9.5246,9.5396,P004_Weight_Stack_Seated_Leg_Extension_Releasing_Too_Fast_2_02.csv
4,10,2,5,2,42.986,42986,-0.14,-0.33,10.86,10.8659,-0.0044,-0.0033,0.0022,-0.25,-2.5,325.13,0.2102,-0.4485,9.7005,9.7132,P004_Weight_Stack_Seated_Leg_Extension_Releasing_Too_Fast_2_02.csv
4,1,2,5,2,0.0,0,-0.31,-0.17,9.92,9.9263,0.1364,-0.0764,-0.0109,2.69,-1.44,296.38,-0.3833,-0.2507,9.7184,9.7292,P004_Weight_Stack_Seated_Leg_Extension_Releasing_Too_Fast_2_03.csv
4,1,2,5,2,0.131,131,-0.49,-0.26,9.9,9.9155,-0.0207,0.0436,-0.036,3.0,-1.69,296.44,-0.3974,-0.2519,9.7424,9.7537,P004_Weight_Stack_Seated_Leg_Extension_Releasing_Too_Fast_2_03.csv
4,1,2,5,2,0.261,261,-0.48,-0.21,9.85,9.8639,-0.0284,0.0196,-0.0022,2.75,-1.5,296.38,-0.4083,-0.2464,9.7565,9.7682,P004_Weight_Stack_Seated_Leg_Extension_Releasing_Too_Fast_2_03.csv
4,1,2,5,2,0.434,434,-0.51,-0.21,9.86,9.8754,0.0829,-0.0764,0.0338,2.88,-1.69,296.38,-0.4217,-0.2416,9.7702,9.7823,P004_Weight_Stack_Seated_Leg_Extension_Releasing_Too_Fast_2_03.csv
4,1,2,5,2,0.564,564,-0.53,-0.26,9.68,9.698,-0.0033,0.0087,0.0011,3.13,-1.75,296.5,-0.4359,-0.244,9.7583,9.7711,P004_Weight_Stack_Seated_Leg_Extension_Releasing_Too_Fast_2_03.csv
4,1,2,5,2,0.694,694,-0.66,-0.29,10.16,10.1855,-0.0033,0.0131,0.0,3.06,-1.75,296.5,-0.4655,-0.2501,9.8112,9.8254,P004_Weight_Stack_Seated_Leg_Extension_Releasing_Too_Fast_2_03.csv
4,1,2,5,2,0.824,824,-0.52,-0.33,9.85,9.8692,0.0022,-0.0022,-0.0175,2.69,-1.38,296.31,-0.4727,-0.2606,9.8163,9.8312,P004_Weight_Stack_Seated_Leg_Extension_Releasing_Too_Fast_2_03.csv
4,1,2,5,2,0.954,954,-0.46,-0.21,9.82,9.833,0.0011,-0.0022,0.0,2.69,-1.38,296.31,-0.471,-0.254,9.8168,9.8314,P004_Weight_Stack_Seated_Leg_Extension_Releasing_Too_Fast_2_03.csv
4,1,2,5,2,1.084,1084,-0.49,-0.22,9.82,9.8347,0.0,-0.0022,-0.0011,2.69,-1.38,296.31,-0.4735,-0.2495,9.8172,9.8318,P004_Weight_Stack_Seated_Leg_Extension_Releasing_Too_Fast_2_03.csv
4,1,2,5,2,1.214,1214,-0.48,-0.21,9.84,9.8539,-0.0011,0.0022,0.0011,2.69,-1.38,296.31,-0.4744,-0.2443,9.8202,9.8347,P004_Weight_Stack_Seated_Leg_Extension_Releasing_Too_Fast_2_03.csv
4,1,2,5,2,1.344,1344,-0.46,-0.22,9.81,9.8232,0.0,0.0,0.0022,2.69,-1.38,296.31,-0.4725,-0.2411,9.8189,9.8332,P004_Weight_Stack_Seated_Leg_Extension_Releasing_Too_Fast_2_03.csv
4,1,2,5,2,1.522,1522,-1.3,0.51,10.06,10.1565,0.12,-0.0851,-0.2269,2.81,-1.5,296.19,-0.5815,-0.1421,9.8507,9.8688,P004_Weight_Stack_Seated_Leg_Extension_Releasing_Too_Fast_2_03.csv
4,1,2,5,2,1.654,1654,-0.55,-0.02,10.22,10.2348,0.0087,-0.0076,-0.0076,2.81,-1.44,296.19,-0.5774,-0.126,9.8993,9.917,P004_Weight_Stack_Seated_Leg_Extension_Releasing_Too_Fast_2_03.csv
4,1,2,5,2,1.785,1785,-0.44,-0.17,10.65,10.6604,0.0055,-0.0033,0.0044,2.88,-1.44,296.19,-0.5593,-0.1318,9.9983,10.0147,P004_Weight_Stack_Seated_Leg_Extension_Releasing_Too_Fast_2_03.csv
4,1,2,5,2,1.915,1915,-0.36,-0.04,10.55,10.5562,-0.0033,0.0109,-0.0011,2.81,-1.5,296.25,-0.533,-0.1197,10.071,10.0858,P004_Weight_Stack_Seated_Leg_Extension_Releasing_Too_Fast_2_03.csv
4,1,2,5,2,2.045,2045,-0.45,0.25,10.07,10.0831,0.0,-0.0055,0.0,2.88,-1.5,296.25,-0.5221,-0.071,10.0708,10.0846,P004_Weight_Stack_Seated_Leg_Extension_Releasing_Too_Fast_2_03.csv
4,1,2,5,2,2.175,2175,-0.42,-0.37,9.45,9.4666,0.0044,-0.0109,-0.0033,2.94,-1.56,296.25,-0.5086,-0.1104,9.989,10.0026,P004_Weight_Stack_Seated_Leg_Extension_Releasing_Too_Fast_2_03.csv
4,1,2,5,2,2.306,2306,-0.65,-0.34,9.77,9.7975,0.0164,0.0458,-0.0109,2.94,-1.63,296.25,-0.5272,-0.1407,9.9602,9.9751,P004_Weight_Stack_Seated_Leg_Extension_Releasing_Too_Fast_2_03.csv
4,1,2,5,2,2.436,2436,-0.48,-0.35,9.78,9.798,0.0065,-0.0044,-0.0022,2.94,-1.69,296.25,-0.521,-0.1682,9.9364,9.9515,P004_Weight_Stack_Seated_Leg_Extension_Releasing_Too_Fast_2_03.csv
4,1,2,5,2,2.609,2609,-0.55,-0.42,8.76,8.7873,-0.0076,0.0022,-0.0011,2.94,-1.69,296.25,-0.5248,-0.2014,9.7814,9.7975,P004_Weight_Stack_Seated_Leg_Extension_Releasing_Too_Fast_2_03.csv
4,1,2,5,2,2.74,2740,-0.48,-0.59,7.79,7.827,0.0033,-0.0055,0.0087,2.94,-1.69,296.19,-0.5189,-0.2526,9.519,9.5365,P004_Weight_Stack_Seated_Leg_Extension_Releasing_Too_Fast_2_03.csv
4,1,2,5,2,2.876,2876,-0.12,-0.49,8.58,8.5948,0.0011,0.0044,0.0033,3.0,-1.69,296.19,-0.4664,-0.2839,9.3952,9.4111,P004_Weight_Stack_Seated_Leg_Extension_Releasing_Too_Fast_2_03.csv
4,1,2,5,2,3.007,3007,-0.33,-0.48,8.92,8.939,-0.0273,0.0251,-0.0218,3.0,-1.56,296.19,-0.4484,-0.3097,9.3326,9.3485,P004_Weight_Stack_Seated_Leg_Extension_Releasing_Too_Fast_2_03.csv
4,2,2,5,2,3.138,3138,-0.8,-0.24,10.15,10.1843,-0.0284,0.0109,-0.0033,2.88,-1.5,296.19,-0.4947,-0.3006,9.4403,9.4581,P004_Weight_Stack_Seated_Leg_Extension_Releasing_Too_Fast_2_03.csv
4,2,2,5,2,3.268,3268,-0.45,-0.29,10.14,10.1541,-0.0022,0.0196,-0.0055,2.88,-1.44,296.19,-0.4888,-0.2992,9.5325,9.5497,P004_Weight_Stack_Seated_Leg_Extension_Releasing_Too_Fast_2_03.csv
4,2,2,5,2,3.398,3398,-0.44,-0.29,10.42,10.4333,-0.0033,-0.0044,-0.0011,2.88,-1.44,296.19,-0.4824,-0.298,9.6495,9.6661,P004_Weight_Stack_Seated_Leg_Extension_Releasing_Too_Fast_2_03.csv
4,2,2,5,2,3.529,3529,-1.07,0.82,9.57,9.6645,-0.0153,-0.0022,0.0175,2.81,-1.44,296.19,-0.5598,-0.1506,9.639,9.6564,P004_Weight_Stack_Seated_Leg_Extension_Releasing_Too_Fast_2_03.csv
4,2,2,5,2,3.701,3701,-0.42,-0.27,9.91,9.9226,0.0011,-0.0011,0.0,2.81,-1.44,296.19,-0.5414,-0.1664,9.6747,9.6913,P004_Weight_Stack_Seated_Leg_Extension_Releasing_Too_Fast_2_03.csv
4,2,2,5,2,3.831,3831,-0.52,-0.22,9.84,9.8562,0.0022,-0.0022,0.0,2.81,-1.44,296.19,-0.5386,-0.1734,9.6965,9.713,P004_Weight_Stack_Seated_Leg_Extension_Releasing_Too_Fast_2_03.csv
4,2,2,5,2,3.961,3961,-0.52,-0.09,9.23,9.2451,0.0567,-0.0273,0.0393,2.88,-1.5,296.31,-0.5361,-0.1624,9.635,9.6513,P004_Weight_Stack_Seated_Leg_Extension_Releasing_Too_Fast_2_03.csv
4,2,2,5,2,4.091,4091,-0.54,-0.75,10.15,10.192,0.0393,-0.0011,0.0011,2.63,-1.13,296.31,-0.5366,-0.2399,9.7029,9.7207,P004_Weight_Stack_Seated_Leg_Extension_Releasing_Too_Fast_2_03.csv
4,2,2,5,2,4.221,4221,-0.5,-0.17,9.87,9.8841,0.0022,-0.0033,0.0,2.63,-1.19,296.31,-0.5318,-0.2307,9.7249,9.7422,P004_Weight_Stack_Seated_Leg_Extension_Releasing_Too_Fast_2_03.csv
4,2,2,5,2,4.351,4351,-0.49,-0.12,9.86,9.8729,0.0,0.0055,-0.0044,2.69,-1.19,296.31,-0.5263,-0.2161,9.7427,9.7593,P004_Weight_Stack_Seated_Leg_Extension_Releasing_Too_Fast_2_03.csv
4,2,2,5,2,4.481,4481,-0.43,-0.16,9.83,9.8407,-0.0022,0.0,0.0011,2.69,-1.19,296.31,-0.5136,-0.2087,9.7542,9.77,P004_Weight_Stack_Seated_Leg_Extension_Releasing_Too_Fast_2_03.csv
4,2,2,5,2,4.611,4611,-0.44,-0.16,9.83,9.8411,0.0,0.0011,0.0011,2.69,-1.19,296.31,-0.5039,-0.2023,9.7642,9.7793,P004_Weight_Stack_Seated_Leg_Extension_Releasing_Too_Fast_2_03.csv
4,2,2,5,2,4.784,4784,-0.17,0.11,10.43,10.432,0.0055,-0.0087,0.0022,2.69,-1.19,296.31,-0.4599,-0.1611,9.8519,9.864,P004_Weight_Stack_Seated_Leg_Extension_Releasing_Too_Fast_2_03.csv
4,2,2,5,2,4.915,4915,-0.29,0.76,11.47,11.4988,-0.0229,0.0076,0.0033,2.81,-1.44,296.0,-0.4375,-0.0397,10.0652,10.0747,P004_Weight_Stack_Seated_Leg_Extension_Releasing_Too_Fast_2_03.csv
4,2,2,5,2,5.046,5046,-0.44,-0.26,10.95,10.9619,0.0131,-0.0065,-0.0022,2.81,-1.44,296.0,-0.4378,-0.0688,10.1818,10.1914,P004_Weight_Stack_Seated_Leg_Extension_Releasing_Too_Fast_2_03.csv
4,2,2,5,2,5.18,5180,-0.46,-0.32,11.17,11.184,0.0076,-0.0022,0.0044,2.81,-1.44,296.0,-0.4408,-0.1019,10.312,10.3219,P004_Weight_Stack_Seated_Leg_Extension_Releasing_Too_Fast_2_03.csv
4,2,2,5,2,5.313,5313,-0.55,-0.64,10.34,10.3744,0.0109,-0.0153,0.0022,2.88,-1.44,296.0,-0.4552,-0.1728,10.3157,10.3272,P004_Weight_Stack_Seated_Leg_Extension_Releasing_Too_Fast_2_03.csv
4,2,2,5,2,5.444,5444,-0.74,0.09,9.77,9.7984,0.0218,-0.0218,0.0153,2.88,-1.5,296.0,-0.4927,-0.1382,10.2438,10.2565,P004_Weight_Stack_Seated_Leg_Extension_Releasing_Too_Fast_2_03.csv
4,2,2,5,2,5.574,5574,-0.68,-0.1,9.65,9.6744,0.0109,-0.0153,0.0076,2.94,-1.56,296.06,-0.5174,-0.1331,10.1655,10.1796,P004_Weight_Stack_Seated_Leg_Extension_Releasing_Too_Fast_2_03.csv
4,2,2,5,2,5.704,5704,0.67,-0.8,9.31,9.3683,0.012,0.0142,-0.0098,2.88,-1.63,296.0,-0.3609,-0.221,10.0528,10.0617,P004_Weight_Stack_Seated_Leg_Extension_Releasing_Too_Fast_2_03.csv
4,2,2,5,2,5.877,5877,-0.63,-0.27,10.0,10.0235,0.0109,0.0065,-0.012,2.88,-1.69,296.0,-0.3964,-0.2275,10.0458,10.0562,P004_Weight_Stack_Seated_Leg_Extension_Releasing_Too_Fast_2_03.csv
4,2,2,5,2,6.008,6008,-0.48,-0.04,9.19,9.2026,-0.0033,-0.0033,-0.0175,2.88,-1.69,296.0,-0.4074,-0.2028,9.9331,9.9435,P004_Weight_Stack_Seated_Leg_Extension_Releasing_Too_Fast_2_03.csv
4,2,2,5,2,6.144,6144,-0.53,-0.32,8.5,8.5225,-0.0011,0.0033,0.0098,2.88,-1.69,296.0,-0.4235,-0.2182,9.7442,9.7559,P004_Weight_Stack_Seated_Leg_Extension_Releasing_Too_Fast_2_03.csv
4,2,2,5,2,6.275,6275,-0.35,-0.4,9.5,9.5149,0.0033,-0.0033,-0.0087,2.88,-1.69,296.0,-0.4139,-0.2422,9.712,9.7239,P004_Weight_Stack_Seated_Leg_Extension_Releasing_Too_Fast_2_03.csv
4,2,2,5,2,6.406,6406,-0.51,-0.22,9.03,9.0471,-0.0109,0.0022,0.0164,2.88,-1.69,296.0,-0.4265,-0.2392,9.6222,9.6346,P004_Weight_Stack_Seated_Leg_Extension_Releasing_Too_Fast_2_03.csv
4,2,2,5,2,6.536,6536,-0.51,-0.04,8.55,8.5653,-0.0087,0.0033,-0.0055,2.94,-1.69,296.06,-0.4375,-0.213,9.4809,9.4934,P004_Weight_Stack_Seated_Leg_Extension_Releasing_Too_Fast_2_03.csv
4,2,2,5,2,6.666,6666,-0.72,-0.22,9.06,9.0912,-0.0316,0.0175,-0.0338,2.94,-1.63,296.06,-0.4747,-0.2139,9.4254,9.4398,P004_Weight_Stack_Seated_Leg_Extension_Releasing_Too_Fast_2_03.csv
4,3,2,5,2,6.797,6797,-0.42,-0.21,9.89,9.9011,0.0109,-0.0044,0.0011,2.88,-1.56,296.0,-0.4675,-0.2134,9.4866,9.5005,P004_Weight_Stack_Seated_Leg_Extension_Releasing_Too_Fast_2_03.csv
4,3,2,5,2,6.97,6970,-0.44,-0.45,11.29,11.3075,0.0022,-0.0098,0.0022,2.81,-1.44,296.0,-0.4639,-0.2446,9.7243,9.7384,P004_Weight_Stack_Seated_Leg_Extension_Releasing_Too_Fast_2_03.csv
4,3,2,5,2,7.101,7101,-0.45,-0.19,10.44,10.4514,-0.0011,0.0011,-0.0044,2.88,-1.44,296.0,-0.4621,-0.2374,9.8186,9.8323,P004_Weight_Stack_Seated_Leg_Extension_Releasing_Too_Fast_2_03.csv
4,3,2,5,2,7.235,7235,-0.55,0.06,10.29,10.3049,-0.0033,-0.0153,-0.0436,2.81,-1.5,296.06,-0.4737,-0.1982,9.8807,9.894,P004_Weight_Stack_Seated_Leg_Extension_Releasing_Too_Fast_2_03.csv
4,3,2,5,2,7.368,7368,-0.39,-0.2,9.93,9.9397,0.0033,0.0,-0.0022,2.81,-1.44,296.06,-0.4626,-0.1984,9.8872,9.9,P004_Weight_Stack_Seated_Leg_Extension_Releasing_Too_Fast_2_03.csv
4,3,2,5,2,7.499,7499,-0.53,-0.2,9.86,9.8763,0.0022,0.0,0.0044,2.81,-1.44,296.06,-0.4715,-0.1986,9.8836,9.8969,P004_Weight_Stack_Seated_Leg_Extension_Releasing_Too_Fast_2_03.csv
4,3,2,5,2,7.629,7629,-0.12,0.34,9.0,9.0072,0.1134,0.0131,-0.0033,2.63,-1.06,296.25,-0.4252,-0.1277,9.7672,9.7773,P004_Weight_Stack_Seated_Leg_Extension_Releasing_Too_Fast_2_03.csv
4,3,2,5,2,7.759,7759,-0.51,-0.19,9.85,9.865,-0.0011,-0.0044,0.0011,2.63,-1.25,296.25,-0.4364,-0.1359,9.7781,9.7888,P004_Weight_Stack_Seated_Leg_Extension_Releasing_Too_Fast_2_03.csv
4,3,2,5,2,7.889,7889,-0.51,-0.22,9.84,9.8557,0.0022,-0.0011,-0.0011,2.63,-1.25,296.25,-0.4461,-0.147,9.7863,9.7975,P004_Weight_Stack_Seated_Leg_Extension_Releasing_Too_Fast_2_03.csv
4,3,2,5,2,8.062,8062,-0.54,-0.2,9.86,9.8768,-0.0022,0.0,-0.0011,2.63,-1.25,296.25,-0.4584,-0.154,9.796,9.8079,P004_Weight_Stack_Seated_Leg_Extension_Releasing_Too_Fast_2_03.csv
4,3,2,5,2,8.192,8192,-0.4,-0.22,9.81,9.8206,-0.0011,0.0011,0.0022,2.63,-1.25,296.25,-0.4507,-0.1627,9.7978,9.8095,P004_Weight_Stack_Seated_Leg_Extension_Releasing_Too_Fast_2_03.csv
4,3,2,5,2,8.322,8322,-0.53,-0.22,9.83,9.8467,-0.0022,0.0022,0.0,2.63,-1.25,296.25,-0.4612,-0.1702,9.8021,9.8144,P004_Weight_Stack_Seated_Leg_Extension_Releasing_Too_Fast_2_03.csv
4,3,2,5,2,8.452,8452,-0.48,-0.22,9.84,9.8542,0.0011,-0.0033,0.0011,2.63,-1.25,296.25,-0.4637,-0.1768,9.8071,9.8196,P004_Weight_Stack_Seated_Leg_Extension_Releasing_Too_Fast_2_03.csv
4,3,2,5,2,8.582,8582,-0.47,-0.17,9.84,9.8527,0.0022,-0.0011,0.0,2.63,-1.25,296.25,-0.4645,-0.1759,9.8114,9.824,P004_Weight_Stack_Seated_Leg_Extension_Releasing_Too_Fast_2_03.csv
4,3,2,5,2,8.712,8712,-1.08,-0.69,15.56,15.6127,-0.06,0.0207,-0.1014,2.75,-1.38,296.75,-0.5456,-0.2436,10.5689,10.5858,P004_Weight_Stack_Seated_Leg_Extension_Releasing_Too_Fast_2_03.csv
4,3,2,5,2,8.842,8842,-1.19,0.06,12.57,12.6263,0.0316,-0.0382,-0.0022,2.88,-1.5,296.81,-0.6305,-0.2036,10.8326,10.8529,P004_Weight_Stack_Seated_Leg_Extension_Releasing_Too_Fast_2_03.csv
4,3,2,5,2,8.972,8972,-0.81,0.18,10.98,11.0113,0.0305,-0.0349,0.0065,2.88,-1.5,296.88,-0.6542,-0.1531,10.852,10.8728,P004_Weight_Stack_Seated_Leg_Extension_Releasing_Too_Fast_2_03.csv
4,3,2,5,2,9.145,9145,-1.16,0.31,9.58,9.655,0.0251,-0.0295,0.0,2.94,-1.63,296.88,-0.7208,-0.092,10.6844,10.7091,P004_Weight_Stack_Seated_Leg_Extension_Releasing_Too_Fast_2_03.csv
4,3,2,5,2,9.279,9279,-0.87,0.19,8.78,8.825,0.0033,0.0033,0.0044,2.94,-1.69,296.81,-0.7405,-0.0549,10.4335,10.4598,P004_Weight_Stack_Seated_Leg_Extension_Releasing_Too_Fast_2_03.csv
4,3,2,5,2,9.413,9413,-0.38,-0.35,8.05,8.0666,0.0022,0.0,-0.0164,2.94,-1.75,296.81,-0.693,-0.0938,10.1194,10.1435,P004_Weight_Stack_Seated_Leg_Extension_Releasing_Too_Fast_2_03.csv
4,3,2,5,2,9.543,9543,-0.46,-0.33,8.99,9.0078,-0.0011,-0.0055,-0.0055,2.94,-1.75,296.81,-0.6623,-0.1249,9.9706,9.9933,P004_Weight_Stack_Seated_Leg_Extension_Releasing_Too_Fast_2_03.csv
4,3,2,5,2,9.674,9674,-0.61,-0.28,9.6,9.6234,-0.0098,-0.0011,0.0076,2.94,-1.75,296.81,-0.6554,-0.1453,9.9217,9.9444,P004_Weight_Stack_Seated_Leg_Extension_Releasing_Too_Fast_2_03.csv
4,3,2,5,2,9.804,9804,-0.31,-0.12,9.62,9.6257,-0.0087,0.0022,-0.0033,2.94,-1.69,296.81,-0.6099,-0.142,9.882,9.9018,P004_Weight_Stack_Seated_Leg_Extension_Releasing_Too_Fast_2_03.csv
4,3,2,5,2,9.935,9935,-0.45,-0.3,9.26,9.2758,-0.0065,0.0033,-0.0022,2.94,-1.69,296.81,-0.5888,-0.1628,9.8,9.819,P004_Weight_Stack_Seated_Leg_Extension_Releasing_Too_Fast_2_03.csv
4,3,2,5,2,10.065,10065,-0.28,-0.31,8.91,8.9198,-0.0207,0.0185,-0.0142,3.0,-1.63,296.88,-0.5481,-0.1822,9.6827,9.6999,P004_Weight_Stack_Seated_Leg_Extension_Releasing_Too_Fast_2_03.csv
4,4,2,5,2,10.239,10239,-0.6,-0.25,10.49,10.5101,-0.0131,0.0175,-0.0065,2.88,-1.5,296.81,-0.555,-0.1911,9.7891,9.8067,P004_Weight_Stack_Seated_Leg_Extension_Releasing_Too_Fast_2_03.csv
4,4,2,5,2,10.374,10374,-0.36,-0.4,11.23,11.2429,-0.0087,0.012,-0.0109,2.88,-1.5,296.81,-0.5293,-0.2187,9.979,9.9954,P004_Weight_Stack_Seated_Leg_Extension_Releasing_Too_Fast_2_03.csv
4,4,2,5,2,10.506,10506,-0.32,-0.35,10.18,10.191,-0.0076,0.0109,-0.0153,2.81,-1.5,296.81,-0.5017,-0.236,10.0055,10.0208,P004_Weight_Stack_Seated_Leg_Extension_Releasing_Too_Fast_2_03.csv
4,4,2,5,2,10.636,10636,-0.64,-0.21,8.33,8.3572,-0.0011,0.0011,-0.0164,2.88,-1.5,296.81,-0.5199,-0.2326,9.7847,9.8012,P004_Weight_Stack_Seated_Leg_Extension_Releasing_Too_Fast_2_03.csv
4,4,2,5,2,10.766,10766,-0.52,-0.1,8.01,8.0275,0.0229,-0.0022,0.0393,2.88,-1.56,296.88,-0.5199,-0.2151,9.5508,9.5674,P004_Weight_Stack_Seated_Leg_Extension_Releasing_Too_Fast_2_03.csv
4,4,2,5,2,10.897,10897,-0.6,-0.08,9.92,9.9385,-0.0033,-0.0044,-0.0087,2.69,-1.25,297.0,-0.5305,-0.1973,9.5995,9.6161,P004_Weight_Stack_Seated_Leg_Extension_Releasing_Too_Fast_2_03.csv
4,4,2,5,2,11.027,11027,-0.59,-0.63,9.46,9.4993,0.1451,-0.096,-0.0229,2.81,-1.5,297.0,-0.5383,-0.2543,9.5811,9.5996,P004_Weight_Stack_Seated_Leg_Extension_Releasing_Too_Fast_2_03.csv
4,4,2,5,2,11.158,11158,-0.12,0.93,9.83,9.8746,-0.0327,0.0185,-0.0316,2.63,-1.19,297.0,-0.4832,-0.0982,9.6139,9.6265,P004_Weight_Stack_Seated_Leg_Extension_Releasing_Too_Fast_2_03.csv
4,4,2,5,2,11.331,11331,-0.43,-0.21,9.84,9.8516,0.0033,0.0044,0.0011,2.63,-1.19,297.0,-0.4762,-0.113,9.6437,9.6561,P004_Weight_Stack_Seated_Leg_Extension_Releasing_Too_Fast_2_03.csv
4,4,2,5,2,11.462,11462,-0.38,-0.21,9.81,9.8196,0.0011,0.0011,-0.0011,2.63,-1.19,297.0,-0.4635,-0.1258,9.6656,9.6775,P004_Weight_Stack_Seated_Leg_Extension_Releasing_Too_Fast_2_03.csv
4,4,2,5,2,11.592,11592,-0.64,-0.12,9.96,9.9813,-0.0055,-0.0055,0.0055,2.63,-1.19,297.0,-0.4868,-0.125,9.7044,9.7174,P004_Weight_Stack_Seated_Leg_Extension_Releasing_Too_Fast_2_03.csv
4,4,2,5,2,11.726,11726,-0.42,-0.24,9.75,9.762,0.0011,0.0022,-0.0011,2.63,-1.19,297.0,-0.478,-0.1402,9.7104,9.7232,P004_Weight_Stack_Seated_Leg_Extension_Releasing_Too_Fast_2_03.csv
4,4,2,5,2,11.859,11859,-0.41,-0.19,9.8,9.8104,0.0033,-0.0011,0.0011,2.63,-1.19,297.0,-0.469,-0.1467,9.7222,9.7346,P004_Weight_Stack_Seated_Leg_Extension_Releasing_Too_Fast_2_03.csv
4,4,2,5,2,11.99,11990,-0.48,-0.2,9.86,9.8737,-0.0011,0.0,-0.0011,2.63,-1.19,297.0,-0.4705,-0.1537,9.7404,9.7529,P004_Weight_Stack_Seated_Leg_Extension_Releasing_Too_Fast_2_03.csv
4,4,2,5,2,12.12,12120,-0.47,-0.2,9.88,9.8932,-0.0011,0.0011,0.0022,2.63,-1.19,297.0,-0.4704,-0.1598,9.7588,9.7714,P004_Weight_Stack_Seated_Leg_Extension_Releasing_Too_Fast_2_03.csv
4,4,2,5,2,12.25,12250,-0.14,-0.69,13.57,13.5883,0.1582,-0.0731,-0.012,2.75,-1.38,297.0,-0.4269,-0.2297,10.261,10.2724,P004_Weight_Stack_Seated_Leg_Extension_Releasing_Too_Fast_2_03.csv
4,4,2,5,2,12.423,12423,-0.28,-0.35,9.01,9.0211,-0.0055,0.0109,0.0011,2.81,-1.44,296.69,-0.4075,-0.2456,10.0961,10.1073,P004_Weight_Stack_Seated_Leg_Extension_Releasing_Too_Fast_2_03.csv
4,4,2,5,2,12.556,12556,-0.46,-0.24,10.22,10.2332,-0.0044,0.0,0.0076,2.81,-1.44,296.69,-0.4144,-0.2448,10.1125,10.1239,P004_Weight_Stack_Seated_Leg_Extension_Releasing_Too_Fast_2_03.csv
4,4,2,5,2,12.691,12691,-0.26,-0.15,10.94,10.9441,-0.0011,0.0065,-0.0011,2.81,-1.44,296.69,-0.3941,-0.2323,10.2215,10.2317,P004_Weight_Stack_Seated_Leg_Extension_Releasing_Too_Fast_2_03.csv
4,4,2,5,2,12.822,12822,-0.63,-0.03,10.26,10.2794,0.0076,-0.0218,0.0055,2.88,-1.44,296.69,-0.4252,-0.2057,10.2266,10.2375,P004_Weight_Stack_Seated_Leg_Extension_Releasing_Too_Fast_2_03.csv
4,4,2,5,2,12.952,12952,-0.42,-0.25,9.24,9.2529,0.0033,-0.0044,0.0022,2.94,-1.5,296.69,-0.4245,-0.2115,10.0966,10.1077,P004_Weight_Stack_Seated_Leg_Extension_Releasing_Too_Fast_2_03.csv
4,4,2,5,2,13.082,13082,-1.02,-0.32,9.77,9.8283,0.0076,-0.0109,0.0044,2.94,-1.5,296.63,-0.503,-0.2258,10.0535,10.0686,P004_Weight_Stack_Seated_Leg_Extension_Releasing_Too_Fast_2_03.csv
4,4,2,5,2,13.213,13213,-0.52,-0.3,9.87,9.8882,0.0033,-0.0044,-0.0109,2.94,-1.56,296.69,-0.5052,-0.2356,10.0294,10.0448,P004_Weight_Stack_Seated_Leg_Extension_Releasing_Too_Fast_2_03.csv
4,4,2,5,2,13.343,13343,-0.62,-0.06,9.77,9.7898,-0.0076,0.0065,-0.0109,2.94,-1.56,296.63,-0.5203,-0.2124,9.9952,10.011,P004_Weight_Stack_Seated_Leg_Extension_Releasing_Too_Fast_2_03.csv
4,4,2,5,2,13.516,13516,-0.6,-0.26,9.17,9.1933,0.0153,-0.0131,0.0076,2.94,-1.56,296.63,-0.5308,-0.2187,9.8864,9.9031,P004_Weight_Stack_Seated_Leg_Extension_Releasing_Too_Fast_2_03.csv
4,4,2,5,2,13.646,13646,-0.46,-0.39,9.78,9.7986,0.0022,-0.0044,-0.0175,2.94,-1.56,296.63,-0.5215,-0.2413,9.8724,9.8891,P004_Weight_Stack_Seated_Leg_Extension_Releasing_Too_Fast_2_03.csv
4,4,2,5,2,13.777,13777,-0.53,-0.25,9.87,9.8874,-0.0033,0.0,0.012,2.94,-1.63,296.63,-0.5226,-0.2424,9.8721,9.8889,P004_Weight_Stack_Seated_Leg_Extension_Releasing_Too_Fast_2_03.csv
4,4,2,5,2,13.913,13913,-0.49,-0.22,9.51,9.5252,-0.0033,-0.0011,-0.0022,2.94,-1.56,296.63,-0.5183,-0.2395,9.8244,9.841,P004_Weight_Stack_Seated_Leg_Extension_Releasing_Too_Fast_2_03.csv
4,4,2,5,2,14.045,14045,-0.46,-0.32,7.88,7.8999,-0.0142,-0.0065,-0.0131,2.94,-1.56,296.63,-0.5106,-0.2501,9.5682,9.585,P004_Weight_Stack_Seated_Leg_Extension_Releasing_Too_Fast_2_03.csv
4,4,2,5,2,14.175,14175,-2.01,1.86,8.92,9.3309,-0.0818,-0.0545,0.0196,2.94,-1.5,296.69,-0.7082,0.028,9.4828,9.5092,P004_Weight_Stack_Seated_Leg_Extension_Releasing_Too_Fast_2_03.csv
4,4,2,5,2,14.305,14305,0.05,-0.43,9.39,9.4,-0.0349,0.0393,-0.0447,2.81,-1.38,296.63,-0.6083,-0.0324,9.4705,9.4901,P004_Weight_Stack_Seated_Leg_Extension_Releasing_Too_Fast_2_03.csv
4,5,2,5,2,14.436,14436,-0.47,-0.39,11.06,11.0769,-0.0207,0.0131,-0.0109,2.88,-1.25,296.56,-0.5901,-0.0795,9.68,9.6983,P004_Weight_Stack_Seated_Leg_Extension_Releasing_Too_Fast_2_03.csv
4,5,2,5,2,14.609,14609,-0.63,-0.41,10.05,10.0781,0.0109,0.0055,-0.0055,2.88,-1.25,296.56,-0.5953,-0.1231,9.7287,9.7477,P004_Weight_Stack_Seated_Leg_Extension_Releasing_Too_Fast_2_03.csv
4,5,2,5,2,14.744,14744,-0.78,-0.24,9.22,9.256,0.0164,-0.0076,0.0022,2.88,-1.25,296.56,-0.6197,-0.1385,9.6617,9.6825,P004_Weight_Stack_Seated_Leg_Extension_Releasing_Too_Fast_2_03.csv
4,5,2,5,2,14.877,14877,-0.5,-0.18,9.8,9.8144,-0.0044,0.0022,-0.0011,2.81,-1.25,296.56,-0.6039,-0.1439,9.6799,9.6998,P004_Weight_Stack_Seated_Leg_Extension_Releasing_Too_Fast_2_03.csv
4,5,2,5,2,15.007,15007,-0.48,-0.22,9.82,9.8342,-0.0033,0.0055,-0.0044,2.81,-1.25,296.56,-0.5876,-0.154,9.6984,9.7174,P004_Weight_Stack_Seated_Leg_Extension_Releasing_Too_Fast_2_03.csv
4,5,2,5,2,15.137,15137,-0.5,-0.27,9.83,9.8464,0.0011,0.0011,0.0065,2.81,-1.25,296.56,-0.576,-0.1693,9.7157,9.7343,P004_Weight_Stack_Seated_Leg_Extension_Releasing_Too_Fast_2_03.csv
4,5,2,5,2,15.268,15268,-0.51,-0.1,9.52,9.5342,0.0087,-0.0349,0.0262,3.06,-1.56,296.75,-0.5673,-0.1601,9.6899,9.7079,P004_Weight_Stack_Seated_Leg_Extension_Releasing_Too_Fast_2_03.csv
4,5,2,5,2,15.398,15398,-0.38,-0.12,9.9,9.908,0.0316,-0.0251,-0.0076,2.75,-1.31,296.69,-0.5426,-0.1548,9.7176,9.734,P004_Weight_Stack_Seated_Leg_Extension_Releasing_Too_Fast_2_03.csv
4,5,2,5,2,15.528,15528,-0.67,-0.27,9.73,9.7568,0.0011,0.0087,0.0,3.13,-1.56,296.81,-0.5594,-0.17,9.7192,9.7368,P004_Weight_Stack_Seated_Leg_Extension_Releasing_Too_Fast_2_03.csv
4,5,2,5,2,15.701,15701,-0.57,-0.44,9.87,9.8962,-0.072,0.0862,-0.0447,2.94,-1.5,296.75,-0.5608,-0.2056,9.7391,9.7574,P004_Weight_Stack_Seated_Leg_Extension_Releasing_Too_Fast_2_03.csv
4,5,2,5,2,15.831,15831,-0.48,-0.18,9.84,9.8533,0.0011,-0.0011,-0.0011,2.69,-1.13,296.69,-0.5502,-0.2022,9.7524,9.77,P004_Weight_Stack_Seated_Leg_Extension_Releasing_Too_Fast_2_03.csv
4,5,2,5,2,15.961,15961,-0.49,-0.17,9.82,9.8337,0.0011,-0.0011,0.0011,2.69,-1.13,296.69,-0.5422,-0.198,9.7613,9.7784,P004_Weight_Stack_Seated_Leg_Extension_Releasing_Too_Fast_2_03.csv
4,5,2,5,2,16.091,16091,-0.45,-0.16,9.85,9.8616,-0.0011,-0.0022,0.0,2.69,-1.13,296.69,-0.5301,-0.193,9.773,9.7893,P004_Weight_Stack_Seated_Leg_Extension_Releasing_Too_Fast_2_03.csv
4,5,2,5,2,16.221,16221,-0.68,-0.6,9.84,9.8817,0.0829,-0.1178,0.0491,3.06,-1.56,296.81,-0.5498,-0.2466,9.7818,9.8004,P004_Weight_Stack_Seated_Leg_Extension_Releasing_Too_Fast_2_03.csv
4,5,2,5,2,16.351,16351,-0.66,-0.44,9.79,9.8221,-0.0022,0.012,-0.1134,2.81,-1.31,296.56,-0.5644,-0.2721,9.7829,9.8029,P004_Weight_Stack_Seated_Leg_Extension_Releasing_Too_Fast_2_03.csv
4,5,2,5,2,16.481,16481,-0.55,0.03,9.11,9.1266,-0.0055,-0.0011,0.0,2.81,-1.25,296.56,-0.5625,-0.2323,9.6942,9.7133,P004_Weight_Stack_Seated_Leg_Extension_Releasing_Too_Fast_2_03.csv
4,5,2,5,2,16.611,16611,-0.57,-0.31,9.86,9.8813,0.0076,-0.0153,0.0065,2.88,-1.31,296.56,-0.5635,-0.2425,9.7161,9.7354,P004_Weight_Stack_Seated_Leg_Extension_Releasing_Too_Fast_2_03.csv
4,5,2,5,2,16.784,16784,-0.42,-0.2,10.15,10.1607,0.0,-0.0033,0.0,2.88,-1.25,296.56,-0.5446,-0.2369,9.7733,9.7913,P004_Weight_Stack_Seated_Leg_Extension_Releasing_Too_Fast_2_03.csv
4,5,2,5,2,16.915,16915,-0.58,-0.29,10.36,10.3803,0.0175,-0.0196,0.0087,2.88,-1.31,296.56,-0.5492,-0.2439,9.8506,9.8689,P004_Weight_Stack_Seated_Leg_Extension_Releasing_Too_Fast_2_03.csv
4,5,2,5,2,17.051,17051,-0.51,-0.32,9.59,9.6089,0.0011,-0.0131,0.0022,2.94,-1.31,296.56,-0.5441,-0.2539,9.8162,9.8346,P004_Weight_Stack_Seated_Leg_Extension_Releasing_Too_Fast_2_03.csv
4,5,2,5,2,17.181,17181,-0.54,-0.51,9.72,9.7483,0.0065,0.0218,-0.0022,3.0,-1.38,296.56,-0.5435,-0.2877,9.8036,9.8228,P004_Weight_Stack_Seated_Leg_Extension_Releasing_Too_Fast_2_03.csv
4,5,2,5,2,17.313,17313,-0.4,-0.45,9.8,9.8185,0.0044,-0.0044,0.0065,2.94,-1.38,296.56,-0.5246,-0.3091,9.8031,9.822,P004_Weight_Stack_Seated_Leg_Extension_Releasing_Too_Fast_2_03.csv
4,5,2,5,2,17.443,17443,-0.55,-0.32,8.74,8.7631,0.0109,-0.0098,-0.012,2.94,-1.44,296.5,-0.528,-0.3105,9.663,9.6824,P004_Weight_Stack_Seated_Leg_Extension_Releasing_Too_Fast_2_03.csv
4,5,2,5,2,17.574,17574,-0.51,0.0,8.61,8.6251,-0.0022,0.0011,-0.0065,2.94,-1.44,296.5,-0.5256,-0.2696,9.5242,9.5425,P004_Weight_Stack_Seated_Leg_Extension_Releasing_Too_Fast_2_03.csv
4,5,2,5,2,17.704,17704,-0.37,-0.13,9.57,9.578,-0.0065,-0.0098,-0.0087,2.94,-1.44,296.56,-0.5051,-0.2512,9.5303,9.547,P004_Weight_Stack_Seated_Leg_Extension_Releasing_Too_Fast_2_03.csv
4,5,2,5,2,17.877,17877,-0.64,-0.23,10.36,10.3823,-0.0033,0.0033,0.0033,2.94,-1.44,296.56,-0.5229,-0.2484,9.6396,9.657,P004_Weight_Stack_Seated_Leg_Extension_Releasing_Too_Fast_2_03.csv
4,5,2,5,2,18.007,18007,-0.43,-0.27,9.56,9.5735,0.0,0.0033,-0.0044,2.94,-1.44,296.56,-0.5106,-0.2513,9.6291,9.6459,P004_Weight_Stack_Seated_Leg_Extension_Releasing_Too_Fast_2_03.csv
4,5,2,5,2,18.138,18138,-0.47,-0.26,9.67,9.6849,0.0,-0.0022,0.0022,2.94,-1.44,296.56,-0.5053,-0.2524,9.6345,9.651,P004_Weight_Stack_Seated_Leg_Extension_Releasing_Too_Fast_2_03.csv
4,5,2,5,2,18.271,18271,-0.53,-0.27,8.95,8.9697,-0.0033,-0.0033,0.0033,2.94,-1.44,296.56,-0.5085,-0.2547,9.5443,9.5612,P004_Weight_Stack_Seated_Leg_Extension_Releasing_Too_Fast_2_03.csv
4,5,2,5,2,18.405,18405,-0.52,-0.29,9.42,9.4388,-0.0033,0.0022,-0.0044,2.94,-1.44,296.56,-0.51,-0.2594,9.5279,9.5451,P004_Weight_Stack_Seated_Leg_Extension_Releasing_Too_Fast_2_03.csv
4,5,2,5,2,18.535,18535,0.19,-1.13,8.54,8.6165,-0.0142,0.0,0.0022,3.0,-1.38,296.56,-0.4178,-0.3741,9.3977,9.4145,P004_Weight_Stack_Seated_Leg_Extension_Releasing_Too_Fast_2_03.csv
4,5,2,5,2,18.681,18681,-0.37,-0.42,9.57,9.5864,-0.0098,0.0055,-0.0098,3.0,-1.38,296.56,-0.4115,-0.3801,9.4204,9.4371,P004_Weight_Stack_Seated_Leg_Extension_Releasing_Too_Fast_2_03.csv
4,5,2,5,2,18.816,18816,-0.5,-0.33,10.44,10.4572,-0.0087,0.0055,-0.0087,2.94,-1.31,296.56,-0.4232,-0.3735,9.5548,9.5715,P004_Weight_Stack_Seated_Leg_Extension_Releasing_Too_Fast_2_03.csv
4,5,2,5,2,18.989,18989,2.41,-1.72,15.51,15.7901,0.0011,0.0033,-0.0055,2.94,-1.25,296.5,-0.0498,-0.551,10.3395,10.3543,P004_Weight_Stack_Seated_Leg_Extension_Releasing_Too_Fast_2_03.csv
4,5,2,5,2,19.12,19120,0.21,-0.38,11.56,11.5682,-0.1265,0.0316,-0.0578,2.94,-1.13,296.69,-0.0156,-0.5284,10.5004,10.5137,P004_Weight_Stack_Seated_Leg_Extension_Releasing_Too_Fast_2_03.csv
4,6,2,5,2,19.253,19253,-0.29,-0.44,8.09,8.1071,-0.0164,0.0218,-0.0382,2.81,-1.13,296.44,-0.0517,-0.5168,10.1827,10.196,P004_Weight_Stack_Seated_Leg_Extension_Releasing_Too_Fast_2_03.csv
4,6,2,5,2,19.384,19384,-0.44,0.05,7.96,7.9723,0.0153,-0.0098,0.0295,2.88,-1.25,296.5,-0.1029,-0.4421,9.8898,9.9002,P004_Weight_Stack_Seated_Leg_Extension_Releasing_Too_Fast_2_03.csv
4,6,2,5,2,19.518,19518,-0.57,-0.45,10.56,10.5849,0.0687,-0.0447,0.0404,2.94,-1.38,296.63,-0.1645,-0.4431,9.9781,9.9893,P004_Weight_Stack_Seated_Leg_Extension_Releasing_Too_Fast_2_03.csv
4,6,2,5,2,19.649,19649,-0.61,-0.25,9.35,9.3732,0.0022,0.0131,-0.0196,3.19,-1.5,296.81,-0.2232,-0.4177,9.8954,9.9067,P004_Weight_Stack_Seated_Leg_Extension_Releasing_Too_Fast_2_03.csv
4,6,2,5,2,19.779,19779,-0.46,-0.05,9.85,9.8609,-0.0065,-0.0033,-0.0033,2.69,-0.94,296.63,-0.2544,-0.3692,9.8894,9.8996,P004_Weight_Stack_Seated_Leg_Extension_Releasing_Too_Fast_2_03.csv
4,6,2,5,2,19.909,19909,-0.61,-0.13,9.87,9.8897,-0.0022,-0.0055,-0.0022,2.69,-0.94,296.63,-0.3012,-0.3377,9.8868,9.8972,P004_Weight_Stack_Seated_Leg_Extension_Releasing_Too_Fast_2_03.csv
4,6,2,5,2,20.082,20082,-0.47,-0.16,9.86,9.8725,0.0,-0.0033,-0.0022,2.69,-0.94,296.63,-0.3235,-0.3143,9.8833,9.8936,P004_Weight_Stack_Seated_Leg_Extension_Releasing_Too_Fast_2_03.csv
4,6,2,5,2,20.212,20212,-0.46,-0.19,9.84,9.8526,0.0011,0.0,0.0,2.69,-0.94,296.63,-0.3415,-0.2979,9.8776,9.888,P004_Weight_Stack_Seated_Leg_Extension_Releasing_Too_Fast_2_03.csv
4,6,2,5,2,20.342,20342,-0.47,-0.17,9.82,9.8327,-0.0022,-0.0011,0.0011,2.69,-0.94,296.63,-0.3584,-0.2811,9.87,9.8805,P004_Weight_Stack_Seated_Leg_Extension_Releasing_Too_Fast_2_03.csv
4,6,2,5,2,20.472,20472,-0.42,-0.19,9.84,9.8508,0.0,0.0011,-0.0011,2.69,-0.94,296.63,-0.3665,-0.2691,9.8661,9.8765,P004_Weight_Stack_Seated_Leg_Extension_Releasing_Too_Fast_2_03.csv
4,6,2,5,2,20.602,20602,-0.13,-0.28,14.86,14.8632,0.1396,-0.0524,-0.0098,2.75,-1.06,296.63,-0.3354,-0.2705,10.5241,10.5329,P004_Weight_Stack_Seated_Leg_Extension_Releasing_Too_Fast_2_03.csv
4,6,2,5,2,20.732,20732,-0.7,0.06,7.68,7.7121,-0.0033,0.0011,0.0065,2.88,-1.19,296.13,-0.3834,-0.2269,10.1493,10.1591,P004_Weight_Stack_Seated_Leg_Extension_Releasing_Too_Fast_2_03.csv
4,6,2,5,2,20.862,20862,-0.37,-0.05,8.82,8.8279,-0.0022,-0.0011,0.0131,2.88,-1.25,296.13,-0.3816,-0.2036,9.9742,9.9835,P004_Weight_Stack_Seated_Leg_Extension_Releasing_Too_Fast_2_03.csv
4,6,2,5,2,20.992,20992,-0.66,-0.44,10.07,10.1012,0.0153,-0.0218,0.012,2.88,-1.25,296.13,-0.4183,-0.2348,9.9868,9.9983,P004_Weight_Stack_Seated_Leg_Extension_Releasing_Too_Fast_2_03.csv
4,6,2,5,2,21.165,21165,-0.42,-0.6,10.38,10.4058,0.0087,-0.0131,0.0033,2.94,-1.31,296.19,-0.4185,-0.2829,10.0386,10.0513,P004_Weight_Stack_Seated_Leg_Extension_Releasing_Too_Fast_2_03.csv
4,6,2,5,2,21.301,21301,-0.67,-0.15,9.2,9.2256,0.0131,-0.0011,-0.0098,3.0,-1.38,296.19,-0.4517,-0.2654,9.9281,9.9419,P004_Weight_Stack_Seated_Leg_Extension_Releasing_Too_Fast_2_03.csv
4,6,2,5,2,21.433,21433,-0.55,-0.17,8.61,8.6292,-0.0022,-0.0022,-0.0316,2.94,-1.44,296.19,-0.4646,-0.2528,9.7544,9.7687,P004_Weight_Stack_Seated_Leg_Extension_Releasing_Too_Fast_2_03.csv
4,6,2,5,2,21.563,21563,-0.37,-0.45,9.18,9.1985,0.0044,-0.0011,-0.0022,2.94,-1.5,296.19,-0.4522,-0.2788,9.6787,9.6933,P004_Weight_Stack_Seated_Leg_Extension_Releasing_Too_Fast_2_03.csv
4,6,2,5,2,21.694,21694,-0.62,-0.3,9.31,9.3354,0.0175,-0.0076,0.0065,2.94,-1.5,296.19,-0.4743,-0.2816,9.6301,9.6459,P004_Weight_Stack_Seated_Leg_Extension_Releasing_Too_Fast_2_03.csv
4,6,2,5,2,21.824,21824,-0.46,-0.22,9.75,9.7633,0.0022,-0.0022,-0.0022,2.94,-1.5,296.19,-0.4724,-0.2735,9.6459,9.6614,P004_Weight_Stack_Seated_Leg_Extension_Releasing_Too_Fast_2_03.csv
4,6,2,5,2,21.954,21954,-0.48,-0.16,10.12,10.1326,0.0022,0.0033,0.0,2.94,-1.5,296.19,-0.4734,-0.2585,9.7084,9.7234,P004_Weight_Stack_Seated_Leg_Extension_Releasing_Too_Fast_2_03.csv
4,6,2,5,2,22.085,22085,-0.57,-0.3,9.79,9.8112,0.0011,0.0011,0.0022,2.94,-1.5,296.19,-0.4861,-0.264,9.7192,9.7349,P004_Weight_Stack_Seated_Leg_Extension_Releasing_Too_Fast_2_03.csv
4,6,2,5,2,22.258,22258,-0.51,-0.25,9.63,9.6467,-0.0011,0.0,0.0022,2.94,-1.5,296.19,-0.4893,-0.2621,9.7074,9.7233,P004_Weight_Stack_Seated_Leg_Extension_Releasing_Too_Fast_2_03.csv
4,6,2,5,2,22.389,22389,-0.5,-0.27,9.68,9.6967,-0.0011,0.0033,-0.0022,2.94,-1.5,296.19,-0.4907,-0.2632,9.7038,9.7198,P004_Weight_Stack_Seated_Leg_Extension_Releasing_Too_Fast_2_03.csv
4,6,2,5,2,22.524,22524,-0.59,-0.22,8.98,9.002,-0.0033,-0.0022,-0.0033,2.94,-1.5,296.19,-0.5038,-0.2575,9.6084,9.6251,P004_Weight_Stack_Seated_Leg_Extension_Releasing_Too_Fast_2_03.csv
4,6,2,5,2,22.656,22656,-1.08,1.04,10.3,10.4086,-0.0076,-0.0502,0.0273,2.94,-1.44,296.19,-0.5797,-0.0865,9.6995,9.7172,P004_Weight_Stack_Seated_Leg_Extension_Releasing_Too_Fast_2_03.csv
4,6,2,5,2,22.787,22787,-0.62,-0.33,10.02,10.0446,-0.012,0.0109,-0.0087,2.94,-1.44,296.19,-0.585,-0.1186,9.7418,9.76,P004_Weight_Stack_Seated_Leg_Extension_Releasing_Too_Fast_2_03.csv
4,6,2,5,2,22.917,22917,-0.64,-0.24,11.13,11.151,-0.0109,0.012,-0.0044,2.88,-1.38,296.19,-0.5923,-0.1346,9.9247,9.9433,P004_Weight_Stack_Seated_Leg_Extension_Releasing_Too_Fast_2_03.csv
4,6,2,5,2,23.047,23047,-0.21,-0.38,9.84,9.8496,0.0022,-0.0033,-0.0044,2.81,-1.31,296.19,-0.5419,-0.1669,9.9135,9.9297,P004_Weight_Stack_Seated_Leg_Extension_Releasing_Too_Fast_2_03.csv
4,6,2,5,2,23.177,23177,-0.65,-0.31,10.06,10.0857,0.0,0.0185,-0.0033,2.88,-1.31,296.13,-0.5561,-0.1858,9.9328,9.9501,P004_Weight_Stack_Seated_Leg_Extension_Releasing_Too_Fast_2_03.csv
4,6,2,5,2,23.35,23350,-0.52,-0.25,9.86,9.8769,-0.0044,-0.0065,-0.0011,2.81,-1.31,296.13,-0.5514,-0.1942,9.9232,9.9405,P004_Weight_Stack_Seated_Leg_Extension_Releasing_Too_Fast_2_03.csv
4,6,2,5,2,23.482,23482,-0.68,-0.48,9.57,9.6061,0.0164,-0.012,0.0175,2.81,-1.31,296.13,-0.5683,-0.2319,9.8767,9.8958,P004_Weight_Stack_Seated_Leg_Extension_Releasing_Too_Fast_2_03.csv
4,6,2,5,2,23.618,23618,-0.59,-0.22,9.7,9.7204,0.0011,0.0,0.0011,2.81,-1.31,296.13,-0.5712,-0.2303,9.8534,9.8726,P004_Weight_Stack_Seated_Leg_Extension_Releasing_Too_Fast_2_03.csv
4,6,2,5,2,23.749,23749,-0.49,-0.18,9.83,9.8439,0.0033,0.0,0.0022,2.81,-1.31,296.13,-0.5605,-0.2237,9.8503,9.8688,P004_Weight_Stack_Seated_Leg_Extension_Releasing_Too_Fast_2_03.csv
4,6,2,5,2,23.879,23879,-0.5,-0.21,9.83,9.8449,0.0,0.0011,-0.0011,2.81,-1.31,296.13,-0.5525,-0.2219,9.8476,9.8656,P004_Weight_Stack_Seated_Leg_Extension_Releasing_Too_Fast_2_03.csv
4,6,2,5,2,24.009,24009,-0.49,-0.22,9.83,9.8447,0.0022,-0.0011,0.0,2.81,-1.31,296.13,-0.5443,-0.2216,9.8453,9.8628,P004_Weight_Stack_Seated_Leg_Extension_Releasing_Too_Fast_2_03.csv
4,6,2,5,2,24.14,24140,-0.56,-0.28,9.8,9.82,0.0774,-0.0458,0.0327,2.88,-1.5,296.31,-0.5463,-0.2293,9.8394,9.8572,P004_Weight_Stack_Seated_Leg_Extension_Releasing_Too_Fast_2_03.csv
4,6,2,5,2,24.27,24270,-0.43,-0.18,9.95,9.9609,-0.1505,0.132,-0.0513,2.75,-1.38,296.31,-0.531,-0.2228,9.8539,9.8707,P004_Weight_Stack_Seated_Leg_Extension_Releasing_Too_Fast_2_03.csv
4,6,2,5,2,24.443,24443,-0.49,-0.22,9.83,9.8447,0.0011,0.0022,0.0033,2.63,-1.13,296.25,-0.5256,-0.2225,9.8508,9.8673,P004_Weight_Stack_Seated_Leg_Extension_Releasing_Too_Fast_2_03.csv
4,6,2,5,2,24.573,24573,-0.48,-0.19,9.83,9.8435,-0.0011,0.0033,0.0011,2.63,-1.13,296.25,-0.5196,-0.2182,9.848,9.8642,P004_Weight_Stack_Seated_Leg_Extension_Releasing_Too_Fast_2_03.csv
4,6,2,5,2,24.704,24704,-0.47,-0.19,9.81,9.8231,0.0022,0.0033,-0.0011,2.63,-1.13,296.25,-0.5131,-0.2145,9.843,9.8587,P004_Weight_Stack_Seated_Leg_Extension_Releasing_Too_Fast_2_03.csv
4,6,2,5,2,24.838,24838,-0.47,-0.17,9.85,9.8627,0.0,0.0011,0.0,2.63,-1.13,296.25,-0.5074,-0.2086,9.8439,9.8592,P004_Weight_Stack_Seated_Leg_Extension_Releasing_Too_Fast_2_03.csv
4,6,2,5,2,24.971,24971,-0.25,-0.86,13.08,13.1106,0.12,-0.0491,0.0262,2.75,-1.31,296.31,-0.4735,-0.2944,10.2704,10.2855,P004_Weight_Stack_Seated_Leg_Extension_Releasing_Too_Fast_2_03.csv
4,7,2,5,2,25.102,25102,-0.54,-0.48,9.21,9.2383,0.0055,-0.0055,0.0087,2.75,-1.31,295.94,-0.4822,-0.3189,10.1306,10.1471,P004_Weight_Stack_Seated_Leg_Extension_Releasing_Too_Fast_2_03.csv
4,7,2,5,2,25.232,25232,-0.44,-0.48,9.43,9.4525,-0.0022,0.0262,0.0076,2.75,-1.31,295.94,-0.4767,-0.3401,10.0383,10.0554,P004_Weight_Stack_Seated_Leg_Extension_Releasing_Too_Fast_2_03.csv
4,7,2,5,2,25.363,25363,-0.62,-0.12,9.46,9.4811,0.0065,0.0022,0.0109,2.75,-1.38,296.0,-0.4956,-0.3111,9.9621,9.9793,P004_Weight_Stack_Seated_Leg_Extension_Releasing_Too_Fast_2_03.csv
4,7,2,5,2,25.536,25536,-0.43,-0.61,10.38,10.4068,0.0382,-0.0425,0.0229,2.88,-1.5,296.0,-0.4869,-0.3505,10.0172,10.0351,P004_Weight_Stack_Seated_Leg_Extension_Releasing_Too_Fast_2_03.csv
4,7,2,5,2,25.67,25670,-0.85,0.14,9.63,9.6685,0.0131,-0.0185,-0.0087,2.88,-1.56,296.0,-0.5348,-0.2859,9.9662,9.9846,P004_Weight_Stack_Seated_Leg_Extension_Releasing_Too_Fast_2_03.csv
4,7,2,5,2,25.803,25803,-0.56,-0.09,9.03,9.0478,-0.0076,0.0076,-0.0011,2.88,-1.63,296.0,-0.5381,-0.2601,9.8428,9.8609,P004_Weight_Stack_Seated_Leg_Extension_Releasing_Too_Fast_2_03.csv
4,7,2,5,2,25.934,25934,-0.45,-0.18,8.36,8.374,0.0033,0.0022,-0.0033,2.81,-1.63,296.0,-0.5265,-0.2495,9.6474,9.665,P004_Weight_Stack_Seated_Leg_Extension_Releasing_Too_Fast_2_03.csv
4,7,2,5,2,26.064,26064,-0.39,-0.31,8.94,8.9539,0.0033,-0.0011,-0.0142,2.88,-1.63,295.94,-0.5085,-0.2575,9.5542,9.5712,P004_Weight_Stack_Seated_Leg_Extension_Releasing_Too_Fast_2_03.csv
4,7,2,5,2,26.195,26195,-0.28,-0.38,9.81,9.8213,0.0055,0.012,0.0044,2.81,-1.63,295.94,-0.4784,-0.2736,9.5879,9.6037,P004_Weight_Stack_Seated_Leg_Extension_Releasing_Too_Fast_2_03.csv
4,7,2,5,2,26.325,26325,-0.52,-0.32,10.05,10.0685,0.0011,0.0,0.0,2.81,-1.63,295.94,-0.4839,-0.2797,9.6488,9.665,P004_Weight_Stack_Seated_Leg_Extension_Releasing_Too_Fast_2_03.csv
4,7,2,5,2,26.455,26455,-0.55,-0.28,9.67,9.6897,0.0,0.0,0.0,2.81,-1.63,295.94,-0.4926,-0.2798,9.6516,9.6682,P004_Weight_Stack_Seated_Leg_Extension_Releasing_Too_Fast_2_03.csv
4,7,2,5,2,26.628,26628,-0.49,-0.28,9.83,9.8462,0.0022,0.0,-0.0044,2.81,-1.63,295.94,-0.4922,-0.2798,9.6751,9.6916,P004_Weight_Stack_Seated_Leg_Extension_Releasing_Too_Fast_2_03.csv
4,7,2,5,2,26.76,26760,-0.54,-0.23,8.08,8.1013,-0.0044,-0.0022,0.0065,2.81,-1.63,295.94,-0.4985,-0.2732,9.4649,9.482,P004_Weight_Stack_Seated_Leg_Extension_Releasing_Too_Fast_2_03.csv
4,7,2,5,2,26.896,26896,-0.42,-0.26,8.02,8.0352,0.0011,0.0055,0.0065,2.88,-1.63,295.94,-0.4882,-0.2715,9.2745,9.2913,P004_Weight_Stack_Seated_Leg_Extension_Releasing_Too_Fast_2_03.csv
4,7,2,5,2,27.027,27027,-0.45,-0.37,9.75,9.7674,-0.0393,0.0327,-0.0273,2.81,-1.5,295.94,-0.4832,-0.2845,9.3372,9.354,P004_Weight_Stack_Seated_Leg_Extension_Releasing_Too_Fast_2_03.csv
4,7,2,5,2,27.157,27157,-0.73,-0.38,11.15,11.1803,-0.0022,0.0033,-0.0011,2.75,-1.44,295.94,-0.5157,-0.2971,9.576,9.5945,P004_Weight_Stack_Seated_Leg_Extension_Releasing_Too_Fast_2_03.csv
4,7,2,5,2,27.287,27287,-0.11,-0.27,11.29,11.2938,-0.0218,-0.0305,-0.0131,2.75,-1.38,295.88,-0.4622,-0.2935,9.8019,9.8172,P004_Weight_Stack_Seated_Leg_Extension_Releasing_Too_Fast_2_03.csv
4,7,2,5,2,27.418,27418,-0.68,-0.21,10.03,10.0552,0.0076,-0.0022,-0.0022,2.81,-1.38,295.88,-0.4909,-0.2825,9.832,9.8483,P004_Weight_Stack_Seated_Leg_Extension_Releasing_Too_Fast_2_03.csv
4,7,2,5,2,27.548,27548,0.04,-0.21,9.1,9.1025,-0.0142,0.0894,0.0022,2.69,-1.38,295.88,-0.421,-0.2729,9.7355,9.7484,P004_Weight_Stack_Seated_Leg_Extension_Releasing_Too_Fast_2_03.csv
4,7,2,5,2,27.721,27721,-0.54,-0.16,9.89,9.906,0.0,0.0,-0.0076,2.69,-1.44,295.94,-0.4366,-0.2581,9.7559,9.769,P004_Weight_Stack_Seated_Leg_Extension_Releasing_Too_Fast_2_03.csv
4,7,2,5,2,27.852,27852,-0.52,-0.21,9.85,9.866,-0.0011,0.0044,0.0,2.69,-1.44,295.94,-0.4476,-0.2517,9.7683,9.7818,P004_Weight_Stack_Seated_Leg_Extension_Releasing_Too_Fast_2_03.csv
4,7,2,5,2,27.982,27982,-2.35,-1.97,15.34,15.6435,0.072,-0.0142,0.0164,2.75,-1.63,296.13,-0.6983,-0.4781,10.5025,10.5365,P004_Weight_Stack_Seated_Leg_Extension_Releasing_Too_Fast_2_03.csv
4,8,2,5,2,28.117,28117,-0.47,-0.3,9.85,9.8658,0.0055,0.0011,0.0011,2.5,-1.19,296.06,-0.6682,-0.4547,10.4165,10.4478,P004_Weight_Stack_Seated_Leg_Extension_Releasing_Too_Fast_2_03.csv
4,8,2,5,2,28.249,28249,-0.45,-0.18,9.84,9.8519,0.0022,0.0033,-0.0022,2.5,-1.19,296.06,-0.6395,-0.4185,10.3405,10.3687,P004_Weight_Stack_Seated_Leg_Extension_Releasing_Too_Fast_2_03.csv
4,8,2,5,2,28.38,28380,-0.5,-0.18,9.81,9.8244,0.0,0.0011,0.0,2.5,-1.19,296.06,-0.6211,-0.3871,10.2706,10.2967,P004_Weight_Stack_Seated_Leg_Extension_Releasing_Too_Fast_2_03.csv
4,8,2,5,2,28.51,28510,-0.46,-0.19,9.84,9.8526,-0.0011,0.0011,-0.0022,2.5,-1.19,296.06,-0.5999,-0.3611,10.2139,10.2378,P004_Weight_Stack_Seated_Leg_Extension_Releasing_Too_Fast_2_03.csv
4,8,2,5,2,28.641,28641,-0.46,-0.19,9.84,9.8526,-0.0011,0.0011,-0.0011,2.5,-1.19,296.06,-0.5814,-0.3385,10.1646,10.1869,P004_Weight_Stack_Seated_Leg_Extension_Releasing_Too_Fast_2_03.csv
4,8,2,5,2,28.813,28813,-0.46,-0.19,9.84,9.8526,0.0044,0.0,-0.0011,2.5,-1.19,296.06,-0.5654,-0.319,10.1218,10.1426,P004_Weight_Stack_Seated_Leg_Extension_Releasing_Too_Fast_2_03.csv
4,8,2,5,2,28.943,28943,-0.46,-0.18,9.82,9.8324,-0.0022,0.0,0.0,2.5,-1.19,296.06,-0.5515,-0.3007,10.0821,10.1016,P004_Weight_Stack_Seated_Leg_Extension_Releasing_Too_Fast_2_03.csv
4,8,2,5,2,29.073,29073,-0.47,-0.19,9.85,9.863,0.0,0.0022,0.0,2.5,-1.19,296.06,-0.5408,-0.2861,10.0515,10.0701,P004_Weight_Stack_Seated_Leg_Extension_Releasing_Too_Fast_2_03.csv
4,8,2,5,2,29.203,29203,-0.48,-0.19,9.83,9.8435,-0.0011,0.0022,-0.0033,2.5,-1.19,296.06,-0.5328,-0.2734,10.0223,10.0402,P004_Weight_Stack_Seated_Leg_Extension_Releasing_Too_Fast_2_03.csv
4,8,2,5,2,29.333,29333,-0.29,0.09,10.23,10.2345,0.0055,-0.0065,0.0011,2.5,-1.19,296.06,-0.5008,-0.2255,10.0497,10.0647,P004_Weight_Stack_Seated_Leg_Extension_Releasing_Too_Fast_2_03.csv
4,8,2,5,2,29.463,29463,-0.24,0.59,13.29,13.3053,-0.0644,0.0284,-0.0207,2.63,-1.31,295.69,-0.4664,-0.1181,10.4767,10.4877,P004_Weight_Stack_Seated_Leg_Extension_Releasing_Too_Fast_2_03.csv
4,8,2,5,2,29.593,29593,-0.39,-0.56,11.81,11.8297,0.0153,0.0044,0.0153,2.63,-1.38,295.75,-0.4564,-0.1763,10.6524,10.6636,P004_Weight_Stack_Seated_Leg_Extension_Releasing_Too_Fast_2_03.csv
4,8,2,5,2,29.723,29723,-0.12,-0.09,11.09,11.091,-0.0196,0.0229,-0.0153,2.63,-1.38,295.75,-0.412,-0.1649,10.71,10.7192,P004_Weight_Stack_Seated_Leg_Extension_Releasing_Too_Fast_2_03.csv
4,8,2,5,2,29.896,29896,-0.79,-0.53,9.6,9.647,0.0142,-0.0044,0.0087,2.69,-1.44,295.75,-0.4618,-0.213,10.5638,10.576,P004_Weight_Stack_Seated_Leg_Extension_Releasing_Too_Fast_2_03.csv
4,8,2,5,2,30.028,30028,-0.5,-0.42,9.28,9.3029,0.0153,-0.0098,0.0087,2.69,-1.44,295.75,-0.4669,-0.2403,10.3946,10.4078,P004_Weight_Stack_Seated_Leg_Extension_Releasing_Too_Fast_2_03.csv
4,8,2,5,2,30.159,30159,-0.48,-0.25,9.53,9.5454,0.0109,-0.0076,0.0033,2.75,-1.44,295.75,-0.4686,-0.2416,10.2807,10.2942,P004_Weight_Stack_Seated_Leg_Extension_Releasing_Too_Fast_2_03.csv
4,8,2,5,2,30.294,30294,-0.52,-0.19,9.98,9.9953,0.0087,0.0207,-0.0055,2.75,-1.5,295.75,-0.4754,-0.2348,10.241,10.2548,P004_Weight_Stack_Seated_Leg_Extension_Releasing_Too_Fast_2_03.csv
4,8,2,5,2,30.425,30425,-0.44,-0.35,9.62,9.6364,0.0022,-0.0044,0.0022,2.75,-1.5,295.75,-0.4707,-0.25,10.1592,10.1732,P004_Weight_Stack_Seated_Leg_Extension_Releasing_Too_Fast_2_03.csv
4,8,2,5,2,30.556,30556,-0.49,-0.19,9.35,9.3648,-0.0175,0.0022,-0.0175,2.69,-1.5,295.75,-0.4733,-0.2421,10.0526,10.0666,P004_Weight_Stack_Seated_Leg_Extension_Releasing_Too_Fast_2_03.csv
4,8,2,5,2,30.686,30686,-0.48,-0.3,9.35,9.3671,0.0011,0.0033,-0.0011,2.75,-1.5,295.75,-0.4741,-0.2497,9.96,9.9744,P004_Weight_Stack_Seated_Leg_Extension_Releasing_Too_Fast_2_03.csv
4,8,2,5,2,30.816,30816,-0.51,-0.38,9.57,9.5911,0.0207,-0.0131,-0.0011,2.75,-1.5,295.75,-0.4789,-0.2669,9.9086,9.9238,P004_Weight_Stack_Seated_Leg_Extension_Releasing_Too_Fast_2_03.csv
4,8,2,5,2,30.989,30989,-0.55,-0.31,9.8,9.8203,0.0011,0.0,0.0011,2.75,-1.5,295.75,-0.4882,-0.2726,9.8943,9.9101,P004_Weight_Stack_Seated_Leg_Extension_Releasing_Too_Fast_2_03.csv
4,8,2,5,2,31.12,31120,-0.46,-0.27,9.95,9.9643,-0.0011,-0.0022,-0.0011,2.75,-1.5,295.75,-0.4845,-0.2722,9.9016,9.9172,P004_Weight_Stack_Seated_Leg_Extension_Releasing_Too_Fast_2_03.csv
4,8,2,5,2,31.253,31253,-0.49,-0.25,9.56,9.5758,-0.0022,0.0,-0.0065,2.81,-1.5,295.75,-0.4852,-0.2693,9.8566,9.8722,P004_Weight_Stack_Seated_Leg_Extension_Releasing_Too_Fast_2_03.csv
4,8,2,5,2,31.387,31387,-0.38,-0.17,8.28,8.2905,-0.0087,0.0022,0.0055,2.81,-1.5,295.75,-0.4714,-0.2562,9.6489,9.6638,P004_Weight_Stack_Seated_Leg_Extension_Releasing_Too_Fast_2_03.csv
4,8,2,5,2,31.518,31518,-0.79,-0.12,9.48,9.5136,-0.0131,0.0185,-0.0033,2.75,-1.5,295.75,-0.5134,-0.2383,9.6266,9.6432,P004_Weight_Stack_Seated_Leg_Extension_Releasing_Too_Fast_2_03.csv
4,8,2,5,2,31.648,31648,-0.63,0.1,10.1,10.1201,-0.024,0.0065,-0.0055,2.81,-1.38,295.75,-0.5287,-0.1937,9.689,9.7053,P004_Weight_Stack_Seated_Leg_Extension_Releasing_Too_Fast_2_03.csv
4,8,2,5,2,31.778,31778,-0.68,-0.37,10.68,10.708,-0.0142,0.0011,-0.012,2.75,-1.31,295.69,-0.5487,-0.2169,9.8196,9.8373,P004_Weight_Stack_Seated_Leg_Extension_Releasing_Too_Fast_2_03.csv
4,8,2,5,2,31.909,31909,-0.52,-0.23,9.61,9.6268,0.0011,-0.0131,-0.0044,2.81,-1.31,295.69,-0.5449,-0.2186,9.792,9.8095,P004_Weight_Stack_Seated_Leg_Extension_Releasing_Too_Fast_2_03.csv
4,8,2,5,2,32.084,32084,-0.57,-0.2,9.52,9.5391,0.0011,0.0011,0.0011,2.81,-1.31,295.69,-0.5482,-0.2162,9.7561,9.7739,P004_Weight_Stack_Seated_Leg_Extension_Releasing_Too_Fast_2_03.csv
4,8,2,5,2,32.215,32215,-0.45,0.0,8.26,8.2722,0.0447,-0.0491,0.0644,2.81,-1.31,295.75,-0.5353,-0.1877,9.559,9.5758,P004_Weight_Stack_Seated_Leg_Extension_Releasing_Too_Fast_2_03.csv
4,8,2,5,2,32.349,32349,2.04,-0.78,1.45,2.6215,0.1516,-0.0055,-0.0644,2.63,-1.13,295.75,-0.1959,-0.2657,8.4904,8.4968,P004_Weight_Stack_Seated_Leg_Extension_Releasing_Too_Fast_2_03.csv
4,9,2,5,2,32.48,32480,-0.54,-0.2,9.85,9.8668,0.0087,-0.0033,0.0076,2.75,-1.31,295.63,-0.2412,-0.2571,8.6696,8.6767,P004_Weight_Stack_Seated_Leg_Extension_Releasing_Too_Fast_2_03.csv
4,9,2,5,2,32.611,32611,-0.45,0.16,10.04,10.0514,-0.1778,-0.0131,0.0109,2.56,-0.88,295.81,-0.2688,-0.2021,8.8502,8.8565,P004_Weight_Stack_Seated_Leg_Extension_Releasing_Too_Fast_2_03.csv
4,9,2,5,2,32.741,32741,-0.35,-0.16,9.84,9.8475,-0.0022,0.0,-0.0065,2.56,-1.06,295.81,-0.2795,-0.1966,8.9806,8.9871,P004_Weight_Stack_Seated_Leg_Extension_Releasing_Too_Fast_2_03.csv
4,9,2,5,2,32.872,32872,-0.44,-0.22,9.85,9.8623,0.0033,-0.0033,-0.0011,2.56,-1.06,295.81,-0.3006,-0.1997,9.0952,9.1023,P004_Weight_Stack_Seated_Leg_Extension_Releasing_Too_Fast_2_03.csv
4,9,2,5,2,33.002,33002,-0.55,-0.37,9.84,9.8623,0.0415,-0.0175,-0.0076,2.56,-1.19,295.81,-0.3335,-0.2221,9.1933,9.202,P004_Weight_Stack_Seated_Leg_Extension_Releasing_Too_Fast_2_03.csv
4,9,2,5,2,33.175,33175,-0.46,-0.24,9.8,9.8137,-0.0011,0.0,0.0,2.56,-1.19,295.81,-0.3502,-0.2245,9.2733,9.2826,P004_Weight_Stack_Seated_Leg_Extension_Releasing_Too_Fast_2_03.csv
4,9,2,5,2,33.309,33309,-0.45,-0.25,9.83,9.8435,0.0,0.0011,-0.0022,2.56,-1.19,295.81,-0.3633,-0.2278,9.3466,9.3565,P004_Weight_Stack_Seated_Leg_Extension_Releasing_Too_Fast_2_03.csv
4,9,2,5,2,33.442,33442,-0.5,-0.22,9.83,9.8452,0.0,-0.0011,-0.0011,2.63,-1.19,295.81,-0.3813,-0.2268,9.4103,9.4208,P004_Weight_Stack_Seated_Leg_Extension_Releasing_Too_Fast_2_03.csv
4,9,2,5,2,33.573,33573,-0.45,-0.22,9.82,9.8328,-0.0011,0.0022,-0.0011,2.63,-1.19,295.81,-0.3904,-0.2259,9.4643,9.475,P004_Weight_Stack_Seated_Leg_Extension_Releasing_Too_Fast_2_03.csv
4,9,2,5,2,33.703,33703,-0.48,-0.22,9.81,9.8242,0.0,-0.0022,0.0011,2.63,-1.19,295.81,-0.4022,-0.2251,9.5099,9.521,P004_Weight_Stack_Seated_Leg_Extension_Releasing_Too_Fast_2_03.csv
4,9,2,5,2,33.833,33833,-0.41,1.47,10.71,10.8182,-0.2858,0.0545,0.1516,2.81,-1.13,295.81,-0.4032,-0.0017,9.668,9.6764,P004_Weight_Stack_Seated_Leg_Extension_Releasing_Too_Fast_2_03.csv
4,9,2,5,2,33.964,33964,-0.52,-0.29,8.03,8.052,-0.0065,0.0044,0.0055,2.75,-1.25,295.63,-0.4186,-0.0397,9.4522,9.4615,P004_Weight_Stack_Seated_Leg_Extension_Releasing_Too_Fast_2_03.csv
4,9,2,5,2,34.094,34094,-1.04,-0.05,8.97,9.0302,-0.0229,-0.0044,0.0033,2.75,-1.31,295.63,-0.5005,-0.0411,9.3886,9.402,P004_Weight_Stack_Seated_Leg_Extension_Releasing_Too_Fast_2_03.csv
4,9,2,5,2,34.267,34267,-0.34,-0.04,10.47,10.4756,-0.0207,0.0055,-0.0142,2.81,-1.31,295.69,-0.4793,-0.0409,9.5311,9.5433,P004_Weight_Stack_Seated_Leg_Extension_Releasing_Too_Fast_2_03.csv
4,9,2,5,2,34.397,34397,-0.63,-0.42,10.29,10.3178,0.024,-0.0251,0.0109,2.88,-1.44,295.69,-0.4992,-0.0909,9.6311,9.6445,P004_Weight_Stack_Seated_Leg_Extension_Releasing_Too_Fast_2_03.csv
4,9,2,5,2,34.529,34529,-0.69,0.19,10.3,10.3248,0.0196,0.0065,0.0109,2.81,-1.44,295.69,-0.5243,-0.0539,9.7193,9.7335,P004_Weight_Stack_Seated_Leg_Extension_Releasing_Too_Fast_2_03.csv
4,9,2,5,2,34.665,34665,-0.45,-0.23,9.58,9.5933,-0.0153,0.0033,-0.0098,2.88,-1.5,295.69,-0.5145,-0.0771,9.7009,9.7149,P004_Weight_Stack_Seated_Leg_Extension_Releasing_Too_Fast_2_03.csv
4,9,2,5,2,34.796,34796,-0.48,-0.3,8.5,8.5188,0.0,0.0022,0.0055,2.81,-1.56,295.69,-0.51,-0.1065,9.5427,9.5569,P004_Weight_Stack_Seated_Leg_Extension_Releasing_Too_Fast_2_03.csv
4,9,2,5,2,34.926,34926,-0.54,-0.35,9.0,9.023,0.0109,-0.0076,0.0055,2.88,-1.56,295.63,-0.5139,-0.1386,9.4712,9.4861,P004_Weight_Stack_Seated_Leg_Extension_Releasing_Too_Fast_2_03.csv
4,9,2,5,2,35.056,35056,-0.51,-0.24,9.92,9.936,0.0,0.0022,-0.0055,2.88,-1.56,295.63,-0.5134,-0.1519,9.5303,9.5453,P004_Weight_Stack_Seated_Leg_Extension_Releasing_Too_Fast_2_03.csv
4,9,2,5,2,35.187,35187,-0.6,-0.32,10.08,10.1029,-0.0033,0.0,0.0044,2.88,-1.56,295.63,-0.5248,-0.1741,9.6027,9.6186,P004_Weight_Stack_Seated_Leg_Extension_Releasing_Too_Fast_2_03.csv
4,9,2,5,2,35.36,35360,-0.44,-0.23,9.93,9.9424,-0.0022,0.0033,-0.0044,2.88,-1.56,295.63,-0.5137,-0.1814,9.6459,9.6612,P004_Weight_Stack_Seated_Leg_Extension_Releasing_Too_Fast_2_03.csv
4,9,2,5,2,35.491,35491,-0.61,-0.24,9.57,9.5924,-0.0022,-0.0022,0.0,2.88,-1.56,295.63,-0.5263,-0.1892,9.6359,9.6521,P004_Weight_Stack_Seated_Leg_Extension_Releasing_Too_Fast_2_03.csv
4,9,2,5,2,35.622,35622,-0.57,-0.33,9.1,9.1238,-0.0065,-0.0011,0.0109,2.88,-1.56,295.63,-0.5321,-0.2077,9.5653,9.5823,P004_Weight_Stack_Seated_Leg_Extension_Releasing_Too_Fast_2_03.csv
4,9,2,5,2,35.757,35757,-0.43,-0.17,8.18,8.1931,-0.0044,0.0033,-0.0033,2.88,-1.56,295.63,-0.5186,-0.2027,9.3827,9.3992,P004_Weight_Stack_Seated_Leg_Extension_Releasing_Too_Fast_2_03.csv
4,9,2,5,2,35.888,35888,-0.84,0.46,9.31,9.3591,-0.0131,-0.0491,0.0284,2.88,-1.44,295.69,-0.561,-0.1154,9.3731,9.3906,P004_Weight_Stack_Seated_Leg_Extension_Releasing_Too_Fast_2_03.csv
4,9,2,5,2,36.019,36019,-0.48,-0.28,10.29,10.305,-0.0207,0.0207,-0.0098,2.81,-1.38,295.63,-0.5503,-0.1371,9.4939,9.5109,P004_Weight_Stack_Seated_Leg_Extension_Releasing_Too_Fast_2_03.csv
4,9,2,5,2,36.149,36149,-0.4,-0.13,11.41,11.4177,-0.0175,0.0251,-0.0131,2.75,-1.31,295.63,-0.5305,-0.1362,9.7464,9.7618,P004_Weight_Stack_Seated_Leg_Extension_Releasing_Too_Fast_2_03.csv
4,9,2,5,2,36.28,36280,-0.47,-0.23,10.12,10.1335,-0.0011,0.0076,0.0022,2.81,-1.31,295.63,-0.5225,-0.1485,9.7957,9.8107,P004_Weight_Stack_Seated_Leg_Extension_Releasing_Too_Fast_2_03.csv
4,9,2,5,2,36.452,36452,-1.58,-0.92,23.53,23.6009,0.0382,0.0589,0.0622,2.75,-1.38,295.69,-0.6619,-0.2502,11.6055,11.627,P004_Weight_Stack_Seated_Leg_Extension_Releasing_Too_Fast_2_03.csv
4,10,2,5,2,36.583,36583,-0.49,0.66,10.03,10.0636,0.2782,0.0153,-0.0229,2.56,-1.0,295.81,-0.6392,-0.1303,11.3979,11.4165,P004_Weight_Stack_Seated_Leg_Extension_Releasing_Too_Fast_2_03.csv
4,10,2,5,2,36.713,36713,-0.26,-0.15,9.83,9.8346,0.0,-0.0065,0.0,2.56,-1.19,295.81,-0.5893,-0.1329,11.1913,11.2076,P004_Weight_Stack_Seated_Leg_Extension_Releasing_Too_Fast_2_03.csv
4,10,2,5,2,36.845,36845,-0.36,-0.49,10.48,10.4976,-0.1876,0.1756,0.0,2.69,-1.31,295.94,-0.5591,-0.1799,11.0976,11.1131,P004_Weight_Stack_Seated_Leg_Extension_Releasing_Too_Fast_2_03.csv
4,10,2,5,2,36.976,36976,-0.43,-0.25,9.86,9.8725,-0.0044,0.0033,-0.0011,2.56,-1.06,295.81,-0.542,-0.1892,10.9345,10.9495,P004_Weight_Stack_Seated_Leg_Extension_Releasing_Too_Fast_2_03.csv
4,10,2,5,2,37.111,37111,-0.47,-0.27,9.83,9.8449,-0.0011,0.0033,0.0011,2.56,-1.06,295.81,-0.5326,-0.1998,10.7889,10.8039,P004_Weight_Stack_Seated_Leg_Extension_Releasing_Too_Fast_2_03.csv
4,10,2,5,2,37.242,37242,-0.51,-0.22,9.85,9.8656,0.0011,0.0022,0.0022,2.56,-1.06,295.81,-0.5296,-0.2025,10.6652,10.6803,P004_Weight_Stack_Seated_Leg_Extension_Releasing_Too_Fast_2_03.csv
4,10,2,5,2,37.372,37372,-0.43,-0.19,9.83,9.8412,0.0,0.0033,0.0011,2.56,-1.06,295.81,-0.5165,-0.2008,10.5551,10.5697,P004_Weight_Stack_Seated_Leg_Extension_Releasing_Too_Fast_2_03.csv
4,10,2,5,2,37.545,37545,-0.46,-0.22,9.82,9.8332,-0.0022,0.0011,0.0011,2.56,-1.06,295.81,-0.509,-0.2034,10.4583,10.4726,P004_Weight_Stack_Seated_Leg_Extension_Releasing_Too_Fast_2_03.csv
4,10,2,5,2,37.676,37676,-0.49,-0.21,9.84,9.8544,0.0011,-0.0011,0.0,2.56,-1.06,295.81,-0.5065,-0.2042,10.3768,10.3912,P004_Weight_Stack_Seated_Leg_Extension_Releasing_Too_Fast_2_03.csv
4,10,2,5,2,37.806,37806,-0.45,-0.19,9.8,9.8122,0.0022,0.0022,0.0,2.56,-1.06,295.81,-0.4991,-0.2024,10.3008,10.3149,P004_Weight_Stack_Seated_Leg_Extension_Releasing_Too_Fast_2_03.csv
4,10,2,5,2,37.94,37940,-0.46,-0.2,9.8,9.8128,-0.0011,0.0022,0.0,2.56,-1.06,295.81,-0.4939,-0.202,10.2348,10.2487,P004_Weight_Stack_Seated_Leg_Extension_Releasing_Too_Fast_2_03.csv
4,10,2,5,2,38.074,38074,-0.46,-0.16,9.85,9.862,0.0,-0.0033,0.0,2.56,-1.06,295.81,-0.4894,-0.1965,10.1841,10.1977,P004_Weight_Stack_Seated_Leg_Extension_Releasing_Too_Fast_2_03.csv
4,10,2,5,2,38.204,38204,-7.51,3.41,11.07,13.8048,-0.4276,-0.2596,-0.3076,2.81,-1.31,295.56,-1.4146,0.2787,10.3008,10.4012,P004_Weight_Stack_Seated_Leg_Extension_Releasing_Too_Fast_2_03.csv
4,10,2,5,2,38.334,38334,-0.61,-0.32,7.95,7.9798,-0.0022,-0.0011,-0.0109,2.75,-1.31,295.56,-1.3086,0.1998,9.9911,10.0784,P004_Weight_Stack_Seated_Leg_Extension_Releasing_Too_Fast_2_03.csv
4,10,2,5,2,38.465,38465,-0.55,-0.27,9.27,9.2902,0.0109,-0.0175,0.0109,2.75,-1.38,295.56,-1.2086,0.1379,9.896,9.9705,P004_Weight_Stack_Seated_Leg_Extension_Releasing_Too_Fast_2_03.csv
4,10,2,5,2,38.638,38638,-0.19,-0.02,10.54,10.5417,-0.0153,0.0175,-0.0153,2.75,-1.44,295.56,-1.0744,0.1171,9.9809,10.0392,P004_Weight_Stack_Seated_Leg_Extension_Releasing_Too_Fast_2_03.csv
4,10,2,5,2,38.772,38772,-0.52,-0.24,10.01,10.0264,0.0011,-0.0033,-0.0109,2.81,-1.5,295.63,-1.0013,0.0701,9.9847,10.0351,P004_Weight_Stack_Seated_Leg_Extension_Releasing_Too_Fast_2_03.csv
4,10,2,5,2,38.906,38906,-0.48,-0.14,9.66,9.6729,0.0087,-0.0065,0.0011,2.81,-1.5,295.63,-0.9326,0.0424,9.9419,9.9857,P004_Weight_Stack_Seated_Leg_Extension_Releasing_Too_Fast_2_03.csv
4,10,2,5,2,39.036,39036,-0.57,-0.32,9.92,9.9415,0.0055,0.0131,-0.0033,2.81,-1.5,295.63,-0.8848,-0.0054,9.939,9.9784,P004_Weight_Stack_Seated_Leg_Extension_Releasing_Too_Fast_2_03.csv
4,10,2,5,2,39.167,39167,-0.6,-0.2,10.35,10.3693,0.0,-0.0033,-0.0055,2.75,-1.5,295.63,-0.8473,-0.031,9.9932,10.0291,P004_Weight_Stack_Seated_Leg_Extension_Releasing_Too_Fast_2_03.csv
4,10,2,5,2,39.297,39297,-0.5,-0.15,9.95,9.9637,0.0,0.0,-0.012,2.75,-1.5,295.63,-0.8015,-0.0467,9.9875,10.0197,P004_Weight_Stack_Seated_Leg_Extension_Releasing_Too_Fast_2_03.csv
4,10,2,5,2,39.427,39427,-0.4,-0.17,9.01,9.0205,-0.0087,0.0142,-0.0076,2.69,-1.56,295.63,-0.7486,-0.0629,9.8587,9.8873,P004_Weight_Stack_Seated_Leg_Extension_Releasing_Too_Fast_2_03.csv
4,10,2,5,2,39.558,39558,-0.46,-0.21,8.99,9.0042,0.0022,-0.0022,0.0033,2.69,-1.56,295.63,-0.7106,-0.0823,9.7442,9.7704,P004_Weight_Stack_Seated_Leg_Extension_Releasing_Too_Fast_2_03.csv
4,10,2,5,2,39.731,39731,-0.51,-0.33,10.19,10.2081,-0.0011,0.0022,0.0055,2.69,-1.56,295.63,-0.6842,-0.115,9.803,9.8275,P004_Weight_Stack_Seated_Leg_Extension_Releasing_Too_Fast_2_03.csv
4,10,2,5,2,39.867,39867,-0.44,-0.26,9.93,9.9431,0.0,0.0011,-0.0033,2.69,-1.56,295.63,-0.652,-0.1341,9.8197,9.8422,P004_Weight_Stack_Seated_Leg_Extension_Releasing_Too_Fast_2_03.csv
4,10,2,5,2,39.998,39998,-0.54,-0.23,9.79,9.8076,0.0,-0.0022,-0.0011,2.69,-1.56,295.63,-0.6372,-0.1467,9.8158,9.8375,P004_Weight_Stack_Seated_Leg_Extension_Releasing_Too_Fast_2_03.csv
4,10,2,5,2,40.129,40129,-0.57,-0.25,9.78,9.7998,-0.0011,0.0011,0.0,2.69,-1.56,295.63,-0.6284,-0.1603,9.8111,9.8325,P004_Weight_Stack_Seated_Leg_Extension_Releasing_Too_Fast_2_03.csv
4,10,2,5,2,40.259,40259,-0.48,-0.27,9.76,9.7755,0.0011,0.0022,-0.0033,2.69,-1.56,295.63,-0.6088,-0.1748,9.8043,9.8248,P004_Weight_Stack_Seated_Leg_Extension_Releasing_Too_Fast_2_03.csv
4,10,2,5,2,40.389,40389,-0.51,-0.32,9.5,9.5191,0.0022,0.0011,0.0,2.69,-1.56,295.63,-0.5958,-0.1939,9.7642,9.7843,P004_Weight_Stack_Seated_Leg_Extension_Releasing_Too_Fast_2_03.csv
4,10,2,5,2,40.52,40520,-0.41,-0.24,8.82,8.8328,-0.0044,0.0,0.0,2.69,-1.56,295.63,-0.5713,-0.2,9.6398,9.6588,P004_Weight_Stack_Seated_Leg_Extension_Releasing_Too_Fast_2_03.csv
4,10,2,5,2,40.65,40650,-0.69,-0.02,8.62,8.6476,-0.0076,0.0175,-0.0055,2.69,-1.56,295.63,-0.587,-0.1763,9.5054,9.5252,P004_Weight_Stack_Seated_Leg_Extension_Releasing_Too_Fast_2_03.csv
4,10,2,5,2,40.823,40823,-0.26,-0.09,8.82,8.8243,-0.0393,0.0415,-0.0185,2.69,-1.44,295.63,-0.5439,-0.1649,9.4151,9.4322,P004_Weight_Stack_Seated_Leg_Extension_Releasing_Too_Fast_2_03.csv
4,10,2,5,2,40.957,40957,-0.66,-0.29,10.42,10.4449,-0.0098,0.0022,-0.0033,2.69,-1.38,295.56,-0.5592,-0.1814,9.5475,9.5656,P004_Weight_Stack_Seated_Leg_Extension_Releasing_Too_Fast_2_03.csv
4,10,2,5,2,41.088,41088,-0.43,0.28,6.32,6.3408,-0.012,-0.0382,0.0076,2.75,-1.5,295.75,-0.5422,-0.1206,9.1222,9.1391,P004_Weight_Stack_Seated_Leg_Extension_Releasing_Too_Fast_2_03.csv
4,10,2,5,2,41.221,41221,8.03,-3.78,-7.27,11.4727,-0.0644,-0.1713,-0.3523,2.75,-1.25,295.56,0.5874,-0.6028,6.9621,7.0128,P004_Weight_Stack_Seated_Leg_Extension_Releasing_Too_Fast_2_03.csv
4,10,2,5,2,41.352,41352,-0.39,-0.22,10.42,10.4296,0.0,-0.0153,0.0022,2.69,-1.38,295.38,0.4586,-0.5524,7.4178,7.4525,P004_Weight_Stack_Seated_Leg_Extension_Releasing_Too_Fast_2_03.csv
4,10,2,5,2,41.483,41483,-2.16,1.36,9.12,9.4705,0.1756,0.0622,-0.0164,2.5,-0.94,295.56,0.1136,-0.3004,7.6421,7.6489,P004_Weight_Stack_Seated_Leg_Extension_Releasing_Too_Fast_2_03.csv
4,10,2,5,2,41.613,41613,-0.45,-0.14,11.55,11.5596,0.1069,-0.0578,-0.0087,2.56,-1.31,295.5,0.0393,-0.2792,8.1571,8.1619,P004_Weight_Stack_Seated_Leg_Extension_Releasing_Too_Fast_2_03.csv
4,10,2,5,2,41.743,41743,-0.44,-0.05,9.78,9.79,0.0076,0.0,-0.0044,2.75,-1.44,295.44,-0.0239,-0.249,8.3709,8.3747,P004_Weight_Stack_Seated_Leg_Extension_Releasing_Too_Fast_2_03.csv
4,10,2,5,2,41.916,41916,-1.11,-0.75,10.32,10.4066,-0.1549,0.144,-0.0065,2.56,-1.31,295.56,-0.167,-0.315,8.6278,8.6351,P004_Weight_Stack_Seated_Leg_Extension_Releasing_Too_Fast_2_03.csv
4,10,2,5,2,42.049,42049,-0.45,-0.18,9.85,9.8619,0.0044,-0.0022,0.0011,2.5,-1.13,295.56,-0.2043,-0.2972,8.7888,8.7962,P004_Weight_Stack_Seated_Leg_Extension_Releasing_Too_Fast_2_03.csv
4,10,2,5,2,42.184,42184,-0.48,-0.15,9.86,9.8728,0.0022,0.0,0.0011,2.5,-1.13,295.56,-0.2406,-0.2778,8.93,8.9375,P004_Weight_Stack_Seated_Leg_Extension_Releasing_Too_Fast_2_03.csv
4,10,2,5,2,42.314,42314,-0.61,-0.43,9.62,9.6489,-0.0262,0.0218,0.0076,2.75,-1.56,295.63,-0.2893,-0.2979,9.0209,9.0305,P004_Weight_Stack_Seated_Leg_Extension_Releasing_Too_Fast_2_03.csv
4,10,2,5,2,42.445,42445,-0.45,-0.27,9.78,9.7941,-0.0011,-0.0044,-0.0033,2.56,-1.25,295.5,-0.3105,-0.2942,9.1209,9.131,P004_Weight_Stack_Seated_Leg_Extension_Releasing_Too_Fast_2_03.csv
4,10,2,5,2,42.575,42575,-0.5,-0.25,9.84,9.8559,0.0011,-0.0044,0.0022,2.56,-1.25,295.5,-0.3354,-0.2884,9.2157,9.2263,P004_Weight_Stack_Seated_Leg_Extension_Releasing_Too_Fast_2_03.csv
4,10,2,5,2,42.705,42705,3.51,-4.04,8.61,10.1377,0.1713,0.1516,-0.012,2.69,-1.31,295.38,0.1713,-0.7828,9.1359,9.1709,P004_Weight_Stack_Seated_Leg_Extension_Releasing_Too_Fast_2_03.csv
4,10,2,5,2,42.836,42836,-0.25,0.04,8.15,8.1539,0.0011,-0.0044,0.0055,2.69,-1.31,295.25,0.1158,-0.6743,9.006,9.0319,P004_Weight_Stack_Seated_Leg_Extension_Releasing_Too_Fast_2_03.csv
4,10,2,5,2,43.009,43009,-0.31,-0.56,10.87,10.8888,-0.0022,0.0109,0.0022,2.69,-1.38,295.25,0.0597,-0.6593,9.2516,9.2752,P004_Weight_Stack_Seated_Leg_Extension_Releasing_Too_Fast_2_03.csv
4,10,2,5,2,43.14,43140,-0.27,-0.2,10.75,10.7552,0.0098,-0.0065,0.0044,2.75,-1.44,295.25,0.0162,-0.5988,9.449,9.468,P004_Weight_Stack_Seated_Leg_Extension_Releasing_Too_Fast_2_03.csv
4,10,2,5,2,43.273,43273,-0.53,-0.04,10.32,10.3337,0.0142,-0.0196,0.0033,2.75,-1.5,295.31,-0.0558,-0.5251,9.5638,9.5784,P004_Weight_Stack_Seated_Leg_Extension_Releasing_Too_Fast_2_03.csv
4,10,2,5,2,43.406,43406,-0.72,-0.12,9.98,10.0067,0.0175,-0.0164,0.0065,2.88,-1.56,295.31,-0.1433,-0.4717,9.6187,9.6313,P004_Weight_Stack_Seated_Leg_Extension_Releasing_Too_Fast_2_03.csv
4,10,2,5,2,43.538,43538,-0.66,-0.31,9.57,9.5977,0.012,-0.0153,0.0218,2.81,-1.63,295.38,-0.2114,-0.4504,9.6122,9.6251,P004_Weight_Stack_Seated_Leg_Extension_Releasing_Too_Fast_2_03.csv
4,10,2,5,2,43.668,43668,-0.46,-0.3,9.19,9.2064,0.0153,0.0065,-0.0131,2.81,-1.63,295.31,-0.2441,-0.4306,9.5566,9.5694,P004_Weight_Stack_Seated_Leg_Extension_Releasing_Too_Fast_2_03.csv
4,10,2,5,2,43.798,43798,-0.49,-0.42,9.3,9.3224,0.0164,-0.0109,0.0098,2.81,-1.63,295.31,-0.2765,-0.4292,9.5228,9.5365,P004_Weight_Stack_Seated_Leg_Extension_Releasing_Too_Fast_2_03.csv
4,10,2,5,2,43.928,43928,-0.49,-0.33,9.6,9.6182,-0.0022,-0.0022,-0.0011,2.81,-1.63,295.31,-0.3047,-0.4161,9.533,9.5469,P004_Weight_Stack_Seated_Leg_Extension_Releasing_Too_Fast_2_03.csv
4,10,2,5,2,44.101,44101,-0.53,-0.31,10.02,10.0388,0.0,-0.0011,0.0098,2.81,-1.63,295.31,-0.3344,-0.4021,9.5971,9.6114,P004_Weight_Stack_Seated_Leg_Extension_Releasing_Too_Fast_2_03.csv
4,10,2,5,2,44.232,44232,-0.5,-0.3,9.8,9.8173,-0.0022,0.0022,0.0076,2.81,-1.63,295.31,-0.3562,-0.3887,9.6239,9.6383,P004_Weight_Stack_Seated_Leg_Extension_Releasing_Too_Fast_2_03.csv
24,1,2,5,2,0.0,0,-0.16,-0.19,10.1,10.1031,-0.0011,0.0033,-0.0055,1.38,-1.88,337.88,-0.2138,-0.2857,9.8196,9.8261,P024_Weight_Stack_Seated_Leg_Extension_Releasing_Too_Fast_2_01.csv
24,1,2,5,2,0.13,130,-0.33,-0.3,10.03,10.0399,0.0076,-0.0087,0.0065,1.44,-1.88,337.88,-0.2291,-0.2876,9.8473,9.8542,P024_Weight_Stack_Seated_Leg_Extension_Releasing_Too_Fast_2_01.csv
24,1,2,5,2,0.261,261,-0.28,-0.37,10.06,10.0707,0.0011,0.0033,-0.0055,1.44,-1.88,337.94,-0.2358,-0.2984,9.8753,9.8827,P024_Weight_Stack_Seated_Leg_Extension_Releasing_Too_Fast_2_01.csv
24,1,2,5,2,0.392,392,-0.27,-0.24,9.96,9.9665,0.0098,-0.0076,-0.0087,1.44,-1.88,337.94,-0.2403,-0.2907,9.8865,9.8937,P024_Weight_Stack_Seated_Leg_Extension_Releasing_Too_Fast_2_01.csv
24,1,2,5,2,0.522,522,-0.32,-0.28,9.75,9.7593,-0.0022,-0.0044,0.0044,1.44,-1.88,337.94,-0.2508,-0.2893,9.8685,9.8759,P024_Weight_Stack_Seated_Leg_Extension_Releasing_Too_Fast_2_01.csv
24,1,2,5,2,0.655,655,-0.32,-0.3,9.57,9.58,0.0044,-0.0033,-0.0033,1.44,-1.88,337.94,-0.2599,-0.2907,9.8292,9.8369,P024_Weight_Stack_Seated_Leg_Extension_Releasing_Too_Fast_2_01.csv
24,1,2,5,2,0.79,790,-0.23,-0.32,9.85,9.8579,0.0011,-0.0033,0.0,1.44,-1.88,337.94,-0.256,-0.2946,9.8319,9.8397,P024_Weight_Stack_Seated_Leg_Extension_Releasing_Too_Fast_2_01.csv
24,1,2,5,2,0.92,920,-0.26,-0.33,9.69,9.6991,0.0011,0.0011,0.0044,1.44,-1.88,337.94,-0.2565,-0.2993,9.8132,9.8211,P024_Weight_Stack_Seated_Leg_Extension_Releasing_Too_Fast_2_01.csv
24,1,2,5,2,1.093,1093,-0.27,-0.37,10.02,10.0305,0.0044,-0.0076,0.0033,1.44,-1.88,337.94,-0.2583,-0.3086,9.8405,9.8487,P024_Weight_Stack_Seated_Leg_Extension_Releasing_Too_Fast_2_01.csv
24,1,2,5,2,1.223,1223,-0.36,-0.26,9.92,9.9299,0.0022,-0.0098,0.0011,1.44,-1.88,337.94,-0.2717,-0.3022,9.8509,9.8593,P024_Weight_Stack_Seated_Leg_Extension_Releasing_Too_Fast_2_01.csv
24,1,2,5,2,1.353,1353,-0.25,-0.23,9.84,9.8459,0.0011,-0.0022,0.0022,1.44,-1.88,337.94,-0.2688,-0.2927,9.8495,9.8575,P024_Weight_Stack_Seated_Leg_Extension_Releasing_Too_Fast_2_01.csv
24,1,2,5,2,1.483,1483,-0.3,-0.24,9.67,9.6776,0.0,-0.0055,-0.0011,1.44,-1.88,337.94,-0.2729,-0.2857,9.8259,9.8338,P024_Weight_Stack_Seated_Leg_Extension_Releasing_Too_Fast_2_01.csv
24,1,2,5,2,1.613,1613,-0.21,-0.39,9.77,9.78,0.0,-0.0011,-0.0011,1.44,-1.88,337.94,-0.2646,-0.2995,9.8185,9.8266,P024_Weight_Stack_Seated_Leg_Extension_Releasing_Too_Fast_2_01.csv
24,1,2,5,2,1.743,1743,-0.21,-0.34,9.93,9.938,-0.0011,0.0011,0.0022,1.44,-1.88,337.94,-0.2574,-0.3048,9.8332,9.8413,P024_Weight_Stack_Seated_Leg_Extension_Releasing_Too_Fast_2_01.csv
24,1,2,5,2,1.873,1873,-0.23,-0.31,9.8,9.8076,-0.0011,-0.0011,0.0,1.44,-1.88,337.94,-0.2538,-0.3055,9.8288,9.8368,P024_Weight_Stack_Seated_Leg_Extension_Releasing_Too_Fast_2_01.csv
24,1,2,5,2,2.003,2003,-0.29,-0.27,9.83,9.838,-0.0011,0.0,0.0044,1.44,-1.88,337.94,-0.2586,-0.3008,9.829,9.837,P024_Weight_Stack_Seated_Leg_Extension_Releasing_Too_Fast_2_01.csv
24,1,2,5,2,2.176,2176,-0.18,-0.43,9.78,9.7911,-0.0055,0.0142,0.0065,1.38,-1.88,337.94,-0.2482,-0.3178,9.8225,9.8308,P024_Weight_Stack_Seated_Leg_Extension_Releasing_Too_Fast_2_01.csv
24,1,2,5,2,2.307,2307,-0.03,-0.37,9.57,9.5772,0.0,0.0065,-0.0153,1.38,-1.88,337.94,-0.2195,-0.3247,9.7892,9.7971,P024_Weight_Stack_Seated_Leg_Extension_Releasing_Too_Fast_2_01.csv
24,1,2,5,2,2.442,2442,-0.32,-0.47,10.03,10.0461,-0.0011,0.0011,0.0055,1.38,-1.88,337.94,-0.2327,-0.3439,9.821,9.8297,P024_Weight_Stack_Seated_Leg_Extension_Releasing_Too_Fast_2_01.csv
24,1,2,5,2,2.575,2575,-0.05,-0.35,9.84,9.8463,-0.0055,0.0098,-0.0044,1.31,-1.88,337.94,-0.2086,-0.3447,9.8235,9.8317,P024_Weight_Stack_Seated_Leg_Extension_Releasing_Too_Fast_2_01.csv
24,1,2,5,2,2.705,2705,-0.11,-0.21,8.82,8.8232,-0.0011,-0.0022,0.0,1.31,-1.88,337.94,-0.1956,-0.3269,9.6912,9.6987,P024_Weight_Stack_Seated_Leg_Extension_Releasing_Too_Fast_2_01.csv
24,1,2,5,2,2.836,2836,-0.25,-0.3,8.47,8.479,-0.0044,0.0055,0.0033,1.31,-1.81,337.94,-0.2028,-0.3234,9.5303,9.538,P024_Weight_Stack_Seated_Leg_Extension_Releasing_Too_Fast_2_01.csv
24,1,2,5,2,2.966,2966,0.01,-0.55,9.56,9.5758,-0.0076,0.0175,-0.0196,1.19,-1.81,337.94,-0.1748,-0.3532,9.5342,9.5424,P024_Weight_Stack_Seated_Leg_Extension_Releasing_Too_Fast_2_01.csv
24,1,2,5,2,3.097,3097,-0.42,-0.54,11.32,11.3407,-0.0142,0.0076,0.0076,1.19,-1.75,337.88,-0.2071,-0.3778,9.7695,9.779,P024_Weight_Stack_Seated_Leg_Extension_Releasing_Too_Fast_2_01.csv
24,1,2,5,2,3.269,3269,-0.3,-0.3,10.1,10.1089,-0.0055,0.0033,0.0,1.19,-1.69,337.88,-0.2193,-0.3676,9.8131,9.8224,P024_Weight_Stack_Seated_Leg_Extension_Releasing_Too_Fast_2_01.csv
24,1,2,5,2,3.4,3400,-0.23,-0.25,9.53,9.5361,-0.0011,0.0022,-0.0098,1.19,-1.69,337.88,-0.2207,-0.3521,9.7758,9.7846,P024_Weight_Stack_Seated_Leg_Extension_Releasing_Too_Fast_2_01.csv
24,1,2,5,2,3.53,3530,-0.29,-0.21,9.21,9.217,-0.0055,0.0011,0.0076,1.19,-1.69,337.88,-0.2299,-0.3334,9.7012,9.7097,P024_Weight_Stack_Seated_Leg_Extension_Releasing_Too_Fast_2_01.csv
24,1,2,5,2,3.661,3661,-0.33,-0.26,9.98,9.9888,-0.0065,0.0098,-0.0055,1.13,-1.69,337.88,-0.2431,-0.3237,9.738,9.7464,P024_Weight_Stack_Seated_Leg_Extension_Releasing_Too_Fast_2_01.csv
24,1,2,5,2,3.797,3797,-0.66,-0.31,9.81,9.8371,-0.0076,-0.0055,0.0033,1.13,-1.69,337.88,-0.298,-0.3219,9.7475,9.7573,P024_Weight_Stack_Seated_Leg_Extension_Releasing_Too_Fast_2_01.csv
24,1,2,5,2,3.929,3929,-0.3,-0.53,9.82,9.8389,-0.0044,0.0022,-0.0011,1.13,-1.69,337.88,-0.2983,-0.3493,9.757,9.7678,P024_Weight_Stack_Seated_Leg_Extension_Releasing_Too_Fast_2_01.csv
24,1,2,5,2,4.059,4059,-0.29,-0.41,10.21,10.2223,0.0011,-0.0055,0.0,1.13,-1.69,337.88,-0.2972,-0.3573,9.8167,9.8277,P024_Weight_Stack_Seated_Leg_Extension_Releasing_Too_Fast_2_01.csv
24,1,2,5,2,4.189,4189,-0.12,-0.34,10.37,10.3763,-0.0076,0.0011,0.0044,1.13,-1.69,337.88,-0.2738,-0.355,9.8896,9.8998,P024_Weight_Stack_Seated_Leg_Extension_Releasing_Too_Fast_2_01.csv
24,1,2,5,2,4.362,4362,-0.34,-0.35,9.68,9.6923,0.0022,0.0142,0.012,1.13,-1.69,337.88,-0.2825,-0.3544,9.862,9.8724,P024_Weight_Stack_Seated_Leg_Extension_Releasing_Too_Fast_2_01.csv
24,1,2,5,2,4.493,4493,-0.2,-0.24,9.73,9.735,0.0011,0.0022,0.0033,1.06,-1.69,337.88,-0.2717,-0.3393,9.8446,9.8542,P024_Weight_Stack_Seated_Leg_Extension_Releasing_Too_Fast_2_01.csv
24,1,2,5,2,4.629,4629,-0.33,-0.36,9.63,9.6424,0.0044,-0.0011,0.0044,1.06,-1.69,337.88,-0.2794,-0.342,9.8163,9.8263,P024_Weight_Stack_Seated_Leg_Extension_Releasing_Too_Fast_2_01.csv
24,1,2,5,2,4.761,4761,-0.26,-0.13,9.66,9.6644,0.0011,0.0164,0.0033,1.06,-1.69,337.88,-0.2768,-0.3141,9.7957,9.8047,P024_Weight_Stack_Seated_Leg_Extension_Releasing_Too_Fast_2_01.csv
24,1,2,5,2,4.891,4891,-0.32,-0.31,9.55,9.5604,0.0033,-0.0044,0.0033,1.06,-1.69,337.88,-0.2825,-0.3135,9.7633,9.7725,P024_Weight_Stack_Seated_Leg_Extension_Releasing_Too_Fast_2_01.csv
24,1,2,5,2,5.023,5023,-0.24,-0.28,9.59,9.5971,0.0,0.0011,-0.0044,1.06,-1.69,337.88,-0.2769,-0.3091,9.7405,9.7493,P024_Weight_Stack_Seated_Leg_Extension_Releasing_Too_Fast_2_01.csv
24,1,2,5,2,5.153,5153,-0.17,-0.35,9.75,9.7578,0.0,0.0022,-0.0011,1.06,-1.69,337.88,-0.2628,-0.3145,9.7418,9.7504,P024_Weight_Stack_Seated_Leg_Extension_Releasing_Too_Fast_2_01.csv
24,1,2,5,2,5.283,5283,-0.2,-0.32,9.96,9.9671,0.0011,0.0022,0.0,1.06,-1.69,337.88,-0.2545,-0.3152,9.7705,9.7789,P024_Weight_Stack_Seated_Leg_Extension_Releasing_Too_Fast_2_01.csv
24,1,2,5,2,5.456,5456,-0.26,-0.28,9.49,9.4977,-0.0011,0.0055,-0.0065,1.06,-1.69,337.88,-0.2553,-0.3106,9.7335,9.7418,P024_Weight_Stack_Seated_Leg_Extension_Releasing_Too_Fast_2_01.csv
24,1,2,5,2,5.586,5586,-0.17,-0.36,9.8,9.8081,0.0011,0.0131,0.0022,1.06,-1.69,337.88,-0.244,-0.3171,9.7423,9.7505,P024_Weight_Stack_Seated_Leg_Extension_Releasing_Too_Fast_2_01.csv
24,1,2,5,2,5.719,5719,-0.33,-0.33,9.63,9.6413,-0.0011,0.0011,0.0011,0.94,-1.69,337.88,-0.2553,-0.3188,9.7275,9.7361,P024_Weight_Stack_Seated_Leg_Extension_Releasing_Too_Fast_2_01.csv
24,1,2,5,2,5.854,5854,-0.32,-0.27,9.27,9.2795,-0.0033,0.0022,-0.0022,0.94,-1.69,337.88,-0.2639,-0.3124,9.6672,9.6759,P024_Weight_Stack_Seated_Leg_Extension_Releasing_Too_Fast_2_01.csv
24,1,2,5,2,5.984,5984,-0.32,-0.32,9.53,9.5407,-0.0011,0.0044,0.0055,0.94,-1.69,337.88,-0.2713,-0.3134,9.6491,9.658,P024_Weight_Stack_Seated_Leg_Extension_Releasing_Too_Fast_2_01.csv
24,1,2,5,2,6.115,6115,-0.31,-0.39,9.47,9.4831,-0.0022,0.0065,0.0011,0.94,-1.69,337.88,-0.2764,-0.3235,9.6255,9.6349,P024_Weight_Stack_Seated_Leg_Extension_Releasing_Too_Fast_2_01.csv
24,1,2,5,2,6.245,6245,-0.34,-0.46,7.93,7.9506,-0.0164,-0.0164,0.0131,1.0,-1.69,337.88,-0.2848,-0.3415,9.4021,9.4126,P024_Weight_Stack_Seated_Leg_Extension_Releasing_Too_Fast_2_01.csv
24,1,2,5,2,6.375,6375,-0.39,0.72,9.25,9.2862,-0.0185,0.0251,-0.012,0.88,-1.56,337.81,-0.2986,-0.2016,9.3821,9.389,P024_Weight_Stack_Seated_Leg_Extension_Releasing_Too_Fast_2_01.csv
24,1,2,5,2,6.548,6548,0.32,0.01,11.92,11.9243,0.0,-0.0087,-0.0175,0.81,-1.44,337.75,-0.2171,-0.1737,9.7165,9.7205,P024_Weight_Stack_Seated_Leg_Extension_Releasing_Too_Fast_2_01.csv
24,1,2,5,2,6.679,6679,-0.73,-0.75,10.41,10.4625,-0.0076,0.0164,0.012,0.75,-1.44,337.75,-0.2847,-0.2496,9.8079,9.8152,P024_Weight_Stack_Seated_Leg_Extension_Releasing_Too_Fast_2_01.csv
24,1,2,5,2,6.81,6810,-0.28,-0.23,9.66,9.6668,-0.0011,0.0033,0.0153,0.69,-1.44,337.75,-0.2841,-0.2471,9.7884,9.7956,P024_Weight_Stack_Seated_Leg_Extension_Releasing_Too_Fast_2_01.csv
24,1,2,5,2,6.94,6940,-0.34,-0.09,9.51,9.5165,-0.0022,0.0076,0.0098,0.69,-1.44,337.75,-0.2914,-0.2264,9.7517,9.7587,P024_Weight_Stack_Seated_Leg_Extension_Releasing_Too_Fast_2_01.csv
24,1,2,5,2,7.071,7071,-1.13,-0.39,13.07,13.1246,-0.0185,0.0316,0.0175,0.69,-1.38,337.75,-0.4019,-0.2479,10.189,10.1999,P024_Weight_Stack_Seated_Leg_Extension_Releasing_Too_Fast_2_01.csv
24,2,2,5,2,7.201,7201,-0.43,-0.13,9.85,9.8602,-0.0022,0.0022,-0.0109,0.63,-1.38,337.75,-0.4056,-0.2324,10.1443,10.1551,P024_Weight_Stack_Seated_Leg_Extension_Releasing_Too_Fast_2_01.csv
24,2,2,5,2,7.337,7337,-0.17,-0.3,10.18,10.1858,-0.0022,0.0065,0.0098,0.69,-1.38,337.75,-0.3746,-0.2413,10.149,10.1588,P024_Weight_Stack_Seated_Leg_Extension_Releasing_Too_Fast_2_01.csv
24,2,2,5,2,7.468,7468,-0.28,-0.28,10.14,10.1477,0.0087,-0.0044,0.0087,0.69,-1.38,337.75,-0.3621,-0.2464,10.1478,10.1573,P024_Weight_Stack_Seated_Leg_Extension_Releasing_Too_Fast_2_01.csv
24,2,2,5,2,7.641,7641,-0.18,-0.31,9.8,9.8066,0.0011,-0.0022,-0.0022,0.75,-1.44,337.75,-0.3381,-0.2548,10.102,10.1109,P024_Weight_Stack_Seated_Leg_Extension_Releasing_Too_Fast_2_01.csv
24,2,2,5,2,7.772,7772,-0.25,-0.22,9.45,9.4559,-0.0011,0.0022,0.0098,0.75,-1.44,337.75,-0.3265,-0.2502,10.0161,10.0245,P024_Weight_Stack_Seated_Leg_Extension_Releasing_Too_Fast_2_01.csv
24,2,2,5,2,7.903,7903,-0.14,-0.29,9.51,9.5155,0.0,0.0044,0.0,0.75,-1.44,337.75,-0.3019,-0.2554,9.9494,9.9572,P024_Weight_Stack_Seated_Leg_Extension_Releasing_Too_Fast_2_01.csv
24,2,2,5,2,8.037,8037,-0.27,-0.35,9.69,9.7001,0.0011,0.0011,0.0076,0.75,-1.44,337.75,-0.2977,-0.2679,9.9152,9.9233,P024_Weight_Stack_Seated_Leg_Extension_Releasing_Too_Fast_2_01.csv
24,2,2,5,2,8.17,8170,-0.24,-0.35,9.86,9.8691,0.0022,-0.0044,-0.0022,0.81,-1.44,337.75,-0.2901,-0.2787,9.9079,9.9161,P024_Weight_Stack_Seated_Leg_Extension_Releasing_Too_Fast_2_01.csv
24,2,2,5,2,8.301,8301,-0.17,-0.34,9.73,9.7374,-0.0011,0.0033,-0.0022,0.88,-1.5,337.75,-0.2743,-0.2868,9.8845,9.8924,P024_Weight_Stack_Seated_Leg_Extension_Releasing_Too_Fast_2_01.csv
24,2,2,5,2,8.431,8431,-0.21,-0.31,9.74,9.7472,-0.0033,0.0011,0.0,0.88,-1.5,337.75,-0.2658,-0.2899,9.8654,9.8733,P024_Weight_Stack_Seated_Leg_Extension_Releasing_Too_Fast_2_01.csv
24,2,2,5,2,8.562,8562,-0.15,-0.34,9.89,9.897,-0.0011,0.0011,0.0,0.88,-1.5,337.75,-0.2506,-0.2965,9.8687,9.8763,P024_Weight_Stack_Seated_Leg_Extension_Releasing_Too_Fast_2_01.csv
24,2,2,5,2,8.734,8734,-0.24,-0.29,9.59,9.5974,0.0,-0.0011,-0.0033,0.94,-1.5,337.75,-0.2492,-0.2956,9.832,9.8396,P024_Weight_Stack_Seated_Leg_Extension_Releasing_Too_Fast_2_01.csv
24,2,2,5,2,8.864,8864,-0.24,-0.34,9.77,9.7789,-0.0022,0.0033,0.0087,0.94,-1.56,337.75,-0.248,-0.3015,9.8238,9.8315,P024_Weight_Stack_Seated_Leg_Extension_Releasing_Too_Fast_2_01.csv
24,2,2,5,2,8.994,8994,-0.2,-0.35,9.61,9.6185,0.0033,0.0098,0.0011,0.94,-1.56,337.75,-0.2416,-0.3079,9.7956,9.8034,P024_Weight_Stack_Seated_Leg_Extension_Releasing_Too_Fast_2_01.csv
24,2,2,5,2,9.124,9124,-0.25,-0.43,9.41,9.4231,0.0011,0.0011,0.0076,0.94,-1.56,337.75,-0.2427,-0.324,9.7448,9.7532,P024_Weight_Stack_Seated_Leg_Extension_Releasing_Too_Fast_2_01.csv
24,2,2,5,2,9.254,9254,-0.32,-0.32,9.1,9.1112,-0.0022,0.0044,-0.0055,1.0,-1.63,337.75,-0.2529,-0.3234,9.6598,9.6686,P024_Weight_Stack_Seated_Leg_Extension_Releasing_Too_Fast_2_01.csv
24,2,2,5,2,9.384,9384,-0.24,-0.37,8.13,8.142,-0.0087,-0.0175,0.0131,1.0,-1.56,337.81,-0.2512,-0.3296,9.4582,9.4673,P024_Weight_Stack_Seated_Leg_Extension_Releasing_Too_Fast_2_01.csv
24,2,2,5,2,9.514,9514,-0.31,-0.36,8.29,8.3036,0.0,0.0175,0.0,1.0,-1.56,337.81,-0.259,-0.3336,9.3043,9.3139,P024_Weight_Stack_Seated_Leg_Extension_Releasing_Too_Fast_2_01.csv
24,2,2,5,2,9.645,9645,0.26,-0.76,11.07,11.0991,-0.0153,0.0087,-0.0175,0.94,-1.44,337.75,-0.1906,-0.3898,9.537,9.5468,P024_Weight_Stack_Seated_Leg_Extension_Releasing_Too_Fast_2_01.csv
24,2,2,5,2,9.818,9818,-0.74,-0.22,9.3,9.332,-0.0098,0.0044,0.0185,0.88,-1.38,337.75,-0.263,-0.3674,9.5057,9.5165,P024_Weight_Stack_Seated_Leg_Extension_Releasing_Too_Fast_2_01.csv
24,2,2,5,2,9.948,9948,-0.93,-0.36,8.46,8.5186,-0.0055,-0.0022,0.0425,0.88,-1.38,337.75,-0.3509,-0.3664,9.3679,9.3817,P024_Weight_Stack_Seated_Leg_Extension_Releasing_Too_Fast_2_01.csv
24,2,2,5,2,10.084,10084,0.23,-0.84,8.83,8.8728,0.0022,0.0185,0.0185,0.94,-1.44,337.75,-0.2743,-0.4288,9.2971,9.311,P024_Weight_Stack_Seated_Leg_Extension_Releasing_Too_Fast_2_01.csv
24,2,2,5,2,10.216,10216,-0.12,-0.36,9.03,9.038,-0.0055,0.0044,0.0109,0.94,-1.44,337.75,-0.254,-0.4198,9.2619,9.2749,P024_Weight_Stack_Seated_Leg_Extension_Releasing_Too_Fast_2_01.csv
24,2,2,5,2,10.346,10346,-0.16,-0.35,9.8,9.8076,-0.0011,0.0076,-0.0098,0.94,-1.44,337.75,-0.2416,-0.4106,9.3328,9.3449,P024_Weight_Stack_Seated_Leg_Extension_Releasing_Too_Fast_2_01.csv
24,2,2,5,2,10.477,10477,-0.21,-0.38,9.99,9.9994,-0.0022,0.0065,0.0033,0.94,-1.44,337.75,-0.2374,-0.4065,9.4194,9.4311,P024_Weight_Stack_Seated_Leg_Extension_Releasing_Too_Fast_2_01.csv
24,2,2,5,2,10.607,10607,-0.23,-0.29,9.8,9.807,-0.0033,-0.0011,-0.0022,0.94,-1.44,337.75,-0.2365,-0.3912,9.4695,9.4806,P024_Weight_Stack_Seated_Leg_Extension_Releasing_Too_Fast_2_01.csv
24,2,2,5,2,10.737,10737,-0.21,-0.25,9.77,9.7755,0.0,0.0,0.0011,0.94,-1.44,337.75,-0.233,-0.3726,9.5091,9.5193,P024_Weight_Stack_Seated_Leg_Extension_Releasing_Too_Fast_2_01.csv
24,2,2,5,2,10.91,10910,-0.32,-0.19,10.54,10.5466,0.0044,-0.0076,0.0,0.94,-1.44,337.75,-0.2444,-0.3485,9.645,9.6544,P024_Weight_Stack_Seated_Leg_Extension_Releasing_Too_Fast_2_01.csv
24,2,2,5,2,11.041,11041,-0.24,-0.27,10.1,10.1065,0.0,-0.0044,0.0022,0.94,-1.44,337.75,-0.2439,-0.3382,9.7049,9.7139,P024_Weight_Stack_Seated_Leg_Extension_Releasing_Too_Fast_2_01.csv
24,2,2,5,2,11.172,11172,-0.25,-0.28,9.77,9.7772,0.0033,0.0,0.0033,0.94,-1.44,337.75,-0.2447,-0.3305,9.7135,9.7222,P024_Weight_Stack_Seated_Leg_Extension_Releasing_Too_Fast_2_01.csv
24,2,2,5,2,11.302,11302,-0.28,-0.21,9.61,9.6164,0.0065,0.0011,0.0033,1.0,-1.5,337.75,-0.2493,-0.3146,9.6999,9.7082,P024_Weight_Stack_Seated_Leg_Extension_Releasing_Too_Fast_2_01.csv
24,2,2,5,2,11.434,11434,-0.22,-0.52,9.59,9.6066,0.0011,-0.0044,-0.0033,1.0,-1.5,337.75,-0.2455,-0.3417,9.6854,9.6945,P024_Weight_Stack_Seated_Leg_Extension_Releasing_Too_Fast_2_01.csv
24,2,2,5,2,11.569,11569,-0.28,-0.15,9.63,9.6352,0.0022,-0.0087,-0.0022,1.0,-1.56,337.75,-0.25,-0.3164,9.6781,9.6865,P024_Weight_Stack_Seated_Leg_Extension_Releasing_Too_Fast_2_01.csv
24,2,2,5,2,11.7,11700,-0.29,-0.39,9.46,9.4725,-0.0011,-0.0011,-0.0011,1.06,-1.56,337.75,-0.2553,-0.3261,9.6494,9.6582,P024_Weight_Stack_Seated_Leg_Extension_Releasing_Too_Fast_2_01.csv
24,2,2,5,2,11.831,11831,-0.19,-0.33,9.68,9.6875,0.0011,-0.0011,0.0011,1.06,-1.56,337.75,-0.2467,-0.3266,9.6534,9.6621,P024_Weight_Stack_Seated_Leg_Extension_Releasing_Too_Fast_2_01.csv
24,2,2,5,2,12.003,12003,-0.13,-0.33,9.46,9.4666,0.0022,0.0022,0.0,1.06,-1.63,337.75,-0.2313,-0.3271,9.6279,9.6362,P024_Weight_Stack_Seated_Leg_Extension_Releasing_Too_Fast_2_01.csv
24,2,2,5,2,12.133,12133,-0.28,-0.43,9.72,9.7335,-0.0022,-0.0022,0.0044,1.13,-1.63,337.75,-0.2377,-0.3406,9.64,9.649,P024_Weight_Stack_Seated_Leg_Extension_Releasing_Too_Fast_2_01.csv
24,2,2,5,2,12.264,12264,-0.43,-0.27,9.76,9.7732,-0.0044,0.0,0.0022,1.13,-1.63,337.75,-0.2631,-0.3313,9.6559,9.6651,P024_Weight_Stack_Seated_Leg_Extension_Releasing_Too_Fast_2_01.csv
24,2,2,5,2,12.394,12394,-0.29,-0.28,8.69,8.6993,-0.0098,0.0087,-0.0065,1.13,-1.56,337.75,-0.2666,-0.3246,9.5286,9.5378,P024_Weight_Stack_Seated_Leg_Extension_Releasing_Too_Fast_2_01.csv
24,2,2,5,2,12.525,12525,0.12,-0.27,8.66,8.665,-0.0175,0.0185,-0.0098,1.06,-1.56,337.75,-0.2157,-0.3174,9.4141,9.4219,P024_Weight_Stack_Seated_Leg_Extension_Releasing_Too_Fast_2_01.csv
24,2,2,5,2,12.655,12655,-0.33,-0.39,10.22,10.2328,-0.0164,0.0087,-0.0196,1.0,-1.5,337.69,-0.2307,-0.3269,9.5203,9.5287,P024_Weight_Stack_Seated_Leg_Extension_Releasing_Too_Fast_2_01.csv
24,2,2,5,2,12.786,12786,-0.04,-0.25,10.74,10.743,-0.0131,0.0033,-0.0055,1.06,-1.44,337.69,-0.2056,-0.3168,9.681,9.6884,P024_Weight_Stack_Seated_Leg_Extension_Releasing_Too_Fast_2_01.csv
24,2,2,5,2,12.92,12920,-0.26,-0.11,9.93,9.934,-0.0033,-0.0044,0.0033,1.0,-1.44,337.69,-0.2128,-0.2896,9.7138,9.7205,P024_Weight_Stack_Seated_Leg_Extension_Releasing_Too_Fast_2_01.csv
24,2,2,5,2,13.094,13094,-0.22,-0.24,9.58,9.5855,-0.0011,0.0055,-0.0109,1.06,-1.44,337.63,-0.2137,-0.283,9.6962,9.7027,P024_Weight_Stack_Seated_Leg_Extension_Releasing_Too_Fast_2_01.csv
24,2,2,5,2,13.225,13225,-0.24,-0.32,9.61,9.6183,-0.0065,0.0055,0.0055,1.06,-1.44,337.63,-0.2172,-0.2879,9.6848,9.6916,P024_Weight_Stack_Seated_Leg_Extension_Releasing_Too_Fast_2_01.csv
24,2,2,5,2,13.355,13355,-0.26,-0.35,9.76,9.7697,0.0,0.0,-0.0011,1.06,-1.5,337.63,-0.2228,-0.2961,9.6948,9.7018,P024_Weight_Stack_Seated_Leg_Extension_Releasing_Too_Fast_2_01.csv
24,2,2,5,2,13.485,13485,-0.19,-0.26,9.78,9.7853,-0.0022,0.0033,0.0044,1.06,-1.44,337.63,-0.2185,-0.2913,9.706,9.7128,P024_Weight_Stack_Seated_Leg_Extension_Releasing_Too_Fast_2_01.csv
24,2,2,5,2,13.616,13616,-0.13,-0.32,10.13,10.1359,0.0,0.0055,-0.0065,1.06,-1.5,337.63,-0.2068,-0.2951,9.7619,9.7685,P024_Weight_Stack_Seated_Leg_Extension_Releasing_Too_Fast_2_01.csv
24,2,2,5,2,13.746,13746,-0.32,-0.32,10.1,10.1101,0.0098,-0.0185,-0.0055,1.13,-1.5,337.63,-0.2217,-0.2984,9.8064,9.8135,P024_Weight_Stack_Seated_Leg_Extension_Releasing_Too_Fast_2_01.csv
24,2,2,5,2,13.877,13877,-0.25,-0.33,9.94,9.9486,0.0022,0.0033,0.0,1.13,-1.5,337.63,-0.2255,-0.3026,9.824,9.8313,P024_Weight_Stack_Seated_Leg_Extension_Releasing_Too_Fast_2_01.csv
24,2,2,5,2,14.007,14007,-0.19,-0.29,9.87,9.8761,0.0044,-0.0011,0.0011,1.13,-1.5,337.63,-0.2208,-0.3009,9.8301,9.8372,P024_Weight_Stack_Seated_Leg_Extension_Releasing_Too_Fast_2_01.csv
24,2,2,5,2,14.18,14180,-0.21,-0.31,9.82,9.8271,0.0055,-0.0011,-0.0022,1.13,-1.56,337.63,-0.2194,-0.3021,9.8288,9.8358,P024_Weight_Stack_Seated_Leg_Extension_Releasing_Too_Fast_2_01.csv
24,2,2,5,2,14.31,14310,-0.21,-0.61,9.66,9.6815,0.0076,-0.0185,0.0033,1.13,-1.56,337.69,-0.2181,-0.3427,9.8065,9.8149,P024_Weight_Stack_Seated_Leg_Extension_Releasing_Too_Fast_2_01.csv
24,2,2,5,2,14.44,14440,-0.3,-0.29,9.58,9.5891,0.0011,-0.0087,-0.0011,1.19,-1.56,337.69,-0.2289,-0.3357,9.7767,9.7851,P024_Weight_Stack_Seated_Leg_Extension_Releasing_Too_Fast_2_01.csv
24,2,2,5,2,14.57,14570,-0.26,-0.29,9.58,9.5879,0.0011,-0.0022,-0.0044,1.19,-1.56,337.69,-0.233,-0.3297,9.7507,9.7591,P024_Weight_Stack_Seated_Leg_Extension_Releasing_Too_Fast_2_01.csv
24,2,2,5,2,14.701,14701,-0.28,-0.29,9.86,9.8682,-0.0011,-0.0022,-0.0022,1.19,-1.56,337.69,-0.2392,-0.3245,9.7651,9.7735,P024_Weight_Stack_Seated_Leg_Extension_Releasing_Too_Fast_2_01.csv
24,2,2,5,2,14.831,14831,-0.25,-0.4,9.64,9.6515,-0.0011,0.0,0.0022,1.19,-1.56,337.69,-0.2406,-0.3344,9.7487,9.7574,P024_Weight_Stack_Seated_Leg_Extension_Releasing_Too_Fast_2_01.csv
24,2,2,5,2,14.961,14961,-0.26,-0.37,9.47,9.4808,0.0033,0.0065,0.0011,1.19,-1.63,337.69,-0.2432,-0.3391,9.7119,9.7209,P024_Weight_Stack_Seated_Leg_Extension_Releasing_Too_Fast_2_01.csv
24,2,2,5,2,15.091,15091,-0.31,-0.29,9.69,9.6993,-0.0022,0.0,-0.0022,1.19,-1.63,337.69,-0.252,-0.3326,9.709,9.718,P024_Weight_Stack_Seated_Leg_Extension_Releasing_Too_Fast_2_01.csv
24,2,2,5,2,15.269,15269,-0.57,-0.3,8.4,8.4247,-0.0044,-0.0076,0.0011,1.25,-1.63,337.69,-0.2939,-0.3283,9.5365,9.5467,P024_Weight_Stack_Seated_Leg_Extension_Releasing_Too_Fast_2_01.csv
24,2,2,5,2,15.4,15400,-0.12,-0.24,8.32,8.3243,-0.0098,0.0218,-0.0033,1.19,-1.56,337.69,-0.271,-0.3167,9.3762,9.3855,P024_Weight_Stack_Seated_Leg_Extension_Releasing_Too_Fast_2_01.csv
24,2,2,5,2,15.531,15531,-0.33,-0.59,11.0,11.0208,-0.0164,0.0218,-0.0087,1.13,-1.5,337.63,-0.2788,-0.3527,9.5902,9.6007,P024_Weight_Stack_Seated_Leg_Extension_Releasing_Too_Fast_2_01.csv
24,2,2,5,2,15.661,15661,-0.16,-0.25,11.41,11.4139,0.0033,0.0033,-0.0011,1.19,-1.44,337.63,-0.2631,-0.3392,9.83,9.8394,P024_Weight_Stack_Seated_Leg_Extension_Releasing_Too_Fast_2_01.csv
24,2,2,5,2,15.792,15792,-1.05,-0.82,10.35,10.4354,0.0164,-0.0262,0.0295,1.19,-1.44,337.69,-0.3668,-0.4025,9.8985,9.9135,P024_Weight_Stack_Seated_Leg_Extension_Releasing_Too_Fast_2_01.csv
24,2,2,5,2,15.922,15922,-0.13,-0.48,9.78,9.7926,-0.0011,0.0076,-0.0055,1.19,-1.38,337.69,-0.3356,-0.4127,9.8829,9.8972,P024_Weight_Stack_Seated_Leg_Extension_Releasing_Too_Fast_2_01.csv
24,2,2,5,2,16.052,16052,-0.18,-0.34,9.82,9.8275,0.0,-0.0033,0.0055,1.19,-1.44,337.69,-0.3151,-0.4032,9.8746,9.8879,P024_Weight_Stack_Seated_Leg_Extension_Releasing_Too_Fast_2_01.csv
24,2,2,5,2,16.183,16183,-0.23,-0.28,9.78,9.7867,-0.0022,-0.0011,-0.0011,1.19,-1.44,337.69,-0.3039,-0.3869,9.8622,9.8744,P024_Weight_Stack_Seated_Leg_Extension_Releasing_Too_Fast_2_01.csv
24,2,2,5,2,16.355,16355,-0.2,-0.28,9.79,9.796,0.0011,-0.0011,-0.0022,1.19,-1.44,337.69,-0.2902,-0.3728,9.8526,9.864,P024_Weight_Stack_Seated_Leg_Extension_Releasing_Too_Fast_2_01.csv
24,2,2,5,2,16.485,16485,-0.18,-0.29,10.8,10.8054,-0.0011,0.0,-0.0044,1.19,-1.44,337.69,-0.2757,-0.3619,9.9775,9.9878,P024_Weight_Stack_Seated_Leg_Extension_Releasing_Too_Fast_2_01.csv
24,2,2,5,2,16.615,16615,-0.07,-0.36,10.29,10.2965,0.0076,-0.0185,-0.0011,1.25,-1.44,337.69,-0.2486,-0.3617,10.0187,10.0283,P024_Weight_Stack_Seated_Leg_Extension_Releasing_Too_Fast_2_01.csv
24,3,2,5,2,16.745,16745,-0.41,-0.25,9.71,9.7219,-0.0044,-0.0087,0.0109,1.25,-1.44,337.69,-0.2698,-0.347,9.978,9.9877,P024_Weight_Stack_Seated_Leg_Extension_Releasing_Too_Fast_2_01.csv
24,3,2,5,2,16.875,16875,-0.25,-0.27,9.93,9.9368,0.0022,-0.0044,-0.0011,1.25,-1.44,337.69,-0.2672,-0.3368,9.9717,9.9809,P024_Weight_Stack_Seated_Leg_Extension_Releasing_Too_Fast_2_01.csv
24,3,2,5,2,17.005,17005,-0.09,-0.26,9.89,9.8938,0.0055,-0.0076,-0.0055,1.25,-1.44,337.69,-0.2439,-0.3267,9.9609,9.9692,P024_Weight_Stack_Seated_Leg_Extension_Releasing_Too_Fast_2_01.csv
24,3,2,5,2,17.135,17135,-0.26,-0.07,9.83,9.8337,-0.0022,0.0033,0.0011,1.25,-1.44,337.69,-0.246,-0.2929,9.9437,9.951,P024_Weight_Stack_Seated_Leg_Extension_Releasing_Too_Fast_2_01.csv
24,3,2,5,2,17.266,17266,-0.22,-0.27,9.77,9.7762,0.0,-0.0022,-0.0022,1.31,-1.44,337.69,-0.2426,-0.2899,9.9208,9.928,P024_Weight_Stack_Seated_Leg_Extension_Releasing_Too_Fast_2_01.csv
24,3,2,5,2,17.439,17439,-0.35,-0.21,9.93,9.9384,-0.0011,-0.0098,0.0055,1.31,-1.44,337.69,-0.2567,-0.2793,9.922,9.9292,P024_Weight_Stack_Seated_Leg_Extension_Releasing_Too_Fast_2_01.csv
24,3,2,5,2,17.569,17569,-0.16,-0.33,9.8,9.8069,-0.0011,-0.0011,-0.0044,1.31,-1.44,337.69,-0.244,-0.286,9.9059,9.913,P024_Weight_Stack_Seated_Leg_Extension_Releasing_Too_Fast_2_01.csv
24,3,2,5,2,17.701,17701,-0.3,-0.51,9.76,9.7779,0.0076,-0.0164,0.0065,1.38,-1.44,337.69,-0.2514,-0.3155,9.8867,9.8949,P024_Weight_Stack_Seated_Leg_Extension_Releasing_Too_Fast_2_01.csv
24,3,2,5,2,17.836,17836,-0.25,-0.34,9.55,9.5593,0.0011,-0.0065,0.0044,1.38,-1.44,337.69,-0.2512,-0.3187,9.8423,9.8507,P024_Weight_Stack_Seated_Leg_Extension_Releasing_Too_Fast_2_01.csv
24,3,2,5,2,17.967,17967,-0.19,-0.28,9.4,9.4061,0.0033,-0.0022,0.0055,1.38,-1.44,337.69,-0.2431,-0.3136,9.784,9.7921,P024_Weight_Stack_Seated_Leg_Extension_Releasing_Too_Fast_2_01.csv
24,3,2,5,2,18.098,18098,-0.4,-0.27,9.48,9.4923,-0.0022,-0.0022,-0.0011,1.38,-1.44,337.69,-0.2638,-0.3079,9.744,9.7524,P024_Weight_Stack_Seated_Leg_Extension_Releasing_Too_Fast_2_01.csv
24,3,2,5,2,18.228,18228,-0.13,-0.23,9.89,9.8935,-0.0098,0.0,0.0011,1.38,-1.44,337.69,-0.2462,-0.2976,9.7632,9.7708,P024_Weight_Stack_Seated_Leg_Extension_Releasing_Too_Fast_2_01.csv
24,3,2,5,2,18.359,18359,-0.15,-0.18,8.67,8.6732,-0.0076,0.0022,-0.0033,1.38,-1.44,337.69,-0.2335,-0.2821,9.6192,9.6261,P024_Weight_Stack_Seated_Leg_Extension_Releasing_Too_Fast_2_01.csv
24,3,2,5,2,18.531,18531,-0.35,0.08,9.17,9.177,-0.0218,0.0229,-0.024,1.38,-1.44,337.69,-0.2488,-0.2344,9.56,9.5661,P024_Weight_Stack_Seated_Leg_Extension_Releasing_Too_Fast_2_01.csv
24,3,2,5,2,18.662,18662,-0.4,-0.21,10.76,10.7695,0.0076,-0.0185,-0.0098,1.38,-1.38,337.63,-0.2688,-0.2312,9.7181,9.7246,P024_Weight_Stack_Seated_Leg_Extension_Releasing_Too_Fast_2_01.csv
24,3,2,5,2,18.793,18793,-0.62,0.0,11.15,11.1672,-0.0065,0.0044,0.0011,1.31,-1.31,337.56,-0.315,-0.2007,9.9068,9.9138,P024_Weight_Stack_Seated_Leg_Extension_Releasing_Too_Fast_2_01.csv
24,3,2,5,2,18.925,18925,-0.34,-0.46,9.92,9.9365,0.0076,-0.0175,-0.0022,1.31,-1.31,337.63,-0.3183,-0.2349,9.9085,9.9164,P024_Weight_Stack_Seated_Leg_Extension_Releasing_Too_Fast_2_01.csv
24,3,2,5,2,19.06,19060,-0.33,-0.38,8.2,8.2154,-0.0076,-0.0109,0.0011,1.38,-1.31,337.63,-0.3199,-0.254,9.6834,9.692,P024_Weight_Stack_Seated_Leg_Extension_Releasing_Too_Fast_2_01.csv
24,3,2,5,2,19.191,19191,-0.41,-0.34,9.73,9.7446,0.012,0.0033,0.06,1.38,-1.31,337.69,-0.3317,-0.2653,9.6895,9.6988,P024_Weight_Stack_Seated_Leg_Extension_Releasing_Too_Fast_2_01.csv
24,3,2,5,2,19.321,19321,-0.17,-0.48,9.81,9.8232,-0.0295,0.0251,-0.0251,1.44,-1.44,337.75,-0.3104,-0.2936,9.7054,9.7148,P024_Weight_Stack_Seated_Leg_Extension_Releasing_Too_Fast_2_01.csv
24,3,2,5,2,19.452,19452,-0.19,-0.2,9.77,9.7739,0.0011,-0.0044,0.0011,1.38,-1.38,337.56,-0.2946,-0.2813,9.7139,9.7225,P024_Weight_Stack_Seated_Leg_Extension_Releasing_Too_Fast_2_01.csv
24,3,2,5,2,19.625,19625,-0.24,-0.26,9.84,9.8464,0.0033,-0.0055,-0.0022,1.38,-1.38,337.56,-0.2874,-0.2785,9.7305,9.7388,P024_Weight_Stack_Seated_Leg_Extension_Releasing_Too_Fast_2_01.csv
24,3,2,5,2,19.761,19761,-0.34,-0.4,9.31,9.3248,0.0044,-0.0076,-0.0065,1.38,-1.38,337.63,-0.2943,-0.2945,9.6751,9.6841,P024_Weight_Stack_Seated_Leg_Extension_Releasing_Too_Fast_2_01.csv
24,3,2,5,2,19.893,19893,-0.13,-0.28,10.07,10.0747,-0.0011,-0.0033,-0.0022,1.44,-1.38,337.56,-0.2727,-0.2926,9.7272,9.7354,P024_Weight_Stack_Seated_Leg_Extension_Releasing_Too_Fast_2_01.csv
24,3,2,5,2,20.023,20023,-0.19,-0.34,10.07,10.0775,0.0055,0.0055,0.0044,1.44,-1.44,337.63,-0.2618,-0.2988,9.7723,9.7804,P024_Weight_Stack_Seated_Leg_Extension_Releasing_Too_Fast_2_01.csv
24,3,2,5,2,20.154,20154,-0.21,-0.37,9.39,9.3996,0.0065,-0.0044,0.0022,1.44,-1.44,337.63,-0.2549,-0.3082,9.7219,9.7302,P024_Weight_Stack_Seated_Leg_Extension_Releasing_Too_Fast_2_01.csv
24,3,2,5,2,20.284,20284,-0.27,-0.31,9.44,9.4489,0.0044,-0.0044,0.0033,1.44,-1.44,337.63,-0.2569,-0.3084,9.6848,9.6931,P024_Weight_Stack_Seated_Leg_Extension_Releasing_Too_Fast_2_01.csv
24,3,2,5,2,20.414,20414,-0.26,-0.34,10.01,10.0191,-0.0022,0.0229,-0.0065,1.44,-1.44,337.63,-0.2573,-0.3126,9.7276,9.7361,P024_Weight_Stack_Seated_Leg_Extension_Releasing_Too_Fast_2_01.csv
24,3,2,5,2,20.545,20545,-0.33,-0.51,9.71,9.729,0.0131,-0.0207,0.0087,1.44,-1.5,337.63,-0.2669,-0.3386,9.7253,9.7349,P024_Weight_Stack_Seated_Leg_Extension_Releasing_Too_Fast_2_01.csv
24,3,2,5,2,20.718,20718,-0.2,-0.24,9.73,9.735,0.0011,-0.0033,-0.0022,1.44,-1.5,337.63,-0.2581,-0.3256,9.7259,9.7348,P024_Weight_Stack_Seated_Leg_Extension_Releasing_Too_Fast_2_01.csv
24,3,2,5,2,20.849,20849,-0.21,-0.34,9.82,9.8281,0.0033,-0.0022,0.0033,1.5,-1.5,337.63,-0.2518,-0.3275,9.7383,9.7471,P024_Weight_Stack_Seated_Leg_Extension_Releasing_Too_Fast_2_01.csv
24,3,2,5,2,20.979,20979,-0.16,-0.36,9.7,9.708,0.0033,-0.0011,-0.0044,1.5,-1.5,337.63,-0.2397,-0.3318,9.7333,9.7419,P024_Weight_Stack_Seated_Leg_Extension_Releasing_Too_Fast_2_01.csv
24,3,2,5,2,21.113,21113,-0.18,-0.37,9.61,9.6188,0.0,-0.0033,0.0055,1.5,-1.5,337.63,-0.2318,-0.3368,9.717,9.7256,P024_Weight_Stack_Seated_Leg_Extension_Releasing_Too_Fast_2_01.csv
24,3,2,5,2,21.247,21247,-0.44,-0.3,9.8,9.8145,0.0022,-0.0033,-0.0055,1.5,-1.5,337.63,-0.2592,-0.332,9.728,9.7371,P024_Weight_Stack_Seated_Leg_Extension_Releasing_Too_Fast_2_01.csv
24,3,2,5,2,21.377,21377,-0.54,-0.54,9.31,9.3413,-0.0022,-0.0011,-0.0011,1.5,-1.5,337.63,-0.2962,-0.3594,9.6729,9.6841,P024_Weight_Stack_Seated_Leg_Extension_Releasing_Too_Fast_2_01.csv
24,3,2,5,2,21.508,21508,-0.33,-0.18,9.23,9.2377,-0.0033,-0.0011,-0.0065,1.5,-1.5,337.63,-0.3007,-0.3358,9.6145,9.6251,P024_Weight_Stack_Seated_Leg_Extension_Releasing_Too_Fast_2_01.csv
24,3,2,5,2,21.638,21638,-0.03,-0.52,9.36,9.3745,0.0087,0.0011,0.0055,1.44,-1.44,337.56,-0.265,-0.36,9.581,9.5914,P024_Weight_Stack_Seated_Leg_Extension_Releasing_Too_Fast_2_01.csv
24,3,2,5,2,21.811,21811,0.14,-0.42,11.71,11.7184,-0.0098,0.0076,0.0131,1.44,-1.38,337.5,-0.2116,-0.3679,9.8615,9.8707,P024_Weight_Stack_Seated_Leg_Extension_Releasing_Too_Fast_2_01.csv
24,3,2,5,2,21.944,21944,-0.09,-0.28,11.25,11.2538,-0.0022,-0.0022,-0.0131,1.44,-1.38,337.5,-0.1956,-0.3563,10.0445,10.0527,P024_Weight_Stack_Seated_Leg_Extension_Releasing_Too_Fast_2_01.csv
24,4,2,5,2,22.079,22079,-0.09,-0.48,9.38,9.3927,-0.0022,-0.0033,0.0022,1.5,-1.38,337.5,-0.1817,-0.3726,9.9569,9.9656,P024_Weight_Stack_Seated_Leg_Extension_Releasing_Too_Fast_2_01.csv
24,4,2,5,2,22.21,22210,-0.23,-0.57,9.1,9.1207,-0.0076,0.0,-0.0098,1.5,-1.38,337.5,-0.1881,-0.3986,9.844,9.8539,P024_Weight_Stack_Seated_Leg_Extension_Releasing_Too_Fast_2_01.csv
24,4,2,5,2,22.34,22340,-0.2,-0.41,9.82,9.8306,0.0022,-0.0011,-0.0022,1.5,-1.38,337.5,-0.1896,-0.4001,9.8409,9.8508,P024_Weight_Stack_Seated_Leg_Extension_Releasing_Too_Fast_2_01.csv
24,4,2,5,2,22.471,22471,-0.24,-0.26,10.27,10.2761,0.0065,-0.0011,-0.0011,1.5,-1.38,337.5,-0.1963,-0.3817,9.8974,9.9067,P024_Weight_Stack_Seated_Leg_Extension_Releasing_Too_Fast_2_01.csv
24,4,2,5,2,22.601,22601,-0.24,-0.21,9.89,9.8951,0.0,0.0,-0.0022,1.5,-1.38,337.5,-0.202,-0.3591,9.8964,9.905,P024_Weight_Stack_Seated_Leg_Extension_Releasing_Too_Fast_2_01.csv
24,4,2,5,2,22.731,22731,-0.25,-0.29,10.12,10.1272,0.0033,-0.0055,-0.0044,1.5,-1.38,337.5,-0.2084,-0.35,9.9259,9.9342,P024_Weight_Stack_Seated_Leg_Extension_Releasing_Too_Fast_2_01.csv
24,4,2,5,2,22.904,22904,-0.28,-0.26,9.69,9.6975,0.0044,-0.0011,0.0022,1.5,-1.38,337.5,-0.2178,-0.3381,9.8948,9.903,P024_Weight_Stack_Seated_Leg_Extension_Releasing_Too_Fast_2_01.csv
24,4,2,5,2,23.034,23034,-0.27,-0.36,9.57,9.5806,0.0044,-0.0109,-0.0033,1.5,-1.38,337.5,-0.2247,-0.341,9.852,9.8605,P024_Weight_Stack_Seated_Leg_Extension_Releasing_Too_Fast_2_01.csv
24,4,2,5,2,23.164,23164,-0.02,-0.35,9.42,9.4265,-0.0011,0.0207,-0.0011,1.5,-1.38,337.5,-0.1977,-0.3422,9.7951,9.803,P024_Weight_Stack_Seated_Leg_Extension_Releasing_Too_Fast_2_01.csv
24,4,2,5,2,23.294,23294,-0.41,-0.19,9.42,9.4308,0.0,-0.0033,0.0033,1.56,-1.38,337.5,-0.2257,-0.3221,9.7457,9.7536,P024_Weight_Stack_Seated_Leg_Extension_Releasing_Too_Fast_2_01.csv
24,4,2,5,2,23.424,23424,-0.17,-0.31,9.73,9.7364,0.0011,0.0,-0.0033,1.56,-1.38,337.5,-0.2183,-0.3205,9.7436,9.7513,P024_Weight_Stack_Seated_Leg_Extension_Releasing_Too_Fast_2_01.csv
24,4,2,5,2,23.554,23554,-0.31,-0.29,9.85,9.8591,0.0065,-0.0098,0.0022,1.56,-1.44,337.5,-0.2304,-0.3165,9.7576,9.7655,P024_Weight_Stack_Seated_Leg_Extension_Releasing_Too_Fast_2_01.csv
24,4,2,5,2,23.684,23684,-0.29,-0.3,9.95,9.9587,0.0011,-0.0033,0.0022,1.56,-1.44,337.5,-0.2383,-0.3143,9.783,9.7909,P024_Weight_Stack_Seated_Leg_Extension_Releasing_Too_Fast_2_01.csv
24,4,2,5,2,23.814,23814,-0.25,-0.32,9.85,9.8584,0.0022,-0.0065,-0.0109,1.56,-1.44,337.5,-0.2398,-0.3151,9.7918,9.7998,P024_Weight_Stack_Seated_Leg_Extension_Releasing_Too_Fast_2_01.csv
24,4,2,5,2,23.987,23987,-0.24,-0.38,9.33,9.3408,0.0022,-0.0044,-0.0022,1.5,-1.44,337.44,-0.2398,-0.3236,9.7309,9.7393,P024_Weight_Stack_Seated_Leg_Extension_Releasing_Too_Fast_2_01.csv
24,4,2,5,2,24.119,24119,-0.34,-0.22,9.11,9.119,0.0022,-0.0044,0.0011,1.5,-1.44,337.44,-0.253,-0.31,9.6491,9.6574,P024_Weight_Stack_Seated_Leg_Extension_Releasing_Too_Fast_2_01.csv
24,4,2,5,2,24.252,24252,-0.4,-0.5,8.66,8.6836,-0.0076,-0.0175,0.0131,1.56,-1.44,337.5,-0.2724,-0.335,9.5188,9.5286,P024_Weight_Stack_Seated_Leg_Extension_Releasing_Too_Fast_2_01.csv
24,4,2,5,2,24.386,24386,-0.13,-0.2,8.68,8.6833,-0.0033,-0.0011,-0.0087,1.56,-1.44,337.5,-0.2536,-0.3172,9.4082,9.417,P024_Weight_Stack_Seated_Leg_Extension_Releasing_Too_Fast_2_01.csv
24,4,2,5,2,24.516,24516,-0.55,0.11,10.39,10.4051,0.0098,-0.0349,0.0262,1.5,-1.38,337.44,-0.2927,-0.2609,9.5376,9.5457,P024_Weight_Stack_Seated_Leg_Extension_Releasing_Too_Fast_2_01.csv
24,4,2,5,2,24.647,24647,-0.11,-0.01,10.8,10.8006,-0.0044,0.0033,-0.0098,1.5,-1.38,337.38,-0.2686,-0.2279,9.704,9.7104,P024_Weight_Stack_Seated_Leg_Extension_Releasing_Too_Fast_2_01.csv
24,4,2,5,2,24.777,24777,-0.23,-0.41,10.27,10.2808,-0.0044,0.0011,-0.0011,1.5,-1.38,337.38,-0.2635,-0.2519,9.7786,9.7853,P024_Weight_Stack_Seated_Leg_Extension_Releasing_Too_Fast_2_01.csv
24,4,2,5,2,24.908,24908,-0.22,-0.4,10.04,10.0504,0.0033,-0.0022,0.0022,1.5,-1.38,337.38,-0.2578,-0.2714,9.813,9.8201,P024_Weight_Stack_Seated_Leg_Extension_Releasing_Too_Fast_2_01.csv
24,4,2,5,2,25.08,25080,-0.24,-0.41,10.01,10.0213,-0.0011,0.0044,-0.0011,1.5,-1.38,337.38,-0.2554,-0.2896,9.839,9.8465,P024_Weight_Stack_Seated_Leg_Extension_Releasing_Too_Fast_2_01.csv
24,4,2,5,2,25.21,25210,-0.17,-0.31,10.15,10.1562,0.0033,-0.0011,0.0011,1.5,-1.38,337.38,-0.2442,-0.2923,9.88,9.8873,P024_Weight_Stack_Seated_Leg_Extension_Releasing_Too_Fast_2_01.csv
24,4,2,5,2,25.34,25340,-0.21,-0.28,10.33,10.3359,-0.0011,-0.0011,0.0022,1.5,-1.38,337.38,-0.2397,-0.2907,9.9393,9.9464,P024_Weight_Stack_Seated_Leg_Extension_Releasing_Too_Fast_2_01.csv
24,4,2,5,2,25.47,25470,-0.23,-0.25,10.11,10.1157,0.0011,-0.0076,-0.0011,1.5,-1.38,337.38,-0.2384,-0.2853,9.9618,9.9687,P024_Weight_Stack_Seated_Leg_Extension_Releasing_Too_Fast_2_01.csv
24,4,2,5,2,25.6,25600,-0.21,-0.25,10.12,10.1253,0.0033,-0.0033,-0.0065,1.5,-1.38,337.38,-0.2347,-0.2807,9.9826,9.9893,P024_Weight_Stack_Seated_Leg_Extension_Releasing_Too_Fast_2_01.csv
24,4,2,5,2,25.73,25730,-0.22,-0.35,10.04,10.0485,0.0044,-0.0055,0.0,1.5,-1.44,337.38,-0.2327,-0.2898,9.9902,9.9971,P024_Weight_Stack_Seated_Leg_Extension_Releasing_Too_Fast_2_01.csv
24,5,2,5,2,25.86,25860,-0.27,-0.31,9.9,9.9085,0.0076,-0.0087,0.0055,1.5,-1.44,337.38,-0.2376,-0.2925,9.9783,9.9854,P024_Weight_Stack_Seated_Leg_Extension_Releasing_Too_Fast_2_01.csv
24,5,2,5,2,25.991,25991,-0.41,-0.76,9.63,9.6686,0.0207,-0.0262,0.0065,1.5,-1.44,337.38,-0.2604,-0.3541,9.9324,9.9421,P024_Weight_Stack_Seated_Leg_Extension_Releasing_Too_Fast_2_01.csv
24,5,2,5,2,26.164,26164,-0.29,-0.18,9.75,9.756,0.0055,-0.0142,0.0065,1.56,-1.44,337.38,-0.2643,-0.3311,9.9084,9.9174,P024_Weight_Stack_Seated_Leg_Extension_Releasing_Too_Fast_2_01.csv
24,5,2,5,2,26.294,26294,-0.25,-0.33,9.77,9.7788,0.0022,-0.0044,-0.0044,1.63,-1.44,337.38,-0.2624,-0.331,9.8901,9.8991,P024_Weight_Stack_Seated_Leg_Extension_Releasing_Too_Fast_2_01.csv
24,5,2,5,2,26.425,26425,-0.26,-0.33,9.72,9.7291,0.0022,-0.0022,-0.0022,1.63,-1.44,337.38,-0.2621,-0.3309,9.8677,9.8767,P024_Weight_Stack_Seated_Leg_Extension_Releasing_Too_Fast_2_01.csv
24,5,2,5,2,26.559,26559,-0.2,-0.33,9.57,9.5778,0.0011,-0.0011,-0.0011,1.63,-1.44,337.38,-0.2539,-0.3307,9.8285,9.8373,P024_Weight_Stack_Seated_Leg_Extension_Releasing_Too_Fast_2_01.csv
24,5,2,5,2,26.692,26692,-0.21,-0.33,9.29,9.2982,-0.0022,0.0044,0.0044,1.63,-1.44,337.38,-0.2481,-0.3307,9.7575,9.7663,P024_Weight_Stack_Seated_Leg_Extension_Releasing_Too_Fast_2_01.csv
24,5,2,5,2,26.823,26823,-0.18,-0.34,9.33,9.3379,-0.0087,-0.0065,-0.0033,1.63,-1.44,337.38,-0.2391,-0.3319,9.7012,9.7098,P024_Weight_Stack_Seated_Leg_Extension_Releasing_Too_Fast_2_01.csv
24,5,2,5,2,26.954,26954,-0.22,-0.37,9.29,9.3,-0.0044,-0.0087,-0.0044,1.63,-1.44,337.38,-0.2366,-0.3369,9.647,9.6558,P024_Weight_Stack_Seated_Leg_Extension_Releasing_Too_Fast_2_01.csv
24,5,2,5,2,27.084,27084,-0.06,-0.29,8.38,8.3852,-0.0207,0.0153,-0.0076,1.63,-1.44,337.38,-0.2133,-0.3307,9.48,9.4882,P024_Weight_Stack_Seated_Leg_Extension_Releasing_Too_Fast_2_01.csv
24,5,2,5,2,27.259,27259,0.04,-0.2,10.12,10.1221,-0.0087,0.0011,-0.0109,1.56,-1.31,337.31,-0.18,-0.3135,9.5644,9.5712,P024_Weight_Stack_Seated_Leg_Extension_Releasing_Too_Fast_2_01.csv
24,5,2,5,2,27.394,27394,-0.6,-0.27,11.4,11.419,-0.0131,-0.0098,0.0011,1.56,-1.31,337.31,-0.2353,-0.3078,9.8063,9.8139,P024_Weight_Stack_Seated_Leg_Extension_Releasing_Too_Fast_2_01.csv
24,5,2,5,2,27.525,27525,-0.45,-0.15,10.22,10.231,0.0,-0.0098,0.0022,1.56,-1.31,337.31,-0.2636,-0.287,9.8608,9.8685,P024_Weight_Stack_Seated_Leg_Extension_Releasing_Too_Fast_2_01.csv
24,5,2,5,2,27.655,27655,-0.27,-0.14,9.13,9.1351,0.0,-0.0087,-0.0033,1.56,-1.31,337.31,-0.2644,-0.2676,9.7645,9.7717,P024_Weight_Stack_Seated_Leg_Extension_Releasing_Too_Fast_2_01.csv
24,5,2,5,2,27.786,27786,-0.14,-0.28,9.86,9.865,-0.0022,-0.0033,-0.0033,1.56,-1.31,337.31,-0.248,-0.2692,9.7771,9.7839,P024_Weight_Stack_Seated_Leg_Extension_Releasing_Too_Fast_2_01.csv
24,5,2,5,2,27.916,27916,0.18,-0.77,9.42,9.4531,-0.0098,0.0109,0.0,1.56,-1.31,337.31,-0.1916,-0.3352,9.73,9.7377,P024_Weight_Stack_Seated_Leg_Extension_Releasing_Too_Fast_2_01.csv
24,5,2,5,2,28.046,28046,-0.26,-0.52,10.36,10.3763,-0.0011,-0.0044,0.0044,1.56,-1.38,337.31,-0.2006,-0.3596,9.813,9.8217,P024_Weight_Stack_Seated_Leg_Extension_Releasing_Too_Fast_2_01.csv
24,5,2,5,2,28.177,28177,-0.17,-0.31,10.18,10.1861,0.0098,-0.0164,0.0076,1.63,-1.38,337.31,-0.1966,-0.353,9.8614,9.8697,P024_Weight_Stack_Seated_Leg_Extension_Releasing_Too_Fast_2_01.csv
24,5,2,5,2,28.35,28350,-0.07,-0.31,9.68,9.6852,0.0033,-0.0011,-0.0011,1.63,-1.38,337.31,-0.1799,-0.3474,9.8375,9.8453,P024_Weight_Stack_Seated_Leg_Extension_Releasing_Too_Fast_2_01.csv
24,5,2,5,2,28.486,28486,-0.3,-0.29,9.49,9.4992,0.0044,-0.0065,0.0044,1.63,-1.38,337.31,-0.1957,-0.3398,9.7917,9.7995,P024_Weight_Stack_Seated_Leg_Extension_Releasing_Too_Fast_2_01.csv
24,5,2,5,2,28.618,28618,-0.21,-0.25,9.9,9.9054,-0.0011,-0.0044,0.0011,1.63,-1.38,337.31,-0.1976,-0.328,9.806,9.8134,P024_Weight_Stack_Seated_Leg_Extension_Releasing_Too_Fast_2_01.csv
24,5,2,5,2,28.748,28748,-0.24,-0.34,9.96,9.9687,0.0044,-0.0065,-0.0022,1.63,-1.44,337.31,-0.2032,-0.3296,9.8263,9.8339,P024_Weight_Stack_Seated_Leg_Extension_Releasing_Too_Fast_2_01.csv
24,5,2,5,2,28.879,28879,-0.2,-0.35,9.98,9.9881,0.0011,-0.0044,-0.0044,1.63,-1.44,337.31,-0.2028,-0.3323,9.8465,9.8542,P024_Weight_Stack_Seated_Leg_Extension_Releasing_Too_Fast_2_01.csv
24,5,2,5,2,29.009,29009,-0.3,-0.44,9.73,9.7446,0.0055,-0.0076,0.0055,1.69,-1.44,337.31,-0.2156,-0.3465,9.8312,9.8396,P024_Weight_Stack_Seated_Leg_Extension_Releasing_Too_Fast_2_01.csv
24,5,2,5,2,29.139,29139,-0.31,-0.32,9.77,9.7802,0.0022,0.0011,0.0011,1.69,-1.5,337.31,-0.228,-0.343,9.8231,9.8317,P024_Weight_Stack_Seated_Leg_Extension_Releasing_Too_Fast_2_01.csv
24,5,2,5,2,29.27,29270,-0.2,-0.29,9.92,9.9263,0.0011,-0.0011,0.0033,1.69,-1.5,337.31,-0.2243,-0.336,9.8359,9.8442,P024_Weight_Stack_Seated_Leg_Extension_Releasing_Too_Fast_2_01.csv
24,5,2,5,2,29.445,29445,-0.27,-0.35,9.31,9.3205,0.0055,0.0065,-0.0033,1.69,-1.5,337.31,-0.2304,-0.3378,9.7666,9.7751,P024_Weight_Stack_Seated_Leg_Extension_Releasing_Too_Fast_2_01.csv
24,5,2,5,2,29.575,29575,-0.2,-0.33,9.22,9.2281,-0.0033,-0.0055,-0.0011,1.63,-1.5,337.31,-0.2264,-0.3368,9.6946,9.703,P024_Weight_Stack_Seated_Leg_Extension_Releasing_Too_Fast_2_01.csv
24,5,2,5,2,29.71,29710,-0.21,-0.32,9.37,9.3778,-0.0022,-0.0087,0.0087,1.69,-1.5,337.31,-0.2242,-0.3346,9.6518,9.6602,P024_Weight_Stack_Seated_Leg_Extension_Releasing_Too_Fast_2_01.csv
24,5,2,5,2,29.841,29841,-0.25,-0.32,8.42,8.4298,-0.0087,0.0087,0.0044,1.69,-1.5,337.31,-0.2276,-0.3327,9.4895,9.498,P024_Weight_Stack_Seated_Leg_Extension_Releasing_Too_Fast_2_01.csv
24,5,2,5,2,29.972,29972,0.15,-0.85,9.63,9.6686,-0.0273,0.036,-0.0415,1.63,-1.5,337.25,-0.1778,-0.4008,9.508,9.5181,P024_Weight_Stack_Seated_Leg_Extension_Releasing_Too_Fast_2_01.csv
24,5,2,5,2,30.102,30102,0.04,-0.06,11.32,11.3202,-0.0164,0.0065,-0.0044,1.69,-1.44,337.19,-0.1491,-0.3559,9.7468,9.7544,P024_Weight_Stack_Seated_Leg_Extension_Releasing_Too_Fast_2_01.csv
24,5,2,5,2,30.232,30232,-0.25,-0.21,11.24,11.2447,-0.0076,-0.0131,-0.0055,1.69,-1.44,337.19,-0.1624,-0.3367,9.9435,9.9506,P024_Weight_Stack_Seated_Leg_Extension_Releasing_Too_Fast_2_01.csv
24,5,2,5,2,30.363,30363,-0.4,-0.34,10.43,10.4432,0.0,-0.0098,-0.0065,1.69,-1.44,337.19,-0.1937,-0.3371,10.0076,10.0152,P024_Weight_Stack_Seated_Leg_Extension_Releasing_Too_Fast_2_01.csv
24,6,2,5,2,30.538,30538,-0.35,-0.26,9.02,9.0305,-0.0033,-0.0011,0.0044,1.69,-1.44,337.19,-0.2143,-0.327,9.8775,9.8852,P024_Weight_Stack_Seated_Leg_Extension_Releasing_Too_Fast_2_01.csv
24,6,2,5,2,30.673,30673,-0.26,-0.31,10.0,10.0082,-0.0011,0.0022,-0.0055,1.69,-1.44,337.19,-0.2203,-0.3247,9.8936,9.9014,P024_Weight_Stack_Seated_Leg_Extension_Releasing_Too_Fast_2_01.csv
24,6,2,5,2,30.804,30804,-0.21,-0.32,10.66,10.6669,0.0011,-0.0065,0.0,1.69,-1.44,337.19,-0.219,-0.3241,9.9946,10.0023,P024_Weight_Stack_Seated_Leg_Extension_Releasing_Too_Fast_2_01.csv
24,6,2,5,2,30.934,30934,-0.23,-0.33,10.22,10.2279,0.0011,-0.0065,0.0033,1.69,-1.44,337.19,-0.2204,-0.3249,10.0243,10.032,P024_Weight_Stack_Seated_Leg_Extension_Releasing_Too_Fast_2_01.csv
24,6,2,5,2,31.065,31065,-0.31,-0.41,10.16,10.173,0.0098,0.0087,0.0044,1.69,-1.44,337.19,-0.2322,-0.3361,10.0422,10.0505,P024_Weight_Stack_Seated_Leg_Extension_Releasing_Too_Fast_2_01.csv
24,6,2,5,2,31.195,31195,-0.43,-0.48,9.97,9.9908,0.0109,-0.0196,0.0098,1.75,-1.44,337.19,-0.2583,-0.3551,10.0327,10.0423,P024_Weight_Stack_Seated_Leg_Extension_Releasing_Too_Fast_2_01.csv
24,6,2,5,2,31.326,31326,-0.45,-0.32,9.91,9.9254,0.0251,-0.036,0.0098,1.75,-1.44,337.19,-0.2836,-0.3504,10.0165,10.0267,P024_Weight_Stack_Seated_Leg_Extension_Releasing_Too_Fast_2_01.csv
24,6,2,5,2,31.456,31456,-0.38,-0.2,9.46,9.4697,0.0055,-0.012,-0.0011,1.81,-1.44,337.19,-0.2963,-0.3306,9.9432,9.9531,P024_Weight_Stack_Seated_Leg_Extension_Releasing_Too_Fast_2_01.csv
24,6,2,5,2,31.629,31629,-0.2,-0.34,9.39,9.3983,-0.0011,-0.0022,-0.0022,1.88,-1.44,337.19,-0.2836,-0.3319,9.8703,9.8799,P024_Weight_Stack_Seated_Leg_Extension_Releasing_Too_Fast_2_01.csv
24,6,2,5,2,31.759,31759,-0.25,-0.39,9.9,9.9108,0.0,-0.0076,0.0011,1.88,-1.44,337.19,-0.2792,-0.3395,9.8742,9.884,P024_Weight_Stack_Seated_Leg_Extension_Releasing_Too_Fast_2_01.csv
24,6,2,5,2,31.895,31895,-0.25,-0.33,9.48,9.489,0.0022,-0.0044,0.0011,1.88,-1.44,337.19,-0.2753,-0.3383,9.8223,9.8319,P024_Weight_Stack_Seated_Leg_Extension_Releasing_Too_Fast_2_01.csv
24,6,2,5,2,32.027,32027,-0.27,-0.25,9.62,9.627,-0.0011,-0.0011,-0.0022,1.88,-1.44,337.19,-0.2746,-0.3266,9.7956,9.8049,P024_Weight_Stack_Seated_Leg_Extension_Releasing_Too_Fast_2_01.csv
24,6,2,5,2,32.157,32157,-0.21,-0.25,9.68,9.6855,-0.0065,-0.0055,0.0022,1.81,-1.5,337.19,-0.2661,-0.3165,9.7804,9.7891,P024_Weight_Stack_Seated_Leg_Extension_Releasing_Too_Fast_2_01.csv
24,6,2,5,2,32.288,32288,-0.36,-0.34,9.86,9.8724,-0.0055,-0.0065,-0.0065,1.81,-1.5,337.19,-0.2785,-0.3196,9.7909,9.8,P024_Weight_Stack_Seated_Leg_Extension_Releasing_Too_Fast_2_01.csv
24,6,2,5,2,32.418,32418,-0.33,-0.43,9.61,9.6253,0.0011,-0.0076,0.0022,1.81,-1.5,337.19,-0.2853,-0.3342,9.767,9.7769,P024_Weight_Stack_Seated_Leg_Extension_Releasing_Too_Fast_2_01.csv
24,6,2,5,2,32.549,32549,-0.21,-0.27,8.95,8.9565,-0.0044,0.0022,-0.0055,1.81,-1.5,337.19,-0.2753,-0.3257,9.6594,9.6688,P024_Weight_Stack_Seated_Leg_Extension_Releasing_Too_Fast_2_01.csv
24,6,2,5,2,32.721,32721,0.17,-0.52,8.63,8.6473,0.0022,0.0055,-0.0295,1.75,-1.56,337.13,-0.2167,-0.3513,9.5237,9.5327,P024_Weight_Stack_Seated_Leg_Extension_Releasing_Too_Fast_2_01.csv
24,6,2,5,2,32.852,32852,-0.5,-0.09,10.87,10.8819,-0.0175,-0.0022,0.0022,1.75,-1.44,337.13,-0.254,-0.3169,9.7011,9.7096,P024_Weight_Stack_Seated_Leg_Extension_Releasing_Too_Fast_2_01.csv
24,6,2,5,2,32.983,32983,-0.31,-0.08,11.55,11.5544,-0.0087,-0.0065,-0.0087,1.75,-1.44,337.06,-0.2614,-0.2857,9.9448,9.9523,P024_Weight_Stack_Seated_Leg_Extension_Releasing_Too_Fast_2_01.csv
24,6,2,5,2,33.113,33113,-0.14,-0.16,10.33,10.3322,-0.0087,0.0022,-0.0153,1.75,-1.44,337.06,-0.2454,-0.2691,9.9955,10.0022,P024_Weight_Stack_Seated_Leg_Extension_Releasing_Too_Fast_2_01.csv
24,7,2,5,2,33.249,33249,-0.16,-0.41,9.63,9.6401,-0.0033,-0.0033,-0.0055,1.75,-1.44,337.06,-0.2341,-0.2877,9.9474,9.9543,P024_Weight_Stack_Seated_Leg_Extension_Releasing_Too_Fast_2_01.csv
24,7,2,5,2,33.381,33381,-0.37,-0.31,9.49,9.5023,0.0044,-0.0044,0.0022,1.75,-1.44,337.06,-0.252,-0.2906,9.8871,9.8946,P024_Weight_Stack_Seated_Leg_Extension_Releasing_Too_Fast_2_01.csv
24,7,2,5,2,33.511,33511,-0.21,-0.25,9.96,9.9654,-0.0011,0.0,-0.0022,1.75,-1.44,337.06,-0.2465,-0.2853,9.8967,9.9039,P024_Weight_Stack_Seated_Leg_Extension_Releasing_Too_Fast_2_01.csv
24,7,2,5,2,33.642,33642,-0.19,-0.24,9.98,9.9847,-0.0011,-0.0076,0.0011,1.75,-1.44,337.06,-0.2391,-0.2793,9.9077,9.9145,P024_Weight_Stack_Seated_Leg_Extension_Releasing_Too_Fast_2_01.csv
24,7,2,5,2,33.815,33815,0.04,-0.27,9.99,9.9937,0.0109,-0.0109,-0.0022,1.75,-1.5,337.06,-0.2023,-0.2781,9.9185,9.9245,P024_Weight_Stack_Seated_Leg_Extension_Releasing_Too_Fast_2_01.csv
24,7,2,5,2,33.946,33946,-0.19,-0.31,9.83,9.8367,0.0,0.0,0.0044,1.75,-1.5,337.06,-0.2007,-0.2823,9.9069,9.9129,P024_Weight_Stack_Seated_Leg_Extension_Releasing_Too_Fast_2_01.csv
24,7,2,5,2,34.081,34081,-0.23,-0.32,9.63,9.6381,0.0044,-0.0098,0.0022,1.75,-1.5,337.06,-0.2045,-0.2873,9.8704,9.8767,P024_Weight_Stack_Seated_Leg_Extension_Releasing_Too_Fast_2_01.csv
24,7,2,5,2,34.213,34213,-0.21,-0.24,9.71,9.7152,0.0044,-0.0044,0.0055,1.75,-1.5,337.06,-0.2052,-0.281,9.8492,9.8554,P024_Weight_Stack_Seated_Leg_Extension_Releasing_Too_Fast_2_01.csv
24,7,2,5,2,34.343,34343,-0.11,-0.44,9.78,9.7905,0.012,-0.0229,0.0055,1.75,-1.56,337.06,-0.1927,-0.302,9.8401,9.8466,P024_Weight_Stack_Seated_Leg_Extension_Releasing_Too_Fast_2_01.csv
24,7,2,5,2,34.489,34489,-0.28,-0.32,9.84,9.8492,0.0076,-0.0076,-0.0033,1.75,-1.56,337.06,-0.2042,-0.3043,9.8401,9.8469,P024_Weight_Stack_Seated_Leg_Extension_Releasing_Too_Fast_2_01.csv
24,7,2,5,2,34.623,34623,-0.16,-0.25,9.54,9.5446,-0.0022,-0.0109,0.0044,1.75,-1.56,337.06,-0.1984,-0.2972,9.8006,9.8071,P024_Weight_Stack_Seated_Leg_Extension_Releasing_Too_Fast_2_01.csv
24,7,2,5,2,34.755,34755,-0.21,-0.36,9.71,9.7189,0.0011,-0.0065,-0.0022,1.75,-1.56,337.06,-0.1999,-0.3055,9.7886,9.7954,P024_Weight_Stack_Seated_Leg_Extension_Releasing_Too_Fast_2_01.csv
24,7,2,5,2,34.927,34927,-0.14,-0.31,9.73,9.7359,0.0033,-0.0044,0.0022,1.75,-1.56,337.06,-0.192,-0.3061,9.7809,9.7876,P024_Weight_Stack_Seated_Leg_Extension_Releasing_Too_Fast_2_01.csv
24,7,2,5,2,35.057,35057,-0.39,-0.29,9.22,9.2328,0.0,-0.0087,-0.0076,1.69,-1.63,337.06,-0.2181,-0.3039,9.707,9.7142,P024_Weight_Stack_Seated_Leg_Extension_Releasing_Too_Fast_2_01.csv
24,7,2,5,2,35.187,35187,-0.66,-0.39,9.22,9.2518,-0.0044,0.0,0.0076,1.69,-1.63,337.06,-0.2763,-0.3153,9.6428,9.6519,P024_Weight_Stack_Seated_Leg_Extension_Releasing_Too_Fast_2_01.csv
24,7,2,5,2,35.317,35317,-0.39,-0.5,9.21,9.2318,-0.0055,0.0076,-0.0109,1.75,-1.63,337.06,-0.2913,-0.3396,9.5858,9.5962,P024_Weight_Stack_Seated_Leg_Extension_Releasing_Too_Fast_2_01.csv
24,7,2,5,2,35.447,35447,-0.17,-0.3,8.52,8.527,-0.0055,0.0044,0.0044,1.75,-1.56,337.06,-0.2753,-0.3344,9.4453,9.4553,P024_Weight_Stack_Seated_Leg_Extension_Releasing_Too_Fast_2_01.csv
24,7,2,5,2,35.577,35577,-0.23,-0.28,9.59,9.5968,-0.0076,-0.0022,-0.0076,1.69,-1.56,337.06,-0.2694,-0.3272,9.4644,9.4739,P024_Weight_Stack_Seated_Leg_Extension_Releasing_Too_Fast_2_01.csv
24,7,2,5,2,35.707,35707,0.24,-0.29,10.21,10.2169,-0.0251,0.0316,0.0065,1.69,-1.56,337.06,-0.2022,-0.3223,9.5627,9.5702,P024_Weight_Stack_Seated_Leg_Extension_Releasing_Too_Fast_2_01.csv
24,7,2,5,2,35.838,35838,0.05,-0.38,10.94,10.9467,-0.0044,0.0087,-0.0131,1.69,-1.5,337.0,-0.169,-0.3299,9.7442,9.7512,P024_Weight_Stack_Seated_Leg_Extension_Releasing_Too_Fast_2_01.csv
24,7,2,5,2,36.011,36011,-0.34,-0.23,10.44,10.4481,0.0,-0.0044,-0.0044,1.69,-1.5,337.0,-0.1915,-0.3168,9.8358,9.8428,P024_Weight_Stack_Seated_Leg_Extension_Releasing_Too_Fast_2_01.csv
24,7,2,5,2,36.142,36142,-0.25,-0.28,9.93,9.9371,-0.0055,-0.0022,0.0,1.69,-1.5,337.0,-0.1992,-0.3119,9.8483,9.8552,P024_Weight_Stack_Seated_Leg_Extension_Releasing_Too_Fast_2_01.csv
24,7,2,5,2,36.272,36272,-0.32,-0.29,9.74,9.7496,-0.0022,-0.0022,-0.0011,1.69,-1.5,337.0,-0.2151,-0.309,9.834,9.8412,P024_Weight_Stack_Seated_Leg_Extension_Releasing_Too_Fast_2_01.csv
24,7,2,5,2,36.408,36408,-0.24,-0.31,9.98,9.9877,-0.0033,-0.0011,0.0,1.69,-1.5,337.0,-0.2184,-0.3092,9.8532,9.8605,P024_Weight_Stack_Seated_Leg_Extension_Releasing_Too_Fast_2_01.csv
24,7,2,5,2,36.54,36540,-0.23,-0.32,10.24,10.2476,0.0,-0.0033,-0.0033,1.63,-1.56,337.0,-0.2199,-0.3106,9.9042,9.9115,P024_Weight_Stack_Seated_Leg_Extension_Releasing_Too_Fast_2_01.csv
24,7,2,5,2,36.67,36670,-0.2,-0.32,10.09,10.0971,0.0033,-0.0098,-0.0011,1.69,-1.56,337.0,-0.2173,-0.3118,9.9287,9.936,P024_Weight_Stack_Seated_Leg_Extension_Releasing_Too_Fast_2_01.csv
24,7,2,5,2,36.8,36800,-0.23,-0.28,9.79,9.7967,0.0011,-0.0011,0.0055,1.63,-1.56,337.0,-0.219,-0.3076,9.9104,9.9176,P024_Weight_Stack_Seated_Leg_Extension_Releasing_Too_Fast_2_01.csv
24,7,2,5,2,36.931,36931,-0.12,-0.04,9.59,9.5908,0.0044,0.0065,0.0022,1.63,-1.56,337.0,-0.2059,-0.2724,9.8682,9.8741,P024_Weight_Stack_Seated_Leg_Extension_Releasing_Too_Fast_2_01.csv
24,7,2,5,2,37.104,37104,-0.09,0.27,9.57,9.5742,-0.0087,0.0207,-0.0022,1.63,-1.56,337.0,-0.1907,-0.2009,9.8289,9.8328,P024_Weight_Stack_Seated_Leg_Extension_Releasing_Too_Fast_2_01.csv
24,7,2,5,2,37.236,37236,-0.15,-0.35,9.44,9.4477,0.0033,-0.0055,0.0033,1.69,-1.56,337.0,-0.1853,-0.2205,9.7776,9.7819,P024_Weight_Stack_Seated_Leg_Extension_Releasing_Too_Fast_2_01.csv
24,7,2,5,2,37.371,37371,-0.12,-0.22,9.36,9.3634,0.0065,-0.0076,0.0011,1.69,-1.56,337.0,-0.1767,-0.2205,9.7226,9.7267,P024_Weight_Stack_Seated_Leg_Extension_Releasing_Too_Fast_2_01.csv
24,7,2,5,2,37.502,37502,-0.21,-0.27,9.29,9.2963,0.0022,-0.0055,0.0055,1.69,-1.56,337.0,-0.1811,-0.227,9.6656,9.67,P024_Weight_Stack_Seated_Leg_Extension_Releasing_Too_Fast_2_01.csv
24,7,2,5,2,37.632,37632,-0.33,-0.31,9.45,9.4608,0.0011,-0.0065,-0.0011,1.69,-1.56,337.0,-0.2007,-0.2379,9.6372,9.6422,P024_Weight_Stack_Seated_Leg_Extension_Releasing_Too_Fast_2_01.csv
24,7,2,5,2,37.763,37763,-0.3,-0.29,9.57,9.5791,-0.0022,0.0,0.0011,1.69,-1.56,337.0,-0.2138,-0.2448,9.6283,9.6338,P024_Weight_Stack_Seated_Leg_Extension_Releasing_Too_Fast_2_01.csv
24,7,2,5,2,37.893,37893,-0.08,-0.44,9.34,9.3507,-0.0055,0.0044,0.0087,1.69,-1.63,337.0,-0.1962,-0.2705,9.5903,9.5962,P024_Weight_Stack_Seated_Leg_Extension_Releasing_Too_Fast_2_01.csv
24,7,2,5,2,38.024,38024,-0.05,-0.15,8.72,8.7214,-0.0098,0.0033,-0.0055,1.69,-1.63,337.0,-0.1769,-0.2546,9.4757,9.4807,P024_Weight_Stack_Seated_Leg_Extension_Releasing_Too_Fast_2_01.csv
24,7,2,5,2,38.197,38197,-0.18,-0.43,9.09,9.1019,-0.0109,0.0055,-0.0065,1.69,-1.63,337.0,-0.1773,-0.2777,9.4248,9.4306,P024_Weight_Stack_Seated_Leg_Extension_Releasing_Too_Fast_2_01.csv
24,7,2,5,2,38.327,38327,-0.46,-0.99,9.67,9.7314,0.0033,-0.0087,0.0011,1.69,-1.56,337.0,-0.2146,-0.3716,9.4571,9.4669,P024_Weight_Stack_Seated_Leg_Extension_Releasing_Too_Fast_2_01.csv
24,7,2,5,2,38.46,38460,-0.25,-0.06,10.37,10.3732,-0.0087,-0.0109,0.0153,1.69,-1.5,337.0,-0.2192,-0.3305,9.5774,9.5856,P024_Weight_Stack_Seated_Leg_Extension_Releasing_Too_Fast_2_01.csv
24,7,2,5,2,38.595,38595,-0.12,-0.31,9.89,9.8956,0.0,0.0011,-0.0065,1.69,-1.5,336.94,-0.2062,-0.3278,9.6186,9.6264,P024_Weight_Stack_Seated_Leg_Extension_Releasing_Too_Fast_2_01.csv
24,7,2,5,2,38.725,38725,-0.45,-1.18,10.28,10.3573,-0.0011,0.0185,-0.0065,1.69,-1.5,336.94,-0.2383,-0.4401,9.7058,9.7187,P024_Weight_Stack_Seated_Leg_Extension_Releasing_Too_Fast_2_01.csv
24,7,2,5,2,38.856,38856,-0.22,-0.24,9.8,9.8054,0.0033,0.0,0.0044,1.69,-1.5,337.0,-0.2359,-0.4138,9.7182,9.7299,P024_Weight_Stack_Seated_Leg_Extension_Releasing_Too_Fast_2_01.csv
24,7,2,5,2,38.986,38986,0.4,-0.81,12.06,12.0938,-0.0076,0.0164,-0.0087,1.69,-1.5,336.94,-0.1521,-0.466,10.0268,10.0388,P024_Weight_Stack_Seated_Leg_Extension_Releasing_Too_Fast_2_01.csv
24,7,2,5,2,39.117,39117,-0.07,-0.31,9.73,9.7352,0.0,-0.0065,-0.0011,1.69,-1.5,336.94,-0.1413,-0.4454,9.9877,9.9986,P024_Weight_Stack_Seated_Leg_Extension_Releasing_Too_Fast_2_01.csv
24,7,2,5,2,39.289,39289,-0.36,-0.23,9.76,9.7693,-0.0011,0.0,-0.0022,1.69,-1.5,336.94,-0.1701,-0.417,9.9577,9.9679,P024_Weight_Stack_Seated_Leg_Extension_Releasing_Too_Fast_2_01.csv
