participant,rep,equipment_code,exercise_code,target,timestamp,timestamp_ms,accelX,accelY,accelZ,accelMag,gyroX,gyroY,gyroZ,roll,pitch,yaw,filteredX,filteredY,filteredZ,filteredMag,source_file
1,1,2,5,1,0.0,0,-0.22,0.31,9.69,9.6975,-0.0022,0.0044,-0.0011,1.25,1.94,336.0,-0.228,0.308,9.6845,9.692,P001_Weight_Stack_Seated_Leg_Extension_Pulling_Too_Fast_1_01.csv
1,1,2,5,1,0.107,107,-0.2,0.28,9.72,9.7261,-0.0022,0.0022,-0.0022,1.25,1.94,336.0,-0.2243,0.3043,9.6891,9.6965,P001_Weight_Stack_Seated_Leg_Extension_Pulling_Too_Fast_1_01.csv
1,1,2,5,1,0.217,217,-0.2,0.32,9.66,9.6674,-0.0011,-0.0011,0.0,1.25,1.94,336.0,-0.2211,0.3064,9.6853,9.6927,P001_Weight_Stack_Seated_Leg_Extension_Pulling_Too_Fast_1_01.csv
1,1,2,5,1,0.319,319,-0.2,0.3,9.72,9.7267,-0.0109,-0.0087,0.0044,1.25,1.94,336.0,-0.2183,0.3056,9.6899,9.6972,P001_Weight_Stack_Seated_Leg_Extension_Pulling_Too_Fast_1_01.csv
1,1,2,5,1,0.421,421,-0.31,0.29,9.91,9.9191,-0.0033,0.0011,0.0,1.25,1.94,336.0,-0.2304,0.3035,9.7189,9.7264,P001_Weight_Stack_Seated_Leg_Extension_Pulling_Too_Fast_1_01.csv
1,1,2,5,1,0.529,529,-0.32,0.24,11.13,11.1372,-0.0044,-0.0022,0.0055,1.19,1.94,336.0,-0.2422,0.2951,9.9048,9.9122,P001_Weight_Stack_Seated_Leg_Extension_Pulling_Too_Fast_1_01.csv
1,1,2,5,1,0.631,631,-0.49,0.29,11.93,11.9436,0.0055,0.0033,0.0022,1.19,1.94,336.0,-0.2749,0.2945,10.1717,10.1797,P001_Weight_Stack_Seated_Leg_Extension_Pulling_Too_Fast_1_01.csv
1,1,2,5,1,0.746,746,-0.31,0.41,10.1,10.1131,0.0033,0.0229,0.0065,1.19,1.88,336.0,-0.2795,0.3097,10.1623,10.1708,P001_Weight_Stack_Seated_Leg_Extension_Pulling_Too_Fast_1_01.csv
1,1,2,5,1,0.85,850,-0.65,0.41,8.48,8.5148,0.0098,-0.0098,0.0044,1.25,1.88,336.06,-0.3283,0.3229,9.9406,9.9512,P001_Weight_Stack_Seated_Leg_Extension_Pulling_Too_Fast_1_01.csv
1,1,2,5,1,0.952,952,-0.52,0.08,7.24,7.2591,-0.0196,0.0109,0.0033,1.25,1.81,336.06,-0.3536,0.2909,9.5847,9.5956,P001_Weight_Stack_Seated_Leg_Extension_Pulling_Too_Fast_1_01.csv
1,1,2,5,1,1.057,1057,-0.65,0.05,8.38,8.4053,0.0196,-0.0196,0.0055,1.25,1.81,336.0,-0.3926,0.2592,9.426,9.4377,P001_Weight_Stack_Seated_Leg_Extension_Pulling_Too_Fast_1_01.csv
1,2,2,5,1,1.212,1212,-0.44,-0.13,10.45,10.4601,0.0033,-0.0404,0.0196,1.19,1.81,336.0,-0.3989,0.2079,9.5609,9.5715,P001_Weight_Stack_Seated_Leg_Extension_Pulling_Too_Fast_1_01.csv
1,2,2,5,1,1.314,1314,-0.23,0.22,10.27,10.2749,-0.0055,0.0022,-0.0033,1.19,1.88,336.0,-0.3766,0.2095,9.6543,9.664,P001_Weight_Stack_Seated_Leg_Extension_Pulling_Too_Fast_1_01.csv
1,2,2,5,1,1.422,1422,-0.13,0.36,9.96,9.9674,-0.0044,0.0022,-0.0142,1.19,1.88,336.0,-0.3441,0.2293,9.6946,9.7034,P001_Weight_Stack_Seated_Leg_Extension_Pulling_Too_Fast_1_01.csv
1,2,2,5,1,1.524,1524,-0.08,0.24,9.3,9.3034,0.0,0.0065,0.0022,1.19,1.88,336.0,-0.3093,0.2307,9.6426,9.6503,P001_Weight_Stack_Seated_Leg_Extension_Pulling_Too_Fast_1_01.csv
1,2,2,5,1,1.626,1626,-0.23,0.36,9.53,9.5396,-0.0022,-0.0011,0.0055,1.19,1.88,336.0,-0.2989,0.2478,9.6278,9.6356,P001_Weight_Stack_Seated_Leg_Extension_Pulling_Too_Fast_1_01.csv
1,2,2,5,1,1.743,1743,-0.28,0.36,9.71,9.7207,-0.0011,0.0011,0.0087,1.19,1.88,336.0,-0.2964,0.2625,9.6386,9.6467,P001_Weight_Stack_Seated_Leg_Extension_Pulling_Too_Fast_1_01.csv
1,2,2,5,1,1.846,1846,-0.32,0.26,9.7,9.7088,-0.0055,0.0065,-0.0065,1.19,1.88,336.0,-0.2995,0.2622,9.6467,9.6549,P001_Weight_Stack_Seated_Leg_Extension_Pulling_Too_Fast_1_01.csv
1,2,2,5,1,1.954,1954,-0.28,0.3,9.55,9.5588,-0.0055,0.0022,0.0055,1.19,1.88,336.0,-0.2969,0.2672,9.634,9.6422,P001_Weight_Stack_Seated_Leg_Extension_Pulling_Too_Fast_1_01.csv
1,2,2,5,1,2.056,2056,-0.28,0.24,9.93,9.9368,-0.0022,0.0,0.0033,1.19,1.88,336.0,-0.2947,0.2636,9.673,9.681,P001_Weight_Stack_Seated_Leg_Extension_Pulling_Too_Fast_1_01.csv
1,2,2,5,1,2.158,2158,-0.12,0.31,9.87,9.8756,-0.0033,0.0087,-0.0065,1.19,1.88,336.0,-0.2717,0.2697,9.6989,9.7065,P001_Weight_Stack_Seated_Leg_Extension_Pulling_Too_Fast_1_01.csv
1,2,2,5,1,2.265,2265,-0.14,0.35,9.43,9.4375,-0.0033,0.0229,-0.0131,1.13,1.88,336.0,-0.2543,0.2803,9.6635,9.6709,P001_Weight_Stack_Seated_Leg_Extension_Pulling_Too_Fast_1_01.csv
1,2,2,5,1,2.368,2368,-0.24,0.28,9.65,9.657,-0.0087,0.0033,0.0055,1.13,1.88,336.0,-0.2524,0.2803,9.6617,9.6691,P001_Weight_Stack_Seated_Leg_Extension_Pulling_Too_Fast_1_01.csv
1,2,2,5,1,2.476,2476,-0.23,0.26,9.73,9.7362,-0.0033,0.0022,0.0011,1.13,1.88,336.0,-0.2495,0.2776,9.6707,9.6779,P001_Weight_Stack_Seated_Leg_Extension_Pulling_Too_Fast_1_01.csv
1,2,2,5,1,2.578,2578,-0.12,0.3,9.67,9.6754,-0.0044,0.0065,-0.0044,1.13,1.88,336.0,-0.2324,0.2805,9.6706,9.6775,P001_Weight_Stack_Seated_Leg_Extension_Pulling_Too_Fast_1_01.csv
1,2,2,5,1,2.68,2680,-0.22,0.28,9.67,9.6766,-0.0033,0.0076,-0.0022,1.13,1.88,336.0,-0.2308,0.2805,9.6705,9.6774,P001_Weight_Stack_Seated_Leg_Extension_Pulling_Too_Fast_1_01.csv
1,2,2,5,1,2.797,2797,-0.16,0.3,9.57,9.576,-0.0055,0.0022,-0.0011,1.13,1.88,336.0,-0.2215,0.283,9.6573,9.664,P001_Weight_Stack_Seated_Leg_Extension_Pulling_Too_Fast_1_01.csv
1,2,2,5,1,2.9,2900,-0.31,0.3,9.72,9.7296,-0.0011,0.0044,0.0,1.13,1.88,336.0,-0.2331,0.2853,9.6656,9.6726,P001_Weight_Stack_Seated_Leg_Extension_Pulling_Too_Fast_1_01.csv
1,2,2,5,1,3.005,3005,-0.31,0.27,9.84,9.8486,-0.0044,0.0044,0.0,1.13,1.88,336.0,-0.2433,0.2833,9.6885,9.6957,P001_Weight_Stack_Seated_Leg_Extension_Pulling_Too_Fast_1_01.csv
1,2,2,5,1,3.109,3109,-0.33,0.3,9.71,9.7202,-0.0011,0.0011,0.0,1.13,1.88,336.0,-0.2547,0.2855,9.6914,9.6989,P001_Weight_Stack_Seated_Leg_Extension_Pulling_Too_Fast_1_01.csv
1,2,2,5,1,3.266,3266,-0.16,0.26,9.74,9.7448,0.0044,-0.0011,-0.0033,1.13,1.88,336.0,-0.2422,0.2821,9.6978,9.7049,P001_Weight_Stack_Seated_Leg_Extension_Pulling_Too_Fast_1_01.csv
1,2,2,5,1,3.37,3370,0.17,0.09,9.06,9.062,-0.0207,0.0229,0.0044,1.13,1.88,336.0,-0.1879,0.2568,9.6137,9.619,P001_Weight_Stack_Seated_Leg_Extension_Pulling_Too_Fast_1_01.csv
1,2,2,5,1,3.472,3472,-0.23,0.25,12.41,12.4146,0.0076,-0.0175,0.0098,1.13,1.94,336.06,-0.1934,0.2559,9.9822,9.9874,P001_Weight_Stack_Seated_Leg_Extension_Pulling_Too_Fast_1_01.csv
1,2,2,5,1,3.58,3580,-0.64,0.32,12.72,12.7401,0.0185,-0.0098,-0.0011,1.19,1.88,336.06,-0.2523,0.2643,10.343,10.3494,P001_Weight_Stack_Seated_Leg_Extension_Pulling_Too_Fast_1_01.csv
1,2,2,5,1,3.682,3682,-0.09,1.41,9.78,9.8815,0.0185,-0.0109,0.0044,1.19,1.75,336.06,-0.2309,0.4153,10.2688,10.2798,P001_Weight_Stack_Seated_Leg_Extension_Pulling_Too_Fast_1_01.csv
1,2,2,5,1,3.796,3796,-0.08,0.01,7.28,7.2804,0.0142,0.0458,-0.0164,1.25,1.69,336.13,-0.211,0.3619,9.8749,9.8838,P001_Weight_Stack_Seated_Leg_Extension_Pulling_Too_Fast_1_01.csv
1,2,2,5,1,3.901,3901,-0.03,0.42,6.86,6.8729,-0.0087,0.0065,-0.0065,1.31,1.63,336.19,-0.1872,0.3696,9.4777,9.4867,P001_Weight_Stack_Seated_Leg_Extension_Pulling_Too_Fast_1_01.csv
1,2,2,5,1,4.004,4004,-0.18,0.31,8.55,8.5575,0.0,0.0076,-0.0098,1.31,1.63,336.19,-0.1862,0.3617,9.3554,9.3643,P001_Weight_Stack_Seated_Leg_Extension_Pulling_Too_Fast_1_01.csv
1,3,2,5,1,4.107,4107,-0.51,-0.52,10.66,10.6849,0.0044,-0.048,0.0196,1.31,1.63,336.19,-0.2289,0.2455,9.5273,9.5332,P001_Weight_Stack_Seated_Leg_Extension_Pulling_Too_Fast_1_01.csv
1,3,2,5,1,4.212,4212,-0.49,0.42,10.57,10.5897,0.0087,-0.0131,0.012,1.31,1.63,336.19,-0.2633,0.2685,9.6647,9.672,P001_Weight_Stack_Seated_Leg_Extension_Pulling_Too_Fast_1_01.csv
1,3,2,5,1,4.322,4322,-0.26,0.42,9.61,9.6227,0.0087,-0.0033,0.0044,1.31,1.69,336.25,-0.2629,0.2885,9.6575,9.6654,P001_Weight_Stack_Seated_Leg_Extension_Pulling_Too_Fast_1_01.csv
1,3,2,5,1,4.424,4424,-0.18,0.29,9.54,9.5461,-0.0055,0.0065,0.0011,1.31,1.63,336.25,-0.2519,0.2887,9.642,9.6496,P001_Weight_Stack_Seated_Leg_Extension_Pulling_Too_Fast_1_01.csv
1,3,2,5,1,4.529,4529,-0.34,0.28,9.67,9.68,0.0055,-0.0022,0.0142,1.31,1.63,336.25,-0.2635,0.2875,9.6457,9.6536,P001_Weight_Stack_Seated_Leg_Extension_Pulling_Too_Fast_1_01.csv
1,3,2,5,1,4.634,4634,-0.03,-0.01,9.52,9.5201,-0.0011,0.0055,0.0033,1.31,1.63,336.25,-0.2328,0.2483,9.6291,9.6352,P001_Weight_Stack_Seated_Leg_Extension_Pulling_Too_Fast_1_01.csv
1,3,2,5,1,4.736,4736,-0.16,0.36,9.73,9.738,0.0033,-0.0033,-0.012,1.31,1.63,336.25,-0.2232,0.263,9.6424,9.6486,P001_Weight_Stack_Seated_Leg_Extension_Pulling_Too_Fast_1_01.csv
1,3,2,5,1,4.851,4851,-0.08,0.27,9.72,9.7241,0.0055,0.0022,0.0011,1.31,1.63,336.25,-0.2043,0.264,9.6527,9.6584,P001_Weight_Stack_Seated_Leg_Extension_Pulling_Too_Fast_1_01.csv
1,3,2,5,1,4.956,4956,-0.22,0.3,9.87,9.877,0.0,-0.0033,-0.0011,1.25,1.63,336.25,-0.2064,0.2687,9.6813,9.6872,P001_Weight_Stack_Seated_Leg_Extension_Pulling_Too_Fast_1_01.csv
1,3,2,5,1,5.058,5058,-0.22,0.28,9.66,9.6666,-0.0011,-0.0022,-0.0022,1.25,1.63,336.25,-0.2082,0.2702,9.6785,9.6845,P001_Weight_Stack_Seated_Leg_Extension_Pulling_Too_Fast_1_01.csv
1,3,2,5,1,5.161,5161,-0.2,0.35,9.74,9.7483,0.0,-0.0022,0.0,1.25,1.63,336.25,-0.2071,0.2807,9.6866,9.6929,P001_Weight_Stack_Seated_Leg_Extension_Pulling_Too_Fast_1_01.csv
1,3,2,5,1,5.317,5317,-0.29,0.3,9.67,9.679,-0.0044,0.0,0.0,1.25,1.63,336.25,-0.218,0.2833,9.6844,9.691,P001_Weight_Stack_Seated_Leg_Extension_Pulling_Too_Fast_1_01.csv
1,3,2,5,1,5.419,5419,-0.31,0.27,9.59,9.5988,0.0,-0.0033,0.0044,1.25,1.63,336.25,-0.2301,0.2815,9.672,9.6788,P001_Weight_Stack_Seated_Leg_Extension_Pulling_Too_Fast_1_01.csv
1,3,2,5,1,5.521,5521,-0.45,0.35,9.66,9.6768,-0.0022,-0.0098,0.0022,1.31,1.63,336.25,-0.2591,0.2905,9.6704,9.6782,P001_Weight_Stack_Seated_Leg_Extension_Pulling_Too_Fast_1_01.csv
1,3,2,5,1,5.628,5628,-0.32,0.3,10.11,10.1195,0.0011,-0.0011,0.0022,1.31,1.63,336.25,-0.2671,0.2918,9.7283,9.7364,P001_Weight_Stack_Seated_Leg_Extension_Pulling_Too_Fast_1_01.csv
1,3,2,5,1,5.73,5730,-0.29,0.34,10.1,10.1099,-0.0033,0.0044,0.0033,1.31,1.63,336.25,-0.2701,0.2981,9.7773,9.7856,P001_Weight_Stack_Seated_Leg_Extension_Pulling_Too_Fast_1_01.csv
1,3,2,5,1,5.848,5848,-0.2,0.28,9.68,9.6861,0.0,0.0011,0.0011,1.31,1.63,336.25,-0.2609,0.2957,9.7645,9.7724,P001_Weight_Stack_Seated_Leg_Extension_Pulling_Too_Fast_1_01.csv
1,3,2,5,1,5.951,5951,-0.21,0.41,10.71,10.7199,0.0076,-0.0076,0.0011,1.25,1.63,336.25,-0.2542,0.3108,9.8891,9.8972,P001_Weight_Stack_Seated_Leg_Extension_Pulling_Too_Fast_1_01.csv
1,3,2,5,1,6.053,6053,-0.26,0.13,12.09,12.0935,0.0044,-0.0076,0.0044,1.25,1.63,336.25,-0.255,0.287,10.1791,10.1863,P001_Weight_Stack_Seated_Leg_Extension_Pulling_Too_Fast_1_01.csv
1,3,2,5,1,6.155,6155,-0.29,0.68,10.91,10.935,-0.0087,0.0076,0.0022,1.25,1.63,336.25,-0.2596,0.3388,10.2754,10.2843,P001_Weight_Stack_Seated_Leg_Extension_Pulling_Too_Fast_1_01.csv
1,3,2,5,1,6.257,6257,0.32,-0.24,8.3,8.3096,0.0207,-0.0251,0.0142,1.31,1.56,336.31,-0.1832,0.2625,10.0151,10.0202,P001_Weight_Stack_Seated_Leg_Extension_Pulling_Too_Fast_1_01.csv
1,3,2,5,1,6.362,6362,0.34,0.01,7.25,7.258,0.0513,-0.0415,0.0153,1.31,1.44,336.31,-0.1143,0.2292,9.6507,9.6541,P001_Weight_Stack_Seated_Leg_Extension_Pulling_Too_Fast_1_01.csv
1,3,2,5,1,6.464,6464,-0.01,0.58,7.46,7.4825,-0.0065,0.0065,0.0055,1.38,1.44,336.31,-0.1005,0.2754,9.3621,9.3666,P001_Weight_Stack_Seated_Leg_Extension_Pulling_Too_Fast_1_01.csv
1,3,2,5,1,6.571,6571,-0.05,0.3,8.63,8.6354,-0.0033,0.0087,0.0055,1.38,1.44,336.31,-0.0939,0.2787,9.2656,9.2703,P001_Weight_Stack_Seated_Leg_Extension_Pulling_Too_Fast_1_01.csv
1,4,2,5,1,6.674,6674,-0.4,-0.5,10.3,10.3199,0.0076,-0.0436,0.0131,1.38,1.44,336.38,-0.1342,0.1761,9.4019,9.4045,P001_Weight_Stack_Seated_Leg_Extension_Pulling_Too_Fast_1_01.csv
1,4,2,5,1,6.782,6782,-0.36,0.3,10.17,10.1808,0.0011,-0.0011,0.0011,1.38,1.44,336.38,-0.164,0.1924,9.5031,9.5065,P001_Weight_Stack_Seated_Leg_Extension_Pulling_Too_Fast_1_01.csv
1,4,2,5,1,6.896,6896,-0.24,0.18,9.89,9.8945,0.0,0.0011,0.0076,1.38,1.44,336.38,-0.174,0.1908,9.5541,9.5576,P001_Weight_Stack_Seated_Leg_Extension_Pulling_Too_Fast_1_01.csv
1,4,2,5,1,7.003,7003,-0.43,0.12,9.61,9.6204,0.0055,-0.0044,0.0109,1.38,1.44,336.38,-0.2077,0.1814,9.5615,9.5654,P001_Weight_Stack_Seated_Leg_Extension_Pulling_Too_Fast_1_01.csv
1,4,2,5,1,7.105,7105,-0.21,0.25,9.58,9.5856,0.0022,-0.0022,0.0011,1.38,1.44,336.38,-0.208,0.1905,9.5639,9.5681,P001_Weight_Stack_Seated_Leg_Extension_Pulling_Too_Fast_1_01.csv
1,4,2,5,1,7.207,7207,-0.21,0.4,9.93,9.9403,0.0022,-0.0011,-0.0055,1.38,1.44,336.38,-0.2083,0.2181,9.6121,9.6169,P001_Weight_Stack_Seated_Leg_Extension_Pulling_Too_Fast_1_01.csv
1,4,2,5,1,7.363,7363,-0.26,0.47,10.0,10.0144,0.0033,0.0022,-0.0033,1.31,1.44,336.38,-0.2151,0.2513,9.6633,9.6689,P001_Weight_Stack_Seated_Leg_Extension_Pulling_Too_Fast_1_01.csv
1,4,2,5,1,7.465,7465,-0.25,0.27,9.67,9.677,0.0011,0.012,-0.0022,1.31,1.44,336.38,-0.2197,0.2537,9.6641,9.67,P001_Weight_Stack_Seated_Leg_Extension_Pulling_Too_Fast_1_01.csv
1,4,2,5,1,7.568,7568,-0.3,0.31,9.69,9.6996,-0.0011,-0.0011,0.0065,1.31,1.44,336.38,-0.2303,0.2612,9.6676,9.6738,P001_Weight_Stack_Seated_Leg_Extension_Pulling_Too_Fast_1_01.csv
1,4,2,5,1,7.675,7675,-0.38,0.32,9.54,9.5529,0.0,-0.0011,0.0065,1.31,1.44,336.38,-0.25,0.2689,9.6507,9.6577,P001_Weight_Stack_Seated_Leg_Extension_Pulling_Too_Fast_1_01.csv
1,4,2,5,1,7.778,7778,-0.25,0.28,9.71,9.7173,-0.0022,0.0055,0.0022,1.31,1.44,336.38,-0.25,0.2704,9.6586,9.6656,P001_Weight_Stack_Seated_Leg_Extension_Pulling_Too_Fast_1_01.csv
1,4,2,5,1,7.896,7896,-0.13,0.32,9.87,9.876,0.0,-0.0044,-0.0033,1.38,1.44,336.38,-0.2342,0.2769,9.6864,9.6932,P001_Weight_Stack_Seated_Leg_Extension_Pulling_Too_Fast_1_01.csv
1,4,2,5,1,7.998,7998,-0.13,0.46,9.76,9.7717,0.0033,0.0011,-0.0033,1.38,1.44,336.38,-0.2205,0.301,9.6961,9.7033,P001_Weight_Stack_Seated_Leg_Extension_Pulling_Too_Fast_1_01.csv
1,4,2,5,1,8.1,8100,-0.2,0.3,9.84,9.8466,0.0033,0.0033,0.0,1.38,1.44,336.38,-0.2178,0.3009,9.7151,9.7222,P001_Weight_Stack_Seated_Leg_Extension_Pulling_Too_Fast_1_01.csv
1,4,2,5,1,8.207,8207,-0.28,0.38,9.77,9.7814,0.0033,-0.0011,0.0011,1.38,1.44,336.38,-0.226,0.3113,9.7223,9.7299,P001_Weight_Stack_Seated_Leg_Extension_Pulling_Too_Fast_1_01.csv
1,4,2,5,1,8.31,8310,-0.3,0.31,10.36,10.369,0.0033,-0.0087,0.0033,1.38,1.44,336.38,-0.2357,0.3112,9.8063,9.8141,P001_Weight_Stack_Seated_Leg_Extension_Pulling_Too_Fast_1_01.csv
1,4,2,5,1,8.418,8418,-0.26,0.21,11.45,11.4549,0.0065,-0.0109,0.0044,1.38,1.44,336.38,-0.2389,0.2978,10.0229,10.0302,P001_Weight_Stack_Seated_Leg_Extension_Pulling_Too_Fast_1_01.csv
1,4,2,5,1,8.521,8521,-0.48,0.41,12.75,12.7656,0.0131,0.0011,0.0055,1.38,1.44,336.38,-0.2707,0.3126,10.3823,10.3905,P001_Weight_Stack_Seated_Leg_Extension_Pulling_Too_Fast_1_01.csv
1,4,2,5,1,8.629,8629,-0.2,0.38,10.07,10.0792,0.0131,0.0175,0.0,1.38,1.38,336.38,-0.2614,0.3215,10.3411,10.3494,P001_Weight_Stack_Seated_Leg_Extension_Pulling_Too_Fast_1_01.csv
1,4,2,5,1,8.731,8731,-0.1,0.19,8.07,8.0729,0.0076,0.0022,0.0044,1.44,1.31,336.44,-0.2401,0.3042,10.0419,10.0493,P001_Weight_Stack_Seated_Leg_Extension_Pulling_Too_Fast_1_01.csv
1,4,2,5,1,8.839,8839,0.03,-0.21,7.36,7.3631,0.0087,-0.0055,0.012,1.44,1.25,336.44,-0.2045,0.2364,9.6885,9.6935,P001_Weight_Stack_Seated_Leg_Extension_Pulling_Too_Fast_1_01.csv
1,4,2,5,1,8.957,8957,-0.15,0.23,8.59,8.5944,0.0011,0.0033,-0.0022,1.5,1.25,336.44,-0.1973,0.2356,9.5437,9.5487,P001_Weight_Stack_Seated_Leg_Extension_Pulling_Too_Fast_1_01.csv
1,5,2,5,1,9.061,9061,-0.33,0.13,10.07,10.0762,0.0,0.012,0.0011,1.5,1.25,336.44,-0.2148,0.2217,9.6131,9.618,P001_Weight_Stack_Seated_Leg_Extension_Pulling_Too_Fast_1_01.csv
1,5,2,5,1,9.163,9163,0.0,0.36,10.49,10.4962,-0.0022,0.0055,-0.0109,1.44,1.25,336.44,-0.1865,0.2399,9.7286,9.7334,P001_Weight_Stack_Seated_Leg_Extension_Pulling_Too_Fast_1_01.csv
1,5,2,5,1,9.265,9265,-0.42,0.15,9.32,9.3307,-0.0055,-0.012,0.0185,1.5,1.25,336.5,-0.2173,0.228,9.6748,9.6799,P001_Weight_Stack_Seated_Leg_Extension_Pulling_Too_Fast_1_01.csv
1,5,2,5,1,9.422,9422,-0.35,0.1,9.8,9.8068,0.0076,-0.0022,0.012,1.5,1.31,336.5,-0.2348,0.2112,9.6913,9.6964,P001_Weight_Stack_Seated_Leg_Extension_Pulling_Too_Fast_1_01.csv
1,5,2,5,1,9.524,9524,-0.31,0.13,9.75,9.7558,0.0076,-0.0055,-0.0109,1.5,1.31,336.5,-0.2447,0.2005,9.699,9.7042,P001_Weight_Stack_Seated_Leg_Extension_Pulling_Too_Fast_1_01.csv
1,5,2,5,1,9.627,9627,-0.17,0.66,9.97,9.9933,-0.0076,0.0164,-0.0033,1.44,1.38,336.5,-0.2348,0.261,9.7347,9.7411,P001_Weight_Stack_Seated_Leg_Extension_Pulling_Too_Fast_1_01.csv
1,5,2,5,1,9.73,9730,-0.45,0.21,10.07,10.0822,0.0229,-0.0153,0.0065,1.44,1.31,336.5,-0.2632,0.2543,9.7789,9.7858,P001_Weight_Stack_Seated_Leg_Extension_Pulling_Too_Fast_1_01.csv
1,5,2,5,1,9.834,9834,-0.31,0.39,9.75,9.7627,0.0033,0.0044,-0.0033,1.44,1.38,336.5,-0.2694,0.2722,9.7751,9.7826,P001_Weight_Stack_Seated_Leg_Extension_Pulling_Too_Fast_1_01.csv
1,5,2,5,1,9.948,9948,-0.21,0.28,9.68,9.6863,0.0,-0.0033,-0.0022,1.44,1.38,336.5,-0.2615,0.2732,9.7626,9.7699,P001_Weight_Stack_Seated_Leg_Extension_Pulling_Too_Fast_1_01.csv
1,5,2,5,1,10.054,10054,-0.18,0.34,9.76,9.7676,0.0022,0.0011,-0.0022,1.44,1.38,336.5,-0.2508,0.282,9.7622,9.7695,P001_Weight_Stack_Seated_Leg_Extension_Pulling_Too_Fast_1_01.csv
1,5,2,5,1,10.157,10157,-0.31,0.24,9.68,9.6879,0.0044,-0.0033,0.0033,1.44,1.38,336.5,-0.2586,0.2765,9.7514,9.7587,P001_Weight_Stack_Seated_Leg_Extension_Pulling_Too_Fast_1_01.csv
1,5,2,5,1,10.259,10259,-0.3,0.27,9.69,9.6984,0.0,-0.0022,0.0022,1.44,1.38,336.5,-0.2641,0.2756,9.7433,9.7508,P001_Weight_Stack_Seated_Leg_Extension_Pulling_Too_Fast_1_01.csv
1,5,2,5,1,10.366,10366,-0.13,0.35,10.0,10.007,-0.0011,0.0,0.0011,1.44,1.38,336.5,-0.2464,0.2854,9.7771,9.7844,P001_Weight_Stack_Seated_Leg_Extension_Pulling_Too_Fast_1_01.csv
1,5,2,5,1,10.47,10470,-0.22,0.34,9.98,9.9882,-0.0022,-0.0022,0.0033,1.44,1.44,336.5,-0.2429,0.2926,9.8039,9.8112,P001_Weight_Stack_Seated_Leg_Extension_Pulling_Too_Fast_1_01.csv
1,5,2,5,1,10.572,10572,-0.22,0.22,10.11,10.1148,-0.0011,0.0065,0.0033,1.44,1.44,336.5,-0.2399,0.283,9.8442,9.8512,P001_Weight_Stack_Seated_Leg_Extension_Pulling_Too_Fast_1_01.csv
1,5,2,5,1,10.677,10677,-0.39,0.22,11.42,11.4288,0.0022,0.0011,0.0055,1.5,1.38,336.5,-0.2597,0.2747,10.0519,10.059,P001_Weight_Stack_Seated_Leg_Extension_Pulling_Too_Fast_1_01.csv
1,5,2,5,1,10.779,10779,-0.46,0.91,11.4,11.4455,0.0087,0.0131,0.0065,1.5,1.38,336.5,-0.2861,0.3585,10.2295,10.2398,P001_Weight_Stack_Seated_Leg_Extension_Pulling_Too_Fast_1_01.csv
1,5,2,5,1,10.887,10887,0.35,0.35,9.71,9.7226,0.0087,-0.0065,0.0055,1.44,1.31,336.56,-0.2023,0.3573,10.161,10.1693,P001_Weight_Stack_Seated_Leg_Extension_Pulling_Too_Fast_1_01.csv
1,5,2,5,1,11.007,11007,-0.48,0.72,7.66,7.7087,0.0142,-0.0109,0.0033,1.56,1.19,336.56,-0.2389,0.4051,9.8315,9.8427,P001_Weight_Stack_Seated_Leg_Extension_Pulling_Too_Fast_1_01.csv
1,5,2,5,1,11.109,11109,-0.15,0.28,7.06,7.0671,0.0033,0.0,-0.0087,1.56,1.19,336.56,-0.2271,0.3886,9.4663,9.477,P001_Weight_Stack_Seated_Leg_Extension_Pulling_Too_Fast_1_01.csv
1,5,2,5,1,11.211,11211,-0.22,0.43,8.63,8.6435,-0.0022,0.0131,-0.0065,1.56,1.19,336.56,-0.2262,0.3941,9.3561,9.3671,P001_Weight_Stack_Seated_Leg_Extension_Pulling_Too_Fast_1_01.csv
1,6,2,5,1,11.319,11319,-0.54,0.37,10.52,10.5403,-0.0098,0.0055,0.0076,1.5,1.19,336.56,-0.2676,0.3909,9.5094,9.5212,P001_Weight_Stack_Seated_Leg_Extension_Pulling_Too_Fast_1_01.csv
1,6,2,5,1,11.473,11473,0.12,0.12,9.37,9.3715,-0.0033,0.0044,-0.0207,1.5,1.19,336.56,-0.2165,0.3552,9.4911,9.5002,P001_Weight_Stack_Seated_Leg_Extension_Pulling_Too_Fast_1_01.csv
1,6,2,5,1,11.575,11575,-0.82,0.56,9.34,9.3926,0.0153,-0.0295,-0.0022,1.56,1.19,336.56,-0.296,0.3822,9.4712,9.4835,P001_Weight_Stack_Seated_Leg_Extension_Pulling_Too_Fast_1_01.csv
1,6,2,5,1,11.678,11678,0.0,0.32,9.34,9.3455,-0.0109,0.0142,0.012,1.56,1.25,336.63,-0.257,0.374,9.4539,9.4648,P001_Weight_Stack_Seated_Leg_Extension_Pulling_Too_Fast_1_01.csv
1,6,2,5,1,11.781,11781,-0.16,0.19,9.62,9.6232,-0.0098,0.0185,-0.0109,1.56,1.25,336.63,-0.2442,0.3498,9.4758,9.4854,P001_Weight_Stack_Seated_Leg_Extension_Pulling_Too_Fast_1_01.csv
1,6,2,5,1,11.884,11884,-0.45,0.45,9.77,9.7907,0.0055,-0.0065,0.0044,1.5,1.25,336.63,-0.2713,0.363,9.5145,9.5253,P001_Weight_Stack_Seated_Leg_Extension_Pulling_Too_Fast_1_01.csv
1,6,2,5,1,12.001,12001,-0.29,0.14,10.18,10.1851,0.0055,-0.0044,-0.0011,1.5,1.25,336.63,-0.2738,0.3336,9.6022,9.6119,P001_Weight_Stack_Seated_Leg_Extension_Pulling_Too_Fast_1_01.csv
1,6,2,5,1,12.104,12104,-0.16,0.23,9.91,9.914,-0.0044,0.0153,-0.0142,1.5,1.25,336.63,-0.2588,0.3199,9.6428,9.6516,P001_Weight_Stack_Seated_Leg_Extension_Pulling_Too_Fast_1_01.csv
1,6,2,5,1,12.206,12206,-0.21,0.31,9.51,9.5174,-0.0022,0.0098,-0.0109,1.56,1.25,336.63,-0.2524,0.3186,9.6253,9.6339,P001_Weight_Stack_Seated_Leg_Extension_Pulling_Too_Fast_1_01.csv
1,6,2,5,1,12.313,12313,-0.36,0.48,9.56,9.5788,-0.0011,-0.0109,0.0011,1.56,1.31,336.63,-0.2666,0.3399,9.6167,9.6264,P001_Weight_Stack_Seated_Leg_Extension_Pulling_Too_Fast_1_01.csv
1,6,2,5,1,12.415,12415,0.11,0.18,9.44,9.4424,-0.0011,-0.0044,0.0022,1.5,1.31,336.63,-0.2169,0.3188,9.5934,9.6012,P001_Weight_Stack_Seated_Leg_Extension_Pulling_Too_Fast_1_01.csv
1,6,2,5,1,12.524,12524,-0.23,0.23,10.06,10.0653,0.0,0.0033,0.0022,1.5,1.31,336.63,-0.2187,0.3071,9.6549,9.6622,P001_Weight_Stack_Seated_Leg_Extension_Pulling_Too_Fast_1_01.csv
1,6,2,5,1,12.626,12626,-0.26,0.28,9.76,9.7675,0.0011,-0.0011,0.0055,1.5,1.31,336.63,-0.2241,0.3035,9.6687,9.6761,P001_Weight_Stack_Seated_Leg_Extension_Pulling_Too_Fast_1_01.csv
1,6,2,5,1,12.728,12728,-0.26,0.32,9.65,9.6588,0.0011,-0.0011,0.0033,1.5,1.31,336.63,-0.2288,0.3057,9.6663,9.6738,P001_Weight_Stack_Seated_Leg_Extension_Pulling_Too_Fast_1_01.csv
1,6,2,5,1,12.83,12830,-0.49,0.83,10.47,10.5143,0.0022,0.0229,0.0033,1.5,1.31,336.63,-0.2632,0.3748,9.7722,9.7829,P001_Weight_Stack_Seated_Leg_Extension_Pulling_Too_Fast_1_01.csv
1,6,2,5,1,12.935,12935,-0.35,0.31,11.55,11.5595,0.0011,-0.0044,0.0033,1.5,1.31,336.63,-0.2747,0.3663,10.0065,10.0169,P001_Weight_Stack_Seated_Leg_Extension_Pulling_Too_Fast_1_01.csv
1,6,2,5,1,13.055,13055,0.1,0.22,10.26,10.2628,0.0207,-0.0098,0.0076,1.5,1.31,336.69,-0.2253,0.347,10.0399,10.0484,P001_Weight_Stack_Seated_Leg_Extension_Pulling_Too_Fast_1_01.csv
1,6,2,5,1,13.157,13157,-0.11,0.4,9.38,9.3892,-0.0044,0.0022,0.0087,1.5,1.25,336.69,-0.2101,0.354,9.9529,9.9614,P001_Weight_Stack_Seated_Leg_Extension_Pulling_Too_Fast_1_01.csv
1,6,2,5,1,13.259,13259,-0.01,-0.05,7.96,7.9602,0.0305,0.0305,-0.0142,1.56,1.13,336.69,-0.1837,0.3007,9.6903,9.6967,P001_Weight_Stack_Seated_Leg_Extension_Pulling_Too_Fast_1_01.csv
1,6,2,5,1,13.367,13367,-0.45,-0.1,7.3,7.3145,0.0175,-0.0153,0.0142,1.63,1.06,336.69,-0.2188,0.2479,9.3753,9.3811,P001_Weight_Stack_Seated_Leg_Extension_Pulling_Too_Fast_1_01.csv
1,7,2,5,1,13.524,13524,-0.27,0.29,9.64,9.6481,0.0033,-0.0022,-0.0109,1.56,1.06,336.69,-0.2256,0.2535,9.4102,9.4163,P001_Weight_Stack_Seated_Leg_Extension_Pulling_Too_Fast_1_01.csv
1,7,2,5,1,13.628,13628,-0.2,0.11,10.08,10.0826,0.0,-0.0022,0.0076,1.63,1.13,336.69,-0.2222,0.2346,9.4985,9.504,P001_Weight_Stack_Seated_Leg_Extension_Pulling_Too_Fast_1_01.csv
1,7,2,5,1,13.731,13731,-0.44,0.33,10.16,10.1749,-0.0087,0.0153,0.0033,1.56,1.13,336.75,-0.2509,0.2471,9.5856,9.5921,P001_Weight_Stack_Seated_Leg_Extension_Pulling_Too_Fast_1_01.csv
1,7,2,5,1,13.833,13833,0.13,0.36,9.85,9.8574,0.0011,-0.0044,-0.0207,1.56,1.13,336.69,-0.2007,0.262,9.6205,9.6261,P001_Weight_Stack_Seated_Leg_Extension_Pulling_Too_Fast_1_01.csv
1,7,2,5,1,13.937,13937,0.06,0.31,9.86,9.8651,-0.0033,0.0065,-0.0033,1.56,1.13,336.75,-0.1664,0.2683,9.652,9.6572,P001_Weight_Stack_Seated_Leg_Extension_Pulling_Too_Fast_1_01.csv
1,7,2,5,1,14.052,14052,-0.33,0.17,9.85,9.857,0.0076,-0.0022,0.0011,1.56,1.13,336.75,-0.1879,0.2554,9.6781,9.6833,P001_Weight_Stack_Seated_Leg_Extension_Pulling_Too_Fast_1_01.csv
1,7,2,5,1,14.157,14157,-0.24,0.41,9.62,9.6317,-0.0055,-0.0109,-0.0022,1.5,1.13,336.75,-0.1948,0.2758,9.6705,9.6764,P001_Weight_Stack_Seated_Leg_Extension_Pulling_Too_Fast_1_01.csv
1,7,2,5,1,14.26,14260,-0.18,0.33,9.82,9.8272,0.0,-0.0087,0.0011,1.5,1.19,336.75,-0.1928,0.2829,9.6902,9.6962,P001_Weight_Stack_Seated_Leg_Extension_Pulling_Too_Fast_1_01.csv
1,7,2,5,1,14.363,14363,0.0,0.22,9.69,9.6925,0.0011,0.0033,-0.0033,1.5,1.19,336.75,-0.1674,0.2746,9.6901,9.6955,P001_Weight_Stack_Seated_Leg_Extension_Pulling_Too_Fast_1_01.csv
1,7,2,5,1,14.47,14470,-0.18,0.34,9.48,9.4878,-0.0022,0.0,-0.0011,1.5,1.19,336.75,-0.1691,0.2832,9.6625,9.6681,P001_Weight_Stack_Seated_Leg_Extension_Pulling_Too_Fast_1_01.csv
1,7,2,5,1,14.58,14580,-0.11,0.29,9.8,9.8049,-0.0011,0.0022,-0.0033,1.5,1.25,336.75,-0.1613,0.2841,9.6806,9.6861,P001_Weight_Stack_Seated_Leg_Extension_Pulling_Too_Fast_1_01.csv
1,7,2,5,1,14.682,14682,-0.32,0.28,9.96,9.9691,0.0065,-0.0055,0.0,1.5,1.25,336.75,-0.1822,0.2836,9.7174,9.7232,P001_Weight_Stack_Seated_Leg_Extension_Pulling_Too_Fast_1_01.csv
1,7,2,5,1,14.785,14785,-1.7,0.87,10.98,11.1448,-0.0284,0.0284,0.024,1.5,1.25,336.75,-0.3822,0.3609,9.8838,9.8977,P001_Weight_Stack_Seated_Leg_Extension_Pulling_Too_Fast_1_01.csv
1,7,2,5,1,14.887,14887,-0.37,0.3,12.41,12.4191,-0.024,0.0164,-0.0044,1.5,1.25,336.75,-0.3806,0.3528,10.2167,10.2298,P001_Weight_Stack_Seated_Leg_Extension_Pulling_Too_Fast_1_01.csv
1,7,2,5,1,14.989,14989,0.14,0.46,11.76,11.7698,0.0076,-0.0109,0.0055,1.56,1.25,336.75,-0.312,0.367,10.42,10.4312,P001_Weight_Stack_Seated_Leg_Extension_Pulling_Too_Fast_1_01.csv
1,7,2,5,1,15.104,15104,-0.32,-0.06,10.83,10.8349,0.0251,-0.0196,0.0196,1.56,1.19,336.81,-0.3131,0.3107,10.4741,10.4833,P001_Weight_Stack_Seated_Leg_Extension_Pulling_Too_Fast_1_01.csv
1,7,2,5,1,15.206,15206,-0.29,0.24,8.91,8.9179,0.0327,-0.0338,0.012,1.63,1.13,336.88,-0.31,0.3014,10.268,10.2771,P001_Weight_Stack_Seated_Leg_Extension_Pulling_Too_Fast_1_01.csv
1,7,2,5,1,15.314,15314,-0.11,0.82,6.97,7.0189,-0.0055,-0.0076,0.0,1.69,1.0,336.88,-0.2837,0.3697,9.8334,9.8444,P001_Weight_Stack_Seated_Leg_Extension_Pulling_Too_Fast_1_01.csv
1,7,2,5,1,15.416,15416,-0.26,0.12,7.34,7.3456,0.0164,-0.0175,-0.0196,1.69,1.0,336.88,-0.2805,0.3368,9.5048,9.5149,P001_Weight_Stack_Seated_Leg_Extension_Pulling_Too_Fast_1_01.csv
1,8,2,5,1,15.574,15574,0.14,0.0,10.16,10.161,-0.0207,0.0207,0.0153,1.63,1.0,336.88,-0.2251,0.2924,9.5911,9.5982,P001_Weight_Stack_Seated_Leg_Extension_Pulling_Too_Fast_1_01.csv
1,8,2,5,1,15.677,15677,0.0,0.17,10.16,10.1614,-0.0011,0.0055,-0.0087,1.69,1.0,336.88,-0.1955,0.2763,9.6661,9.672,P001_Weight_Stack_Seated_Leg_Extension_Pulling_Too_Fast_1_01.csv
1,8,2,5,1,15.783,15783,-0.35,0.44,10.27,10.2854,0.0142,-0.0153,0.0055,1.69,1.0,336.94,-0.2158,0.2979,9.7457,9.7526,P001_Weight_Stack_Seated_Leg_Extension_Pulling_Too_Fast_1_01.csv
1,8,2,5,1,15.886,15886,-0.04,0.21,9.71,9.7124,0.0022,-0.0022,0.0044,1.69,1.0,336.94,-0.1927,0.2863,9.741,9.7471,P001_Weight_Stack_Seated_Leg_Extension_Pulling_Too_Fast_1_01.csv
1,8,2,5,1,15.989,15989,-0.14,0.37,9.66,9.6681,0.0022,-0.0044,-0.0055,1.63,1.06,336.94,-0.1857,0.2973,9.7303,9.7366,P001_Weight_Stack_Seated_Leg_Extension_Pulling_Too_Fast_1_01.csv
1,8,2,5,1,16.107,16107,-0.33,0.09,9.73,9.736,0.0044,-0.0022,0.0164,1.63,1.06,336.94,-0.2047,0.27,9.7303,9.7362,P001_Weight_Stack_Seated_Leg_Extension_Pulling_Too_Fast_1_01.csv
1,8,2,5,1,16.209,16209,-0.34,0.18,9.49,9.4978,0.0022,-0.0022,0.0044,1.63,1.06,336.94,-0.2226,0.2581,9.6986,9.7046,P001_Weight_Stack_Seated_Leg_Extension_Pulling_Too_Fast_1_01.csv
1,8,2,5,1,16.317,16317,-0.11,0.4,9.7,9.7089,-0.0044,-0.0033,-0.0131,1.63,1.06,336.94,-0.2077,0.2768,9.6988,9.705,P001_Weight_Stack_Seated_Leg_Extension_Pulling_Too_Fast_1_01.csv
1,8,2,5,1,16.419,16419,-0.19,0.39,9.67,9.6797,-0.0087,0.0044,-0.0044,1.63,1.06,336.94,-0.2054,0.2917,9.695,9.7016,P001_Weight_Stack_Seated_Leg_Extension_Pulling_Too_Fast_1_01.csv
1,8,2,5,1,16.521,16521,-0.21,0.32,9.8,9.8075,0.0087,-0.0055,0.0055,1.63,1.06,336.94,-0.206,0.2955,9.7088,9.7155,P001_Weight_Stack_Seated_Leg_Extension_Pulling_Too_Fast_1_01.csv
1,8,2,5,1,16.629,16629,-0.34,0.41,10.04,10.0541,0.0044,-0.0076,0.0087,1.63,1.06,336.94,-0.2237,0.3106,9.7525,9.76,P001_Weight_Stack_Seated_Leg_Extension_Pulling_Too_Fast_1_01.csv
1,8,2,5,1,16.731,16731,-0.29,0.21,9.98,9.9864,-0.0022,-0.0022,-0.0022,1.63,1.06,336.94,-0.2324,0.2973,9.7825,9.7897,P001_Weight_Stack_Seated_Leg_Extension_Pulling_Too_Fast_1_01.csv
1,8,2,5,1,16.837,16837,-0.61,0.16,9.91,9.93,0.012,-0.0436,0.0044,1.63,1.13,336.94,-0.2822,0.2792,9.7993,9.8073,P001_Weight_Stack_Seated_Leg_Extension_Pulling_Too_Fast_1_01.csv
1,8,2,5,1,16.94,16940,-0.06,0.79,11.08,11.1083,0.0011,-0.0011,0.0218,1.56,1.13,336.94,-0.2529,0.3465,9.968,9.9773,P001_Weight_Stack_Seated_Leg_Extension_Pulling_Too_Fast_1_01.csv
1,8,2,5,1,17.042,17042,-0.04,0.09,11.4,11.4004,0.0055,-0.012,-0.0022,1.63,1.13,337.0,-0.2248,0.3127,10.1567,10.164,P001_Weight_Stack_Seated_Leg_Extension_Pulling_Too_Fast_1_01.csv
1,8,2,5,1,17.157,17157,-0.59,-0.04,10.88,10.8961,0.0229,0.0065,0.0207,1.69,1.0,337.0,-0.2729,0.2662,10.252,10.2591,P001_Weight_Stack_Seated_Leg_Extension_Pulling_Too_Fast_1_01.csv
1,8,2,5,1,17.261,17261,-0.18,0.18,9.11,9.1136,0.0131,-0.0065,0.0153,1.69,1.0,337.06,-0.2607,0.2549,10.1015,10.1081,P001_Weight_Stack_Seated_Leg_Extension_Pulling_Too_Fast_1_01.csv
1,8,2,5,1,17.363,17363,-0.31,0.71,7.42,7.4603,0.0142,0.0055,-0.0065,1.75,0.94,337.06,-0.2672,0.3149,9.7482,9.7569,P001_Weight_Stack_Seated_Leg_Extension_Pulling_Too_Fast_1_01.csv
1,8,2,5,1,17.465,17465,-0.02,0.31,7.2,7.2067,0.0055,0.0033,-0.012,1.69,0.88,337.06,-0.2346,0.3142,9.4124,9.4206,P001_Weight_Stack_Seated_Leg_Extension_Pulling_Too_Fast_1_01.csv
1,8,2,5,1,17.572,17572,-0.01,1.0,8.9,8.956,-0.0098,-0.0458,0.0022,1.69,0.94,337.13,-0.205,0.4046,9.3449,9.3559,P001_Weight_Stack_Seated_Leg_Extension_Pulling_Too_Fast_1_01.csv
1,9,2,5,1,17.68,17680,-0.18,0.26,10.26,10.2649,-0.0065,0.0033,0.0218,1.81,0.88,337.13,-0.2017,0.3855,9.4655,9.4755,P001_Weight_Stack_Seated_Leg_Extension_Pulling_Too_Fast_1_01.csv
1,9,2,5,1,17.783,17783,-0.31,0.11,10.02,10.0254,-0.0033,0.0109,0.0,1.75,0.88,337.13,-0.216,0.3492,9.5385,9.5474,P001_Weight_Stack_Seated_Leg_Extension_Pulling_Too_Fast_1_01.csv
1,9,2,5,1,17.885,17885,-0.23,0.45,9.24,9.2538,0.0109,-0.0087,-0.0076,1.75,0.94,337.13,-0.2178,0.3625,9.4992,9.5086,P001_Weight_Stack_Seated_Leg_Extension_Pulling_Too_Fast_1_01.csv
1,9,2,5,1,17.987,17987,-0.31,0.21,9.57,9.5773,-0.0022,0.012,0.0055,1.69,0.94,337.13,-0.23,0.3424,9.5085,9.5175,P001_Weight_Stack_Seated_Leg_Extension_Pulling_Too_Fast_1_01.csv
1,9,2,5,1,18.094,18094,-0.35,0.36,9.9,9.9127,0.0044,-0.0044,-0.0044,1.69,1.0,337.13,-0.2458,0.3447,9.5601,9.5695,P001_Weight_Stack_Seated_Leg_Extension_Pulling_Too_Fast_1_01.csv
1,9,2,5,1,18.213,18213,-0.37,0.24,9.97,9.9797,0.0044,-0.0076,0.0076,1.69,1.0,337.13,-0.2622,0.3309,9.6141,9.6234,P001_Weight_Stack_Seated_Leg_Extension_Pulling_Too_Fast_1_01.csv
1,9,2,5,1,18.315,18315,-0.45,0.11,10.11,10.1206,0.0022,-0.0185,0.0076,1.69,1.0,337.13,-0.2869,0.3018,9.6795,9.6884,P001_Weight_Stack_Seated_Leg_Extension_Pulling_Too_Fast_1_01.csv
1,9,2,5,1,18.42,18420,-0.37,0.27,10.12,10.1304,0.0076,-0.0131,0.0022,1.69,1.0,337.13,-0.2979,0.2976,9.7375,9.7466,P001_Weight_Stack_Seated_Leg_Extension_Pulling_Too_Fast_1_01.csv
1,9,2,5,1,18.525,18525,0.03,0.24,9.36,9.3631,-0.0098,0.0164,0.0022,1.69,1.0,337.13,-0.2547,0.29,9.6878,9.6955,P001_Weight_Stack_Seated_Leg_Extension_Pulling_Too_Fast_1_01.csv
1,9,2,5,1,18.685,18685,-0.42,0.24,9.96,9.9717,0.0,0.0022,0.0044,1.69,1.0,337.13,-0.2764,0.2834,9.7236,9.7317,P001_Weight_Stack_Seated_Leg_Extension_Pulling_Too_Fast_1_01.csv
1,9,2,5,1,18.787,18787,-0.38,0.29,10.35,10.361,0.0022,-0.0087,-0.0022,1.69,1.06,337.13,-0.2901,0.2843,9.8062,9.8146,P001_Weight_Stack_Seated_Leg_Extension_Pulling_Too_Fast_1_01.csv
1,9,2,5,1,18.889,18889,-0.15,0.46,10.38,10.3913,-0.0022,0.0022,0.0044,1.63,1.06,337.13,-0.2716,0.3075,9.8818,9.8903,P001_Weight_Stack_Seated_Leg_Extension_Pulling_Too_Fast_1_01.csv
1,9,2,5,1,18.997,18997,-0.06,0.2,10.06,10.0622,0.0,0.0044,0.0044,1.63,1.06,337.13,-0.2437,0.2933,9.9053,9.9126,P001_Weight_Stack_Seated_Leg_Extension_Pulling_Too_Fast_1_01.csv
1,9,2,5,1,19.099,19099,-0.12,0.34,10.91,10.916,0.0098,0.0,0.0011,1.63,1.06,337.13,-0.2274,0.2994,10.0377,10.0447,P001_Weight_Stack_Seated_Leg_Extension_Pulling_Too_Fast_1_01.csv
1,9,2,5,1,19.217,19217,-0.21,0.96,11.04,11.0837,0.012,0.0065,0.0065,1.63,1.0,337.13,-0.2251,0.3865,10.1698,10.1796,P001_Weight_Stack_Seated_Leg_Extension_Pulling_Too_Fast_1_01.csv
1,9,2,5,1,19.32,19320,0.12,-0.16,9.88,9.882,-0.0011,-0.0262,0.0076,1.69,1.0,337.13,-0.1797,0.3145,10.1316,10.138,P001_Weight_Stack_Seated_Leg_Extension_Pulling_Too_Fast_1_01.csv
1,9,2,5,1,19.428,19428,-0.4,0.18,7.84,7.8523,0.024,-0.012,0.0087,1.75,0.88,337.13,-0.2087,0.2968,9.8296,9.8363,P001_Weight_Stack_Seated_Leg_Extension_Pulling_Too_Fast_1_01.csv
1,9,2,5,1,19.53,19530,0.14,0.68,7.52,7.552,-0.0098,0.0022,0.0065,1.75,0.88,337.13,-0.1627,0.3473,9.5253,9.533,P001_Weight_Stack_Seated_Leg_Extension_Pulling_Too_Fast_1_01.csv
1,9,2,5,1,19.632,19632,0.09,0.08,8.17,8.1709,-0.0055,0.0207,-0.0098,1.75,0.88,337.13,-0.1294,0.312,9.3467,9.3528,P001_Weight_Stack_Seated_Leg_Extension_Pulling_Too_Fast_1_01.csv
1,10,2,5,1,19.739,19739,-0.67,0.15,9.71,9.7342,0.0109,-0.0109,-0.0022,1.81,0.88,337.19,-0.2007,0.2907,9.3945,9.4012,P001_Weight_Stack_Seated_Leg_Extension_Pulling_Too_Fast_1_01.csv
1,10,2,5,1,19.842,19842,-0.5,0.37,10.15,10.169,0.0076,-0.0164,-0.0033,1.75,0.94,337.19,-0.2401,0.3011,9.4941,9.5019,P001_Weight_Stack_Seated_Leg_Extension_Pulling_Too_Fast_1_01.csv
1,10,2,5,1,19.95,19950,-0.28,0.33,9.81,9.8195,0.0044,-0.0065,0.012,1.75,0.94,337.19,-0.2454,0.3049,9.5357,9.5438,P001_Weight_Stack_Seated_Leg_Extension_Pulling_Too_Fast_1_01.csv
1,10,2,5,1,20.052,20052,0.01,0.21,9.43,9.4323,-0.0065,0.0218,-0.0033,1.75,0.94,337.19,-0.2117,0.2924,9.5218,9.5286,P001_Weight_Stack_Seated_Leg_Extension_Pulling_Too_Fast_1_01.csv
1,10,2,5,1,20.154,20154,-0.13,0.24,9.41,9.414,0.0044,0.0142,-0.0087,1.75,0.94,337.19,-0.201,0.2855,9.5071,9.5135,P001_Weight_Stack_Seated_Leg_Extension_Pulling_Too_Fast_1_01.csv
1,10,2,5,1,20.271,20271,-0.45,0.1,10.17,10.1804,0.0022,-0.0109,0.0065,1.75,1.0,337.19,-0.2338,0.2611,9.5944,9.6008,P001_Weight_Stack_Seated_Leg_Extension_Pulling_Too_Fast_1_01.csv
1,10,2,5,1,20.374,20374,-0.24,0.32,9.7,9.7082,-0.0022,0.0033,-0.0055,1.75,1.0,337.19,-0.2346,0.2688,9.6083,9.615,P001_Weight_Stack_Seated_Leg_Extension_Pulling_Too_Fast_1_01.csv
1,10,2,5,1,20.482,20482,-0.3,0.33,9.6,9.6104,0.0011,0.0011,0.0055,1.69,1.0,337.19,-0.2432,0.2769,9.6072,9.6143,P001_Weight_Stack_Seated_Leg_Extension_Pulling_Too_Fast_1_01.csv
1,10,2,5,1,20.584,20584,-0.32,0.3,9.44,9.4502,0.0,0.0033,0.0,1.69,1.06,337.19,-0.2533,0.2799,9.5852,9.5926,P001_Weight_Stack_Seated_Leg_Extension_Pulling_Too_Fast_1_01.csv
1,10,2,5,1,20.742,20742,-0.23,0.47,9.75,9.764,-0.0022,-0.0022,-0.0011,1.69,1.13,337.19,-0.2503,0.305,9.6069,9.615,P001_Weight_Stack_Seated_Leg_Extension_Pulling_Too_Fast_1_01.csv
1,10,2,5,1,20.845,20845,-0.31,0.32,10.37,10.3796,0.0,0.0055,0.0022,1.69,1.13,337.19,-0.2581,0.307,9.7075,9.7158,P001_Weight_Stack_Seated_Leg_Extension_Pulling_Too_Fast_1_01.csv
1,10,2,5,1,20.947,20947,-0.22,0.31,10.26,10.267,-0.0011,-0.0022,0.0011,1.69,1.13,337.19,-0.2531,0.3074,9.7803,9.7884,P001_Weight_Stack_Seated_Leg_Extension_Pulling_Too_Fast_1_01.csv
1,10,2,5,1,21.054,21054,-0.21,0.42,10.64,10.6504,-0.0044,0.0065,0.0011,1.63,1.19,337.19,-0.2474,0.3222,9.8936,9.9019,P001_Weight_Stack_Seated_Leg_Extension_Pulling_Too_Fast_1_01.csv
1,10,2,5,1,21.156,21156,-0.21,0.26,11.35,11.3549,-0.0011,-0.0033,0.0055,1.63,1.19,337.19,-0.2425,0.314,10.0855,10.0933,P001_Weight_Stack_Seated_Leg_Extension_Pulling_Too_Fast_1_01.csv
1,10,2,5,1,21.274,21274,-0.51,0.24,11.28,11.2941,0.0153,-0.0196,0.0087,1.63,1.13,337.19,-0.2777,0.3043,10.2429,10.2512,P001_Weight_Stack_Seated_Leg_Extension_Pulling_Too_Fast_1_01.csv
1,10,2,5,1,21.377,21377,0.38,-0.28,9.0,9.0124,0.0098,-0.0076,0.0087,1.69,1.06,337.25,-0.1911,0.2273,10.0791,10.0835,P001_Weight_Stack_Seated_Leg_Extension_Pulling_Too_Fast_1_01.csv
1,10,2,5,1,21.485,21485,-0.57,0.1,7.47,7.4924,0.0087,0.0251,-0.0065,1.75,0.94,337.25,-0.241,0.2105,9.7353,9.7406,P001_Weight_Stack_Seated_Leg_Extension_Pulling_Too_Fast_1_01.csv
1,10,2,5,1,21.587,21587,-0.28,0.06,7.05,7.0558,0.0109,-0.0055,-0.0087,1.75,0.94,337.25,-0.2461,0.1907,9.3814,9.3866,P001_Weight_Stack_Seated_Leg_Extension_Pulling_Too_Fast_1_01.csv
1,10,2,5,1,21.689,21689,-0.21,0.69,8.41,8.4409,-0.0196,0.0076,-0.0076,1.69,0.94,337.25,-0.2414,0.2565,9.2534,9.2601,P001_Weight_Stack_Seated_Leg_Extension_Pulling_Too_Fast_1_01.csv
1,11,2,5,1,21.797,21797,-0.35,0.22,10.06,10.0685,-0.0055,0.0033,0.0033,1.75,1.0,337.25,-0.2557,0.2517,9.3597,9.3666,P001_Weight_Stack_Seated_Leg_Extension_Pulling_Too_Fast_1_01.csv
1,11,2,5,1,21.899,21899,-0.76,0.31,10.52,10.552,0.0164,-0.0185,0.0109,1.69,1.0,337.25,-0.3221,0.2593,9.5126,9.5216,P001_Weight_Stack_Seated_Leg_Extension_Pulling_Too_Fast_1_01.csv
1,11,2,5,1,22.007,22007,-0.07,0.24,9.54,9.5433,-0.0065,0.0142,0.0011,1.69,1.0,337.31,-0.2889,0.2568,9.5162,9.5241,P001_Weight_Stack_Seated_Leg_Extension_Pulling_Too_Fast_1_01.csv
1,11,2,5,1,22.109,22109,-0.23,0.34,9.22,9.2291,-0.0076,0.0131,-0.0011,1.63,1.0,337.31,-0.2812,0.2678,9.4772,9.4851,P001_Weight_Stack_Seated_Leg_Extension_Pulling_Too_Fast_1_01.csv
1,11,2,5,1,22.211,22211,-0.15,0.15,9.49,9.4924,0.0,0.0044,0.0,1.63,1.06,337.31,-0.2639,0.2522,9.4789,9.4859,P001_Weight_Stack_Seated_Leg_Extension_Pulling_Too_Fast_1_01.csv
1,11,2,5,1,22.328,22328,-0.08,0.39,9.57,9.5783,-0.0011,-0.0022,-0.0076,1.63,1.13,337.31,-0.2396,0.2704,9.4909,9.4978,P001_Weight_Stack_Seated_Leg_Extension_Pulling_Too_Fast_1_01.csv
1,11,2,5,1,22.431,22431,-0.21,0.22,9.6,9.6048,-0.0022,0.0055,-0.0044,1.63,1.13,337.31,-0.2357,0.2638,9.5053,9.5118,P001_Weight_Stack_Seated_Leg_Extension_Pulling_Too_Fast_1_01.csv
1,11,2,5,1,22.539,22539,-0.25,0.31,9.66,9.6682,0.0,0.0033,0.0011,1.63,1.13,337.31,-0.2376,0.2698,9.5257,9.5324,P001_Weight_Stack_Seated_Leg_Extension_Pulling_Too_Fast_1_01.csv
1,11,2,5,1,22.641,22641,-0.25,0.29,9.68,9.6876,0.0,0.0055,0.0,1.63,1.13,337.31,-0.2392,0.2725,9.546,9.5529,P001_Weight_Stack_Seated_Leg_Extension_Pulling_Too_Fast_1_01.csv
1,11,2,5,1,22.8,22800,-0.29,0.33,10.2,10.2095,-0.0011,0.0087,-0.0011,1.63,1.19,337.31,-0.2459,0.2801,9.6322,9.6394,P001_Weight_Stack_Seated_Leg_Extension_Pulling_Too_Fast_1_01.csv
1,11,2,5,1,22.902,22902,-0.21,0.66,9.55,9.5751,0.0065,-0.0044,0.0,1.56,1.13,337.31,-0.2412,0.3301,9.6213,9.63,P001_Weight_Stack_Seated_Leg_Extension_Pulling_Too_Fast_1_01.csv
1,11,2,5,1,23.006,23006,-0.5,0.45,13.62,13.6366,-0.0425,0.0338,0.0011,1.56,1.19,337.31,-0.2753,0.3459,10.1483,10.1579,P001_Weight_Stack_Seated_Leg_Extension_Pulling_Too_Fast_1_01.csv
1,11,2,5,1,23.111,23111,0.13,0.49,11.65,11.661,-0.0022,0.0076,0.0076,1.63,1.13,337.31,-0.2219,0.3649,10.3462,10.355,P001_Weight_Stack_Seated_Leg_Extension_Pulling_Too_Fast_1_01.csv
1,11,2,5,1,23.214,23214,-0.39,0.74,10.84,10.8722,0.0109,0.024,0.0185,1.63,1.06,337.38,-0.244,0.4143,10.4112,10.4223,P001_Weight_Stack_Seated_Leg_Extension_Pulling_Too_Fast_1_01.csv
1,11,2,5,1,23.328,23328,-0.34,-0.03,7.82,7.8274,0.0371,-0.0262,0.0207,1.69,1.0,337.44,-0.2567,0.3558,10.0698,10.0793,P001_Weight_Stack_Seated_Leg_Extension_Pulling_Too_Fast_1_01.csv
1,11,2,5,1,23.432,23432,-0.33,0.18,7.24,7.2498,0.0055,-0.0055,0.0175,1.69,0.94,337.5,-0.2664,0.3326,9.6969,9.7062,P001_Weight_Stack_Seated_Leg_Extension_Pulling_Too_Fast_1_01.csv
1,11,2,5,1,23.535,23535,-0.21,0.43,7.52,7.5352,0.0033,-0.0055,0.0109,1.69,0.94,337.5,-0.2589,0.3455,9.41,9.4199,P001_Weight_Stack_Seated_Leg_Extension_Pulling_Too_Fast_1_01.csv
1,11,2,5,1,23.643,23643,0.75,-1.08,8.59,8.6901,0.0033,-0.0207,0.0109,1.69,0.94,337.44,-0.126,0.1576,9.302,9.3042,P001_Weight_Stack_Seated_Leg_Extension_Pulling_Too_Fast_1_01.csv
1,12,2,5,1,23.745,23745,0.05,0.15,10.78,10.7812,-0.0175,0.0382,-0.0262,1.63,1.0,337.5,-0.1028,0.1566,9.4967,9.4986,P001_Weight_Stack_Seated_Leg_Extension_Pulling_Too_Fast_1_01.csv
1,12,2,5,1,23.854,23854,0.2,0.31,10.87,10.8763,-0.0196,0.0338,-0.0055,1.56,1.06,337.5,-0.0629,0.1768,9.6777,9.6795,P001_Weight_Stack_Seated_Leg_Extension_Pulling_Too_Fast_1_01.csv
1,12,2,5,1,23.956,23956,-0.4,-0.06,9.84,9.8483,0.0098,-0.036,0.0022,1.63,1.06,337.5,-0.1073,0.1456,9.6991,9.7008,P001_Weight_Stack_Seated_Leg_Extension_Pulling_Too_Fast_1_01.csv
1,12,2,5,1,24.062,24062,-0.37,0.41,9.88,9.8954,-0.0011,-0.0087,0.0076,1.63,1.06,337.5,-0.1419,0.1805,9.7229,9.7256,P001_Weight_Stack_Seated_Leg_Extension_Pulling_Too_Fast_1_01.csv
1,12,2,5,1,24.165,24165,-0.12,0.19,9.74,9.7426,-0.0044,0.0109,-0.0065,1.63,1.06,337.5,-0.139,0.1817,9.7252,9.7279,P001_Weight_Stack_Seated_Leg_Extension_Pulling_Too_Fast_1_01.csv
1,12,2,5,1,24.268,24268,-0.23,0.0,9.87,9.8727,-0.0033,0.0044,0.0011,1.63,1.13,337.5,-0.151,0.1578,9.7443,9.7467,P001_Weight_Stack_Seated_Leg_Extension_Pulling_Too_Fast_1_01.csv
1,12,2,5,1,24.386,24386,-0.06,0.3,10.57,10.5744,-0.0033,0.0065,0.0011,1.63,1.13,337.5,-0.139,0.1765,9.8531,9.8556,P001_Weight_Stack_Seated_Leg_Extension_Pulling_Too_Fast_1_01.csv
1,12,2,5,1,24.488,24488,-0.38,0.26,10.04,10.0506,0.0,0.0022,0.0011,1.63,1.13,337.5,-0.1708,0.1875,9.8777,9.881,P001_Weight_Stack_Seated_Leg_Extension_Pulling_Too_Fast_1_01.csv
1,12,2,5,1,24.596,24596,-0.3,0.27,9.54,9.5485,0.0033,0.0,0.0,1.63,1.13,337.5,-0.1878,0.1984,9.8332,9.837,P001_Weight_Stack_Seated_Leg_Extension_Pulling_Too_Fast_1_01.csv
1,12,2,5,1,24.698,24698,-0.05,0.27,10.56,10.5636,0.0022,0.0109,0.0011,1.63,1.13,337.5,-0.1697,0.2078,9.929,9.9326,P001_Weight_Stack_Seated_Leg_Extension_Pulling_Too_Fast_1_01.csv
1,12,2,5,1,24.857,24857,-0.31,0.35,11.47,11.4795,0.0011,-0.0065,0.0142,1.63,1.13,337.5,-0.1881,0.2266,10.132,10.1363,P001_Weight_Stack_Seated_Leg_Extension_Pulling_Too_Fast_1_01.csv
1,12,2,5,1,24.959,24959,-0.34,0.69,10.57,10.598,0.0033,0.0098,0.0098,1.63,1.13,337.56,-0.2082,0.2876,10.1898,10.1959,P001_Weight_Stack_Seated_Leg_Extension_Pulling_Too_Fast_1_01.csv
1,12,2,5,1,25.061,25061,-0.29,0.42,9.89,9.9032,0.0338,-0.036,0.0131,1.63,1.06,337.56,-0.2189,0.3051,10.1503,10.1572,P001_Weight_Stack_Seated_Leg_Extension_Pulling_Too_Fast_1_01.csv
1,12,2,5,1,25.168,25168,-0.71,1.04,7.38,7.4867,0.0022,0.0469,-0.0109,1.69,0.88,337.56,-0.2836,0.4019,9.7852,9.7976,P001_Weight_Stack_Seated_Leg_Extension_Pulling_Too_Fast_1_01.csv
1,12,2,5,1,25.271,25271,-0.86,0.38,6.44,6.5083,-0.0044,-0.0087,0.0262,1.75,0.81,337.56,-0.3596,0.399,9.3444,9.3598,P001_Weight_Stack_Seated_Leg_Extension_Pulling_Too_Fast_1_01.csv
1,12,2,5,1,25.389,25389,-0.08,0.14,8.62,8.6215,-0.0065,0.0076,0.0044,1.75,0.81,337.63,-0.3228,0.3649,9.2489,9.2618,P001_Weight_Stack_Seated_Leg_Extension_Pulling_Too_Fast_1_01.csv
1,13,2,5,1,25.491,25491,-0.2,-0.05,9.95,9.9521,-0.0098,-0.0022,-0.0327,1.75,0.88,337.63,-0.3066,0.3102,9.3413,9.3515,P001_Weight_Stack_Seated_Leg_Extension_Pulling_Too_Fast_1_01.csv
1,13,2,5,1,25.599,25599,0.0,0.78,10.98,11.0077,-0.0022,0.0098,-0.0207,1.69,0.94,337.63,-0.2662,0.3721,9.5573,9.5682,P001_Weight_Stack_Seated_Leg_Extension_Pulling_Too_Fast_1_01.csv
1,13,2,5,1,25.701,25701,-0.3,0.32,10.33,10.3393,-0.0055,-0.0327,0.0393,1.75,0.94,337.63,-0.2706,0.3653,9.6591,9.6698,P001_Weight_Stack_Seated_Leg_Extension_Pulling_Too_Fast_1_01.csv
1,13,2,5,1,25.803,25803,-0.25,0.36,9.65,9.6599,0.0055,-0.0164,0.012,1.69,0.94,337.63,-0.2679,0.3646,9.6579,9.6685,P001_Weight_Stack_Seated_Leg_Extension_Pulling_Too_Fast_1_01.csv
1,13,2,5,1,25.911,25911,-0.35,0.17,9.2,9.2082,0.0022,-0.0033,-0.0142,1.69,0.94,337.63,-0.2787,0.3389,9.5975,9.6076,P001_Weight_Stack_Seated_Leg_Extension_Pulling_Too_Fast_1_01.csv
1,13,2,5,1,26.013,26013,-0.26,0.37,9.32,9.331,-0.0044,0.0055,0.0065,1.69,1.0,337.63,-0.2763,0.343,9.561,9.5711,P001_Weight_Stack_Seated_Leg_Extension_Pulling_Too_Fast_1_01.csv
1,13,2,5,1,26.115,26115,-0.25,0.36,9.63,9.64,-0.0076,0.0044,-0.0065,1.63,1.0,337.63,-0.2728,0.3453,9.5701,9.5802,P001_Weight_Stack_Seated_Leg_Extension_Pulling_Too_Fast_1_01.csv
1,13,2,5,1,26.222,26222,-0.2,0.18,9.85,9.8537,0.0033,-0.0164,0.0,1.63,1.06,337.63,-0.2632,0.3235,9.607,9.616,P001_Weight_Stack_Seated_Leg_Extension_Pulling_Too_Fast_1_01.csv
1,13,2,5,1,26.324,26324,-0.22,0.36,9.78,9.7891,-0.0022,0.0055,0.0,1.63,1.13,337.63,-0.2575,0.3283,9.6298,9.6388,P001_Weight_Stack_Seated_Leg_Extension_Pulling_Too_Fast_1_01.csv
1,13,2,5,1,26.443,26443,-0.18,0.33,9.64,9.6473,-0.0011,-0.0065,0.0,1.63,1.13,337.63,-0.2473,0.3285,9.6311,9.6399,P001_Weight_Stack_Seated_Leg_Extension_Pulling_Too_Fast_1_01.csv
1,13,2,5,1,26.545,26545,-0.91,-0.11,9.97,10.012,0.0251,-0.0033,0.0087,1.63,1.13,337.69,-0.3346,0.2707,9.6758,9.6853,P001_Weight_Stack_Seated_Leg_Extension_Pulling_Too_Fast_1_01.csv
1,13,2,5,1,26.653,26653,0.4,0.14,12.36,12.3673,0.0,0.0011,0.024,1.56,1.13,337.63,-0.2378,0.2535,10.0295,10.0355,P001_Weight_Stack_Seated_Leg_Extension_Pulling_Too_Fast_1_01.csv
1,13,2,5,1,26.755,26755,-0.15,0.02,13.21,13.2109,0.0207,-0.0142,0.0065,1.63,1.06,337.69,-0.2263,0.2227,10.4486,10.4534,P001_Weight_Stack_Seated_Leg_Extension_Pulling_Too_Fast_1_01.csv
1,13,2,5,1,26.914,26914,-0.19,-0.21,8.49,8.4947,0.0338,-0.0273,0.0055,1.75,0.94,337.75,-0.2215,0.1657,10.1905,10.1943,P001_Weight_Stack_Seated_Leg_Extension_Pulling_Too_Fast_1_01.csv
1,13,2,5,1,27.016,27016,-0.1,0.58,6.66,6.686,-0.0011,-0.0055,-0.0535,1.75,0.88,337.75,-0.2055,0.2203,9.7253,9.7299,P001_Weight_Stack_Seated_Leg_Extension_Pulling_Too_Fast_1_01.csv
1,13,2,5,1,27.118,27118,-0.11,0.1,7.2,7.2015,0.0022,-0.0033,-0.0415,1.75,0.81,337.81,-0.1929,0.2045,9.3925,9.3967,P001_Weight_Stack_Seated_Leg_Extension_Pulling_Too_Fast_1_01.csv
1,13,2,5,1,27.225,27225,-0.1,0.13,8.46,8.4616,-0.0022,0.0196,-0.0207,1.75,0.81,337.81,-0.1806,0.1946,9.2696,9.2734,P001_Weight_Stack_Seated_Leg_Extension_Pulling_Too_Fast_1_01.csv
1,14,2,5,1,27.328,27328,-0.78,0.12,10.11,10.1408,0.0033,-0.0131,0.0185,1.75,0.88,337.81,-0.2596,0.1848,9.3804,9.3858,P001_Weight_Stack_Seated_Leg_Extension_Pulling_Too_Fast_1_01.csv
1,14,2,5,1,27.446,27446,-0.57,-0.1,11.18,11.195,0.0044,-0.0011,0.0065,1.69,0.88,337.81,-0.3005,0.1473,9.6175,9.6233,P001_Weight_Stack_Seated_Leg_Extension_Pulling_Too_Fast_1_01.csv
1,14,2,5,1,27.548,27548,0.48,0.22,10.03,10.0439,-0.0207,0.0382,-0.0251,1.69,0.88,337.81,-0.1977,0.1569,9.6719,9.6752,P001_Weight_Stack_Seated_Leg_Extension_Pulling_Too_Fast_1_01.csv
1,14,2,5,1,27.656,27656,-0.24,0.36,9.74,9.7496,0.0022,-0.0022,0.0,1.69,0.88,337.81,-0.2032,0.1836,9.6808,9.6847,P001_Weight_Stack_Seated_Leg_Extension_Pulling_Too_Fast_1_01.csv
1,14,2,5,1,27.758,27758,-0.37,0.38,9.25,9.2652,-0.0033,0.0,0.0033,1.69,0.88,337.88,-0.2252,0.2095,9.6241,9.629,P001_Weight_Stack_Seated_Leg_Extension_Pulling_Too_Fast_1_01.csv
1,14,2,5,1,27.86,27860,-0.24,0.18,9.31,9.3148,-0.0022,0.0022,-0.0011,1.69,0.94,337.88,-0.2272,0.2056,9.5827,9.5876,P001_Weight_Stack_Seated_Leg_Extension_Pulling_Too_Fast_1_01.csv
1,14,2,5,1,27.968,27968,-0.29,0.16,9.63,9.6357,0.0022,-0.0273,0.0022,1.63,1.0,337.88,-0.2354,0.1996,9.5889,9.5939,P001_Weight_Stack_Seated_Leg_Extension_Pulling_Too_Fast_1_01.csv
1,14,2,5,1,28.07,28070,-0.15,0.22,9.92,9.9236,-0.0033,0.0055,-0.0011,1.63,1.0,337.88,-0.2242,0.2023,9.6325,9.6373,P001_Weight_Stack_Seated_Leg_Extension_Pulling_Too_Fast_1_01.csv
1,14,2,5,1,28.172,28172,-0.15,0.32,9.77,9.7764,-0.0022,0.0087,0.0,1.63,1.06,337.88,-0.2144,0.2178,9.6507,9.6555,P001_Weight_Stack_Seated_Leg_Extension_Pulling_Too_Fast_1_01.csv
1,14,2,5,1,28.279,28279,-0.23,0.35,9.62,9.6291,-0.0011,0.0022,0.0022,1.63,1.06,337.88,-0.2165,0.2352,9.6466,9.6519,P001_Weight_Stack_Seated_Leg_Extension_Pulling_Too_Fast_1_01.csv
1,14,2,5,1,28.381,28381,-0.31,0.23,9.66,9.6677,-0.0011,-0.0022,0.0011,1.63,1.13,337.88,-0.2288,0.2345,9.6484,9.6539,P001_Weight_Stack_Seated_Leg_Extension_Pulling_Too_Fast_1_01.csv
1,14,2,5,1,28.5,28500,-0.28,0.36,10.08,10.0903,0.0011,0.0011,0.0,1.63,1.13,337.88,-0.2355,0.2511,9.7053,9.7114,P001_Weight_Stack_Seated_Leg_Extension_Pulling_Too_Fast_1_01.csv
1,14,2,5,1,28.602,28602,-0.24,0.3,10.33,10.3371,0.0011,-0.0044,0.0022,1.63,1.13,337.88,-0.2361,0.2575,9.7876,9.7938,P001_Weight_Stack_Seated_Leg_Extension_Pulling_Too_Fast_1_01.csv
1,14,2,5,1,28.71,28710,-0.11,0.27,10.91,10.9139,0.0,0.0,0.0022,1.63,1.13,337.88,-0.2195,0.2592,9.9355,9.9413,P001_Weight_Stack_Seated_Leg_Extension_Pulling_Too_Fast_1_01.csv
1,14,2,5,1,28.812,28812,-0.44,0.34,11.96,11.9729,0.012,0.0011,0.0044,1.63,1.13,337.88,-0.2486,0.2698,10.2023,10.2089,P001_Weight_Stack_Seated_Leg_Extension_Pulling_Too_Fast_1_01.csv
1,14,2,5,1,28.971,28971,-0.49,-0.17,10.58,10.5927,0.024,-0.0556,0.0153,1.63,1.0,337.88,-0.2804,0.2119,10.252,10.2581,P001_Weight_Stack_Seated_Leg_Extension_Pulling_Too_Fast_1_01.csv
1,14,2,5,1,29.073,29073,-0.66,2.09,7.16,7.4879,-0.0382,0.0491,-0.036,1.63,0.94,337.88,-0.3304,0.4593,9.8446,9.8608,P001_Weight_Stack_Seated_Leg_Extension_Pulling_Too_Fast_1_01.csv
1,14,2,5,1,29.175,29175,-0.68,-0.24,7.05,7.0868,0.0316,-0.0284,0.0055,1.75,0.88,337.88,-0.3765,0.3672,9.4763,9.4909,P001_Weight_Stack_Seated_Leg_Extension_Pulling_Too_Fast_1_01.csv
1,14,2,5,1,29.283,29283,-0.08,0.3,8.34,8.3458,-0.0033,0.0011,0.0109,1.75,0.88,337.94,-0.3374,0.3583,9.3266,9.3396,P001_Weight_Stack_Seated_Leg_Extension_Pulling_Too_Fast_1_01.csv
1,15,2,5,1,29.385,29385,0.09,-0.29,9.63,9.6348,-0.0011,0.0229,-0.0109,1.69,0.88,337.88,-0.2811,0.2729,9.3666,9.3748,P001_Weight_Stack_Seated_Leg_Extension_Pulling_Too_Fast_1_01.csv
1,15,2,5,1,29.503,29503,-0.17,0.3,10.09,10.0959,0.0153,-0.0109,-0.0033,1.75,0.94,337.94,-0.2664,0.2765,9.4619,9.4697,P001_Weight_Stack_Seated_Leg_Extension_Pulling_Too_Fast_1_01.csv
1,15,2,5,1,29.606,29606,0.16,0.13,10.14,10.1421,-0.0098,0.0098,0.0011,1.69,0.94,337.94,-0.2103,0.2572,9.5513,9.557,P001_Weight_Stack_Seated_Leg_Extension_Pulling_Too_Fast_1_01.csv
1,15,2,5,1,29.714,29714,-0.22,0.17,10.06,10.0638,-0.0065,0.0153,0.0,1.69,1.0,337.94,-0.2115,0.2457,9.6183,9.6238,P001_Weight_Stack_Seated_Leg_Extension_Pulling_Too_Fast_1_01.csv
1,15,2,5,1,29.816,29816,-0.41,0.39,9.35,9.3671,-0.0033,0.0065,0.0,1.63,1.0,337.94,-0.2377,0.2647,9.5829,9.5895,P001_Weight_Stack_Seated_Leg_Extension_Pulling_Too_Fast_1_01.csv
1,15,2,5,1,29.918,29918,-0.44,0.25,9.49,9.5035,0.0044,-0.0065,0.0022,1.63,1.0,337.94,-0.2643,0.2628,9.5707,9.578,P001_Weight_Stack_Seated_Leg_Extension_Pulling_Too_Fast_1_01.csv
1,15,2,5,1,30.026,30026,-0.13,0.2,9.53,9.533,0.0033,0.0065,0.0011,1.63,1.06,337.94,-0.2466,0.2545,9.5653,9.5719,P001_Weight_Stack_Seated_Leg_Extension_Pulling_Too_Fast_1_01.csv
1,15,2,5,1,30.128,30128,-0.2,0.14,9.78,9.783,0.0011,-0.0164,0.0033,1.63,1.06,337.94,-0.2405,0.2394,9.5936,9.5996,P001_Weight_Stack_Seated_Leg_Extension_Pulling_Too_Fast_1_01.csv
1,15,2,5,1,30.236,30236,-0.28,0.3,9.87,9.8785,0.0011,-0.0065,0.0033,1.63,1.06,337.94,-0.2457,0.2474,9.63,9.6364,P001_Weight_Stack_Seated_Leg_Extension_Pulling_Too_Fast_1_01.csv
1,15,2,5,1,30.338,30338,-0.24,0.3,9.61,9.6177,0.0011,0.0033,0.0,1.56,1.13,337.94,-0.245,0.2543,9.6274,9.6339,P001_Weight_Stack_Seated_Leg_Extension_Pulling_Too_Fast_1_01.csv
1,15,2,5,1,30.44,30440,-0.26,0.29,9.48,9.488,-0.0011,0.0033,0.0022,1.56,1.13,337.94,-0.2469,0.259,9.608,9.6146,P001_Weight_Stack_Seated_Leg_Extension_Pulling_Too_Fast_1_01.csv
1,15,2,5,1,30.557,30557,-0.24,0.38,9.6,9.6105,-0.0011,0.0,-0.0011,1.56,1.19,337.94,-0.246,0.275,9.6069,9.614,P001_Weight_Stack_Seated_Leg_Extension_Pulling_Too_Fast_1_01.csv
1,15,2,5,1,30.66,30660,-0.23,0.36,9.68,9.6894,-0.0044,-0.0044,-0.0011,1.56,1.19,337.94,-0.2439,0.2862,9.6166,9.6239,P001_Weight_Stack_Seated_Leg_Extension_Pulling_Too_Fast_1_01.csv
1,15,2,5,1,30.768,30768,-0.2,0.26,10.13,10.1353,0.0,-0.0011,0.0,1.56,1.19,337.94,-0.2381,0.2827,9.6842,9.6913,P001_Weight_Stack_Seated_Leg_Extension_Pulling_Too_Fast_1_01.csv
1,15,2,5,1,30.87,30870,-0.41,0.23,10.67,10.6804,0.0,-0.0011,-0.0011,1.56,1.19,337.94,-0.2608,0.2758,9.8141,9.8215,P001_Weight_Stack_Seated_Leg_Extension_Pulling_Too_Fast_1_01.csv
1,15,2,5,1,31.029,31029,-0.56,0.27,12.12,12.1359,0.0055,0.0,0.0055,1.56,1.19,337.94,-0.3002,0.275,10.118,10.1262,P001_Weight_Stack_Seated_Leg_Extension_Pulling_Too_Fast_1_01.csv
1,15,2,5,1,31.131,31131,-0.55,-0.18,10.29,10.3063,0.0185,0.012,0.0098,1.56,1.13,338.0,-0.3331,0.2151,10.1406,10.1484,P001_Weight_Stack_Seated_Leg_Extension_Pulling_Too_Fast_1_01.csv
1,15,2,5,1,31.233,31233,-0.72,0.49,7.96,8.0075,0.0273,-0.0316,0.0098,1.69,1.06,338.0,-0.3841,0.2513,9.8533,9.864,P001_Weight_Stack_Seated_Leg_Extension_Pulling_Too_Fast_1_01.csv
1,15,2,5,1,31.34,31340,-0.85,0.26,7.91,7.9598,0.0142,-0.0196,0.0131,1.69,0.94,338.06,-0.4455,0.2524,9.5972,9.6109,P001_Weight_Stack_Seated_Leg_Extension_Pulling_Too_Fast_1_01.csv
1,15,2,5,1,31.443,31443,-0.2,0.24,7.98,7.9861,0.0011,-0.0076,-0.0011,1.69,0.94,338.06,-0.4131,0.2508,9.3841,9.3965,P001_Weight_Stack_Seated_Leg_Extension_Pulling_Too_Fast_1_01.csv
1,16,2,5,1,31.561,31561,-0.09,0.15,9.85,9.8516,-0.0022,0.0087,0.0033,1.63,0.94,338.06,-0.3706,0.2375,9.4455,9.4557,P001_Weight_Stack_Seated_Leg_Extension_Pulling_Too_Fast_1_01.csv
1,16,2,5,1,31.663,31663,-0.06,0.39,10.09,10.0977,-0.0098,0.024,-0.0185,1.63,0.94,338.06,-0.3296,0.2576,9.5304,9.5396,P001_Weight_Stack_Seated_Leg_Extension_Pulling_Too_Fast_1_01.csv
1,16,2,5,1,31.771,31771,-0.58,0.39,9.88,9.9047,0.0022,0.0065,0.0153,1.69,0.94,338.06,-0.3626,0.2751,9.5765,9.5873,P001_Weight_Stack_Seated_Leg_Extension_Pulling_Too_Fast_1_01.csv
1,16,2,5,1,31.873,31873,-0.31,0.34,9.63,9.641,0.0022,-0.0055,-0.0033,1.69,1.0,338.06,-0.3557,0.2836,9.5835,9.5943,P001_Weight_Stack_Seated_Leg_Extension_Pulling_Too_Fast_1_01.csv
1,16,2,5,1,31.975,31975,-0.04,0.47,8.99,9.0024,-0.0087,0.0251,-0.0131,1.63,1.0,338.06,-0.3141,0.3082,9.5053,9.5155,P001_Weight_Stack_Seated_Leg_Extension_Pulling_Too_Fast_1_01.csv
1,16,2,5,1,32.083,32083,-0.27,0.21,9.52,9.5261,0.0044,0.0033,0.0098,1.63,1.0,338.06,-0.3083,0.2952,9.5073,9.5168,P001_Weight_Stack_Seated_Leg_Extension_Pulling_Too_Fast_1_01.csv
1,16,2,5,1,32.185,32185,-0.45,0.29,9.73,9.7447,0.0022,-0.0065,0.0011,1.56,1.0,338.06,-0.327,0.2945,9.5366,9.5468,P001_Weight_Stack_Seated_Leg_Extension_Pulling_Too_Fast_1_01.csv
1,16,2,5,1,32.289,32289,-0.46,0.15,9.93,9.9418,-0.0033,-0.012,0.0,1.63,1.0,338.06,-0.3445,0.2755,9.5885,9.5986,P001_Weight_Stack_Seated_Leg_Extension_Pulling_Too_Fast_1_01.csv
1,16,2,5,1,32.394,32394,-0.27,0.15,9.67,9.6749,0.0055,0.0022,0.0033,1.63,1.0,338.06,-0.3347,0.259,9.5992,9.6085,P001_Weight_Stack_Seated_Leg_Extension_Pulling_Too_Fast_1_01.csv
1,16,2,5,1,32.497,32497,-0.15,0.3,9.37,9.376,0.0033,-0.0022,0.0022,1.63,1.0,338.06,-0.3103,0.2644,9.569,9.5777,P001_Weight_Stack_Seated_Leg_Extension_Pulling_Too_Fast_1_01.csv
1,16,2,5,1,32.615,32615,-0.22,0.27,9.6,9.6063,0.0,0.0022,0.0,1.63,1.06,338.13,-0.2984,0.2651,9.5731,9.5814,P001_Weight_Stack_Seated_Leg_Extension_Pulling_Too_Fast_1_01.csv
1,16,2,5,1,32.717,32717,-0.26,0.34,9.7,9.7094,-0.0011,0.0033,-0.0022,1.63,1.13,338.13,-0.2934,0.275,9.5898,9.5982,P001_Weight_Stack_Seated_Leg_Extension_Pulling_Too_Fast_1_01.csv
1,16,2,5,1,32.822,32822,-0.27,0.37,9.97,9.9805,0.0022,0.0022,-0.0011,1.63,1.13,338.13,-0.2903,0.2875,9.6399,9.6486,P001_Weight_Stack_Seated_Leg_Extension_Pulling_Too_Fast_1_01.csv
1,16,2,5,1,32.926,32926,-0.24,0.32,10.09,10.0979,0.0011,-0.0065,0.0055,1.56,1.13,338.13,-0.2837,0.2918,9.6992,9.7077,P001_Weight_Stack_Seated_Leg_Extension_Pulling_Too_Fast_1_01.csv
1,16,2,5,1,33.086,33086,-0.25,0.24,13.01,13.0146,0.0011,-0.0011,0.0055,1.56,1.13,338.13,-0.2792,0.285,10.1355,10.1433,P001_Weight_Stack_Seated_Leg_Extension_Pulling_Too_Fast_1_01.csv
1,16,2,5,1,33.188,33188,-0.23,0.03,10.67,10.6725,0.0273,-0.0153,0.0098,1.56,1.06,338.13,-0.2727,0.2514,10.2059,10.2127,P001_Weight_Stack_Seated_Leg_Extension_Pulling_Too_Fast_1_01.csv
1,16,2,5,1,33.29,33290,-0.09,-0.15,8.77,8.7717,0.0327,-0.0338,0.0087,1.63,1.0,338.13,-0.2487,0.1985,10.0167,10.0218,P001_Weight_Stack_Seated_Leg_Extension_Pulling_Too_Fast_1_01.csv
1,16,2,5,1,33.397,33397,-0.06,0.7,7.14,7.1745,-0.0065,-0.0044,-0.0033,1.69,0.88,338.13,-0.2238,0.2646,9.6376,9.6439,P001_Weight_Stack_Seated_Leg_Extension_Pulling_Too_Fast_1_01.csv
1,16,2,5,1,33.5,33500,-0.07,0.09,7.39,7.3909,0.012,-0.0065,0.0011,1.69,0.81,338.13,-0.2035,0.2416,9.3415,9.3468,P001_Weight_Stack_Seated_Leg_Extension_Pulling_Too_Fast_1_01.csv
1,16,2,5,1,33.618,33618,-0.18,0.33,9.2,9.2077,-0.0044,0.0131,0.0044,1.69,0.88,338.13,-0.2004,0.2532,9.3228,9.3284,P001_Weight_Stack_Seated_Leg_Extension_Pulling_Too_Fast_1_01.csv
1,17,2,5,1,33.72,33720,-0.22,0.47,9.79,9.8037,-0.0087,0.0055,-0.0033,1.69,0.88,338.19,-0.203,0.2818,9.3844,9.3908,P001_Weight_Stack_Seated_Leg_Extension_Pulling_Too_Fast_1_01.csv
1,17,2,5,1,33.827,33827,-0.38,0.42,10.44,10.4554,-0.024,0.0153,0.0055,1.69,0.88,338.19,-0.2263,0.3,9.5235,9.5309,P001_Weight_Stack_Seated_Leg_Extension_Pulling_Too_Fast_1_01.csv
1,17,2,5,1,33.93,33930,-0.88,0.2,10.51,10.5487,0.0142,-0.0196,0.0109,1.63,0.94,338.19,-0.3125,0.2868,9.6535,9.6628,P001_Weight_Stack_Seated_Leg_Extension_Pulling_Too_Fast_1_01.csv
1,17,2,5,1,34.032,34032,-0.19,0.3,9.53,9.5366,-0.0055,0.0087,-0.0087,1.63,0.94,338.19,-0.2963,0.2886,9.6372,9.6461,P001_Weight_Stack_Seated_Leg_Extension_Pulling_Too_Fast_1_01.csv
1,17,2,5,1,34.14,34140,-0.28,0.31,9.48,9.4892,0.0,0.0011,0.0087,1.63,1.0,338.19,-0.2942,0.2914,9.6165,9.6254,P001_Weight_Stack_Seated_Leg_Extension_Pulling_Too_Fast_1_01.csv
1,17,2,5,1,34.242,34242,-0.25,0.18,9.64,9.6449,-0.0033,0.0033,-0.0022,1.63,1.0,338.19,-0.2884,0.2767,9.6196,9.6279,P001_Weight_Stack_Seated_Leg_Extension_Pulling_Too_Fast_1_01.csv
1,17,2,5,1,34.344,34344,0.07,0.1,9.7,9.7008,-0.0011,0.0033,0.0011,1.56,1.0,338.19,-0.2411,0.2534,9.6302,9.6365,P001_Weight_Stack_Seated_Leg_Extension_Pulling_Too_Fast_1_01.csv
1,17,2,5,1,34.451,34451,-0.13,0.27,9.72,9.7246,-0.0022,0.0044,-0.0033,1.63,1.0,338.19,-0.2265,0.2556,9.642,9.6481,P001_Weight_Stack_Seated_Leg_Extension_Pulling_Too_Fast_1_01.csv
1,17,2,5,1,34.553,34553,0.02,0.3,9.41,9.4148,-0.0055,0.0022,0.0022,1.56,1.06,338.19,-0.194,0.2615,9.6114,9.617,P001_Weight_Stack_Seated_Leg_Extension_Pulling_Too_Fast_1_01.csv
1,17,2,5,1,34.672,34672,-0.18,0.27,9.66,9.6654,0.0,0.0044,-0.0011,1.56,1.13,338.19,-0.1922,0.2626,9.6178,9.6233,P001_Weight_Stack_Seated_Leg_Extension_Pulling_Too_Fast_1_01.csv
1,17,2,5,1,34.774,34774,-0.27,0.33,9.94,9.9491,0.0,0.0033,0.0,1.56,1.13,338.19,-0.2024,0.2715,9.6603,9.6662,P001_Weight_Stack_Seated_Leg_Extension_Pulling_Too_Fast_1_01.csv
1,17,2,5,1,34.879,34879,-0.29,0.29,9.95,9.9584,0.0,0.0033,0.0011,1.56,1.13,338.19,-0.214,0.2739,9.6985,9.7047,P001_Weight_Stack_Seated_Leg_Extension_Pulling_Too_Fast_1_01.csv
1,17,2,5,1,34.983,34983,-0.27,0.33,10.38,10.3888,0.0033,-0.0065,0.0011,1.56,1.13,338.19,-0.2213,0.2813,9.7883,9.7948,P001_Weight_Stack_Seated_Leg_Extension_Pulling_Too_Fast_1_01.csv
1,17,2,5,1,35.143,35143,-0.2,0.18,11.93,11.933,0.0033,-0.0076,0.0087,1.5,1.13,338.19,-0.2185,0.2679,10.0705,10.0764,P001_Weight_Stack_Seated_Leg_Extension_Pulling_Too_Fast_1_01.csv
1,17,2,5,1,35.245,35245,-0.65,0.53,11.65,11.6801,0.0044,-0.0022,0.0065,1.56,1.13,338.19,-0.2754,0.3025,10.2786,10.2868,P001_Weight_Stack_Seated_Leg_Extension_Pulling_Too_Fast_1_01.csv
1,17,2,5,1,35.347,35347,-0.1,0.51,9.77,9.7838,0.0011,-0.0011,0.0065,1.56,1.06,338.25,-0.2523,0.3298,10.2116,10.2201,P001_Weight_Stack_Seated_Leg_Extension_Pulling_Too_Fast_1_01.csv
1,17,2,5,1,35.455,35455,-0.02,-0.01,7.2,7.2,0.072,-0.0382,0.0033,1.63,0.94,338.19,-0.2217,0.285,9.8148,9.8214,P001_Weight_Stack_Seated_Leg_Extension_Pulling_Too_Fast_1_01.csv
1,17,2,5,1,35.557,35557,-0.2,-0.09,6.06,6.064,0.012,0.0065,0.0044,1.69,0.88,338.25,-0.2188,0.2356,9.32,9.3255,P001_Weight_Stack_Seated_Leg_Extension_Pulling_Too_Fast_1_01.csv
1,17,2,5,1,35.675,35675,-0.14,0.73,8.07,8.1042,-0.0109,0.0131,-0.0065,1.63,0.88,338.25,-0.2084,0.3008,9.1553,9.1626,P001_Weight_Stack_Seated_Leg_Extension_Pulling_Too_Fast_1_01.csv
1,18,2,5,1,35.778,35778,-0.62,-0.36,9.92,9.9459,0.0349,-0.0654,0.0425,1.69,0.88,338.25,-0.2627,0.2137,9.256,9.2622,P001_Weight_Stack_Seated_Leg_Extension_Pulling_Too_Fast_1_01.csv
1,18,2,5,1,35.886,35886,0.05,0.1,10.83,10.8306,0.0044,0.0087,-0.012,1.56,0.94,338.25,-0.2215,0.1987,9.4634,9.4681,P001_Weight_Stack_Seated_Leg_Extension_Pulling_Too_Fast_1_01.csv
1,18,2,5,1,35.988,35988,-0.3,0.3,11.01,11.0182,-0.0011,0.0098,0.0087,1.56,0.94,338.25,-0.2318,0.2121,9.6672,9.6723,P001_Weight_Stack_Seated_Leg_Extension_Pulling_Too_Fast_1_01.csv
1,18,2,5,1,36.09,36090,-0.35,0.43,9.73,9.7458,-0.0011,-0.0044,-0.0033,1.56,0.94,338.25,-0.2474,0.2408,9.6755,9.6817,P001_Weight_Stack_Seated_Leg_Extension_Pulling_Too_Fast_1_01.csv
1,18,2,5,1,36.198,36198,-0.2,0.24,9.31,9.3152,0.0055,-0.0076,0.0055,1.56,0.94,338.25,-0.2411,0.2407,9.6273,9.6334,P001_Weight_Stack_Seated_Leg_Extension_Pulling_Too_Fast_1_01.csv
1,18,2,5,1,36.3,36300,-0.2,0.29,9.43,9.4366,0.0055,-0.0142,0.0044,1.56,1.0,338.25,-0.2357,0.2472,9.6013,9.6074,P001_Weight_Stack_Seated_Leg_Extension_Pulling_Too_Fast_1_01.csv
1,18,2,5,1,36.402,36402,-0.15,0.24,9.66,9.6641,-0.0065,0.0153,0.0011,1.56,1.0,338.25,-0.2244,0.2462,9.6091,9.6148,P001_Weight_Stack_Seated_Leg_Extension_Pulling_Too_Fast_1_01.csv
1,18,2,5,1,36.509,36509,-0.24,0.23,10.09,10.0955,0.0044,-0.0011,0.0,1.56,1.0,338.25,-0.2265,0.2441,9.6724,9.6782,P001_Weight_Stack_Seated_Leg_Extension_Pulling_Too_Fast_1_01.csv
1,18,2,5,1,36.611,36611,-0.18,0.42,10.02,10.0304,-0.0022,-0.0011,0.0,1.56,1.06,338.25,-0.2204,0.2673,9.7182,9.7244,P001_Weight_Stack_Seated_Leg_Extension_Pulling_Too_Fast_1_01.csv
1,18,2,5,1,36.729,36729,-0.24,0.36,9.68,9.6897,0.0,-0.0076,0.0011,1.56,1.06,338.25,-0.2229,0.2795,9.7132,9.7198,P001_Weight_Stack_Seated_Leg_Extension_Pulling_Too_Fast_1_01.csv
1,18,2,5,1,36.832,36832,-0.26,0.3,9.68,9.6881,0.0011,0.0,-0.0011,1.56,1.06,338.25,-0.2278,0.2822,9.7088,9.7156,P001_Weight_Stack_Seated_Leg_Extension_Pulling_Too_Fast_1_01.csv
1,18,2,5,1,36.94,36940,-0.17,0.35,10.62,10.6271,0.0033,-0.0011,0.0022,1.56,1.06,338.25,-0.2202,0.2911,9.8289,9.8357,P001_Weight_Stack_Seated_Leg_Extension_Pulling_Too_Fast_1_01.csv
1,18,2,5,1,37.042,37042,-0.24,0.27,11.64,11.6456,0.0011,-0.0044,0.0055,1.56,1.06,338.25,-0.2228,0.2883,10.0676,10.0741,P001_Weight_Stack_Seated_Leg_Extension_Pulling_Too_Fast_1_01.csv
1,18,2,5,1,37.201,37201,0.39,-0.42,10.7,10.7153,-0.0022,0.0087,0.0022,1.56,1.06,338.25,-0.1421,0.195,10.1509,10.1538,P001_Weight_Stack_Seated_Leg_Extension_Pulling_Too_Fast_1_01.csv
1,18,2,5,1,37.303,37303,0.21,0.76,10.01,10.041,0.0305,-0.0284,0.0065,1.56,1.0,338.31,-0.0957,0.2695,10.1323,10.1364,P001_Weight_Stack_Seated_Leg_Extension_Pulling_Too_Fast_1_01.csv
1,18,2,5,1,37.405,37405,-0.37,1.81,7.85,8.0645,-0.0207,-0.0164,-0.0055,1.63,0.88,338.25,-0.1318,0.4725,9.8316,9.8438,P001_Weight_Stack_Seated_Leg_Extension_Pulling_Too_Fast_1_01.csv
1,18,2,5,1,37.512,37512,-0.21,0.55,6.89,6.9151,0.0,0.0055,-0.0011,1.69,0.81,338.25,-0.1421,0.4827,9.444,9.4573,P001_Weight_Stack_Seated_Leg_Extension_Pulling_Too_Fast_1_01.csv
1,18,2,5,1,37.615,37615,-0.13,0.36,8.1,8.109,-0.0055,0.0,0.0011,1.69,0.81,338.31,-0.1405,0.4665,9.2669,9.2797,P001_Weight_Stack_Seated_Leg_Extension_Pulling_Too_Fast_1_01.csv
1,19,2,5,1,37.729,37729,-0.45,-0.07,9.6,9.6108,0.0065,-0.0262,0.0185,1.63,0.81,338.31,-0.1813,0.3958,9.3108,9.3209,P001_Weight_Stack_Seated_Leg_Extension_Pulling_Too_Fast_1_01.csv
1,19,2,5,1,37.833,37833,0.24,0.65,10.33,10.3532,-0.0153,0.0098,-0.0098,1.63,0.88,338.38,-0.1258,0.4293,9.4451,9.4557,P001_Weight_Stack_Seated_Leg_Extension_Pulling_Too_Fast_1_01.csv
1,19,2,5,1,37.936,37936,-0.17,0.36,10.56,10.5675,-0.0109,0.0098,0.0022,1.63,0.94,338.38,-0.1316,0.4202,9.592,9.6021,P001_Weight_Stack_Seated_Leg_Extension_Pulling_Too_Fast_1_01.csv
1,19,2,5,1,38.044,38044,0.0,0.29,10.42,10.424,-0.0076,0.0175,-0.0044,1.56,0.94,338.38,-0.1143,0.403,9.7011,9.7101,P001_Weight_Stack_Seated_Leg_Extension_Pulling_Too_Fast_1_01.csv
1,19,2,5,1,38.146,38146,0.06,0.28,9.63,9.6343,0.0011,0.0065,0.0,1.56,0.94,338.38,-0.0913,0.3868,9.6917,9.6999,P001_Weight_Stack_Seated_Leg_Extension_Pulling_Too_Fast_1_01.csv
1,19,2,5,1,38.255,38255,-0.07,0.27,9.33,9.3342,-0.0076,0.0076,-0.0011,1.63,0.94,338.38,-0.0885,0.3714,9.6441,9.6516,P001_Weight_Stack_Seated_Leg_Extension_Pulling_Too_Fast_1_01.csv
1,19,2,5,1,38.357,38357,-0.37,0.28,9.73,9.7411,0.0055,-0.0055,0.0011,1.63,0.94,338.38,-0.1256,0.3594,9.6554,9.6629,P001_Weight_Stack_Seated_Leg_Extension_Pulling_Too_Fast_1_01.csv
1,19,2,5,1,38.46,38460,-0.36,0.32,9.74,9.7519,-0.0011,0.0044,0.0011,1.56,1.0,338.38,-0.1565,0.3542,9.6665,9.6743,P001_Weight_Stack_Seated_Leg_Extension_Pulling_Too_Fast_1_01.csv
1,19,2,5,1,38.566,38566,-0.3,0.37,9.8,9.8116,-0.0022,-0.0033,0.0022,1.56,1.0,338.38,-0.1754,0.3563,9.6841,9.6923,P001_Weight_Stack_Seated_Leg_Extension_Pulling_Too_Fast_1_01.csv
1,19,2,5,1,38.668,38668,-0.19,0.28,9.78,9.7859,0.0011,0.0011,0.0,1.56,1.06,338.38,-0.1773,0.3462,9.6968,9.7046,P001_Weight_Stack_Seated_Leg_Extension_Pulling_Too_Fast_1_01.csv
1,19,2,5,1,38.787,38787,-0.29,0.32,9.51,9.5198,0.0011,-0.0055,0.0022,1.56,1.06,338.38,-0.1922,0.3428,9.6721,9.6801,P001_Weight_Stack_Seated_Leg_Extension_Pulling_Too_Fast_1_01.csv
1,19,2,5,1,38.889,38889,-0.18,0.29,9.79,9.7959,0.0,0.0055,-0.0011,1.56,1.13,338.38,-0.1906,0.3358,9.6877,9.6954,P001_Weight_Stack_Seated_Leg_Extension_Pulling_Too_Fast_1_01.csv
1,19,2,5,1,38.997,38997,-0.23,0.31,10.45,10.4571,0.0011,0.0,-0.0011,1.56,1.13,338.38,-0.1958,0.3324,9.7881,9.7957,P001_Weight_Stack_Seated_Leg_Extension_Pulling_Too_Fast_1_01.csv
1,19,2,5,1,39.099,39099,-0.31,0.47,12.28,12.2929,0.0,-0.0065,0.0033,1.5,1.13,338.38,-0.2108,0.3505,10.1165,10.1248,P001_Weight_Stack_Seated_Leg_Extension_Pulling_Too_Fast_1_01.csv
1,19,2,5,1,39.258,39258,-0.8,0.55,11.52,11.5608,0.0164,-0.0131,0.0175,1.56,1.06,338.38,-0.2885,0.3768,10.3014,10.3124,P001_Weight_Stack_Seated_Leg_Extension_Pulling_Too_Fast_1_01.csv
1,19,2,5,1,39.36,39360,-0.18,0.85,8.01,8.057,0.0022,-0.0055,-0.0076,1.63,0.94,338.44,-0.2742,0.4392,9.9995,10.0129,P001_Weight_Stack_Seated_Leg_Extension_Pulling_Too_Fast_1_01.csv
1,19,2,5,1,39.462,39462,0.14,0.14,6.65,6.6529,0.0131,-0.0142,0.0065,1.63,0.88,338.44,-0.2196,0.3998,9.5581,9.569,P001_Weight_Stack_Seated_Leg_Extension_Pulling_Too_Fast_1_01.csv
1,19,2,5,1,39.57,39570,0.06,0.08,6.83,6.8307,0.0022,0.0087,0.0087,1.63,0.88,338.44,-0.1827,0.3576,9.1986,9.2074,P001_Weight_Stack_Seated_Leg_Extension_Pulling_Too_Fast_1_01.csv
1,19,2,5,1,39.672,39672,-0.39,-0.04,9.12,9.1284,-0.0011,0.0196,0.0,1.63,0.88,338.44,-0.2101,0.3052,9.1883,9.1957,P001_Weight_Stack_Seated_Leg_Extension_Pulling_Too_Fast_1_01.csv
1,20,2,5,1,39.79,39790,-0.21,0.66,10.04,10.0639,-0.0164,0.0196,-0.0109,1.63,0.94,338.44,-0.21,0.352,9.3005,9.3095,P001_Weight_Stack_Seated_Leg_Extension_Pulling_Too_Fast_1_01.csv
1,20,2,5,1,39.892,39892,-0.14,0.53,11.49,11.5031,-0.0164,0.0338,0.0011,1.63,0.94,338.44,-0.2008,0.3754,9.589,9.5985,P001_Weight_Stack_Seated_Leg_Extension_Pulling_Too_Fast_1_01.csv
1,20,2,5,1,40.0,40000,-0.25,0.18,10.71,10.7144,-0.0055,-0.0011,0.0033,1.56,0.94,338.44,-0.2073,0.3497,9.7367,9.7452,P001_Weight_Stack_Seated_Leg_Extension_Pulling_Too_Fast_1_01.csv
1,20,2,5,1,40.102,40102,-0.3,0.3,9.77,9.7792,0.0087,-0.0011,0.0055,1.56,1.0,338.44,-0.2195,0.3431,9.7411,9.7496,P001_Weight_Stack_Seated_Leg_Extension_Pulling_Too_Fast_1_01.csv
1,20,2,5,1,40.204,40204,-0.05,0.42,9.27,9.2796,-0.0022,0.0164,0.0022,1.56,1.0,338.44,-0.1972,0.3533,9.679,9.6875,P001_Weight_Stack_Seated_Leg_Extension_Pulling_Too_Fast_1_01.csv
1,20,2,5,1,40.312,40312,-0.34,0.17,9.5,9.5076,0.0022,-0.0044,-0.0033,1.56,1.06,338.44,-0.216,0.3291,9.6554,9.6635,P001_Weight_Stack_Seated_Leg_Extension_Pulling_Too_Fast_1_01.csv
1,20,2,5,1,40.415,40415,-0.15,0.33,9.65,9.6568,0.0022,-0.0011,0.0033,1.5,1.13,338.44,-0.2073,0.3292,9.6547,9.6626,P001_Weight_Stack_Seated_Leg_Extension_Pulling_Too_Fast_1_01.csv
1,20,2,5,1,40.519,40519,-0.26,0.26,9.74,9.7469,-0.0022,0.0076,-0.0022,1.5,1.13,338.44,-0.2142,0.3201,9.666,9.6736,P001_Weight_Stack_Seated_Leg_Extension_Pulling_Too_Fast_1_01.csv
1,20,2,5,1,40.624,40624,-0.18,0.23,9.64,9.6444,-0.0022,-0.0011,-0.0011,1.5,1.13,338.44,-0.2097,0.3082,9.6625,9.6697,P001_Weight_Stack_Seated_Leg_Extension_Pulling_Too_Fast_1_01.csv
1,20,2,5,1,40.726,40726,-0.27,0.35,9.6,9.6102,0.0011,0.0033,0.0,1.5,1.19,338.44,-0.2177,0.3137,9.6543,9.6618,P001_Weight_Stack_Seated_Leg_Extension_Pulling_Too_Fast_1_01.csv
1,20,2,5,1,40.844,40844,-0.28,0.34,9.88,9.8898,0.0011,0.0,-0.0033,1.5,1.19,338.44,-0.2259,0.3172,9.684,9.6919,P001_Weight_Stack_Seated_Leg_Extension_Pulling_Too_Fast_1_01.csv
1,20,2,5,1,40.946,40946,-0.17,0.36,10.24,10.2477,-0.0011,-0.0044,0.0011,1.5,1.19,338.44,-0.2185,0.3228,9.7573,9.7651,P001_Weight_Stack_Seated_Leg_Extension_Pulling_Too_Fast_1_01.csv
1,20,2,5,1,41.054,41054,-0.56,0.2,10.71,10.7265,0.0011,0.0011,0.0033,1.5,1.19,338.44,-0.2635,0.3067,9.8828,9.8911,P001_Weight_Stack_Seated_Leg_Extension_Pulling_Too_Fast_1_01.csv
1,20,2,5,1,41.156,41156,-0.36,0.05,14.06,14.0647,0.0065,-0.0109,0.0142,1.5,1.19,338.44,-0.2762,0.2728,10.4333,10.4405,P001_Weight_Stack_Seated_Leg_Extension_Pulling_Too_Fast_1_01.csv
1,20,2,5,1,41.315,41315,0.51,-0.94,9.1,9.1626,0.036,-0.0153,0.0153,1.5,1.13,338.5,-0.1726,0.113,10.2576,10.2597,P001_Weight_Stack_Seated_Leg_Extension_Pulling_Too_Fast_1_01.csv
1,20,2,5,1,41.417,41417,-0.58,0.9,7.01,7.0913,0.0393,-0.0545,0.0153,1.56,1.0,338.56,-0.2263,0.2167,9.8296,9.8346,P001_Weight_Stack_Seated_Leg_Extension_Pulling_Too_Fast_1_01.csv
1,20,2,5,1,41.519,41519,-0.05,0.08,5.66,5.6608,0.0142,-0.0044,-0.0196,1.63,0.94,338.5,-0.2031,0.1987,9.2802,9.2845,P001_Weight_Stack_Seated_Leg_Extension_Pulling_Too_Fast_1_01.csv
1,20,2,5,1,41.627,41627,-0.3,0.16,8.17,8.1771,-0.0098,0.0164,0.012,1.63,0.94,338.56,-0.2158,0.1936,9.1339,9.1385,P001_Weight_Stack_Seated_Leg_Extension_Pulling_Too_Fast_1_01.csv
1,20,2,5,1,41.729,41729,-0.02,0.85,9.83,9.8667,-0.0284,0.0175,-0.0065,1.56,1.0,338.56,-0.19,0.2801,9.2256,9.2318,P001_Weight_Stack_Seated_Leg_Extension_Pulling_Too_Fast_1_01.csv
1,20,2,5,1,41.847,41847,-0.07,0.18,10.61,10.6118,-0.0044,-0.0098,-0.0076,1.5,1.06,338.63,-0.1742,0.2669,9.4081,9.4134,P001_Weight_Stack_Seated_Leg_Extension_Pulling_Too_Fast_1_01.csv
1,20,2,5,1,41.95,41950,-0.3,0.49,10.3,10.316,0.0207,-0.0251,0.012,1.56,1.0,338.56,-0.1908,0.2963,9.5256,9.5321,P001_Weight_Stack_Seated_Leg_Extension_Pulling_Too_Fast_1_01.csv
1,20,2,5,1,42.058,42058,-0.33,0.8,9.68,9.7186,-0.0055,0.0273,-0.0022,1.5,1.0,338.63,-0.2091,0.3627,9.5459,9.5551,P001_Weight_Stack_Seated_Leg_Extension_Pulling_Too_Fast_1_01.csv
1,20,2,5,1,42.16,42160,-0.31,0.25,9.46,9.4684,-0.0033,-0.0011,-0.0044,1.5,1.06,338.63,-0.2224,0.3478,9.5346,9.5435,P001_Weight_Stack_Seated_Leg_Extension_Pulling_Too_Fast_1_01.csv
1,20,2,5,1,42.262,42262,-0.22,0.32,9.64,9.6478,0.0087,-0.0109,-0.0022,1.5,1.06,338.63,-0.2221,0.3442,9.5485,9.5573,P001_Weight_Stack_Seated_Leg_Extension_Pulling_Too_Fast_1_01.csv
1,20,2,5,1,42.369,42369,-0.23,0.46,9.89,9.9034,-0.0098,0.0044,0.0022,1.5,1.06,338.63,-0.2232,0.3594,9.5935,9.6028,P001_Weight_Stack_Seated_Leg_Extension_Pulling_Too_Fast_1_01.csv
1,20,2,5,1,42.472,42472,-0.3,0.1,9.89,9.8951,0.0033,-0.0153,-0.0033,1.5,1.06,338.63,-0.2333,0.3252,9.6326,9.6409,P001_Weight_Stack_Seated_Leg_Extension_Pulling_Too_Fast_1_01.csv
1,1,2,5,1,0.0,0,-0.4,-0.13,9.77,9.779,0.0022,0.0022,0.0011,2.0,-0.75,291.31,-0.3724,-0.1873,9.8114,9.8202,P001_Weight_Stack_Seated_Leg_Extension_Pulling_Too_Fast_1_02.csv
1,1,2,5,1,0.131,131,-0.41,-0.11,9.87,9.8791,0.0022,0.0033,0.0,2.0,-0.75,291.31,-0.3774,-0.1771,9.8191,9.8279,P001_Weight_Stack_Seated_Leg_Extension_Pulling_Too_Fast_1_02.csv
1,1,2,5,1,0.262,262,-0.38,-0.16,9.72,9.7287,0.0,0.0011,-0.0011,2.0,-0.75,291.31,-0.3777,-0.1748,9.806,9.8149,P001_Weight_Stack_Seated_Leg_Extension_Pulling_Too_Fast_1_02.csv
1,1,2,5,1,0.392,392,-0.4,-0.07,9.78,9.7884,-0.0033,-0.0011,-0.0033,2.0,-0.75,291.31,-0.3807,-0.161,9.8026,9.8113,P001_Weight_Stack_Seated_Leg_Extension_Pulling_Too_Fast_1_02.csv
1,1,2,5,1,0.567,567,-0.43,-0.18,11.48,11.4895,-0.0044,-0.0011,0.0055,2.0,-0.75,291.31,-0.3872,-0.1635,10.0236,10.0324,P001_Weight_Stack_Seated_Leg_Extension_Pulling_Too_Fast_1_02.csv
1,1,2,5,1,0.698,698,0.12,-0.24,9.67,9.6737,0.0153,0.0284,0.0033,2.0,-0.81,291.31,-0.3203,-0.1736,9.977,9.9837,P001_Weight_Stack_Seated_Leg_Extension_Pulling_Too_Fast_1_02.csv
1,1,2,5,1,0.832,832,-0.27,-0.06,8.79,8.7944,0.0076,-0.0022,0.0022,2.06,-0.88,291.31,-0.3137,-0.1586,9.8206,9.8269,P001_Weight_Stack_Seated_Leg_Extension_Pulling_Too_Fast_1_02.csv
1,1,2,5,1,0.963,963,-0.28,-0.11,8.04,8.0456,0.0229,-0.0022,0.0,2.0,-0.94,291.31,-0.3093,-0.1522,9.586,9.5922,P001_Weight_Stack_Seated_Leg_Extension_Pulling_Too_Fast_1_02.csv
1,1,2,5,1,1.093,1093,-0.31,-0.05,8.86,8.8656,0.0098,0.0076,-0.0011,2.0,-0.94,291.31,-0.3094,-0.1388,9.4903,9.4964,P001_Weight_Stack_Seated_Leg_Extension_Pulling_Too_Fast_1_02.csv
1,2,2,5,1,1.224,1224,-0.28,-0.07,9.99,9.9942,0.0065,-0.0011,0.0011,2.0,-0.94,291.31,-0.3055,-0.1297,9.5562,9.5619,P001_Weight_Stack_Seated_Leg_Extension_Pulling_Too_Fast_1_02.csv
1,2,2,5,1,1.354,1354,-0.36,-0.15,9.89,9.8977,0.0033,-0.0098,-0.0011,2.0,-0.94,291.31,-0.3127,-0.1324,9.6001,9.6062,P001_Weight_Stack_Seated_Leg_Extension_Pulling_Too_Fast_1_02.csv
1,2,2,5,1,1.485,1485,-0.35,-0.24,9.41,9.4196,-0.0055,-0.0011,0.0033,2.06,-0.94,291.31,-0.3176,-0.1466,9.5751,9.5815,P001_Weight_Stack_Seated_Leg_Extension_Pulling_Too_Fast_1_02.csv
1,2,2,5,1,1.657,1657,-0.47,-0.13,9.6,9.6124,-0.0065,0.0076,0.0,2.06,-0.94,291.31,-0.3377,-0.1444,9.5784,9.5854,P001_Weight_Stack_Seated_Leg_Extension_Pulling_Too_Fast_1_02.csv
1,2,2,5,1,1.787,1787,-0.58,-0.03,10.15,10.1666,-0.0033,0.0087,0.0022,2.06,-0.88,291.31,-0.3696,-0.1293,9.6537,9.6616,P001_Weight_Stack_Seated_Leg_Extension_Pulling_Too_Fast_1_02.csv
1,2,2,5,1,1.917,1917,-0.48,-0.05,9.82,9.8319,-0.0044,0.0011,-0.0055,2.06,-0.88,291.31,-0.3842,-0.1189,9.6756,9.684,P001_Weight_Stack_Seated_Leg_Extension_Pulling_Too_Fast_1_02.csv
1,2,2,5,1,2.047,2047,-0.25,-0.19,9.93,9.935,0.0044,-0.012,0.0022,2.06,-0.88,291.31,-0.3665,-0.1282,9.7091,9.7169,P001_Weight_Stack_Seated_Leg_Extension_Pulling_Too_Fast_1_02.csv
1,2,2,5,1,2.177,2177,-0.32,-0.13,9.87,9.876,0.0065,-0.0065,-0.0022,2.06,-0.88,291.31,-0.3604,-0.1285,9.7303,9.7379,P001_Weight_Stack_Seated_Leg_Extension_Pulling_Too_Fast_1_02.csv
1,2,2,5,1,2.307,2307,-0.29,-0.16,9.72,9.7256,0.0022,0.0022,0.0022,2.06,-0.88,291.31,-0.3511,-0.1326,9.729,9.7362,P001_Weight_Stack_Seated_Leg_Extension_Pulling_Too_Fast_1_02.csv
1,2,2,5,1,2.437,2437,-0.4,-0.18,9.8,9.8098,-0.0055,0.0,-0.0011,2.06,-0.88,291.31,-0.3575,-0.1389,9.7383,9.7459,P001_Weight_Stack_Seated_Leg_Extension_Pulling_Too_Fast_1_02.csv
1,2,2,5,1,2.567,2567,-0.38,-0.11,9.63,9.6381,0.0,-0.0033,-0.0033,2.06,-0.88,291.31,-0.3605,-0.1351,9.7241,9.7317,P001_Weight_Stack_Seated_Leg_Extension_Pulling_Too_Fast_1_02.csv
1,2,2,5,1,2.74,2740,-0.5,-0.08,9.73,9.7432,-0.0109,-0.012,0.0,2.06,-0.81,291.31,-0.3789,-0.1278,9.7248,9.7331,P001_Weight_Stack_Seated_Leg_Extension_Pulling_Too_Fast_1_02.csv
1,2,2,5,1,2.87,2870,-0.35,-0.07,9.83,9.8365,-0.0055,0.0044,-0.0033,2.06,-0.81,291.31,-0.3751,-0.1202,9.7387,9.7467,P001_Weight_Stack_Seated_Leg_Extension_Pulling_Too_Fast_1_02.csv
1,2,2,5,1,3.0,3000,-0.36,-0.13,10.17,10.1772,0.0044,0.0011,-0.0022,2.06,-0.81,291.31,-0.3731,-0.1215,9.7955,9.8034,P001_Weight_Stack_Seated_Leg_Extension_Pulling_Too_Fast_1_02.csv
1,2,2,5,1,3.13,3130,-0.31,-0.14,9.9,9.9058,0.0055,0.0,0.0,2.06,-0.81,291.31,-0.3648,-0.1239,9.8093,9.8169,P001_Weight_Stack_Seated_Leg_Extension_Pulling_Too_Fast_1_02.csv
1,2,2,5,1,3.26,3260,-0.1,-0.45,9.44,9.4512,-0.0022,0.0033,-0.0011,2.06,-0.81,291.31,-0.3299,-0.1669,9.7606,9.7676,P001_Weight_Stack_Seated_Leg_Extension_Pulling_Too_Fast_1_02.csv
1,2,2,5,1,3.39,3390,-0.01,-0.49,11.59,11.6004,0.0011,-0.0033,-0.0524,2.13,-0.94,291.38,-0.2877,-0.2095,10.0017,10.008,P001_Weight_Stack_Seated_Leg_Extension_Pulling_Too_Fast_1_02.csv
1,2,2,5,1,3.52,3520,-0.31,-0.4,11.53,11.5411,0.1265,-0.0654,0.0185,2.13,-0.81,291.38,-0.2907,-0.2346,10.2031,10.2099,P001_Weight_Stack_Seated_Leg_Extension_Pulling_Too_Fast_1_02.csv
1,2,2,5,1,3.65,3650,-0.29,0.09,11.05,11.0542,0.0185,-0.0185,-0.0175,2.13,-0.81,291.38,-0.2906,-0.1918,10.3147,10.3206,P001_Weight_Stack_Seated_Leg_Extension_Pulling_Too_Fast_1_02.csv
1,2,2,5,1,3.824,3824,-0.03,-0.26,8.41,8.4141,0.0229,-0.0185,-0.0044,2.19,-0.94,291.38,-0.2562,-0.2008,10.0637,10.069,P001_Weight_Stack_Seated_Leg_Extension_Pulling_Too_Fast_1_02.csv
1,2,2,5,1,3.959,3959,-0.51,0.09,8.12,8.1365,-0.0076,-0.012,0.0011,2.25,-1.06,291.38,-0.2897,-0.1625,9.8076,9.8132,P001_Weight_Stack_Seated_Leg_Extension_Pulling_Too_Fast_1_02.csv
1,2,2,5,1,4.091,4091,-0.47,-0.16,8.43,8.4446,-0.0153,0.0011,0.0,2.25,-1.06,291.38,-0.3134,-0.1621,9.626,9.6325,P001_Weight_Stack_Seated_Leg_Extension_Pulling_Too_Fast_1_02.csv
1,2,2,5,1,4.221,4221,-0.55,-0.17,9.99,10.0066,0.0022,0.0033,-0.0033,2.25,-1.06,291.38,-0.3446,-0.1632,9.674,9.6815,P001_Weight_Stack_Seated_Leg_Extension_Pulling_Too_Fast_1_02.csv
1,2,2,5,1,4.351,4351,-0.49,-0.07,9.88,9.8924,-0.0033,0.0011,0.0011,2.19,-1.06,291.38,-0.3638,-0.1509,9.7011,9.7091,P001_Weight_Stack_Seated_Leg_Extension_Pulling_Too_Fast_1_02.csv
1,2,2,5,1,4.482,4482,-0.45,-0.04,9.45,9.4608,-0.0098,-0.0109,-0.0044,2.25,-1.0,291.38,-0.3751,-0.1363,9.6681,9.6763,P001_Weight_Stack_Seated_Leg_Extension_Pulling_Too_Fast_1_02.csv
1,2,2,5,1,4.612,4612,-0.51,-0.07,9.4,9.4141,-0.0131,0.0076,-0.0044,2.25,-1.0,291.38,-0.3929,-0.1276,9.6327,9.6416,P001_Weight_Stack_Seated_Leg_Extension_Pulling_Too_Fast_1_02.csv
1,2,2,5,1,4.742,4742,-0.29,-0.13,9.88,9.8851,0.0109,0.0044,0.0011,2.25,-1.0,291.38,-0.3793,-0.1279,9.6653,9.6736,P001_Weight_Stack_Seated_Leg_Extension_Pulling_Too_Fast_1_02.csv
1,2,2,5,1,4.915,4915,-0.39,-0.13,10.08,10.0884,0.0,0.0011,0.0,2.25,-1.0,291.38,-0.3807,-0.1282,9.72,9.7283,P001_Weight_Stack_Seated_Leg_Extension_Pulling_Too_Fast_1_02.csv
1,2,2,5,1,5.046,5046,-0.43,-0.14,10.04,10.0502,0.0011,0.0022,0.0,2.25,-1.0,291.38,-0.3872,-0.1297,9.7621,9.7707,P001_Weight_Stack_Seated_Leg_Extension_Pulling_Too_Fast_1_02.csv
1,2,2,5,1,5.176,5176,-0.4,-0.14,9.69,9.6993,0.0011,-0.0087,-0.0011,2.25,-1.0,291.38,-0.3889,-0.1311,9.7526,9.7613,P001_Weight_Stack_Seated_Leg_Extension_Pulling_Too_Fast_1_02.csv
1,2,2,5,1,5.31,5310,-0.44,-0.1,9.81,9.8204,-0.0065,-0.0044,0.0033,2.25,-1.0,291.38,-0.3957,-0.127,9.7602,9.769,P001_Weight_Stack_Seated_Leg_Extension_Pulling_Too_Fast_1_02.csv
1,2,2,5,1,5.444,5444,-0.44,-0.2,9.82,9.8319,-0.0022,0.0011,0.0033,2.25,-1.0,291.38,-0.4015,-0.1366,9.7681,9.7773,P001_Weight_Stack_Seated_Leg_Extension_Pulling_Too_Fast_1_02.csv
1,2,2,5,1,5.574,5574,-0.33,-0.14,9.61,9.6167,0.0011,0.0011,-0.0033,2.25,-1.0,291.38,-0.3921,-0.137,9.7472,9.7561,P001_Weight_Stack_Seated_Leg_Extension_Pulling_Too_Fast_1_02.csv
1,2,2,5,1,5.704,5704,-0.36,-0.15,9.73,9.7378,-0.0033,0.0022,0.0033,2.25,-1.0,291.38,-0.3878,-0.1388,9.745,9.7537,P001_Weight_Stack_Seated_Leg_Extension_Pulling_Too_Fast_1_02.csv
1,2,2,5,1,5.835,5835,-0.48,-0.12,9.74,9.7526,0.0,-0.0011,0.0,2.25,-1.0,291.38,-0.4,-0.1363,9.7443,9.7535,P001_Weight_Stack_Seated_Leg_Extension_Pulling_Too_Fast_1_02.csv
1,2,2,5,1,6.008,6008,-0.32,-0.07,9.85,9.8554,-0.0033,0.0,0.0011,2.25,-1.0,291.38,-0.3895,-0.1275,9.7582,9.7668,P001_Weight_Stack_Seated_Leg_Extension_Pulling_Too_Fast_1_02.csv
1,2,2,5,1,6.144,6144,-0.46,-0.11,9.58,9.5917,-0.0065,-0.0033,0.0076,2.25,-1.0,291.38,-0.3987,-0.1252,9.7348,9.7437,P001_Weight_Stack_Seated_Leg_Extension_Pulling_Too_Fast_1_02.csv
1,2,2,5,1,6.276,6276,-0.41,-0.06,9.67,9.6789,0.0022,0.0011,-0.0022,2.25,-1.0,291.38,-0.4002,-0.1166,9.7262,9.7351,P001_Weight_Stack_Seated_Leg_Extension_Pulling_Too_Fast_1_02.csv
1,2,2,5,1,6.406,6406,-0.36,-0.16,9.9,9.9078,-0.0022,0.0033,0.0,2.25,-1.0,291.38,-0.3949,-0.1224,9.7491,9.7579,P001_Weight_Stack_Seated_Leg_Extension_Pulling_Too_Fast_1_02.csv
1,2,2,5,1,6.536,6536,-0.37,-0.07,10.25,10.2569,-0.0022,-0.0033,0.0,2.25,-1.0,291.38,-0.3916,-0.1155,9.8151,9.8236,P001_Weight_Stack_Seated_Leg_Extension_Pulling_Too_Fast_1_02.csv
1,2,2,5,1,6.667,6667,-0.4,-0.14,11.76,11.7676,0.0055,-0.012,0.0022,2.25,-1.0,291.38,-0.3927,-0.1187,10.0714,10.0798,P001_Weight_Stack_Seated_Leg_Extension_Pulling_Too_Fast_1_02.csv
1,2,2,5,1,6.797,6797,-0.52,-0.07,10.21,10.2235,0.0218,0.0087,0.0098,2.31,-1.0,291.38,-0.4095,-0.1123,10.0897,10.0986,P001_Weight_Stack_Seated_Leg_Extension_Pulling_Too_Fast_1_02.csv
1,2,2,5,1,6.927,6927,-0.31,-0.22,8.85,8.8582,0.0185,-0.0131,0.0,2.38,-1.06,291.38,-0.3964,-0.1265,9.9263,9.935,P001_Weight_Stack_Seated_Leg_Extension_Pulling_Too_Fast_1_02.csv
1,2,2,5,1,7.1,7100,-0.17,-0.19,8.01,8.0141,0.0044,0.0076,-0.0065,2.38,-1.19,291.38,-0.3666,-0.1348,9.6738,9.6817,P001_Weight_Stack_Seated_Leg_Extension_Pulling_Too_Fast_1_02.csv
1,2,2,5,1,7.23,7230,-0.31,-0.17,8.81,8.8171,0.0,-0.0011,0.0044,2.38,-1.19,291.38,-0.3591,-0.1395,9.56,9.5677,P001_Weight_Stack_Seated_Leg_Extension_Pulling_Too_Fast_1_02.csv
1,3,2,5,1,7.361,7361,-0.35,-0.11,9.82,9.8269,0.0011,0.0044,-0.0044,2.38,-1.19,291.38,-0.3579,-0.1356,9.5942,9.6019,P001_Weight_Stack_Seated_Leg_Extension_Pulling_Too_Fast_1_02.csv
1,3,2,5,1,7.496,7496,-0.48,-0.04,9.75,9.7619,-0.0076,-0.0055,0.0022,2.38,-1.19,291.38,-0.374,-0.123,9.6148,9.6228,P001_Weight_Stack_Seated_Leg_Extension_Pulling_Too_Fast_1_02.csv
1,3,2,5,1,7.628,7628,-0.43,-0.16,9.79,9.8007,0.0033,-0.0033,0.0033,2.44,-1.13,291.38,-0.3814,-0.1279,9.6379,9.6462,P001_Weight_Stack_Seated_Leg_Extension_Pulling_Too_Fast_1_02.csv
1,3,2,5,1,7.759,7759,-0.24,-0.27,10.04,10.0465,0.0011,0.0076,0.0033,2.44,-1.13,291.38,-0.3627,-0.1466,9.6908,9.6987,P001_Weight_Stack_Seated_Leg_Extension_Pulling_Too_Fast_1_02.csv
1,3,2,5,1,7.89,7890,-0.29,-0.12,10.09,10.0949,0.0022,0.0044,-0.0033,2.44,-1.13,291.38,-0.3532,-0.1431,9.7434,9.7509,P001_Weight_Stack_Seated_Leg_Extension_Pulling_Too_Fast_1_02.csv
1,3,2,5,1,8.02,8020,-0.22,-0.21,9.9,9.9047,-0.0033,0.0055,0.0,2.44,-1.13,291.38,-0.3356,-0.1519,9.7641,9.771,P001_Weight_Stack_Seated_Leg_Extension_Pulling_Too_Fast_1_02.csv
1,3,2,5,1,8.193,8193,-0.47,-0.13,9.93,9.942,0.0033,-0.0055,-0.0033,2.5,-1.13,291.38,-0.3533,-0.149,9.7859,9.7934,P001_Weight_Stack_Seated_Leg_Extension_Pulling_Too_Fast_1_02.csv
1,3,2,5,1,8.328,8328,-0.29,-0.21,9.99,9.9964,0.0022,0.0022,-0.0033,2.5,-1.13,291.38,-0.345,-0.1571,9.8128,9.8201,P001_Weight_Stack_Seated_Leg_Extension_Pulling_Too_Fast_1_02.csv
1,3,2,5,1,8.46,8460,-0.43,-0.06,9.89,9.8995,-0.0087,-0.0011,0.0,2.5,-1.13,291.38,-0.3562,-0.1443,9.823,9.8305,P001_Weight_Stack_Seated_Leg_Extension_Pulling_Too_Fast_1_02.csv
1,3,2,5,1,8.591,8591,-0.26,-0.16,10.08,10.0846,0.0,0.0,-0.0033,2.5,-1.13,291.38,-0.3435,-0.1463,9.8569,9.8639,P001_Weight_Stack_Seated_Leg_Extension_Pulling_Too_Fast_1_02.csv
1,3,2,5,1,8.721,8721,-0.32,-0.13,9.87,9.876,-0.0022,0.0011,-0.0011,2.5,-1.13,291.38,-0.3404,-0.1442,9.8586,9.8655,P001_Weight_Stack_Seated_Leg_Extension_Pulling_Too_Fast_1_02.csv
1,3,2,5,1,8.852,8852,-0.34,-0.17,9.51,9.5176,0.0011,-0.0033,0.0,2.5,-1.13,291.38,-0.3404,-0.1476,9.8127,9.8197,P001_Weight_Stack_Seated_Leg_Extension_Pulling_Too_Fast_1_02.csv
1,3,2,5,1,8.982,8982,-0.35,-0.16,9.93,9.9375,-0.0011,0.0022,0.0022,2.5,-1.13,291.38,-0.3416,-0.1492,9.8281,9.8352,P001_Weight_Stack_Seated_Leg_Extension_Pulling_Too_Fast_1_02.csv
1,3,2,5,1,9.112,9112,-0.62,0.04,10.43,10.4485,0.0567,-0.0164,0.0175,2.5,-1.13,291.38,-0.3783,-0.1243,9.9074,9.9154,P001_Weight_Stack_Seated_Leg_Extension_Pulling_Too_Fast_1_02.csv
1,3,2,5,1,9.285,9285,-0.42,-0.02,11.75,11.7575,0.0185,-0.0229,0.0055,2.56,-1.13,291.38,-0.3838,-0.1105,10.1502,10.1581,P001_Weight_Stack_Seated_Leg_Extension_Pulling_Too_Fast_1_02.csv
1,3,2,5,1,9.418,9418,-0.51,-0.14,10.78,10.793,0.0044,-0.0011,0.0076,2.56,-1.19,291.44,-0.4004,-0.1144,10.2332,10.2417,P001_Weight_Stack_Seated_Leg_Extension_Pulling_Too_Fast_1_02.csv
1,3,2,5,1,9.553,9553,-0.31,0.06,8.76,8.7657,0.0229,-0.0218,-0.0055,2.63,-1.25,291.44,-0.3885,-0.0914,10.0391,10.047,P001_Weight_Stack_Seated_Leg_Extension_Pulling_Too_Fast_1_02.csv
1,3,2,5,1,9.684,9684,-0.45,-0.2,7.67,7.6858,-0.0164,0.0087,-0.0011,2.63,-1.38,291.44,-0.3966,-0.1057,9.7269,9.7356,P001_Weight_Stack_Seated_Leg_Extension_Pulling_Too_Fast_1_02.csv
1,3,2,5,1,9.814,9814,-0.42,-0.2,8.29,8.303,-0.0076,0.0033,-0.0011,2.63,-1.38,291.44,-0.3997,-0.1182,9.5376,9.5467,P001_Weight_Stack_Seated_Leg_Extension_Pulling_Too_Fast_1_02.csv
1,4,2,5,1,9.944,9944,-0.45,-0.21,9.61,9.6228,-0.0087,0.0076,0.0022,2.63,-1.38,291.44,-0.4063,-0.1303,9.5471,9.5566,P001_Weight_Stack_Seated_Leg_Extension_Pulling_Too_Fast_1_02.csv
1,4,2,5,1,10.075,10075,-0.63,-0.04,9.81,9.8303,-0.0011,-0.0393,0.0,2.69,-1.31,291.44,-0.4358,-0.1184,9.5817,9.5924,P001_Weight_Stack_Seated_Leg_Extension_Pulling_Too_Fast_1_02.csv
1,4,2,5,1,10.205,10205,-0.53,-0.09,10.06,10.0744,-0.0033,0.0022,-0.0033,2.69,-1.25,291.44,-0.4482,-0.1146,9.6448,9.6559,P001_Weight_Stack_Seated_Leg_Extension_Pulling_Too_Fast_1_02.csv
1,4,2,5,1,10.378,10378,-0.29,-0.11,10.11,10.1148,0.0109,-0.0098,0.0011,2.63,-1.25,291.44,-0.4274,-0.114,9.7061,9.7161,P001_Weight_Stack_Seated_Leg_Extension_Pulling_Too_Fast_1_02.csv
1,4,2,5,1,10.508,10508,-0.32,-0.14,9.72,9.7263,-0.0055,0.0033,0.0044,2.56,-1.19,291.44,-0.4132,-0.1174,9.7079,9.7174,P001_Weight_Stack_Seated_Leg_Extension_Pulling_Too_Fast_1_02.csv
1,4,2,5,1,10.638,10638,-0.45,-0.24,9.62,9.6335,0.0033,-0.0175,-0.0011,2.63,-1.19,291.44,-0.4181,-0.1336,9.6963,9.7063,P001_Weight_Stack_Seated_Leg_Extension_Pulling_Too_Fast_1_02.csv
1,4,2,5,1,10.769,10769,-0.47,-0.09,9.73,9.7418,-0.0109,-0.0011,0.0,2.63,-1.19,291.44,-0.4249,-0.1279,9.7008,9.7109,P001_Weight_Stack_Seated_Leg_Extension_Pulling_Too_Fast_1_02.csv
1,4,2,5,1,10.899,10899,-0.38,-0.16,9.8,9.8087,-0.0109,0.0033,-0.0011,2.63,-1.13,291.44,-0.419,-0.1321,9.7138,9.7238,P001_Weight_Stack_Seated_Leg_Extension_Pulling_Too_Fast_1_02.csv
1,4,2,5,1,11.03,11030,-0.44,-0.11,9.8,9.8105,-0.0065,0.0033,0.0022,2.56,-1.13,291.44,-0.4218,-0.1292,9.7252,9.7352,P001_Weight_Stack_Seated_Leg_Extension_Pulling_Too_Fast_1_02.csv
1,4,2,5,1,11.161,11161,-0.46,-0.1,9.9,9.9112,-0.0033,0.0022,0.0,2.56,-1.13,291.44,-0.4268,-0.1253,9.7482,9.7584,P001_Weight_Stack_Seated_Leg_Extension_Pulling_Too_Fast_1_02.csv
1,4,2,5,1,11.291,11291,-0.41,-0.14,9.64,9.6497,0.0,-0.0011,-0.0011,2.56,-1.13,291.44,-0.4246,-0.1273,9.734,9.7441,P001_Weight_Stack_Seated_Leg_Extension_Pulling_Too_Fast_1_02.csv
1,4,2,5,1,11.467,11467,-0.38,-0.14,9.93,9.9383,-0.0055,0.0011,-0.0011,2.56,-1.13,291.44,-0.4187,-0.1289,9.7598,9.7696,P001_Weight_Stack_Seated_Leg_Extension_Pulling_Too_Fast_1_02.csv
1,4,2,5,1,11.598,11598,-0.39,-0.09,9.88,9.8881,0.0,0.0011,-0.0011,2.56,-1.13,291.44,-0.4149,-0.1238,9.7756,9.7852,P001_Weight_Stack_Seated_Leg_Extension_Pulling_Too_Fast_1_02.csv
1,4,2,5,1,11.729,11729,-0.34,-0.09,10.03,10.0362,0.0011,-0.0011,0.0022,2.56,-1.06,291.44,-0.4051,-0.1194,9.8092,9.8182,P001_Weight_Stack_Seated_Leg_Extension_Pulling_Too_Fast_1_02.csv
1,4,2,5,1,11.859,11859,-0.37,-0.28,11.96,11.969,0.0055,-0.0076,0.0044,2.56,-1.06,291.44,-0.4004,-0.1405,10.0926,10.1015,P001_Weight_Stack_Seated_Leg_Extension_Pulling_Too_Fast_1_02.csv
1,4,2,5,1,11.989,11989,-0.42,-0.26,11.29,11.3008,0.0065,-0.0262,0.0076,2.56,-1.13,291.44,-0.403,-0.1563,10.2504,10.2595,P001_Weight_Stack_Seated_Leg_Extension_Pulling_Too_Fast_1_02.csv
1,4,2,5,1,12.12,12120,-0.58,-0.02,8.58,8.5996,0.0033,-0.0131,-0.0022,2.63,-1.19,291.44,-0.4263,-0.1383,10.0303,10.0403,P001_Weight_Stack_Seated_Leg_Extension_Pulling_Too_Fast_1_02.csv
1,4,2,5,1,12.25,12250,-0.51,0.05,7.55,7.5674,-0.0087,0.0,0.0,2.63,-1.31,291.44,-0.4374,-0.1135,9.7034,9.7139,P001_Weight_Stack_Seated_Leg_Extension_Pulling_Too_Fast_1_02.csv
1,4,2,5,1,12.38,12380,-0.38,-0.18,7.84,7.8513,-0.0022,-0.0033,0.0044,2.63,-1.38,291.44,-0.4298,-0.1223,9.4579,9.4684,P001_Weight_Stack_Seated_Leg_Extension_Pulling_Too_Fast_1_02.csv
1,5,2,5,1,12.553,12553,-0.11,-0.11,9.5,9.5013,0.0207,0.0087,0.0076,2.63,-1.31,291.44,-0.3877,-0.1206,9.4634,9.4721,P001_Weight_Stack_Seated_Leg_Extension_Pulling_Too_Fast_1_02.csv
1,5,2,5,1,12.685,12685,-0.28,-0.11,9.9,9.9046,0.0382,-0.0196,0.0044,2.69,-1.25,291.44,-0.3735,-0.1192,9.521,9.529,P001_Weight_Stack_Seated_Leg_Extension_Pulling_Too_Fast_1_02.csv
1,5,2,5,1,12.816,12816,-0.23,-0.27,10.47,10.476,0.0,0.0207,0.0142,2.63,-1.19,291.44,-0.3546,-0.1391,9.646,9.6535,P001_Weight_Stack_Seated_Leg_Extension_Pulling_Too_Fast_1_02.csv
1,5,2,5,1,12.951,12951,-0.37,-0.11,10.3,10.3072,-0.0055,0.0,-0.0076,2.63,-1.19,291.44,-0.3566,-0.1353,9.7322,9.7397,P001_Weight_Stack_Seated_Leg_Extension_Pulling_Too_Fast_1_02.csv
1,5,2,5,1,13.082,13082,-0.37,-0.14,10.0,10.0078,0.0055,-0.0087,0.0044,2.69,-1.19,291.44,-0.3584,-0.1359,9.7675,9.775,P001_Weight_Stack_Seated_Leg_Extension_Pulling_Too_Fast_1_02.csv
1,5,2,5,1,13.212,13212,-0.37,-0.1,9.77,9.7775,0.0,-0.0044,-0.0033,2.63,-1.13,291.44,-0.3599,-0.1312,9.7678,9.7753,P001_Weight_Stack_Seated_Leg_Extension_Pulling_Too_Fast_1_02.csv
1,5,2,5,1,13.342,13342,-0.4,-0.13,9.8,9.809,-0.0011,-0.0087,0.0022,2.63,-1.13,291.44,-0.3652,-0.131,9.7721,9.7798,P001_Weight_Stack_Seated_Leg_Extension_Pulling_Too_Fast_1_02.csv
1,5,2,5,1,13.473,13473,-0.41,-0.09,9.92,9.9289,-0.0065,0.0033,-0.0011,2.63,-1.13,291.44,-0.3711,-0.1256,9.7916,9.7994,P001_Weight_Stack_Seated_Leg_Extension_Pulling_Too_Fast_1_02.csv
1,5,2,5,1,13.646,13646,-0.37,-0.15,9.89,9.8981,0.0022,-0.0055,0.0,2.56,-1.06,291.44,-0.3709,-0.1288,9.8045,9.8124,P001_Weight_Stack_Seated_Leg_Extension_Pulling_Too_Fast_1_02.csv
1,5,2,5,1,13.778,13778,-0.37,-0.18,9.64,9.6488,0.0011,0.0,0.0011,2.56,-1.06,291.44,-0.3708,-0.1356,9.7828,9.7908,P001_Weight_Stack_Seated_Leg_Extension_Pulling_Too_Fast_1_02.csv
1,5,2,5,1,13.913,13913,-0.37,-0.12,9.79,9.7977,0.0,0.0022,0.0,2.56,-1.06,291.44,-0.3707,-0.1335,9.7838,9.7917,P001_Weight_Stack_Seated_Leg_Extension_Pulling_Too_Fast_1_02.csv
1,5,2,5,1,14.044,14044,-0.36,-0.16,10.04,10.0477,0.0,0.0022,-0.0011,2.56,-1.06,291.44,-0.3693,-0.137,9.8175,9.8254,P001_Weight_Stack_Seated_Leg_Extension_Pulling_Too_Fast_1_02.csv
1,5,2,5,1,14.174,14174,-0.38,-0.12,9.79,9.7981,0.0,0.0,0.0022,2.56,-1.06,291.44,-0.3707,-0.1348,9.8139,9.8218,P001_Weight_Stack_Seated_Leg_Extension_Pulling_Too_Fast_1_02.csv
1,5,2,5,1,14.305,14305,-0.36,-0.15,9.89,9.8977,0.0022,0.0044,0.0011,2.56,-1.06,291.44,-0.3693,-0.1368,9.8239,9.8318,P001_Weight_Stack_Seated_Leg_Extension_Pulling_Too_Fast_1_02.csv
1,5,2,5,1,14.435,14435,-0.46,-0.21,11.26,11.2713,-0.0011,-0.0044,0.0033,2.56,-1.06,291.44,-0.3813,-0.1464,10.0132,10.0215,P001_Weight_Stack_Seated_Leg_Extension_Pulling_Too_Fast_1_02.csv
1,5,2,5,1,14.566,14566,-0.32,-0.32,11.64,11.6488,0.0076,0.0011,0.0087,2.56,-1.06,291.44,-0.3732,-0.1693,10.2276,10.2358,P001_Weight_Stack_Seated_Leg_Extension_Pulling_Too_Fast_1_02.csv
1,5,2,5,1,14.738,14738,-0.36,-0.01,8.66,8.6675,0.0316,-0.0098,0.0,2.63,-1.19,291.44,-0.3714,-0.1483,10.021,10.029,P001_Weight_Stack_Seated_Leg_Extension_Pulling_Too_Fast_1_02.csv
1,5,2,5,1,14.869,14869,-0.21,-0.15,7.46,7.4645,-0.0109,0.0055,0.0033,2.56,-1.31,291.44,-0.3502,-0.1485,9.6835,9.691,P001_Weight_Stack_Seated_Leg_Extension_Pulling_Too_Fast_1_02.csv
1,5,2,5,1,14.999,14999,-0.4,-0.01,7.67,7.6804,0.0044,-0.0022,0.0,2.56,-1.38,291.5,-0.3567,-0.1303,9.4182,9.4258,P001_Weight_Stack_Seated_Leg_Extension_Pulling_Too_Fast_1_02.csv
1,5,2,5,1,15.13,15130,-0.32,-0.07,8.69,8.6962,-0.0185,0.0196,0.0011,2.56,-1.31,291.44,-0.3519,-0.1223,9.3222,9.3297,P001_Weight_Stack_Seated_Leg_Extension_Pulling_Too_Fast_1_02.csv
1,6,2,5,1,15.265,15265,-0.55,0.05,9.87,9.8854,-0.024,-0.0415,0.0044,2.63,-1.19,291.5,-0.378,-0.0996,9.3944,9.4025,P001_Weight_Stack_Seated_Leg_Extension_Pulling_Too_Fast_1_02.csv
1,6,2,5,1,15.397,15397,-0.46,-0.16,10.27,10.2815,0.0033,0.0196,-0.0065,2.56,-1.25,291.5,-0.3888,-0.1076,9.5098,9.5183,P001_Weight_Stack_Seated_Leg_Extension_Pulling_Too_Fast_1_02.csv
1,6,2,5,1,15.527,15527,-0.12,-0.32,10.26,10.2657,-0.012,-0.0229,0.0,2.56,-1.19,291.5,-0.3534,-0.1356,9.6087,9.6161,P001_Weight_Stack_Seated_Leg_Extension_Pulling_Too_Fast_1_02.csv
1,6,2,5,1,15.658,15658,-0.35,-0.18,10.02,10.0277,0.0044,-0.0011,-0.0011,2.56,-1.19,291.5,-0.3529,-0.1414,9.6629,9.6703,P001_Weight_Stack_Seated_Leg_Extension_Pulling_Too_Fast_1_02.csv
1,6,2,5,1,15.831,15831,-0.35,-0.23,9.43,9.4393,-0.0011,-0.0011,0.0033,2.56,-1.19,291.5,-0.3526,-0.1531,9.6322,9.6398,P001_Weight_Stack_Seated_Leg_Extension_Pulling_Too_Fast_1_02.csv
1,6,2,5,1,15.966,15966,-0.49,-0.19,9.85,9.864,-0.0175,0.0087,0.0,2.56,-1.19,291.5,-0.3707,-0.158,9.6609,9.6693,P001_Weight_Stack_Seated_Leg_Extension_Pulling_Too_Fast_1_02.csv
1,6,2,5,1,16.099,16099,-0.45,-0.13,10.04,10.0509,0.0033,-0.0044,-0.0022,2.56,-1.19,291.5,-0.3811,-0.1543,9.7108,9.7195,P001_Weight_Stack_Seated_Leg_Extension_Pulling_Too_Fast_1_02.csv
1,6,2,5,1,16.229,16229,-0.42,-0.11,9.6,9.6098,-0.0022,0.0,0.0022,2.56,-1.19,291.5,-0.3862,-0.1484,9.6962,9.7051,P001_Weight_Stack_Seated_Leg_Extension_Pulling_Too_Fast_1_02.csv
1,6,2,5,1,16.36,16360,-0.45,-0.1,9.72,9.7309,-0.0055,0.0,0.0022,2.56,-1.19,291.5,-0.3946,-0.1421,9.6994,9.7084,P001_Weight_Stack_Seated_Leg_Extension_Pulling_Too_Fast_1_02.csv
1,6,2,5,1,16.49,16490,-0.4,-0.14,10.06,10.0689,0.0033,0.0022,0.0,2.56,-1.19,291.5,-0.3953,-0.1418,9.7469,9.7559,P001_Weight_Stack_Seated_Leg_Extension_Pulling_Too_Fast_1_02.csv
1,6,2,5,1,16.62,16620,-0.43,-0.19,10.35,10.3607,0.0033,0.0011,0.0,2.56,-1.19,291.5,-0.3999,-0.1481,9.8264,9.8356,P001_Weight_Stack_Seated_Leg_Extension_Pulling_Too_Fast_1_02.csv
1,6,2,5,1,16.751,16751,-0.26,-0.14,9.47,9.4746,0.0065,0.0065,-0.0033,2.56,-1.19,291.5,-0.3815,-0.1471,9.7794,9.7879,P001_Weight_Stack_Seated_Leg_Extension_Pulling_Too_Fast_1_02.csv
1,6,2,5,1,16.924,16924,-0.34,-0.17,10.36,10.367,-0.0076,-0.0011,-0.0109,2.56,-1.19,291.5,-0.376,-0.1501,9.8559,9.8642,P001_Weight_Stack_Seated_Leg_Extension_Pulling_Too_Fast_1_02.csv
1,6,2,5,1,17.055,17055,-0.38,-0.06,11.24,11.2466,-0.0207,0.0033,-0.0087,2.56,-1.19,291.5,-0.3765,-0.1382,10.0383,10.0463,P001_Weight_Stack_Seated_Leg_Extension_Pulling_Too_Fast_1_02.csv
1,6,2,5,1,17.186,17186,-0.42,-0.22,11.05,11.0602,0.0262,-0.0087,0.0142,2.56,-1.25,291.56,-0.3823,-0.149,10.1716,10.1799,P001_Weight_Stack_Seated_Leg_Extension_Pulling_Too_Fast_1_02.csv
1,6,2,5,1,17.321,17321,-0.57,-0.07,9.12,9.1381,-0.0065,-0.0447,-0.0098,2.63,-1.31,291.56,-0.407,-0.1386,10.033,10.0422,P001_Weight_Stack_Seated_Leg_Extension_Pulling_Too_Fast_1_02.csv
1,6,2,5,1,17.452,17452,-0.15,-0.24,7.74,7.7452,0.0207,-0.0175,0.0,2.63,-1.44,291.56,-0.3731,-0.1519,9.7309,9.7392,P001_Weight_Stack_Seated_Leg_Extension_Pulling_Too_Fast_1_02.csv
1,6,2,5,1,17.582,17582,-0.36,-0.1,7.65,7.6591,0.0022,-0.0033,-0.0011,2.63,-1.44,291.56,-0.3714,-0.1451,9.4567,9.4651,P001_Weight_Stack_Seated_Leg_Extension_Pulling_Too_Fast_1_02.csv
1,6,2,5,1,17.713,17713,-0.37,-0.14,9.25,9.2585,0.0033,0.0,0.0065,2.63,-1.44,291.56,-0.3712,-0.1444,9.4294,9.4378,P001_Weight_Stack_Seated_Leg_Extension_Pulling_Too_Fast_1_02.csv
1,7,2,5,1,17.843,17843,-0.76,-0.09,10.18,10.2087,-0.0425,-0.0774,-0.0142,2.69,-1.38,291.56,-0.4225,-0.1373,9.5283,9.5387,P001_Weight_Stack_Seated_Leg_Extension_Pulling_Too_Fast_1_02.csv
1,7,2,5,1,18.016,18016,-0.3,-0.18,10.47,10.4758,0.0175,-0.0022,0.0022,2.63,-1.38,291.63,-0.4063,-0.1429,9.6524,9.662,P001_Weight_Stack_Seated_Leg_Extension_Pulling_Too_Fast_1_02.csv
1,7,2,5,1,18.15,18150,-0.36,-0.39,10.38,10.3936,-0.0022,0.0033,0.0055,2.63,-1.38,291.63,-0.4002,-0.1755,9.7483,9.7581,P001_Weight_Stack_Seated_Leg_Extension_Pulling_Too_Fast_1_02.csv
1,7,2,5,1,18.284,18284,-0.37,-0.11,9.61,9.6177,-0.0076,0.0055,-0.0033,2.63,-1.31,291.63,-0.3962,-0.1668,9.7301,9.7396,P001_Weight_Stack_Seated_Leg_Extension_Pulling_Too_Fast_1_02.csv
1,7,2,5,1,18.415,18415,-0.42,-0.06,9.54,9.5494,0.0022,-0.0011,-0.0011,2.63,-1.31,291.63,-0.3994,-0.1528,9.705,9.7144,P001_Weight_Stack_Seated_Leg_Extension_Pulling_Too_Fast_1_02.csv
1,7,2,5,1,18.545,18545,-0.26,-0.2,9.76,9.7655,-0.0153,-0.0022,0.0,2.56,-1.25,291.63,-0.381,-0.159,9.7123,9.721,P001_Weight_Stack_Seated_Leg_Extension_Pulling_Too_Fast_1_02.csv
1,7,2,5,1,18.676,18676,-0.47,-0.01,9.64,9.6515,-0.0153,0.0055,-0.0055,2.56,-1.25,291.63,-0.3927,-0.1393,9.7027,9.7117,P001_Weight_Stack_Seated_Leg_Extension_Pulling_Too_Fast_1_02.csv
1,7,2,5,1,18.806,18806,-0.34,-0.09,9.93,9.9362,0.0098,0.0011,-0.0022,2.56,-1.25,291.63,-0.3858,-0.1328,9.7327,9.7412,P001_Weight_Stack_Seated_Leg_Extension_Pulling_Too_Fast_1_02.csv
1,7,2,5,1,18.936,18936,-0.35,-0.18,10.06,10.0677,0.0,0.0022,-0.0011,2.56,-1.25,291.63,-0.3811,-0.1391,9.7758,9.7842,P001_Weight_Stack_Seated_Leg_Extension_Pulling_Too_Fast_1_02.csv
1,7,2,5,1,19.109,19109,-0.36,-0.09,9.82,9.827,0.0044,0.0022,-0.0022,2.56,-1.25,291.63,-0.3783,-0.1326,9.7816,9.7899,P001_Weight_Stack_Seated_Leg_Extension_Pulling_Too_Fast_1_02.csv
1,7,2,5,1,19.245,19245,-0.35,-0.17,9.94,9.9476,-0.0065,0.0022,-0.0098,2.56,-1.19,291.63,-0.3746,-0.1375,9.8025,9.8106,P001_Weight_Stack_Seated_Leg_Extension_Pulling_Too_Fast_1_02.csv
1,7,2,5,1,19.377,19377,0.5,0.36,10.67,10.6878,0.0469,-0.024,0.0131,2.5,-1.13,291.63,-0.2593,-0.072,9.9168,9.9205,P001_Weight_Stack_Seated_Leg_Extension_Pulling_Too_Fast_1_02.csv
1,7,2,5,1,19.507,19507,-0.56,0.0,10.66,10.6747,0.0044,-0.0065,0.0,2.56,-1.19,291.63,-0.2989,-0.0625,10.0148,10.0194,P001_Weight_Stack_Seated_Leg_Extension_Pulling_Too_Fast_1_02.csv
1,7,2,5,1,19.638,19638,-0.35,-0.22,11.33,11.3375,0.0055,-0.0011,0.0033,2.5,-1.25,291.63,-0.3057,-0.0832,10.1881,10.193,P001_Weight_Stack_Seated_Leg_Extension_Pulling_Too_Fast_1_02.csv
1,7,2,5,1,19.768,19768,-0.26,-0.09,10.18,10.1837,-0.0022,0.0,-0.0022,2.56,-1.31,291.63,-0.2996,-0.0841,10.187,10.1918,P001_Weight_Stack_Seated_Leg_Extension_Pulling_Too_Fast_1_02.csv
1,7,2,5,1,19.898,19898,-0.23,-0.22,8.39,8.396,0.024,0.0371,0.0033,2.56,-1.44,291.63,-0.2905,-0.102,9.9502,9.955,P001_Weight_Stack_Seated_Leg_Extension_Pulling_Too_Fast_1_02.csv
1,7,2,5,1,20.048,20048,-0.3,-0.13,7.35,7.3573,0.0196,-0.0044,-0.0011,2.56,-1.5,291.63,-0.2917,-0.1057,9.6076,9.6126,P001_Weight_Stack_Seated_Leg_Extension_Pulling_Too_Fast_1_02.csv
1,7,2,5,1,20.22,20220,-0.46,-0.26,8.98,8.9955,-0.0185,0.012,0.0011,2.56,-1.5,291.63,-0.3139,-0.126,9.5249,9.5309,P001_Weight_Stack_Seated_Leg_Extension_Pulling_Too_Fast_1_02.csv
1,7,2,5,1,20.35,20350,0.0,-0.67,9.48,9.5036,0.0164,0.0469,0.0153,2.63,-1.38,291.69,-0.2725,-0.1977,9.519,9.5249,P001_Weight_Stack_Seated_Leg_Extension_Pulling_Too_Fast_1_02.csv
1,8,2,5,1,20.48,20480,-0.63,-0.25,10.17,10.1926,-0.0044,-0.0044,-0.0065,2.56,-1.38,291.69,-0.3196,-0.2046,9.6047,9.6122,P001_Weight_Stack_Seated_Leg_Extension_Pulling_Too_Fast_1_02.csv
1,8,2,5,1,20.61,20610,-0.37,0.09,10.29,10.297,0.0044,0.0055,-0.0076,2.56,-1.31,291.69,-0.3263,-0.1658,9.695,9.702,P001_Weight_Stack_Seated_Leg_Extension_Pulling_Too_Fast_1_02.csv
1,8,2,5,1,20.74,20740,-0.36,-0.09,9.48,9.4873,0.0109,-0.0011,0.0065,2.56,-1.38,291.69,-0.3307,-0.1558,9.6667,9.6736,P001_Weight_Stack_Seated_Leg_Extension_Pulling_Too_Fast_1_02.csv
1,8,2,5,1,20.871,20871,-0.3,-0.11,9.56,9.5653,0.0087,-0.0044,-0.0044,2.56,-1.38,291.69,-0.3267,-0.1498,9.6526,9.6593,P001_Weight_Stack_Seated_Leg_Extension_Pulling_Too_Fast_1_02.csv
1,8,2,5,1,21.001,21001,-0.28,-0.16,9.91,9.9152,-0.0033,0.0055,0.0055,2.56,-1.38,291.69,-0.3205,-0.1511,9.6866,9.693,P001_Weight_Stack_Seated_Leg_Extension_Pulling_Too_Fast_1_02.csv
1,8,2,5,1,21.132,21132,-0.32,-0.21,9.81,9.8175,0.0011,0.0,-0.0044,2.56,-1.31,291.69,-0.3205,-0.1589,9.7028,9.7094,P001_Weight_Stack_Seated_Leg_Extension_Pulling_Too_Fast_1_02.csv
1,8,2,5,1,21.304,21304,-0.41,-0.11,9.83,9.8392,-0.0033,0.0033,-0.0033,2.56,-1.31,291.69,-0.3323,-0.1524,9.7196,9.7265,P001_Weight_Stack_Seated_Leg_Extension_Pulling_Too_Fast_1_02.csv
1,8,2,5,1,21.435,21435,-0.43,-0.1,9.82,9.8299,-0.0022,0.0033,0.0,2.56,-1.31,291.69,-0.3451,-0.1455,9.7328,9.74,P001_Weight_Stack_Seated_Leg_Extension_Pulling_Too_Fast_1_02.csv
1,8,2,5,1,21.565,21565,-0.3,-0.13,10.21,10.2152,-0.0044,0.0033,0.0033,2.56,-1.31,291.69,-0.3392,-0.1435,9.7957,9.8026,P001_Weight_Stack_Seated_Leg_Extension_Pulling_Too_Fast_1_02.csv
1,8,2,5,1,21.698,21698,-0.43,-0.14,10.73,10.7395,-0.0011,0.0022,0.0,2.56,-1.31,291.69,-0.3512,-0.143,9.9188,9.9261,P001_Weight_Stack_Seated_Leg_Extension_Pulling_Too_Fast_1_02.csv
1,8,2,5,1,21.833,21833,-0.36,-0.15,11.1,11.1068,0.0131,-0.0055,0.0044,2.56,-1.38,291.69,-0.3523,-0.1439,10.0745,10.0817,P001_Weight_Stack_Seated_Leg_Extension_Pulling_Too_Fast_1_02.csv
1,8,2,5,1,21.963,21963,-0.6,0.04,10.36,10.3774,0.0044,-0.0022,-0.0033,2.5,-1.44,291.69,-0.385,-0.1197,10.1121,10.1201,P001_Weight_Stack_Seated_Leg_Extension_Pulling_Too_Fast_1_02.csv
1,8,2,5,1,22.094,22094,-0.31,-0.12,8.8,8.8063,-0.0251,-0.0131,0.0033,2.5,-1.5,291.69,-0.3751,-0.1197,9.9392,9.947,P001_Weight_Stack_Seated_Leg_Extension_Pulling_Too_Fast_1_02.csv
1,8,2,5,1,22.224,22224,-0.28,-0.13,7.59,7.5963,0.0175,-0.0065,-0.0011,2.56,-1.56,291.69,-0.3626,-0.1211,9.6296,9.6372,P001_Weight_Stack_Seated_Leg_Extension_Pulling_Too_Fast_1_02.csv
1,8,2,5,1,22.397,22397,-0.38,-0.21,9.19,9.2002,0.0207,-0.0098,0.0055,2.56,-1.56,291.69,-0.3649,-0.1328,9.5717,9.5796,P001_Weight_Stack_Seated_Leg_Extension_Pulling_Too_Fast_1_02.csv
1,9,2,5,1,22.531,22531,-0.34,-0.17,9.75,9.7574,0.0044,0.0087,0.0,2.56,-1.56,291.69,-0.3616,-0.1377,9.5952,9.603,P001_Weight_Stack_Seated_Leg_Extension_Pulling_Too_Fast_1_02.csv
1,9,2,5,1,22.665,22665,-0.4,-0.32,10.47,10.4825,-0.0131,0.012,0.0033,2.56,-1.44,291.69,-0.3666,-0.1617,9.7105,9.7187,P001_Weight_Stack_Seated_Leg_Extension_Pulling_Too_Fast_1_02.csv
1,9,2,5,1,22.795,22795,-0.31,-0.16,10.83,10.8356,0.0044,-0.0044,-0.0011,2.5,-1.44,291.69,-0.3592,-0.1615,9.858,9.8659,P001_Weight_Stack_Seated_Leg_Extension_Pulling_Too_Fast_1_02.csv
1,9,2,5,1,22.926,22926,-0.28,-0.28,10.12,10.1277,0.0044,-0.0076,0.0044,2.56,-1.44,291.69,-0.3487,-0.1771,9.8925,9.9002,P001_Weight_Stack_Seated_Leg_Extension_Pulling_Too_Fast_1_02.csv
1,9,2,5,1,23.056,23056,-0.39,-0.08,9.69,9.6982,0.0076,-0.0055,-0.0044,2.56,-1.38,291.69,-0.3542,-0.1643,9.8658,9.8736,P001_Weight_Stack_Seated_Leg_Extension_Pulling_Too_Fast_1_02.csv
1,9,2,5,1,23.187,23187,-0.3,-0.22,9.59,9.5972,0.0022,0.0033,0.0065,2.5,-1.38,291.69,-0.347,-0.1717,9.8295,9.8371,P001_Weight_Stack_Seated_Leg_Extension_Pulling_Too_Fast_1_02.csv
1,9,2,5,1,23.317,23317,-0.4,-0.07,9.84,9.8484,-0.0142,0.0055,-0.0055,2.5,-1.31,291.69,-0.354,-0.1583,9.8309,9.8385,P001_Weight_Stack_Seated_Leg_Extension_Pulling_Too_Fast_1_02.csv
1,9,2,5,1,23.49,23490,-0.35,-0.17,10.16,10.1674,-0.0044,0.0,-0.0022,2.5,-1.25,291.69,-0.3535,-0.1598,9.8742,9.8819,P001_Weight_Stack_Seated_Leg_Extension_Pulling_Too_Fast_1_02.csv
1,9,2,5,1,23.62,23620,-0.35,-0.16,9.94,9.9474,0.0033,0.0011,0.0022,2.5,-1.25,291.69,-0.353,-0.1598,9.8829,9.8905,P001_Weight_Stack_Seated_Leg_Extension_Pulling_Too_Fast_1_02.csv
1,9,2,5,1,23.754,23754,-0.36,-0.18,10.19,10.1979,-0.0044,-0.0011,0.0022,2.5,-1.25,291.69,-0.3539,-0.1625,9.9234,9.931,P001_Weight_Stack_Seated_Leg_Extension_Pulling_Too_Fast_1_02.csv
1,9,2,5,1,23.888,23888,-0.4,-0.14,10.7,10.7084,0.0055,-0.0076,0.0033,2.5,-1.25,291.69,-0.36,-0.1595,10.0257,10.0334,P001_Weight_Stack_Seated_Leg_Extension_Pulling_Too_Fast_1_02.csv
1,9,2,5,1,24.018,24018,-0.46,-0.13,11.58,11.5899,0.0175,0.0022,0.0044,2.5,-1.25,291.69,-0.3732,-0.1556,10.2305,10.2385,P001_Weight_Stack_Seated_Leg_Extension_Pulling_Too_Fast_1_02.csv
1,9,2,5,1,24.149,24149,0.07,-0.42,9.08,9.09,0.0033,-0.0076,-0.0011,2.5,-1.31,291.69,-0.3148,-0.1905,10.0789,10.0856,P001_Weight_Stack_Seated_Leg_Extension_Pulling_Too_Fast_1_02.csv
1,9,2,5,1,24.279,24279,-0.46,-0.21,8.76,8.7746,-0.0262,-0.0109,-0.0011,2.5,-1.38,291.69,-0.3339,-0.193,9.9051,9.9126,P001_Weight_Stack_Seated_Leg_Extension_Pulling_Too_Fast_1_02.csv
1,9,2,5,1,24.409,24409,-0.29,-0.28,7.83,7.8404,0.0087,-0.0076,-0.0044,2.5,-1.5,291.69,-0.3281,-0.2045,9.6317,9.6394,P001_Weight_Stack_Seated_Leg_Extension_Pulling_Too_Fast_1_02.csv
1,9,2,5,1,24.582,24582,-0.37,-0.09,8.97,8.9781,0.0022,0.0011,0.0044,2.5,-1.44,291.69,-0.3337,-0.1894,9.5445,9.5522,P001_Weight_Stack_Seated_Leg_Extension_Pulling_Too_Fast_1_02.csv
1,9,2,5,1,24.716,24716,-0.14,-0.22,9.33,9.3336,0.0131,0.0109,0.0022,2.5,-1.44,291.69,-0.3081,-0.1934,9.5162,9.5232,P001_Weight_Stack_Seated_Leg_Extension_Pulling_Too_Fast_1_02.csv
1,10,2,5,1,24.846,24846,-0.21,-0.02,9.87,9.8723,-0.0153,0.0098,-0.0033,2.56,-1.31,291.69,-0.2952,-0.1706,9.5628,9.5689,P001_Weight_Stack_Seated_Leg_Extension_Pulling_Too_Fast_1_02.csv
1,10,2,5,1,24.98,24980,-0.12,-0.24,9.93,9.9336,-0.0033,0.0251,0.0055,2.5,-1.25,291.69,-0.2721,-0.1797,9.6112,9.6168,P001_Weight_Stack_Seated_Leg_Extension_Pulling_Too_Fast_1_02.csv
1,10,2,5,1,25.111,25111,-0.29,-0.04,10.32,10.3242,0.012,0.0022,-0.0011,2.5,-1.25,291.69,-0.2745,-0.1613,9.7046,9.7098,P001_Weight_Stack_Seated_Leg_Extension_Pulling_Too_Fast_1_02.csv
1,10,2,5,1,25.241,25241,-0.4,-0.16,9.88,9.8894,0.0044,0.0011,0.0022,2.56,-1.25,291.69,-0.291,-0.1611,9.7277,9.7334,P001_Weight_Stack_Seated_Leg_Extension_Pulling_Too_Fast_1_02.csv
1,10,2,5,1,25.372,25372,-0.32,-0.07,9.71,9.7155,0.0033,-0.0022,-0.0044,2.5,-1.25,291.69,-0.2948,-0.1491,9.7254,9.731,P001_Weight_Stack_Seated_Leg_Extension_Pulling_Too_Fast_1_02.csv
1,10,2,5,1,25.502,25502,-0.24,-0.28,9.46,9.4672,0.0011,0.0044,-0.0011,2.5,-1.19,291.69,-0.2876,-0.1664,9.6904,9.6961,P001_Weight_Stack_Seated_Leg_Extension_Pulling_Too_Fast_1_02.csv
1,10,2,5,1,25.675,25675,-0.38,-0.15,10.07,10.0783,0.0098,-0.0011,-0.0044,2.5,-1.19,291.69,-0.2998,-0.1642,9.7404,9.7464,P001_Weight_Stack_Seated_Leg_Extension_Pulling_Too_Fast_1_02.csv
1,10,2,5,1,25.806,25806,-0.37,-0.21,10.08,10.089,0.0033,-0.0044,0.0011,2.5,-1.19,291.69,-0.309,-0.1703,9.7852,9.7915,P001_Weight_Stack_Seated_Leg_Extension_Pulling_Too_Fast_1_02.csv
1,10,2,5,1,25.942,25942,-0.39,-0.08,9.45,9.4584,-0.0044,0.0011,-0.0011,2.5,-1.19,291.69,-0.3197,-0.1584,9.741,9.7475,P001_Weight_Stack_Seated_Leg_Extension_Pulling_Too_Fast_1_02.csv
1,10,2,5,1,26.073,26073,-0.41,-0.14,9.99,9.9994,0.0065,0.0033,-0.0022,2.5,-1.13,291.69,-0.3316,-0.1559,9.7738,9.7807,P001_Weight_Stack_Seated_Leg_Extension_Pulling_Too_Fast_1_02.csv
1,10,2,5,1,26.203,26203,-0.46,-0.19,10.39,10.4019,0.0011,0.0022,0.0011,2.44,-1.13,291.69,-0.3485,-0.1604,9.855,9.8625,P001_Weight_Stack_Seated_Leg_Extension_Pulling_Too_Fast_1_02.csv
1,10,2,5,1,26.334,26334,-0.36,-0.13,11.07,11.0766,0.0065,0.0,-0.0011,2.44,-1.13,291.69,-0.35,-0.1564,10.0151,10.0225,P001_Weight_Stack_Seated_Leg_Extension_Pulling_Too_Fast_1_02.csv
1,10,2,5,1,26.464,26464,-0.33,-0.07,11.07,11.0751,0.012,-0.0109,0.0076,2.44,-1.19,291.69,-0.3474,-0.145,10.1541,10.1611,P001_Weight_Stack_Seated_Leg_Extension_Pulling_Too_Fast_1_02.csv
1,10,2,5,1,26.595,26595,-0.6,-0.07,9.84,9.8585,-0.0044,-0.0185,0.0011,2.44,-1.25,291.69,-0.3807,-0.1351,10.1127,10.1208,P001_Weight_Stack_Seated_Leg_Extension_Pulling_Too_Fast_1_02.csv
1,10,2,5,1,26.767,26767,-0.29,-0.06,7.89,7.8956,0.0218,-0.0284,-0.0065,2.44,-1.31,291.69,-0.3687,-0.1252,9.8198,9.8276,P001_Weight_Stack_Seated_Leg_Extension_Pulling_Too_Fast_1_02.csv
1,10,2,5,1,26.898,26898,-0.31,-0.12,7.42,7.4274,0.0022,0.0055,-0.0044,2.5,-1.38,291.69,-0.361,-0.1246,9.5036,9.5113,P001_Weight_Stack_Seated_Leg_Extension_Pulling_Too_Fast_1_02.csv
1,10,2,5,1,27.028,27028,-0.12,-0.23,9.03,9.0337,0.0142,-0.0065,0.012,2.5,-1.38,291.69,-0.3292,-0.1384,9.4412,9.4479,P001_Weight_Stack_Seated_Leg_Extension_Pulling_Too_Fast_1_02.csv
1,10,2,5,1,27.162,27162,0.34,-0.57,8.88,8.9048,-0.0109,0.0055,0.0022,2.44,-1.31,291.69,-0.241,-0.1953,9.3672,9.3724,P001_Weight_Stack_Seated_Leg_Extension_Pulling_Too_Fast_1_02.csv
1,11,2,5,1,27.296,27296,0.05,-0.62,9.89,9.9095,-0.0164,0.0262,0.0,2.44,-1.19,291.69,-0.2027,-0.2513,9.4361,9.4416,P001_Weight_Stack_Seated_Leg_Extension_Pulling_Too_Fast_1_02.csv
1,11,2,5,1,27.426,27426,-0.63,-0.11,10.6,10.6193,0.0185,0.0044,0.0011,2.56,-1.19,291.69,-0.259,-0.2327,9.5895,9.5958,P001_Weight_Stack_Seated_Leg_Extension_Pulling_Too_Fast_1_02.csv
1,11,2,5,1,27.576,27576,-0.4,-0.03,10.64,10.6476,0.0131,0.0,-0.0033,2.5,-1.19,291.69,-0.2776,-0.206,9.7279,9.7341,P001_Weight_Stack_Seated_Leg_Extension_Pulling_Too_Fast_1_02.csv
1,11,2,5,1,27.707,27707,-0.39,-0.24,9.69,9.7008,-0.0033,-0.0022,-0.0022,2.5,-1.19,291.69,-0.2924,-0.2104,9.7229,9.7296,P001_Weight_Stack_Seated_Leg_Extension_Pulling_Too_Fast_1_02.csv
1,11,2,5,1,27.88,27880,-0.33,-0.14,9.68,9.6866,0.0098,-0.0065,0.0011,2.5,-1.19,291.69,-0.2974,-0.2012,9.7173,9.7239,P001_Weight_Stack_Seated_Leg_Extension_Pulling_Too_Fast_1_02.csv
1,11,2,5,1,28.011,28011,-0.35,-0.16,9.99,9.9974,-0.0011,0.0011,-0.0011,2.44,-1.13,291.69,-0.3043,-0.1957,9.7532,9.7599,P001_Weight_Stack_Seated_Leg_Extension_Pulling_Too_Fast_1_02.csv
1,11,2,5,1,28.147,28147,-0.37,-0.11,9.82,9.8276,-0.0022,0.0022,0.0044,2.44,-1.13,291.69,-0.3129,-0.1844,9.762,9.7688,P001_Weight_Stack_Seated_Leg_Extension_Pulling_Too_Fast_1_02.csv
1,11,2,5,1,28.278,28278,-0.38,-0.09,9.44,9.4481,0.0022,-0.0011,0.0011,2.44,-1.13,291.69,-0.3218,-0.172,9.7196,9.7264,P001_Weight_Stack_Seated_Leg_Extension_Pulling_Too_Fast_1_02.csv
1,11,2,5,1,28.409,28409,-0.38,-0.2,9.82,9.8294,-0.0055,0.0044,0.0011,2.44,-1.13,291.69,-0.3295,-0.1757,9.7328,9.74,P001_Weight_Stack_Seated_Leg_Extension_Pulling_Too_Fast_1_02.csv
1,11,2,5,1,28.539,28539,-0.44,-0.08,10.49,10.4995,-0.0065,-0.0044,0.0011,2.44,-1.13,291.69,-0.344,-0.1631,9.8326,9.84,P001_Weight_Stack_Seated_Leg_Extension_Pulling_Too_Fast_1_02.csv
1,11,2,5,1,28.669,28669,-0.52,-0.08,11.26,11.2723,0.0196,0.0142,0.0087,2.44,-1.13,291.69,-0.3672,-0.1521,10.0207,10.0286,P001_Weight_Stack_Seated_Leg_Extension_Pulling_Too_Fast_1_02.csv
1,11,2,5,1,28.8,28800,-0.32,-0.16,10.53,10.5361,0.0251,0.0295,0.0087,2.44,-1.19,291.69,-0.361,-0.1532,10.0878,10.0954,P001_Weight_Stack_Seated_Leg_Extension_Pulling_Too_Fast_1_02.csv
1,11,2,5,1,28.974,28974,0.14,-0.15,8.01,8.0126,-0.0033,0.0284,0.0055,2.44,-1.31,291.69,-0.295,-0.1527,9.814,9.8196,P001_Weight_Stack_Seated_Leg_Extension_Pulling_Too_Fast_1_02.csv
1,11,2,5,1,29.105,29105,-0.42,-0.19,7.62,7.6339,-0.0044,0.0065,0.0,2.44,-1.38,291.69,-0.3114,-0.1577,9.5249,9.5313,P001_Weight_Stack_Seated_Leg_Extension_Pulling_Too_Fast_1_02.csv
1,11,2,5,1,29.24,29240,-0.41,-0.12,8.9,8.9102,-0.0011,0.0044,-0.0022,2.44,-1.38,291.69,-0.3244,-0.1527,9.4425,9.4493,P001_Weight_Stack_Seated_Leg_Extension_Pulling_Too_Fast_1_02.csv
1,12,2,5,1,29.371,29371,-0.57,0.21,9.73,9.7489,0.0513,-0.0185,0.0033,2.5,-1.31,291.69,-0.3568,-0.1049,9.4804,9.4877,P001_Weight_Stack_Seated_Leg_Extension_Pulling_Too_Fast_1_02.csv
1,12,2,5,1,29.502,29502,-0.06,-0.32,10.2,10.2052,0.0022,-0.0098,-0.0022,2.44,-1.25,291.69,-0.3177,-0.1332,9.5752,9.5814,P001_Weight_Stack_Seated_Leg_Extension_Pulling_Too_Fast_1_02.csv
1,12,2,5,1,29.632,29632,-0.41,-0.33,11.29,11.3023,0.0196,0.0011,0.0055,2.44,-1.25,291.69,-0.3298,-0.1592,9.8012,9.808,P001_Weight_Stack_Seated_Leg_Extension_Pulling_Too_Fast_1_02.csv
1,12,2,5,1,29.762,29762,-0.22,-0.2,10.68,10.6841,0.0109,-0.0044,-0.0011,2.44,-1.19,291.69,-0.3154,-0.1646,9.917,9.9234,P001_Weight_Stack_Seated_Leg_Extension_Pulling_Too_Fast_1_02.csv
1,12,2,5,1,29.893,29893,-0.26,-0.24,9.73,9.7364,0.0153,-0.0055,0.0033,2.44,-1.25,291.69,-0.3081,-0.1745,9.8924,9.8987,P001_Weight_Stack_Seated_Leg_Extension_Pulling_Too_Fast_1_02.csv
1,12,2,5,1,30.069,30069,-0.4,-0.03,9.73,9.7383,-0.0109,0.0076,-0.0044,2.5,-1.19,291.69,-0.3202,-0.1555,9.871,9.8774,P001_Weight_Stack_Seated_Leg_Extension_Pulling_Too_Fast_1_02.csv
1,12,2,5,1,30.203,30203,-0.36,-0.21,10.3,10.3084,0.0131,0.0,-0.0011,2.5,-1.19,291.69,-0.3254,-0.1626,9.9275,9.9342,P001_Weight_Stack_Seated_Leg_Extension_Pulling_Too_Fast_1_02.csv
1,12,2,5,1,30.334,30334,-0.33,-0.22,10.18,10.1877,0.0,0.0,0.0,2.5,-1.19,291.69,-0.326,-0.1702,9.9608,9.9676,P001_Weight_Stack_Seated_Leg_Extension_Pulling_Too_Fast_1_02.csv
1,12,2,5,1,30.464,30464,-0.42,-0.08,9.68,9.6894,-0.0033,-0.0011,0.0,2.44,-1.19,291.69,-0.3384,-0.1583,9.9238,9.9308,P001_Weight_Stack_Seated_Leg_Extension_Pulling_Too_Fast_1_02.csv
1,12,2,5,1,30.594,30594,-0.38,-0.15,10.05,10.0583,0.0044,0.0,0.0022,2.44,-1.19,291.69,-0.3439,-0.1572,9.9404,9.9476,P001_Weight_Stack_Seated_Leg_Extension_Pulling_Too_Fast_1_02.csv
1,12,2,5,1,30.725,30725,-0.34,-0.1,10.96,10.9657,0.0011,-0.0044,0.0011,2.44,-1.19,291.69,-0.3434,-0.1497,10.0748,10.0817,P001_Weight_Stack_Seated_Leg_Extension_Pulling_Too_Fast_1_02.csv
1,12,2,5,1,30.855,30855,-0.45,-0.12,10.95,10.9599,0.0044,-0.0033,0.0098,2.44,-1.19,291.69,-0.3574,-0.1458,10.1901,10.1974,P001_Weight_Stack_Seated_Leg_Extension_Pulling_Too_Fast_1_02.csv
1,12,2,5,1,30.985,30985,-0.2,-0.28,9.65,9.6561,0.0044,-0.0044,0.0022,2.44,-1.25,291.69,-0.3367,-0.1635,10.1189,10.1258,P001_Weight_Stack_Seated_Leg_Extension_Pulling_Too_Fast_1_02.csv
1,12,2,5,1,31.158,31158,-0.12,-0.39,7.83,7.8406,0.024,-0.012,-0.0022,2.44,-1.44,291.69,-0.3081,-0.1933,9.8173,9.824,P001_Weight_Stack_Seated_Leg_Extension_Pulling_Too_Fast_1_02.csv
1,12,2,5,1,31.288,31288,-0.27,-0.28,7.88,7.8896,0.0109,-0.0055,0.0033,2.44,-1.44,291.69,-0.3031,-0.2047,9.562,9.569,P001_Weight_Stack_Seated_Leg_Extension_Pulling_Too_Fast_1_02.csv
1,12,2,5,1,31.418,31418,-0.4,-0.17,9.09,9.1004,-0.0033,0.0044,0.0,2.44,-1.44,291.69,-0.3159,-0.2002,9.4998,9.5072,P001_Weight_Stack_Seated_Leg_Extension_Pulling_Too_Fast_1_02.csv
1,13,2,5,1,31.548,31548,-0.33,-0.28,9.73,9.7396,0.012,0.0251,0.0044,2.56,-1.31,291.69,-0.3177,-0.2107,9.5302,9.5378,P001_Weight_Stack_Seated_Leg_Extension_Pulling_Too_Fast_1_02.csv
1,13,2,5,1,31.678,31678,-0.34,-0.36,10.13,10.1421,-0.0033,0.0055,0.0022,2.44,-1.31,291.69,-0.3207,-0.2304,9.6092,9.6173,P001_Weight_Stack_Seated_Leg_Extension_Pulling_Too_Fast_1_02.csv
1,13,2,5,1,31.808,31808,-0.36,-0.14,10.14,10.1474,-0.0153,-0.0044,-0.0055,2.5,-1.31,291.69,-0.3259,-0.2184,9.6791,9.6871,P001_Weight_Stack_Seated_Leg_Extension_Pulling_Too_Fast_1_02.csv
1,13,2,5,1,31.938,31938,-0.43,-0.19,9.6,9.6115,-0.0011,0.0044,0.0044,2.5,-1.31,291.69,-0.3396,-0.2147,9.6687,9.6771,P001_Weight_Stack_Seated_Leg_Extension_Pulling_Too_Fast_1_02.csv
1,13,2,5,1,32.068,32068,-0.42,-0.07,9.77,9.7793,0.0033,-0.0011,-0.0044,2.5,-1.25,291.69,-0.3502,-0.1956,9.6821,9.6904,P001_Weight_Stack_Seated_Leg_Extension_Pulling_Too_Fast_1_02.csv
1,13,2,5,1,32.241,32241,-0.45,0.0,9.73,9.7404,-0.0153,-0.0164,-0.0022,2.5,-1.25,291.69,-0.3633,-0.1699,9.6884,9.6967,P001_Weight_Stack_Seated_Leg_Extension_Pulling_Too_Fast_1_02.csv
1,13,2,5,1,32.372,32372,-0.37,-0.1,9.9,9.9074,-0.0022,0.0011,0.0022,2.5,-1.25,291.69,-0.3642,-0.1606,9.7163,9.7244,P001_Weight_Stack_Seated_Leg_Extension_Pulling_Too_Fast_1_02.csv
1,13,2,5,1,32.508,32508,-0.37,-0.06,10.32,10.3268,0.0033,0.0033,-0.0022,2.5,-1.25,291.69,-0.365,-0.1474,9.7958,9.8037,P001_Weight_Stack_Seated_Leg_Extension_Pulling_Too_Fast_1_02.csv
1,13,2,5,1,32.639,32639,-0.33,-0.12,10.05,10.0561,0.0055,-0.0033,0.0022,2.44,-1.25,291.69,-0.3604,-0.1438,9.8293,9.837,P001_Weight_Stack_Seated_Leg_Extension_Pulling_Too_Fast_1_02.csv
1,13,2,5,1,32.77,32770,-0.37,-0.13,11.32,11.3268,0.0109,-0.0033,0.0,2.44,-1.25,291.69,-0.3616,-0.142,10.0257,10.0333,P001_Weight_Stack_Seated_Leg_Extension_Pulling_Too_Fast_1_02.csv
1,13,2,5,1,32.9,32900,-0.47,-0.01,11.35,11.3597,0.0065,-0.0142,0.0065,2.5,-1.31,291.69,-0.3759,-0.1246,10.2003,10.2079,P001_Weight_Stack_Seated_Leg_Extension_Pulling_Too_Fast_1_02.csv
1,13,2,5,1,33.03,33030,-0.43,-0.28,9.14,9.1544,-0.0022,-0.0087,0.0011,2.5,-1.38,291.69,-0.383,-0.1451,10.0605,10.0689,P001_Weight_Stack_Seated_Leg_Extension_Pulling_Too_Fast_1_02.csv
1,13,2,5,1,33.161,33161,-0.47,-0.23,8.01,8.0271,0.0338,-0.0164,-0.0055,2.5,-1.5,291.69,-0.3945,-0.1562,9.7903,9.7995,P001_Weight_Stack_Seated_Leg_Extension_Pulling_Too_Fast_1_02.csv
1,13,2,5,1,33.334,33334,-0.37,-0.43,8.09,8.1099,-0.0098,-0.0055,0.0065,2.5,-1.56,291.69,-0.3913,-0.1923,9.5663,9.5762,P001_Weight_Stack_Seated_Leg_Extension_Pulling_Too_Fast_1_02.csv
1,13,2,5,1,33.465,33465,-0.3,-0.24,9.01,9.0182,-0.0284,0.0087,0.0055,2.5,-1.5,291.69,-0.3792,-0.1986,9.493,9.5026,P001_Weight_Stack_Seated_Leg_Extension_Pulling_Too_Fast_1_02.csv
1,14,2,5,1,33.598,33598,-0.55,-0.3,10.02,10.0396,0.0251,-0.024,0.0044,2.56,-1.44,291.69,-0.4017,-0.212,9.5624,9.5732,P001_Weight_Stack_Seated_Leg_Extension_Pulling_Too_Fast_1_02.csv
1,14,2,5,1,33.729,33729,0.0,-0.45,10.01,10.0201,0.0251,0.0,0.0,2.5,-1.44,291.69,-0.3488,-0.2433,9.6214,9.6308,P001_Weight_Stack_Seated_Leg_Extension_Pulling_Too_Fast_1_02.csv
1,14,2,5,1,33.862,33862,-0.41,-0.27,10.26,10.2717,0.0055,0.0022,0.0055,2.5,-1.44,291.69,-0.3569,-0.2468,9.7055,9.7152,P001_Weight_Stack_Seated_Leg_Extension_Pulling_Too_Fast_1_02.csv
1,14,2,5,1,33.993,33993,-0.34,0.0,9.48,9.4861,-0.0098,-0.0076,-0.0087,2.5,-1.38,291.69,-0.3546,-0.2143,9.6758,9.6847,P001_Weight_Stack_Seated_Leg_Extension_Pulling_Too_Fast_1_02.csv
1,14,2,5,1,34.123,34123,-0.3,-0.17,9.41,9.4163,0.0022,-0.0055,0.0076,2.5,-1.38,291.69,-0.3474,-0.2085,9.6408,9.6493,P001_Weight_Stack_Seated_Leg_Extension_Pulling_Too_Fast_1_02.csv
1,14,2,5,1,34.254,34254,-0.39,-0.18,9.89,9.8993,-0.0055,0.0044,-0.0011,2.5,-1.38,291.69,-0.3531,-0.2047,9.6736,9.6822,P001_Weight_Stack_Seated_Leg_Extension_Pulling_Too_Fast_1_02.csv
1,14,2,5,1,34.426,34426,-0.4,-0.12,9.8,9.8089,-0.0011,-0.0011,-0.0011,2.5,-1.38,291.69,-0.3592,-0.1936,9.6903,9.6989,P001_Weight_Stack_Seated_Leg_Extension_Pulling_Too_Fast_1_02.csv
1,14,2,5,1,34.557,34557,-0.31,-0.09,9.84,9.8453,-0.0044,-0.012,0.0,2.5,-1.31,291.69,-0.3528,-0.1799,9.71,9.7181,P001_Weight_Stack_Seated_Leg_Extension_Pulling_Too_Fast_1_02.csv
1,14,2,5,1,34.688,34688,-0.37,-0.13,9.9,9.9078,0.0022,0.0033,-0.0033,2.5,-1.31,291.69,-0.355,-0.1733,9.7351,9.7431,P001_Weight_Stack_Seated_Leg_Extension_Pulling_Too_Fast_1_02.csv
1,14,2,5,1,34.819,34819,-0.36,-0.16,9.85,9.8579,-0.0022,0.0022,0.0,2.44,-1.25,291.69,-0.3557,-0.1716,9.7502,9.7582,P001_Weight_Stack_Seated_Leg_Extension_Pulling_Too_Fast_1_02.csv
1,14,2,5,1,34.954,34954,-0.42,-0.13,10.84,10.8489,0.0044,-0.0011,-0.0022,2.44,-1.25,291.69,-0.3642,-0.1661,9.8938,9.9019,P001_Weight_Stack_Seated_Leg_Extension_Pulling_Too_Fast_1_02.csv
1,14,2,5,1,35.085,35085,-0.4,-0.12,10.84,10.848,0.0055,-0.0055,0.0044,2.44,-1.25,291.69,-0.3689,-0.16,10.0185,10.0266,P001_Weight_Stack_Seated_Leg_Extension_Pulling_Too_Fast_1_02.csv
1,14,2,5,1,35.216,35216,-0.53,0.0,11.4,11.4123,0.0055,-0.0164,0.0087,2.44,-1.25,291.69,-0.3901,-0.1389,10.2005,10.2089,P001_Weight_Stack_Seated_Leg_Extension_Pulling_Too_Fast_1_02.csv
1,14,2,5,1,35.346,35346,-0.46,-0.13,8.98,8.9927,0.0044,-0.0251,0.0022,2.44,-1.38,291.75,-0.3993,-0.1378,10.0397,10.0486,P001_Weight_Stack_Seated_Leg_Extension_Pulling_Too_Fast_1_02.csv
1,14,2,5,1,35.519,35519,-0.25,0.19,7.81,7.8163,0.0164,-0.0011,-0.0087,2.44,-1.44,291.75,-0.3796,-0.0946,9.7459,9.7537,P001_Weight_Stack_Seated_Leg_Extension_Pulling_Too_Fast_1_02.csv
1,14,2,5,1,35.649,35649,-0.51,-0.2,8.1,8.1185,-0.0316,0.0196,0.0055,2.44,-1.44,291.69,-0.3968,-0.1085,9.529,9.5379,P001_Weight_Stack_Seated_Leg_Extension_Pulling_Too_Fast_1_02.csv
1,14,2,5,1,35.78,35780,-0.8,-0.15,9.43,9.4651,0.0404,0.0022,0.0,2.44,-1.44,291.75,-0.4499,-0.1139,9.516,9.5273,P001_Weight_Stack_Seated_Leg_Extension_Pulling_Too_Fast_1_02.csv
1,14,2,5,1,35.91,35910,-0.42,0.3,9.98,9.9933,-0.0327,0.0273,-0.0196,2.44,-1.31,291.75,-0.446,-0.0594,9.5771,9.5877,P001_Weight_Stack_Seated_Leg_Extension_Pulling_Too_Fast_1_02.csv
1,14,2,5,1,36.044,36044,-0.31,-0.06,10.69,10.6947,0.0131,-0.0011,0.0065,2.44,-1.38,291.75,-0.4281,-0.0595,9.7238,9.7334,P001_Weight_Stack_Seated_Leg_Extension_Pulling_Too_Fast_1_02.csv
1,14,2,5,1,36.178,36178,-0.32,-0.13,10.1,10.1059,-0.0076,-0.0011,-0.0076,2.44,-1.38,291.75,-0.4138,-0.0688,9.7733,9.7823,P001_Weight_Stack_Seated_Leg_Extension_Pulling_Too_Fast_1_02.csv
1,14,2,5,1,36.309,36309,-0.4,-0.16,9.59,9.5997,-0.012,0.0011,-0.0087,2.44,-1.31,291.75,-0.412,-0.0808,9.7492,9.7582,P001_Weight_Stack_Seated_Leg_Extension_Pulling_Too_Fast_1_02.csv
1,14,2,5,1,36.439,36439,-0.35,-0.12,9.93,9.9369,0.012,-0.0022,0.0055,2.44,-1.31,291.75,-0.4038,-0.086,9.773,9.7817,P001_Weight_Stack_Seated_Leg_Extension_Pulling_Too_Fast_1_02.csv
1,14,2,5,1,36.612,36612,-0.51,0.02,9.57,9.5836,0.0011,0.0022,0.0,2.44,-1.31,291.75,-0.4178,-0.072,9.7463,9.7555,P001_Weight_Stack_Seated_Leg_Extension_Pulling_Too_Fast_1_02.csv
1,14,2,5,1,36.746,36746,-0.38,-0.12,10.04,10.0479,0.0098,0.0011,-0.0033,2.44,-1.31,291.75,-0.4128,-0.0783,9.785,9.794,P001_Weight_Stack_Seated_Leg_Extension_Pulling_Too_Fast_1_02.csv
2,1,2,5,1,0.0,0,-0.66,0.17,9.63,9.6541,0.0065,-0.0327,-0.0349,3.38,0.56,283.94,-0.53,0.1066,9.5698,9.585,P002_Weight_Stack_Seated_Leg_Extension_Pulling_Too_Fast_1_011 (1).csv
2,1,2,5,1,0.13,130,-0.55,0.07,9.42,9.4363,-0.0109,0.0273,-0.0044,3.25,0.56,283.88,-0.5326,0.1018,9.55,9.5654,P002_Weight_Stack_Seated_Leg_Extension_Pulling_Too_Fast_1_011 (1).csv
2,1,2,5,1,0.26,260,-0.54,0.08,9.64,9.6554,-0.0011,-0.0033,-0.0011,3.19,0.56,283.88,-0.5336,0.0989,9.5619,9.5773,P002_Weight_Stack_Seated_Leg_Extension_Pulling_Too_Fast_1_011 (1).csv
2,1,2,5,1,0.39,390,-0.51,0.08,9.58,9.5939,0.0033,-0.0033,0.0011,3.13,0.56,283.88,-0.5305,0.0964,9.5643,9.5795,P002_Weight_Stack_Seated_Leg_Extension_Pulling_Too_Fast_1_011 (1).csv
2,1,2,5,1,0.52,520,-0.54,0.08,9.57,9.5856,0.0033,-0.0022,0.0022,3.13,0.56,283.88,-0.5317,0.0943,9.565,9.5803,P002_Weight_Stack_Seated_Leg_Extension_Pulling_Too_Fast_1_011 (1).csv
2,1,2,5,1,0.65,650,-0.55,0.02,9.87,9.8853,-0.0011,0.0044,0.0011,3.13,0.56,283.88,-0.5341,0.0845,9.6052,9.6204,P002_Weight_Stack_Seated_Leg_Extension_Pulling_Too_Fast_1_011 (1).csv
2,1,2,5,1,0.78,780,0.2,1.04,11.15,11.2002,-0.0633,0.036,-0.0905,2.94,1.44,283.88,-0.4374,0.2104,9.8088,9.8208,P002_Weight_Stack_Seated_Leg_Extension_Pulling_Too_Fast_1_011 (1).csv
2,1,2,5,1,0.91,910,-0.5,0.18,10.93,10.9429,-0.1025,0.0055,0.0,2.88,1.13,283.75,-0.4457,0.2064,9.9565,9.9686,P002_Weight_Stack_Seated_Leg_Extension_Pulling_Too_Fast_1_011 (1).csv
2,1,2,5,1,1.083,1083,-0.79,0.22,10.23,10.2628,-0.0022,-0.0065,0.0164,2.88,1.06,283.81,-0.491,0.2082,9.9926,10.0068,P002_Weight_Stack_Seated_Leg_Extension_Pulling_Too_Fast_1_011 (1).csv
2,1,2,5,1,1.214,1214,-0.4,0.14,8.99,9.0,0.0065,-0.0022,0.0055,2.88,1.0,283.88,-0.479,0.1992,9.8605,9.8741,P002_Weight_Stack_Seated_Leg_Extension_Pulling_Too_Fast_1_011 (1).csv
2,1,2,5,1,1.345,1345,-0.52,0.2,8.55,8.5681,0.012,-0.0284,-0.0076,3.0,0.88,283.88,-0.4844,0.1993,9.6878,9.7019,P002_Weight_Stack_Seated_Leg_Extension_Pulling_Too_Fast_1_011 (1).csv
2,1,2,5,1,1.48,1480,-0.41,0.18,8.67,8.6816,-0.0044,0.0022,0.0087,3.06,0.88,283.88,-0.4746,0.1968,9.5537,9.5675,P002_Weight_Stack_Seated_Leg_Extension_Pulling_Too_Fast_1_011 (1).csv
2,1,2,5,1,1.612,1612,-0.44,0.09,9.64,9.6505,0.0033,-0.0022,-0.0098,3.06,0.88,283.88,-0.4701,0.1827,9.565,9.5783,P002_Weight_Stack_Seated_Leg_Extension_Pulling_Too_Fast_1_011 (1).csv
2,1,2,5,1,1.742,1742,-0.57,0.1,9.61,9.6274,0.012,0.0164,0.0055,2.88,0.88,283.88,-0.4832,0.1718,9.571,9.5847,P002_Weight_Stack_Seated_Leg_Extension_Pulling_Too_Fast_1_011 (1).csv
2,1,2,5,1,1.872,1872,-0.52,0.09,9.59,9.6045,0.0011,-0.0022,-0.0055,2.88,0.88,283.88,-0.4881,0.161,9.5735,9.5873,P002_Weight_Stack_Seated_Leg_Extension_Pulling_Too_Fast_1_011 (1).csv
2,1,2,5,1,2.003,2003,-0.58,0.09,9.39,9.4083,0.0,0.0,0.0011,2.88,0.88,283.88,-0.5002,0.1517,9.5493,9.5636,P002_Weight_Stack_Seated_Leg_Extension_Pulling_Too_Fast_1_011 (1).csv
2,1,2,5,1,2.176,2176,-0.45,0.1,9.53,9.5411,-0.0011,-0.0098,0.0,2.81,0.88,283.88,-0.4936,0.1449,9.5467,9.5606,P002_Weight_Stack_Seated_Leg_Extension_Pulling_Too_Fast_1_011 (1).csv
2,1,2,5,1,2.31,2310,-0.45,0.12,9.55,9.5613,0.0011,-0.0098,-0.0055,2.88,0.88,283.88,-0.4878,0.1416,9.5472,9.5607,P002_Weight_Stack_Seated_Leg_Extension_Pulling_Too_Fast_1_011 (1).csv
2,1,2,5,1,2.443,2443,-0.52,0.11,9.45,9.4649,-0.0033,0.012,-0.0033,2.88,0.88,283.88,-0.4921,0.1374,9.5344,9.548,P002_Weight_Stack_Seated_Leg_Extension_Pulling_Too_Fast_1_011 (1).csv
2,1,2,5,1,2.574,2574,-0.5,0.13,9.2,9.2145,-0.0098,-0.0153,0.0033,2.88,0.88,283.88,-0.4931,0.1364,9.4903,9.5041,P002_Weight_Stack_Seated_Leg_Extension_Pulling_Too_Fast_1_011 (1).csv
2,1,2,5,1,2.704,2704,-0.54,0.16,9.68,9.6964,0.0033,0.012,-0.0011,2.88,0.88,283.88,-0.4993,0.1395,9.5153,9.5294,P002_Weight_Stack_Seated_Leg_Extension_Pulling_Too_Fast_1_011 (1).csv
2,1,2,5,1,2.835,2835,-0.55,0.09,9.74,9.7559,-0.0087,-0.0065,0.0022,2.88,0.94,283.88,-0.506,0.133,9.5449,9.5592,P002_Weight_Stack_Seated_Leg_Extension_Pulling_Too_Fast_1_011 (1).csv
2,1,2,5,1,2.965,2965,-0.65,0.16,9.68,9.7031,-0.0065,-0.0022,-0.0055,2.88,0.94,283.88,-0.525,0.1366,9.5627,9.5781,P002_Weight_Stack_Seated_Leg_Extension_Pulling_Too_Fast_1_011 (1).csv
2,1,2,5,1,3.096,3096,-0.49,0.09,10.03,10.0424,-0.0011,0.0065,-0.0011,2.88,0.94,283.88,-0.5203,0.1304,9.6243,9.6392,P002_Weight_Stack_Seated_Leg_Extension_Pulling_Too_Fast_1_011 (1).csv
2,1,2,5,1,3.268,3268,-0.53,0.14,9.62,9.6356,0.0,-0.0022,-0.0044,2.88,0.94,283.88,-0.5216,0.1317,9.6237,9.6388,P002_Weight_Stack_Seated_Leg_Extension_Pulling_Too_Fast_1_011 (1).csv
2,1,2,5,1,3.398,3398,-0.46,0.15,9.89,9.9018,-0.0022,0.0033,-0.0033,2.88,0.94,283.88,-0.5135,0.1341,9.6588,9.6734,P002_Weight_Stack_Seated_Leg_Extension_Pulling_Too_Fast_1_011 (1).csv
2,1,2,5,1,3.528,3528,-0.58,0.16,9.84,9.8584,-0.0033,-0.0022,-0.0022,2.88,0.94,283.88,-0.5223,0.1375,9.6827,9.6977,P002_Weight_Stack_Seated_Leg_Extension_Pulling_Too_Fast_1_011 (1).csv
2,1,2,5,1,3.658,3658,-0.58,0.16,9.73,9.7486,-0.0055,-0.0011,-0.0033,2.88,0.94,283.88,-0.5299,0.1405,9.6889,9.7044,P002_Weight_Stack_Seated_Leg_Extension_Pulling_Too_Fast_1_011 (1).csv
2,1,2,5,1,3.788,3788,-0.51,0.16,9.68,9.6947,-0.0011,0.0098,0.0,2.88,0.94,283.88,-0.5273,0.1431,9.6877,9.7031,P002_Weight_Stack_Seated_Leg_Extension_Pulling_Too_Fast_1_011 (1).csv
2,1,2,5,1,3.918,3918,-0.47,0.17,9.73,9.7428,-0.0011,0.0011,0.0,2.88,0.94,283.88,-0.5197,0.1466,9.6933,9.7083,P002_Weight_Stack_Seated_Leg_Extension_Pulling_Too_Fast_1_011 (1).csv
2,1,2,5,1,4.048,4048,-0.51,0.16,9.59,9.6049,0.0,0.0011,-0.0011,2.88,0.94,283.88,-0.5184,0.1484,9.6797,9.6947,P002_Weight_Stack_Seated_Leg_Extension_Pulling_Too_Fast_1_011 (1).csv
2,1,2,5,1,4.178,4178,-0.87,-0.86,9.59,9.6677,-0.1276,0.0185,0.0393,2.88,1.13,283.88,-0.5648,0.0155,9.6679,9.6844,P002_Weight_Stack_Seated_Leg_Extension_Pulling_Too_Fast_1_011 (1).csv
2,1,2,5,1,4.351,4351,-0.52,0.09,9.81,9.8242,0.0164,-0.0327,0.0087,2.81,1.19,283.88,-0.5589,0.0253,9.6866,9.7027,P002_Weight_Stack_Seated_Leg_Extension_Pulling_Too_Fast_1_011 (1).csv
2,1,2,5,1,4.481,4481,-0.56,0.13,9.54,9.5573,-0.0393,-0.0022,-0.0033,2.94,0.88,283.88,-0.559,0.0391,9.6673,9.6835,P002_Weight_Stack_Seated_Leg_Extension_Pulling_Too_Fast_1_011 (1).csv
2,1,2,5,1,4.612,4612,-0.4,0.52,9.91,9.9317,-0.0196,0.0338,0.0087,2.75,1.25,283.88,-0.5381,0.1025,9.6993,9.7147,P002_Weight_Stack_Seated_Leg_Extension_Pulling_Too_Fast_1_011 (1).csv
2,1,2,5,1,4.742,4742,-0.51,0.03,9.61,9.6236,0.0011,-0.0022,-0.0044,2.81,1.25,283.88,-0.5344,0.0929,9.6875,9.7027,P002_Weight_Stack_Seated_Leg_Extension_Pulling_Too_Fast_1_011 (1).csv
2,1,2,5,1,4.875,4875,-0.56,0.12,9.74,9.7568,0.0065,-0.024,0.0033,2.88,1.25,283.88,-0.5377,0.0965,9.6944,9.7098,P002_Weight_Stack_Seated_Leg_Extension_Pulling_Too_Fast_1_011 (1).csv
2,1,2,5,1,5.005,5005,-0.62,0.71,10.02,10.0642,0.0327,0.0393,0.0447,2.81,0.88,283.88,-0.5486,0.1773,9.7373,9.7544,P002_Weight_Stack_Seated_Leg_Extension_Pulling_Too_Fast_1_011 (1).csv
2,1,2,5,1,5.139,5139,-0.55,0.05,10.18,10.195,0.0447,-0.0076,0.0,2.75,0.81,283.94,-0.5488,0.1606,9.7957,9.8123,P002_Weight_Stack_Seated_Leg_Extension_Pulling_Too_Fast_1_011 (1).csv
2,1,2,5,1,5.271,5271,-0.5,0.06,10.93,10.9416,0.0,0.0098,0.0022,2.81,0.81,283.94,-0.5423,0.1473,9.9451,9.961,P002_Weight_Stack_Seated_Leg_Extension_Pulling_Too_Fast_1_011 (1).csv
2,1,2,5,1,5.443,5443,-0.49,0.09,9.91,9.9225,0.0142,-0.0109,0.0087,2.75,0.69,283.94,-0.5354,0.1398,9.9405,9.9559,P002_Weight_Stack_Seated_Leg_Extension_Pulling_Too_Fast_1_011 (1).csv
2,1,2,5,1,5.574,5574,-0.53,0.1,8.38,8.3973,0.0131,-0.024,-0.0044,2.94,0.56,284.0,-0.5347,0.1345,9.7349,9.7505,P002_Weight_Stack_Seated_Leg_Extension_Pulling_Too_Fast_1_011 (1).csv
2,1,2,5,1,5.705,5705,-0.45,-0.13,8.22,8.2333,-0.0011,0.0044,0.0153,3.0,0.5,283.94,-0.5236,0.0997,9.5353,9.5501,P002_Weight_Stack_Seated_Leg_Extension_Pulling_Too_Fast_1_011 (1).csv
2,1,2,5,1,5.837,5837,-0.45,0.06,8.43,8.4422,-0.0065,0.0,-0.0164,2.94,0.44,284.0,-0.5139,0.0944,9.3896,9.4041,P002_Weight_Stack_Seated_Leg_Extension_Pulling_Too_Fast_1_011 (1).csv
2,1,2,5,1,5.972,5972,-0.43,0.26,9.31,9.3236,0.0076,-0.0196,0.0076,2.88,0.44,284.0,-0.5028,0.1163,9.3791,9.3933,P002_Weight_Stack_Seated_Leg_Extension_Pulling_Too_Fast_1_011 (1).csv
2,2,2,5,1,6.103,6103,-0.38,0.04,10.07,10.0772,0.0022,0.0033,-0.0033,2.94,0.5,284.0,-0.4866,0.1062,9.4702,9.4832,P002_Weight_Stack_Seated_Leg_Extension_Pulling_Too_Fast_1_011 (1).csv
2,2,2,5,1,6.233,6233,-0.45,0.11,9.94,9.9508,0.0044,0.0011,0.0055,2.94,0.5,284.0,-0.4818,0.1067,9.5321,9.5448,P002_Weight_Stack_Seated_Leg_Extension_Pulling_Too_Fast_1_011 (1).csv
2,2,2,5,1,6.363,6363,-0.45,0.05,9.46,9.4708,0.0,-0.0055,0.0033,3.0,0.5,284.0,-0.4776,0.0992,9.5226,9.5351,P002_Weight_Stack_Seated_Leg_Extension_Pulling_Too_Fast_1_011 (1).csv
2,2,2,5,1,6.536,6536,-0.46,0.16,9.25,9.2628,-0.0022,0.0033,-0.0022,3.0,0.5,284.0,-0.4753,0.1072,9.4867,9.4992,P002_Weight_Stack_Seated_Leg_Extension_Pulling_Too_Fast_1_011 (1).csv
2,2,2,5,1,6.666,6666,-0.52,0.07,9.52,9.5344,-0.0065,-0.0065,0.0022,3.0,0.5,284.0,-0.4812,0.1023,9.491,9.5038,P002_Weight_Stack_Seated_Leg_Extension_Pulling_Too_Fast_1_011 (1).csv
2,2,2,5,1,6.797,6797,-0.48,0.12,9.64,9.6527,0.0011,-0.0011,0.0011,3.0,0.5,284.0,-0.481,0.1047,9.5107,9.5234,P002_Weight_Stack_Seated_Leg_Extension_Pulling_Too_Fast_1_011 (1).csv
2,2,2,5,1,6.928,6928,-0.42,0.05,9.44,9.4495,-0.0022,-0.0109,0.0033,3.0,0.5,284.0,-0.473,0.0975,9.5014,9.5136,P002_Weight_Stack_Seated_Leg_Extension_Pulling_Too_Fast_1_011 (1).csv
2,2,2,5,1,7.059,7059,-0.59,0.16,9.42,9.4398,-0.0044,-0.0033,-0.0164,3.0,0.5,284.0,-0.4884,0.1057,9.4906,9.5038,P002_Weight_Stack_Seated_Leg_Extension_Pulling_Too_Fast_1_011 (1).csv
2,2,2,5,1,7.194,7194,-0.6,0.16,9.3,9.3207,-0.0076,-0.0044,0.0033,3.0,0.5,284.0,-0.5031,0.1129,9.4655,9.4796,P002_Weight_Stack_Seated_Leg_Extension_Pulling_Too_Fast_1_011 (1).csv
2,2,2,5,1,7.326,7326,-0.56,0.13,8.98,8.9984,-0.0098,-0.0098,-0.0044,3.0,0.5,284.0,-0.5106,0.1151,9.4015,9.4161,P002_Weight_Stack_Seated_Leg_Extension_Pulling_Too_Fast_1_011 (1).csv
2,2,2,5,1,7.456,7456,-0.62,0.2,9.49,9.5123,-0.0065,0.0,-0.0011,3.06,0.5,284.0,-0.525,0.1263,9.4132,9.4287,P002_Weight_Stack_Seated_Leg_Extension_Pulling_Too_Fast_1_011 (1).csv
2,2,2,5,1,7.629,7629,-0.49,0.24,9.7,9.7153,-0.0251,-0.012,-0.0011,3.06,0.56,284.0,-0.5204,0.1413,9.451,9.4664,P002_Weight_Stack_Seated_Leg_Extension_Pulling_Too_Fast_1_011 (1).csv
2,2,2,5,1,7.759,7759,-0.61,0.16,9.61,9.6307,0.0109,-0.0109,-0.0087,3.06,0.56,284.0,-0.5322,0.1437,9.4719,9.488,P002_Weight_Stack_Seated_Leg_Extension_Pulling_Too_Fast_1_011 (1).csv
2,2,2,5,1,7.89,7890,-0.53,0.17,9.48,9.4963,-0.0065,-0.0022,-0.0022,3.06,0.56,284.0,-0.5319,0.1472,9.473,9.4891,P002_Weight_Stack_Seated_Leg_Extension_Pulling_Too_Fast_1_011 (1).csv
2,2,2,5,1,8.026,8026,-0.56,0.12,9.92,9.9365,0.0,-0.0055,-0.0011,3.06,0.56,284.0,-0.5356,0.1436,9.5319,9.548,P002_Weight_Stack_Seated_Leg_Extension_Pulling_Too_Fast_1_011 (1).csv
2,2,2,5,1,8.158,8158,-0.69,0.2,9.16,9.1881,-0.0044,0.0,-0.0065,3.06,0.56,284.0,-0.556,0.1511,9.4829,9.5004,P002_Weight_Stack_Seated_Leg_Extension_Pulling_Too_Fast_1_011 (1).csv
2,2,2,5,1,8.288,8288,-0.51,0.26,9.74,9.7568,-0.0044,0.0087,-0.0065,3.06,0.56,284.0,-0.5499,0.1654,9.5168,9.5341,P002_Weight_Stack_Seated_Leg_Extension_Pulling_Too_Fast_1_011 (1).csv
2,2,2,5,1,8.418,8418,-0.48,0.17,9.62,9.6335,-0.0033,-0.0087,0.012,3.13,0.56,284.0,-0.5407,0.166,9.5304,9.5472,P002_Weight_Stack_Seated_Leg_Extension_Pulling_Too_Fast_1_011 (1).csv
2,2,2,5,1,8.55,8550,-0.51,0.13,10.0,10.0138,0.0098,-0.0022,0.0022,3.13,0.56,284.0,-0.5367,0.1613,9.5923,9.6086,P002_Weight_Stack_Seated_Leg_Extension_Pulling_Too_Fast_1_011 (1).csv
2,2,2,5,1,8.728,8728,-0.55,0.14,9.45,9.467,0.0,-0.0033,0.0,3.13,0.56,284.0,-0.5384,0.1585,9.5735,9.59,P002_Weight_Stack_Seated_Leg_Extension_Pulling_Too_Fast_1_011 (1).csv
2,2,2,5,1,8.859,8859,-0.72,0.07,9.77,9.7967,-0.0382,0.0153,0.0087,3.13,0.63,284.0,-0.5623,0.1468,9.5994,9.617,P002_Weight_Stack_Seated_Leg_Extension_Pulling_Too_Fast_1_011 (1).csv
2,2,2,5,1,8.99,8990,-0.48,0.39,9.63,9.6498,-0.0349,-0.0175,0.0044,2.81,0.75,284.0,-0.5515,0.1789,9.6034,9.6209,P002_Weight_Stack_Seated_Leg_Extension_Pulling_Too_Fast_1_011 (1).csv
2,2,2,5,1,9.12,9120,-0.65,0.57,9.99,10.0273,-0.0273,-0.0164,0.0022,2.88,0.56,284.0,-0.5645,0.2304,9.6544,9.6736,P002_Weight_Stack_Seated_Leg_Extension_Pulling_Too_Fast_1_011 (1).csv
2,2,2,5,1,9.25,9250,-0.46,0.08,10.05,10.0608,0.0153,0.0065,0.0,2.81,0.5,284.0,-0.5507,0.2106,9.7065,9.7244,P002_Weight_Stack_Seated_Leg_Extension_Pulling_Too_Fast_1_011 (1).csv
2,2,2,5,1,9.381,9381,-0.47,0.16,9.68,9.6927,0.0044,-0.0044,0.0065,2.81,0.5,284.0,-0.5401,0.2039,9.703,9.7202,P002_Weight_Stack_Seated_Leg_Extension_Pulling_Too_Fast_1_011 (1).csv
2,2,2,5,1,9.511,9511,-0.52,0.17,10.63,10.6441,0.0131,0.0044,0.0055,2.81,0.5,284.0,-0.5374,0.1994,9.8252,9.8419,P002_Weight_Stack_Seated_Leg_Extension_Pulling_Too_Fast_1_011 (1).csv
2,2,2,5,1,9.642,9642,-0.38,0.07,10.09,10.0974,0.0229,-0.0207,0.0065,2.88,0.38,284.06,-0.5167,0.1824,9.8601,9.8753,P002_Weight_Stack_Seated_Leg_Extension_Pulling_Too_Fast_1_011 (1).csv
2,2,2,5,1,9.815,9815,-0.5,0.07,7.38,7.3972,0.0185,0.0,0.0,3.0,0.25,284.0,-0.5145,0.1676,9.5333,9.5486,P002_Weight_Stack_Seated_Leg_Extension_Pulling_Too_Fast_1_011 (1).csv
2,2,2,5,1,9.945,9945,-0.29,0.08,7.33,7.3362,0.0142,-0.0022,-0.0185,3.0,0.19,284.0,-0.4849,0.156,9.2429,9.257,P002_Weight_Stack_Seated_Leg_Extension_Pulling_Too_Fast_1_011 (1).csv
2,2,2,5,1,10.076,10076,-0.54,0.03,8.57,8.587,0.0109,0.0295,0.0131,2.94,0.19,284.0,-0.4922,0.1394,9.1543,9.1685,P002_Weight_Stack_Seated_Leg_Extension_Pulling_Too_Fast_1_011 (1).csv
2,3,2,5,1,10.208,10208,-0.46,0.1,10.12,10.1309,-0.0065,-0.0098,0.0,2.88,0.19,284.0,-0.4879,0.1342,9.2815,9.2953,P002_Weight_Stack_Seated_Leg_Extension_Pulling_Too_Fast_1_011 (1).csv
2,3,2,5,1,10.343,10343,-0.52,0.05,10.36,10.3732,0.0011,-0.0164,0.0033,2.94,0.19,284.0,-0.4922,0.1231,9.4236,9.4373,P002_Weight_Stack_Seated_Leg_Extension_Pulling_Too_Fast_1_011 (1).csv
2,3,2,5,1,10.474,10474,-0.47,0.06,9.31,9.322,0.0,-0.0044,-0.0022,2.94,0.19,284.0,-0.4892,0.1148,9.4087,9.4221,P002_Weight_Stack_Seated_Leg_Extension_Pulling_Too_Fast_1_011 (1).csv
2,3,2,5,1,10.604,10604,-0.45,0.16,8.71,8.7231,-0.0033,-0.0033,-0.0044,2.94,0.19,284.0,-0.4841,0.1208,9.3166,9.3299,P002_Weight_Stack_Seated_Leg_Extension_Pulling_Too_Fast_1_011 (1).csv
2,3,2,5,1,10.734,10734,-0.52,0.08,9.15,9.1651,-0.0055,0.0087,0.0065,2.94,0.19,284.06,-0.4888,0.1154,9.2946,9.3082,P002_Weight_Stack_Seated_Leg_Extension_Pulling_Too_Fast_1_011 (1).csv
2,3,2,5,1,10.907,10907,-0.48,0.03,9.45,9.4622,-0.0076,-0.0153,0.0011,3.0,0.19,284.06,-0.4876,0.1041,9.3151,9.3284,P002_Weight_Stack_Seated_Leg_Extension_Pulling_Too_Fast_1_011 (1).csv
2,3,2,5,1,11.037,11037,-0.57,0.13,9.11,9.1287,-0.0033,0.0022,-0.0065,3.0,0.25,284.06,-0.4985,0.1076,9.2881,9.3021,P002_Weight_Stack_Seated_Leg_Extension_Pulling_Too_Fast_1_011 (1).csv
2,3,2,5,1,11.167,11167,-0.44,0.07,9.45,9.4605,0.0033,-0.0044,0.0098,3.0,0.25,284.06,-0.4908,0.1026,9.3094,9.3229,P002_Weight_Stack_Seated_Leg_Extension_Pulling_Too_Fast_1_011 (1).csv
2,3,2,5,1,11.297,11297,-0.41,0.1,9.37,9.3795,-0.0065,0.0033,-0.0022,3.0,0.25,284.06,-0.4801,0.1023,9.3174,9.3303,P002_Weight_Stack_Seated_Leg_Extension_Pulling_Too_Fast_1_011 (1).csv
2,3,2,5,1,11.427,11427,-0.56,0.09,9.49,9.5069,-0.0153,-0.0022,-0.0033,3.0,0.31,284.06,-0.4907,0.1006,9.3401,9.3536,P002_Weight_Stack_Seated_Leg_Extension_Pulling_Too_Fast_1_011 (1).csv
2,3,2,5,1,11.557,11557,-0.47,0.15,9.87,9.8823,-0.0022,-0.0011,-0.0011,3.06,0.31,284.06,-0.4879,0.1071,9.41,9.4232,P002_Weight_Stack_Seated_Leg_Extension_Pulling_Too_Fast_1_011 (1).csv
2,3,2,5,1,11.687,11687,-0.64,0.08,9.66,9.6815,0.0033,-0.0044,-0.0131,3.06,0.38,284.06,-0.508,0.1036,9.4429,9.4571,P002_Weight_Stack_Seated_Leg_Extension_Pulling_Too_Fast_1_011 (1).csv
2,3,2,5,1,11.817,11817,-0.5,0.13,9.64,9.6538,-0.0044,0.0,0.0033,3.06,0.38,284.06,-0.5069,0.1071,9.4689,9.483,P002_Weight_Stack_Seated_Leg_Extension_Pulling_Too_Fast_1_011 (1).csv
2,3,2,5,1,11.99,11990,-0.52,0.19,9.36,9.3764,-0.0065,-0.0076,0.0022,3.06,0.38,284.06,-0.5086,0.118,9.4545,9.4689,P002_Weight_Stack_Seated_Leg_Extension_Pulling_Too_Fast_1_011 (1).csv
2,3,2,5,1,12.121,12121,-0.51,0.09,9.56,9.574,-0.0076,-0.0044,0.0044,3.06,0.38,284.06,-0.5088,0.1143,9.4684,9.4828,P002_Weight_Stack_Seated_Leg_Extension_Pulling_Too_Fast_1_011 (1).csv
2,3,2,5,1,12.253,12253,-0.57,0.15,9.59,9.6081,-0.0011,-0.0087,-0.0055,3.06,0.38,284.06,-0.5169,0.119,9.4845,9.4993,P002_Weight_Stack_Seated_Leg_Extension_Pulling_Too_Fast_1_011 (1).csv
2,3,2,5,1,12.388,12388,-0.5,0.19,9.63,9.6448,-0.0033,0.0011,0.0022,3.06,0.38,284.06,-0.5147,0.1284,9.5036,9.5184,P002_Weight_Stack_Seated_Leg_Extension_Pulling_Too_Fast_1_011 (1).csv
2,3,2,5,1,12.519,12519,-0.53,0.16,9.31,9.3264,0.0011,0.0044,0.0044,3.06,0.38,284.06,-0.5167,0.1325,9.4781,9.4931,P002_Weight_Stack_Seated_Leg_Extension_Pulling_Too_Fast_1_011 (1).csv
2,3,2,5,1,12.649,12649,-0.54,0.16,9.48,9.4967,0.0076,0.0044,0.0,3.06,0.38,284.06,-0.5198,0.1361,9.4784,9.4936,P002_Weight_Stack_Seated_Leg_Extension_Pulling_Too_Fast_1_011 (1).csv
2,3,2,5,1,12.78,12780,-0.53,0.13,9.79,9.8052,-0.0022,-0.0164,0.0,3.06,0.38,284.06,-0.5211,0.1353,9.5194,9.5346,P002_Weight_Stack_Seated_Leg_Extension_Pulling_Too_Fast_1_011 (1).csv
2,3,2,5,1,12.91,12910,-0.51,0.21,9.98,9.9952,-0.0087,0.0033,-0.0022,3.13,0.38,284.06,-0.5196,0.1452,9.5801,9.5953,P002_Weight_Stack_Seated_Leg_Extension_Pulling_Too_Fast_1_011 (1).csv
2,3,2,5,1,13.083,13083,-0.56,0.18,9.39,9.4084,-0.0055,0.0022,0.0011,3.13,0.38,284.06,-0.525,0.1498,9.5551,9.5707,P002_Weight_Stack_Seated_Leg_Extension_Pulling_Too_Fast_1_011 (1).csv
2,3,2,5,1,13.219,13219,-0.6,0.16,9.94,9.9594,0.0011,0.0131,0.0011,3.13,0.38,284.06,-0.5348,0.1511,9.6058,9.6219,P002_Weight_Stack_Seated_Leg_Extension_Pulling_Too_Fast_1_011 (1).csv
2,3,2,5,1,13.351,13351,-0.65,-0.01,11.09,11.109,-0.0305,-0.0109,0.0,2.88,0.19,284.06,-0.55,0.1299,9.8014,9.8177,P002_Weight_Stack_Seated_Leg_Extension_Pulling_Too_Fast_1_011 (1).csv
2,3,2,5,1,13.481,13481,-0.69,0.75,11.5,11.5451,-0.0033,0.0447,0.0076,2.69,0.25,284.13,-0.5685,0.2116,10.0252,10.0435,P002_Weight_Stack_Seated_Leg_Extension_Pulling_Too_Fast_1_011 (1).csv
2,3,2,5,1,13.611,13611,-0.55,0.07,9.81,9.8257,0.0262,0.0,0.0033,2.88,0.06,284.13,-0.566,0.1929,9.9969,10.0147,P002_Weight_Stack_Seated_Leg_Extension_Pulling_Too_Fast_1_011 (1).csv
2,3,2,5,1,13.741,13741,-0.59,0.16,8.19,8.2128,0.0633,-0.0316,-0.0011,2.88,-0.06,284.13,-0.5692,0.1886,9.7588,9.7772,P002_Weight_Stack_Seated_Leg_Extension_Pulling_Too_Fast_1_011 (1).csv
2,3,2,5,1,13.872,13872,-0.4,-0.06,7.95,7.9603,0.0076,0.0295,0.0087,2.88,-0.19,284.13,-0.5469,0.1558,9.5204,9.5374,P002_Weight_Stack_Seated_Leg_Extension_Pulling_Too_Fast_1_011 (1).csv
2,3,2,5,1,14.002,14002,-0.53,0.03,8.58,8.5964,-0.0011,0.0011,-0.0065,2.94,-0.25,284.19,-0.5447,0.1393,9.3965,9.4133,P002_Weight_Stack_Seated_Leg_Extension_Pulling_Too_Fast_1_011 (1).csv
2,3,2,5,1,14.175,14175,-0.51,0.05,10.15,10.1629,0.0065,-0.0087,0.0076,2.81,-0.19,284.19,-0.5401,0.1275,9.4958,9.512,P002_Weight_Stack_Seated_Leg_Extension_Pulling_Too_Fast_1_011 (1).csv
2,3,2,5,1,14.305,14305,-0.45,0.06,10.14,10.1502,0.0065,-0.0131,0.0022,2.94,-0.19,284.19,-0.5282,0.1186,9.5807,9.596,P002_Weight_Stack_Seated_Leg_Extension_Pulling_Too_Fast_1_011 (1).csv
2,3,2,5,1,14.436,14436,-0.54,0.04,9.44,9.4555,0.0011,0.0109,-0.0011,3.0,-0.19,284.19,-0.5298,0.1082,9.5621,9.5774,P002_Weight_Stack_Seated_Leg_Extension_Pulling_Too_Fast_1_011 (1).csv
2,3,2,5,1,14.572,14572,-0.44,0.07,9.11,9.1209,-0.0033,-0.0011,0.0065,2.94,-0.19,284.19,-0.5179,0.1032,9.5026,9.5172,P002_Weight_Stack_Seated_Leg_Extension_Pulling_Too_Fast_1_011 (1).csv
2,3,2,5,1,14.704,14704,-0.69,0.05,9.38,9.4055,-0.0022,-0.0044,-0.0022,2.94,-0.19,284.19,-0.5406,0.0962,9.4864,9.5023,P002_Weight_Stack_Seated_Leg_Extension_Pulling_Too_Fast_1_011 (1).csv
2,3,2,5,1,14.834,14834,-0.47,0.12,9.18,9.1928,-0.0153,0.0055,0.012,2.94,-0.19,284.19,-0.5313,0.0993,9.446,9.4615,P002_Weight_Stack_Seated_Leg_Extension_Pulling_Too_Fast_1_011 (1).csv
2,3,2,5,1,14.964,14964,-0.56,0.15,9.1,9.1184,-0.0033,-0.012,-0.0109,3.0,-0.13,284.19,-0.5351,0.106,9.4004,9.4162,P002_Weight_Stack_Seated_Leg_Extension_Pulling_Too_Fast_1_011 (1).csv
2,3,2,5,1,15.095,15095,-0.59,0.17,9.48,9.4999,-0.0076,0.0044,0.0022,3.0,-0.13,284.19,-0.5423,0.1144,9.4109,9.4272,P002_Weight_Stack_Seated_Leg_Extension_Pulling_Too_Fast_1_011 (1).csv
2,3,2,5,1,15.268,15268,-0.59,0.11,10.03,10.0479,-0.0065,-0.0196,-0.0087,3.06,-0.06,284.25,-0.5486,0.1139,9.4925,9.509,P002_Weight_Stack_Seated_Leg_Extension_Pulling_Too_Fast_1_011 (1).csv
2,3,2,5,1,15.402,15402,-0.75,0.01,9.96,9.9882,-0.0044,-0.0076,-0.0065,3.06,-0.06,284.25,-0.5751,0.1002,9.5541,9.5719,P002_Weight_Stack_Seated_Leg_Extension_Pulling_Too_Fast_1_011 (1).csv
2,3,2,5,1,15.535,15535,-0.5,0.16,9.62,9.6343,-0.0022,0.0,0.0044,3.06,-0.06,284.25,-0.5652,0.1081,9.5628,9.5801,P002_Weight_Stack_Seated_Leg_Extension_Pulling_Too_Fast_1_011 (1).csv
2,3,2,5,1,15.666,15666,-0.49,0.16,9.32,9.3342,0.0,-0.0022,-0.0044,3.06,0.0,284.25,-0.5553,0.1149,9.5308,9.5476,P002_Weight_Stack_Seated_Leg_Extension_Pulling_Too_Fast_1_011 (1).csv
2,3,2,5,1,15.797,15797,-0.64,0.08,9.1,9.1228,0.0022,-0.0098,-0.0033,3.06,0.0,284.25,-0.5665,0.1103,9.474,9.4916,P002_Weight_Stack_Seated_Leg_Extension_Pulling_Too_Fast_1_011 (1).csv
2,3,2,5,1,15.927,15927,-0.52,0.27,9.24,9.2586,-0.0076,-0.0033,-0.0022,3.06,0.0,284.25,-0.5604,0.1313,9.4432,9.4607,P002_Weight_Stack_Seated_Leg_Extension_Pulling_Too_Fast_1_011 (1).csv
2,3,2,5,1,16.057,16057,-0.44,0.09,9.82,9.8303,0.0011,0.0022,0.0109,3.06,0.0,284.25,-0.5445,0.1259,9.4928,9.5093,P002_Weight_Stack_Seated_Leg_Extension_Pulling_Too_Fast_1_011 (1).csv
2,3,2,5,1,16.188,16188,-0.45,0.07,10.3,10.3101,0.0055,0.0087,0.0033,3.06,0.0,284.25,-0.532,0.1185,9.5992,9.6147,P002_Weight_Stack_Seated_Leg_Extension_Pulling_Too_Fast_1_011 (1).csv
2,3,2,5,1,16.361,16361,-0.6,0.16,9.36,9.3806,-0.0033,-0.0065,0.0044,3.13,0.0,284.25,-0.541,0.124,9.5677,9.5838,P002_Weight_Stack_Seated_Leg_Extension_Pulling_Too_Fast_1_011 (1).csv
2,3,2,5,1,16.492,16492,-0.52,0.2,9.56,9.5762,0.0011,0.0033,-0.0011,3.13,0.0,284.25,-0.5382,0.134,9.5667,9.5827,P002_Weight_Stack_Seated_Leg_Extension_Pulling_Too_Fast_1_011 (1).csv
2,3,2,5,1,16.628,16628,-0.47,0.15,9.79,9.8024,0.0065,0.0022,0.0033,3.13,0.0,284.25,-0.5292,0.1361,9.5961,9.6116,P002_Weight_Stack_Seated_Leg_Extension_Pulling_Too_Fast_1_011 (1).csv
2,3,2,5,1,16.759,16759,-0.54,0.13,9.54,9.5562,0.0022,0.0,0.0,3.13,0.0,284.25,-0.5307,0.1353,9.5887,9.6043,P002_Weight_Stack_Seated_Leg_Extension_Pulling_Too_Fast_1_011 (1).csv
2,3,2,5,1,16.889,16889,-0.55,0.16,9.68,9.6969,0.0033,-0.0076,-0.0022,3.13,0.06,284.25,-0.5332,0.1386,9.6007,9.6165,P002_Weight_Stack_Seated_Leg_Extension_Pulling_Too_Fast_1_011 (1).csv
2,3,2,5,1,17.02,17020,-0.46,-0.06,9.51,9.5213,0.0327,0.1069,0.0076,2.88,0.06,284.25,-0.5236,0.1124,9.5888,9.6037,P002_Weight_Stack_Seated_Leg_Extension_Pulling_Too_Fast_1_011 (1).csv
2,3,2,5,1,17.15,17150,-0.5,0.09,9.61,9.6234,0.0011,0.0305,-0.0011,2.81,0.06,284.25,-0.5205,0.1094,9.5916,9.6063,P002_Weight_Stack_Seated_Leg_Extension_Pulling_Too_Fast_1_011 (1).csv
2,3,2,5,1,17.281,17281,-0.45,0.16,10.53,10.5408,-0.0011,-0.0022,0.0011,2.75,0.13,284.25,-0.5112,0.1161,9.7152,9.7294,P002_Weight_Stack_Seated_Leg_Extension_Pulling_Too_Fast_1_011 (1).csv
2,3,2,5,1,17.453,17453,-0.56,0.12,11.11,11.1248,0.0109,0.0131,0.0076,2.81,0.06,284.25,-0.5176,0.1166,9.899,9.9132,P002_Weight_Stack_Seated_Leg_Extension_Pulling_Too_Fast_1_011 (1).csv
2,3,2,5,1,17.583,17583,-0.55,0.09,9.59,9.6062,0.0185,-0.0153,0.0022,2.75,0.0,284.31,-0.5219,0.1131,9.8583,9.8728,P002_Weight_Stack_Seated_Leg_Extension_Pulling_Too_Fast_1_011 (1).csv
2,3,2,5,1,17.713,17713,-0.51,0.07,8.53,8.5455,0.0262,-0.0131,0.0,2.81,-0.13,284.31,-0.5203,0.1074,9.6833,9.6978,P002_Weight_Stack_Seated_Leg_Extension_Pulling_Too_Fast_1_011 (1).csv
2,3,2,5,1,17.843,17843,-0.45,0.33,7.77,7.79,0.0033,-0.0055,-0.0076,2.88,-0.19,284.31,-0.511,0.1368,9.4312,9.446,P002_Weight_Stack_Seated_Leg_Extension_Pulling_Too_Fast_1_011 (1).csv
2,3,2,5,1,17.973,17973,-0.5,0.07,7.35,7.3673,-0.0076,0.0011,0.0076,2.88,-0.25,284.31,-0.5096,0.128,9.1569,9.172,P002_Weight_Stack_Seated_Leg_Extension_Pulling_Too_Fast_1_011 (1).csv
2,3,2,5,1,18.103,18103,-0.51,0.11,8.98,8.9951,0.0,0.0327,-0.0098,2.81,-0.25,284.31,-0.5096,0.1256,9.1336,9.1487,P002_Weight_Stack_Seated_Leg_Extension_Pulling_Too_Fast_1_011 (1).csv
2,4,2,5,1,18.233,18233,-0.45,0.14,9.59,9.6016,0.0033,-0.0185,0.0153,2.81,-0.25,284.38,-0.5018,0.1275,9.1937,9.2083,P002_Weight_Stack_Seated_Leg_Extension_Pulling_Too_Fast_1_011 (1).csv
2,4,2,5,1,18.363,18363,-0.6,0.1,10.35,10.3679,0.0087,-0.0022,-0.0044,2.88,-0.25,284.38,-0.5147,0.1239,9.3461,9.3611,P002_Weight_Stack_Seated_Leg_Extension_Pulling_Too_Fast_1_011 (1).csv
2,4,2,5,1,18.536,18536,-0.52,0.05,9.24,9.2548,0.0011,0.0175,0.0011,2.81,-0.25,284.38,-0.5154,0.1141,9.3321,9.347,P002_Weight_Stack_Seated_Leg_Extension_Pulling_Too_Fast_1_011 (1).csv
2,4,2,5,1,18.666,18666,-0.52,0.16,8.78,8.7968,0.0022,-0.0055,0.0022,2.81,-0.25,284.38,-0.516,0.1202,9.2594,9.2745,P002_Weight_Stack_Seated_Leg_Extension_Pulling_Too_Fast_1_011 (1).csv
2,4,2,5,1,18.797,18797,-0.47,0.07,8.86,8.8727,-0.0022,0.0011,0.0055,2.88,-0.19,284.38,-0.51,0.1136,9.2067,9.2216,P002_Weight_Stack_Seated_Leg_Extension_Pulling_Too_Fast_1_011 (1).csv
2,4,2,5,1,18.933,18933,-0.48,0.09,8.89,8.9034,-0.0055,-0.0098,0.0011,2.88,-0.19,284.38,-0.506,0.1105,9.165,9.1796,P002_Weight_Stack_Seated_Leg_Extension_Pulling_Too_Fast_1_011 (1).csv
2,4,2,5,1,19.065,19065,-0.53,0.2,9.41,9.427,0.0011,0.0098,0.0,2.88,-0.13,284.38,-0.5092,0.1223,9.1973,9.2122,P002_Weight_Stack_Seated_Leg_Extension_Pulling_Too_Fast_1_011 (1).csv
2,4,2,5,1,19.195,19195,-0.41,0.11,9.86,9.8691,-0.0033,0.0011,0.0011,2.88,-0.13,284.38,-0.4961,0.1206,9.2846,9.2986,P002_Weight_Stack_Seated_Leg_Extension_Pulling_Too_Fast_1_011 (1).csv
2,4,2,5,1,19.326,19326,-0.42,0.16,9.6,9.6105,-0.0153,-0.0087,-0.0011,2.88,-0.13,284.44,-0.4861,0.1258,9.3262,9.3397,P002_Weight_Stack_Seated_Leg_Extension_Pulling_Too_Fast_1_011 (1).csv
2,4,2,5,1,19.456,19456,-0.57,0.15,10.05,10.0673,0.0044,-0.0065,-0.0022,2.94,-0.13,284.44,-0.4971,0.129,9.4216,9.4355,P002_Weight_Stack_Seated_Leg_Extension_Pulling_Too_Fast_1_011 (1).csv
2,4,2,5,1,19.629,19629,-0.46,0.21,9.66,9.6732,-0.0098,-0.0076,0.0,2.94,-0.13,284.44,-0.4922,0.1397,9.453,9.4668,P002_Weight_Stack_Seated_Leg_Extension_Pulling_Too_Fast_1_011 (1).csv
2,4,2,5,1,19.76,19760,-0.68,0.16,9.57,9.5955,0.0076,-0.012,-0.0087,2.94,-0.13,284.44,-0.517,0.1424,9.4684,9.4836,P002_Weight_Stack_Seated_Leg_Extension_Pulling_Too_Fast_1_011 (1).csv
2,4,2,5,1,19.891,19891,-0.6,0.18,9.35,9.371,-0.0055,-0.0033,-0.0044,2.94,-0.06,284.44,-0.5279,0.1473,9.4528,9.4687,P002_Weight_Stack_Seated_Leg_Extension_Pulling_Too_Fast_1_011 (1).csv
2,4,2,5,1,20.026,20026,-0.53,0.15,9.46,9.476,-0.0033,0.0,0.0022,2.94,-0.06,284.44,-0.5282,0.1477,9.4537,9.4696,P002_Weight_Stack_Seated_Leg_Extension_Pulling_Too_Fast_1_011 (1).csv
2,4,2,5,1,20.157,20157,-0.52,0.15,9.66,9.6751,0.0044,-0.0011,0.0,2.94,-0.06,284.44,-0.5271,0.148,9.4809,9.4967,P002_Weight_Stack_Seated_Leg_Extension_Pulling_Too_Fast_1_011 (1).csv
2,4,2,5,1,20.288,20288,-0.48,0.11,9.76,9.7724,0.0022,-0.0011,0.0055,2.94,0.0,284.44,-0.5209,0.143,9.5177,9.533,P002_Weight_Stack_Seated_Leg_Extension_Pulling_Too_Fast_1_011 (1).csv
2,4,2,5,1,20.418,20418,-0.56,0.14,9.47,9.4876,-0.0076,-0.012,-0.0055,3.0,0.0,284.44,-0.5261,0.1426,9.5114,9.527,P002_Weight_Stack_Seated_Leg_Extension_Pulling_Too_Fast_1_011 (1).csv
2,4,2,5,1,20.55,20550,-0.56,0.15,9.37,9.3879,-0.0076,0.0142,-0.0022,3.0,0.0,284.44,-0.5305,0.1436,9.4928,9.5087,P002_Weight_Stack_Seated_Leg_Extension_Pulling_Too_Fast_1_011 (1).csv
2,4,2,5,1,20.726,20726,-0.57,0.14,9.6,9.6179,0.0,0.0055,0.0011,3.0,0.0,284.44,-0.5357,0.1431,9.5069,9.5231,P002_Weight_Stack_Seated_Leg_Extension_Pulling_Too_Fast_1_011 (1).csv
2,4,2,5,1,20.859,20859,-0.51,0.2,9.68,9.6955,-0.0011,-0.0087,0.0022,3.0,0.13,284.44,-0.5323,0.1506,9.5297,9.5458,P002_Weight_Stack_Seated_Leg_Extension_Pulling_Too_Fast_1_011 (1).csv
2,4,2,5,1,20.99,20990,-0.57,0.17,9.62,9.6384,0.0011,0.0076,0.0011,3.0,0.13,284.44,-0.5373,0.1531,9.5416,9.558,P002_Weight_Stack_Seated_Leg_Extension_Pulling_Too_Fast_1_011 (1).csv
2,4,2,5,1,21.12,21120,-0.61,0.35,9.8,9.8252,0.0251,-0.0447,0.0011,2.75,0.13,284.44,-0.5469,0.1791,9.5757,9.5929,P002_Weight_Stack_Seated_Leg_Extension_Pulling_Too_Fast_1_011 (1).csv
2,4,2,5,1,21.25,21250,-0.5,0.16,10.89,10.9026,0.0196,-0.0109,0.0131,2.75,0.13,284.44,-0.5407,0.1766,9.7489,9.7654,P002_Weight_Stack_Seated_Leg_Extension_Pulling_Too_Fast_1_011 (1).csv
2,4,2,5,1,21.381,21381,-0.57,0.15,11.3,11.3154,0.0295,-0.0076,0.0044,2.69,0.06,284.5,-0.5446,0.1731,9.9533,9.9696,P002_Weight_Stack_Seated_Leg_Extension_Pulling_Too_Fast_1_011 (1).csv
2,4,2,5,1,21.511,21511,-0.53,0.16,9.81,9.8256,0.0196,0.0055,0.0065,2.69,0.0,284.5,-0.5426,0.1713,9.9344,9.9507,P002_Weight_Stack_Seated_Leg_Extension_Pulling_Too_Fast_1_011 (1).csv
2,4,2,5,1,21.642,21642,-0.61,0.22,8.61,8.6344,0.0164,-0.0371,-0.012,2.81,-0.13,284.5,-0.5515,0.1778,9.7599,9.777,P002_Weight_Stack_Seated_Leg_Extension_Pulling_Too_Fast_1_011 (1).csv
2,4,2,5,1,21.814,21814,-0.44,0.13,8.5,8.5124,0.0087,0.0109,0.0022,2.88,-0.25,284.5,-0.5368,0.1715,9.5938,9.6104,P002_Weight_Stack_Seated_Leg_Extension_Pulling_Too_Fast_1_011 (1).csv
2,4,2,5,1,21.945,21945,-0.49,0.17,8.3,8.3162,-0.012,0.0218,0.0011,2.81,-0.31,284.5,-0.5307,0.1713,9.4233,9.4398,P002_Weight_Stack_Seated_Leg_Extension_Pulling_Too_Fast_1_011 (1).csv
2,4,2,5,1,22.075,22075,-0.64,0.11,9.49,9.5122,0.0022,-0.0207,0.0011,2.75,-0.31,284.5,-0.5451,0.1632,9.4321,9.4493,P002_Weight_Stack_Seated_Leg_Extension_Pulling_Too_Fast_1_011 (1).csv
2,4,2,5,1,22.206,22206,-0.58,0.17,10.2,10.2179,0.0011,-0.0076,0.0065,2.88,-0.25,284.5,-0.5497,0.1641,9.5333,9.5506,P002_Weight_Stack_Seated_Leg_Extension_Pulling_Too_Fast_1_011 (1).csv
2,4,2,5,1,22.342,22342,-0.49,0.11,9.62,9.6331,0.0022,0.0175,0.0098,2.88,-0.25,284.5,-0.5418,0.157,9.5447,9.5614,P002_Weight_Stack_Seated_Leg_Extension_Pulling_Too_Fast_1_011 (1).csv
2,4,2,5,1,22.473,22473,-0.52,0.11,9.1,9.1155,0.0022,-0.0055,0.0033,2.88,-0.19,284.5,-0.5389,0.1508,9.4861,9.5026,P002_Weight_Stack_Seated_Leg_Extension_Pulling_Too_Fast_1_011 (1).csv
2,4,2,5,1,22.604,22604,-0.47,0.12,9.23,9.2427,-0.0022,0.0076,0.0087,2.88,-0.19,284.5,-0.5298,0.1467,9.4524,9.4684,P002_Weight_Stack_Seated_Leg_Extension_Pulling_Too_Fast_1_011 (1).csv
2,4,2,5,1,22.734,22734,-0.52,0.1,9.36,9.375,-0.0033,-0.0109,-0.0011,2.88,-0.13,284.5,-0.5286,0.1406,9.4402,9.456,P002_Weight_Stack_Seated_Leg_Extension_Pulling_Too_Fast_1_011 (1).csv
2,4,2,5,1,22.907,22907,-0.43,0.05,9.91,9.9195,-0.0022,-0.0033,0.0022,2.88,-0.06,284.5,-0.5156,0.1286,9.5021,9.517,P002_Weight_Stack_Seated_Leg_Extension_Pulling_Too_Fast_1_011 (1).csv
2,4,2,5,1,23.042,23042,-0.59,0.05,9.33,9.3488,-0.0076,0.0011,0.0011,2.94,-0.06,284.5,-0.5254,0.1183,9.4794,9.4947,P002_Weight_Stack_Seated_Leg_Extension_Pulling_Too_Fast_1_011 (1).csv
2,4,2,5,1,23.175,23175,-0.45,0.27,9.21,9.2249,0.0131,0.0076,0.0175,2.88,0.0,284.5,-0.5154,0.1383,9.4439,9.459,P002_Weight_Stack_Seated_Leg_Extension_Pulling_Too_Fast_1_011 (1).csv
2,4,2,5,1,23.305,23305,-0.38,0.06,10.19,10.1973,0.0065,-0.0055,0.0033,2.94,0.0,284.56,-0.4976,0.128,9.5422,9.5561,P002_Weight_Stack_Seated_Leg_Extension_Pulling_Too_Fast_1_011 (1).csv
2,4,2,5,1,23.436,23436,-0.5,0.18,10.32,10.3337,-0.0011,-0.0076,0.0044,2.94,0.0,284.56,-0.4979,0.1348,9.6447,9.6585,P002_Weight_Stack_Seated_Leg_Extension_Pulling_Too_Fast_1_011 (1).csv
2,4,2,5,1,23.566,23566,-0.57,0.1,9.8,9.8171,0.0065,-0.0011,0.0,2.94,0.0,284.56,-0.5074,0.1302,9.6652,9.6794,P002_Weight_Stack_Seated_Leg_Extension_Pulling_Too_Fast_1_011 (1).csv
2,4,2,5,1,23.697,23697,-0.52,0.12,9.69,9.7047,0.0011,-0.0033,-0.0022,2.94,0.0,284.56,-0.5091,0.1289,9.6685,9.6827,P002_Weight_Stack_Seated_Leg_Extension_Pulling_Too_Fast_1_011 (1).csv
2,4,2,5,1,23.827,23827,-0.6,0.1,9.69,9.7091,-0.0022,0.0,-0.0022,3.0,0.0,284.56,-0.5211,0.1251,9.6713,9.6861,P002_Weight_Stack_Seated_Leg_Extension_Pulling_Too_Fast_1_011 (1).csv
2,4,2,5,1,24.0,24000,-0.52,0.11,9.77,9.7844,0.0022,-0.0022,0.0,3.0,0.06,284.56,-0.5209,0.1231,9.6843,9.6991,P002_Weight_Stack_Seated_Leg_Extension_Pulling_Too_Fast_1_011 (1).csv
2,4,2,5,1,24.13,24130,-0.56,0.15,9.6,9.6175,-0.0011,-0.0033,-0.0022,3.0,0.13,284.56,-0.5261,0.1266,9.6732,9.6883,P002_Weight_Stack_Seated_Leg_Extension_Pulling_Too_Fast_1_011 (1).csv
2,4,2,5,1,24.26,24260,-0.54,0.15,9.75,9.7661,0.0022,0.0,0.0011,3.0,0.13,284.56,-0.5279,0.1297,9.6833,9.6986,P002_Weight_Stack_Seated_Leg_Extension_Pulling_Too_Fast_1_011 (1).csv
2,4,2,5,1,24.39,24390,-0.61,0.15,9.48,9.5008,-0.0011,-0.0142,0.0011,3.0,0.19,284.56,-0.5387,0.1324,9.6565,9.6724,P002_Weight_Stack_Seated_Leg_Extension_Pulling_Too_Fast_1_011 (1).csv
2,4,2,5,1,24.521,24521,-0.55,0.13,9.55,9.5667,-0.0011,0.0098,-0.0011,3.06,0.19,284.56,-0.5402,0.1321,9.6425,9.6585,P002_Weight_Stack_Seated_Leg_Extension_Pulling_Too_Fast_1_011 (1).csv
2,4,2,5,1,24.652,24652,-0.53,0.16,9.81,9.8256,0.0022,0.0076,0.0022,3.06,0.25,284.56,-0.5389,0.1358,9.6646,9.6805,P002_Weight_Stack_Seated_Leg_Extension_Pulling_Too_Fast_1_011 (1).csv
2,4,2,5,1,24.782,24782,-0.54,0.19,9.58,9.5971,0.0,-0.0022,0.0033,3.06,0.25,284.56,-0.539,0.1429,9.6534,9.6695,P002_Weight_Stack_Seated_Leg_Extension_Pulling_Too_Fast_1_011 (1).csv
2,4,2,5,1,24.915,24915,-0.66,0.18,9.81,9.8338,0.0022,0.0044,0.0033,3.06,0.31,284.56,-0.555,0.1478,9.6741,9.6911,P002_Weight_Stack_Seated_Leg_Extension_Pulling_Too_Fast_1_011 (1).csv
2,4,2,5,1,25.09,25090,-0.62,0.16,11.19,11.2083,0.0185,0.0436,0.0065,2.69,0.25,284.56,-0.5635,0.1494,9.8738,9.891,P002_Weight_Stack_Seated_Leg_Extension_Pulling_Too_Fast_1_011 (1).csv
2,4,2,5,1,25.22,25220,-0.59,0.09,11.28,11.2958,0.0218,-0.0207,0.0109,2.69,0.19,284.63,-0.567,0.1416,10.0591,10.0761,P002_Weight_Stack_Seated_Leg_Extension_Pulling_Too_Fast_1_011 (1).csv
2,4,2,5,1,25.351,25351,-0.42,0.21,9.64,9.6514,0.0316,0.0044,0.0022,2.69,0.06,284.63,-0.5476,0.1506,10.0039,10.02,P002_Weight_Stack_Seated_Leg_Extension_Pulling_Too_Fast_1_011 (1).csv
2,4,2,5,1,25.481,25481,-0.41,0.03,7.44,7.4513,0.0284,-0.0142,-0.0033,2.75,-0.06,284.63,-0.5295,0.1347,9.666,9.6815,P002_Weight_Stack_Seated_Leg_Extension_Pulling_Too_Fast_1_011 (1).csv
2,4,2,5,1,25.611,25611,-0.42,0.09,7.85,7.8617,-0.0044,0.0109,-0.0011,2.81,-0.13,284.63,-0.5151,0.1288,9.4267,9.4417,P002_Weight_Stack_Seated_Leg_Extension_Pulling_Too_Fast_1_011 (1).csv
2,4,2,5,1,25.741,25741,-0.55,0.22,8.6,8.6204,-0.012,-0.0033,0.0,2.81,-0.19,284.63,-0.5197,0.1408,9.3178,9.3333,P002_Weight_Stack_Seated_Leg_Extension_Pulling_Too_Fast_1_011 (1).csv
2,5,2,5,1,25.871,25871,-0.41,0.1,9.57,9.5793,-0.0153,-0.0011,0.0131,2.69,-0.13,284.63,-0.5052,0.1354,9.351,9.3656,P002_Weight_Stack_Seated_Leg_Extension_Pulling_Too_Fast_1_011 (1).csv
2,5,2,5,1,26.002,26002,-0.58,0.08,10.22,10.2368,0.0011,-0.0251,0.0,2.75,-0.13,284.63,-0.5151,0.1281,9.4655,9.4804,P002_Weight_Stack_Seated_Leg_Extension_Pulling_Too_Fast_1_011 (1).csv
2,5,2,5,1,26.175,26175,-0.45,0.05,9.35,9.361,0.0,-0.0076,0.0,2.75,-0.13,284.63,-0.5065,0.1178,9.4503,9.4646,P002_Weight_Stack_Seated_Leg_Extension_Pulling_Too_Fast_1_011 (1).csv
2,5,2,5,1,26.306,26306,-0.48,0.12,8.99,9.0036,0.0022,0.0076,-0.0033,2.75,-0.13,284.63,-0.503,0.1181,9.3896,9.4039,P002_Weight_Stack_Seated_Leg_Extension_Pulling_Too_Fast_1_011 (1).csv
2,5,2,5,1,26.436,26436,-0.5,0.12,9.27,9.2843,-0.0033,0.0087,0.0065,2.69,-0.06,284.63,-0.5026,0.1184,9.3739,9.3881,P002_Weight_Stack_Seated_Leg_Extension_Pulling_Too_Fast_1_011 (1).csv
2,5,2,5,1,26.572,26572,-0.57,0.17,9.58,9.5984,-0.0011,-0.0164,0.0011,2.75,0.0,284.69,-0.5115,0.1252,9.401,9.4158,P002_Weight_Stack_Seated_Leg_Extension_Pulling_Too_Fast_1_011 (1).csv
2,5,2,5,1,26.704,26704,-0.57,0.06,8.95,8.9683,-0.0055,0.0076,0.0055,2.81,0.0,284.69,-0.5192,0.1166,9.3416,9.3568,P002_Weight_Stack_Seated_Leg_Extension_Pulling_Too_Fast_1_011 (1).csv
2,5,2,5,1,26.834,26834,-0.49,0.43,9.12,9.1433,-0.0022,0.0022,-0.0087,2.81,0.0,284.63,-0.5154,0.1579,9.3124,9.328,P002_Weight_Stack_Seated_Leg_Extension_Pulling_Too_Fast_1_011 (1).csv
2,5,2,5,1,26.964,26964,-0.29,-0.2,9.87,9.8763,0.0065,0.0076,0.0284,2.81,0.0,284.69,-0.4857,0.1107,9.3859,9.3991,P002_Weight_Stack_Seated_Leg_Extension_Pulling_Too_Fast_1_011 (1).csv
2,5,2,5,1,27.095,27095,-0.33,0.2,10.2,10.2073,-0.0022,0.0076,-0.0175,2.81,0.06,284.69,-0.4651,0.1225,9.4932,9.5053,P002_Weight_Stack_Seated_Leg_Extension_Pulling_Too_Fast_1_011 (1).csv
2,5,2,5,1,27.267,27267,-0.71,0.13,9.43,9.4576,-0.0065,-0.0044,-0.0153,2.88,0.06,284.69,-0.4974,0.1235,9.4848,9.4987,P002_Weight_Stack_Seated_Leg_Extension_Pulling_Too_Fast_1_011 (1).csv
2,5,2,5,1,27.398,27398,-0.41,0.31,9.13,9.1445,-0.0087,0.0033,0.0076,2.88,0.06,284.69,-0.4859,0.1481,9.4381,9.4517,P002_Weight_Stack_Seated_Leg_Extension_Pulling_Too_Fast_1_011 (1).csv
2,5,2,5,1,27.534,27534,-0.52,0.07,9.1,9.1151,-0.0011,-0.0033,-0.0011,2.88,0.06,284.69,-0.4904,0.1378,9.3935,9.4073,P002_Weight_Stack_Seated_Leg_Extension_Pulling_Too_Fast_1_011 (1).csv
2,5,2,5,1,27.666,27666,-0.62,0.16,9.81,9.8309,-0.0065,0.0011,0.0033,2.88,0.06,284.69,-0.5075,0.1407,9.4484,9.4631,P002_Weight_Stack_Seated_Leg_Extension_Pulling_Too_Fast_1_011 (1).csv
2,5,2,5,1,27.796,27796,-0.43,0.12,9.64,9.6503,0.0011,-0.0022,0.0109,2.88,0.06,284.69,-0.4973,0.138,9.4737,9.4877,P002_Weight_Stack_Seated_Leg_Extension_Pulling_Too_Fast_1_011 (1).csv
2,5,2,5,1,27.927,27927,-0.54,0.16,9.43,9.4468,0.0,-0.0044,-0.012,2.88,0.13,284.69,-0.5029,0.1409,9.4679,9.4823,P002_Weight_Stack_Seated_Leg_Extension_Pulling_Too_Fast_1_011 (1).csv
2,5,2,5,1,28.057,28057,-0.47,0.15,9.83,9.8424,0.0022,0.0044,0.0011,2.88,0.19,284.69,-0.4986,0.1421,9.5156,9.5297,P002_Weight_Stack_Seated_Leg_Extension_Pulling_Too_Fast_1_011 (1).csv
2,5,2,5,1,28.187,28187,-0.48,0.12,10.02,10.0322,-0.0033,-0.012,-0.0022,2.88,0.19,284.69,-0.4961,0.1392,9.5821,9.5959,P002_Weight_Stack_Seated_Leg_Extension_Pulling_Too_Fast_1_011 (1).csv
2,5,2,5,1,28.36,28360,-0.55,0.51,9.48,9.5096,-0.036,-0.0098,-0.0055,2.63,0.25,284.69,-0.5032,0.188,9.5686,9.5837,P002_Weight_Stack_Seated_Leg_Extension_Pulling_Too_Fast_1_011 (1).csv
2,5,2,5,1,28.49,28490,-0.55,0.08,9.35,9.3665,-0.0033,-0.0742,-0.0033,2.81,0.25,284.69,-0.5094,0.1738,9.5398,9.555,P002_Weight_Stack_Seated_Leg_Extension_Pulling_Too_Fast_1_011 (1).csv
2,5,2,5,1,28.62,28620,-0.49,0.12,9.7,9.7131,-0.0229,0.0229,0.0033,2.94,0.31,284.69,-0.5068,0.1667,9.5609,9.5758,P002_Weight_Stack_Seated_Leg_Extension_Pulling_Too_Fast_1_011 (1).csv
2,5,2,5,1,28.75,28750,-0.52,0.19,9.69,9.7058,0.0011,0.0055,-0.0022,2.94,0.44,284.69,-0.5086,0.1698,9.5779,9.5929,P002_Weight_Stack_Seated_Leg_Extension_Pulling_Too_Fast_1_011 (1).csv
2,5,2,5,1,28.88,28880,-0.54,0.19,10.48,10.4956,0.0578,0.1058,0.0087,2.69,0.38,284.69,-0.5127,0.1724,9.6968,9.7119,P002_Weight_Stack_Seated_Leg_Extension_Pulling_Too_Fast_1_011 (1).csv
2,5,2,5,1,29.01,29010,-0.64,0.1,12.13,12.1473,0.0196,0.0578,0.0076,2.63,0.31,284.69,-0.5295,0.1629,10.0174,10.0327,P002_Weight_Stack_Seated_Leg_Extension_Pulling_Too_Fast_1_011 (1).csv
2,5,2,5,1,29.14,29140,-0.55,-0.03,10.7,10.7142,0.036,-0.0055,0.0076,2.56,0.25,284.75,-0.5322,0.1375,10.1074,10.1223,P002_Weight_Stack_Seated_Leg_Extension_Pulling_Too_Fast_1_011 (1).csv
2,5,2,5,1,29.27,29270,-0.35,0.12,8.16,8.1684,0.0327,-0.0142,-0.0011,2.63,0.06,284.75,-0.5082,0.1352,9.8508,9.8648,P002_Weight_Stack_Seated_Leg_Extension_Pulling_Too_Fast_1_011 (1).csv
2,5,2,5,1,29.443,29443,-0.41,0.3,7.63,7.6469,0.012,0.0033,-0.0087,2.69,-0.06,284.75,-0.4952,0.1569,9.5581,9.5722,P002_Weight_Stack_Seated_Leg_Extension_Pulling_Too_Fast_1_011 (1).csv
2,5,2,5,1,29.576,29576,-0.55,0.09,8.06,8.0792,-0.012,0.0055,0.0131,2.69,-0.06,284.75,-0.5025,0.1481,9.3607,9.3754,P002_Weight_Stack_Seated_Leg_Extension_Pulling_Too_Fast_1_011 (1).csv
2,5,2,5,1,29.711,29711,-0.38,0.0,9.61,9.6175,0.0055,0.0175,0.0087,2.69,-0.06,284.75,-0.4863,0.1286,9.3936,9.407,P002_Weight_Stack_Seated_Leg_Extension_Pulling_Too_Fast_1_011 (1).csv
2,5,2,5,1,29.841,29841,-0.43,0.09,10.34,10.3493,0.0011,-0.0185,0.0098,2.63,-0.06,284.75,-0.4789,0.1235,9.5183,9.5311,P002_Weight_Stack_Seated_Leg_Extension_Pulling_Too_Fast_1_011 (1).csv
2,5,2,5,1,29.972,29972,-0.56,0.08,9.98,9.996,0.0033,0.0185,0.0033,2.75,0.0,284.75,-0.4896,0.1178,9.5791,9.5923,P002_Weight_Stack_Seated_Leg_Extension_Pulling_Too_Fast_1_011 (1).csv
2,5,2,5,1,30.102,30102,-0.54,0.09,9.29,9.3061,0.0022,-0.0011,0.0011,2.75,0.0,284.75,-0.4962,0.1141,9.541,9.5546,P002_Weight_Stack_Seated_Leg_Extension_Pulling_Too_Fast_1_011 (1).csv
2,5,2,5,1,30.232,30232,-0.46,0.12,9.11,9.1224,0.0022,0.0055,0.0033,2.75,0.0,284.75,-0.4915,0.1149,9.4842,9.4976,P002_Weight_Stack_Seated_Leg_Extension_Pulling_Too_Fast_1_011 (1).csv
2,5,2,5,1,30.363,30363,-0.43,0.1,9.56,9.5702,0.0033,-0.0055,0.0055,2.69,0.0,284.75,-0.4834,0.1129,9.4942,9.5072,P002_Weight_Stack_Seated_Leg_Extension_Pulling_Too_Fast_1_011 (1).csv
2,5,2,5,1,30.536,30536,-0.48,0.1,9.28,9.2929,-0.0011,0.0044,0.0033,2.75,0.0,284.81,-0.4829,0.1112,9.466,9.4789,P002_Weight_Stack_Seated_Leg_Extension_Pulling_Too_Fast_1_011 (1).csv
2,5,2,5,1,30.667,30667,-0.47,0.11,9.23,9.2426,-0.0055,-0.0011,0.0,2.75,0.0,284.81,-0.4812,0.1111,9.4349,9.4478,P002_Weight_Stack_Seated_Leg_Extension_Pulling_Too_Fast_1_011 (1).csv
2,5,2,5,1,30.798,30798,-0.53,0.11,9.24,9.2558,-0.0109,-0.0109,0.0055,2.75,0.06,284.81,-0.4876,0.1109,9.4092,9.4225,P002_Weight_Stack_Seated_Leg_Extension_Pulling_Too_Fast_1_011 (1).csv
2,5,2,5,1,30.933,30933,-0.65,0.22,8.67,8.6971,-0.0098,0.0011,-0.0109,2.75,0.06,284.81,-0.509,0.1253,9.3118,9.3265,P002_Weight_Stack_Seated_Leg_Extension_Pulling_Too_Fast_1_011 (1).csv
2,5,2,5,1,31.065,31065,-0.67,0.24,8.6,8.6294,-0.0109,0.0251,0.0033,2.75,0.13,284.81,-0.5302,0.1404,9.218,9.2343,P002_Weight_Stack_Seated_Leg_Extension_Pulling_Too_Fast_1_011 (1).csv
2,6,2,5,1,31.195,31195,-0.24,0.09,9.87,9.8733,0.0305,0.0109,0.0055,2.75,0.13,284.81,-0.492,0.1338,9.3039,9.3179,P002_Weight_Stack_Seated_Leg_Extension_Pulling_Too_Fast_1_011 (1).csv
2,6,2,5,1,31.325,31325,-0.4,0.11,9.22,9.2293,-0.0164,-0.0055,0.0011,2.81,0.13,284.81,-0.4799,0.1306,9.2929,9.3062,P002_Weight_Stack_Seated_Leg_Extension_Pulling_Too_Fast_1_011 (1).csv
2,6,2,5,1,31.455,31455,-0.68,0.18,9.0,9.0274,0.012,-0.0142,-0.0131,2.81,0.13,284.81,-0.5062,0.1371,9.2543,9.2691,P002_Weight_Stack_Seated_Leg_Extension_Pulling_Too_Fast_1_011 (1).csv
2,6,2,5,1,31.628,31628,-0.44,0.0,9.4,9.4103,0.0033,-0.0022,0.0022,2.81,0.19,284.81,-0.4975,0.1191,9.2735,9.2876,P002_Weight_Stack_Seated_Leg_Extension_Pulling_Too_Fast_1_011 (1).csv
2,6,2,5,1,31.758,31758,-0.56,0.18,9.9,9.9175,-0.0033,-0.0033,-0.0087,2.81,0.25,284.81,-0.5058,0.1271,9.356,9.3706,P002_Weight_Stack_Seated_Leg_Extension_Pulling_Too_Fast_1_011 (1).csv
2,6,2,5,1,31.889,31889,-0.52,0.14,10.31,10.3241,0.0033,0.0033,0.0076,2.88,0.25,284.81,-0.5076,0.1288,9.4817,9.4962,P002_Weight_Stack_Seated_Leg_Extension_Pulling_Too_Fast_1_011 (1).csv
2,6,2,5,1,32.02,32020,-0.51,0.14,10.12,10.1338,-0.0011,0.0,0.0022,2.88,0.25,284.81,-0.5079,0.1303,9.5658,9.5802,P002_Weight_Stack_Seated_Leg_Extension_Pulling_Too_Fast_1_011 (1).csv
2,6,2,5,1,32.15,32150,-0.5,0.18,9.33,9.3451,-0.0055,0.0011,0.0,2.88,0.31,284.81,-0.5069,0.1368,9.5348,9.5492,P002_Weight_Stack_Seated_Leg_Extension_Pulling_Too_Fast_1_011 (1).csv
2,6,2,5,1,32.286,32286,-0.57,0.14,9.49,9.5081,0.0022,0.0142,-0.0011,2.81,0.31,284.81,-0.5152,0.1372,9.5289,9.5438,P002_Weight_Stack_Seated_Leg_Extension_Pulling_Too_Fast_1_011 (1).csv
2,6,2,5,1,32.418,32418,-0.53,0.18,9.61,9.6263,-0.0011,-0.0109,0.0011,2.75,0.31,284.81,-0.5172,0.1429,9.5396,9.5546,P002_Weight_Stack_Seated_Leg_Extension_Pulling_Too_Fast_1_011 (1).csv
2,6,2,5,1,32.548,32548,-0.6,0.15,9.94,9.9592,-0.0055,0.0011,0.0011,2.88,0.31,284.81,-0.5281,0.1438,9.5923,9.6079,P002_Weight_Stack_Seated_Leg_Extension_Pulling_Too_Fast_1_011 (1).csv
2,6,2,5,1,32.721,32721,-0.53,0.55,10.12,10.1488,-0.0338,-0.048,-0.012,2.5,0.25,284.81,-0.5283,0.1973,9.6619,9.6783,P002_Weight_Stack_Seated_Leg_Extension_Pulling_Too_Fast_1_011 (1).csv
2,6,2,5,1,32.851,32851,-0.61,0.59,10.9,10.933,-0.0327,-0.0109,0.0011,2.5,0.25,284.81,-0.5391,0.2491,9.825,9.8429,P002_Weight_Stack_Seated_Leg_Extension_Pulling_Too_Fast_1_011 (1).csv
2,6,2,5,1,32.982,32982,-0.52,0.13,11.09,11.1029,0.0153,-0.012,0.0087,2.5,0.19,284.88,-0.5366,0.2334,9.9917,10.0088,P002_Weight_Stack_Seated_Leg_Extension_Pulling_Too_Fast_1_011 (1).csv
2,6,2,5,1,33.118,33118,-0.5,0.21,9.69,9.7052,0.0175,0.0055,-0.0011,2.5,0.06,284.94,-0.5318,0.2303,9.952,9.9688,P002_Weight_Stack_Seated_Leg_Extension_Pulling_Too_Fast_1_011 (1).csv
2,6,2,5,1,33.25,33250,-0.46,0.13,8.68,8.6932,0.0393,-0.012,0.0011,2.56,-0.06,284.94,-0.5223,0.2171,9.7843,9.8007,P002_Weight_Stack_Seated_Leg_Extension_Pulling_Too_Fast_1_011 (1).csv
2,6,2,5,1,33.38,33380,-0.44,0.2,8.27,8.2841,0.0087,0.0022,0.0044,2.56,-0.13,284.88,-0.5115,0.2148,9.5848,9.6008,P002_Weight_Stack_Seated_Leg_Extension_Pulling_Too_Fast_1_011 (1).csv
2,6,2,5,1,33.51,33510,-0.44,0.17,8.82,8.8326,-0.0033,-0.0153,0.0011,2.63,-0.19,284.88,-0.502,0.2089,9.484,9.4996,P002_Weight_Stack_Seated_Leg_Extension_Pulling_Too_Fast_1_011 (1).csv
2,6,2,5,1,33.641,33641,-0.44,0.22,9.78,9.7924,-0.0087,0.0022,0.0153,2.5,-0.19,284.94,-0.4939,0.2104,9.523,9.5381,P002_Weight_Stack_Seated_Leg_Extension_Pulling_Too_Fast_1_011 (1).csv
2,6,2,5,1,33.814,33814,-0.66,0.06,10.25,10.2714,-0.0055,-0.0175,0.0,2.63,-0.13,284.94,-0.5158,0.1906,9.6188,9.6345,P002_Weight_Stack_Seated_Leg_Extension_Pulling_Too_Fast_1_011 (1).csv
2,6,2,5,1,33.95,33950,-0.53,0.08,9.69,9.7048,-0.0011,0.0022,0.0055,2.56,-0.13,284.94,-0.5176,0.176,9.6282,9.6437,P002_Weight_Stack_Seated_Leg_Extension_Pulling_Too_Fast_1_011 (1).csv
2,6,2,5,1,34.082,34082,-0.53,0.07,9.54,9.555,0.0011,0.0,0.0,2.63,-0.06,284.94,-0.5193,0.162,9.6166,9.6319,P002_Weight_Stack_Seated_Leg_Extension_Pulling_Too_Fast_1_011 (1).csv
2,6,2,5,1,34.212,34212,-0.6,0.05,9.59,9.6089,0.0065,0.0153,0.0,2.56,-0.06,284.94,-0.5299,0.1473,9.6131,9.6288,P002_Weight_Stack_Seated_Leg_Extension_Pulling_Too_Fast_1_011 (1).csv
2,6,2,5,1,34.342,34342,-0.5,0.15,9.89,9.9038,0.0022,-0.0087,0.0022,2.56,-0.06,284.94,-0.526,0.1476,9.6496,9.665,P002_Weight_Stack_Seated_Leg_Extension_Pulling_Too_Fast_1_011 (1).csv
2,6,2,5,1,34.473,34473,-0.73,0.02,8.99,9.0196,-0.0022,-0.0033,0.0022,2.63,-0.06,284.94,-0.5528,0.1308,9.5626,9.5795,P002_Weight_Stack_Seated_Leg_Extension_Pulling_Too_Fast_1_011 (1).csv
2,6,2,5,1,34.603,34603,-0.54,0.18,9.3,9.3174,-0.0033,0.0065,0.0011,2.56,-0.06,284.94,-0.5512,0.1373,9.528,9.545,P002_Weight_Stack_Seated_Leg_Extension_Pulling_Too_Fast_1_011 (1).csv
2,6,2,5,1,34.733,34733,-0.4,0.13,9.38,9.3894,0.0022,-0.0044,0.0033,2.63,0.0,285.0,-0.5312,0.1363,9.5085,9.5243,P002_Weight_Stack_Seated_Leg_Extension_Pulling_Too_Fast_1_011 (1).csv
2,6,2,5,1,34.906,34906,-0.47,0.19,8.84,8.8545,-0.0022,-0.0022,-0.0033,2.63,0.0,285.0,-0.5232,0.1434,9.4204,9.436,P002_Weight_Stack_Seated_Leg_Extension_Pulling_Too_Fast_1_011 (1).csv
2,7,2,5,1,35.037,35037,-0.53,0.01,9.73,9.7444,-0.0033,0.0109,0.0098,2.63,0.0,285.0,-0.5241,0.1258,9.4612,9.4766,P002_Weight_Stack_Seated_Leg_Extension_Pulling_Too_Fast_1_011 (1).csv
2,7,2,5,1,35.171,35171,-0.44,0.15,9.94,9.9509,0.0076,0.0109,0.0,2.69,0.0,285.0,-0.513,0.129,9.5243,9.539,P002_Weight_Stack_Seated_Leg_Extension_Pulling_Too_Fast_1_011 (1).csv
2,7,2,5,1,35.305,35305,-0.41,0.07,9.79,9.7988,0.0011,0.0087,0.0033,2.75,0.06,285.0,-0.4994,0.1212,9.5593,9.5731,P002_Weight_Stack_Seated_Leg_Extension_Pulling_Too_Fast_1_011 (1).csv
2,7,2,5,1,35.435,35435,-0.41,0.16,9.78,9.7899,-0.0164,0.0022,-0.0022,2.75,0.06,285.0,-0.4876,0.1263,9.5884,9.6016,P002_Weight_Stack_Seated_Leg_Extension_Pulling_Too_Fast_1_011 (1).csv
2,7,2,5,1,35.566,35566,-0.69,0.11,9.47,9.4957,-0.0055,-0.0055,-0.0098,2.75,0.13,285.0,-0.5143,0.1242,9.5728,9.5874,P002_Weight_Stack_Seated_Leg_Extension_Pulling_Too_Fast_1_011 (1).csv
2,7,2,5,1,35.696,35696,-0.56,0.22,9.84,9.8584,-0.0055,-0.0022,-0.0033,2.75,0.13,285.0,-0.5203,0.1368,9.608,9.6231,P002_Weight_Stack_Seated_Leg_Extension_Pulling_Too_Fast_1_011 (1).csv
2,7,2,5,1,35.827,35827,-0.55,0.12,10.09,10.1057,0.0022,0.0109,0.0065,2.81,0.19,285.0,-0.5242,0.1346,9.6715,9.6867,P002_Weight_Stack_Seated_Leg_Extension_Pulling_Too_Fast_1_011 (1).csv
2,7,2,5,1,35.999,35999,-0.53,0.14,9.52,9.5358,-0.0022,-0.0076,-0.0022,2.81,0.19,285.0,-0.525,0.1353,9.6516,9.6668,P002_Weight_Stack_Seated_Leg_Extension_Pulling_Too_Fast_1_011 (1).csv
2,7,2,5,1,36.129,36129,-0.57,0.18,9.52,9.5387,-0.0055,0.0076,0.0011,2.81,0.25,285.0,-0.5309,0.1412,9.6342,9.6499,P002_Weight_Stack_Seated_Leg_Extension_Pulling_Too_Fast_1_011 (1).csv
2,7,2,5,1,36.259,36259,-0.54,0.2,9.57,9.5873,0.0011,0.0076,-0.0022,2.81,0.31,285.0,-0.5321,0.1489,9.6258,9.6416,P002_Weight_Stack_Seated_Leg_Extension_Pulling_Too_Fast_1_011 (1).csv
2,7,2,5,1,36.389,36389,-0.53,1.14,9.49,9.5729,-0.0971,0.0044,-0.0305,2.56,0.38,285.0,-0.5318,0.2795,9.6079,9.6266,P002_Weight_Stack_Seated_Leg_Extension_Pulling_Too_Fast_1_011 (1).csv
2,7,2,5,1,36.519,36519,-0.53,0.52,10.32,10.3467,-0.0327,0.0011,0.0,2.56,0.31,285.06,-0.5316,0.3112,9.7017,9.7212,P002_Weight_Stack_Seated_Leg_Extension_Pulling_Too_Fast_1_011 (1).csv
2,7,2,5,1,36.649,36649,-0.43,0.07,9.34,9.3502,0.0109,-0.0033,-0.0011,2.56,0.25,285.06,-0.5182,0.2794,9.654,9.672,P002_Weight_Stack_Seated_Leg_Extension_Pulling_Too_Fast_1_011 (1).csv
2,7,2,5,1,36.779,36779,-0.45,0.16,9.66,9.6718,0.0011,0.0098,0.0055,2.56,0.31,285.06,-0.5092,0.2637,9.6548,9.6718,P002_Weight_Stack_Seated_Leg_Extension_Pulling_Too_Fast_1_011 (1).csv
2,7,2,5,1,36.909,36909,-0.52,0.12,11.12,11.1328,0.0087,-0.0098,0.0033,2.56,0.31,285.06,-0.5106,0.2448,9.8479,9.8642,P002_Weight_Stack_Seated_Leg_Extension_Pulling_Too_Fast_1_011 (1).csv
2,7,2,5,1,37.082,37082,-0.36,0.06,11.43,11.4358,0.0153,0.0218,0.0109,2.5,0.25,285.13,-0.4908,0.2204,10.0564,10.0708,P002_Weight_Stack_Seated_Leg_Extension_Pulling_Too_Fast_1_011 (1).csv
2,7,2,5,1,37.212,37212,-0.48,0.17,8.43,8.4454,0.0207,-0.0251,-0.0055,2.56,0.06,285.13,-0.4894,0.2138,9.8421,9.8565,P002_Weight_Stack_Seated_Leg_Extension_Pulling_Too_Fast_1_011 (1).csv
2,7,2,5,1,37.342,37342,-0.54,-0.05,7.28,7.3002,0.036,0.0087,-0.0098,2.69,-0.06,285.13,-0.496,0.179,9.5045,9.5191,P002_Weight_Stack_Seated_Leg_Extension_Pulling_Too_Fast_1_011 (1).csv
2,7,2,5,1,37.472,37472,-0.45,0.16,6.97,6.9863,-0.0196,-0.0011,0.0044,2.69,-0.06,285.13,-0.49,0.1765,9.1705,9.1853,P002_Weight_Stack_Seated_Leg_Extension_Pulling_Too_Fast_1_011 (1).csv
2,7,2,5,1,37.602,37602,-0.3,-0.11,8.9,8.9057,0.0207,0.0295,-0.0022,2.56,-0.06,285.13,-0.4649,0.1388,9.1348,9.1477,P002_Weight_Stack_Seated_Leg_Extension_Pulling_Too_Fast_1_011 (1).csv
2,7,2,5,1,37.732,37732,-0.4,0.0,10.09,10.0979,0.0098,0.0087,0.0055,2.56,-0.06,285.13,-0.4564,0.1205,9.2607,9.2727,P002_Weight_Stack_Seated_Leg_Extension_Pulling_Too_Fast_1_011 (1).csv
2,7,2,5,1,37.862,37862,-0.51,0.05,10.18,10.1929,-0.0011,-0.0229,0.0011,2.63,-0.06,285.13,-0.4634,0.1112,9.3818,9.3939,P002_Weight_Stack_Seated_Leg_Extension_Pulling_Too_Fast_1_011 (1).csv
2,7,2,5,1,37.992,37992,-0.52,0.11,9.57,9.5847,0.0033,0.024,0.0055,2.56,0.0,285.13,-0.4709,0.111,9.4066,9.4191,P002_Weight_Stack_Seated_Leg_Extension_Pulling_Too_Fast_1_011 (1).csv
2,7,2,5,1,38.165,38165,-0.49,0.07,9.31,9.3231,0.0,-0.0033,0.0076,2.56,0.0,285.13,-0.4734,0.1056,9.3939,9.4064,P002_Weight_Stack_Seated_Leg_Extension_Pulling_Too_Fast_1_011 (1).csv
2,7,2,5,1,38.296,38296,-0.5,0.12,9.5,9.5139,-0.0044,0.0011,0.0022,2.56,0.0,285.13,-0.4769,0.1075,9.4079,9.4206,P002_Weight_Stack_Seated_Leg_Extension_Pulling_Too_Fast_1_011 (1).csv
2,7,2,5,1,38.428,38428,-0.54,0.08,9.5,9.5157,-0.0011,-0.0044,0.0,2.63,0.0,285.13,-0.4852,0.1039,9.42,9.4331,P002_Weight_Stack_Seated_Leg_Extension_Pulling_Too_Fast_1_011 (1).csv
2,7,2,5,1,38.563,38563,-0.57,0.09,9.28,9.2979,-0.0011,-0.0022,0.0044,2.63,0.0,285.13,-0.4964,0.1021,9.4016,9.4152,P002_Weight_Stack_Seated_Leg_Extension_Pulling_Too_Fast_1_011 (1).csv
2,7,2,5,1,38.694,38694,-0.51,0.12,9.26,9.2748,-0.0044,-0.0044,0.0022,2.63,0.06,285.13,-0.4982,0.1044,9.3829,9.3967,P002_Weight_Stack_Seated_Leg_Extension_Pulling_Too_Fast_1_011 (1).csv
2,7,2,5,1,38.824,38824,-0.6,0.08,9.4,9.4195,-0.012,-0.0076,0.0076,2.69,0.06,285.13,-0.5116,0.1012,9.3852,9.3996,P002_Weight_Stack_Seated_Leg_Extension_Pulling_Too_Fast_1_011 (1).csv
2,7,2,5,1,38.954,38954,-0.56,0.2,9.91,9.9278,0.0011,0.0109,-0.0022,2.63,0.13,285.13,-0.518,0.1142,9.4543,9.4692,P002_Weight_Stack_Seated_Leg_Extension_Pulling_Too_Fast_1_011 (1).csv
2,7,2,5,1,39.085,39085,-0.44,0.12,10.92,10.9295,0.012,0.012,0.0022,2.63,0.13,285.19,-0.5077,0.115,9.6475,9.6615,P002_Weight_Stack_Seated_Leg_Extension_Pulling_Too_Fast_1_011 (1).csv
2,7,2,5,1,39.259,39259,-0.76,0.09,9.98,10.0093,0.0022,-0.0098,-0.0153,2.69,0.13,285.19,-0.541,0.1117,9.6913,9.707,P002_Weight_Stack_Seated_Leg_Extension_Pulling_Too_Fast_1_011 (1).csv
2,7,2,5,1,39.389,39389,-0.93,0.03,9.86,9.9038,0.0109,-0.0011,-0.0087,2.69,0.13,285.19,-0.5922,0.1009,9.7135,9.7321,P002_Weight_Stack_Seated_Leg_Extension_Pulling_Too_Fast_1_011 (1).csv
2,7,2,5,1,39.521,39521,-0.49,0.34,10.08,10.0976,-0.0273,0.0022,0.0011,2.69,0.19,285.19,-0.5788,0.1324,9.7618,9.7798,P002_Weight_Stack_Seated_Leg_Extension_Pulling_Too_Fast_1_011 (1).csv
2,7,2,5,1,39.656,39656,-0.47,0.03,9.7,9.7114,-0.0033,-0.0044,0.0098,2.69,0.19,285.19,-0.5644,0.1189,9.7537,9.7707,P002_Weight_Stack_Seated_Leg_Extension_Pulling_Too_Fast_1_011 (1).csv
2,7,2,5,1,39.787,39787,-0.57,0.19,9.08,9.0999,-0.0098,-0.0065,-0.0076,2.75,0.19,285.19,-0.5652,0.1283,9.6649,9.6823,P002_Weight_Stack_Seated_Leg_Extension_Pulling_Too_Fast_1_011 (1).csv
2,7,2,5,1,39.917,39917,-0.51,0.19,9.35,9.3658,-0.0011,0.0087,0.0011,2.75,0.19,285.19,-0.5579,0.1364,9.6234,9.6405,P002_Weight_Stack_Seated_Leg_Extension_Pulling_Too_Fast_1_011 (1).csv
2,7,2,5,1,40.047,40047,-0.51,0.12,9.64,9.6542,0.0087,0.0131,0.0022,2.69,0.25,285.19,-0.5516,0.1343,9.6256,9.6423,P002_Weight_Stack_Seated_Leg_Extension_Pulling_Too_Fast_1_011 (1).csv
2,7,2,5,1,40.178,40178,-0.35,0.02,10.14,10.1461,0.0011,-0.0087,0.0,2.69,0.25,285.19,-0.525,0.1192,9.6934,9.7083,P002_Weight_Stack_Seated_Leg_Extension_Pulling_Too_Fast_1_011 (1).csv
2,7,2,5,1,40.353,40353,-0.43,0.33,9.77,9.785,0.0011,-0.012,0.0044,2.38,0.5,285.25,-0.5125,0.147,9.7035,9.7181,P002_Weight_Stack_Seated_Leg_Extension_Pulling_Too_Fast_1_011 (1).csv
2,7,2,5,1,40.488,40488,-0.51,0.14,9.52,9.5347,0.0011,-0.0109,0.0022,2.44,0.5,285.25,-0.5122,0.1461,9.6793,9.6939,P002_Weight_Stack_Seated_Leg_Extension_Pulling_Too_Fast_1_011 (1).csv
2,7,2,5,1,40.619,40619,-0.51,0.16,9.52,9.535,0.0731,-0.0098,-0.0033,2.56,0.44,285.19,-0.5119,0.1479,9.6583,9.673,P002_Weight_Stack_Seated_Leg_Extension_Pulling_Too_Fast_1_011 (1).csv
2,7,2,5,1,40.749,40749,-1.25,-0.01,9.86,9.9389,-0.0415,-0.0622,-0.0164,3.0,-0.19,285.38,-0.6091,0.1271,9.6849,9.7049,P002_Weight_Stack_Seated_Leg_Extension_Pulling_Too_Fast_1_011 (1).csv
2,7,2,5,1,40.879,40879,-0.34,-0.37,9.61,9.6231,-0.0185,0.0578,-0.0153,2.5,0.0,285.19,-0.5737,0.0616,9.675,9.6922,P002_Weight_Stack_Seated_Leg_Extension_Pulling_Too_Fast_1_011 (1).csv
2,7,2,5,1,41.01,41010,-0.51,0.12,9.56,9.5743,0.0033,-0.0022,0.0055,2.44,0.06,285.19,-0.5653,0.0693,9.6599,9.6766,P002_Weight_Stack_Seated_Leg_Extension_Pulling_Too_Fast_1_011 (1).csv
2,7,2,5,1,41.14,41140,-0.52,0.02,9.59,9.6041,0.036,-0.0535,0.0251,2.75,-0.13,285.38,-0.5593,0.0628,9.6507,9.6671,P002_Weight_Stack_Seated_Leg_Extension_Pulling_Too_Fast_1_011 (1).csv
2,7,2,5,1,41.27,41270,-0.52,0.07,9.46,9.4745,-0.0011,0.0295,0.0,2.88,-0.13,285.31,-0.5541,0.0637,9.6255,9.6417,P002_Weight_Stack_Seated_Leg_Extension_Pulling_Too_Fast_1_011 (1).csv
2,7,2,5,1,41.443,41443,-0.54,0.09,9.56,9.5757,0.0033,-0.0033,0.0033,2.81,-0.06,285.31,-0.5523,0.0672,9.6169,9.633,P002_Weight_Stack_Seated_Leg_Extension_Pulling_Too_Fast_1_011 (1).csv
2,1,2,5,1,0.0,0,-0.64,0.27,9.61,9.6351,0.0153,-0.0818,-0.0065,3.06,0.44,284.38,-0.5008,0.1241,9.533,9.5469,P002_Weight_Stack_Seated_Leg_Extension_Pulling_Too_Fast_1_011 (2).csv
2,1,2,5,1,0.131,131,-0.54,0.14,9.7,9.716,-0.0164,0.0513,-0.0033,3.0,0.44,284.25,-0.5059,0.1262,9.555,9.5692,P002_Weight_Stack_Seated_Leg_Extension_Pulling_Too_Fast_1_011 (2).csv
2,1,2,5,1,0.262,262,-0.41,0.14,9.56,9.5698,-0.0218,0.0153,0.012,2.81,0.5,284.25,-0.4933,0.128,9.5556,9.5692,P002_Weight_Stack_Seated_Leg_Extension_Pulling_Too_Fast_1_011 (2).csv
2,1,2,5,1,0.392,392,-0.49,0.06,9.51,9.5228,0.0044,0.0044,-0.0011,2.81,0.56,284.25,-0.4929,0.1191,9.5496,9.5631,P002_Weight_Stack_Seated_Leg_Extension_Pulling_Too_Fast_1_011 (2).csv
2,1,2,5,1,0.523,523,-0.53,0.11,9.52,9.5354,0.024,-0.0305,0.0033,2.88,0.44,284.25,-0.4977,0.1179,9.5457,9.5594,P002_Weight_Stack_Seated_Leg_Extension_Pulling_Too_Fast_1_011 (2).csv
2,1,2,5,1,0.654,654,-0.53,0.08,9.64,9.6549,0.0,0.0055,-0.0044,2.94,0.44,284.25,-0.502,0.1129,9.5581,9.572,P002_Weight_Stack_Seated_Leg_Extension_Pulling_Too_Fast_1_011 (2).csv
2,1,2,5,1,0.829,829,-0.6,0.08,9.55,9.5692,-0.0055,0.0011,0.0055,2.88,0.44,284.25,-0.5149,0.1086,9.5571,9.5715,P002_Weight_Stack_Seated_Leg_Extension_Pulling_Too_Fast_1_011 (2).csv
2,1,2,5,1,0.96,960,-0.52,0.07,9.54,9.5544,0.0,-0.0022,0.0022,2.94,0.44,284.25,-0.5156,0.1035,9.5548,9.5693,P002_Weight_Stack_Seated_Leg_Extension_Pulling_Too_Fast_1_011 (2).csv
2,1,2,5,1,1.09,1090,-0.5,0.04,9.53,9.5432,-0.0142,0.0044,-0.0055,2.94,0.44,284.25,-0.5135,0.0951,9.5515,9.5658,P002_Weight_Stack_Seated_Leg_Extension_Pulling_Too_Fast_1_011 (2).csv
2,1,2,5,1,1.22,1220,0.0,1.38,9.49,9.5898,-0.1516,0.0589,-0.0654,2.75,1.19,284.25,-0.4459,0.2644,9.5434,9.5575,P002_Weight_Stack_Seated_Leg_Extension_Pulling_Too_Fast_1_011 (2).csv
2,1,2,5,1,1.351,1351,-0.32,0.07,9.02,9.0259,-0.0196,0.0524,0.0011,2.94,0.75,284.13,-0.4293,0.2388,9.4745,9.4872,P002_Weight_Stack_Seated_Leg_Extension_Pulling_Too_Fast_1_011 (2).csv
2,1,2,5,1,1.481,1481,-0.32,-0.02,9.45,9.4554,0.0687,0.1265,-0.0687,2.88,1.13,284.19,-0.4149,0.2047,9.4712,9.4825,P002_Weight_Stack_Seated_Leg_Extension_Pulling_Too_Fast_1_011 (2).csv
2,1,2,5,1,1.612,1612,-0.68,0.05,9.81,9.8337,0.0262,-0.0229,-0.0535,2.88,1.19,284.13,-0.4498,0.1843,9.5159,9.5283,P002_Weight_Stack_Seated_Leg_Extension_Pulling_Too_Fast_1_011 (2).csv
2,1,2,5,1,1.742,1742,-0.66,-0.25,9.58,9.606,0.0218,0.0087,0.0142,3.0,0.81,284.06,-0.4775,0.1271,9.5243,9.5371,P002_Weight_Stack_Seated_Leg_Extension_Pulling_Too_Fast_1_011 (2).csv
2,1,2,5,1,1.915,1915,-0.53,0.57,9.99,10.0203,0.1276,-0.0076,-0.0251,2.94,0.88,284.06,-0.4844,0.1854,9.5857,9.5997,P002_Weight_Stack_Seated_Leg_Extension_Pulling_Too_Fast_1_011 (2).csv
2,1,2,5,1,2.045,2045,-0.54,0.12,10.21,10.225,-0.0033,0.0065,0.0142,2.88,0.75,284.06,-0.4917,0.1768,9.668,9.6821,P002_Weight_Stack_Seated_Leg_Extension_Pulling_Too_Fast_1_011 (2).csv
2,1,2,5,1,2.181,2181,-0.63,0.08,9.44,9.4613,0.0087,0.0044,-0.0044,2.88,0.75,284.06,-0.51,0.1641,9.6379,9.6528,P002_Weight_Stack_Seated_Leg_Extension_Pulling_Too_Fast_1_011 (2).csv
2,1,2,5,1,2.313,2313,-0.45,0.26,8.84,8.8553,0.0196,0.0055,0.0055,2.88,0.75,284.06,-0.5021,0.1767,9.5328,9.5476,P002_Weight_Stack_Seated_Leg_Extension_Pulling_Too_Fast_1_011 (2).csv
2,1,2,5,1,2.443,2443,-0.5,0.13,9.13,9.1446,0.0022,-0.0207,0.0011,2.94,0.69,284.06,-0.5018,0.1706,9.4797,9.4945,P002_Weight_Stack_Seated_Leg_Extension_Pulling_Too_Fast_1_011 (2).csv
2,1,2,5,1,2.573,2573,-0.6,0.15,9.95,9.9692,0.0022,0.0109,0.0011,3.0,0.69,284.06,-0.5147,0.1678,9.5417,9.557,P002_Weight_Stack_Seated_Leg_Extension_Pulling_Too_Fast_1_011 (2).csv
2,1,2,5,1,2.704,2704,-0.62,0.03,10.93,10.9476,0.012,-0.0065,0.0022,2.94,0.69,284.06,-0.5286,0.1497,9.7246,9.7401,P002_Weight_Stack_Seated_Leg_Extension_Pulling_Too_Fast_1_011 (2).csv
2,1,2,5,1,2.834,2834,-0.71,0.11,10.06,10.0856,0.0022,-0.0055,-0.0033,3.0,0.69,284.06,-0.5525,0.1445,9.7688,9.7855,P002_Weight_Stack_Seated_Leg_Extension_Pulling_Too_Fast_1_011 (2).csv
2,1,2,5,1,3.007,3007,-0.39,0.39,8.65,8.6676,-0.0229,-0.0131,-0.0164,3.0,0.69,284.06,-0.5311,0.1768,9.6214,9.6377,P002_Weight_Stack_Seated_Leg_Extension_Pulling_Too_Fast_1_011 (2).csv
2,1,2,5,1,3.14,3140,-0.39,0.2,9.84,9.8498,0.0098,-0.0033,0.0164,3.0,0.69,284.0,-0.5125,0.1799,9.6502,9.6655,P002_Weight_Stack_Seated_Leg_Extension_Pulling_Too_Fast_1_011 (2).csv
2,1,2,5,1,3.271,3271,-0.52,0.06,9.72,9.7341,0.0044,0.0055,0.0,3.0,0.69,284.0,-0.5135,0.1641,9.6594,9.6744,P002_Weight_Stack_Seated_Leg_Extension_Pulling_Too_Fast_1_011 (2).csv
2,1,2,5,1,3.405,3405,-0.53,0.1,9.38,9.3955,-0.0044,0.0076,0.0087,3.0,0.69,284.0,-0.5157,0.1556,9.6226,9.6376,P002_Weight_Stack_Seated_Leg_Extension_Pulling_Too_Fast_1_011 (2).csv
2,1,2,5,1,3.536,3536,-0.55,0.05,9.61,9.6259,-0.0076,0.0065,-0.012,3.0,0.69,284.0,-0.5202,0.1417,9.6209,9.636,P002_Weight_Stack_Seated_Leg_Extension_Pulling_Too_Fast_1_011 (2).csv
2,1,2,5,1,3.666,3666,-0.64,0.14,9.57,9.5924,0.0589,-0.0447,-0.012,2.75,0.75,284.0,-0.536,0.1415,9.6142,9.6302,P002_Weight_Stack_Seated_Leg_Extension_Pulling_Too_Fast_1_011 (2).csv
2,1,2,5,1,3.796,3796,-0.64,0.18,9.93,9.9522,-0.0033,-0.0142,-0.0065,3.0,0.63,284.0,-0.5497,0.1466,9.6558,9.6726,P002_Weight_Stack_Seated_Leg_Extension_Pulling_Too_Fast_1_011 (2).csv
2,1,2,5,1,3.927,3927,-0.5,0.15,9.49,9.5043,-0.0065,0.024,0.0011,2.88,0.69,284.0,-0.5431,0.147,9.634,9.6504,P002_Weight_Stack_Seated_Leg_Extension_Pulling_Too_Fast_1_011 (2).csv
2,1,2,5,1,4.103,4103,-0.56,0.09,8.72,8.7384,-0.0164,0.0175,0.0022,3.0,0.69,284.0,-0.5454,0.1395,9.5135,9.5302,P002_Weight_Stack_Seated_Leg_Extension_Pulling_Too_Fast_1_011 (2).csv
2,1,2,5,1,4.249,4249,-0.43,0.16,9.15,9.1615,0.0011,-0.0218,0.0055,2.94,0.75,284.0,-0.5302,0.1422,9.4656,9.4815,P002_Weight_Stack_Seated_Leg_Extension_Pulling_Too_Fast_1_011 (2).csv
2,1,2,5,1,4.38,4380,-0.38,0.21,8.63,8.6409,-0.0055,-0.0087,0.0022,2.94,0.81,284.0,-0.5104,0.1511,9.3555,9.3706,P002_Weight_Stack_Seated_Leg_Extension_Pulling_Too_Fast_1_011 (2).csv
2,1,2,5,1,4.513,4513,-0.5,0.2,8.71,8.7266,-0.0076,0.0044,-0.0076,2.94,0.81,284.0,-0.509,0.1576,9.2705,9.2858,P002_Weight_Stack_Seated_Leg_Extension_Pulling_Too_Fast_1_011 (2).csv
2,2,2,5,1,4.648,4648,-0.39,0.19,9.91,9.9195,-0.0153,0.0011,-0.0076,2.94,0.88,283.94,-0.4933,0.1618,9.3547,9.3691,P002_Weight_Stack_Seated_Leg_Extension_Pulling_Too_Fast_1_011 (2).csv
2,2,2,5,1,4.779,4779,-0.46,0.1,10.38,10.3907,-0.0022,0.0055,-0.0011,2.94,0.94,283.94,-0.4889,0.1537,9.4898,9.5037,P002_Weight_Stack_Seated_Leg_Extension_Pulling_Too_Fast_1_011 (2).csv
2,2,2,5,1,4.909,4909,-0.67,0.15,10.05,10.0734,0.0,-0.0076,-0.0076,2.94,0.94,283.94,-0.5128,0.1532,9.5636,9.5786,P002_Weight_Stack_Seated_Leg_Extension_Pulling_Too_Fast_1_011 (2).csv
2,2,2,5,1,5.039,5039,-0.58,0.15,9.7,9.7185,-0.0011,0.0055,0.0,2.94,0.94,283.94,-0.5216,0.1528,9.5816,9.597,P002_Weight_Stack_Seated_Leg_Extension_Pulling_Too_Fast_1_011 (2).csv
2,2,2,5,1,5.212,5212,-0.58,0.16,9.19,9.2097,0.0087,-0.0491,-0.0076,2.63,0.94,283.94,-0.5293,0.1537,9.53,9.5459,P002_Weight_Stack_Seated_Leg_Extension_Pulling_Too_Fast_1_011 (2).csv
2,2,2,5,1,5.342,5342,-0.61,0.2,9.23,9.2523,0.0218,-0.0611,0.0,2.88,0.94,283.94,-0.54,0.1598,9.4905,9.5072,P002_Weight_Stack_Seated_Leg_Extension_Pulling_Too_Fast_1_011 (2).csv
2,2,2,5,1,5.472,5472,-0.53,0.16,9.69,9.7058,-0.0055,-0.0153,0.0022,2.94,0.94,283.94,-0.5387,0.1599,9.5168,9.5333,P002_Weight_Stack_Seated_Leg_Extension_Pulling_Too_Fast_1_011 (2).csv
2,2,2,5,1,5.602,5602,-0.38,-0.16,9.57,9.5789,0.0131,0.0207,0.0022,2.88,0.88,283.94,-0.5177,0.1177,9.5238,9.5386,P002_Weight_Stack_Seated_Leg_Extension_Pulling_Too_Fast_1_011 (2).csv
2,2,2,5,1,5.732,5732,-0.55,0.27,9.62,9.6395,0.0491,-0.0076,-0.0098,2.81,0.88,283.94,-0.522,0.1378,9.5365,9.5517,P002_Weight_Stack_Seated_Leg_Extension_Pulling_Too_Fast_1_011 (2).csv
2,2,2,5,1,5.862,5862,-0.53,0.05,10.21,10.2239,0.0044,0.0109,0.0022,2.69,0.81,283.94,-0.5231,0.1262,9.6252,9.6402,P002_Weight_Stack_Seated_Leg_Extension_Pulling_Too_Fast_1_011 (2).csv
2,2,2,5,1,5.992,5992,-0.59,0.1,11.58,11.5955,0.0076,0.0,0.0044,2.69,0.81,283.94,-0.5319,0.1228,9.8828,9.8979,P002_Weight_Stack_Seated_Leg_Extension_Pulling_Too_Fast_1_011 (2).csv
2,2,2,5,1,6.122,6122,-0.54,0.13,10.55,10.5646,0.0065,0.0011,0.0076,2.69,0.75,283.94,-0.5329,0.1237,9.9707,9.9857,P002_Weight_Stack_Seated_Leg_Extension_Pulling_Too_Fast_1_011 (2).csv
2,2,2,5,1,6.295,6295,-0.37,0.19,8.07,8.0807,0.0109,-0.0273,-0.0044,2.81,0.56,283.94,-0.5115,0.1324,9.7203,9.7346,P002_Weight_Stack_Seated_Leg_Extension_Pulling_Too_Fast_1_011 (2).csv
2,2,2,5,1,6.426,6426,-0.33,0.22,7.34,7.3507,-0.0044,-0.0065,0.0055,2.88,0.5,283.94,-0.4876,0.144,9.4066,9.4203,P002_Weight_Stack_Seated_Leg_Extension_Pulling_Too_Fast_1_011 (2).csv
2,2,2,5,1,6.556,6556,-0.5,0.12,7.93,7.9467,-0.0142,0.0076,0.0098,2.88,0.56,283.88,-0.4892,0.1408,9.212,9.2261,P002_Weight_Stack_Seated_Leg_Extension_Pulling_Too_Fast_1_011 (2).csv
2,3,2,5,1,6.687,6687,-0.36,-0.01,9.43,9.4369,-0.012,0.036,-0.0087,2.75,0.56,283.88,-0.4722,0.1209,9.2407,9.2536,P002_Weight_Stack_Seated_Leg_Extension_Pulling_Too_Fast_1_011 (2).csv
2,3,2,5,1,6.817,6817,-0.55,0.03,10.0,10.0152,0.0404,-0.0905,-0.0033,2.63,0.63,283.88,-0.4824,0.109,9.3408,9.3539,P002_Weight_Stack_Seated_Leg_Extension_Pulling_Too_Fast_1_011 (2).csv
2,3,2,5,1,6.952,6952,-0.51,0.16,9.98,9.9943,0.0,0.0218,0.0022,2.81,0.56,283.88,-0.4861,0.1157,9.425,9.4383,P002_Weight_Stack_Seated_Leg_Extension_Pulling_Too_Fast_1_011 (2).csv
2,3,2,5,1,7.084,7084,-0.62,0.08,9.12,9.1414,0.0,-0.0076,0.0011,2.75,0.56,283.88,-0.5037,0.111,9.3848,9.399,P002_Weight_Stack_Seated_Leg_Extension_Pulling_Too_Fast_1_011 (2).csv
2,3,2,5,1,7.214,7214,-0.38,0.11,9.47,9.4783,-0.0196,0.0076,0.0044,2.69,0.56,283.88,-0.4874,0.1109,9.3961,9.4093,P002_Weight_Stack_Seated_Leg_Extension_Pulling_Too_Fast_1_011 (2).csv
2,3,2,5,1,7.387,7387,-0.58,0.14,9.65,9.6684,0.0153,-0.0207,0.0011,2.75,0.56,283.88,-0.4996,0.1147,9.4295,9.4434,P002_Weight_Stack_Seated_Leg_Extension_Pulling_Too_Fast_1_011 (2).csv
2,3,2,5,1,7.517,7517,-0.42,0.22,8.9,8.9126,-0.0098,0.0207,0.0,2.69,0.56,283.88,-0.4891,0.1286,9.3597,9.3734,P002_Weight_Stack_Seated_Leg_Extension_Pulling_Too_Fast_1_011 (2).csv
2,3,2,5,1,7.648,7648,-0.4,0.21,8.74,8.7517,-0.0065,-0.0033,0.0044,2.81,0.56,283.88,-0.4774,0.1393,9.2781,9.2914,P002_Weight_Stack_Seated_Leg_Extension_Pulling_Too_Fast_1_011 (2).csv
2,3,2,5,1,7.779,7779,-0.48,0.27,9.38,9.3962,-0.0055,-0.0087,-0.0033,2.81,0.63,283.88,-0.4777,0.1565,9.2915,9.3051,P002_Weight_Stack_Seated_Leg_Extension_Pulling_Too_Fast_1_011 (2).csv
2,3,2,5,1,7.915,7915,-0.38,0.22,10.2,10.2094,-0.0033,-0.0273,0.0218,2.81,0.69,283.88,-0.4648,0.1649,9.4112,9.4241,P002_Weight_Stack_Seated_Leg_Extension_Pulling_Too_Fast_1_011 (2).csv
2,3,2,5,1,8.046,8046,-0.6,0.2,9.72,9.7406,0.0185,-0.0055,0.0011,2.81,0.69,283.88,-0.4827,0.1695,9.4519,9.4657,P002_Weight_Stack_Seated_Leg_Extension_Pulling_Too_Fast_1_011 (2).csv
2,3,2,5,1,8.177,8177,-0.9,-0.25,9.8,9.8444,-0.0404,0.0175,-0.0196,2.81,0.75,283.81,-0.5377,0.1142,9.4978,9.5137,P002_Weight_Stack_Seated_Leg_Extension_Pulling_Too_Fast_1_011 (2).csv
2,3,2,5,1,8.307,8307,-0.26,0.14,11.03,11.034,-0.0076,0.0142,0.0076,2.75,0.75,283.81,-0.5011,0.1176,9.6997,9.7133,P002_Weight_Stack_Seated_Leg_Extension_Pulling_Too_Fast_1_011 (2).csv
2,3,2,5,1,8.48,8480,-0.62,0.16,10.19,10.2101,0.0,0.0415,0.0022,2.69,0.75,283.81,-0.5167,0.1232,9.7643,9.7787,P002_Weight_Stack_Seated_Leg_Extension_Pulling_Too_Fast_1_011 (2).csv
2,3,2,5,1,8.61,8610,-0.46,0.18,9.31,9.3231,-0.0022,-0.0175,-0.0011,2.56,0.81,283.81,-0.5093,0.1307,9.7044,9.7187,P002_Weight_Stack_Seated_Leg_Extension_Pulling_Too_Fast_1_011 (2).csv
2,3,2,5,1,8.74,8740,-0.55,0.19,9.1,9.1186,0.0065,-0.0273,-0.0011,2.69,0.81,283.81,-0.5146,0.1385,9.6248,9.6395,P002_Weight_Stack_Seated_Leg_Extension_Pulling_Too_Fast_1_011 (2).csv
2,3,2,5,1,8.87,8870,-0.48,0.19,9.53,9.544,-0.0033,0.0065,-0.0011,2.81,0.81,283.81,-0.5101,0.1453,9.6123,9.6269,P002_Weight_Stack_Seated_Leg_Extension_Pulling_Too_Fast_1_011 (2).csv
2,3,2,5,1,9.0,9000,-0.52,0.16,9.47,9.4856,0.0011,0.0022,-0.0022,2.75,0.81,283.81,-0.5114,0.1472,9.5935,9.6083,P002_Weight_Stack_Seated_Leg_Extension_Pulling_Too_Fast_1_011 (2).csv
2,3,2,5,1,9.13,9130,-0.59,0.15,9.77,9.7889,0.0033,-0.0131,0.0022,2.81,0.81,283.81,-0.5217,0.1476,9.6168,9.6321,P002_Weight_Stack_Seated_Leg_Extension_Pulling_Too_Fast_1_011 (2).csv
2,3,2,5,1,9.26,9260,-0.49,0.17,9.58,9.594,-0.0055,0.0513,0.0022,2.63,0.81,283.81,-0.5176,0.1506,9.6119,9.627,P002_Weight_Stack_Seated_Leg_Extension_Pulling_Too_Fast_1_011 (2).csv
2,3,2,5,1,9.39,9390,-0.47,0.07,11.12,11.1301,0.0033,-0.0382,-0.0011,2.56,0.81,283.81,-0.5113,0.1399,9.8107,9.825,P002_Weight_Stack_Seated_Leg_Extension_Pulling_Too_Fast_1_011 (2).csv
2,3,2,5,1,9.566,9566,-0.42,0.06,12.08,12.0874,0.0131,0.0436,0.0164,2.63,0.75,283.81,-0.4993,0.1294,10.1097,10.1229,P002_Weight_Stack_Seated_Leg_Extension_Pulling_Too_Fast_1_011 (2).csv
2,3,2,5,1,9.697,9697,-0.56,0.17,8.92,8.9392,0.0338,-0.0436,-0.0033,2.69,0.63,283.88,-0.5073,0.1348,9.9529,9.9668,P002_Weight_Stack_Seated_Leg_Extension_Pulling_Too_Fast_1_011 (2).csv
2,3,2,5,1,9.83,9830,-0.63,0.18,7.05,7.0804,-0.0196,-0.0251,-0.0142,2.81,0.5,283.81,-0.5234,0.1407,9.5704,9.5857,P002_Weight_Stack_Seated_Leg_Extension_Pulling_Too_Fast_1_011 (2).csv
2,3,2,5,1,9.96,9960,-0.41,0.21,7.17,7.1848,-0.0142,0.0055,0.0033,2.81,0.5,283.75,-0.5085,0.1498,9.2541,9.2693,P002_Weight_Stack_Seated_Leg_Extension_Pulling_Too_Fast_1_011 (2).csv
2,4,2,5,1,10.091,10091,-0.5,0.06,9.35,9.3636,0.0065,0.0469,-0.0109,2.75,0.5,283.75,-0.5074,0.138,9.2667,9.2816,P002_Weight_Stack_Seated_Leg_Extension_Pulling_Too_Fast_1_011 (2).csv
2,4,2,5,1,10.221,10221,-0.26,-0.15,10.37,10.3743,0.0415,-0.096,-0.0044,2.56,0.44,283.81,-0.4748,0.1001,9.4121,9.4246,P002_Weight_Stack_Seated_Leg_Extension_Pulling_Too_Fast_1_011 (2).csv
2,4,2,5,1,10.351,10351,-0.79,0.25,10.5,10.5326,-0.0131,-0.0011,0.0065,2.75,0.5,283.81,-0.5163,0.1198,9.5555,9.5702,P002_Weight_Stack_Seated_Leg_Extension_Pulling_Too_Fast_1_011 (2).csv
2,4,2,5,1,10.482,10482,-0.58,0.01,9.08,9.0985,0.0,-0.0087,0.0033,2.69,0.56,283.81,-0.5247,0.1053,9.4928,9.5079,P002_Weight_Stack_Seated_Leg_Extension_Pulling_Too_Fast_1_011 (2).csv
2,4,2,5,1,10.657,10657,-0.48,0.0,8.89,8.9029,0.0011,-0.0044,0.0131,2.63,0.56,283.81,-0.5188,0.0915,9.4134,9.4281,P002_Weight_Stack_Seated_Leg_Extension_Pulling_Too_Fast_1_011 (2).csv
2,4,2,5,1,10.788,10788,-0.67,0.08,8.93,8.9555,0.0022,0.0011,-0.0022,2.69,0.56,283.81,-0.5387,0.09,9.3497,9.3656,P002_Weight_Stack_Seated_Leg_Extension_Pulling_Too_Fast_1_011 (2).csv
2,4,2,5,1,10.922,10922,-0.56,0.14,9.27,9.288,-0.0076,-0.0011,0.0109,2.69,0.63,283.81,-0.5415,0.0965,9.3392,9.3554,P002_Weight_Stack_Seated_Leg_Extension_Pulling_Too_Fast_1_011 (2).csv
2,4,2,5,1,11.053,11053,-0.49,0.2,9.8,9.8143,-0.0022,-0.0207,0.0033,2.75,0.63,283.81,-0.5347,0.1102,9.3999,9.4157,P002_Weight_Stack_Seated_Leg_Extension_Pulling_Too_Fast_1_011 (2).csv
2,4,2,5,1,11.184,11184,-0.51,0.14,9.72,9.7344,0.0251,-0.0185,-0.0065,2.75,0.69,283.81,-0.5315,0.1141,9.4421,9.4577,P002_Weight_Stack_Seated_Leg_Extension_Pulling_Too_Fast_1_011 (2).csv
2,4,2,5,1,11.314,11314,-0.45,0.11,10.4,10.4103,-0.0076,0.0087,0.0076,2.75,0.75,283.81,-0.5207,0.1136,9.5683,9.5831,P002_Weight_Stack_Seated_Leg_Extension_Pulling_Too_Fast_1_011 (2).csv
2,4,2,5,1,11.444,11444,-0.73,0.2,9.91,9.9389,-0.0055,-0.0175,-0.012,2.75,0.75,283.75,-0.5483,0.125,9.6133,9.6298,P002_Weight_Stack_Seated_Leg_Extension_Pulling_Too_Fast_1_011 (2).csv
2,4,2,5,1,11.574,11574,-0.77,0.05,9.93,9.9599,-0.012,0.0087,-0.0022,2.75,0.75,283.75,-0.5775,0.1151,9.6551,9.673,P002_Weight_Stack_Seated_Leg_Extension_Pulling_Too_Fast_1_011 (2).csv
2,4,2,5,1,11.747,11747,-0.66,0.11,9.89,9.9126,0.0076,-0.0109,0.0011,2.81,0.75,283.75,-0.5884,0.1144,9.686,9.7046,P002_Weight_Stack_Seated_Leg_Extension_Pulling_Too_Fast_1_011 (2).csv
2,4,2,5,1,11.877,11877,-0.55,0.18,9.62,9.6374,0.0,0.0044,0.0,2.81,0.75,283.75,-0.5833,0.1231,9.6773,9.6957,P002_Weight_Stack_Seated_Leg_Extension_Pulling_Too_Fast_1_011 (2).csv
2,4,2,5,1,12.007,12007,-0.58,0.13,9.66,9.6783,0.0033,-0.0109,0.0022,2.81,0.81,283.75,-0.5829,0.124,9.675,9.6934,P002_Weight_Stack_Seated_Leg_Extension_Pulling_Too_Fast_1_011 (2).csv
2,4,2,5,1,12.137,12137,-0.53,0.19,9.37,9.3869,-0.0055,-0.0011,0.0011,2.88,0.81,283.75,-0.5759,0.1327,9.6348,9.653,P002_Weight_Stack_Seated_Leg_Extension_Pulling_Too_Fast_1_011 (2).csv
2,4,2,5,1,12.267,12267,-0.55,0.16,9.49,9.5073,-0.0011,0.0044,-0.0011,2.88,0.81,283.75,-0.5725,0.1363,9.6158,9.6338,P002_Weight_Stack_Seated_Leg_Extension_Pulling_Too_Fast_1_011 (2).csv
2,4,2,5,1,12.397,12397,-0.65,-0.27,9.23,9.2568,-0.0731,0.0065,-0.0175,2.75,0.88,283.75,-0.5827,0.0827,9.5649,9.583,P002_Weight_Stack_Seated_Leg_Extension_Pulling_Too_Fast_1_011 (2).csv
2,4,2,5,1,12.527,12527,-0.52,0.16,9.9,9.9149,0.1287,-0.0185,-0.0164,2.75,0.81,283.75,-0.5745,0.0929,9.6091,9.6267,P002_Weight_Stack_Seated_Leg_Extension_Pulling_Too_Fast_1_011 (2).csv
2,4,2,5,1,12.657,12657,-0.64,-0.09,11.05,11.0689,0.0,0.0404,0.0076,2.63,0.69,283.75,-0.5831,0.0688,9.799,9.8165,P002_Weight_Stack_Seated_Leg_Extension_Pulling_Too_Fast_1_011 (2).csv
2,4,2,5,1,12.83,12830,-0.64,0.18,11.24,11.2596,0.0044,0.0,0.0087,2.63,0.75,283.75,-0.5906,0.0835,9.9888,10.0066,P002_Weight_Stack_Seated_Leg_Extension_Pulling_Too_Fast_1_011 (2).csv
2,4,2,5,1,12.965,12965,-0.46,0.09,8.31,8.3232,0.036,-0.024,-0.0044,2.63,0.63,283.81,-0.5734,0.0843,9.7676,9.7848,P002_Weight_Stack_Seated_Leg_Extension_Pulling_Too_Fast_1_011 (2).csv
2,4,2,5,1,13.096,13096,-0.43,0.22,7.34,7.3559,0.0109,0.0327,-0.0098,2.75,0.44,283.75,-0.5545,0.1022,9.4477,9.4645,P002_Weight_Stack_Seated_Leg_Extension_Pulling_Too_Fast_1_011 (2).csv
2,4,2,5,1,13.228,13228,-0.95,0.21,7.75,7.8108,-0.0218,0.0098,-0.0131,2.75,0.44,283.75,-0.6066,0.1164,9.224,9.2447,P002_Weight_Stack_Seated_Leg_Extension_Pulling_Too_Fast_1_011 (2).csv
2,4,2,5,1,13.358,13358,-0.64,0.23,8.84,8.8661,0.0153,0.0567,0.0022,2.75,0.5,283.75,-0.611,0.1314,9.1734,9.1947,P002_Weight_Stack_Seated_Leg_Extension_Pulling_Too_Fast_1_011 (2).csv
2,5,2,5,1,13.489,13489,-0.42,0.03,9.61,9.6192,-0.0196,-0.0087,0.0,2.44,0.56,283.75,-0.5858,0.118,9.2309,9.2503,P002_Weight_Stack_Seated_Leg_Extension_Pulling_Too_Fast_1_011 (2).csv
2,5,2,5,1,13.619,13619,-0.46,-0.01,9.91,9.9207,-0.0033,0.0251,-0.0033,2.69,0.5,283.75,-0.5693,0.1011,9.3204,9.3383,P002_Weight_Stack_Seated_Leg_Extension_Pulling_Too_Fast_1_011 (2).csv
2,5,2,5,1,13.749,13749,-0.48,0.19,9.84,9.8535,0.0065,0.0196,-0.0022,2.75,0.56,283.75,-0.5575,0.1129,9.3889,9.4061,P002_Weight_Stack_Seated_Leg_Extension_Pulling_Too_Fast_1_011 (2).csv
2,5,2,5,1,13.922,13922,-0.48,0.17,8.82,8.8347,-0.0218,0.0142,0.0022,2.75,0.56,283.75,-0.5473,0.1204,9.3139,9.3308,P002_Weight_Stack_Seated_Leg_Extension_Pulling_Too_Fast_1_011 (2).csv
2,5,2,5,1,14.057,14057,-0.56,0.13,8.84,8.8587,-0.0055,-0.0033,0.0044,2.69,0.63,283.75,-0.549,0.1217,9.2515,9.2685,P002_Weight_Stack_Seated_Leg_Extension_Pulling_Too_Fast_1_011 (2).csv
2,5,2,5,1,14.19,14190,-0.42,0.25,9.28,9.2929,0.0022,-0.0044,0.0065,2.69,0.63,283.75,-0.532,0.1386,9.2552,9.2715,P002_Weight_Stack_Seated_Leg_Extension_Pulling_Too_Fast_1_011 (2).csv
2,5,2,5,1,14.32,14320,-0.64,0.11,9.03,9.0533,-0.0065,0.0087,-0.0098,2.69,0.63,283.75,-0.5462,0.1348,9.2256,9.2427,P002_Weight_Stack_Seated_Leg_Extension_Pulling_Too_Fast_1_011 (2).csv
2,5,2,5,1,14.451,14451,-0.34,0.22,9.51,9.5186,-0.0164,0.0022,0.0022,2.75,0.69,283.75,-0.519,0.146,9.263,9.2787,P002_Weight_Stack_Seated_Leg_Extension_Pulling_Too_Fast_1_011 (2).csv
2,5,2,5,1,14.581,14581,-0.55,0.11,9.2,9.2171,0.0,0.0065,0.0,2.75,0.69,283.75,-0.5231,0.1413,9.2547,9.2706,P002_Weight_Stack_Seated_Leg_Extension_Pulling_Too_Fast_1_011 (2).csv
2,5,2,5,1,14.711,14711,-0.52,0.17,10.03,10.0449,0.0011,-0.0033,-0.0076,2.75,0.69,283.75,-0.5227,0.1451,9.3569,9.3726,P002_Weight_Stack_Seated_Leg_Extension_Pulling_Too_Fast_1_011 (2).csv
2,5,2,5,1,14.842,14842,-0.51,0.16,9.79,9.8046,0.0011,-0.0011,-0.0065,2.81,0.75,283.75,-0.521,0.147,9.414,9.4295,P002_Weight_Stack_Seated_Leg_Extension_Pulling_Too_Fast_1_011 (2).csv
2,5,2,5,1,15.015,15015,-0.55,0.16,9.8,9.8167,-0.0011,0.0022,-0.0033,2.81,0.75,283.75,-0.5248,0.1487,9.4648,9.4805,P002_Weight_Stack_Seated_Leg_Extension_Pulling_Too_Fast_1_011 (2).csv
2,5,2,5,1,15.145,15145,-0.52,0.21,9.77,9.7861,-0.0033,-0.0011,0.0,2.81,0.75,283.75,-0.5242,0.1568,9.505,9.5208,P002_Weight_Stack_Seated_Leg_Extension_Pulling_Too_Fast_1_011 (2).csv
2,5,2,5,1,15.275,15275,-0.59,0.14,9.53,9.5493,0.0011,-0.0022,0.0022,2.81,0.75,283.75,-0.5329,0.1546,9.5083,9.5245,P002_Weight_Stack_Seated_Leg_Extension_Pulling_Too_Fast_1_011 (2).csv
2,5,2,5,1,15.406,15406,-0.56,0.2,9.71,9.7282,0.0,0.0371,-0.0044,2.75,0.75,283.75,-0.5365,0.1606,9.5349,9.5513,P002_Weight_Stack_Seated_Leg_Extension_Pulling_Too_Fast_1_011 (2).csv
2,5,2,5,1,15.536,15536,-0.46,0.16,9.52,9.5325,0.0076,-0.0207,-0.0022,2.5,0.81,283.75,-0.5264,0.1605,9.5329,9.5488,P002_Weight_Stack_Seated_Leg_Extension_Pulling_Too_Fast_1_011 (2).csv
2,5,2,5,1,15.667,15667,-0.49,0.18,9.44,9.4544,0.0055,-0.0251,-0.0011,2.63,0.81,283.75,-0.5216,0.1631,9.5207,9.5364,P002_Weight_Stack_Seated_Leg_Extension_Pulling_Too_Fast_1_011 (2).csv
2,5,2,5,1,15.798,15798,-0.48,0.18,9.66,9.6736,-0.0065,0.0098,0.0,2.81,0.81,283.75,-0.5161,0.1653,9.5391,9.5544,P002_Weight_Stack_Seated_Leg_Extension_Pulling_Too_Fast_1_011 (2).csv
2,5,2,5,1,15.932,15932,-0.42,0.15,9.54,9.5504,-0.0065,0.0709,0.0055,2.56,0.81,283.75,-0.5034,0.1633,9.5392,9.5538,P002_Weight_Stack_Seated_Leg_Extension_Pulling_Too_Fast_1_011 (2).csv
2,5,2,5,1,16.105,16105,-0.5,0.16,10.15,10.1636,-0.0011,0.0033,-0.0022,2.44,0.81,283.75,-0.503,0.1629,9.6197,9.6342,P002_Weight_Stack_Seated_Leg_Extension_Pulling_Too_Fast_1_011 (2).csv
2,5,2,5,1,16.235,16235,-0.58,0.17,11.19,11.2063,0.0055,-0.0098,0.0022,2.56,0.81,283.75,-0.5131,0.1638,9.8266,9.8413,P002_Weight_Stack_Seated_Leg_Extension_Pulling_Too_Fast_1_011 (2).csv
2,5,2,5,1,16.365,16365,-0.48,0.05,10.79,10.8008,0.0076,0.0055,0.0087,2.44,0.81,283.75,-0.5088,0.1488,9.9535,9.9677,P002_Weight_Stack_Seated_Leg_Extension_Pulling_Too_Fast_1_011 (2).csv
2,5,2,5,1,16.496,16496,-0.64,0.14,8.31,8.3358,0.0185,-0.024,-0.0109,2.63,0.69,283.75,-0.5261,0.1476,9.737,9.7523,P002_Weight_Stack_Seated_Leg_Extension_Pulling_Too_Fast_1_011 (2).csv
2,5,2,5,1,16.626,16626,-0.37,0.32,7.72,7.7355,0.0055,0.0087,-0.0011,2.63,0.56,283.75,-0.5055,0.1704,9.4712,9.4862,P002_Weight_Stack_Seated_Leg_Extension_Pulling_Too_Fast_1_011 (2).csv
2,5,2,5,1,16.756,16756,-0.52,0.27,7.93,7.9516,0.0065,-0.0033,-0.0033,2.69,0.5,283.69,-0.5074,0.1835,9.2681,9.2838,P002_Weight_Stack_Seated_Leg_Extension_Pulling_Too_Fast_1_011 (2).csv
2,5,2,5,1,16.886,16886,-0.65,0.22,8.79,8.8167,-0.0087,0.0338,0.0011,2.63,0.5,283.69,-0.5262,0.1883,9.2051,9.222,P002_Weight_Stack_Seated_Leg_Extension_Pulling_Too_Fast_1_011 (2).csv
2,6,2,5,1,17.017,17017,-0.52,0.13,10.27,10.284,0.0175,-0.0305,-0.0076,2.44,0.56,283.69,-0.5254,0.1806,9.3454,9.3619,P002_Weight_Stack_Seated_Leg_Extension_Pulling_Too_Fast_1_011 (2).csv
2,6,2,5,1,17.19,17190,-0.52,0.19,9.56,9.576,0.0055,0.0098,0.0022,2.69,0.5,283.69,-0.5247,0.1819,9.3737,9.3901,P002_Weight_Stack_Seated_Leg_Extension_Pulling_Too_Fast_1_011 (2).csv
2,6,2,5,1,17.321,17321,-0.52,0.19,8.51,8.528,-0.0055,0.0142,0.0022,2.63,0.5,283.69,-0.5241,0.1829,9.2599,9.2765,P002_Weight_Stack_Seated_Leg_Extension_Pulling_Too_Fast_1_011 (2).csv
2,6,2,5,1,17.452,17452,-0.45,0.15,9.55,9.5618,-0.0055,0.0055,-0.0098,2.5,0.56,283.69,-0.5143,0.1786,9.2981,9.314,P002_Weight_Stack_Seated_Leg_Extension_Pulling_Too_Fast_1_011 (2).csv
2,6,2,5,1,17.587,17587,-0.45,0.13,10.17,10.1808,0.0011,-0.0087,0.012,2.63,0.56,283.69,-0.5058,0.1722,9.413,9.4282,P002_Weight_Stack_Seated_Leg_Extension_Pulling_Too_Fast_1_011 (2).csv
2,6,2,5,1,17.718,17718,-0.41,0.1,8.54,8.5504,-0.0076,0.0098,-0.0011,2.5,0.56,283.69,-0.4932,0.1627,9.298,9.3125,P002_Weight_Stack_Seated_Leg_Extension_Pulling_Too_Fast_1_011 (2).csv
2,6,2,5,1,17.849,17849,-0.42,0.21,8.84,8.8525,-0.0055,-0.0131,0.0022,2.63,0.56,283.69,-0.4836,0.1689,9.2376,9.2518,P002_Weight_Stack_Seated_Leg_Extension_Pulling_Too_Fast_1_011 (2).csv
2,6,2,5,1,17.979,17979,-0.64,-0.05,9.43,9.4518,-0.0022,-0.0055,0.0033,2.63,0.63,283.75,-0.5042,0.1401,9.263,9.2777,P002_Weight_Stack_Seated_Leg_Extension_Pulling_Too_Fast_1_011 (2).csv
2,6,2,5,1,18.11,18110,-0.51,0.2,9.19,9.2063,-0.0207,0.0131,0.0065,2.63,0.63,283.69,-0.5049,0.148,9.2534,9.2683,P002_Weight_Stack_Seated_Leg_Extension_Pulling_Too_Fast_1_011 (2).csv
2,6,2,5,1,18.288,18288,-0.66,0.06,9.99,10.012,0.0185,-0.0142,0.0022,2.69,0.63,283.69,-0.5254,0.1364,9.3504,9.3662,P002_Weight_Stack_Seated_Leg_Extension_Pulling_Too_Fast_1_011 (2).csv
2,6,2,5,1,18.42,18420,-0.66,0.12,9.67,9.6932,-0.0022,0.0076,-0.0033,2.75,0.69,283.69,-0.5431,0.1342,9.3925,9.4092,P002_Weight_Stack_Seated_Leg_Extension_Pulling_Too_Fast_1_011 (2).csv
2,6,2,5,1,18.55,18550,-0.41,0.12,9.6,9.6095,0.0131,0.0,-0.0131,2.69,0.69,283.69,-0.5256,0.1323,9.4199,9.4355,P002_Weight_Stack_Seated_Leg_Extension_Pulling_Too_Fast_1_011 (2).csv
2,6,2,5,1,18.681,18681,-0.44,0.26,9.89,9.9032,0.0011,0.0142,-0.0022,2.63,0.63,283.69,-0.5143,0.1492,9.4818,9.4969,P002_Weight_Stack_Seated_Leg_Extension_Pulling_Too_Fast_1_011 (2).csv
2,6,2,5,1,18.811,18811,-0.39,0.15,9.87,9.8788,0.0011,0.0033,0.0055,2.63,0.69,283.69,-0.4979,0.1493,9.533,9.5471,P002_Weight_Stack_Seated_Leg_Extension_Pulling_Too_Fast_1_011 (2).csv
2,6,2,5,1,18.941,18941,-0.53,0.16,9.44,9.4562,-0.0033,0.0055,0.0,2.75,0.63,283.69,-0.5021,0.1507,9.5207,9.5351,P002_Weight_Stack_Seated_Leg_Extension_Pulling_Too_Fast_1_011 (2).csv
2,6,2,5,1,19.071,19071,-0.52,0.15,9.72,9.7351,-0.0022,0.0087,-0.0011,2.69,0.69,283.69,-0.5045,0.1506,9.547,9.5615,P002_Weight_Stack_Seated_Leg_Extension_Pulling_Too_Fast_1_011 (2).csv
2,6,2,5,1,19.202,19202,-0.58,0.19,9.64,9.6593,0.0,0.0098,0.0,2.75,0.69,283.69,-0.5144,0.1558,9.5592,9.5743,P002_Weight_Stack_Seated_Leg_Extension_Pulling_Too_Fast_1_011 (2).csv
2,6,2,5,1,19.375,19375,-0.49,0.2,9.5,9.5147,0.0,-0.0033,-0.0011,2.5,0.69,283.69,-0.5112,0.1616,9.5514,9.5665,P002_Weight_Stack_Seated_Leg_Extension_Pulling_Too_Fast_1_011 (2).csv
2,6,2,5,1,19.506,19506,-0.54,0.2,9.46,9.4775,0.0022,-0.0175,-0.0033,2.69,0.75,283.69,-0.515,0.1667,9.5394,9.5547,P002_Weight_Stack_Seated_Leg_Extension_Pulling_Too_Fast_1_011 (2).csv
2,6,2,5,1,19.64,19640,-0.65,0.15,9.82,9.8426,0.0022,-0.0153,0.0,2.75,0.75,283.69,-0.5328,0.1645,9.5764,9.5926,P002_Weight_Stack_Seated_Leg_Extension_Pulling_Too_Fast_1_011 (2).csv
2,6,2,5,1,19.773,19773,-0.48,0.15,11.47,11.481,0.0022,0.0109,0.0055,2.5,0.75,283.69,-0.5258,0.1626,9.8259,9.8413,P002_Weight_Stack_Seated_Leg_Extension_Pulling_Too_Fast_1_011 (2).csv
2,6,2,5,1,19.904,19904,-0.65,0.12,12.08,12.0981,0.0142,-0.0076,0.0076,2.63,0.69,283.69,-0.5422,0.157,10.1229,10.1387,P002_Weight_Stack_Seated_Leg_Extension_Pulling_Too_Fast_1_011 (2).csv
2,6,2,5,1,20.034,20034,-0.47,0.06,9.12,9.1323,0.0305,-0.0153,0.0044,2.63,0.56,283.69,-0.5327,0.1442,9.9908,10.006,P002_Weight_Stack_Seated_Leg_Extension_Pulling_Too_Fast_1_011 (2).csv
2,6,2,5,1,20.164,20164,-0.33,0.29,7.84,7.8523,-0.0065,-0.0098,-0.0175,2.75,0.44,283.69,-0.506,0.1634,9.7074,9.7219,P002_Weight_Stack_Seated_Leg_Extension_Pulling_Too_Fast_1_011 (2).csv
2,6,2,5,1,20.294,20294,-0.58,0.27,7.97,7.9956,0.0458,0.012,-0.0022,2.75,0.38,283.63,-0.5157,0.1774,9.4784,9.4941,P002_Weight_Stack_Seated_Leg_Extension_Pulling_Too_Fast_1_011 (2).csv
2,6,2,5,1,20.467,20467,-0.5,0.01,9.92,9.9326,0.0185,0.0218,-0.0055,2.63,0.31,283.63,-0.5137,0.1554,9.5366,9.5517,P002_Weight_Stack_Seated_Leg_Extension_Pulling_Too_Fast_1_011 (2).csv
2,6,2,5,1,20.598,20598,-0.43,0.03,10.31,10.319,0.0295,-0.0633,0.0098,2.5,0.38,283.63,-0.5026,0.1389,9.6385,9.6526,P002_Weight_Stack_Seated_Leg_Extension_Pulling_Too_Fast_1_011 (2).csv
2,6,2,5,1,20.729,20729,-0.48,0.24,9.98,9.9944,-0.0044,0.0273,-0.0055,2.63,0.31,283.63,-0.4997,0.1522,9.6835,9.6976,P002_Weight_Stack_Seated_Leg_Extension_Pulling_Too_Fast_1_011 (2).csv
2,6,2,5,1,20.86,20860,-0.66,0.04,9.18,9.2038,0.012,-0.0065,0.0033,2.56,0.38,283.63,-0.5208,0.1374,9.6172,9.6322,P002_Weight_Stack_Seated_Leg_Extension_Pulling_Too_Fast_1_011 (2).csv
2,6,2,5,1,20.995,20995,-0.51,0.21,8.89,8.9071,-0.0076,0.0109,-0.0164,2.63,0.38,283.63,-0.5194,0.147,9.5213,9.5366,P002_Weight_Stack_Seated_Leg_Extension_Pulling_Too_Fast_1_011 (2).csv
2,6,2,5,1,21.126,21126,-0.54,0.02,8.93,8.9463,-0.0011,-0.0109,-0.0022,2.56,0.38,283.63,-0.5221,0.1302,9.4434,9.4587,P002_Weight_Stack_Seated_Leg_Extension_Pulling_Too_Fast_1_011 (2).csv
2,6,2,5,1,21.257,21257,-0.37,0.15,8.85,8.859,-0.0153,-0.0055,-0.0065,2.63,0.44,283.63,-0.502,0.1328,9.3652,9.3796,P002_Weight_Stack_Seated_Leg_Extension_Pulling_Too_Fast_1_011 (2).csv
2,6,2,5,1,21.387,21387,-0.64,0.01,9.33,9.3519,0.0033,0.0022,0.0011,2.63,0.5,283.63,-0.5202,0.1167,9.3606,9.3758,P002_Weight_Stack_Seated_Leg_Extension_Pulling_Too_Fast_1_011 (2).csv
2,7,2,5,1,21.56,21560,-0.51,0.05,9.8,9.8134,-0.0109,0.0022,-0.0218,2.69,0.56,283.63,-0.5189,0.1079,9.4185,9.4334,P002_Weight_Stack_Seated_Leg_Extension_Pulling_Too_Fast_1_011 (2).csv
2,7,2,5,1,21.69,21690,-0.71,0.02,9.16,9.1875,-0.0011,-0.0153,0.0098,2.69,0.69,283.56,-0.5441,0.0963,9.3844,9.4007,P002_Weight_Stack_Seated_Leg_Extension_Pulling_Too_Fast_1_011 (2).csv
2,7,2,5,1,21.821,21821,-0.55,0.23,9.87,9.888,-0.0065,0.0229,-0.0175,2.75,0.69,283.56,-0.5448,0.1139,9.4484,9.4648,P002_Weight_Stack_Seated_Leg_Extension_Pulling_Too_Fast_1_011 (2).csv
2,7,2,5,1,21.954,21954,-0.3,0.23,10.03,10.0371,0.0087,0.0022,0.012,2.69,0.69,283.5,-0.5126,0.1292,9.525,9.5397,P002_Weight_Stack_Seated_Leg_Extension_Pulling_Too_Fast_1_011 (2).csv
2,7,2,5,1,22.088,22088,-0.38,0.07,10.51,10.5171,0.0065,-0.0131,-0.0022,2.75,0.69,283.5,-0.4951,0.1214,9.6548,9.6683,P002_Weight_Stack_Seated_Leg_Extension_Pulling_Too_Fast_1_011 (2).csv
2,7,2,5,1,22.219,22219,-0.73,0.24,9.56,9.5908,0.0022,0.0033,-0.0022,2.69,0.75,283.5,-0.5261,0.137,9.6423,9.6577,P002_Weight_Stack_Seated_Leg_Extension_Pulling_Too_Fast_1_011 (2).csv
2,7,2,5,1,22.349,22349,-0.54,0.18,9.65,9.6668,-0.0098,0.0022,-0.0022,2.75,0.75,283.5,-0.5279,0.1427,9.6434,9.6588,P002_Weight_Stack_Seated_Leg_Extension_Pulling_Too_Fast_1_011 (2).csv
2,7,2,5,1,22.479,22479,-0.51,0.22,9.52,9.5362,-0.0011,0.0,0.0,2.75,0.75,283.5,-0.5255,0.1529,9.6271,9.6426,P002_Weight_Stack_Seated_Leg_Extension_Pulling_Too_Fast_1_011 (2).csv
2,7,2,5,1,22.652,22652,-0.54,0.18,9.6,9.6169,0.0011,0.0,-0.0033,2.75,0.75,283.5,-0.5274,0.1565,9.6235,9.6392,P002_Weight_Stack_Seated_Leg_Extension_Pulling_Too_Fast_1_011 (2).csv
2,7,2,5,1,22.783,22783,-0.53,0.19,9.73,9.7463,0.0011,0.0011,0.0,2.75,0.75,283.5,-0.5278,0.1609,9.6376,9.6533,P002_Weight_Stack_Seated_Leg_Extension_Pulling_Too_Fast_1_011 (2).csv
2,7,2,5,1,22.914,22914,-0.45,0.1,9.45,9.4612,0.0142,0.0927,-0.0022,2.5,0.69,283.5,-0.5175,0.1529,9.6128,9.628,P002_Weight_Stack_Seated_Leg_Extension_Pulling_Too_Fast_1_011 (2).csv
2,7,2,5,1,23.045,23045,-0.54,0.11,9.51,9.526,0.0142,-0.0513,0.0011,2.44,0.69,283.5,-0.5205,0.1472,9.5993,9.6145,P002_Weight_Stack_Seated_Leg_Extension_Pulling_Too_Fast_1_011 (2).csv
2,7,2,5,1,23.18,23180,-0.49,0.18,9.82,9.8339,0.0011,-0.0033,-0.0022,2.44,0.69,283.5,-0.5165,0.1515,9.6284,9.6434,P002_Weight_Stack_Seated_Leg_Extension_Pulling_Too_Fast_1_011 (2).csv
2,7,2,5,1,23.311,23311,-0.59,0.15,10.62,10.6374,0.0011,0.0109,0.0033,2.56,0.69,283.5,-0.5262,0.1513,9.759,9.7744,P002_Weight_Stack_Seated_Leg_Extension_Pulling_Too_Fast_1_011 (2).csv
2,7,2,5,1,23.441,23441,-0.56,0.16,11.14,11.1552,0.0196,-0.0065,0.0087,2.44,0.63,283.5,-0.5306,0.1525,9.941,9.9563,P002_Weight_Stack_Seated_Leg_Extension_Pulling_Too_Fast_1_011 (2).csv
2,7,2,5,1,23.572,23572,-0.52,0.22,8.47,8.4888,0.0295,-0.0055,0.0022,2.56,0.44,283.5,-0.5292,0.1614,9.7472,9.7629,P002_Weight_Stack_Seated_Leg_Extension_Pulling_Too_Fast_1_011 (2).csv
2,7,2,5,1,23.745,23745,-0.33,0.32,7.94,7.9533,0.0,-0.0076,-0.0142,2.56,0.31,283.5,-0.503,0.1823,9.509,9.5241,P002_Weight_Stack_Seated_Leg_Extension_Pulling_Too_Fast_1_011 (2).csv
2,7,2,5,1,23.876,23876,-0.67,-0.08,8.04,8.0683,0.0578,0.0011,0.0044,2.63,0.31,283.5,-0.525,0.1477,9.3155,9.3314,P002_Weight_Stack_Seated_Leg_Extension_Pulling_Too_Fast_1_011 (2).csv
2,7,2,5,1,24.01,24010,-0.48,0.22,9.12,9.1353,0.012,0.0229,0.0022,2.44,0.31,283.5,-0.5191,0.1572,9.2897,9.3055,P002_Weight_Stack_Seated_Leg_Extension_Pulling_Too_Fast_1_011 (2).csv
2,8,2,5,1,24.143,24143,-0.44,0.08,10.25,10.2598,0.024,-0.0589,0.0098,2.44,0.38,283.5,-0.5086,0.1471,9.4162,9.4311,P002_Weight_Stack_Seated_Leg_Extension_Pulling_Too_Fast_1_011 (2).csv
2,8,2,5,1,24.273,24273,-0.5,0.17,10.16,10.1737,0.0033,0.0262,-0.0044,2.56,0.38,283.5,-0.5075,0.1501,9.5143,9.529,P002_Weight_Stack_Seated_Leg_Extension_Pulling_Too_Fast_1_011 (2).csv
2,8,2,5,1,24.404,24404,-0.5,0.21,9.12,9.1361,-0.0033,0.0065,0.0022,2.56,0.38,283.5,-0.5065,0.158,9.4623,9.4772,P002_Weight_Stack_Seated_Leg_Extension_Pulling_Too_Fast_1_011 (2).csv
2,8,2,5,1,24.534,24534,-0.41,0.1,9.19,9.1997,-0.012,0.0251,-0.0065,2.56,0.38,283.5,-0.4938,0.1503,9.4264,9.4405,P002_Weight_Stack_Seated_Leg_Extension_Pulling_Too_Fast_1_011 (2).csv
2,8,2,5,1,24.665,24665,-0.48,0.12,9.38,9.393,0.0142,-0.0305,0.0,2.44,0.44,283.5,-0.492,0.1463,9.4203,9.4343,P002_Weight_Stack_Seated_Leg_Extension_Pulling_Too_Fast_1_011 (2).csv
2,8,2,5,1,24.837,24837,-0.56,0.12,8.58,8.5991,-0.0022,0.0207,0.0033,2.63,0.44,283.5,-0.5009,0.1429,9.3096,9.3241,P002_Weight_Stack_Seated_Leg_Extension_Pulling_Too_Fast_1_011 (2).csv
2,8,2,5,1,24.967,24967,-0.64,0.2,8.33,8.3569,-0.0142,-0.0295,-0.0065,2.56,0.5,283.5,-0.5193,0.1504,9.1805,9.1964,P002_Weight_Stack_Seated_Leg_Extension_Pulling_Too_Fast_1_011 (2).csv
2,8,2,5,1,25.097,25097,-0.56,0.17,9.16,9.1787,-0.0153,0.0,0.0011,2.63,0.56,283.5,-0.5246,0.153,9.1778,9.194,P002_Weight_Stack_Seated_Leg_Extension_Pulling_Too_Fast_1_011 (2).csv
2,8,2,5,1,25.228,25228,-0.49,0.23,9.54,9.5553,-0.0207,-0.0076,-0.0044,2.69,0.63,283.5,-0.5201,0.1631,9.2255,9.2416,P002_Weight_Stack_Seated_Leg_Extension_Pulling_Too_Fast_1_011 (2).csv
2,8,2,5,1,25.36,25360,-0.69,0.08,9.22,9.2461,-0.0175,0.0218,-0.0076,2.69,0.63,283.5,-0.5425,0.1522,9.2248,9.242,P002_Weight_Stack_Seated_Leg_Extension_Pulling_Too_Fast_1_011 (2).csv
2,8,2,5,1,25.495,25495,-0.28,0.42,9.73,9.7431,-0.0447,0.0044,-0.0033,2.69,0.69,283.44,-0.5079,0.1875,9.2914,9.3071,P002_Weight_Stack_Seated_Leg_Extension_Pulling_Too_Fast_1_011 (2).csv
2,8,2,5,1,25.626,25626,-0.45,0.18,10.09,10.1016,-0.0011,-0.0109,-0.0033,2.69,0.75,283.38,-0.5002,0.1865,9.3966,9.4118,P002_Weight_Stack_Seated_Leg_Extension_Pulling_Too_Fast_1_011 (2).csv
2,8,2,5,1,25.757,25757,-0.72,0.11,9.6,9.6276,0.0131,-0.0065,-0.0022,2.69,0.75,283.38,-0.5292,0.1764,9.4234,9.4399,P002_Weight_Stack_Seated_Leg_Extension_Pulling_Too_Fast_1_011 (2).csv
2,8,2,5,1,25.93,25930,-0.49,0.11,9.54,9.5532,0.0131,0.0785,0.0,2.44,0.75,283.38,-0.524,0.1677,9.4388,9.4548,P002_Weight_Stack_Seated_Leg_Extension_Pulling_Too_Fast_1_011 (2).csv
2,8,2,5,1,26.06,26060,-0.47,0.16,9.35,9.3632,0.024,-0.0796,0.0022,2.38,0.75,283.38,-0.5169,0.1666,9.4271,9.4427,P002_Weight_Stack_Seated_Leg_Extension_Pulling_Too_Fast_1_011 (2).csv
2,8,2,5,1,26.19,26190,-0.4,0.21,9.45,9.4608,-0.0131,0.0251,0.0033,2.63,0.81,283.38,-0.5015,0.1724,9.4301,9.445,P002_Weight_Stack_Seated_Leg_Extension_Pulling_Too_Fast_1_011 (2).csv
2,8,2,5,1,26.321,26321,-0.55,0.2,9.48,9.498,0.0153,0.0207,-0.0022,2.69,0.81,283.38,-0.5079,0.176,9.4367,9.452,P002_Weight_Stack_Seated_Leg_Extension_Pulling_Too_Fast_1_011 (2).csv
2,8,2,5,1,26.451,26451,-0.67,0.09,9.95,9.9729,0.0076,-0.0131,0.0011,2.63,0.81,283.38,-0.5293,0.1647,9.5043,9.5205,P002_Weight_Stack_Seated_Leg_Extension_Pulling_Too_Fast_1_011 (2).csv
2,8,2,5,1,26.582,26582,-0.46,0.21,9.92,9.9329,0.0011,0.0011,-0.0011,2.56,0.81,283.38,-0.5201,0.1706,9.5591,9.5748,P002_Weight_Stack_Seated_Leg_Extension_Pulling_Too_Fast_1_011 (2).csv
2,8,2,5,1,26.718,26718,-0.6,0.16,11.29,11.3071,0.0022,0.0044,0.0044,2.63,0.81,283.38,-0.5307,0.1692,9.7872,9.803,P002_Weight_Stack_Seated_Leg_Extension_Pulling_Too_Fast_1_011 (2).csv
2,8,2,5,1,26.849,26849,-0.6,0.12,11.86,11.8758,0.0142,0.0055,0.0087,2.44,0.75,283.44,-0.5398,0.1628,10.0603,10.0761,P002_Weight_Stack_Seated_Leg_Extension_Pulling_Too_Fast_1_011 (2).csv
2,8,2,5,1,27.022,27022,-0.64,0.31,8.23,8.2607,0.0262,0.0131,-0.0098,2.63,0.63,283.44,-0.553,0.1822,9.8191,9.8364,P002_Weight_Stack_Seated_Leg_Extension_Pulling_Too_Fast_1_011 (2).csv
2,8,2,5,1,27.152,27152,-0.26,0.28,7.15,7.1602,-0.0131,0.0011,-0.0164,2.56,0.5,283.38,-0.5144,0.195,9.4674,9.4834,P002_Weight_Stack_Seated_Leg_Extension_Pulling_Too_Fast_1_011 (2).csv
2,8,2,5,1,27.283,27283,-0.38,0.11,7.38,7.3906,0.0055,-0.0098,0.0033,2.56,0.44,283.38,-0.4967,0.1838,9.1923,9.2076,P002_Weight_Stack_Seated_Leg_Extension_Pulling_Too_Fast_1_011 (2).csv
2,8,2,5,1,27.419,27419,-0.33,0.29,8.89,8.9008,-0.0229,0.0218,0.0065,2.5,0.44,283.31,-0.4747,0.1978,9.1525,9.1669,P002_Weight_Stack_Seated_Leg_Extension_Pulling_Too_Fast_1_011 (2).csv
2,9,2,5,1,27.551,27551,-0.38,0.04,10.04,10.0473,0.0098,-0.0153,0.0,2.44,0.44,283.31,-0.4622,0.177,9.2695,9.2827,P002_Weight_Stack_Seated_Leg_Extension_Pulling_Too_Fast_1_011 (2).csv
2,9,2,5,1,27.681,27681,-0.49,0.16,9.65,9.6638,0.0055,0.0142,-0.0098,2.56,0.44,283.38,-0.4659,0.1748,9.3196,9.3329,P002_Weight_Stack_Seated_Leg_Extension_Pulling_Too_Fast_1_011 (2).csv
2,9,2,5,1,27.811,27811,-0.41,0.16,9.33,9.3404,-0.0011,-0.0065,0.0011,2.44,0.5,283.38,-0.4585,0.1728,9.321,9.3338,P002_Weight_Stack_Seated_Leg_Extension_Pulling_Too_Fast_1_011 (2).csv
2,9,2,5,1,27.942,27942,-0.4,0.1,9.05,9.0594,0.0022,0.0044,0.0,2.56,0.5,283.38,-0.4508,0.1632,9.2853,9.2976,P002_Weight_Stack_Seated_Leg_Extension_Pulling_Too_Fast_1_011 (2).csv
2,9,2,5,1,28.115,28115,-0.42,0.23,8.77,8.7831,-0.0044,-0.0109,0.0022,2.56,0.5,283.38,-0.4468,0.172,9.2174,9.2298,P002_Weight_Stack_Seated_Leg_Extension_Pulling_Too_Fast_1_011 (2).csv
2,9,2,5,1,28.248,28248,-0.61,0.05,8.96,8.9809,-0.0262,0.0033,0.0044,2.63,0.56,283.38,-0.4683,0.156,9.1835,9.1967,P002_Weight_Stack_Seated_Leg_Extension_Pulling_Too_Fast_1_011 (2).csv
2,9,2,5,1,28.382,28382,-0.64,0.23,9.5,9.5243,-0.0109,0.0011,-0.0098,2.63,0.63,283.38,-0.4909,0.1657,9.2252,9.2397,P002_Weight_Stack_Seated_Leg_Extension_Pulling_Too_Fast_1_011 (2).csv
2,9,2,5,1,28.513,28513,-0.53,0.19,9.77,9.7862,0.0055,-0.0153,-0.0142,2.63,0.69,283.38,-0.496,0.1689,9.297,9.3117,P002_Weight_Stack_Seated_Leg_Extension_Pulling_Too_Fast_1_011 (2).csv
2,9,2,5,1,28.643,28643,-0.73,0.26,9.54,9.5714,0.0153,0.0055,-0.0011,2.69,0.75,283.31,-0.5269,0.1809,9.329,9.3456,P002_Weight_Stack_Seated_Leg_Extension_Pulling_Too_Fast_1_011 (2).csv
2,9,2,5,1,28.774,28774,-0.5,0.33,9.16,9.1796,-0.0131,0.0033,-0.0065,2.69,0.75,283.31,-0.5233,0.2006,9.3067,9.3236,P002_Weight_Stack_Seated_Leg_Extension_Pulling_Too_Fast_1_011 (2).csv
2,9,2,5,1,28.904,28904,-0.49,0.17,10.01,10.0234,0.0076,0.0055,-0.0033,2.69,0.81,283.31,-0.5189,0.1965,9.3994,9.4158,P002_Weight_Stack_Seated_Leg_Extension_Pulling_Too_Fast_1_011 (2).csv
2,9,2,5,1,29.034,29034,-0.56,0.18,10.32,10.3367,-0.0033,-0.0022,0.0022,2.69,0.81,283.31,-0.5244,0.1944,9.5207,9.5371,P002_Weight_Stack_Seated_Leg_Extension_Pulling_Too_Fast_1_011 (2).csv
2,9,2,5,1,29.207,29207,-0.51,0.19,9.49,9.5056,0.0,0.0022,-0.0011,2.63,0.81,283.31,-0.5225,0.1938,9.5167,9.533,P002_Weight_Stack_Seated_Leg_Extension_Pulling_Too_Fast_1_011 (2).csv
2,9,2,5,1,29.337,29337,-0.51,0.12,9.68,9.6942,-0.0022,0.0,0.0,2.69,0.81,283.31,-0.5208,0.1841,9.5382,9.5542,P002_Weight_Stack_Seated_Leg_Extension_Pulling_Too_Fast_1_011 (2).csv
2,9,2,5,1,29.467,29467,-0.56,0.14,9.62,9.6373,-0.0011,-0.0044,-0.0011,2.69,0.81,283.31,-0.526,0.1783,9.549,9.5651,P002_Weight_Stack_Seated_Leg_Extension_Pulling_Too_Fast_1_011 (2).csv
2,9,2,5,1,29.597,29597,-0.56,0.19,9.47,9.4884,-0.0011,0.0044,-0.0033,2.75,0.81,283.31,-0.5305,0.1798,9.5386,9.555,P002_Weight_Stack_Seated_Leg_Extension_Pulling_Too_Fast_1_011 (2).csv
2,9,2,5,1,29.727,29727,-0.55,0.21,9.74,9.7578,0.0,-0.0076,-0.0011,2.75,0.88,283.31,-0.533,0.1838,9.5651,9.5817,P002_Weight_Stack_Seated_Leg_Extension_Pulling_Too_Fast_1_011 (2).csv
2,9,2,5,1,29.857,29857,-0.45,0.16,9.52,9.532,0.0142,0.0873,-0.0055,2.56,0.81,283.31,-0.5221,0.1806,9.5592,9.5751,P002_Weight_Stack_Seated_Leg_Extension_Pulling_Too_Fast_1_011 (2).csv
2,9,2,5,1,29.987,29987,-0.51,0.2,10.37,10.3845,0.0131,-0.0458,0.0033,2.44,0.81,283.31,-0.5205,0.1832,9.666,9.6817,P002_Weight_Stack_Seated_Leg_Extension_Pulling_Too_Fast_1_011 (2).csv
2,9,2,5,1,30.117,30117,-0.59,0.12,11.42,11.4359,0.0044,0.0098,0.0055,2.56,0.81,283.31,-0.5297,0.1749,9.8971,9.9128,P002_Weight_Stack_Seated_Leg_Extension_Pulling_Too_Fast_1_011 (2).csv
2,9,2,5,1,30.291,30291,-0.52,0.17,10.21,10.2246,0.0207,-0.0196,0.0098,2.5,0.75,283.38,-0.5284,0.1742,9.9384,9.9539,P002_Weight_Stack_Seated_Leg_Extension_Pulling_Too_Fast_1_011 (2).csv
2,9,2,5,1,30.427,30427,-0.51,0.21,8.16,8.1786,0.0109,-0.0098,0.0033,2.69,0.56,283.38,-0.526,0.1789,9.704,9.7199,P002_Weight_Stack_Seated_Leg_Extension_Pulling_Too_Fast_1_011 (2).csv
2,9,2,5,1,30.558,30558,-0.3,0.36,8.44,8.453,-0.0065,-0.0065,-0.0164,2.63,0.44,283.31,-0.4962,0.2028,9.5375,9.5525,P002_Weight_Stack_Seated_Leg_Extension_Pulling_Too_Fast_1_011 (2).csv
2,9,2,5,1,30.688,30688,-0.47,0.16,8.02,8.0354,-0.0109,-0.0065,0.0033,2.63,0.44,283.31,-0.4927,0.1972,9.3375,9.3526,P002_Weight_Stack_Seated_Leg_Extension_Pulling_Too_Fast_1_011 (2).csv
2,9,2,5,1,30.818,30818,-0.5,0.09,9.36,9.3738,0.0371,0.0153,0.0,2.5,0.38,283.31,-0.4937,0.183,9.3405,9.3553,P002_Weight_Stack_Seated_Leg_Extension_Pulling_Too_Fast_1_011 (2).csv
2,9,2,5,1,30.949,30949,-0.6,0.04,10.56,10.5771,0.0185,-0.0415,0.0109,2.5,0.44,283.31,-0.5077,0.1642,9.5012,9.5161,P002_Weight_Stack_Seated_Leg_Extension_Pulling_Too_Fast_1_011 (2).csv
2,9,2,5,1,31.079,31079,-0.52,0.15,10.09,10.1045,-0.0055,0.0305,0.0065,2.56,0.44,283.31,-0.5093,0.1623,9.5788,9.5937,P002_Weight_Stack_Seated_Leg_Extension_Pulling_Too_Fast_1_011 (2).csv
2,9,2,5,1,31.209,31209,-0.44,0.1,9.44,9.4508,0.0,-0.0142,-0.0044,2.56,0.44,283.31,-0.5002,0.1541,9.5605,9.5748,P002_Weight_Stack_Seated_Leg_Extension_Pulling_Too_Fast_1_011 (2).csv
2,9,2,5,1,31.382,31382,-0.54,0.13,8.71,8.7277,-0.0044,0.0109,0.0033,2.5,0.44,283.31,-0.5054,0.1509,9.4484,9.4631,P002_Weight_Stack_Seated_Leg_Extension_Pulling_Too_Fast_1_011 (2).csv
2,9,2,5,1,31.512,31512,-0.61,0.1,8.33,8.3529,-0.0131,-0.0131,0.0011,2.56,0.44,283.31,-0.5192,0.1442,9.301,9.3166,P002_Weight_Stack_Seated_Leg_Extension_Pulling_Too_Fast_1_011 (2).csv
2,9,2,5,1,31.643,31643,-0.52,0.3,8.33,8.3516,-0.0185,0.0065,0.0,2.56,0.5,283.31,-0.5193,0.1647,9.1731,9.1892,P002_Weight_Stack_Seated_Leg_Extension_Pulling_Too_Fast_1_011 (2).csv
2,10,2,5,1,31.777,31777,-0.55,0.03,9.48,9.496,-0.0131,0.0087,0.0065,2.56,0.56,283.31,-0.5234,0.147,9.2135,9.2295,P002_Weight_Stack_Seated_Leg_Extension_Pulling_Too_Fast_1_011 (2).csv
2,10,2,5,1,31.911,31911,-0.15,0.17,9.36,9.3627,-0.0185,-0.0196,0.0131,2.63,0.63,283.31,-0.4742,0.15,9.2328,9.2462,P002_Weight_Stack_Seated_Leg_Extension_Pulling_Too_Fast_1_011 (2).csv
2,10,2,5,1,32.041,32041,-0.88,0.26,9.49,9.5343,0.0164,0.0076,-0.0065,2.63,0.63,283.25,-0.5276,0.1645,9.2667,9.2832,P002_Weight_Stack_Seated_Leg_Extension_Pulling_Too_Fast_1_011 (2).csv
2,10,2,5,1,32.172,32172,-0.59,0.16,9.47,9.4897,-0.0305,0.0131,-0.0044,2.63,0.69,283.25,-0.5359,0.1639,9.2935,9.3104,P002_Weight_Stack_Seated_Leg_Extension_Pulling_Too_Fast_1_011 (2).csv
2,10,2,5,1,32.302,32302,-0.27,0.16,10.35,10.3548,-0.0011,-0.0076,0.0011,2.63,0.69,283.25,-0.5008,0.1634,9.4327,9.4474,P002_Weight_Stack_Seated_Leg_Extension_Pulling_Too_Fast_1_011 (2).csv
2,10,2,5,1,32.475,32475,-0.69,0.1,9.5,9.5255,0.1484,-0.0807,-0.0829,2.5,0.75,283.25,-0.5258,0.155,9.4416,9.4575,P002_Weight_Stack_Seated_Leg_Extension_Pulling_Too_Fast_1_011 (2).csv
2,10,2,5,1,32.609,32609,-0.38,0.09,9.71,9.7178,-0.0535,-0.0044,0.0218,2.31,0.63,283.19,-0.5065,0.1465,9.477,9.4916,P002_Weight_Stack_Seated_Leg_Extension_Pulling_Too_Fast_1_011 (2).csv
2,10,2,5,1,32.742,32742,-0.48,0.04,9.5,9.5122,0.0164,-0.0055,-0.0044,2.38,0.69,283.19,-0.503,0.1324,9.48,9.4943,P002_Weight_Stack_Seated_Leg_Extension_Pulling_Too_Fast_1_011 (2).csv
2,10,2,5,1,32.873,32873,-0.39,0.19,9.33,9.3401,0.0065,-0.0033,-0.0022,2.38,0.69,283.19,-0.4882,0.14,9.4602,9.4738,P002_Weight_Stack_Seated_Leg_Extension_Pulling_Too_Fast_1_011 (2).csv
2,10,2,5,1,33.004,33004,-0.64,0.16,9.52,9.5428,-0.0022,-0.0011,0.0011,2.56,0.69,283.19,-0.5082,0.1427,9.4681,9.4828,P002_Weight_Stack_Seated_Leg_Extension_Pulling_Too_Fast_1_011 (2).csv
2,10,2,5,1,33.134,33134,-0.59,0.18,9.9,9.9192,-0.0044,0.0175,-0.0022,2.56,0.69,283.19,-0.5189,0.1476,9.525,9.5403,P002_Weight_Stack_Seated_Leg_Extension_Pulling_Too_Fast_1_011 (2).csv
2,10,2,5,1,33.265,33265,-0.41,0.1,10.14,10.1488,0.0022,0.0,0.0011,2.25,0.75,283.19,-0.5046,0.1413,9.6061,9.6203,P002_Weight_Stack_Seated_Leg_Extension_Pulling_Too_Fast_1_011 (2).csv
2,10,2,5,1,33.395,33395,-0.68,0.17,11.59,11.6112,0.0109,-0.0185,0.0011,2.5,0.69,283.19,-0.5277,0.1451,9.8675,9.8827,P002_Weight_Stack_Seated_Leg_Extension_Pulling_Too_Fast_1_011 (2).csv
2,10,2,5,1,33.568,33568,-0.45,0.23,10.88,10.8917,0.0142,-0.0327,0.0,2.31,0.69,283.25,-0.5175,0.1563,10.0009,10.0155,P002_Weight_Stack_Seated_Leg_Extension_Pulling_Too_Fast_1_011 (2).csv
2,10,2,5,1,33.704,33704,-0.72,0.09,8.33,8.3615,0.0196,0.0044,0.0,2.56,0.5,283.25,-0.5442,0.1475,9.7807,9.797,P002_Weight_Stack_Seated_Leg_Extension_Pulling_Too_Fast_1_011 (2).csv
2,10,2,5,1,33.836,33836,-0.74,0.27,6.88,6.9249,0.0327,0.024,0.0,2.56,0.31,283.19,-0.57,0.1637,9.3985,9.4172,P002_Weight_Stack_Seated_Leg_Extension_Pulling_Too_Fast_1_011 (2).csv
2,10,2,5,1,33.966,33966,-0.4,0.21,7.26,7.274,0.0131,0.0207,-0.0153,2.5,0.31,283.19,-0.5476,0.1698,9.1167,9.1347,P002_Weight_Stack_Seated_Leg_Extension_Pulling_Too_Fast_1_011 (2).csv
2,10,2,5,1,34.097,34097,-0.42,0.19,8.87,8.882,-0.0131,0.0371,0.0076,2.44,0.31,283.19,-0.5308,0.1725,9.0842,9.1013,P002_Weight_Stack_Seated_Leg_Extension_Pulling_Too_Fast_1_011 (2).csv
2,10,2,5,1,34.227,34227,-0.28,0.12,10.33,10.3345,0.0065,-0.0196,0.0044,2.44,0.31,283.19,-0.4977,0.1655,9.2483,9.2632,P002_Weight_Stack_Seated_Leg_Extension_Pulling_Too_Fast_1_011 (2).csv
2,10,2,5,1,34.357,34357,-0.59,0.16,10.05,10.0686,0.0011,-0.0076,0.0,2.5,0.31,283.19,-0.5099,0.1648,9.354,9.3693,P002_Weight_Stack_Seated_Leg_Extension_Pulling_Too_Fast_1_011 (2).csv
2,10,2,5,1,34.488,34488,-0.38,0.11,9.22,9.2285,-0.0033,0.0065,0.0,2.31,0.38,283.19,-0.4928,0.1576,9.3363,9.3507,P002_Weight_Stack_Seated_Leg_Extension_Pulling_Too_Fast_1_011 (2).csv
2,10,2,5,1,34.66,34660,-0.53,0.06,8.73,8.7463,-0.0044,-0.0164,0.0044,2.5,0.31,283.19,-0.4977,0.1447,9.2564,9.2709,P002_Weight_Stack_Seated_Leg_Extension_Pulling_Too_Fast_1_011 (2).csv
2,10,2,5,1,34.79,34790,-0.46,0.11,8.69,8.7029,-0.0011,0.0196,-0.0033,2.5,0.38,283.19,-0.4927,0.1402,9.1818,9.1961,P002_Weight_Stack_Seated_Leg_Extension_Pulling_Too_Fast_1_011 (2).csv
2,10,2,5,1,34.92,34920,-0.4,0.19,9.35,9.3605,-0.0011,-0.0229,0.0022,2.5,0.44,283.19,-0.4805,0.1467,9.204,9.2177,P002_Weight_Stack_Seated_Leg_Extension_Pulling_Too_Fast_1_011 (2).csv
3,1,2,5,1,0.0,0,-0.53,0.07,9.56,9.5749,0.0022,-0.0011,-0.0011,3.06,0.69,284.63,-0.5339,0.0672,9.5443,9.5595,P002_Weight_Stack_Seated_Leg_Extension_Pulling_Too_Fast_1_011 (3).csv
3,1,2,5,1,0.13,130,-0.53,0.06,9.56,9.5749,0.0011,-0.0022,0.0011,3.06,0.69,284.63,-0.5334,0.0663,9.5464,9.5615,P002_Weight_Stack_Seated_Leg_Extension_Pulling_Too_Fast_1_011 (3).csv
3,1,2,5,1,0.261,261,-0.54,0.06,9.56,9.5754,0.0022,0.0033,-0.0022,3.06,0.69,284.63,-0.5343,0.0655,9.5482,9.5633,P002_Weight_Stack_Seated_Leg_Extension_Pulling_Too_Fast_1_011 (3).csv
3,1,2,5,1,0.391,391,-0.54,0.09,9.54,9.5557,-0.0022,-0.0022,0.0,3.06,0.69,284.63,-0.535,0.0687,9.5471,9.5623,P002_Weight_Stack_Seated_Leg_Extension_Pulling_Too_Fast_1_011 (3).csv
3,1,2,5,1,0.564,564,-0.52,-0.36,9.7,9.7206,-0.1865,0.0404,-0.0284,2.94,1.0,284.63,-0.533,0.0122,9.5672,9.5821,P002_Weight_Stack_Seated_Leg_Extension_Pulling_Too_Fast_1_011 (3).csv
3,1,2,5,1,0.694,694,-0.42,0.02,10.39,10.3985,0.0742,0.0851,0.072,2.81,1.31,284.5,-0.5181,0.0132,9.6757,9.6895,P002_Weight_Stack_Seated_Leg_Extension_Pulling_Too_Fast_1_011 (3).csv
3,1,2,5,1,0.825,825,-0.7,0.28,11.08,11.1056,-0.0185,-0.0251,-0.0109,2.81,1.25,284.56,-0.5421,0.0484,9.8607,9.8757,P002_Weight_Stack_Seated_Leg_Extension_Pulling_Too_Fast_1_011 (3).csv
3,1,2,5,1,0.955,955,-0.51,0.27,10.53,10.5458,-0.0011,-0.0033,-0.0076,2.75,1.13,284.63,-0.5379,0.0776,9.9489,9.9637,P002_Weight_Stack_Seated_Leg_Extension_Pulling_Too_Fast_1_011 (3).csv
3,1,2,5,1,1.086,1086,-0.09,0.24,6.32,6.3252,0.0349,-0.0055,0.0,2.88,0.88,284.63,-0.4789,0.099,9.4707,9.4833,P002_Weight_Stack_Seated_Leg_Extension_Pulling_Too_Fast_1_011 (3).csv
3,1,2,5,1,1.217,1217,-0.2,0.0,6.13,6.1333,0.0087,-0.0218,0.012,2.81,0.81,284.63,-0.4421,0.0859,9.0305,9.0417,P002_Weight_Stack_Seated_Leg_Extension_Pulling_Too_Fast_1_011 (3).csv
3,1,2,5,1,1.351,1351,-0.34,0.01,8.73,8.7366,0.0055,-0.0327,0.0098,2.94,0.81,284.63,-0.4287,0.0759,8.9909,9.0014,P002_Weight_Stack_Seated_Leg_Extension_Pulling_Too_Fast_1_011 (3).csv
3,2,2,5,1,1.484,1484,-0.64,-0.05,9.91,9.9308,-0.0153,-0.0044,0.012,2.88,0.81,284.63,-0.4565,0.0593,9.112,9.1236,P002_Weight_Stack_Seated_Leg_Extension_Pulling_Too_Fast_1_011 (3).csv
3,2,2,5,1,1.674,1674,-0.51,-0.04,9.54,9.5537,-0.0022,-0.0164,0.0044,2.94,0.81,284.63,-0.4636,0.0463,9.1684,9.1802,P002_Weight_Stack_Seated_Leg_Extension_Pulling_Too_Fast_1_011 (3).csv
3,2,2,5,1,1.805,1805,-0.48,0.25,9.61,9.6252,0.0022,0.0131,0.0011,2.94,0.88,284.63,-0.4657,0.0731,9.2266,9.2386,P002_Weight_Stack_Seated_Leg_Extension_Pulling_Too_Fast_1_011 (3).csv
3,2,2,5,1,1.935,1935,-0.46,0.1,9.33,9.3419,0.012,-0.012,0.0065,2.88,0.88,284.63,-0.465,0.0766,9.2402,9.2522,P002_Weight_Stack_Seated_Leg_Extension_Pulling_Too_Fast_1_011 (3).csv
3,2,2,5,1,2.066,2066,-0.53,-0.09,9.21,9.2257,-0.0229,0.0033,0.012,2.88,0.94,284.63,-0.4735,0.0547,9.2362,9.2485,P002_Weight_Stack_Seated_Leg_Extension_Pulling_Too_Fast_1_011 (3).csv
3,2,2,5,1,2.196,2196,-0.61,0.27,9.45,9.4735,-0.0284,-0.0033,-0.0098,2.88,1.06,284.63,-0.4915,0.0831,9.2644,9.2778,P002_Weight_Stack_Seated_Leg_Extension_Pulling_Too_Fast_1_011 (3).csv
3,2,2,5,1,2.326,2326,-0.55,0.22,9.8,9.8179,0.0273,0.0142,0.0011,2.88,1.06,284.63,-0.4992,0.1011,9.335,9.3489,P002_Weight_Stack_Seated_Leg_Extension_Pulling_Too_Fast_1_011 (3).csv
3,2,2,5,1,2.457,2457,-0.32,-0.07,10.06,10.0653,-0.0055,-0.0109,0.0098,2.88,1.06,284.63,-0.4756,0.0786,9.4305,9.4428,P002_Weight_Stack_Seated_Leg_Extension_Pulling_Too_Fast_1_011 (3).csv
3,2,2,5,1,2.587,2587,-0.51,0.16,9.96,9.9743,-0.0229,-0.0011,0.0033,2.88,1.13,284.63,-0.4801,0.0893,9.5003,9.5128,P002_Weight_Stack_Seated_Leg_Extension_Pulling_Too_Fast_1_011 (3).csv
3,2,2,5,1,2.76,2760,-0.55,0.15,9.46,9.4772,-0.0044,0.0065,-0.0022,2.94,1.19,284.63,-0.4893,0.0973,9.495,9.5081,P002_Weight_Stack_Seated_Leg_Extension_Pulling_Too_Fast_1_011 (3).csv
3,2,2,5,1,2.891,2891,-0.51,0.16,9.46,9.4751,0.0044,-0.0022,-0.0065,2.94,1.19,284.63,-0.4921,0.1056,9.4904,9.5037,P002_Weight_Stack_Seated_Leg_Extension_Pulling_Too_Fast_1_011 (3).csv
3,2,2,5,1,3.022,3022,-0.51,0.1,9.61,9.624,-0.0011,-0.0087,-0.0011,2.94,1.19,284.63,-0.4944,0.1048,9.5061,9.5196,P002_Weight_Stack_Seated_Leg_Extension_Pulling_Too_Fast_1_011 (3).csv
3,2,2,5,1,3.153,3153,-0.57,0.14,9.57,9.588,-0.0109,0.0055,-0.0011,2.94,1.19,284.63,-0.5044,0.1095,9.5146,9.5285,P002_Weight_Stack_Seated_Leg_Extension_Pulling_Too_Fast_1_011 (3).csv
3,2,2,5,1,3.288,3288,-0.52,0.12,9.78,9.7945,0.0,-0.0065,0.0022,2.94,1.19,284.63,-0.5064,0.1108,9.5495,9.5636,P002_Weight_Stack_Seated_Leg_Extension_Pulling_Too_Fast_1_011 (3).csv
3,2,2,5,1,3.419,3419,-0.53,0.14,10.15,10.1648,0.012,0.0764,0.0044,2.81,1.19,284.63,-0.5095,0.1147,9.6287,9.6428,P002_Weight_Stack_Seated_Leg_Extension_Pulling_Too_Fast_1_011 (3).csv
3,2,2,5,1,3.549,3549,-0.33,0.08,10.87,10.8753,-0.0109,0.0,-0.0065,2.75,1.25,284.63,-0.4859,0.1101,9.7922,9.8049,P002_Weight_Stack_Seated_Leg_Extension_Pulling_Too_Fast_1_011 (3).csv
3,2,2,5,1,3.68,3680,-0.6,0.17,11.51,11.5269,0.0044,-0.0175,0.0087,2.75,1.19,284.63,-0.5009,0.118,10.0186,10.0318,P002_Weight_Stack_Seated_Leg_Extension_Pulling_Too_Fast_1_011 (3).csv
3,2,2,5,1,3.853,3853,-0.23,0.11,10.47,10.4731,0.0611,-0.0371,-0.0055,2.75,1.0,284.63,-0.4652,0.117,10.0781,10.0895,P002_Weight_Stack_Seated_Leg_Extension_Pulling_Too_Fast_1_011 (3).csv
3,2,2,5,1,3.984,3984,0.4,-0.38,6.65,6.6728,0.0022,0.0382,0.0098,2.81,0.81,284.63,-0.3512,0.0515,9.6263,9.6329,P002_Weight_Stack_Seated_Leg_Extension_Pulling_Too_Fast_1_011 (3).csv
3,2,2,5,1,4.117,4117,-0.02,-0.26,7.41,7.4146,0.0305,0.0109,-0.0175,2.81,0.75,284.63,-0.3076,0.0104,9.3343,9.3394,P002_Weight_Stack_Seated_Leg_Extension_Pulling_Too_Fast_1_011 (3).csv
3,2,2,5,1,4.251,4251,-0.36,0.0,9.21,9.217,-0.0513,-0.0164,-0.0022,2.88,0.75,284.63,-0.3145,0.009,9.3179,9.3232,P002_Weight_Stack_Seated_Leg_Extension_Pulling_Too_Fast_1_011 (3).csv
3,2,2,5,1,4.382,4382,-0.61,0.14,10.23,10.2491,-0.0131,0.0055,0.0044,2.88,0.81,284.63,-0.3534,0.0263,9.4381,9.4448,P002_Weight_Stack_Seated_Leg_Extension_Pulling_Too_Fast_1_011 (3).csv
3,2,2,5,1,4.512,4512,-0.59,-0.04,9.81,9.8278,0.0087,-0.0164,0.0131,2.94,0.75,284.63,-0.3846,0.0176,9.4871,9.4949,P002_Weight_Stack_Seated_Leg_Extension_Pulling_Too_Fast_1_011 (3).csv
3,2,2,5,1,4.642,4642,-0.41,-0.11,9.46,9.4695,-0.048,0.0196,-0.0065,2.75,0.94,284.63,-0.3879,0.0008,9.4835,9.4915,P002_Weight_Stack_Seated_Leg_Extension_Pulling_Too_Fast_1_011 (3).csv
3,2,2,5,1,4.773,4773,-0.42,0.01,9.02,9.0298,0.012,-0.0458,0.0022,2.81,0.88,284.63,-0.3922,0.002,9.4225,9.4306,P002_Weight_Stack_Seated_Leg_Extension_Pulling_Too_Fast_1_011 (3).csv
3,2,2,5,1,4.946,4946,-0.49,0.26,9.06,9.077,-0.0284,0.0218,-0.0065,2.94,0.88,284.69,-0.4051,0.036,9.3747,9.3835,P002_Weight_Stack_Seated_Leg_Extension_Pulling_Too_Fast_1_011 (3).csv
3,2,2,5,1,5.077,5077,-0.51,0.04,9.17,9.1843,0.0218,-0.0044,0.0131,2.88,0.88,284.69,-0.4189,0.0365,9.3477,9.3572,P002_Weight_Stack_Seated_Leg_Extension_Pulling_Too_Fast_1_011 (3).csv
3,2,2,5,1,5.209,5209,-0.66,0.1,8.79,8.8153,-0.0327,0.0142,0.0076,2.88,0.94,284.69,-0.4507,0.0449,9.2742,9.2853,P002_Weight_Stack_Seated_Leg_Extension_Pulling_Too_Fast_1_011 (3).csv
3,3,2,5,1,5.344,5344,-0.68,0.45,9.98,10.0133,0.0055,-0.0044,-0.0207,2.88,1.0,284.63,-0.4809,0.0983,9.3672,9.3801,P002_Weight_Stack_Seated_Leg_Extension_Pulling_Too_Fast_1_011 (3).csv
3,3,2,5,1,5.475,5475,-0.56,-0.05,9.94,9.9559,-0.0142,-0.0109,0.0229,2.88,1.0,284.69,-0.4913,0.0787,9.4427,9.4558,P002_Weight_Stack_Seated_Leg_Extension_Pulling_Too_Fast_1_011 (3).csv
3,3,2,5,1,5.605,5605,-0.41,0.13,9.03,9.0402,-0.0164,-0.0098,0.0185,2.88,1.06,284.69,-0.4806,0.0855,9.3883,9.401,P002_Weight_Stack_Seated_Leg_Extension_Pulling_Too_Fast_1_011 (3).csv
3,3,2,5,1,5.735,5735,-0.73,0.01,8.93,8.9598,-0.0436,-0.0098,0.0076,2.88,1.13,284.69,-0.5135,0.0755,9.3279,9.3424,P002_Weight_Stack_Seated_Leg_Extension_Pulling_Too_Fast_1_011 (3).csv
3,3,2,5,1,5.881,5881,-0.53,0.12,9.64,9.6553,0.0327,0.0044,-0.012,2.94,1.13,284.69,-0.5156,0.0814,9.369,9.3836,P002_Weight_Stack_Seated_Leg_Extension_Pulling_Too_Fast_1_011 (3).csv
3,3,2,5,1,6.056,6056,-0.49,0.02,10.01,10.022,-0.0087,0.0131,0.012,2.88,1.19,284.69,-0.5123,0.0733,9.4535,9.4677,P002_Weight_Stack_Seated_Leg_Extension_Pulling_Too_Fast_1_011 (3).csv
3,3,2,5,1,6.187,6187,-0.52,0.1,9.8,9.8143,-0.0076,-0.0131,-0.0055,2.88,1.19,284.69,-0.5133,0.0768,9.4992,9.5133,P002_Weight_Stack_Seated_Leg_Extension_Pulling_Too_Fast_1_011 (3).csv
3,3,2,5,1,6.317,6317,-0.5,0.15,9.46,9.4744,0.0033,0.0065,-0.0022,3.0,1.19,284.69,-0.5115,0.0865,9.494,9.5082,P002_Weight_Stack_Seated_Leg_Extension_Pulling_Too_Fast_1_011 (3).csv
3,3,2,5,1,6.447,6447,-0.6,0.12,9.35,9.37,-0.0033,0.0,-0.0033,3.0,1.19,284.69,-0.5232,0.0909,9.475,9.4899,P002_Weight_Stack_Seated_Leg_Extension_Pulling_Too_Fast_1_011 (3).csv
3,3,2,5,1,6.578,6578,-0.49,0.17,9.4,9.4143,0.0,0.0087,-0.0022,3.0,1.19,284.69,-0.5188,0.1013,9.4651,9.4799,P002_Weight_Stack_Seated_Leg_Extension_Pulling_Too_Fast_1_011 (3).csv
3,3,2,5,1,6.708,6708,-0.54,0.1,9.73,9.7455,-0.0011,0.0011,0.0011,3.0,1.19,284.69,-0.5216,0.1011,9.5,9.5149,P002_Weight_Stack_Seated_Leg_Extension_Pulling_Too_Fast_1_011 (3).csv
3,3,2,5,1,6.838,6838,-0.5,0.43,9.54,9.5628,-0.0873,0.0207,0.0175,3.0,1.38,284.63,-0.5188,0.1445,9.5053,9.5206,P002_Weight_Stack_Seated_Leg_Extension_Pulling_Too_Fast_1_011 (3).csv
3,3,2,5,1,6.969,6969,-1.09,0.3,14.1,14.1453,0.0153,0.0611,-0.0545,2.94,1.06,284.69,-0.594,0.165,10.1108,10.1296,P002_Weight_Stack_Seated_Leg_Extension_Pulling_Too_Fast_1_011 (3).csv
3,3,2,5,1,7.142,7142,-1.03,-0.09,9.31,9.3672,0.0033,0.0164,0.0196,2.81,1.13,284.75,-0.6515,0.1314,10.0053,10.0273,P002_Weight_Stack_Seated_Leg_Extension_Pulling_Too_Fast_1_011 (3).csv
3,3,2,5,1,7.274,7274,-0.87,0.11,8.65,8.6943,0.084,-0.036,-0.0185,2.88,1.06,284.75,-0.6803,0.1286,9.8267,9.851,P002_Weight_Stack_Seated_Leg_Extension_Pulling_Too_Fast_1_011 (3).csv
3,3,2,5,1,7.409,7409,-1.06,-0.31,5.63,5.7373,-0.0469,0.0218,0.0022,2.88,0.88,284.75,-0.7303,0.0708,9.2737,9.3026,P002_Weight_Stack_Seated_Leg_Extension_Pulling_Too_Fast_1_011 (3).csv
3,3,2,5,1,7.539,7539,-0.43,0.06,7.88,7.892,0.0196,-0.0425,-0.0033,2.88,0.75,284.75,-0.6907,0.0693,9.09,9.1165,P002_Weight_Stack_Seated_Leg_Extension_Pulling_Too_Fast_1_011 (3).csv
3,4,2,5,1,7.671,7671,-0.55,0.24,10.22,10.2376,-0.0098,0.0196,0.0,2.94,0.88,284.75,-0.6722,0.0918,9.2389,9.2638,P002_Weight_Stack_Seated_Leg_Extension_Pulling_Too_Fast_1_011 (3).csv
3,4,2,5,1,7.801,7801,-0.7,-0.17,10.7,10.7242,-0.0022,-0.0044,0.0022,2.94,0.81,284.75,-0.6759,0.0573,9.4314,9.4558,P002_Weight_Stack_Seated_Leg_Extension_Pulling_Too_Fast_1_011 (3).csv
3,4,2,5,1,7.932,7932,-0.39,0.0,9.26,9.2682,-0.0305,0.0196,-0.0153,2.81,0.94,284.75,-0.6382,0.0498,9.4089,9.4306,P002_Weight_Stack_Seated_Leg_Extension_Pulling_Too_Fast_1_011 (3).csv
3,4,2,5,1,8.062,8062,-0.47,0.09,8.35,8.3637,0.0044,-0.0633,0.0076,2.94,0.88,284.75,-0.616,0.0551,9.2693,9.2899,P002_Weight_Stack_Seated_Leg_Extension_Pulling_Too_Fast_1_011 (3).csv
3,4,2,5,1,8.235,8235,-0.41,0.25,8.46,8.4736,0.0011,-0.0011,0.0109,2.94,0.94,284.75,-0.5889,0.0808,9.1627,9.1819,P002_Weight_Stack_Seated_Leg_Extension_Pulling_Too_Fast_1_011 (3).csv
3,4,2,5,1,8.365,8365,-0.82,-0.09,10.16,10.1934,-0.0436,0.0131,0.0076,2.94,1.0,284.81,-0.6193,0.0583,9.2941,9.3149,P002_Weight_Stack_Seated_Leg_Extension_Pulling_Too_Fast_1_011 (3).csv
3,4,2,5,1,8.498,8498,-0.86,0.15,10.63,10.6658,-0.0109,0.0164,0.0044,2.94,1.13,284.75,-0.651,0.0703,9.4701,9.4927,P002_Weight_Stack_Seated_Leg_Extension_Pulling_Too_Fast_1_011 (3).csv
3,4,2,5,1,8.633,8633,-0.59,0.11,10.75,10.7667,0.0436,0.0295,0.0044,3.0,1.06,284.75,-0.643,0.0756,9.6388,9.6605,P002_Weight_Stack_Seated_Leg_Extension_Pulling_Too_Fast_1_011 (3).csv
3,4,2,5,1,8.764,8764,-0.33,0.27,9.86,9.8692,-0.0022,0.0022,0.0109,2.81,1.13,284.81,-0.6018,0.1012,9.6679,9.6872,P002_Weight_Stack_Seated_Leg_Extension_Pulling_Too_Fast_1_011 (3).csv
3,4,2,5,1,8.894,8894,-0.51,-0.06,8.81,8.825,-0.0131,-0.072,-0.0011,2.94,1.13,284.81,-0.5897,0.08,9.5549,9.5734,P002_Weight_Stack_Seated_Leg_Extension_Pulling_Too_Fast_1_011 (3).csv
3,4,2,5,1,9.025,9025,-0.55,0.13,9.04,9.0576,0.0033,-0.024,-0.0142,3.0,1.13,284.75,-0.5844,0.0865,9.487,9.5054,P002_Weight_Stack_Seated_Leg_Extension_Pulling_Too_Fast_1_011 (3).csv
3,4,2,5,1,9.155,9155,-0.42,0.13,9.45,9.4602,0.0055,0.0142,-0.0022,3.06,1.19,284.75,-0.5628,0.0923,9.4822,9.4993,P002_Weight_Stack_Seated_Leg_Extension_Pulling_Too_Fast_1_011 (3).csv
3,4,2,5,1,9.328,9328,-0.52,0.07,9.37,9.3847,-0.0033,-0.0055,0.0022,2.94,1.13,284.75,-0.5571,0.0893,9.4674,9.4842,P002_Weight_Stack_Seated_Leg_Extension_Pulling_Too_Fast_1_011 (3).csv
3,4,2,5,1,9.458,9458,-0.59,0.1,9.18,9.1995,-0.0087,-0.0185,-0.0065,3.0,1.19,284.75,-0.5615,0.0907,9.4295,9.4466,P002_Weight_Stack_Seated_Leg_Extension_Pulling_Too_Fast_1_011 (3).csv
3,4,2,5,1,9.589,9589,-0.5,0.18,9.53,9.5448,-0.0033,0.012,-0.012,3.0,1.19,284.75,-0.5534,0.1025,9.4427,9.4595,P002_Weight_Stack_Seated_Leg_Extension_Pulling_Too_Fast_1_011 (3).csv
3,4,2,5,1,9.719,9719,-0.47,0.15,9.6,9.6127,-0.0087,0.0011,0.0011,3.0,1.13,284.75,-0.5424,0.1088,9.4635,9.4796,P002_Weight_Stack_Seated_Leg_Extension_Pulling_Too_Fast_1_011 (3).csv
3,4,2,5,1,9.85,9850,-0.54,0.05,10.12,10.1345,-0.0087,-0.0196,0.0087,3.0,1.13,284.75,-0.5421,0.101,9.55,9.5659,P002_Weight_Stack_Seated_Leg_Extension_Pulling_Too_Fast_1_011 (3).csv
3,4,2,5,1,9.981,9981,-0.54,0.16,9.76,9.7762,0.0011,-0.0033,0.0,3.13,1.19,284.75,-0.5418,0.1088,9.5777,9.5936,P002_Weight_Stack_Seated_Leg_Extension_Pulling_Too_Fast_1_011 (3).csv
3,4,2,5,1,10.112,10112,-0.49,0.18,9.5,9.5143,-0.0044,-0.0055,-0.0044,3.13,1.13,284.75,-0.535,0.1182,9.5674,9.5831,P002_Weight_Stack_Seated_Leg_Extension_Pulling_Too_Fast_1_011 (3).csv
3,4,2,5,1,10.243,10243,-0.56,0.13,9.41,9.4275,-0.0033,-0.0055,0.0033,3.13,1.13,284.75,-0.5383,0.1197,9.5467,9.5626,P002_Weight_Stack_Seated_Leg_Extension_Pulling_Too_Fast_1_011 (3).csv
3,4,2,5,1,10.418,10418,-0.63,0.15,11.83,11.8477,0.0425,0.1004,0.0087,2.88,1.06,284.75,-0.5504,0.1237,9.8476,9.8637,P002_Weight_Stack_Seated_Leg_Extension_Pulling_Too_Fast_1_011 (3).csv
3,4,2,5,1,10.549,10549,-0.79,0.01,12.45,12.475,-0.0196,-0.0131,-0.0131,2.81,1.13,284.81,-0.5819,0.1087,10.1905,10.2077,P002_Weight_Stack_Seated_Leg_Extension_Pulling_Too_Fast_1_011 (3).csv
3,4,2,5,1,10.679,10679,-0.31,0.14,10.71,10.7154,0.0774,-0.0142,-0.0055,2.88,0.94,284.88,-0.5461,0.1129,10.259,10.2741,P002_Weight_Stack_Seated_Leg_Extension_Pulling_Too_Fast_1_011 (3).csv
3,4,2,5,1,10.81,10810,1.0,-0.37,6.04,6.1334,0.0273,-0.0011,0.024,2.81,0.75,284.81,-0.3424,0.0492,9.703,9.7092,P002_Weight_Stack_Seated_Leg_Extension_Pulling_Too_Fast_1_011 (3).csv
3,4,2,5,1,10.94,10940,0.6,-0.73,6.3,6.3705,0.0774,0.0142,0.0164,2.88,0.75,284.81,-0.2182,-0.0535,9.2546,9.2573,P002_Weight_Stack_Seated_Leg_Extension_Pulling_Too_Fast_1_011 (3).csv
3,4,2,5,1,11.07,11070,-0.37,0.46,7.92,7.942,0.0284,-0.0065,0.0011,2.88,0.81,284.75,-0.2382,0.0142,9.0787,9.0818,P002_Weight_Stack_Seated_Leg_Extension_Pulling_Too_Fast_1_011 (3).csv
3,5,2,5,1,11.201,11201,-0.69,0.1,10.47,10.4932,-0.0065,-0.0164,-0.012,2.94,0.75,284.81,-0.2977,0.0255,9.262,9.2669,P002_Weight_Stack_Seated_Leg_Extension_Pulling_Too_Fast_1_011 (3).csv
3,5,2,5,1,11.331,11331,-0.86,-0.22,10.89,10.9261,0.0251,0.0098,-0.0087,3.0,0.75,284.81,-0.3718,-0.0068,9.4766,9.4839,P002_Weight_Stack_Seated_Leg_Extension_Pulling_Too_Fast_1_011 (3).csv
3,5,2,5,1,11.504,11504,-0.58,0.05,9.91,9.9271,0.0196,0.0218,0.0055,2.94,0.81,284.81,-0.3993,0.0006,9.5337,9.542,P002_Weight_Stack_Seated_Leg_Extension_Pulling_Too_Fast_1_011 (3).csv
3,5,2,5,1,11.637,11637,-0.49,0.11,8.96,8.9741,-0.0164,0.0011,0.0,2.88,0.81,284.88,-0.4112,0.0151,9.4581,9.467,P002_Weight_Stack_Seated_Leg_Extension_Pulling_Too_Fast_1_011 (3).csv
3,5,2,5,1,11.772,11772,-0.4,0.23,9.69,9.701,0.0436,-0.0393,0.0055,3.0,0.88,284.88,-0.4097,0.0434,9.4886,9.4976,P002_Weight_Stack_Seated_Leg_Extension_Pulling_Too_Fast_1_011 (3).csv
3,5,2,5,1,11.902,11902,-0.61,0.05,9.52,9.5397,-0.0305,0.0055,0.0185,3.06,0.88,284.88,-0.4361,0.0443,9.4928,9.5029,P002_Weight_Stack_Seated_Leg_Extension_Pulling_Too_Fast_1_011 (3).csv
3,5,2,5,1,12.033,12033,-0.48,-0.25,9.12,9.136,-0.0076,0.0098,-0.0316,3.0,0.94,284.88,-0.4419,0.0055,9.4437,9.454,P002_Weight_Stack_Seated_Leg_Extension_Pulling_Too_Fast_1_011 (3).csv
3,5,2,5,1,12.163,12163,-0.61,0.11,10.26,10.2787,0.0196,-0.0175,0.012,3.0,0.94,284.88,-0.4641,0.0193,9.5512,9.5625,P002_Weight_Stack_Seated_Leg_Extension_Pulling_Too_Fast_1_011 (3).csv
3,5,2,5,1,12.294,12294,-0.62,0.2,10.1,10.121,-0.0251,0.0087,0.0011,3.06,1.06,284.88,-0.4846,0.0431,9.6235,9.6358,P002_Weight_Stack_Seated_Leg_Extension_Pulling_Too_Fast_1_011 (3).csv
3,5,2,5,1,12.424,12424,-0.48,0.11,9.87,9.8823,0.0055,-0.0044,0.0,3.0,1.06,284.88,-0.484,0.0519,9.656,9.6683,P002_Weight_Stack_Seated_Leg_Extension_Pulling_Too_Fast_1_011 (3).csv
3,5,2,5,1,12.597,12597,-0.57,0.11,9.65,9.6674,0.0011,0.0,0.0,3.0,1.13,284.88,-0.4953,0.0595,9.6552,9.6681,P002_Weight_Stack_Seated_Leg_Extension_Pulling_Too_Fast_1_011 (3).csv
3,5,2,5,1,12.727,12727,-0.44,0.18,9.72,9.7316,0.0022,0.0055,0.0,3.0,1.13,284.88,-0.488,0.0754,9.6638,9.6764,P002_Weight_Stack_Seated_Leg_Extension_Pulling_Too_Fast_1_011 (3).csv
3,5,2,5,1,12.857,12857,-0.52,0.13,9.71,9.7248,-0.0065,0.0011,0.0065,3.0,1.13,284.88,-0.4923,0.0826,9.6699,9.6827,P002_Weight_Stack_Seated_Leg_Extension_Pulling_Too_Fast_1_011 (3).csv
3,5,2,5,1,12.988,12988,-0.55,0.08,9.86,9.8757,0.0,0.0011,-0.0033,3.0,1.13,284.88,-0.4999,0.0823,9.6949,9.7081,P002_Weight_Stack_Seated_Leg_Extension_Pulling_Too_Fast_1_011 (3).csv
3,5,2,5,1,13.119,13119,-0.54,0.12,10.01,10.0253,-0.0044,-0.0065,-0.0065,3.0,1.13,284.88,-0.5052,0.0872,9.7364,9.7499,P002_Weight_Stack_Seated_Leg_Extension_Pulling_Too_Fast_1_011 (3).csv
3,5,2,5,1,13.25,13250,-0.5,0.18,9.82,9.8344,0.0011,0.0087,-0.0033,3.06,1.13,284.88,-0.5045,0.0995,9.7474,9.761,P002_Weight_Stack_Seated_Leg_Extension_Pulling_Too_Fast_1_011 (3).csv
3,5,2,5,1,13.382,13382,-0.52,0.07,9.85,9.864,-0.0022,-0.0055,0.0033,3.06,1.13,284.88,-0.5065,0.0956,9.761,9.7746,P002_Weight_Stack_Seated_Leg_Extension_Pulling_Too_Fast_1_011 (3).csv
3,5,2,5,1,13.513,13513,-0.79,0.3,12.2,12.2292,-0.0524,-0.036,-0.0175,2.88,1.13,284.88,-0.5439,0.1225,10.0824,10.0978,P002_Weight_Stack_Seated_Leg_Extension_Pulling_Too_Fast_1_011 (3).csv
3,5,2,5,1,13.687,13687,-0.19,0.08,11.22,11.2219,0.0425,0.0098,0.0142,2.75,1.13,284.94,-0.4972,0.1169,10.2323,10.245,P002_Weight_Stack_Seated_Leg_Extension_Pulling_Too_Fast_1_011 (3).csv
3,5,2,5,1,13.818,13818,-0.66,0.21,7.7,7.7311,0.0207,-0.0076,-0.012,2.94,0.88,284.94,-0.5187,0.1292,9.8986,9.913,P002_Weight_Stack_Seated_Leg_Extension_Pulling_Too_Fast_1_011 (3).csv
3,5,2,5,1,13.948,13948,-0.5,0.61,6.77,6.8158,-0.0382,-0.0262,-0.048,2.81,0.81,284.81,-0.5162,0.1925,9.4863,9.5023,P002_Weight_Stack_Seated_Leg_Extension_Pulling_Too_Fast_1_011 (3).csv
3,5,2,5,1,14.079,14079,-0.53,0.36,8.14,8.1652,0.0229,-0.0491,-0.0065,2.88,0.69,284.88,-0.518,0.2146,9.3089,9.3258,P002_Weight_Stack_Seated_Leg_Extension_Pulling_Too_Fast_1_011 (3).csv
3,6,2,5,1,14.209,14209,-0.09,-0.07,9.74,9.7407,0.0033,-0.0098,0.0131,3.0,0.69,284.88,-0.4616,0.1771,9.3657,9.3788,P002_Weight_Stack_Seated_Leg_Extension_Pulling_Too_Fast_1_011 (3).csv
3,6,2,5,1,14.339,14339,-0.37,0.11,10.61,10.617,-0.0142,-0.0022,0.0185,2.88,0.75,284.88,-0.4496,0.1683,9.5297,9.5418,P002_Weight_Stack_Seated_Leg_Extension_Pulling_Too_Fast_1_011 (3).csv
3,6,2,5,1,14.469,14469,-0.26,0.11,10.48,10.4838,0.0415,-0.0185,0.012,2.88,0.75,284.88,-0.4246,0.1606,9.6549,9.6656,P002_Weight_Stack_Seated_Leg_Extension_Pulling_Too_Fast_1_011 (3).csv
3,6,2,5,1,14.6,14600,-0.58,-0.08,9.35,9.3683,-0.0218,0.0109,-0.0011,2.81,0.75,284.94,-0.4451,0.1289,9.6147,9.6259,P002_Weight_Stack_Seated_Leg_Extension_Pulling_Too_Fast_1_011 (3).csv
3,6,2,5,1,14.773,14773,-0.61,0.05,8.63,8.6517,-0.0513,-0.0164,-0.0044,2.88,0.88,284.94,-0.4668,0.1185,9.485,9.4972,P002_Weight_Stack_Seated_Leg_Extension_Pulling_Too_Fast_1_011 (3).csv
3,6,2,5,1,14.904,14904,-0.37,0.16,8.9,8.9091,0.0284,-0.0065,0.0033,2.94,0.88,284.94,-0.454,0.124,9.4079,9.4196,P002_Weight_Stack_Seated_Leg_Extension_Pulling_Too_Fast_1_011 (3).csv
3,6,2,5,1,15.036,15036,-0.69,-0.14,9.6,9.6258,-0.0393,0.0295,0.0055,2.94,0.88,284.94,-0.4851,0.0892,9.4332,9.4461,P002_Weight_Stack_Seated_Leg_Extension_Pulling_Too_Fast_1_011 (3).csv
3,6,2,5,1,15.167,15167,-0.44,0.06,9.74,9.7501,0.0338,-0.0142,0.0055,2.88,1.0,284.94,-0.4792,0.0853,9.4736,9.4861,P002_Weight_Stack_Seated_Leg_Extension_Pulling_Too_Fast_1_011 (3).csv
3,6,2,5,1,15.301,15301,-0.42,-0.05,9.75,9.7592,-0.0305,-0.0142,-0.0098,2.94,1.0,284.94,-0.4714,0.0675,9.51,9.522,P002_Weight_Stack_Seated_Leg_Extension_Pulling_Too_Fast_1_011 (3).csv
3,6,2,5,1,15.432,15432,-0.47,0.18,9.74,9.753,0.024,0.0,0.0033,2.94,1.0,284.94,-0.4712,0.0823,9.5403,9.5523,P002_Weight_Stack_Seated_Leg_Extension_Pulling_Too_Fast_1_011 (3).csv
3,6,2,5,1,15.562,15562,-0.38,0.04,10.16,10.1672,-0.0185,-0.0109,0.0087,2.94,1.06,284.94,-0.4592,0.0767,9.622,9.6333,P002_Weight_Stack_Seated_Leg_Extension_Pulling_Too_Fast_1_011 (3).csv
3,6,2,5,1,15.693,15693,-0.49,0.03,9.5,9.5127,-0.0153,-0.0109,0.0055,2.94,1.06,284.94,-0.4632,0.0706,9.6059,9.6173,P002_Weight_Stack_Seated_Leg_Extension_Pulling_Too_Fast_1_011 (3).csv
3,6,2,5,1,15.866,15866,-0.48,0.12,9.24,9.2532,-0.0033,-0.0022,0.0022,2.94,1.13,284.94,-0.4655,0.0771,9.5577,9.5693,P002_Weight_Stack_Seated_Leg_Extension_Pulling_Too_Fast_1_011 (3).csv
3,6,2,5,1,15.999,15999,-0.53,0.09,9.51,9.5252,-0.0033,0.0022,0.0,2.94,1.13,284.94,-0.474,0.0788,9.5514,9.5635,P002_Weight_Stack_Seated_Leg_Extension_Pulling_Too_Fast_1_011 (3).csv
3,6,2,5,1,16.133,16133,-0.44,0.2,9.64,9.6521,-0.0022,-0.0033,0.0033,2.94,1.13,284.94,-0.4695,0.0948,9.5631,9.5751,P002_Weight_Stack_Seated_Leg_Extension_Pulling_Too_Fast_1_011 (3).csv
3,6,2,5,1,16.264,16264,-0.6,0.1,9.53,9.5494,-0.0076,-0.0044,0.0033,2.94,1.13,284.94,-0.4867,0.0955,9.5587,9.5716,P002_Weight_Stack_Seated_Leg_Extension_Pulling_Too_Fast_1_011 (3).csv
3,6,2,5,1,16.395,16395,-0.45,0.14,9.89,9.9012,0.0076,0.0,-0.0055,2.94,1.13,284.94,-0.4818,0.1013,9.6024,9.615,P002_Weight_Stack_Seated_Leg_Extension_Pulling_Too_Fast_1_011 (3).csv
3,6,2,5,1,16.525,16525,-0.59,0.14,9.81,9.8287,-0.0044,-0.0065,-0.0022,2.94,1.19,284.94,-0.4961,0.1064,9.6297,9.6431,P002_Weight_Stack_Seated_Leg_Extension_Pulling_Too_Fast_1_011 (3).csv
3,6,2,5,1,16.656,16656,-0.47,-0.01,10.54,10.5505,0.0327,0.0938,0.0109,2.81,1.13,284.94,-0.4927,0.0911,9.7497,9.7626,P002_Weight_Stack_Seated_Leg_Extension_Pulling_Too_Fast_1_011 (3).csv
3,6,2,5,1,16.786,16786,-0.77,0.1,11.12,11.1471,-0.0305,-0.036,-0.0164,2.69,1.19,284.94,-0.5292,0.0923,9.9303,9.9448,P002_Weight_Stack_Seated_Leg_Extension_Pulling_Too_Fast_1_011 (3).csv
3,6,2,5,1,16.959,16959,-0.4,-0.1,11.79,11.7972,0.0469,0.0218,0.024,2.69,1.06,285.0,-0.5122,0.0669,10.1753,10.1884,P002_Weight_Stack_Seated_Leg_Extension_Pulling_Too_Fast_1_011 (3).csv
3,6,2,5,1,17.089,17089,0.01,-0.08,8.58,8.5804,0.0273,0.0033,0.0087,2.81,0.81,285.0,-0.4434,0.0476,9.9651,9.9751,P002_Weight_Stack_Seated_Leg_Extension_Pulling_Too_Fast_1_011 (3).csv
3,6,2,5,1,17.223,17223,-0.47,0.29,6.29,6.3142,0.0142,-0.0185,0.0098,2.75,0.75,285.0,-0.4469,0.0795,9.4808,9.4917,P002_Weight_Stack_Seated_Leg_Extension_Pulling_Too_Fast_1_011 (3).csv
3,6,2,5,1,17.357,17357,-0.19,0.27,7.94,7.9469,0.0,-0.012,-0.0087,2.75,0.69,285.0,-0.413,0.1046,9.2778,9.2876,P002_Weight_Stack_Seated_Leg_Extension_Pulling_Too_Fast_1_011 (3).csv
3,7,2,5,1,17.487,17487,-0.38,0.23,9.57,9.5803,-0.0131,0.0,0.0065,2.81,0.75,285.0,-0.4087,0.1211,9.3163,9.326,P002_Weight_Stack_Seated_Leg_Extension_Pulling_Too_Fast_1_011 (3).csv
3,7,2,5,1,17.618,17618,-0.53,0.14,10.3,10.3146,-0.0076,-0.0033,-0.0033,2.81,0.75,285.0,-0.4247,0.1236,9.4459,9.4563,P002_Weight_Stack_Seated_Leg_Extension_Pulling_Too_Fast_1_011 (3).csv
3,7,2,5,1,17.748,17748,-0.43,0.24,8.84,8.8537,-0.0262,0.0218,-0.0076,2.81,0.81,285.0,-0.4254,0.139,9.3661,9.3768,P002_Weight_Stack_Seated_Leg_Extension_Pulling_Too_Fast_1_011 (3).csv
3,7,2,5,1,17.879,17879,-0.35,0.3,8.64,8.6523,0.0371,-0.0131,0.0109,2.75,0.88,285.0,-0.4154,0.1602,9.2704,9.2811,P002_Weight_Stack_Seated_Leg_Extension_Pulling_Too_Fast_1_011 (3).csv
3,7,2,5,1,18.051,18051,-0.62,0.03,8.85,8.8717,-0.0338,0.0098,0.0076,2.81,0.94,285.06,-0.4424,0.143,9.215,9.2267,P002_Weight_Stack_Seated_Leg_Extension_Pulling_Too_Fast_1_011 (3).csv
3,7,2,5,1,18.181,18181,-0.43,0.45,8.81,8.832,-0.0327,0.0044,-0.0185,2.75,1.06,285.0,-0.4408,0.1835,9.1616,9.1741,P002_Weight_Stack_Seated_Leg_Extension_Pulling_Too_Fast_1_011 (3).csv
3,7,2,5,1,18.312,18312,-0.57,0.05,9.86,9.8766,0.0076,0.0185,0.0087,2.81,1.06,285.06,-0.4578,0.1659,9.2537,9.2665,P002_Weight_Stack_Seated_Leg_Extension_Pulling_Too_Fast_1_011 (3).csv
3,7,2,5,1,18.442,18442,-0.43,-0.15,10.08,10.0903,0.0404,0.0,0.0076,2.81,1.06,285.06,-0.4541,0.1243,9.3625,9.3744,P002_Weight_Stack_Seated_Leg_Extension_Pulling_Too_Fast_1_011 (3).csv
3,7,2,5,1,18.573,18573,-0.61,0.11,9.79,9.8096,-0.0262,-0.0044,-0.0087,2.81,1.13,285.06,-0.4747,0.1224,9.4189,9.4316,P002_Weight_Stack_Seated_Leg_Extension_Pulling_Too_Fast_1_011 (3).csv
3,7,2,5,1,18.703,18703,-0.5,0.24,9.6,9.616,-0.0033,0.0153,-0.0022,2.75,1.13,285.06,-0.478,0.1379,9.4427,9.4558,P002_Weight_Stack_Seated_Leg_Extension_Pulling_Too_Fast_1_011 (3).csv
3,7,2,5,1,18.833,18833,-0.42,-0.01,9.63,9.6392,0.0044,-0.0207,0.0076,2.81,1.13,285.06,-0.4704,0.1184,9.4674,9.4798,P002_Weight_Stack_Seated_Leg_Extension_Pulling_Too_Fast_1_011 (3).csv
3,7,2,5,1,18.963,18963,-0.55,0.16,9.35,9.3675,-0.0284,0.0044,-0.0055,2.81,1.19,285.06,-0.4809,0.1239,9.4519,9.465,P002_Weight_Stack_Seated_Leg_Extension_Pulling_Too_Fast_1_011 (3).csv
3,7,2,5,1,19.138,19138,-0.51,0.05,10.07,10.083,-0.0098,-0.0055,0.0055,2.81,1.19,285.06,-0.4847,0.1141,9.5334,9.5464,P002_Weight_Stack_Seated_Leg_Extension_Pulling_Too_Fast_1_011 (3).csv
3,7,2,5,1,19.268,19268,-0.57,0.15,9.6,9.6181,-0.0229,0.0011,-0.0055,2.81,1.25,285.06,-0.4959,0.1189,9.5422,9.5558,P002_Weight_Stack_Seated_Leg_Extension_Pulling_Too_Fast_1_011 (3).csv
3,7,2,5,1,19.402,19402,-0.48,0.04,9.89,9.9017,0.0316,0.0076,0.0022,2.81,1.25,285.06,-0.4938,0.1085,9.588,9.6013,P002_Weight_Stack_Seated_Leg_Extension_Pulling_Too_Fast_1_011 (3).csv
3,7,2,5,1,19.533,19533,-0.34,0.02,9.66,9.666,-0.0949,0.0229,0.0033,2.81,1.44,285.0,-0.4736,0.0968,9.5975,9.6097,P002_Weight_Stack_Seated_Leg_Extension_Pulling_Too_Fast_1_011 (3).csv
3,7,2,5,1,19.664,19664,-0.53,0.53,9.45,9.4797,0.0284,-0.0055,0.0055,2.69,1.69,285.13,-0.481,0.1539,9.5781,9.5914,P002_Weight_Stack_Seated_Leg_Extension_Pulling_Too_Fast_1_011 (3).csv
3,7,2,5,1,19.794,19794,-0.3,0.51,11.02,11.0359,0.2531,-0.0371,-0.0404,2.69,1.5,285.06,-0.4572,0.2008,9.7681,9.7808,P002_Weight_Stack_Seated_Leg_Extension_Pulling_Too_Fast_1_011 (3).csv
3,7,2,5,1,19.924,19924,-0.54,-0.14,15.01,15.0204,0.0087,0.0644,-0.0404,2.56,1.25,285.0,-0.4681,0.1559,10.4588,10.4704,P002_Weight_Stack_Seated_Leg_Extension_Pulling_Too_Fast_1_011 (3).csv
3,7,2,5,1,20.054,20054,0.52,0.15,10.49,10.504,0.0273,-0.0338,0.0011,2.56,1.25,285.13,-0.3379,0.1551,10.4629,10.4695,P002_Weight_Stack_Seated_Leg_Extension_Pulling_Too_Fast_1_011 (3).csv
3,7,2,5,1,20.227,20227,0.49,-0.54,6.75,6.7893,0.024,0.0185,0.0142,2.63,0.88,285.13,-0.2288,0.0635,9.9737,9.9765,P002_Weight_Stack_Seated_Leg_Extension_Pulling_Too_Fast_1_011 (3).csv
3,7,2,5,1,20.357,20357,-0.37,-0.01,7.28,7.2894,0.0175,-0.0055,-0.0109,2.63,0.88,285.06,-0.2474,0.0538,9.6187,9.622,P002_Weight_Stack_Seated_Leg_Extension_Pulling_Too_Fast_1_011 (3).csv
3,7,2,5,1,20.488,20488,-0.42,0.32,8.86,8.8757,-0.0327,0.0033,-0.0098,2.69,0.88,285.06,-0.2701,0.0889,9.5187,9.523,P002_Weight_Stack_Seated_Leg_Extension_Pulling_Too_Fast_1_011 (3).csv
3,7,2,5,1,20.619,20619,-0.83,-0.17,10.29,10.3248,0.0098,0.0044,0.0131,2.75,0.88,285.13,-0.3439,0.0548,9.6204,9.6267,P002_Weight_Stack_Seated_Leg_Extension_Pulling_Too_Fast_1_011 (3).csv
3,7,2,5,1,20.75,20750,-0.66,0.0,9.25,9.2735,-0.024,-0.0044,0.0011,2.69,1.0,285.13,-0.3856,0.0476,9.5716,9.5794,P002_Weight_Stack_Seated_Leg_Extension_Pulling_Too_Fast_1_011 (3).csv
3,7,2,5,1,20.886,20886,-0.56,0.06,11.01,11.0244,0.0164,-0.0087,-0.0076,2.75,1.06,285.13,-0.4085,0.0492,9.7611,9.7698,P002_Weight_Stack_Seated_Leg_Extension_Pulling_Too_Fast_1_011 (3).csv
3,7,2,5,1,21.017,21017,-0.53,-0.03,9.42,9.4349,-0.0284,-0.0055,-0.0033,2.75,1.06,285.19,-0.4246,0.0388,9.7162,9.7255,P002_Weight_Stack_Seated_Leg_Extension_Pulling_Too_Fast_1_011 (3).csv
3,7,2,5,1,21.147,21147,-0.58,-0.15,9.83,9.8482,0.0305,-0.0142,0.0131,2.75,1.06,285.19,-0.445,0.0139,9.7312,9.7413,P002_Weight_Stack_Seated_Leg_Extension_Pulling_Too_Fast_1_011 (3).csv
3,7,2,5,1,21.32,21320,-0.56,-0.05,9.7,9.7163,0.0436,-0.012,0.0175,2.75,1.13,285.19,-0.4602,0.0055,9.7271,9.7379,P002_Weight_Stack_Seated_Leg_Extension_Pulling_Too_Fast_1_011 (3).csv
3,7,2,5,1,21.45,21450,-0.63,0.05,8.6,8.6232,-0.0251,-0.0065,0.0022,2.69,1.13,285.19,-0.4826,0.0113,9.5785,9.5907,P002_Weight_Stack_Seated_Leg_Extension_Pulling_Too_Fast_1_011 (3).csv
3,7,2,5,1,21.581,21581,-0.67,0.39,8.44,8.4755,-0.0622,0.0207,-0.0207,2.69,1.25,285.19,-0.5073,0.0612,9.4285,9.4423,P002_Weight_Stack_Seated_Leg_Extension_Pulling_Too_Fast_1_011 (3).csv
3,8,2,5,1,21.711,21711,-0.29,0.29,9.94,9.9485,0.0622,-0.0033,0.0262,2.69,1.25,285.19,-0.4786,0.0914,9.4959,9.5084,P002_Weight_Stack_Seated_Leg_Extension_Pulling_Too_Fast_1_011 (3).csv
3,8,2,5,1,21.842,21842,-0.49,0.13,9.91,9.923,-0.0273,0.0033,0.0164,2.75,1.25,285.19,-0.4801,0.0965,9.5505,9.563,P002_Weight_Stack_Seated_Leg_Extension_Pulling_Too_Fast_1_011 (3).csv
3,8,2,5,1,21.973,21973,-0.52,0.13,9.63,9.6449,0.0022,0.0055,-0.0087,2.75,1.25,285.19,-0.4854,0.1009,9.561,9.5738,P002_Weight_Stack_Seated_Leg_Extension_Pulling_Too_Fast_1_011 (3).csv
3,8,2,5,1,22.107,22107,-0.46,0.2,9.63,9.6431,0.0044,0.0076,-0.0109,2.75,1.25,285.19,-0.482,0.114,9.5701,9.5829,P002_Weight_Stack_Seated_Leg_Extension_Pulling_Too_Fast_1_011 (3).csv
3,8,2,5,1,22.24,22240,-0.42,0.18,9.61,9.6209,-0.0098,-0.0185,0.0175,2.75,1.31,285.19,-0.4739,0.1227,9.5753,9.5878,P002_Weight_Stack_Seated_Leg_Extension_Pulling_Too_Fast_1_011 (3).csv
3,8,2,5,1,22.412,22412,-0.43,0.27,9.55,9.5635,-0.0011,0.0109,-0.0196,2.81,1.31,285.13,-0.4681,0.1421,9.572,9.5845,P002_Weight_Stack_Seated_Leg_Extension_Pulling_Too_Fast_1_011 (3).csv
3,8,2,5,1,22.542,22542,-0.54,0.1,9.82,9.8353,-0.0065,-0.0065,0.0076,2.81,1.31,285.13,-0.4776,0.1365,9.6047,9.6175,P002_Weight_Stack_Seated_Leg_Extension_Pulling_Too_Fast_1_011 (3).csv
3,8,2,5,1,22.672,22672,-0.55,0.16,9.56,9.5771,-0.0044,-0.0055,-0.0033,2.81,1.31,285.13,-0.4871,0.1396,9.5988,9.6121,P002_Weight_Stack_Seated_Leg_Extension_Pulling_Too_Fast_1_011 (3).csv
3,8,2,5,1,22.802,22802,-0.77,-0.18,9.77,9.8019,-0.0578,0.0349,0.0087,2.75,1.44,285.13,-0.5244,0.0975,9.6213,9.6361,P002_Weight_Stack_Seated_Leg_Extension_Pulling_Too_Fast_1_011 (3).csv
3,8,2,5,1,22.932,22932,-0.21,0.25,11.28,11.2847,0.0175,0.0589,-0.0502,2.63,1.19,285.19,-0.483,0.1176,9.8399,9.8525,P002_Weight_Stack_Seated_Leg_Extension_Pulling_Too_Fast_1_011 (3).csv
3,8,2,5,1,23.062,23062,-0.09,-0.4,12.73,12.7366,-0.024,-0.0076,0.0207,2.63,1.19,285.25,-0.4312,0.0494,10.2207,10.23,P002_Weight_Stack_Seated_Leg_Extension_Pulling_Too_Fast_1_011 (3).csv
3,8,2,5,1,23.193,23193,-0.51,0.22,10.42,10.4348,-0.0109,0.0,0.012,2.56,1.19,285.31,-0.4416,0.0719,10.247,10.2568,P002_Weight_Stack_Seated_Leg_Extension_Pulling_Too_Fast_1_011 (3).csv
3,8,2,5,1,23.323,23323,-0.39,0.4,6.33,6.3546,-0.0109,-0.0076,0.0098,2.69,0.88,285.25,-0.4348,0.1151,9.7308,9.7412,P002_Weight_Stack_Seated_Leg_Extension_Pulling_Too_Fast_1_011 (3).csv
3,8,2,5,1,23.496,23496,-0.14,-0.15,7.14,7.1429,0.0349,-0.036,0.0229,2.63,0.81,285.25,-0.3959,0.0802,9.3894,9.3981,P002_Weight_Stack_Seated_Leg_Extension_Pulling_Too_Fast_1_011 (3).csv
3,8,2,5,1,23.627,23627,-0.05,0.13,8.55,8.5511,0.0676,-0.0535,-0.0098,2.75,0.88,285.25,-0.3503,0.0867,9.2788,9.2858,P002_Weight_Stack_Seated_Leg_Extension_Pulling_Too_Fast_1_011 (3).csv
3,9,2,5,1,23.757,23757,-0.54,0.01,9.97,9.9846,0.0327,-0.0185,0.0196,2.75,0.88,285.25,-0.3753,0.0766,9.3699,9.3777,P002_Weight_Stack_Seated_Leg_Extension_Pulling_Too_Fast_1_011 (3).csv
3,9,2,5,1,23.888,23888,-0.52,-0.3,9.84,9.8583,0.0207,-0.0305,0.0131,2.69,0.88,285.25,-0.3944,0.027,9.4318,9.4401,P002_Weight_Stack_Seated_Leg_Extension_Pulling_Too_Fast_1_011 (3).csv
3,9,2,5,1,24.021,24021,-0.43,0.31,8.67,8.6862,-0.0425,0.0371,-0.036,2.69,1.0,285.31,-0.3991,0.0643,9.3315,9.3402,P002_Weight_Stack_Seated_Leg_Extension_Pulling_Too_Fast_1_011 (3).csv
3,9,2,5,1,24.155,24155,-0.41,0.41,9.27,9.2881,0.0513,-0.0305,0.0295,2.75,0.94,285.31,-0.4005,0.1098,9.3234,9.3326,P002_Weight_Stack_Seated_Leg_Extension_Pulling_Too_Fast_1_011 (3).csv
3,9,2,5,1,24.286,24286,-0.41,0.0,9.14,9.1492,0.0055,0.0065,-0.0033,2.75,1.0,285.31,-0.4018,0.0954,9.2992,9.3084,P002_Weight_Stack_Seated_Leg_Extension_Pulling_Too_Fast_1_011 (3).csv
3,9,2,5,1,24.416,24416,-0.41,0.06,10.06,10.0685,-0.0055,0.0033,-0.0011,2.75,1.0,285.31,-0.4029,0.0907,9.3995,9.4085,P002_Weight_Stack_Seated_Leg_Extension_Pulling_Too_Fast_1_011 (3).csv
3,9,2,5,1,24.589,24589,-0.76,0.47,9.41,9.4523,-0.0033,0.0262,-0.0382,2.75,1.19,285.31,-0.4499,0.1407,9.4008,9.4127,P002_Weight_Stack_Seated_Leg_Extension_Pulling_Too_Fast_1_011 (3).csv
3,9,2,5,1,24.719,24719,-0.66,-0.19,10.26,10.283,0.0316,-0.012,0.0153,2.81,1.13,285.31,-0.4776,0.0971,9.5141,9.5265,P002_Weight_Stack_Seated_Leg_Extension_Pulling_Too_Fast_1_011 (3).csv
3,9,2,5,1,24.85,24850,-0.82,0.07,9.44,9.4758,-0.0251,0.0033,0.0065,2.81,1.25,285.38,-0.5227,0.0935,9.5043,9.5191,P002_Weight_Stack_Seated_Leg_Extension_Pulling_Too_Fast_1_011 (3).csv
3,9,2,5,1,24.981,24981,-0.4,0.15,9.95,9.9592,0.0196,0.0065,-0.0175,2.81,1.25,285.31,-0.5066,0.101,9.563,9.577,P002_Weight_Stack_Seated_Leg_Extension_Pulling_Too_Fast_1_011 (3).csv
3,9,2,5,1,25.111,25111,-0.51,0.21,9.44,9.4561,-0.012,-0.0055,0.0065,2.81,1.25,285.31,-0.507,0.1153,9.5468,9.561,P002_Weight_Stack_Seated_Leg_Extension_Pulling_Too_Fast_1_011 (3).csv
3,9,2,5,1,25.247,25247,-0.58,0.16,9.27,9.2895,-0.0033,-0.0065,-0.0109,2.81,1.25,285.31,-0.5166,0.1212,9.5103,9.5251,P002_Weight_Stack_Seated_Leg_Extension_Pulling_Too_Fast_1_011 (3).csv
3,9,2,5,1,25.379,25379,-0.47,0.17,9.78,9.7928,-0.0022,-0.0011,0.0076,2.81,1.31,285.31,-0.5105,0.1277,9.5459,9.5604,P002_Weight_Stack_Seated_Leg_Extension_Pulling_Too_Fast_1_011 (3).csv
3,9,2,5,1,25.509,25509,-0.57,0.06,9.69,9.7069,-0.0033,0.0,-0.0011,2.88,1.25,285.31,-0.5183,0.1187,9.5649,9.5796,P002_Weight_Stack_Seated_Leg_Extension_Pulling_Too_Fast_1_011 (3).csv
3,9,2,5,1,25.682,25682,-0.46,0.15,9.44,9.4524,0.0022,0.0065,0.0055,2.88,1.25,285.31,-0.5106,0.1229,9.5484,9.5628,P002_Weight_Stack_Seated_Leg_Extension_Pulling_Too_Fast_1_011 (3).csv
3,9,2,5,1,25.812,25812,-0.55,0.1,9.57,9.5863,-0.0022,-0.0044,0.0022,2.88,1.25,285.31,-0.5158,0.1198,9.5513,9.5659,P002_Weight_Stack_Seated_Leg_Extension_Pulling_Too_Fast_1_011 (3).csv
3,9,2,5,1,25.942,25942,-0.52,0.14,9.49,9.5053,0.0,-0.0011,0.0,2.88,1.19,285.31,-0.5164,0.1225,9.5432,9.5579,P002_Weight_Stack_Seated_Leg_Extension_Pulling_Too_Fast_1_011 (3).csv
3,9,2,5,1,26.072,26072,-1.21,0.13,10.49,10.5604,-0.2062,0.06,0.1298,2.81,1.56,285.38,-0.6078,0.1235,9.668,9.6878,P002_Weight_Stack_Seated_Leg_Extension_Pulling_Too_Fast_1_011 (3).csv
3,9,2,5,1,26.202,26202,-0.49,0.5,9.63,9.6554,-0.0556,-0.0109,-0.0153,2.75,1.56,285.38,-0.5923,0.1731,9.6629,9.6826,P002_Weight_Stack_Seated_Leg_Extension_Pulling_Too_Fast_1_011 (3).csv
3,9,2,5,1,26.332,26332,-0.5,0.61,11.13,11.1579,-0.1167,0.1014,-0.0796,2.81,1.13,285.25,-0.5801,0.2307,9.8563,9.876,P002_Weight_Stack_Seated_Leg_Extension_Pulling_Too_Fast_1_011 (3).csv
3,9,2,5,1,26.462,26462,-0.23,-0.74,12.11,12.1348,0.0109,0.0109,0.0251,2.69,1.25,285.31,-0.534,0.1028,10.1533,10.1678,P002_Weight_Stack_Seated_Leg_Extension_Pulling_Too_Fast_1_011 (3).csv
3,9,2,5,1,26.592,26592,-0.5,0.04,11.85,11.8606,0.0611,-0.0196,0.0153,2.69,1.25,285.38,-0.5295,0.0945,10.3768,10.3908,P002_Weight_Stack_Seated_Leg_Extension_Pulling_Too_Fast_1_011 (3).csv
3,9,2,5,1,26.765,26765,-0.55,0.48,7.38,7.416,0.0305,0.0305,-0.0273,2.75,0.81,285.38,-0.5322,0.1453,9.9819,9.9972,P002_Weight_Stack_Seated_Leg_Extension_Pulling_Too_Fast_1_011 (3).csv
3,9,2,5,1,26.896,26896,-0.44,0.49,7.22,7.25,0.0087,0.0316,-0.0458,2.75,0.94,285.31,-0.52,0.1907,9.618,9.6339,P002_Weight_Stack_Seated_Leg_Extension_Pulling_Too_Fast_1_011 (3).csv
3,9,2,5,1,27.028,27028,-0.59,0.12,8.87,8.8904,-0.0851,0.0349,-0.0044,2.75,0.81,285.38,-0.5293,0.1814,9.5194,9.5358,P002_Weight_Stack_Seated_Leg_Extension_Pulling_Too_Fast_1_011 (3).csv
3,9,2,5,1,27.163,27163,-0.82,0.04,10.24,10.2729,0.0415,-0.0076,-0.0196,2.81,0.81,285.38,-0.5676,0.1628,9.6144,9.6325,P002_Weight_Stack_Seated_Leg_Extension_Pulling_Too_Fast_1_011 (3).csv
3,9,2,5,1,27.293,27293,-0.44,0.31,10.1,10.1143,0.0316,-0.0087,0.0142,2.88,0.81,285.38,-0.5508,0.1822,9.6784,9.6957,P002_Weight_Stack_Seated_Leg_Extension_Pulling_Too_Fast_1_011 (3).csv
3,9,2,5,1,27.424,27424,-0.7,0.02,9.71,9.7352,-0.0273,0.0218,0.0055,2.81,0.81,285.44,-0.5704,0.1608,9.6825,9.7007,P002_Weight_Stack_Seated_Leg_Extension_Pulling_Too_Fast_1_011 (3).csv
3,9,2,5,1,27.554,27554,-0.54,0.03,9.47,9.4854,0.0196,-0.0131,0.0011,2.88,0.81,285.44,-0.5664,0.1436,9.6545,9.6722,P002_Weight_Stack_Seated_Leg_Extension_Pulling_Too_Fast_1_011 (3).csv
3,9,2,5,1,27.685,27685,-0.55,0.27,8.34,8.3625,-0.0164,0.0098,-0.012,2.88,0.88,285.44,-0.5643,0.1602,9.4813,9.4994,P002_Weight_Stack_Seated_Leg_Extension_Pulling_Too_Fast_1_011 (3).csv
3,9,2,5,1,27.858,27858,-0.4,0.03,8.71,8.7192,-0.0295,-0.0055,-0.0065,2.94,0.94,285.5,-0.5426,0.1431,9.3797,9.3964,P002_Weight_Stack_Seated_Leg_Extension_Pulling_Too_Fast_1_011 (3).csv
3,10,2,5,1,27.989,27989,-0.52,0.15,10.42,10.434,-0.0022,0.0153,0.0044,2.88,1.0,285.44,-0.5396,0.144,9.5168,9.5331,P002_Weight_Stack_Seated_Leg_Extension_Pulling_Too_Fast_1_011 (3).csv
3,10,2,5,1,28.121,28121,-0.37,-0.01,11.24,11.2461,0.0109,-0.0044,0.0273,2.88,1.0,285.5,-0.5173,0.1237,9.7438,9.7583,P002_Weight_Stack_Seated_Leg_Extension_Pulling_Too_Fast_1_011 (3).csv
3,10,2,5,1,28.256,28256,-0.45,-0.02,9.5,9.5107,-0.0393,-0.0207,0.0218,2.88,1.06,285.5,-0.5084,0.1048,9.7117,9.7256,P002_Weight_Stack_Seated_Leg_Extension_Pulling_Too_Fast_1_011 (3).csv
3,10,2,5,1,28.387,28387,-0.72,-0.09,9.61,9.6374,0.0044,-0.0175,-0.0229,3.0,1.13,285.5,-0.5363,0.0791,9.6983,9.7134,P002_Weight_Stack_Seated_Leg_Extension_Pulling_Too_Fast_1_011 (3).csv
3,10,2,5,1,28.517,28517,-0.5,0.13,9.35,9.3643,0.0055,0.0065,-0.0022,3.0,1.19,285.44,-0.5315,0.0858,9.6524,9.6674,P002_Weight_Stack_Seated_Leg_Extension_Pulling_Too_Fast_1_011 (3).csv
3,10,2,5,1,28.647,28647,-0.45,0.27,9.54,9.5544,-0.0175,0.0098,0.0011,3.0,1.25,285.44,-0.5208,0.1101,9.6376,9.6523,P002_Weight_Stack_Seated_Leg_Extension_Pulling_Too_Fast_1_011 (3).csv
3,10,2,5,1,28.778,28778,-0.46,0.11,9.33,9.342,0.0,0.0,0.0022,3.0,1.25,285.44,-0.5128,0.1101,9.5971,9.6114,P002_Weight_Stack_Seated_Leg_Extension_Pulling_Too_Fast_1_011 (3).csv
3,10,2,5,1,28.951,28951,-0.56,0.12,9.62,9.637,-0.012,0.0087,-0.0065,3.0,1.31,285.44,-0.519,0.1114,9.6001,9.6147,P002_Weight_Stack_Seated_Leg_Extension_Pulling_Too_Fast_1_011 (3).csv
3,10,2,5,1,29.082,29082,-0.51,0.2,9.78,9.7953,-0.0044,-0.0055,-0.0033,3.0,1.31,285.44,-0.5178,0.1231,9.6238,9.6385,P002_Weight_Stack_Seated_Leg_Extension_Pulling_Too_Fast_1_011 (3).csv
3,10,2,5,1,29.215,29215,-0.56,0.13,9.37,9.3876,0.0011,-0.0033,0.0033,3.0,1.25,285.44,-0.5234,0.124,9.5903,9.6054,P002_Weight_Stack_Seated_Leg_Extension_Pulling_Too_Fast_1_011 (3).csv
3,10,2,5,1,29.349,29349,-0.47,0.2,9.52,9.5337,-0.0087,0.0,-0.0044,3.0,1.25,285.44,-0.5163,0.134,9.5811,9.5959,P002_Weight_Stack_Seated_Leg_Extension_Pulling_Too_Fast_1_011 (3).csv
3,10,2,5,1,29.48,29480,-0.58,0.12,9.77,9.7879,0.0044,0.0,0.0022,3.0,1.25,285.44,-0.5247,0.1321,9.606,9.6212,P002_Weight_Stack_Seated_Leg_Extension_Pulling_Too_Fast_1_011 (3).csv
3,10,2,5,1,29.61,29610,-0.62,0.2,10.74,10.7597,0.0305,0.0633,0.0011,2.94,1.25,285.44,-0.5373,0.1411,9.7554,9.7712,P002_Weight_Stack_Seated_Leg_Extension_Pulling_Too_Fast_1_011 (3).csv
3,10,2,5,1,29.741,29741,-0.08,-0.09,12.54,12.5406,-0.0338,-0.0022,-0.0022,2.75,1.31,285.5,-0.477,0.1106,10.1223,10.1342,P002_Weight_Stack_Seated_Leg_Extension_Pulling_Too_Fast_1_011 (3).csv
3,10,2,5,1,29.871,29871,-0.38,0.13,11.36,11.3671,0.0109,-0.0011,0.0153,2.81,1.13,285.56,-0.4642,0.1132,10.2854,10.2965,P002_Weight_Stack_Seated_Leg_Extension_Pulling_Too_Fast_1_011 (3).csv
3,10,2,5,1,30.044,30044,-0.37,0.2,6.96,6.9727,0.0273,0.0273,0.0076,2.81,0.88,285.5,-0.4518,0.1246,9.8472,9.8584,P002_Weight_Stack_Seated_Leg_Extension_Pulling_Too_Fast_1_011 (3).csv
3,10,2,5,1,30.174,30174,-0.41,0.28,7.74,7.7559,-0.0175,0.0229,-0.0153,2.81,0.88,285.5,-0.4463,0.1451,9.5696,9.5811,P002_Weight_Stack_Seated_Leg_Extension_Pulling_Too_Fast_1_011 (3).csv
3,10,2,5,1,30.305,30305,-0.5,0.0,10.45,10.462,-0.0109,0.0011,0.0382,2.94,0.75,285.5,-0.4534,0.126,9.6856,9.697,P002_Weight_Stack_Seated_Leg_Extension_Pulling_Too_Fast_1_011 (3).csv
3,10,2,5,1,30.436,30436,-0.63,-0.05,11.04,11.0581,0.0076,-0.0087,0.0033,2.94,0.81,285.56,-0.4767,0.1028,9.8641,9.8761,P002_Weight_Stack_Seated_Leg_Extension_Pulling_Too_Fast_1_011 (3).csv
3,10,2,5,1,30.572,30572,-0.21,0.01,10.61,10.6121,-0.0153,0.0,0.0011,2.88,0.81,285.56,-0.4415,0.0906,9.9623,9.9725,P002_Weight_Stack_Seated_Leg_Extension_Pulling_Too_Fast_1_011 (3).csv
3,10,2,5,1,30.702,30702,-0.68,0.11,9.15,9.1759,-0.0644,-0.0076,-0.0033,2.94,0.94,285.56,-0.4729,0.0931,9.8553,9.8671,P002_Weight_Stack_Seated_Leg_Extension_Pulling_Too_Fast_1_011 (3).csv
3,10,2,5,1,30.833,30833,-0.54,0.06,10.25,10.2644,0.0513,-0.0338,0.0011,2.94,0.88,285.56,-0.4818,0.0888,9.9073,9.9194,P002_Weight_Stack_Seated_Leg_Extension_Pulling_Too_Fast_1_011 (3).csv
3,10,2,5,1,30.964,30964,-0.6,0.14,2.41,2.4875,-0.0502,0.0153,0.012,2.94,1.0,285.63,-0.4974,0.0955,8.9194,8.9337,P002_Weight_Stack_Seated_Leg_Extension_Pulling_Too_Fast_1_011 (3).csv
3,10,2,5,1,31.137,31137,-3.38,1.11,2.47,4.331,-0.0567,0.0731,0.0382,3.06,1.31,285.63,-0.8772,0.2292,8.0695,8.1203,P002_Weight_Stack_Seated_Leg_Extension_Pulling_Too_Fast_1_011 (3).csv
3,10,2,5,1,31.268,31268,-0.88,-0.39,13.42,13.4545,-0.4723,0.1353,-0.0524,2.94,1.25,285.63,-0.8776,0.1476,8.7746,8.8196,P002_Weight_Stack_Seated_Leg_Extension_Pulling_Too_Fast_1_011 (3).csv
3,10,2,5,1,31.399,31399,0.71,0.01,2.71,2.8015,0.1156,-0.1058,0.012,2.81,1.38,285.75,-0.6684,0.1295,7.9754,8.0044,P002_Weight_Stack_Seated_Leg_Extension_Pulling_Too_Fast_1_011 (3).csv
3,10,2,5,1,31.534,31534,0.05,-0.57,3.8,3.8428,-0.0098,0.0753,-0.0382,2.81,1.63,285.63,-0.5737,0.0373,7.4252,7.4474,P002_Weight_Stack_Seated_Leg_Extension_Pulling_Too_Fast_1_011 (3).csv
3,10,2,5,1,31.665,31665,-0.27,-0.17,6.02,6.0284,-0.0578,0.0153,0.012,2.81,1.38,285.56,-0.5337,0.01,7.24,7.2597,P002_Weight_Stack_Seated_Leg_Extension_Pulling_Too_Fast_1_011 (3).csv
3,10,2,5,1,31.796,31796,0.74,0.78,13.08,13.1241,-0.0927,-0.0229,0.0076,2.75,1.69,285.56,-0.3659,0.1114,8.0096,8.0187,P002_Weight_Stack_Seated_Leg_Extension_Pulling_Too_Fast_1_011 (3).csv
3,10,2,5,1,31.927,31927,-0.65,1.1,9.46,9.5459,-0.0229,-0.0382,0.0807,2.94,1.75,285.69,-0.4033,0.2417,8.2007,8.2142,P002_Weight_Stack_Seated_Leg_Extension_Pulling_Too_Fast_1_011 (3).csv
3,10,2,5,1,32.057,32057,-0.37,-0.17,9.38,9.3888,0.0382,-0.0164,0.0087,2.81,1.63,285.56,-0.3989,0.1875,8.3561,8.3677,P002_Weight_Stack_Seated_Leg_Extension_Pulling_Too_Fast_1_011 (3).csv
3,10,2,5,1,32.232,32232,-0.85,-0.18,9.54,9.5795,-0.0284,0.0,0.0055,3.31,0.88,285.69,-0.4584,0.139,8.5121,8.5256,P002_Weight_Stack_Seated_Leg_Extension_Pulling_Too_Fast_1_011 (3).csv
3,10,2,5,1,32.362,32362,-1.53,-1.11,12.23,12.3752,-0.0098,0.0349,0.0098,3.13,0.88,285.63,-0.5996,-0.0256,9.002,9.022,P002_Weight_Stack_Seated_Leg_Extension_Pulling_Too_Fast_1_011 (3).csv
3,10,2,5,1,32.496,32496,-0.41,0.17,9.57,9.5803,-0.0033,0.0,0.0098,2.75,1.44,285.56,-0.5746,0.0002,9.0769,9.0951,P002_Weight_Stack_Seated_Leg_Extension_Pulling_Too_Fast_1_011 (3).csv
3,1,2,5,1,0.0,0,-0.52,0.04,9.81,9.8239,-0.0011,0.0,0.0,2.63,0.06,284.81,-0.5276,0.0381,9.7933,9.8075,P002_Weight_Stack_Seated_Leg_Extension_Pulling_Too_Fast_1_011 (4).csv
3,1,2,5,1,0.131,131,-0.53,0.04,9.81,9.8244,-0.0011,0.0011,0.0022,2.63,0.06,284.81,-0.5279,0.0383,9.7955,9.8097,P002_Weight_Stack_Seated_Leg_Extension_Pulling_Too_Fast_1_011 (4).csv
3,1,2,5,1,0.261,261,-0.53,0.03,9.78,9.7944,0.0,0.0011,0.0,2.63,0.06,284.81,-0.5282,0.0372,9.7934,9.8077,P002_Weight_Stack_Seated_Leg_Extension_Pulling_Too_Fast_1_011 (4).csv
3,1,2,5,1,0.434,434,-0.54,0.06,9.75,9.7651,-0.0022,0.0,-0.0011,2.63,0.06,284.81,-0.5297,0.0402,9.7877,9.8021,P002_Weight_Stack_Seated_Leg_Extension_Pulling_Too_Fast_1_011 (4).csv
3,1,2,5,1,0.565,565,-0.53,-0.03,9.91,9.9242,-0.012,0.0131,-0.0207,2.63,0.06,284.75,-0.5298,0.031,9.8038,9.8182,P002_Weight_Stack_Seated_Leg_Extension_Pulling_Too_Fast_1_011 (4).csv
3,1,2,5,1,0.697,697,-0.48,-0.03,9.98,9.9916,0.0,0.0,0.0011,2.56,0.19,284.69,-0.5232,0.0229,9.827,9.841,P002_Weight_Stack_Seated_Leg_Extension_Pulling_Too_Fast_1_011 (4).csv
3,1,2,5,1,0.828,828,-0.53,0.38,12.18,12.1974,0.0305,-0.0229,0.0,2.5,0.31,284.75,-0.5241,0.07,10.1371,10.1509,P002_Weight_Stack_Seated_Leg_Extension_Pulling_Too_Fast_1_011 (4).csv
3,1,2,5,1,0.962,962,-0.38,-0.08,12.73,12.7359,0.0295,-0.0011,0.0055,2.56,0.25,284.81,-0.5051,0.0502,10.4788,10.4911,P002_Weight_Stack_Seated_Leg_Extension_Pulling_Too_Fast_1_011 (4).csv
3,1,2,5,1,1.093,1093,-0.15,-0.15,8.65,8.6526,0.0207,-0.0262,-0.0044,2.63,0.0,284.81,-0.4583,0.0238,10.2378,10.2481,P002_Weight_Stack_Seated_Leg_Extension_Pulling_Too_Fast_1_011 (4).csv
3,1,2,5,1,1.223,1223,-0.97,0.34,7.61,7.6791,0.0327,0.0,-0.0055,2.56,0.0,284.81,-0.5257,0.0655,9.8915,9.9057,P002_Weight_Stack_Seated_Leg_Extension_Pulling_Too_Fast_1_011 (4).csv
3,1,2,5,1,1.354,1354,-0.65,0.03,7.52,7.5481,-0.0044,0.0022,-0.0087,2.63,0.0,284.81,-0.5421,0.0608,9.579,9.5945,P002_Weight_Stack_Seated_Leg_Extension_Pulling_Too_Fast_1_011 (4).csv
3,1,2,5,1,1.526,1526,-0.47,-0.02,9.5,9.5116,0.0109,-0.0055,0.0087,2.63,0.0,284.81,-0.5326,0.0502,9.5686,9.5835,P002_Weight_Stack_Seated_Leg_Extension_Pulling_Too_Fast_1_011 (4).csv
3,2,2,5,1,1.656,1656,-0.61,0.08,9.65,9.6696,-0.0196,0.0076,-0.0011,2.63,0.0,284.81,-0.5428,0.0541,9.5793,9.5948,P002_Weight_Stack_Seated_Leg_Extension_Pulling_Too_Fast_1_011 (4).csv
3,2,2,5,1,1.786,1786,-0.63,0.01,9.9,9.92,-0.0065,-0.0229,-0.0055,2.63,0.0,284.81,-0.5543,0.0483,9.6216,9.6377,P002_Weight_Stack_Seated_Leg_Extension_Pulling_Too_Fast_1_011 (4).csv
3,2,2,5,1,1.916,1916,-0.39,-0.08,10.51,10.5175,0.0065,-0.0022,0.0,2.69,0.06,284.81,-0.5327,0.0314,9.7387,9.7533,P002_Weight_Stack_Seated_Leg_Extension_Pulling_Too_Fast_1_011 (4).csv
3,2,2,5,1,2.046,2046,-0.65,0.15,9.4,9.4236,-0.0076,0.0044,-0.0065,2.69,0.06,284.81,-0.5481,0.047,9.694,9.7096,P002_Weight_Stack_Seated_Leg_Extension_Pulling_Too_Fast_1_011 (4).csv
3,2,2,5,1,2.176,2176,-0.52,-0.11,10.27,10.2837,-0.012,0.0,0.0033,2.69,0.06,284.81,-0.5444,0.0263,9.7699,9.7851,P002_Weight_Stack_Seated_Leg_Extension_Pulling_Too_Fast_1_011 (4).csv
3,2,2,5,1,2.307,2307,-0.33,-0.02,10.22,10.2253,0.0055,0.0065,-0.0022,2.63,0.13,284.81,-0.5162,0.0202,9.8292,9.8428,P002_Weight_Stack_Seated_Leg_Extension_Pulling_Too_Fast_1_011 (4).csv
3,2,2,5,1,2.437,2437,-0.54,0.06,9.93,9.9449,-0.0033,-0.0055,0.0022,2.63,0.13,284.81,-0.5193,0.0255,9.8425,9.8562,P002_Weight_Stack_Seated_Leg_Extension_Pulling_Too_Fast_1_011 (4).csv
3,2,2,5,1,2.61,2610,-0.37,0.03,9.98,9.9869,-0.0022,0.0044,-0.0055,2.63,0.13,284.81,-0.4996,0.0261,9.8606,9.8733,P002_Weight_Stack_Seated_Leg_Extension_Pulling_Too_Fast_1_011 (4).csv
3,2,2,5,1,2.741,2741,-0.43,0.11,10.0,10.0098,-0.0022,0.0087,-0.0011,2.63,0.13,284.81,-0.4904,0.0371,9.879,9.8912,P002_Weight_Stack_Seated_Leg_Extension_Pulling_Too_Fast_1_011 (4).csv
3,2,2,5,1,2.872,2872,-0.39,0.09,9.58,9.5884,-0.0022,-0.0033,0.0,2.69,0.13,284.81,-0.4772,0.0441,9.8396,9.8513,P002_Weight_Stack_Seated_Leg_Extension_Pulling_Too_Fast_1_011 (4).csv
3,2,2,5,1,3.002,3002,-0.55,0.14,9.9,9.9163,-0.0011,-0.0044,0.0011,2.69,0.13,284.81,-0.4868,0.0567,9.8476,9.8597,P002_Weight_Stack_Seated_Leg_Extension_Pulling_Too_Fast_1_011 (4).csv
3,2,2,5,1,3.136,3136,-0.55,0.07,9.81,9.8257,-0.0011,0.0,0.0,2.69,0.13,284.81,-0.4951,0.0585,9.8426,9.8552,P002_Weight_Stack_Seated_Leg_Extension_Pulling_Too_Fast_1_011 (4).csv
3,2,2,5,1,3.269,3269,-0.5,0.11,10.17,10.1829,-0.0033,-0.0011,-0.0065,2.69,0.19,284.81,-0.4958,0.0653,9.8857,9.8984,P002_Weight_Stack_Seated_Leg_Extension_Pulling_Too_Fast_1_011 (4).csv
3,2,2,5,1,3.4,3400,-0.45,0.09,9.92,9.9306,-0.0011,-0.0022,-0.0033,2.69,0.19,284.81,-0.4897,0.0685,9.8903,9.9026,P002_Weight_Stack_Seated_Leg_Extension_Pulling_Too_Fast_1_011 (4).csv
3,2,2,5,1,3.53,3530,-0.51,0.09,9.72,9.7338,-0.0011,0.0022,0.0022,2.75,0.19,284.81,-0.4924,0.0714,9.8678,9.8804,P002_Weight_Stack_Seated_Leg_Extension_Pulling_Too_Fast_1_011 (4).csv
3,2,2,5,1,3.703,3703,-0.53,0.07,9.89,9.9044,0.0022,-0.0011,-0.0022,2.75,0.19,284.81,-0.4974,0.0712,9.8707,9.8835,P002_Weight_Stack_Seated_Leg_Extension_Pulling_Too_Fast_1_011 (4).csv
3,2,2,5,1,3.833,3833,-1.12,0.06,9.72,9.7845,0.0262,-0.0196,0.048,2.81,0.06,284.88,-0.5794,0.0697,9.8509,9.8682,P002_Weight_Stack_Seated_Leg_Extension_Pulling_Too_Fast_1_011 (4).csv
3,2,2,5,1,3.963,3963,-0.54,-0.24,9.76,9.7779,-0.0349,-0.0065,-0.0055,2.75,0.06,284.81,-0.5742,0.0289,9.8389,9.8557,P002_Weight_Stack_Seated_Leg_Extension_Pulling_Too_Fast_1_011 (4).csv
3,2,2,5,1,4.094,4094,-0.63,0.25,10.16,10.1826,0.0316,-0.0175,0.0011,2.75,0.19,284.81,-0.5816,0.058,9.8812,9.8985,P002_Weight_Stack_Seated_Leg_Extension_Pulling_Too_Fast_1_011 (4).csv
3,2,2,5,1,4.225,4225,-0.97,0.35,9.53,9.5856,0.0076,-0.0153,0.0153,2.81,0.06,284.88,-0.6328,0.0965,9.8349,9.8557,P002_Weight_Stack_Seated_Leg_Extension_Pulling_Too_Fast_1_011 (4).csv
3,2,2,5,1,4.355,4355,-0.54,-0.11,10.06,10.0751,-0.0098,0.0098,-0.0153,2.81,0.0,284.88,-0.6205,0.0693,9.8646,9.8843,P002_Weight_Stack_Seated_Leg_Extension_Pulling_Too_Fast_1_011 (4).csv
3,2,2,5,1,4.486,4486,-0.28,0.17,9.69,9.6955,0.0153,-0.0065,0.0305,2.75,0.19,284.81,-0.5757,0.0826,9.8416,9.8588,P002_Weight_Stack_Seated_Leg_Extension_Pulling_Too_Fast_1_011 (4).csv
3,2,2,5,1,4.618,4618,-0.56,0.03,11.9,11.9132,0.012,-0.012,-0.0087,2.75,0.19,284.81,-0.5736,0.0756,10.1128,10.1294,P002_Weight_Stack_Seated_Leg_Extension_Pulling_Too_Fast_1_011 (4).csv
3,2,2,5,1,4.791,4791,0.37,-0.24,10.0,10.0097,0.0415,0.0425,0.012,2.69,0.06,284.81,-0.4493,0.034,10.098,10.108,P002_Weight_Stack_Seated_Leg_Extension_Pulling_Too_Fast_1_011 (4).csv
3,2,2,5,1,4.923,4923,-0.21,-0.34,8.15,8.1598,0.0142,-0.0044,-0.0011,2.81,-0.06,284.88,-0.4177,-0.0152,9.8413,9.8501,P002_Weight_Stack_Seated_Leg_Extension_Pulling_Too_Fast_1_011 (4).csv
3,2,2,5,1,5.054,5054,-0.42,0.29,8.02,8.0362,-0.0033,0.0164,-0.0164,2.75,-0.13,284.81,-0.418,0.025,9.6013,9.6104,P002_Weight_Stack_Seated_Leg_Extension_Pulling_Too_Fast_1_011 (4).csv
3,2,2,5,1,5.184,5184,-0.56,0.14,7.72,7.7416,-0.0153,0.0044,-0.012,2.81,-0.19,284.81,-0.4367,0.0401,9.3534,9.3636,P002_Weight_Stack_Seated_Leg_Extension_Pulling_Too_Fast_1_011 (4).csv
3,2,2,5,1,5.315,5315,-0.33,0.19,9.06,9.068,0.0185,-0.0044,-0.0011,2.81,-0.25,284.81,-0.4227,0.0599,9.3147,9.3245,P002_Weight_Stack_Seated_Leg_Extension_Pulling_Too_Fast_1_011 (4).csv
3,3,2,5,1,5.445,5445,-0.34,-0.14,9.84,9.8469,0.0065,-0.0055,0.0131,2.81,-0.19,284.81,-0.4118,0.0335,9.3839,9.393,P002_Weight_Stack_Seated_Leg_Extension_Pulling_Too_Fast_1_011 (4).csv
3,3,2,5,1,5.576,5576,-0.51,-0.04,10.74,10.7522,0.0,-0.0011,-0.0109,2.81,-0.19,284.81,-0.4247,0.0239,9.5626,9.5721,P002_Weight_Stack_Seated_Leg_Extension_Pulling_Too_Fast_1_011 (4).csv
3,3,2,5,1,5.706,5706,-0.38,-0.22,9.63,9.64,0.0,-0.0131,0.0055,2.81,-0.19,284.81,-0.4188,-0.0083,9.5715,9.5807,P002_Weight_Stack_Seated_Leg_Extension_Pulling_Too_Fast_1_011 (4).csv
3,3,2,5,1,5.879,5879,-0.56,0.06,9.33,9.347,-0.0044,0.0,0.0022,2.88,-0.13,284.81,-0.4374,0.0007,9.5397,9.5497,P002_Weight_Stack_Seated_Leg_Extension_Pulling_Too_Fast_1_011 (4).csv
3,3,2,5,1,6.009,6009,-0.42,0.04,9.78,9.7891,0.0087,0.0022,-0.0011,2.88,-0.13,284.81,-0.4351,0.0059,9.5713,9.5812,P002_Weight_Stack_Seated_Leg_Extension_Pulling_Too_Fast_1_011 (4).csv
3,3,2,5,1,6.14,6140,-0.33,0.09,9.68,9.686,-0.0044,0.0055,-0.0011,2.81,-0.06,284.81,-0.4213,0.017,9.5857,9.5949,P002_Weight_Stack_Seated_Leg_Extension_Pulling_Too_Fast_1_011 (4).csv
3,3,2,5,1,6.274,6274,-0.48,0.06,9.89,9.9018,-0.0087,0.0087,0.0022,2.81,-0.06,284.81,-0.429,0.0226,9.6258,9.6354,P002_Weight_Stack_Seated_Leg_Extension_Pulling_Too_Fast_1_011 (4).csv
3,3,2,5,1,6.407,6407,-0.51,0.05,9.74,9.7535,-0.0087,0.0,0.0,2.81,-0.06,284.81,-0.4397,0.0263,9.6408,9.6509,P002_Weight_Stack_Seated_Leg_Extension_Pulling_Too_Fast_1_011 (4).csv
3,3,2,5,1,6.538,6538,-0.45,0.02,10.08,10.0901,-0.0011,-0.0033,-0.0033,2.81,-0.06,284.81,-0.441,0.0254,9.6987,9.7088,P002_Weight_Stack_Seated_Leg_Extension_Pulling_Too_Fast_1_011 (4).csv
3,3,2,5,1,6.668,6668,-0.44,0.05,9.99,9.9998,-0.0055,0.0,-0.0011,2.81,-0.06,284.81,-0.4409,0.0287,9.7371,9.7471,P002_Weight_Stack_Seated_Leg_Extension_Pulling_Too_Fast_1_011 (4).csv
3,3,2,5,1,6.799,6799,-0.55,0.08,10.08,10.0953,-0.0044,0.0,-0.0011,2.81,-0.06,284.81,-0.4553,0.0354,9.7823,9.7929,P002_Weight_Stack_Seated_Leg_Extension_Pulling_Too_Fast_1_011 (4).csv
3,3,2,5,1,6.972,6972,-0.44,0.08,10.02,10.03,-0.0055,0.0055,-0.0044,2.81,-0.06,284.81,-0.4533,0.0413,9.8136,9.8241,P002_Weight_Stack_Seated_Leg_Extension_Pulling_Too_Fast_1_011 (4).csv
3,3,2,5,1,7.104,7104,-0.52,0.09,10.16,10.1737,0.0,0.0011,-0.0022,2.81,-0.06,284.81,-0.4621,0.0477,9.8592,9.8702,P002_Weight_Stack_Seated_Leg_Extension_Pulling_Too_Fast_1_011 (4).csv
3,3,2,5,1,7.235,7235,-0.51,0.05,9.74,9.7535,-0.0011,0.0,-0.0022,2.81,-0.06,284.81,-0.4684,0.048,9.8435,9.8548,P002_Weight_Stack_Seated_Leg_Extension_Pulling_Too_Fast_1_011 (4).csv
3,3,2,5,1,7.37,7370,-0.53,0.08,9.79,9.8047,-0.0011,-0.0022,-0.0011,2.81,-0.06,284.81,-0.4765,0.0522,9.8365,9.8481,P002_Weight_Stack_Seated_Leg_Extension_Pulling_Too_Fast_1_011 (4).csv
3,3,2,5,1,7.501,7501,-0.53,0.09,9.89,9.9046,0.0022,-0.0022,0.0011,2.81,-0.06,284.81,-0.4836,0.0572,9.8435,9.8556,P002_Weight_Stack_Seated_Leg_Extension_Pulling_Too_Fast_1_011 (4).csv
3,3,2,5,1,7.631,7631,-0.49,0.09,9.79,9.8027,0.0,-0.0011,-0.0011,2.81,-0.06,284.81,-0.4844,0.0615,9.8365,9.8486,P002_Weight_Stack_Seated_Leg_Extension_Pulling_Too_Fast_1_011 (4).csv
3,3,2,5,1,7.761,7761,-0.53,0.1,9.74,9.7549,0.0011,0.0022,-0.0011,2.81,-0.06,284.81,-0.4904,0.0666,9.8238,9.8362,P002_Weight_Stack_Seated_Leg_Extension_Pulling_Too_Fast_1_011 (4).csv
3,3,2,5,1,7.892,7892,-0.51,0.09,9.73,9.7438,0.0011,0.0,0.0022,2.81,-0.06,284.81,-0.493,0.0697,9.8114,9.824,P002_Weight_Stack_Seated_Leg_Extension_Pulling_Too_Fast_1_011 (4).csv
3,3,2,5,1,8.065,8065,-0.64,-0.25,10.13,10.1533,-0.0207,-0.0098,-0.0087,2.88,-0.25,284.94,-0.5124,0.0276,9.8534,9.8667,P002_Weight_Stack_Seated_Leg_Extension_Pulling_Too_Fast_1_011 (4).csv
3,3,2,5,1,8.196,8196,-0.53,0.06,9.8,9.8145,-0.0644,0.0273,-0.0207,2.75,-0.06,284.81,-0.5147,0.0318,9.8464,9.8598,P002_Weight_Stack_Seated_Leg_Extension_Pulling_Too_Fast_1_011 (4).csv
3,3,2,5,1,8.326,8326,-0.64,0.18,9.87,9.8924,0.0742,-0.0164,0.0142,2.81,-0.13,284.81,-0.5312,0.0514,9.8495,9.8639,P002_Weight_Stack_Seated_Leg_Extension_Pulling_Too_Fast_1_011 (4).csv
3,3,2,5,1,8.462,8462,-0.65,0.03,9.92,9.9413,-0.0022,-0.0033,0.0131,2.81,-0.19,284.88,-0.5469,0.0485,9.8588,9.874,P002_Weight_Stack_Seated_Leg_Extension_Pulling_Too_Fast_1_011 (4).csv
3,3,2,5,1,8.592,8592,-0.6,-0.04,10.32,10.3375,0.0055,0.0076,-0.0076,2.94,-0.31,284.94,-0.5539,0.0369,9.9195,9.9351,P002_Weight_Stack_Seated_Leg_Extension_Pulling_Too_Fast_1_011 (4).csv
3,3,2,5,1,8.724,8724,-0.75,0.22,11.14,11.1674,-0.0229,0.0098,0.0033,2.81,-0.06,284.81,-0.5797,0.061,10.0804,10.0972,P002_Weight_Stack_Seated_Leg_Extension_Pulling_Too_Fast_1_011 (4).csv
3,3,2,5,1,8.854,8854,-0.66,0.06,11.91,11.9284,0.0207,0.0131,0.0011,2.81,-0.13,284.88,-0.5903,0.0609,10.3215,10.3385,P002_Weight_Stack_Seated_Leg_Extension_Pulling_Too_Fast_1_011 (4).csv
3,3,2,5,1,8.985,8985,-0.35,0.03,10.69,10.6958,0.0207,-0.0131,0.012,2.81,-0.25,284.94,-0.5586,0.0568,10.37,10.3852,P002_Weight_Stack_Seated_Leg_Extension_Pulling_Too_Fast_1_011 (4).csv
3,3,2,5,1,9.158,9158,-0.81,0.34,7.66,7.7102,0.0229,0.0251,-0.012,2.88,-0.5,284.94,-0.5917,0.0941,10.0129,10.0308,P002_Weight_Stack_Seated_Leg_Extension_Pulling_Too_Fast_1_011 (4).csv
3,3,2,5,1,9.289,9289,-0.28,0.07,7.13,7.1358,-0.0207,0.0153,-0.0065,2.88,-0.56,284.94,-0.5507,0.0909,9.633,9.6492,P002_Weight_Stack_Seated_Leg_Extension_Pulling_Too_Fast_1_011 (4).csv
3,3,2,5,1,9.421,9421,-0.39,0.02,8.36,8.3691,0.0,0.0,0.0142,2.88,-0.63,284.94,-0.5295,0.0816,9.4653,9.4804,P002_Weight_Stack_Seated_Leg_Extension_Pulling_Too_Fast_1_011 (4).csv
3,4,2,5,1,9.556,9556,-0.64,0.0,9.62,9.6413,0.0011,-0.0011,-0.0087,2.88,-0.63,285.0,-0.5441,0.0708,9.4857,9.5015,P002_Weight_Stack_Seated_Leg_Extension_Pulling_Too_Fast_1_011 (4).csv
3,4,2,5,1,9.687,9687,-0.42,0.21,10.54,10.5505,0.0207,-0.012,-0.0022,2.88,-0.56,285.06,-0.5277,0.0892,9.6246,9.6395,P002_Weight_Stack_Seated_Leg_Extension_Pulling_Too_Fast_1_011 (4).csv
3,4,2,5,1,9.817,9817,-0.48,-0.1,9.82,9.8322,-0.0011,0.0044,0.0065,2.88,-0.56,285.06,-0.5214,0.0643,9.6503,9.6646,P002_Weight_Stack_Seated_Leg_Extension_Pulling_Too_Fast_1_011 (4).csv
3,4,2,5,1,9.947,9947,-0.52,0.08,9.45,9.4646,-0.0065,-0.0164,-0.0011,2.88,-0.56,285.06,-0.5212,0.0663,9.6239,9.6383,P002_Weight_Stack_Seated_Leg_Extension_Pulling_Too_Fast_1_011 (4).csv
3,4,2,5,1,10.078,10078,-0.47,0.06,9.86,9.8714,0.0044,-0.0055,-0.0033,2.94,-0.56,285.06,-0.5145,0.0655,9.6551,9.669,P002_Weight_Stack_Seated_Leg_Extension_Pulling_Too_Fast_1_011 (4).csv
3,4,2,5,1,10.251,10251,-0.64,0.09,9.32,9.3424,-0.0109,0.0065,-0.0022,2.94,-0.56,285.06,-0.531,0.0687,9.6109,9.6258,P002_Weight_Stack_Seated_Leg_Extension_Pulling_Too_Fast_1_011 (4).csv
3,4,2,5,1,10.385,10385,-0.6,0.09,9.21,9.23,-0.0164,0.0087,0.0022,2.94,-0.5,285.06,-0.5401,0.0715,9.5581,9.5736,P002_Weight_Stack_Seated_Leg_Extension_Pulling_Too_Fast_1_011 (4).csv
3,4,2,5,1,10.519,10519,-0.46,0.13,9.59,9.6019,0.0196,0.0022,-0.0022,2.88,-0.5,285.06,-0.5296,0.0792,9.5623,9.5773,P002_Weight_Stack_Seated_Leg_Extension_Pulling_Too_Fast_1_011 (4).csv
3,4,2,5,1,10.649,10649,-0.4,0.13,10.14,10.1487,0.0109,-0.0207,0.0033,2.88,-0.5,285.06,-0.5125,0.0859,9.6384,9.6524,P002_Weight_Stack_Seated_Leg_Extension_Pulling_Too_Fast_1_011 (4).csv
3,4,2,5,1,10.78,10780,-0.52,0.02,10.06,10.0735,-0.0207,-0.0065,0.0044,2.94,-0.44,285.06,-0.5135,0.0772,9.694,9.7079,P002_Weight_Stack_Seated_Leg_Extension_Pulling_Too_Fast_1_011 (4).csv
3,4,2,5,1,10.91,10910,-0.47,0.1,10.11,10.1214,-0.0153,0.0196,-0.0022,2.94,-0.38,285.06,-0.5077,0.0802,9.7488,9.7623,P002_Weight_Stack_Seated_Leg_Extension_Pulling_Too_Fast_1_011 (4).csv
3,4,2,5,1,11.041,11041,-0.51,0.07,10.49,10.5026,0.0076,-0.0044,0.0076,2.94,-0.38,285.06,-0.508,0.0789,9.8465,9.8599,P002_Weight_Stack_Seated_Leg_Extension_Pulling_Too_Fast_1_011 (4).csv
3,4,2,5,1,11.171,11171,-0.56,0.05,9.73,9.7462,-0.0076,0.0055,0.0011,2.94,-0.38,285.06,-0.5149,0.0751,9.8311,9.8449,P002_Weight_Stack_Seated_Leg_Extension_Pulling_Too_Fast_1_011 (4).csv
3,4,2,5,1,11.344,11344,-0.4,0.08,9.65,9.6586,0.0022,-0.0011,-0.0033,2.94,-0.38,285.06,-0.4997,0.0757,9.8072,9.8203,P002_Weight_Stack_Seated_Leg_Extension_Pulling_Too_Fast_1_011 (4).csv
3,4,2,5,1,11.474,11474,-0.46,0.09,10.04,10.0509,-0.0011,-0.0022,0.0011,2.94,-0.38,285.06,-0.4945,0.0776,9.8379,9.8506,P002_Weight_Stack_Seated_Leg_Extension_Pulling_Too_Fast_1_011 (4).csv
3,4,2,5,1,11.604,11604,-0.47,0.07,10.08,10.0912,0.0011,-0.0033,0.0,2.94,-0.31,285.06,-0.4913,0.0766,9.8698,9.8823,P002_Weight_Stack_Seated_Leg_Extension_Pulling_Too_Fast_1_011 (4).csv
3,4,2,5,1,11.734,11734,-0.52,0.1,9.74,9.7544,-0.0011,0.0044,-0.0022,2.94,-0.25,285.06,-0.4951,0.0797,9.8527,9.8655,P002_Weight_Stack_Seated_Leg_Extension_Pulling_Too_Fast_1_011 (4).csv
3,4,2,5,1,11.864,11864,-0.52,0.08,9.75,9.7642,0.0,0.0022,0.0,2.94,-0.25,285.06,-0.4984,0.0797,9.8392,9.8521,P002_Weight_Stack_Seated_Leg_Extension_Pulling_Too_Fast_1_011 (4).csv
3,4,2,5,1,11.994,11994,-0.56,0.08,9.91,9.9261,0.0,-0.0033,0.0044,2.94,-0.19,285.06,-0.5065,0.0798,9.8485,9.8618,P002_Weight_Stack_Seated_Leg_Extension_Pulling_Too_Fast_1_011 (4).csv
3,4,2,5,1,12.124,12124,-0.51,0.1,9.79,9.8038,-0.0011,0.0,0.0022,2.94,-0.13,285.06,-0.5069,0.0824,9.8408,9.8542,P002_Weight_Stack_Seated_Leg_Extension_Pulling_Too_Fast_1_011 (4).csv
3,4,2,5,1,12.254,12254,-0.63,0.12,10.17,10.1902,-0.0469,-0.012,-0.0065,2.88,-0.13,285.13,-0.5232,0.0874,9.8842,9.8984,P002_Weight_Stack_Seated_Leg_Extension_Pulling_Too_Fast_1_011 (4).csv
3,4,2,5,1,12.427,12427,-0.26,-0.21,10.04,10.0456,0.0044,0.0131,0.0033,2.88,-0.25,285.13,-0.4885,0.0482,9.9047,9.9169,P002_Weight_Stack_Seated_Leg_Extension_Pulling_Too_Fast_1_011 (4).csv
3,4,2,5,1,12.558,12558,-0.43,0.09,9.93,9.9397,0.0022,0.0011,0.0,2.88,-0.25,285.13,-0.4808,0.0537,9.908,9.9198,P002_Weight_Stack_Seated_Leg_Extension_Pulling_Too_Fast_1_011 (4).csv
3,4,2,5,1,12.689,12689,-0.42,0.03,9.78,9.7891,0.0055,-0.0033,0.0011,2.88,-0.25,285.13,-0.4728,0.0506,9.8912,9.9026,P002_Weight_Stack_Seated_Leg_Extension_Pulling_Too_Fast_1_011 (4).csv
3,4,2,5,1,12.825,12825,-0.44,0.23,9.59,9.6028,0.0207,-0.0164,0.0109,3.0,-0.38,285.25,-0.4684,0.0742,9.8515,9.8629,P002_Weight_Stack_Seated_Leg_Extension_Pulling_Too_Fast_1_011 (4).csv
3,4,2,5,1,12.955,12955,-0.3,-0.47,11.06,11.074,-0.0262,0.0371,-0.0305,3.0,-0.38,285.25,-0.4462,0.0025,10.0107,10.0207,P002_Weight_Stack_Seated_Leg_Extension_Pulling_Too_Fast_1_011 (4).csv
3,4,2,5,1,13.086,13086,-0.37,0.05,9.98,9.987,-0.06,0.0196,-0.0011,2.81,-0.06,285.19,-0.4362,0.0088,10.0067,10.0162,P002_Weight_Stack_Seated_Leg_Extension_Pulling_Too_Fast_1_011 (4).csv
3,4,2,5,1,13.217,13217,-0.71,0.45,12.12,12.1491,0.012,-0.0109,-0.0033,2.88,-0.13,285.19,-0.4723,0.0669,10.2852,10.2962,P002_Weight_Stack_Seated_Leg_Extension_Pulling_Too_Fast_1_011 (4).csv
3,4,2,5,1,13.348,13348,-0.56,-0.41,10.94,10.962,-0.0109,0.0,0.0065,2.88,-0.31,285.31,-0.4838,0.0041,10.3715,10.3827,P002_Weight_Stack_Seated_Leg_Extension_Pulling_Too_Fast_1_011 (4).csv
3,4,2,5,1,13.52,13520,-0.84,0.31,8.42,8.4675,0.0393,-0.1047,-0.0033,2.94,-0.5,285.31,-0.5308,0.0444,10.1143,10.1283,P002_Weight_Stack_Seated_Leg_Extension_Pulling_Too_Fast_1_011 (4).csv
3,4,2,5,1,13.65,13650,-0.78,-0.63,7.32,7.3883,0.0665,-0.0382,0.0142,2.94,-0.63,285.25,-0.5636,-0.0445,9.7461,9.7625,P002_Weight_Stack_Seated_Leg_Extension_Pulling_Too_Fast_1_011 (4).csv
3,4,2,5,1,13.78,13780,-0.45,0.1,8.01,8.0233,0.0131,-0.012,-0.0218,2.94,-0.63,285.31,-0.5486,-0.0254,9.5173,9.5331,P002_Weight_Stack_Seated_Leg_Extension_Pulling_Too_Fast_1_011 (4).csv
3,4,2,5,1,13.91,13910,-0.54,0.13,9.47,9.4863,-0.0295,0.0076,0.0044,2.94,-0.63,285.31,-0.5475,-0.005,9.5111,9.5268,P002_Weight_Stack_Seated_Leg_Extension_Pulling_Too_Fast_1_011 (4).csv
3,5,2,5,1,14.04,14040,-0.43,0.11,10.11,10.1197,-0.0011,0.0011,0.0055,2.88,-0.56,285.31,-0.532,0.0102,9.59,9.6048,P002_Weight_Stack_Seated_Leg_Extension_Pulling_Too_Fast_1_011 (4).csv
3,5,2,5,1,14.17,14170,-0.53,0.0,10.35,10.3636,-0.0065,0.0011,0.0055,2.94,-0.63,285.31,-0.5318,0.0088,9.6902,9.7047,P002_Weight_Stack_Seated_Leg_Extension_Pulling_Too_Fast_1_011 (4).csv
3,5,2,5,1,14.3,14300,-0.51,0.25,9.9,9.9163,-0.0218,-0.0022,-0.0044,2.94,-0.5,285.31,-0.5289,0.0406,9.7178,9.7323,P002_Weight_Stack_Seated_Leg_Extension_Pulling_Too_Fast_1_011 (4).csv
3,5,2,5,1,14.431,14431,-0.5,-0.13,9.67,9.6838,0.0218,-0.0153,0.0098,3.0,-0.5,285.31,-0.5251,0.0181,9.7115,9.7257,P002_Weight_Stack_Seated_Leg_Extension_Pulling_Too_Fast_1_011 (4).csv
3,5,2,5,1,14.604,14604,-0.45,0.11,9.97,9.9808,0.0065,0.0033,0.0011,3.0,-0.5,285.31,-0.5152,0.0302,9.7456,9.7592,P002_Weight_Stack_Seated_Leg_Extension_Pulling_Too_Fast_1_011 (4).csv
3,5,2,5,1,14.734,14734,-0.35,0.01,10.25,10.256,0.0251,-0.0087,0.0055,3.0,-0.56,285.31,-0.4934,0.0276,9.812,9.8245,P002_Weight_Stack_Seated_Leg_Extension_Pulling_Too_Fast_1_011 (4).csv
3,5,2,5,1,14.867,14867,-0.58,-0.14,9.83,9.8481,0.0,-0.0055,0.0098,2.94,-0.56,285.31,-0.5048,0.0055,9.8144,9.8274,P002_Weight_Stack_Seated_Leg_Extension_Pulling_Too_Fast_1_011 (4).csv
3,5,2,5,1,15.002,15002,-0.57,0.09,9.74,9.7571,-0.0076,0.0044,0.0011,2.94,-0.5,285.31,-0.5134,0.0166,9.8046,9.818,P002_Weight_Stack_Seated_Leg_Extension_Pulling_Too_Fast_1_011 (4).csv
3,5,2,5,1,15.133,15133,-0.57,0.07,9.8,9.8168,-0.012,-0.0087,-0.0011,2.94,-0.44,285.31,-0.5209,0.0237,9.804,9.8178,P002_Weight_Stack_Seated_Leg_Extension_Pulling_Too_Fast_1_011 (4).csv
3,5,2,5,1,15.263,15263,-0.58,0.0,9.68,9.6974,-0.0055,0.0098,0.0022,2.94,-0.44,285.31,-0.5287,0.0205,9.7877,9.8019,P002_Weight_Stack_Seated_Leg_Extension_Pulling_Too_Fast_1_011 (4).csv
3,5,2,5,1,15.393,15393,-0.58,0.08,9.75,9.7676,-0.0055,0.0142,-0.0076,2.94,-0.38,285.31,-0.5354,0.0284,9.7827,9.7974,P002_Weight_Stack_Seated_Leg_Extension_Pulling_Too_Fast_1_011 (4).csv
3,5,2,5,1,15.524,15524,-0.47,0.09,9.49,9.5021,-0.0011,-0.0044,0.0011,2.94,-0.31,285.31,-0.5268,0.0365,9.7441,9.7584,P002_Weight_Stack_Seated_Leg_Extension_Pulling_Too_Fast_1_011 (4).csv
3,5,2,5,1,15.697,15697,-0.51,0.14,9.88,9.8941,-0.0011,-0.0065,0.0022,2.94,-0.25,285.31,-0.5246,0.0501,9.762,9.7762,P002_Weight_Stack_Seated_Leg_Extension_Pulling_Too_Fast_1_011 (4).csv
3,5,2,5,1,15.828,15828,-0.6,0.03,10.13,10.1478,-0.0033,-0.0055,0.0076,2.94,-0.25,285.31,-0.5345,0.0475,9.8105,9.8252,P002_Weight_Stack_Seated_Leg_Extension_Pulling_Too_Fast_1_011 (4).csv
3,5,2,5,1,15.959,15959,-0.59,0.08,9.95,9.9678,-0.0033,0.0,0.0011,2.94,-0.25,285.31,-0.5418,0.0518,9.8289,9.844,P002_Weight_Stack_Seated_Leg_Extension_Pulling_Too_Fast_1_011 (4).csv
3,5,2,5,1,16.094,16094,-0.5,0.09,9.34,9.3538,-0.0044,0.0055,-0.0044,2.94,-0.19,285.31,-0.5363,0.0568,9.7645,9.7794,P002_Weight_Stack_Seated_Leg_Extension_Pulling_Too_Fast_1_011 (4).csv
3,5,2,5,1,16.226,16226,-0.49,0.1,9.61,9.623,0.0087,0.0065,-0.0022,2.94,-0.19,285.31,-0.5302,0.0625,9.7441,9.7587,P002_Weight_Stack_Seated_Leg_Extension_Pulling_Too_Fast_1_011 (4).csv
3,5,2,5,1,16.356,16356,-0.51,0.25,11.53,11.544,0.192,0.0404,0.0633,2.88,-0.19,285.38,-0.5276,0.0872,9.9795,9.9938,P002_Weight_Stack_Seated_Leg_Extension_Pulling_Too_Fast_1_011 (4).csv
3,5,2,5,1,16.487,16487,-0.14,-0.08,10.25,10.2513,0.0033,0.0098,0.0164,3.06,-0.44,285.44,-0.4765,0.0652,10.0151,10.0266,P002_Weight_Stack_Seated_Leg_Extension_Pulling_Too_Fast_1_011 (4).csv
3,5,2,5,1,16.617,16617,-0.56,0.2,9.82,9.838,0.048,-0.0153,0.0196,2.88,-0.19,285.38,-0.4875,0.0829,9.9894,10.0016,P002_Weight_Stack_Seated_Leg_Extension_Pulling_Too_Fast_1_011 (4).csv
3,5,2,5,1,16.79,16790,-0.47,-0.28,10.36,10.3744,0.0404,0.0556,0.0,2.94,-0.25,285.38,-0.4852,0.0351,10.0382,10.05,P002_Weight_Stack_Seated_Leg_Extension_Pulling_Too_Fast_1_011 (4).csv
3,5,2,5,1,16.925,16925,-0.42,0.14,11.46,11.4685,-0.0142,0.0055,-0.0065,2.88,-0.19,285.38,-0.4766,0.0489,10.2256,10.2368,P002_Weight_Stack_Seated_Leg_Extension_Pulling_Too_Fast_1_011 (4).csv
3,5,2,5,1,17.058,17058,-0.6,0.1,11.73,11.7458,0.012,-0.0251,0.012,2.88,-0.19,285.44,-0.4929,0.0557,10.4238,10.4356,P002_Weight_Stack_Seated_Leg_Extension_Pulling_Too_Fast_1_011 (4).csv
3,5,2,5,1,17.189,17189,-0.78,0.13,10.41,10.44,0.0425,0.024,0.0065,2.88,-0.38,285.5,-0.5307,0.0655,10.422,10.4357,P002_Weight_Stack_Seated_Leg_Extension_Pulling_Too_Fast_1_011 (4).csv
3,5,2,5,1,17.319,17319,-0.56,0.2,8.97,8.9897,0.0098,-0.0011,-0.0044,3.0,-0.5,285.5,-0.5346,0.0832,10.2307,10.245,P002_Weight_Stack_Seated_Leg_Extension_Pulling_Too_Fast_1_011 (4).csv
3,5,2,5,1,17.449,17449,-0.22,0.03,7.44,7.4433,0.0065,0.0033,-0.0011,2.94,-0.56,285.44,-0.4931,0.0762,9.8629,9.8755,P002_Weight_Stack_Seated_Leg_Extension_Pulling_Too_Fast_1_011 (4).csv
3,5,2,5,1,17.599,17599,-0.38,0.14,7.78,7.7905,-0.0033,-0.0011,-0.0055,3.0,-0.63,285.44,-0.4782,0.0846,9.5885,9.6007,P002_Weight_Stack_Seated_Leg_Extension_Pulling_Too_Fast_1_011 (4).csv
3,5,2,5,1,17.73,17730,-0.53,-0.05,9.13,9.1455,0.0,-0.0033,-0.0033,3.0,-0.63,285.5,-0.485,0.0669,9.528,9.5406,P002_Weight_Stack_Seated_Leg_Extension_Pulling_Too_Fast_1_011 (4).csv
3,6,2,5,1,17.903,17903,-0.55,0.0,10.56,10.5743,0.0,-0.0011,0.0022,3.0,-0.63,285.5,-0.4936,0.058,9.664,9.6768,P002_Weight_Stack_Seated_Leg_Extension_Pulling_Too_Fast_1_011 (4).csv
3,6,2,5,1,18.034,18034,-0.56,0.0,9.49,9.5065,-0.0196,0.0087,0.0033,3.0,-0.56,285.5,-0.5023,0.0504,9.6411,9.6543,P002_Weight_Stack_Seated_Leg_Extension_Pulling_Too_Fast_1_011 (4).csv
3,6,2,5,1,18.165,18165,-0.3,0.03,9.48,9.4848,0.0087,-0.0055,0.0033,3.0,-0.44,285.5,-0.4757,0.0477,9.6199,9.6317,P002_Weight_Stack_Seated_Leg_Extension_Pulling_Too_Fast_1_011 (4).csv
3,6,2,5,1,18.3,18300,-0.55,0.06,8.69,8.7076,-0.0131,0.0087,0.0055,3.06,-0.44,285.5,-0.4855,0.0493,9.4973,9.5099,P002_Weight_Stack_Seated_Leg_Extension_Pulling_Too_Fast_1_011 (4).csv
3,6,2,5,1,18.432,18432,-0.59,0.21,9.72,9.7402,0.0273,-0.0044,0.0,3.0,-0.44,285.5,-0.4992,0.0705,9.5267,9.54,P002_Weight_Stack_Seated_Leg_Extension_Pulling_Too_Fast_1_011 (4).csv
3,6,2,5,1,18.563,18563,-0.4,0.04,9.99,9.9981,0.0262,-0.0055,0.0065,3.0,-0.5,285.5,-0.4862,0.0665,9.5877,9.6003,P002_Weight_Stack_Seated_Leg_Extension_Pulling_Too_Fast_1_011 (4).csv
3,6,2,5,1,18.693,18693,-0.43,0.01,10.0,10.0092,-0.0055,-0.0065,0.0044,2.94,-0.44,285.5,-0.4788,0.059,9.6421,9.6541,P002_Weight_Stack_Seated_Leg_Extension_Pulling_Too_Fast_1_011 (4).csv
3,6,2,5,1,18.823,18823,-0.49,0.09,9.74,9.7527,-0.0087,-0.0055,-0.0011,2.94,-0.44,285.44,-0.4802,0.0631,9.655,9.6671,P002_Weight_Stack_Seated_Leg_Extension_Pulling_Too_Fast_1_011 (4).csv
3,6,2,5,1,18.996,18996,-0.52,0.06,10.18,10.1934,-0.0044,0.0065,-0.0011,2.94,-0.38,285.5,-0.4855,0.0627,9.7241,9.7365,P002_Weight_Stack_Seated_Leg_Extension_Pulling_Too_Fast_1_011 (4).csv
3,6,2,5,1,19.127,19127,-0.54,0.07,9.69,9.7053,-0.0044,-0.0033,0.0,2.94,-0.38,285.5,-0.4927,0.0637,9.7196,9.7323,P002_Weight_Stack_Seated_Leg_Extension_Pulling_Too_Fast_1_011 (4).csv
3,6,2,5,1,19.263,19263,-0.53,0.06,9.79,9.8045,-0.0022,0.0,-0.0011,2.94,-0.31,285.5,-0.4976,0.0632,9.7289,9.7418,P002_Weight_Stack_Seated_Leg_Extension_Pulling_Too_Fast_1_011 (4).csv
3,6,2,5,1,19.395,19395,-0.53,0.12,9.78,9.7951,0.0,-0.0011,-0.0022,2.94,-0.31,285.5,-0.5019,0.0707,9.7357,9.7488,P002_Weight_Stack_Seated_Leg_Extension_Pulling_Too_Fast_1_011 (4).csv
3,6,2,5,1,19.525,19525,-0.42,0.12,9.78,9.7897,-0.0033,0.0033,-0.0033,2.94,-0.31,285.5,-0.4911,0.0772,9.7415,9.7542,P002_Weight_Stack_Seated_Leg_Extension_Pulling_Too_Fast_1_011 (4).csv
3,6,2,5,1,19.655,19655,-0.42,0.1,9.87,9.8794,0.0,0.0011,0.0011,2.94,-0.25,285.5,-0.4817,0.0802,9.7584,9.7706,P002_Weight_Stack_Seated_Leg_Extension_Pulling_Too_Fast_1_011 (4).csv
3,6,2,5,1,19.786,19786,-0.59,0.09,10.0,10.0178,-0.0022,-0.0055,0.0044,2.94,-0.25,285.5,-0.496,0.0815,9.7903,9.8032,P002_Weight_Stack_Seated_Leg_Extension_Pulling_Too_Fast_1_011 (4).csv
3,6,2,5,1,19.916,19916,-0.55,0.08,10.14,10.1552,0.0011,-0.0033,0.0022,2.94,-0.19,285.5,-0.5031,0.0813,9.8363,9.8495,P002_Weight_Stack_Seated_Leg_Extension_Pulling_Too_Fast_1_011 (4).csv
3,6,2,5,1,20.089,20089,-0.51,0.09,9.65,9.6639,0.0022,0.0,0.0011,2.94,-0.19,285.5,-0.504,0.0824,9.8118,9.8251,P002_Weight_Stack_Seated_Leg_Extension_Pulling_Too_Fast_1_011 (4).csv
3,6,2,5,1,20.22,20220,-0.53,0.11,9.74,9.755,0.0033,0.0087,0.0033,3.0,-0.13,285.5,-0.5074,0.0861,9.8023,9.8158,P002_Weight_Stack_Seated_Leg_Extension_Pulling_Too_Fast_1_011 (4).csv
3,6,2,5,1,20.35,20350,-0.17,-0.19,9.85,9.8533,-0.0022,-0.0065,0.0,2.94,-0.13,285.5,-0.463,0.0497,9.8086,9.8197,P002_Weight_Stack_Seated_Leg_Extension_Pulling_Too_Fast_1_011 (4).csv
3,6,2,5,1,20.481,20481,-0.18,-1.23,9.36,9.4422,0.1102,0.0109,0.0644,3.0,-0.25,285.56,-0.4257,-0.1189,9.7495,9.7595,P002_Weight_Stack_Seated_Leg_Extension_Pulling_Too_Fast_1_011 (4).csv
3,6,2,5,1,20.611,20611,-0.33,-0.77,11.37,11.4008,0.0393,-0.0131,0.0164,2.94,-0.13,285.5,-0.4131,-0.2047,9.963,9.9737,P002_Weight_Stack_Seated_Leg_Extension_Pulling_Too_Fast_1_011 (4).csv
3,6,2,5,1,20.743,20743,-0.61,0.0,10.69,10.7074,-0.0207,0.0022,-0.0011,3.0,-0.06,285.5,-0.439,-0.1778,10.0588,10.07,P002_Weight_Stack_Seated_Leg_Extension_Pulling_Too_Fast_1_011 (4).csv
3,6,2,5,1,20.874,20874,-0.53,0.29,11.87,11.8854,0.0185,-0.0033,0.0033,3.0,-0.13,285.56,-0.451,-0.1161,10.2975,10.308,P002_Weight_Stack_Seated_Leg_Extension_Pulling_Too_Fast_1_011 (4).csv
3,6,2,5,1,21.009,21009,0.22,-0.31,11.07,11.0765,-0.0022,-0.0076,0.0065,3.0,-0.31,285.63,-0.3626,-0.1417,10.3993,10.4066,P002_Weight_Stack_Seated_Leg_Extension_Pulling_Too_Fast_1_011 (4).csv
3,6,2,5,1,21.181,21181,-0.84,0.49,6.96,7.0276,-0.0578,-0.0578,-0.0131,3.13,-0.44,285.63,-0.4255,-0.0584,9.9461,9.9554,P002_Weight_Stack_Seated_Leg_Extension_Pulling_Too_Fast_1_011 (4).csv
3,6,2,5,1,21.311,21311,-0.3,-0.01,6.94,6.9465,-0.0327,0.0109,-0.0175,3.13,-0.5,285.56,-0.409,-0.052,9.55,9.5589,P002_Weight_Stack_Seated_Leg_Extension_Pulling_Too_Fast_1_011 (4).csv
3,6,2,5,1,21.441,21441,-0.57,-0.01,9.52,9.5371,0.0305,-0.0196,-0.0076,3.13,-0.56,285.56,-0.4302,-0.0465,9.546,9.5558,P002_Weight_Stack_Seated_Leg_Extension_Pulling_Too_Fast_1_011 (4).csv
3,7,2,5,1,21.571,21571,-0.51,-0.1,9.93,9.9436,0.0076,-0.0076,0.024,3.13,-0.56,285.63,-0.4407,-0.0536,9.5966,9.6069,P002_Weight_Stack_Seated_Leg_Extension_Pulling_Too_Fast_1_011 (4).csv
3,7,2,5,1,21.701,21701,-0.52,0.07,10.6,10.613,0.0044,-0.0109,0.0022,3.19,-0.56,285.63,-0.4511,-0.0373,9.7288,9.7394,P002_Weight_Stack_Seated_Leg_Extension_Pulling_Too_Fast_1_011 (4).csv
3,7,2,5,1,21.831,21831,-0.43,-0.11,9.95,9.9599,-0.012,0.0022,0.0153,3.19,-0.56,285.63,-0.4484,-0.0469,9.758,9.7684,P002_Weight_Stack_Seated_Leg_Extension_Pulling_Too_Fast_1_011 (4).csv
3,7,2,5,1,21.962,21962,-0.67,0.14,9.28,9.3052,-0.0065,-0.0011,-0.0011,3.19,-0.5,285.63,-0.4776,-0.0222,9.695,9.7068,P002_Weight_Stack_Seated_Leg_Extension_Pulling_Too_Fast_1_011 (4).csv
3,7,2,5,1,22.092,22092,-0.64,0.28,9.35,9.3761,-0.0153,-0.0153,-0.0055,3.25,-0.38,285.63,-0.499,0.0176,9.6495,9.6624,P002_Weight_Stack_Seated_Leg_Extension_Pulling_Too_Fast_1_011 (4).csv
3,7,2,5,1,22.265,22265,-0.49,0.07,10.24,10.252,0.0022,-0.0022,0.0076,3.25,-0.38,285.63,-0.4978,0.0245,9.7273,9.7401,P002_Weight_Stack_Seated_Leg_Extension_Pulling_Too_Fast_1_011 (4).csv
3,7,2,5,1,22.397,22397,-0.6,0.04,9.78,9.7985,-0.0087,0.0044,0.0087,3.25,-0.31,285.63,-0.5113,0.0265,9.7343,9.7477,P002_Weight_Stack_Seated_Leg_Extension_Pulling_Too_Fast_1_011 (4).csv
3,7,2,5,1,22.528,22528,-0.62,0.14,10.2,10.2198,-0.0218,-0.0022,0.0,3.25,-0.25,285.63,-0.5256,0.0415,9.7956,9.8098,P002_Weight_Stack_Seated_Leg_Extension_Pulling_Too_Fast_1_011 (4).csv
3,7,2,5,1,22.663,22663,-0.39,0.01,10.5,10.5072,0.0022,0.0,-0.0011,3.25,-0.19,285.63,-0.5077,0.0373,9.8885,9.9016,P002_Weight_Stack_Seated_Leg_Extension_Pulling_Too_Fast_1_011 (4).csv
3,7,2,5,1,22.794,22794,-0.47,0.05,10.22,10.2309,-0.0044,-0.012,0.0044,3.31,-0.19,285.63,-0.5028,0.039,9.9322,9.9449,P002_Weight_Stack_Seated_Leg_Extension_Pulling_Too_Fast_1_011 (4).csv
3,7,2,5,1,22.925,22925,-0.63,0.06,9.82,9.8404,-0.0131,-0.0055,0.0065,3.31,-0.13,285.63,-0.5195,0.0418,9.9174,9.9311,P002_Weight_Stack_Seated_Leg_Extension_Pulling_Too_Fast_1_011 (4).csv
3,7,2,5,1,23.055,23055,-0.54,0.12,9.58,9.596,-0.0098,-0.0076,-0.0011,3.31,-0.13,285.63,-0.5222,0.0521,9.8729,9.8869,P002_Weight_Stack_Seated_Leg_Extension_Pulling_Too_Fast_1_011 (4).csv
3,7,2,5,1,23.185,23185,-0.54,0.08,10.08,10.0948,0.0,-0.0098,0.0,3.31,-0.06,285.63,-0.5246,0.0558,9.9002,9.9142,P002_Weight_Stack_Seated_Leg_Extension_Pulling_Too_Fast_1_011 (4).csv
3,7,2,5,1,23.358,23358,-0.56,0.05,9.79,9.8061,-0.0055,0.0,0.0011,3.31,-0.06,285.63,-0.5292,0.055,9.8857,9.9,P002_Weight_Stack_Seated_Leg_Extension_Pulling_Too_Fast_1_011 (4).csv
3,7,2,5,1,23.489,23489,-0.51,0.1,9.85,9.8637,-0.0011,-0.0011,-0.0044,3.31,-0.06,285.63,-0.5267,0.0609,9.881,9.8952,P002_Weight_Stack_Seated_Leg_Extension_Pulling_Too_Fast_1_011 (4).csv
3,7,2,5,1,23.625,23625,-0.5,0.11,10.03,10.0431,0.0,-0.0033,-0.0011,3.31,-0.06,285.63,-0.5232,0.0674,9.9006,9.9147,P002_Weight_Stack_Seated_Leg_Extension_Pulling_Too_Fast_1_011 (4).csv
3,7,2,5,1,23.757,23757,-0.46,0.07,9.79,9.8011,-0.0022,-0.0022,-0.0033,3.31,-0.06,285.63,-0.5149,0.0677,9.886,9.8997,P002_Weight_Stack_Seated_Leg_Extension_Pulling_Too_Fast_1_011 (4).csv
3,7,2,5,1,23.888,23888,-0.47,0.09,10.03,10.0414,0.0011,-0.0022,0.0022,3.25,0.0,285.63,-0.5089,0.0707,9.905,9.9183,P002_Weight_Stack_Seated_Leg_Extension_Pulling_Too_Fast_1_011 (4).csv
3,7,2,5,1,24.018,24018,-0.54,0.08,9.81,9.8252,0.0,-0.0087,0.0033,3.25,0.0,285.63,-0.513,0.0719,9.8925,9.906,P002_Weight_Stack_Seated_Leg_Extension_Pulling_Too_Fast_1_011 (4).csv
3,7,2,5,1,24.148,24148,-0.96,-0.59,10.35,10.4112,0.0458,-0.0295,0.0338,3.19,-0.06,285.63,-0.5719,-0.0153,9.9528,9.9692,P002_Weight_Stack_Seated_Leg_Extension_Pulling_Too_Fast_1_011 (4).csv
3,7,2,5,1,24.279,24279,-1.37,0.29,10.52,10.6128,0.0305,0.0033,0.0393,3.25,-0.19,285.69,-0.6771,0.0249,10.0275,10.0504,P002_Weight_Stack_Seated_Leg_Extension_Pulling_Too_Fast_1_011 (4).csv
3,7,2,5,1,24.451,24451,-0.79,0.64,9.04,9.097,0.0153,-0.0175,0.0229,3.13,0.0,285.63,-0.692,0.106,9.8974,9.9221,P002_Weight_Stack_Seated_Leg_Extension_Pulling_Too_Fast_1_011 (4).csv
3,7,2,5,1,24.581,24581,-0.56,-0.01,9.93,9.9458,-0.0545,-0.0109,-0.0076,3.19,0.0,285.63,-0.6746,0.0907,9.9017,9.9251,P002_Weight_Stack_Seated_Leg_Extension_Pulling_Too_Fast_1_011 (4).csv
3,7,2,5,1,24.711,24711,-0.59,0.09,11.6,11.6153,-0.0109,-0.0033,0.0,3.13,0.0,285.69,-0.6634,0.0906,10.1255,10.1476,P002_Weight_Stack_Seated_Leg_Extension_Pulling_Too_Fast_1_011 (4).csv
3,7,2,5,1,24.841,24841,-0.92,0.34,11.9,11.9404,0.0109,0.0196,0.0065,3.13,-0.06,285.69,-0.6972,0.1235,10.3593,10.3835,P002_Weight_Stack_Seated_Leg_Extension_Pulling_Too_Fast_1_011 (4).csv
3,7,2,5,1,24.971,24971,-0.15,-0.31,9.56,9.5662,0.0415,0.0305,0.0076,3.13,-0.19,285.69,-0.6251,0.0663,10.254,10.2732,P002_Weight_Stack_Seated_Leg_Extension_Pulling_Too_Fast_1_011 (4).csv
3,7,2,5,1,25.101,25101,-0.12,-0.14,9.0,9.0019,0.0109,0.0,-0.012,3.19,-0.31,285.69,-0.5586,0.0392,10.0887,10.1043,P002_Weight_Stack_Seated_Leg_Extension_Pulling_Too_Fast_1_011 (4).csv
3,7,2,5,1,25.231,25231,0.49,-0.49,8.02,8.0499,0.0382,0.0393,0.0033,3.13,-0.44,285.69,-0.4204,-0.0306,9.8161,9.8252,P002_Weight_Stack_Seated_Leg_Extension_Pulling_Too_Fast_1_011 (4).csv
3,7,2,5,1,25.362,25362,-0.39,0.11,8.41,8.4198,0.0142,0.0022,0.012,3.13,-0.5,285.63,-0.4164,-0.0121,9.6308,9.6398,P002_Weight_Stack_Seated_Leg_Extension_Pulling_Too_Fast_1_011 (4).csv
3,7,2,5,1,25.535,25535,-0.35,0.29,9.18,9.1912,-0.0131,0.0076,-0.0033,3.19,-0.5,285.69,-0.4076,0.0277,9.5714,9.5802,P002_Weight_Stack_Seated_Leg_Extension_Pulling_Too_Fast_1_011 (4).csv
3,8,2,5,1,25.665,25665,-0.53,0.04,9.86,9.8743,-0.0065,-0.0011,0.0022,3.19,-0.5,285.75,-0.4238,0.0294,9.6095,9.6188,P002_Weight_Stack_Seated_Leg_Extension_Pulling_Too_Fast_1_011 (4).csv
3,8,2,5,1,25.799,25799,-0.51,0.06,10.96,10.972,-0.0087,0.0011,0.0065,3.19,-0.5,285.75,-0.4351,0.0334,9.7874,9.7972,P002_Weight_Stack_Seated_Leg_Extension_Pulling_Too_Fast_1_011 (4).csv
3,8,2,5,1,25.933,25933,-0.47,0.02,10.22,10.2308,0.0207,-0.012,0.0185,3.19,-0.44,285.75,-0.4397,0.0316,9.8444,9.8543,P002_Weight_Stack_Seated_Leg_Extension_Pulling_Too_Fast_1_011 (4).csv
3,8,2,5,1,26.063,26063,-0.67,-0.08,9.27,9.2945,-0.0273,0.0164,-0.0011,3.19,-0.38,285.69,-0.4701,0.0169,9.7687,9.7801,P002_Weight_Stack_Seated_Leg_Extension_Pulling_Too_Fast_1_011 (4).csv
3,8,2,5,1,26.194,26194,-0.36,0.0,10.16,10.1664,0.024,-0.0033,0.0076,3.19,-0.38,285.75,-0.4556,0.0147,9.8203,9.8309,P002_Weight_Stack_Seated_Leg_Extension_Pulling_Too_Fast_1_011 (4).csv
3,8,2,5,1,26.324,26324,-0.52,0.03,9.9,9.9137,-0.0022,0.0,0.0033,3.13,-0.44,285.75,-0.4641,0.0167,9.8308,9.8418,P002_Weight_Stack_Seated_Leg_Extension_Pulling_Too_Fast_1_011 (4).csv
3,8,2,5,1,26.454,26454,-0.56,0.04,10.18,10.1955,-0.0164,-0.0207,0.0076,3.13,-0.38,285.75,-0.4767,0.0198,9.8768,9.8883,P002_Weight_Stack_Seated_Leg_Extension_Pulling_Too_Fast_1_011 (4).csv
3,8,2,5,1,26.627,26627,-0.42,0.07,9.48,9.4896,0.0055,-0.0033,-0.0076,3.13,-0.31,285.69,-0.4692,0.0264,9.8245,9.8358,P002_Weight_Stack_Seated_Leg_Extension_Pulling_Too_Fast_1_011 (4).csv
3,8,2,5,1,26.758,26758,-0.46,0.06,9.5,9.5113,-0.0011,0.0044,-0.0011,3.13,-0.25,285.69,-0.468,0.0308,9.7818,9.793,P002_Weight_Stack_Seated_Leg_Extension_Pulling_Too_Fast_1_011 (4).csv
3,8,2,5,1,26.888,26888,-0.46,0.1,9.74,9.7514,-0.0044,0.0033,-0.0044,3.13,-0.25,285.69,-0.467,0.0399,9.7763,9.7875,P002_Weight_Stack_Seated_Leg_Extension_Pulling_Too_Fast_1_011 (4).csv
3,8,2,5,1,27.018,27018,-0.59,0.05,10.18,10.1972,0.0,-0.0055,0.0011,3.13,-0.25,285.69,-0.4832,0.0413,9.8295,9.8414,P002_Weight_Stack_Seated_Leg_Extension_Pulling_Too_Fast_1_011 (4).csv
3,8,2,5,1,27.148,27148,-0.51,0.08,10.17,10.1831,-0.0022,0.0033,-0.0011,3.13,-0.25,285.69,-0.4867,0.0464,9.8743,9.8864,P002_Weight_Stack_Seated_Leg_Extension_Pulling_Too_Fast_1_011 (4).csv
3,8,2,5,1,27.278,27278,-0.48,0.09,9.96,9.972,0.0011,0.0022,0.0011,3.13,-0.19,285.69,-0.4858,0.0521,9.8856,9.8977,P002_Weight_Stack_Seated_Leg_Extension_Pulling_Too_Fast_1_011 (4).csv
3,8,2,5,1,27.408,27408,-0.52,0.08,9.9,9.914,0.0,0.0,0.0011,3.13,-0.19,285.69,-0.4903,0.0558,9.8875,9.8998,P002_Weight_Stack_Seated_Leg_Extension_Pulling_Too_Fast_1_011 (4).csv
3,8,2,5,1,27.538,27538,-0.55,0.07,9.74,9.7558,-0.0011,0.0,0.0,3.13,-0.19,285.69,-0.4982,0.0577,9.8681,9.8808,P002_Weight_Stack_Seated_Leg_Extension_Pulling_Too_Fast_1_011 (4).csv
3,8,2,5,1,27.711,27711,-0.5,0.09,9.76,9.7732,0.0011,0.0044,-0.0011,3.13,-0.13,285.75,-0.4984,0.0619,9.8538,9.8666,P002_Weight_Stack_Seated_Leg_Extension_Pulling_Too_Fast_1_011 (4).csv
3,8,2,5,1,27.842,27842,-0.51,0.09,9.82,9.8336,0.0011,0.0022,-0.0022,3.13,-0.13,285.75,-0.5,0.0656,9.8494,9.8623,P002_Weight_Stack_Seated_Leg_Extension_Pulling_Too_Fast_1_011 (4).csv
3,8,2,5,1,27.972,27972,-0.51,0.07,9.9,9.9134,0.0033,0.0011,-0.0011,3.13,-0.06,285.75,-0.5013,0.0662,9.856,9.869,P002_Weight_Stack_Seated_Leg_Extension_Pulling_Too_Fast_1_011 (4).csv
3,8,2,5,1,28.105,28105,-0.53,0.11,9.85,9.8649,-0.0011,0.0011,0.0011,3.13,-0.06,285.75,-0.5051,0.072,9.8553,9.8684,P002_Weight_Stack_Seated_Leg_Extension_Pulling_Too_Fast_1_011 (4).csv
3,8,2,5,1,28.239,28239,-0.5,0.07,9.54,9.5534,-0.0011,0.0022,0.0022,3.13,-0.06,285.75,-0.5044,0.0717,9.8137,9.8269,P002_Weight_Stack_Seated_Leg_Extension_Pulling_Too_Fast_1_011 (4).csv
3,8,2,5,1,28.37,28370,-0.72,-0.08,10.41,10.4352,0.0796,0.0218,0.0284,3.0,-0.13,285.75,-0.5328,0.0517,9.8923,9.9068,P002_Weight_Stack_Seated_Leg_Extension_Pulling_Too_Fast_1_011 (4).csv
3,8,2,5,1,28.5,28500,-0.39,0.17,9.53,9.5395,0.0371,-0.012,0.012,3.13,-0.31,285.81,-0.514,0.0673,9.8445,9.8582,P002_Weight_Stack_Seated_Leg_Extension_Pulling_Too_Fast_1_011 (4).csv
3,8,2,5,1,28.631,28631,-0.08,0.76,9.58,9.6104,-0.0055,0.0567,-0.0142,3.0,-0.06,285.69,-0.4568,0.1586,9.8097,9.8216,P002_Weight_Stack_Seated_Leg_Extension_Pulling_Too_Fast_1_011 (4).csv
3,8,2,5,1,28.805,28805,-0.61,0.17,10.02,10.04,-0.0142,-0.0065,-0.0044,3.0,-0.06,285.75,-0.477,0.1601,9.8374,9.8503,P002_Weight_Stack_Seated_Leg_Extension_Pulling_Too_Fast_1_011 (4).csv
3,8,2,5,1,28.938,28938,-0.53,0.0,10.74,10.7531,0.0,0.0,0.0076,3.0,-0.06,285.75,-0.484,0.139,9.9563,9.9691,P002_Weight_Stack_Seated_Leg_Extension_Pulling_Too_Fast_1_011 (4).csv
3,8,2,5,1,29.072,29072,-0.47,-0.08,11.18,11.1902,0.0218,0.0327,0.0065,2.94,-0.13,285.75,-0.4821,0.1101,10.1176,10.1297,P002_Weight_Stack_Seated_Leg_Extension_Pulling_Too_Fast_1_011 (4).csv
3,8,2,5,1,29.202,29202,-0.76,0.25,10.76,10.7897,0.0338,-0.0011,0.0109,2.94,-0.25,285.75,-0.5187,0.1286,10.2022,10.2162,P002_Weight_Stack_Seated_Leg_Extension_Pulling_Too_Fast_1_011 (4).csv
3,8,2,5,1,29.333,29333,-0.42,0.06,9.02,9.03,0.0,-0.0273,-0.0065,3.06,-0.38,285.75,-0.5057,0.1195,10.0465,10.0599,P002_Weight_Stack_Seated_Leg_Extension_Pulling_Too_Fast_1_011 (4).csv
3,8,2,5,1,29.463,29463,-0.73,0.18,8.11,8.1448,0.024,0.0098,-0.0044,3.06,-0.44,285.75,-0.5353,0.1275,9.7913,9.8067,P002_Weight_Stack_Seated_Leg_Extension_Pulling_Too_Fast_1_011 (4).csv
3,8,2,5,1,29.594,29594,-0.63,0.13,8.21,8.2352,-0.012,0.012,-0.0185,3.0,-0.44,285.75,-0.5478,0.1278,9.5829,9.5994,P002_Weight_Stack_Seated_Leg_Extension_Pulling_Too_Fast_1_011 (4).csv
3,8,2,5,1,29.724,29724,-0.64,0.1,8.67,8.6942,-0.0109,0.0076,-0.0011,3.06,-0.5,285.75,-0.5599,0.1242,9.4626,9.48,P002_Weight_Stack_Seated_Leg_Extension_Pulling_Too_Fast_1_011 (4).csv
3,9,2,5,1,29.897,29897,-0.47,0.07,10.38,10.3909,0.0033,-0.0011,-0.0044,3.06,-0.5,285.75,-0.5481,0.117,9.5835,9.5999,P002_Weight_Stack_Seated_Leg_Extension_Pulling_Too_Fast_1_011 (4).csv
3,9,2,5,1,30.027,30027,-0.44,-0.16,9.69,9.7013,0.0055,0.0,0.0109,3.06,-0.5,285.81,-0.5338,0.0805,9.5975,9.6127,P002_Weight_Stack_Seated_Leg_Extension_Pulling_Too_Fast_1_011 (4).csv
3,9,2,5,1,30.158,30158,-0.46,0.0,9.83,9.8408,-0.0065,0.012,-0.0022,3.0,-0.5,285.81,-0.5241,0.0699,9.6282,9.6427,P002_Weight_Stack_Seated_Leg_Extension_Pulling_Too_Fast_1_011 (4).csv
3,9,2,5,1,30.294,30294,-0.43,0.1,9.86,9.8699,0.0087,-0.0087,-0.0011,3.06,-0.38,285.81,-0.5117,0.0739,9.6587,9.6725,P002_Weight_Stack_Seated_Leg_Extension_Pulling_Too_Fast_1_011 (4).csv
3,9,2,5,1,30.426,30426,-0.55,0.0,10.35,10.3646,-0.0098,0.0044,0.0065,3.06,-0.38,285.81,-0.5167,0.0641,9.7498,9.7637,P002_Weight_Stack_Seated_Leg_Extension_Pulling_Too_Fast_1_011 (4).csv
3,9,2,5,1,30.556,30556,-0.48,-0.04,9.72,9.7319,-0.0065,0.0022,0.0076,3.06,-0.38,285.81,-0.5119,0.0504,9.7459,9.7594,P002_Weight_Stack_Seated_Leg_Extension_Pulling_Too_Fast_1_011 (4).csv
3,9,2,5,1,30.686,30686,-0.62,-0.05,9.48,9.5004,-0.0316,0.0044,-0.0022,3.06,-0.31,285.81,-0.5262,0.0372,9.7108,9.7252,P002_Weight_Stack_Seated_Leg_Extension_Pulling_Too_Fast_1_011 (4).csv
3,9,2,5,1,30.818,30818,-0.59,0.05,9.19,9.2091,-0.0055,-0.012,0.0033,3.0,-0.31,285.81,-0.5346,0.0389,9.6422,9.6571,P002_Weight_Stack_Seated_Leg_Extension_Pulling_Too_Fast_1_011 (4).csv
3,9,2,5,1,30.996,30996,-0.51,0.08,10.44,10.4528,-0.0055,-0.0033,-0.0033,3.0,-0.25,285.81,-0.5313,0.0443,9.7473,9.7619,P002_Weight_Stack_Seated_Leg_Extension_Pulling_Too_Fast_1_011 (4).csv
3,9,2,5,1,31.127,31127,-0.54,0.08,10.04,10.0548,-0.0022,0.0,0.0055,3.0,-0.25,285.81,-0.5325,0.049,9.7859,9.8005,P002_Weight_Stack_Seated_Leg_Extension_Pulling_Too_Fast_1_011 (4).csv
3,9,2,5,1,31.258,31258,-0.52,0.05,9.81,9.8239,-0.0044,0.0,0.0011,3.0,-0.25,285.81,-0.5308,0.0491,9.7891,9.8036,P002_Weight_Stack_Seated_Leg_Extension_Pulling_Too_Fast_1_011 (4).csv
3,9,2,5,1,31.388,31388,-0.61,0.09,9.84,9.8593,-0.0033,0.0011,-0.0011,3.0,-0.25,285.81,-0.5413,0.0545,9.7958,9.8109,P002_Weight_Stack_Seated_Leg_Extension_Pulling_Too_Fast_1_011 (4).csv
3,9,2,5,1,31.519,31519,-0.58,0.05,9.91,9.9271,-0.0011,0.0011,-0.0055,3.0,-0.19,285.81,-0.5464,0.0539,9.8108,9.8262,P002_Weight_Stack_Seated_Leg_Extension_Pulling_Too_Fast_1_011 (4).csv
3,9,2,5,1,31.649,31649,-0.47,0.08,9.91,9.9215,-0.0011,-0.0011,-0.0044,3.0,-0.19,285.81,-0.5363,0.0574,9.8239,9.8387,P002_Weight_Stack_Seated_Leg_Extension_Pulling_Too_Fast_1_011 (4).csv
3,9,2,5,1,31.779,31779,-0.46,0.09,9.93,9.9411,-0.0022,-0.0033,0.0,3.0,-0.13,285.81,-0.5262,0.0617,9.8379,9.8521,P002_Weight_Stack_Seated_Leg_Extension_Pulling_Too_Fast_1_011 (4).csv
3,9,2,5,1,31.91,31910,-0.56,0.08,9.71,9.7265,-0.0033,0.0011,0.0,3.0,-0.13,285.81,-0.5307,0.0641,9.821,9.8356,P002_Weight_Stack_Seated_Leg_Extension_Pulling_Too_Fast_1_011 (4).csv
3,9,2,5,1,32.083,32083,-0.5,0.1,9.77,9.7833,0.0,0.0011,-0.0011,3.0,-0.06,285.81,-0.5267,0.0688,9.8143,9.8287,P002_Weight_Stack_Seated_Leg_Extension_Pulling_Too_Fast_1_011 (4).csv
3,9,2,5,1,32.215,32215,-0.5,0.1,10.01,10.023,0.0,-0.0022,0.0022,3.0,-0.06,285.81,-0.5231,0.0729,9.8401,9.8543,P002_Weight_Stack_Seated_Leg_Extension_Pulling_Too_Fast_1_011 (4).csv
3,9,2,5,1,32.35,32350,-0.51,0.08,9.93,9.9434,0.0022,0.0011,-0.0011,3.0,0.0,285.81,-0.5214,0.0739,9.8519,9.866,P002_Weight_Stack_Seated_Leg_Extension_Pulling_Too_Fast_1_011 (4).csv
3,9,2,5,1,32.481,32481,-0.49,0.09,9.95,9.9625,0.0022,-0.0022,-0.0011,3.0,0.0,285.81,-0.5173,0.076,9.8649,9.8787,P002_Weight_Stack_Seated_Leg_Extension_Pulling_Too_Fast_1_011 (4).csv
3,9,2,5,1,32.611,32611,-0.53,0.08,9.77,9.7847,-0.0011,0.0033,0.0,3.0,0.0,285.81,-0.5189,0.0765,9.8524,9.8663,P002_Weight_Stack_Seated_Leg_Extension_Pulling_Too_Fast_1_011 (4).csv
3,9,2,5,1,32.742,32742,-0.49,0.1,9.8,9.8128,-0.0033,0.0044,0.0011,3.0,0.0,285.81,-0.5151,0.0796,9.8455,9.8593,P002_Weight_Stack_Seated_Leg_Extension_Pulling_Too_Fast_1_011 (4).csv
3,9,2,5,1,32.872,32872,-0.5,0.1,9.72,9.7334,0.0011,0.0011,0.0022,3.0,0.0,285.81,-0.5131,0.0823,9.8289,9.8427,P002_Weight_Stack_Seated_Leg_Extension_Pulling_Too_Fast_1_011 (4).csv
3,9,2,5,1,33.003,33003,-0.55,0.05,9.88,9.8954,-0.0065,0.0164,0.0,3.0,0.0,285.81,-0.518,0.078,9.8357,9.8496,P002_Weight_Stack_Seated_Leg_Extension_Pulling_Too_Fast_1_011 (4).csv
3,9,2,5,1,33.175,33175,-0.43,0.04,10.9,10.9086,-0.0055,0.0011,0.0022,2.88,0.0,285.81,-0.5064,0.073,9.9759,9.989,P002_Weight_Stack_Seated_Leg_Extension_Pulling_Too_Fast_1_011 (4).csv
3,9,2,5,1,33.305,33305,-0.64,0.23,11.18,11.2007,-0.0087,0.0087,0.0044,2.88,0.0,285.81,-0.524,0.0937,10.1346,10.1486,P002_Weight_Stack_Seated_Leg_Extension_Pulling_Too_Fast_1_011 (4).csv
3,9,2,5,1,33.435,33435,-0.86,0.07,10.38,10.4158,-0.0044,-0.0436,0.0098,2.94,-0.06,285.88,-0.5683,0.0906,10.1669,10.1832,P002_Weight_Stack_Seated_Leg_Extension_Pulling_Too_Fast_1_011 (4).csv
3,9,2,5,1,33.565,33565,-0.46,0.09,9.28,9.2918,0.0295,-0.0229,-0.0055,2.94,-0.25,285.88,-0.554,0.0905,10.05,10.0657,P002_Weight_Stack_Seated_Leg_Extension_Pulling_Too_Fast_1_011 (4).csv
3,9,2,5,1,33.695,33695,-0.67,0.37,8.22,8.2556,-0.0327,0.0044,-0.0131,2.88,-0.31,285.88,-0.5693,0.1273,9.8089,9.8262,P002_Weight_Stack_Seated_Leg_Extension_Pulling_Too_Fast_1_011 (4).csv
3,9,2,5,1,33.825,33825,-0.66,0.04,7.64,7.6686,-0.0545,0.0207,0.0087,2.94,-0.31,285.88,-0.5812,0.1158,9.5231,9.5415,P002_Weight_Stack_Seated_Leg_Extension_Pulling_Too_Fast_1_011 (4).csv
3,9,2,5,1,33.955,33955,-0.39,0.29,8.21,8.2244,-0.0284,0.0185,-0.0164,2.94,-0.38,285.81,-0.556,0.1388,9.3501,9.3676,P002_Weight_Stack_Seated_Leg_Extension_Pulling_Too_Fast_1_011 (4).csv
3,10,2,5,1,34.086,34086,-0.45,0.12,9.89,9.901,-0.0055,0.0011,0.0044,2.94,-0.38,285.88,-0.5421,0.1363,9.4212,9.4378,P002_Weight_Stack_Seated_Leg_Extension_Pulling_Too_Fast_1_011 (4).csv
3,10,2,5,1,34.259,34259,-0.52,0.0,10.38,10.393,0.0033,-0.0055,0.0044,2.94,-0.38,285.88,-0.5392,0.1183,9.5476,9.5635,P002_Weight_Stack_Seated_Leg_Extension_Pulling_Too_Fast_1_011 (4).csv
3,10,2,5,1,34.389,34389,-0.51,-0.01,9.64,9.6535,0.0033,-0.0011,0.0011,2.94,-0.38,285.88,-0.5353,0.1014,9.5597,9.5752,P002_Weight_Stack_Seated_Leg_Extension_Pulling_Too_Fast_1_011 (4).csv
3,10,2,5,1,34.52,34520,-0.99,0.14,10.03,10.0797,-0.0556,-0.0055,-0.0011,2.94,-0.31,285.88,-0.5952,0.1065,9.6217,9.6407,P002_Weight_Stack_Seated_Leg_Extension_Pulling_Too_Fast_1_011 (4).csv
3,10,2,5,1,34.65,34650,-0.51,0.11,9.37,9.3845,0.0087,-0.0055,-0.0044,2.94,-0.31,285.88,-0.584,0.107,9.5885,9.6069,P002_Weight_Stack_Seated_Leg_Extension_Pulling_Too_Fast_1_011 (4).csv
3,10,2,5,1,34.781,34781,-0.42,0.07,9.75,9.7593,0.0055,0.0033,0.0065,2.94,-0.31,285.88,-0.5624,0.1021,9.6098,9.6268,P002_Weight_Stack_Seated_Leg_Extension_Pulling_Too_Fast_1_011 (4).csv
3,10,2,5,1,34.912,34912,-0.4,0.05,10.02,10.0281,0.0076,0.0,-0.0044,2.94,-0.31,285.88,-0.541,0.0952,9.6639,9.6795,P002_Weight_Stack_Seated_Leg_Extension_Pulling_Too_Fast_1_011 (4).csv
3,10,2,5,1,35.047,35047,-0.48,-0.02,10.04,10.0515,-0.0098,-0.0033,0.0055,2.94,-0.25,285.88,-0.533,0.0801,9.7134,9.7284,P002_Weight_Stack_Seated_Leg_Extension_Pulling_Too_Fast_1_011 (4).csv
3,10,2,5,1,35.178,35178,-0.66,0.14,9.74,9.7633,-0.0022,-0.0033,0.0,2.94,-0.19,285.88,-0.5497,0.088,9.7169,9.7329,P002_Weight_Stack_Seated_Leg_Extension_Pulling_Too_Fast_1_011 (4).csv
3,10,2,5,1,35.351,35351,-0.61,0.07,9.81,9.8292,-0.0022,-0.0087,0.0033,2.94,-0.19,285.88,-0.5576,0.0856,9.7292,9.7455,P002_Weight_Stack_Seated_Leg_Extension_Pulling_Too_Fast_1_011 (4).csv
3,10,2,5,1,35.482,35482,-0.64,-0.09,9.63,9.6517,-0.0033,0.0033,0.0044,2.94,-0.19,285.88,-0.5685,0.0624,9.7161,9.7329,P002_Weight_Stack_Seated_Leg_Extension_Pulling_Too_Fast_1_011 (4).csv
3,10,2,5,1,35.612,35612,-0.47,0.12,10.08,10.0917,-0.012,0.0153,-0.0076,2.94,-0.13,285.88,-0.5555,0.07,9.7641,9.7801,P002_Weight_Stack_Seated_Leg_Extension_Pulling_Too_Fast_1_011 (4).csv
3,10,2,5,1,35.742,35742,-0.52,0.1,9.83,9.8443,0.0,0.0,0.0022,2.94,-0.13,285.88,-0.5508,0.074,9.7728,9.7886,P002_Weight_Stack_Seated_Leg_Extension_Pulling_Too_Fast_1_011 (4).csv
3,10,2,5,1,35.872,35872,-0.49,0.09,9.51,9.523,-0.0011,0.0022,-0.0044,2.94,-0.06,285.88,-0.5428,0.0761,9.7381,9.7535,P002_Weight_Stack_Seated_Leg_Extension_Pulling_Too_Fast_1_011 (4).csv
3,10,2,5,1,36.002,36002,-0.53,0.04,9.7,9.7146,-0.0044,0.0011,-0.0011,2.94,-0.06,285.88,-0.5411,0.0713,9.7331,9.7484,P002_Weight_Stack_Seated_Leg_Extension_Pulling_Too_Fast_1_011 (4).csv
3,10,2,5,1,36.132,36132,-0.43,0.1,10.01,10.0197,0.0,-0.0033,-0.0011,2.94,-0.06,285.88,-0.5265,0.0751,9.7696,9.7841,P002_Weight_Stack_Seated_Leg_Extension_Pulling_Too_Fast_1_011 (4).csv
3,10,2,5,1,36.262,36262,-0.53,0.1,9.99,10.0045,-0.0022,0.0011,0.0,2.94,0.0,285.88,-0.5269,0.0784,9.7986,9.8131,P002_Weight_Stack_Seated_Leg_Extension_Pulling_Too_Fast_1_011 (4).csv
3,10,2,5,1,36.435,36435,-0.51,0.09,10.05,10.0633,0.0,-0.0055,0.0,2.94,0.0,285.88,-0.5247,0.0799,9.8318,9.8461,P002_Weight_Stack_Seated_Leg_Extension_Pulling_Too_Fast_1_011 (4).csv
3,10,2,5,1,36.566,36566,-0.5,0.1,10.16,10.1728,0.0022,-0.0011,0.0011,2.94,0.0,285.88,-0.5215,0.0826,9.875,9.8891,P002_Weight_Stack_Seated_Leg_Extension_Pulling_Too_Fast_1_011 (4).csv
3,10,2,5,1,36.696,36696,-0.53,0.09,9.77,9.7848,-0.0011,0.0,-0.0011,2.94,0.0,285.88,-0.5226,0.0835,9.8612,9.8754,P002_Weight_Stack_Seated_Leg_Extension_Pulling_Too_Fast_1_011 (4).csv
3,10,2,5,1,36.829,36829,-0.5,0.1,9.63,9.6435,0.0011,-0.0011,0.0011,2.94,0.0,285.88,-0.5196,0.0857,9.8307,9.8448,P002_Weight_Stack_Seated_Leg_Extension_Pulling_Too_Fast_1_011 (4).csv
3,10,2,5,1,36.963,36963,-0.54,0.09,10.02,10.0349,0.0011,0.0,-0.0011,2.94,0.0,285.88,-0.5223,0.0863,9.8557,9.8699,P002_Weight_Stack_Seated_Leg_Extension_Pulling_Too_Fast_1_011 (4).csv
3,10,2,5,1,37.094,37094,-0.49,0.03,12.13,12.1399,0.0109,-0.0065,0.0065,2.88,0.0,285.88,-0.518,0.0789,10.1554,10.1689,P002_Weight_Stack_Seated_Leg_Extension_Pulling_Too_Fast_1_011 (4).csv
3,10,2,5,1,37.224,37224,-0.4,-0.11,11.03,11.0378,0.0055,-0.0087,0.0175,2.81,0.0,285.88,-0.5025,0.054,10.2706,10.283,P002_Weight_Stack_Seated_Leg_Extension_Pulling_Too_Fast_1_011 (4).csv
3,10,2,5,1,37.355,37355,-0.39,0.07,9.92,9.9279,0.0284,-0.012,0.0044,2.81,-0.19,285.94,-0.4877,0.0561,10.2244,10.2362,P002_Weight_Stack_Seated_Leg_Extension_Pulling_Too_Fast_1_011 (4).csv
3,10,2,5,1,37.528,37528,-0.47,0.17,8.59,8.6045,0.0447,0.0622,-0.0164,2.81,-0.31,285.94,-0.4853,0.0711,10.009,10.0211,P002_Weight_Stack_Seated_Leg_Extension_Pulling_Too_Fast_1_011 (4).csv
3,10,2,5,1,37.658,37658,-0.47,-0.09,8.39,8.4036,-0.0055,-0.0033,0.0207,2.81,-0.38,285.94,-0.4833,0.0499,9.7957,9.8077,P002_Weight_Stack_Seated_Leg_Extension_Pulling_Too_Fast_1_011 (4).csv
3,10,2,5,1,37.789,37789,-0.29,-0.04,8.04,8.0453,-0.0295,0.0218,-0.0055,2.75,-0.44,285.94,-0.4578,0.038,9.5643,9.5754,P002_Weight_Stack_Seated_Leg_Extension_Pulling_Too_Fast_1_011 (4).csv
3,10,2,5,1,37.92,37920,-0.46,0.1,9.58,9.5916,-0.0262,0.0109,-0.0055,2.75,-0.38,285.94,-0.4581,0.0462,9.5664,9.5775,P002_Weight_Stack_Seated_Leg_Extension_Pulling_Too_Fast_1_011 (4).csv
3,10,2,5,1,38.053,38053,-0.66,-0.01,10.21,10.2313,-0.0065,0.0033,0.0022,2.81,-0.38,286.0,-0.4847,0.0388,9.6512,9.6635,P002_Weight_Stack_Seated_Leg_Extension_Pulling_Too_Fast_1_011 (4).csv
3,10,2,5,1,38.187,38187,-0.44,0.04,10.43,10.4394,0.012,0.0033,-0.0044,2.75,-0.38,286.0,-0.4788,0.0389,9.7538,9.7657,P002_Weight_Stack_Seated_Leg_Extension_Pulling_Too_Fast_1_011 (4).csv
3,10,2,5,1,38.318,38318,-0.53,0.06,10.1,10.1141,0.0262,-0.0273,0.0175,2.81,-0.38,286.0,-0.4856,0.0417,9.7995,9.8116,P002_Weight_Stack_Seated_Leg_Extension_Pulling_Too_Fast_1_011 (4).csv
3,10,2,5,1,38.448,38448,-0.44,0.14,10.09,10.1006,0.0076,-0.0055,-0.0033,2.81,-0.31,286.0,-0.4796,0.0547,9.8377,9.8496,P002_Weight_Stack_Seated_Leg_Extension_Pulling_Too_Fast_1_011 (4).csv
3,10,2,5,1,38.621,38621,-0.52,0.15,9.62,9.6352,-0.0022,0.012,-0.0055,2.75,-0.25,286.0,-0.4849,0.0672,9.809,9.8213,P002_Weight_Stack_Seated_Leg_Extension_Pulling_Too_Fast_1_011 (4).csv
3,1,2,5,1,0.0,0,-0.33,-0.31,9.85,9.8604,-0.0011,0.0033,0.0,2.06,-1.81,273.44,-0.3356,-0.2946,9.849,9.8591,P003_Weight_Stack_Seated_Leg_Extension_Pulling_Too_Fast_1_01.csv
3,1,2,5,1,0.102,102,-0.33,-0.29,9.87,9.8798,-0.0011,0.0022,-0.0022,2.06,-1.81,273.44,-0.3348,-0.294,9.8518,9.8618,P003_Weight_Stack_Seated_Leg_Extension_Pulling_Too_Fast_1_01.csv
3,1,2,5,1,0.215,215,-0.37,-0.29,9.86,9.8712,0.0,0.0011,0.0,2.06,-1.81,273.44,-0.3395,-0.2935,9.8528,9.8631,P003_Weight_Stack_Seated_Leg_Extension_Pulling_Too_Fast_1_01.csv
3,1,2,5,1,0.319,319,-0.33,-0.29,9.86,9.8698,0.0011,0.0,-0.0011,2.06,-1.81,273.44,-0.3382,-0.293,9.8538,9.8639,P003_Weight_Stack_Seated_Leg_Extension_Pulling_Too_Fast_1_01.csv
3,1,2,5,1,0.429,429,-0.34,-0.31,9.82,9.8308,0.0011,0.0033,0.0011,2.06,-1.81,273.44,-0.3384,-0.2953,9.8493,9.8596,P003_Weight_Stack_Seated_Leg_Extension_Pulling_Too_Fast_1_01.csv
3,1,2,5,1,0.531,531,-0.32,-0.29,9.85,9.8595,-0.0011,0.0,0.0,2.06,-1.81,273.44,-0.336,-0.2946,9.8494,9.8596,P003_Weight_Stack_Seated_Leg_Extension_Pulling_Too_Fast_1_01.csv
3,1,2,5,1,0.641,641,-0.36,-0.33,9.85,9.8621,-0.0055,0.0065,-0.0131,2.06,-1.81,273.38,-0.3392,-0.2992,9.8495,9.8599,P003_Weight_Stack_Seated_Leg_Extension_Pulling_Too_Fast_1_01.csv
3,1,2,5,1,0.746,746,-0.49,-0.26,10.65,10.6644,0.0022,0.0022,-0.0055,2.0,-1.75,273.19,-0.3591,-0.2941,9.955,9.9658,P003_Weight_Stack_Seated_Leg_Extension_Pulling_Too_Fast_1_01.csv
3,1,2,5,1,0.86,860,-0.18,-0.11,10.3,10.3022,0.0,-0.0076,-0.0033,2.06,-1.75,273.19,-0.3355,-0.2698,10.0004,10.0097,P003_Weight_Stack_Seated_Leg_Extension_Pulling_Too_Fast_1_01.csv
3,1,2,5,1,0.962,962,-0.47,0.08,10.61,10.6207,0.0033,0.0065,0.0142,2.06,-1.81,273.19,-0.3532,-0.2237,10.0808,10.0894,P003_Weight_Stack_Seated_Leg_Extension_Pulling_Too_Fast_1_01.csv
3,1,2,5,1,1.072,1072,-0.23,-0.91,10.64,10.6813,0.0055,-0.0305,0.0164,2.13,-1.81,273.25,-0.337,-0.3141,10.1545,10.1649,P003_Weight_Stack_Seated_Leg_Extension_Pulling_Too_Fast_1_01.csv
3,1,2,5,1,1.174,1174,-0.49,-0.81,9.09,9.1392,0.0273,0.0044,0.0,2.19,-1.94,273.31,-0.3571,-0.3795,10.0142,10.0277,P003_Weight_Stack_Seated_Leg_Extension_Pulling_Too_Fast_1_01.csv
3,1,2,5,1,1.285,1285,-0.08,-0.1,7.3,7.3011,-0.012,0.0131,0.0218,2.13,-1.94,273.25,-0.3206,-0.3427,9.6565,9.6679,P003_Weight_Stack_Seated_Leg_Extension_Pulling_Too_Fast_1_01.csv
3,1,2,5,1,1.391,1391,-0.44,-0.38,8.12,8.1408,0.0011,-0.0022,0.0142,2.13,-2.0,273.25,-0.3363,-0.3476,9.4541,9.4664,P003_Weight_Stack_Seated_Leg_Extension_Pulling_Too_Fast_1_01.csv
3,1,2,5,1,1.502,1502,-0.48,-0.29,8.95,8.9676,-0.0022,0.0076,0.0207,2.13,-2.0,273.25,-0.3553,-0.34,9.3876,9.4005,P003_Weight_Stack_Seated_Leg_Extension_Pulling_Too_Fast_1_01.csv
3,2,2,5,1,1.604,1604,-0.19,-0.37,10.48,10.4883,-0.0055,0.0044,0.0033,2.13,-2.0,273.25,-0.3335,-0.3439,9.5316,9.5436,P003_Weight_Stack_Seated_Leg_Extension_Pulling_Too_Fast_1_01.csv
3,2,2,5,1,1.714,1714,-0.39,-0.29,10.33,10.3414,0.0,-0.0033,-0.0131,2.13,-2.0,273.25,-0.3409,-0.3368,9.6368,9.6487,P003_Weight_Stack_Seated_Leg_Extension_Pulling_Too_Fast_1_01.csv
3,2,2,5,1,1.821,1821,-0.36,-0.31,9.76,9.7716,0.0033,-0.0022,-0.0055,2.13,-2.0,273.25,-0.3434,-0.3333,9.653,9.6649,P003_Weight_Stack_Seated_Leg_Extension_Pulling_Too_Fast_1_01.csv
3,2,2,5,1,1.933,1933,-0.45,-0.23,9.69,9.7032,0.0011,0.0044,0.0,2.13,-2.0,273.25,-0.3575,-0.3197,9.6579,9.6698,P003_Weight_Stack_Seated_Leg_Extension_Pulling_Too_Fast_1_01.csv
3,2,2,5,1,2.035,2035,-0.37,-0.38,9.67,9.6845,-0.0022,0.0044,0.0044,2.13,-2.0,273.25,-0.3591,-0.3276,9.6595,9.6717,P003_Weight_Stack_Seated_Leg_Extension_Pulling_Too_Fast_1_01.csv
3,2,2,5,1,2.146,2146,-0.22,-0.29,9.99,9.9966,-0.0033,0.0022,-0.0044,2.13,-2.0,273.25,-0.3408,-0.3227,9.703,9.7144,P003_Weight_Stack_Seated_Leg_Extension_Pulling_Too_Fast_1_01.csv
3,2,2,5,1,2.253,2253,-0.37,-0.15,9.59,9.5983,-0.0044,-0.0055,-0.0175,2.13,-2.0,273.25,-0.3447,-0.2999,9.6882,9.6989,P003_Weight_Stack_Seated_Leg_Extension_Pulling_Too_Fast_1_01.csv
3,2,2,5,1,2.364,2364,-0.25,-0.29,9.76,9.7675,0.0033,-0.0033,0.0076,2.13,-2.0,273.25,-0.3322,-0.2986,9.6976,9.7079,P003_Weight_Stack_Seated_Leg_Extension_Pulling_Too_Fast_1_01.csv
3,2,2,5,1,2.466,2466,-0.41,-0.35,9.95,9.9646,0.0044,0.0055,0.0033,2.13,-2.0,273.25,-0.3424,-0.3054,9.7309,9.7417,P003_Weight_Stack_Seated_Leg_Extension_Pulling_Too_Fast_1_01.csv
3,2,2,5,1,2.577,2577,-0.34,-0.42,9.66,9.6751,0.0011,-0.0022,0.0164,2.19,-1.94,273.25,-0.3421,-0.3205,9.7215,9.7328,P003_Weight_Stack_Seated_Leg_Extension_Pulling_Too_Fast_1_01.csv
3,2,2,5,1,2.684,2684,-0.36,-0.32,10.26,10.2713,-0.0033,0.0011,-0.0011,2.19,-1.94,273.25,-0.3445,-0.3204,9.7925,9.8038,P003_Weight_Stack_Seated_Leg_Extension_Pulling_Too_Fast_1_01.csv
3,2,2,5,1,2.795,2795,-0.31,-0.35,9.88,9.8911,0.0011,0.0022,-0.0087,2.19,-1.94,273.25,-0.3399,-0.3243,9.804,9.8153,P003_Weight_Stack_Seated_Leg_Extension_Pulling_Too_Fast_1_01.csv
3,2,2,5,1,2.897,2897,-0.29,-0.29,10.01,10.0184,0.0022,0.0033,-0.0065,2.19,-1.94,273.25,-0.3333,-0.3198,9.8312,9.842,P003_Weight_Stack_Seated_Leg_Extension_Pulling_Too_Fast_1_01.csv
3,2,2,5,1,3.007,3007,-0.11,-0.17,9.61,9.6121,-0.0033,0.0098,-0.0033,2.19,-1.94,273.25,-0.3039,-0.3001,9.802,9.8113,P003_Weight_Stack_Seated_Leg_Extension_Pulling_Too_Fast_1_01.csv
3,2,2,5,1,3.109,3109,-0.25,-0.17,9.63,9.6347,-0.0055,-0.0033,-0.0065,2.13,-1.94,273.25,-0.2968,-0.2829,9.7794,9.7879,P003_Weight_Stack_Seated_Leg_Extension_Pulling_Too_Fast_1_01.csv
3,2,2,5,1,3.225,3225,-0.25,-0.29,10.23,10.2372,0.0,0.0044,-0.0022,2.13,-1.94,273.25,-0.2906,-0.2839,9.8387,9.8471,P003_Weight_Stack_Seated_Leg_Extension_Pulling_Too_Fast_1_01.csv
3,2,2,5,1,3.327,3327,-0.34,-0.14,10.3,10.3066,0.0,0.0011,-0.0076,2.13,-1.94,273.25,-0.2971,-0.2649,9.8995,9.9075,P003_Weight_Stack_Seated_Leg_Extension_Pulling_Too_Fast_1_01.csv
3,2,2,5,1,3.437,3437,-0.37,-0.28,10.11,10.1206,-0.0033,0.0011,0.0022,2.13,-1.94,273.25,-0.3067,-0.2669,9.9273,9.9356,P003_Weight_Stack_Seated_Leg_Extension_Pulling_Too_Fast_1_01.csv
3,2,2,5,1,3.539,3539,-0.33,-0.16,9.46,9.4671,-0.0011,-0.0011,-0.0011,2.13,-1.94,273.25,-0.3098,-0.2528,9.8657,9.8738,P003_Weight_Stack_Seated_Leg_Extension_Pulling_Too_Fast_1_01.csv
3,2,2,5,1,3.649,3649,-0.38,-0.3,10.12,10.1316,0.0,-0.0011,-0.0055,2.13,-1.94,273.25,-0.3191,-0.259,9.8992,9.9077,P003_Weight_Stack_Seated_Leg_Extension_Pulling_Too_Fast_1_01.csv
3,2,2,5,1,3.753,3753,-0.36,-0.27,10.08,10.09,0.0,0.0044,0.0011,2.13,-1.94,273.25,-0.3245,-0.2605,9.923,9.9317,P003_Weight_Stack_Seated_Leg_Extension_Pulling_Too_Fast_1_01.csv
3,2,2,5,1,3.864,3864,-0.35,-0.23,9.86,9.8689,0.0,0.0033,-0.0044,2.13,-1.94,273.25,-0.3278,-0.2565,9.9147,9.9234,P003_Weight_Stack_Seated_Leg_Extension_Pulling_Too_Fast_1_01.csv
3,2,2,5,1,3.968,3968,-0.32,-0.28,9.66,9.6694,0.0011,-0.0011,0.0022,2.13,-1.94,273.25,-0.3268,-0.2596,9.8812,9.89,P003_Weight_Stack_Seated_Leg_Extension_Pulling_Too_Fast_1_01.csv
3,2,2,5,1,4.078,4078,-0.29,-0.31,9.93,9.9391,0.0011,0.0011,-0.0022,2.13,-1.94,273.25,-0.3219,-0.2662,9.8876,9.8964,P003_Weight_Stack_Seated_Leg_Extension_Pulling_Too_Fast_1_01.csv
3,2,2,5,1,4.181,4181,-0.93,-0.31,9.88,9.9285,0.0033,-0.0109,0.0022,2.13,-1.94,273.25,-0.4021,-0.272,9.8866,9.8985,P003_Weight_Stack_Seated_Leg_Extension_Pulling_Too_Fast_1_01.csv
3,2,2,5,1,4.291,4291,-0.26,-0.42,10.03,10.0422,0.0044,0.0,0.0011,2.13,-1.94,273.25,-0.3833,-0.2915,9.9055,9.9172,P003_Weight_Stack_Seated_Leg_Extension_Pulling_Too_Fast_1_01.csv
3,2,2,5,1,4.398,4398,-0.34,-0.27,10.48,10.489,0.0076,-0.0022,0.0011,2.13,-1.94,273.25,-0.3776,-0.2887,9.9812,9.9925,P003_Weight_Stack_Seated_Leg_Extension_Pulling_Too_Fast_1_01.csv
3,2,2,5,1,4.51,4510,-0.07,-0.4,12.25,12.2567,0.0011,-0.0044,0.0065,2.13,-1.94,273.25,-0.3371,-0.3033,10.2802,10.2902,P003_Weight_Stack_Seated_Leg_Extension_Pulling_Too_Fast_1_01.csv
3,2,2,5,1,4.612,4612,-0.48,-0.34,11.72,11.7348,0.0207,-0.0153,0.0153,2.13,-2.0,273.25,-0.3559,-0.3082,10.4699,10.4805,P003_Weight_Stack_Seated_Leg_Extension_Pulling_Too_Fast_1_01.csv
3,2,2,5,1,4.721,4721,-0.43,-0.23,10.48,10.4913,0.0185,-0.0229,0.0065,2.25,-2.06,273.31,-0.3657,-0.2979,10.4712,10.4818,P003_Weight_Stack_Seated_Leg_Extension_Pulling_Too_Fast_1_01.csv
3,2,2,5,1,4.823,4823,-0.74,0.95,9.02,9.1,-0.0404,0.0044,-0.0022,2.19,-2.19,273.31,-0.415,-0.1334,10.28,10.2892,P003_Weight_Stack_Seated_Leg_Extension_Pulling_Too_Fast_1_01.csv
3,2,2,5,1,4.932,4932,-0.74,0.31,7.75,7.7914,0.0098,0.0,-0.0022,2.19,-2.25,273.31,-0.4578,-0.075,9.9466,9.9574,P003_Weight_Stack_Seated_Leg_Extension_Pulling_Too_Fast_1_01.csv
3,2,2,5,1,5.038,5038,-0.41,-0.21,7.58,7.594,0.0055,-0.0011,-0.012,2.25,-2.25,273.31,-0.4515,-0.0928,9.6347,9.6458,P003_Weight_Stack_Seated_Leg_Extension_Pulling_Too_Fast_1_01.csv
3,2,2,5,1,5.151,5151,-0.42,-0.3,8.39,8.4059,-0.0033,0.0022,0.0022,2.25,-2.25,273.31,-0.4474,-0.1201,9.4707,9.482,P003_Weight_Stack_Seated_Leg_Extension_Pulling_Too_Fast_1_01.csv
3,3,2,5,1,5.253,5253,-0.29,-0.32,10.04,10.0493,0.0022,0.0022,0.012,2.25,-2.25,273.31,-0.4266,-0.1464,9.5457,9.5564,P003_Weight_Stack_Seated_Leg_Extension_Pulling_Too_Fast_1_01.csv
3,3,2,5,1,5.363,5363,-0.61,-0.31,10.41,10.4325,0.0,0.0022,0.0,2.25,-2.25,273.31,-0.4508,-0.168,9.6596,9.6716,P003_Weight_Stack_Seated_Leg_Extension_Pulling_Too_Fast_1_01.csv
3,3,2,5,1,5.465,5465,-0.52,-0.38,9.79,9.8112,-0.0011,0.0,0.0218,2.25,-2.19,273.31,-0.4599,-0.1959,9.6768,9.6897,P003_Weight_Stack_Seated_Leg_Extension_Pulling_Too_Fast_1_01.csv
3,3,2,5,1,5.574,5574,-0.33,-0.41,9.66,9.6743,0.0033,0.0044,0.0142,2.25,-2.19,273.38,-0.4428,-0.2241,9.6746,9.6873,P003_Weight_Stack_Seated_Leg_Extension_Pulling_Too_Fast_1_01.csv
3,3,2,5,1,5.682,5682,-0.31,-0.28,9.67,9.679,-0.0011,0.0022,0.0011,2.25,-2.19,273.31,-0.4253,-0.2315,9.674,9.6861,P003_Weight_Stack_Seated_Leg_Extension_Pulling_Too_Fast_1_01.csv
3,3,2,5,1,5.793,5793,-0.3,-0.21,9.74,9.7469,0.0,0.0,-0.0044,2.19,-2.19,273.38,-0.4088,-0.2287,9.6827,9.694,P003_Weight_Stack_Seated_Leg_Extension_Pulling_Too_Fast_1_01.csv
3,3,2,5,1,5.895,5895,-0.37,-0.24,9.69,9.7,-0.0076,-0.0076,0.0109,2.19,-2.19,273.38,-0.4037,-0.2302,9.6836,9.6948,P003_Weight_Stack_Seated_Leg_Extension_Pulling_Too_Fast_1_01.csv
3,3,2,5,1,6.005,6005,-0.42,-0.32,9.99,10.0039,0.0,0.0033,0.0065,2.19,-2.19,273.38,-0.4058,-0.242,9.724,9.7355,P003_Weight_Stack_Seated_Leg_Extension_Pulling_Too_Fast_1_01.csv
3,3,2,5,1,6.111,6111,-0.08,-1.0,9.9,9.9507,0.0011,0.0044,0.0011,2.19,-2.19,273.38,-0.3629,-0.3419,9.7472,9.76,P003_Weight_Stack_Seated_Leg_Extension_Pulling_Too_Fast_1_01.csv
3,3,2,5,1,6.224,6224,-0.55,-0.36,10.11,10.1313,-0.0065,0.0022,-0.0022,2.25,-2.13,273.38,-0.3875,-0.3443,9.795,9.8087,P003_Weight_Stack_Seated_Leg_Extension_Pulling_Too_Fast_1_01.csv
3,3,2,5,1,6.326,6326,-0.5,-0.37,10.23,10.2489,0.0,0.0076,0.0087,2.25,-2.13,273.38,-0.4024,-0.3477,9.8523,9.8667,P003_Weight_Stack_Seated_Leg_Extension_Pulling_Too_Fast_1_01.csv
3,3,2,5,1,6.436,6436,-0.58,-0.18,10.28,10.2979,-0.0022,0.0022,-0.0033,2.25,-2.13,273.38,-0.4258,-0.3256,9.9087,9.9232,P003_Weight_Stack_Seated_Leg_Extension_Pulling_Too_Fast_1_01.csv
3,3,2,5,1,6.544,6544,-0.39,-0.27,9.71,9.7216,-0.0033,0.0065,-0.0011,2.25,-2.13,273.38,-0.4211,-0.3182,9.8825,9.8966,P003_Weight_Stack_Seated_Leg_Extension_Pulling_Too_Fast_1_01.csv
3,3,2,5,1,6.655,6655,-0.46,-0.18,9.31,9.3231,-0.0011,0.0076,-0.0065,2.25,-2.13,273.38,-0.4262,-0.3,9.8071,9.8209,P003_Weight_Stack_Seated_Leg_Extension_Pulling_Too_Fast_1_01.csv
3,3,2,5,1,6.757,6757,-0.35,-0.39,9.96,9.9738,-0.0022,-0.0044,-0.0022,2.19,-2.13,273.38,-0.4162,-0.3119,9.8272,9.841,P003_Weight_Stack_Seated_Leg_Extension_Pulling_Too_Fast_1_01.csv
3,3,2,5,1,6.868,6868,-0.24,-0.26,10.12,10.1262,0.0,0.0076,-0.0022,2.19,-2.13,273.38,-0.3929,-0.305,9.8658,9.8783,P003_Weight_Stack_Seated_Leg_Extension_Pulling_Too_Fast_1_01.csv
3,3,2,5,1,6.971,6971,-0.29,-0.33,9.8,9.8098,-0.0022,0.0033,0.0044,2.19,-2.06,273.38,-0.3794,-0.3083,9.8571,9.8692,P003_Weight_Stack_Seated_Leg_Extension_Pulling_Too_Fast_1_01.csv
3,3,2,5,1,7.082,7082,-0.35,-0.3,9.97,9.9807,-0.0033,-0.0055,-0.0011,2.19,-2.06,273.38,-0.3755,-0.3072,9.872,9.8839,P003_Weight_Stack_Seated_Leg_Extension_Pulling_Too_Fast_1_01.csv
3,3,2,5,1,7.186,7186,-0.42,-0.26,10.01,10.0222,-0.0011,0.0065,0.0,2.19,-2.06,273.38,-0.3814,-0.301,9.8902,9.9021,P003_Weight_Stack_Seated_Leg_Extension_Pulling_Too_Fast_1_01.csv
3,3,2,5,1,7.297,7297,-0.41,-0.3,9.92,9.933,0.0011,0.0055,-0.0022,2.19,-2.06,273.38,-0.3851,-0.3009,9.8941,9.9062,P003_Weight_Stack_Seated_Leg_Extension_Pulling_Too_Fast_1_01.csv
3,3,2,5,1,7.399,7399,-0.27,-0.26,9.61,9.6173,0.0,0.0098,-0.0011,2.19,-2.06,273.38,-0.37,-0.2955,9.8567,9.868,P003_Weight_Stack_Seated_Leg_Extension_Pulling_Too_Fast_1_01.csv
3,3,2,5,1,7.509,7509,-0.24,-0.95,9.71,9.7593,0.0044,0.0142,0.012,2.13,-2.06,273.44,-0.3528,-0.3817,9.8373,9.8511,P003_Weight_Stack_Seated_Leg_Extension_Pulling_Too_Fast_1_01.csv
3,3,2,5,1,7.617,7617,-0.39,-0.23,9.98,9.9903,0.0033,0.0,-0.0033,2.13,-2.0,273.38,-0.3577,-0.3617,9.8561,9.8693,P003_Weight_Stack_Seated_Leg_Extension_Pulling_Too_Fast_1_01.csv
3,3,2,5,1,7.728,7728,-0.18,-0.46,11.62,11.6305,0.0055,-0.0087,-0.0076,2.13,-2.0,273.44,-0.3343,-0.3747,10.0886,10.1011,P003_Weight_Stack_Seated_Leg_Extension_Pulling_Too_Fast_1_01.csv
3,3,2,5,1,7.83,7830,-0.05,-0.57,12.19,12.2034,0.0065,0.0065,0.0098,2.19,-2.06,273.44,-0.2969,-0.4004,10.3655,10.3775,P003_Weight_Stack_Seated_Leg_Extension_Pulling_Too_Fast_1_01.csv
3,3,2,5,1,7.94,7940,-0.61,0.44,10.13,10.1579,0.0065,-0.0316,0.0011,2.25,-2.19,273.5,-0.3381,-0.2897,10.3345,10.344,P003_Weight_Stack_Seated_Leg_Extension_Pulling_Too_Fast_1_01.csv
3,3,2,5,1,8.048,8048,0.27,-0.5,8.35,8.3693,-0.0109,0.0098,-0.048,2.25,-2.25,273.5,-0.258,-0.3174,10.073,10.0813,P003_Weight_Stack_Seated_Leg_Extension_Pulling_Too_Fast_1_01.csv
3,3,2,5,1,8.158,8158,-0.03,-0.5,7.14,7.1575,0.0109,0.0055,0.0076,2.25,-2.38,273.44,-0.2279,-0.3415,9.6865,9.6952,P003_Weight_Stack_Seated_Leg_Extension_Pulling_Too_Fast_1_01.csv
3,3,2,5,1,8.261,8261,-0.34,-0.24,7.65,7.6613,0.0044,0.0,0.0044,2.25,-2.38,273.44,-0.2427,-0.3281,9.4181,9.427,P003_Weight_Stack_Seated_Leg_Extension_Pulling_Too_Fast_1_01.csv
3,3,2,5,1,8.371,8371,-0.19,-0.34,9.12,9.1283,-0.0011,-0.0011,0.0,2.25,-2.38,273.5,-0.2358,-0.3297,9.3788,9.3876,P003_Weight_Stack_Seated_Leg_Extension_Pulling_Too_Fast_1_01.csv
3,4,2,5,1,8.473,8473,-0.27,-0.42,10.11,10.1223,-0.0022,0.0011,0.0044,2.25,-2.38,273.5,-0.2403,-0.3416,9.4752,9.4844,P003_Weight_Stack_Seated_Leg_Extension_Pulling_Too_Fast_1_01.csv
3,4,2,5,1,8.589,8589,-0.14,-0.23,10.67,10.6734,-0.0175,0.0131,-0.0055,2.25,-2.31,273.5,-0.2271,-0.3269,9.6326,9.6408,P003_Weight_Stack_Seated_Leg_Extension_Pulling_Too_Fast_1_01.csv
3,4,2,5,1,8.691,8691,-0.24,-0.24,10.44,10.4455,0.0,0.0,-0.0175,2.25,-2.38,273.5,-0.2288,-0.3154,9.739,9.7468,P003_Weight_Stack_Seated_Leg_Extension_Pulling_Too_Fast_1_01.csv
3,4,2,5,1,8.801,8801,-0.33,-0.44,9.46,9.476,0.0033,-0.0055,0.0131,2.25,-2.31,273.5,-0.2421,-0.3318,9.7023,9.7109,P003_Weight_Stack_Seated_Leg_Extension_Pulling_Too_Fast_1_01.csv
3,4,2,5,1,8.903,8903,-0.48,-0.32,9.16,9.1781,0.0011,0.0,0.012,2.25,-2.31,273.5,-0.2735,-0.3303,9.6308,9.6403,P003_Weight_Stack_Seated_Leg_Extension_Pulling_Too_Fast_1_01.csv
3,4,2,5,1,9.013,9013,-0.4,-0.32,9.47,9.4838,0.0,0.0011,-0.0033,2.25,-2.31,273.5,-0.2901,-0.3289,9.6096,9.6196,P003_Weight_Stack_Seated_Leg_Extension_Pulling_Too_Fast_1_01.csv
3,4,2,5,1,9.116,9116,-0.38,-0.41,9.83,9.8459,0.0022,0.0011,0.0098,2.25,-2.31,273.5,-0.302,-0.3396,9.6386,9.6494,P003_Weight_Stack_Seated_Leg_Extension_Pulling_Too_Fast_1_01.csv
3,4,2,5,1,9.226,9226,-0.41,-0.34,9.73,9.7446,0.0044,0.0044,0.0033,2.19,-2.25,273.5,-0.3162,-0.3397,9.6507,9.6618,P003_Weight_Stack_Seated_Leg_Extension_Pulling_Too_Fast_1_01.csv
3,4,2,5,1,9.329,9329,-0.72,-0.03,9.87,9.8963,0.0022,0.0011,-0.0065,2.19,-2.25,273.5,-0.3694,-0.2989,9.6796,9.6912,P003_Weight_Stack_Seated_Leg_Extension_Pulling_Too_Fast_1_01.csv
3,4,2,5,1,9.442,9442,-0.37,-0.28,9.93,9.9408,0.0098,-0.0131,0.0011,2.25,-2.19,273.5,-0.3695,-0.2964,9.7126,9.7241,P003_Weight_Stack_Seated_Leg_Extension_Pulling_Too_Fast_1_01.csv
3,4,2,5,1,9.544,9544,-0.21,-0.29,9.81,9.8165,-0.0011,0.0076,0.0022,2.25,-2.19,273.5,-0.3485,-0.2955,9.7254,9.7361,P003_Weight_Stack_Seated_Leg_Extension_Pulling_Too_Fast_1_01.csv
3,4,2,5,1,9.655,9655,-0.21,-0.26,9.63,9.6358,-0.0044,0.0076,-0.0033,2.25,-2.19,273.5,-0.3302,-0.2908,9.7128,9.7228,P003_Weight_Stack_Seated_Leg_Extension_Pulling_Too_Fast_1_01.csv
3,4,2,5,1,9.762,9762,-0.28,-0.37,9.61,9.6212,0.0065,-0.0022,-0.0065,2.19,-2.19,273.5,-0.3236,-0.3013,9.6993,9.7094,P003_Weight_Stack_Seated_Leg_Extension_Pulling_Too_Fast_1_01.csv
3,4,2,5,1,9.873,9873,-0.48,-0.32,8.94,8.9586,-0.0022,0.0109,0.0022,2.19,-2.19,273.5,-0.3442,-0.3037,9.5992,9.6102,P003_Weight_Stack_Seated_Leg_Extension_Pulling_Too_Fast_1_01.csv
3,4,2,5,1,9.975,9975,-0.62,-0.18,9.24,9.2625,-0.0076,-0.0055,0.0065,2.13,-2.19,273.5,-0.3806,-0.2874,9.5519,9.5638,P003_Weight_Stack_Seated_Leg_Extension_Pulling_Too_Fast_1_01.csv
3,4,2,5,1,10.084,10084,-0.43,-0.18,9.9,9.911,-0.0044,0.0055,-0.0022,2.13,-2.19,273.5,-0.3871,-0.2733,9.5978,9.6095,P003_Weight_Stack_Seated_Leg_Extension_Pulling_Too_Fast_1_01.csv
3,4,2,5,1,10.186,10186,-0.4,-0.29,10.0,10.0122,-0.0055,0.0087,0.0,2.13,-2.13,273.5,-0.3888,-0.2755,9.6508,9.6625,P003_Weight_Stack_Seated_Leg_Extension_Pulling_Too_Fast_1_01.csv
3,4,2,5,1,10.296,10296,-0.3,-0.27,9.76,9.7683,-0.0033,0.0076,-0.0022,2.13,-2.13,273.5,-0.3771,-0.2748,9.6652,9.6764,P003_Weight_Stack_Seated_Leg_Extension_Pulling_Too_Fast_1_01.csv
3,4,2,5,1,10.404,10404,-0.3,-0.27,9.79,9.7983,-0.0011,0.0022,-0.0022,2.13,-2.13,273.5,-0.3669,-0.2741,9.6816,9.6924,P003_Weight_Stack_Seated_Leg_Extension_Pulling_Too_Fast_1_01.csv
3,4,2,5,1,10.515,10515,-0.37,-0.31,9.86,9.8718,0.0022,-0.0011,0.0022,2.13,-2.13,273.5,-0.3673,-0.2789,9.7051,9.7161,P003_Weight_Stack_Seated_Leg_Extension_Pulling_Too_Fast_1_01.csv
3,4,2,5,1,10.617,10617,-0.34,-0.25,10.46,10.4685,0.0022,0.0044,-0.0011,2.13,-2.13,273.5,-0.3637,-0.2751,9.8046,9.8152,P003_Weight_Stack_Seated_Leg_Extension_Pulling_Too_Fast_1_01.csv
3,4,2,5,1,10.728,10728,-0.27,-0.19,10.51,10.5152,0.0011,0.0065,-0.0022,2.13,-2.13,273.5,-0.3514,-0.2638,9.8976,9.9073,P003_Weight_Stack_Seated_Leg_Extension_Pulling_Too_Fast_1_01.csv
3,4,2,5,1,10.83,10830,-0.44,-0.28,11.57,11.5817,0.0044,-0.0098,0.0065,2.13,-2.13,273.5,-0.3631,-0.266,10.1179,10.1279,P003_Weight_Stack_Seated_Leg_Extension_Pulling_Too_Fast_1_01.csv
3,4,2,5,1,10.941,10941,-0.22,0.02,11.57,11.5721,0.0033,0.012,0.0076,2.13,-2.19,273.5,-0.3442,-0.2283,10.3093,10.3176,P003_Weight_Stack_Seated_Leg_Extension_Pulling_Too_Fast_1_01.csv
3,5,2,5,1,11.046,11046,-0.34,-0.15,10.19,10.1968,0.0142,-0.0164,-0.0109,2.25,-2.25,273.56,-0.3436,-0.218,10.2936,10.3016,P003_Weight_Stack_Seated_Leg_Extension_Pulling_Too_Fast_1_01.csv
3,5,2,5,1,11.156,11156,-0.09,-0.61,9.67,9.6896,-0.0011,0.0109,-0.0065,2.25,-2.38,273.56,-0.3102,-0.2696,10.2114,10.2197,P003_Weight_Stack_Seated_Leg_Extension_Pulling_Too_Fast_1_01.csv
3,5,2,5,1,11.258,11258,-0.23,-0.04,8.68,8.6831,-0.0055,0.0033,-0.0295,2.25,-2.44,273.56,-0.2997,-0.2394,10.0096,10.0169,P003_Weight_Stack_Seated_Leg_Extension_Pulling_Too_Fast_1_01.csv
3,5,2,5,1,11.367,11367,-0.57,-0.15,7.83,7.8522,0.0044,-0.0022,0.0218,2.25,-2.44,273.5,-0.3353,-0.2276,9.7224,9.7308,P003_Weight_Stack_Seated_Leg_Extension_Pulling_Too_Fast_1_01.csv
3,5,2,5,1,11.469,11469,-0.28,-0.18,8.57,8.5765,0.0,0.0022,0.0131,2.25,-2.44,273.5,-0.328,-0.2213,9.5705,9.5787,P003_Weight_Stack_Seated_Leg_Extension_Pulling_Too_Fast_1_01.csv
3,5,2,5,1,11.579,11579,-0.46,-0.38,9.54,9.5586,-0.0207,-0.0305,0.0273,2.25,-2.38,273.5,-0.3454,-0.2422,9.5665,9.5758,P003_Weight_Stack_Seated_Leg_Extension_Pulling_Too_Fast_1_01.csv
3,5,2,5,1,11.681,11681,-0.47,-0.34,10.45,10.4661,-0.0022,0.0022,0.0295,2.31,-2.38,273.56,-0.3618,-0.2551,9.6829,9.693,P003_Weight_Stack_Seated_Leg_Extension_Pulling_Too_Fast_1_01.csv
3,5,2,5,1,11.794,11794,-0.26,-0.29,10.01,10.0176,-0.0011,0.0033,-0.0076,2.25,-2.38,273.63,-0.3484,-0.2597,9.726,9.7357,P003_Weight_Stack_Seated_Leg_Extension_Pulling_Too_Fast_1_01.csv
3,5,2,5,1,11.898,11898,-0.13,-0.2,10.16,10.1628,0.0011,-0.0131,-0.0262,2.25,-2.38,273.56,-0.3196,-0.2518,9.7832,9.7917,P003_Weight_Stack_Seated_Leg_Extension_Pulling_Too_Fast_1_01.csv
3,5,2,5,1,12.008,12008,-0.03,-0.14,10.67,10.671,0.0,0.0022,-0.0022,2.31,-2.38,273.63,-0.2815,-0.2371,9.9001,9.9069,P003_Weight_Stack_Seated_Leg_Extension_Pulling_Too_Fast_1_01.csv
3,5,2,5,1,12.111,12111,0.0,-0.35,10.2,10.206,0.0011,-0.0022,0.0044,2.31,-2.38,273.63,-0.2444,-0.252,9.9396,9.9458,P003_Weight_Stack_Seated_Leg_Extension_Pulling_Too_Fast_1_01.csv
3,5,2,5,1,12.224,12224,-0.33,-0.3,9.32,9.3307,0.0011,-0.0022,0.0284,2.31,-2.38,273.63,-0.2556,-0.2583,9.8579,9.8646,P003_Weight_Stack_Seated_Leg_Extension_Pulling_Too_Fast_1_01.csv
3,5,2,5,1,12.329,12329,-0.47,-0.34,9.27,9.2881,0.0,-0.0033,0.0338,2.31,-2.38,273.69,-0.2839,-0.2691,9.7805,9.7883,P003_Weight_Stack_Seated_Leg_Extension_Pulling_Too_Fast_1_01.csv
3,5,2,5,1,12.439,12439,-0.38,-0.51,9.07,9.0923,-0.012,-0.0305,0.0131,2.31,-2.31,273.69,-0.2966,-0.3008,9.6868,9.6961,P003_Weight_Stack_Seated_Leg_Extension_Pulling_Too_Fast_1_01.csv
3,5,2,5,1,12.542,12542,-0.6,-0.25,8.89,8.9137,0.0,0.0022,0.012,2.31,-2.31,273.63,-0.3365,-0.2941,9.5818,9.5923,P003_Weight_Stack_Seated_Leg_Extension_Pulling_Too_Fast_1_01.csv
3,5,2,5,1,12.652,12652,-0.54,-0.36,8.99,9.0134,0.0087,-0.0044,0.0076,2.31,-2.31,273.63,-0.3634,-0.3028,9.5039,9.5156,P003_Weight_Stack_Seated_Leg_Extension_Pulling_Too_Fast_1_01.csv
3,5,2,5,1,12.76,12760,-0.48,-0.19,11.2,11.2119,0.0011,0.0011,0.0109,2.31,-2.31,273.63,-0.3787,-0.2879,9.7274,9.739,P003_Weight_Stack_Seated_Leg_Extension_Pulling_Too_Fast_1_01.csv
3,5,2,5,1,12.871,12871,-0.34,-0.4,11.13,11.1424,-0.0087,0.012,0.0,2.25,-2.31,273.63,-0.3736,-0.3027,9.9122,9.9239,P003_Weight_Stack_Seated_Leg_Extension_Pulling_Too_Fast_1_01.csv
3,5,2,5,1,12.973,12973,-0.39,-0.26,9.36,9.3717,-0.0087,0.0065,-0.0044,2.25,-2.31,273.63,-0.3758,-0.2971,9.8394,9.8511,P003_Weight_Stack_Seated_Leg_Extension_Pulling_Too_Fast_1_01.csv
3,5,2,5,1,13.083,13083,-0.25,-0.42,9.25,9.2629,-0.0011,0.0011,-0.0044,2.25,-2.31,273.63,-0.3592,-0.3133,9.7618,9.7734,P003_Weight_Stack_Seated_Leg_Extension_Pulling_Too_Fast_1_01.csv
3,5,2,5,1,13.185,13185,-0.23,-0.27,10.32,10.3261,0.0,0.0065,-0.0011,2.25,-2.31,273.63,-0.3422,-0.3076,9.8353,9.8461,P003_Weight_Stack_Seated_Leg_Extension_Pulling_Too_Fast_1_01.csv
3,5,2,5,1,13.3,13300,-0.33,-0.27,10.41,10.4187,-0.0011,0.0033,-0.0011,2.25,-2.31,273.63,-0.3406,-0.3026,9.911,9.9215,P003_Weight_Stack_Seated_Leg_Extension_Pulling_Too_Fast_1_01.csv
3,5,2,5,1,13.402,13402,-0.36,-0.27,10.04,10.0501,-0.0011,0.0022,-0.0011,2.25,-2.25,273.63,-0.3431,-0.2983,9.928,9.9384,P003_Weight_Stack_Seated_Leg_Extension_Pulling_Too_Fast_1_01.csv
3,5,2,5,1,13.512,13512,-0.32,-0.32,9.72,9.7305,-0.0033,0.0,-0.0022,2.25,-2.25,273.63,-0.3401,-0.3012,9.9006,9.911,P003_Weight_Stack_Seated_Leg_Extension_Pulling_Too_Fast_1_01.csv
3,5,2,5,1,13.615,13615,-0.28,-0.25,9.74,9.7472,0.0,0.0011,-0.0011,2.25,-2.25,273.63,-0.3322,-0.2944,9.8795,9.8894,P003_Weight_Stack_Seated_Leg_Extension_Pulling_Too_Fast_1_01.csv
3,5,2,5,1,13.725,13725,-0.28,-0.29,9.97,9.9781,0.0,0.0022,0.0,2.19,-2.19,273.63,-0.3253,-0.2939,9.8914,9.9011,P003_Weight_Stack_Seated_Leg_Extension_Pulling_Too_Fast_1_01.csv
3,5,2,5,1,13.83,13830,-0.25,-0.3,9.71,9.7178,0.0022,0.0033,0.0022,2.19,-2.19,273.63,-0.3154,-0.2947,9.8675,9.8769,P003_Weight_Stack_Seated_Leg_Extension_Pulling_Too_Fast_1_01.csv
3,5,2,5,1,13.941,13941,-0.33,-0.25,9.74,9.7488,-0.0011,0.0022,-0.0022,2.19,-2.13,273.63,-0.3173,-0.2888,9.8507,9.86,P003_Weight_Stack_Seated_Leg_Extension_Pulling_Too_Fast_1_01.csv
3,5,2,5,1,14.044,14044,-0.36,-0.27,10.27,10.2799,0.0022,0.0011,0.0,2.19,-2.13,273.63,-0.3229,-0.2863,9.9059,9.9153,P003_Weight_Stack_Seated_Leg_Extension_Pulling_Too_Fast_1_01.csv
3,5,2,5,1,14.154,14154,-0.41,-0.26,11.04,11.0507,0.0044,-0.0011,-0.0065,2.19,-2.13,273.63,-0.3344,-0.2828,10.0554,10.0649,P003_Weight_Stack_Seated_Leg_Extension_Pulling_Too_Fast_1_01.csv
3,5,2,5,1,14.257,14257,-0.34,-0.21,11.8,11.8068,0.0098,-0.012,0.0,2.19,-2.13,273.63,-0.3351,-0.2732,10.2853,10.2944,P003_Weight_Stack_Seated_Leg_Extension_Pulling_Too_Fast_1_01.csv
3,5,2,5,1,14.367,14367,-0.22,-0.12,11.29,11.2928,0.0142,-0.0207,0.0131,2.19,-2.19,273.69,-0.32,-0.253,10.4177,10.4257,P003_Weight_Stack_Seated_Leg_Extension_Pulling_Too_Fast_1_01.csv
3,5,2,5,1,14.474,14474,-0.3,0.02,10.75,10.7542,0.0022,-0.0065,-0.0131,2.31,-2.25,273.69,-0.3173,-0.2171,10.4615,10.4685,P003_Weight_Stack_Seated_Leg_Extension_Pulling_Too_Fast_1_01.csv
3,6,2,5,1,14.585,14585,-0.19,0.02,7.8,7.8023,-0.0055,-0.0011,0.0109,2.31,-2.38,273.69,-0.3006,-0.1858,10.1108,10.1169,P003_Weight_Stack_Seated_Leg_Extension_Pulling_Too_Fast_1_01.csv
3,6,2,5,1,14.688,14688,-0.45,-0.15,6.82,6.8365,0.0076,0.0087,-0.0065,2.31,-2.44,273.69,-0.3202,-0.1811,9.6771,9.6841,P003_Weight_Stack_Seated_Leg_Extension_Pulling_Too_Fast_1_01.csv
3,6,2,5,1,14.797,14797,-0.48,-0.26,7.33,7.3503,0.0011,-0.0055,0.0164,2.31,-2.44,273.69,-0.3413,-0.1915,9.3678,9.376,P003_Weight_Stack_Seated_Leg_Extension_Pulling_Too_Fast_1_01.csv
3,6,2,5,1,14.901,14901,-0.63,-0.05,10.4,10.4192,-0.0055,-0.0011,0.0011,2.31,-2.44,273.69,-0.3793,-0.1729,9.5038,9.513,P003_Weight_Stack_Seated_Leg_Extension_Pulling_Too_Fast_1_01.csv
3,6,2,5,1,15.016,15016,-0.18,-0.27,11.36,11.3646,-0.0218,0.0098,-0.012,2.31,-2.44,273.69,-0.3531,-0.1857,9.7484,9.7566,P003_Weight_Stack_Seated_Leg_Extension_Pulling_Too_Fast_1_01.csv
3,6,2,5,1,15.118,15118,-0.22,-0.38,10.59,10.5991,0.0033,-0.0055,-0.0065,2.31,-2.44,273.69,-0.3355,-0.2113,9.8593,9.8673,P003_Weight_Stack_Seated_Leg_Extension_Pulling_Too_Fast_1_01.csv
3,6,2,5,1,15.228,15228,-0.39,-0.39,9.53,9.5459,0.0022,0.0,0.0098,2.31,-2.44,273.69,-0.3427,-0.2348,9.8159,9.8247,P003_Weight_Stack_Seated_Leg_Extension_Pulling_Too_Fast_1_01.csv
3,6,2,5,1,15.33,15330,-0.29,-0.34,9.89,9.9001,0.0022,0.0,0.0109,2.31,-2.38,273.69,-0.3358,-0.2487,9.8257,9.8346,P003_Weight_Stack_Seated_Leg_Extension_Pulling_Too_Fast_1_01.csv
3,6,2,5,1,15.44,15440,-0.34,-0.18,10.19,10.1973,-0.0022,-0.0011,-0.0022,2.31,-2.38,273.69,-0.3363,-0.2396,9.8737,9.8823,P003_Weight_Stack_Seated_Leg_Extension_Pulling_Too_Fast_1_01.csv
3,6,2,5,1,15.542,15542,-0.33,-0.4,9.86,9.8736,0.0033,-0.0033,0.0087,2.31,-2.38,273.69,-0.3355,-0.2608,9.8719,9.881,P003_Weight_Stack_Seated_Leg_Extension_Pulling_Too_Fast_1_01.csv
3,6,2,5,1,15.654,15654,-0.32,-0.25,9.11,9.119,0.0011,0.0,0.0,2.31,-2.38,273.69,-0.3335,-0.2593,9.7715,9.7806,P003_Weight_Stack_Seated_Leg_Extension_Pulling_Too_Fast_1_01.csv
3,6,2,5,1,15.758,15758,-0.21,-0.2,9.81,9.8143,0.0,0.0011,0.0055,2.31,-2.38,273.69,-0.3172,-0.2515,9.7766,9.7849,P003_Weight_Stack_Seated_Leg_Extension_Pulling_Too_Fast_1_01.csv
3,6,2,5,1,15.869,15869,-0.48,-0.18,9.65,9.6636,0.0,0.0011,0.0055,2.31,-2.38,273.75,-0.3386,-0.2421,9.7599,9.7688,P003_Weight_Stack_Seated_Leg_Extension_Pulling_Too_Fast_1_01.csv
3,6,2,5,1,15.971,15971,-0.5,-0.14,9.84,9.8537,-0.0065,-0.0175,0.0,2.38,-2.38,273.75,-0.3599,-0.2286,9.7704,9.7797,P003_Weight_Stack_Seated_Leg_Extension_Pulling_Too_Fast_1_01.csv
3,6,2,5,1,16.081,16081,-0.37,-0.27,9.97,9.9805,0.0022,-0.0022,0.0,2.38,-2.31,273.75,-0.3612,-0.2341,9.7967,9.8062,P003_Weight_Stack_Seated_Leg_Extension_Pulling_Too_Fast_1_01.csv
3,6,2,5,1,16.189,16189,-0.45,-0.29,9.83,9.8446,-0.0076,0.0033,-0.0011,2.38,-2.31,273.75,-0.3729,-0.2415,9.8011,9.8112,P003_Weight_Stack_Seated_Leg_Extension_Pulling_Too_Fast_1_01.csv
3,6,2,5,1,16.3,16300,-0.36,-0.3,10.09,10.1009,-0.0033,0.0033,-0.0011,2.38,-2.31,273.75,-0.3712,-0.2492,9.8392,9.8493,P003_Weight_Stack_Seated_Leg_Extension_Pulling_Too_Fast_1_01.csv
3,6,2,5,1,16.402,16402,-0.44,-0.27,9.89,9.9035,0.0,0.0109,-0.0033,2.38,-2.31,273.75,-0.3803,-0.2519,9.8459,9.8564,P003_Weight_Stack_Seated_Leg_Extension_Pulling_Too_Fast_1_01.csv
3,6,2,5,1,16.511,16511,-0.39,-0.23,9.94,9.9503,-0.0065,0.0022,-0.0076,2.31,-2.31,273.75,-0.3816,-0.249,9.8583,9.8688,P003_Weight_Stack_Seated_Leg_Extension_Pulling_Too_Fast_1_01.csv
3,6,2,5,1,16.613,16613,-0.5,-0.33,10.14,10.1577,0.0033,-0.0055,-0.0022,2.25,-2.25,273.75,-0.3972,-0.2597,9.8954,9.9068,P003_Weight_Stack_Seated_Leg_Extension_Pulling_Too_Fast_1_01.csv
3,6,2,5,1,16.724,16724,-0.34,-0.15,9.61,9.6172,-0.0065,0.0065,0.0033,2.25,-2.25,273.75,-0.3896,-0.2452,9.8578,9.8685,P003_Weight_Stack_Seated_Leg_Extension_Pulling_Too_Fast_1_01.csv
3,6,2,5,1,16.83,16830,-0.37,-0.21,9.23,9.2398,-0.0011,0.0011,0.0,2.25,-2.19,273.75,-0.3871,-0.2406,9.7751,9.7857,P003_Weight_Stack_Seated_Leg_Extension_Pulling_Too_Fast_1_01.csv
3,6,2,5,1,16.941,16941,-0.36,-0.38,9.96,9.9737,-0.0022,0.0065,0.0,2.25,-2.19,273.75,-0.3835,-0.259,9.7994,9.8104,P003_Weight_Stack_Seated_Leg_Extension_Pulling_Too_Fast_1_01.csv
3,6,2,5,1,17.044,17044,-0.42,-0.38,9.98,9.9961,0.0011,-0.0011,-0.0011,2.25,-2.19,273.75,-0.3883,-0.2749,9.8232,9.8347,P003_Weight_Stack_Seated_Leg_Extension_Pulling_Too_Fast_1_01.csv
3,6,2,5,1,17.16,17160,-0.25,-0.2,9.97,9.9751,0.0,0.0065,0.0011,2.25,-2.19,273.75,-0.3701,-0.265,9.8426,9.8531,P003_Weight_Stack_Seated_Leg_Extension_Pulling_Too_Fast_1_01.csv
3,6,2,5,1,17.262,17262,-0.39,0.01,10.15,10.1575,0.0011,-0.0011,-0.0109,2.25,-2.19,273.75,-0.3727,-0.2288,9.8831,9.8928,P003_Weight_Stack_Seated_Leg_Extension_Pulling_Too_Fast_1_01.csv
3,6,2,5,1,17.372,17372,-0.22,-0.36,10.27,10.2787,0.0065,-0.0055,0.0033,2.25,-2.19,273.75,-0.3526,-0.2461,9.9341,9.9434,P003_Weight_Stack_Seated_Leg_Extension_Pulling_Too_Fast_1_01.csv
3,6,2,5,1,17.474,17474,-0.38,-0.32,11.75,11.7605,-0.0011,-0.0011,0.0131,2.25,-2.19,273.75,-0.3562,-0.2558,10.1734,10.1828,P003_Weight_Stack_Seated_Leg_Extension_Pulling_Too_Fast_1_01.csv
3,6,2,5,1,17.583,17583,0.11,-0.48,12.0,12.0101,0.012,0.0022,0.0098,2.25,-2.25,273.75,-0.2948,-0.2854,10.4141,10.4221,P003_Weight_Stack_Seated_Leg_Extension_Pulling_Too_Fast_1_01.csv
3,6,2,5,1,17.685,17685,-0.42,-0.16,11.41,11.4188,0.0284,-0.0262,0.0065,2.31,-2.31,273.81,-0.3113,-0.2688,10.5453,10.5533,P003_Weight_Stack_Seated_Leg_Extension_Pulling_Too_Fast_1_01.csv
3,6,2,5,1,17.795,17795,-0.1,-0.39,8.06,8.07,0.0044,0.0,-0.0011,2.38,-2.44,273.81,-0.2834,-0.2848,10.2178,10.2257,P003_Weight_Stack_Seated_Leg_Extension_Pulling_Too_Fast_1_01.csv
3,6,2,5,1,17.897,17897,-0.31,-0.15,7.69,7.6977,0.0033,0.0033,-0.0087,2.31,-2.5,273.81,-0.2869,-0.267,9.8847,9.8925,P003_Weight_Stack_Seated_Leg_Extension_Pulling_Too_Fast_1_01.csv
3,6,2,5,1,18.006,18006,-0.41,0.0,7.32,7.3315,0.0142,-0.0196,-0.0175,2.25,-2.56,273.69,-0.3031,-0.2319,9.5467,9.5544,P003_Weight_Stack_Seated_Leg_Extension_Pulling_Too_Fast_1_01.csv
3,6,2,5,1,18.113,18113,-0.71,-0.23,7.53,7.5669,-0.0055,0.0044,-0.0153,2.25,-2.56,273.75,-0.3568,-0.2316,9.281,9.2907,P003_Weight_Stack_Seated_Leg_Extension_Pulling_Too_Fast_1_01.csv
3,6,2,5,1,18.224,18224,0.95,-1.91,8.44,8.7054,-0.0316,-0.0218,-0.0065,2.31,-2.56,273.81,-0.1846,-0.4528,9.1702,9.1832,P003_Weight_Stack_Seated_Leg_Extension_Pulling_Too_Fast_1_01.csv
3,7,2,5,1,18.327,18327,-0.34,-0.04,10.18,10.1858,-0.0033,0.0,-0.0076,2.31,-2.5,273.81,-0.205,-0.3984,9.3032,9.314,P003_Weight_Stack_Seated_Leg_Extension_Pulling_Too_Fast_1_01.csv
3,7,2,5,1,18.439,18439,-0.19,-0.54,11.13,11.1447,-0.0044,-0.0011,0.0022,2.31,-2.5,273.81,-0.2031,-0.417,9.544,9.5552,P003_Weight_Stack_Seated_Leg_Extension_Pulling_Too_Fast_1_01.csv
3,7,2,5,1,18.545,18545,-0.48,-0.49,10.48,10.5024,0.0011,-0.0022,0.0164,2.38,-2.5,273.88,-0.2396,-0.4267,9.6673,9.6797,P003_Weight_Stack_Seated_Leg_Extension_Pulling_Too_Fast_1_01.csv
3,7,2,5,1,18.656,18656,-0.51,-0.35,9.88,9.8993,0.0033,-0.0011,0.0,2.38,-2.5,273.88,-0.2752,-0.4166,9.6953,9.7082,P003_Weight_Stack_Seated_Leg_Extension_Pulling_Too_Fast_1_01.csv
3,7,2,5,1,18.758,18758,-0.22,-0.26,10.16,10.1657,-0.0011,0.0022,-0.0142,2.31,-2.5,273.81,-0.2679,-0.3959,9.7566,9.7683,P003_Weight_Stack_Seated_Leg_Extension_Pulling_Too_Fast_1_01.csv
3,7,2,5,1,18.868,18868,-0.19,-0.36,9.26,9.2689,0.0011,0.0055,0.0,2.31,-2.5,273.81,-0.2577,-0.3912,9.6911,9.7024,P003_Weight_Stack_Seated_Leg_Extension_Pulling_Too_Fast_1_01.csv
3,7,2,5,1,18.976,18976,-0.3,-0.29,9.54,9.5491,0.0044,0.0044,-0.0033,2.31,-2.5,273.81,-0.2632,-0.3779,9.6712,9.6822,P003_Weight_Stack_Seated_Leg_Extension_Pulling_Too_Fast_1_01.csv
3,7,2,5,1,19.087,19087,-0.15,-0.32,9.67,9.6765,0.0022,0.0065,-0.0044,2.31,-2.44,273.81,-0.2483,-0.3702,9.6711,9.6813,P003_Weight_Stack_Seated_Leg_Extension_Pulling_Too_Fast_1_01.csv
3,7,2,5,1,19.189,19189,-0.25,-0.39,10.36,10.3704,0.0044,-0.012,-0.012,2.38,-2.38,273.81,-0.2485,-0.3728,9.7618,9.7721,P003_Weight_Stack_Seated_Leg_Extension_Pulling_Too_Fast_1_01.csv
3,7,2,5,1,19.3,19300,-0.2,-0.33,9.51,9.5178,-0.0044,0.0044,-0.0033,2.38,-2.38,273.81,-0.2421,-0.3672,9.7287,9.7386,P003_Weight_Stack_Seated_Leg_Extension_Pulling_Too_Fast_1_01.csv
3,7,2,5,1,19.402,19402,-0.34,-0.3,9.38,9.391,0.0055,0.0087,0.0065,2.38,-2.38,273.81,-0.255,-0.3583,9.6827,9.6927,P003_Weight_Stack_Seated_Leg_Extension_Pulling_Too_Fast_1_01.csv
3,7,2,5,1,19.514,19514,-0.42,-0.15,10.26,10.2697,-0.0011,0.0044,-0.012,2.38,-2.38,273.81,-0.2768,-0.3309,9.7588,9.7683,P003_Weight_Stack_Seated_Leg_Extension_Pulling_Too_Fast_1_01.csv
3,7,2,5,1,19.618,19618,-0.27,-0.34,10.53,10.5389,-0.0033,0.0044,-0.0044,2.31,-2.38,273.81,-0.2759,-0.3321,9.8604,9.8699,P003_Weight_Stack_Seated_Leg_Extension_Pulling_Too_Fast_1_01.csv
3,7,2,5,1,19.728,19728,-0.3,-0.21,10.03,10.0367,-0.0033,0.0087,-0.0076,2.31,-2.38,273.81,-0.2791,-0.316,9.8828,9.8917,P003_Weight_Stack_Seated_Leg_Extension_Pulling_Too_Fast_1_01.csv
3,7,2,5,1,19.831,19831,-0.33,-0.26,9.41,9.4194,-0.0022,0.0,0.0,2.31,-2.38,273.81,-0.2858,-0.3086,9.8205,9.8295,P003_Weight_Stack_Seated_Leg_Extension_Pulling_Too_Fast_1_01.csv
3,7,2,5,1,19.941,19941,-0.32,-0.27,9.82,9.8289,-0.0022,0.0022,-0.0022,2.31,-2.31,273.81,-0.2903,-0.3035,9.8204,9.8294,P003_Weight_Stack_Seated_Leg_Extension_Pulling_Too_Fast_1_01.csv
3,7,2,5,1,20.048,20048,-0.36,-0.3,10.08,10.0909,-0.0011,0.0033,-0.0011,2.31,-2.31,273.81,-0.2995,-0.3031,9.8546,9.8638,P003_Weight_Stack_Seated_Leg_Extension_Pulling_Too_Fast_1_01.csv
3,7,2,5,1,20.16,20160,-0.37,-0.27,10.09,10.1004,-0.0022,0.0022,-0.0044,2.31,-2.31,273.81,-0.3088,-0.2987,9.8856,9.895,P003_Weight_Stack_Seated_Leg_Extension_Pulling_Too_Fast_1_01.csv
3,7,2,5,1,20.262,20262,-0.32,-0.25,9.66,9.6685,-0.0011,0.0044,0.0,2.31,-2.31,273.81,-0.3102,-0.2923,9.8559,9.8651,P003_Weight_Stack_Seated_Leg_Extension_Pulling_Too_Fast_1_01.csv
3,7,2,5,1,20.373,20373,-0.32,-0.31,9.62,9.6303,-0.0022,0.0022,-0.0033,2.25,-2.25,273.81,-0.3115,-0.2946,9.8248,9.8342,P003_Weight_Stack_Seated_Leg_Extension_Pulling_Too_Fast_1_01.csv
3,7,2,5,1,20.48,20480,-0.29,-0.31,10.07,10.0789,0.0022,0.0044,0.0011,2.25,-2.25,273.81,-0.3087,-0.2966,9.8571,9.8664,P003_Weight_Stack_Seated_Leg_Extension_Pulling_Too_Fast_1_01.csv
3,7,2,5,1,20.591,20591,-0.29,-0.26,10.17,10.1775,0.0022,0.0033,-0.0033,2.25,-2.19,273.81,-0.3062,-0.2918,9.8983,9.9074,P003_Weight_Stack_Seated_Leg_Extension_Pulling_Too_Fast_1_01.csv
3,7,2,5,1,20.693,20693,-0.41,0.07,9.43,9.4392,-0.0175,0.0164,0.0142,2.19,-2.13,273.81,-0.3199,-0.2441,9.8366,9.8449,P003_Weight_Stack_Seated_Leg_Extension_Pulling_Too_Fast_1_01.csv
3,7,2,5,1,20.803,20803,-0.39,-0.15,9.85,9.8589,0.0011,0.0022,0.0011,2.19,-2.13,273.88,-0.3291,-0.2317,9.8384,9.8466,P003_Weight_Stack_Seated_Leg_Extension_Pulling_Too_Fast_1_01.csv
3,7,2,5,1,20.905,20905,-0.39,-0.28,10.01,10.0215,0.0055,-0.0033,0.0033,2.19,-2.13,273.88,-0.3372,-0.2381,9.861,9.8696,P003_Weight_Stack_Seated_Leg_Extension_Pulling_Too_Fast_1_01.csv
3,7,2,5,1,21.017,21017,-0.39,-0.21,11.71,11.7184,0.0022,-0.0065,0.0022,2.19,-2.13,273.88,-0.3441,-0.2344,10.1047,10.1132,P003_Weight_Stack_Seated_Leg_Extension_Pulling_Too_Fast_1_01.csv
3,7,2,5,1,21.12,21120,-0.11,-0.72,11.91,11.9323,0.0229,0.0251,0.0087,2.19,-2.13,273.88,-0.3133,-0.2984,10.3426,10.3516,P003_Weight_Stack_Seated_Leg_Extension_Pulling_Too_Fast_1_01.csv
3,7,2,5,1,21.232,21232,-0.25,-0.61,11.41,11.429,0.0469,-0.072,0.0327,2.31,-2.31,273.94,-0.3049,-0.3394,10.4832,10.4931,P003_Weight_Stack_Seated_Leg_Extension_Pulling_Too_Fast_1_01.csv
3,7,2,5,1,21.334,21334,-0.42,-0.45,8.3,8.3228,0.0185,-0.0196,0.0404,2.31,-2.38,273.94,-0.3201,-0.354,10.1955,10.2067,P003_Weight_Stack_Seated_Leg_Extension_Pulling_Too_Fast_1_01.csv
3,7,2,5,1,21.444,21444,-0.5,-0.38,7.17,7.1975,0.0185,-0.0011,-0.0098,2.31,-2.5,273.94,-0.3438,-0.3574,9.7968,9.8094,P003_Weight_Stack_Seated_Leg_Extension_Pulling_Too_Fast_1_01.csv
3,7,2,5,1,21.548,21548,-0.03,-0.23,7.07,7.0738,0.0044,-0.0055,-0.0076,2.25,-2.5,273.94,-0.3025,-0.3406,9.4375,9.4485,P003_Weight_Stack_Seated_Leg_Extension_Pulling_Too_Fast_1_01.csv
3,7,2,5,1,21.658,21658,-0.39,-0.1,7.4,7.4109,-0.0065,0.0011,-0.0087,2.25,-2.56,273.88,-0.314,-0.3089,9.169,9.1796,P003_Weight_Stack_Seated_Leg_Extension_Pulling_Too_Fast_1_01.csv
3,8,2,5,1,21.763,21763,-0.34,-0.59,9.18,9.2052,0.0131,-0.0164,0.0207,2.31,-2.5,273.94,-0.3174,-0.346,9.1705,9.1825,P003_Weight_Stack_Seated_Leg_Extension_Pulling_Too_Fast_1_01.csv
3,8,2,5,1,21.874,21874,-0.09,-0.15,9.67,9.6716,-0.0076,-0.0065,-0.0033,2.31,-2.5,274.0,-0.2874,-0.3201,9.2363,9.2463,P003_Weight_Stack_Seated_Leg_Extension_Pulling_Too_Fast_1_01.csv
3,8,2,5,1,21.976,21976,-0.53,-0.17,10.45,10.4648,-0.0055,-0.0022,-0.0076,2.31,-2.44,274.06,-0.3194,-0.3004,9.3962,9.4065,P003_Weight_Stack_Seated_Leg_Extension_Pulling_Too_Fast_1_01.csv
3,8,2,5,1,22.087,22087,-0.15,-0.44,10.23,10.2406,-0.0011,0.0109,0.0055,2.31,-2.44,274.06,-0.2971,-0.3188,9.5061,9.5161,P003_Weight_Stack_Seated_Leg_Extension_Pulling_Too_Fast_1_01.csv
3,8,2,5,1,22.194,22194,-0.37,-0.23,9.85,9.8596,0.0011,-0.0207,-0.0196,2.38,-2.44,274.06,-0.3067,-0.3071,9.5514,9.5613,P003_Weight_Stack_Seated_Leg_Extension_Pulling_Too_Fast_1_01.csv
3,8,2,5,1,22.305,22305,-0.34,-0.22,10.6,10.6077,0.0065,-0.0033,0.0153,2.38,-2.44,274.13,-0.3111,-0.2956,9.6896,9.6991,P003_Weight_Stack_Seated_Leg_Extension_Pulling_Too_Fast_1_01.csv
3,8,2,5,1,22.407,22407,-0.44,-0.25,10.78,10.7919,0.0022,-0.0011,0.0131,2.38,-2.44,274.13,-0.3281,-0.2896,9.8333,9.843,P003_Weight_Stack_Seated_Leg_Extension_Pulling_Too_Fast_1_01.csv
3,8,2,5,1,22.518,22518,-0.32,-0.5,10.15,10.1673,-0.0033,0.0011,-0.0011,2.38,-2.44,274.13,-0.327,-0.3173,9.875,9.8855,P003_Weight_Stack_Seated_Leg_Extension_Pulling_Too_Fast_1_01.csv
3,8,2,5,1,22.625,22625,-0.35,-0.37,9.59,9.6035,0.0033,0.0044,0.0065,2.38,-2.44,274.13,-0.33,-0.3243,9.8375,9.8483,P003_Weight_Stack_Seated_Leg_Extension_Pulling_Too_Fast_1_01.csv
3,8,2,5,1,22.736,22736,-0.34,-0.28,9.41,9.4203,-0.0011,0.012,-0.0022,2.38,-2.44,274.13,-0.3314,-0.3184,9.7811,9.7919,P003_Weight_Stack_Seated_Leg_Extension_Pulling_Too_Fast_1_01.csv
3,8,2,5,1,22.839,22839,-0.28,-0.24,9.35,9.3573,-0.0033,0.0153,-0.0022,2.31,-2.38,274.13,-0.3246,-0.3081,9.7243,9.7346,P003_Weight_Stack_Seated_Leg_Extension_Pulling_Too_Fast_1_01.csv
3,8,2,5,1,22.949,22949,-0.19,-0.29,9.83,9.8361,-0.0044,0.0011,-0.0022,2.31,-2.38,274.13,-0.3068,-0.3057,9.7382,9.7479,P003_Weight_Stack_Seated_Leg_Extension_Pulling_Too_Fast_1_01.csv
3,8,2,5,1,23.057,23057,-0.27,-0.29,9.73,9.7381,0.0,0.0011,-0.0022,2.31,-2.38,274.13,-0.302,-0.3036,9.7372,9.7466,P003_Weight_Stack_Seated_Leg_Extension_Pulling_Too_Fast_1_01.csv
3,8,2,5,1,23.167,23167,-0.32,-0.28,10.29,10.2988,0.0011,0.0044,-0.0044,2.31,-2.38,274.13,-0.3044,-0.3005,9.81,9.8193,P003_Weight_Stack_Seated_Leg_Extension_Pulling_Too_Fast_1_01.csv
3,8,2,5,1,23.27,23270,-0.28,-0.26,9.76,9.7675,-0.0022,0.0022,-0.0065,2.31,-2.38,274.13,-0.3012,-0.2952,9.8034,9.8125,P003_Weight_Stack_Seated_Leg_Extension_Pulling_Too_Fast_1_01.csv
3,8,2,5,1,23.381,23381,-0.28,-0.25,9.9,9.9071,-0.0011,-0.0022,0.0011,2.25,-2.38,274.13,-0.2984,-0.2892,9.8161,9.8249,P003_Weight_Stack_Seated_Leg_Extension_Pulling_Too_Fast_1_01.csv
3,8,2,5,1,23.488,23488,-0.28,-0.29,9.82,9.8283,0.0044,-0.0011,0.0022,2.25,-2.31,274.13,-0.2959,-0.2893,9.8167,9.8254,P003_Weight_Stack_Seated_Leg_Extension_Pulling_Too_Fast_1_01.csv
3,8,2,5,1,23.599,23599,-0.31,-0.25,9.95,9.958,0.0022,0.0022,-0.0011,2.25,-2.25,274.13,-0.2978,-0.2841,9.8342,9.8428,P003_Weight_Stack_Seated_Leg_Extension_Pulling_Too_Fast_1_01.csv
3,8,2,5,1,23.701,23701,-0.32,-0.23,9.93,9.9378,0.0011,-0.0011,0.0033,2.25,-2.25,274.13,-0.3007,-0.277,9.8468,9.8553,P003_Weight_Stack_Seated_Leg_Extension_Pulling_Too_Fast_1_01.csv
3,8,2,5,1,23.812,23812,-0.06,0.28,9.47,9.4743,0.0065,0.024,-0.0065,2.19,-2.25,274.13,-0.269,-0.2036,9.7972,9.803,P003_Weight_Stack_Seated_Leg_Extension_Pulling_Too_Fast_1_01.csv
3,8,2,5,1,23.914,23914,-0.23,-0.16,9.99,9.9939,-0.0022,-0.0011,-0.0065,2.19,-2.25,274.13,-0.2639,-0.1979,9.8226,9.8281,P003_Weight_Stack_Seated_Leg_Extension_Pulling_Too_Fast_1_01.csv
3,8,2,5,1,24.029,24029,-0.37,-0.2,9.8,9.809,0.0022,-0.0022,0.0011,2.19,-2.19,274.13,-0.2778,-0.1981,9.8196,9.8255,P003_Weight_Stack_Seated_Leg_Extension_Pulling_Too_Fast_1_01.csv
3,8,2,5,1,24.131,24131,-0.34,-0.26,9.84,9.8493,0.0011,0.0,0.0033,2.19,-2.19,274.13,-0.286,-0.2063,9.8223,9.8286,P003_Weight_Stack_Seated_Leg_Extension_Pulling_Too_Fast_1_01.csv
3,8,2,5,1,24.241,24241,-0.48,-0.07,11.69,11.7001,0.012,-0.0175,0.0098,2.19,-2.19,274.13,-0.3116,-0.1883,10.0684,10.075,P003_Weight_Stack_Seated_Leg_Extension_Pulling_Too_Fast_1_01.csv
3,8,2,5,1,24.343,24343,-0.03,-0.75,13.34,13.3611,0.0109,0.0196,0.0033,2.19,-2.25,274.19,-0.2745,-0.2623,10.4995,10.5064,P003_Weight_Stack_Seated_Leg_Extension_Pulling_Too_Fast_1_01.csv
3,8,2,5,1,24.453,24453,-0.51,-0.92,11.45,11.4982,0.0556,-0.0382,0.0251,2.31,-2.38,274.31,-0.3055,-0.349,10.6248,10.6349,P003_Weight_Stack_Seated_Leg_Extension_Pulling_Too_Fast_1_01.csv
3,8,2,5,1,24.56,24560,-0.6,-0.38,8.56,8.5894,0.036,-0.0327,0.0295,2.38,-2.5,274.31,-0.3443,-0.3531,10.3527,10.3644,P003_Weight_Stack_Seated_Leg_Extension_Pulling_Too_Fast_1_01.csv
3,8,2,5,1,24.671,24671,-0.56,-0.35,7.07,7.1008,0.0011,0.0131,-0.0076,2.31,-2.56,274.25,-0.3727,-0.3527,9.9201,9.9334,P003_Weight_Stack_Seated_Leg_Extension_Pulling_Too_Fast_1_01.csv
3,8,2,5,1,24.773,24773,-0.09,0.03,6.62,6.6207,0.0055,0.0044,-0.0044,2.25,-2.63,274.25,-0.3355,-0.3023,9.4852,9.496,P003_Weight_Stack_Seated_Leg_Extension_Pulling_Too_Fast_1_01.csv
3,8,2,5,1,24.883,24883,-0.13,-0.12,7.44,7.4421,-0.0044,-0.0055,-0.0076,2.31,-2.63,274.25,-0.3084,-0.2782,9.2157,9.2251,P003_Weight_Stack_Seated_Leg_Extension_Pulling_Too_Fast_1_01.csv
3,9,2,5,1,24.988,24988,-0.04,-0.57,9.54,9.5571,-0.012,0.0044,0.012,2.31,-2.56,274.31,-0.273,-0.3167,9.2585,9.2679,P003_Weight_Stack_Seated_Leg_Extension_Pulling_Too_Fast_1_01.csv
3,9,2,5,1,25.101,25101,-0.26,-0.45,11.1,11.1122,0.0055,0.012,0.0229,2.31,-2.56,274.38,-0.2713,-0.3343,9.5011,9.5109,P003_Weight_Stack_Seated_Leg_Extension_Pulling_Too_Fast_1_01.csv
3,9,2,5,1,25.204,25204,-0.35,-0.23,10.33,10.3385,-0.0022,-0.0022,-0.0185,2.38,-2.5,274.38,-0.2817,-0.3205,9.6104,9.6198,P003_Weight_Stack_Seated_Leg_Extension_Pulling_Too_Fast_1_01.csv
3,9,2,5,1,25.313,25313,-0.19,-0.36,10.74,10.7477,-0.0044,0.012,-0.0033,2.38,-2.5,274.38,-0.2696,-0.3257,9.7592,9.7684,P003_Weight_Stack_Seated_Leg_Extension_Pulling_Too_Fast_1_01.csv
3,9,2,5,1,25.415,25415,-0.17,-0.12,9.98,9.9822,-0.0065,0.0087,-0.0305,2.38,-2.5,274.38,-0.2565,-0.2986,9.7883,9.7962,P003_Weight_Stack_Seated_Leg_Extension_Pulling_Too_Fast_1_01.csv
3,9,2,5,1,25.524,25524,-0.03,-0.25,9.57,9.5733,-0.0033,0.0098,-0.0011,2.38,-2.5,274.38,-0.2266,-0.2922,9.7595,9.7665,P003_Weight_Stack_Seated_Leg_Extension_Pulling_Too_Fast_1_01.csv
3,9,2,5,1,25.626,25626,-0.16,-0.3,9.76,9.7659,-0.0065,0.0153,-0.0065,2.38,-2.5,274.44,-0.2179,-0.2932,9.7596,9.7664,P003_Weight_Stack_Seated_Leg_Extension_Pulling_Too_Fast_1_01.csv
3,9,2,5,1,25.736,25736,-0.13,-0.21,9.7,9.7031,-0.0065,0.0065,-0.0055,2.31,-2.5,274.44,-0.2063,-0.2823,9.7517,9.758,P003_Weight_Stack_Seated_Leg_Extension_Pulling_Too_Fast_1_01.csv
3,9,2,5,1,25.843,25843,-0.18,-0.25,9.76,9.7649,-0.0044,0.0076,-0.0022,2.31,-2.5,274.44,-0.2028,-0.278,9.7528,9.7589,P003_Weight_Stack_Seated_Leg_Extension_Pulling_Too_Fast_1_01.csv
3,9,2,5,1,25.955,25955,-0.18,-0.28,9.84,9.8456,-0.0011,-0.0011,0.0033,2.31,-2.44,274.44,-0.1998,-0.2783,9.7643,9.7703,P003_Weight_Stack_Seated_Leg_Extension_Pulling_Too_Fast_1_01.csv
3,9,2,5,1,26.057,26057,-0.28,-0.3,10.05,10.0584,0.0,-0.0044,0.0044,2.31,-2.44,274.44,-0.2104,-0.2811,9.802,9.8083,P003_Weight_Stack_Seated_Leg_Extension_Pulling_Too_Fast_1_01.csv
3,9,2,5,1,26.167,26167,-0.3,-0.33,9.74,9.7502,0.0044,-0.0044,0.0033,2.31,-2.38,274.44,-0.2222,-0.2876,9.7938,9.8005,P003_Weight_Stack_Seated_Leg_Extension_Pulling_Too_Fast_1_01.csv
3,9,2,5,1,26.269,26269,-0.31,-0.26,9.79,9.7984,0.0011,0.0033,0.0033,2.25,-2.38,274.44,-0.2338,-0.2839,9.7933,9.8002,P003_Weight_Stack_Seated_Leg_Extension_Pulling_Too_Fast_1_01.csv
3,9,2,5,1,26.379,26379,-0.29,-0.24,9.74,9.7473,0.0,0.0044,0.0,2.25,-2.31,274.44,-0.2412,-0.2782,9.7863,9.7932,P003_Weight_Stack_Seated_Leg_Extension_Pulling_Too_Fast_1_01.csv
3,9,2,5,1,26.486,26486,-0.28,-0.29,9.91,9.9182,0.0,0.0,0.0,2.25,-2.31,274.44,-0.2463,-0.2797,9.8026,9.8097,P003_Weight_Stack_Seated_Leg_Extension_Pulling_Too_Fast_1_01.csv
3,9,2,5,1,26.596,26596,-0.72,-0.57,10.05,10.0919,0.0109,0.0338,-0.0153,2.19,-2.25,274.38,-0.3087,-0.318,9.8352,9.8452,P003_Weight_Stack_Seated_Leg_Extension_Pulling_Too_Fast_1_01.csv
3,9,2,5,1,26.699,26699,-0.38,-0.17,9.99,9.9987,0.0076,-0.0076,-0.0033,2.19,-2.25,274.44,-0.3181,-0.2985,9.8556,9.8652,P003_Weight_Stack_Seated_Leg_Extension_Pulling_Too_Fast_1_01.csv
3,9,2,5,1,26.809,26809,-0.37,-0.28,9.9,9.9109,0.0,-0.0022,0.0033,2.19,-2.19,274.44,-0.3249,-0.296,9.8614,9.8712,P003_Weight_Stack_Seated_Leg_Extension_Pulling_Too_Fast_1_01.csv
3,9,2,5,1,26.911,26911,-0.34,-0.26,9.86,9.8693,0.0,-0.0022,0.0011,2.19,-2.19,274.44,-0.3269,-0.2913,9.8612,9.871,P003_Weight_Stack_Seated_Leg_Extension_Pulling_Too_Fast_1_01.csv
3,9,2,5,1,27.021,27021,-0.47,-0.32,12.11,12.1233,0.0076,-0.0098,0.0065,2.19,-2.13,274.44,-0.3458,-0.2951,10.1576,10.1677,P003_Weight_Stack_Seated_Leg_Extension_Pulling_Too_Fast_1_01.csv
3,9,2,5,1,27.123,27123,-0.45,-0.29,12.24,12.2517,0.0044,-0.0033,0.0131,2.19,-2.19,274.44,-0.3595,-0.2944,10.432,10.4423,P003_Weight_Stack_Seated_Leg_Extension_Pulling_Too_Fast_1_01.csv
3,9,2,5,1,27.233,27233,-0.28,-0.32,11.88,11.8876,0.0262,0.012,0.0207,2.25,-2.25,274.5,-0.349,-0.2978,10.6228,10.6327,P003_Weight_Stack_Seated_Leg_Extension_Pulling_Too_Fast_1_01.csv
3,9,2,5,1,27.335,27335,-0.54,-0.7,9.63,9.6705,0.0262,0.0218,-0.0022,2.38,-2.38,274.56,-0.3742,-0.3508,10.492,10.5045,P003_Weight_Stack_Seated_Leg_Extension_Pulling_Too_Fast_1_01.csv
3,9,2,5,1,27.448,27448,-0.39,0.62,7.89,7.9239,-0.0153,0.024,-0.0076,2.31,-2.44,274.5,-0.3763,-0.2229,10.1491,10.1585,P003_Weight_Stack_Seated_Leg_Extension_Pulling_Too_Fast_1_01.csv
3,9,2,5,1,27.55,27550,-0.22,-0.54,6.86,6.8847,0.0175,-0.0305,0.0055,2.25,-2.5,274.44,-0.3557,-0.2646,9.7157,9.7258,P003_Weight_Stack_Seated_Leg_Extension_Pulling_Too_Fast_1_01.csv
3,9,2,5,1,27.659,27659,-0.17,-0.16,7.33,7.3337,0.0055,-0.0076,0.0065,2.31,-2.5,274.44,-0.3312,-0.2509,9.4013,9.4105,P003_Weight_Stack_Seated_Leg_Extension_Pulling_Too_Fast_1_01.csv
3,9,2,5,1,27.762,27762,-0.44,-0.3,9.41,9.4251,-0.0556,-0.0316,0.0185,2.31,-2.5,274.5,-0.3456,-0.2573,9.4025,9.4123,P003_Weight_Stack_Seated_Leg_Extension_Pulling_Too_Fast_1_01.csv
3,9,2,5,1,27.872,27872,-0.21,-0.22,9.29,9.295,-0.0033,-0.0022,0.012,2.31,-2.44,274.56,-0.3277,-0.2524,9.3876,9.3967,P003_Weight_Stack_Seated_Leg_Extension_Pulling_Too_Fast_1_01.csv
3,10,2,5,1,27.974,27974,-0.48,-0.45,9.89,9.9119,-0.0065,-0.0033,-0.0087,2.38,-2.38,274.63,-0.3478,-0.2784,9.4538,9.4643,P003_Weight_Stack_Seated_Leg_Extension_Pulling_Too_Fast_1_01.csv
3,10,2,5,1,28.083,28083,-0.26,-0.67,9.62,9.6468,0.0131,-0.0458,0.0415,2.38,-2.38,274.63,-0.3362,-0.33,9.4757,9.4874,P003_Weight_Stack_Seated_Leg_Extension_Pulling_Too_Fast_1_01.csv
3,10,2,5,1,28.19,28190,-0.34,-0.15,10.51,10.5166,-0.012,0.0065,-0.0065,2.38,-2.38,274.63,-0.3367,-0.3063,9.612,9.6228,P003_Weight_Stack_Seated_Leg_Extension_Pulling_Too_Fast_1_01.csv
3,10,2,5,1,28.301,28301,-0.39,-0.5,11.46,11.4775,0.0033,-0.0087,0.0087,2.38,-2.38,274.63,-0.3437,-0.3318,9.8555,9.8671,P003_Weight_Stack_Seated_Leg_Extension_Pulling_Too_Fast_1_01.csv
3,10,2,5,1,28.403,28403,-0.32,-0.35,11.1,11.1101,-0.0033,0.0044,0.0022,2.38,-2.38,274.63,-0.3406,-0.3342,10.0195,10.0309,P003_Weight_Stack_Seated_Leg_Extension_Pulling_Too_Fast_1_01.csv
3,10,2,5,1,28.514,28514,-0.28,-0.27,10.96,10.9669,0.0055,-0.012,0.0055,2.38,-2.38,274.63,-0.3326,-0.3258,10.1435,10.1541,P003_Weight_Stack_Seated_Leg_Extension_Pulling_Too_Fast_1_01.csv
3,10,2,5,1,28.621,28621,-0.19,-0.21,9.74,9.7441,-0.0011,-0.0087,0.0011,2.38,-2.38,274.63,-0.3138,-0.3105,10.0903,10.0999,P003_Weight_Stack_Seated_Leg_Extension_Pulling_Too_Fast_1_01.csv
3,10,2,5,1,28.732,28732,-0.38,-0.25,9.44,9.451,0.0033,-0.0076,0.0055,2.38,-2.38,274.63,-0.3225,-0.3025,10.0046,10.0144,P003_Weight_Stack_Seated_Leg_Extension_Pulling_Too_Fast_1_01.csv
3,10,2,5,1,28.835,28835,-0.38,-0.32,9.72,9.7327,0.0033,-0.0065,0.0055,2.31,-2.31,274.63,-0.3301,-0.3048,9.9671,9.9772,P003_Weight_Stack_Seated_Leg_Extension_Pulling_Too_Fast_1_01.csv
3,10,2,5,1,28.946,28946,-0.37,-0.23,10.04,10.0494,-0.0011,-0.0011,0.0011,2.31,-2.25,274.63,-0.3354,-0.295,9.9767,9.9867,P003_Weight_Stack_Seated_Leg_Extension_Pulling_Too_Fast_1_01.csv
3,10,2,5,1,29.052,29052,-0.48,-0.27,10.08,10.095,-0.0011,-0.0065,0.0,2.25,-2.25,274.63,-0.3544,-0.2917,9.9903,10.0009,P003_Weight_Stack_Seated_Leg_Extension_Pulling_Too_Fast_1_01.csv
3,10,2,5,1,29.163,29163,-0.35,-0.29,9.82,9.8305,0.0,0.0022,0.0011,2.25,-2.19,274.63,-0.3538,-0.2915,9.9679,9.9784,P003_Weight_Stack_Seated_Leg_Extension_Pulling_Too_Fast_1_01.csv
3,10,2,5,1,29.266,29266,-0.38,-0.3,9.63,9.6422,-0.0011,-0.0022,0.0,2.25,-2.19,274.63,-0.3573,-0.2926,9.9233,9.9341,P003_Weight_Stack_Seated_Leg_Extension_Pulling_Too_Fast_1_01.csv
3,10,2,5,1,29.376,29376,-0.32,-0.28,9.8,9.8092,0.0011,0.0033,0.0011,2.19,-2.13,274.63,-0.3524,-0.2909,9.9071,9.9176,P003_Weight_Stack_Seated_Leg_Extension_Pulling_Too_Fast_1_01.csv
3,10,2,5,1,29.478,29478,-0.25,-0.22,9.93,9.9356,0.0022,0.0044,-0.0033,2.19,-2.13,274.63,-0.3389,-0.2816,9.9101,9.9199,P003_Weight_Stack_Seated_Leg_Extension_Pulling_Too_Fast_1_01.csv
3,10,2,5,1,29.593,29593,-0.29,-0.26,9.98,9.9876,-0.0011,0.0022,0.0022,2.19,-2.13,274.63,-0.3324,-0.2787,9.9193,9.9288,P003_Weight_Stack_Seated_Leg_Extension_Pulling_Too_Fast_1_01.csv
3,10,2,5,1,29.695,29695,-0.15,-0.15,9.89,9.8923,0.0011,0.0,0.0022,2.19,-2.13,274.69,-0.3084,-0.2618,9.9155,9.9237,P003_Weight_Stack_Seated_Leg_Extension_Pulling_Too_Fast_1_01.csv
3,10,2,5,1,29.805,29805,-0.42,-0.27,9.8,9.8127,0.0011,-0.0011,0.0055,2.19,-2.13,274.69,-0.3231,-0.2629,9.9002,9.909,P003_Weight_Stack_Seated_Leg_Extension_Pulling_Too_Fast_1_01.csv
3,10,2,5,1,29.907,29907,-0.41,-0.25,9.85,9.8617,0.0033,-0.0022,0.0033,2.19,-2.13,274.69,-0.3346,-0.2612,9.8936,9.9027,P003_Weight_Stack_Seated_Leg_Extension_Pulling_Too_Fast_1_01.csv
3,10,2,5,1,30.018,30018,-0.17,-0.31,12.02,12.0252,0.0076,-0.0131,0.0055,2.19,-2.13,274.69,-0.3129,-0.2676,10.1738,10.1822,P003_Weight_Stack_Seated_Leg_Extension_Pulling_Too_Fast_1_01.csv
3,10,2,5,1,30.125,30125,-0.04,-0.31,12.12,12.124,0.0153,0.0251,0.0044,2.19,-2.13,274.69,-0.2769,-0.2732,10.4303,10.4375,P003_Weight_Stack_Seated_Leg_Extension_Pulling_Too_Fast_1_01.csv
3,10,2,5,1,30.236,30236,-1.04,-0.98,11.6,11.6877,0.0185,-0.0076,0.0065,2.31,-2.31,274.81,-0.3775,-0.3663,10.5844,10.5975,P003_Weight_Stack_Seated_Leg_Extension_Pulling_Too_Fast_1_01.csv
3,10,2,5,1,30.338,30338,-0.08,-1.15,8.72,8.7959,0.0262,-0.0273,0.0131,2.31,-2.44,274.75,-0.3383,-0.4696,10.3387,10.3549,P003_Weight_Stack_Seated_Leg_Extension_Pulling_Too_Fast_1_01.csv
3,10,2,5,1,30.447,30447,-0.43,-0.43,7.19,7.2157,0.0109,-0.0011,-0.0273,2.25,-2.5,274.75,-0.3504,-0.4644,9.9238,9.9408,P003_Weight_Stack_Seated_Leg_Extension_Pulling_Too_Fast_1_01.csv
3,10,2,5,1,30.549,30549,-0.24,-0.29,6.9,6.9103,0.0055,-0.0109,-0.0295,2.25,-2.56,274.69,-0.3358,-0.4414,9.5254,9.5415,P003_Weight_Stack_Seated_Leg_Extension_Pulling_Too_Fast_1_01.csv
3,10,2,5,1,30.659,30659,-0.24,-0.15,7.6,7.6053,0.0033,-0.0065,0.0076,2.25,-2.56,274.69,-0.3232,-0.403,9.2716,9.286,P003_Weight_Stack_Seated_Leg_Extension_Pulling_Too_Fast_1_01.csv
3,10,2,5,1,30.765,30765,-0.23,-0.14,9.69,9.6937,-0.0436,-0.0098,0.048,2.25,-2.5,274.75,-0.3109,-0.3683,9.3268,9.3392,P003_Weight_Stack_Seated_Leg_Extension_Pulling_Too_Fast_1_01.csv
3,10,2,5,1,30.878,30878,-0.46,-0.22,10.25,10.2627,-0.0065,0.0011,0.0087,2.25,-2.5,274.81,-0.3306,-0.3488,9.4484,9.4606,P003_Weight_Stack_Seated_Leg_Extension_Pulling_Too_Fast_1_01.csv
3,10,2,5,1,30.98,30980,-0.29,-0.23,10.12,10.1268,-0.0076,-0.0142,0.0109,2.31,-2.5,274.81,-0.3252,-0.3331,9.5369,9.5483,P003_Weight_Stack_Seated_Leg_Extension_Pulling_Too_Fast_1_01.csv
3,10,2,5,1,31.09,31090,0.09,-0.82,10.25,10.2831,-0.0022,0.0131,0.0044,2.31,-2.5,274.81,-0.2705,-0.3973,9.6309,9.6429,P003_Weight_Stack_Seated_Leg_Extension_Pulling_Too_Fast_1_01.csv
3,10,2,5,1,31.195,31195,-0.24,-0.1,10.06,10.0634,0.0011,-0.0076,-0.0185,2.31,-2.44,274.81,-0.2665,-0.3581,9.6874,9.6977,P003_Weight_Stack_Seated_Leg_Extension_Pulling_Too_Fast_1_01.csv
3,10,2,5,1,31.308,31308,-0.44,-0.35,10.27,10.2854,0.0044,-0.0022,0.0142,2.31,-2.44,274.88,-0.2893,-0.3571,9.7642,9.775,P003_Weight_Stack_Seated_Leg_Extension_Pulling_Too_Fast_1_01.csv
3,10,2,5,1,31.411,31411,-0.34,-0.35,10.58,10.5912,-0.0022,0.0087,-0.0033,2.38,-2.44,274.88,-0.296,-0.3561,9.8717,9.8826,P003_Weight_Stack_Seated_Leg_Extension_Pulling_Too_Fast_1_01.csv
3,1,2,5,1,0.0,0,-0.25,0.25,9.7,9.7064,0.0022,-0.0033,0.0,1.56,1.56,339.13,-0.2537,0.2631,9.6966,9.7035,P003_Weight_Stack_Seated_Leg_Extension_Pulling_Too_Fast_1_02.csv
3,1,2,5,1,0.103,103,-0.25,0.26,9.71,9.7167,-0.0022,0.0022,0.0011,1.56,1.56,339.13,-0.2532,0.2627,9.6984,9.7053,P003_Weight_Stack_Seated_Leg_Extension_Pulling_Too_Fast_1_02.csv
3,1,2,5,1,0.21,210,-0.26,0.28,9.72,9.7275,0.0,0.0011,0.0,1.56,1.56,339.13,-0.2541,0.265,9.7013,9.7082,P003_Weight_Stack_Seated_Leg_Extension_Pulling_Too_Fast_1_02.csv
3,1,2,5,1,0.313,313,-0.24,0.25,9.68,9.6862,-0.0011,0.0,0.0011,1.56,1.56,339.13,-0.2522,0.263,9.6985,9.7053,P003_Weight_Stack_Seated_Leg_Extension_Pulling_Too_Fast_1_02.csv
3,1,2,5,1,0.416,416,-0.26,0.26,9.71,9.717,0.0,0.0,0.0,1.56,1.56,339.13,-0.2532,0.2626,9.7,9.7068,P003_Weight_Stack_Seated_Leg_Extension_Pulling_Too_Fast_1_02.csv
3,1,2,5,1,0.532,532,-0.26,0.25,9.72,9.7267,-0.0011,0.0022,0.0,1.56,1.56,339.13,-0.2541,0.261,9.7026,9.7094,P003_Weight_Stack_Seated_Leg_Extension_Pulling_Too_Fast_1_02.csv
3,1,2,5,1,0.634,634,-0.24,0.28,9.66,9.667,-0.0033,0.0076,-0.0022,1.56,1.56,339.13,-0.2523,0.2635,9.697,9.7039,P003_Weight_Stack_Seated_Leg_Extension_Pulling_Too_Fast_1_02.csv
3,1,2,5,1,0.738,738,-0.27,0.28,9.73,9.7378,0.0011,0.0022,0.0011,1.56,1.56,339.13,-0.2546,0.2656,9.7013,9.7083,P003_Weight_Stack_Seated_Leg_Extension_Pulling_Too_Fast_1_02.csv
3,1,2,5,1,0.843,843,-0.23,0.36,9.84,9.8493,0.0022,0.0011,-0.0033,1.56,1.56,339.13,-0.2514,0.2781,9.7196,9.7268,P003_Weight_Stack_Seated_Leg_Extension_Pulling_Too_Fast_1_02.csv
3,1,2,5,1,0.999,999,-0.24,0.2,9.8,9.805,-0.0044,0.0076,-0.0044,1.56,1.56,339.13,-0.2499,0.2678,9.7302,9.7371,P003_Weight_Stack_Seated_Leg_Extension_Pulling_Too_Fast_1_02.csv
3,1,2,5,1,1.104,1104,-0.09,0.3,9.64,9.6451,0.0065,-0.0055,-0.0044,1.38,1.75,338.88,-0.2288,0.272,9.7183,9.7248,P003_Weight_Stack_Seated_Leg_Extension_Pulling_Too_Fast_1_02.csv
3,1,2,5,1,1.206,1206,-0.26,0.34,12.32,12.3274,0.0087,-0.0131,-0.0087,1.38,1.75,338.81,-0.2329,0.281,10.0612,10.0678,P003_Weight_Stack_Seated_Leg_Extension_Pulling_Too_Fast_1_02.csv
3,1,2,5,1,1.314,1314,-0.37,0.46,12.95,12.9634,0.0295,-0.0218,-0.0185,1.44,1.69,338.81,-0.251,0.3046,10.4418,10.4493,P003_Weight_Stack_Seated_Leg_Extension_Pulling_Too_Fast_1_02.csv
3,1,2,5,1,1.416,1416,-0.57,0.18,10.94,10.9563,-0.0142,-0.0033,-0.012,1.44,1.63,338.88,-0.293,0.2882,10.5075,10.5155,P003_Weight_Stack_Seated_Leg_Extension_Pulling_Too_Fast_1_02.csv
3,1,2,5,1,1.53,1530,-0.58,-0.58,7.92,7.9624,0.0044,-0.0033,0.0535,1.5,1.5,338.94,-0.3308,0.1738,10.1665,10.1734,P003_Weight_Stack_Seated_Leg_Extension_Pulling_Too_Fast_1_02.csv
3,1,2,5,1,1.632,1632,0.15,0.07,6.15,6.1522,0.0382,-0.0284,0.0087,1.5,1.38,338.88,-0.2675,0.1601,9.6372,9.6423,P003_Weight_Stack_Seated_Leg_Extension_Pulling_Too_Fast_1_02.csv
3,1,2,5,1,1.736,1736,0.25,0.24,6.59,6.5991,0.0,0.0,0.0305,1.5,1.38,338.88,-0.1993,0.1706,9.2357,9.2394,P003_Weight_Stack_Seated_Leg_Extension_Pulling_Too_Fast_1_02.csv
3,1,2,5,1,1.838,1838,-0.18,0.12,8.72,8.7227,-0.0044,0.0164,0.0349,1.5,1.38,338.94,-0.1967,0.1639,9.1677,9.1713,P003_Weight_Stack_Seated_Leg_Extension_Pulling_Too_Fast_1_02.csv
3,2,2,5,1,1.946,1946,-0.35,0.75,9.88,9.9146,-0.0131,0.0055,0.0011,1.56,1.44,338.88,-0.2169,0.2412,9.2616,9.2673,P003_Weight_Stack_Seated_Leg_Extension_Pulling_Too_Fast_1_02.csv
3,2,2,5,1,2.056,2056,-0.78,0.35,9.81,9.8472,-0.0033,0.0065,0.0164,1.5,1.44,338.94,-0.2911,0.2555,9.3339,9.3419,P003_Weight_Stack_Seated_Leg_Extension_Pulling_Too_Fast_1_02.csv
3,2,2,5,1,2.158,2158,-0.14,0.44,10.41,10.4202,-0.0044,0.0131,0.0425,1.56,1.56,338.94,-0.2712,0.2798,9.4757,9.4837,P003_Weight_Stack_Seated_Leg_Extension_Pulling_Too_Fast_1_02.csv
3,2,2,5,1,2.26,2260,-0.19,0.26,10.79,10.7948,-0.0044,0.0076,0.0251,1.5,1.56,338.94,-0.2605,0.2772,9.6489,9.6564,P003_Weight_Stack_Seated_Leg_Extension_Pulling_Too_Fast_1_02.csv
3,2,2,5,1,2.368,2368,-0.52,0.42,9.82,9.8427,-0.0022,0.0087,0.0022,1.5,1.56,338.94,-0.2947,0.296,9.6714,9.6804,P003_Weight_Stack_Seated_Leg_Extension_Pulling_Too_Fast_1_02.csv
3,2,2,5,1,2.47,2470,-0.44,0.54,9.78,9.8048,-0.012,-0.0011,0.0011,1.5,1.56,338.94,-0.3139,0.3282,9.6857,9.6964,P003_Weight_Stack_Seated_Leg_Extension_Pulling_Too_Fast_1_02.csv
3,2,2,5,1,2.588,2588,-0.4,0.21,9.79,9.8004,-0.0033,-0.0011,-0.0087,1.5,1.56,338.94,-0.3252,0.3126,9.6995,9.7099,P003_Weight_Stack_Seated_Leg_Extension_Pulling_Too_Fast_1_02.csv
3,2,2,5,1,2.691,2691,-0.34,0.32,9.54,9.5514,-0.0011,0.0022,-0.0011,1.5,1.56,338.94,-0.3272,0.3136,9.6785,9.6891,P003_Weight_Stack_Seated_Leg_Extension_Pulling_Too_Fast_1_02.csv
3,2,2,5,1,2.795,2795,-0.28,0.39,9.83,9.8417,-0.0033,0.0011,-0.0033,1.5,1.56,338.94,-0.3209,0.3236,9.6984,9.7091,P003_Weight_Stack_Seated_Leg_Extension_Pulling_Too_Fast_1_02.csv
3,2,2,5,1,2.9,2900,-0.35,0.28,9.76,9.7703,-0.0022,-0.0022,-0.0011,1.5,1.56,338.94,-0.3248,0.3179,9.7065,9.7172,P003_Weight_Stack_Seated_Leg_Extension_Pulling_Too_Fast_1_02.csv
3,2,2,5,1,3.056,3056,-0.27,0.3,9.62,9.6285,-0.0022,0.0022,0.0,1.5,1.56,338.94,-0.3176,0.3155,9.6951,9.7055,P003_Weight_Stack_Seated_Leg_Extension_Pulling_Too_Fast_1_02.csv
3,2,2,5,1,3.161,3161,-0.18,0.25,9.68,9.6849,-0.0033,0.0,0.0022,1.5,1.56,338.94,-0.2994,0.3069,9.6931,9.7026,P003_Weight_Stack_Seated_Leg_Extension_Pulling_Too_Fast_1_02.csv
3,2,2,5,1,3.263,3263,-0.29,0.3,9.69,9.699,-0.0022,0.0022,-0.0011,1.5,1.56,338.94,-0.2982,0.306,9.6927,9.7021,P003_Weight_Stack_Seated_Leg_Extension_Pulling_Too_Fast_1_02.csv
3,2,2,5,1,3.368,3368,-0.29,0.26,9.74,9.7478,0.0022,-0.0022,0.0065,1.5,1.56,338.94,-0.2971,0.2999,9.699,9.7081,P003_Weight_Stack_Seated_Leg_Extension_Pulling_Too_Fast_1_02.csv
3,2,2,5,1,3.472,3472,-0.26,0.3,9.6,9.6082,0.0011,0.0011,0.0011,1.5,1.56,338.94,-0.2922,0.2999,9.6859,9.695,P003_Weight_Stack_Seated_Leg_Extension_Pulling_Too_Fast_1_02.csv
3,2,2,5,1,3.59,3590,-0.22,0.31,9.65,9.6575,0.0033,0.0022,-0.0033,1.5,1.56,338.94,-0.2827,0.3013,9.6812,9.69,P003_Weight_Stack_Seated_Leg_Extension_Pulling_Too_Fast_1_02.csv
3,2,2,5,1,3.693,3693,-0.19,0.31,10.0,10.0066,0.0022,0.0011,-0.0022,1.5,1.56,338.94,-0.2705,0.3024,9.7232,9.7317,P003_Weight_Stack_Seated_Leg_Extension_Pulling_Too_Fast_1_02.csv
3,2,2,5,1,3.795,3795,-0.2,0.3,10.54,10.5462,0.0022,-0.0011,-0.0011,1.5,1.56,338.94,-0.2612,0.3021,9.8308,9.8389,P003_Weight_Stack_Seated_Leg_Extension_Pulling_Too_Fast_1_02.csv
3,2,2,5,1,3.903,3903,-0.23,0.28,11.78,11.7856,0.0044,-0.0087,0.0,1.5,1.56,338.94,-0.2571,0.2992,10.0877,10.0954,P003_Weight_Stack_Seated_Leg_Extension_Pulling_Too_Fast_1_02.csv
3,2,2,5,1,4.005,4005,-0.55,0.33,11.16,11.1784,0.0164,-0.0033,0.0011,1.5,1.5,338.94,-0.2957,0.3032,10.229,10.2377,P003_Weight_Stack_Seated_Leg_Extension_Pulling_Too_Fast_1_02.csv
3,2,2,5,1,4.113,4113,-0.44,0.01,10.08,10.0896,0.0316,-0.0262,0.0273,1.56,1.44,339.0,-0.3147,0.2646,10.2094,10.2176,P003_Weight_Stack_Seated_Leg_Extension_Pulling_Too_Fast_1_02.csv
3,2,2,5,1,4.216,4216,-1.2,0.13,8.42,8.5061,-0.0011,-0.0327,-0.0185,1.56,1.31,338.94,-0.4314,0.2469,9.9736,9.9859,P003_Weight_Stack_Seated_Leg_Extension_Pulling_Too_Fast_1_02.csv
3,2,2,5,1,4.323,4323,-0.07,0.36,6.37,6.3805,0.0098,-0.0098,-0.0022,1.63,1.31,339.0,-0.3837,0.2618,9.4987,9.5101,P003_Weight_Stack_Seated_Leg_Extension_Pulling_Too_Fast_1_02.csv
3,2,2,5,1,4.425,4425,-0.65,0.18,7.29,7.3211,-0.0098,-0.0011,-0.0065,1.63,1.31,339.0,-0.4188,0.251,9.2077,9.2206,P003_Weight_Stack_Seated_Leg_Extension_Pulling_Too_Fast_1_02.csv
3,3,2,5,1,4.528,4528,-0.18,0.52,9.52,9.5359,-0.0033,-0.0011,0.0011,1.63,1.31,338.94,-0.3874,0.2864,9.2488,9.2614,P003_Weight_Stack_Seated_Leg_Extension_Pulling_Too_Fast_1_02.csv
3,3,2,5,1,4.645,4645,-0.05,0.06,10.07,10.0703,-0.0076,0.0142,-0.0087,1.56,1.31,339.0,-0.3429,0.2566,9.357,9.3668,P003_Weight_Stack_Seated_Leg_Extension_Pulling_Too_Fast_1_02.csv
3,3,2,5,1,4.748,4748,-0.34,0.04,10.27,10.2757,0.0,0.0098,0.0425,1.63,1.38,339.06,-0.3425,0.2281,9.4773,9.4863,P003_Weight_Stack_Seated_Leg_Extension_Pulling_Too_Fast_1_02.csv
3,3,2,5,1,4.856,4856,-0.23,0.42,9.93,9.9415,-0.0098,0.0131,0.0196,1.63,1.38,339.06,-0.3277,0.2534,9.537,9.546,P003_Weight_Stack_Seated_Leg_Extension_Pulling_Too_Fast_1_02.csv
3,3,2,5,1,4.958,4958,-0.42,0.25,9.98,9.992,-0.0022,0.0098,-0.0022,1.63,1.38,339.06,-0.3399,0.2529,9.5954,9.6047,P003_Weight_Stack_Seated_Leg_Extension_Pulling_Too_Fast_1_02.csv
3,3,2,5,1,5.117,5117,-0.1,0.26,10.01,10.0139,-0.0033,0.0011,-0.0098,1.56,1.38,339.06,-0.3082,0.2538,9.65,9.6583,P003_Weight_Stack_Seated_Leg_Extension_Pulling_Too_Fast_1_02.csv
3,3,2,5,1,5.219,5219,-0.1,0.28,9.7,9.7046,0.0033,-0.0033,-0.0033,1.63,1.38,339.06,-0.2808,0.2573,9.6566,9.6641,P003_Weight_Stack_Seated_Leg_Extension_Pulling_Too_Fast_1_02.csv
3,3,2,5,1,5.321,5321,-0.27,0.33,9.63,9.6394,-0.0011,0.0055,0.0,1.63,1.38,339.0,-0.2794,0.2669,9.6531,9.6608,P003_Weight_Stack_Seated_Leg_Extension_Pulling_Too_Fast_1_02.csv
3,3,2,5,1,5.428,5428,-0.29,0.29,9.71,9.7187,-0.0011,-0.0022,0.0065,1.63,1.38,339.0,-0.2808,0.2699,9.6606,9.6684,P003_Weight_Stack_Seated_Leg_Extension_Pulling_Too_Fast_1_02.csv
3,3,2,5,1,5.53,5530,-0.28,0.3,9.57,9.5788,0.0011,0.0033,0.0033,1.63,1.38,339.0,-0.2807,0.2739,9.6486,9.6566,P003_Weight_Stack_Seated_Leg_Extension_Pulling_Too_Fast_1_02.csv
3,3,2,5,1,5.648,5648,-0.27,0.3,9.5,9.5086,0.0011,-0.0033,-0.0011,1.63,1.38,339.0,-0.2793,0.2773,9.6291,9.6371,P003_Weight_Stack_Seated_Leg_Extension_Pulling_Too_Fast_1_02.csv
3,3,2,5,1,5.751,5751,-0.26,0.27,9.67,9.6773,0.0022,0.0,-0.0011,1.63,1.38,339.0,-0.2767,0.2764,9.6345,9.6424,P003_Weight_Stack_Seated_Leg_Extension_Pulling_Too_Fast_1_02.csv
3,3,2,5,1,5.854,5854,-0.21,0.29,9.78,9.7866,0.0011,0.0033,-0.0033,1.63,1.38,339.0,-0.2679,0.2782,9.6536,9.6614,P003_Weight_Stack_Seated_Leg_Extension_Pulling_Too_Fast_1_02.csv
3,3,2,5,1,5.96,5960,-0.21,0.3,9.8,9.8068,0.0,0.0,-0.0033,1.63,1.38,339.0,-0.2603,0.281,9.6729,9.6805,P003_Weight_Stack_Seated_Leg_Extension_Pulling_Too_Fast_1_02.csv
3,3,2,5,1,6.062,6062,-0.22,0.29,9.7,9.7068,0.0011,0.0033,0.0,1.63,1.38,339.0,-0.255,0.2822,9.6765,9.684,P003_Weight_Stack_Seated_Leg_Extension_Pulling_Too_Fast_1_02.csv
3,3,2,5,1,6.17,6170,-0.21,0.32,9.7,9.7075,0.0022,0.0033,0.0011,1.63,1.38,339.0,-0.2491,0.2872,9.6796,9.687,P003_Weight_Stack_Seated_Leg_Extension_Pulling_Too_Fast_1_02.csv
3,3,2,5,1,6.273,6273,-0.28,0.31,9.69,9.699,0.0,0.0033,0.0044,1.63,1.38,339.0,-0.2531,0.2902,9.681,9.6886,P003_Weight_Stack_Seated_Leg_Extension_Pulling_Too_Fast_1_02.csv
3,3,2,5,1,6.377,6377,-0.27,0.32,9.85,9.8589,0.0011,0.0011,0.0022,1.63,1.38,339.0,-0.2554,0.2941,9.7032,9.711,P003_Weight_Stack_Seated_Leg_Extension_Pulling_Too_Fast_1_02.csv
3,3,2,5,1,6.482,6482,0.28,-0.56,12.79,12.8053,0.0033,-0.0076,0.0175,1.56,1.38,339.06,-0.1848,0.1816,10.11,10.1133,P003_Weight_Stack_Seated_Leg_Extension_Pulling_Too_Fast_1_02.csv
3,3,2,5,1,6.584,6584,-0.12,0.34,9.73,9.7367,0.0055,-0.0011,0.0087,1.56,1.38,339.06,-0.1763,0.2025,10.0599,10.0635,P003_Weight_Stack_Seated_Leg_Extension_Pulling_Too_Fast_1_02.csv
3,3,2,5,1,6.702,6702,-0.21,0.32,9.66,9.6676,0.0011,-0.0087,0.0044,1.56,1.38,339.06,-0.1807,0.2179,10.0072,10.0112,P003_Weight_Stack_Seated_Leg_Extension_Pulling_Too_Fast_1_02.csv
3,3,2,5,1,6.805,6805,-0.62,0.01,9.64,9.6599,0.0087,-0.0055,0.0076,1.56,1.38,339.06,-0.2386,0.1905,9.9588,9.9635,P003_Weight_Stack_Seated_Leg_Extension_Pulling_Too_Fast_1_02.csv
3,3,2,5,1,6.913,6913,-0.25,0.41,9.7,9.7119,0.0033,-0.0055,0.0011,1.56,1.38,339.06,-0.2401,0.2195,9.9247,9.9301,P003_Weight_Stack_Seated_Leg_Extension_Pulling_Too_Fast_1_02.csv
3,3,2,5,1,7.015,7015,-0.17,0.36,9.71,9.7182,-0.0022,0.0022,-0.0044,1.56,1.38,339.06,-0.2309,0.238,9.8964,9.902,P003_Weight_Stack_Seated_Leg_Extension_Pulling_Too_Fast_1_02.csv
3,3,2,5,1,7.174,7174,-0.25,0.15,12.01,12.0135,0.0055,-0.0153,0.0164,1.63,1.38,339.06,-0.2334,0.2264,10.1749,10.1801,P003_Weight_Stack_Seated_Leg_Extension_Pulling_Too_Fast_1_02.csv
3,3,2,5,1,7.276,7276,-0.5,0.2,12.17,12.1819,0.0,-0.0065,0.012,1.69,1.25,339.13,-0.2685,0.2229,10.4378,10.4437,P003_Weight_Stack_Seated_Leg_Extension_Pulling_Too_Fast_1_02.csv
3,3,2,5,1,7.378,7378,-0.07,-0.49,9.33,9.3431,0.0382,-0.0295,0.0011,1.75,1.19,339.19,-0.2424,0.129,10.2919,10.2955,P003_Weight_Stack_Seated_Leg_Extension_Pulling_Too_Fast_1_02.csv
3,3,2,5,1,7.485,7485,-0.04,0.63,6.26,6.2917,-0.0011,0.0011,-0.0327,1.75,1.06,339.25,-0.2157,0.195,9.7606,9.7649,P003_Weight_Stack_Seated_Leg_Extension_Pulling_Too_Fast_1_02.csv
3,3,2,5,1,7.588,7588,-0.43,0.38,6.53,6.5552,0.0033,-0.012,-0.0262,1.81,1.06,339.19,-0.2439,0.2194,9.3349,9.3406,P003_Weight_Stack_Seated_Leg_Extension_Pulling_Too_Fast_1_02.csv
3,3,2,5,1,7.706,7706,-0.01,0.17,7.94,7.9418,-0.0055,0.0164,-0.0044,1.75,1.06,339.25,-0.2131,0.2129,9.151,9.156,P003_Weight_Stack_Seated_Leg_Extension_Pulling_Too_Fast_1_02.csv
3,4,2,5,1,7.808,7808,-0.24,0.37,9.34,9.3504,0.0153,0.0044,0.0087,1.75,1.06,339.25,-0.2167,0.2336,9.1759,9.1815,P003_Weight_Stack_Seated_Leg_Extension_Pulling_Too_Fast_1_02.csv
3,4,2,5,1,7.911,7911,0.19,0.27,10.57,10.5752,-0.0207,0.0142,-0.0055,1.75,1.13,339.25,-0.1631,0.2384,9.3596,9.3641,P003_Weight_Stack_Seated_Leg_Extension_Pulling_Too_Fast_1_02.csv
3,4,2,5,1,8.017,8017,-0.44,0.0,10.78,10.789,-0.0065,0.0142,-0.0207,1.75,1.13,339.25,-0.1996,0.207,9.5468,9.5511,P003_Weight_Stack_Seated_Leg_Extension_Pulling_Too_Fast_1_02.csv
3,4,2,5,1,8.119,8119,-0.15,0.18,10.15,10.1527,-0.0185,0.0153,0.0033,1.69,1.13,339.19,-0.193,0.2034,9.6263,9.6304,P003_Weight_Stack_Seated_Leg_Extension_Pulling_Too_Fast_1_02.csv
3,4,2,5,1,8.228,8228,-0.22,0.18,9.68,9.6842,0.0,0.0,-0.0011,1.75,1.13,339.19,-0.1966,0.2003,9.6334,9.6375,P003_Weight_Stack_Seated_Leg_Extension_Pulling_Too_Fast_1_02.csv
3,4,2,5,1,8.33,8330,-0.23,0.29,9.54,9.5472,0.0109,-0.0065,-0.0065,1.69,1.19,339.19,-0.201,0.2121,9.6211,9.6255,P003_Weight_Stack_Seated_Leg_Extension_Pulling_Too_Fast_1_02.csv
3,4,2,5,1,8.432,8432,-0.23,0.41,9.51,9.5216,-0.0033,0.0011,-0.0011,1.69,1.19,339.19,-0.2048,0.2382,9.6064,9.6116,P003_Weight_Stack_Seated_Leg_Extension_Pulling_Too_Fast_1_02.csv
3,4,2,5,1,8.539,8539,-0.18,0.31,9.59,9.5967,-0.0033,-0.0033,-0.0022,1.69,1.25,339.19,-0.2015,0.2477,9.6043,9.6096,P003_Weight_Stack_Seated_Leg_Extension_Pulling_Too_Fast_1_02.csv
3,4,2,5,1,8.641,8641,-0.24,0.27,9.71,9.7167,0.0022,0.0022,0.0044,1.69,1.25,339.25,-0.2066,0.2506,9.6182,9.6237,P003_Weight_Stack_Seated_Leg_Extension_Pulling_Too_Fast_1_02.csv
3,4,2,5,1,8.759,8759,-0.25,0.35,9.88,9.8894,0.0,0.0044,-0.0011,1.63,1.31,339.25,-0.2123,0.2637,9.6527,9.6586,P003_Weight_Stack_Seated_Leg_Extension_Pulling_Too_Fast_1_02.csv
3,4,2,5,1,8.862,8862,-0.26,0.25,9.86,9.8666,0.0022,0.0,0.0033,1.63,1.31,339.25,-0.2186,0.2619,9.68,9.686,P003_Weight_Stack_Seated_Leg_Extension_Pulling_Too_Fast_1_02.csv
3,4,2,5,1,8.964,8964,-0.26,0.29,9.61,9.6179,0.0011,0.0011,0.0033,1.63,1.31,339.25,-0.2241,0.2656,9.6708,9.677,P003_Weight_Stack_Seated_Leg_Extension_Pulling_Too_Fast_1_02.csv
3,4,2,5,1,9.071,9071,-0.28,0.37,9.59,9.6012,0.0011,0.0022,0.0033,1.63,1.31,339.25,-0.2314,0.2794,9.6601,9.667,P003_Weight_Stack_Seated_Leg_Extension_Pulling_Too_Fast_1_02.csv
3,4,2,5,1,9.228,9228,-0.32,0.17,9.91,9.9166,0.0,0.0033,0.0382,1.63,1.38,339.25,-0.2431,0.265,9.6931,9.6997,P003_Weight_Stack_Seated_Leg_Extension_Pulling_Too_Fast_1_02.csv
3,4,2,5,1,9.332,9332,-0.04,0.22,9.66,9.6626,0.0033,0.0,-0.0076,1.63,1.38,339.25,-0.2163,0.259,9.6887,9.6946,P003_Weight_Stack_Seated_Leg_Extension_Pulling_Too_Fast_1_02.csv
3,4,2,5,1,9.434,9434,-0.14,0.19,10.57,10.5726,0.0109,-0.0087,0.0076,1.63,1.38,339.25,-0.2063,0.2499,9.8048,9.8102,P003_Weight_Stack_Seated_Leg_Extension_Pulling_Too_Fast_1_02.csv
3,4,2,5,1,9.539,9539,-0.28,0.18,11.61,11.6148,0.0153,-0.0109,0.0,1.69,1.38,339.25,-0.216,0.2407,10.0427,10.0479,P003_Weight_Stack_Seated_Leg_Extension_Pulling_Too_Fast_1_02.csv
3,4,2,5,1,9.643,9643,-0.35,-0.2,11.51,11.5171,0.0011,-0.0033,0.0164,1.69,1.31,339.38,-0.2337,0.1826,10.2361,10.2404,P003_Weight_Stack_Seated_Leg_Extension_Pulling_Too_Fast_1_02.csv
3,4,2,5,1,9.757,9757,-0.16,-0.28,9.41,9.4155,0.0284,-0.0316,0.0011,1.75,1.19,339.44,-0.2239,0.1217,10.1272,10.1304,P003_Weight_Stack_Seated_Leg_Extension_Pulling_Too_Fast_1_02.csv
3,4,2,5,1,9.859,9859,0.29,0.75,6.72,6.7679,-0.0153,0.012,-0.0305,1.75,1.13,339.44,-0.1562,0.2045,9.6782,9.6816,P003_Weight_Stack_Seated_Leg_Extension_Pulling_Too_Fast_1_02.csv
3,4,2,5,1,9.964,9964,-0.81,0.09,8.17,8.2105,0.0076,0.0065,0.0207,1.81,1.06,339.44,-0.2424,0.1894,9.4795,9.4845,P003_Weight_Stack_Seated_Leg_Extension_Pulling_Too_Fast_1_02.csv
3,4,2,5,1,10.066,10066,0.22,0.7,8.64,8.6711,-0.0273,0.0055,-0.0295,1.75,1.06,339.38,-0.1814,0.2567,9.3689,9.3741,P003_Weight_Stack_Seated_Leg_Extension_Pulling_Too_Fast_1_02.csv
3,4,2,5,1,10.172,10172,-0.45,-0.21,8.24,8.2549,0.0011,-0.0022,-0.0229,1.75,1.06,339.44,-0.2168,0.1952,9.2201,9.2247,P003_Weight_Stack_Seated_Leg_Extension_Pulling_Too_Fast_1_02.csv
3,4,2,5,1,10.277,10277,-0.28,-0.17,8.84,8.8461,0.0098,0.0022,-0.0044,1.75,1.13,339.44,-0.2252,0.1471,9.17,9.174,P003_Weight_Stack_Seated_Leg_Extension_Pulling_Too_Fast_1_02.csv
3,5,2,5,1,10.385,10385,-0.27,0.57,9.75,9.7704,-0.0087,0.0044,0.0142,1.75,1.13,339.5,-0.2311,0.2028,9.2464,9.2516,P003_Weight_Stack_Seated_Leg_Extension_Pulling_Too_Fast_1_02.csv
3,5,2,5,1,10.487,10487,-0.47,0.12,10.21,10.2215,0.0055,-0.0065,0.0164,1.75,1.19,339.5,-0.2626,0.1919,9.3734,9.3791,P003_Weight_Stack_Seated_Leg_Extension_Pulling_Too_Fast_1_02.csv
3,5,2,5,1,10.589,10589,-0.1,0.55,10.48,10.4949,-0.0142,0.0065,-0.0109,1.69,1.19,339.5,-0.2411,0.2391,9.5192,9.5253,P003_Weight_Stack_Seated_Leg_Extension_Pulling_Too_Fast_1_02.csv
3,5,2,5,1,10.696,10696,-0.16,0.26,10.25,10.2545,0.0011,-0.0065,-0.0011,1.69,1.19,339.5,-0.2304,0.2418,9.6155,9.6213,P003_Weight_Stack_Seated_Leg_Extension_Pulling_Too_Fast_1_02.csv
3,5,2,5,1,10.814,10814,-0.34,0.2,9.79,9.7979,0.0022,-0.0055,0.0087,1.69,1.19,339.5,-0.2449,0.2363,9.6385,9.6445,P003_Weight_Stack_Seated_Leg_Extension_Pulling_Too_Fast_1_02.csv
3,5,2,5,1,10.917,10917,-0.31,0.32,9.67,9.6803,0.0,0.0055,0.0,1.69,1.19,339.5,-0.2535,0.2473,9.6427,9.6492,P003_Weight_Stack_Seated_Leg_Extension_Pulling_Too_Fast_1_02.csv
3,5,2,5,1,11.02,11020,-0.2,0.26,9.77,9.7755,-0.0011,0.0076,-0.0011,1.69,1.19,339.5,-0.2464,0.249,9.6594,9.6658,P003_Weight_Stack_Seated_Leg_Extension_Pulling_Too_Fast_1_02.csv
3,5,2,5,1,11.124,11124,-0.21,0.29,9.84,9.8465,0.0011,0.0011,-0.0033,1.69,1.25,339.5,-0.2416,0.2544,9.6832,9.6896,P003_Weight_Stack_Seated_Leg_Extension_Pulling_Too_Fast_1_02.csv
3,5,2,5,1,11.279,11279,-0.28,0.3,9.82,9.8286,-0.0011,-0.0055,0.0022,1.69,1.25,339.5,-0.2467,0.2604,9.7013,9.7079,P003_Weight_Stack_Seated_Leg_Extension_Pulling_Too_Fast_1_02.csv
3,5,2,5,1,11.381,11381,-0.23,0.35,9.65,9.6591,0.0,0.0,0.0011,1.63,1.25,339.5,-0.2445,0.2722,9.6945,9.7014,P003_Weight_Stack_Seated_Leg_Extension_Pulling_Too_Fast_1_02.csv
3,5,2,5,1,11.483,11483,-0.25,0.29,9.82,9.8275,-0.0011,0.0033,0.0011,1.63,1.31,339.5,-0.2452,0.2746,9.711,9.718,P003_Weight_Stack_Seated_Leg_Extension_Pulling_Too_Fast_1_02.csv
3,5,2,5,1,11.589,11589,-0.24,0.3,9.71,9.7176,0.0033,0.0011,0.0,1.63,1.31,339.5,-0.2445,0.2779,9.7109,9.718,P003_Weight_Stack_Seated_Leg_Extension_Pulling_Too_Fast_1_02.csv
3,5,2,5,1,11.692,11692,-0.21,0.3,9.63,9.637,0.0033,0.0,0.0011,1.63,1.31,339.5,-0.24,0.2808,9.7002,9.7073,P003_Weight_Stack_Seated_Leg_Extension_Pulling_Too_Fast_1_02.csv
3,5,2,5,1,11.806,11806,-0.18,0.3,9.77,9.7763,-0.0022,0.0033,0.0022,1.63,1.38,339.5,-0.2321,0.2834,9.7094,9.7163,P003_Weight_Stack_Seated_Leg_Extension_Pulling_Too_Fast_1_02.csv
3,5,2,5,1,11.908,11908,-0.22,0.3,9.7,9.7071,0.0,-0.0044,0.0,1.63,1.38,339.5,-0.2305,0.2855,9.7082,9.7151,P003_Weight_Stack_Seated_Leg_Extension_Pulling_Too_Fast_1_02.csv
3,5,2,5,1,12.011,12011,-0.24,0.3,9.81,9.8175,0.0044,0.0,0.0,1.56,1.38,339.5,-0.2317,0.2875,9.7216,9.7286,P003_Weight_Stack_Seated_Leg_Extension_Pulling_Too_Fast_1_02.csv
3,5,2,5,1,12.114,12114,-0.26,0.31,9.77,9.7784,0.0,-0.0011,-0.0011,1.56,1.38,339.5,-0.2355,0.2904,9.728,9.7352,P003_Weight_Stack_Seated_Leg_Extension_Pulling_Too_Fast_1_02.csv
3,5,2,5,1,12.221,12221,-0.22,0.33,9.78,9.788,0.0011,-0.0022,0.0,1.56,1.38,339.5,-0.2334,0.2956,9.7348,9.7421,P003_Weight_Stack_Seated_Leg_Extension_Pulling_Too_Fast_1_02.csv
3,5,2,5,1,12.331,12331,-0.06,0.36,9.96,9.9667,0.0,0.0142,0.0,1.56,1.38,339.5,-0.2106,0.3041,9.7645,9.7715,P003_Weight_Stack_Seated_Leg_Extension_Pulling_Too_Fast_1_02.csv
3,5,2,5,1,12.433,12433,-0.23,0.23,13.06,13.0641,0.0033,-0.0065,0.0033,1.56,1.38,339.5,-0.2131,0.2944,10.1988,10.2052,P003_Weight_Stack_Seated_Leg_Extension_Pulling_Too_Fast_1_02.csv
3,5,2,5,1,12.538,12538,-0.53,0.75,11.44,11.4768,0.0207,-0.0033,0.012,1.63,1.31,339.56,-0.2549,0.3544,10.3623,10.3715,P003_Weight_Stack_Seated_Leg_Extension_Pulling_Too_Fast_1_02.csv
3,5,2,5,1,12.643,12643,-0.63,0.43,8.76,8.7931,0.0131,-0.0284,0.0098,1.69,1.25,339.63,-0.3043,0.3644,10.1512,10.1623,P003_Weight_Stack_Seated_Leg_Extension_Pulling_Too_Fast_1_02.csv
3,5,2,5,1,12.746,12746,0.18,0.38,7.04,7.0525,0.0087,-0.0131,-0.0295,1.63,1.19,339.56,-0.2405,0.3664,9.7412,9.7511,P003_Weight_Stack_Seated_Leg_Extension_Pulling_Too_Fast_1_02.csv
3,5,2,5,1,12.864,12864,-0.4,-0.32,8.0,8.0164,0.0011,0.0175,0.0076,1.69,1.13,339.63,-0.2615,0.276,9.5118,9.5194,P003_Weight_Stack_Seated_Leg_Extension_Pulling_Too_Fast_1_02.csv
3,5,2,5,1,12.966,12966,0.03,0.82,9.08,9.117,0.0229,-0.0153,-0.0316,1.69,1.19,339.56,-0.2231,0.3477,9.4549,9.4639,P003_Weight_Stack_Seated_Leg_Extension_Pulling_Too_Fast_1_02.csv
3,6,2,5,1,13.07,13070,-0.23,-0.21,9.48,9.4851,-0.0109,0.0153,0.0,1.69,1.13,339.63,-0.224,0.2742,9.4582,9.4648,P003_Weight_Stack_Seated_Leg_Extension_Pulling_Too_Fast_1_02.csv
3,6,2,5,1,13.174,13174,-0.25,0.24,10.38,10.3858,0.0022,0.0229,0.0327,1.63,1.19,339.56,-0.2274,0.2697,9.5797,9.5861,P003_Weight_Stack_Seated_Leg_Extension_Pulling_Too_Fast_1_02.csv
3,6,2,5,1,13.328,13328,-0.04,0.5,9.13,9.1438,0.0033,-0.0033,0.0142,1.69,1.25,339.63,-0.2027,0.3,9.5204,9.5273,P003_Weight_Stack_Seated_Leg_Extension_Pulling_Too_Fast_1_02.csv
3,6,2,5,1,13.436,13436,-0.42,0.04,9.33,9.3395,-0.0044,0.0098,0.0185,1.69,1.25,339.63,-0.2314,0.2658,9.4953,9.5018,P003_Weight_Stack_Seated_Leg_Extension_Pulling_Too_Fast_1_02.csv
3,6,2,5,1,13.538,13538,-0.28,0.29,9.55,9.5585,0.0044,0.0,0.012,1.69,1.25,339.63,-0.2378,0.269,9.5025,9.5093,P003_Weight_Stack_Seated_Leg_Extension_Pulling_Too_Fast_1_02.csv
3,6,2,5,1,13.64,13640,-0.26,0.15,9.66,9.6647,-0.0011,0.0044,-0.0076,1.69,1.25,339.63,-0.2407,0.2533,9.5233,9.5297,P003_Weight_Stack_Seated_Leg_Extension_Pulling_Too_Fast_1_02.csv
3,6,2,5,1,13.747,13747,-0.13,0.29,9.75,9.7552,-0.0076,0.0098,-0.0044,1.69,1.25,339.63,-0.2261,0.2581,9.5531,9.5593,P003_Weight_Stack_Seated_Leg_Extension_Pulling_Too_Fast_1_02.csv
3,6,2,5,1,13.861,13861,0.03,0.17,9.97,9.9715,-0.012,0.012,-0.0044,1.63,1.31,339.63,-0.1924,0.2465,9.6081,9.6132,P003_Weight_Stack_Seated_Leg_Extension_Pulling_Too_Fast_1_02.csv
3,6,2,5,1,13.963,13963,0.0,0.4,9.83,9.8381,-0.0044,-0.0033,-0.0044,1.63,1.31,339.63,-0.167,0.2667,9.6373,9.6425,P003_Weight_Stack_Seated_Leg_Extension_Pulling_Too_Fast_1_02.csv
3,6,2,5,1,14.068,14068,-0.09,0.24,9.64,9.6434,-0.0044,0.0022,0.0,1.63,1.31,339.63,-0.1569,0.2632,9.6377,9.6425,P003_Weight_Stack_Seated_Leg_Extension_Pulling_Too_Fast_1_02.csv
3,6,2,5,1,14.171,14171,-0.09,0.3,9.64,9.6451,-0.0011,0.0,-0.0033,1.63,1.31,339.63,-0.1481,0.2681,9.638,9.6428,P003_Weight_Stack_Seated_Leg_Extension_Pulling_Too_Fast_1_02.csv
3,6,2,5,1,14.279,14279,-0.14,0.3,9.95,9.9555,0.0011,0.0,0.0011,1.63,1.31,339.63,-0.147,0.2723,9.6791,9.684,P003_Weight_Stack_Seated_Leg_Extension_Pulling_Too_Fast_1_02.csv
3,6,2,5,1,14.385,14385,-0.22,0.32,9.96,9.9676,-0.0044,0.0022,0.0,1.63,1.31,339.63,-0.1566,0.2786,9.7161,9.7214,P003_Weight_Stack_Seated_Leg_Extension_Pulling_Too_Fast_1_02.csv
3,6,2,5,1,14.49,14490,-0.22,0.3,9.71,9.7171,-0.0022,-0.0011,-0.0011,1.63,1.31,339.63,-0.165,0.2814,9.7153,9.7208,P003_Weight_Stack_Seated_Leg_Extension_Pulling_Too_Fast_1_02.csv
3,6,2,5,1,14.592,14592,-0.23,0.3,9.69,9.6974,0.0011,0.0011,0.0022,1.63,1.31,339.63,-0.1735,0.2838,9.712,9.7177,P003_Weight_Stack_Seated_Leg_Extension_Pulling_Too_Fast_1_02.csv
3,6,2,5,1,14.696,14696,-0.23,0.22,9.81,9.8152,-0.0044,-0.0055,-0.0033,1.63,1.31,339.63,-0.181,0.2754,9.7249,9.7305,P003_Weight_Stack_Seated_Leg_Extension_Pulling_Too_Fast_1_02.csv
3,6,2,5,1,14.801,14801,-0.23,0.28,9.75,9.7567,-0.0011,0.0,0.0022,1.63,1.31,339.63,-0.1874,0.276,9.7282,9.7339,P003_Weight_Stack_Seated_Leg_Extension_Pulling_Too_Fast_1_02.csv
3,6,2,5,1,14.916,14916,-0.17,0.29,9.86,9.8657,0.0011,0.0,0.0,1.63,1.31,339.63,-0.1851,0.2779,9.7456,9.7513,P003_Weight_Stack_Seated_Leg_Extension_Pulling_Too_Fast_1_02.csv
3,6,2,5,1,15.021,15021,-0.16,0.38,10.23,10.2383,0.0011,0.0055,0.0011,1.63,1.31,339.63,-0.1818,0.2913,9.8094,9.8154,P003_Weight_Stack_Seated_Leg_Extension_Pulling_Too_Fast_1_02.csv
3,6,2,5,1,15.123,15123,-0.36,0.21,11.61,11.6175,0.0065,0.0044,0.0022,1.63,1.31,339.63,-0.2053,0.2806,10.0467,10.0527,P003_Weight_Stack_Seated_Leg_Extension_Pulling_Too_Fast_1_02.csv
3,6,2,5,1,15.225,15225,-0.2,0.78,12.24,12.2665,-0.0065,0.0044,-0.0044,1.63,1.31,339.63,-0.2046,0.3464,10.3357,10.3435,P003_Weight_Stack_Seated_Leg_Extension_Pulling_Too_Fast_1_02.csv
3,6,2,5,1,15.382,15382,-0.17,0.5,9.84,9.8542,0.0185,-0.0153,-0.0033,1.69,1.13,339.63,-0.2,0.3667,10.2704,10.2789,P003_Weight_Stack_Seated_Leg_Extension_Pulling_Too_Fast_1_02.csv
3,6,2,5,1,15.485,15485,0.23,0.46,7.33,7.348,0.0207,-0.0196,-0.0175,1.69,1.06,339.63,-0.1434,0.379,9.8829,9.8912,P003_Weight_Stack_Seated_Leg_Extension_Pulling_Too_Fast_1_02.csv
3,6,2,5,1,15.593,15593,-0.12,-0.15,6.23,6.233,0.0098,0.0055,-0.0185,1.69,1.0,339.63,-0.1403,0.3093,9.4016,9.4077,P003_Weight_Stack_Seated_Leg_Extension_Pulling_Too_Fast_1_02.csv
3,6,2,5,1,15.695,15695,-0.9,0.3,8.54,8.5925,0.0076,-0.0153,0.0229,1.69,1.0,339.63,-0.2404,0.308,9.288,9.2962,P003_Weight_Stack_Seated_Leg_Extension_Pulling_Too_Fast_1_02.csv
3,7,2,5,1,15.798,15798,-0.13,0.27,9.92,9.9245,-0.0011,-0.0065,-0.0153,1.69,1.06,339.63,-0.2259,0.303,9.3713,9.3789,P003_Weight_Stack_Seated_Leg_Extension_Pulling_Too_Fast_1_02.csv
3,7,2,5,1,15.915,15915,0.02,0.14,9.9,9.901,0.0033,-0.0022,0.0185,1.69,1.06,339.69,-0.1935,0.2815,9.441,9.4471,P003_Weight_Stack_Seated_Leg_Extension_Pulling_Too_Fast_1_02.csv
3,7,2,5,1,16.017,16017,-0.08,-0.03,10.35,10.3504,0.0055,-0.0284,0.0229,1.69,1.13,339.75,-0.1785,0.2405,9.5608,9.5654,P003_Weight_Stack_Seated_Leg_Extension_Pulling_Too_Fast_1_02.csv
3,7,2,5,1,16.119,16119,-0.4,0.45,10.34,10.3575,-0.0109,0.0098,-0.0011,1.69,1.13,339.75,-0.2077,0.2681,9.6634,9.6694,P003_Weight_Stack_Seated_Leg_Extension_Pulling_Too_Fast_1_02.csv
3,7,2,5,1,16.221,16221,-0.41,0.47,10.0,10.0194,0.0044,0.0,0.0055,1.69,1.13,339.75,-0.2344,0.2947,9.7078,9.7151,P003_Weight_Stack_Seated_Leg_Extension_Pulling_Too_Fast_1_02.csv
3,7,2,5,1,16.324,16324,-0.23,0.29,10.02,10.0268,-0.0055,0.0055,-0.0044,1.63,1.13,339.75,-0.2338,0.2941,9.7489,9.7562,P003_Weight_Stack_Seated_Leg_Extension_Pulling_Too_Fast_1_02.csv
3,7,2,5,1,16.429,16429,0.04,0.29,9.75,9.7544,-0.0109,0.012,-0.0076,1.56,1.19,339.69,-0.1977,0.2935,9.7491,9.7555,P003_Weight_Stack_Seated_Leg_Extension_Pulling_Too_Fast_1_02.csv
3,7,2,5,1,16.536,16536,0.13,0.3,9.69,9.6955,-0.0044,0.012,-0.0065,1.56,1.19,339.69,-0.1545,0.2944,9.7413,9.747,P003_Weight_Stack_Seated_Leg_Extension_Pulling_Too_Fast_1_02.csv
3,7,2,5,1,16.638,16638,-0.21,0.38,9.41,9.42,-0.0011,-0.0044,-0.0033,1.56,1.19,339.69,-0.1618,0.3057,9.6976,9.7038,P003_Weight_Stack_Seated_Leg_Extension_Pulling_Too_Fast_1_02.csv
3,7,2,5,1,16.74,16740,-0.21,0.22,9.52,9.5249,-0.0033,0.0065,0.0011,1.56,1.19,339.69,-0.1682,0.2944,9.6742,9.6802,P003_Weight_Stack_Seated_Leg_Extension_Pulling_Too_Fast_1_02.csv
3,7,2,5,1,16.847,16847,-0.31,0.47,10.03,10.0458,-0.0055,0.0022,0.0,1.56,1.19,339.69,-0.1869,0.3175,9.7211,9.7281,P003_Weight_Stack_Seated_Leg_Extension_Pulling_Too_Fast_1_02.csv
3,7,2,5,1,16.964,16964,-0.36,0.36,9.78,9.7932,-0.0022,0.0022,0.0011,1.56,1.19,339.69,-0.2097,0.3231,9.7289,9.7365,P003_Weight_Stack_Seated_Leg_Extension_Pulling_Too_Fast_1_02.csv
3,7,2,5,1,17.069,17069,-0.31,0.32,9.96,9.97,0.0,0.0,-0.0022,1.56,1.25,339.69,-0.2229,0.3227,9.7593,9.7672,P003_Weight_Stack_Seated_Leg_Extension_Pulling_Too_Fast_1_02.csv
3,7,2,5,1,17.171,17171,-0.24,0.29,9.83,9.8372,0.0,0.0,-0.0011,1.56,1.25,339.69,-0.2252,0.3184,9.7686,9.7764,P003_Weight_Stack_Seated_Leg_Extension_Pulling_Too_Fast_1_02.csv
3,7,2,5,1,17.273,17273,-0.2,0.32,9.83,9.8372,0.0,0.0055,-0.0033,1.56,1.25,339.69,-0.2218,0.3186,9.7767,9.7844,P003_Weight_Stack_Seated_Leg_Extension_Pulling_Too_Fast_1_02.csv
3,7,2,5,1,17.429,17429,-0.29,0.3,9.77,9.7789,-0.0011,0.0055,0.0022,1.5,1.25,339.69,-0.2308,0.3162,9.7758,9.7837,P003_Weight_Stack_Seated_Leg_Extension_Pulling_Too_Fast_1_02.csv
3,7,2,5,1,17.531,17531,-0.27,0.32,10.25,10.2585,0.0011,0.0,-0.0011,1.5,1.31,339.69,-0.236,0.3167,9.8383,9.8462,P003_Weight_Stack_Seated_Leg_Extension_Pulling_Too_Fast_1_02.csv
3,7,2,5,1,17.633,17633,-0.28,0.28,11.05,11.0571,-0.0022,-0.0055,0.0,1.5,1.31,339.69,-0.2418,0.3118,9.998,10.0058,P003_Weight_Stack_Seated_Leg_Extension_Pulling_Too_Fast_1_02.csv
3,7,2,5,1,17.74,17740,-0.25,0.28,11.88,11.8859,0.0087,-0.0055,0.0033,1.5,1.31,339.69,-0.2429,0.3076,10.246,10.2535,P003_Weight_Stack_Seated_Leg_Extension_Pulling_Too_Fast_1_02.csv
3,7,2,5,1,17.842,17842,-0.68,0.14,12.58,12.5991,0.0262,-0.0087,0.0218,1.5,1.25,339.75,-0.3005,0.2855,10.5536,10.5617,P003_Weight_Stack_Seated_Leg_Extension_Pulling_Too_Fast_1_02.csv
3,7,2,5,1,17.961,17961,0.02,0.6,10.77,10.7867,-0.0185,0.0196,-0.0491,1.56,1.13,339.81,-0.2582,0.327,10.5821,10.5903,P003_Weight_Stack_Seated_Leg_Extension_Pulling_Too_Fast_1_02.csv
3,7,2,5,1,18.063,18063,0.34,0.16,7.56,7.5693,0.0109,0.012,-0.0567,1.56,1.06,339.81,-0.1794,0.305,10.1838,10.19,P003_Weight_Stack_Seated_Leg_Extension_Pulling_Too_Fast_1_02.csv
3,7,2,5,1,18.171,18171,0.13,0.32,6.13,6.1397,0.0196,0.0338,-0.0469,1.56,1.0,339.88,-0.1386,0.307,9.6496,9.6555,P003_Weight_Stack_Seated_Leg_Extension_Pulling_Too_Fast_1_02.csv
3,7,2,5,1,18.273,18273,-1.52,-0.02,8.86,8.9895,0.0535,-0.0611,-0.0055,1.63,1.0,339.81,-0.3207,0.2639,9.5456,9.5546,P003_Weight_Stack_Seated_Leg_Extension_Pulling_Too_Fast_1_02.csv
3,7,2,5,1,18.375,18375,0.11,0.57,9.36,9.378,-0.024,0.0164,0.0,1.56,1.06,339.81,-0.2639,0.3042,9.5211,9.5297,P003_Weight_Stack_Seated_Leg_Extension_Pulling_Too_Fast_1_02.csv
3,8,2,5,1,18.48,18480,-0.11,0.22,10.33,10.3329,-0.0087,0.0273,0.0033,1.56,1.06,339.88,-0.2436,0.2931,9.6277,9.6353,P003_Weight_Stack_Seated_Leg_Extension_Pulling_Too_Fast_1_02.csv
3,8,2,5,1,18.584,18584,-0.31,0.47,10.21,10.2255,-0.0065,0.0164,0.0087,1.56,1.13,339.88,-0.2524,0.3164,9.7045,9.7129,P003_Weight_Stack_Seated_Leg_Extension_Pulling_Too_Fast_1_02.csv
3,8,2,5,1,18.686,18686,-0.39,0.35,10.21,10.2234,0.0022,0.0,-0.012,1.56,1.13,339.81,-0.2705,0.3209,9.7711,9.7801,P003_Weight_Stack_Seated_Leg_Extension_Pulling_Too_Fast_1_02.csv
3,8,2,5,1,18.794,18794,-0.3,0.36,10.24,10.2507,-0.0033,0.0131,0.0033,1.56,1.13,339.81,-0.2744,0.326,9.8329,9.8421,P003_Weight_Stack_Seated_Leg_Extension_Pulling_Too_Fast_1_02.csv
3,8,2,5,1,18.896,18896,-0.31,0.22,9.93,9.9373,0.0033,-0.0033,0.0033,1.5,1.13,339.81,-0.2791,0.312,9.8457,9.8546,P003_Weight_Stack_Seated_Leg_Extension_Pulling_Too_Fast_1_02.csv
3,8,2,5,1,19.014,19014,-0.06,0.31,9.49,9.4953,-0.0098,0.0087,-0.0055,1.56,1.13,339.81,-0.2502,0.3118,9.7988,9.8069,P003_Weight_Stack_Seated_Leg_Extension_Pulling_Too_Fast_1_02.csv
3,8,2,5,1,19.117,19117,-0.05,0.24,9.89,9.893,0.0022,-0.0022,-0.0011,1.56,1.19,339.81,-0.2238,0.3023,9.8108,9.818,P003_Weight_Stack_Seated_Leg_Extension_Pulling_Too_Fast_1_02.csv
3,8,2,5,1,19.225,19225,-0.08,0.35,9.88,9.8865,-0.0011,0.0022,-0.0087,1.56,1.19,339.81,-0.2049,0.3086,9.8199,9.8269,P003_Weight_Stack_Seated_Leg_Extension_Pulling_Too_Fast_1_02.csv
3,8,2,5,1,19.328,19328,-0.28,0.26,9.75,9.7575,0.0011,-0.0098,0.0055,1.5,1.19,339.81,-0.2148,0.3022,9.8107,9.8177,P003_Weight_Stack_Seated_Leg_Extension_Pulling_Too_Fast_1_02.csv
3,8,2,5,1,19.482,19482,-0.23,0.29,9.52,9.5272,-0.0022,0.0033,-0.0044,1.5,1.19,339.81,-0.2168,0.3006,9.7724,9.7794,P003_Weight_Stack_Seated_Leg_Extension_Pulling_Too_Fast_1_02.csv
3,8,2,5,1,19.587,19587,-0.23,0.33,10.08,10.088,0.0,0.0044,-0.0011,1.5,1.19,339.81,-0.2185,0.3045,9.8129,9.8201,P003_Weight_Stack_Seated_Leg_Extension_Pulling_Too_Fast_1_02.csv
3,8,2,5,1,19.689,19689,-0.23,0.34,9.69,9.6987,-0.0033,0.0022,-0.0033,1.5,1.19,339.81,-0.22,0.3091,9.7967,9.8041,P003_Weight_Stack_Seated_Leg_Extension_Pulling_Too_Fast_1_02.csv
3,8,2,5,1,19.797,19797,-0.18,0.28,9.88,9.8856,0.0,0.0033,-0.0022,1.5,1.19,339.81,-0.2148,0.3053,9.8077,9.8148,P003_Weight_Stack_Seated_Leg_Extension_Pulling_Too_Fast_1_02.csv
3,8,2,5,1,19.899,19899,-0.14,0.31,9.91,9.9158,0.0022,0.0022,-0.0011,1.5,1.19,339.81,-0.2049,0.3059,9.8212,9.8281,P003_Weight_Stack_Seated_Leg_Extension_Pulling_Too_Fast_1_02.csv
3,8,2,5,1,20.018,20018,-0.17,0.36,9.88,9.888,0.0,0.0011,0.0,1.5,1.19,339.81,-0.2003,0.313,9.8289,9.836,P003_Weight_Stack_Seated_Leg_Extension_Pulling_Too_Fast_1_02.csv
3,8,2,5,1,20.12,20120,-0.23,0.41,10.57,10.5804,0.0033,-0.0044,0.0,1.5,1.19,339.81,-0.2042,0.3258,9.9266,9.934,P003_Weight_Stack_Seated_Leg_Extension_Pulling_Too_Fast_1_02.csv
3,8,2,5,1,20.226,20226,-0.18,0.24,11.13,11.134,0.0076,-0.0065,0.0,1.5,1.19,339.81,-0.201,0.3145,10.0852,10.0921,P003_Weight_Stack_Seated_Leg_Extension_Pulling_Too_Fast_1_02.csv
3,8,2,5,1,20.33,20330,-0.12,0.61,11.69,11.7065,0.0284,-0.0109,0.0175,1.5,1.19,339.88,-0.1904,0.3535,10.2966,10.3045,P003_Weight_Stack_Seated_Leg_Extension_Pulling_Too_Fast_1_02.csv
3,8,2,5,1,20.432,20432,-0.11,0.48,10.17,10.1819,-0.0065,-0.012,-0.0033,1.56,1.06,339.88,-0.1798,0.3701,10.28,10.2882,P003_Weight_Stack_Seated_Leg_Extension_Pulling_Too_Fast_1_02.csv
3,8,2,5,1,20.54,20540,-0.87,0.27,8.23,8.2803,-0.0033,-0.0142,-0.0011,1.63,1.0,339.88,-0.2707,0.3569,10.0098,10.0198,P003_Weight_Stack_Seated_Leg_Extension_Pulling_Too_Fast_1_02.csv
3,8,2,5,1,20.642,20642,0.42,0.0,6.37,6.3838,0.0305,-0.0284,0.0251,1.56,0.94,339.88,-0.1797,0.3099,9.5302,9.5369,P003_Weight_Stack_Seated_Leg_Extension_Pulling_Too_Fast_1_02.csv
3,8,2,5,1,20.746,20746,-0.04,0.08,7.2,7.2006,-0.0131,0.0175,-0.0065,1.63,0.88,339.88,-0.1613,0.2796,9.2231,9.2288,P003_Weight_Stack_Seated_Leg_Extension_Pulling_Too_Fast_1_02.csv
3,8,2,5,1,20.849,20849,-0.29,-0.52,8.96,8.9798,0.0295,-0.0185,-0.0065,1.69,0.94,339.94,-0.1783,0.1742,9.1885,9.1918,P003_Weight_Stack_Seated_Leg_Extension_Pulling_Too_Fast_1_02.csv
3,9,2,5,1,20.952,20952,-0.36,0.81,9.73,9.7703,-0.0011,-0.0011,-0.0447,1.63,0.94,339.94,-0.2022,0.258,9.2598,9.2656,P003_Weight_Stack_Seated_Leg_Extension_Pulling_Too_Fast_1_02.csv
3,9,2,5,1,21.071,21071,-0.32,-0.12,9.85,9.8559,-0.0055,-0.0098,0.0207,1.69,0.94,339.94,-0.2177,0.2082,9.3376,9.3424,P003_Weight_Stack_Seated_Leg_Extension_Pulling_Too_Fast_1_02.csv
3,9,2,5,1,21.174,21174,-0.2,0.39,9.99,9.9996,0.0131,-0.0087,0.0131,1.63,1.0,339.94,-0.2154,0.2322,9.4236,9.4289,P003_Weight_Stack_Seated_Leg_Extension_Pulling_Too_Fast_1_02.csv
3,9,2,5,1,21.282,21282,-0.37,0.51,9.26,9.2814,-0.0055,0.0076,0.0087,1.63,1.0,339.94,-0.2358,0.2688,9.402,9.4088,P003_Weight_Stack_Seated_Leg_Extension_Pulling_Too_Fast_1_02.csv
3,9,2,5,1,21.385,21385,-0.46,0.13,9.58,9.5919,0.0,-0.0065,0.0055,1.69,1.0,339.94,-0.2653,0.2505,9.4255,9.4325,P003_Weight_Stack_Seated_Leg_Extension_Pulling_Too_Fast_1_02.csv
3,9,2,5,1,21.539,21539,-0.31,0.2,9.61,9.6171,0.0,-0.0033,0.0022,1.63,1.0,339.94,-0.2712,0.2438,9.4498,9.4568,P003_Weight_Stack_Seated_Leg_Extension_Pulling_Too_Fast_1_02.csv
3,9,2,5,1,21.644,21644,-0.63,0.24,9.9,9.9229,-0.0044,0.0065,-0.0109,1.63,1.0,339.94,-0.3185,0.2433,9.5091,9.5175,P003_Weight_Stack_Seated_Leg_Extension_Pulling_Too_Fast_1_02.csv
3,9,2,5,1,21.746,21746,-0.08,0.16,9.98,9.9816,-0.0033,0.0164,-0.0033,1.63,1.0,339.94,-0.2871,0.2323,9.5712,9.5783,P003_Weight_Stack_Seated_Leg_Extension_Pulling_Too_Fast_1_02.csv
3,9,2,5,1,21.854,21854,-0.08,0.2,9.77,9.7724,-0.0022,0.0109,-0.0087,1.63,1.0,339.94,-0.2598,0.2281,9.5974,9.6036,P003_Weight_Stack_Seated_Leg_Extension_Pulling_Too_Fast_1_02.csv
3,9,2,5,1,21.956,21956,-0.26,0.2,9.39,9.3957,0.0011,0.0033,0.0011,1.63,1.0,339.94,-0.2598,0.2244,9.57,9.5762,P003_Weight_Stack_Seated_Leg_Extension_Pulling_Too_Fast_1_02.csv
3,9,2,5,1,22.075,22075,-0.27,0.23,9.66,9.6665,-0.0011,-0.0022,0.0022,1.63,1.0,339.94,-0.2611,0.2251,9.5819,9.5881,P003_Weight_Stack_Seated_Leg_Extension_Pulling_Too_Fast_1_02.csv
3,9,2,5,1,22.177,22177,-0.18,0.36,9.96,9.9681,-0.0011,0.0022,-0.0033,1.63,1.0,339.94,-0.2505,0.2429,9.6317,9.638,P003_Weight_Stack_Seated_Leg_Extension_Pulling_Too_Fast_1_02.csv
3,9,2,5,1,22.285,22285,-0.18,0.31,10.18,10.1863,-0.0022,0.0011,-0.0011,1.63,1.0,339.94,-0.2412,0.2517,9.704,9.7102,P003_Weight_Stack_Seated_Leg_Extension_Pulling_Too_Fast_1_02.csv
3,9,2,5,1,22.387,22387,-0.09,0.28,10.1,10.1043,-0.0011,0.0,0.0011,1.63,1.0,339.94,-0.2212,0.2555,9.7562,9.762,P003_Weight_Stack_Seated_Leg_Extension_Pulling_Too_Fast_1_02.csv
3,9,2,5,1,22.489,22489,-0.3,0.3,9.71,9.7193,-0.0098,-0.0011,0.0065,1.63,1.06,339.94,-0.2316,0.2613,9.7501,9.7563,P003_Weight_Stack_Seated_Leg_Extension_Pulling_Too_Fast_1_02.csv
3,9,2,5,1,22.597,22597,-0.22,0.2,9.7,9.7046,-0.0022,0.0011,-0.0044,1.63,1.06,339.94,-0.2301,0.2533,9.7435,9.7495,P003_Weight_Stack_Seated_Leg_Extension_Pulling_Too_Fast_1_02.csv
3,9,2,5,1,22.699,22699,-0.46,0.42,10.95,10.9677,0.0065,-0.0087,0.0022,1.63,1.06,339.94,-0.2604,0.2752,9.9025,9.9097,P003_Weight_Stack_Seated_Leg_Extension_Pulling_Too_Fast_1_02.csv
3,9,2,5,1,22.804,22804,-0.35,0.16,12.12,12.1261,0.0185,-0.0055,-0.0087,1.69,1.0,339.94,-0.2722,0.26,10.1947,10.2016,P003_Weight_Stack_Seated_Leg_Extension_Pulling_Too_Fast_1_02.csv
3,9,2,5,1,22.906,22906,0.85,0.52,11.04,11.0849,0.0011,0.0404,-0.012,1.69,0.94,339.94,-0.1243,0.2943,10.3061,10.311,P003_Weight_Stack_Seated_Leg_Extension_Pulling_Too_Fast_1_02.csv
3,9,2,5,1,23.009,23009,-1.18,2.32,8.08,8.4889,0.0415,0.0284,-0.0142,1.75,0.81,340.0,-0.2634,0.5612,10.0127,10.0319,P003_Weight_Stack_Seated_Leg_Extension_Pulling_Too_Fast_1_02.csv
3,9,2,5,1,23.128,23128,-0.22,1.19,6.65,6.7592,-0.0153,0.0218,-0.0055,1.75,0.75,340.0,-0.2577,0.6441,9.5696,9.5947,P003_Weight_Stack_Seated_Leg_Extension_Pulling_Too_Fast_1_02.csv
3,9,2,5,1,23.231,23231,-0.62,-0.06,6.76,6.7886,-0.0316,0.0305,0.0436,1.81,0.69,340.0,-0.3054,0.5513,9.1994,9.2209,P003_Weight_Stack_Seated_Leg_Extension_Pulling_Too_Fast_1_02.csv
3,9,2,5,1,23.339,23339,0.0,0.56,8.16,8.1792,-0.0393,0.0175,0.0153,1.81,0.81,339.94,-0.2652,0.5525,9.0624,9.0831,P003_Weight_Stack_Seated_Leg_Extension_Pulling_Too_Fast_1_02.csv
3,10,2,5,1,23.441,23441,-0.11,-0.3,9.26,9.2655,-0.0098,-0.0022,0.0349,1.81,0.81,340.06,-0.2447,0.4401,9.0884,9.1024,P003_Weight_Stack_Seated_Leg_Extension_Pulling_Too_Fast_1_02.csv
3,10,2,5,1,23.595,23595,0.31,-0.22,10.31,10.317,0.0044,0.0098,-0.0229,1.88,0.81,340.0,-0.1716,0.3531,9.2494,9.2577,P003_Weight_Stack_Seated_Leg_Extension_Pulling_Too_Fast_1_02.csv
3,10,2,5,1,23.697,23697,0.32,0.58,10.13,10.1516,-0.0142,0.0142,-0.0491,1.81,0.94,340.0,-0.1069,0.383,9.3655,9.3739,P003_Weight_Stack_Seated_Leg_Extension_Pulling_Too_Fast_1_02.csv
3,10,2,5,1,23.799,23799,-0.41,0.67,10.86,10.8884,-0.036,-0.0087,-0.0393,1.75,0.94,340.0,-0.1468,0.4208,9.5624,9.5728,P003_Weight_Stack_Seated_Leg_Extension_Pulling_Too_Fast_1_02.csv
3,10,2,5,1,23.902,23902,-0.46,-0.06,9.67,9.6811,0.0229,-0.0316,-0.0022,1.88,0.94,340.0,-0.1881,0.3575,9.5766,9.5851,P003_Weight_Stack_Seated_Leg_Extension_Pulling_Too_Fast_1_02.csv
3,10,2,5,1,24.004,24004,-0.15,0.12,8.86,8.8621,-0.0098,0.0033,0.0087,1.81,0.94,340.0,-0.1831,0.3262,9.4822,9.4895,P003_Weight_Stack_Seated_Leg_Extension_Pulling_Too_Fast_1_02.csv
3,10,2,5,1,24.122,24122,-0.51,0.27,9.38,9.3977,-0.0022,0.0,0.0087,1.81,0.94,340.0,-0.2261,0.3188,9.4687,9.4768,P003_Weight_Stack_Seated_Leg_Extension_Pulling_Too_Fast_1_02.csv
3,10,2,5,1,24.224,24224,-0.25,0.52,9.59,9.6073,0.0022,0.0131,-0.0098,1.81,0.94,340.0,-0.2293,0.3453,9.4847,9.4937,P003_Weight_Stack_Seated_Leg_Extension_Pulling_Too_Fast_1_02.csv
3,10,2,5,1,24.327,24327,-0.42,0.38,9.92,9.9362,-0.0022,0.0011,0.0011,1.81,0.94,339.94,-0.2544,0.3499,9.542,9.5518,P003_Weight_Stack_Seated_Leg_Extension_Pulling_Too_Fast_1_02.csv
3,10,2,5,1,24.433,24433,-0.3,0.26,9.72,9.7281,0.0022,-0.0033,0.0644,1.75,0.94,340.06,-0.2604,0.338,9.5655,9.575,P003_Weight_Stack_Seated_Leg_Extension_Pulling_Too_Fast_1_02.csv
3,10,2,5,1,24.535,24535,-0.09,0.02,9.86,9.8604,0.0076,0.0,-0.0011,1.75,0.94,340.0,-0.238,0.2961,9.6043,9.6118,P003_Weight_Stack_Seated_Leg_Extension_Pulling_Too_Fast_1_02.csv
3,10,2,5,1,24.644,24644,-0.21,0.13,8.33,8.3337,0.0022,-0.0022,0.012,1.81,0.94,340.0,-0.2343,0.2742,9.4364,9.4433,P003_Weight_Stack_Seated_Leg_Extension_Pulling_Too_Fast_1_02.csv
3,10,2,5,1,24.746,24746,-0.48,0.07,9.69,9.7021,0.0011,0.0022,0.0295,1.81,0.94,340.0,-0.2667,0.2473,9.4698,9.4768,P003_Weight_Stack_Seated_Leg_Extension_Pulling_Too_Fast_1_02.csv
3,10,2,5,1,24.848,24848,-0.23,0.4,9.69,9.701,0.0022,0.0,-0.0055,1.81,0.94,340.0,-0.2618,0.2674,9.4988,9.5062,P003_Weight_Stack_Seated_Leg_Extension_Pulling_Too_Fast_1_02.csv
3,10,2,5,1,24.95,24950,-0.36,0.18,9.01,9.019,0.0022,-0.0044,0.0055,1.81,1.0,340.0,-0.2748,0.2559,9.4344,9.4419,P003_Weight_Stack_Seated_Leg_Extension_Pulling_Too_Fast_1_02.csv
3,10,2,5,1,25.055,25055,-0.49,0.27,10.74,10.7546,0.0164,-0.0098,-0.0087,1.88,0.94,340.0,-0.3031,0.2578,9.6064,9.6147,P003_Weight_Stack_Seated_Leg_Extension_Pulling_Too_Fast_1_02.csv
3,10,2,5,1,25.175,25175,0.19,0.08,10.96,10.9619,0.0087,0.0185,0.0098,1.88,0.94,340.06,-0.2381,0.2343,9.7848,9.7905,P003_Weight_Stack_Seated_Leg_Extension_Pulling_Too_Fast_1_02.csv
3,10,2,5,1,25.277,25277,-0.14,0.49,11.31,11.3215,0.0,0.0131,-0.0131,1.88,0.88,340.06,-0.2252,0.268,9.9858,9.9919,P003_Weight_Stack_Seated_Leg_Extension_Pulling_Too_Fast_1_02.csv
3,10,2,5,1,25.379,25379,-0.09,-0.16,10.76,10.7616,0.0175,-0.0327,-0.0076,1.94,0.81,340.06,-0.2074,0.2116,10.0878,10.0922,P003_Weight_Stack_Seated_Leg_Extension_Pulling_Too_Fast_1_02.csv
3,10,2,5,1,25.486,25486,0.5,0.41,9.28,9.3025,-0.0229,0.0229,-0.0022,2.0,0.69,340.06,-0.1142,0.2378,9.9814,9.9848,P003_Weight_Stack_Seated_Leg_Extension_Pulling_Too_Fast_1_02.csv
3,10,2,5,1,25.645,25645,-0.32,0.29,6.24,6.2549,-0.0022,0.0022,-0.0011,2.0,0.63,340.13,-0.1413,0.2447,9.4883,9.4926,P003_Weight_Stack_Seated_Leg_Extension_Pulling_Too_Fast_1_02.csv
3,10,2,5,1,25.748,25748,-0.11,0.58,8.67,8.6901,-0.0065,0.0033,0.012,2.0,0.63,340.13,-0.1372,0.2888,9.3805,9.386,P003_Weight_Stack_Seated_Leg_Extension_Pulling_Too_Fast_1_02.csv
3,11,2,5,1,25.85,25850,-0.16,0.07,11.02,11.0214,-0.0109,0.0076,0.0033,2.0,0.69,340.13,-0.1402,0.26,9.5966,9.6011,P003_Weight_Stack_Seated_Leg_Extension_Pulling_Too_Fast_1_02.csv
3,11,2,5,1,25.952,25952,-0.52,0.17,10.92,10.9337,0.0011,0.0,-0.0055,2.06,0.69,340.13,-0.1902,0.2481,9.7709,9.776,P003_Weight_Stack_Seated_Leg_Extension_Pulling_Too_Fast_1_02.csv
3,11,2,5,1,26.054,26054,-0.04,0.46,10.25,10.2604,-0.0011,0.0131,-0.012,2.06,0.69,340.13,-0.1704,0.2761,9.8341,9.8394,P003_Weight_Stack_Seated_Leg_Extension_Pulling_Too_Fast_1_02.csv
3,11,2,5,1,26.169,26169,0.13,0.31,8.96,8.9663,-0.0011,0.0076,-0.0076,2.0,0.69,340.13,-0.1308,0.2805,9.7189,9.7238,P003_Weight_Stack_Seated_Leg_Extension_Pulling_Too_Fast_1_02.csv
3,11,2,5,1,26.272,26272,0.05,0.42,8.9,8.91,-0.0055,-0.0131,-0.0175,2.0,0.75,340.13,-0.107,0.2989,9.611,9.6162,P003_Weight_Stack_Seated_Leg_Extension_Pulling_Too_Fast_1_02.csv
3,11,2,5,1,26.379,26379,-0.2,0.47,8.94,8.9546,-0.0076,0.0033,-0.0109,2.06,0.75,340.13,-0.1193,0.3215,9.5226,9.5287,P003_Weight_Stack_Seated_Leg_Extension_Pulling_Too_Fast_1_02.csv
3,11,2,5,1,26.482,26482,-0.22,0.38,9.05,9.0606,-0.0011,0.0,0.0196,2.06,0.75,340.13,-0.1325,0.3292,9.4603,9.4669,P003_Weight_Stack_Seated_Leg_Extension_Pulling_Too_Fast_1_02.csv
3,11,2,5,1,26.59,26590,-0.19,0.24,9.87,9.8747,-0.0011,0.0065,0.0033,2.06,0.75,340.13,-0.1401,0.3174,9.5143,9.5206,P003_Weight_Stack_Seated_Leg_Extension_Pulling_Too_Fast_1_02.csv
3,11,2,5,1,26.697,26697,-0.18,0.26,9.86,9.8651,-0.0076,0.0065,-0.0033,2.06,0.75,340.13,-0.1454,0.3099,9.5598,9.566,P003_Weight_Stack_Seated_Leg_Extension_Pulling_Too_Fast_1_02.csv
3,11,2,5,1,26.801,26801,-0.13,0.36,10.0,10.0073,-0.0022,-0.0055,-0.0076,2.06,0.81,340.13,-0.1433,0.3165,9.6178,9.6241,P003_Weight_Stack_Seated_Leg_Extension_Pulling_Too_Fast_1_02.csv
3,11,2,5,1,26.904,26904,-0.06,0.24,9.69,9.6932,-0.0076,0.0218,-0.0022,2.0,0.81,340.13,-0.1324,0.3064,9.6274,9.6331,P003_Weight_Stack_Seated_Leg_Extension_Pulling_Too_Fast_1_02.csv
3,11,2,5,1,27.006,27006,-0.16,0.24,9.76,9.7643,-0.0011,-0.0022,-0.0022,2.0,0.81,340.13,-0.136,0.2976,9.6448,9.6504,P003_Weight_Stack_Seated_Leg_Extension_Pulling_Too_Fast_1_02.csv
3,11,2,5,1,27.108,27108,-0.24,0.35,9.55,9.5594,0.0,-0.0033,-0.0022,1.94,0.88,340.13,-0.1497,0.3045,9.6323,9.6383,P003_Weight_Stack_Seated_Leg_Extension_Pulling_Too_Fast_1_02.csv
3,11,2,5,1,27.223,27223,-0.34,0.31,9.63,9.641,-0.0033,0.0033,0.0011,1.94,0.94,340.13,-0.1748,0.3053,9.632,9.6384,P003_Weight_Stack_Seated_Leg_Extension_Pulling_Too_Fast_1_02.csv
3,11,2,5,1,27.325,27325,-0.32,0.36,9.72,9.7319,-0.0022,-0.0011,-0.0011,1.88,1.0,340.13,-0.1939,0.3125,9.6436,9.6506,P003_Weight_Stack_Seated_Leg_Extension_Pulling_Too_Fast_1_02.csv
3,11,2,5,1,27.427,27427,-0.27,0.33,9.59,9.5995,-0.0033,0.0011,0.0,1.88,1.0,340.13,-0.2039,0.3148,9.6366,9.6439,P003_Weight_Stack_Seated_Leg_Extension_Pulling_Too_Fast_1_02.csv
3,11,2,5,1,27.533,27533,-0.2,0.26,9.54,9.5456,0.0,-0.0022,-0.0022,1.81,1.06,340.13,-0.2034,0.3076,9.6238,9.6309,P003_Weight_Stack_Seated_Leg_Extension_Pulling_Too_Fast_1_02.csv
3,11,2,5,1,27.635,27635,-0.19,0.25,9.54,9.5452,-0.0011,0.0044,-0.0011,1.81,1.13,340.13,-0.2017,0.3,9.6128,9.6196,P003_Weight_Stack_Seated_Leg_Extension_Pulling_Too_Fast_1_02.csv
3,11,2,5,1,27.744,27744,-0.28,0.32,9.78,9.7892,0.0022,0.0022,-0.0011,1.81,1.13,340.13,-0.212,0.3026,9.6348,9.6419,P003_Weight_Stack_Seated_Leg_Extension_Pulling_Too_Fast_1_02.csv
3,11,2,5,1,27.846,27846,0.15,0.11,11.0,11.0016,0.0,0.0044,-0.0011,1.81,1.13,340.13,-0.1643,0.2772,9.8147,9.82,P003_Weight_Stack_Seated_Leg_Extension_Pulling_Too_Fast_1_02.csv
3,11,2,5,1,27.95,27950,-0.22,-0.04,10.08,10.0825,-0.012,-0.0011,-0.0153,1.75,1.13,340.13,-0.1716,0.2354,9.8497,9.854,P003_Weight_Stack_Seated_Leg_Extension_Pulling_Too_Fast_1_02.csv
3,11,2,5,1,28.055,28055,-0.01,0.3,10.98,10.9841,-0.0055,0.0109,0.0076,1.75,1.19,340.13,-0.1503,0.2439,9.9986,10.0027,P003_Weight_Stack_Seated_Leg_Extension_Pulling_Too_Fast_1_02.csv
3,11,2,5,1,28.158,28158,-0.32,0.3,11.92,11.9281,0.0109,-0.0142,-0.0033,1.81,1.13,340.13,-0.1727,0.2513,10.2518,10.2563,P003_Weight_Stack_Seated_Leg_Extension_Pulling_Too_Fast_1_02.csv
3,11,2,5,1,28.276,28276,0.07,0.2,11.89,11.8919,-0.0033,0.0076,0.012,1.88,1.06,340.19,-0.1407,0.2446,10.4677,10.4715,P003_Weight_Stack_Seated_Leg_Extension_Pulling_Too_Fast_1_02.csv
3,11,2,5,1,28.378,28378,-0.07,0.0,10.8,10.8002,0.0207,-0.012,0.0131,1.94,1.0,340.31,-0.1314,0.2123,10.5115,10.5144,P003_Weight_Stack_Seated_Leg_Extension_Pulling_Too_Fast_1_02.csv
3,11,2,5,1,28.481,28481,-0.77,-0.8,8.2,8.2748,0.0251,-0.0295,0.0905,2.0,0.94,340.31,-0.2155,0.0789,10.2069,10.2095,P003_Weight_Stack_Seated_Leg_Extension_Pulling_Too_Fast_1_02.csv
3,11,2,5,1,28.587,28587,-0.25,1.03,6.77,6.8525,-0.0349,-0.0262,0.0185,2.0,0.81,340.25,-0.2201,0.2043,9.754,9.7586,P003_Weight_Stack_Seated_Leg_Extension_Pulling_Too_Fast_1_02.csv
3,11,2,5,1,28.743,28743,0.01,0.33,7.58,7.5872,-0.0273,0.0087,-0.0218,2.0,0.81,340.25,-0.1898,0.2208,9.4675,9.472,P003_Weight_Stack_Seated_Leg_Extension_Pulling_Too_Fast_1_02.csv
3,11,2,5,1,28.848,28848,-0.2,0.0,9.37,9.3721,-0.0142,-0.0142,-0.0164,2.0,0.81,340.25,-0.1911,0.1917,9.4547,9.4585,P003_Weight_Stack_Seated_Leg_Extension_Pulling_Too_Fast_1_02.csv
3,12,2,5,1,28.95,28950,-0.41,0.64,10.46,10.4876,-0.0055,0.0,0.0098,2.06,0.88,340.25,-0.22,0.2508,9.5871,9.5929,P003_Weight_Stack_Seated_Leg_Extension_Pulling_Too_Fast_1_02.csv
3,12,2,5,1,29.055,29055,-0.32,0.21,10.1,10.1073,0.0022,0.0011,0.0164,2.06,0.88,340.31,-0.2331,0.2454,9.6547,9.6607,P003_Weight_Stack_Seated_Leg_Extension_Pulling_Too_Fast_1_02.csv
3,12,2,5,1,29.159,29159,-0.29,0.17,10.06,10.0656,-0.0087,0.0185,-0.0011,2.0,0.88,340.31,-0.2406,0.2355,9.7081,9.714,P003_Weight_Stack_Seated_Leg_Extension_Pulling_Too_Fast_1_02.csv
3,12,2,5,1,29.279,29279,-0.08,0.38,9.42,9.428,-0.0164,0.0087,-0.0065,2.06,0.88,340.31,-0.2195,0.2545,9.6702,9.676,P003_Weight_Stack_Seated_Leg_Extension_Pulling_Too_Fast_1_02.csv
3,12,2,5,1,29.381,29381,-0.2,0.21,10.07,10.0742,-0.0044,0.0065,-0.0033,2.13,0.88,340.31,-0.2169,0.2487,9.7228,9.7284,P003_Weight_Stack_Seated_Leg_Extension_Pulling_Too_Fast_1_02.csv
3,12,2,5,1,29.483,29483,-0.16,0.25,10.06,10.0644,-0.0044,0.0087,-0.0055,2.13,0.88,340.31,-0.2094,0.2488,9.7673,9.7727,P003_Weight_Stack_Seated_Leg_Extension_Pulling_Too_Fast_1_02.csv
3,12,2,5,1,29.59,29590,-0.25,0.2,9.85,9.8552,-0.0055,0.0131,-0.0022,2.06,0.88,340.31,-0.2148,0.2424,9.7782,9.7835,P003_Weight_Stack_Seated_Leg_Extension_Pulling_Too_Fast_1_02.csv
3,12,2,5,1,29.692,29692,-0.39,0.16,9.74,9.7491,-0.0065,-0.0011,-0.0098,2.06,0.94,340.31,-0.2378,0.2315,9.7731,9.7788,P003_Weight_Stack_Seated_Leg_Extension_Pulling_Too_Fast_1_02.csv
3,12,2,5,1,29.801,29801,-0.2,0.42,10.16,10.1706,-0.0011,0.0011,0.0022,2.06,0.94,340.31,-0.2329,0.2564,9.8241,9.8302,P003_Weight_Stack_Seated_Leg_Extension_Pulling_Too_Fast_1_02.csv
3,12,2,5,1,29.903,29903,-0.22,0.33,9.84,9.848,-0.0033,0.0011,-0.0022,2.06,0.94,340.31,-0.2312,0.2661,9.8262,9.8325,P003_Weight_Stack_Seated_Leg_Extension_Pulling_Too_Fast_1_02.csv
3,12,2,5,1,30.005,30005,-0.24,0.23,9.36,9.3659,-0.0011,0.0011,-0.0011,2.06,0.94,340.31,-0.2323,0.2613,9.7648,9.771,P003_Weight_Stack_Seated_Leg_Extension_Pulling_Too_Fast_1_02.csv
3,12,2,5,1,30.112,30112,-0.27,0.24,9.64,9.6468,-0.0033,0.0055,-0.0011,2.06,0.94,340.31,-0.2373,0.2585,9.7483,9.7547,P003_Weight_Stack_Seated_Leg_Extension_Pulling_Too_Fast_1_02.csv
3,12,2,5,1,30.215,30215,-0.31,0.34,9.84,9.8508,0.0,-0.0022,0.0,2.0,1.0,340.31,-0.2469,0.2693,9.7604,9.7672,P003_Weight_Stack_Seated_Leg_Extension_Pulling_Too_Fast_1_02.csv
3,12,2,5,1,30.333,30333,-0.22,0.32,9.75,9.7577,-0.0022,0.0033,0.0011,2.0,1.0,340.31,-0.2433,0.2759,9.759,9.766,P003_Weight_Stack_Seated_Leg_Extension_Pulling_Too_Fast_1_02.csv
3,12,2,5,1,30.435,30435,-0.2,0.29,9.6,9.6065,-0.0011,0.0,-0.0011,1.94,1.06,340.31,-0.2376,0.2778,9.7381,9.7449,P003_Weight_Stack_Seated_Leg_Extension_Pulling_Too_Fast_1_02.csv
3,12,2,5,1,30.537,30537,-0.21,0.28,9.93,9.9362,0.0,0.0044,-0.0011,1.94,1.13,340.31,-0.234,0.2781,9.7634,9.7701,P003_Weight_Stack_Seated_Leg_Extension_Pulling_Too_Fast_1_02.csv
3,12,2,5,1,30.644,30644,-0.22,0.31,10.0,10.0072,0.0,0.0033,0.0,1.94,1.13,340.31,-0.2321,0.2823,9.7946,9.8014,P003_Weight_Stack_Seated_Leg_Extension_Pulling_Too_Fast_1_02.csv
3,12,2,5,1,30.799,30799,0.24,-0.01,9.84,9.8429,0.0044,0.0207,0.0044,1.88,1.19,340.31,-0.1699,0.2438,9.8005,9.805,P003_Weight_Stack_Seated_Leg_Extension_Pulling_Too_Fast_1_02.csv
3,12,2,5,1,30.905,30905,-0.25,0.38,10.42,10.4299,0.0044,-0.0153,-0.0033,1.88,1.19,340.31,-0.1805,0.2617,9.8822,9.8873,P003_Weight_Stack_Seated_Leg_Extension_Pulling_Too_Fast_1_02.csv
3,12,2,5,1,31.007,31007,-0.47,0.36,10.64,10.6565,0.0011,-0.012,0.0087,1.88,1.19,340.31,-0.2186,0.2747,9.982,9.9882,P003_Weight_Stack_Seated_Leg_Extension_Pulling_Too_Fast_1_02.csv
3,12,2,5,1,31.11,31110,-0.65,0.28,11.16,11.1824,0.0055,-0.0033,0.012,1.94,1.13,340.31,-0.2755,0.2754,10.1373,10.1447,P003_Weight_Stack_Seated_Leg_Extension_Pulling_Too_Fast_1_02.csv
3,12,2,5,1,31.216,31216,-0.11,0.43,11.21,11.2188,0.0109,0.0022,-0.0033,1.94,1.13,340.38,-0.2537,0.2958,10.2786,10.286,P003_Weight_Stack_Seated_Leg_Extension_Pulling_Too_Fast_1_02.csv
3,12,2,5,1,31.336,31336,-0.23,0.37,9.44,9.45,0.0153,-0.0011,0.0044,2.06,1.0,340.44,-0.2505,0.3055,10.1681,10.1758,P003_Weight_Stack_Seated_Leg_Extension_Pulling_Too_Fast_1_02.csv
3,12,2,5,1,31.438,31438,0.14,0.62,7.05,7.0786,0.0153,0.0033,-0.0425,2.06,0.88,340.38,-0.1991,0.347,9.7572,9.7654,P003_Weight_Stack_Seated_Leg_Extension_Pulling_Too_Fast_1_02.csv
3,12,2,5,1,31.54,31540,-0.69,-0.12,6.99,7.025,-0.0055,0.0218,0.0469,2.06,0.81,340.44,-0.2638,0.2854,9.3926,9.4006,P003_Weight_Stack_Seated_Leg_Extension_Pulling_Too_Fast_1_02.csv
3,12,2,5,1,31.647,31647,-0.29,0.52,8.04,8.062,0.0044,-0.0098,-0.0087,2.0,0.88,340.44,-0.2672,0.3163,9.2143,9.2236,P003_Weight_Stack_Seated_Leg_Extension_Pulling_Too_Fast_1_02.csv
3,13,2,5,1,31.75,31750,-0.53,-0.22,9.66,9.677,0.0087,-0.0022,0.0207,2.06,0.88,340.5,-0.3019,0.2457,9.2731,9.2812,P003_Weight_Stack_Seated_Leg_Extension_Pulling_Too_Fast_1_02.csv
3,13,2,5,1,31.858,31858,-0.14,0.38,10.74,10.7476,-0.0033,0.0142,0.0164,2.06,0.94,340.44,-0.2805,0.2634,9.4664,9.4742,P003_Weight_Stack_Seated_Leg_Extension_Pulling_Too_Fast_1_02.csv
3,13,2,5,1,31.961,31961,-0.43,0.14,10.96,10.9693,-0.0076,-0.0262,0.0262,2.06,0.94,340.5,-0.3002,0.2471,9.6632,9.671,P003_Weight_Stack_Seated_Leg_Extension_Pulling_Too_Fast_1_02.csv
3,13,2,5,1,32.069,32069,-0.17,0.0,10.09,10.0914,0.0065,-0.0033,0.0185,2.06,1.0,340.5,-0.2831,0.2146,9.7194,9.7259,P003_Weight_Stack_Seated_Leg_Extension_Pulling_Too_Fast_1_02.csv
3,13,2,5,1,32.171,32171,-0.08,0.3,9.26,9.2652,-0.0055,0.0065,-0.0164,2.06,1.0,340.5,-0.2563,0.2258,9.6589,9.6649,P003_Weight_Stack_Seated_Leg_Extension_Pulling_Too_Fast_1_02.csv
3,13,2,5,1,32.273,32273,-0.06,0.37,9.72,9.7272,-0.0065,0.0076,-0.0175,2.06,1.0,340.5,-0.2304,0.2448,9.6669,9.6728,P003_Weight_Stack_Seated_Leg_Extension_Pulling_Too_Fast_1_02.csv
3,13,2,5,1,32.39,32390,-0.09,0.46,9.81,9.8212,-0.0109,0.0142,-0.0022,2.06,1.0,340.44,-0.2119,0.2732,9.6858,9.692,P003_Weight_Stack_Seated_Leg_Extension_Pulling_Too_Fast_1_02.csv
3,13,2,5,1,32.493,32493,-0.2,0.34,9.41,9.4183,-0.0142,0.0076,-0.0131,2.0,1.06,340.5,-0.2104,0.282,9.6495,9.6559,P003_Weight_Stack_Seated_Leg_Extension_Pulling_Too_Fast_1_02.csv
3,13,2,5,1,32.601,32601,-0.2,0.24,9.57,9.5751,0.0065,-0.0164,-0.0022,2.0,1.06,340.44,-0.209,0.2764,9.639,9.6452,P003_Weight_Stack_Seated_Leg_Extension_Pulling_Too_Fast_1_02.csv
3,13,2,5,1,32.703,32703,-0.09,0.36,9.64,9.6471,-0.0011,0.0142,0.0033,1.94,1.13,340.44,-0.1933,0.2875,9.6391,9.6453,P003_Weight_Stack_Seated_Leg_Extension_Pulling_Too_Fast_1_02.csv
3,13,2,5,1,32.861,32861,-0.28,0.42,9.6,9.6133,0.0044,-0.0033,-0.0044,1.94,1.13,340.5,-0.2047,0.3049,9.634,9.641,P003_Weight_Stack_Seated_Leg_Extension_Pulling_Too_Fast_1_02.csv
3,13,2,5,1,32.964,32964,0.02,0.21,9.55,9.5523,-0.0087,0.0076,0.0011,1.94,1.19,340.5,-0.1751,0.2924,9.6229,9.6289,P003_Weight_Stack_Seated_Leg_Extension_Pulling_Too_Fast_1_02.csv
3,13,2,5,1,33.066,33066,-0.23,0.2,9.86,9.8647,0.0011,-0.0022,-0.0022,1.88,1.19,340.5,-0.1824,0.2802,9.6541,9.6599,P003_Weight_Stack_Seated_Leg_Extension_Pulling_Too_Fast_1_02.csv
3,13,2,5,1,33.173,33173,-0.17,0.32,9.65,9.6568,-0.0011,0.0055,-0.0011,1.88,1.25,340.5,-0.1807,0.2855,9.6536,9.6595,P003_Weight_Stack_Seated_Leg_Extension_Pulling_Too_Fast_1_02.csv
3,13,2,5,1,33.275,33275,-0.19,0.32,9.89,9.897,-0.0033,0.0011,-0.0044,1.81,1.25,340.5,-0.1819,0.29,9.6847,9.6908,P003_Weight_Stack_Seated_Leg_Extension_Pulling_Too_Fast_1_02.csv
3,13,2,5,1,33.393,33393,-0.23,0.24,9.9,9.9056,-0.0011,0.0022,0.0022,1.81,1.31,340.5,-0.1883,0.2834,9.7131,9.7191,P003_Weight_Stack_Seated_Leg_Extension_Pulling_Too_Fast_1_02.csv
3,13,2,5,1,33.496,33496,-0.26,0.35,10.04,10.0495,0.0022,0.0044,-0.0033,1.81,1.31,340.5,-0.1977,0.2922,9.7562,9.7626,P003_Weight_Stack_Seated_Leg_Extension_Pulling_Too_Fast_1_02.csv
3,13,2,5,1,33.598,33598,-0.35,0.29,9.97,9.9804,0.0,-0.0022,0.0022,1.81,1.31,340.5,-0.2178,0.2919,9.7844,9.7911,P003_Weight_Stack_Seated_Leg_Extension_Pulling_Too_Fast_1_02.csv
3,13,2,5,1,33.705,33705,-0.29,0.18,10.75,10.7554,0.0011,-0.0011,0.0055,1.75,1.31,340.5,-0.2273,0.2772,9.9116,9.9181,P003_Weight_Stack_Seated_Leg_Extension_Pulling_Too_Fast_1_02.csv
3,13,2,5,1,33.807,33807,-0.32,0.34,11.44,11.4495,0.0087,0.0,0.0,1.75,1.31,340.5,-0.2395,0.2854,10.113,10.1199,P003_Weight_Stack_Seated_Leg_Extension_Pulling_Too_Fast_1_02.csv
3,13,2,5,1,33.915,33915,-0.51,-0.12,11.35,11.3621,0.0327,-0.0305,0.0131,1.81,1.25,340.5,-0.2752,0.232,10.276,10.2823,P003_Weight_Stack_Seated_Leg_Extension_Pulling_Too_Fast_1_02.csv
3,13,2,5,1,34.018,34018,0.06,-0.21,10.78,10.7822,0.024,-0.0338,-0.0065,1.88,1.19,340.56,-0.231,0.1738,10.3424,10.3465,P003_Weight_Stack_Seated_Leg_Extension_Pulling_Too_Fast_1_02.csv
3,13,2,5,1,34.125,34125,-0.68,-0.03,6.63,6.6648,0.0098,-0.0175,-0.0185,1.94,1.13,340.56,-0.2902,0.1469,9.8532,9.8586,P003_Weight_Stack_Seated_Leg_Extension_Pulling_Too_Fast_1_02.csv
3,13,2,5,1,34.227,34227,0.16,0.25,5.65,5.6578,0.0425,-0.06,0.0131,1.94,1.0,340.5,-0.2308,0.1605,9.2993,9.3036,P003_Weight_Stack_Seated_Leg_Extension_Pulling_Too_Fast_1_02.csv
3,13,2,5,1,34.329,34329,0.14,-0.13,7.16,7.1625,0.0055,0.0055,0.0611,1.94,0.94,340.63,-0.182,0.1222,9.0174,9.0201,P003_Weight_Stack_Seated_Leg_Extension_Pulling_Too_Fast_1_02.csv
3,13,2,5,1,34.447,34447,0.89,0.2,8.56,8.6085,0.0044,-0.0044,0.0033,1.88,1.13,340.56,-0.0407,0.1325,8.9572,8.9582,P003_Weight_Stack_Seated_Leg_Extension_Pulling_Too_Fast_1_02.csv
3,14,2,5,1,34.549,34549,-0.2,0.49,9.65,9.6645,-0.0273,0.0153,-0.0393,1.94,1.13,340.63,-0.0617,0.1796,9.0485,9.0504,P003_Weight_Stack_Seated_Leg_Extension_Pulling_Too_Fast_1_02.csv
3,14,2,5,1,34.651,34651,-0.91,-0.7,10.61,10.6719,0.0098,-0.0349,-0.0033,2.0,1.13,340.56,-0.1735,0.0637,9.2542,9.2561,P003_Weight_Stack_Seated_Leg_Extension_Pulling_Too_Fast_1_02.csv
3,14,2,5,1,34.758,34758,-0.31,0.93,9.7,9.7494,-0.0295,0.0153,-0.0142,1.94,1.19,340.56,-0.1915,0.1778,9.313,9.3166,P003_Weight_Stack_Seated_Leg_Extension_Pulling_Too_Fast_1_02.csv
3,14,2,5,1,34.913,34913,-0.11,0.45,10.08,10.0906,-0.0164,0.0229,-0.0305,1.94,1.19,340.63,-0.1807,0.2137,9.414,9.4182,P003_Weight_Stack_Seated_Leg_Extension_Pulling_Too_Fast_1_02.csv
3,14,2,5,1,35.019,35019,-0.61,0.24,9.67,9.6922,0.0153,-0.0327,-0.0251,2.0,1.19,340.56,-0.2373,0.2172,9.4478,9.4532,P003_Weight_Stack_Seated_Leg_Extension_Pulling_Too_Fast_1_02.csv
3,14,2,5,1,35.121,35121,-0.19,0.14,9.84,9.8428,-0.0142,0.0131,-0.0022,1.94,1.19,340.63,-0.2311,0.207,9.4995,9.5045,P003_Weight_Stack_Seated_Leg_Extension_Pulling_Too_Fast_1_02.csv
3,14,2,5,1,35.224,35224,-0.32,0.1,9.54,9.5459,0.0022,-0.0033,0.0044,1.94,1.25,340.63,-0.2428,0.1929,9.5048,9.5099,P003_Weight_Stack_Seated_Leg_Extension_Pulling_Too_Fast_1_02.csv
3,14,2,5,1,35.33,35330,-0.25,0.29,9.48,9.4877,0.0022,-0.0273,-0.0011,2.0,1.25,340.56,-0.2437,0.2057,9.5015,9.5069,P003_Weight_Stack_Seated_Leg_Extension_Pulling_Too_Fast_1_02.csv
3,14,2,5,1,35.448,35448,-0.28,0.34,9.79,9.7999,0.0,-0.0011,0.0076,1.94,1.31,340.56,-0.2485,0.2234,9.5395,9.5454,P003_Weight_Stack_Seated_Leg_Extension_Pulling_Too_Fast_1_02.csv
3,14,2,5,1,35.551,35551,-0.24,0.28,9.93,9.9368,0.0011,-0.0065,-0.0055,1.94,1.31,340.56,-0.2474,0.2309,9.591,9.597,P003_Weight_Stack_Seated_Leg_Extension_Pulling_Too_Fast_1_02.csv
3,14,2,5,1,35.654,35654,-0.27,0.28,9.55,9.5579,-0.0011,0.0087,0.0,1.88,1.31,340.56,-0.2504,0.2373,9.5856,9.5918,P003_Weight_Stack_Seated_Leg_Extension_Pulling_Too_Fast_1_02.csv
3,14,2,5,1,35.761,35761,-0.13,0.28,9.28,9.2851,-0.0044,0.0011,0.0011,1.88,1.31,340.56,-0.2345,0.243,9.5453,9.5513,P003_Weight_Stack_Seated_Leg_Extension_Pulling_Too_Fast_1_02.csv
3,14,2,5,1,35.864,35864,-0.2,0.31,9.79,9.7969,0.0,0.0,0.0,1.88,1.31,340.56,-0.23,0.2518,9.5776,9.5836,P003_Weight_Stack_Seated_Leg_Extension_Pulling_Too_Fast_1_02.csv
3,14,2,5,1,35.972,35972,-0.23,0.28,9.97,9.9766,0.0011,0.0033,0.0011,1.88,1.38,340.56,-0.23,0.2555,9.6293,9.6354,P003_Weight_Stack_Seated_Leg_Extension_Pulling_Too_Fast_1_02.csv
3,14,2,5,1,36.075,36075,-0.22,0.28,9.98,9.9864,-0.0011,-0.0011,0.0,1.88,1.38,340.56,-0.2287,0.2587,9.6755,9.6817,P003_Weight_Stack_Seated_Leg_Extension_Pulling_Too_Fast_1_02.csv
3,14,2,5,1,36.177,36177,-0.23,0.23,9.72,9.7254,0.0,0.0087,0.0011,1.81,1.38,340.56,-0.2288,0.2549,9.6814,9.6874,P003_Weight_Stack_Seated_Leg_Extension_Pulling_Too_Fast_1_02.csv
3,14,2,5,1,36.284,36284,-0.22,0.33,9.81,9.818,0.0011,0.0011,-0.0011,1.81,1.38,340.56,-0.2277,0.2648,9.6983,9.7046,P003_Weight_Stack_Seated_Leg_Extension_Pulling_Too_Fast_1_02.csv
3,14,2,5,1,36.386,36386,-0.25,0.3,10.62,10.6272,0.0011,-0.0055,0.0011,1.81,1.38,340.56,-0.2306,0.2695,9.8198,9.8262,P003_Weight_Stack_Seated_Leg_Extension_Pulling_Too_Fast_1_02.csv
3,14,2,5,1,36.504,36504,-0.17,0.29,10.75,10.7553,0.0076,-0.0022,-0.0033,1.81,1.38,340.56,-0.2226,0.2722,9.9423,9.9486,P003_Weight_Stack_Seated_Leg_Extension_Pulling_Too_Fast_1_02.csv
3,14,2,5,1,36.607,36607,-0.1,0.33,10.9,10.9055,0.0033,-0.0022,0.0055,1.75,1.38,340.63,-0.2065,0.2798,10.0685,10.0745,P003_Weight_Stack_Seated_Leg_Extension_Pulling_Too_Fast_1_02.csv
3,14,2,5,1,36.714,36714,0.17,0.22,9.66,9.664,0.0011,-0.0338,-0.0055,1.75,1.38,340.63,-0.1569,0.2719,10.0147,10.0196,P003_Weight_Stack_Seated_Leg_Extension_Pulling_Too_Fast_1_02.csv
3,14,2,5,1,36.816,36816,-0.22,0.64,9.48,9.5041,0.0207,-0.0153,-0.0109,1.88,1.25,340.63,-0.1652,0.3204,9.9442,9.9508,P003_Weight_Stack_Seated_Leg_Extension_Pulling_Too_Fast_1_02.csv
3,14,2,5,1,36.975,36975,-0.14,0.32,6.87,6.8789,0.0033,-0.0065,-0.0033,1.88,1.19,340.63,-0.1619,0.3204,9.5391,9.5459,P003_Weight_Stack_Seated_Leg_Extension_Pulling_Too_Fast_1_02.csv
3,14,2,5,1,37.078,37078,-0.56,0.31,7.91,7.9359,-0.0033,-0.0076,-0.0065,1.88,1.19,340.56,-0.2143,0.319,9.3245,9.3324,P003_Weight_Stack_Seated_Leg_Extension_Pulling_Too_Fast_1_02.csv
3,14,2,5,1,37.18,37180,-0.19,0.35,8.4,8.4094,-0.0076,-0.0011,0.0,1.88,1.19,340.56,-0.2111,0.3231,9.2026,9.2107,P003_Weight_Stack_Seated_Leg_Extension_Pulling_Too_Fast_1_02.csv
3,15,2,5,1,37.287,37287,-0.38,0.44,10.41,10.4262,-0.0229,-0.0175,0.0087,1.81,1.25,340.56,-0.2334,0.3385,9.3617,9.3708,P003_Weight_Stack_Seated_Leg_Extension_Pulling_Too_Fast_1_02.csv
3,15,2,5,1,37.389,37389,-0.86,-0.01,11.28,11.3127,0.0131,-0.0229,-0.0164,1.94,1.25,340.56,-0.3159,0.2926,9.6145,9.6242,P003_Weight_Stack_Seated_Leg_Extension_Pulling_Too_Fast_1_02.csv
3,15,2,5,1,37.507,37507,-0.25,0.09,10.05,10.0535,-0.0076,0.0175,-0.0055,1.88,1.25,340.56,-0.3073,0.2659,9.6719,9.6804,P003_Weight_Stack_Seated_Leg_Extension_Pulling_Too_Fast_1_02.csv
3,15,2,5,1,37.61,37610,-0.04,0.75,9.73,9.7589,-0.0196,0.0022,-0.0327,1.81,1.31,340.5,-0.272,0.3297,9.6796,9.689,P003_Weight_Stack_Seated_Leg_Extension_Pulling_Too_Fast_1_02.csv
3,15,2,5,1,37.715,37715,0.02,0.42,9.48,9.4893,-0.0098,0.0218,-0.0131,1.81,1.38,340.5,-0.2336,0.3416,9.6533,9.6621,P003_Weight_Stack_Seated_Leg_Extension_Pulling_Too_Fast_1_02.csv
3,15,2,5,1,37.819,37819,-0.09,0.31,9.91,9.9153,-0.0033,0.0055,0.0,1.81,1.38,340.5,-0.2146,0.3374,9.6871,9.6953,P003_Weight_Stack_Seated_Leg_Extension_Pulling_Too_Fast_1_02.csv
3,15,2,5,1,37.922,37922,-0.18,0.36,9.93,9.9382,0.0022,-0.0153,-0.0076,1.81,1.38,340.5,-0.2101,0.3404,9.7191,9.7273,P003_Weight_Stack_Seated_Leg_Extension_Pulling_Too_Fast_1_02.csv
3,15,2,5,1,38.03,38030,0.16,0.04,9.67,9.6714,-0.0065,0.0087,0.0,1.81,1.38,340.5,-0.1613,0.3008,9.7126,9.7186,P003_Weight_Stack_Seated_Leg_Extension_Pulling_Too_Fast_1_02.csv
3,15,2,5,1,38.132,38132,-0.17,0.3,9.83,9.836,0.0011,0.0,-0.0044,1.81,1.38,340.5,-0.1625,0.3007,9.7281,9.7341,P003_Weight_Stack_Seated_Leg_Extension_Pulling_Too_Fast_1_02.csv
3,15,2,5,1,38.234,38234,-0.23,0.28,9.71,9.7168,0.0,0.0022,-0.0022,1.81,1.44,340.5,-0.1714,0.298,9.7257,9.7318,P003_Weight_Stack_Seated_Leg_Extension_Pulling_Too_Fast_1_02.csv
3,15,2,5,1,38.341,38341,-0.07,0.16,11.04,11.0414,0.0,-0.0044,0.0,1.81,1.44,340.5,-0.158,0.2798,9.8989,9.9041,P003_Weight_Stack_Seated_Leg_Extension_Pulling_Too_Fast_1_02.csv
3,15,2,5,1,38.443,38443,-0.01,0.11,9.41,9.4106,0.0109,-0.0033,0.0665,1.75,1.44,340.56,-0.1385,0.2574,9.8345,9.8388,P003_Weight_Stack_Seated_Leg_Extension_Pulling_Too_Fast_1_02.csv
3,15,2,5,1,38.561,38561,-0.08,0.42,10.26,10.2689,-0.0065,0.0076,-0.0033,1.75,1.44,340.5,-0.1308,0.2788,9.8906,9.8953,P003_Weight_Stack_Seated_Leg_Extension_Pulling_Too_Fast_1_02.csv
3,15,2,5,1,38.663,38663,-0.18,0.35,9.55,9.5581,0.0065,0.0011,-0.0131,1.81,1.44,340.5,-0.1373,0.2882,9.8457,9.8508,P003_Weight_Stack_Seated_Leg_Extension_Pulling_Too_Fast_1_02.csv
3,15,2,5,1,38.765,38765,0.16,-0.26,11.26,11.2641,0.0055,-0.0033,-0.0065,1.81,1.44,340.5,-0.0981,0.216,10.032,10.0349,P003_Weight_Stack_Seated_Leg_Extension_Pulling_Too_Fast_1_02.csv
3,15,2,5,1,38.872,38872,-0.23,0.44,9.81,9.8226,0.0011,0.0,0.0022,1.81,1.44,340.5,-0.1155,0.2455,10.0028,10.0065,P003_Weight_Stack_Seated_Leg_Extension_Pulling_Too_Fast_1_02.csv
3,15,2,5,1,39.032,39032,-0.16,0.33,10.71,10.7163,0.0164,-0.0109,-0.0033,1.81,1.44,340.5,-0.1213,0.2566,10.096,10.1,P003_Weight_Stack_Seated_Leg_Extension_Pulling_Too_Fast_1_02.csv
3,15,2,5,1,39.134,39134,-0.14,0.92,10.41,10.4515,-0.0164,0.0076,0.0022,1.81,1.44,340.5,-0.1238,0.344,10.1374,10.144,P003_Weight_Stack_Seated_Leg_Extension_Pulling_Too_Fast_1_02.csv
3,15,2,5,1,39.236,39236,-0.45,0.49,10.86,10.8804,0.0087,-0.012,-0.0055,1.81,1.44,340.5,-0.1668,0.3633,10.2326,10.2404,P003_Weight_Stack_Seated_Leg_Extension_Pulling_Too_Fast_1_02.csv
3,15,2,5,1,39.344,39344,-0.4,0.43,9.01,9.0291,0.0175,-0.0142,-0.0033,1.88,1.38,340.56,-0.1975,0.3721,10.0715,10.0803,P003_Weight_Stack_Seated_Leg_Extension_Pulling_Too_Fast_1_02.csv
3,15,2,5,1,39.446,39446,0.11,0.54,10.01,10.0252,0.0131,-0.0142,-0.0109,1.88,1.31,340.5,-0.157,0.3942,10.0634,10.0723,P003_Weight_Stack_Seated_Leg_Extension_Pulling_Too_Fast_1_02.csv
3,15,2,5,1,39.564,39564,-0.03,0.19,7.46,7.4625,-0.0033,-0.0022,0.0131,1.94,1.19,340.5,-0.1403,0.3673,9.7203,9.7283,P003_Weight_Stack_Seated_Leg_Extension_Pulling_Too_Fast_1_02.csv
3,15,2,5,1,39.667,39667,-0.29,0.26,7.76,7.7698,0.0142,-0.0153,0.0087,1.94,1.19,340.5,-0.16,0.3532,9.462,9.4699,P003_Weight_Stack_Seated_Leg_Extension_Pulling_Too_Fast_1_02.csv
3,15,2,5,1,39.772,39772,-0.16,0.23,8.68,8.6845,-0.0044,0.0022,0.0218,2.0,1.19,340.5,-0.16,0.3369,9.359,9.3664,P003_Weight_Stack_Seated_Leg_Extension_Pulling_Too_Fast_1_02.csv
3,16,2,5,1,39.876,39876,-0.11,0.1,10.6,10.601,-0.0011,0.0044,0.0065,2.0,1.19,340.5,-0.1534,0.3057,9.5225,9.5286,P003_Weight_Stack_Seated_Leg_Extension_Pulling_Too_Fast_1_02.csv
3,16,2,5,1,39.979,39979,0.11,0.46,10.42,10.4307,-0.0164,0.0251,-0.0185,1.94,1.19,340.5,-0.1187,0.326,9.6408,9.647,P003_Weight_Stack_Seated_Leg_Extension_Pulling_Too_Fast_1_02.csv
3,16,2,5,1,40.087,40087,0.0,0.08,10.0,10.0003,-0.0055,-0.0055,-0.012,1.94,1.25,340.5,-0.1031,0.2936,9.6881,9.6931,P003_Weight_Stack_Seated_Leg_Extension_Pulling_Too_Fast_1_02.csv
3,16,2,5,1,40.189,40189,-0.07,0.45,9.17,9.1813,0.0022,-0.0076,-0.0262,2.0,1.25,340.44,-0.0987,0.3142,9.6198,9.6255,P003_Weight_Stack_Seated_Leg_Extension_Pulling_Too_Fast_1_02.csv
3,16,2,5,1,40.293,40293,-0.23,0.32,9.11,9.1185,-0.0065,-0.0011,-0.0185,2.0,1.25,340.44,-0.116,0.315,9.5526,9.5585,P003_Weight_Stack_Seated_Leg_Extension_Pulling_Too_Fast_1_02.csv
3,16,2,5,1,40.398,40398,-0.19,0.46,9.6,9.6129,0.0022,-0.0087,0.0087,2.0,1.25,340.44,-0.1258,0.3341,9.5589,9.5655,P003_Weight_Stack_Seated_Leg_Extension_Pulling_Too_Fast_1_02.csv
3,16,2,5,1,40.501,40501,-0.35,0.14,9.77,9.7773,0.0109,-0.012,0.0109,1.94,1.25,340.44,-0.1553,0.3085,9.5867,9.5929,P003_Weight_Stack_Seated_Leg_Extension_Pulling_Too_Fast_1_02.csv
3,16,2,5,1,40.619,40619,-0.4,0.26,10.03,10.0413,-0.0011,0.0011,-0.0055,1.94,1.25,340.44,-0.1875,0.3021,9.6451,9.6517,P003_Weight_Stack_Seated_Leg_Extension_Pulling_Too_Fast_1_02.csv
3,16,2,5,1,40.721,40721,-0.2,0.25,9.71,9.7153,-0.0033,0.0044,-0.0022,1.94,1.25,340.44,-0.1892,0.2953,9.6537,9.66,P003_Weight_Stack_Seated_Leg_Extension_Pulling_Too_Fast_1_02.csv
3,16,2,5,1,40.825,40825,-0.18,0.54,9.31,9.3274,-0.0065,0.0065,-0.0065,1.94,1.25,340.44,-0.188,0.3275,9.6084,9.6158,P003_Weight_Stack_Seated_Leg_Extension_Pulling_Too_Fast_1_02.csv
3,16,2,5,1,40.93,40930,-0.23,0.28,9.77,9.7767,0.0,0.0011,-0.0044,1.94,1.25,340.44,-0.1935,0.3212,9.6297,9.637,P003_Weight_Stack_Seated_Leg_Extension_Pulling_Too_Fast_1_02.csv
3,16,2,5,1,41.087,41087,-0.25,0.25,9.93,9.9363,-0.0022,0.0011,-0.0022,1.88,1.31,340.44,-0.201,0.3119,9.6693,9.6764,P003_Weight_Stack_Seated_Leg_Extension_Pulling_Too_Fast_1_02.csv
3,16,2,5,1,41.191,41191,-0.2,0.32,9.97,9.9771,0.0,0.0011,-0.0033,1.88,1.31,340.44,-0.2008,0.3129,9.7089,9.716,P003_Weight_Stack_Seated_Leg_Extension_Pulling_Too_Fast_1_02.csv
3,16,2,5,1,41.294,41294,-0.24,0.32,9.8,9.8082,-0.0011,-0.0022,-0.0022,1.81,1.31,340.44,-0.206,0.3139,9.7209,9.7281,P003_Weight_Stack_Seated_Leg_Extension_Pulling_Too_Fast_1_02.csv
3,16,2,5,1,41.399,41399,-0.2,0.27,9.85,9.8557,-0.0011,0.0022,-0.0033,1.81,1.38,340.44,-0.2052,0.3081,9.7379,9.7449,P003_Weight_Stack_Seated_Leg_Extension_Pulling_Too_Fast_1_02.csv
3,16,2,5,1,41.503,41503,-0.17,0.34,9.77,9.7774,0.0011,-0.0065,0.0011,1.81,1.38,340.44,-0.2006,0.3123,9.7421,9.7492,P003_Weight_Stack_Seated_Leg_Extension_Pulling_Too_Fast_1_02.csv
3,16,2,5,1,41.619,41619,-0.23,0.3,9.91,9.9172,0.0,0.0,-0.0022,1.81,1.38,340.44,-0.2044,0.3107,9.7643,9.7713,P003_Weight_Stack_Seated_Leg_Extension_Pulling_Too_Fast_1_02.csv
3,16,2,5,1,41.723,41723,-0.19,0.32,10.13,10.1368,-0.0055,0.0109,-0.0142,1.75,1.44,340.44,-0.2025,0.3119,9.8125,9.8195,P003_Weight_Stack_Seated_Leg_Extension_Pulling_Too_Fast_1_02.csv
3,16,2,5,1,41.825,41825,-0.2,0.45,9.99,10.0021,0.0022,-0.0022,-0.0055,1.75,1.44,340.44,-0.2022,0.3301,9.8358,9.8435,P003_Weight_Stack_Seated_Leg_Extension_Pulling_Too_Fast_1_02.csv
3,16,2,5,1,41.927,41927,-0.17,0.33,10.1,10.1068,0.0022,-0.0022,-0.0044,1.69,1.44,340.44,-0.198,0.3301,9.8707,9.8782,P003_Weight_Stack_Seated_Leg_Extension_Pulling_Too_Fast_1_02.csv
3,16,2,5,1,42.034,42034,-0.1,0.28,11.07,11.074,0.0,-0.0011,0.0142,1.75,1.44,340.44,-0.1851,0.3235,10.0287,10.0356,P003_Weight_Stack_Seated_Leg_Extension_Pulling_Too_Fast_1_02.csv
3,16,2,5,1,42.144,42144,-0.08,0.4,12.5,12.5067,0.0,-0.0011,0.0044,1.75,1.44,340.5,-0.1712,0.3336,10.3544,10.3611,P003_Weight_Stack_Seated_Leg_Extension_Pulling_Too_Fast_1_02.csv
3,16,2,5,1,42.246,42246,0.59,-0.08,10.44,10.457,0.0185,-0.0393,0.0131,1.75,1.38,340.5,-0.0709,0.2791,10.3656,10.3696,P003_Weight_Stack_Seated_Leg_Extension_Pulling_Too_Fast_1_02.csv
3,16,2,5,1,42.348,42348,0.11,-0.19,9.49,9.4925,0.0382,0.0633,-0.0338,1.81,1.25,340.56,-0.0471,0.2173,10.2503,10.2527,P003_Weight_Stack_Seated_Leg_Extension_Pulling_Too_Fast_1_02.csv
3,16,2,5,1,42.455,42455,0.21,0.3,6.71,6.72,0.0131,0.0109,-0.0175,1.88,1.13,340.5,-0.0132,0.2282,9.7837,9.7864,P003_Weight_Stack_Seated_Leg_Extension_Pulling_Too_Fast_1_02.csv
3,16,2,5,1,42.558,42558,0.23,-0.16,6.33,6.3362,0.0033,0.0076,-0.0502,1.81,1.13,340.56,0.0189,0.177,9.3286,9.3303,P003_Weight_Stack_Seated_Leg_Extension_Pulling_Too_Fast_1_02.csv
3,16,2,5,1,42.673,42673,-0.66,-0.34,8.82,8.8512,0.0305,-0.0316,0.0327,1.88,1.13,340.63,-0.0706,0.1089,9.2616,9.2625,P003_Weight_Stack_Seated_Leg_Extension_Pulling_Too_Fast_1_02.csv
3,17,2,5,1,42.777,42777,-0.67,0.28,10.48,10.5051,-0.0065,0.0,0.0022,1.88,1.13,340.56,-0.1496,0.1314,9.4222,9.4243,P003_Weight_Stack_Seated_Leg_Extension_Pulling_Too_Fast_1_02.csv
3,17,2,5,1,42.879,42879,0.28,0.01,10.43,10.4338,0.0033,0.0076,-0.0185,1.81,1.13,340.56,-0.093,0.1154,9.555,9.5561,P003_Weight_Stack_Seated_Leg_Extension_Pulling_Too_Fast_1_02.csv
3,17,2,5,1,42.984,42984,0.1,0.36,10.0,10.007,-0.0316,0.0218,-0.0185,1.81,1.13,340.56,-0.0675,0.1477,9.6136,9.615,P003_Weight_Stack_Seated_Leg_Extension_Pulling_Too_Fast_1_02.csv
3,17,2,5,1,43.139,43139,-0.15,0.08,9.66,9.6615,-0.0022,0.0109,-0.012,1.88,1.19,340.63,-0.0784,0.1387,9.6197,9.621,P003_Weight_Stack_Seated_Leg_Extension_Pulling_Too_Fast_1_02.csv
3,17,2,5,1,43.245,43245,-0.24,0.13,9.96,9.9637,0.0076,0.0055,0.0033,1.88,1.19,340.63,-0.0997,0.1376,9.6646,9.6661,P003_Weight_Stack_Seated_Leg_Extension_Pulling_Too_Fast_1_02.csv
3,17,2,5,1,43.349,43349,-0.26,0.14,9.47,9.4746,-0.0131,0.0251,-0.0305,1.81,1.19,340.56,-0.1208,0.1379,9.6389,9.6407,P003_Weight_Stack_Seated_Leg_Extension_Pulling_Too_Fast_1_02.csv
3,17,2,5,1,43.451,43451,-0.03,0.38,9.75,9.7574,-0.0185,0.0175,-0.0044,1.81,1.19,340.56,-0.1089,0.1698,9.6536,9.6557,P003_Weight_Stack_Seated_Leg_Extension_Pulling_Too_Fast_1_02.csv
3,17,2,5,1,43.555,43555,0.0,0.4,9.64,9.6483,0.0044,-0.0087,-0.0098,1.75,1.19,340.56,-0.0945,0.2001,9.6518,9.6543,P003_Weight_Stack_Seated_Leg_Extension_Pulling_Too_Fast_1_02.csv
3,17,2,5,1,43.67,43670,-0.07,0.33,9.71,9.7159,0.0011,0.0022,0.0065,1.75,1.19,340.56,-0.0913,0.2173,9.6594,9.6623,P003_Weight_Stack_Seated_Leg_Extension_Pulling_Too_Fast_1_02.csv
3,17,2,5,1,43.773,43773,-0.26,0.28,9.85,9.8574,0.0022,-0.0098,0.0022,1.75,1.19,340.56,-0.1135,0.2255,9.6846,9.6878,P003_Weight_Stack_Seated_Leg_Extension_Pulling_Too_Fast_1_02.csv
3,17,2,5,1,43.878,43878,-0.28,0.34,9.66,9.67,0.0055,-0.0164,0.0011,1.75,1.19,340.56,-0.1355,0.2406,9.6813,9.6853,P003_Weight_Stack_Seated_Leg_Extension_Pulling_Too_Fast_1_02.csv
3,17,2,5,1,43.981,43981,-0.32,0.34,9.71,9.7212,0.0011,-0.0131,0.0044,1.75,1.25,340.56,-0.1598,0.2537,9.6851,9.6897,P003_Weight_Stack_Seated_Leg_Extension_Pulling_Too_Fast_1_02.csv
3,17,2,5,1,44.084,44084,-0.36,0.29,9.72,9.731,-0.0033,-0.0011,-0.0022,1.75,1.25,340.56,-0.1862,0.2585,9.6897,9.6949,P003_Weight_Stack_Seated_Leg_Extension_Pulling_Too_Fast_1_02.csv
3,17,2,5,1,44.192,44192,-0.27,0.34,9.55,9.5599,0.0,-0.0033,0.0044,1.69,1.25,340.56,-0.1972,0.2692,9.6713,9.677,P003_Weight_Stack_Seated_Leg_Extension_Pulling_Too_Fast_1_02.csv
3,17,2,5,1,44.294,44294,-0.3,0.35,9.55,9.5611,0.0011,0.0033,-0.0011,1.69,1.31,340.56,-0.2108,0.2799,9.6553,9.6617,P003_Weight_Stack_Seated_Leg_Extension_Pulling_Too_Fast_1_02.csv
3,17,2,5,1,44.396,44396,-0.33,0.33,9.79,9.8011,0.0022,0.0022,0.0,1.69,1.31,340.56,-0.2265,0.2865,9.6731,9.6799,P003_Weight_Stack_Seated_Leg_Extension_Pulling_Too_Fast_1_02.csv
3,17,2,5,1,44.503,44503,-0.31,0.33,9.93,9.9403,0.0,-0.0022,0.0,1.69,1.31,340.56,-0.2375,0.2922,9.7069,9.7142,P003_Weight_Stack_Seated_Leg_Extension_Pulling_Too_Fast_1_02.csv
3,17,2,5,1,44.605,44605,-0.25,0.29,9.77,9.7775,0.0055,0.0175,0.0109,1.63,1.31,340.56,-0.2391,0.2919,9.7152,9.7226,P003_Weight_Stack_Seated_Leg_Extension_Pulling_Too_Fast_1_02.csv
3,17,2,5,1,44.72,44720,-0.27,0.29,9.72,9.7281,0.0,-0.0033,0.0065,1.63,1.38,340.56,-0.2432,0.2917,9.7159,9.7233,P003_Weight_Stack_Seated_Leg_Extension_Pulling_Too_Fast_1_02.csv
3,17,2,5,1,44.824,44824,-0.27,0.28,10.14,10.1475,0.0011,-0.0044,0.0044,1.63,1.38,340.63,-0.2467,0.2901,9.7717,9.7792,P003_Weight_Stack_Seated_Leg_Extension_Pulling_Too_Fast_1_02.csv
3,17,2,5,1,44.926,44926,-0.3,0.34,10.76,10.7695,0.0065,-0.0055,0.0033,1.63,1.38,340.63,-0.2537,0.2967,9.902,9.9097,P003_Weight_Stack_Seated_Leg_Extension_Pulling_Too_Fast_1_02.csv
3,17,2,5,1,45.03,45030,-0.41,0.06,11.28,11.2876,0.0142,-0.0175,0.0196,1.63,1.38,340.63,-0.2743,0.2655,10.0836,10.0908,P003_Weight_Stack_Seated_Leg_Extension_Pulling_Too_Fast_1_02.csv
3,17,2,5,1,45.186,45186,-0.5,0.02,8.87,8.8841,0.0098,-0.0131,0.0251,1.69,1.25,340.75,-0.3041,0.2332,9.9236,9.931,P003_Weight_Stack_Seated_Leg_Extension_Pulling_Too_Fast_1_02.csv
3,17,2,5,1,45.288,45288,-0.22,-0.63,8.1,8.1274,0.0665,-0.0851,0.0578,1.69,1.13,340.69,-0.293,0.1194,9.6833,9.6885,P003_Weight_Stack_Seated_Leg_Extension_Pulling_Too_Fast_1_02.csv
3,17,2,5,1,45.396,45396,-0.43,1.09,7.16,7.2552,-0.0011,-0.0109,0.0098,1.69,1.13,340.63,-0.311,0.2473,9.3508,9.3593,P003_Weight_Stack_Seated_Leg_Extension_Pulling_Too_Fast_1_02.csv
3,17,2,5,1,45.498,45498,0.19,0.33,6.86,6.8706,0.0131,0.0076,0.0033,1.69,1.06,340.63,-0.245,0.2582,9.0226,9.0296,P003_Weight_Stack_Seated_Leg_Extension_Pulling_Too_Fast_1_02.csv
3,18,2,5,1,45.6,45600,-0.55,0.52,9.01,9.0417,-0.0011,-0.0011,0.0033,1.75,1.06,340.69,-0.2852,0.2927,9.0209,9.0302,P003_Weight_Stack_Seated_Leg_Extension_Pulling_Too_Fast_1_02.csv
3,18,2,5,1,45.717,45717,-0.4,0.54,10.07,10.0924,-0.0338,0.0229,-0.0033,1.69,1.13,340.69,-0.3003,0.3253,9.1592,9.1699,P003_Weight_Stack_Seated_Leg_Extension_Pulling_Too_Fast_1_02.csv
3,18,2,5,1,45.82,45820,-0.97,-0.39,10.91,10.96,0.0295,-0.0578,0.0371,1.75,1.13,340.69,-0.3886,0.231,9.3899,9.4008,P003_Weight_Stack_Seated_Leg_Extension_Pulling_Too_Fast_1_02.csv
3,18,2,5,1,45.922,45922,-0.11,0.23,10.85,10.853,0.0033,-0.0022,0.0098,1.69,1.13,340.69,-0.3519,0.2309,9.5823,9.5915,P003_Weight_Stack_Seated_Leg_Extension_Pulling_Too_Fast_1_02.csv
3,18,2,5,1,46.024,46024,-0.28,0.4,9.82,9.8321,-0.0055,0.0044,-0.0065,1.69,1.13,340.69,-0.3424,0.2532,9.6136,9.623,P003_Weight_Stack_Seated_Leg_Extension_Pulling_Too_Fast_1_02.csv
3,18,2,5,1,46.129,46129,-0.16,0.52,9.33,9.3458,0.0076,-0.0087,0.0065,1.69,1.13,340.69,-0.3184,0.2883,9.5762,9.5859,P003_Weight_Stack_Seated_Leg_Extension_Pulling_Too_Fast_1_02.csv
3,18,2,5,1,46.238,46238,-0.31,0.15,10.02,10.0259,0.0044,-0.0033,0.0033,1.69,1.19,340.69,-0.3173,0.2701,9.6347,9.6437,P003_Weight_Stack_Seated_Leg_Extension_Pulling_Too_Fast_1_02.csv
3,18,2,5,1,46.34,46340,-0.26,0.18,9.65,9.6552,0.0011,-0.0011,-0.0033,1.69,1.19,340.69,-0.3097,0.2582,9.6367,9.6452,P003_Weight_Stack_Seated_Leg_Extension_Pulling_Too_Fast_1_02.csv
3,18,2,5,1,46.444,46444,-0.33,0.32,9.51,9.5211,-0.0011,0.0098,-0.0055,1.69,1.19,340.69,-0.3124,0.2664,9.62,9.6288,P003_Weight_Stack_Seated_Leg_Extension_Pulling_Too_Fast_1_02.csv
3,18,2,5,1,46.55,46550,-0.28,0.29,9.61,9.6185,-0.0022,0.0022,-0.0033,1.69,1.19,340.69,-0.3081,0.2695,9.6187,9.6274,P003_Weight_Stack_Seated_Leg_Extension_Pulling_Too_Fast_1_02.csv
3,18,2,5,1,46.652,46652,-0.2,0.28,9.54,9.5462,0.0,0.0033,-0.0033,1.69,1.19,340.69,-0.2939,0.2709,9.6083,9.6166,P003_Weight_Stack_Seated_Leg_Extension_Pulling_Too_Fast_1_02.csv
3,18,2,5,1,46.771,46771,-0.2,0.32,9.88,9.8872,0.0011,-0.0044,0.0022,1.69,1.19,340.69,-0.2815,0.2773,9.6441,9.6522,P003_Weight_Stack_Seated_Leg_Extension_Pulling_Too_Fast_1_02.csv
3,18,2,5,1,46.873,46873,-0.21,0.32,9.86,9.8674,-0.0022,-0.0022,-0.0011,1.69,1.19,340.69,-0.2721,0.283,9.6726,9.6805,P003_Weight_Stack_Seated_Leg_Extension_Pulling_Too_Fast_1_02.csv
3,18,2,5,1,46.975,46975,-0.29,0.25,10.0,10.0073,0.0033,-0.0044,0.0,1.69,1.19,340.69,-0.2744,0.2786,9.7157,9.7236,P003_Weight_Stack_Seated_Leg_Extension_Pulling_Too_Fast_1_02.csv
3,18,2,5,1,47.077,47077,-0.23,0.32,9.8,9.8079,0.0022,0.0,0.0,1.69,1.19,340.69,-0.2686,0.2841,9.7268,9.7347,P003_Weight_Stack_Seated_Leg_Extension_Pulling_Too_Fast_1_02.csv
3,18,2,5,1,47.233,47233,-0.2,0.32,9.69,9.6973,0.0,0.0011,0.0011,1.69,1.19,340.69,-0.2595,0.2888,9.722,9.7297,P003_Weight_Stack_Seated_Leg_Extension_Pulling_Too_Fast_1_02.csv
3,18,2,5,1,47.335,47335,-0.21,0.29,9.63,9.6367,0.0,0.0,0.0,1.69,1.19,340.69,-0.253,0.289,9.7099,9.7175,P003_Weight_Stack_Seated_Leg_Extension_Pulling_Too_Fast_1_02.csv
3,18,2,5,1,47.44,47440,-0.21,0.29,9.89,9.8965,0.0,-0.0011,-0.0033,1.69,1.19,340.69,-0.2474,0.2891,9.7336,9.741,P003_Weight_Stack_Seated_Leg_Extension_Pulling_Too_Fast_1_02.csv
3,18,2,5,1,47.544,47544,0.13,0.13,10.0,10.0017,0.0011,0.0295,0.0055,1.63,1.19,340.69,-0.1976,0.2681,9.7687,9.7744,P003_Weight_Stack_Seated_Leg_Extension_Pulling_Too_Fast_1_02.csv
3,18,2,5,1,47.646,47646,-0.22,0.35,10.27,10.2783,0.0011,-0.0065,0.0033,1.63,1.19,340.69,-0.2006,0.2789,9.8348,9.8408,P003_Weight_Stack_Seated_Leg_Extension_Pulling_Too_Fast_1_02.csv
3,18,2,5,1,47.764,47764,-0.32,0.33,10.34,10.3502,0.0076,0.0065,0.0065,1.63,1.25,340.69,-0.2163,0.2857,9.9013,9.9078,P003_Weight_Stack_Seated_Leg_Extension_Pulling_Too_Fast_1_02.csv
3,18,2,5,1,47.866,47866,-0.48,0.15,10.5,10.512,0.024,-0.0305,0.0164,1.63,1.19,340.69,-0.2511,0.2678,9.9802,9.987,P003_Weight_Stack_Seated_Leg_Extension_Pulling_Too_Fast_1_02.csv
3,18,2,5,1,47.968,47968,-0.29,0.0,10.93,10.9338,0.0262,-0.036,0.0284,1.69,1.13,340.75,-0.2562,0.2325,10.1054,10.1113,P003_Weight_Stack_Seated_Leg_Extension_Pulling_Too_Fast_1_02.csv
3,18,2,5,1,48.075,48075,-0.82,0.48,10.62,10.6624,0.0349,0.0076,0.0044,1.75,1.06,340.75,-0.3305,0.2651,10.1732,10.182,P003_Weight_Stack_Seated_Leg_Extension_Pulling_Too_Fast_1_02.csv
3,18,2,5,1,48.177,48177,0.39,-0.04,7.33,7.3405,0.0142,0.0022,-0.0087,1.75,1.0,340.75,-0.2355,0.2249,9.7985,9.8039,P003_Weight_Stack_Seated_Leg_Extension_Pulling_Too_Fast_1_02.csv
3,18,2,5,1,48.284,48284,-0.69,0.23,6.12,6.1631,-0.0284,0.0393,0.0469,1.75,0.94,340.75,-0.2954,0.2256,9.3138,9.3212,P003_Weight_Stack_Seated_Leg_Extension_Pulling_Too_Fast_1_02.csv
3,18,2,5,1,48.387,48387,0.29,0.28,8.44,8.4496,-0.0447,-0.0273,0.0065,1.81,1.0,340.75,-0.2183,0.2327,9.1987,9.2042,P003_Weight_Stack_Seated_Leg_Extension_Pulling_Too_Fast_1_02.csv
3,19,2,5,1,48.489,48489,-0.42,-0.09,10.03,10.0392,0.0076,-0.0185,0.0295,1.81,0.94,340.75,-0.2449,0.1902,9.3082,9.3134,P003_Weight_Stack_Seated_Leg_Extension_Pulling_Too_Fast_1_02.csv
3,19,2,5,1,48.597,48597,0.13,0.61,10.43,10.4486,0.0098,0.0131,0.0087,1.81,1.0,340.75,-0.1955,0.2455,9.456,9.4612,P003_Weight_Stack_Seated_Leg_Extension_Pulling_Too_Fast_1_02.csv
3,19,2,5,1,48.699,48699,-0.03,0.1,10.3,10.3005,-0.0196,0.0164,-0.0164,1.81,1.0,340.81,-0.1737,0.2264,9.5672,9.5715,P003_Weight_Stack_Seated_Leg_Extension_Pulling_Too_Fast_1_02.csv
3,19,2,5,1,48.817,48817,-0.35,0.51,9.77,9.7896,-0.0087,0.0022,-0.0273,1.81,1.06,340.81,-0.1969,0.2637,9.594,9.5996,P003_Weight_Stack_Seated_Leg_Extension_Pulling_Too_Fast_1_02.csv
3,19,2,5,1,48.92,48920,-0.19,0.47,9.52,9.5335,0.0022,-0.0109,0.0011,1.81,1.06,340.75,-0.196,0.2909,9.5842,9.5906,P003_Weight_Stack_Seated_Leg_Extension_Pulling_Too_Fast_1_02.csv
3,19,2,5,1,49.023,49023,-0.13,0.17,9.66,9.6624,0.0251,-0.0447,0.012,1.81,1.0,340.75,-0.1873,0.275,9.5942,9.6,P003_Weight_Stack_Seated_Leg_Extension_Pulling_Too_Fast_1_02.csv
3,19,2,5,1,49.129,49129,-0.06,0.6,9.92,9.9383,-0.0131,0.0153,0.0109,1.75,1.13,340.81,-0.1705,0.3178,9.6371,9.6439,P003_Weight_Stack_Seated_Leg_Extension_Pulling_Too_Fast_1_02.csv
3,19,2,5,1,49.283,49283,-0.14,0.25,9.51,9.5143,-0.0033,-0.0109,-0.0109,1.81,1.13,340.81,-0.1665,0.3089,9.6204,9.6268,P003_Weight_Stack_Seated_Leg_Extension_Pulling_Too_Fast_1_02.csv
3,19,2,5,1,49.385,49385,-0.14,0.36,9.67,9.6777,-0.0044,0.0142,-0.0055,1.81,1.13,340.81,-0.163,0.3156,9.6269,9.6335,P003_Weight_Stack_Seated_Leg_Extension_Pulling_Too_Fast_1_02.csv
3,19,2,5,1,49.489,49489,-0.23,0.24,9.63,9.6357,-0.0076,0.0065,-0.0022,1.75,1.13,340.81,-0.1718,0.3056,9.6273,9.6337,P003_Weight_Stack_Seated_Leg_Extension_Pulling_Too_Fast_1_02.csv
3,19,2,5,1,49.591,49591,-0.2,0.28,9.76,9.7661,0.0,0.0022,-0.0044,1.75,1.19,340.81,-0.1755,0.3023,9.6448,9.6511,P003_Weight_Stack_Seated_Leg_Extension_Pulling_Too_Fast_1_02.csv
3,19,2,5,1,49.693,49693,-0.25,0.29,9.85,9.8574,-0.0033,0.0033,0.0011,1.75,1.19,340.81,-0.1854,0.3007,9.6718,9.6783,P003_Weight_Stack_Seated_Leg_Extension_Pulling_Too_Fast_1_02.csv
3,19,2,5,1,49.811,49811,-0.3,0.3,9.66,9.6693,0.0,0.0011,-0.0011,1.75,1.25,340.81,-0.2005,0.3006,9.6703,9.677,P003_Weight_Stack_Seated_Leg_Extension_Pulling_Too_Fast_1_02.csv
3,19,2,5,1,49.913,49913,-0.25,0.33,9.47,9.479,-0.0022,0.0011,-0.0011,1.75,1.25,340.81,-0.207,0.3044,9.6439,9.6509,P003_Weight_Stack_Seated_Leg_Extension_Pulling_Too_Fast_1_02.csv
3,19,2,5,1,50.015,50015,-0.25,0.35,9.67,9.6796,0.0,-0.0022,-0.0022,1.69,1.31,340.81,-0.2127,0.3104,9.6473,9.6547,P003_Weight_Stack_Seated_Leg_Extension_Pulling_Too_Fast_1_02.csv
3,19,2,5,1,50.122,50122,-0.79,-0.72,10.12,10.1763,0.024,-0.0535,0.0382,1.69,1.31,340.88,-0.2887,0.1747,9.7096,9.7155,P003_Weight_Stack_Seated_Leg_Extension_Pulling_Too_Fast_1_02.csv
3,19,2,5,1,50.224,50224,-0.5,0.4,9.7,9.7211,0.0022,-0.0065,-0.0011,1.69,1.31,340.81,-0.3166,0.2044,9.7084,9.7157,P003_Weight_Stack_Seated_Leg_Extension_Pulling_Too_Fast_1_02.csv
3,19,2,5,1,50.333,50333,-0.41,0.22,9.48,9.4914,0.0022,-0.0142,0.0087,1.69,1.31,340.81,-0.3289,0.2064,9.6783,9.686,P003_Weight_Stack_Seated_Leg_Extension_Pulling_Too_Fast_1_02.csv
3,19,2,5,1,50.435,50435,-0.07,0.4,10.91,10.9176,-0.0022,0.0055,0.0055,1.75,1.25,340.81,-0.2948,0.2319,9.8406,9.8477,P003_Weight_Stack_Seated_Leg_Extension_Pulling_Too_Fast_1_02.csv
3,19,2,5,1,50.537,50537,-0.16,0.32,11.18,11.1857,-0.0022,0.0164,-0.0055,1.75,1.25,340.88,-0.277,0.2435,10.0171,10.0239,P003_Weight_Stack_Seated_Leg_Extension_Pulling_Too_Fast_1_02.csv
3,19,2,5,1,50.64,50640,-0.45,0.16,10.25,10.2611,0.0011,-0.0022,-0.0033,1.81,1.19,341.0,-0.2998,0.2325,10.0478,10.0549,P003_Weight_Stack_Seated_Leg_Extension_Pulling_Too_Fast_1_02.csv
3,19,2,5,1,50.742,50742,0.61,0.25,8.19,8.2165,0.0076,-0.0404,0.0229,1.81,1.13,340.94,-0.1799,0.2348,9.803,9.8074,P003_Weight_Stack_Seated_Leg_Extension_Pulling_Too_Fast_1_02.csv
3,19,2,5,1,50.857,50857,-0.03,1.26,7.15,7.2602,-0.0153,-0.0393,-0.0153,1.81,1.06,340.88,-0.1602,0.3699,9.4534,9.462,P003_Weight_Stack_Seated_Leg_Extension_Pulling_Too_Fast_1_02.csv
3,19,2,5,1,50.965,50965,0.26,-0.16,6.89,6.8968,0.0087,0.0065,0.0,1.88,1.0,340.94,-0.1048,0.3001,9.1156,9.1211,P003_Weight_Stack_Seated_Leg_Extension_Pulling_Too_Fast_1_02.csv
3,20,2,5,1,51.067,51067,-0.74,0.66,9.74,9.7903,0.0,-0.0044,-0.012,1.88,1.13,340.94,-0.1885,0.3475,9.1979,9.2064,P003_Weight_Stack_Seated_Leg_Extension_Pulling_Too_Fast_1_02.csv
3,20,2,5,1,51.17,51170,-0.31,0.25,10.03,10.0379,-0.036,0.0218,0.0055,1.88,1.13,341.0,-0.2045,0.3347,9.3075,9.3158,P003_Weight_Stack_Seated_Leg_Extension_Pulling_Too_Fast_1_02.csv
3,20,2,5,1,51.326,51326,-0.4,0.16,10.62,10.6287,-0.0011,-0.0011,0.0022,1.94,1.13,341.0,-0.2303,0.3116,9.4805,9.4884,P003_Weight_Stack_Seated_Leg_Extension_Pulling_Too_Fast_1_02.csv
3,20,2,5,1,51.429,51429,-0.19,0.36,10.64,10.6478,-0.0044,0.0033,-0.0044,1.94,1.13,341.0,-0.225,0.318,9.6333,9.6411,P003_Weight_Stack_Seated_Leg_Extension_Pulling_Too_Fast_1_02.csv
3,20,2,5,1,51.537,51537,-0.1,0.09,9.37,9.371,0.0,0.0055,-0.012,1.94,1.13,341.0,-0.2085,0.288,9.5986,9.6052,P003_Weight_Stack_Seated_Leg_Extension_Pulling_Too_Fast_1_02.csv
3,20,2,5,1,51.639,51639,0.16,0.38,9.52,9.5289,-0.0175,0.0262,-0.0076,1.94,1.13,341.0,-0.1599,0.3001,9.5882,9.5942,P003_Weight_Stack_Seated_Leg_Extension_Pulling_Too_Fast_1_02.csv
3,20,2,5,1,51.741,51741,-0.21,0.55,9.86,9.8776,-0.0251,0.0327,-0.0098,1.88,1.19,341.0,-0.1665,0.333,9.624,9.6312,P003_Weight_Stack_Seated_Leg_Extension_Pulling_Too_Fast_1_02.csv
3,20,2,5,1,51.858,51858,-0.23,0.26,9.7,9.7062,0.0055,-0.0087,-0.0011,1.88,1.25,341.0,-0.1749,0.3234,9.634,9.6411,P003_Weight_Stack_Seated_Leg_Extension_Pulling_Too_Fast_1_02.csv
3,20,2,5,1,51.96,51960,-0.25,0.38,9.56,9.5708,-0.0044,0.0011,0.0,1.88,1.25,341.0,-0.1848,0.3309,9.6243,9.6317,P003_Weight_Stack_Seated_Leg_Extension_Pulling_Too_Fast_1_02.csv
3,20,2,5,1,52.064,52064,-0.14,0.23,9.87,9.8737,-0.0109,0.0055,-0.0033,1.81,1.25,341.0,-0.1789,0.3176,9.6567,9.6635,P003_Weight_Stack_Seated_Leg_Extension_Pulling_Too_Fast_1_02.csv
3,20,2,5,1,52.169,52169,-0.15,0.29,9.81,9.8154,0.0,0.0055,-0.0044,1.81,1.31,341.0,-0.1751,0.3139,9.6769,9.6835,P003_Weight_Stack_Seated_Leg_Extension_Pulling_Too_Fast_1_02.csv
3,20,2,5,1,52.271,52271,-0.21,0.31,9.65,9.6573,-0.0011,0.0,0.0,1.88,1.31,341.0,-0.1797,0.3134,9.6733,9.6801,P003_Weight_Stack_Seated_Leg_Extension_Pulling_Too_Fast_1_02.csv
3,20,2,5,1,52.38,52380,-0.26,0.26,10.27,10.2766,0.0,-0.0022,-0.0011,1.88,1.31,341.0,-0.1903,0.3064,9.752,9.7586,P003_Weight_Stack_Seated_Leg_Extension_Pulling_Too_Fast_1_02.csv
3,20,2,5,1,52.482,52482,-0.26,0.36,9.93,9.9399,0.0022,0.0011,-0.0022,1.88,1.31,341.0,-0.1995,0.3134,9.7754,9.7825,P003_Weight_Stack_Seated_Leg_Extension_Pulling_Too_Fast_1_02.csv
3,20,2,5,1,52.586,52586,-0.21,0.3,9.99,9.9967,0.0022,-0.0022,0.0011,1.88,1.31,341.0,-0.2008,0.3117,9.8037,9.8107,P003_Weight_Stack_Seated_Leg_Extension_Pulling_Too_Fast_1_02.csv
3,20,2,5,1,52.691,52691,-0.27,0.31,9.93,9.9385,-0.0022,0.0,-0.0011,1.88,1.31,341.0,-0.21,0.3115,9.8203,9.8275,P003_Weight_Stack_Seated_Leg_Extension_Pulling_Too_Fast_1_02.csv
3,20,2,5,1,52.794,52794,-0.21,0.34,9.97,9.978,0.0033,-0.0065,0.0022,1.88,1.31,341.0,-0.21,0.3152,9.8401,9.8473,P003_Weight_Stack_Seated_Leg_Extension_Pulling_Too_Fast_1_02.csv
3,20,2,5,1,52.912,52912,-0.24,0.29,9.92,9.9271,0.0044,-0.0055,0.0033,1.88,1.31,341.0,-0.2139,0.3119,9.8506,9.8579,P003_Weight_Stack_Seated_Leg_Extension_Pulling_Too_Fast_1_02.csv
3,20,2,5,1,53.014,53014,-0.28,0.13,10.5,10.5045,0.0065,-0.0098,0.012,1.81,1.31,341.0,-0.2226,0.2879,9.9362,9.9428,P003_Weight_Stack_Seated_Leg_Extension_Pulling_Too_Fast_1_02.csv
3,20,2,5,1,53.117,53117,-0.51,0.04,11.54,11.5513,0.0131,-0.0175,0.0153,1.81,1.31,341.0,-0.2605,0.2553,10.1475,10.1541,P003_Weight_Stack_Seated_Leg_Extension_Pulling_Too_Fast_1_02.csv
3,20,2,5,1,53.223,53223,-0.33,0.37,11.51,11.5207,0.0131,-0.0164,0.0087,1.88,1.25,341.06,-0.2697,0.2704,10.3271,10.3341,P003_Weight_Stack_Seated_Leg_Extension_Pulling_Too_Fast_1_02.csv
3,20,2,5,1,53.381,53381,-0.76,0.17,7.11,7.1525,0.0065,0.0044,0.0087,1.94,1.13,341.06,-0.3343,0.2571,9.9031,9.9121,P003_Weight_Stack_Seated_Leg_Extension_Pulling_Too_Fast_1_02.csv
3,20,2,5,1,53.484,53484,-2.38,-0.18,7.66,8.0232,-0.0818,0.0447,0.0862,1.94,1.19,341.0,-0.6038,0.1995,9.6075,9.6286,P003_Weight_Stack_Seated_Leg_Extension_Pulling_Too_Fast_1_02.csv
3,20,2,5,1,53.586,53586,0.25,0.27,8.08,8.0884,-0.0262,-0.0098,-0.1047,1.88,1.06,341.0,-0.4913,0.2088,9.4063,9.4214,P003_Weight_Stack_Seated_Leg_Extension_Pulling_Too_Fast_1_02.csv
3,20,2,5,1,53.694,53694,-1.22,-0.38,9.35,9.4369,-0.0044,-0.0415,0.0065,1.88,1.19,341.13,-0.5874,0.1312,9.3988,9.4181,P003_Weight_Stack_Seated_Leg_Extension_Pulling_Too_Fast_1_02.csv
3,20,2,5,1,53.796,53796,-0.16,0.58,10.13,10.1479,0.0185,0.0131,-0.0982,1.81,1.31,341.06,-0.531,0.1904,9.4952,9.5119,P003_Weight_Stack_Seated_Leg_Extension_Pulling_Too_Fast_1_02.csv
3,20,2,5,1,53.915,53915,-0.33,0.48,10.43,10.4463,-0.0164,0.0098,0.0011,1.88,1.31,341.06,-0.5045,0.2285,9.6184,9.6343,P003_Weight_Stack_Seated_Leg_Extension_Pulling_Too_Fast_1_02.csv
3,20,2,5,1,54.017,54017,-0.27,0.13,10.08,10.0845,-0.0055,0.012,0.0229,1.81,1.38,341.06,-0.4736,0.2156,9.6792,9.6932,P003_Weight_Stack_Seated_Leg_Extension_Pulling_Too_Fast_1_02.csv
3,20,2,5,1,54.121,54121,-0.31,0.18,9.74,9.7466,0.0022,0.0,0.0109,1.81,1.38,341.06,-0.4521,0.2109,9.6872,9.7,P003_Weight_Stack_Seated_Leg_Extension_Pulling_Too_Fast_1_02.csv
3,20,2,5,1,54.226,54226,-0.5,0.29,9.6,9.6174,-0.0011,-0.0022,0.0044,1.81,1.38,341.06,-0.4584,0.2213,9.6757,9.6891,P003_Weight_Stack_Seated_Leg_Extension_Pulling_Too_Fast_1_02.csv
3,20,2,5,1,54.328,54328,-0.45,0.36,10.02,10.0366,0.0011,0.0044,0.0044,1.75,1.44,341.06,-0.4573,0.2396,9.7211,9.7348,P003_Weight_Stack_Seated_Leg_Extension_Pulling_Too_Fast_1_02.csv
3,20,2,5,1,54.437,54437,-0.37,0.28,9.54,9.5513,-0.0022,-0.0055,-0.0076,1.75,1.44,341.06,-0.4458,0.2449,9.6972,9.7106,P003_Weight_Stack_Seated_Leg_Extension_Pulling_Too_Fast_1_02.csv
3,20,2,5,1,54.539,54539,-0.28,0.23,9.3,9.3071,0.0,0.0055,0.0022,1.69,1.44,341.06,-0.4239,0.2429,9.6449,9.6573,P003_Weight_Stack_Seated_Leg_Extension_Pulling_Too_Fast_1_02.csv
3,20,2,5,1,54.641,54641,-0.25,0.28,9.56,9.5674,-0.0011,0.012,0.0,1.63,1.44,341.06,-0.401,0.2478,9.6337,9.6452,P003_Weight_Stack_Seated_Leg_Extension_Pulling_Too_Fast_1_02.csv
3,20,2,5,1,54.748,54748,-0.23,0.35,9.97,9.9788,-0.0044,0.0044,-0.0098,1.63,1.44,341.06,-0.3785,0.2613,9.678,9.6889,P003_Weight_Stack_Seated_Leg_Extension_Pulling_Too_Fast_1_02.csv
3,20,2,5,1,54.85,54850,-0.2,0.31,10.01,10.0168,-0.0022,0.0055,-0.0011,1.63,1.44,341.06,-0.355,0.2677,9.7218,9.7319,P003_Weight_Stack_Seated_Leg_Extension_Pulling_Too_Fast_1_02.csv
3,20,2,5,1,54.968,54968,-0.2,0.31,9.74,9.747,-0.0033,0.0022,0.0,1.63,1.44,341.06,-0.3345,0.2733,9.7242,9.7338,P003_Weight_Stack_Seated_Leg_Extension_Pulling_Too_Fast_1_02.csv
3,20,2,5,1,55.071,55071,-0.16,0.3,9.66,9.666,-0.0022,-0.0011,-0.0011,1.63,1.44,341.06,-0.3115,0.2768,9.7157,9.7246,P003_Weight_Stack_Seated_Leg_Extension_Pulling_Too_Fast_1_02.csv
3,20,2,5,1,55.173,55173,-0.18,0.3,9.79,9.7962,-0.0022,0.0,0.0011,1.63,1.44,341.06,-0.2942,0.2799,9.7255,9.734,P003_Weight_Stack_Seated_Leg_Extension_Pulling_Too_Fast_1_02.csv
3,20,2,5,1,55.279,55279,-0.2,0.28,9.79,9.796,-0.0011,-0.0033,-0.0033,1.63,1.5,341.06,-0.2818,0.2799,9.734,9.7421,P003_Weight_Stack_Seated_Leg_Extension_Pulling_Too_Fast_1_02.csv
3,20,2,5,1,55.434,55434,-0.23,0.29,9.78,9.787,-0.0011,0.0011,-0.0011,1.63,1.5,341.06,-0.275,0.2812,9.7401,9.748,P003_Weight_Stack_Seated_Leg_Extension_Pulling_Too_Fast_1_02.csv
3,20,2,5,1,55.54,55540,-0.23,0.32,9.62,9.6281,-0.0044,0.0044,-0.0022,1.63,1.5,341.06,-0.269,0.2863,9.7242,9.7322,P003_Weight_Stack_Seated_Leg_Extension_Pulling_Too_Fast_1_02.csv
3,20,2,5,1,55.643,55643,-0.23,0.26,9.7,9.7062,0.0,-0.0011,0.0011,1.63,1.5,341.06,-0.2639,0.2829,9.721,9.7287,P003_Weight_Stack_Seated_Leg_Extension_Pulling_Too_Fast_1_02.csv
3,20,2,5,1,55.751,55751,-0.22,0.31,9.84,9.8473,0.0,0.0011,0.0022,1.63,1.5,341.06,-0.2581,0.2864,9.7367,9.7444,P003_Weight_Stack_Seated_Leg_Extension_Pulling_Too_Fast_1_02.csv
3,20,2,5,1,55.853,55853,-0.23,0.33,9.91,9.9182,0.0,-0.0022,-0.0011,1.63,1.5,341.06,-0.2544,0.2922,9.7596,9.7672,P003_Weight_Stack_Seated_Leg_Extension_Pulling_Too_Fast_1_02.csv
3,20,2,5,1,55.972,55972,-0.24,0.29,9.64,9.6473,0.0022,-0.0033,0.0011,1.63,1.5,341.06,-0.2525,0.2919,9.7438,9.7514,P003_Weight_Stack_Seated_Leg_Extension_Pulling_Too_Fast_1_02.csv
3,20,2,5,1,56.074,56074,-0.17,0.3,9.58,9.5862,-0.0011,0.0,0.0,1.63,1.5,341.06,-0.2416,0.293,9.7222,9.7296,P003_Weight_Stack_Seated_Leg_Extension_Pulling_Too_Fast_1_02.csv
3,20,2,5,1,56.176,56176,-0.22,0.32,9.61,9.6178,-0.0011,0.0011,-0.0011,1.63,1.5,341.06,-0.2388,0.2965,9.7074,9.7149,P003_Weight_Stack_Seated_Leg_Extension_Pulling_Too_Fast_1_02.csv
3,20,2,5,1,56.283,56283,0.34,-0.34,9.3,9.3124,0.0327,-0.0098,0.0458,1.56,1.5,341.13,-0.1625,0.2126,9.6537,9.6574,P003_Weight_Stack_Seated_Leg_Extension_Pulling_Too_Fast_1_02.csv
3,20,2,5,1,56.385,56385,-0.26,0.33,9.9,9.9089,0.0,0.0,-0.0087,1.56,1.5,341.06,-0.1754,0.2281,9.6862,9.6905,P003_Weight_Stack_Seated_Leg_Extension_Pulling_Too_Fast_1_02.csv
3,1,2,5,1,0.0,0,-0.52,-0.08,9.76,9.7742,0.0,-0.0033,0.0,2.75,-0.5,287.94,-0.5119,-0.0841,9.7454,9.7591,P003_Weight_Stack_Seated_Leg_Extension_Pulling_Too_Fast_1_03.csv
3,1,2,5,1,0.13,130,-0.51,-0.11,9.74,9.754,-0.0011,-0.0044,0.0,2.75,-0.5,287.94,-0.5116,-0.0875,9.7446,9.7585,P003_Weight_Stack_Seated_Leg_Extension_Pulling_Too_Fast_1_03.csv
3,1,2,5,1,0.261,261,-0.52,-0.1,9.71,9.7244,0.0,0.0022,-0.0033,2.75,-0.5,287.94,-0.5127,-0.0892,9.7401,9.754,P003_Weight_Stack_Seated_Leg_Extension_Pulling_Too_Fast_1_03.csv
3,1,2,5,1,0.434,434,-0.52,-0.08,9.76,9.7742,0.0,-0.0011,0.0022,2.75,-0.5,287.94,-0.5137,-0.0879,9.7427,9.7566,P003_Weight_Stack_Seated_Leg_Extension_Pulling_Too_Fast_1_03.csv
3,1,2,5,1,0.564,564,-0.43,-0.53,9.8,9.8237,-0.0535,0.0633,0.0011,2.69,-0.44,287.94,-0.5027,-0.1462,9.7503,9.7643,P003_Weight_Stack_Seated_Leg_Extension_Pulling_Too_Fast_1_03.csv
3,1,2,5,1,0.695,695,-0.46,-0.09,9.72,9.7313,0.0,0.0,0.0044,2.56,-0.31,287.69,-0.497,-0.1388,9.7463,9.7599,P003_Weight_Stack_Seated_Leg_Extension_Pulling_Too_Fast_1_03.csv
3,1,2,5,1,0.83,830,-0.51,-0.06,9.6,9.6137,0.0022,-0.0022,-0.0011,2.56,-0.31,287.69,-0.4988,-0.1284,9.727,9.7406,P003_Weight_Stack_Seated_Leg_Extension_Pulling_Too_Fast_1_03.csv
3,1,2,5,1,0.962,962,-0.56,-0.03,9.79,9.806,0.0022,0.0033,-0.0033,2.56,-0.31,287.69,-0.5068,-0.1154,9.7353,9.7492,P003_Weight_Stack_Seated_Leg_Extension_Pulling_Too_Fast_1_03.csv
3,1,2,5,1,1.092,1092,-0.28,-0.12,9.75,9.7548,0.0196,-0.0164,0.0131,2.56,-0.31,287.69,-0.4769,-0.116,9.7372,9.7496,P003_Weight_Stack_Seated_Leg_Extension_Pulling_Too_Fast_1_03.csv
3,1,2,5,1,1.223,1223,-0.61,0.03,10.34,10.358,-0.0022,-0.0044,0.0065,2.56,-0.31,287.69,-0.4945,-0.0968,9.8167,9.8296,P003_Weight_Stack_Seated_Leg_Extension_Pulling_Too_Fast_1_03.csv
3,1,2,5,1,1.353,1353,-0.59,-0.17,11.17,11.1869,0.0098,-0.0098,-0.0011,2.63,-0.31,287.69,-0.5071,-0.1064,9.995,10.0084,P003_Weight_Stack_Seated_Leg_Extension_Pulling_Too_Fast_1_03.csv
3,1,2,5,1,1.526,1526,-0.7,0.05,9.7,9.7254,0.0153,-0.0273,0.0033,2.69,-0.44,287.69,-0.5325,-0.0858,9.9561,9.9707,P003_Weight_Stack_Seated_Leg_Extension_Pulling_Too_Fast_1_03.csv
3,1,2,5,1,1.661,1661,-0.4,-0.02,7.97,7.9801,0.0011,0.0044,-0.0033,2.69,-0.5,287.69,-0.515,-0.0772,9.6944,9.7084,P003_Weight_Stack_Seated_Leg_Extension_Pulling_Too_Fast_1_03.csv
3,1,2,5,1,1.794,1794,-0.23,-0.22,8.92,8.9257,0.0033,-0.0033,-0.0109,2.69,-0.56,287.69,-0.4775,-0.096,9.5924,9.6047,P003_Weight_Stack_Seated_Leg_Extension_Pulling_Too_Fast_1_03.csv
3,1,2,5,1,1.924,1924,-0.61,-0.13,9.69,9.7101,-0.0055,0.0109,0.0087,2.69,-0.56,287.69,-0.4949,-0.1005,9.6052,9.6185,P003_Weight_Stack_Seated_Leg_Extension_Pulling_Too_Fast_1_03.csv
3,1,2,5,1,2.055,2055,-0.49,-0.05,10.96,10.9711,-0.0065,0.0087,0.0011,2.75,-0.5,287.69,-0.4943,-0.0938,9.7837,9.7967,P003_Weight_Stack_Seated_Leg_Extension_Pulling_Too_Fast_1_03.csv
3,1,2,5,1,2.185,2185,-0.52,-0.06,9.18,9.1949,0.0044,-0.0055,0.0,2.75,-0.5,287.69,-0.4977,-0.0894,9.7042,9.7174,P003_Weight_Stack_Seated_Leg_Extension_Pulling_Too_Fast_1_03.csv
3,1,2,5,1,2.335,2335,-0.57,-0.07,8.62,8.6391,-0.0087,0.0109,-0.0076,2.69,-0.5,287.69,-0.5072,-0.0868,9.5613,9.5752,P003_Weight_Stack_Seated_Leg_Extension_Pulling_Too_Fast_1_03.csv
3,1,2,5,1,2.466,2466,-0.06,-0.53,9.24,9.2554,0.0,0.0109,0.0065,2.69,-0.5,287.69,-0.4483,-0.1452,9.519,9.5306,P003_Weight_Stack_Seated_Leg_Extension_Pulling_Too_Fast_1_03.csv
3,1,2,5,1,2.638,2638,-0.58,0.07,9.89,9.9072,-0.0087,-0.0044,-0.0065,2.69,-0.5,287.69,-0.4656,-0.1168,9.5679,9.5799,P003_Weight_Stack_Seated_Leg_Extension_Pulling_Too_Fast_1_03.csv
3,1,2,5,1,2.768,2768,-0.47,-0.07,9.49,9.5019,0.0,-0.0033,-0.0022,2.69,-0.5,287.69,-0.4662,-0.1107,9.5576,9.5696,P003_Weight_Stack_Seated_Leg_Extension_Pulling_Too_Fast_1_03.csv
3,1,2,5,1,2.898,2898,-0.42,-0.2,9.61,9.6213,0.0011,0.0033,-0.0022,2.69,-0.5,287.69,-0.4601,-0.1224,9.5645,9.5764,P003_Weight_Stack_Seated_Leg_Extension_Pulling_Too_Fast_1_03.csv
3,1,2,5,1,3.028,3028,-0.46,0.0,9.65,9.661,0.0,0.0033,-0.0044,2.69,-0.5,287.69,-0.4601,-0.1063,9.5758,9.5874,P003_Weight_Stack_Seated_Leg_Extension_Pulling_Too_Fast_1_03.csv
3,1,2,5,1,3.158,3158,-0.69,-0.12,13.17,13.1886,-0.1582,0.1342,-0.0567,2.75,-0.56,287.88,-0.4904,-0.1081,10.0494,10.0619,P003_Weight_Stack_Seated_Leg_Extension_Pulling_Too_Fast_1_03.csv
3,2,2,5,1,3.288,3288,-0.33,0.79,9.86,9.8971,-0.0644,0.0644,-0.0567,2.63,-0.44,287.81,-0.4693,0.0102,10.0244,10.0354,P003_Weight_Stack_Seated_Leg_Extension_Pulling_Too_Fast_1_03.csv
3,2,2,5,1,3.418,3418,-0.48,-0.15,9.76,9.7729,0.0011,-0.0044,0.0033,2.56,-0.44,287.81,-0.4707,-0.0109,9.9896,10.0007,P003_Weight_Stack_Seated_Leg_Extension_Pulling_Too_Fast_1_03.csv
3,2,2,5,1,3.548,3548,-0.42,-0.13,9.75,9.7599,0.0011,-0.0011,-0.0022,2.56,-0.44,287.81,-0.464,-0.0266,9.958,9.9689,P003_Weight_Stack_Seated_Leg_Extension_Pulling_Too_Fast_1_03.csv
3,2,2,5,1,3.721,3721,-0.65,-0.06,10.35,10.3706,-0.0098,-0.0011,-0.0044,2.56,-0.38,287.81,-0.4885,-0.031,10.0097,10.0216,P003_Weight_Stack_Seated_Leg_Extension_Pulling_Too_Fast_1_03.csv
3,2,2,5,1,3.854,3854,-0.04,-0.51,11.61,11.6213,-0.0044,0.0207,0.0131,2.63,-0.5,287.81,-0.4294,-0.0941,10.2206,10.23,P003_Weight_Stack_Seated_Leg_Extension_Pulling_Too_Fast_1_03.csv
3,2,2,5,1,3.989,3989,-0.76,0.32,10.11,10.1436,0.0055,-0.0044,-0.0044,2.63,-0.5,287.81,-0.473,-0.0395,10.206,10.217,P003_Weight_Stack_Seated_Leg_Extension_Pulling_Too_Fast_1_03.csv
3,2,2,5,1,4.12,4120,0.99,-1.35,6.95,7.1488,0.0109,-0.0109,0.0153,2.69,-0.63,287.81,-0.2802,-0.2122,9.7769,9.7833,P003_Weight_Stack_Seated_Leg_Extension_Pulling_Too_Fast_1_03.csv
3,2,2,5,1,4.25,4250,-0.75,-0.33,7.36,7.4055,-0.0087,-0.0185,-0.0011,2.75,-0.88,287.81,-0.3421,-0.2277,9.4584,9.4674,P003_Weight_Stack_Seated_Leg_Extension_Pulling_Too_Fast_1_03.csv
3,2,2,5,1,4.38,4380,-0.67,0.31,8.57,8.6017,0.012,-0.0033,0.0033,2.69,-0.75,287.75,-0.3853,-0.1569,9.3414,9.3506,P003_Weight_Stack_Seated_Leg_Extension_Pulling_Too_Fast_1_03.csv
3,2,2,5,1,4.511,4511,-0.17,-0.19,9.88,9.8833,-0.0033,0.0164,0.0273,2.75,-0.75,287.75,-0.3569,-0.1612,9.4123,9.4205,P003_Weight_Stack_Seated_Leg_Extension_Pulling_Too_Fast_1_03.csv
3,2,2,5,1,4.641,4641,-0.56,0.0,10.7,10.7146,-0.0076,0.0022,-0.024,2.75,-0.75,287.81,-0.3837,-0.14,9.582,9.5907,P003_Weight_Stack_Seated_Leg_Extension_Pulling_Too_Fast_1_03.csv
3,2,2,5,1,4.814,4814,-0.31,-0.26,9.97,9.9782,-0.0033,-0.0055,-0.0087,2.75,-0.75,287.75,-0.374,-0.1558,9.6332,9.6417,P003_Weight_Stack_Seated_Leg_Extension_Pulling_Too_Fast_1_03.csv
3,2,2,5,1,4.945,4945,-0.61,-0.26,10.1,10.1217,0.0033,-0.0022,0.0065,2.75,-0.75,287.75,-0.4051,-0.1695,9.6947,9.7046,P003_Weight_Stack_Seated_Leg_Extension_Pulling_Too_Fast_1_03.csv
3,2,2,5,1,5.075,5075,-0.65,0.0,9.69,9.7118,0.0,-0.0022,-0.0229,2.75,-0.69,287.75,-0.4374,-0.1472,9.6941,9.705,P003_Weight_Stack_Seated_Leg_Extension_Pulling_Too_Fast_1_03.csv
3,2,2,5,1,5.211,5211,-0.81,-0.05,9.68,9.714,-0.0022,-0.0033,0.0011,2.81,-0.69,287.81,-0.4865,-0.1344,9.6922,9.7053,P003_Weight_Stack_Seated_Leg_Extension_Pulling_Too_Fast_1_03.csv
3,2,2,5,1,5.343,5343,-0.52,-0.19,9.81,9.8256,0.0044,0.0185,0.0022,2.75,-0.63,287.75,-0.4909,-0.1417,9.7077,9.7212,P003_Weight_Stack_Seated_Leg_Extension_Pulling_Too_Fast_1_03.csv
3,2,2,5,1,5.473,5473,-0.44,0.01,10.03,10.0397,-0.0065,-0.0229,-0.0011,2.75,-0.56,287.75,-0.4842,-0.1217,9.7502,9.763,P003_Weight_Stack_Seated_Leg_Extension_Pulling_Too_Fast_1_03.csv
3,2,2,5,1,5.603,5603,-0.54,0.02,10.24,10.2542,-0.0022,0.0185,0.0,2.75,-0.56,287.75,-0.4915,-0.1031,9.8147,9.8276,P003_Weight_Stack_Seated_Leg_Extension_Pulling_Too_Fast_1_03.csv
3,2,2,5,1,5.734,5734,-0.32,-0.14,10.12,10.126,-0.0033,0.012,-0.0076,2.75,-0.5,287.75,-0.4689,-0.1079,9.855,9.8667,P003_Weight_Stack_Seated_Leg_Extension_Pulling_Too_Fast_1_03.csv
3,2,2,5,1,5.907,5907,-0.34,-0.24,9.81,9.8188,0.0011,0.0142,-0.0044,2.75,-0.5,287.75,-0.4519,-0.1253,9.849,9.8602,P003_Weight_Stack_Seated_Leg_Extension_Pulling_Too_Fast_1_03.csv
3,2,2,5,1,6.038,6038,-0.38,0.0,9.81,9.8174,-0.0055,-0.0076,-0.0055,2.75,-0.5,287.75,-0.4425,-0.1088,9.8439,9.8544,P003_Weight_Stack_Seated_Leg_Extension_Pulling_Too_Fast_1_03.csv
3,2,2,5,1,6.174,6174,-0.47,-0.09,10.13,10.1413,0.0011,0.0022,0.0011,2.75,-0.5,287.75,-0.4461,-0.1063,9.8816,9.8922,P003_Weight_Stack_Seated_Leg_Extension_Pulling_Too_Fast_1_03.csv
3,2,2,5,1,6.305,6305,-0.48,-0.03,10.28,10.2912,0.0033,-0.0044,0.0055,2.75,-0.5,287.75,-0.4506,-0.0963,9.9341,9.9448,P003_Weight_Stack_Seated_Leg_Extension_Pulling_Too_Fast_1_03.csv
3,2,2,5,1,6.436,6436,-0.69,-0.06,11.08,11.1016,-0.0011,0.0022,0.0022,2.63,-0.5,287.75,-0.4821,-0.0915,10.0851,10.097,P003_Weight_Stack_Seated_Leg_Extension_Pulling_Too_Fast_1_03.csv
3,2,2,5,1,6.566,6566,-0.5,0.1,11.81,11.821,0.0109,-0.0022,0.0098,2.63,-0.5,287.75,-0.4845,-0.0663,10.3124,10.324,P003_Weight_Stack_Seated_Leg_Extension_Pulling_Too_Fast_1_03.csv
3,2,2,5,1,6.696,6696,0.77,-1.07,10.79,10.8702,0.0622,0.0011,0.0185,2.75,-0.63,287.81,-0.3192,-0.1985,10.3753,10.3821,P003_Weight_Stack_Seated_Leg_Extension_Pulling_Too_Fast_1_03.csv
3,2,2,5,1,6.828,6828,-0.96,0.25,7.34,7.4067,-0.0153,-0.0185,-0.0349,2.81,-0.81,287.75,-0.4036,-0.1394,9.9754,9.9845,P003_Weight_Stack_Seated_Leg_Extension_Pulling_Too_Fast_1_03.csv
3,2,2,5,1,7.001,7001,0.51,-1.13,6.55,6.6663,0.0404,0.0338,0.0698,2.63,-0.75,287.69,-0.2832,-0.27,9.524,9.532,P003_Weight_Stack_Seated_Leg_Extension_Pulling_Too_Fast_1_03.csv
3,2,2,5,1,7.136,7136,-0.66,0.27,8.73,8.7591,-0.0469,0.0153,-0.0185,2.75,-0.88,287.63,-0.3329,-0.1988,9.4194,9.4273,P003_Weight_Stack_Seated_Leg_Extension_Pulling_Too_Fast_1_03.csv
3,3,2,5,1,7.267,7267,-1.03,-0.36,10.27,10.3278,-0.0545,-0.0262,-0.0087,2.81,-0.88,287.75,-0.4247,-0.22,9.5314,9.5434,P003_Weight_Stack_Seated_Leg_Extension_Pulling_Too_Fast_1_03.csv
3,3,2,5,1,7.398,7398,-0.43,0.0,10.48,10.4888,-0.0207,-0.0076,-0.0164,2.81,-0.81,287.69,-0.4254,-0.191,9.6564,9.6677,P003_Weight_Stack_Seated_Leg_Extension_Pulling_Too_Fast_1_03.csv
3,3,2,5,1,7.528,7528,-0.73,0.07,10.2,10.2263,-0.0153,0.0087,0.0164,2.81,-0.75,287.75,-0.4656,-0.1566,9.7281,9.7405,P003_Weight_Stack_Seated_Leg_Extension_Pulling_Too_Fast_1_03.csv
3,3,2,5,1,7.659,7659,-0.57,0.47,10.38,10.4063,-0.0175,0.0055,-0.012,2.81,-0.75,287.69,-0.4793,-0.0741,9.814,9.826,P003_Weight_Stack_Seated_Leg_Extension_Pulling_Too_Fast_1_03.csv
3,3,2,5,1,7.789,7789,-0.47,-0.05,10.3,10.3108,0.0142,-0.0065,0.012,2.81,-0.75,287.75,-0.4781,-0.0709,9.878,9.8898,P003_Weight_Stack_Seated_Leg_Extension_Pulling_Too_Fast_1_03.csv
3,3,2,5,1,7.919,7919,-0.63,0.29,9.8,9.8245,0.0011,-0.0164,0.0022,2.81,-0.69,287.75,-0.4981,-0.0233,9.8677,9.8803,P003_Weight_Stack_Seated_Leg_Extension_Pulling_Too_Fast_1_03.csv
3,3,2,5,1,8.092,8092,-0.02,-0.12,9.96,9.9607,-0.0415,0.0022,-0.0305,2.81,-0.63,287.69,-0.4351,-0.0361,9.8799,9.8895,P003_Weight_Stack_Seated_Leg_Extension_Pulling_Too_Fast_1_03.csv
3,3,2,5,1,8.223,8223,-0.56,-0.15,9.75,9.7672,0.0087,-0.0098,0.0153,2.75,-0.63,287.75,-0.4516,-0.0511,9.8628,9.8732,P003_Weight_Stack_Seated_Leg_Extension_Pulling_Too_Fast_1_03.csv
3,3,2,5,1,8.354,8354,-0.4,-0.13,9.94,9.9489,-0.0055,0.0109,-0.0065,2.75,-0.63,287.75,-0.4448,-0.0615,9.873,9.8832,P003_Weight_Stack_Seated_Leg_Extension_Pulling_Too_Fast_1_03.csv
3,3,2,5,1,8.489,8489,-0.37,-0.09,10.03,10.0372,-0.0044,-0.0055,-0.0076,2.75,-0.56,287.75,-0.4349,-0.0652,9.8937,9.9034,P003_Weight_Stack_Seated_Leg_Extension_Pulling_Too_Fast_1_03.csv
3,3,2,5,1,8.621,8621,-0.5,-0.05,10.13,10.1425,0.0,-0.0022,0.0,2.75,-0.56,287.75,-0.4435,-0.0632,9.9248,9.9349,P003_Weight_Stack_Seated_Leg_Extension_Pulling_Too_Fast_1_03.csv
3,3,2,5,1,8.752,8752,-0.46,-0.01,10.04,10.0505,-0.0011,0.0022,-0.0055,2.75,-0.56,287.75,-0.4457,-0.0562,9.94,9.9501,P003_Weight_Stack_Seated_Leg_Extension_Pulling_Too_Fast_1_03.csv
3,3,2,5,1,8.882,8882,-0.6,-0.05,9.76,9.7786,0.0033,-0.0142,0.0065,2.75,-0.56,287.75,-0.466,-0.0554,9.9163,9.9274,P003_Weight_Stack_Seated_Leg_Extension_Pulling_Too_Fast_1_03.csv
3,3,2,5,1,9.012,9012,-0.53,0.05,10.5,10.5135,-0.0022,0.0055,-0.0065,2.75,-0.56,287.75,-0.4744,-0.0415,9.9932,10.0045,P003_Weight_Stack_Seated_Leg_Extension_Pulling_Too_Fast_1_03.csv
3,3,2,5,1,9.185,9185,-0.23,-0.42,10.87,10.8805,0.0098,0.0044,0.0055,2.63,-0.63,287.75,-0.4422,-0.0914,10.1087,10.1188,P003_Weight_Stack_Seated_Leg_Extension_Pulling_Too_Fast_1_03.csv
3,3,2,5,1,9.32,9320,-0.53,-0.16,12.12,12.1326,0.0142,-0.0076,0.0011,2.69,-0.69,287.81,-0.4538,-0.1004,10.3738,10.3842,P003_Weight_Stack_Seated_Leg_Extension_Pulling_Too_Fast_1_03.csv
3,3,2,5,1,9.453,9453,-0.37,0.26,9.1,9.1112,0.0,-0.0033,-0.048,2.81,-0.88,287.75,-0.4428,-0.0529,10.2059,10.2156,P003_Weight_Stack_Seated_Leg_Extension_Pulling_Too_Fast_1_03.csv
3,3,2,5,1,9.583,9583,-0.64,0.52,7.66,7.7043,0.0131,-0.0022,0.0065,2.75,-1.0,287.75,-0.4687,0.0226,9.8704,9.8816,P003_Weight_Stack_Seated_Leg_Extension_Pulling_Too_Fast_1_03.csv
3,3,2,5,1,9.714,9714,-0.53,0.12,8.75,8.7669,0.0011,0.0033,-0.0284,2.75,-0.94,287.69,-0.4768,0.0354,9.7228,9.7345,P003_Weight_Stack_Seated_Leg_Extension_Pulling_Too_Fast_1_03.csv
3,3,2,5,1,9.844,9844,-0.69,-0.36,9.36,9.3923,0.0349,-0.0185,0.0109,2.81,-1.0,287.69,-0.5049,-0.0167,9.675,9.6882,P003_Weight_Stack_Seated_Leg_Extension_Pulling_Too_Fast_1_03.csv
3,3,2,5,1,9.974,9974,-0.72,-0.12,9.15,9.1791,-0.0153,0.0033,-0.0207,2.81,-0.88,287.69,-0.5333,-0.0303,9.6058,9.6206,P003_Weight_Stack_Seated_Leg_Extension_Pulling_Too_Fast_1_03.csv
3,3,2,5,1,10.105,10105,-0.72,-0.42,8.78,8.8195,-0.012,-0.0109,0.0142,2.88,-0.88,287.75,-0.5579,-0.0817,9.497,9.5137,P003_Weight_Stack_Seated_Leg_Extension_Pulling_Too_Fast_1_03.csv
3,3,2,5,1,10.278,10278,-0.55,-0.44,9.14,9.1671,-0.0229,0.0327,0.0524,2.81,-0.81,287.81,-0.5568,-0.1289,9.4499,9.4672,P003_Weight_Stack_Seated_Leg_Extension_Pulling_Too_Fast_1_03.csv
3,4,2,5,1,10.409,10409,-0.23,-0.52,10.23,10.2458,-0.0098,-0.0131,-0.0447,2.88,-0.81,287.75,-0.5138,-0.1804,9.5527,9.5682,P003_Weight_Stack_Seated_Leg_Extension_Pulling_Too_Fast_1_03.csv
3,4,2,5,1,10.542,10542,-0.58,-0.36,9.79,9.8138,-0.0022,-0.0185,0.0109,2.81,-0.75,287.75,-0.5225,-0.2041,9.584,9.6004,P003_Weight_Stack_Seated_Leg_Extension_Pulling_Too_Fast_1_03.csv
3,4,2,5,1,10.673,10673,-0.03,-0.35,9.98,9.9862,-0.0011,0.0316,-0.012,2.88,-0.75,287.75,-0.4576,-0.2233,9.6362,9.6496,P003_Weight_Stack_Seated_Leg_Extension_Pulling_Too_Fast_1_03.csv
3,4,2,5,1,10.806,10806,-0.25,-0.18,9.87,9.8748,0.0098,-0.0229,0.0033,2.75,-0.75,287.75,-0.4302,-0.2176,9.667,9.679,P003_Weight_Stack_Seated_Leg_Extension_Pulling_Too_Fast_1_03.csv
3,4,2,5,1,10.937,10937,-0.66,0.14,9.57,9.5938,-0.0098,0.0218,-0.0055,2.81,-0.69,287.69,-0.4605,-0.1705,9.6542,9.6667,P003_Weight_Stack_Seated_Leg_Extension_Pulling_Too_Fast_1_03.csv
3,4,2,5,1,11.067,11067,-0.33,0.04,9.7,9.7057,-0.0076,0.0153,-0.0055,2.75,-0.69,287.69,-0.4433,-0.1427,9.6602,9.6715,P003_Weight_Stack_Seated_Leg_Extension_Pulling_Too_Fast_1_03.csv
3,4,2,5,1,11.197,11197,-0.7,-0.04,10.11,10.1343,-0.0076,-0.0044,-0.0022,2.81,-0.69,287.69,-0.4771,-0.1292,9.7195,9.7321,P003_Weight_Stack_Seated_Leg_Extension_Pulling_Too_Fast_1_03.csv
3,4,2,5,1,11.37,11370,-0.47,-0.03,9.77,9.7813,-0.0011,0.0,-0.0011,2.75,-0.69,287.69,-0.4762,-0.1161,9.7262,9.7385,P003_Weight_Stack_Seated_Leg_Extension_Pulling_Too_Fast_1_03.csv
3,4,2,5,1,11.5,11500,-0.42,-0.05,10.51,10.5185,0.0142,0.0415,0.0087,2.75,-0.69,287.69,-0.4688,-0.1074,9.8295,9.8412,P003_Weight_Stack_Seated_Leg_Extension_Pulling_Too_Fast_1_03.csv
3,4,2,5,1,11.631,11631,-0.4,-0.06,10.65,10.6577,-0.0087,0.0022,-0.0044,2.69,-0.69,287.69,-0.4597,-0.1012,9.9376,9.9487,P003_Weight_Stack_Seated_Leg_Extension_Pulling_Too_Fast_1_03.csv
3,4,2,5,1,11.761,11761,-0.45,0.0,10.74,10.7494,0.0011,-0.0022,0.0022,2.69,-0.69,287.69,-0.4584,-0.0878,10.0433,10.0542,P003_Weight_Stack_Seated_Leg_Extension_Pulling_Too_Fast_1_03.csv
3,4,2,5,1,11.891,11891,-0.19,-0.11,10.17,10.1724,0.012,-0.0076,0.0033,2.75,-0.69,287.75,-0.4231,-0.0908,10.06,10.0693,P003_Weight_Stack_Seated_Leg_Extension_Pulling_Too_Fast_1_03.csv
3,4,2,5,1,12.021,12021,-0.82,1.38,12.3,12.4043,-0.06,-0.0295,-0.0436,2.81,-0.81,287.69,-0.4754,0.103,10.3552,10.3666,P003_Weight_Stack_Seated_Leg_Extension_Pulling_Too_Fast_1_03.csv
3,4,2,5,1,12.151,12151,-0.82,0.72,8.07,8.1434,-0.0055,0.0065,0.0164,2.88,-0.94,287.69,-0.5208,0.1843,10.0541,10.0692,P003_Weight_Stack_Seated_Leg_Extension_Pulling_Too_Fast_1_03.csv
3,4,2,5,1,12.281,12281,-0.68,-0.18,7.43,7.4632,-0.0153,-0.0011,-0.0251,2.81,-1.0,287.63,-0.5418,0.1363,9.7083,9.7243,P003_Weight_Stack_Seated_Leg_Extension_Pulling_Too_Fast_1_03.csv
3,4,2,5,1,12.458,12458,-0.12,0.04,8.39,8.391,-0.0044,-0.0044,0.0316,2.88,-1.0,287.63,-0.4862,0.1236,9.5346,9.5477,P003_Weight_Stack_Seated_Leg_Extension_Pulling_Too_Fast_1_03.csv
3,5,2,5,1,12.591,12591,-0.94,-0.16,9.99,10.0354,-0.0153,0.0142,-0.0098,2.88,-0.94,287.69,-0.546,0.0863,9.5946,9.6105,P003_Weight_Stack_Seated_Leg_Extension_Pulling_Too_Fast_1_03.csv
3,5,2,5,1,12.721,12721,-0.55,0.11,9.98,9.9957,-0.0131,0.0065,0.0,2.88,-0.94,287.69,-0.5465,0.0894,9.6454,9.6612,P003_Weight_Stack_Seated_Leg_Extension_Pulling_Too_Fast_1_03.csv
3,5,2,5,1,12.851,12851,-0.4,-0.2,10.84,10.8492,0.0207,-0.012,-0.0109,2.88,-0.94,287.69,-0.5272,0.0513,9.8028,9.8171,P003_Weight_Stack_Seated_Leg_Extension_Pulling_Too_Fast_1_03.csv
3,5,2,5,1,12.982,12982,-0.82,-0.18,8.77,8.8101,-0.0022,0.0022,0.0316,2.88,-0.94,287.69,-0.5658,0.0208,9.6667,9.6833,P003_Weight_Stack_Seated_Leg_Extension_Pulling_Too_Fast_1_03.csv
3,5,2,5,1,13.112,13112,-0.24,0.22,7.84,7.8468,0.0196,-0.0076,-0.0196,2.88,-0.94,287.69,-0.5229,0.047,9.426,9.4406,P003_Weight_Stack_Seated_Leg_Extension_Pulling_Too_Fast_1_03.csv
3,5,2,5,1,13.242,13242,-0.4,-0.12,10.15,10.1586,-0.0207,0.0131,0.0153,2.81,-0.88,287.75,-0.5067,0.025,9.5214,9.5349,P003_Weight_Stack_Seated_Leg_Extension_Pulling_Too_Fast_1_03.csv
3,5,2,5,1,13.373,13373,-0.58,0.06,10.39,10.4063,-0.0142,0.0109,-0.0131,2.88,-0.88,287.69,-0.5163,0.0296,9.6358,9.6497,P003_Weight_Stack_Seated_Leg_Extension_Pulling_Too_Fast_1_03.csv
3,5,2,5,1,13.546,13546,-0.73,-0.02,9.25,9.2788,0.0098,-0.0164,0.0087,2.88,-0.81,287.69,-0.5445,0.0231,9.585,9.6005,P003_Weight_Stack_Seated_Leg_Extension_Pulling_Too_Fast_1_03.csv
3,5,2,5,1,13.677,13677,-0.58,-0.09,9.23,9.2486,-0.0022,0.0273,-0.0044,2.88,-0.81,287.69,-0.5492,0.0082,9.5382,9.554,P003_Weight_Stack_Seated_Leg_Extension_Pulling_Too_Fast_1_03.csv
3,5,2,5,1,13.81,13810,-0.26,-0.03,9.76,9.7635,-0.0055,0.0022,-0.0087,2.88,-0.75,287.63,-0.5111,0.0032,9.5674,9.5811,P003_Weight_Stack_Seated_Leg_Extension_Pulling_Too_Fast_1_03.csv
3,5,2,5,1,13.944,13944,-0.56,-0.08,9.69,9.7065,0.0,-0.0185,0.0022,2.81,-0.75,287.63,-0.5175,-0.0078,9.5836,9.5976,P003_Weight_Stack_Seated_Leg_Extension_Pulling_Too_Fast_1_03.csv
3,5,2,5,1,14.074,14074,-0.36,-0.09,9.73,9.7371,-0.0022,-0.0022,-0.0055,2.81,-0.75,287.63,-0.4968,-0.0186,9.6029,9.6157,P003_Weight_Stack_Seated_Leg_Extension_Pulling_Too_Fast_1_03.csv
3,5,2,5,1,14.205,14205,-0.54,-0.09,9.96,9.975,-0.0011,-0.0185,-0.0011,2.81,-0.75,287.63,-0.5025,-0.028,9.6499,9.6631,P003_Weight_Stack_Seated_Leg_Extension_Pulling_Too_Fast_1_03.csv
3,5,2,5,1,14.335,14335,-0.46,0.03,9.59,9.6011,-0.0022,0.0567,0.0175,2.75,-0.75,287.69,-0.4969,-0.0204,9.642,9.6549,P003_Weight_Stack_Seated_Leg_Extension_Pulling_Too_Fast_1_03.csv
3,5,2,5,1,14.466,14466,-0.43,-0.24,10.92,10.9311,0.0153,-0.0131,0.0131,2.69,-0.75,287.63,-0.4881,-0.0493,9.8104,9.8227,P003_Weight_Stack_Seated_Leg_Extension_Pulling_Too_Fast_1_03.csv
3,5,2,5,1,14.638,14638,-0.19,-0.29,11.12,11.1254,0.0164,0.0109,0.0109,2.75,-0.75,287.69,-0.4488,-0.081,9.983,9.9934,P003_Weight_Stack_Seated_Leg_Extension_Pulling_Too_Fast_1_03.csv
3,5,2,5,1,14.769,14769,-0.27,-0.84,10.82,10.8559,0.0284,-0.036,0.0109,2.81,-0.81,287.69,-0.4252,-0.1811,10.0933,10.1039,P003_Weight_Stack_Seated_Leg_Extension_Pulling_Too_Fast_1_03.csv
3,5,2,5,1,14.899,14899,-0.39,-0.09,9.22,9.2287,0.0044,-0.0076,-0.0295,2.94,-0.94,287.75,-0.4206,-0.1691,9.9782,9.9885,P003_Weight_Stack_Seated_Leg_Extension_Pulling_Too_Fast_1_03.csv
3,5,2,5,1,15.035,15035,-0.23,0.16,7.65,7.6551,-0.0044,0.0185,-0.0142,2.94,-1.06,287.63,-0.3955,-0.1257,9.6714,9.6803,P003_Weight_Stack_Seated_Leg_Extension_Pulling_Too_Fast_1_03.csv
3,5,2,5,1,15.167,15167,-0.52,-0.17,8.07,8.0885,0.0175,-0.0185,-0.0098,2.88,-1.06,287.63,-0.4119,-0.1315,9.4604,9.4703,P003_Weight_Stack_Seated_Leg_Extension_Pulling_Too_Fast_1_03.csv
3,5,2,5,1,15.297,15297,-0.04,0.13,9.04,9.041,0.0076,-0.0175,-0.0022,2.94,-1.13,287.63,-0.3629,-0.0971,9.405,9.4125,P003_Weight_Stack_Seated_Leg_Extension_Pulling_Too_Fast_1_03.csv
3,6,2,5,1,15.428,15428,-0.69,-0.15,10.14,10.1646,-0.0109,0.0065,0.0185,2.94,-1.06,287.69,-0.406,-0.104,9.5019,9.5111,P003_Weight_Stack_Seated_Leg_Extension_Pulling_Too_Fast_1_03.csv
3,6,2,5,1,15.558,15558,-0.62,-0.15,10.44,10.4595,0.0022,-0.0065,-0.0229,2.94,-1.06,287.69,-0.4342,-0.1101,9.6255,9.6359,P003_Weight_Stack_Seated_Leg_Extension_Pulling_Too_Fast_1_03.csv
3,6,2,5,1,15.731,15731,-0.66,-0.01,8.86,8.8846,0.0076,-0.0011,-0.0131,2.94,-1.06,287.69,-0.4639,-0.0969,9.5246,9.5364,P003_Weight_Stack_Seated_Leg_Extension_Pulling_Too_Fast_1_03.csv
3,6,2,5,1,15.867,15867,-0.44,0.13,8.89,8.9018,0.0044,-0.0022,-0.0109,2.94,-1.0,287.69,-0.4608,-0.067,9.441,9.4525,P003_Weight_Stack_Seated_Leg_Extension_Pulling_Too_Fast_1_03.csv
3,6,2,5,1,15.999,15999,-0.67,-0.5,10.48,10.5133,0.012,0.0076,-0.0011,2.94,-1.0,287.75,-0.4884,-0.1241,9.5779,9.5911,P003_Weight_Stack_Seated_Leg_Extension_Pulling_Too_Fast_1_03.csv
3,6,2,5,1,16.129,16129,-0.27,0.03,10.48,10.4835,-0.0175,-0.0327,-0.0207,2.94,-0.94,287.69,-0.4596,-0.1038,9.6968,9.7082,P003_Weight_Stack_Seated_Leg_Extension_Pulling_Too_Fast_1_03.csv
3,6,2,5,1,16.26,16260,-0.44,0.0,9.64,9.65,0.0055,0.0098,0.0109,2.94,-0.94,287.69,-0.457,-0.0901,9.6893,9.7005,P003_Weight_Stack_Seated_Leg_Extension_Pulling_Too_Fast_1_03.csv
3,6,2,5,1,16.39,16390,-0.49,-0.13,9.65,9.6633,0.0044,0.0098,0.0044,2.94,-0.94,287.63,-0.4613,-0.0953,9.6841,9.6956,P003_Weight_Stack_Seated_Leg_Extension_Pulling_Too_Fast_1_03.csv
3,6,2,5,1,16.521,16521,-0.62,-0.04,9.89,9.9095,-0.0022,-0.0065,-0.0022,2.94,-0.94,287.63,-0.4823,-0.0881,9.7112,9.7236,P003_Weight_Stack_Seated_Leg_Extension_Pulling_Too_Fast_1_03.csv
3,6,2,5,1,16.651,16651,-0.51,-0.1,9.62,9.634,0.0011,0.0011,-0.0022,2.88,-0.88,287.63,-0.4859,-0.0896,9.6992,9.7118,P003_Weight_Stack_Seated_Leg_Extension_Pulling_Too_Fast_1_03.csv
3,6,2,5,1,16.824,16824,-0.48,-0.09,9.91,9.922,-0.0022,0.0055,-0.0011,2.88,-0.88,287.63,-0.4851,-0.0897,9.727,9.7395,P003_Weight_Stack_Seated_Leg_Extension_Pulling_Too_Fast_1_03.csv
3,6,2,5,1,16.954,16954,-0.45,-0.07,10.07,10.0803,-0.0011,0.0011,-0.0033,2.88,-0.88,287.63,-0.4805,-0.0871,9.7722,9.7844,P003_Weight_Stack_Seated_Leg_Extension_Pulling_Too_Fast_1_03.csv
3,6,2,5,1,17.085,17085,-0.35,0.03,10.53,10.5359,0.0109,0.0371,0.0033,2.88,-0.88,287.63,-0.4633,-0.0717,9.8721,9.8832,P003_Weight_Stack_Seated_Leg_Extension_Pulling_Too_Fast_1_03.csv
3,6,2,5,1,17.215,17215,-0.47,0.2,11.27,11.2816,-0.0109,0.0011,-0.0055,2.81,-0.88,287.69,-0.4642,-0.0359,10.0563,10.067,P003_Weight_Stack_Seated_Leg_Extension_Pulling_Too_Fast_1_03.csv
3,6,2,5,1,17.351,17351,-0.6,-0.1,11.55,11.566,0.0153,0.0011,0.0044,2.88,-0.94,287.69,-0.4821,-0.0443,10.2531,10.2645,P003_Weight_Stack_Seated_Leg_Extension_Pulling_Too_Fast_1_03.csv
3,6,2,5,1,17.481,17481,-0.74,0.19,10.49,10.5178,0.0316,-0.024,0.0,3.0,-1.06,287.69,-0.5161,-0.0134,10.2843,10.2973,P003_Weight_Stack_Seated_Leg_Extension_Pulling_Too_Fast_1_03.csv
3,6,2,5,1,17.613,17613,0.5,-0.85,8.1,8.1598,0.0055,0.0131,0.0,3.0,-1.19,287.63,-0.3822,-0.1237,9.9965,10.0046,P003_Weight_Stack_Seated_Leg_Extension_Pulling_Too_Fast_1_03.csv
3,6,2,5,1,17.743,17743,-0.34,-0.23,7.25,7.2616,-0.0087,0.0033,-0.0098,2.94,-1.25,287.63,-0.3766,-0.1377,9.6346,9.6429,P003_Weight_Stack_Seated_Leg_Extension_Pulling_Too_Fast_1_03.csv
3,6,2,5,1,17.916,17916,-0.77,0.53,9.18,9.2275,-0.0055,0.0185,0.0,3.0,-1.25,287.63,-0.4285,-0.0497,9.5747,9.5844,P003_Weight_Stack_Seated_Leg_Extension_Pulling_Too_Fast_1_03.csv
3,6,2,5,1,18.049,18049,-0.6,-0.01,9.99,10.008,-0.0055,0.0011,-0.0175,3.0,-1.25,287.63,-0.4511,-0.0445,9.6294,9.6401,P003_Weight_Stack_Seated_Leg_Extension_Pulling_Too_Fast_1_03.csv
3,6,2,5,1,18.18,18180,-0.81,-0.53,10.25,10.2956,0.0044,-0.012,0.024,3.0,-1.19,287.69,-0.4984,-0.1084,9.7112,9.7246,P003_Weight_Stack_Seated_Leg_Extension_Pulling_Too_Fast_1_03.csv
3,6,2,5,1,18.314,18314,0.04,0.03,10.64,10.6401,-0.0044,0.0087,-0.024,3.0,-1.19,287.69,-0.4274,-0.0902,9.8336,9.8433,P003_Weight_Stack_Seated_Leg_Extension_Pulling_Too_Fast_1_03.csv
3,6,2,5,1,18.445,18445,-1.12,0.14,10.22,10.2821,0.0065,-0.048,0.0404,3.0,-1.13,287.75,-0.5187,-0.0599,9.8845,9.8983,P003_Weight_Stack_Seated_Leg_Extension_Pulling_Too_Fast_1_03.csv
3,6,2,5,1,18.576,18576,-0.21,0.23,10.89,10.8945,-0.0142,0.0153,-0.0284,3.0,-1.13,287.69,-0.478,-0.0217,10.017,10.0284,P003_Weight_Stack_Seated_Leg_Extension_Pulling_Too_Fast_1_03.csv
3,7,2,5,1,18.706,18706,-0.35,-0.09,9.99,9.9965,0.0164,0.0055,0.0218,3.0,-1.13,287.69,-0.4611,-0.0307,10.0134,10.0241,P003_Weight_Stack_Seated_Leg_Extension_Pulling_Too_Fast_1_03.csv
3,7,2,5,1,18.836,18836,-0.46,-0.04,9.52,9.5312,-0.0044,0.0207,-0.012,3.0,-1.06,287.69,-0.461,-0.0319,9.9484,9.9591,P003_Weight_Stack_Seated_Leg_Extension_Pulling_Too_Fast_1_03.csv
3,7,2,5,1,19.009,19009,-0.41,-0.07,9.98,9.9887,0.0011,0.0044,-0.0022,3.0,-1.06,287.69,-0.4543,-0.0369,9.9526,9.963,P003_Weight_Stack_Seated_Leg_Extension_Pulling_Too_Fast_1_03.csv
3,7,2,5,1,19.143,19143,-0.43,-0.01,10.13,10.1391,-0.0022,0.0065,0.0022,3.0,-1.06,287.69,-0.4511,-0.0334,9.976,9.9862,P003_Weight_Stack_Seated_Leg_Extension_Pulling_Too_Fast_1_03.csv
3,7,2,5,1,19.277,19277,-0.56,-0.03,9.74,9.7561,-0.0033,0.0044,-0.0022,3.0,-1.06,287.69,-0.4654,-0.0329,9.9449,9.9558,P003_Weight_Stack_Seated_Leg_Extension_Pulling_Too_Fast_1_03.csv
3,7,2,5,1,19.407,19407,-0.49,-0.04,9.79,9.8023,-0.0055,0.0,-0.0022,3.0,-1.06,287.69,-0.4687,-0.0339,9.9245,9.9356,P003_Weight_Stack_Seated_Leg_Extension_Pulling_Too_Fast_1_03.csv
3,7,2,5,1,19.557,19557,-0.48,-0.08,10.15,10.1617,-0.0022,0.0011,-0.0022,3.0,-1.06,287.69,-0.4702,-0.0399,9.9542,9.9654,P003_Weight_Stack_Seated_Leg_Extension_Pulling_Too_Fast_1_03.csv
3,7,2,5,1,19.688,19688,-0.48,-0.07,9.95,9.9618,-0.0033,-0.0033,-0.0011,3.0,-1.06,287.69,-0.4715,-0.0439,9.9536,9.9649,P003_Weight_Stack_Seated_Leg_Extension_Pulling_Too_Fast_1_03.csv
3,7,2,5,1,19.818,19818,-0.57,-0.19,11.99,12.005,0.0033,-0.0044,-0.0022,2.94,-1.0,287.69,-0.4844,-0.0632,10.222,10.2336,P003_Weight_Stack_Seated_Leg_Extension_Pulling_Too_Fast_1_03.csv
3,7,2,5,1,19.949,19949,-0.17,-0.74,11.48,11.5051,0.0175,0.0044,0.0087,2.94,-1.06,287.69,-0.443,-0.1523,10.3877,10.3983,P003_Weight_Stack_Seated_Leg_Extension_Pulling_Too_Fast_1_03.csv
3,7,2,5,1,20.124,20124,1.11,-2.01,8.33,8.6407,0.06,0.0404,-0.0044,3.06,-1.19,287.69,-0.2384,-0.3971,10.1166,10.1272,P003_Weight_Stack_Seated_Leg_Extension_Pulling_Too_Fast_1_03.csv
3,7,2,5,1,20.259,20259,0.02,-0.11,6.34,6.341,0.0033,0.0022,-0.0076,3.13,-1.31,287.69,-0.2043,-0.3593,9.6189,9.6278,P003_Weight_Stack_Seated_Leg_Extension_Pulling_Too_Fast_1_03.csv
3,7,2,5,1,20.39,20390,-0.66,-0.1,7.0,7.0318,-0.0022,0.0044,0.0185,3.06,-1.31,287.63,-0.2644,-0.3251,9.2738,9.2833,P003_Weight_Stack_Seated_Leg_Extension_Pulling_Too_Fast_1_03.csv
3,7,2,5,1,20.52,20520,-0.7,-0.35,8.94,8.9742,0.0415,-0.0305,-0.0131,3.13,-1.38,287.63,-0.3218,-0.3284,9.2298,9.2413,P003_Weight_Stack_Seated_Leg_Extension_Pulling_Too_Fast_1_03.csv
3,7,2,5,1,20.65,20650,-1.0,-0.26,9.6,9.6554,0.0055,-0.0055,0.0338,3.13,-1.31,287.69,-0.4111,-0.3194,9.2786,9.2932,P003_Weight_Stack_Seated_Leg_Extension_Pulling_Too_Fast_1_03.csv
3,7,2,5,1,20.781,20781,-0.38,-0.05,10.72,10.7268,-0.0044,0.0044,-0.012,3.13,-1.25,287.69,-0.407,-0.2839,9.4685,9.4815,P003_Weight_Stack_Seated_Leg_Extension_Pulling_Too_Fast_1_03.csv
3,7,2,5,1,20.911,20911,-0.01,-0.81,9.62,9.654,-0.0044,0.0164,-0.0055,3.06,-1.25,287.69,-0.3547,-0.3532,9.4885,9.5017,P003_Weight_Stack_Seated_Leg_Extension_Pulling_Too_Fast_1_03.csv
3,7,2,5,1,21.041,21041,-0.91,-0.43,9.98,10.0306,-0.0055,0.0131,0.0011,3.13,-1.25,287.69,-0.4279,-0.3633,9.5533,9.5698,P003_Weight_Stack_Seated_Leg_Extension_Pulling_Too_Fast_1_03.csv
3,7,2,5,1,21.214,21214,-0.41,-0.11,9.81,9.8192,0.012,-0.0087,0.0087,3.06,-1.25,287.69,-0.4255,-0.33,9.5871,9.6022,P003_Weight_Stack_Seated_Leg_Extension_Pulling_Too_Fast_1_03.csv
3,7,2,5,1,21.346,21346,-0.91,-0.19,9.29,9.3364,0.0033,-0.0033,0.0087,3.13,-1.19,287.69,-0.4894,-0.3115,9.548,9.5656,P003_Weight_Stack_Seated_Leg_Extension_Pulling_Too_Fast_1_03.csv
3,7,2,5,1,21.481,21481,-0.38,-0.31,8.85,8.8636,0.0,-0.0076,0.0011,3.06,-1.19,287.69,-0.475,-0.3113,9.456,9.473,P003_Weight_Stack_Seated_Leg_Extension_Pulling_Too_Fast_1_03.csv
3,7,2,5,1,21.612,21612,-0.48,-0.06,9.15,9.1628,0.0,0.0142,-0.0033,3.06,-1.19,287.69,-0.4756,-0.2782,9.4157,9.4318,P003_Weight_Stack_Seated_Leg_Extension_Pulling_Too_Fast_1_03.csv
3,7,2,5,1,21.743,21743,-0.44,-0.1,9.36,9.3709,-0.0033,-0.0022,-0.0022,3.06,-1.19,287.69,-0.4709,-0.2547,9.4083,9.4235,P003_Weight_Stack_Seated_Leg_Extension_Pulling_Too_Fast_1_03.csv
3,7,2,5,1,21.873,21873,-0.4,-0.08,10.18,10.1882,0.0,-0.0022,-0.0011,3.06,-1.19,287.69,-0.4616,-0.2317,9.51,9.524,P003_Weight_Stack_Seated_Leg_Extension_Pulling_Too_Fast_1_03.csv
3,7,2,5,1,22.004,22004,-0.5,-0.05,10.14,10.1524,-0.0022,-0.0033,0.0,3.06,-1.19,287.69,-0.4666,-0.2077,9.593,9.6066,P003_Weight_Stack_Seated_Leg_Extension_Pulling_Too_Fast_1_03.csv
3,7,2,5,1,22.134,22134,-0.44,-0.08,9.9,9.9101,0.0011,-0.0022,-0.0022,3.0,-1.19,287.69,-0.4631,-0.1909,9.6335,9.6465,P003_Weight_Stack_Seated_Leg_Extension_Pulling_Too_Fast_1_03.csv
3,7,2,5,1,22.307,22307,-0.44,-0.02,10.02,10.0297,-0.0011,0.0011,0.0,3.0,-1.19,287.69,-0.4601,-0.1684,9.6844,9.6968,P003_Weight_Stack_Seated_Leg_Extension_Pulling_Too_Fast_1_03.csv
3,7,2,5,1,22.438,22438,-0.55,-0.07,10.27,10.285,0.0022,-0.0011,0.0,3.0,-1.13,287.69,-0.4719,-0.1554,9.7616,9.7742,P003_Weight_Stack_Seated_Leg_Extension_Pulling_Too_Fast_1_03.csv
3,7,2,5,1,22.57,22570,-0.5,-0.02,11.34,11.351,0.0044,-0.0044,0.0033,3.0,-1.13,287.69,-0.4756,-0.1376,9.9696,9.9819,P003_Weight_Stack_Seated_Leg_Extension_Pulling_Too_Fast_1_03.csv
3,7,2,5,1,22.704,22704,-0.66,1.31,11.16,11.256,-0.0044,-0.0033,0.0033,3.0,-1.19,287.69,-0.4999,0.0532,10.1264,10.1389,P003_Weight_Stack_Seated_Leg_Extension_Pulling_Too_Fast_1_03.csv
3,7,2,5,1,22.836,22836,0.0,0.13,11.64,11.6407,-0.0425,-0.012,-0.0393,3.06,-1.25,287.69,-0.434,0.0633,10.3259,10.3352,P003_Weight_Stack_Seated_Leg_Extension_Pulling_Too_Fast_1_03.csv
3,8,2,5,1,22.966,22966,-1.2,0.46,6.87,6.9892,0.0065,0.0262,-0.0055,3.13,-1.44,287.69,-0.535,0.1156,9.8705,9.8857,P003_Weight_Stack_Seated_Leg_Extension_Pulling_Too_Fast_1_03.csv
3,8,2,5,1,23.096,23096,-0.19,0.55,5.81,5.8391,-0.0022,0.0207,-0.0033,3.0,-1.44,287.63,-0.4895,0.1728,9.3354,9.3498,P003_Weight_Stack_Seated_Leg_Extension_Pulling_Too_Fast_1_03.csv
3,8,2,5,1,23.226,23226,-0.27,0.27,7.67,7.6795,-0.0131,-0.0098,0.0284,3.13,-1.44,287.63,-0.4606,0.1856,9.116,9.1295,P003_Weight_Stack_Seated_Leg_Extension_Pulling_Too_Fast_1_03.csv
3,8,2,5,1,23.399,23399,-0.59,0.26,9.08,9.1029,-0.0131,-0.0011,0.0175,3.13,-1.38,287.63,-0.4776,0.1954,9.1112,9.1258,P003_Weight_Stack_Seated_Leg_Extension_Pulling_Too_Fast_1_03.csv
3,8,2,5,1,23.533,23533,-0.58,0.14,11.53,11.5454,-0.0044,-0.0076,-0.0251,3.19,-1.38,287.63,-0.4911,0.1881,9.43,9.4446,P003_Weight_Stack_Seated_Leg_Extension_Pulling_Too_Fast_1_03.csv
3,8,2,5,1,23.667,23667,-0.43,0.02,9.12,9.1302,-0.0185,0.0295,0.0055,3.13,-1.31,287.69,-0.4831,0.166,9.3891,9.403,P003_Weight_Stack_Seated_Leg_Extension_Pulling_Too_Fast_1_03.csv
3,8,2,5,1,23.797,23797,-0.24,-0.37,11.9,11.9082,-0.0218,-0.0055,0.012,3.13,-1.31,287.69,-0.451,0.0953,9.72,9.7309,P003_Weight_Stack_Seated_Leg_Extension_Pulling_Too_Fast_1_03.csv
3,8,2,5,1,23.928,23928,-0.42,0.12,10.24,10.2493,-0.0076,0.0044,0.0098,3.19,-1.31,287.63,-0.447,0.0986,9.7885,9.7992,P003_Weight_Stack_Seated_Leg_Extension_Pulling_Too_Fast_1_03.csv
3,8,2,5,1,24.058,24058,-0.8,0.03,8.26,8.2987,0.0065,0.0033,0.0098,3.19,-1.31,287.69,-0.4935,0.0896,9.5871,9.6002,P003_Weight_Stack_Seated_Leg_Extension_Pulling_Too_Fast_1_03.csv
3,8,2,5,1,24.189,24189,-0.43,-0.03,8.89,8.9004,-0.0044,0.0033,0.0022,3.13,-1.31,287.69,-0.4851,0.0738,9.4952,9.5079,P003_Weight_Stack_Seated_Leg_Extension_Pulling_Too_Fast_1_03.csv
3,8,2,5,1,24.319,24319,-0.56,-0.13,9.05,9.0682,-0.0022,0.012,-0.0022,3.13,-1.31,287.69,-0.495,0.0469,9.4366,9.4497,P003_Weight_Stack_Seated_Leg_Extension_Pulling_Too_Fast_1_03.csv
3,8,2,5,1,24.492,24492,-0.47,-0.02,9.7,9.7114,-0.0022,0.0087,-0.0033,3.13,-1.31,287.69,-0.4917,0.0381,9.4713,9.4841,P003_Weight_Stack_Seated_Leg_Extension_Pulling_Too_Fast_1_03.csv
3,8,2,5,1,24.622,24622,-0.5,-0.07,10.66,10.6719,-0.0033,-0.0011,-0.0011,3.13,-1.31,287.69,-0.4928,0.0239,9.6279,9.6406,P003_Weight_Stack_Seated_Leg_Extension_Pulling_Too_Fast_1_03.csv
3,8,2,5,1,24.756,24756,-0.57,-0.01,10.37,10.3857,-0.0011,0.0,0.0011,3.13,-1.31,287.69,-0.503,0.0194,9.7257,9.7387,P003_Weight_Stack_Seated_Leg_Extension_Pulling_Too_Fast_1_03.csv
3,8,2,5,1,24.89,24890,-0.46,-0.05,9.95,9.9608,0.0,0.0022,-0.0011,3.13,-1.31,287.69,-0.4973,0.0103,9.7553,9.7679,P003_Weight_Stack_Seated_Leg_Extension_Pulling_Too_Fast_1_03.csv
3,8,2,5,1,25.021,25021,-0.47,-0.05,9.89,9.9013,0.0033,0.0,-0.0022,3.13,-1.25,287.69,-0.4937,0.0023,9.773,9.7855,P003_Weight_Stack_Seated_Leg_Extension_Pulling_Too_Fast_1_03.csv
3,8,2,5,1,25.151,25151,-0.51,-0.2,10.5,10.5143,-0.0011,0.0011,0.0011,3.06,-1.19,287.69,-0.4958,-0.0243,9.8688,9.8813,P003_Weight_Stack_Seated_Leg_Extension_Pulling_Too_Fast_1_03.csv
3,8,2,5,1,25.281,25281,-0.55,-0.04,11.14,11.1536,0.0033,-0.0044,0.0055,3.06,-1.19,287.69,-0.503,-0.0264,10.0363,10.049,P003_Weight_Stack_Seated_Leg_Extension_Pulling_Too_Fast_1_03.csv
3,8,2,5,1,25.411,25411,-0.62,-0.61,11.04,11.0742,0.0185,-0.0218,0.0044,3.06,-1.25,287.69,-0.5184,-0.1033,10.1686,10.1823,P003_Weight_Stack_Seated_Leg_Extension_Pulling_Too_Fast_1_03.csv
3,8,2,5,1,25.584,25584,-0.29,1.15,10.03,10.0999,0.036,0.0764,-0.0153,3.19,-1.38,287.69,-0.4883,0.0618,10.1503,10.1622,P003_Weight_Stack_Seated_Leg_Extension_Pulling_Too_Fast_1_03.csv
3,8,2,5,1,25.716,25716,-0.52,-0.22,8.01,8.0299,0.012,0.0011,-0.0055,3.19,-1.5,287.69,-0.4925,0.0247,9.8683,9.8806,P003_Weight_Stack_Seated_Leg_Extension_Pulling_Too_Fast_1_03.csv
3,8,2,5,1,25.847,25847,-0.57,-0.08,6.92,6.9439,-0.0055,0.0022,0.0207,3.19,-1.56,287.63,-0.5027,0.0109,9.4798,9.4931,P003_Weight_Stack_Seated_Leg_Extension_Pulling_Too_Fast_1_03.csv
3,8,2,5,1,25.982,25982,-0.15,-0.58,8.78,8.8004,-0.0022,-0.0076,-0.0207,3.13,-1.56,287.63,-0.4562,-0.067,9.3876,9.3989,P003_Weight_Stack_Seated_Leg_Extension_Pulling_Too_Fast_1_03.csv
3,8,2,5,1,26.113,26113,-0.08,-0.12,9.26,9.2611,-0.0076,0.0033,-0.0153,3.19,-1.5,287.69,-0.4066,-0.0739,9.3708,9.3799,P003_Weight_Stack_Seated_Leg_Extension_Pulling_Too_Fast_1_03.csv
3,8,2,5,1,26.244,26244,-1.98,1.59,3.76,4.5372,0.0807,-0.0098,-0.1222,3.25,-1.25,287.75,-0.614,0.1453,8.6314,8.6544,P003_Weight_Stack_Seated_Leg_Extension_Pulling_Too_Fast_1_03.csv
3,8,2,5,1,26.374,26374,5.54,2.42,0.21,6.0491,0.3283,-0.0524,-0.1254,2.81,-0.88,287.81,0.197,0.4451,7.5217,7.5374,P003_Weight_Stack_Seated_Leg_Extension_Pulling_Too_Fast_1_03.csv
3,8,2,5,1,26.504,26504,-0.35,0.63,6.21,6.2517,-0.0229,-0.0382,0.0513,3.06,-1.31,287.75,0.1249,0.4694,7.3488,7.3649,P003_Weight_Stack_Seated_Leg_Extension_Pulling_Too_Fast_1_03.csv
3,8,2,5,1,26.677,26677,-0.79,-1.38,3.68,4.0089,-0.0513,0.0567,0.0305,3.0,-1.25,287.75,0.0043,0.2257,6.8654,6.8691,P003_Weight_Stack_Seated_Leg_Extension_Pulling_Too_Fast_1_03.csv
3,8,2,5,1,26.808,26808,-1.33,-0.98,6.24,6.455,-0.0131,0.0262,0.0425,3.06,-1.25,287.63,-0.1715,0.0668,6.783,6.7855,P003_Weight_Stack_Seated_Leg_Extension_Pulling_Too_Fast_1_03.csv
3,8,2,5,1,26.938,26938,-0.09,-0.29,9.42,9.4249,0.036,-0.0142,-0.0785,3.06,-1.25,287.63,-0.1608,0.0198,7.1305,7.1323,P003_Weight_Stack_Seated_Leg_Extension_Pulling_Too_Fast_1_03.csv
3,8,2,5,1,27.074,27074,-0.56,0.1,9.57,9.5869,-0.0022,-0.0022,0.0,3.0,-1.25,287.63,-0.2134,0.0304,7.4519,7.455,P003_Weight_Stack_Seated_Leg_Extension_Pulling_Too_Fast_1_03.csv
3,8,2,5,1,27.204,27204,-0.5,-0.27,9.7,9.7166,0.0273,-0.0131,0.0371,3.0,-1.25,287.63,-0.2511,-0.0092,7.7482,7.7522,P003_Weight_Stack_Seated_Leg_Extension_Pulling_Too_Fast_1_03.csv
3,8,2,5,1,27.336,27336,-0.58,0.14,9.78,9.7982,0.0284,-0.0033,0.0185,3.19,-1.38,287.88,-0.2945,0.0105,8.0159,8.0213,P003_Weight_Stack_Seated_Leg_Extension_Pulling_Too_Fast_1_03.csv
3,8,2,5,1,27.466,27466,-0.35,-0.07,9.77,9.7765,0.0044,-0.0087,-0.0022,3.13,-1.31,287.88,-0.3018,-0.0001,8.2471,8.2526,P003_Weight_Stack_Seated_Leg_Extension_Pulling_Too_Fast_1_03.csv
3,8,2,5,1,27.597,27597,-0.47,-0.04,9.8,9.8113,0.0131,-0.0295,0.0076,3.19,-1.31,287.88,-0.324,-0.0054,8.4517,8.4579,P003_Weight_Stack_Seated_Leg_Extension_Pulling_Too_Fast_1_03.csv
3,8,2,5,1,27.77,27770,-0.54,-0.03,9.46,9.4754,-0.0011,0.012,0.0022,3.25,-1.25,287.88,-0.3524,-0.0086,8.5846,8.5918,P003_Weight_Stack_Seated_Leg_Extension_Pulling_Too_Fast_1_03.csv
3,8,2,5,1,27.901,27901,-0.44,0.03,9.75,9.76,-0.0044,0.0022,-0.0022,2.75,-0.88,287.75,-0.364,-0.0035,8.7381,8.7457,P003_Weight_Stack_Seated_Leg_Extension_Pulling_Too_Fast_1_03.csv
3,8,2,5,1,28.031,28031,-0.44,-0.03,9.72,9.73,-0.0011,-0.0033,-0.0011,2.75,-0.81,287.75,-0.374,-0.007,8.8675,8.8754,P003_Weight_Stack_Seated_Leg_Extension_Pulling_Too_Fast_1_03.csv
3,8,2,5,1,28.162,28162,-0.5,0.01,9.8,9.8128,0.0011,0.0,-0.0011,2.75,-0.81,287.75,-0.3906,-0.0048,8.9904,8.9989,P003_Weight_Stack_Seated_Leg_Extension_Pulling_Too_Fast_1_03.csv
3,8,2,5,1,28.298,28298,-0.41,-0.02,9.78,9.7886,0.0011,-0.0011,0.0011,2.75,-0.75,287.75,-0.3931,-0.0068,9.0944,9.1029,P003_Weight_Stack_Seated_Leg_Extension_Pulling_Too_Fast_1_03.csv
3,8,2,5,1,28.429,28429,-0.49,-0.02,9.76,9.7723,0.0,-0.0022,0.0011,2.75,-0.75,287.75,-0.4059,-0.0085,9.1822,9.1911,P003_Weight_Stack_Seated_Leg_Extension_Pulling_Too_Fast_1_03.csv
3,8,2,5,1,28.559,28559,-0.55,-0.63,9.8,9.8356,0.1069,-0.0807,-0.0175,2.88,-0.88,287.75,-0.4249,-0.0904,9.2636,9.2737,P003_Weight_Stack_Seated_Leg_Extension_Pulling_Too_Fast_1_03.csv
4,1,2,5,1,0.0,0,0.06,-0.37,9.8,9.8072,0.0011,0.0011,-0.0022,-0.25,-2.38,321.38,0.0592,-0.3713,9.7838,9.791,P004_Weight_Stack_Seated_Leg_Extension_Pulling_Too_Fast_1_01.csv
4,1,2,5,1,0.13,130,0.06,-0.37,9.81,9.8172,-0.0011,-0.0044,0.0,-0.25,-2.38,321.38,0.0593,-0.3711,9.7873,9.7945,P004_Weight_Stack_Seated_Leg_Extension_Pulling_Too_Fast_1_01.csv
4,1,2,5,1,0.261,261,0.09,-0.36,9.83,9.837,0.0,0.0011,-0.0011,-0.25,-2.38,321.38,0.0634,-0.3696,9.7929,9.8001,P004_Weight_Stack_Seated_Leg_Extension_Pulling_Too_Fast_1_01.csv
4,1,2,5,1,0.433,433,0.06,-0.36,9.82,9.8268,0.0,-0.0022,0.0011,-0.25,-2.38,321.38,0.0629,-0.3684,9.7965,9.8036,P004_Weight_Stack_Seated_Leg_Extension_Pulling_Too_Fast_1_01.csv
4,1,2,5,1,0.564,564,0.06,-0.36,9.83,9.8368,-0.0022,0.0022,0.0022,-0.25,-2.38,321.38,0.0626,-0.3673,9.8009,9.808,P004_Weight_Stack_Seated_Leg_Extension_Pulling_Too_Fast_1_01.csv
4,1,2,5,1,0.694,694,0.05,-0.36,9.84,9.8467,-0.0033,-0.0011,0.0011,-0.25,-2.38,321.38,0.0609,-0.3663,9.806,9.8131,P004_Weight_Stack_Seated_Leg_Extension_Pulling_Too_Fast_1_01.csv
4,1,2,5,1,0.826,826,0.05,-0.37,9.82,9.8271,0.0,0.0011,-0.0011,-0.25,-2.38,321.38,0.0595,-0.3668,9.8079,9.8149,P004_Weight_Stack_Seated_Leg_Extension_Pulling_Too_Fast_1_01.csv
4,1,2,5,1,0.961,961,0.06,-0.34,9.8,9.8061,0.0,-0.0022,0.0,-0.25,-2.38,321.38,0.0595,-0.3633,9.8068,9.8137,P004_Weight_Stack_Seated_Leg_Extension_Pulling_Too_Fast_1_01.csv
4,1,2,5,1,1.092,1092,0.07,-0.37,9.84,9.8472,0.0,0.0,0.0011,-0.25,-2.38,321.38,0.0609,-0.3641,9.8112,9.8182,P004_Weight_Stack_Seated_Leg_Extension_Pulling_Too_Fast_1_01.csv
4,1,2,5,1,1.223,1223,0.08,-0.36,9.83,9.8369,0.0011,-0.0033,0.0,-0.25,-2.38,321.38,0.0634,-0.3636,9.8137,9.8206,P004_Weight_Stack_Seated_Leg_Extension_Pulling_Too_Fast_1_01.csv
4,1,2,5,1,1.353,1353,0.05,-0.36,9.83,9.8367,0.0,0.0011,0.0,-0.25,-2.38,321.38,0.0617,-0.3631,9.8158,9.8227,P004_Weight_Stack_Seated_Leg_Extension_Pulling_Too_Fast_1_01.csv
4,1,2,5,1,1.526,1526,0.29,-0.39,13.73,13.7386,0.0044,-0.0022,0.0011,-0.25,-2.38,321.38,0.0917,-0.3667,10.3316,10.3385,P004_Weight_Stack_Seated_Leg_Extension_Pulling_Too_Fast_1_01.csv
4,1,2,5,1,1.657,1657,-0.08,-0.37,12.25,12.2558,0.0153,0.0033,0.0207,-0.19,-2.44,321.38,0.0691,-0.3671,10.5844,10.591,P004_Weight_Stack_Seated_Leg_Extension_Pulling_Too_Fast_1_01.csv
4,1,2,5,1,1.793,1793,-0.29,0.03,10.5,10.504,0.012,-0.0393,0.0109,-0.13,-2.5,321.44,0.0218,-0.3148,10.5733,10.578,P004_Weight_Stack_Seated_Leg_Extension_Pulling_Too_Fast_1_01.csv
4,1,2,5,1,1.923,1923,-0.54,-0.71,8.7,8.7456,-0.0185,-0.024,0.0131,-0.06,-2.63,321.44,-0.0522,-0.3669,10.3264,10.3331,P004_Weight_Stack_Seated_Leg_Extension_Pulling_Too_Fast_1_01.csv
4,1,2,5,1,2.055,2055,-0.38,0.5,8.85,8.8723,0.0022,0.0044,0.0098,-0.06,-2.63,321.44,-0.0954,-0.2526,10.1319,10.1355,P004_Weight_Stack_Seated_Leg_Extension_Pulling_Too_Fast_1_01.csv
4,1,2,5,1,2.185,2185,0.07,-0.57,7.75,7.7712,0.0011,0.0033,-0.0065,-0.13,-2.69,321.38,-0.0736,-0.2944,9.818,9.8227,P004_Weight_Stack_Seated_Leg_Extension_Pulling_Too_Fast_1_01.csv
4,1,2,5,1,2.316,2316,0.2,-0.34,8.72,8.7289,-0.0055,0.0011,0.0,-0.13,-2.69,321.38,-0.0376,-0.3005,9.6733,9.6781,P004_Weight_Stack_Seated_Leg_Extension_Pulling_Too_Fast_1_01.csv
4,1,2,5,1,2.446,2446,0.11,-0.57,9.58,9.5976,-0.0175,-0.0098,0.0033,-0.13,-2.63,321.44,-0.0181,-0.336,9.661,9.6669,P004_Weight_Stack_Seated_Leg_Extension_Pulling_Too_Fast_1_01.csv
4,2,2,5,1,2.619,2619,-0.28,-0.67,10.72,10.7446,0.0044,-0.0022,0.0109,-0.13,-2.63,321.44,-0.0526,-0.38,9.8006,9.8081,P004_Weight_Stack_Seated_Leg_Extension_Pulling_Too_Fast_1_01.csv
4,2,2,5,1,2.749,2749,-0.13,-0.22,10.31,10.3132,-0.0076,-0.0185,-0.0131,-0.06,-2.56,321.44,-0.0628,-0.3589,9.8677,9.8744,P004_Weight_Stack_Seated_Leg_Extension_Pulling_Too_Fast_1_01.csv
4,2,2,5,1,2.88,2880,0.02,-0.39,9.92,9.9277,-0.0033,0.0033,0.0,-0.06,-2.56,321.44,-0.0519,-0.363,9.8746,9.8814,P004_Weight_Stack_Seated_Leg_Extension_Pulling_Too_Fast_1_01.csv
4,2,2,5,1,3.015,3015,0.06,-0.38,9.68,9.6876,-0.0033,0.0055,0.0,-0.06,-2.56,321.44,-0.0372,-0.3652,9.849,9.8558,P004_Weight_Stack_Seated_Leg_Extension_Pulling_Too_Fast_1_01.csv
4,2,2,5,1,3.148,3148,0.05,-0.29,9.7,9.7045,0.0,0.0,-0.0087,-0.06,-2.56,321.44,-0.0257,-0.3553,9.8293,9.8358,P004_Weight_Stack_Seated_Leg_Extension_Pulling_Too_Fast_1_01.csv
4,2,2,5,1,3.278,3278,0.24,-0.5,9.83,9.8456,-0.0087,0.0,-0.0065,-0.06,-2.56,321.44,0.0093,-0.3744,9.8294,9.8365,P004_Weight_Stack_Seated_Leg_Extension_Pulling_Too_Fast_1_01.csv
4,2,2,5,1,3.409,3409,0.09,-0.44,10.1,10.11,-0.0055,0.0055,-0.0044,-0.13,-2.56,321.44,0.02,-0.383,9.8651,9.8725,P004_Weight_Stack_Seated_Leg_Extension_Pulling_Too_Fast_1_01.csv
4,2,2,5,1,3.539,3539,0.1,-0.36,10.1,10.1069,-0.0011,-0.0011,-0.0033,-0.13,-2.5,321.44,0.0305,-0.38,9.896,9.9034,P004_Weight_Stack_Seated_Leg_Extension_Pulling_Too_Fast_1_01.csv
4,2,2,5,1,3.712,3712,-0.01,-0.37,9.84,9.847,-0.0011,-0.0011,0.0,-0.13,-2.5,321.44,0.0252,-0.3787,9.8886,9.8959,P004_Weight_Stack_Seated_Leg_Extension_Pulling_Too_Fast_1_01.csv
4,2,2,5,1,3.842,3842,0.05,-0.36,9.76,9.7668,0.0,0.0022,-0.0033,-0.13,-2.5,321.44,0.0284,-0.3762,9.8717,9.8789,P004_Weight_Stack_Seated_Leg_Extension_Pulling_Too_Fast_1_01.csv
4,2,2,5,1,3.972,3972,-1.04,-0.24,9.41,9.4703,-0.0055,0.0109,0.024,-0.13,-2.5,321.44,-0.1124,-0.3583,9.8109,9.818,P004_Weight_Stack_Seated_Leg_Extension_Pulling_Too_Fast_1_01.csv
4,2,2,5,1,4.102,4102,0.17,-0.27,9.7,9.7052,0.0011,0.0011,-0.0065,-0.13,-2.5,321.44,-0.0751,-0.3466,9.7962,9.8027,P004_Weight_Stack_Seated_Leg_Extension_Pulling_Too_Fast_1_01.csv
4,2,2,5,1,4.232,4232,0.03,-0.3,9.83,9.8346,0.0,-0.0044,0.0033,-0.13,-2.5,321.44,-0.0613,-0.3405,9.8007,9.8068,P004_Weight_Stack_Seated_Leg_Extension_Pulling_Too_Fast_1_01.csv
4,2,2,5,1,4.362,4362,0.76,0.13,9.38,9.4116,-0.1942,0.1538,-0.0371,-0.19,-2.44,321.63,0.0469,-0.2785,9.7453,9.7493,P004_Weight_Stack_Seated_Leg_Extension_Pulling_Too_Fast_1_01.csv
4,2,2,5,1,4.492,4492,0.1,-0.32,9.81,9.8157,0.0,0.0,0.0022,-0.31,-2.19,321.63,0.0539,-0.284,9.7538,9.7581,P004_Weight_Stack_Seated_Leg_Extension_Pulling_Too_Fast_1_01.csv
4,2,2,5,1,4.622,4622,0.05,-0.29,9.83,9.8344,0.0,0.0,0.0,-0.31,-2.19,321.63,0.0534,-0.2848,9.7638,9.7681,P004_Weight_Stack_Seated_Leg_Extension_Pulling_Too_Fast_1_01.csv
4,2,2,5,1,4.795,4795,0.57,0.98,12.36,12.4119,-0.048,0.0556,-0.0982,-0.19,-2.44,321.38,0.1215,-0.1181,10.1059,10.1074,P004_Weight_Stack_Seated_Leg_Extension_Pulling_Too_Fast_1_01.csv
4,2,2,5,1,4.926,4926,-0.3,0.2,13.64,13.6448,0.012,0.0022,-0.012,-0.13,-2.5,321.44,0.0659,-0.0762,10.5716,10.5721,P004_Weight_Stack_Seated_Leg_Extension_Pulling_Too_Fast_1_01.csv
4,2,2,5,1,5.057,5057,0.17,-0.18,11.47,11.4727,0.0022,-0.0033,-0.0142,0.0,-2.56,321.5,0.0797,-0.0899,10.69,10.6907,P004_Weight_Stack_Seated_Leg_Extension_Pulling_Too_Fast_1_01.csv
4,2,2,5,1,5.188,5188,-0.11,-0.28,9.62,9.6247,-0.0055,-0.0044,-0.0305,0.0,-2.63,321.5,0.0547,-0.1149,10.549,10.5498,P004_Weight_Stack_Seated_Leg_Extension_Pulling_Too_Fast_1_01.csv
4,2,2,5,1,5.323,5323,0.04,-0.46,7.92,7.9334,-0.0055,0.0098,0.0284,-0.06,-2.75,321.44,0.0527,-0.1604,10.2026,10.204,P004_Weight_Stack_Seated_Leg_Extension_Pulling_Too_Fast_1_01.csv
4,2,2,5,1,5.454,5454,0.33,-0.27,7.32,7.3324,0.0087,-0.0098,-0.0273,-0.13,-2.75,321.38,0.0893,-0.1748,9.8227,9.8247,P004_Weight_Stack_Seated_Leg_Extension_Pulling_Too_Fast_1_01.csv
4,2,2,5,1,5.584,5584,0.2,-0.46,8.96,8.974,-0.0044,-0.0011,0.0295,-0.06,-2.69,321.44,0.1039,-0.2124,9.709,9.7119,P004_Weight_Stack_Seated_Leg_Extension_Pulling_Too_Fast_1_01.csv
4,3,2,5,1,5.73,5730,-0.42,-0.49,10.87,10.8891,0.0011,-0.012,0.0,-0.06,-2.63,321.44,0.0348,-0.249,9.862,9.8652,P004_Weight_Stack_Seated_Leg_Extension_Pulling_Too_Fast_1_01.csv
4,3,2,5,1,5.905,5905,0.1,-0.39,10.31,10.3179,0.0,0.0011,-0.0076,-0.06,-2.63,321.44,0.0434,-0.2676,9.9211,9.9248,P004_Weight_Stack_Seated_Leg_Extension_Pulling_Too_Fast_1_01.csv
4,3,2,5,1,6.036,6036,0.11,-0.38,9.84,9.8479,-0.0011,-0.0011,0.0022,-0.06,-2.63,321.44,0.0522,-0.2824,9.9104,9.9145,P004_Weight_Stack_Seated_Leg_Extension_Pulling_Too_Fast_1_01.csv
4,3,2,5,1,6.166,6166,-0.02,-0.42,9.69,9.6991,-0.0055,-0.0011,0.0065,-0.06,-2.56,321.44,0.0427,-0.3005,9.8813,9.886,P004_Weight_Stack_Seated_Leg_Extension_Pulling_Too_Fast_1_01.csv
4,3,2,5,1,6.296,6296,0.01,-0.37,9.7,9.7071,-0.0033,0.0011,-0.0065,-0.06,-2.56,321.44,0.0384,-0.3097,9.8574,9.8624,P004_Weight_Stack_Seated_Leg_Extension_Pulling_Too_Fast_1_01.csv
4,3,2,5,1,6.427,6427,0.02,-0.4,9.72,9.7282,0.0011,0.0011,0.0022,-0.06,-2.56,321.44,0.036,-0.3216,9.8393,9.8447,P004_Weight_Stack_Seated_Leg_Extension_Pulling_Too_Fast_1_01.csv
4,3,2,5,1,6.557,6557,0.0,-0.35,9.62,9.6264,-0.0033,0.0011,-0.0044,-0.06,-2.56,321.44,0.0312,-0.3253,9.8104,9.8159,P004_Weight_Stack_Seated_Leg_Extension_Pulling_Too_Fast_1_01.csv
4,3,2,5,1,6.707,6707,0.12,-0.44,9.63,9.6408,-0.0033,0.0087,-0.0065,-0.06,-2.56,321.44,0.0429,-0.3404,9.7867,9.7927,P004_Weight_Stack_Seated_Leg_Extension_Pulling_Too_Fast_1_01.csv
4,3,2,5,1,6.838,6838,0.05,-0.37,9.79,9.7971,-0.0044,0.0022,-0.0055,-0.13,-2.5,321.44,0.0438,-0.3443,9.7871,9.7932,P004_Weight_Stack_Seated_Leg_Extension_Pulling_Too_Fast_1_01.csv
4,3,2,5,1,7.011,7011,0.13,-0.35,9.93,9.937,-0.0055,0.0022,0.0,-0.13,-2.5,321.44,0.0552,-0.3451,9.8059,9.8122,P004_Weight_Stack_Seated_Leg_Extension_Pulling_Too_Fast_1_01.csv
4,3,2,5,1,7.142,7142,0.08,-0.15,9.83,9.8315,-0.0087,-0.0076,-0.0033,-0.13,-2.5,321.44,0.0585,-0.3194,9.8091,9.8145,P004_Weight_Stack_Seated_Leg_Extension_Pulling_Too_Fast_1_01.csv
4,3,2,5,1,7.273,7273,0.08,-0.34,9.61,9.6163,-0.0033,0.0044,-0.0022,-0.13,-2.5,321.44,0.0613,-0.3221,9.7829,9.7884,P004_Weight_Stack_Seated_Leg_Extension_Pulling_Too_Fast_1_01.csv
4,3,2,5,1,7.409,7409,0.17,-0.38,9.79,9.7988,-0.0022,0.0087,-0.0033,-0.13,-2.5,321.44,0.0756,-0.3297,9.7838,9.7896,P004_Weight_Stack_Seated_Leg_Extension_Pulling_Too_Fast_1_01.csv
4,3,2,5,1,7.539,7539,0.0,-0.67,9.67,9.6932,0.0131,-0.0011,0.0251,-0.13,-2.5,321.44,0.0657,-0.3746,9.7688,9.7762,P004_Weight_Stack_Seated_Leg_Extension_Pulling_Too_Fast_1_01.csv
4,3,2,5,1,7.67,7670,0.0,-0.38,9.81,9.8174,0.0011,-0.0011,0.0022,-0.13,-2.5,321.44,0.057,-0.3753,9.7742,9.7816,P004_Weight_Stack_Seated_Leg_Extension_Pulling_Too_Fast_1_01.csv
4,3,2,5,1,7.801,7801,0.07,-0.14,6.95,6.9518,0.06,-0.0273,0.0731,-0.06,-2.56,321.56,0.0587,-0.3443,9.4021,9.4086,P004_Weight_Stack_Seated_Leg_Extension_Pulling_Too_Fast_1_01.csv
4,3,2,5,1,7.931,7931,0.26,-0.22,9.86,9.8659,0.0022,-0.0011,-0.0065,-0.31,-2.31,321.63,0.0852,-0.3279,9.4624,9.4685,P004_Weight_Stack_Seated_Leg_Extension_Pulling_Too_Fast_1_01.csv
4,3,2,5,1,8.104,8104,0.24,-0.05,9.89,9.893,0.048,-0.0251,-0.0142,-0.31,-2.31,321.63,0.1056,-0.2913,9.5188,9.5238,P004_Weight_Stack_Seated_Leg_Extension_Pulling_Too_Fast_1_01.csv
4,3,2,5,1,8.235,8235,0.07,-0.24,10.02,10.0231,-0.0098,0.0164,-0.0055,0.0,-2.69,321.69,0.1009,-0.2845,9.5848,9.5896,P004_Weight_Stack_Seated_Leg_Extension_Pulling_Too_Fast_1_01.csv
4,3,2,5,1,8.365,8365,-0.02,-0.39,9.9,9.9077,0.0044,-0.0142,-0.0076,0.0,-2.69,321.69,0.085,-0.2984,9.6263,9.6313,P004_Weight_Stack_Seated_Leg_Extension_Pulling_Too_Fast_1_01.csv
4,3,2,5,1,8.496,8496,1.59,0.2,9.38,9.5159,-0.0033,0.0447,-0.1342,-0.19,-2.44,321.44,0.2833,-0.2327,9.5939,9.6009,P004_Weight_Stack_Seated_Leg_Extension_Pulling_Too_Fast_1_01.csv
4,3,2,5,1,8.631,8631,0.33,-0.51,9.46,9.4795,0.0033,-0.0044,-0.0153,-0.06,-2.44,321.44,0.2895,-0.2693,9.5762,9.5844,P004_Weight_Stack_Seated_Leg_Extension_Pulling_Too_Fast_1_01.csv
4,3,2,5,1,8.763,8763,-0.52,-0.57,11.26,11.2864,0.0044,-0.0087,0.0109,-0.06,-2.5,321.44,0.1828,-0.3089,9.7981,9.8047,P004_Weight_Stack_Seated_Leg_Extension_Pulling_Too_Fast_1_01.csv
4,3,2,5,1,8.893,8893,-0.33,0.01,10.48,10.4852,0.0076,-0.0065,-0.0164,0.0,-2.56,321.5,0.1152,-0.2669,9.888,9.8922,P004_Weight_Stack_Seated_Leg_Extension_Pulling_Too_Fast_1_01.csv
4,3,2,5,1,9.024,9024,0.32,-0.5,9.77,9.788,0.0076,-0.0022,0.0218,0.0,-2.63,321.44,0.1422,-0.2976,9.8724,9.8779,P004_Weight_Stack_Seated_Leg_Extension_Pulling_Too_Fast_1_01.csv
4,3,2,5,1,9.198,9198,-0.04,-0.3,8.11,8.1156,0.0022,0.0,0.0185,0.0,-2.69,321.44,0.1182,-0.2979,9.6402,9.6455,P004_Weight_Stack_Seated_Leg_Extension_Pulling_Too_Fast_1_01.csv
4,3,2,5,1,9.334,9334,0.01,-0.3,8.11,8.1156,-0.0011,0.0033,0.0011,0.0,-2.69,321.44,0.1039,-0.2982,9.4385,9.4438,P004_Weight_Stack_Seated_Leg_Extension_Pulling_Too_Fast_1_01.csv
4,4,2,5,1,9.465,9465,0.14,-0.24,9.67,9.674,-0.0055,-0.0044,0.0055,0.0,-2.69,321.44,0.1087,-0.2905,9.469,9.4741,P004_Weight_Stack_Seated_Leg_Extension_Pulling_Too_Fast_1_01.csv
4,4,2,5,1,9.595,9595,0.15,-0.58,10.34,10.3573,-0.0022,0.0055,0.0044,0.0,-2.63,321.44,0.1141,-0.3287,9.5838,9.5901,P004_Weight_Stack_Seated_Leg_Extension_Pulling_Too_Fast_1_01.csv
4,4,2,5,1,9.726,9726,-0.04,-0.45,10.01,10.0202,0.0011,-0.0022,-0.0033,0.0,-2.63,321.44,0.0938,-0.3447,9.64,9.6466,P004_Weight_Stack_Seated_Leg_Extension_Pulling_Too_Fast_1_01.csv
4,4,2,5,1,9.856,9856,0.0,-0.37,9.76,9.767,0.0044,0.0011,-0.0022,0.0,-2.63,321.44,0.0815,-0.348,9.6558,9.6624,P004_Weight_Stack_Seated_Leg_Extension_Pulling_Too_Fast_1_01.csv
4,4,2,5,1,9.987,9987,-0.11,-0.05,9.61,9.6108,-0.0207,-0.0044,0.0065,0.0,-2.56,321.44,0.0562,-0.3087,9.6498,9.6549,P004_Weight_Stack_Seated_Leg_Extension_Pulling_Too_Fast_1_01.csv
4,4,2,5,1,10.117,10117,0.02,-0.37,9.64,9.6471,-0.0109,0.0055,0.0011,0.0,-2.56,321.44,0.0515,-0.3168,9.6485,9.6538,P004_Weight_Stack_Seated_Leg_Extension_Pulling_Too_Fast_1_01.csv
4,4,2,5,1,10.29,10290,0.19,-0.32,9.76,9.7671,-0.0033,0.0076,-0.0098,-0.06,-2.5,321.44,0.0697,-0.3172,9.6632,9.6686,P004_Weight_Stack_Seated_Leg_Extension_Pulling_Too_Fast_1_01.csv
4,4,2,5,1,10.42,10420,0.05,-0.43,9.96,9.9694,-0.0076,0.0065,-0.0055,-0.06,-2.5,321.44,0.0671,-0.3321,9.7023,9.7082,P004_Weight_Stack_Seated_Leg_Extension_Pulling_Too_Fast_1_01.csv
4,4,2,5,1,10.555,10555,-0.1,-0.54,10.14,10.1549,-0.0044,-0.0033,0.0011,-0.13,-2.5,321.44,0.0451,-0.3595,9.76,9.7667,P004_Weight_Stack_Seated_Leg_Extension_Pulling_Too_Fast_1_01.csv
4,4,2,5,1,10.688,10688,0.04,-0.35,9.97,9.9762,-0.0044,0.0076,-0.0022,-0.13,-2.44,321.44,0.0444,-0.3582,9.7876,9.7943,P004_Weight_Stack_Seated_Leg_Extension_Pulling_Too_Fast_1_01.csv
4,4,2,5,1,10.819,10819,0.12,-0.35,9.74,9.747,-0.0033,0.0055,-0.0044,-0.13,-2.44,321.44,0.0544,-0.3571,9.7814,9.788,P004_Weight_Stack_Seated_Leg_Extension_Pulling_Too_Fast_1_01.csv
4,4,2,5,1,10.949,10949,0.02,-0.38,9.96,9.9673,-0.0044,0.0044,0.0011,-0.06,-2.44,321.44,0.0499,-0.3602,9.8049,9.8116,P004_Weight_Stack_Seated_Leg_Extension_Pulling_Too_Fast_1_01.csv
4,4,2,5,1,11.079,11079,-0.29,0.88,23.12,23.1386,-0.0011,0.0349,0.0742,-0.06,-2.44,321.5,0.0051,-0.1967,11.5595,11.5612,P004_Weight_Stack_Seated_Leg_Extension_Pulling_Too_Fast_1_01.csv
4,4,2,5,1,11.209,11209,-0.02,-0.77,9.96,9.9897,-0.0022,0.0044,-0.0065,0.0,-2.5,321.63,0.0018,-0.2723,11.3487,11.352,P004_Weight_Stack_Seated_Leg_Extension_Pulling_Too_Fast_1_01.csv
4,4,2,5,1,11.382,11382,0.0,-0.34,9.82,9.8259,-0.0011,-0.0022,0.0076,-0.13,-2.38,321.44,0.0015,-0.2812,11.1473,11.1508,P004_Weight_Stack_Seated_Leg_Extension_Pulling_Too_Fast_1_01.csv
4,4,2,5,1,11.512,11512,-0.16,0.49,9.43,9.4441,-0.0545,0.0109,-0.0044,-0.38,-1.94,321.63,-0.0198,-0.1796,10.921,10.9225,P004_Weight_Stack_Seated_Leg_Extension_Pulling_Too_Fast_1_01.csv
4,4,2,5,1,11.642,11642,0.1,-0.22,9.18,9.1832,0.084,-0.0938,0.0436,0.0,-2.56,321.69,-0.004,-0.1849,10.6916,10.6932,P004_Weight_Stack_Seated_Leg_Extension_Pulling_Too_Fast_1_01.csv
4,4,2,5,1,11.772,11772,-0.04,-0.5,9.77,9.7829,-0.012,0.0262,-0.0153,0.06,-2.63,321.75,-0.0087,-0.2264,10.5701,10.5726,P004_Weight_Stack_Seated_Leg_Extension_Pulling_Too_Fast_1_01.csv
4,4,2,5,1,11.902,11902,0.18,-0.7,10.17,10.1957,-0.1156,0.1134,-0.0262,-0.19,-2.44,321.63,0.0161,-0.2888,10.5174,10.5214,P004_Weight_Stack_Seated_Leg_Extension_Pulling_Too_Fast_1_01.csv
4,4,2,5,1,12.032,12032,-0.67,-3.25,2.75,4.3097,0.0665,-0.0916,0.0131,0.0,-2.56,321.69,-0.0743,-0.679,9.4939,9.5184,P004_Weight_Stack_Seated_Leg_Extension_Pulling_Too_Fast_1_01.csv
4,5,2,5,1,12.162,12162,0.03,-0.57,10.29,10.3058,0.0131,-0.0284,0.024,-0.06,-2.44,321.44,-0.0605,-0.6647,9.5988,9.6219,P004_Weight_Stack_Seated_Leg_Extension_Pulling_Too_Fast_1_01.csv
4,5,2,5,1,12.292,12292,-0.15,-0.77,9.76,9.7915,0.0131,-0.0229,0.0273,-0.06,-2.5,321.5,-0.0723,-0.6785,9.62,9.6442,P004_Weight_Stack_Seated_Leg_Extension_Pulling_Too_Fast_1_01.csv
4,5,2,5,1,12.465,12465,-0.12,-0.12,9.43,9.4315,0.012,-0.0033,-0.0109,0.0,-2.56,321.56,-0.0786,-0.6049,9.595,9.6143,P004_Weight_Stack_Seated_Leg_Extension_Pulling_Too_Fast_1_01.csv
4,5,2,5,1,12.596,12596,-0.19,-0.45,8.9,8.9134,0.012,0.0011,0.0055,0.0,-2.69,321.56,-0.0933,-0.5845,9.5034,9.5218,P004_Weight_Stack_Seated_Leg_Extension_Pulling_Too_Fast_1_01.csv
4,5,2,5,1,12.726,12726,0.15,-0.33,8.04,8.0482,0.0109,-0.0033,-0.0044,0.0,-2.75,321.44,-0.0612,-0.551,9.3106,9.327,P004_Weight_Stack_Seated_Leg_Extension_Pulling_Too_Fast_1_01.csv
4,5,2,5,1,12.857,12857,0.0,-0.23,8.23,8.2332,-0.0044,0.0033,-0.0065,-0.06,-2.75,321.44,-0.0532,-0.5087,9.1682,9.1824,P004_Weight_Stack_Seated_Leg_Extension_Pulling_Too_Fast_1_01.csv
4,5,2,5,1,12.992,12992,0.06,-0.35,9.17,9.1769,-0.0076,-0.0011,0.0109,-0.06,-2.75,321.44,-0.0382,-0.4878,9.1684,9.1815,P004_Weight_Stack_Seated_Leg_Extension_Pulling_Too_Fast_1_01.csv
4,5,2,5,1,13.124,13124,0.03,-0.61,10.59,10.6076,-0.0011,-0.0033,0.0055,-0.06,-2.69,321.5,-0.0293,-0.5039,9.3557,9.3693,P004_Weight_Stack_Seated_Leg_Extension_Pulling_Too_Fast_1_01.csv
4,5,2,5,1,13.255,13255,-0.09,-0.42,10.35,10.3589,0.0022,-0.0044,0.0087,0.0,-2.69,321.5,-0.0373,-0.4928,9.4868,9.4996,P004_Weight_Stack_Seated_Leg_Extension_Pulling_Too_Fast_1_01.csv
4,5,2,5,1,13.385,13385,-0.05,-0.36,10.33,10.3364,0.0,-0.0011,0.0,0.0,-2.69,321.5,-0.0389,-0.4753,9.5979,9.6097,P004_Weight_Stack_Seated_Leg_Extension_Pulling_Too_Fast_1_01.csv
4,5,2,5,1,13.558,13558,0.13,-0.41,9.27,9.28,0.0011,0.0022,0.0022,0.0,-2.69,321.5,-0.0167,-0.4667,9.5547,9.5661,P004_Weight_Stack_Seated_Leg_Extension_Pulling_Too_Fast_1_01.csv
4,5,2,5,1,13.69,13690,0.1,-0.34,9.04,9.0469,0.0022,0.0044,0.0022,0.0,-2.69,321.5,-0.0013,-0.45,9.4868,9.4975,P004_Weight_Stack_Seated_Leg_Extension_Pulling_Too_Fast_1_01.csv
4,5,2,5,1,13.825,13825,0.02,-0.38,9.43,9.4377,-0.0087,0.0,-0.0055,0.0,-2.63,321.5,0.0015,-0.4408,9.4794,9.4896,P004_Weight_Stack_Seated_Leg_Extension_Pulling_Too_Fast_1_01.csv
4,5,2,5,1,13.956,13956,-0.28,-0.11,10.06,10.0645,-0.0044,0.0065,-0.0022,0.0,-2.63,321.5,-0.0356,-0.3972,9.5559,9.5642,P004_Weight_Stack_Seated_Leg_Extension_Pulling_Too_Fast_1_01.csv
4,5,2,5,1,14.087,14087,-0.15,-0.29,9.52,9.5256,-0.0076,0.0065,-0.0065,0.0,-2.56,321.5,-0.0507,-0.3831,9.5511,9.559,P004_Weight_Stack_Seated_Leg_Extension_Pulling_Too_Fast_1_01.csv
4,5,2,5,1,14.217,14217,0.18,-0.49,9.78,9.7939,0.0022,-0.0044,-0.0022,0.0,-2.56,321.44,-0.0203,-0.3972,9.5813,9.5896,P004_Weight_Stack_Seated_Leg_Extension_Pulling_Too_Fast_1_01.csv
4,5,2,5,1,14.348,14348,-0.03,-0.45,9.54,9.5507,-0.0076,0.0055,-0.0011,0.0,-2.56,321.44,-0.0216,-0.4041,9.5759,9.5844,P004_Weight_Stack_Seated_Leg_Extension_Pulling_Too_Fast_1_01.csv
4,5,2,5,1,14.478,14478,0.12,-0.37,9.66,9.6678,-0.0055,0.0087,-0.0022,0.0,-2.56,321.44,-0.0029,-0.3996,9.5869,9.5953,P004_Weight_Stack_Seated_Leg_Extension_Pulling_Too_Fast_1_01.csv
4,5,2,5,1,14.651,14651,0.14,-0.26,8.35,8.3552,0.0382,-0.0131,0.0196,0.0,-2.63,321.63,0.0159,-0.3812,9.4239,9.4317,P004_Weight_Stack_Seated_Leg_Extension_Pulling_Too_Fast_1_01.csv
4,5,2,5,1,14.781,14781,0.07,0.19,10.74,10.7419,0.1931,-0.1222,0.0011,0.0,-2.13,321.63,0.0231,-0.306,9.5974,9.6023,P004_Weight_Stack_Seated_Leg_Extension_Pulling_Too_Fast_1_01.csv
4,5,2,5,1,14.915,14915,-0.12,0.27,9.91,9.9144,0.0011,-0.0033,0.0022,0.0,-2.5,321.5,0.0042,-0.2301,9.6386,9.6413,P004_Weight_Stack_Seated_Leg_Extension_Pulling_Too_Fast_1_01.csv
4,5,2,5,1,15.049,15049,-1.81,-4.21,17.97,18.5451,0.0742,-0.0513,0.0676,0.0,-2.63,321.63,-0.2349,-0.7545,10.7364,10.7655,P004_Weight_Stack_Seated_Leg_Extension_Pulling_Too_Fast_1_01.csv
4,5,2,5,1,15.179,15179,0.19,0.0,10.84,10.8417,0.0938,-0.048,-0.0065,-0.13,-2.44,321.69,-0.1789,-0.6551,10.7501,10.7715,P004_Weight_Stack_Seated_Leg_Extension_Pulling_Too_Fast_1_01.csv
4,5,2,5,1,15.31,15310,0.04,-0.23,9.47,9.4729,-0.0022,0.0229,-0.0251,0.25,-2.75,321.81,-0.15,-0.5991,10.5814,10.5994,P004_Weight_Stack_Seated_Leg_Extension_Pulling_Too_Fast_1_01.csv
4,5,2,5,1,15.44,15440,0.09,-0.37,10.38,10.387,0.0,-0.0011,-0.0022,0.13,-2.75,321.69,-0.1184,-0.5689,10.5549,10.5708,P004_Weight_Stack_Seated_Leg_Extension_Pulling_Too_Fast_1_01.csv
4,5,2,5,1,15.571,15571,-0.01,-0.7,13.81,13.8277,-0.0022,0.0098,-0.0065,0.0,-2.56,321.44,-0.1041,-0.5862,10.9838,10.9999,P004_Weight_Stack_Seated_Leg_Extension_Pulling_Too_Fast_1_01.csv
4,6,2,5,1,15.743,15743,0.22,-0.48,10.95,10.9627,0.0033,-0.0065,0.0131,0.0,-2.63,321.5,-0.0614,-0.5722,10.9794,10.9944,P004_Weight_Stack_Seated_Leg_Extension_Pulling_Too_Fast_1_01.csv
4,6,2,5,1,15.874,15874,-0.58,0.3,10.7,10.7199,0.0109,-0.0338,0.0316,0.06,-2.63,321.56,-0.1297,-0.4572,10.9425,10.9529,P004_Weight_Stack_Seated_Leg_Extension_Pulling_Too_Fast_1_01.csv
4,6,2,5,1,16.005,16005,-0.99,1.58,9.78,9.9561,0.0404,0.0175,-0.0273,0.06,-2.75,321.5,-0.2431,-0.1888,10.7893,10.7937,P004_Weight_Stack_Seated_Leg_Extension_Pulling_Too_Fast_1_01.csv
4,6,2,5,1,16.137,16137,-0.29,-0.48,8.53,8.5484,0.0131,-0.0055,0.0087,0.06,-2.81,321.5,-0.2493,-0.2272,10.4916,10.497,P004_Weight_Stack_Seated_Leg_Extension_Pulling_Too_Fast_1_01.csv
4,6,2,5,1,16.268,16268,0.02,-0.29,7.81,7.8154,0.0284,0.0196,-0.0229,0.0,-2.81,321.44,-0.2138,-0.2354,10.1383,10.1432,P004_Weight_Stack_Seated_Leg_Extension_Pulling_Too_Fast_1_01.csv
4,6,2,5,1,16.402,16402,0.14,-0.29,7.96,7.9665,0.0,0.0098,0.0185,0.0,-2.81,321.44,-0.1672,-0.2426,9.8512,9.8556,P004_Weight_Stack_Seated_Leg_Extension_Pulling_Too_Fast_1_01.csv
4,6,2,5,1,16.533,16533,0.03,-0.34,9.58,9.5861,-0.0033,-0.0044,-0.0131,0.0,-2.75,321.5,-0.1412,-0.2555,9.8155,9.8198,P004_Weight_Stack_Seated_Leg_Extension_Pulling_Too_Fast_1_01.csv
4,6,2,5,1,16.663,16663,-0.19,-0.03,9.64,9.6419,-0.0044,-0.0153,0.0185,0.0,-2.75,321.5,-0.1476,-0.2258,9.7924,9.7961,P004_Weight_Stack_Seated_Leg_Extension_Pulling_Too_Fast_1_01.csv
4,6,2,5,1,16.836,16836,0.06,-0.41,9.82,9.8287,-0.0065,0.0065,0.0164,0.0,-2.75,321.56,-0.1203,-0.25,9.796,9.7999,P004_Weight_Stack_Seated_Leg_Extension_Pulling_Too_Fast_1_01.csv
4,6,2,5,1,16.966,16966,-0.2,-0.06,10.04,10.0422,-0.0284,-0.0305,-0.0109,0.0,-2.69,321.56,-0.1308,-0.225,9.8281,9.8316,P004_Weight_Stack_Seated_Leg_Extension_Pulling_Too_Fast_1_01.csv
4,6,2,5,1,17.096,17096,0.01,-0.5,10.11,10.1224,-0.0044,0.0065,0.0033,0.0,-2.63,321.56,-0.1122,-0.2612,9.8653,9.8694,P004_Weight_Stack_Seated_Leg_Extension_Pulling_Too_Fast_1_01.csv
4,6,2,5,1,17.226,17226,0.17,-0.48,10.35,10.3625,-0.0044,0.0065,-0.0033,0.0,-2.63,321.56,-0.075,-0.2901,9.9292,9.9337,P004_Weight_Stack_Seated_Leg_Extension_Pulling_Too_Fast_1_01.csv
4,6,2,5,1,17.356,17356,0.18,-0.54,10.06,10.0761,-0.0022,0.0033,0.0,0.0,-2.63,321.56,-0.0414,-0.323,9.9464,9.9517,P004_Weight_Stack_Seated_Leg_Extension_Pulling_Too_Fast_1_01.csv
4,6,2,5,1,17.486,17486,0.0,-0.33,9.92,9.9255,-0.0044,0.0011,0.0011,0.0,-2.63,321.56,-0.036,-0.3239,9.9429,9.9483,P004_Weight_Stack_Seated_Leg_Extension_Pulling_Too_Fast_1_01.csv
4,6,2,5,1,17.616,17616,0.07,-0.4,9.68,9.6885,-0.0087,-0.0022,0.0,0.0,-2.63,321.56,-0.022,-0.3339,9.9083,9.9139,P004_Weight_Stack_Seated_Leg_Extension_Pulling_Too_Fast_1_01.csv
4,6,2,5,1,17.746,17746,0.06,-0.42,9.6,9.6094,-0.0076,0.0044,-0.0022,0.0,-2.56,321.56,-0.0112,-0.3453,9.8677,9.8737,P004_Weight_Stack_Seated_Leg_Extension_Pulling_Too_Fast_1_01.csv
4,6,2,5,1,17.919,17919,0.29,-0.15,7.76,7.7669,0.0556,-0.0153,0.1069,0.0,-2.69,321.81,0.0285,-0.3195,9.5899,9.5953,P004_Weight_Stack_Seated_Leg_Extension_Pulling_Too_Fast_1_01.csv
4,6,2,5,1,18.049,18049,0.24,-0.08,10.33,10.3331,0.1494,-0.0589,0.0142,-0.13,-2.44,321.69,0.0564,-0.288,9.6874,9.6919,P004_Weight_Stack_Seated_Leg_Extension_Pulling_Too_Fast_1_01.csv
4,6,2,5,1,18.18,18180,-0.92,-0.4,10.19,10.2393,0.1353,-0.1222,-0.1069,0.0,-2.56,321.56,-0.0723,-0.3027,9.7537,9.7586,P004_Weight_Stack_Seated_Leg_Extension_Pulling_Too_Fast_1_01.csv
4,6,2,5,1,18.311,18311,0.07,-0.15,7.79,7.7918,0.0349,-0.0251,0.0524,0.0,-2.56,321.63,-0.0535,-0.2826,9.4949,9.4993,P004_Weight_Stack_Seated_Leg_Extension_Pulling_Too_Fast_1_01.csv
4,6,2,5,1,18.443,18443,0.02,-0.17,9.74,9.7415,-0.0011,-0.0044,-0.0065,-0.19,-2.25,321.69,-0.0439,-0.2678,9.5272,9.5311,P004_Weight_Stack_Seated_Leg_Extension_Pulling_Too_Fast_1_01.csv
4,6,2,5,1,18.574,18574,0.3,-0.49,10.05,10.0664,0.0229,-0.1364,0.0447,0.25,-2.81,321.88,0.0015,-0.2971,9.5961,9.6007,P004_Weight_Stack_Seated_Leg_Extension_Pulling_Too_Fast_1_01.csv
4,6,2,5,1,18.708,18708,0.03,-0.51,9.93,9.9431,-0.012,0.0382,-0.024,0.13,-2.75,321.81,0.0052,-0.3251,9.6401,9.6456,P004_Weight_Stack_Seated_Leg_Extension_Pulling_Too_Fast_1_01.csv
4,6,2,5,1,18.839,18839,0.01,-0.45,10.03,10.0401,0.0131,-0.0229,0.0153,0.13,-2.75,321.81,0.0058,-0.3416,9.6915,9.6975,P004_Weight_Stack_Seated_Leg_Extension_Pulling_Too_Fast_1_01.csv
4,6,2,5,1,19.012,19012,0.37,-0.79,10.21,10.2472,-0.0087,0.0131,-0.0349,0.0,-2.5,321.5,0.0538,-0.4007,9.7598,9.7682,P004_Weight_Stack_Seated_Leg_Extension_Pulling_Too_Fast_1_01.csv
4,6,2,5,1,19.142,19142,0.34,-0.36,10.85,10.8613,0.0087,-0.0076,-0.0076,0.0,-2.5,321.5,0.0915,-0.3953,9.9035,9.9118,P004_Weight_Stack_Seated_Leg_Extension_Pulling_Too_Fast_1_01.csv
4,6,2,5,1,19.273,19273,-0.24,-0.6,11.54,11.5581,0.0087,-0.0196,0.0142,0.0,-2.56,321.56,0.0479,-0.4223,10.1191,10.128,P004_Weight_Stack_Seated_Leg_Extension_Pulling_Too_Fast_1_01.csv
4,7,2,5,1,19.404,19404,0.09,0.06,9.09,9.0906,0.0044,-0.0065,-0.0109,0.13,-2.63,321.63,0.0534,-0.3587,9.9835,9.9901,P004_Weight_Stack_Seated_Leg_Extension_Pulling_Too_Fast_1_01.csv
4,7,2,5,1,19.54,19540,0.22,-1.02,9.37,9.4279,0.0131,-0.0055,0.024,0.06,-2.69,321.63,0.0754,-0.4459,9.9027,9.913,P004_Weight_Stack_Seated_Leg_Extension_Pulling_Too_Fast_1_01.csv
4,7,2,5,1,19.671,19671,-0.02,-0.4,9.46,9.4685,0.0033,-0.0011,-0.0098,0.06,-2.75,321.56,0.0628,-0.4398,9.8443,9.8544,P004_Weight_Stack_Seated_Leg_Extension_Pulling_Too_Fast_1_01.csv
4,7,2,5,1,19.802,19802,0.02,-0.34,8.4,8.4069,0.0,-0.0022,0.0011,0.06,-2.75,321.56,0.0572,-0.4267,9.654,9.6636,P004_Weight_Stack_Seated_Leg_Extension_Pulling_Too_Fast_1_01.csv
4,7,2,5,1,19.932,19932,0.05,-0.42,8.97,8.98,-0.0055,0.0044,-0.0011,0.06,-2.69,321.63,0.0562,-0.4258,9.5639,9.5735,P004_Weight_Stack_Seated_Leg_Extension_Pulling_Too_Fast_1_01.csv
4,7,2,5,1,20.105,20105,0.09,-0.57,9.95,9.9667,-0.0065,0.0076,0.0065,0.06,-2.69,321.63,0.0607,-0.4448,9.6148,9.6252,P004_Weight_Stack_Seated_Leg_Extension_Pulling_Too_Fast_1_01.csv
4,7,2,5,1,20.235,20235,0.01,-0.3,10.04,10.0445,-0.0076,-0.0033,-0.0044,0.0,-2.69,321.63,0.054,-0.4257,9.6708,9.6803,P004_Weight_Stack_Seated_Leg_Extension_Pulling_Too_Fast_1_01.csv
4,7,2,5,1,20.365,20365,0.1,-0.41,9.84,9.849,0.0,-0.0011,0.0044,0.06,-2.69,321.63,0.0601,-0.4236,9.6931,9.7025,P004_Weight_Stack_Seated_Leg_Extension_Pulling_Too_Fast_1_01.csv
4,7,2,5,1,20.495,20495,0.08,-0.3,9.61,9.615,-0.0044,0.0011,-0.0033,0.06,-2.69,321.63,0.0627,-0.4073,9.6821,9.6909,P004_Weight_Stack_Seated_Leg_Extension_Pulling_Too_Fast_1_01.csv
4,7,2,5,1,20.626,20626,-0.03,-0.35,9.67,9.6764,-0.0011,0.0033,-0.0011,0.0,-2.63,321.63,0.0505,-0.3998,9.6805,9.6889,P004_Weight_Stack_Seated_Leg_Extension_Pulling_Too_Fast_1_01.csv
4,7,2,5,1,20.757,20757,0.2,-0.22,9.68,9.6846,-0.0131,0.012,-0.0087,0.06,-2.56,321.63,0.0702,-0.3761,9.6805,9.688,P004_Weight_Stack_Seated_Leg_Extension_Pulling_Too_Fast_1_01.csv
4,7,2,5,1,20.892,20892,-0.46,0.38,10.16,10.1775,-0.0087,0.0076,-0.0044,0.06,-2.56,321.63,0.0003,-0.2765,9.7437,9.7476,P004_Weight_Stack_Seated_Leg_Extension_Pulling_Too_Fast_1_01.csv
4,7,2,5,1,21.025,21025,0.01,-0.39,9.89,9.8977,-0.0011,0.0076,-0.0022,0.0,-2.56,321.63,0.0016,-0.2914,9.7629,9.7673,P004_Weight_Stack_Seated_Leg_Extension_Pulling_Too_Fast_1_01.csv
4,7,2,5,1,21.197,21197,0.26,-0.42,10.13,10.142,-0.0065,0.0087,0.0033,0.0,-2.56,321.56,0.0356,-0.3084,9.8113,9.8162,P004_Weight_Stack_Seated_Leg_Extension_Pulling_Too_Fast_1_01.csv
4,7,2,5,1,21.328,21328,-0.03,-0.58,10.04,10.0568,-0.0098,-0.0164,0.0,0.0,-2.5,321.56,0.027,-0.3442,9.8414,9.8475,P004_Weight_Stack_Seated_Leg_Extension_Pulling_Too_Fast_1_01.csv
4,7,2,5,1,21.459,21459,0.03,-0.37,9.88,9.887,-0.0022,0.0033,-0.0055,0.0,-2.5,321.56,0.0274,-0.3476,9.8465,9.8527,P004_Weight_Stack_Seated_Leg_Extension_Pulling_Too_Fast_1_01.csv
4,7,2,5,1,21.595,21595,0.6,-0.16,9.16,9.181,0.0153,0.0131,0.0447,0.0,-2.5,321.75,0.1028,-0.3229,9.7561,9.7619,P004_Weight_Stack_Seated_Leg_Extension_Pulling_Too_Fast_1_01.csv
4,7,2,5,1,21.725,21725,0.47,-0.78,9.86,9.902,0.1778,-0.0218,-0.0142,-0.19,-2.13,321.81,0.1512,-0.3831,9.7698,9.7784,P004_Weight_Stack_Seated_Leg_Extension_Pulling_Too_Fast_1_01.csv
4,7,2,5,1,21.857,21857,0.34,-0.43,9.73,9.7454,-0.0207,0.1124,0.0142,0.25,-2.69,322.0,0.1761,-0.3893,9.7645,9.7739,P004_Weight_Stack_Seated_Leg_Extension_Pulling_Too_Fast_1_01.csv
4,7,2,5,1,21.987,21987,-0.04,-0.29,9.86,9.8643,-0.0011,-0.0044,0.0,0.0,-2.5,321.63,0.1476,-0.3762,9.7771,9.7854,P004_Weight_Stack_Seated_Leg_Extension_Pulling_Too_Fast_1_01.csv
4,7,2,5,1,22.118,22118,0.26,0.59,10.04,10.0607,-0.2727,0.1429,-0.0458,-0.19,-2.25,321.81,0.1624,-0.2489,9.8117,9.8162,P004_Weight_Stack_Seated_Leg_Extension_Pulling_Too_Fast_1_01.csv
4,7,2,5,1,22.291,22291,0.09,-0.33,9.86,9.8659,-0.0022,-0.0044,-0.0011,-0.25,-2.19,321.81,0.1529,-0.2596,9.8181,9.8227,P004_Weight_Stack_Seated_Leg_Extension_Pulling_Too_Fast_1_01.csv
4,7,2,5,1,22.422,22422,-0.21,-0.25,9.85,9.8554,-0.0262,0.0022,0.0164,0.06,-2.63,321.88,0.1051,-0.2583,9.8223,9.8263,P004_Weight_Stack_Seated_Leg_Extension_Pulling_Too_Fast_1_01.csv
4,7,2,5,1,22.552,22552,0.07,-0.4,9.76,9.7684,0.0022,-0.0011,-0.0011,-0.25,-2.13,321.75,0.1004,-0.277,9.8141,9.8185,P004_Weight_Stack_Seated_Leg_Extension_Pulling_Too_Fast_1_01.csv
4,7,2,5,1,22.683,22683,-1.39,3.17,8.01,8.7259,0.468,-0.2487,-0.0556,0.0,-2.63,321.75,-0.096,0.1772,9.5764,9.5785,P004_Weight_Stack_Seated_Leg_Extension_Pulling_Too_Fast_1_01.csv
4,7,2,5,1,22.814,22814,1.28,-0.49,8.55,8.6592,0.0305,-0.0175,-0.0153,-0.06,-2.38,321.69,0.0854,0.0893,9.4411,9.4419,P004_Weight_Stack_Seated_Leg_Extension_Pulling_Too_Fast_1_01.csv
4,7,2,5,1,22.949,22949,-0.29,0.18,7.16,7.1681,0.0185,-0.0327,0.0382,0.0,-2.5,321.75,0.0359,0.1013,9.1405,9.1412,P004_Weight_Stack_Seated_Leg_Extension_Pulling_Too_Fast_1_01.csv
4,7,2,5,1,23.079,23079,0.02,0.08,7.24,7.2405,-0.0022,0.0,-0.0556,0.06,-2.63,321.75,0.0338,0.0985,8.8901,8.8907,P004_Weight_Stack_Seated_Leg_Extension_Pulling_Too_Fast_1_01.csv
4,7,2,5,1,23.21,23210,0.09,-0.59,8.03,8.0521,0.0196,-0.0055,0.0142,0.06,-2.69,321.69,0.0412,0.0077,8.7767,8.7768,P004_Weight_Stack_Seated_Leg_Extension_Pulling_Too_Fast_1_01.csv
4,7,2,5,1,23.383,23383,0.18,-0.22,8.69,8.6946,0.0022,-0.0185,0.0076,0.0,-2.69,321.63,0.0595,-0.0223,8.7653,8.7655,P004_Weight_Stack_Seated_Leg_Extension_Pulling_Too_Fast_1_01.csv
4,8,2,5,1,23.514,23514,-0.15,-0.51,9.83,9.8444,-0.0044,-0.0044,0.0185,0.0,-2.69,321.69,0.0319,-0.0865,8.9056,8.9061,P004_Weight_Stack_Seated_Leg_Extension_Pulling_Too_Fast_1_01.csv
4,8,2,5,1,23.65,23650,-0.24,-0.34,10.32,10.3284,-0.0033,-0.0033,0.0033,0.0,-2.69,321.69,-0.0039,-0.1199,9.092,9.0928,P004_Weight_Stack_Seated_Leg_Extension_Pulling_Too_Fast_1_01.csv
4,8,2,5,1,23.782,23782,-0.17,-0.46,10.21,10.2218,-0.0022,0.0011,0.0087,0.0,-2.63,321.69,-0.0258,-0.1647,9.2393,9.2408,P004_Weight_Stack_Seated_Leg_Extension_Pulling_Too_Fast_1_01.csv
4,8,2,5,1,23.912,23912,-0.05,-0.37,9.7,9.7072,-0.0022,0.0033,-0.0055,0.0,-2.63,321.69,-0.029,-0.1918,9.3,9.302,P004_Weight_Stack_Seated_Leg_Extension_Pulling_Too_Fast_1_01.csv
4,8,2,5,1,24.062,24062,0.72,-0.79,9.15,9.2122,-0.0131,0.0109,-0.0033,0.0,-2.56,321.69,0.0697,-0.2706,9.2803,9.2845,P004_Weight_Stack_Seated_Leg_Extension_Pulling_Too_Fast_1_01.csv
4,8,2,5,1,24.193,24193,0.04,-0.41,9.88,9.8886,-0.0065,0.0033,-0.0044,0.06,-2.56,321.69,0.0658,-0.289,9.3593,9.364,P004_Weight_Stack_Seated_Leg_Extension_Pulling_Too_Fast_1_01.csv
4,8,2,5,1,24.324,24324,-0.12,-0.5,9.98,9.9932,-0.0065,0.0098,-0.0087,0.06,-2.5,321.69,0.0413,-0.3168,9.4411,9.4465,P004_Weight_Stack_Seated_Leg_Extension_Pulling_Too_Fast_1_01.csv
4,8,2,5,1,24.496,24496,0.13,-0.52,9.84,9.8546,0.0011,0.0098,0.0011,0.0,-2.5,321.69,0.053,-0.3436,9.4936,9.5,P004_Weight_Stack_Seated_Leg_Extension_Pulling_Too_Fast_1_01.csv
4,8,2,5,1,24.626,24626,0.12,-0.43,9.68,9.6903,-0.0076,0.0033,-0.0011,0.0,-2.44,321.69,0.0618,-0.355,9.5182,9.525,P004_Weight_Stack_Seated_Leg_Extension_Pulling_Too_Fast_1_01.csv
4,8,2,5,1,24.756,24756,0.07,-0.37,9.63,9.6374,-0.0011,0.0,0.0,0.0,-2.44,321.69,0.0629,-0.3569,9.5329,9.5398,P004_Weight_Stack_Seated_Leg_Extension_Pulling_Too_Fast_1_01.csv
4,8,2,5,1,24.886,24886,0.07,-0.39,10.0,10.0078,-0.0044,0.0065,-0.0044,0.0,-2.44,321.69,0.0638,-0.3613,9.5945,9.6015,P004_Weight_Stack_Seated_Leg_Extension_Pulling_Too_Fast_1_01.csv
4,8,2,5,1,25.016,25016,0.06,-0.36,10.25,10.2565,0.0044,-0.0022,-0.0044,0.0,-2.38,321.69,0.0633,-0.3611,9.6809,9.6878,P004_Weight_Stack_Seated_Leg_Extension_Pulling_Too_Fast_1_01.csv
4,8,2,5,1,25.146,25146,0.02,-0.36,9.92,9.9266,-0.0011,0.0022,-0.0022,0.0,-2.38,321.69,0.0576,-0.361,9.7124,9.7193,P004_Weight_Stack_Seated_Leg_Extension_Pulling_Too_Fast_1_01.csv
4,8,2,5,1,25.276,25276,0.07,-0.32,9.55,9.5556,-0.0022,-0.0011,-0.0033,0.0,-2.38,321.69,0.0592,-0.3556,9.691,9.6977,P004_Weight_Stack_Seated_Leg_Extension_Pulling_Too_Fast_1_01.csv
4,8,2,5,1,25.406,25406,-0.65,-1.0,8.98,9.0589,0.0055,-0.0218,0.0076,0.0,-2.38,321.75,-0.0342,-0.4405,9.5973,9.6075,P004_Weight_Stack_Seated_Leg_Extension_Pulling_Too_Fast_1_01.csv
4,8,2,5,1,25.579,25579,-0.32,0.41,9.89,9.9037,-0.0524,0.0175,-0.0818,0.0,-2.44,321.75,-0.0719,-0.3284,9.6359,9.6417,P004_Weight_Stack_Seated_Leg_Extension_Pulling_Too_Fast_1_01.csv
4,8,2,5,1,25.709,25709,0.02,-0.35,9.83,9.8362,-0.0033,0.0,0.0055,0.0,-2.38,321.69,-0.0598,-0.3313,9.6614,9.6673,P004_Weight_Stack_Seated_Leg_Extension_Pulling_Too_Fast_1_01.csv
4,8,2,5,1,25.839,25839,0.09,-0.28,9.88,9.8844,0.1985,-0.0109,-0.0185,-0.25,-2.06,321.94,-0.04,-0.3245,9.6902,9.6958,P004_Weight_Stack_Seated_Leg_Extension_Pulling_Too_Fast_1_01.csv
4,8,2,5,1,25.969,25969,0.22,-0.37,10.83,10.8386,0.0764,-0.0349,0.0022,-0.19,-2.25,321.88,-0.0058,-0.3305,9.8404,9.846,P004_Weight_Stack_Seated_Leg_Extension_Pulling_Too_Fast_1_01.csv
4,8,2,5,1,26.099,26099,0.0,-0.37,9.19,9.1974,-0.0011,0.0175,-0.0033,0.19,-2.63,322.06,-0.005,-0.3357,9.7547,9.7605,P004_Weight_Stack_Seated_Leg_Extension_Pulling_Too_Fast_1_01.csv
4,8,2,5,1,26.229,26229,0.33,0.0,10.04,10.0454,-0.2345,0.1025,-0.0131,-0.25,-2.19,321.88,0.0391,-0.2915,9.7923,9.7967,P004_Weight_Stack_Seated_Leg_Extension_Pulling_Too_Fast_1_01.csv
4,8,2,5,1,26.359,26359,0.15,-0.1,9.79,9.7917,0.0654,-0.0251,0.0142,-0.25,-2.06,321.88,0.0537,-0.2662,9.792,9.7958,P004_Weight_Stack_Seated_Leg_Extension_Pulling_Too_Fast_1_01.csv
4,8,2,5,1,26.489,26489,0.11,-0.24,9.83,9.8335,-0.0676,0.0284,-0.0196,-0.25,-2.19,321.81,0.0612,-0.2628,9.797,9.8007,P004_Weight_Stack_Seated_Leg_Extension_Pulling_Too_Fast_1_01.csv
4,8,2,5,1,26.662,26662,0.09,-0.28,9.81,9.8144,0.0,-0.0022,-0.0044,-0.25,-2.13,321.81,0.065,-0.2651,9.7987,9.8025,P004_Weight_Stack_Seated_Leg_Extension_Pulling_Too_Fast_1_01.csv
4,8,2,5,1,26.793,26793,0.09,-0.29,9.85,9.8547,0.0,-0.0011,-0.0011,-0.25,-2.13,321.81,0.0683,-0.2683,9.8055,9.8094,P004_Weight_Stack_Seated_Leg_Extension_Pulling_Too_Fast_1_01.csv
4,8,2,5,1,26.926,26926,-0.22,2.09,10.49,10.6984,-0.1898,0.096,-0.0753,-0.06,-2.19,321.81,0.0303,0.0424,9.8957,9.8958,P004_Weight_Stack_Seated_Leg_Extension_Pulling_Too_Fast_1_01.csv
4,8,2,5,1,27.06,27060,0.0,-0.04,10.0,10.0001,0.0087,-0.0109,-0.0065,-0.06,-2.25,321.69,0.0263,0.0316,9.9094,9.9095,P004_Weight_Stack_Seated_Leg_Extension_Pulling_Too_Fast_1_01.csv
4,8,2,5,1,27.19,27190,-0.5,-0.34,9.31,9.3296,0.0273,-0.0567,0.0338,0.0,-2.38,321.81,-0.0431,-0.0174,9.8304,9.8306,P004_Weight_Stack_Seated_Leg_Extension_Pulling_Too_Fast_1_01.csv
4,8,2,5,1,27.321,27321,-1.13,0.97,8.81,8.935,-0.048,-0.0011,-0.0229,0.0,-2.44,321.75,-0.1863,0.1127,9.696,9.6984,P004_Weight_Stack_Seated_Leg_Extension_Pulling_Too_Fast_1_01.csv
4,8,2,5,1,27.451,27451,0.0,-0.5,8.65,8.6644,0.0109,0.0175,-0.0349,0.0,-2.5,321.69,-0.1617,0.032,9.5581,9.5596,P004_Weight_Stack_Seated_Leg_Extension_Pulling_Too_Fast_1_01.csv
4,8,2,5,1,27.582,27582,0.2,-0.31,7.75,7.7588,0.0,0.0076,0.0011,0.0,-2.5,321.69,-0.1141,-0.0131,9.3199,9.3206,P004_Weight_Stack_Seated_Leg_Extension_Pulling_Too_Fast_1_01.csv
4,8,2,5,1,27.757,27757,0.1,-0.42,8.59,8.6008,0.0,-0.0033,0.0076,-0.06,-2.5,321.69,-0.0859,-0.0667,9.2237,9.2243,P004_Weight_Stack_Seated_Leg_Extension_Pulling_Too_Fast_1_01.csv
4,9,2,5,1,27.888,27888,0.09,-0.3,9.72,9.725,-0.0055,0.0033,0.0142,-0.06,-2.5,321.69,-0.0627,-0.0974,9.2891,9.2898,P004_Weight_Stack_Seated_Leg_Extension_Pulling_Too_Fast_1_01.csv
4,9,2,5,1,28.022,28022,0.38,-0.61,10.17,10.1954,-0.0033,0.0022,0.0076,-0.06,-2.5,321.69,-0.0044,-0.165,9.4052,9.4066,P004_Weight_Stack_Seated_Leg_Extension_Pulling_Too_Fast_1_01.csv
4,9,2,5,1,28.153,28153,0.16,-0.37,9.82,9.8283,-0.0022,-0.0033,0.0044,0.0,-2.5,321.69,0.0173,-0.192,9.4598,9.4618,P004_Weight_Stack_Seated_Leg_Extension_Pulling_Too_Fast_1_01.csv
4,9,2,5,1,28.284,28284,-0.08,-0.16,9.94,9.9416,-0.0033,0.0022,-0.0076,0.0,-2.5,321.69,0.0045,-0.1878,9.5231,9.525,P004_Weight_Stack_Seated_Leg_Extension_Pulling_Too_Fast_1_01.csv
4,9,2,5,1,28.414,28414,-0.08,-0.29,9.67,9.6747,-0.0011,-0.0044,0.012,0.0,-2.5,321.69,-0.0067,-0.2013,9.5425,9.5446,P004_Weight_Stack_Seated_Leg_Extension_Pulling_Too_Fast_1_01.csv
4,9,2,5,1,28.544,28544,0.0,-0.19,10.09,10.0918,0.0065,-0.0109,0.0033,0.0,-2.5,321.75,-0.0058,-0.1998,9.6146,9.6167,P004_Weight_Stack_Seated_Leg_Extension_Pulling_Too_Fast_1_01.csv
4,9,2,5,1,28.675,28675,-0.19,-0.42,10.0,10.0106,0.0033,0.0065,-0.0055,0.0,-2.44,321.69,-0.0301,-0.2288,9.6654,9.6682,P004_Weight_Stack_Seated_Leg_Extension_Pulling_Too_Fast_1_01.csv
4,9,2,5,1,28.847,28847,0.07,-0.39,9.82,9.828,0.0022,0.0,0.0011,0.0,-2.44,321.69,-0.0169,-0.25,9.6858,9.689,P004_Weight_Stack_Seated_Leg_Extension_Pulling_Too_Fast_1_01.csv
4,9,2,5,1,28.977,28977,-0.02,-0.27,9.87,9.8737,-0.0022,-0.0022,-0.0065,-0.06,-2.44,321.69,-0.0173,-0.2527,9.7101,9.7134,P004_Weight_Stack_Seated_Leg_Extension_Pulling_Too_Fast_1_01.csv
4,9,2,5,1,29.107,29107,0.08,-0.31,9.97,9.9751,-0.0065,0.0065,-0.0022,-0.06,-2.44,321.69,-0.0045,-0.2602,9.7443,9.7478,P004_Weight_Stack_Seated_Leg_Extension_Pulling_Too_Fast_1_01.csv
4,9,2,5,1,29.237,29237,0.08,-0.39,10.34,10.3477,-0.0022,0.0055,0.0,-0.06,-2.38,321.69,0.0067,-0.2773,9.8228,9.8267,P004_Weight_Stack_Seated_Leg_Extension_Pulling_Too_Fast_1_01.csv
4,9,2,5,1,29.367,29367,-0.16,-0.39,9.75,9.7591,-0.0175,0.0087,-0.0349,-0.06,-2.44,321.75,-0.0153,-0.2922,9.8132,9.8176,P004_Weight_Stack_Seated_Leg_Extension_Pulling_Too_Fast_1_01.csv
4,9,2,5,1,29.497,29497,0.16,-0.37,9.85,9.8582,0.0,0.0011,0.0022,-0.06,-2.38,321.69,0.0078,-0.3024,9.8181,9.8227,P004_Weight_Stack_Seated_Leg_Extension_Pulling_Too_Fast_1_01.csv
4,9,2,5,1,29.627,29627,-0.39,-1.62,9.87,10.0097,0.072,-0.0436,0.0818,0.0,-2.5,321.88,-0.0446,-0.476,9.8249,9.8365,P004_Weight_Stack_Seated_Leg_Extension_Pulling_Too_Fast_1_01.csv
4,9,2,5,1,29.757,29757,0.0,-0.37,9.83,9.837,-0.0033,-0.0011,0.0044,-0.25,-2.19,321.81,-0.0387,-0.4621,9.8256,9.8365,P004_Weight_Stack_Seated_Leg_Extension_Pulling_Too_Fast_1_01.csv
4,9,2,5,1,29.93,29930,0.07,-0.31,9.82,9.8251,0.0,-0.0011,0.0011,-0.25,-2.19,321.81,-0.0244,-0.442,9.8248,9.8348,P004_Weight_Stack_Seated_Leg_Extension_Pulling_Too_Fast_1_01.csv
4,9,2,5,1,30.06,30060,0.07,-0.31,9.81,9.8151,0.0,-0.0022,0.0033,-0.25,-2.19,321.81,-0.012,-0.4246,9.8229,9.8321,P004_Weight_Stack_Seated_Leg_Extension_Pulling_Too_Fast_1_01.csv
4,9,2,5,1,30.19,30190,0.1,-0.32,9.79,9.7957,-0.0011,0.0011,0.0,-0.25,-2.19,321.81,0.0028,-0.4108,9.8186,9.8271,P004_Weight_Stack_Seated_Leg_Extension_Pulling_Too_Fast_1_01.csv
4,9,2,5,1,30.32,30320,0.09,-0.29,9.82,9.8247,-0.0022,0.0022,-0.0033,-0.25,-2.19,321.81,0.0143,-0.3949,9.8187,9.8267,P004_Weight_Stack_Seated_Leg_Extension_Pulling_Too_Fast_1_01.csv
4,9,2,5,1,30.45,30450,0.1,-0.33,9.84,9.846,-0.0011,-0.0011,0.0,-0.25,-2.19,321.81,0.0256,-0.3864,9.8215,9.8292,P004_Weight_Stack_Seated_Leg_Extension_Pulling_Too_Fast_1_01.csv
4,9,2,5,1,30.58,30580,-0.07,-11.67,-3.01,12.0521,0.3076,-0.1407,-0.0425,-0.06,-2.56,321.81,0.013,-1.8733,8.1307,8.3437,P004_Weight_Stack_Seated_Leg_Extension_Pulling_Too_Fast_1_01.csv
4,10,2,5,1,30.71,30710,0.28,-0.22,8.96,8.9671,0.0044,-0.0065,-0.0131,-0.13,-2.31,321.88,0.0482,-1.6554,8.24,8.4047,P004_Weight_Stack_Seated_Leg_Extension_Pulling_Too_Fast_1_01.csv
4,10,2,5,1,30.84,30840,0.0,-0.45,10.07,10.08,0.0251,-0.0076,0.012,-0.06,-2.44,321.94,0.0418,-1.4966,8.4811,8.6122,P004_Weight_Stack_Seated_Leg_Extension_Pulling_Too_Fast_1_01.csv
4,10,2,5,1,31.013,31013,0.43,0.04,9.49,9.4998,-0.0687,-0.0033,-0.0273,0.0,-2.56,321.94,0.093,-1.2941,8.6141,8.7112,P004_Weight_Stack_Seated_Leg_Extension_Pulling_Too_Fast_1_01.csv
4,10,2,5,1,31.144,31144,0.37,-0.68,8.86,8.8938,0.0,0.012,-0.0065,0.0,-2.63,321.88,0.1295,-1.2132,8.6465,8.7321,P004_Weight_Stack_Seated_Leg_Extension_Pulling_Too_Fast_1_01.csv
4,10,2,5,1,31.274,31274,-0.23,-0.37,8.01,8.0218,0.0229,-0.0153,0.0305,-0.06,-2.69,321.88,0.0821,-1.1021,8.5626,8.6336,P004_Weight_Stack_Seated_Leg_Extension_Pulling_Too_Fast_1_01.csv
4,10,2,5,1,31.406,31406,0.21,-0.25,7.6,7.607,0.0055,-0.0022,-0.0153,-0.06,-2.69,321.81,0.099,-0.9898,8.4357,8.4942,P004_Weight_Stack_Seated_Leg_Extension_Pulling_Too_Fast_1_01.csv
4,10,2,5,1,31.541,31541,-0.12,-0.51,9.69,9.7042,0.0055,-0.0065,0.0044,-0.06,-2.63,321.88,0.0701,-0.9266,8.601,8.6511,P004_Weight_Stack_Seated_Leg_Extension_Pulling_Too_Fast_1_01.csv
4,10,2,5,1,31.672,31672,0.08,-0.27,10.53,10.5338,-0.0055,-0.0033,0.0087,0.0,-2.63,321.88,0.0714,-0.84,8.8552,8.8953,P004_Weight_Stack_Seated_Leg_Extension_Pulling_Too_Fast_1_01.csv
4,10,2,5,1,31.803,31803,0.21,-0.25,10.36,10.3651,-0.0022,-0.0033,-0.0218,0.0,-2.63,321.94,0.0897,-0.7623,9.0535,9.086,P004_Weight_Stack_Seated_Leg_Extension_Pulling_Too_Fast_1_01.csv
4,10,2,5,1,31.933,31933,0.1,-0.41,9.4,9.4095,-0.0011,0.0033,0.0142,0.0,-2.63,321.94,0.091,-0.7159,9.0992,9.1277,P004_Weight_Stack_Seated_Leg_Extension_Pulling_Too_Fast_1_01.csv
4,10,2,5,1,32.106,32106,0.14,-0.96,9.5,9.5494,0.0087,-0.0469,0.0196,0.0,-2.56,321.94,0.0975,-0.748,9.152,9.183,P004_Weight_Stack_Seated_Leg_Extension_Pulling_Too_Fast_1_01.csv
4,10,2,5,1,32.236,32236,0.04,-0.23,9.96,9.9627,-0.0098,0.0175,-0.0076,0.0,-2.56,321.94,0.0899,-0.6798,9.2585,9.2838,P004_Weight_Stack_Seated_Leg_Extension_Pulling_Too_Fast_1_01.csv
4,10,2,5,1,32.366,32366,0.24,-0.36,10.4,10.409,0.0011,0.0022,-0.0033,0.0,-2.5,321.94,0.1097,-0.6376,9.4089,9.4311,P004_Weight_Stack_Seated_Leg_Extension_Pulling_Too_Fast_1_01.csv
4,10,2,5,1,32.497,32497,0.0,-0.52,10.14,10.1533,0.0065,-0.0087,0.0033,-0.06,-2.5,321.94,0.0952,-0.6221,9.5052,9.526,P004_Weight_Stack_Seated_Leg_Extension_Pulling_Too_Fast_1_01.csv
4,10,2,5,1,32.627,32627,0.1,-0.29,9.75,9.7548,0.0022,-0.0131,-0.0011,-0.06,-2.5,321.94,0.0959,-0.5784,9.5375,9.5555,P004_Weight_Stack_Seated_Leg_Extension_Pulling_Too_Fast_1_01.csv
4,10,2,5,1,32.757,32757,0.05,-0.33,9.53,9.5358,-0.0044,0.0131,-0.0022,-0.06,-2.5,321.94,0.0898,-0.5456,9.5365,9.5525,P004_Weight_Stack_Seated_Leg_Extension_Pulling_Too_Fast_1_01.csv
4,10,2,5,1,32.887,32887,0.02,-0.31,9.75,9.7549,-0.0033,0.0065,-0.0044,-0.06,-2.44,322.0,0.0806,-0.5146,9.5646,9.5788,P004_Weight_Stack_Seated_Leg_Extension_Pulling_Too_Fast_1_01.csv
4,10,2,5,1,33.017,33017,0.13,-0.04,7.91,7.9112,0.0513,-0.0273,0.0644,-0.06,-2.5,322.13,0.0871,-0.452,9.3466,9.3579,P004_Weight_Stack_Seated_Leg_Extension_Pulling_Too_Fast_1_01.csv
4,10,2,5,1,33.193,33193,1.43,-1.95,8.89,9.213,0.0862,0.0164,-0.1734,-0.13,-2.44,322.0,0.2641,-0.6494,9.2864,9.3129,P004_Weight_Stack_Seated_Leg_Extension_Pulling_Too_Fast_1_01.csv
4,10,2,5,1,33.326,33326,0.07,-0.41,9.76,9.7689,-0.0033,0.0,0.0044,-0.13,-2.5,322.0,0.2385,-0.6179,9.3488,9.3723,P004_Weight_Stack_Seated_Leg_Extension_Pulling_Too_Fast_1_01.csv
4,10,2,5,1,33.457,33457,0.3,-0.58,9.28,9.3029,-0.0164,-0.0011,-0.0044,-0.31,-2.06,322.25,0.2466,-0.6129,9.3398,9.3631,P004_Weight_Stack_Seated_Leg_Extension_Pulling_Too_Fast_1_01.csv
4,10,2,5,1,33.588,33588,0.04,-0.17,9.08,9.0817,0.1113,-0.1047,0.0622,0.0,-2.69,322.25,0.2194,-0.5545,9.3055,9.3246,P004_Weight_Stack_Seated_Leg_Extension_Pulling_Too_Fast_1_01.csv
4,10,2,5,1,33.718,33718,-0.38,-0.49,9.9,9.9194,0.0109,0.0033,-0.0338,0.13,-2.81,322.31,0.1404,-0.546,9.3839,9.4008,P004_Weight_Stack_Seated_Leg_Extension_Pulling_Too_Fast_1_01.csv
4,10,2,5,1,33.849,33849,0.09,-0.15,9.94,9.9415,0.0033,-0.0011,-0.0022,-0.31,-2.25,322.19,0.1338,-0.4938,9.4572,9.471,P004_Weight_Stack_Seated_Leg_Extension_Pulling_Too_Fast_1_01.csv
4,10,2,5,1,33.979,33979,0.15,-0.26,9.8,9.8046,0.0033,-0.0055,0.0044,-0.31,-2.25,322.19,0.1359,-0.463,9.5023,9.5146,P004_Weight_Stack_Seated_Leg_Extension_Pulling_Too_Fast_1_01.csv
4,10,2,5,1,34.109,34109,0.07,-0.26,9.87,9.8737,-0.0022,0.0033,-0.0055,-0.31,-2.31,322.19,0.1272,-0.4363,9.5508,9.5616,P004_Weight_Stack_Seated_Leg_Extension_Pulling_Too_Fast_1_01.csv
4,10,2,5,1,34.282,34282,0.08,-0.3,9.82,9.8249,0.0,-0.0022,0.0011,-0.31,-2.31,322.19,0.121,-0.4183,9.5863,9.5961,P004_Weight_Stack_Seated_Leg_Extension_Pulling_Too_Fast_1_01.csv
4,10,2,5,1,34.413,34413,0.08,-0.28,9.88,9.8843,-0.0033,0.0011,-0.0022,-0.31,-2.31,322.19,0.1156,-0.4001,9.625,9.634,P004_Weight_Stack_Seated_Leg_Extension_Pulling_Too_Fast_1_01.csv
4,10,2,5,1,34.544,34544,0.11,-0.32,9.83,9.8358,0.0011,-0.0022,0.0022,-0.31,-2.31,322.19,0.1149,-0.3895,9.652,9.6605,P004_Weight_Stack_Seated_Leg_Extension_Pulling_Too_Fast_1_01.csv
4,10,2,5,1,34.68,34680,-0.16,-1.03,11.15,11.1986,0.1134,-0.0971,-0.0033,-0.19,-2.5,322.19,0.0786,-0.4739,9.8494,9.8611,P004_Weight_Stack_Seated_Leg_Extension_Pulling_Too_Fast_1_01.csv
4,10,2,5,1,34.811,34811,-0.01,-0.41,9.26,9.2691,0.0076,-0.0142,-0.0011,-0.13,-2.44,322.06,0.067,-0.4655,9.7717,9.783,P004_Weight_Stack_Seated_Leg_Extension_Pulling_Too_Fast_1_01.csv
4,10,2,5,1,34.941,34941,-0.21,-0.51,9.91,9.9253,0.0229,-0.0055,0.0284,-0.06,-2.56,322.13,0.0305,-0.4714,9.7899,9.8013,P004_Weight_Stack_Seated_Leg_Extension_Pulling_Too_Fast_1_01.csv
4,10,2,5,1,35.072,35072,-0.58,-0.19,8.93,8.9508,0.0371,0.024,0.0153,0.0,-2.69,322.19,-0.05,-0.4343,9.6766,9.6865,P004_Weight_Stack_Seated_Leg_Extension_Pulling_Too_Fast_1_01.csv
4,10,2,5,1,35.202,35202,-0.18,0.73,8.52,8.5531,-0.0033,0.0284,-0.0251,0.0,-2.75,322.13,-0.0671,-0.2809,9.5242,9.5286,P004_Weight_Stack_Seated_Leg_Extension_Pulling_Too_Fast_1_01.csv
4,10,2,5,1,35.375,35375,0.22,-0.19,7.74,7.7455,-0.0011,-0.0022,0.0033,-0.06,-2.81,322.13,-0.0293,-0.2689,9.2891,9.293,P004_Weight_Stack_Seated_Leg_Extension_Pulling_Too_Fast_1_01.csv
4,10,2,5,1,35.506,35506,0.21,-0.42,7.92,7.9339,0.0153,-0.0033,-0.012,-0.06,-2.81,322.06,0.0023,-0.2888,9.1087,9.1133,P004_Weight_Stack_Seated_Leg_Extension_Pulling_Too_Fast_1_01.csv
4,10,2,5,1,35.638,35638,-0.02,-0.26,9.78,9.7835,0.0,-0.0044,0.0229,-0.06,-2.81,322.13,-0.0007,-0.285,9.1971,9.2016,P004_Weight_Stack_Seated_Leg_Extension_Pulling_Too_Fast_1_01.csv
4,10,2,5,1,35.773,35773,0.13,-0.45,10.28,10.2907,-0.0022,0.0022,-0.0098,-0.06,-2.81,322.13,0.0165,-0.3068,9.3398,9.3449,P004_Weight_Stack_Seated_Leg_Extension_Pulling_Too_Fast_1_01.csv
4,10,2,5,1,35.904,35904,0.16,-0.45,9.9,9.9115,0.0011,0.0,-0.0076,-0.06,-2.75,322.19,0.0354,-0.3256,9.4137,9.4194,P004_Weight_Stack_Seated_Leg_Extension_Pulling_Too_Fast_1_01.csv
4,10,2,5,1,36.034,36034,0.14,-0.43,9.53,9.5407,-0.0022,-0.0022,0.0055,-0.06,-2.75,322.25,0.0492,-0.3394,9.429,9.4352,P004_Weight_Stack_Seated_Leg_Extension_Pulling_Too_Fast_1_01.csv
4,10,2,5,1,36.165,36165,0.01,-0.36,9.69,9.6967,-0.0011,0.0011,0.0044,-0.06,-2.75,322.25,0.0441,-0.3421,9.4634,9.4697,P004_Weight_Stack_Seated_Leg_Extension_Pulling_Too_Fast_1_01.csv
4,10,2,5,1,36.295,36295,-0.07,-0.59,10.08,10.0975,0.0,-0.0327,0.0109,-0.06,-2.69,322.25,0.029,-0.3748,9.5446,9.552,P004_Weight_Stack_Seated_Leg_Extension_Pulling_Too_Fast_1_01.csv
4,1,2,5,1,0.0,0,-0.57,-0.22,9.74,9.7591,-0.012,0.0458,0.0065,2.94,-1.69,295.5,-0.5659,-0.2256,9.999,10.0176,P004_Weight_Stack_Seated_Leg_Extension_Pulling_Too_Fast_1_02.csv
4,1,2,5,1,0.13,130,-0.47,-0.29,9.87,9.8854,0.0011,0.0011,-0.0022,2.88,-1.69,295.38,-0.5533,-0.2341,9.982,10.0001,P004_Weight_Stack_Seated_Leg_Extension_Pulling_Too_Fast_1_02.csv
4,1,2,5,1,0.26,260,-0.56,-0.48,9.97,9.9972,-0.0447,0.0742,-0.0284,2.81,-1.63,295.38,-0.5542,-0.2665,9.9804,9.9994,P004_Weight_Stack_Seated_Leg_Extension_Pulling_Too_Fast_1_02.csv
4,1,2,5,1,0.433,433,-0.51,-0.21,9.86,9.8754,-0.0011,0.0033,-0.0022,2.5,-1.31,295.31,-0.5483,-0.259,9.9646,9.983,P004_Weight_Stack_Seated_Leg_Extension_Pulling_Too_Fast_1_02.csv
4,1,2,5,1,0.564,564,-0.47,-0.11,9.96,9.9717,-0.0033,-0.0011,0.0011,2.5,-1.31,295.31,-0.538,-0.2394,9.964,9.9813,P004_Weight_Stack_Seated_Leg_Extension_Pulling_Too_Fast_1_02.csv
4,1,2,5,1,0.695,695,0.26,-1.17,12.84,12.8958,-0.0545,0.0295,-0.0502,2.56,-1.38,295.13,-0.4329,-0.362,10.343,10.3583,P004_Weight_Stack_Seated_Leg_Extension_Pulling_Too_Fast_1_02.csv
4,1,2,5,1,0.827,827,-1.17,0.21,12.32,12.3772,0.0218,-0.0295,0.0044,2.63,-1.44,295.13,-0.53,-0.2866,10.6035,10.6206,P004_Weight_Stack_Seated_Leg_Extension_Pulling_Too_Fast_1_02.csv
4,1,2,5,1,0.962,962,-0.24,0.13,12.34,12.343,-0.0175,0.0153,-0.0207,2.63,-1.44,295.13,-0.4918,-0.2317,10.8323,10.8459,P004_Weight_Stack_Seated_Leg_Extension_Pulling_Too_Fast_1_02.csv
4,1,2,5,1,1.093,1093,-0.24,-0.32,10.86,10.8674,0.0338,-0.0327,0.0033,2.69,-1.56,295.19,-0.4586,-0.2434,10.836,10.8484,P004_Weight_Stack_Seated_Leg_Extension_Pulling_Too_Fast_1_02.csv
4,1,2,5,1,1.223,1223,-0.92,-0.03,8.93,8.9773,0.0011,-0.0131,0.0098,2.75,-1.69,295.25,-0.5194,-0.2153,10.5848,10.5997,P004_Weight_Stack_Seated_Leg_Extension_Pulling_Too_Fast_1_02.csv
4,1,2,5,1,1.353,1353,-0.83,-0.25,8.42,8.4645,0.0153,0.0153,-0.0011,2.69,-1.75,295.19,-0.5603,-0.2198,10.2995,10.3171,P004_Weight_Stack_Seated_Leg_Extension_Pulling_Too_Fast_1_02.csv
4,1,2,5,1,1.526,1526,-0.46,-0.36,8.62,8.6398,0.0033,-0.0011,0.0022,2.69,-1.75,295.19,-0.5471,-0.2383,10.0782,10.0959,P004_Weight_Stack_Seated_Leg_Extension_Pulling_Too_Fast_1_02.csv
4,1,2,5,1,1.659,1659,-0.53,-0.36,9.6,9.6214,0.0,0.0033,0.0055,2.69,-1.75,295.19,-0.5449,-0.2543,10.0152,10.0332,P004_Weight_Stack_Seated_Leg_Extension_Pulling_Too_Fast_1_02.csv
4,1,2,5,1,1.794,1794,-0.43,-0.28,9.51,9.5238,-0.0011,0.0022,0.0,2.69,-1.69,295.19,-0.5297,-0.2577,9.9486,9.9661,P004_Weight_Stack_Seated_Leg_Extension_Pulling_Too_Fast_1_02.csv
4,1,2,5,1,1.925,1925,-0.81,-0.1,9.68,9.7143,0.0033,0.0153,0.0033,2.69,-1.69,295.19,-0.5667,-0.2369,9.9132,9.9322,P004_Weight_Stack_Seated_Leg_Extension_Pulling_Too_Fast_1_02.csv
4,1,2,5,1,2.055,2055,-0.71,-0.35,9.97,10.0014,0.0044,-0.0065,0.0,2.75,-1.69,295.19,-0.5855,-0.2518,9.9207,9.9412,P004_Weight_Stack_Seated_Leg_Extension_Pulling_Too_Fast_1_02.csv
4,1,2,5,1,2.185,2185,-0.57,-0.12,9.69,9.7075,-0.0033,0.0065,0.0022,2.75,-1.69,295.19,-0.5835,-0.2345,9.8903,9.9103,P004_Weight_Stack_Seated_Leg_Extension_Pulling_Too_Fast_1_02.csv
4,1,2,5,1,2.316,2316,-0.42,-0.25,9.46,9.4726,-0.0044,-0.0022,-0.0055,2.75,-1.69,295.19,-0.562,-0.2365,9.8336,9.8525,P004_Weight_Stack_Seated_Leg_Extension_Pulling_Too_Fast_1_02.csv
4,1,2,5,1,2.446,2446,-0.44,-0.09,9.32,9.3308,-0.0044,0.012,0.0,2.69,-1.69,295.19,-0.5459,-0.2172,9.7659,9.7836,P004_Weight_Stack_Seated_Leg_Extension_Pulling_Too_Fast_1_02.csv
4,1,2,5,1,2.619,2619,-0.5,-0.1,10.28,10.2926,-0.0087,0.0011,-0.0076,2.75,-1.63,295.19,-0.5398,-0.2018,9.8337,9.8505,P004_Weight_Stack_Seated_Leg_Extension_Pulling_Too_Fast_1_02.csv
4,1,2,5,1,2.75,2750,-0.52,-0.24,10.34,10.3558,0.0,0.0175,-0.0044,2.69,-1.63,295.19,-0.5372,-0.2068,9.9004,9.9171,P004_Weight_Stack_Seated_Leg_Extension_Pulling_Too_Fast_1_02.csv
4,1,2,5,1,2.88,2880,-0.46,-0.22,9.98,9.993,-0.0055,-0.0098,-0.0076,2.69,-1.63,295.19,-0.527,-0.2085,9.9109,9.9271,P004_Weight_Stack_Seated_Leg_Extension_Pulling_Too_Fast_1_02.csv
4,1,2,5,1,3.011,3011,-0.18,-0.4,9.53,9.5401,-0.0175,0.0305,0.0404,2.63,-1.69,295.31,-0.4813,-0.2338,9.8607,9.8752,P004_Weight_Stack_Seated_Leg_Extension_Pulling_Too_Fast_1_02.csv
4,1,2,5,1,3.143,3143,-0.57,-0.19,9.89,9.9082,0.0044,-0.0022,0.0011,2.63,-1.63,295.19,-0.493,-0.228,9.8646,9.8795,P004_Weight_Stack_Seated_Leg_Extension_Pulling_Too_Fast_1_02.csv
4,1,2,5,1,3.278,3278,-0.54,-0.05,7.7,7.7191,0.0371,-0.0175,0.0458,2.69,-1.69,295.25,-0.4992,-0.2045,9.5793,9.5945,P004_Weight_Stack_Seated_Leg_Extension_Pulling_Too_Fast_1_02.csv
4,2,2,5,1,3.409,3409,-0.38,-0.21,10.01,10.0194,0.0033,-0.0011,-0.0164,2.5,-1.44,295.38,-0.4835,-0.2053,9.6361,9.6504,P004_Weight_Stack_Seated_Leg_Extension_Pulling_Too_Fast_1_02.csv
4,2,2,5,1,3.539,3539,-0.42,-0.19,9.84,9.8508,0.0,0.0022,-0.0022,2.5,-1.44,295.38,-0.4751,-0.2033,9.6629,9.6768,P004_Weight_Stack_Seated_Leg_Extension_Pulling_Too_Fast_1_02.csv
4,2,2,5,1,3.712,3712,1.19,-2.19,14.73,14.9394,0.0905,0.1669,-0.0218,2.63,-1.69,295.25,-0.2557,-0.4651,10.3307,10.3443,P004_Weight_Stack_Seated_Leg_Extension_Pulling_Too_Fast_1_02.csv
4,2,2,5,1,3.842,3842,-0.91,-0.18,12.88,12.9134,0.0251,-0.0109,-0.0044,2.69,-1.56,295.19,-0.3419,-0.4275,10.6666,10.6806,P004_Weight_Stack_Seated_Leg_Extension_Pulling_Too_Fast_1_02.csv
4,2,2,5,1,3.973,3973,-0.23,-0.72,11.56,11.5847,0.0131,0.0164,-0.0218,2.69,-1.69,295.25,-0.3272,-0.466,10.7843,10.7993,P004_Weight_Stack_Seated_Leg_Extension_Pulling_Too_Fast_1_02.csv
4,2,2,5,1,4.104,4104,-0.24,-0.25,10.09,10.0959,-0.0098,0.0109,-0.0316,2.75,-1.75,295.25,-0.3157,-0.4376,10.6928,10.7064,P004_Weight_Stack_Seated_Leg_Extension_Pulling_Too_Fast_1_02.csv
4,2,2,5,1,4.237,4237,-0.76,-0.49,9.38,9.4235,0.0305,-0.0098,0.0131,2.75,-1.88,295.31,-0.3742,-0.4445,10.5198,10.5359,P004_Weight_Stack_Seated_Leg_Extension_Pulling_Too_Fast_1_02.csv
4,2,2,5,1,4.371,4371,-0.45,-0.09,8.64,8.6522,-0.0098,0.0044,-0.0175,2.75,-1.94,295.25,-0.3842,-0.3978,10.2721,10.287,P004_Weight_Stack_Seated_Leg_Extension_Pulling_Too_Fast_1_02.csv
4,2,2,5,1,4.502,4502,-0.53,-0.25,8.37,8.3905,-0.0131,0.0109,0.0011,2.75,-1.94,295.25,-0.4034,-0.3783,10.0215,10.0367,P004_Weight_Stack_Seated_Leg_Extension_Pulling_Too_Fast_1_02.csv
4,2,2,5,1,4.632,4632,-0.45,-0.41,9.31,9.3299,-0.0033,-0.0011,0.012,2.75,-1.94,295.25,-0.4096,-0.3825,9.9277,9.9435,P004_Weight_Stack_Seated_Leg_Extension_Pulling_Too_Fast_1_02.csv
4,2,2,5,1,4.805,4805,-0.61,-0.41,10.58,10.6055,0.0,0.0,0.0022,2.75,-1.88,295.25,-0.436,-0.3861,10.0137,10.0306,P004_Weight_Stack_Seated_Leg_Extension_Pulling_Too_Fast_1_02.csv
4,2,2,5,1,4.935,4935,-0.85,-0.15,10.36,10.3959,-0.0033,0.0087,0.0,2.75,-1.88,295.25,-0.4905,-0.355,10.0593,10.0775,P004_Weight_Stack_Seated_Leg_Extension_Pulling_Too_Fast_1_02.csv
4,2,2,5,1,5.066,5066,-0.45,-0.37,10.0,10.017,0.0011,-0.0065,0.0044,2.75,-1.88,295.25,-0.4852,-0.357,10.0515,10.0695,P004_Weight_Stack_Seated_Leg_Extension_Pulling_Too_Fast_1_02.csv
4,2,2,5,1,5.198,5198,-0.59,-0.31,9.67,9.6929,-0.0044,0.0044,-0.0011,2.75,-1.88,295.25,-0.499,-0.3508,10.0012,10.0198,P004_Weight_Stack_Seated_Leg_Extension_Pulling_Too_Fast_1_02.csv
4,2,2,5,1,5.333,5333,-0.41,-0.25,9.39,9.4023,-0.0087,0.0098,-0.0065,2.81,-1.88,295.25,-0.4873,-0.3375,9.9207,9.9384,P004_Weight_Stack_Seated_Leg_Extension_Pulling_Too_Fast_1_02.csv
4,2,2,5,1,5.464,5464,-0.24,-0.37,10.23,10.2395,-0.0055,0.0044,-0.0044,2.75,-1.81,295.25,-0.4547,-0.3418,9.9614,9.9777,P004_Weight_Stack_Seated_Leg_Extension_Pulling_Too_Fast_1_02.csv
4,2,2,5,1,5.594,5594,-0.51,-0.3,9.76,9.7779,-0.0022,-0.0033,-0.0011,2.75,-1.81,295.25,-0.462,-0.3363,9.9349,9.9513,P004_Weight_Stack_Seated_Leg_Extension_Pulling_Too_Fast_1_02.csv
4,2,2,5,1,5.724,5724,-0.52,-0.26,9.94,9.957,-0.0033,-0.0011,-0.0022,2.75,-1.81,295.25,-0.4696,-0.3262,9.9356,9.952,P004_Weight_Stack_Seated_Leg_Extension_Pulling_Too_Fast_1_02.csv
4,2,2,5,1,5.897,5897,-0.5,-0.29,10.05,10.0666,-0.0065,0.0055,-0.0044,2.75,-1.81,295.25,-0.4736,-0.3215,9.9506,9.9671,P004_Weight_Stack_Seated_Leg_Extension_Pulling_Too_Fast_1_02.csv
4,2,2,5,1,6.03,6030,-0.49,-0.28,9.89,9.9061,-0.0022,0.0022,-0.0022,2.75,-1.81,295.25,-0.4758,-0.316,9.9427,9.959,P004_Weight_Stack_Seated_Leg_Extension_Pulling_Too_Fast_1_02.csv
4,2,2,5,1,6.161,6161,-0.03,-0.16,9.34,9.3414,0.0109,-0.0153,-0.0055,2.75,-1.81,295.31,-0.417,-0.2954,9.8632,9.8765,P004_Weight_Stack_Seated_Leg_Extension_Pulling_Too_Fast_1_02.csv
4,2,2,5,1,6.295,6295,-0.33,-0.08,9.87,9.8758,-0.0076,0.0044,-0.0109,2.75,-1.81,295.25,-0.4056,-0.267,9.8641,9.8761,P004_Weight_Stack_Seated_Leg_Extension_Pulling_Too_Fast_1_02.csv
4,2,2,5,1,6.426,6426,-0.52,-0.17,9.82,9.8352,0.0033,0.0011,0.0207,2.75,-1.81,295.31,-0.4207,-0.2543,9.8583,9.8706,P004_Weight_Stack_Seated_Leg_Extension_Pulling_Too_Fast_1_02.csv
4,3,2,5,1,6.557,6557,-0.49,-1.33,10.95,11.0414,0.0764,-0.0229,0.0076,2.56,-1.63,295.5,-0.4298,-0.396,10.0022,10.0192,P004_Weight_Stack_Seated_Leg_Extension_Pulling_Too_Fast_1_02.csv
4,3,2,5,1,6.687,6687,-0.71,-0.23,9.71,9.7386,0.0,-0.0065,0.0033,2.56,-1.63,295.44,-0.4667,-0.3741,9.9637,9.9816,P004_Weight_Stack_Seated_Leg_Extension_Pulling_Too_Fast_1_02.csv
4,3,2,5,1,6.817,6817,-0.4,-0.24,9.9,9.911,0.0011,0.0022,0.0011,2.56,-1.63,295.44,-0.4579,-0.3565,9.9553,9.9722,P004_Weight_Stack_Seated_Leg_Extension_Pulling_Too_Fast_1_02.csv
4,3,2,5,1,6.99,6990,-0.46,-0.22,9.82,9.8332,0.0011,0.0011,-0.0011,2.56,-1.63,295.44,-0.4582,-0.3385,9.9375,9.9538,P004_Weight_Stack_Seated_Leg_Extension_Pulling_Too_Fast_1_02.csv
4,3,2,5,1,7.12,7120,-0.44,-0.22,9.8,9.8123,0.0,0.0011,-0.0033,2.63,-1.63,295.44,-0.4558,-0.3229,9.9193,9.9351,P004_Weight_Stack_Seated_Leg_Extension_Pulling_Too_Fast_1_02.csv
4,3,2,5,1,7.25,7250,-0.46,-0.25,9.85,9.8639,0.0011,-0.0011,0.0,2.63,-1.56,295.44,-0.4564,-0.3133,9.9102,9.9257,P004_Weight_Stack_Seated_Leg_Extension_Pulling_Too_Fast_1_02.csv
4,3,2,5,1,7.38,7380,-0.46,-0.22,9.83,9.8432,0.0022,0.0,-0.0022,2.63,-1.56,295.44,-0.4568,-0.301,9.8996,9.9147,P004_Weight_Stack_Seated_Leg_Extension_Pulling_Too_Fast_1_02.csv
4,3,2,5,1,7.51,7510,-0.51,-0.23,9.85,9.8659,0.0,-0.0011,0.0022,2.63,-1.56,295.44,-0.4638,-0.2916,9.8931,9.9083,P004_Weight_Stack_Seated_Leg_Extension_Pulling_Too_Fast_1_02.csv
4,3,2,5,1,7.64,7640,-0.46,-0.22,9.81,9.8232,0.0022,-0.0044,0.0,2.63,-1.56,295.44,-0.4633,-0.2822,9.8821,9.897,P004_Weight_Stack_Seated_Leg_Extension_Pulling_Too_Fast_1_02.csv
4,3,2,5,1,7.77,7770,0.15,-0.88,20.17,20.1897,0.1102,-0.0556,-0.0284,2.69,-1.63,295.44,-0.3825,-0.361,11.2378,11.2501,P004_Weight_Stack_Seated_Leg_Extension_Pulling_Too_Fast_1_02.csv
4,3,2,5,1,7.9,7900,-0.41,0.4,8.28,8.2998,0.0131,-0.0349,-0.024,2.81,-1.75,295.94,-0.3861,-0.2607,10.8481,10.8581,P004_Weight_Stack_Seated_Leg_Extension_Pulling_Too_Fast_1_02.csv
4,3,2,5,1,8.073,8073,-0.09,-0.06,10.48,10.4806,-0.0055,0.0098,-0.036,2.94,-1.88,296.0,-0.3471,-0.2342,10.7996,10.8077,P004_Weight_Stack_Seated_Leg_Extension_Pulling_Too_Fast_1_02.csv
4,3,2,5,1,8.203,8203,-0.77,0.5,9.4,9.4447,-0.0022,0.0055,-0.0425,2.94,-2.0,295.94,-0.4028,-0.1375,10.6151,10.6237,P004_Weight_Stack_Seated_Leg_Extension_Pulling_Too_Fast_1_02.csv
4,3,2,5,1,8.335,8335,-0.27,-0.36,8.32,8.3322,-0.0033,0.0,-0.0164,2.94,-2.06,295.94,-0.3853,-0.1668,10.3127,10.3212,P004_Weight_Stack_Seated_Leg_Extension_Pulling_Too_Fast_1_02.csv
4,3,2,5,1,8.466,8466,-0.72,-0.42,8.52,8.5607,0.0065,-0.012,0.0207,2.94,-2.06,295.94,-0.4294,-0.2002,10.0765,10.0876,P004_Weight_Stack_Seated_Leg_Extension_Pulling_Too_Fast_1_02.csv
4,3,2,5,1,8.601,8601,-0.59,-0.2,9.94,9.9595,0.0011,-0.0055,-0.0055,2.94,-2.06,295.94,-0.4506,-0.2001,10.0585,10.0706,P004_Weight_Stack_Seated_Leg_Extension_Pulling_Too_Fast_1_02.csv
4,3,2,5,1,8.732,8732,-0.52,-0.12,10.12,10.1341,-0.0087,-0.0033,-0.0055,2.94,-2.06,296.0,-0.4597,-0.1896,10.0666,10.0789,P004_Weight_Stack_Seated_Leg_Extension_Pulling_Too_Fast_1_02.csv
4,3,2,5,1,8.863,8863,-0.56,-0.21,10.08,10.0977,0.0,-0.0076,0.0033,2.94,-2.06,296.0,-0.4729,-0.1923,10.0684,10.0813,P004_Weight_Stack_Seated_Leg_Extension_Pulling_Too_Fast_1_02.csv
4,3,2,5,1,8.993,8993,-0.55,-0.29,9.58,9.6002,0.0,0.0,0.0065,3.0,-2.06,296.0,-0.4831,-0.2052,10.004,10.0178,P004_Weight_Stack_Seated_Leg_Extension_Pulling_Too_Fast_1_02.csv
4,3,2,5,1,9.166,9166,-0.61,-0.51,9.47,9.5033,-0.0033,-0.0382,0.0284,3.0,-2.0,296.0,-0.4998,-0.2453,9.9336,9.9492,P004_Weight_Stack_Seated_Leg_Extension_Pulling_Too_Fast_1_02.csv
4,3,2,5,1,9.296,9296,-0.33,-0.27,10.22,10.2289,-0.0142,0.0164,-0.0065,3.0,-2.0,296.06,-0.4774,-0.2486,9.9714,9.9859,P004_Weight_Stack_Seated_Leg_Extension_Pulling_Too_Fast_1_02.csv
4,3,2,5,1,9.427,9427,-0.46,-0.2,10.43,10.4421,-0.0076,0.0087,0.0022,3.0,-1.94,296.0,-0.4751,-0.2422,10.0318,10.046,P004_Weight_Stack_Seated_Leg_Extension_Pulling_Too_Fast_1_02.csv
4,3,2,5,1,9.558,9558,-0.57,-0.26,10.23,10.2492,-0.0055,0.0011,-0.0033,3.0,-1.94,296.0,-0.4876,-0.2445,10.0579,10.0727,P004_Weight_Stack_Seated_Leg_Extension_Pulling_Too_Fast_1_02.csv
4,3,2,5,1,9.694,9694,-0.59,-0.26,9.99,10.0108,0.0044,-0.0044,0.0011,3.06,-1.94,296.0,-0.5011,-0.2466,10.049,10.0645,P004_Weight_Stack_Seated_Leg_Extension_Pulling_Too_Fast_1_02.csv
4,3,2,5,1,9.825,9825,-0.52,-0.15,9.5,9.5154,0.0033,-0.0044,0.0022,3.06,-1.94,296.0,-0.5036,-0.2338,9.9766,9.9921,P004_Weight_Stack_Seated_Leg_Extension_Pulling_Too_Fast_1_02.csv
4,3,2,5,1,9.956,9956,-0.53,-0.27,9.73,9.7482,-0.0022,0.0076,-0.0055,3.06,-1.88,296.0,-0.5071,-0.2386,9.9441,9.9599,P004_Weight_Stack_Seated_Leg_Extension_Pulling_Too_Fast_1_02.csv
4,3,2,5,1,10.086,10086,-0.49,-0.19,10.39,10.4033,-0.0065,-0.0076,-0.0033,3.06,-1.88,296.0,-0.5048,-0.2322,10.0029,10.0183,P004_Weight_Stack_Seated_Leg_Extension_Pulling_Too_Fast_1_02.csv
4,3,2,5,1,10.259,10259,-0.45,-0.26,9.72,9.7339,0.0011,0.0065,-0.0011,3.06,-1.88,296.0,-0.4976,-0.2359,9.9656,9.9808,P004_Weight_Stack_Seated_Leg_Extension_Pulling_Too_Fast_1_02.csv
4,3,2,5,1,10.392,10392,-0.08,-0.26,11.25,11.2533,0.0,0.0044,-0.0011,3.06,-1.88,296.0,-0.4426,-0.239,10.1349,10.1473,P004_Weight_Stack_Seated_Leg_Extension_Pulling_Too_Fast_1_02.csv
4,3,2,5,1,10.523,10523,-0.57,-0.07,9.96,9.9765,0.0,-0.0033,-0.0033,3.0,-1.88,296.06,-0.4594,-0.2168,10.1118,10.1246,P004_Weight_Stack_Seated_Leg_Extension_Pulling_Too_Fast_1_02.csv
4,3,2,5,1,10.657,10657,-0.53,-0.26,9.77,9.7878,0.0,0.0,0.0011,3.0,-1.88,296.06,-0.4687,-0.2225,10.0668,10.0801,P004_Weight_Stack_Seated_Leg_Extension_Pulling_Too_Fast_1_02.csv
4,3,2,5,1,10.788,10788,-0.48,-0.07,8.35,8.3641,0.0764,-0.0415,0.0774,3.06,-1.94,296.25,-0.4702,-0.2024,9.8405,9.8539,P004_Weight_Stack_Seated_Leg_Extension_Pulling_Too_Fast_1_02.csv
4,3,2,5,1,10.918,10918,-0.48,-0.24,9.71,9.7248,0.0022,-0.0011,0.0,2.81,-1.56,296.25,-0.4715,-0.2073,9.8233,9.8368,P004_Weight_Stack_Seated_Leg_Extension_Pulling_Too_Fast_1_02.csv
4,3,2,5,1,11.049,11049,-0.33,-0.15,9.55,9.5569,0.0011,0.0033,-0.0011,2.81,-1.56,296.25,-0.4528,-0.1998,9.7873,9.7998,P004_Weight_Stack_Seated_Leg_Extension_Pulling_Too_Fast_1_02.csv
4,3,2,5,1,11.179,11179,-0.52,-0.21,9.89,9.9059,0.0,-0.0011,0.0055,2.81,-1.56,296.25,-0.4617,-0.2011,9.8009,9.8138,P004_Weight_Stack_Seated_Leg_Extension_Pulling_Too_Fast_1_02.csv
4,3,2,5,1,11.352,11352,-0.3,0.16,11.72,11.7249,0.0185,-0.0098,0.0011,2.81,-1.56,296.25,-0.4404,-0.1535,10.0537,10.0646,P004_Weight_Stack_Seated_Leg_Extension_Pulling_Too_Fast_1_02.csv
4,3,2,5,1,11.483,11483,0.08,0.32,10.59,10.5951,-0.024,0.0087,-0.0153,2.94,-1.75,295.63,-0.3718,-0.0911,10.1244,10.1316,P004_Weight_Stack_Seated_Leg_Extension_Pulling_Too_Fast_1_02.csv
4,3,2,5,1,11.613,11613,-0.08,0.0,12.12,12.1203,-0.0425,0.0316,-0.0087,2.94,-1.88,295.63,-0.3333,-0.0791,10.3874,10.393,P004_Weight_Stack_Seated_Leg_Extension_Pulling_Too_Fast_1_02.csv
4,3,2,5,1,11.748,11748,-1.38,0.62,10.85,10.955,0.0185,-0.0436,-0.0044,3.06,-1.94,295.69,-0.4713,0.013,10.4483,10.459,P004_Weight_Stack_Seated_Leg_Extension_Pulling_Too_Fast_1_02.csv
4,4,2,5,1,11.879,11879,-0.77,-0.44,9.14,9.1829,0.0175,-0.0196,0.0022,3.13,-2.06,295.75,-0.5106,-0.0467,10.2759,10.2887,P004_Weight_Stack_Seated_Leg_Extension_Pulling_Too_Fast_1_02.csv
4,4,2,5,1,12.011,12011,-0.71,-0.48,8.07,8.1154,-0.0076,0.012,0.0055,3.13,-2.13,295.75,-0.5369,-0.1038,9.9852,10.0002,P004_Weight_Stack_Seated_Leg_Extension_Pulling_Too_Fast_1_02.csv
4,4,2,5,1,12.142,12142,-0.45,-0.24,7.78,7.7967,0.0065,-0.0087,-0.0109,3.13,-2.13,295.69,-0.5255,-0.1217,9.6947,9.7096,P004_Weight_Stack_Seated_Leg_Extension_Pulling_Too_Fast_1_02.csv
4,4,2,5,1,12.272,12272,-0.49,-0.25,9.88,9.8953,-0.0098,-0.0033,0.0131,3.19,-2.13,295.69,-0.5208,-0.1386,9.7191,9.734,P004_Weight_Stack_Seated_Leg_Extension_Pulling_Too_Fast_1_02.csv
4,4,2,5,1,12.445,12445,-0.43,-0.37,9.97,9.9861,-0.0022,0.0033,0.0,3.13,-2.13,295.75,-0.5088,-0.1691,9.7521,9.7669,P004_Weight_Stack_Seated_Leg_Extension_Pulling_Too_Fast_1_02.csv
4,4,2,5,1,12.575,12575,-0.55,-0.32,9.97,9.9903,0.0033,-0.0087,-0.0109,3.19,-2.06,295.75,-0.5142,-0.189,9.7809,9.7962,P004_Weight_Stack_Seated_Leg_Extension_Pulling_Too_Fast_1_02.csv
4,4,2,5,1,12.705,12705,-0.34,-0.51,9.83,9.8491,0.0,0.012,0.0142,3.13,-2.06,295.75,-0.4913,-0.2313,9.7873,9.8024,P004_Weight_Stack_Seated_Leg_Extension_Pulling_Too_Fast_1_02.csv
4,4,2,5,1,12.836,12836,-0.49,-0.31,9.7,9.7173,-0.0098,-0.0196,-0.0011,3.19,-2.06,295.75,-0.4911,-0.2417,9.7758,9.7911,P004_Weight_Stack_Seated_Leg_Extension_Pulling_Too_Fast_1_02.csv
4,4,2,5,1,12.967,12967,-0.46,-0.27,9.6,9.6148,-0.0033,0.0044,-0.0022,3.25,-2.0,295.75,-0.487,-0.2454,9.7527,9.7679,P004_Weight_Stack_Seated_Leg_Extension_Pulling_Too_Fast_1_02.csv
4,4,2,5,1,13.1,13100,-0.32,-0.46,9.72,9.7361,-0.0044,0.0087,-0.0011,3.25,-2.0,295.75,-0.465,-0.2737,9.7483,9.7633,P004_Weight_Stack_Seated_Leg_Extension_Pulling_Too_Fast_1_02.csv
4,4,2,5,1,13.231,13231,-0.47,-0.34,10.05,10.0667,0.0,-0.0044,0.0033,3.19,-2.0,295.75,-0.4657,-0.2824,9.7881,9.8032,P004_Weight_Stack_Seated_Leg_Extension_Pulling_Too_Fast_1_02.csv
4,4,2,5,1,13.364,13364,-0.5,-0.3,10.26,10.2766,-0.0011,-0.0044,0.0033,3.19,-2.0,295.75,-0.4702,-0.2847,9.8503,9.8656,P004_Weight_Stack_Seated_Leg_Extension_Pulling_Too_Fast_1_02.csv
4,4,2,5,1,13.537,13537,-0.48,-0.21,9.57,9.5843,0.0,0.0022,0.0033,3.19,-2.0,295.75,-0.4715,-0.2749,9.8133,9.8285,P004_Weight_Stack_Seated_Leg_Extension_Pulling_Too_Fast_1_02.csv
4,4,2,5,1,13.668,13668,-0.59,-0.22,9.61,9.6306,0.0,-0.012,0.0065,3.19,-1.94,295.75,-0.4871,-0.2677,9.7866,9.8023,P004_Weight_Stack_Seated_Leg_Extension_Pulling_Too_Fast_1_02.csv
4,4,2,5,1,13.802,13802,-0.57,-0.24,9.84,9.8594,-0.0011,0.0044,-0.0033,3.19,-1.94,295.75,-0.498,-0.264,9.7936,9.8098,P004_Weight_Stack_Seated_Leg_Extension_Pulling_Too_Fast_1_02.csv
4,4,2,5,1,13.933,13933,-0.48,-0.25,10.05,10.0646,0.0,-0.0022,-0.0011,3.19,-1.94,295.75,-0.4956,-0.2622,9.8274,9.8434,P004_Weight_Stack_Seated_Leg_Extension_Pulling_Too_Fast_1_02.csv
4,4,2,5,1,14.066,14066,-0.52,-0.41,9.22,9.2437,0.0022,0.0567,0.0153,3.13,-1.94,295.81,-0.4989,-0.2816,9.7473,9.7642,P004_Weight_Stack_Seated_Leg_Extension_Pulling_Too_Fast_1_02.csv
4,4,2,5,1,14.197,14197,-0.52,-0.1,9.97,9.9841,0.0022,0.0033,0.0022,3.13,-1.94,295.81,-0.5016,-0.2577,9.7767,9.7929,P004_Weight_Stack_Seated_Leg_Extension_Pulling_Too_Fast_1_02.csv
4,4,2,5,1,14.328,14328,-0.45,-0.24,9.81,9.8232,0.0,-0.0033,0.0044,3.13,-1.94,295.81,-0.4948,-0.2554,9.7811,9.7969,P004_Weight_Stack_Seated_Leg_Extension_Pulling_Too_Fast_1_02.csv
4,4,2,5,1,14.458,14458,1.91,0.22,10.03,10.2126,-0.372,0.1844,0.0731,2.94,-1.63,296.0,-0.1779,-0.1927,9.8139,9.8174,P004_Weight_Stack_Seated_Leg_Extension_Pulling_Too_Fast_1_02.csv
4,4,2,5,1,14.631,14631,-0.24,-0.28,9.73,9.737,0.0,-0.0044,-0.0011,2.94,-1.75,296.0,-0.1861,-0.2042,9.8028,9.8067,P004_Weight_Stack_Seated_Leg_Extension_Pulling_Too_Fast_1_02.csv
4,4,2,5,1,14.761,14761,-0.16,-0.29,9.77,9.7756,-0.0022,0.012,0.0076,2.94,-1.75,295.94,-0.1827,-0.2155,9.7985,9.8026,P004_Weight_Stack_Seated_Leg_Extension_Pulling_Too_Fast_1_02.csv
4,4,2,5,1,14.892,14892,-2.98,-2.13,15.19,15.6254,-0.0196,-0.0164,0.0469,3.13,-1.94,296.25,-0.5513,-0.4678,10.509,10.5338,P004_Weight_Stack_Seated_Leg_Extension_Pulling_Too_Fast_1_02.csv
4,4,2,5,1,15.024,15024,-0.06,-0.2,12.39,12.3918,-0.0109,0.036,0.0044,3.13,-2.0,296.25,-0.4866,-0.4325,10.7568,10.7765,P004_Weight_Stack_Seated_Leg_Extension_Pulling_Too_Fast_1_02.csv
4,5,2,5,1,15.159,15159,-0.05,0.58,9.32,9.3382,-0.0175,0.0578,-0.0142,3.19,-2.13,296.31,-0.429,-0.2991,10.5675,10.5804,P004_Weight_Stack_Seated_Leg_Extension_Pulling_Too_Fast_1_02.csv
4,5,2,5,1,15.29,15290,-0.77,-0.66,8.17,8.2327,0.0055,0.012,-0.0044,3.31,-2.25,296.31,-0.474,-0.3467,10.2516,10.2684,P004_Weight_Stack_Seated_Leg_Extension_Pulling_Too_Fast_1_02.csv
4,5,2,5,1,15.42,15420,-0.7,-0.11,7.75,7.7823,-0.0076,0.0327,-0.0055,3.25,-2.25,296.25,-0.5037,-0.3155,9.9219,9.9397,P004_Weight_Stack_Seated_Leg_Extension_Pulling_Too_Fast_1_02.csv
4,5,2,5,1,15.551,15551,-0.53,-0.15,8.81,8.8272,-0.0011,-0.0175,-0.0022,3.25,-2.25,296.31,-0.5072,-0.2937,9.7754,9.793,P004_Weight_Stack_Seated_Leg_Extension_Pulling_Too_Fast_1_02.csv
4,5,2,5,1,15.723,15723,-0.79,-0.41,10.52,10.5576,0.0,-0.0087,0.0033,3.25,-2.25,296.31,-0.5445,-0.309,9.8735,9.8933,P004_Weight_Stack_Seated_Leg_Extension_Pulling_Too_Fast_1_02.csv
4,5,2,5,1,15.854,15854,-0.64,-0.31,10.34,10.3644,-0.0065,-0.0109,0.0076,3.25,-2.25,296.31,-0.5571,-0.3091,9.935,9.9554,P004_Weight_Stack_Seated_Leg_Extension_Pulling_Too_Fast_1_02.csv
4,5,2,5,1,15.985,15985,-0.53,-0.21,9.99,10.0063,0.0,-0.0065,0.0044,3.25,-2.25,296.31,-0.5535,-0.2961,9.9422,9.962,P004_Weight_Stack_Seated_Leg_Extension_Pulling_Too_Fast_1_02.csv
4,5,2,5,1,16.115,16115,-0.55,-0.16,9.36,9.3775,0.0,-0.0022,0.0011,3.25,-2.19,296.31,-0.553,-0.2781,9.8655,9.8849,P004_Weight_Stack_Seated_Leg_Extension_Pulling_Too_Fast_1_02.csv
4,5,2,5,1,16.251,16251,-0.4,-0.33,9.67,9.6839,-0.0109,0.0164,0.0011,3.25,-2.19,296.31,-0.5329,-0.285,9.8398,9.8583,P004_Weight_Stack_Seated_Leg_Extension_Pulling_Too_Fast_1_02.csv
4,5,2,5,1,16.383,16383,-0.71,-0.26,9.92,9.9488,-0.0055,0.0,-0.0044,3.31,-2.13,296.38,-0.5562,-0.2817,9.8503,9.87,P004_Weight_Stack_Seated_Leg_Extension_Pulling_Too_Fast_1_02.csv
4,5,2,5,1,16.513,16513,-0.57,-0.3,9.88,9.901,-0.0076,0.0098,-0.0098,3.25,-2.13,296.38,-0.558,-0.2841,9.8542,9.8741,P004_Weight_Stack_Seated_Leg_Extension_Pulling_Too_Fast_1_02.csv
4,5,2,5,1,16.643,16643,-0.4,-0.21,9.95,9.9603,-0.0055,0.0076,0.0,3.25,-2.06,296.31,-0.5372,-0.2743,9.8669,9.8853,P004_Weight_Stack_Seated_Leg_Extension_Pulling_Too_Fast_1_02.csv
4,5,2,5,1,16.816,16816,-0.4,-0.32,10.06,10.073,-0.0022,-0.0011,-0.0033,3.19,-2.0,296.31,-0.5191,-0.2803,9.8923,9.9099,P004_Weight_Stack_Seated_Leg_Extension_Pulling_Too_Fast_1_02.csv
4,5,2,5,1,16.946,16946,-0.58,-0.33,10.13,10.152,-0.0044,0.0055,-0.0055,3.19,-2.0,296.31,-0.5271,-0.2869,9.9236,9.9418,P004_Weight_Stack_Seated_Leg_Extension_Pulling_Too_Fast_1_02.csv
4,5,2,5,1,17.076,17076,0.57,-0.59,9.37,9.4058,0.0185,-0.0055,0.0567,3.19,-1.94,296.38,-0.3826,-0.3268,9.8507,9.8635,P004_Weight_Stack_Seated_Leg_Extension_Pulling_Too_Fast_1_02.csv
4,5,2,5,1,17.206,17206,-0.47,-0.32,9.83,9.8464,-0.0022,0.0022,-0.0142,3.19,-2.0,296.38,-0.3941,-0.3259,9.848,9.8612,P004_Weight_Stack_Seated_Leg_Extension_Pulling_Too_Fast_1_02.csv
4,5,2,5,1,17.336,17336,-0.45,-0.09,7.83,7.8434,0.0393,-0.0153,0.0371,3.19,-2.0,296.44,-0.4015,-0.2948,9.582,9.595,P004_Weight_Stack_Seated_Leg_Extension_Pulling_Too_Fast_1_02.csv
4,5,2,5,1,17.466,17466,-0.58,-0.08,10.05,10.067,0.0,-0.0044,-0.0022,3.0,-1.75,296.5,-0.425,-0.2665,9.6437,9.6567,P004_Weight_Stack_Seated_Leg_Extension_Pulling_Too_Fast_1_02.csv
4,5,2,5,1,17.596,17596,-0.35,0.05,9.65,9.6565,-0.0011,0.0055,-0.0131,3.0,-1.75,296.5,-0.4151,-0.2248,9.6445,9.6561,P004_Weight_Stack_Seated_Leg_Extension_Pulling_Too_Fast_1_02.csv
4,5,2,5,1,17.726,17726,-0.68,-0.2,9.85,9.8755,0.0,-0.0055,0.0087,3.0,-1.75,296.5,-0.45,-0.2216,9.6716,9.6846,P004_Weight_Stack_Seated_Leg_Extension_Pulling_Too_Fast_1_02.csv
4,5,2,5,1,17.899,17899,1.77,-3.75,12.17,12.8571,0.1876,0.1516,0.0033,3.13,-1.88,296.0,-0.1575,-0.6865,10.0008,10.0256,P004_Weight_Stack_Seated_Leg_Extension_Pulling_Too_Fast_1_02.csv
4,5,2,5,1,18.029,18029,0.11,-0.51,11.45,11.4619,0.0469,-0.0382,0.0164,3.13,-1.88,295.94,-0.1222,-0.6633,10.1918,10.2141,P004_Weight_Stack_Seated_Leg_Extension_Pulling_Too_Fast_1_02.csv
4,6,2,5,1,18.16,18160,-1.01,0.12,9.27,9.3256,-0.0164,-0.0033,0.0011,3.31,-2.0,296.06,-0.2392,-0.56,10.0703,10.0887,P004_Weight_Stack_Seated_Leg_Extension_Pulling_Too_Fast_1_02.csv
4,6,2,5,1,18.291,18291,-1.0,0.03,8.64,8.6977,0.0076,-0.0055,-0.0545,3.31,-2.13,296.06,-0.3395,-0.4823,9.8818,9.8994,P004_Weight_Stack_Seated_Leg_Extension_Pulling_Too_Fast_1_02.csv
4,6,2,5,1,18.423,18423,-0.18,-0.48,8.04,8.0563,0.0087,0.0065,0.0044,3.25,-2.19,296.0,-0.3184,-0.482,9.6391,9.6564,P004_Weight_Stack_Seated_Leg_Extension_Pulling_Too_Fast_1_02.csv
4,6,2,5,1,18.558,18558,-0.33,-0.45,8.12,8.1392,0.0022,-0.0022,0.0076,3.31,-2.25,296.0,-0.32,-0.4778,9.439,9.4565,P004_Weight_Stack_Seated_Leg_Extension_Pulling_Too_Fast_1_02.csv
4,6,2,5,1,18.689,18689,-0.41,-0.18,9.42,9.4306,-0.0011,-0.0087,0.024,3.25,-2.19,296.0,-0.3318,-0.4385,9.4365,9.4525,P004_Weight_Stack_Seated_Leg_Extension_Pulling_Too_Fast_1_02.csv
4,6,2,5,1,18.819,18819,-0.57,-0.35,10.28,10.3017,0.0033,-0.0022,-0.0055,3.25,-2.19,296.06,-0.3632,-0.4269,9.5476,9.5641,P004_Weight_Stack_Seated_Leg_Extension_Pulling_Too_Fast_1_02.csv
4,6,2,5,1,18.992,18992,-0.53,-0.24,9.83,9.8472,0.0,-0.0044,0.0011,3.25,-2.19,296.06,-0.3852,-0.4022,9.5848,9.601,P004_Weight_Stack_Seated_Leg_Extension_Pulling_Too_Fast_1_02.csv
4,6,2,5,1,19.122,19122,-0.54,-0.24,9.28,9.2988,-0.0044,-0.0065,0.0065,3.25,-2.19,296.06,-0.4056,-0.3809,9.5447,9.5609,P004_Weight_Stack_Seated_Leg_Extension_Pulling_Too_Fast_1_02.csv
4,6,2,5,1,19.253,19253,-0.54,-0.29,9.62,9.6395,-0.0044,-0.0142,0.0076,3.31,-2.19,296.06,-0.4233,-0.3689,9.5546,9.5711,P004_Weight_Stack_Seated_Leg_Extension_Pulling_Too_Fast_1_02.csv
4,6,2,5,1,19.384,19384,-0.57,-0.16,10.25,10.2671,-0.0044,0.0022,0.0044,3.25,-2.19,296.06,-0.4426,-0.3414,9.6462,9.6624,P004_Weight_Stack_Seated_Leg_Extension_Pulling_Too_Fast_1_02.csv
4,6,2,5,1,19.519,19519,-0.6,-0.22,10.11,10.1302,-0.0065,0.0065,-0.0033,3.25,-2.13,296.06,-0.4634,-0.3254,9.7073,9.7238,P004_Weight_Stack_Seated_Leg_Extension_Pulling_Too_Fast_1_02.csv
4,6,2,5,1,19.651,19651,-0.52,-0.36,9.63,9.6507,0.0,-0.0076,0.0011,3.31,-2.13,296.06,-0.4708,-0.3299,9.6971,9.7142,P004_Weight_Stack_Seated_Leg_Extension_Pulling_Too_Fast_1_02.csv
4,6,2,5,1,19.782,19782,-0.57,-0.21,9.74,9.7589,0.0033,-0.0033,0.0033,3.31,-2.13,296.06,-0.4839,-0.3141,9.7028,9.7199,P004_Weight_Stack_Seated_Leg_Extension_Pulling_Too_Fast_1_02.csv
4,6,2,5,1,19.912,19912,-0.57,-0.22,10.32,10.3381,-0.0087,0.0044,-0.0065,3.31,-2.13,296.06,-0.4952,-0.3017,9.7841,9.8013,P004_Weight_Stack_Seated_Leg_Extension_Pulling_Too_Fast_1_02.csv
4,6,2,5,1,20.085,20085,-0.57,-0.23,9.83,9.8492,-0.0033,0.0022,-0.0011,3.25,-2.06,296.06,-0.5051,-0.2923,9.7902,9.8075,P004_Weight_Stack_Seated_Leg_Extension_Pulling_Too_Fast_1_02.csv
4,6,2,5,1,20.22,20220,-0.45,-0.33,9.83,9.8458,-0.0044,0.0011,-0.0033,3.25,-2.06,296.06,-0.4978,-0.2972,9.7954,9.8126,P004_Weight_Stack_Seated_Leg_Extension_Pulling_Too_Fast_1_02.csv
4,6,2,5,1,20.353,20353,-0.47,-0.25,9.86,9.8744,0.0022,-0.0109,0.0011,3.25,-2.06,296.06,-0.4942,-0.291,9.8039,9.8207,P004_Weight_Stack_Seated_Leg_Extension_Pulling_Too_Fast_1_02.csv
4,6,2,5,1,20.483,20483,-0.55,-0.22,10.21,10.2272,0.0011,-0.0033,0.0022,3.31,-2.06,296.06,-0.5015,-0.2817,9.8574,9.8742,P004_Weight_Stack_Seated_Leg_Extension_Pulling_Too_Fast_1_02.csv
4,6,2,5,1,20.614,20614,-0.48,-0.22,9.97,9.984,-0.0022,-0.0033,-0.0033,3.25,-2.06,296.06,-0.4987,-0.2735,9.8723,9.8886,P004_Weight_Stack_Seated_Leg_Extension_Pulling_Too_Fast_1_02.csv
4,6,2,5,1,20.744,20744,-0.49,-0.84,9.48,9.5297,0.0404,0.0109,0.06,3.19,-2.06,296.13,-0.4975,-0.3482,9.8206,9.8393,P004_Weight_Stack_Seated_Leg_Extension_Pulling_Too_Fast_1_02.csv
4,6,2,5,1,20.875,20875,0.31,-0.96,10.07,10.1204,0.0622,-0.0524,0.0371,3.38,-2.31,296.31,-0.3911,-0.4288,9.8534,9.8705,P004_Weight_Stack_Seated_Leg_Extension_Pulling_Too_Fast_1_02.csv
4,6,2,5,1,21.005,21005,-0.58,-0.21,8.41,8.4326,0.0687,-0.0382,0.0535,3.31,-2.19,296.25,-0.416,-0.4,9.6632,9.6805,P004_Weight_Stack_Seated_Leg_Extension_Pulling_Too_Fast_1_02.csv
4,6,2,5,1,21.178,21178,-0.29,-0.03,15.16,15.1628,0.0894,-0.0295,0.0131,3.06,-1.88,296.25,-0.3994,-0.3512,10.3876,10.4012,P004_Weight_Stack_Seated_Leg_Extension_Pulling_Too_Fast_1_02.csv
4,6,2,5,1,21.309,21309,-0.87,-0.26,8.34,8.3893,0.0153,0.0011,0.0349,3.19,-2.0,295.63,-0.4614,-0.3392,10.1178,10.1339,P004_Weight_Stack_Seated_Leg_Extension_Pulling_Too_Fast_1_02.csv
4,6,2,5,1,21.439,21439,-0.54,-0.61,9.32,9.3555,0.048,-0.0513,0.0273,3.19,-2.13,295.69,-0.4718,-0.3749,10.0126,10.0307,P004_Weight_Stack_Seated_Leg_Extension_Pulling_Too_Fast_1_02.csv
4,6,2,5,1,21.575,21575,-0.21,-0.75,7.39,7.4309,0.0305,-0.024,0.0774,3.31,-2.31,295.81,-0.4373,-0.4243,9.667,9.6862,P004_Weight_Stack_Seated_Leg_Extension_Pulling_Too_Fast_1_02.csv
4,6,2,5,1,21.707,21707,-0.71,-0.07,7.3,7.3348,-0.0022,0.0087,-0.0153,3.31,-2.38,295.69,-0.4732,-0.3776,9.3551,9.3747,P004_Weight_Stack_Seated_Leg_Extension_Pulling_Too_Fast_1_02.csv
4,6,2,5,1,21.837,21837,-0.2,0.04,7.56,7.5628,-0.0142,0.0131,0.0,3.25,-2.38,295.69,-0.4372,-0.3226,9.1186,9.1347,P004_Weight_Stack_Seated_Leg_Extension_Pulling_Too_Fast_1_02.csv
4,6,2,5,1,21.967,21967,-0.54,-0.06,8.95,8.9665,-0.0273,-0.0153,0.0185,3.31,-2.38,295.69,-0.4508,-0.288,9.0964,9.1121,P004_Weight_Stack_Seated_Leg_Extension_Pulling_Too_Fast_1_02.csv
4,7,2,5,1,22.098,22098,-0.47,-0.28,10.56,10.5742,0.0011,-0.0033,0.0076,3.31,-2.38,295.69,-0.4533,-0.2869,9.2892,9.3047,P004_Weight_Stack_Seated_Leg_Extension_Pulling_Too_Fast_1_02.csv
4,7,2,5,1,22.271,22271,-0.65,-0.22,9.9,9.9238,0.0011,-0.0033,0.0011,3.31,-2.31,295.75,-0.4792,-0.2781,9.3697,9.3861,P004_Weight_Stack_Seated_Leg_Extension_Pulling_Too_Fast_1_02.csv
4,7,2,5,1,22.402,22402,-0.48,-0.26,9.68,9.6954,-0.0044,0.0044,0.0065,3.31,-2.31,295.75,-0.4793,-0.2757,9.4106,9.4268,P004_Weight_Stack_Seated_Leg_Extension_Pulling_Too_Fast_1_02.csv
4,7,2,5,1,22.535,22535,-0.47,-0.25,10.1,10.114,-0.0022,0.0076,0.0033,3.31,-2.31,295.75,-0.4781,-0.2723,9.5014,9.5174,P004_Weight_Stack_Seated_Leg_Extension_Pulling_Too_Fast_1_02.csv
4,7,2,5,1,22.666,22666,-0.39,-0.24,9.82,9.8307,-0.0087,-0.0295,0.0044,3.31,-2.31,295.75,-0.4665,-0.2681,9.5434,9.5586,P004_Weight_Stack_Seated_Leg_Extension_Pulling_Too_Fast_1_02.csv
4,7,2,5,1,22.799,22799,-0.64,-0.19,9.62,9.6431,-0.0044,0.0022,-0.0011,3.38,-2.25,295.75,-0.4893,-0.2578,9.5535,9.5695,P004_Weight_Stack_Seated_Leg_Extension_Pulling_Too_Fast_1_02.csv
4,7,2,5,1,22.93,22930,-0.45,-0.2,10.18,10.1919,-0.0109,0.0109,-0.0044,3.38,-2.25,295.75,-0.4842,-0.2502,9.6361,9.6515,P004_Weight_Stack_Seated_Leg_Extension_Pulling_Too_Fast_1_02.csv
4,7,2,5,1,23.06,23060,-0.39,-0.2,10.24,10.2494,0.0,-0.0153,0.0022,3.38,-2.25,295.75,-0.4718,-0.2436,9.7157,9.7301,P004_Weight_Stack_Seated_Leg_Extension_Pulling_Too_Fast_1_02.csv
4,7,2,5,1,23.191,23191,-0.52,-0.25,10.03,10.0466,-0.0011,0.0022,0.0022,3.31,-2.19,295.75,-0.4781,-0.2444,9.7571,9.7718,P004_Weight_Stack_Seated_Leg_Extension_Pulling_Too_Fast_1_02.csv
4,7,2,5,1,23.364,23364,-0.48,-0.2,9.62,9.634,-0.0011,-0.0065,-0.0033,3.31,-2.13,295.75,-0.4784,-0.2386,9.739,9.7537,P004_Weight_Stack_Seated_Leg_Extension_Pulling_Too_Fast_1_02.csv
4,7,2,5,1,23.495,23495,-0.57,-0.25,9.62,9.6401,0.0,-0.0011,0.0033,3.31,-2.13,295.75,-0.4904,-0.2401,9.7233,9.7386,P004_Weight_Stack_Seated_Leg_Extension_Pulling_Too_Fast_1_02.csv
4,7,2,5,1,23.631,23631,0.56,-0.92,9.74,9.7994,0.0676,-0.0404,0.108,3.25,-2.13,295.81,-0.352,-0.3297,9.7255,9.7375,P004_Weight_Stack_Seated_Leg_Extension_Pulling_Too_Fast_1_02.csv
4,7,2,5,1,23.761,23761,-0.97,-1.77,10.73,10.9182,0.0087,-0.0469,-0.0175,3.56,-2.44,296.0,-0.4335,-0.5195,9.8579,9.8811,P004_Weight_Stack_Seated_Leg_Extension_Pulling_Too_Fast_1_02.csv
4,7,2,5,1,23.893,23893,-0.17,-0.31,9.69,9.6964,0.0229,-0.0175,0.0349,3.25,-2.13,295.81,-0.3987,-0.4919,9.8358,9.8561,P004_Weight_Stack_Seated_Leg_Extension_Pulling_Too_Fast_1_02.csv
4,7,2,5,1,24.023,24023,-0.82,-0.29,9.06,9.1017,-0.0098,-0.0022,0.0076,3.13,-2.0,296.0,-0.4542,-0.4653,9.7335,9.7552,P004_Weight_Stack_Seated_Leg_Extension_Pulling_Too_Fast_1_02.csv
4,7,2,5,1,24.154,24154,3.14,-1.72,11.24,11.7964,-0.3643,0.1189,0.0175,3.13,-1.88,295.94,0.0194,-0.6306,9.9321,9.9521,P004_Weight_Stack_Seated_Leg_Extension_Pulling_Too_Fast_1_02.csv
4,7,2,5,1,24.284,24284,-0.48,-0.26,9.81,9.8252,0.0055,0.0011,0.0109,3.13,-1.88,295.94,-0.0464,-0.5818,9.916,9.9331,P004_Weight_Stack_Seated_Leg_Extension_Pulling_Too_Fast_1_02.csv
4,7,2,5,1,24.457,24457,-0.68,-0.31,9.86,9.8883,-0.0011,-0.0033,0.0065,3.06,-1.88,296.0,-0.1299,-0.546,9.9086,9.9245,P004_Weight_Stack_Seated_Leg_Extension_Pulling_Too_Fast_1_02.csv
4,7,2,5,1,24.587,24587,-0.34,-0.27,9.84,9.8496,0.0044,-0.0011,-0.0033,3.06,-1.81,296.0,-0.1576,-0.5096,9.8996,9.9139,P004_Weight_Stack_Seated_Leg_Extension_Pulling_Too_Fast_1_02.csv
4,7,2,5,1,24.717,24717,-0.18,0.03,18.27,18.2709,0.1418,-0.0654,-0.0305,3.06,-1.94,295.94,-0.1605,-0.4385,11.0026,11.0125,P004_Weight_Stack_Seated_Leg_Extension_Pulling_Too_Fast_1_02.csv
4,7,2,5,1,24.847,24847,-0.37,0.21,8.55,8.5606,-0.0164,0.0175,-0.0393,3.25,-2.06,295.56,-0.1881,-0.353,10.6794,10.6869,P004_Weight_Stack_Seated_Leg_Extension_Pulling_Too_Fast_1_02.csv
4,7,2,5,1,24.978,24978,-1.01,-0.3,9.52,9.5781,0.0578,-0.0764,0.0393,3.31,-2.19,295.63,-0.2964,-0.346,10.5266,10.5365,P004_Weight_Stack_Seated_Leg_Extension_Pulling_Too_Fast_1_02.csv
4,7,2,5,1,25.109,25109,0.33,-1.71,8.94,9.1081,0.0229,-0.0295,0.0295,3.38,-2.31,295.69,-0.2139,-0.5258,10.3175,10.3331,P004_Weight_Stack_Seated_Leg_Extension_Pulling_Too_Fast_1_02.csv
4,7,2,5,1,25.239,25239,-0.6,0.04,7.94,7.9627,0.0327,-0.0207,0.0196,3.38,-2.44,295.63,-0.2648,-0.4512,10.0042,10.0179,P004_Weight_Stack_Seated_Leg_Extension_Pulling_Too_Fast_1_02.csv
4,7,2,5,1,25.37,25370,-0.41,-0.02,7.15,7.1618,-0.0251,0.0207,-0.0218,3.25,-2.44,295.56,-0.2839,-0.3944,9.6281,9.6404,P004_Weight_Stack_Seated_Leg_Extension_Pulling_Too_Fast_1_02.csv
4,7,2,5,1,25.547,25547,0.13,-0.64,8.78,8.8043,-0.0415,-0.0458,0.0142,3.31,-2.44,295.56,-0.2294,-0.4268,9.5164,9.5287,P004_Weight_Stack_Seated_Leg_Extension_Pulling_Too_Fast_1_02.csv
4,8,2,5,1,25.677,25677,-0.55,-0.23,10.35,10.3672,-0.0044,0.0011,0.0098,3.38,-2.44,295.56,-0.2716,-0.4008,9.6262,9.6384,P004_Weight_Stack_Seated_Leg_Extension_Pulling_Too_Fast_1_02.csv
4,8,2,5,1,25.808,25808,-0.27,-0.51,10.12,10.1364,0.0022,0.0,0.0044,3.38,-2.38,295.63,-0.2714,-0.4152,9.6913,9.704,P004_Weight_Stack_Seated_Leg_Extension_Pulling_Too_Fast_1_02.csv
4,8,2,5,1,25.938,25938,-0.57,-0.31,10.29,10.3104,0.0011,0.0,-0.0011,3.38,-2.31,295.63,-0.3108,-0.4014,9.7702,9.7834,P004_Weight_Stack_Seated_Leg_Extension_Pulling_Too_Fast_1_02.csv
4,8,2,5,1,26.069,26069,-0.47,-0.35,9.78,9.7975,-0.0033,0.0055,0.0022,3.38,-2.31,295.63,-0.3317,-0.3946,9.7715,9.7851,P004_Weight_Stack_Seated_Leg_Extension_Pulling_Too_Fast_1_02.csv
4,8,2,5,1,26.199,26199,-0.45,-0.29,9.57,9.585,-0.0022,-0.0022,0.0011,3.38,-2.31,295.63,-0.3473,-0.3808,9.7449,9.7585,P004_Weight_Stack_Seated_Leg_Extension_Pulling_Too_Fast_1_02.csv
4,8,2,5,1,26.329,26329,-0.55,-0.11,9.63,9.6463,-0.0044,0.0044,0.0022,3.38,-2.25,295.63,-0.374,-0.3451,9.7298,9.7431,P004_Weight_Stack_Seated_Leg_Extension_Pulling_Too_Fast_1_02.csv
4,8,2,5,1,26.46,26460,-0.61,-0.15,9.41,9.4309,-0.0065,-0.0142,-0.0055,3.38,-2.19,295.63,-0.4051,-0.3194,9.6876,9.7014,P004_Weight_Stack_Seated_Leg_Extension_Pulling_Too_Fast_1_02.csv
4,8,2,5,1,26.635,26635,-0.49,-0.18,9.57,9.5842,-0.0055,0.0055,0.0,3.38,-2.19,295.63,-0.4163,-0.301,9.6721,9.6858,P004_Weight_Stack_Seated_Leg_Extension_Pulling_Too_Fast_1_02.csv
4,8,2,5,1,26.766,26766,-0.66,-0.28,9.97,9.9957,0.0022,-0.0065,0.0055,3.31,-2.19,295.63,-0.4484,-0.2983,9.7114,9.7263,P004_Weight_Stack_Seated_Leg_Extension_Pulling_Too_Fast_1_02.csv
4,8,2,5,1,26.9,26900,-0.57,-0.27,9.85,9.8702,-0.0055,-0.0022,-0.0011,3.31,-2.13,295.63,-0.4644,-0.2945,9.7297,9.7452,P004_Weight_Stack_Seated_Leg_Extension_Pulling_Too_Fast_1_02.csv
4,8,2,5,1,27.031,27031,-0.46,-0.34,9.87,9.8866,-0.0065,0.0098,-0.0044,3.31,-2.13,295.63,-0.4639,-0.3005,9.7481,9.7638,P004_Weight_Stack_Seated_Leg_Extension_Pulling_Too_Fast_1_02.csv
4,8,2,5,1,27.162,27162,-0.55,-0.29,9.63,9.6501,-0.0033,-0.0033,-0.0011,3.25,-2.06,295.63,-0.4752,-0.2991,9.7326,9.7488,P004_Weight_Stack_Seated_Leg_Extension_Pulling_Too_Fast_1_02.csv
4,8,2,5,1,27.292,27292,-0.47,-0.29,9.89,9.9054,-0.0076,0.0087,-0.0055,3.25,-2.0,295.63,-0.4745,-0.2979,9.7533,9.7694,P004_Weight_Stack_Seated_Leg_Extension_Pulling_Too_Fast_1_02.csv
4,8,2,5,1,27.422,27422,-0.54,-0.26,9.81,9.8283,0.0,-0.0109,-0.0011,3.25,-2.0,295.63,-0.4832,-0.2929,9.7608,9.7771,P004_Weight_Stack_Seated_Leg_Extension_Pulling_Too_Fast_1_02.csv
4,8,2,5,1,27.552,27552,-0.52,-0.25,10.35,10.3661,-0.0011,-0.0033,-0.0022,3.25,-2.0,295.63,-0.488,-0.2873,9.8384,9.8547,P004_Weight_Stack_Seated_Leg_Extension_Pulling_Too_Fast_1_02.csv
4,8,2,5,1,27.725,27725,-0.74,0.23,10.33,10.359,-0.0284,0.0044,-0.0316,3.19,-2.0,295.63,-0.5212,-0.2191,9.9032,9.9193,P004_Weight_Stack_Seated_Leg_Extension_Pulling_Too_Fast_1_02.csv
4,8,2,5,1,27.855,27855,-0.36,-0.3,9.85,9.8611,0.0033,-0.0022,-0.0011,3.13,-1.94,295.63,-0.5,-0.2298,9.8962,9.9115,P004_Weight_Stack_Seated_Leg_Extension_Pulling_Too_Fast_1_02.csv
4,8,2,5,1,27.985,27985,-0.52,-0.14,8.39,8.4073,0.0633,-0.0262,0.0502,3.19,-2.0,295.75,-0.5026,-0.2179,9.6977,9.7132,P004_Weight_Stack_Seated_Leg_Extension_Pulling_Too_Fast_1_02.csv
4,8,2,5,1,28.115,28115,-0.5,-0.03,9.93,9.9426,-0.0044,-0.0022,0.0,3.0,-1.69,295.75,-0.5023,-0.1932,9.7283,9.7432,P004_Weight_Stack_Seated_Leg_Extension_Pulling_Too_Fast_1_02.csv
4,8,2,5,1,28.245,28245,-0.46,-0.11,9.81,9.8214,-0.0022,0.0011,-0.0011,2.94,-1.63,295.75,-0.4967,-0.1822,9.7391,9.7535,P004_Weight_Stack_Seated_Leg_Extension_Pulling_Too_Fast_1_02.csv
4,8,2,5,1,28.375,28375,-0.52,-0.28,9.76,9.7779,-0.0011,0.0033,0.0011,2.94,-1.63,295.81,-0.4998,-0.1951,9.7418,9.7566,P004_Weight_Stack_Seated_Leg_Extension_Pulling_Too_Fast_1_02.csv
4,8,2,5,1,28.505,28505,-0.42,-0.22,9.83,9.8414,0.0044,-0.0022,-0.0033,2.94,-1.56,295.81,-0.4893,-0.1984,9.7535,9.7677,P004_Weight_Stack_Seated_Leg_Extension_Pulling_Too_Fast_1_02.csv
4,8,2,5,1,28.635,28635,-0.33,0.21,12.14,12.1463,0.0109,-0.0142,0.0044,2.94,-1.56,295.81,-0.4683,-0.1446,10.0679,10.0799,P004_Weight_Stack_Seated_Leg_Extension_Pulling_Too_Fast_1_02.csv
4,8,2,5,1,28.808,28808,0.79,-0.39,8.61,8.655,0.0131,0.0229,-0.0207,3.13,-1.81,295.94,-0.3025,-0.1769,9.8758,9.882,P004_Weight_Stack_Seated_Leg_Extension_Pulling_Too_Fast_1_02.csv
4,8,2,5,1,28.94,28940,-1.18,-0.12,8.61,8.6913,0.0491,-0.0556,0.036,3.25,-1.94,296.0,-0.4181,-0.1694,9.709,9.7195,P004_Weight_Stack_Seated_Leg_Extension_Pulling_Too_Fast_1_02.csv
4,8,2,5,1,29.071,29071,-0.68,-0.23,9.63,9.6567,-0.0044,0.012,-0.0229,3.25,-2.06,296.06,-0.4526,-0.1774,9.6986,9.7108,P004_Weight_Stack_Seated_Leg_Extension_Pulling_Too_Fast_1_02.csv
4,8,2,5,1,29.206,29206,-0.54,0.18,7.27,7.2922,-0.0109,0.0142,-0.0164,3.25,-2.13,295.94,-0.4641,-0.1303,9.3786,9.391,P004_Weight_Stack_Seated_Leg_Extension_Pulling_Too_Fast_1_02.csv
4,8,2,5,1,29.337,29337,-0.16,-0.22,6.76,6.7655,-0.0164,0.0218,-0.0131,3.25,-2.19,295.94,-0.4241,-0.1421,9.0335,9.0446,P004_Weight_Stack_Seated_Leg_Extension_Pulling_Too_Fast_1_02.csv
4,8,2,5,1,29.468,29468,-0.24,-0.37,8.95,8.9609,-0.0109,-0.0044,0.0011,3.31,-2.19,296.0,-0.3998,-0.1721,9.0225,9.033,P004_Weight_Stack_Seated_Leg_Extension_Pulling_Too_Fast_1_02.csv
4,9,2,5,1,29.598,29598,-0.65,-0.22,11.19,11.211,-0.0033,-0.0011,0.0011,3.31,-2.19,296.0,-0.4328,-0.1785,9.3081,9.3199,P004_Weight_Stack_Seated_Leg_Extension_Pulling_Too_Fast_1_02.csv
4,9,2,5,1,29.728,29728,-0.55,-0.25,10.15,10.168,0.0011,-0.0055,0.0011,3.31,-2.19,296.0,-0.4482,-0.1879,9.4191,9.4316,P004_Weight_Stack_Seated_Leg_Extension_Pulling_Too_Fast_1_02.csv
4,9,2,5,1,29.901,29901,-0.49,-0.27,8.95,8.9675,-0.0011,0.0033,0.0022,3.31,-2.19,296.0,-0.4537,-0.1987,9.3573,9.3704,P004_Weight_Stack_Seated_Leg_Extension_Pulling_Too_Fast_1_02.csv
4,9,2,5,1,30.032,30032,-0.53,-0.19,9.12,9.1374,-0.0011,0.0011,0.0,3.31,-2.19,296.0,-0.4638,-0.1976,9.326,9.3396,P004_Weight_Stack_Seated_Leg_Extension_Pulling_Too_Fast_1_02.csv
4,9,2,5,1,30.165,30165,-0.12,-0.48,9.71,9.7226,-0.0087,0.0196,0.0055,3.25,-2.19,296.0,-0.4185,-0.2348,9.3766,9.3889,P004_Weight_Stack_Seated_Leg_Extension_Pulling_Too_Fast_1_02.csv
4,9,2,5,1,30.299,30299,-0.57,-0.14,10.01,10.0272,-0.0065,-0.0011,-0.0044,3.31,-2.13,296.0,-0.4384,-0.2223,9.4601,9.4728,P004_Weight_Stack_Seated_Leg_Extension_Pulling_Too_Fast_1_02.csv
4,9,2,5,1,30.43,30430,-0.52,-0.37,9.46,9.4815,-0.012,0.0065,0.0011,3.31,-2.13,296.0,-0.4492,-0.2418,9.4601,9.4738,P004_Weight_Stack_Seated_Leg_Extension_Pulling_Too_Fast_1_02.csv
4,9,2,5,1,30.56,30560,-0.52,-0.23,10.03,10.0461,-0.0055,-0.0022,-0.0033,3.25,-2.06,296.0,-0.4585,-0.2402,9.5352,9.5492,P004_Weight_Stack_Seated_Leg_Extension_Pulling_Too_Fast_1_02.csv
4,9,2,5,1,30.691,30691,-0.55,-0.25,9.55,9.5691,-0.0022,-0.0055,-0.0022,3.31,-2.06,296.0,-0.4706,-0.2415,9.5371,9.5518,P004_Weight_Stack_Seated_Leg_Extension_Pulling_Too_Fast_1_02.csv
4,9,2,5,1,30.821,30821,-0.5,-0.26,9.75,9.7663,-0.0022,0.0033,0.0022,3.31,-2.0,296.0,-0.4745,-0.2439,9.5652,9.58,P004_Weight_Stack_Seated_Leg_Extension_Pulling_Too_Fast_1_02.csv
4,9,2,5,1,30.994,30994,-0.47,-0.24,9.94,9.954,0.0,-0.0055,-0.0033,3.31,-2.0,296.0,-0.4739,-0.2434,9.6146,9.6293,P004_Weight_Stack_Seated_Leg_Extension_Pulling_Too_Fast_1_02.csv
4,9,2,5,1,31.125,31125,-1.01,-0.11,10.13,10.1808,-0.0393,-0.0109,-0.0196,3.19,-2.0,296.13,-0.5445,-0.2258,9.6825,9.7004,P004_Weight_Stack_Seated_Leg_Extension_Pulling_Too_Fast_1_02.csv
4,9,2,5,1,31.255,31255,-0.41,-0.25,9.96,9.9716,0.0011,-0.0022,-0.0022,3.19,-2.0,296.06,-0.5268,-0.229,9.7191,9.736,P004_Weight_Stack_Seated_Leg_Extension_Pulling_Too_Fast_1_02.csv
4,9,2,5,1,31.386,31386,-0.74,-0.17,7.54,7.5781,0.0316,-0.0142,0.036,3.19,-1.94,296.13,-0.5549,-0.2212,9.4319,9.4508,P004_Weight_Stack_Seated_Leg_Extension_Pulling_Too_Fast_1_02.csv
4,9,2,5,1,31.518,31518,-0.59,-0.39,9.96,9.9851,0.0022,-0.0076,-0.0251,3.06,-1.81,296.25,-0.5595,-0.2435,9.5015,9.5211,P004_Weight_Stack_Seated_Leg_Extension_Pulling_Too_Fast_1_02.csv
4,9,2,5,1,31.653,31653,-0.58,-0.3,9.73,9.7519,-0.0022,-0.0022,0.0011,3.0,-1.81,296.25,-0.5622,-0.2509,9.5316,9.5515,P004_Weight_Stack_Seated_Leg_Extension_Pulling_Too_Fast_1_02.csv
4,9,2,5,1,31.783,31783,-0.29,-0.18,9.87,9.8759,0.0,-0.0011,-0.0055,3.0,-1.81,296.25,-0.5263,-0.2416,9.5762,9.5937,P004_Weight_Stack_Seated_Leg_Extension_Pulling_Too_Fast_1_02.csv
4,9,2,5,1,31.914,31914,-0.23,-0.1,18.55,18.5517,0.0349,-0.0425,-0.0305,3.06,-1.81,296.19,-0.4873,-0.2229,10.7587,10.7721,P004_Weight_Stack_Seated_Leg_Extension_Pulling_Too_Fast_1_02.csv
4,9,2,5,1,32.087,32087,-0.52,-0.22,12.77,12.7825,0.0153,-0.0251,-0.012,3.19,-2.0,296.31,-0.4916,-0.2225,11.0238,11.037,P004_Weight_Stack_Seated_Leg_Extension_Pulling_Too_Fast_1_02.csv
4,9,2,5,1,32.217,32217,-0.33,-0.41,9.05,9.0653,0.0349,0.048,-0.0273,3.31,-2.13,296.44,-0.4703,-0.2472,10.7637,10.7768,P004_Weight_Stack_Seated_Leg_Extension_Pulling_Too_Fast_1_02.csv
4,9,2,5,1,32.351,32351,-0.22,-0.23,7.36,7.3669,-0.0022,0.0218,-0.0196,3.25,-2.19,296.31,-0.4373,-0.245,10.3151,10.3273,P004_Weight_Stack_Seated_Leg_Extension_Pulling_Too_Fast_1_02.csv
4,9,2,5,1,32.482,32482,-0.22,-0.65,6.63,6.6654,-0.024,0.0218,-0.0076,3.19,-2.25,296.31,-0.4087,-0.2983,9.8295,9.8426,P004_Weight_Stack_Seated_Leg_Extension_Pulling_Too_Fast_1_02.csv
4,9,2,5,1,32.615,32615,-0.18,-0.45,8.03,8.0446,-0.0065,-0.0098,0.0033,3.25,-2.25,296.31,-0.3785,-0.3183,9.5924,9.6051,P004_Weight_Stack_Seated_Leg_Extension_Pulling_Too_Fast_1_02.csv
4,9,2,5,1,32.746,32746,-0.57,-0.28,9.5,9.5212,-0.0033,0.0033,0.0055,3.31,-2.25,296.31,-0.4038,-0.3133,9.5802,9.5939,P004_Weight_Stack_Seated_Leg_Extension_Pulling_Too_Fast_1_02.csv
4,10,2,5,1,32.877,32877,-0.68,-0.09,10.56,10.5823,-0.0022,-0.0011,0.0,3.31,-2.25,296.31,-0.4402,-0.2839,9.7093,9.7235,P004_Weight_Stack_Seated_Leg_Extension_Pulling_Too_Fast_1_02.csv
4,10,2,5,1,33.007,33007,-0.43,-0.26,9.73,9.743,-0.0022,-0.0033,-0.0055,3.25,-2.25,296.31,-0.4388,-0.2807,9.7121,9.726,P004_Weight_Stack_Seated_Leg_Extension_Pulling_Too_Fast_1_02.csv
4,10,2,5,1,33.18,33180,-0.53,-0.24,9.98,9.9969,-0.0022,-0.0011,0.0011,3.25,-2.25,296.31,-0.4508,-0.2753,9.7474,9.7617,P004_Weight_Stack_Seated_Leg_Extension_Pulling_Too_Fast_1_02.csv
4,10,2,5,1,33.31,33310,-0.51,-0.22,9.6,9.6161,-0.0011,-0.0011,0.0022,3.25,-2.19,296.31,-0.4586,-0.2681,9.7279,9.7424,P004_Weight_Stack_Seated_Leg_Extension_Pulling_Too_Fast_1_02.csv
4,10,2,5,1,33.44,33440,-0.67,-0.06,9.76,9.7832,-0.0055,0.0044,-0.0011,3.25,-2.19,296.31,-0.4865,-0.2406,9.7322,9.7473,P004_Weight_Stack_Seated_Leg_Extension_Pulling_Too_Fast_1_02.csv
4,10,2,5,1,33.57,33570,-0.47,-0.51,9.81,9.8345,0.0022,-0.0316,0.012,3.31,-2.13,296.31,-0.4843,-0.2761,9.7424,9.7584,P004_Weight_Stack_Seated_Leg_Extension_Pulling_Too_Fast_1_02.csv
4,10,2,5,1,33.7,33700,-0.48,-0.21,9.81,9.824,-0.0065,0.0011,-0.0055,3.31,-2.13,296.31,-0.4838,-0.2674,9.7513,9.767,P004_Weight_Stack_Seated_Leg_Extension_Pulling_Too_Fast_1_02.csv
4,10,2,5,1,33.83,33830,-0.3,-0.32,9.59,9.6,-0.0044,0.012,0.0033,3.25,-2.06,296.31,-0.4595,-0.2743,9.7301,9.7448,P004_Weight_Stack_Seated_Leg_Extension_Pulling_Too_Fast_1_02.csv
4,10,2,5,1,33.96,33960,-0.4,-0.24,10.13,10.1407,-0.0098,0.0098,-0.0076,3.25,-2.06,296.31,-0.4517,-0.2698,9.7828,9.7969,P004_Weight_Stack_Seated_Leg_Extension_Pulling_Too_Fast_1_02.csv
4,10,2,5,1,34.09,34090,-0.44,-0.27,10.07,10.0832,0.0,-0.0044,-0.0055,3.25,-2.0,296.31,-0.4502,-0.2698,9.8206,9.8346,P004_Weight_Stack_Seated_Leg_Extension_Pulling_Too_Fast_1_02.csv
4,10,2,5,1,34.263,34263,-0.47,-0.27,9.73,9.7451,-0.0044,0.0055,-0.0044,3.19,-2.0,296.38,-0.4528,-0.2699,9.8087,9.8228,P004_Weight_Stack_Seated_Leg_Extension_Pulling_Too_Fast_1_02.csv
4,10,2,5,1,34.399,34399,-0.43,-0.22,9.72,9.732,-0.0022,-0.0033,-0.0033,3.19,-1.94,296.38,-0.4498,-0.2633,9.797,9.8108,P004_Weight_Stack_Seated_Leg_Extension_Pulling_Too_Fast_1_02.csv
4,10,2,5,1,34.531,34531,-0.5,-0.25,9.83,9.8459,0.0022,-0.0044,0.0011,3.19,-1.94,296.38,-0.4564,-0.2615,9.8013,9.8154,P004_Weight_Stack_Seated_Leg_Extension_Pulling_Too_Fast_1_02.csv
4,10,2,5,1,34.661,34661,-0.78,-0.68,8.63,8.6918,0.0262,0.0098,-0.0011,3.19,-1.94,296.38,-0.499,-0.3167,9.647,9.6651,P004_Weight_Stack_Seated_Leg_Extension_Pulling_Too_Fast_1_02.csv
4,10,2,5,1,34.791,34791,-0.72,-0.26,10.32,10.3484,0.0764,-0.0382,0.072,3.25,-2.13,296.56,-0.5281,-0.3092,9.7357,9.7549,P004_Weight_Stack_Seated_Leg_Extension_Pulling_Too_Fast_1_02.csv
4,10,2,5,1,34.921,34921,-0.33,-0.2,9.84,9.8476,0.0033,-0.0011,-0.0033,3.13,-2.0,296.38,-0.502,-0.2948,9.7494,9.7668,P004_Weight_Stack_Seated_Leg_Extension_Pulling_Too_Fast_1_02.csv
4,10,2,5,1,35.052,35052,-0.54,-0.1,8.82,8.8371,0.048,-0.0295,0.0415,3.19,-2.0,296.5,-0.507,-0.2692,9.6269,9.644,P004_Weight_Stack_Seated_Leg_Extension_Pulling_Too_Fast_1_02.csv
4,10,2,5,1,35.182,35182,-0.62,-0.27,9.99,10.0129,-0.0076,0.0142,-0.0011,3.38,-2.25,296.63,-0.5219,-0.2693,9.6748,9.6926,P004_Weight_Stack_Seated_Leg_Extension_Pulling_Too_Fast_1_02.csv
4,10,2,5,1,35.355,35355,-0.65,1.05,11.01,11.079,0.0698,0.1385,0.0131,3.13,-1.81,296.31,-0.5388,-0.0954,9.8507,9.8659,P004_Weight_Stack_Seated_Leg_Extension_Pulling_Too_Fast_1_02.csv
4,10,2,5,1,35.486,35486,-0.12,0.16,10.27,10.2719,0.0055,-0.0142,-0.0044,3.06,-1.88,296.19,-0.4836,-0.0618,9.906,9.918,P004_Weight_Stack_Seated_Leg_Extension_Pulling_Too_Fast_1_02.csv
4,10,2,5,1,35.616,35616,-1.11,-0.92,8.25,8.375,0.0153,0.0065,0.0175,3.25,-2.06,296.31,-0.5662,-0.1749,9.6878,9.7059,P004_Weight_Stack_Seated_Leg_Extension_Pulling_Too_Fast_1_02.csv
4,10,2,5,1,35.747,35747,-0.35,-0.23,8.23,8.2406,0.0164,-0.0131,-0.048,3.31,-2.19,296.31,-0.5377,-0.1821,9.4957,9.5126,P004_Weight_Stack_Seated_Leg_Extension_Pulling_Too_Fast_1_02.csv
4,10,2,5,1,35.878,35878,-0.16,-0.09,7.51,7.5122,-0.0316,0.0262,-0.0044,3.19,-2.25,296.25,-0.4879,-0.17,9.234,9.2485,P004_Weight_Stack_Seated_Leg_Extension_Pulling_Too_Fast_1_02.csv
4,10,2,5,1,36.014,36014,-0.15,-0.35,7.63,7.6395,0.0142,-0.0142,0.012,3.25,-2.31,296.19,-0.4434,-0.1937,9.0226,9.0356,P004_Weight_Stack_Seated_Leg_Extension_Pulling_Too_Fast_1_02.csv
4,10,2,5,1,36.145,36145,-0.48,-0.12,9.22,9.2333,0.0044,-0.0055,0.0011,3.31,-2.31,296.25,-0.4482,-0.184,9.0486,9.0616,P004_Weight_Stack_Seated_Leg_Extension_Pulling_Too_Fast_1_02.csv
4,10,2,5,1,36.275,36275,-0.56,-0.14,10.31,10.3261,-0.0087,0.0044,-0.0011,3.31,-2.31,296.25,-0.4629,-0.1782,9.2149,9.2282,P004_Weight_Stack_Seated_Leg_Extension_Pulling_Too_Fast_1_02.csv
4,10,2,5,1,36.448,36448,-0.49,-0.16,9.97,9.9833,-0.0011,0.0,-0.0076,3.25,-2.25,296.25,-0.4665,-0.1758,9.3144,9.3277,P004_Weight_Stack_Seated_Leg_Extension_Pulling_Too_Fast_1_02.csv
4,10,2,5,1,36.582,36582,-0.45,-0.26,9.97,9.9835,0.0,-0.0044,-0.0022,3.25,-2.25,296.25,-0.4643,-0.1869,9.4008,9.4141,P004_Weight_Stack_Seated_Leg_Extension_Pulling_Too_Fast_1_02.csv
4,10,2,5,1,36.716,36716,-0.5,-0.27,9.72,9.7366,0.0,-0.0022,0.0033,3.25,-2.19,296.25,-0.469,-0.1978,9.4428,9.4565,P004_Weight_Stack_Seated_Leg_Extension_Pulling_Too_Fast_1_02.csv
4,10,2,5,1,36.847,36847,-0.56,-0.29,9.45,9.471,0.0,-0.0022,-0.0022,3.25,-2.19,296.25,-0.481,-0.21,9.4438,9.4584,P004_Weight_Stack_Seated_Leg_Extension_Pulling_Too_Fast_1_02.csv
24,1,2,5,1,0.0,0,0.36,-0.3,9.48,9.4916,-0.0098,0.0142,-0.0076,-0.25,-2.5,322.63,0.0812,-0.2711,9.8253,9.8294,P024_Weight_Stack_Seated_Leg_Extension_Pulling_Too_Fast_1_01.csv
24,1,2,5,1,0.13,130,0.06,-0.38,9.79,9.7976,0.0011,-0.0033,0.0,-0.38,-2.31,322.38,0.0784,-0.2855,9.8207,9.8251,P024_Weight_Stack_Seated_Leg_Extension_Pulling_Too_Fast_1_01.csv
24,1,2,5,1,0.303,303,0.12,-0.2,9.99,9.9927,0.0218,-0.0491,-0.012,-0.25,-2.5,322.63,0.0839,-0.2742,9.843,9.8472,P024_Weight_Stack_Seated_Leg_Extension_Pulling_Too_Fast_1_01.csv
24,1,2,5,1,0.433,433,-0.04,-0.36,10.14,10.1465,-0.0065,0.0196,-0.0044,-0.25,-2.5,322.63,0.0676,-0.2855,9.8821,9.8865,P024_Weight_Stack_Seated_Leg_Extension_Pulling_Too_Fast_1_01.csv
24,1,2,5,1,0.564,564,0.08,-0.34,9.8,9.8062,0.0022,-0.0044,0.0033,-0.38,-2.31,322.38,0.0692,-0.2927,9.8713,9.8759,P024_Weight_Stack_Seated_Leg_Extension_Pulling_Too_Fast_1_01.csv
24,1,2,5,1,0.696,696,0.06,-0.32,9.82,9.8254,0.0011,0.0033,-0.0011,-0.38,-2.31,322.38,0.068,-0.2963,9.8645,9.8692,P024_Weight_Stack_Seated_Leg_Extension_Pulling_Too_Fast_1_01.csv
24,1,2,5,1,0.831,831,-0.12,-0.33,10.67,10.6758,0.0022,0.0076,-0.0109,-0.38,-2.31,322.38,0.0432,-0.3007,9.9707,9.9753,P024_Weight_Stack_Seated_Leg_Extension_Pulling_Too_Fast_1_01.csv
24,1,2,5,1,0.962,962,0.09,-0.28,12.07,12.0736,0.0098,-0.0087,0.012,-0.38,-2.38,322.38,0.0494,-0.298,10.2473,10.2518,P024_Weight_Stack_Seated_Leg_Extension_Pulling_Too_Fast_1_01.csv
24,1,2,5,1,1.093,1093,-0.24,0.36,10.79,10.7987,0.0131,-0.0404,0.0175,-0.31,-2.44,322.44,0.0113,-0.2113,10.3188,10.321,P024_Weight_Stack_Seated_Leg_Extension_Pulling_Too_Fast_1_01.csv
24,1,2,5,1,1.223,1223,-0.14,-0.93,7.54,7.5984,0.0218,-0.0273,0.0425,-0.31,-2.56,322.44,-0.0087,-0.306,9.9527,9.9574,P024_Weight_Stack_Seated_Leg_Extension_Pulling_Too_Fast_1_01.csv
24,1,2,5,1,1.396,1396,0.09,-0.34,8.27,8.2775,0.0022,0.0022,0.0022,-0.31,-2.56,322.38,0.0043,-0.3105,9.7309,9.7359,P024_Weight_Stack_Seated_Leg_Extension_Pulling_Too_Fast_1_01.csv
24,1,2,5,1,1.53,1530,0.03,-0.32,9.02,9.0257,-0.0044,0.0022,-0.0022,-0.31,-2.56,322.38,0.0077,-0.3117,9.6372,9.6423,P024_Weight_Stack_Seated_Leg_Extension_Pulling_Too_Fast_1_01.csv
24,1,2,5,1,1.664,1664,0.06,-0.41,10.15,10.1585,-0.0076,0.0033,-0.0044,-0.31,-2.56,322.38,0.0146,-0.3247,9.7048,9.7102,P024_Weight_Stack_Seated_Leg_Extension_Pulling_Too_Fast_1_01.csv
24,1,2,5,1,1.795,1795,0.19,-0.27,10.26,10.2653,-0.0098,-0.0076,-0.0175,-0.31,-2.56,322.38,0.0377,-0.3175,9.778,9.7832,P024_Weight_Stack_Seated_Leg_Extension_Pulling_Too_Fast_1_01.csv
24,1,2,5,1,1.925,1925,-0.15,-0.35,9.11,9.118,-0.0044,-0.0011,0.0164,-0.31,-2.56,322.44,0.013,-0.3218,9.6899,9.6953,P024_Weight_Stack_Seated_Leg_Extension_Pulling_Too_Fast_1_01.csv
24,1,2,5,1,2.056,2056,-0.11,-0.25,9.31,9.314,0.0,0.0087,-0.0098,-0.31,-2.56,322.38,-0.0032,-0.3123,9.6399,9.6449,P024_Weight_Stack_Seated_Leg_Extension_Pulling_Too_Fast_1_01.csv
24,1,2,5,1,2.186,2186,0.18,-0.39,9.63,9.6396,-0.0076,0.0022,-0.0076,-0.25,-2.5,322.44,0.0209,-0.3225,9.6386,9.644,P024_Weight_Stack_Seated_Leg_Extension_Pulling_Too_Fast_1_01.csv
24,1,2,5,1,2.316,2316,-0.01,-0.12,10.06,10.0607,-0.0033,-0.0011,0.0273,-0.25,-2.5,322.44,0.0168,-0.2959,9.6941,9.6986,P024_Weight_Stack_Seated_Leg_Extension_Pulling_Too_Fast_1_01.csv
24,1,2,5,1,2.489,2489,0.17,-0.44,9.47,9.4817,0.0,0.0065,0.0033,-0.31,-2.5,322.38,0.037,-0.3148,9.6646,9.6698,P024_Weight_Stack_Seated_Leg_Extension_Pulling_Too_Fast_1_01.csv
24,1,2,5,1,2.623,2623,0.07,-0.42,9.17,9.1799,-0.0033,0.0,0.0022,-0.31,-2.5,322.38,0.0414,-0.3287,9.5994,9.6051,P024_Weight_Stack_Seated_Leg_Extension_Pulling_Too_Fast_1_01.csv
24,2,2,5,1,2.757,2757,0.03,-0.45,9.68,9.6905,-0.0044,0.0087,0.0011,-0.31,-2.5,322.38,0.0399,-0.3447,9.61,9.6163,P024_Weight_Stack_Seated_Leg_Extension_Pulling_Too_Fast_1_01.csv
24,2,2,5,1,2.888,2888,0.13,-0.4,9.77,9.779,-0.0011,0.0,-0.0011,-0.31,-2.5,322.38,0.0517,-0.352,9.6311,9.6377,P024_Weight_Stack_Seated_Leg_Extension_Pulling_Too_Fast_1_01.csv
24,2,2,5,1,3.018,3018,0.06,-0.44,10.09,10.0998,0.0,-0.0055,0.0011,-0.31,-2.5,322.38,0.0528,-0.3636,9.6916,9.6985,P024_Weight_Stack_Seated_Leg_Extension_Pulling_Too_Fast_1_01.csv
24,2,2,5,1,3.148,3148,0.01,-0.31,9.88,9.8849,0.0,0.0033,0.0,-0.31,-2.5,322.38,0.0472,-0.3565,9.7164,9.7231,P024_Weight_Stack_Seated_Leg_Extension_Pulling_Too_Fast_1_01.csv
24,2,2,5,1,3.279,3279,0.08,-0.33,9.89,9.8958,0.0,0.0022,-0.0022,-0.31,-2.5,322.38,0.0515,-0.353,9.7393,9.7458,P024_Weight_Stack_Seated_Leg_Extension_Pulling_Too_Fast_1_01.csv
24,2,2,5,1,3.409,3409,0.03,-0.33,9.83,9.8356,-0.0011,0.0033,-0.0044,-0.31,-2.5,322.38,0.0487,-0.35,9.7512,9.7576,P024_Weight_Stack_Seated_Leg_Extension_Pulling_Too_Fast_1_01.csv
24,2,2,5,1,3.582,3582,0.09,-0.37,9.83,9.8374,0.0022,0.0044,0.0,-0.31,-2.5,322.38,0.0541,-0.3526,9.7616,9.7681,P024_Weight_Stack_Seated_Leg_Extension_Pulling_Too_Fast_1_01.csv
24,2,2,5,1,3.713,3713,0.18,0.04,10.04,10.0417,-0.0033,0.0044,-0.0196,-0.31,-2.5,322.38,0.0707,-0.3009,9.7983,9.8032,P024_Weight_Stack_Seated_Leg_Extension_Pulling_Too_Fast_1_01.csv
24,2,2,5,1,3.843,3843,0.03,-0.46,10.55,10.5601,0.0,0.0087,-0.0033,-0.31,-2.5,322.38,0.0653,-0.3219,9.8974,9.9028,P024_Weight_Stack_Seated_Leg_Extension_Pulling_Too_Fast_1_01.csv
24,2,2,5,1,3.978,3978,-0.07,-0.33,10.4,10.4055,0.0033,0.0011,0.0011,-0.31,-2.5,322.38,0.0475,-0.3229,9.9636,9.9689,P024_Weight_Stack_Seated_Leg_Extension_Pulling_Too_Fast_1_01.csv
24,2,2,5,1,4.111,4111,0.02,-0.45,12.3,12.3082,0.0087,-0.0055,0.0,-0.25,-2.5,322.38,0.0439,-0.3397,10.2715,10.2772,P024_Weight_Stack_Seated_Leg_Extension_Pulling_Too_Fast_1_01.csv
24,2,2,5,1,4.241,4241,-0.12,0.12,12.28,12.2812,0.0175,-0.0469,0.0185,-0.19,-2.63,322.44,0.0223,-0.2791,10.5361,10.5399,P024_Weight_Stack_Seated_Leg_Extension_Pulling_Too_Fast_1_01.csv
24,2,2,5,1,4.391,4391,-0.72,0.67,8.58,8.6362,0.0131,0.0055,-0.0109,-0.13,-2.75,322.5,-0.0755,-0.154,10.2784,10.2798,P024_Weight_Stack_Seated_Leg_Extension_Pulling_Too_Fast_1_01.csv
24,2,2,5,1,4.521,4521,0.19,-0.04,7.35,7.3526,0.0218,-0.0076,0.0,-0.13,-2.88,322.44,-0.0405,-0.139,9.8925,9.8935,P024_Weight_Stack_Seated_Leg_Extension_Pulling_Too_Fast_1_01.csv
24,2,2,5,1,4.694,4694,0.2,-0.33,8.26,8.269,0.0011,0.0065,0.0011,-0.19,-2.88,322.44,-0.0088,-0.1642,9.6774,9.6788,P024_Weight_Stack_Seated_Leg_Extension_Pulling_Too_Fast_1_01.csv
24,2,2,5,1,4.825,4825,0.1,-0.51,9.96,9.9736,-0.0055,0.0,-0.0065,-0.13,-2.88,322.44,0.0055,-0.2097,9.7146,9.7169,P024_Weight_Stack_Seated_Leg_Extension_Pulling_Too_Fast_1_01.csv
24,2,2,5,1,4.956,4956,0.12,-0.53,10.39,10.4042,0.0044,-0.0033,0.0098,-0.13,-2.88,322.44,0.0206,-0.2519,9.8036,9.8069,P024_Weight_Stack_Seated_Leg_Extension_Pulling_Too_Fast_1_01.csv
24,2,2,5,1,5.091,5091,0.07,-0.39,9.73,9.7381,0.0022,-0.0044,0.0142,-0.13,-2.88,322.44,0.0271,-0.2701,9.7939,9.7977,P024_Weight_Stack_Seated_Leg_Extension_Pulling_Too_Fast_1_01.csv
24,2,2,5,1,5.223,5223,0.01,-0.36,9.17,9.1771,-0.0076,-0.0098,0.0109,-0.13,-2.88,322.5,0.0248,-0.282,9.7117,9.7158,P024_Weight_Stack_Seated_Leg_Extension_Pulling_Too_Fast_1_01.csv
24,2,2,5,1,5.354,5354,-0.12,0.0,10.04,10.0407,-0.0065,-0.0164,-0.0087,-0.13,-2.88,322.5,0.0058,-0.2448,9.755,9.758,P024_Weight_Stack_Seated_Leg_Extension_Pulling_Too_Fast_1_01.csv
24,2,2,5,1,5.484,5484,0.13,-0.29,9.02,9.0256,-0.0022,0.0011,-0.0033,-0.13,-2.88,322.56,0.0221,-0.2508,9.6581,9.6614,P024_Weight_Stack_Seated_Leg_Extension_Pulling_Too_Fast_1_01.csv
24,2,2,5,1,5.615,5615,-0.23,-0.35,9.56,9.5692,-0.0022,-0.0044,-0.0033,-0.06,-2.81,322.56,-0.0111,-0.2639,9.6452,9.6488,P024_Weight_Stack_Seated_Leg_Extension_Pulling_Too_Fast_1_01.csv
24,2,2,5,1,5.787,5787,0.1,-0.24,10.76,10.7631,-0.0087,-0.0044,-0.0076,-0.06,-2.81,322.63,0.0035,-0.2607,9.7921,9.7956,P024_Weight_Stack_Seated_Leg_Extension_Pulling_Too_Fast_1_01.csv
24,2,2,5,1,5.918,5918,-0.31,-0.64,9.49,9.5166,-0.0044,-0.0087,0.0065,-0.06,-2.81,322.63,-0.0378,-0.3107,9.7523,9.7573,P024_Weight_Stack_Seated_Leg_Extension_Pulling_Too_Fast_1_01.csv
24,2,2,5,1,6.048,6048,-0.19,-0.37,9.0,9.0096,-0.0185,0.0175,0.0011,-0.06,-2.81,322.63,-0.0578,-0.3185,9.6531,9.6586,P024_Weight_Stack_Seated_Leg_Extension_Pulling_Too_Fast_1_01.csv
24,2,2,5,1,6.182,6182,0.09,-0.3,9.65,9.6551,-0.0011,0.0055,0.0022,-0.06,-2.81,322.63,-0.0384,-0.3161,9.6527,9.658,P024_Weight_Stack_Seated_Leg_Extension_Pulling_Too_Fast_1_01.csv
24,3,2,5,1,6.316,6316,0.13,-0.37,10.12,10.1276,0.0,0.0,0.0,-0.06,-2.81,322.63,-0.0162,-0.3232,9.7143,9.7197,P024_Weight_Stack_Seated_Leg_Extension_Pulling_Too_Fast_1_01.csv
24,3,2,5,1,6.447,6447,-0.01,-0.39,9.73,9.7378,-0.0022,-0.0011,0.0011,-0.06,-2.81,322.63,-0.0154,-0.332,9.7164,9.7221,P024_Weight_Stack_Seated_Leg_Extension_Pulling_Too_Fast_1_01.csv
24,3,2,5,1,6.577,6577,0.22,-0.49,9.78,9.7947,0.0022,0.0011,-0.0022,-0.06,-2.81,322.63,0.0157,-0.3528,9.7248,9.7312,P024_Weight_Stack_Seated_Leg_Extension_Pulling_Too_Fast_1_01.csv
24,3,2,5,1,6.707,6707,0.06,-0.39,10.19,10.1976,0.0,-0.0022,0.0044,-0.06,-2.81,322.63,0.0215,-0.3577,9.7861,9.7926,P024_Weight_Stack_Seated_Leg_Extension_Pulling_Too_Fast_1_01.csv
24,3,2,5,1,6.88,6880,0.09,-0.39,10.05,10.058,0.0033,0.0,-0.0011,-0.06,-2.81,322.63,0.0305,-0.362,9.8208,9.8276,P024_Weight_Stack_Seated_Leg_Extension_Pulling_Too_Fast_1_01.csv
24,3,2,5,1,7.011,7011,0.02,-0.34,9.95,9.9558,0.0022,0.0,-0.0011,-0.06,-2.81,322.63,0.0291,-0.3591,9.8379,9.8445,P024_Weight_Stack_Seated_Leg_Extension_Pulling_Too_Fast_1_01.csv
24,3,2,5,1,7.145,7145,0.0,-0.32,9.81,9.8152,0.0022,0.0,0.0011,-0.06,-2.81,322.63,0.0253,-0.3539,9.8342,9.8406,P024_Weight_Stack_Seated_Leg_Extension_Pulling_Too_Fast_1_01.csv
24,3,2,5,1,7.275,7275,0.03,-0.33,9.98,9.9855,-0.0011,0.0011,0.0022,-0.06,-2.81,322.63,0.0259,-0.3508,9.8534,9.8597,P024_Weight_Stack_Seated_Leg_Extension_Pulling_Too_Fast_1_01.csv
24,3,2,5,1,7.409,7409,0.23,-0.27,10.25,10.2561,0.0033,0.0055,0.0022,-0.06,-2.81,322.63,0.0528,-0.3401,9.9057,9.9116,P024_Weight_Stack_Seated_Leg_Extension_Pulling_Too_Fast_1_01.csv
24,3,2,5,1,7.539,7539,0.08,-0.35,11.28,11.2857,0.0033,-0.0076,0.0011,-0.06,-2.81,322.63,0.0564,-0.3414,10.0868,10.0927,P024_Weight_Stack_Seated_Leg_Extension_Pulling_Too_Fast_1_01.csv
24,3,2,5,1,7.67,7670,0.0,-0.58,11.05,11.0652,0.0109,-0.0153,0.0131,0.0,-2.88,322.63,0.049,-0.3729,10.2137,10.2206,P024_Weight_Stack_Seated_Leg_Extension_Pulling_Too_Fast_1_01.csv
24,3,2,5,1,7.8,7800,0.2,-0.94,10.2,10.2452,0.0142,-0.0142,0.0076,0.0,-2.94,322.69,0.0689,-0.4476,10.2119,10.2219,P024_Weight_Stack_Seated_Leg_Extension_Pulling_Too_Fast_1_01.csv
24,3,2,5,1,7.973,7973,0.18,-0.66,8.75,8.7767,0.0185,0.0218,-0.0055,0.0,-3.0,322.69,0.0835,-0.4756,10.0193,10.0309,P024_Weight_Stack_Seated_Leg_Extension_Pulling_Too_Fast_1_01.csv
24,3,2,5,1,8.103,8103,0.07,-0.34,7.62,7.6279,0.0109,0.0022,-0.0109,0.0,-3.06,322.63,0.0817,-0.4577,9.7031,9.7142,P024_Weight_Stack_Seated_Leg_Extension_Pulling_Too_Fast_1_01.csv
24,3,2,5,1,8.235,8235,0.24,-0.43,8.5,8.5143,0.0033,0.0011,0.0055,0.0,-3.06,322.63,0.1026,-0.4541,9.5446,9.5559,P024_Weight_Stack_Seated_Leg_Extension_Pulling_Too_Fast_1_01.csv
24,3,2,5,1,8.371,8371,0.2,-0.47,9.41,9.4239,0.0,-0.0044,0.0087,0.0,-3.06,322.63,0.1154,-0.4562,9.5268,9.5384,P024_Weight_Stack_Seated_Leg_Extension_Pulling_Too_Fast_1_01.csv
24,4,2,5,1,8.502,8502,0.0,-0.39,10.3,10.3074,0.0033,0.0011,0.024,0.0,-3.06,322.69,0.1002,-0.4474,9.6287,9.6396,P024_Weight_Stack_Seated_Leg_Extension_Pulling_Too_Fast_1_01.csv
24,4,2,5,1,8.632,8632,-0.01,-0.37,10.05,10.0568,-0.0011,-0.0022,-0.012,0.0,-3.0,322.69,0.0857,-0.4372,9.6842,9.6945,P024_Weight_Stack_Seated_Leg_Extension_Pulling_Too_Fast_1_01.csv
24,4,2,5,1,8.762,8762,0.15,-0.48,10.02,10.0326,0.0,0.0,0.0251,0.0,-3.0,322.75,0.0942,-0.4429,9.7285,9.739,P024_Weight_Stack_Seated_Leg_Extension_Pulling_Too_Fast_1_01.csv
24,4,2,5,1,8.893,8893,-0.09,-0.52,8.84,8.8557,-0.0011,-0.0065,-0.012,0.0,-3.0,322.75,0.0699,-0.453,9.6114,9.6223,P024_Weight_Stack_Seated_Leg_Extension_Pulling_Too_Fast_1_01.csv
24,4,2,5,1,9.066,9066,0.19,-0.29,9.79,9.7961,0.0011,0.0,-0.0065,0.0,-3.0,322.75,0.0857,-0.4316,9.6349,9.645,P024_Weight_Stack_Seated_Leg_Extension_Pulling_Too_Fast_1_01.csv
24,4,2,5,1,9.202,9202,-0.02,-0.39,9.93,9.9377,-0.0076,-0.0022,0.0153,0.06,-2.94,322.81,0.0718,-0.4261,9.6738,9.6835,P024_Weight_Stack_Seated_Leg_Extension_Pulling_Too_Fast_1_01.csv
24,4,2,5,1,9.334,9334,-0.27,-0.4,9.91,9.9217,0.0044,0.0055,0.0153,0.06,-2.94,322.81,0.0268,-0.4226,9.7049,9.7142,P024_Weight_Stack_Seated_Leg_Extension_Pulling_Too_Fast_1_01.csv
24,4,2,5,1,9.464,9464,0.0,-0.55,10.1,10.115,0.0,0.0055,0.0022,0.06,-2.94,322.81,0.0232,-0.4394,9.757,9.7669,P024_Weight_Stack_Seated_Leg_Extension_Pulling_Too_Fast_1_01.csv
24,4,2,5,1,9.595,9595,0.14,-0.35,9.81,9.8172,-0.0011,0.0044,0.0011,0.06,-2.94,322.81,0.0386,-0.4276,9.764,9.7734,P024_Weight_Stack_Seated_Leg_Extension_Pulling_Too_Fast_1_01.csv
24,4,2,5,1,9.725,9725,0.1,-0.4,9.54,9.5489,-0.0011,-0.0044,0.0,0.0,-2.88,322.81,0.0467,-0.424,9.7345,9.7438,P024_Weight_Stack_Seated_Leg_Extension_Pulling_Too_Fast_1_01.csv
24,4,2,5,1,9.855,9855,0.04,-0.37,9.76,9.7671,-0.0033,-0.0033,0.0022,0.0,-2.88,322.81,0.0458,-0.4169,9.7378,9.7469,P024_Weight_Stack_Seated_Leg_Extension_Pulling_Too_Fast_1_01.csv
24,4,2,5,1,9.986,9986,0.05,-0.35,10.12,10.1262,-0.0022,0.0,-0.0011,0.0,-2.81,322.81,0.0464,-0.4081,9.7882,9.7968,P024_Weight_Stack_Seated_Leg_Extension_Pulling_Too_Fast_1_01.csv
24,4,2,5,1,10.158,10158,0.07,-0.38,9.94,9.9475,-0.0033,0.0011,0.0033,0.0,-2.75,322.81,0.0495,-0.4044,9.8082,9.8167,P024_Weight_Stack_Seated_Leg_Extension_Pulling_Too_Fast_1_01.csv
24,4,2,5,1,10.288,10288,0.07,-0.4,9.93,9.9383,0.0011,-0.0011,-0.0022,0.0,-2.75,322.81,0.0522,-0.4038,9.8242,9.8327,P024_Weight_Stack_Seated_Leg_Extension_Pulling_Too_Fast_1_01.csv
24,4,2,5,1,10.418,10418,0.01,-0.35,9.86,9.8662,0.0011,0.0033,-0.0022,0.0,-2.69,322.81,0.0466,-0.3967,9.829,9.8371,P024_Weight_Stack_Seated_Leg_Extension_Pulling_Too_Fast_1_01.csv
24,4,2,5,1,10.548,10548,0.09,-0.37,9.8,9.8074,0.0,0.0022,-0.0011,0.0,-2.69,322.81,0.0523,-0.3932,9.8251,9.8331,P024_Weight_Stack_Seated_Leg_Extension_Pulling_Too_Fast_1_01.csv
24,4,2,5,1,10.678,10678,0.07,-0.36,10.24,10.2466,-0.0011,0.0,0.0011,-0.06,-2.63,322.81,0.0547,-0.3888,9.8798,9.8876,P024_Weight_Stack_Seated_Leg_Extension_Pulling_Too_Fast_1_01.csv
24,4,2,5,1,10.808,10808,0.22,-0.04,10.26,10.2624,0.0011,0.024,0.0011,-0.06,-2.63,322.81,0.0765,-0.3428,9.9299,9.9361,P024_Weight_Stack_Seated_Leg_Extension_Pulling_Too_Fast_1_01.csv
24,4,2,5,1,10.938,10938,0.0,-0.45,10.87,10.8793,0.0022,-0.0087,0.0044,-0.06,-2.63,322.81,0.0664,-0.357,10.0538,10.0603,P024_Weight_Stack_Seated_Leg_Extension_Pulling_Too_Fast_1_01.csv
24,4,2,5,1,11.068,11068,-0.19,-0.37,11.26,11.2677,0.0262,-0.0262,0.0011,-0.06,-2.69,322.81,0.0326,-0.3587,10.2127,10.2191,P024_Weight_Stack_Seated_Leg_Extension_Pulling_Too_Fast_1_01.csv
24,4,2,5,1,11.241,11241,-0.09,-0.25,9.93,9.9336,0.0175,-0.012,-0.012,0.06,-2.81,322.81,0.0164,-0.3444,10.1755,10.1813,P024_Weight_Stack_Seated_Leg_Extension_Pulling_Too_Fast_1_01.csv
24,4,2,5,1,11.372,11372,0.62,-1.0,8.11,8.1949,0.0262,0.024,-0.0065,0.0,-2.94,322.81,0.096,-0.4308,9.9033,9.9131,P024_Weight_Stack_Seated_Leg_Extension_Pulling_Too_Fast_1_01.csv
24,4,2,5,1,11.507,11507,0.22,-0.24,6.89,6.8977,0.0153,0.0164,-0.0076,0.0,-2.94,322.81,0.1123,-0.4056,9.5062,9.5155,P024_Weight_Stack_Seated_Leg_Extension_Pulling_Too_Fast_1_01.csv
24,4,2,5,1,11.638,11638,0.0,-0.44,8.46,8.4714,-0.0033,0.0022,0.0185,0.0,-3.0,322.75,0.0975,-0.4102,9.3684,9.3778,P024_Weight_Stack_Seated_Leg_Extension_Pulling_Too_Fast_1_01.csv
24,4,2,5,1,11.77,11770,0.0,-0.47,9.09,9.1021,-0.0076,-0.0044,-0.0044,0.0,-2.94,322.81,0.0847,-0.418,9.3317,9.3414,P024_Weight_Stack_Seated_Leg_Extension_Pulling_Too_Fast_1_01.csv
24,5,2,5,1,11.9,11900,-0.01,0.05,10.58,10.5801,-0.0109,-0.0142,0.0087,0.0,-2.94,322.88,0.0722,-0.3564,9.4962,9.5031,P024_Weight_Stack_Seated_Leg_Extension_Pulling_Too_Fast_1_01.csv
24,5,2,5,1,12.031,12031,-0.07,-0.38,9.89,9.8975,-0.0011,0.0044,0.0044,0.0,-2.94,322.88,0.0535,-0.3595,9.5481,9.555,P024_Weight_Stack_Seated_Leg_Extension_Pulling_Too_Fast_1_01.csv
24,5,2,5,1,12.161,12161,0.45,-0.81,9.92,9.9632,-0.0229,-0.0098,0.0033,0.0,-2.88,322.88,0.1057,-0.4188,9.5971,9.6068,P024_Weight_Stack_Seated_Leg_Extension_Pulling_Too_Fast_1_01.csv
24,5,2,5,1,12.334,12334,0.04,-0.24,10.48,10.4828,-0.0044,0.0033,-0.0087,0.06,-2.88,322.88,0.0971,-0.3953,9.7134,9.722,P024_Weight_Stack_Seated_Leg_Extension_Pulling_Too_Fast_1_01.csv
24,5,2,5,1,12.464,12464,-0.05,-0.23,9.66,9.6629,0.0055,-0.0055,0.0011,0.06,-2.88,322.94,0.0777,-0.3735,9.7064,9.7139,P024_Weight_Stack_Seated_Leg_Extension_Pulling_Too_Fast_1_01.csv
24,5,2,5,1,12.596,12596,-0.06,-0.65,9.23,9.2531,0.0055,0.0044,0.0033,0.06,-2.88,322.94,0.0595,-0.4099,9.6436,9.6525,P024_Weight_Stack_Seated_Leg_Extension_Pulling_Too_Fast_1_01.csv
24,5,2,5,1,12.729,12729,0.09,-0.34,9.53,9.5365,-0.0011,0.0131,-0.0022,0.06,-2.88,322.88,0.0635,-0.4007,9.6286,9.6372,P024_Weight_Stack_Seated_Leg_Extension_Pulling_Too_Fast_1_01.csv
24,5,2,5,1,12.862,12862,0.11,-0.33,9.73,9.7362,-0.0065,0.0055,-0.0033,0.06,-2.88,322.88,0.0697,-0.3914,9.642,9.6502,P024_Weight_Stack_Seated_Leg_Extension_Pulling_Too_Fast_1_01.csv
24,5,2,5,1,12.993,12993,-0.07,-0.34,10.19,10.1959,-0.0022,0.0044,0.0022,0.06,-2.81,322.88,0.0513,-0.3846,9.7142,9.722,P024_Weight_Stack_Seated_Leg_Extension_Pulling_Too_Fast_1_01.csv
24,5,2,5,1,13.139,13139,0.12,-0.36,10.41,10.4169,-0.0033,0.0044,-0.0022,0.0,-2.75,322.88,0.0603,-0.3814,9.8059,9.8135,P024_Weight_Stack_Seated_Leg_Extension_Pulling_Too_Fast_1_01.csv
24,5,2,5,1,13.273,13273,0.05,-0.38,9.97,9.9774,-0.0011,0.0011,0.0011,0.0,-2.75,322.88,0.059,-0.3812,9.8275,9.8351,P024_Weight_Stack_Seated_Leg_Extension_Pulling_Too_Fast_1_01.csv
24,5,2,5,1,13.446,13446,0.08,-0.34,9.7,9.7063,0.0011,-0.0022,-0.0022,0.0,-2.69,322.88,0.0617,-0.3758,9.8107,9.8181,P024_Weight_Stack_Seated_Leg_Extension_Pulling_Too_Fast_1_01.csv
24,5,2,5,1,13.576,13576,0.09,-0.32,9.53,9.5358,-0.0065,-0.0044,0.0,0.0,-2.69,322.94,0.0655,-0.3684,9.7737,9.7809,P024_Weight_Stack_Seated_Leg_Extension_Pulling_Too_Fast_1_01.csv
24,5,2,5,1,13.706,13706,-0.03,-0.39,9.89,9.8977,0.0,-0.0011,0.0,0.0,-2.63,322.94,0.0529,-0.3713,9.789,9.7962,P024_Weight_Stack_Seated_Leg_Extension_Pulling_Too_Fast_1_01.csv
24,5,2,5,1,13.836,13836,0.15,-0.45,10.15,10.1611,0.0011,0.0055,0.0022,0.0,-2.63,322.94,0.0657,-0.3816,9.8366,9.8442,P024_Weight_Stack_Seated_Leg_Extension_Pulling_Too_Fast_1_01.csv
24,5,2,5,1,13.966,13966,0.16,-0.37,9.77,9.7783,0.0033,0.0022,-0.0011,0.0,-2.63,322.94,0.0781,-0.3801,9.8278,9.8355,P024_Weight_Stack_Seated_Leg_Extension_Pulling_Too_Fast_1_01.csv
24,5,2,5,1,14.096,14096,0.04,-0.19,10.17,10.1719,0.0033,-0.0131,0.0022,0.0,-2.56,322.94,0.0731,-0.3551,9.8729,9.8796,P024_Weight_Stack_Seated_Leg_Extension_Pulling_Too_Fast_1_01.csv
24,5,2,5,1,14.226,14226,-0.1,-0.47,11.33,11.3402,0.0153,0.0262,0.0065,0.0,-2.63,322.94,0.0503,-0.3702,10.0649,10.0719,P024_Weight_Stack_Seated_Leg_Extension_Pulling_Too_Fast_1_01.csv
24,5,2,5,1,14.357,14357,-0.34,-0.26,10.12,10.129,0.0218,-0.0425,0.0218,0.0,-2.69,323.0,-0.0012,-0.3557,10.0722,10.0785,P024_Weight_Stack_Seated_Leg_Extension_Pulling_Too_Fast_1_01.csv
24,5,2,5,1,14.53,14530,-0.35,0.51,9.75,9.7696,-0.0076,0.0044,-0.0164,0.06,-2.81,322.94,-0.0471,-0.2416,10.0297,10.0328,P024_Weight_Stack_Seated_Leg_Extension_Pulling_Too_Fast_1_01.csv
24,5,2,5,1,14.664,14664,0.16,-0.22,7.45,7.455,0.0109,-0.0011,0.0131,0.06,-2.88,322.94,-0.0198,-0.2388,9.6898,9.6927,P024_Weight_Stack_Seated_Leg_Extension_Pulling_Too_Fast_1_01.csv
24,5,2,5,1,14.798,14798,-0.12,-0.24,8.03,8.0345,-0.0033,-0.0164,-0.0185,0.0,-2.94,322.88,-0.033,-0.2389,9.4711,9.4741,P024_Weight_Stack_Seated_Leg_Extension_Pulling_Too_Fast_1_01.csv
24,5,2,5,1,14.928,14928,0.51,-0.11,8.69,8.7056,0.0087,-0.0044,-0.0044,0.06,-2.94,322.94,0.0385,-0.2219,9.3681,9.3709,P024_Weight_Stack_Seated_Leg_Extension_Pulling_Too_Fast_1_01.csv
24,6,2,5,1,15.059,15059,0.16,-0.66,9.72,9.7437,0.0044,0.0,0.0273,0.06,-2.88,322.94,0.0545,-0.2797,9.4145,9.4188,P024_Weight_Stack_Seated_Leg_Extension_Pulling_Too_Fast_1_01.csv
24,6,2,5,1,15.189,15189,0.18,-0.35,9.54,9.5481,-0.012,-0.0098,-0.0033,0.06,-2.88,323.0,0.0711,-0.2889,9.431,9.4357,P024_Weight_Stack_Seated_Leg_Extension_Pulling_Too_Fast_1_01.csv
24,6,2,5,1,15.32,15320,0.01,-0.36,10.25,10.2563,-0.0033,0.0022,-0.0109,0.13,-2.88,323.0,0.063,-0.2983,9.539,9.5438,P024_Weight_Stack_Seated_Leg_Extension_Pulling_Too_Fast_1_01.csv
24,6,2,5,1,15.45,15450,0.29,-0.55,10.67,10.6881,0.0033,0.0044,0.0153,0.13,-2.88,323.06,0.0929,-0.3315,9.688,9.6941,P024_Weight_Stack_Seated_Leg_Extension_Pulling_Too_Fast_1_01.csv
24,6,2,5,1,15.623,15623,0.03,-0.59,9.25,9.2688,-0.0153,-0.0218,0.0044,0.13,-2.88,323.0,0.0846,-0.3655,9.6303,9.6376,P024_Weight_Stack_Seated_Leg_Extension_Pulling_Too_Fast_1_01.csv
24,6,2,5,1,15.759,15759,-0.11,-0.26,9.28,9.2843,-0.0011,-0.0044,0.0044,0.13,-2.81,323.06,0.059,-0.3516,9.5841,9.5908,P024_Weight_Stack_Seated_Leg_Extension_Pulling_Too_Fast_1_01.csv
24,6,2,5,1,15.891,15891,0.07,-0.66,9.5,9.5232,0.0044,0.0044,0.0109,0.13,-2.81,323.06,0.0604,-0.3923,9.573,9.5813,P024_Weight_Stack_Seated_Leg_Extension_Pulling_Too_Fast_1_01.csv
24,6,2,5,1,16.021,16021,0.11,-0.22,9.71,9.7131,-0.0044,0.0044,-0.0164,0.13,-2.81,323.0,0.067,-0.3696,9.5911,9.5984,P024_Weight_Stack_Seated_Leg_Extension_Pulling_Too_Fast_1_01.csv
24,6,2,5,1,16.152,16152,0.09,-0.47,10.04,10.0514,-0.0044,0.0109,0.0033,0.13,-2.81,323.0,0.07,-0.3828,9.6502,9.6581,P024_Weight_Stack_Seated_Leg_Extension_Pulling_Too_Fast_1_01.csv
24,6,2,5,1,16.282,16282,-0.01,-0.4,9.97,9.978,-0.0033,-0.0153,0.0,0.13,-2.81,323.0,0.0595,-0.3851,9.6924,9.7002,P024_Weight_Stack_Seated_Leg_Extension_Pulling_Too_Fast_1_01.csv
24,6,2,5,1,16.412,16412,0.0,-0.34,9.8,9.8059,0.0,0.0,0.0011,0.06,-2.75,323.0,0.0516,-0.3791,9.7066,9.7141,P024_Weight_Stack_Seated_Leg_Extension_Pulling_Too_Fast_1_01.csv
24,6,2,5,1,16.543,16543,0.13,-0.34,9.86,9.8667,-0.0011,0.0,0.0,0.06,-2.69,323.0,0.062,-0.374,9.7268,9.7342,P024_Weight_Stack_Seated_Leg_Extension_Pulling_Too_Fast_1_01.csv
24,6,2,5,1,16.716,16716,0.09,-0.35,9.91,9.9166,-0.0022,0.0022,0.0011,0.0,-2.69,323.0,0.0657,-0.3708,9.7509,9.7582,P024_Weight_Stack_Seated_Leg_Extension_Pulling_Too_Fast_1_01.csv
24,6,2,5,1,16.847,16847,0.03,-0.43,10.02,10.0293,-0.0109,-0.0011,0.0284,0.0,-2.63,323.06,0.061,-0.3786,9.7864,9.7939,P024_Weight_Stack_Seated_Leg_Extension_Pulling_Too_Fast_1_01.csv
24,6,2,5,1,16.977,16977,0.07,-0.28,9.87,9.8742,0.0011,-0.0011,-0.0022,0.0,-2.63,323.0,0.0621,-0.3656,9.7974,9.8044,P024_Weight_Stack_Seated_Leg_Extension_Pulling_Too_Fast_1_01.csv
24,6,2,5,1,17.113,17113,0.07,-0.44,9.85,9.8601,0.0098,-0.0207,0.0,0.0,-2.63,323.0,0.0632,-0.3754,9.8043,9.8117,P024_Weight_Stack_Seated_Leg_Extension_Pulling_Too_Fast_1_01.csv
24,6,2,5,1,17.245,17245,-0.02,-0.43,11.41,11.4181,0.0022,-0.0098,0.0044,0.0,-2.63,323.0,0.0522,-0.3826,10.0159,10.0234,P024_Weight_Stack_Seated_Leg_Extension_Pulling_Too_Fast_1_01.csv
24,6,2,5,1,17.375,17375,-0.01,-0.26,10.64,10.6432,0.0196,-0.0262,0.0087,0.0,-2.69,323.06,0.044,-0.3665,10.0982,10.1049,P024_Weight_Stack_Seated_Leg_Extension_Pulling_Too_Fast_1_01.csv
24,6,2,5,1,17.505,17505,0.27,-0.31,9.19,9.1992,0.0153,-0.0185,0.0044,0.06,-2.75,323.06,0.0738,-0.359,9.9785,9.9852,P024_Weight_Stack_Seated_Leg_Extension_Pulling_Too_Fast_1_01.csv
24,6,2,5,1,17.636,17636,-0.19,-0.81,10.27,10.3036,0.012,-0.0153,0.0316,0.06,-2.81,323.13,0.039,-0.4184,10.0169,10.0257,P024_Weight_Stack_Seated_Leg_Extension_Pulling_Too_Fast_1_01.csv
24,6,2,5,1,17.81,17810,0.01,-0.28,7.58,7.5852,0.0109,-0.0011,0.0153,0.06,-2.88,323.06,0.0352,-0.4002,9.6958,9.7041,P024_Weight_Stack_Seated_Leg_Extension_Pulling_Too_Fast_1_01.csv
24,6,2,5,1,17.946,17946,0.13,-0.29,8.98,8.9856,-0.0033,0.0044,-0.0284,0.0,-2.94,323.0,0.0477,-0.3857,9.6015,9.6093,P024_Weight_Stack_Seated_Leg_Extension_Pulling_Too_Fast_1_01.csv
24,6,2,5,1,18.077,18077,0.04,-0.48,8.72,8.7333,-0.0065,0.0,0.0011,0.06,-2.88,323.06,0.0467,-0.3981,9.4853,9.4938,P024_Weight_Stack_Seated_Leg_Extension_Pulling_Too_Fast_1_01.csv
24,7,2,5,1,18.207,18207,-0.29,-0.41,10.21,10.2223,-0.0055,-0.0044,0.0207,0.06,-2.88,323.06,0.0023,-0.3997,9.5808,9.5891,P024_Weight_Stack_Seated_Leg_Extension_Pulling_Too_Fast_1_01.csv
24,7,2,5,1,18.338,18338,-0.06,-0.47,9.47,9.4818,0.0033,-0.0098,-0.0087,0.06,-2.88,323.13,-0.0059,-0.4089,9.5662,9.5749,P024_Weight_Stack_Seated_Leg_Extension_Pulling_Too_Fast_1_01.csv
24,7,2,5,1,18.468,18468,0.38,-0.58,9.98,10.0041,0.0055,0.0044,0.0175,0.06,-2.88,323.13,0.045,-0.4315,9.6207,9.6305,P024_Weight_Stack_Seated_Leg_Extension_Pulling_Too_Fast_1_01.csv
24,7,2,5,1,18.598,18598,-0.04,-0.38,10.65,10.6569,-0.0175,-0.0316,-0.0033,0.06,-2.81,323.19,0.0338,-0.4247,9.7564,9.7657,P024_Weight_Stack_Seated_Leg_Extension_Pulling_Too_Fast_1_01.csv
24,7,2,5,1,18.729,18729,-0.17,-0.23,10.93,10.9337,0.0011,0.0,-0.0033,0.13,-2.81,323.19,0.0069,-0.399,9.911,9.919,P024_Weight_Stack_Seated_Leg_Extension_Pulling_Too_Fast_1_01.csv
24,7,2,5,1,18.902,18902,0.09,-0.41,10.28,10.2886,-0.0055,-0.0044,-0.0087,0.13,-2.75,323.19,0.0179,-0.4005,9.9596,9.9677,P024_Weight_Stack_Seated_Leg_Extension_Pulling_Too_Fast_1_01.csv
24,7,2,5,1,19.033,19033,0.15,-0.38,10.06,10.0683,-0.0055,0.0109,0.0022,0.06,-2.75,323.19,0.0353,-0.3978,9.9729,9.9809,P024_Weight_Stack_Seated_Leg_Extension_Pulling_Too_Fast_1_01.csv
24,7,2,5,1,19.169,19169,-0.02,-0.34,9.82,9.8259,-0.0044,-0.0109,-0.0022,0.06,-2.75,323.19,0.028,-0.3902,9.9527,9.9604,P024_Weight_Stack_Seated_Leg_Extension_Pulling_Too_Fast_1_01.csv
24,7,2,5,1,19.3,19300,0.02,-0.33,9.83,9.8356,-0.0022,0.0033,0.0011,0.0,-2.75,323.19,0.0269,-0.3822,9.9365,9.9439,P024_Weight_Stack_Seated_Leg_Extension_Pulling_Too_Fast_1_01.csv
24,7,2,5,1,19.43,19430,0.03,-0.36,10.0,10.0065,-0.0033,-0.0011,-0.0022,0.0,-2.69,323.19,0.0273,-0.3793,9.9449,9.9522,P024_Weight_Stack_Seated_Leg_Extension_Pulling_Too_Fast_1_01.csv
24,7,2,5,1,19.561,19561,0.02,-0.36,9.85,9.8566,-0.0011,0.0033,0.0,0.0,-2.69,323.19,0.0264,-0.3768,9.9324,9.9396,P024_Weight_Stack_Seated_Leg_Extension_Pulling_Too_Fast_1_01.csv
24,7,2,5,1,19.691,19691,0.1,-0.37,9.99,9.9973,-0.0044,-0.0022,0.0,0.0,-2.63,323.19,0.0361,-0.3759,9.94,9.9472,P024_Weight_Stack_Seated_Leg_Extension_Pulling_Too_Fast_1_01.csv
24,7,2,5,1,19.821,19821,-0.01,0.01,9.9,9.9,-0.012,-0.0076,0.0185,0.0,-2.63,323.19,0.03,-0.325,9.9347,9.9401,P024_Weight_Stack_Seated_Leg_Extension_Pulling_Too_Fast_1_01.csv
24,7,2,5,1,19.994,19994,0.02,-0.45,9.96,9.9702,-0.0011,0.0033,0.0,-0.06,-2.56,323.19,0.0287,-0.3415,9.9381,9.944,P024_Weight_Stack_Seated_Leg_Extension_Pulling_Too_Fast_1_01.csv
24,7,2,5,1,20.124,20124,-0.01,-0.38,10.05,10.0572,-0.0011,0.0033,0.0022,-0.06,-2.56,323.19,0.0236,-0.3466,9.9528,9.9589,P024_Weight_Stack_Seated_Leg_Extension_Pulling_Too_Fast_1_01.csv
24,7,2,5,1,20.255,20255,0.3,-0.4,11.88,11.8905,0.0022,-0.0022,-0.0022,-0.06,-2.56,323.19,0.06,-0.3536,10.2068,10.2131,P024_Weight_Stack_Seated_Leg_Extension_Pulling_Too_Fast_1_01.csv
24,7,2,5,1,20.385,20385,-0.01,-0.46,12.32,12.3286,0.0142,0.0,0.0055,0.0,-2.56,323.19,0.0508,-0.3676,10.4852,10.4918,P024_Weight_Stack_Seated_Leg_Extension_Pulling_Too_Fast_1_01.csv
24,7,2,5,1,20.516,20516,-0.07,0.45,10.7,10.7097,0.0087,-0.0327,0.0196,0.0,-2.63,323.25,0.0349,-0.2599,10.5135,10.5168,P024_Weight_Stack_Seated_Leg_Extension_Pulling_Too_Fast_1_01.csv
24,7,2,5,1,20.646,20646,-0.81,-0.24,10.13,10.1652,0.0415,-0.0076,-0.0044,0.06,-2.75,323.31,-0.0765,-0.2573,10.463,10.4664,P024_Weight_Stack_Seated_Leg_Extension_Pulling_Too_Fast_1_01.csv
24,7,2,5,1,20.78,20780,0.59,-0.65,8.55,8.5949,0.0196,0.0262,-0.0327,0.0,-2.81,323.25,0.0114,-0.309,10.2109,10.2156,P024_Weight_Stack_Seated_Leg_Extension_Pulling_Too_Fast_1_01.csv
24,7,2,5,1,20.911,20911,0.21,-0.14,8.04,8.044,0.0055,-0.0076,-0.0011,0.0,-2.88,323.19,0.0375,-0.2867,9.9248,9.9291,P024_Weight_Stack_Seated_Leg_Extension_Pulling_Too_Fast_1_01.csv
24,7,2,5,1,21.084,21084,-0.33,-0.41,9.76,9.7742,-0.0131,0.012,0.0011,0.0,-2.81,323.19,-0.0109,-0.303,9.9031,9.9078,P024_Weight_Stack_Seated_Leg_Extension_Pulling_Too_Fast_1_01.csv
24,7,2,5,1,21.215,21215,0.22,-0.25,10.32,10.3254,-0.0055,0.0,-0.0131,0.0,-2.81,323.31,0.0195,-0.296,9.9581,9.9625,P024_Weight_Stack_Seated_Leg_Extension_Pulling_Too_Fast_1_01.csv
24,7,2,5,1,21.345,21345,0.21,-0.74,9.43,9.4613,0.0044,-0.0022,0.0338,0.0,-2.81,323.31,0.0446,-0.3545,9.8885,9.8949,P024_Weight_Stack_Seated_Leg_Extension_Pulling_Too_Fast_1_01.csv
24,7,2,5,1,21.475,21475,-0.15,-0.37,9.57,9.5783,-0.0044,0.0033,-0.0273,0.06,-2.75,323.31,0.019,-0.3566,9.8465,9.853,P024_Weight_Stack_Seated_Leg_Extension_Pulling_Too_Fast_1_01.csv
24,7,2,5,1,21.606,21606,0.15,-0.3,9.8,9.8057,-0.0022,0.012,-0.0098,0.0,-2.75,323.31,0.0362,-0.3491,9.8404,9.8466,P024_Weight_Stack_Seated_Leg_Extension_Pulling_Too_Fast_1_01.csv
24,8,2,5,1,21.736,21736,0.34,-0.49,9.87,9.888,0.0033,0.0,0.0076,0.06,-2.75,323.31,0.0763,-0.3677,9.8443,9.8514,P024_Weight_Stack_Seated_Leg_Extension_Pulling_Too_Fast_1_01.csv
24,8,2,5,1,21.866,21866,0.11,-0.33,10.21,10.2159,-0.0033,0.0022,0.0044,0.06,-2.75,323.38,0.0807,-0.3627,9.8925,9.8994,P024_Weight_Stack_Seated_Leg_Extension_Pulling_Too_Fast_1_01.csv
24,8,2,5,1,21.997,21997,0.07,-0.36,10.4,10.4065,-0.0022,0.0022,0.0033,0.06,-2.75,323.38,0.0793,-0.3623,9.9594,9.9663,P024_Weight_Stack_Seated_Leg_Extension_Pulling_Too_Fast_1_01.csv
24,8,2,5,1,22.171,22171,0.06,-0.35,9.74,9.7465,-0.0022,0.0011,-0.0055,0.06,-2.75,323.38,0.0768,-0.3607,9.9304,9.9373,P024_Weight_Stack_Seated_Leg_Extension_Pulling_Too_Fast_1_01.csv
24,8,2,5,1,22.307,22307,0.1,-0.37,9.53,9.5377,0.0,-0.0011,-0.0022,0.06,-2.69,323.38,0.0798,-0.3619,9.8777,9.8846,P024_Weight_Stack_Seated_Leg_Extension_Pulling_Too_Fast_1_01.csv
24,8,2,5,1,22.438,22438,0.0,-0.33,9.73,9.7356,-0.0033,0.0,-0.0033,0.06,-2.69,323.38,0.0693,-0.3577,9.8582,9.8649,P024_Weight_Stack_Seated_Leg_Extension_Pulling_Too_Fast_1_01.csv
24,8,2,5,1,22.568,22568,0.09,-0.37,10.16,10.1671,-0.0011,0.0011,0.0011,0.06,-2.69,323.38,0.072,-0.3594,9.898,9.9048,P024_Weight_Stack_Seated_Leg_Extension_Pulling_Too_Fast_1_01.csv
24,8,2,5,1,22.698,22698,0.07,-0.33,10.02,10.0257,-0.0044,-0.0022,0.0,0.06,-2.69,323.38,0.0718,-0.3555,9.9141,9.9207,P024_Weight_Stack_Seated_Leg_Extension_Pulling_Too_Fast_1_01.csv
24,8,2,5,1,22.829,22829,0.05,-0.3,10.02,10.0246,-0.0033,-0.0011,0.0,0.06,-2.69,323.38,0.0689,-0.3482,9.928,9.9344,P024_Weight_Stack_Seated_Leg_Extension_Pulling_Too_Fast_1_01.csv
24,8,2,5,1,22.959,22959,0.03,-0.33,9.87,9.8756,0.0011,-0.0011,0.0022,0.06,-2.69,323.38,0.0638,-0.3458,9.9204,9.9266,P024_Weight_Stack_Seated_Leg_Extension_Pulling_Too_Fast_1_01.csv
24,8,2,5,1,23.089,23089,-0.82,0.39,10.27,10.3101,0.0076,-0.0229,0.012,0.0,-2.69,323.38,-0.0527,-0.2488,9.9664,9.9697,P024_Weight_Stack_Seated_Leg_Extension_Pulling_Too_Fast_1_01.csv
24,8,2,5,1,23.262,23262,-0.07,-0.28,9.74,9.7443,0.0011,-0.0033,0.0033,0.0,-2.69,323.38,-0.055,-0.2529,9.9366,9.94,P024_Weight_Stack_Seated_Leg_Extension_Pulling_Too_Fast_1_01.csv
24,8,2,5,1,23.392,23392,0.06,-0.31,9.8,9.8051,0.0022,-0.0011,0.0022,0.0,-2.69,323.38,-0.0398,-0.2604,9.9186,9.9221,P024_Weight_Stack_Seated_Leg_Extension_Pulling_Too_Fast_1_01.csv
24,8,2,5,1,23.522,23522,0.12,-0.39,11.38,11.3873,0.0033,-0.0022,0.0033,0.0,-2.69,323.38,-0.0188,-0.2775,10.1112,10.115,P024_Weight_Stack_Seated_Leg_Extension_Pulling_Too_Fast_1_01.csv
24,8,2,5,1,23.653,23653,-0.14,-0.4,11.51,11.5178,0.0076,-0.0098,0.0065,0.0,-2.69,323.38,-0.0347,-0.2937,10.2955,10.2998,P024_Weight_Stack_Seated_Leg_Extension_Pulling_Too_Fast_1_01.csv
24,8,2,5,1,23.784,23784,0.45,-0.3,11.27,11.283,0.0022,0.0109,-0.0055,0.0,-2.75,323.38,0.0291,-0.2945,10.4239,10.4281,P024_Weight_Stack_Seated_Leg_Extension_Pulling_Too_Fast_1_01.csv
24,8,2,5,1,23.915,23915,0.09,0.28,11.38,11.3838,-0.0055,0.0131,-0.0044,0.06,-2.81,323.44,0.0372,-0.2188,10.5499,10.5522,P024_Weight_Stack_Seated_Leg_Extension_Pulling_Too_Fast_1_01.csv
24,8,2,5,1,24.047,24047,-0.47,0.14,9.7,9.7124,0.0065,-0.0098,-0.0033,0.13,-3.0,323.44,-0.0297,-0.1715,10.4379,10.4394,P024_Weight_Stack_Seated_Leg_Extension_Pulling_Too_Fast_1_01.csv
24,8,2,5,1,24.178,24178,0.35,0.0,7.95,7.9577,0.0,0.0022,-0.0371,0.06,-3.06,323.38,0.0204,-0.1489,10.1101,10.1112,P024_Weight_Stack_Seated_Leg_Extension_Pulling_Too_Fast_1_01.csv
24,8,2,5,1,24.353,24353,0.07,-0.39,7.82,7.83,0.0076,0.0,-0.0327,0.06,-3.13,323.38,0.0269,-0.1807,9.8083,9.81,P024_Weight_Stack_Seated_Leg_Extension_Pulling_Too_Fast_1_01.csv
24,8,2,5,1,24.483,24483,0.0,-0.71,9.75,9.7758,-0.0142,-0.0175,0.0491,0.06,-3.06,323.44,0.0234,-0.2504,9.8006,9.8038,P024_Weight_Stack_Seated_Leg_Extension_Pulling_Too_Fast_1_01.csv
24,8,2,5,1,24.614,24614,0.0,-0.37,10.53,10.5365,-0.0076,-0.0033,-0.0076,0.06,-3.06,323.5,0.0203,-0.2662,9.8967,9.9003,P024_Weight_Stack_Seated_Leg_Extension_Pulling_Too_Fast_1_01.csv
24,8,2,5,1,24.744,24744,0.0,-0.18,9.18,9.1818,0.0065,-0.0044,0.0393,0.13,-3.06,323.5,0.0176,-0.2548,9.8023,9.8056,P024_Weight_Stack_Seated_Leg_Extension_Pulling_Too_Fast_1_01.csv
24,8,2,5,1,24.874,24874,-0.16,-0.26,9.17,9.1751,0.0022,0.0076,-0.0316,0.13,-3.06,323.56,-0.0058,-0.2555,9.719,9.7223,P024_Weight_Stack_Seated_Leg_Extension_Pulling_Too_Fast_1_01.csv
24,9,2,5,1,25.004,25004,-0.01,-0.49,9.91,9.9221,-0.0087,-0.0011,0.0,0.13,-3.0,323.63,-0.0064,-0.2864,9.7441,9.7483,P024_Weight_Stack_Seated_Leg_Extension_Pulling_Too_Fast_1_01.csv
24,9,2,5,1,25.135,25135,0.4,-0.1,10.05,10.0585,-0.0185,0.0229,0.0164,0.13,-3.0,323.63,0.0472,-0.2618,9.7844,9.7881,P024_Weight_Stack_Seated_Leg_Extension_Pulling_Too_Fast_1_01.csv
24,9,2,5,1,25.265,25265,0.03,-0.35,10.58,10.5858,0.0,-0.0033,-0.0011,0.13,-3.0,323.63,0.0449,-0.2735,9.8893,9.8932,P024_Weight_Stack_Seated_Leg_Extension_Pulling_Too_Fast_1_01.csv
24,9,2,5,1,25.438,25438,0.0,-0.34,10.01,10.0158,-0.0033,0.0011,-0.0033,0.13,-2.94,323.63,0.039,-0.2822,9.9052,9.9093,P024_Weight_Stack_Seated_Leg_Extension_Pulling_Too_Fast_1_01.csv
24,9,2,5,1,25.568,25568,0.11,-0.37,9.94,9.9475,0.0,0.0044,0.0,0.13,-2.94,323.63,0.0484,-0.2938,9.9098,9.9142,P024_Weight_Stack_Seated_Leg_Extension_Pulling_Too_Fast_1_01.csv
24,9,2,5,1,25.698,25698,0.0,-0.33,10.13,10.1354,0.0011,-0.0022,0.0011,0.06,-2.88,323.63,0.042,-0.2986,9.9388,9.9434,P024_Weight_Stack_Seated_Leg_Extension_Pulling_Too_Fast_1_01.csv
24,9,2,5,1,25.828,25828,0.05,-0.34,10.03,10.0359,0.0,0.0033,0.0,0.06,-2.88,323.63,0.043,-0.304,9.9508,9.9555,P024_Weight_Stack_Seated_Leg_Extension_Pulling_Too_Fast_1_01.csv
24,9,2,5,1,25.958,25958,0.03,-0.27,9.83,9.8338,0.0011,-0.0022,0.0,0.06,-2.81,323.63,0.0413,-0.2995,9.9349,9.9395,P024_Weight_Stack_Seated_Leg_Extension_Pulling_Too_Fast_1_01.csv
24,9,2,5,1,26.088,26088,0.21,0.32,9.93,9.9374,-0.0044,0.0098,-0.0131,0.0,-2.81,323.63,0.0636,-0.2179,9.9342,9.9368,P024_Weight_Stack_Seated_Leg_Extension_Pulling_Too_Fast_1_01.csv
24,9,2,5,1,26.218,26218,0.12,-0.37,9.83,9.8377,0.0,0.0,-0.0065,0.0,-2.81,323.63,0.071,-0.2379,9.9205,9.9236,P024_Weight_Stack_Seated_Leg_Extension_Pulling_Too_Fast_1_01.csv
24,9,2,5,1,26.348,26348,0.06,-0.38,9.81,9.8175,0.0044,0.0011,0.0033,0.0,-2.75,323.63,0.0695,-0.2567,9.9059,9.9095,P024_Weight_Stack_Seated_Leg_Extension_Pulling_Too_Fast_1_01.csv
24,9,2,5,1,26.521,26521,0.09,-0.47,12.42,12.4292,0.0065,-0.0076,0.0011,0.0,-2.69,323.63,0.0722,-0.2848,10.2372,10.2415,P024_Weight_Stack_Seated_Leg_Extension_Pulling_Too_Fast_1_01.csv
24,9,2,5,1,26.651,26651,-0.21,-0.44,12.18,12.1898,0.0109,0.0,0.012,0.0,-2.75,323.63,0.035,-0.3052,10.4932,10.4977,P024_Weight_Stack_Seated_Leg_Extension_Pulling_Too_Fast_1_01.csv
24,9,2,5,1,26.782,26782,0.17,0.66,11.07,11.091,-0.0098,-0.0011,0.0011,0.0,-2.81,323.69,0.0528,-0.178,10.5692,10.5709,P024_Weight_Stack_Seated_Leg_Extension_Pulling_Too_Fast_1_01.csv
24,9,2,5,1,26.913,26913,-0.13,-0.24,8.99,8.9941,0.0251,-0.0153,0.0153,0.13,-2.94,323.75,0.0287,-0.1862,10.3611,10.3629,P024_Weight_Stack_Seated_Leg_Extension_Pulling_Too_Fast_1_01.csv
24,9,2,5,1,27.049,27049,-0.02,0.05,9.15,9.1502,0.0153,0.0196,-0.0131,0.13,-3.0,323.75,0.0223,-0.1551,10.2015,10.2027,P024_Weight_Stack_Seated_Leg_Extension_Pulling_Too_Fast_1_01.csv
24,9,2,5,1,27.18,27180,0.43,-0.28,9.69,9.7036,0.0087,0.0022,-0.0098,0.13,-3.06,323.69,0.076,-0.1715,10.1341,10.1359,P024_Weight_Stack_Seated_Leg_Extension_Pulling_Too_Fast_1_01.csv
24,9,2,5,1,27.311,27311,-0.31,-0.49,8.26,8.2803,0.0076,0.0022,0.0196,0.13,-3.06,323.75,0.0252,-0.2135,9.8872,9.8895,P024_Weight_Stack_Seated_Leg_Extension_Pulling_Too_Fast_1_01.csv
24,9,2,5,1,27.441,27441,0.03,-0.22,9.15,9.1527,-0.0065,-0.0033,-0.024,0.13,-3.06,323.69,0.0258,-0.2144,9.79,9.7924,P024_Weight_Stack_Seated_Leg_Extension_Pulling_Too_Fast_1_01.csv
24,9,2,5,1,27.614,27614,0.0,-0.33,9.25,9.2559,-0.0011,-0.0055,-0.0098,0.13,-3.06,323.75,0.0224,-0.2296,9.7189,9.7216,P024_Weight_Stack_Seated_Leg_Extension_Pulling_Too_Fast_1_01.csv
24,9,2,5,1,27.748,27748,-0.28,-0.46,9.23,9.2457,-0.0055,-0.0076,0.0207,0.13,-3.06,323.88,-0.0174,-0.26,9.6544,9.658,P024_Weight_Stack_Seated_Leg_Extension_Pulling_Too_Fast_1_01.csv
24,10,2,5,1,27.878,27878,-0.34,0.43,9.9,9.9152,-0.0109,0.0087,0.0011,0.13,-3.06,323.81,-0.0599,-0.169,9.6868,9.6885,P024_Weight_Stack_Seated_Leg_Extension_Pulling_Too_Fast_1_01.csv
24,10,2,5,1,28.012,28012,0.17,-0.37,9.87,9.8784,-0.0033,0.0022,-0.0175,0.19,-3.0,323.88,-0.0296,-0.1955,9.7109,9.713,P024_Weight_Stack_Seated_Leg_Extension_Pulling_Too_Fast_1_01.csv
24,10,2,5,1,28.143,28143,0.03,-0.32,9.47,9.4755,-0.0022,0.0,-0.0131,0.19,-3.06,323.88,-0.0218,-0.2119,9.6792,9.6815,P024_Weight_Stack_Seated_Leg_Extension_Pulling_Too_Fast_1_01.csv
24,10,2,5,1,28.273,28273,0.13,-0.58,9.77,9.7881,0.0033,-0.0033,0.0044,0.19,-3.06,323.88,-0.0018,-0.2604,9.6912,9.6947,P024_Weight_Stack_Seated_Leg_Extension_Pulling_Too_Fast_1_01.csv
24,10,2,5,1,28.404,28404,-0.05,-0.37,9.53,9.5373,-0.0011,-0.0087,0.0022,0.13,-2.94,323.88,-0.0081,-0.2749,9.6699,9.6738,P024_Weight_Stack_Seated_Leg_Extension_Pulling_Too_Fast_1_01.csv
24,10,2,5,1,28.534,28534,-0.02,-0.33,9.94,9.9455,0.0011,0.0011,-0.0033,0.13,-2.94,323.88,-0.0097,-0.2821,9.7055,9.7096,P024_Weight_Stack_Seated_Leg_Extension_Pulling_Too_Fast_1_01.csv
24,10,2,5,1,28.708,28708,-0.06,-0.39,9.64,9.6481,0.0022,-0.0044,-0.0033,0.13,-2.88,323.88,-0.0163,-0.2963,9.6969,9.7014,P024_Weight_Stack_Seated_Leg_Extension_Pulling_Too_Fast_1_01.csv
24,10,2,5,1,28.844,28844,0.12,-0.33,9.86,9.8663,-0.0011,0.0011,0.0,0.13,-2.88,323.88,0.0016,-0.3008,9.7184,9.723,P024_Weight_Stack_Seated_Leg_Extension_Pulling_Too_Fast_1_01.csv
24,10,2,5,1,28.975,28975,0.04,-0.35,10.09,10.0961,0.0011,-0.0076,0.0033,0.06,-2.81,323.88,0.0067,-0.3073,9.7673,9.7722,P024_Weight_Stack_Seated_Leg_Extension_Pulling_Too_Fast_1_01.csv
24,10,2,5,1,29.105,29105,0.0,-0.31,9.74,9.7449,-0.0011,0.0022,0.0,0.06,-2.75,323.88,0.0058,-0.3076,9.7637,9.7686,P024_Weight_Stack_Seated_Leg_Extension_Pulling_Too_Fast_1_01.csv
24,10,2,5,1,29.236,29236,0.11,-0.34,9.7,9.7066,0.0,0.0011,0.0011,0.0,-2.75,323.88,0.0195,-0.3119,9.7553,9.7603,P024_Weight_Stack_Seated_Leg_Extension_Pulling_Too_Fast_1_01.csv
24,10,2,5,1,29.366,29366,0.16,-0.18,9.89,9.8929,-0.0022,0.0098,0.0044,0.0,-2.69,323.88,0.038,-0.2945,9.7731,9.7776,P024_Weight_Stack_Seated_Leg_Extension_Pulling_Too_Fast_1_01.csv
24,10,2,5,1,29.496,29496,0.07,-0.28,9.91,9.9142,0.0,0.0011,0.0011,0.0,-2.69,323.88,0.0423,-0.2926,9.7911,9.7956,P024_Weight_Stack_Seated_Leg_Extension_Pulling_Too_Fast_1_01.csv
24,10,2,5,1,29.627,29627,0.01,-0.29,9.88,9.8843,0.0044,-0.0011,-0.0011,-0.06,-2.69,323.88,0.038,-0.2923,9.8028,9.8073,P024_Weight_Stack_Seated_Leg_Extension_Pulling_Too_Fast_1_01.csv
24,10,2,5,1,29.799,29799,-0.05,-0.39,11.2,11.2069,0.0044,-0.0087,0.0076,-0.06,-2.63,323.88,0.0264,-0.3051,9.9869,9.9916,P024_Weight_Stack_Seated_Leg_Extension_Pulling_Too_Fast_1_01.csv
24,10,2,5,1,29.929,29929,0.21,-0.16,10.95,10.9532,0.0153,-0.0185,0.0011,0.0,-2.69,323.88,0.0506,-0.286,10.1139,10.118,P024_Weight_Stack_Seated_Leg_Extension_Pulling_Too_Fast_1_01.csv
24,10,2,5,1,30.059,30059,0.01,-0.09,10.36,10.3604,0.0098,-0.0273,0.0087,0.0,-2.75,323.94,0.0453,-0.2602,10.1463,10.1497,P024_Weight_Stack_Seated_Leg_Extension_Pulling_Too_Fast_1_01.csv
24,10,2,5,1,30.189,30189,0.2,-0.37,9.9,9.9089,0.0185,0.0251,-0.0185,0.0,-2.88,323.88,0.0656,-0.2747,10.1138,10.1178,P024_Weight_Stack_Seated_Leg_Extension_Pulling_Too_Fast_1_01.csv
24,10,2,5,1,30.319,30319,1.7,-1.87,6.41,6.8902,0.0382,0.0611,0.0,0.0,-3.0,323.88,0.281,-0.4849,9.6258,9.6421,P024_Weight_Stack_Seated_Leg_Extension_Pulling_Too_Fast_1_01.csv
24,10,2,5,1,30.449,30449,0.39,-0.19,7.16,7.1731,0.0033,-0.0065,-0.0044,0.0,-3.0,323.88,0.2954,-0.446,9.3008,9.3162,P024_Weight_Stack_Seated_Leg_Extension_Pulling_Too_Fast_1_01.csv
24,10,2,5,1,30.579,30579,0.21,-0.39,8.64,8.6513,-0.0065,0.0055,0.0207,0.0,-3.0,323.88,0.2841,-0.4386,9.2138,9.2286,P024_Weight_Stack_Seated_Leg_Extension_Pulling_Too_Fast_1_01.csv
24,10,2,5,1,30.709,30709,0.34,-0.33,9.6,9.6117,-0.0033,0.0011,-0.0011,0.0,-2.94,323.94,0.2915,-0.4243,9.2647,9.2789,P024_Weight_Stack_Seated_Leg_Extension_Pulling_Too_Fast_1_01.csv
24,10,2,5,1,30.882,30882,0.35,-0.78,9.85,9.887,0.0011,0.0022,-0.0185,0.06,-2.88,324.0,0.2992,-0.4712,9.3418,9.3584,P024_Weight_Stack_Seated_Leg_Extension_Pulling_Too_Fast_1_01.csv
24,10,2,5,1,31.012,31012,0.22,-0.24,9.93,9.9353,-0.0185,0.0175,0.0164,0.0,-2.88,324.0,0.2888,-0.4407,9.4193,9.434,P024_Weight_Stack_Seated_Leg_Extension_Pulling_Too_Fast_1_01.csv
24,10,2,5,1,31.143,31143,-0.03,-0.26,10.3,10.3033,-0.0044,-0.0011,-0.0055,0.06,-2.81,324.0,0.2468,-0.4169,9.5354,9.5477,P024_Weight_Stack_Seated_Leg_Extension_Pulling_Too_Fast_1_01.csv
24,10,2,5,1,31.277,31277,0.06,-0.44,10.19,10.1997,-0.0022,0.0022,-0.0022,0.06,-2.81,324.0,0.2221,-0.42,9.6216,9.6333,P024_Weight_Stack_Seated_Leg_Extension_Pulling_Too_Fast_1_01.csv
24,10,2,5,1,31.411,31411,0.08,-0.37,10.21,10.217,-0.0033,-0.0011,-0.0055,0.06,-2.81,324.0,0.2034,-0.4134,9.6992,9.7101,P024_Weight_Stack_Seated_Leg_Extension_Pulling_Too_Fast_1_01.csv
24,1,2,5,1,0.0,0,-0.24,-0.3,9.76,9.7676,-0.0011,0.0,0.0,1.44,-1.94,339.63,-0.243,-0.3071,9.7881,9.7959,P024_Weight_Stack_Seated_Leg_Extension_Pulling_Too_Fast_1_02.csv
24,1,2,5,1,0.13,130,-0.22,-0.32,9.78,9.7877,0.0,0.0022,-0.0011,1.44,-1.94,339.63,-0.24,-0.3088,9.787,9.7948,P024_Weight_Stack_Seated_Leg_Extension_Pulling_Too_Fast_1_02.csv
24,1,2,5,1,0.26,260,-0.24,-0.37,9.82,9.8299,-0.0011,0.0011,0.0,1.44,-1.94,339.63,-0.24,-0.3169,9.7914,9.7994,P024_Weight_Stack_Seated_Leg_Extension_Pulling_Too_Fast_1_02.csv
24,1,2,5,1,0.433,433,-0.23,-0.3,9.79,9.7973,0.0,0.0022,-0.0011,1.44,-1.94,339.63,-0.2387,-0.3147,9.7912,9.7991,P024_Weight_Stack_Seated_Leg_Extension_Pulling_Too_Fast_1_02.csv
24,1,2,5,1,0.564,564,-0.22,-0.35,9.79,9.7987,0.0,-0.0044,-0.0011,1.44,-1.94,339.63,-0.2362,-0.3193,9.791,9.7991,P024_Weight_Stack_Seated_Leg_Extension_Pulling_Too_Fast_1_02.csv
24,1,2,5,1,0.698,698,-0.26,-0.32,9.78,9.7887,0.0011,-0.0011,-0.0011,1.44,-1.94,339.63,-0.2393,-0.3194,9.7896,9.7977,P024_Weight_Stack_Seated_Leg_Extension_Pulling_Too_Fast_1_02.csv
24,1,2,5,1,0.831,831,-0.24,-0.3,9.78,9.7875,0.0022,0.0011,-0.0033,1.44,-1.94,339.63,-0.2394,-0.3169,9.7883,9.7964,P024_Weight_Stack_Seated_Leg_Extension_Pulling_Too_Fast_1_02.csv
24,1,2,5,1,0.962,962,-0.26,-0.29,9.79,9.7977,-0.0011,0.0,0.0,1.44,-1.94,339.63,-0.2421,-0.3133,9.7885,9.7965,P024_Weight_Stack_Seated_Leg_Extension_Pulling_Too_Fast_1_02.csv
24,1,2,5,1,1.093,1093,-0.25,-0.34,9.8,9.8091,-0.0011,0.0033,-0.0011,1.44,-1.94,339.63,-0.2432,-0.3168,9.79,9.7982,P024_Weight_Stack_Seated_Leg_Extension_Pulling_Too_Fast_1_02.csv
24,1,2,5,1,1.223,1223,-0.17,-0.3,10.0,10.0059,-0.0011,0.0,-0.0033,1.44,-1.94,339.63,-0.2335,-0.3146,9.8177,9.8255,P024_Weight_Stack_Seated_Leg_Extension_Pulling_Too_Fast_1_02.csv
24,1,2,5,1,1.354,1354,-0.2,-0.27,10.7,10.7053,0.0076,-0.0142,-0.0055,1.44,-1.88,339.63,-0.2291,-0.3087,9.934,9.9414,P024_Weight_Stack_Seated_Leg_Extension_Pulling_Too_Fast_1_02.csv
24,1,2,5,1,1.526,1526,-0.24,-0.22,10.01,10.0153,0.0065,0.0098,0.0055,1.5,-1.94,339.69,-0.2305,-0.297,9.944,9.9511,P024_Weight_Stack_Seated_Leg_Extension_Pulling_Too_Fast_1_02.csv
24,1,2,5,1,1.657,1657,-0.09,-0.48,9.04,9.0532,0.0109,-0.0065,0.0011,1.56,-2.0,339.69,-0.212,-0.3212,9.8249,9.8324,P024_Weight_Stack_Seated_Leg_Extension_Pulling_Too_Fast_1_02.csv
24,1,2,5,1,1.787,1787,-0.67,-0.32,9.43,9.4592,0.0087,-0.0142,0.0033,1.56,-2.06,339.69,-0.2724,-0.321,9.7728,9.7819,P024_Weight_Stack_Seated_Leg_Extension_Pulling_Too_Fast_1_02.csv
24,1,2,5,1,1.919,1919,-0.25,-0.13,8.99,8.9944,0.0011,0.0022,0.0055,1.56,-2.13,339.69,-0.2694,-0.2958,9.6697,9.678,P024_Weight_Stack_Seated_Leg_Extension_Pulling_Too_Fast_1_02.csv
24,1,2,5,1,2.055,2055,-0.24,-0.27,7.78,7.7884,-0.0022,0.0022,0.0,1.56,-2.13,339.63,-0.2656,-0.2924,9.4207,9.4289,P024_Weight_Stack_Seated_Leg_Extension_Pulling_Too_Fast_1_02.csv
24,1,2,5,1,2.186,2186,-0.05,-0.43,8.39,8.4012,-0.0076,-0.0011,0.0065,1.56,-2.13,339.63,-0.2371,-0.3106,9.2849,9.2931,P024_Weight_Stack_Seated_Leg_Extension_Pulling_Too_Fast_1_02.csv
24,1,2,5,1,2.316,2316,0.23,-0.74,9.72,9.7508,-0.0218,-0.0011,-0.0087,1.63,-2.06,339.69,-0.1756,-0.3671,9.3422,9.3511,P024_Weight_Stack_Seated_Leg_Extension_Pulling_Too_Fast_1_02.csv
24,1,2,5,1,2.447,2447,-0.32,-0.35,10.37,10.3808,-0.0033,0.0087,-0.0207,1.63,-2.06,339.63,-0.1946,-0.3649,9.4776,9.4866,P024_Weight_Stack_Seated_Leg_Extension_Pulling_Too_Fast_1_02.csv
24,1,2,5,1,2.62,2620,0.03,-0.78,10.07,10.1002,-0.0076,0.0076,0.0185,1.63,-2.0,339.63,-0.165,-0.4196,9.5557,9.5663,P024_Weight_Stack_Seated_Leg_Extension_Pulling_Too_Fast_1_02.csv
24,1,2,5,1,2.755,2755,-0.06,-0.37,9.88,9.8871,-0.0022,0.0076,0.012,1.63,-2.0,339.63,-0.1512,-0.4131,9.5984,9.6085,P024_Weight_Stack_Seated_Leg_Extension_Pulling_Too_Fast_1_02.csv
24,1,2,5,1,2.888,2888,-0.27,-0.29,9.83,9.838,0.0,0.0065,-0.0055,1.63,-2.0,339.63,-0.1668,-0.3968,9.6289,9.6386,P024_Weight_Stack_Seated_Leg_Extension_Pulling_Too_Fast_1_02.csv
24,1,2,5,1,3.018,3018,-0.11,-0.43,10.28,10.2896,-0.0022,-0.0164,-0.0055,1.56,-2.0,339.63,-0.1593,-0.4012,9.7147,9.7243,P024_Weight_Stack_Seated_Leg_Extension_Pulling_Too_Fast_1_02.csv
24,1,2,5,1,3.149,3149,-0.21,-0.31,9.89,9.8971,0.0033,0.0098,0.0033,1.63,-2.0,339.63,-0.166,-0.3892,9.7378,9.747,P024_Weight_Stack_Seated_Leg_Extension_Pulling_Too_Fast_1_02.csv
24,1,2,5,1,3.279,3279,-0.1,-0.46,9.56,9.5716,-0.0044,0.0076,-0.012,1.56,-2.0,339.56,-0.1573,-0.3985,9.7144,9.7238,P024_Weight_Stack_Seated_Leg_Extension_Pulling_Too_Fast_1_02.csv
24,1,2,5,1,3.41,3410,-0.29,-0.37,9.79,9.8013,-0.0022,-0.0011,0.0044,1.56,-2.0,339.56,-0.1748,-0.3948,9.7244,9.7339,P024_Weight_Stack_Seated_Leg_Extension_Pulling_Too_Fast_1_02.csv
24,1,2,5,1,3.54,3540,-0.44,-0.37,10.78,10.7953,0.0011,0.0055,-0.0033,1.56,-2.0,339.56,-0.2098,-0.3915,9.8635,9.8735,P024_Weight_Stack_Seated_Leg_Extension_Pulling_Too_Fast_1_02.csv
24,1,2,5,1,3.713,3713,-0.61,-0.1,11.68,11.6963,0.0055,-0.0011,0.0044,1.56,-2.0,339.63,-0.2625,-0.3531,10.1028,10.1124,P024_Weight_Stack_Seated_Leg_Extension_Pulling_Too_Fast_1_02.csv
24,2,2,5,1,3.843,3843,-0.24,-0.46,9.99,10.0035,0.0131,-0.0284,0.0011,1.63,-2.06,339.63,-0.2595,-0.3672,10.088,10.098,P024_Weight_Stack_Seated_Leg_Extension_Pulling_Too_Fast_1_02.csv
24,2,2,5,1,3.975,3975,-0.54,-0.43,9.25,9.2757,0.0055,-0.0076,-0.0033,1.63,-2.13,339.63,-0.2965,-0.3755,9.9775,9.989,P024_Weight_Stack_Seated_Leg_Extension_Pulling_Too_Fast_1_02.csv
24,2,2,5,1,4.111,4111,-0.89,0.87,8.95,9.0361,-0.0044,-0.0033,-0.0262,1.63,-2.25,339.63,-0.3747,-0.2113,9.8421,9.8515,P024_Weight_Stack_Seated_Leg_Extension_Pulling_Too_Fast_1_02.csv
24,2,2,5,1,4.242,4242,-0.48,-0.03,7.67,7.6851,-0.0033,0.0175,0.0055,1.56,-2.38,339.63,-0.3886,-0.1874,9.5559,9.5656,P024_Weight_Stack_Seated_Leg_Extension_Pulling_Too_Fast_1_02.csv
24,2,2,5,1,4.372,4372,-0.24,-0.1,7.9,7.9043,-0.0382,-0.0425,0.0098,1.56,-2.19,339.63,-0.369,-0.1759,9.3377,9.3466,P024_Weight_Stack_Seated_Leg_Extension_Pulling_Too_Fast_1_02.csv
24,2,2,5,1,4.503,4503,0.36,-0.43,9.03,9.0474,-0.0491,-0.0382,0.0196,1.69,-2.19,339.69,-0.2729,-0.2094,9.2972,9.3035,P024_Weight_Stack_Seated_Leg_Extension_Pulling_Too_Fast_1_02.csv
24,2,2,5,1,4.633,4633,-0.44,-0.54,10.37,10.3934,-0.0185,0.0175,0.0065,1.63,-2.13,339.69,-0.2949,-0.253,9.4385,9.4465,P024_Weight_Stack_Seated_Leg_Extension_Pulling_Too_Fast_1_02.csv
24,2,2,5,1,4.806,4806,-0.91,-0.33,10.62,10.664,-0.0065,-0.0098,-0.0153,1.63,-2.06,339.63,-0.376,-0.2631,9.5942,9.6052,P024_Weight_Stack_Seated_Leg_Extension_Pulling_Too_Fast_1_02.csv
24,2,2,5,1,4.937,4937,-0.31,-0.31,9.98,9.9896,-0.0076,0.0033,-0.0109,1.63,-2.06,339.56,-0.3673,-0.2693,9.6451,9.6558,P024_Weight_Stack_Seated_Leg_Extension_Pulling_Too_Fast_1_02.csv
24,2,2,5,1,5.068,5068,-0.33,-0.34,9.96,9.9713,0.012,-0.0098,0.0076,1.56,-2.0,339.56,-0.3624,-0.2786,9.6866,9.6973,P024_Weight_Stack_Seated_Leg_Extension_Pulling_Too_Fast_1_02.csv
24,2,2,5,1,5.202,5202,-0.48,-0.35,9.95,9.9677,0.0033,-0.0109,-0.0055,1.56,-2.0,339.56,-0.3779,-0.288,9.7213,9.7329,P024_Weight_Stack_Seated_Leg_Extension_Pulling_Too_Fast_1_02.csv
24,2,2,5,1,5.335,5335,-0.24,-0.53,10.26,10.2765,-0.0044,0.0011,-0.0022,1.56,-2.0,339.56,-0.3597,-0.3199,9.7923,9.8041,P024_Weight_Stack_Seated_Leg_Extension_Pulling_Too_Fast_1_02.csv
24,2,2,5,1,5.466,5466,-0.22,-0.27,10.38,10.3858,-0.0022,-0.0022,-0.0076,1.56,-2.0,339.56,-0.3413,-0.3133,9.8697,9.8806,P024_Weight_Stack_Seated_Leg_Extension_Pulling_Too_Fast_1_02.csv
24,2,2,5,1,5.596,5596,-0.27,-0.38,11.61,11.6194,0.0055,-0.0011,0.0022,1.5,-2.0,339.56,-0.3319,-0.3221,10.099,10.1096,P024_Weight_Stack_Seated_Leg_Extension_Pulling_Too_Fast_1_02.csv
24,2,2,5,1,5.726,5726,-0.69,-0.19,11.48,11.5023,0.0044,-0.0098,0.0055,1.5,-2.0,339.56,-0.3791,-0.3047,10.281,10.2925,P024_Weight_Stack_Seated_Leg_Extension_Pulling_Too_Fast_1_02.csv
24,3,2,5,1,5.899,5899,-0.09,-0.56,9.42,9.4371,0.0262,0.012,0.0033,1.63,-2.13,339.56,-0.341,-0.3383,10.1676,10.1789,P024_Weight_Stack_Seated_Leg_Extension_Pulling_Too_Fast_1_02.csv
24,3,2,5,1,6.03,6030,0.02,-0.06,8.99,8.9902,0.0447,0.0229,0.0076,1.63,-2.25,339.56,-0.2934,-0.3017,10.0124,10.0212,P024_Weight_Stack_Seated_Leg_Extension_Pulling_Too_Fast_1_02.csv
24,3,2,5,1,6.16,6160,-0.51,-0.44,7.77,7.7991,0.0545,0.012,-0.0087,1.63,-2.31,339.5,-0.322,-0.3199,9.7169,9.7275,P024_Weight_Stack_Seated_Leg_Extension_Pulling_Too_Fast_1_02.csv
24,3,2,5,1,6.293,6293,0.8,-1.05,6.99,7.1136,-0.0109,0.0262,-0.0229,1.38,-2.38,339.5,-0.1741,-0.4161,9.3576,9.3684,P024_Weight_Stack_Seated_Leg_Extension_Pulling_Too_Fast_1_02.csv
24,3,2,5,1,6.424,6424,-0.62,-1.22,9.14,9.2419,0.0022,-0.0153,0.0109,1.63,-2.31,339.56,-0.2329,-0.522,9.3289,9.3464,P024_Weight_Stack_Seated_Leg_Extension_Pulling_Too_Fast_1_02.csv
24,3,2,5,1,6.558,6558,0.08,-0.26,10.24,10.2436,-0.0055,0.0164,-0.0142,1.63,-2.19,339.5,-0.1916,-0.4875,9.449,9.4635,P024_Weight_Stack_Seated_Leg_Extension_Pulling_Too_Fast_1_02.csv
24,3,2,5,1,6.689,6689,-0.29,0.11,10.14,10.1447,0.036,-0.0305,0.0022,1.56,-2.06,339.44,-0.2046,-0.4088,9.54,9.551,P024_Weight_Stack_Seated_Leg_Extension_Pulling_Too_Fast_1_02.csv
24,3,2,5,1,6.82,6820,-0.44,0.0,9.93,9.9397,-0.0076,0.0098,0.0153,1.56,-2.06,339.5,-0.2356,-0.3549,9.5914,9.6009,P024_Weight_Stack_Seated_Leg_Extension_Pulling_Too_Fast_1_02.csv
24,3,2,5,1,6.992,6992,-0.08,-0.43,9.56,9.57,0.0011,-0.0044,-0.0229,1.5,-2.0,339.56,-0.2151,-0.3648,9.5873,9.5966,P024_Weight_Stack_Seated_Leg_Extension_Pulling_Too_Fast_1_02.csv
24,3,2,5,1,7.123,7123,-0.43,-0.37,10.12,10.1359,-0.0065,-0.0284,0.0022,1.56,-2.0,339.5,-0.2434,-0.3655,9.6575,9.6674,P024_Weight_Stack_Seated_Leg_Extension_Pulling_Too_Fast_1_02.csv
24,3,2,5,1,7.253,7253,-0.26,-0.43,10.98,10.9915,0.0022,0.0207,-0.0033,1.5,-1.94,339.5,-0.2456,-0.374,9.8317,9.8419,P024_Weight_Stack_Seated_Leg_Extension_Pulling_Too_Fast_1_02.csv
24,3,2,5,1,7.385,7385,-0.17,-0.25,10.09,10.0945,0.0011,-0.0055,-0.0033,1.5,-1.94,339.5,-0.2357,-0.3576,9.8658,9.8751,P024_Weight_Stack_Seated_Leg_Extension_Pulling_Too_Fast_1_02.csv
24,3,2,5,1,7.521,7521,-0.23,-0.33,9.51,9.5185,-0.0033,-0.0011,-0.0011,1.5,-1.94,339.5,-0.2349,-0.354,9.8189,9.8281,P024_Weight_Stack_Seated_Leg_Extension_Pulling_Too_Fast_1_02.csv
24,3,2,5,1,7.652,7652,-0.25,-0.31,11.19,11.1971,0.0033,-0.0076,0.0055,1.5,-1.94,339.5,-0.2369,-0.3482,9.9996,10.0084,P024_Weight_Stack_Seated_Leg_Extension_Pulling_Too_Fast_1_02.csv
24,3,2,5,1,7.782,7782,-0.59,-0.68,11.58,11.6149,0.0022,0.0076,0.0044,1.5,-1.94,339.5,-0.2834,-0.3919,10.2078,10.2193,P024_Weight_Stack_Seated_Leg_Extension_Pulling_Too_Fast_1_02.csv
24,3,2,5,1,7.913,7913,-0.47,-0.61,10.09,10.1193,0.0087,-0.0262,-0.0044,1.56,-2.0,339.5,-0.308,-0.4207,10.1923,10.2056,P024_Weight_Stack_Seated_Leg_Extension_Pulling_Too_Fast_1_02.csv
24,3,2,5,1,8.086,8086,0.48,-1.8,7.94,8.1556,0.0447,0.0251,-0.0065,1.63,-2.19,339.5,-0.2042,-0.6024,9.8955,9.9159,P024_Weight_Stack_Seated_Leg_Extension_Pulling_Too_Fast_1_02.csv
24,3,2,5,1,8.216,8216,-0.32,-0.37,7.41,7.4261,0.06,0.0316,-0.0065,1.56,-2.31,339.44,-0.2194,-0.5718,9.568,9.5876,P024_Weight_Stack_Seated_Leg_Extension_Pulling_Too_Fast_1_02.csv
24,3,2,5,1,8.347,8347,-0.06,0.02,7.55,7.5503,-0.0578,-0.0229,0.0,1.44,-2.25,339.44,-0.1984,-0.4938,9.3021,9.3173,P024_Weight_Stack_Seated_Leg_Extension_Pulling_Too_Fast_1_02.csv
24,4,2,5,1,8.478,8478,-0.42,-0.12,9.44,9.4501,-0.0262,0.0055,0.0371,1.63,-2.19,339.5,-0.2276,-0.4446,9.3202,9.3336,P024_Weight_Stack_Seated_Leg_Extension_Pulling_Too_Fast_1_02.csv
24,4,2,5,1,8.611,8611,0.06,-0.56,10.59,10.605,0.0011,0.0131,0.0633,1.63,-2.13,339.5,-0.1897,-0.4598,9.4876,9.5006,P024_Weight_Stack_Seated_Leg_Extension_Pulling_Too_Fast_1_02.csv
24,4,2,5,1,8.742,8742,-1.76,-1.44,10.78,11.0172,0.0535,-0.0491,0.0371,1.63,-2.0,339.44,-0.3966,-0.5889,9.6579,9.6839,P024_Weight_Stack_Seated_Leg_Extension_Pulling_Too_Fast_1_02.csv
24,4,2,5,1,8.875,8875,0.23,0.1,10.15,10.1531,0.0087,0.0251,0.0393,1.56,-2.0,339.5,-0.3141,-0.4982,9.7227,9.7405,P024_Weight_Stack_Seated_Leg_Extension_Pulling_Too_Fast_1_02.csv
24,4,2,5,1,9.006,9006,0.26,-0.35,9.0,9.0106,-0.0262,0.0044,0.0087,1.5,-1.94,339.5,-0.2384,-0.4786,9.6275,9.6423,P024_Weight_Stack_Seated_Leg_Extension_Pulling_Too_Fast_1_02.csv
24,4,2,5,1,9.178,9178,-0.31,-0.31,9.73,9.7399,0.0033,0.0033,0.0262,1.56,-1.94,339.44,-0.2479,-0.4564,9.641,9.655,P024_Weight_Stack_Seated_Leg_Extension_Pulling_Too_Fast_1_02.csv
24,4,2,5,1,9.308,9308,-0.65,-0.61,11.01,11.046,-0.0153,0.0033,-0.0098,1.5,-1.94,339.44,-0.3008,-0.4766,9.8214,9.8376,P024_Weight_Stack_Seated_Leg_Extension_Pulling_Too_Fast_1_02.csv
24,4,2,5,1,9.438,9438,-0.27,-0.31,10.81,10.8178,0.0033,0.0,0.0022,1.5,-1.88,339.44,-0.2968,-0.4547,9.9517,9.9665,P024_Weight_Stack_Seated_Leg_Extension_Pulling_Too_Fast_1_02.csv
24,4,2,5,1,9.568,9568,-0.18,-0.42,11.22,11.2293,0.0,-0.0011,-0.0022,1.56,-1.88,339.44,-0.2814,-0.4501,10.1188,10.1327,P024_Weight_Stack_Seated_Leg_Extension_Pulling_Too_Fast_1_02.csv
24,4,2,5,1,9.698,9698,-0.27,0.13,10.27,10.2744,0.0109,-0.0087,0.0055,1.56,-1.88,339.44,-0.2799,-0.3737,10.1387,10.1495,P024_Weight_Stack_Seated_Leg_Extension_Pulling_Too_Fast_1_02.csv
24,4,2,5,1,9.828,9828,-0.09,-1.02,9.29,9.3463,0.0044,-0.012,0.0033,1.63,-1.94,339.5,-0.2549,-0.4588,10.0269,10.0406,P024_Weight_Stack_Seated_Leg_Extension_Pulling_Too_Fast_1_02.csv
24,4,2,5,1,9.959,9959,-0.97,-1.35,9.61,9.7527,-0.0065,-0.0142,0.0055,1.63,-2.0,339.44,-0.3491,-0.5763,9.972,9.9947,P024_Weight_Stack_Seated_Leg_Extension_Pulling_Too_Fast_1_02.csv
24,4,2,5,1,10.089,10089,-0.27,-0.4,9.59,9.6021,-0.0011,0.0055,0.0229,1.63,-2.06,339.44,-0.3387,-0.553,9.9216,9.9428,P024_Weight_Stack_Seated_Leg_Extension_Pulling_Too_Fast_1_02.csv
24,4,2,5,1,10.262,10262,-0.12,-0.22,8.52,8.5237,0.0033,0.0011,0.0033,1.63,-2.13,339.44,-0.3099,-0.5092,9.7369,9.7551,P024_Weight_Stack_Seated_Leg_Extension_Pulling_Too_Fast_1_02.csv
24,4,2,5,1,10.397,10397,-0.35,-0.31,8.34,8.3531,-0.0044,0.0,0.0076,1.63,-2.13,339.44,-0.3152,-0.4829,9.5528,9.5702,P024_Weight_Stack_Seated_Leg_Extension_Pulling_Too_Fast_1_02.csv
24,4,2,5,1,10.53,10530,-0.33,-0.36,9.36,9.3727,0.0,0.0076,0.0087,1.63,-2.13,339.44,-0.3171,-0.4667,9.5274,9.5441,P024_Weight_Stack_Seated_Leg_Extension_Pulling_Too_Fast_1_02.csv
24,4,2,5,1,10.661,10661,0.0,-0.56,10.23,10.2453,-0.0098,0.0087,0.0044,1.63,-2.06,339.44,-0.2753,-0.479,9.62,9.6359,P024_Weight_Stack_Seated_Leg_Extension_Pulling_Too_Fast_1_02.csv
24,4,2,5,1,10.791,10791,-0.36,-0.37,9.95,9.9634,-0.0109,0.012,0.0055,1.63,-2.06,339.44,-0.2865,-0.4646,9.6635,9.6789,P024_Weight_Stack_Seated_Leg_Extension_Pulling_Too_Fast_1_02.csv
24,4,2,5,1,10.921,10921,0.27,-0.22,10.01,10.0161,-0.0033,0.0011,0.0033,1.63,-2.0,339.44,-0.2132,-0.4324,9.7092,9.7211,P024_Weight_Stack_Seated_Leg_Extension_Pulling_Too_Fast_1_02.csv
24,4,2,5,1,11.052,11052,0.04,-0.34,9.7,9.706,-0.0076,0.0011,0.0076,1.63,-2.0,339.44,-0.1798,-0.4202,9.7079,9.7187,P024_Weight_Stack_Seated_Leg_Extension_Pulling_Too_Fast_1_02.csv
24,4,2,5,1,11.182,11182,-0.26,-0.47,9.7,9.7149,0.0076,0.0131,-0.0044,1.56,-2.0,339.44,-0.1904,-0.4268,9.7069,9.7181,P024_Weight_Stack_Seated_Leg_Extension_Pulling_Too_Fast_1_02.csv
24,4,2,5,1,11.355,11355,-0.36,-0.34,10.41,10.4218,-0.0098,-0.0011,-0.0142,1.56,-1.94,339.44,-0.2127,-0.4154,9.7996,9.8107,P024_Weight_Stack_Seated_Leg_Extension_Pulling_Too_Fast_1_02.csv
24,4,2,5,1,11.485,11485,-0.1,-0.18,10.6,10.602,-0.0011,0.0065,-0.0022,1.56,-1.94,339.38,-0.1979,-0.3843,9.905,9.9145,P024_Weight_Stack_Seated_Leg_Extension_Pulling_Too_Fast_1_02.csv
24,4,2,5,1,11.615,11615,-0.16,-0.33,9.93,9.9368,-0.0185,0.0196,0.0251,1.56,-1.94,339.38,-0.1929,-0.3772,9.9083,9.9174,P024_Weight_Stack_Seated_Leg_Extension_Pulling_Too_Fast_1_02.csv
24,4,2,5,1,11.746,11746,-0.17,-0.31,9.89,9.8963,-0.0044,0.0098,-0.0207,1.56,-1.94,339.38,-0.1899,-0.3683,9.9059,9.9146,P024_Weight_Stack_Seated_Leg_Extension_Pulling_Too_Fast_1_02.csv
24,4,2,5,1,11.876,11876,-0.31,-0.34,9.98,9.9906,0.0,0.0044,0.0087,1.56,-1.94,339.38,-0.2057,-0.3646,9.9157,9.9245,P024_Weight_Stack_Seated_Leg_Extension_Pulling_Too_Fast_1_02.csv
24,4,2,5,1,12.006,12006,-0.28,-0.38,11.51,11.5197,0.0033,-0.0011,-0.0065,1.56,-1.94,339.38,-0.2155,-0.3666,10.1258,10.1347,P024_Weight_Stack_Seated_Leg_Extension_Pulling_Too_Fast_1_02.csv
24,4,2,5,1,12.136,12136,-0.52,-0.35,11.22,11.2375,0.0087,-0.0022,0.0065,1.56,-1.94,339.38,-0.2556,-0.3644,10.27,10.2796,P024_Weight_Stack_Seated_Leg_Extension_Pulling_Too_Fast_1_02.csv
24,5,2,5,1,12.266,12266,-0.07,-0.37,9.69,9.6973,0.012,-0.036,0.0065,1.63,-2.0,339.38,-0.2312,-0.3652,10.1935,10.2027,P024_Weight_Stack_Seated_Leg_Extension_Pulling_Too_Fast_1_02.csv
24,5,2,5,1,12.439,12439,-0.22,-0.62,9.18,9.2035,0.0109,-0.0109,0.0033,1.69,-2.13,339.38,-0.2297,-0.3987,10.06,10.0705,P024_Weight_Stack_Seated_Leg_Extension_Pulling_Too_Fast_1_02.csv
24,5,2,5,1,12.569,12569,-0.25,-0.7,8.51,8.5424,0.012,-0.0055,-0.0087,1.63,-2.19,339.38,-0.2324,-0.4384,9.8557,9.8682,P024_Weight_Stack_Seated_Leg_Extension_Pulling_Too_Fast_1_02.csv
24,5,2,5,1,12.705,12705,-0.37,-0.15,7.44,7.4507,0.0022,0.0185,-0.0044,1.63,-2.25,339.31,-0.2505,-0.4004,9.5374,9.5491,P024_Weight_Stack_Seated_Leg_Extension_Pulling_Too_Fast_1_02.csv
24,5,2,5,1,12.837,12837,0.06,-0.85,8.33,8.3735,0.0033,-0.0011,0.0349,1.63,-2.19,339.38,-0.2096,-0.4597,9.3783,9.3919,P024_Weight_Stack_Seated_Leg_Extension_Pulling_Too_Fast_1_02.csv
24,5,2,5,1,12.967,12967,0.18,-0.16,10.08,10.0829,-0.0044,-0.0065,0.0142,1.69,-2.13,339.38,-0.1582,-0.4202,9.4708,9.4814,P024_Weight_Stack_Seated_Leg_Extension_Pulling_Too_Fast_1_02.csv
24,5,2,5,1,13.097,13097,-0.25,-0.23,10.41,10.4155,0.0055,0.0044,-0.0011,1.69,-2.06,339.38,-0.1703,-0.3951,9.5945,9.6042,P024_Weight_Stack_Seated_Leg_Extension_Pulling_Too_Fast_1_02.csv
24,5,2,5,1,13.228,13228,-0.26,-0.31,10.16,10.1681,-0.0087,0.0033,-0.0153,1.69,-2.06,339.38,-0.1822,-0.3839,9.669,9.6784,P024_Weight_Stack_Seated_Leg_Extension_Pulling_Too_Fast_1_02.csv
24,5,2,5,1,13.358,13358,-0.34,-0.41,9.41,9.4251,0.0,0.0087,-0.0109,1.69,-2.0,339.38,-0.203,-0.3873,9.6349,9.6448,P024_Weight_Stack_Seated_Leg_Extension_Pulling_Too_Fast_1_02.csv
24,5,2,5,1,13.531,13531,-0.15,-0.55,9.82,9.8365,-0.0055,0.0185,-0.0033,1.63,-2.0,339.38,-0.196,-0.4088,9.6593,9.6699,P024_Weight_Stack_Seated_Leg_Extension_Pulling_Too_Fast_1_02.csv
24,5,2,5,1,13.664,13664,0.09,-0.36,10.18,10.1868,-0.0153,0.0196,0.0142,1.56,-1.94,339.38,-0.1583,-0.4024,9.7279,9.7375,P024_Weight_Stack_Seated_Leg_Extension_Pulling_Too_Fast_1_02.csv
24,5,2,5,1,13.795,13795,-0.35,-0.32,10.13,10.1411,0.0,-0.0305,-0.0207,1.63,-1.94,339.31,-0.1836,-0.3915,9.7809,9.7905,P024_Weight_Stack_Seated_Leg_Extension_Pulling_Too_Fast_1_02.csv
24,5,2,5,1,13.929,13929,-0.43,-0.4,10.3,10.3167,-0.0044,0.0065,0.0207,1.63,-1.94,339.38,-0.216,-0.3926,9.8493,9.8595,P024_Weight_Stack_Seated_Leg_Extension_Pulling_Too_Fast_1_02.csv
24,5,2,5,1,14.079,14079,-0.21,-0.27,11.34,11.3452,0.0022,0.0011,-0.0044,1.56,-1.94,339.31,-0.2152,-0.3765,10.0457,10.0551,P024_Weight_Stack_Seated_Leg_Extension_Pulling_Too_Fast_1_02.csv
24,5,2,5,1,14.211,14211,-0.1,-0.17,11.06,11.0618,0.0098,-0.0044,0.0011,1.56,-1.94,339.31,-0.2,-0.3493,10.1794,10.1873,P024_Weight_Stack_Seated_Leg_Extension_Pulling_Too_Fast_1_02.csv
24,6,2,5,1,14.341,14341,-0.18,-0.19,9.72,9.7235,0.0142,-0.0273,-0.0076,1.63,-2.0,339.38,-0.1974,-0.3283,10.1189,10.1261,P024_Weight_Stack_Seated_Leg_Extension_Pulling_Too_Fast_1_02.csv
24,6,2,5,1,14.491,14491,-0.88,0.54,9.6,9.6554,-0.0153,-0.0164,-0.0273,1.69,-2.06,339.31,-0.2874,-0.2139,10.0505,10.0569,P024_Weight_Stack_Seated_Leg_Extension_Pulling_Too_Fast_1_02.csv
24,6,2,5,1,14.664,14664,-0.42,-0.17,8.8,8.8117,-0.0076,0.0033,0.0218,1.69,-2.19,339.31,-0.3048,-0.2081,9.8857,9.8926,P024_Weight_Stack_Seated_Leg_Extension_Pulling_Too_Fast_1_02.csv
24,6,2,5,1,14.795,14795,-0.5,-0.02,8.14,8.1554,-0.0055,0.0044,0.0175,1.69,-2.19,339.31,-0.3306,-0.1833,9.6557,9.6631,P024_Weight_Stack_Seated_Leg_Extension_Pulling_Too_Fast_1_02.csv
24,6,2,5,1,14.925,14925,-0.2,-0.52,8.39,8.4085,-0.0098,0.0055,0.0153,1.69,-2.19,339.31,-0.3133,-0.2277,9.4889,9.4968,P024_Weight_Stack_Seated_Leg_Extension_Pulling_Too_Fast_1_02.csv
24,6,2,5,1,15.058,15058,-0.01,-0.65,9.53,9.5521,-0.0076,0.0055,0.0142,1.69,-2.19,339.31,-0.2734,-0.2833,9.4943,9.5025,P024_Weight_Stack_Seated_Leg_Extension_Pulling_Too_Fast_1_02.csv
24,6,2,5,1,15.193,15193,-0.09,-0.66,10.13,10.1519,-0.012,0.0076,0.0142,1.69,-2.13,339.31,-0.2492,-0.333,9.5781,9.5871,P024_Weight_Stack_Seated_Leg_Extension_Pulling_Too_Fast_1_02.csv
24,6,2,5,1,15.324,15324,-0.16,-0.31,9.72,9.7263,-0.0076,0.0065,0.0011,1.69,-2.06,339.31,-0.2375,-0.3299,9.5968,9.6054,P024_Weight_Stack_Seated_Leg_Extension_Pulling_Too_Fast_1_02.csv
24,6,2,5,1,15.454,15454,-0.18,-0.23,9.75,9.7544,0.0011,0.0065,-0.0044,1.69,-2.06,339.31,-0.2299,-0.3168,9.617,9.6249,P024_Weight_Stack_Seated_Leg_Extension_Pulling_Too_Fast_1_02.csv
24,6,2,5,1,15.585,15585,0.54,-0.51,10.03,10.0575,-0.0033,0.024,-0.0055,1.63,-2.06,339.31,-0.1284,-0.3422,9.6714,9.6783,P024_Weight_Stack_Seated_Leg_Extension_Pulling_Too_Fast_1_02.csv
24,6,2,5,1,15.759,15759,-0.4,-0.11,9.87,9.8787,-0.0076,0.012,-0.0022,1.63,-2.0,339.31,-0.1642,-0.3116,9.6976,9.704,P024_Weight_Stack_Seated_Leg_Extension_Pulling_Too_Fast_1_02.csv
24,6,2,5,1,15.895,15895,-0.45,-0.56,10.17,10.1953,-0.0229,0.012,-0.0109,1.63,-2.0,339.31,-0.2019,-0.3444,9.7598,9.768,P024_Weight_Stack_Seated_Leg_Extension_Pulling_Too_Fast_1_02.csv
24,6,2,5,1,16.026,16026,-0.22,-0.31,10.57,10.5768,-0.0011,-0.0142,0.0033,1.63,-2.0,339.31,-0.2043,-0.3398,9.8666,9.8745,P024_Weight_Stack_Seated_Leg_Extension_Pulling_Too_Fast_1_02.csv
24,6,2,5,1,16.156,16156,-0.36,-0.5,11.74,11.7562,0.0011,0.0109,0.0076,1.63,-2.0,339.31,-0.2248,-0.3609,10.1134,10.1224,P024_Weight_Stack_Seated_Leg_Extension_Pulling_Too_Fast_1_02.csv
24,6,2,5,1,16.288,16288,-0.26,-0.44,10.42,10.4325,0.0164,0.0011,-0.0033,1.63,-2.06,339.31,-0.2294,-0.3714,10.1538,10.1632,P024_Weight_Stack_Seated_Leg_Extension_Pulling_Too_Fast_1_02.csv
24,7,2,5,1,16.418,16418,-0.4,-0.41,9.12,9.138,0.0109,-0.0033,0.0153,1.75,-2.13,339.31,-0.2519,-0.3764,10.0176,10.0278,P024_Weight_Stack_Seated_Leg_Extension_Pulling_Too_Fast_1_02.csv
24,7,2,5,1,16.548,16548,-0.24,-1.02,8.91,8.9714,0.0033,0.0,0.0131,1.75,-2.19,339.31,-0.2503,-0.4612,9.8717,9.8856,P024_Weight_Stack_Seated_Leg_Extension_Pulling_Too_Fast_1_02.csv
24,7,2,5,1,16.678,16678,-0.2,-0.24,8.87,8.8755,0.0164,-0.0109,-0.0098,1.75,-2.25,339.31,-0.2437,-0.4321,9.7397,9.7523,P024_Weight_Stack_Seated_Leg_Extension_Pulling_Too_Fast_1_02.csv
24,7,2,5,1,16.851,16851,-0.19,-0.34,8.38,8.389,0.0033,0.0033,-0.0033,1.75,-2.31,339.31,-0.2366,-0.42,9.5605,9.5726,P024_Weight_Stack_Seated_Leg_Extension_Pulling_Too_Fast_1_02.csv
24,7,2,5,1,16.981,16981,-0.15,-0.36,8.97,8.9785,-0.0065,-0.0011,-0.0022,1.75,-2.31,339.31,-0.2252,-0.4121,9.4827,9.4943,P024_Weight_Stack_Seated_Leg_Extension_Pulling_Too_Fast_1_02.csv
24,7,2,5,1,17.114,17114,-0.37,-0.28,9.67,9.6811,-0.0044,0.0011,-0.0022,1.75,-2.31,339.31,-0.2443,-0.3947,9.5074,9.5187,P024_Weight_Stack_Seated_Leg_Extension_Pulling_Too_Fast_1_02.csv
24,7,2,5,1,17.249,17249,-0.25,-0.41,9.63,9.642,-0.0065,0.0065,-0.0022,1.75,-2.25,339.31,-0.245,-0.3967,9.5235,9.5349,P024_Weight_Stack_Seated_Leg_Extension_Pulling_Too_Fast_1_02.csv
24,7,2,5,1,17.38,17380,-0.09,-0.44,10.13,10.14,-0.0011,0.0044,0.0142,1.69,-2.25,339.31,-0.2246,-0.4024,9.6034,9.6145,P024_Weight_Stack_Seated_Leg_Extension_Pulling_Too_Fast_1_02.csv
24,7,2,5,1,17.51,17510,0.32,-0.59,9.59,9.6135,-0.0076,0.0011,0.0055,1.75,-2.19,339.31,-0.1528,-0.4271,9.6017,9.6124,P024_Weight_Stack_Seated_Leg_Extension_Pulling_Too_Fast_1_02.csv
24,7,2,5,1,17.641,17641,0.04,-0.4,9.94,9.9481,-0.0044,-0.0011,-0.0055,1.75,-2.19,339.31,-0.1274,-0.4235,9.6463,9.6564,P024_Weight_Stack_Seated_Leg_Extension_Pulling_Too_Fast_1_02.csv
24,7,2,5,1,17.771,17771,-0.53,-0.31,9.61,9.6296,0.0,0.0131,-0.0044,1.69,-2.13,339.31,-0.1805,-0.4086,9.6415,9.6518,P024_Weight_Stack_Seated_Leg_Extension_Pulling_Too_Fast_1_02.csv
24,7,2,5,1,17.944,17944,-0.33,-0.33,9.6,9.6113,0.0,-0.0185,-0.0185,1.69,-2.13,339.31,-0.2002,-0.3982,9.636,9.6463,P024_Weight_Stack_Seated_Leg_Extension_Pulling_Too_Fast_1_02.csv
24,7,2,5,1,18.075,18075,-0.35,-0.34,9.83,9.8421,0.0065,0.012,0.0055,1.69,-2.13,339.31,-0.2199,-0.3905,9.6616,9.672,P024_Weight_Stack_Seated_Leg_Extension_Pulling_Too_Fast_1_02.csv
24,7,2,5,1,18.206,18206,0.23,-0.44,10.32,10.3319,-0.0076,0.0131,-0.0033,1.69,-2.13,339.31,-0.1606,-0.3971,9.7483,9.7577,P024_Weight_Stack_Seated_Leg_Extension_Pulling_Too_Fast_1_02.csv
24,7,2,5,1,18.341,18341,-0.43,-0.25,11.79,11.8005,0.0055,0.0098,-0.0065,1.63,-2.13,339.25,-0.1961,-0.3777,10.0174,10.0264,P024_Weight_Stack_Seated_Leg_Extension_Pulling_Too_Fast_1_02.csv
24,7,2,5,1,18.473,18473,-0.43,-0.36,11.06,11.0742,0.0142,-0.0022,0.012,1.69,-2.13,339.31,-0.227,-0.3754,10.1548,10.1642,P024_Weight_Stack_Seated_Leg_Extension_Pulling_Too_Fast_1_02.csv
24,8,2,5,1,18.604,18604,-0.2,0.12,9.71,9.7128,0.0131,-0.0087,0.0033,1.75,-2.13,339.31,-0.2234,-0.3101,10.0962,10.1034,P024_Weight_Stack_Seated_Leg_Extension_Pulling_Too_Fast_1_02.csv
24,8,2,5,1,18.734,18734,-0.08,-0.4,8.89,8.8994,0.0065,-0.0065,0.0,1.75,-2.25,339.31,-0.2045,-0.3219,9.9372,9.9445,P024_Weight_Stack_Seated_Leg_Extension_Pulling_Too_Fast_1_02.csv
24,8,2,5,1,18.864,18864,-0.39,0.13,8.7,8.7097,-0.0087,0.0098,0.0142,1.69,-2.31,339.31,-0.2289,-0.2624,9.7742,9.7804,P024_Weight_Stack_Seated_Leg_Extension_Pulling_Too_Fast_1_02.csv
24,8,2,5,1,19.037,19037,-0.27,-0.33,8.4,8.4108,0.0022,-0.0055,-0.0098,1.75,-2.31,339.31,-0.2344,-0.2713,9.5931,9.5998,P024_Weight_Stack_Seated_Leg_Extension_Pulling_Too_Fast_1_02.csv
24,8,2,5,1,19.168,19168,-0.19,-0.27,8.83,8.8362,-0.0011,-0.0033,-0.0065,1.75,-2.31,339.31,-0.2285,-0.2711,9.4925,9.4992,P024_Weight_Stack_Seated_Leg_Extension_Pulling_Too_Fast_1_02.csv
24,8,2,5,1,19.304,19304,0.12,-0.89,9.73,9.7714,-0.0055,0.0,-0.0065,1.69,-2.31,339.31,-0.1826,-0.3527,9.5238,9.5321,P024_Weight_Stack_Seated_Leg_Extension_Pulling_Too_Fast_1_02.csv
24,8,2,5,1,19.436,19436,-0.33,-0.34,9.36,9.372,-0.0044,0.0076,-0.0044,1.75,-2.31,339.31,-0.202,-0.351,9.5022,9.5109,P024_Weight_Stack_Seated_Leg_Extension_Pulling_Too_Fast_1_02.csv
24,8,2,5,1,19.566,19566,-0.57,-0.49,9.33,9.3602,-0.0185,0.0251,0.0196,1.69,-2.25,339.31,-0.2505,-0.3693,9.4795,9.49,P024_Weight_Stack_Seated_Leg_Extension_Pulling_Too_Fast_1_02.csv
24,8,2,5,1,19.697,19697,-0.23,-0.51,9.61,9.6263,-0.0065,0.0087,0.0022,1.75,-2.19,339.31,-0.2478,-0.3879,9.4967,9.5079,P024_Weight_Stack_Seated_Leg_Extension_Pulling_Too_Fast_1_02.csv
24,8,2,5,1,19.828,19828,-0.18,-0.56,9.87,9.8875,-0.0033,0.0175,0.0011,1.69,-2.19,339.31,-0.2389,-0.4105,9.5459,9.5577,P024_Weight_Stack_Seated_Leg_Extension_Pulling_Too_Fast_1_02.csv
24,8,2,5,1,19.958,19958,0.46,-0.6,10.1,10.1283,-0.0185,0.0185,-0.0044,1.63,-2.19,339.31,-0.1468,-0.4355,9.6189,9.6299,P024_Weight_Stack_Seated_Leg_Extension_Pulling_Too_Fast_1_02.csv
24,8,2,5,1,20.131,20131,-0.48,-0.47,9.86,9.8829,0.0022,0.012,0.0033,1.69,-2.13,339.31,-0.1907,-0.4401,9.6507,9.6626,P024_Weight_Stack_Seated_Leg_Extension_Pulling_Too_Fast_1_02.csv
24,8,2,5,1,20.262,20262,-0.23,-0.2,10.93,10.9342,-0.0033,0.0076,-0.0218,1.69,-2.13,339.25,-0.1959,-0.4084,9.8193,9.8297,P024_Weight_Stack_Seated_Leg_Extension_Pulling_Too_Fast_1_02.csv
24,8,2,5,1,20.392,20392,-0.16,-0.33,11.36,11.3659,-0.0055,0.0098,0.0076,1.69,-2.13,339.31,-0.1911,-0.3981,10.0223,10.032,P024_Weight_Stack_Seated_Leg_Extension_Pulling_Too_Fast_1_02.csv
24,8,2,5,1,20.528,20528,-0.36,-0.29,10.75,10.7599,0.0,0.0022,-0.0033,1.69,-2.13,339.31,-0.2134,-0.3838,10.1182,10.1277,P024_Weight_Stack_Seated_Leg_Extension_Pulling_Too_Fast_1_02.csv
24,9,2,5,1,20.66,20660,-0.27,0.24,9.76,9.7667,0.0131,-0.0142,0.0033,1.69,-2.19,339.31,-0.2209,-0.3016,10.071,10.0779,P024_Weight_Stack_Seated_Leg_Extension_Pulling_Too_Fast_1_02.csv
24,9,2,5,1,20.79,20790,0.08,0.41,9.16,9.1695,0.0153,0.0164,-0.0076,1.75,-2.25,339.31,-0.1812,-0.2079,9.951,9.9548,P024_Weight_Stack_Seated_Leg_Extension_Pulling_Too_Fast_1_02.csv
24,9,2,5,1,20.92,20920,0.57,-1.27,8.99,9.0971,0.0251,0.0098,0.0022,1.75,-2.31,339.31,-0.0822,-0.3478,9.8243,9.8308,P024_Weight_Stack_Seated_Leg_Extension_Pulling_Too_Fast_1_02.csv
24,9,2,5,1,21.051,21051,-0.03,-0.52,8.36,8.3762,0.0076,0.0011,-0.0044,1.75,-2.38,339.25,-0.0753,-0.3705,9.6314,9.6388,P024_Weight_Stack_Seated_Leg_Extension_Pulling_Too_Fast_1_02.csv
24,9,2,5,1,21.223,21223,0.06,-0.12,8.13,8.1311,-0.0098,0.0076,0.0076,1.75,-2.38,339.25,-0.0575,-0.3375,9.4335,9.4397,P024_Weight_Stack_Seated_Leg_Extension_Pulling_Too_Fast_1_02.csv
24,9,2,5,1,21.354,21354,0.31,0.05,9.55,9.5552,-0.0251,-0.0033,0.0055,1.81,-2.31,339.31,-0.0091,-0.2864,9.4489,9.4532,P024_Weight_Stack_Seated_Leg_Extension_Pulling_Too_Fast_1_02.csv
24,9,2,5,1,21.487,21487,-0.11,-0.46,10.84,10.8503,0.0,0.0087,-0.0044,1.75,-2.25,339.31,-0.0224,-0.3093,9.6322,9.6372,P024_Weight_Stack_Seated_Leg_Extension_Pulling_Too_Fast_1_02.csv
24,9,2,5,1,21.618,21618,0.27,-0.23,10.22,10.2262,-0.0055,0.0,-0.0142,1.81,-2.19,339.25,0.0162,-0.2989,9.7096,9.7143,P024_Weight_Stack_Seated_Leg_Extension_Pulling_Too_Fast_1_02.csv
24,9,2,5,1,21.752,21752,-0.24,-0.07,10.06,10.0631,-0.0044,0.0,-0.0098,1.81,-2.19,339.25,-0.0176,-0.2687,9.7558,9.7595,P024_Weight_Stack_Seated_Leg_Extension_Pulling_Too_Fast_1_02.csv
24,9,2,5,1,21.883,21883,-0.27,-0.35,10.28,10.2895,-0.0044,0.0076,0.0175,1.75,-2.19,339.25,-0.0509,-0.2794,9.8249,9.829,P024_Weight_Stack_Seated_Leg_Extension_Pulling_Too_Fast_1_02.csv
24,9,2,5,1,22.014,22014,-0.24,-0.46,10.02,10.0334,-0.0055,0.0022,-0.0098,1.75,-2.19,339.25,-0.0758,-0.3032,9.8506,9.8556,P024_Weight_Stack_Seated_Leg_Extension_Pulling_Too_Fast_1_02.csv
24,9,2,5,1,22.144,22144,-0.33,-0.25,9.76,9.7688,-0.0011,-0.0175,0.0,1.75,-2.19,339.19,-0.1093,-0.2962,9.8387,9.8437,P024_Weight_Stack_Seated_Leg_Extension_Pulling_Too_Fast_1_02.csv
24,9,2,5,1,22.317,22317,-0.25,-0.65,10.07,10.0941,-0.0207,0.0055,-0.0055,1.69,-2.13,339.19,-0.1278,-0.3428,9.8691,9.8759,P024_Weight_Stack_Seated_Leg_Extension_Pulling_Too_Fast_1_02.csv
24,9,2,5,1,22.447,22447,-0.04,-0.33,10.48,10.4853,0.0,-0.0011,-0.0065,1.75,-2.13,339.19,-0.1163,-0.3411,9.9496,9.9562,P024_Weight_Stack_Seated_Leg_Extension_Pulling_Too_Fast_1_02.csv
24,9,2,5,1,22.579,22579,0.27,-0.76,11.41,11.4385,0.0065,0.0185,0.0076,1.75,-2.13,339.19,-0.0654,-0.3963,10.1421,10.15,P024_Weight_Stack_Seated_Leg_Extension_Pulling_Too_Fast_1_02.csv
24,9,2,5,1,22.713,22713,-0.17,-0.32,11.11,11.1159,-0.0011,0.0076,-0.0044,1.75,-2.19,339.25,-0.0791,-0.3863,10.2696,10.2772,P024_Weight_Stack_Seated_Leg_Extension_Pulling_Too_Fast_1_02.csv
24,9,2,5,1,22.861,22861,0.03,-0.66,9.13,9.1539,0.0033,-0.0142,0.0076,1.81,-2.25,339.25,-0.0648,-0.4223,10.1195,10.1285,P024_Weight_Stack_Seated_Leg_Extension_Pulling_Too_Fast_1_02.csv
24,9,2,5,1,22.996,22996,-0.51,-1.47,9.38,9.5082,-0.0098,-0.012,0.0065,1.88,-2.31,339.25,-0.1234,-0.5604,10.022,10.0384,P024_Weight_Stack_Seated_Leg_Extension_Pulling_Too_Fast_1_02.csv
24,9,2,5,1,23.127,23127,-0.42,-0.1,9.48,9.4898,0.0131,0.0044,0.0164,1.88,-2.31,339.25,-0.1625,-0.4997,9.9506,9.9645,P024_Weight_Stack_Seated_Leg_Extension_Pulling_Too_Fast_1_02.csv
24,9,2,5,1,23.257,23257,-0.18,-0.27,8.52,8.5262,0.0011,0.0,0.0055,1.88,-2.38,339.25,-0.1648,-0.4695,9.7621,9.7747,P024_Weight_Stack_Seated_Leg_Extension_Pulling_Too_Fast_1_02.csv
24,9,2,5,1,23.43,23430,-0.23,-0.6,8.38,8.4046,-0.0098,-0.0011,0.0065,1.88,-2.38,339.25,-0.1734,-0.4867,9.58,9.5939,P024_Weight_Stack_Seated_Leg_Extension_Pulling_Too_Fast_1_02.csv
24,10,2,5,1,23.563,23563,-0.54,-0.47,9.81,9.8361,-0.0022,-0.0011,-0.0076,1.88,-2.31,339.25,-0.2217,-0.4845,9.6103,9.625,P024_Weight_Stack_Seated_Leg_Extension_Pulling_Too_Fast_1_02.csv
24,10,2,5,1,23.698,23698,-0.26,-0.16,10.14,10.1446,-0.0098,0.0142,-0.0142,1.88,-2.31,339.25,-0.2268,-0.4417,9.6801,9.6928,P024_Weight_Stack_Seated_Leg_Extension_Pulling_Too_Fast_1_02.csv
24,10,2,5,1,23.829,23829,-0.41,-0.38,10.02,10.0356,-0.0131,0.0098,0.0142,1.88,-2.25,339.25,-0.2509,-0.4336,9.7249,9.7378,P024_Weight_Stack_Seated_Leg_Extension_Pulling_Too_Fast_1_02.csv
24,10,2,5,1,23.959,23959,-0.21,-0.48,9.53,9.5444,-0.0055,0.0055,0.0164,1.88,-2.19,339.25,-0.2455,-0.4397,9.6992,9.7123,P024_Weight_Stack_Seated_Leg_Extension_Pulling_Too_Fast_1_02.csv
24,10,2,5,1,24.09,24090,-0.25,-0.49,10.13,10.1449,0.0,0.0033,-0.0011,1.81,-2.19,339.19,-0.2461,-0.4463,9.756,9.7693,P024_Weight_Stack_Seated_Leg_Extension_Pulling_Too_Fast_1_02.csv
24,10,2,5,1,24.22,24220,-0.4,-0.31,10.34,10.3524,-0.0022,-0.0153,-0.0109,1.81,-2.19,339.19,-0.2664,-0.4284,9.8329,9.8458,P024_Weight_Stack_Seated_Leg_Extension_Pulling_Too_Fast_1_02.csv
24,10,2,5,1,24.351,24351,-0.32,-0.22,9.99,9.9975,0.0,0.0098,-0.0022,1.81,-2.19,339.19,-0.2735,-0.4009,9.8536,9.8656,P024_Weight_Stack_Seated_Leg_Extension_Pulling_Too_Fast_1_02.csv
24,10,2,5,1,24.524,24524,-0.21,-0.39,10.77,10.7791,0.0131,-0.0142,0.0131,1.81,-2.13,339.19,-0.2651,-0.3995,9.9744,9.9859,P024_Weight_Stack_Seated_Leg_Extension_Pulling_Too_Fast_1_02.csv
24,10,2,5,1,24.654,24654,-0.39,-0.48,11.55,11.5665,0.0055,-0.0044,0.0,1.81,-2.13,339.19,-0.2815,-0.4101,10.182,10.1941,P024_Weight_Stack_Seated_Leg_Extension_Pulling_Too_Fast_1_02.csv
24,10,2,5,1,24.786,24786,-0.57,-0.2,10.41,10.4275,0.0098,-0.0076,0.0022,1.81,-2.13,339.19,-0.3196,-0.3824,10.212,10.2242,P024_Weight_Stack_Seated_Leg_Extension_Pulling_Too_Fast_1_02.csv
24,10,2,5,1,24.922,24922,-0.23,-0.25,9.12,9.1263,0.0153,-0.0087,0.0098,1.88,-2.19,339.19,-0.3078,-0.3649,10.0681,10.0795,P024_Weight_Stack_Seated_Leg_Extension_Pulling_Too_Fast_1_02.csv
24,10,2,5,1,25.053,25053,-0.53,-0.19,9.45,9.4668,0.0349,-0.0273,-0.0087,1.88,-2.31,339.19,-0.337,-0.3419,9.9867,9.9982,P024_Weight_Stack_Seated_Leg_Extension_Pulling_Too_Fast_1_02.csv
24,10,2,5,1,25.183,25183,0.23,-0.82,8.34,8.3834,0.0,0.0065,0.0033,1.88,-2.31,339.19,-0.2623,-0.4049,9.7697,9.7816,P024_Weight_Stack_Seated_Leg_Extension_Pulling_Too_Fast_1_02.csv
24,10,2,5,1,25.314,25314,-0.21,-0.33,7.37,7.3804,-0.0022,-0.0022,0.0033,1.88,-2.38,339.19,-0.2554,-0.395,9.4535,9.4652,P024_Weight_Stack_Seated_Leg_Extension_Pulling_Too_Fast_1_02.csv
24,10,2,5,1,25.444,25444,0.02,-0.39,9.12,9.1284,-0.0098,0.0076,0.0065,1.94,-2.38,339.19,-0.2191,-0.3944,9.4095,9.4203,P024_Weight_Stack_Seated_Leg_Extension_Pulling_Too_Fast_1_02.csv
24,10,2,5,1,25.617,25617,-0.49,-0.09,10.42,10.4319,-0.0098,-0.0131,-0.0153,1.94,-2.31,339.19,-0.2548,-0.3543,9.5427,9.5527,P024_Weight_Stack_Seated_Leg_Extension_Pulling_Too_Fast_1_02.csv
24,10,2,5,1,25.752,25752,-0.22,-0.42,9.52,9.5318,0.0,-0.0044,-0.0109,1.94,-2.31,339.19,-0.2502,-0.3629,9.5397,9.5499,P024_Weight_Stack_Seated_Leg_Extension_Pulling_Too_Fast_1_02.csv
24,10,2,5,1,25.885,25885,-0.21,-0.33,8.97,8.9785,-0.0044,0.0033,-0.012,1.94,-2.31,339.19,-0.2449,-0.3586,9.4646,9.4746,P024_Weight_Stack_Seated_Leg_Extension_Pulling_Too_Fast_1_02.csv
24,10,2,5,1,26.016,26016,-0.01,-0.38,9.6,9.6075,-0.0098,0.0153,0.0011,1.88,-2.31,339.19,-0.214,-0.3614,9.4825,9.4918,P024_Weight_Stack_Seated_Leg_Extension_Pulling_Too_Fast_1_02.csv
24,10,2,5,1,26.146,26146,-0.54,-0.65,9.68,9.7168,-0.0076,0.0044,0.0185,1.94,-2.25,339.19,-0.2569,-0.3994,9.5085,9.5203,P024_Weight_Stack_Seated_Leg_Extension_Pulling_Too_Fast_1_02.csv
24,10,2,5,1,26.277,26277,-0.29,-0.31,10.06,10.069,-0.0109,-0.0033,0.0185,1.94,-2.19,339.19,-0.2613,-0.3876,9.5812,9.5926,P024_Weight_Stack_Seated_Leg_Extension_Pulling_Too_Fast_1_02.csv
24,10,2,5,1,26.407,26407,-0.57,-0.69,9.29,9.333,-0.0098,0.0022,-0.0044,1.88,-2.19,339.13,-0.302,-0.4275,9.5428,9.5571,P024_Weight_Stack_Seated_Leg_Extension_Pulling_Too_Fast_1_02.csv
24,10,2,5,1,26.537,26537,0.2,-0.13,9.38,9.383,-0.0142,0.0087,-0.0044,1.81,-2.13,339.13,-0.2358,-0.3883,9.5213,9.5322,P024_Weight_Stack_Seated_Leg_Extension_Pulling_Too_Fast_1_02.csv
24,10,2,5,1,26.71,26710,1.45,1.14,6.68,6.93,-0.0807,0.1407,0.1244,1.81,-2.06,339.5,-0.0137,-0.1869,9.1469,9.1488,P024_Weight_Stack_Seated_Leg_Extension_Pulling_Too_Fast_1_02.csv
24,10,2,5,1,26.843,26843,0.14,-0.45,10.17,10.1809,0.0044,0.0196,-0.0087,1.75,-2.13,339.13,0.0066,-0.2216,9.2817,9.2844,P024_Weight_Stack_Seated_Leg_Extension_Pulling_Too_Fast_1_02.csv
24,10,2,5,1,26.978,26978,-0.22,-0.42,9.76,9.7715,0.0055,0.0284,0.0131,1.81,-2.06,339.13,-0.0233,-0.2477,9.3448,9.3481,P024_Weight_Stack_Seated_Leg_Extension_Pulling_Too_Fast_1_02.csv
