participant,rep,prediction,prediction_code,confidence,prediction_margin,prob_Clean,prob_Uncontrolled,prob_Abrupt
1,1,Abrupt,2,93.33672307191672,86.89038941316849,0.21694326933506888,6.4463336587482365,93.33672307191672
1,2,Abrupt,2,97.290378566005,95.24040026033194,0.6596431283219437,2.0499783056730667,97.290378566005
1,3,Clean,0,82.21255016813103,68.16099902375528,82.21255016813103,14.051551144375745,3.73589868749322
1,4,Clean,0,86.7579184293307,75.99021043497123,86.7579184293307,10.767707994359474,2.474373576309795
1,5,Clean,0,62.6500976244712,28.88952164009111,62.6500976244712,33.76057598438009,3.5893263911487145
