participant,rep,prediction,prediction_code,confidence,prob_Clean,prob_Pulling Too Fast,prob_Releasing Too Fast
1,1,Pulling Too Fast,1,60.167366946778735,27.285574229691882,60.167366946778735,12.547058823529412
1,2,Pulling Too Fast,1,72.75994397759106,21.845098039215696,72.75994397759106,5.394957983193278
1,3,Clean,0,48.031092436974795,48.031092436974795,15.949579831932773,36.019327731092446
1,4,Clean,0,57.5168067226891,57.5168067226891,13.453641456582636,29.0295518207283
1,5,Clean,0,39.0702614379085,39.0702614379085,28.388048552754437,32.54169000933705
1,6,Releasing Too Fast,2,60.35924369747898,30.25546218487395,9.38529411764706,60.35924369747898
