participant,rep,prediction,prediction_code,confidence,prob_Clean,prob_Uncontrolled Movement,prob_Abrupt Initiation
1,1,Uncontrolled Movement,1,71.63025210084035,20.851260504201687,71.63025210084035,7.518487394957983
1,2,Uncontrolled Movement,1,69.78613445378151,23.103081232492993,69.78613445378151,7.110784313725491
1,3,Abrupt Initiation,2,51.08115185468125,39.92389016212545,8.994957983193279,51.08115185468125
1,4,Clean,0,67.01792717086835,67.01792717086835,16.30196078431372,16.680112044817925
1,5,Clean,0,38.2953781512605,38.2953781512605,34.93006535947712,26.774556489262363
1,6,Abrupt Initiation,2,39.872782446311874,39.27446311858077,20.852754435107375,39.872782446311874
