participant,rep,prediction,prediction_code,confidence,prob_Clean,prob_Pulling Too Fast,prob_Releasing Too Fast
1,1,Pulling Too Fast,1,71.63025210084034,20.851260504201687,71.63025210084034,7.518487394957983
1,2,Pulling Too Fast,1,69.78613445378153,23.103081232492997,69.78613445378153,7.110784313725491
1,3,Releasing Too Fast,2,51.08115185468125,39.92389016212545,8.994957983193279,51.08115185468125
1,4,Clean,0,67.01792717086836,67.01792717086836,16.301960784313717,16.68011204481793
1,5,Clean,0,38.29537815126051,38.29537815126051,34.930065359477126,26.774556489262363
1,6,Releasing Too Fast,2,39.87278244631187,39.27446311858077,20.85275443510738,39.87278244631187
