participant,rep,prediction,prediction_code,confidence,prob_Clean,prob_Uncontrolled Movement,prob_Abrupt Initiation
1,1,Uncontrolled Movement,1,77.50147522502685,13.011067438019586,77.50147522502685,9.487457336953556
1,2,Uncontrolled Movement,1,84.36054569555822,8.864725394952098,84.36054569555822,6.774728909489617
1,3,Abrupt Initiation,2,86.1252811000922,8.39527181466728,5.479447085240538,86.1252811000922
1,4,Abrupt Initiation,2,95.85787498256009,2.7152213865060206,1.426903630933858,95.85787498256009
1,5,Uncontrolled Movement,1,73.67123605473732,13.851550772205687,73.67123605473732,12.477213173057002
1,6,Uncontrolled Movement,1,88.78746358595222,6.091890197683648,88.78746358595222,5.120646216364101
