participant,rep,prediction,prediction_code,confidence,prob_Clean,prob_Uncontrolled Movement,prob_Abrupt Initiation
Unknown,1,Uncontrolled Movement,1,45.727968854543185,24.760857670177547,45.727968854543185,29.51117347527928
Unknown,2,Uncontrolled Movement,1,41.11329476568771,26.158229889338173,41.11329476568771,32.72847534497409
Unknown,3,Abrupt Initiation,2,76.90448370549129,13.882083491655282,9.213432802853461,76.90448370549129
Unknown,4,Abrupt Initiation,2,79.53102103605885,13.101445503838455,7.367533460102732,79.53102103605885
Unknown,5,Clean,0,42.55373055436026,42.55373055436026,30.54489311416263,26.901376331477085
Unknown,6,Clean,0,53.79960230086175,53.79960230086175,20.50893725641836,25.691460442719883
