participant,rep,prediction,prediction_code,confidence,prob_Clean,prob_Uncontrolled Movement,prob_Abrupt Initiation
Unknown,1,Uncontrolled Movement,1,45.72796885454318,24.760857670177554,45.72796885454318,29.511173475279268
Unknown,2,Uncontrolled Movement,1,41.113294765687705,26.158229889338173,41.113294765687705,32.7284753449741
Unknown,3,Abrupt Initiation,2,76.90448370549129,13.882083491655282,9.213432802853458,76.90448370549129
Unknown,4,Abrupt Initiation,2,79.53102103605885,13.101445503838452,7.367533460102731,79.53102103605885
Unknown,5,Clean,0,42.553730554360264,42.553730554360264,30.544893114162626,26.901376331477085
Unknown,6,Clean,0,53.79960230086175,53.79960230086175,20.508937256418356,25.691460442719883
