participant,rep,prediction,prediction_code,confidence,prob_Clean,prob_Uncontrolled Movement,prob_Abrupt Initiation
1,1,Uncontrolled Movement,1,82.56947607388409,8.74895535474881,82.56947607388409,8.681568571367059
1,2,Uncontrolled Movement,1,92.57520711865797,3.3226712414369834,92.57520711865797,4.102121639905016
1,3,Abrupt Initiation,2,71.80970128388263,20.13740247997175,8.052896236145608,71.80970128388263
1,4,Abrupt Initiation,2,79.15302616499092,12.471592918696201,8.37538091631291,79.15302616499092
1,5,Clean,0,58.22605081736067,58.22605081736067,28.340611599427707,13.43333758321164
1,6,Clean,0,52.50516136536285,52.50516136536285,34.47459726112119,13.02024137351594
