participant,rep,prediction,prediction_code,confidence,prob_Clean,prob_Pulling Too Fast,prob_Releasing Too Fast
1,1,Pulling Too Fast,1,74.16190476190476,19.30560224089636,74.16190476190476,6.532492997198879
1,2,Pulling Too Fast,1,64.28151260504201,28.63697478991597,64.28151260504201,7.081512605042017
1,3,Releasing Too Fast,2,41.239075630252096,35.4309523809524,23.329971988795517,41.239075630252096
1,4,Pulling Too Fast,1,78.48235294117647,16.071708683473386,78.48235294117647,5.44593837535014
1,5,Pulling Too Fast,1,51.17619047619048,38.33333333333335,51.17619047619048,10.490476190476187
1,6,Pulling Too Fast,1,60.28991596638655,34.14705882352942,60.28991596638655,5.563025210084033
