participant,rep,equipment_code,exercise_code,target,timestamp,timestamp_ms,accelX,accelY,accelZ,accelMag,gyroX,gyroY,gyroZ,roll,pitch,yaw,filteredX,filteredY,filteredZ,filteredMag,source_file,rep_original
1,2,1,3,2,2.732,2732,-5.95,7.25,-1.36,9.4771,0.1571,-0.0055,0.0993,37.88,99.0,28.13,-5.3322,7.7491,-1.4063,9.511,P001_Barbell_Back_Squats_Inclination_Asymmetry_2_01.csv,1
1,2,1,3,2,2.862,2862,-5.92,7.27,-1.12,9.4421,0.1189,0.0044,0.1124,37.56,98.19,29.19,-5.4097,7.686,-1.3685,9.498,P001_Barbell_Back_Squats_Inclination_Asymmetry_2_01.csv,1
1,2,1,3,2,2.992,2992,-5.78,8.26,-1.1,10.1413,0.0829,0.0055,0.4756,35.56,97.31,31.88,-5.4585,7.7616,-1.3331,9.582,P001_Barbell_Back_Squats_Inclination_Asymmetry_2_01.csv,1
1,2,1,3,2,3.122,3122,-4.91,8.25,-1.08,9.6611,0.0425,-0.0142,0.0458,32.94,96.69,35.13,-5.3862,7.826,-1.2998,9.5889,P001_Barbell_Back_Squats_Inclination_Asymmetry_2_01.csv,1
1,2,1,3,2,3.252,3252,-5.95,8.18,-0.94,10.1587,-0.0175,-0.0153,-0.132,33.88,96.81,34.5,-5.4605,7.8726,-1.2524,9.6625,P001_Barbell_Back_Squats_Inclination_Asymmetry_2_01.csv,1
1,2,1,3,2,3.382,3382,-5.88,9.7,-0.92,11.3803,-0.012,-0.0033,0.625,32.13,96.81,36.31,-5.5158,8.1134,-1.2086,9.8849,P001_Barbell_Back_Squats_Inclination_Asymmetry_2_01.csv,1
1,2,1,3,2,3.512,3512,-4.93,9.91,-1.07,11.1202,0.0109,-0.0011,0.3523,28.13,96.44,40.44,-5.4386,8.3502,-1.1903,10.036,P001_Barbell_Back_Squats_Inclination_Asymmetry_2_01.csv,1
1,2,1,3,2,3.685,3685,-5.58,9.41,-0.81,10.97,0.036,0.0316,-0.2531,28.81,96.38,39.81,-5.4572,8.4898,-1.1402,10.1567,P001_Barbell_Back_Squats_Inclination_Asymmetry_2_01.csv,1
1,2,1,3,2,3.815,3815,-5.37,8.73,-0.69,10.2726,0.0665,0.1178,-0.228,30.56,95.69,37.75,-5.4457,8.5215,-1.0809,10.1705,P001_Barbell_Back_Squats_Inclination_Asymmetry_2_01.csv,1
1,2,1,3,2,3.945,3945,-5.21,7.94,-0.6,9.5157,0.0469,0.1505,-0.2847,32.63,94.69,35.19,-5.4147,8.4448,-1.0175,10.0831,P001_Barbell_Back_Squats_Inclination_Asymmetry_2_01.csv,2
1,2,1,3,2,4.075,4075,-4.93,7.63,-0.53,9.0996,-0.0131,0.0916,-0.2127,34.44,94.06,32.69,-5.3508,8.3375,-0.9533,9.9525,P001_Barbell_Back_Squats_Inclination_Asymmetry_2_01.csv,2
1,2,1,3,2,4.205,4205,-5.21,7.71,-0.4,9.3139,-0.0447,0.0251,-0.1789,35.75,94.0,30.94,-5.3322,8.2548,-0.8804,9.8666,P001_Barbell_Back_Squats_Inclination_Asymmetry_2_01.csv,2
1,2,1,3,2,4.335,4335,-5.34,7.61,-0.52,9.3112,-0.0807,-0.0316,-0.0905,36.5,94.5,30.13,-5.3333,8.1698,-0.8329,9.792,P001_Barbell_Back_Squats_Inclination_Asymmetry_2_01.csv,2
1,2,1,3,2,4.466,4466,-5.89,7.48,-0.76,9.5509,-0.0949,-0.048,-0.2193,37.63,95.44,28.75,-5.4066,8.0789,-0.8233,9.7559,P001_Barbell_Back_Squats_Inclination_Asymmetry_2_01.csv,2
1,2,1,3,2,4.596,4596,-6.18,7.56,-1.01,9.8166,-0.0884,-0.0371,-0.0458,38.19,96.38,28.0,-5.5085,8.0105,-0.8479,9.7587,P001_Barbell_Back_Squats_Inclination_Asymmetry_2_01.csv,2
1,2,1,3,2,4.769,4769,-4.54,6.97,-0.79,8.3556,-0.0469,0.0371,0.0622,37.5,96.94,28.25,-5.3809,7.8734,-0.8403,9.5735,P001_Barbell_Back_Squats_Inclination_Asymmetry_2_01.csv,2
1,2,1,3,2,4.9,4900,-4.87,5.25,-0.95,7.2237,-0.1265,-0.0338,-1.081,42.19,98.0,23.13,-5.3136,7.5277,-0.8547,9.2537,P001_Barbell_Back_Squats_Inclination_Asymmetry_2_01.csv,2
1,2,1,3,2,5.031,5031,-6.82,7.0,-1.21,9.8477,-0.0851,-0.0338,0.2683,44.56,99.44,20.5,-5.5121,7.4582,-0.9015,9.3177,P001_Barbell_Back_Squats_Inclination_Asymmetry_2_01.csv,2
1,2,1,3,2,5.161,5161,-6.89,6.89,-1.24,9.8225,-0.0207,0.0098,0.0567,43.31,99.69,21.63,-5.6937,7.3833,-0.9461,9.3716,P001_Barbell_Back_Squats_Inclination_Asymmetry_2_01.csv,2
1,3,1,3,2,5.291,5291,-6.9,7.46,-1.34,10.2497,0.0229,0.0338,0.2127,42.56,99.56,22.25,-5.8526,7.3934,-0.998,9.4822,P001_Barbell_Back_Squats_Inclination_Asymmetry_2_01.csv,2
1,3,1,3,2,5.421,5421,-5.95,7.25,-1.11,9.4444,0.0764,0.0524,0.1876,40.81,98.56,24.19,-5.8655,7.3745,-1.0128,9.477,P001_Barbell_Back_Squats_Inclination_Asymmetry_2_01.csv,2
1,3,1,3,2,5.551,5551,-4.9,7.48,-1.17,9.0183,0.0894,0.0131,0.2193,39.81,97.63,25.5,-5.7382,7.3884,-1.0335,9.4119,P001_Barbell_Back_Squats_Inclination_Asymmetry_2_01.csv,2
1,3,1,3,2,5.681,5681,-6.17,7.17,-0.75,9.489,0.0425,-0.0185,-0.0851,39.69,97.19,26.13,-5.7951,7.3596,-0.9961,9.4202,P001_Barbell_Back_Squats_Inclination_Asymmetry_2_01.csv,2
1,3,1,3,2,5.854,5854,-6.11,7.22,-0.91,9.502,-0.0633,-0.0513,0.1996,39.13,97.5,27.13,-5.8366,7.3412,-0.9848,9.4303,P001_Barbell_Back_Squats_Inclination_Asymmetry_2_01.csv,2
1,3,1,3,2,5.984,5984,-5.73,7.72,-1.14,9.6815,-0.1036,-0.0556,0.1124,37.56,98.31,28.63,-5.8226,7.3911,-1.0052,9.4627,P001_Barbell_Back_Squats_Inclination_Asymmetry_2_01.csv,2
1,3,1,3,2,6.114,6114,-5.9,7.76,-1.3,9.8345,-0.072,-0.0338,0.0185,37.0,99.19,28.63,-5.8328,7.4398,-1.0441,9.5111,P001_Barbell_Back_Squats_Inclination_Asymmetry_2_01.csv,2
1,3,1,3,2,6.244,6244,-5.58,7.31,-1.3,9.2878,-0.0262,-0.0065,-0.1691,37.44,99.69,27.94,-5.7995,7.4227,-1.0778,9.4811,P001_Barbell_Back_Squats_Inclination_Asymmetry_2_01.csv,2
1,3,1,3,2,6.374,6374,-5.76,6.95,-1.18,9.1034,-0.0022,0.0109,-0.1113,38.5,99.81,26.81,-5.7943,7.3604,-1.0913,9.4308,P001_Barbell_Back_Squats_Inclination_Asymmetry_2_01.csv,2
1,3,1,3,2,6.504,6504,-5.92,7.32,-1.24,9.4956,-0.0076,-0.0153,0.1254,38.69,99.88,26.56,-5.8108,7.3551,-1.1109,9.4391,P001_Barbell_Back_Squats_Inclination_Asymmetry_2_01.csv,2
1,3,1,3,2,6.634,6634,-5.29,7.11,-1.4,8.972,-0.0229,-0.0404,0.0087,37.81,100.06,27.63,-5.7422,7.3228,-1.149,9.3763,P001_Barbell_Back_Squats_Inclination_Asymmetry_2_01.csv,2
1,3,1,3,2,6.765,6765,-5.44,7.5,-1.21,9.3439,-0.0338,-0.0469,0.0829,37.19,100.44,28.31,-5.7024,7.3461,-1.157,9.3713,P001_Barbell_Back_Squats_Inclination_Asymmetry_2_01.csv,2
1,3,1,3,2,6.937,6937,-6.04,7.54,-1.52,9.7798,-0.0229,-0.0654,-0.0327,37.63,101.25,28.06,-5.7469,7.3717,-1.2048,9.4244,P001_Barbell_Back_Squats_Inclination_Asymmetry_2_01.csv,2
1,3,1,3,2,7.067,7067,-5.77,7.69,-1.82,9.7848,0.0196,-0.0818,0.0949,37.13,101.75,28.94,-5.7499,7.4136,-1.2859,9.4698,P001_Barbell_Back_Squats_Inclination_Asymmetry_2_01.csv,2
1,3,1,3,2,7.197,7197,-5.59,8.17,-1.69,10.0426,0.156,-0.0251,0.3643,35.13,101.31,31.75,-5.7288,7.5133,-1.3392,9.5427,P001_Barbell_Back_Squats_Inclination_Asymmetry_2_01.csv,2
1,3,1,3,2,7.327,7327,-5.3,7.67,-1.86,9.5068,0.2127,0.0589,0.036,33.88,99.63,33.81,-5.6723,7.5339,-1.4078,9.5351,P001_Barbell_Back_Squats_Inclination_Asymmetry_2_01.csv,2
1,3,1,3,2,7.457,7457,-5.56,7.35,-0.84,9.2543,0.1254,0.0829,-0.1996,34.81,98.19,33.25,-5.6575,7.5097,-1.333,9.4963,P001_Barbell_Back_Squats_Inclination_Asymmetry_2_01.csv,2
1,3,1,3,2,7.588,7588,-6.05,7.35,-0.53,9.5345,0.06,0.0785,-0.1462,36.5,96.94,31.5,-5.7092,7.4887,-1.2272,9.4964,P001_Barbell_Back_Squats_Inclination_Asymmetry_2_01.csv,2
1,3,1,3,2,7.718,7718,-6.2,8.47,-0.78,10.5256,0.0305,0.1102,0.4592,34.88,96.0,32.75,-5.7739,7.618,-1.1682,9.63,P001_Barbell_Back_Squats_Inclination_Asymmetry_2_01.csv,2
1,3,1,3,2,7.849,7849,-5.1,9.86,-1.05,11.1504,0.048,0.0916,0.4167,31.44,95.0,35.75,-5.6851,7.9134,-1.1527,9.8118,P001_Barbell_Back_Squats_Inclination_Asymmetry_2_01.csv,2
1,3,1,3,2,8.022,8022,-5.47,9.07,-0.64,10.6111,0.0535,0.0142,-0.2956,32.44,94.19,34.63,-5.6568,8.0658,-1.0851,9.9113,P001_Barbell_Back_Squats_Inclination_Asymmetry_2_01.csv,2
1,3,1,3,2,8.153,8153,-6.28,8.87,-0.58,10.8836,0.0044,-0.0098,-0.2749,34.38,94.13,32.81,-5.7389,8.1718,-1.0185,10.0375,P001_Barbell_Back_Squats_Inclination_Asymmetry_2_01.csv,2
1,3,1,3,2,8.283,8283,-6.23,8.15,-0.48,10.2697,-0.0469,0.012,-0.3469,36.25,94.31,30.81,-5.8036,8.1689,-0.9476,10.0653,P001_Barbell_Back_Squats_Inclination_Asymmetry_2_01.csv,2
1,3,1,3,2,8.413,8413,-6.08,7.06,-0.47,9.329,-0.1374,-0.0393,-0.6534,39.94,95.31,26.75,-5.84,8.0228,-0.8846,9.9626,P001_Barbell_Back_Squats_Inclination_Asymmetry_2_01.csv,3
1,3,1,3,2,8.543,8543,-6.57,6.91,-0.85,9.5726,-0.1811,-0.1091,-0.1822,43.19,97.38,23.13,-5.9362,7.8762,-0.8801,9.9019,P001_Barbell_Back_Squats_Inclination_Asymmetry_2_01.csv,3
1,3,1,3,2,8.673,8673,-6.15,6.74,-1.25,9.2094,-0.1887,-0.1713,-0.2803,44.25,99.88,21.69,-5.9644,7.7264,-0.9288,9.8048,P001_Barbell_Back_Squats_Inclination_Asymmetry_2_01.csv,3
1,3,1,3,2,8.803,8803,-7.04,6.51,-1.6,9.7212,-0.1625,-0.2193,-0.4069,46.81,103.25,19.13,-6.1061,7.5661,-1.0173,9.7758,P001_Barbell_Back_Squats_Inclination_Asymmetry_2_01.csv,3
1,3,1,3,2,8.933,8933,-7.69,6.04,-1.95,9.971,-0.1462,-0.1942,-0.2531,48.88,106.69,16.94,-6.3148,7.365,-1.1402,9.7684,P001_Barbell_Back_Squats_Inclination_Asymmetry_2_01.csv,3
1,3,1,3,2,9.106,9106,-7.81,5.71,-1.95,9.8693,-0.12,-0.0862,0.0207,49.44,109.81,15.94,-6.5119,7.1469,-1.2469,9.7487,P001_Barbell_Back_Squats_Inclination_Asymmetry_2_01.csv,3
1,3,1,3,2,9.236,9236,-7.13,5.99,-2.63,9.6765,-0.1298,-0.0327,0.2127,47.88,110.44,16.81,-6.5933,6.9945,-1.4292,9.7179,P001_Barbell_Back_Squats_Inclination_Asymmetry_2_01.csv,3
1,3,1,3,2,9.366,9366,-5.87,4.27,-1.81,7.481,-0.1342,-0.0164,-0.1713,48.25,111.75,15.63,-6.498,6.6355,-1.4793,9.4044,P001_Barbell_Back_Squats_Inclination_Asymmetry_2_01.csv,3
1,3,1,3,2,9.496,9496,-7.72,6.13,-2.69,10.2182,-0.1909,-0.024,0.1429,48.88,113.63,13.69,-6.659,6.5689,-1.6389,9.4962,P001_Barbell_Back_Squats_Inclination_Asymmetry_2_01.csv,3
1,3,1,3,2,9.626,9626,-6.2,6.37,-2.83,9.3288,-0.036,0.0371,0.2149,46.75,113.25,15.06,-6.5985,6.5427,-1.7958,9.4643,P001_Barbell_Back_Squats_Inclination_Asymmetry_2_01.csv,3
1,4,1,3,2,9.756,9756,-7.07,6.5,-2.69,9.9735,0.036,0.0055,0.0415,46.81,113.06,15.0,-6.6607,6.537,-1.9137,9.5268,P001_Barbell_Back_Squats_Inclination_Asymmetry_2_01.csv,3
1,4,1,3,2,9.887,9887,-6.63,6.55,-2.7,9.7031,0.0916,0.0447,0.2258,45.69,111.81,16.63,-6.6566,6.5387,-2.0173,9.5465,P001_Barbell_Back_Squats_Inclination_Asymmetry_2_01.csv,3
1,4,1,3,2,10.017,10017,-6.51,6.32,-2.53,9.4193,0.0753,0.0229,0.0087,45.0,110.75,17.81,-6.6373,6.5099,-2.0848,9.5278,P001_Barbell_Back_Squats_Inclination_Asymmetry_2_01.csv,3
1,4,1,3,2,10.19,10190,-7.1,6.51,-2.33,9.9105,0.0022,0.0087,0.3043,44.19,110.25,19.0,-6.6983,6.5099,-2.1171,9.5775,P001_Barbell_Back_Squats_Inclination_Asymmetry_2_01.csv,3
1,4,1,3,2,10.321,10321,-6.33,6.45,-2.2,9.3012,-0.0087,0.0087,0.2923,41.94,109.38,21.31,-6.6497,6.502,-2.1281,9.5407,P001_Barbell_Back_Squats_Inclination_Asymmetry_2_01.csv,3
1,4,1,3,2,10.451,10451,-6.51,7.46,-2.6,10.2368,-0.0425,0.036,0.4974,39.81,108.88,23.31,-6.6313,6.6283,-2.1903,9.6284,P001_Barbell_Back_Squats_Inclination_Asymmetry_2_01.csv,3
1,4,1,3,2,10.581,10581,-5.83,7.89,-2.37,10.0925,0.0065,0.1047,0.0796,37.63,107.88,25.13,-6.5257,6.7945,-2.2139,9.6774,P001_Barbell_Back_Squats_Inclination_Asymmetry_2_01.csv,3
1,4,1,3,2,10.711,10711,-6.09,7.39,-2.19,9.8233,0.0774,0.108,-0.1636,38.63,107.19,23.19,-6.4683,6.873,-2.2108,9.6935,P001_Barbell_Back_Squats_Inclination_Asymmetry_2_01.csv,3
1,4,1,3,2,10.841,10841,-6.29,7.28,-1.95,9.8166,0.1058,0.1625,0.0873,39.44,105.81,21.94,-6.4448,6.9266,-2.1764,9.7083,P001_Barbell_Back_Squats_Inclination_Asymmetry_2_01.csv,3
1,4,1,3,2,10.971,10971,-4.79,6.93,-1.81,8.6166,0.0894,0.1145,-0.1276,39.0,104.06,21.88,-6.2268,6.9271,-2.1281,9.5544,P001_Barbell_Back_Squats_Inclination_Asymmetry_2_01.csv,3
1,4,1,3,2,11.102,11102,-5.95,6.66,-1.61,9.0747,0.0753,0.0524,-0.1451,41.25,103.5,19.5,-6.1903,6.8919,-2.0599,9.49,P001_Barbell_Back_Squats_Inclination_Asymmetry_2_01.csv,3
1,4,1,3,2,11.274,11274,-6.42,6.1,-1.5,8.982,0.0676,0.0371,-0.1014,42.63,102.94,18.38,-6.2206,6.7875,-1.9861,9.4186,P001_Barbell_Back_Squats_Inclination_Asymmetry_2_01.csv,3
1,5,1,3,2,11.404,11404,-6.25,7.18,-1.59,9.6511,0.0785,0.0556,0.3054,42.13,102.06,19.06,-6.2244,6.8392,-1.9339,9.4477,P001_Barbell_Back_Squats_Inclination_Asymmetry_2_01.csv,3
1,5,1,3,2,11.534,11534,-6.13,7.33,-1.45,9.6648,0.1342,0.0524,-0.0196,40.5,100.56,21.13,-6.212,6.9039,-1.8701,9.4737,P001_Barbell_Back_Squats_Inclination_Asymmetry_2_01.csv,3
1,5,1,3,2,11.664,11664,-6.61,7.36,-1.05,9.9481,0.1091,0.0338,0.2029,40.63,99.38,21.44,-6.2644,6.964,-1.7621,9.5313,P001_Barbell_Back_Squats_Inclination_Asymmetry_2_01.csv,3
1,5,1,3,2,11.794,11794,-5.8,7.93,-0.92,9.8677,0.0338,-0.0654,0.7189,37.31,98.44,25.31,-6.2032,7.0913,-1.6511,9.5652,P001_Barbell_Back_Squats_Inclination_Asymmetry_2_01.csv,3
1,5,1,3,2,11.924,11924,-5.09,8.15,-1.0,9.6608,0.0491,-0.1702,-0.2967,34.44,98.5,29.0,-6.0565,7.2308,-1.5653,9.5612,P001_Barbell_Back_Squats_Inclination_Asymmetry_2_01.csv,3
1,5,1,3,2,12.055,12055,-6.21,7.6,-1.3,9.9002,0.012,-0.18,-0.2214,36.5,99.44,28.0,-6.0768,7.2795,-1.5303,9.6052,P001_Barbell_Back_Squats_Inclination_Asymmetry_2_01.csv,3
1,5,1,3,2,12.186,12186,-5.56,8.14,-1.36,9.951,0.024,-0.1385,-0.1124,36.75,100.31,28.81,-6.0087,7.3929,-1.5079,9.6453,P001_Barbell_Back_Squats_Inclination_Asymmetry_2_01.csv,3
1,5,1,3,2,12.359,12359,-7.78,7.74,-1.63,11.0947,0.0,-0.0436,-0.204,40.56,101.44,25.94,-6.2421,7.4386,-1.524,9.8295,P001_Barbell_Back_Squats_Inclination_Asymmetry_2_01.csv,3
1,5,1,3,2,12.489,12489,-7.59,9.41,-1.84,12.2287,0.0196,0.0687,0.2345,39.44,101.13,27.38,-6.4197,7.6984,-1.5656,10.1454,P001_Barbell_Back_Squats_Inclination_Asymmetry_2_01.csv,3
1,5,1,3,2,12.62,12620,-7.73,8.62,-1.83,11.722,0.0644,0.1702,-0.5105,40.31,100.19,26.19,-6.5924,7.8198,-1.6005,10.3523,P001_Barbell_Back_Squats_Inclination_Asymmetry_2_01.csv,3
1,5,1,3,2,12.75,12750,-7.31,7.35,-0.97,10.4115,0.0415,0.2389,-0.2454,43.94,98.88,22.0,-6.6869,7.7579,-1.5174,10.3539,P001_Barbell_Back_Squats_Inclination_Asymmetry_2_01.csv,3
1,5,1,3,2,12.881,12881,-7.35,6.09,-0.63,9.566,0.0698,0.1953,-0.5498,46.69,97.25,18.88,-6.7743,7.5381,-1.4004,10.2311,P001_Barbell_Back_Squats_Inclination_Asymmetry_2_01.csv,4
1,5,1,3,2,13.011,13011,-7.56,5.88,-0.91,9.6206,0.0218,0.0851,0.2236,48.88,96.06,16.56,-6.8778,7.3196,-1.3358,10.1324,P001_Barbell_Back_Squats_Inclination_Asymmetry_2_01.csv,4
1,5,1,3,2,13.141,13141,-5.92,6.72,-0.5,8.9697,-0.0295,-0.0316,0.2945,45.75,95.56,19.56,-6.7516,7.2406,-1.2257,9.9756,P001_Barbell_Back_Squats_Inclination_Asymmetry_2_01.csv,4
1,5,1,3,2,13.271,13271,-5.84,6.44,-0.32,8.6995,-0.0393,-0.1276,0.084,44.06,95.81,21.63,-6.6315,7.1351,-1.1063,9.8036,P001_Barbell_Back_Squats_Inclination_Asymmetry_2_01.csv,4
1,5,1,3,2,13.447,13447,-6.31,6.77,-0.88,9.2964,-0.0873,-0.1844,-0.0142,43.06,97.69,23.13,-6.5891,7.087,-1.0765,9.7366,P001_Barbell_Back_Squats_Inclination_Asymmetry_2_01.csv,4
1,5,1,3,2,13.578,13578,-6.01,7.67,-1.17,9.8142,0.0131,-0.1484,0.6567,40.69,98.81,26.19,-6.5128,7.1638,-1.0888,9.7428,P001_Barbell_Back_Squats_Inclination_Asymmetry_2_01.csv,4
1,5,1,3,2,13.711,13711,-5.43,4.0,-0.79,6.7904,0.0022,-0.1636,-1.1366,43.31,100.13,24.31,-6.3701,6.7469,-1.0495,9.3381,P001_Barbell_Back_Squats_Inclination_Asymmetry_2_01.csv,4
1,5,1,3,2,13.842,13842,-9.0,7.77,-2.12,12.0776,0.0545,-0.1222,0.8759,42.81,101.0,25.63,-6.7167,6.8817,-1.1905,9.6897,P001_Barbell_Back_Squats_Inclination_Asymmetry_2_01.csv,4
1,5,1,3,2,13.972,13972,-6.26,7.6,-1.65,9.9835,0.0393,-0.0993,0.2454,39.19,100.81,30.25,-6.6565,6.9764,-1.2511,9.7234,P001_Barbell_Back_Squats_Inclination_Asymmetry_2_01.csv,4
1,5,1,3,2,14.103,14103,-6.1,7.89,-1.61,10.1022,0.0153,-0.0785,0.3414,37.81,100.81,32.25,-6.5832,7.0968,-1.2984,9.7667,P001_Barbell_Back_Squats_Inclination_Asymmetry_2_01.csv,4
1,5,1,3,2,14.233,14233,-4.9,8.14,-1.55,9.6266,0.0109,-0.0415,0.2334,34.81,100.69,35.75,-6.3614,7.2342,-1.3315,9.7249,P001_Barbell_Back_Squats_Inclination_Asymmetry_2_01.csv,4
1,5,1,3,2,14.364,14364,-5.01,7.67,-1.8,9.3364,-0.0109,0.0011,-0.1887,34.88,100.88,35.69,-6.1833,7.2917,-1.3933,9.6614,P001_Barbell_Back_Squats_Inclination_Asymmetry_2_01.csv,4
1,5,1,3,2,14.537,14537,-6.05,7.72,-1.49,9.9207,0.0153,0.0764,-0.0251,35.94,100.81,34.25,-6.1657,7.3481,-1.406,9.6947,P001_Barbell_Back_Squats_Inclination_Asymmetry_2_01.csv,4
1,5,1,3,2,14.667,14667,-5.64,7.73,-1.48,9.6826,0.0305,0.1004,0.1854,36.13,100.06,33.56,-6.0965,7.3984,-1.4158,9.6906,P001_Barbell_Back_Squats_Inclination_Asymmetry_2_01.csv,4
1,5,1,3,2,14.797,14797,-5.51,7.5,-1.3,9.3968,-0.0404,0.06,0.1287,34.81,99.56,34.38,-6.0192,7.4118,-1.4005,9.6502,P001_Barbell_Back_Squats_Inclination_Asymmetry_2_01.csv,4
1,5,1,3,2,14.927,14927,-5.52,8.09,-1.26,9.8745,-0.0633,0.0622,0.1036,34.19,99.56,34.38,-5.9534,7.5012,-1.382,9.6758,P001_Barbell_Back_Squats_Inclination_Asymmetry_2_01.csv,4
1,5,1,3,2,15.057,15057,-5.04,7.74,-1.23,9.3178,-0.0415,0.0349,-0.1996,34.19,99.69,33.75,-5.833,7.5327,-1.362,9.6239,P001_Barbell_Back_Squats_Inclination_Asymmetry_2_01.csv,4
1,5,1,3,2,15.187,15187,-5.6,8.0,-1.41,9.8665,0.0196,0.036,0.2683,34.69,99.69,32.81,-5.8023,7.5942,-1.3683,9.6546,P001_Barbell_Back_Squats_Inclination_Asymmetry_2_01.csv,4
1,5,1,3,2,15.318,15318,-4.56,7.44,-1.27,8.8182,0.0676,0.012,-0.1451,33.63,99.0,33.88,-5.6386,7.5739,-1.3553,9.5391,P001_Barbell_Back_Squats_Inclination_Asymmetry_2_01.csv,4
1,5,1,3,2,15.448,15448,-4.99,6.72,-1.38,8.4831,0.0098,-0.0295,-0.3338,36.06,99.06,31.69,-5.5531,7.4614,-1.3586,9.3998,P001_Barbell_Back_Squats_Inclination_Asymmetry_2_01.csv,4
1,6,1,3,2,15.621,15621,-5.48,6.85,-1.26,8.8623,-0.1004,-0.0993,-0.2291,38.25,100.25,29.69,-5.5435,7.3808,-1.3456,9.3283,P001_Barbell_Back_Squats_Inclination_Asymmetry_2_01.csv,4
1,6,1,3,2,15.751,15751,-6.28,7.43,-1.69,9.8742,-0.144,-0.1265,-0.0382,40.19,102.31,27.56,-5.6406,7.3873,-1.391,9.398,P001_Barbell_Back_Squats_Inclination_Asymmetry_2_01.csv,4
1,6,1,3,2,15.881,15881,-6.68,7.77,-1.67,10.3819,-0.0382,-0.0687,-0.0851,40.25,103.5,27.56,-5.7775,7.4377,-1.4277,9.5257,P001_Barbell_Back_Squats_Inclination_Asymmetry_2_01.csv,4
1,6,1,3,2,16.011,16011,-6.68,7.34,-1.79,10.0847,0.096,0.0207,-0.2891,41.5,103.56,26.5,-5.8965,7.4249,-1.4755,9.5955,P001_Barbell_Back_Squats_Inclination_Asymmetry_2_01.csv,4
1,6,1,3,2,16.141,16141,-6.68,6.24,-1.6,9.2801,0.1167,0.0949,-0.3622,43.69,102.75,24.75,-5.9997,7.2687,-1.4919,9.5424,P001_Barbell_Back_Squats_Inclination_Asymmetry_2_01.csv,4
1,6,1,3,2,16.272,16272,-7.18,6.35,-1.58,9.7145,0.0447,0.0993,-0.3512,45.75,102.0,22.63,-6.1552,7.1477,-1.5035,9.5518,P001_Barbell_Back_Squats_Inclination_Asymmetry_2_01.csv,4
1,6,1,3,2,16.402,16402,-7.22,5.94,-1.26,9.434,-0.0654,0.0076,-0.2858,49.0,102.5,18.94,-6.2955,6.9885,-1.4714,9.5204,P001_Barbell_Back_Squats_Inclination_Asymmetry_2_01.csv,4
1,6,1,3,2,16.532,16532,-7.93,6.8,-1.47,10.5492,-0.1276,-0.1451,-0.0458,49.25,104.06,18.25,-6.5109,6.9637,-1.4712,9.6462,P001_Barbell_Back_Squats_Inclination_Asymmetry_2_01.csv,4
1,6,1,3,2,16.705,16705,-8.83,7.07,-2.02,11.4906,-0.036,-0.156,-0.1604,49.5,107.0,18.0,-6.8165,6.9777,-1.5435,9.876,P001_Barbell_Back_Squats_Inclination_Asymmetry_2_01.csv,4
1,6,1,3,2,16.835,16835,-8.79,7.01,-2.35,11.4859,0.0087,-0.0502,0.06,49.56,107.88,18.19,-7.0766,6.9819,-1.6498,10.0771,P001_Barbell_Back_Squats_Inclination_Asymmetry_2_01.csv,4
1,6,1,3,2,16.965,16965,-8.42,6.28,-2.35,10.7637,0.0044,-0.036,-0.2673,50.13,108.44,18.44,-7.2536,6.8894,-1.7421,10.1545,P001_Barbell_Back_Squats_Inclination_Asymmetry_2_01.csv,4
1,6,1,3,2,17.095,17095,-7.4,5.04,-1.83,9.1384,-0.0633,-0.0316,-0.7385,52.38,109.94,16.94,-7.2729,6.6457,-1.7537,10.0068,P001_Barbell_Back_Squats_Inclination_Asymmetry_2_01.csv,5
1,6,1,3,2,17.226,17226,-9.56,4.43,-2.07,10.7379,-0.1145,-0.0098,-0.0513,56.94,113.31,11.75,-7.5743,6.3538,-1.7954,10.048,P001_Barbell_Back_Squats_Inclination_Asymmetry_2_01.csv,5
1,6,1,3,2,17.356,17356,-7.95,5.41,-2.14,9.8514,-0.0622,0.0196,0.2171,55.13,112.69,12.94,-7.6238,6.2294,-1.8408,10.0158,P001_Barbell_Back_Squats_Inclination_Asymmetry_2_01.csv,5
1,6,1,3,2,17.486,17486,-7.82,5.51,-2.21,9.8182,-0.0033,0.0251,0.2127,53.81,112.0,13.94,-7.6496,6.1346,-1.8894,9.986,P001_Barbell_Back_Squats_Inclination_Asymmetry_2_01.csv,5
1,6,1,3,2,17.617,17617,-7.64,5.75,-2.22,9.8163,0.0327,0.0273,0.1898,52.38,110.81,15.75,-7.6484,6.0839,-1.933,9.9623,P001_Barbell_Back_Squats_Inclination_Asymmetry_2_01.csv,5
1,6,1,3,2,17.789,17789,-6.88,5.3,-1.9,8.8901,0.0742,0.0371,0.2171,50.88,109.25,17.75,-7.5471,5.9806,-1.9286,9.8207,P001_Barbell_Back_Squats_Inclination_Asymmetry_2_01.csv,5
1,6,1,3,2,17.919,17919,-7.03,5.57,-1.87,9.162,0.0938,0.0349,0.3174,49.38,107.75,19.81,-7.479,5.9265,-1.9209,9.7339,P001_Barbell_Back_Squats_Inclination_Asymmetry_2_01.csv,5
1,6,1,3,2,18.049,18049,-5.61,4.69,-1.87,7.5475,0.0894,0.0022,-0.1004,47.75,106.31,22.06,-7.2327,5.7636,-1.9142,9.4443,P001_Barbell_Back_Squats_Inclination_Asymmetry_2_01.csv,5
1,6,1,3,2,18.179,18179,-6.95,5.84,-1.53,9.2059,0.0545,-0.048,0.2323,47.56,105.94,22.69,-7.1954,5.7736,-1.8636,9.4118,P001_Barbell_Back_Squats_Inclination_Asymmetry_2_01.csv,5
1,6,1,3,2,18.309,18309,-6.44,7.34,-2.02,9.9714,0.0371,-0.0371,0.3076,44.13,104.94,26.63,-7.0959,5.98,-1.8842,9.469,P001_Barbell_Back_Squats_Inclination_Asymmetry_2_01.csv,5
1,7,1,3,2,18.44,18440,-6.45,6.12,-1.74,9.06,-0.0109,-0.0698,0.1385,43.63,105.13,27.38,-7.0108,5.9985,-1.8652,9.4134,P001_Barbell_Back_Squats_Inclination_Asymmetry_2_01.csv,5
1,7,1,3,2,18.57,18570,-6.09,7.54,-1.97,9.8904,-0.036,-0.0436,0.5378,40.31,104.94,30.94,-6.8894,6.2016,-1.879,9.4581,P001_Barbell_Back_Squats_Inclination_Asymmetry_2_01.csv,5
1,7,1,3,2,18.701,18701,-5.67,7.61,-2.11,9.7218,-0.0458,-0.0382,-0.0894,38.75,105.19,32.44,-6.7288,6.3872,-1.9094,9.472,P001_Barbell_Back_Squats_Inclination_Asymmetry_2_01.csv,5
1,7,1,3,2,18.874,18874,-6.14,7.68,-2.02,10.038,-0.0305,0.0393,0.0698,38.75,105.63,32.25,-6.6512,6.5576,-1.924,9.5363,P001_Barbell_Back_Squats_Inclination_Asymmetry_2_01.csv,5
1,7,1,3,2,19.004,19004,-6.39,7.15,-2.14,9.8252,0.0065,0.0884,-0.1462,39.5,105.44,31.06,-6.6168,6.6356,-1.9525,9.5721,P001_Barbell_Back_Squats_Inclination_Asymmetry_2_01.csv,5
1,7,1,3,2,19.134,19134,-6.3,7.32,-1.98,9.8586,0.0185,0.132,0.1953,39.13,104.63,31.0,-6.575,6.7258,-1.9561,9.607,P001_Barbell_Back_Squats_Inclination_Asymmetry_2_01.csv,5
1,7,1,3,2,19.264,19264,-5.38,7.27,-1.78,9.2177,-0.0109,0.1244,0.0033,38.38,103.63,31.06,-6.4175,6.7975,-1.9329,9.5461,P001_Barbell_Back_Squats_Inclination_Asymmetry_2_01.csv,5
1,7,1,3,2,19.394,19394,-5.8,7.19,-1.64,9.3822,-0.0622,0.0436,0.0055,38.75,103.56,30.13,-6.3362,6.8492,-1.8943,9.5209,P001_Barbell_Back_Squats_Inclination_Asymmetry_2_01.csv,5
1,7,1,3,2,19.524,19524,-5.06,6.7,-1.56,8.5397,-0.0393,0.0131,0.0404,38.38,103.69,30.06,-6.168,6.8296,-1.8502,9.3867,P001_Barbell_Back_Squats_Inclination_Asymmetry_2_01.csv,5
1,7,1,3,2,19.654,19654,-4.87,6.66,-1.8,8.4447,-0.0349,-0.0185,0.0218,38.0,103.94,30.38,-5.997,6.8072,-1.8436,9.2575,P001_Barbell_Back_Squats_Inclination_Asymmetry_2_01.csv,5
1,8,1,3,2,19.785,19785,-5.51,6.68,-1.72,8.8284,-0.0218,-0.0807,-0.2945,38.88,104.88,29.63,-5.9328,6.7905,-1.8273,9.2004,P001_Barbell_Back_Squats_Inclination_Asymmetry_2_01.csv,5
1,8,1,3,2,19.958,19958,-5.88,6.23,-2.1,8.8203,0.0185,-0.0753,-0.2454,40.88,105.94,27.88,-5.9258,6.7166,-1.8633,9.1488,P001_Barbell_Back_Squats_Inclination_Asymmetry_2_01.csv,5
1,8,1,3,2,20.088,20088,-7.15,7.3,-1.69,10.3571,-0.0556,-0.0622,0.3818,40.25,106.44,28.81,-6.0871,6.7935,-1.8404,9.3055,P001_Barbell_Back_Squats_Inclination_Asymmetry_2_01.csv,5
1,8,1,3,2,20.218,20218,-6.33,7.91,-2.26,10.38,-0.0109,-0.0295,0.0556,38.25,106.5,30.81,-6.1191,6.9406,-1.8957,9.4451,P001_Barbell_Back_Squats_Inclination_Asymmetry_2_01.csv,5
1,8,1,3,2,20.348,20348,-7.04,7.55,-2.25,10.5653,0.0753,0.0284,-0.2334,39.13,106.44,30.19,-6.2405,7.0209,-1.9424,9.5922,P001_Barbell_Back_Squats_Inclination_Asymmetry_2_01.csv,5
1,8,1,3,2,20.478,20478,-6.09,7.23,-2.1,9.6835,0.1298,0.0916,0.2007,39.38,105.25,30.25,-6.2207,7.0485,-1.9632,9.6037,P001_Barbell_Back_Squats_Inclination_Asymmetry_2_01.csv,5
1,8,1,3,2,20.608,20608,-6.13,7.07,-1.51,9.4785,0.1396,0.1287,-0.4091,39.56,103.63,30.31,-6.2087,7.0513,-1.9035,9.586,P001_Barbell_Back_Squats_Inclination_Asymmetry_2_01.csv,5
1,8,1,3,2,20.739,20739,-7.98,6.79,-1.77,10.6263,0.036,0.1669,-0.5727,44.0,102.81,25.5,-6.4421,7.0169,-1.8859,9.7105,P001_Barbell_Back_Squats_Inclination_Asymmetry_2_01.csv,5
1,8,1,3,2,20.869,20869,-8.3,7.48,-1.45,11.2669,0.0109,0.1298,0.2029,45.63,102.13,23.44,-6.6869,7.0779,-1.8284,9.9073,P001_Barbell_Back_Squats_Inclination_Asymmetry_2_01.csv,5
1,8,1,3,2,21.042,21042,-8.43,8.8,-1.69,12.3029,0.0524,0.1789,0.0982,43.94,99.81,24.5,-6.9166,7.3048,-1.8102,10.2214,P001_Barbell_Back_Squats_Inclination_Asymmetry_2_01.csv,5
1,8,1,3,2,21.172,21172,-8.64,7.6,-1.17,11.5663,-0.0044,0.1494,-0.1614,45.19,98.75,22.63,-7.1437,7.3437,-1.7258,10.3895,P001_Barbell_Back_Squats_Inclination_Asymmetry_2_01.csv,5
1,8,1,3,2,21.302,21302,-7.5,6.88,-1.04,10.2306,-0.0371,0.1156,0.0393,45.38,98.0,21.56,-7.1907,7.2826,-1.6355,10.3642,P001_Barbell_Back_Squats_Inclination_Asymmetry_2_01.csv,6
1,8,1,3,2,21.432,21432,-7.27,6.75,-0.79,9.9519,-0.012,0.0316,0.1418,45.06,97.56,21.25,-7.2011,7.2124,-1.524,10.3053,P001_Barbell_Back_Squats_Inclination_Asymmetry_2_01.csv,6
1,8,1,3,2,21.562,21562,-6.78,8.06,-0.95,10.5752,-0.0295,-0.0851,0.4123,42.56,97.44,23.81,-7.1456,7.3241,-1.4484,10.3344,P001_Barbell_Back_Squats_Inclination_Asymmetry_2_01.csv,6
1,8,1,3,2,21.692,21692,-7.21,6.57,-0.91,9.7968,0.036,-0.1178,-0.336,43.13,98.13,23.5,-7.1541,7.2247,-1.3775,10.2604,P001_Barbell_Back_Squats_Inclination_Asymmetry_2_01.csv,6
1,8,1,3,2,21.823,21823,-5.1,6.23,-0.54,8.0694,0.0513,-0.0862,0.0916,41.94,98.38,25.5,-6.8834,7.0937,-1.2671,9.9653,P001_Barbell_Back_Squats_Inclination_Asymmetry_2_01.csv,6
1,8,1,3,2,21.953,21953,-6.57,6.2,-1.04,9.0932,0.0578,-0.0273,-0.0273,42.94,98.38,25.0,-6.8421,6.9759,-1.2372,9.8493,P001_Barbell_Back_Squats_Inclination_Asymmetry_2_01.csv,6
1,8,1,3,2,22.126,22126,-5.65,5.21,-0.7,7.7173,0.0316,-0.0153,-0.276,43.13,98.13,25.13,-6.685,6.7432,-1.1664,9.5667,P001_Barbell_Back_Squats_Inclination_Asymmetry_2_01.csv,6
1,8,1,3,2,22.257,22257,-6.6,7.28,-1.6,9.9558,-0.0218,0.0011,0.3851,42.38,98.13,25.88,-6.6738,6.8139,-1.2235,9.616,P001_Barbell_Back_Squats_Inclination_Asymmetry_2_01.csv,6
1,8,1,3,2,22.387,22387,-6.07,7.33,-0.7,9.5427,0.024,0.0327,-0.2487,41.25,97.94,26.88,-6.5943,6.8819,-1.1545,9.601,P001_Barbell_Back_Squats_Inclination_Asymmetry_2_01.csv,6
1,8,1,3,2,22.518,22518,-6.18,6.56,-1.22,9.0947,-0.0175,-0.0142,-0.1778,42.69,97.81,25.44,-6.5397,6.8395,-1.1632,9.5341,P001_Barbell_Back_Squats_Inclination_Asymmetry_2_01.csv,6
1,8,1,3,2,22.649,22649,-7.0,7.12,-0.77,10.0144,0.0065,-0.0611,-0.1374,43.38,98.44,24.88,-6.6003,6.8765,-1.1114,9.5961,P001_Barbell_Back_Squats_Inclination_Asymmetry_2_01.csv,6
1,8,1,3,2,22.779,22779,-6.86,6.54,-1.21,9.5549,0.0,-0.048,0.0709,43.81,98.94,24.69,-6.6346,6.8321,-1.1244,9.5896,P001_Barbell_Back_Squats_Inclination_Asymmetry_2_01.csv,6
1,8,1,3,2,22.909,22909,-6.82,7.16,-1.18,9.9584,-0.0382,-0.0502,0.2542,42.56,99.31,26.06,-6.659,6.8753,-1.1317,9.6381,P001_Barbell_Back_Squats_Inclination_Asymmetry_2_01.csv,6
1,8,1,3,2,23.039,23039,-6.53,7.06,-1.17,9.6878,-0.048,-0.0229,-0.0098,41.88,99.69,26.69,-6.642,6.8997,-1.1367,9.6444,P001_Barbell_Back_Squats_Inclination_Asymmetry_2_01.csv,6
1,8,1,3,2,23.212,23212,-6.43,7.53,-1.15,9.9684,-0.0065,0.024,0.132,40.56,99.81,27.88,-6.6141,6.9827,-1.1385,9.6851,P001_Barbell_Back_Squats_Inclination_Asymmetry_2_01.csv,6
1,8,1,3,2,23.342,23342,-6.03,7.44,-1.27,9.6606,0.0425,0.0622,-0.1091,40.69,99.38,27.56,-6.5371,7.043,-1.1558,9.6785,P001_Barbell_Back_Squats_Inclination_Asymmetry_2_01.csv,6
1,8,1,3,2,23.478,23478,-6.25,6.7,-1.25,9.2474,0.0196,-0.0055,-0.0753,41.56,99.13,26.75,-6.4993,6.9978,-1.1682,9.6216,P001_Barbell_Back_Squats_Inclination_Asymmetry_2_01.csv,6
1,8,1,3,2,23.608,23608,-4.98,7.02,-0.79,8.6432,-0.0284,-0.0993,0.5105,40.0,99.25,28.5,-6.2991,7.0007,-1.1184,9.4836,P001_Barbell_Back_Squats_Inclination_Asymmetry_2_01.csv,6
1,8,1,3,2,23.74,23740,-4.98,6.65,-1.71,8.4822,-0.0415,-0.18,-0.2673,38.56,100.25,30.69,-6.1252,6.9545,-1.1963,9.3442,P001_Barbell_Back_Squats_Inclination_Asymmetry_2_01.csv,6
1,8,1,3,2,23.871,23871,-5.51,5.94,-1.26,8.1995,-0.0185,-0.1189,-0.4374,41.0,101.75,28.81,-6.0442,6.8208,-1.2047,9.1928,P001_Barbell_Back_Squats_Inclination_Asymmetry_2_01.csv,6
1,9,1,3,2,24.001,24001,-6.55,6.98,-1.41,9.6753,0.0295,-0.0633,0.2127,42.13,102.63,28.06,-6.1108,6.8418,-1.2318,9.2558,P001_Barbell_Back_Squats_Inclination_Asymmetry_2_01.csv,6
1,9,1,3,2,24.132,24132,-6.29,7.07,-1.18,9.5363,0.096,0.0065,0.1745,40.69,101.75,30.13,-6.1344,6.8719,-1.225,9.2927,P001_Barbell_Back_Squats_Inclination_Asymmetry_2_01.csv,6
1,9,1,3,2,24.305,24305,-8.04,6.61,-1.66,10.5399,0.0382,0.0142,0.5552,40.0,100.81,31.31,-6.3855,6.8374,-1.2823,9.4429,P001_Barbell_Back_Squats_Inclination_Asymmetry_2_01.csv,6
1,9,1,3,2,24.435,24435,-4.63,8.42,-1.0,9.6609,0.0218,0.0284,0.7843,33.25,99.63,38.0,-6.1542,7.0459,-1.2451,9.4377,P001_Barbell_Back_Squats_Inclination_Asymmetry_2_01.csv,6
1,9,1,3,2,24.566,24566,-4.43,8.41,-1.42,9.6109,-0.0818,-0.072,-0.5552,33.56,100.0,37.5,-5.927,7.2257,-1.2681,9.4312,P001_Barbell_Back_Squats_Inclination_Asymmetry_2_01.csv,6
1,9,1,3,2,24.696,24696,-6.63,7.31,-1.84,10.0389,-0.0567,-0.0862,-0.649,39.5,101.75,31.56,-6.0196,7.2368,-1.3435,9.5085,P001_Barbell_Back_Squats_Inclination_Asymmetry_2_01.csv,6
1,9,1,3,2,24.826,24826,-6.82,7.7,-1.72,10.4288,-0.0524,-0.0894,-0.18,41.69,103.19,29.69,-6.1251,7.2978,-1.3931,9.6289,P001_Barbell_Back_Squats_Inclination_Asymmetry_2_01.csv,6
1,9,1,3,2,24.956,24956,-7.57,6.95,-1.83,10.4382,-0.036,-0.0098,-0.5803,44.0,104.25,27.38,-6.3155,7.252,-1.4507,9.7253,P001_Barbell_Back_Squats_Inclination_Asymmetry_2_01.csv,6
1,9,1,3,2,25.086,25086,-9.05,7.11,-2.02,11.6848,-0.0818,0.036,-0.0415,46.63,105.31,24.81,-6.6758,7.2333,-1.5257,9.9607,P001_Barbell_Back_Squats_Inclination_Asymmetry_2_01.csv,6
1,9,1,3,2,25.216,25216,-7.98,8.24,-2.36,11.711,-0.0993,0.0829,0.2258,44.56,104.94,26.25,-6.8477,7.3659,-1.6356,10.1894,P001_Barbell_Back_Squats_Inclination_Asymmetry_2_01.csv,6
1,9,1,3,2,25.389,25389,-8.8,6.54,-1.82,11.1141,-0.0971,0.0753,-0.2749,47.25,106.0,22.5,-7.105,7.2571,-1.6599,10.2908,P001_Barbell_Back_Squats_Inclination_Asymmetry_2_01.csv,6
1,9,1,3,2,25.52,25520,-7.31,6.35,-1.76,9.8416,-0.1244,0.1385,0.3371,46.31,105.69,22.19,-7.132,7.1376,-1.6731,10.2279,P001_Barbell_Back_Squats_Inclination_Asymmetry_2_01.csv,7
1,9,1,3,2,25.65,25650,-6.36,6.4,-1.62,9.167,-0.1025,0.1036,0.1811,45.13,105.25,22.13,-7.0303,7.0404,-1.6661,10.088,P001_Barbell_Back_Squats_Inclination_Asymmetry_2_01.csv,7
1,9,1,3,2,25.78,25780,-6.28,6.95,-1.91,9.5598,-0.0382,0.048,0.1342,43.94,104.88,22.5,-6.9314,7.0285,-1.6983,10.0164,P001_Barbell_Back_Squats_Inclination_Asymmetry_2_01.csv,7
1,9,1,3,2,25.91,25910,-5.91,6.92,-2.01,9.3196,0.084,-0.0022,0.0022,43.13,104.56,23.38,-6.7968,7.0142,-1.7393,9.9207,P001_Barbell_Back_Squats_Inclination_Asymmetry_2_01.csv,7
1,9,1,3,2,26.04,26040,-6.71,6.42,-1.85,9.4691,0.1963,0.0098,0.072,43.5,103.56,23.75,-6.7854,6.9359,-1.7539,9.8602,P001_Barbell_Back_Squats_Inclination_Asymmetry_2_01.csv,7
1,9,1,3,2,26.17,26170,-6.41,6.99,-1.29,9.5714,0.2345,0.0458,0.2989,42.06,101.56,26.31,-6.7359,6.943,-1.6928,9.8205,P001_Barbell_Back_Squats_Inclination_Asymmetry_2_01.csv,7
1,9,1,3,2,26.3,26300,-5.79,7.19,-0.98,9.2834,0.18,-0.0076,-0.0982,40.69,99.56,28.75,-6.6113,6.9756,-1.5989,9.7429,P001_Barbell_Back_Squats_Inclination_Asymmetry_2_01.csv,7
1,9,1,3,2,26.473,26473,-5.02,5.13,-0.75,7.2166,-0.0698,-0.1953,-0.144,41.31,99.94,29.25,-6.4016,6.7324,-1.487,9.4083,P001_Barbell_Back_Squats_Inclination_Asymmetry_2_01.csv,7
1,9,1,3,2,26.603,26603,-6.59,7.03,-1.86,9.8137,-0.1887,-0.2585,0.2018,40.94,102.56,30.0,-6.4264,6.7716,-1.5362,9.4611,P001_Barbell_Back_Squats_Inclination_Asymmetry_2_01.csv,7
1,9,1,3,2,26.733,26733,-5.91,7.22,-1.97,9.5361,-0.1614,-0.1789,-0.0338,39.06,104.81,31.94,-6.3583,6.8307,-1.5933,9.4671,P001_Barbell_Back_Squats_Inclination_Asymmetry_2_01.csv,7
1,9,1,3,2,26.863,26863,-6.66,7.35,-2.16,10.151,-0.0993,-0.0611,0.0425,39.69,106.56,31.06,-6.3981,6.8991,-1.668,9.5559,P001_Barbell_Back_Squats_Inclination_Asymmetry_2_01.csv,7
1,9,1,3,2,26.993,26993,-6.36,7.31,-2.11,9.9165,-0.072,-0.0153,0.0556,39.13,107.19,31.31,-6.3931,6.9532,-1.7262,9.602,P001_Barbell_Back_Squats_Inclination_Asymmetry_2_01.csv,7
1,9,1,3,2,27.123,27123,-6.59,7.32,-2.43,10.1447,-0.0535,0.012,0.0829,38.94,107.5,31.13,-6.419,7.0016,-1.819,9.6713,P001_Barbell_Back_Squats_Inclination_Asymmetry_2_01.csv,7
1,9,1,3,2,27.254,27254,-5.11,7.12,-2.1,9.012,-0.0556,-0.0022,0.0807,37.25,107.5,32.56,-6.2465,7.0172,-1.856,9.5763,P001_Barbell_Back_Squats_Inclination_Asymmetry_2_01.csv,7
1,9,1,3,2,27.384,27384,-6.73,7.15,-2.46,10.1226,-0.0338,0.0295,-0.0185,38.31,108.06,31.13,-6.3102,7.0347,-1.9356,9.6464,P001_Barbell_Back_Squats_Inclination_Asymmetry_2_01.csv,7
1,9,1,3,2,27.557,27557,-5.65,7.1,-2.21,9.339,-0.0055,0.0207,0.0611,37.06,107.69,32.13,-6.2232,7.0433,-1.9718,9.6034,P001_Barbell_Back_Squats_Inclination_Asymmetry_2_01.csv,7
1,9,1,3,2,27.687,27687,-4.99,7.33,-2.48,9.2076,-0.0109,-0.0098,0.1407,36.31,107.44,32.81,-6.0607,7.0811,-2.0387,9.541,P001_Barbell_Back_Squats_Inclination_Asymmetry_2_01.csv,7
1,9,1,3,2,27.817,27817,-4.57,6.57,-2.4,8.3552,-0.0447,-0.1156,-0.2083,36.19,108.5,33.13,-5.8643,7.0137,-2.0863,9.3774,P001_Barbell_Back_Squats_Inclination_Asymmetry_2_01.csv,7
1,9,1,3,2,27.947,27947,-5.28,6.3,-2.22,8.5145,-0.0513,-0.1364,-0.2334,37.88,110.13,31.69,-5.7873,6.9197,-2.104,9.2629,P001_Barbell_Back_Squats_Inclination_Asymmetry_2_01.csv,7
1,9,1,3,2,28.077,28077,-5.22,6.31,-2.74,8.6355,0.0022,-0.1462,-0.0207,38.44,111.44,31.63,-5.7125,6.8393,-2.1878,9.1758,P001_Barbell_Back_Squats_Inclination_Asymmetry_2_01.csv,7
1,10,1,3,2,28.208,28208,-5.45,7.03,-2.67,9.2872,0.036,-0.0774,-0.1309,38.25,112.06,32.38,-5.6779,6.8645,-2.2513,9.1885,P001_Barbell_Back_Squats_Inclination_Asymmetry_2_01.csv,7
1,10,1,3,2,28.338,28338,-6.43,6.51,-2.63,9.5206,0.0513,-0.0065,-0.5258,40.56,112.63,30.44,-5.777,6.8178,-2.3012,9.2278,P001_Barbell_Back_Squats_Inclination_Asymmetry_2_01.csv,7
1,10,1,3,2,28.469,28469,-7.12,6.09,-2.64,9.7341,0.0044,0.0251,-0.228,43.63,113.5,27.25,-5.954,6.7219,-2.3459,9.281,P001_Barbell_Back_Squats_Inclination_Asymmetry_2_01.csv,7
1,10,1,3,2,28.642,28642,-6.83,6.62,-2.78,9.9097,0.0611,0.0873,-0.156,43.44,112.44,27.44,-6.0694,6.7084,-2.4031,9.3603,P001_Barbell_Back_Squats_Inclination_Asymmetry_2_01.csv,7
1,10,1,3,2,28.773,28773,-7.57,5.94,-2.72,9.9993,-0.0022,0.0458,-0.2989,45.94,112.69,24.69,-6.2672,6.6072,-2.4448,9.4292,P001_Barbell_Back_Squats_Inclination_Asymmetry_2_01.csv,7
1,10,1,3,2,28.903,28903,-7.73,6.96,-2.84,10.7824,-0.0644,-0.0371,0.2149,46.06,112.94,24.25,-6.4599,6.6537,-2.4969,9.604,P001_Barbell_Back_Squats_Inclination_Asymmetry_2_01.csv,7
1,10,1,3,2,29.034,29034,-8.06,7.33,-3.18,11.3492,-0.0611,-0.1156,-0.084,45.25,113.75,24.94,-6.6708,6.7428,-2.5869,9.8314,P001_Barbell_Back_Squats_Inclination_Asymmetry_2_01.csv,7
1,10,1,3,2,29.164,29164,-9.08,7.64,-3.44,12.3551,-0.0033,-0.1058,-0.2793,45.81,115.25,24.5,-6.9883,6.861,-2.6993,10.1585,P001_Barbell_Back_Squats_Inclination_Asymmetry_2_01.csv,7
1,10,1,3,2,29.295,29295,-8.77,6.46,-3.44,11.4227,0.0382,-0.0011,-0.1167,47.0,116.13,23.5,-7.223,6.8082,-2.7969,10.3124,P001_Barbell_Back_Squats_Inclination_Asymmetry_2_01.csv,7
1,10,1,3,2,29.426,29426,-8.41,5.85,-3.2,10.7327,0.0196,0.0894,-0.0622,48.06,116.06,22.38,-7.3795,6.6819,-2.85,10.3551,P001_Barbell_Back_Squats_Inclination_Asymmetry_2_01.csv,7
1,10,1,3,2,29.556,29556,-7.69,6.09,-2.85,10.215,0.0284,0.1211,0.1778,48.31,115.06,21.88,-7.4204,6.6039,-2.85,10.3342,P001_Barbell_Back_Squats_Inclination_Asymmetry_2_01.csv,8
1,10,1,3,2,29.729,29729,-7.37,5.78,-2.58,9.715,0.0785,0.1254,0.1407,47.63,112.69,22.75,-7.4137,6.4953,-2.8145,10.2506,P001_Barbell_Back_Squats_Inclination_Asymmetry_2_01.csv,8
1,10,1,3,2,29.863,29863,-6.51,5.92,-2.16,9.0605,0.0524,0.1091,0.3436,46.0,110.63,24.5,-7.2947,6.4195,-2.7282,10.0928,P001_Barbell_Back_Squats_Inclination_Asymmetry_2_01.csv,8
1,10,1,3,2,29.995,29995,-6.26,6.28,-1.93,9.0747,0.0611,0.1254,0.3109,44.38,108.56,26.19,-7.1583,6.4011,-2.623,9.9547,P001_Barbell_Back_Squats_Inclination_Asymmetry_2_01.csv,8
1,10,1,3,2,30.126,30126,-5.04,5.9,-1.6,7.9229,0.0513,0.0862,0.1724,42.44,106.75,28.19,-6.8792,6.3351,-2.4882,9.6772,P001_Barbell_Back_Squats_Inclination_Asymmetry_2_01.csv,8
1,10,1,3,2,30.256,30256,-5.3,5.73,-1.81,8.0124,-0.0131,0.0284,-0.0305,42.06,106.19,28.44,-6.6711,6.2554,-2.3988,9.4545,P001_Barbell_Back_Squats_Inclination_Asymmetry_2_01.csv,8
1,10,1,3,2,30.386,30386,-6.52,7.19,-1.95,9.8999,0.0011,0.0218,0.4407,41.06,105.81,29.38,-6.6512,6.3785,-2.3397,9.5078,P001_Barbell_Back_Squats_Inclination_Asymmetry_2_01.csv,8
1,10,1,3,2,30.517,30517,-5.75,7.52,-1.86,9.6474,0.0142,0.0044,0.1538,38.13,104.94,32.38,-6.5324,6.5289,-2.2765,9.5122,P001_Barbell_Back_Squats_Inclination_Asymmetry_2_01.csv,8
1,11,1,3,2,30.647,30647,-5.72,7.36,-1.87,9.5071,0.0196,-0.0087,0.1113,37.63,104.69,33.0,-6.4254,6.6385,-2.2229,9.5024,P001_Barbell_Back_Squats_Inclination_Asymmetry_2_01.csv,8
1,11,1,3,2,30.82,30820,-5.51,7.63,-1.84,9.5897,0.0535,-0.0076,0.0731,36.38,104.0,34.69,-6.3047,6.7691,-2.1725,9.5021,P001_Barbell_Back_Squats_Inclination_Asymmetry_2_01.csv,8
1,11,1,3,2,30.95,30950,-5.72,7.57,-1.88,9.6725,0.0327,-0.0153,-0.12,36.44,103.75,34.88,-6.2277,6.8747,-2.1339,9.5183,P001_Barbell_Back_Squats_Inclination_Asymmetry_2_01.csv,8
1,11,1,3,2,31.08,31080,-5.88,7.29,-1.76,9.5297,0.0164,-0.0207,-0.0884,37.19,103.81,34.38,-6.1819,6.9294,-2.0847,9.5172,P001_Barbell_Back_Squats_Inclination_Asymmetry_2_01.csv,8
1,11,1,3,2,31.21,31210,-6.02,7.3,-1.77,9.6262,-0.0273,-0.0076,-0.0698,37.69,104.0,33.88,-6.1605,6.9782,-2.0432,9.5301,P001_Barbell_Back_Squats_Inclination_Asymmetry_2_01.csv,8
1,11,1,3,2,31.34,31340,-6.01,7.36,-1.82,9.6748,-0.0447,-0.012,0.0742,37.81,104.31,33.56,-6.1407,7.0285,-2.0138,9.548,P001_Barbell_Back_Squats_Inclination_Asymmetry_2_01.csv,8
1,11,1,3,2,31.47,31470,-6.06,7.46,-1.88,9.7933,-0.0284,-0.0044,-0.0327,37.44,104.5,33.81,-6.1301,7.0854,-1.9961,9.5794,P001_Barbell_Back_Squats_Inclination_Asymmetry_2_01.csv,8
1,11,1,3,2,31.601,31601,-6.0,7.45,-1.94,9.7604,-0.0207,0.0076,0.0502,37.5,104.69,33.56,-6.1129,7.1334,-1.9888,9.6025,P001_Barbell_Back_Squats_Inclination_Asymmetry_2_01.csv,8
1,11,1,3,2,31.732,31732,-5.88,7.44,-2.01,9.6937,-0.0185,0.0175,-0.0185,37.19,104.69,33.75,-6.0822,7.1738,-1.9916,9.6137,P001_Barbell_Back_Squats_Inclination_Asymmetry_2_01.csv,8
1,11,1,3,2,31.904,31904,-6.1,7.35,-1.83,9.7253,-0.0218,0.0142,-0.0011,37.69,104.88,32.94,-6.0846,7.197,-1.9703,9.6282,P001_Barbell_Back_Squats_Inclination_Asymmetry_2_01.csv,8
1,11,1,3,2,32.034,32034,-5.82,7.39,-1.92,9.6006,-0.0164,0.0109,0.084,37.25,104.88,33.25,-6.0497,7.2225,-1.9636,9.6239,P001_Barbell_Back_Squats_Inclination_Asymmetry_2_01.csv,8
1,11,1,3,2,32.164,32164,-5.6,7.22,-1.98,9.3493,-0.0218,0.0065,0.0142,36.88,104.94,33.5,-5.9905,7.2221,-1.9658,9.5869,P001_Barbell_Back_Squats_Inclination_Asymmetry_2_01.csv,8
1,11,1,3,2,32.294,32294,-4.92,6.9,-1.88,8.6805,-0.0338,-0.0055,-0.0022,36.88,105.19,33.31,-5.8494,7.1797,-1.9545,9.4649,P001_Barbell_Back_Squats_Inclination_Asymmetry_2_01.csv,8
1,11,1,3,2,32.424,32424,-3.66,5.38,-1.37,6.6496,-0.0502,-0.0545,-0.4363,38.13,105.88,31.94,-5.5609,6.9425,-1.8775,9.0911,P001_Barbell_Back_Squats_Inclination_Asymmetry_2_01.csv,8
1,11,1,3,2,32.554,32554,-5.65,7.2,-2.46,9.477,-0.0305,-0.0774,0.192,38.63,106.69,31.5,-5.5726,6.9765,-1.9542,9.1403,P001_Barbell_Back_Squats_Inclination_Asymmetry_2_01.csv,8
1,12,1,3,2,32.685,32685,-6.22,6.4,-1.92,9.1288,-0.0545,-0.0742,-0.684,39.81,107.88,30.38,-5.6579,6.9005,-1.9497,9.134,P001_Barbell_Back_Squats_Inclination_Asymmetry_2_01.csv,8
1,12,1,3,2,32.815,32815,-6.3,6.64,-2.48,9.4831,-0.0611,-0.0382,0.2193,42.25,109.31,27.25,-5.7425,6.8662,-2.0196,9.1761,P001_Barbell_Back_Squats_Inclination_Asymmetry_2_01.csv,8
1,12,1,3,2,32.988,32988,-6.85,7.78,-2.88,10.7585,0.0927,0.0982,0.0153,41.19,108.81,28.13,-5.8885,6.9866,-2.133,9.3828,P001_Barbell_Back_Squats_Inclination_Asymmetry_2_01.csv,8
1,12,1,3,2,33.118,33118,-7.07,7.15,-2.55,10.3735,0.1407,0.1374,-0.0982,42.63,107.31,26.81,-6.0442,7.0081,-2.1879,9.5096,P001_Barbell_Back_Squats_Inclination_Asymmetry_2_01.csv,8
1,12,1,3,2,33.248,33248,-7.91,7.51,-2.13,11.1133,0.1254,0.1494,0.024,43.13,105.69,26.56,-6.29,7.0743,-2.1803,9.7141,P001_Barbell_Back_Squats_Inclination_Asymmetry_2_01.csv,8
1,12,1,3,2,33.378,33378,-8.3,7.56,-1.8,11.3703,0.1047,0.1811,-0.0633,43.56,103.63,26.06,-6.5549,7.1383,-2.1302,9.9227,P001_Barbell_Back_Squats_Inclination_Asymmetry_2_01.csv,8
1,12,1,3,2,33.508,33508,-7.11,8.24,-1.65,11.0078,0.0709,0.1156,0.5378,42.25,101.81,27.25,-6.6281,7.2834,-2.0669,10.0624,P001_Barbell_Back_Squats_Inclination_Asymmetry_2_01.csv,8
1,12,1,3,2,33.639,33639,-7.51,8.32,-1.37,11.2916,0.0284,0.0622,-0.1593,40.69,100.81,28.88,-6.7443,7.42,-1.9751,10.2197,P001_Barbell_Back_Squats_Inclination_Asymmetry_2_01.csv,8
1,12,1,3,2,33.769,33769,-7.1,7.54,-1.8,10.512,-0.0709,0.0349,-0.0578,42.13,100.94,27.0,-6.7911,7.4358,-1.952,10.2578,P001_Barbell_Back_Squats_Inclination_Asymmetry_2_01.csv,8
1,12,1,3,2,33.899,33899,-7.55,8.19,-1.78,11.2804,0.0305,0.0982,-0.3567,43.69,101.06,24.94,-6.8911,7.5352,-1.9293,10.3918,P001_Barbell_Back_Squats_Inclination_Asymmetry_2_01.csv,8
1,12,1,3,2,34.072,34072,-6.97,6.15,-1.04,9.3533,0.0644,0.0753,0.3262,45.56,99.38,23.13,-6.9015,7.3527,-1.8121,10.2458,P001_Barbell_Back_Squats_Inclination_Asymmetry_2_01.csv,9
1,12,1,3,2,34.202,34202,-5.85,6.58,-0.6,8.8249,-0.0164,0.0305,0.3338,43.06,98.44,25.63,-6.763,7.2509,-1.6524,10.052,P001_Barbell_Back_Squats_Inclination_Asymmetry_2_01.csv,9
1,12,1,3,2,34.332,34332,-5.9,6.5,-0.74,8.8095,-0.0818,-0.0927,-0.3185,42.88,99.06,25.63,-6.6493,7.1519,-1.5322,9.8848,P001_Barbell_Back_Squats_Inclination_Asymmetry_2_01.csv,9
1,12,1,3,2,34.462,34462,-5.81,5.35,-0.65,7.9247,-0.0916,-0.1167,0.2596,43.13,100.5,25.31,-6.5387,6.9145,-1.4159,9.6213,P001_Barbell_Back_Squats_Inclination_Asymmetry_2_01.csv,9
1,12,1,3,2,34.593,34593,-5.22,5.81,-1.38,7.9315,-0.1364,-0.1462,0.5323,39.75,101.63,28.75,-6.3649,6.7689,-1.4112,9.398,P001_Barbell_Back_Squats_Inclination_Asymmetry_2_01.csv,9
1,12,1,3,2,34.723,34723,-5.27,7.49,-1.44,9.2707,-0.0949,-0.0513,0.5727,35.38,102.38,33.13,-6.2206,6.864,-1.415,9.3708,P001_Barbell_Back_Squats_Inclination_Asymmetry_2_01.csv,9
1,12,1,3,2,34.853,34853,-5.03,8.58,-2.03,10.1508,0.0109,0.0273,0.5912,31.56,102.06,36.44,-6.0637,7.0901,-1.496,9.4486,P001_Barbell_Back_Squats_Inclination_Asymmetry_2_01.csv,9
1,13,1,3,2,34.984,34984,-3.56,8.8,-1.9,9.6811,0.0535,0.0535,-0.0469,28.94,101.38,38.0,-5.7338,7.3154,-1.5493,9.4229,P001_Barbell_Back_Squats_Inclination_Asymmetry_2_01.csv,9
1,13,1,3,2,35.156,35156,-4.65,8.08,-1.71,9.478,0.0,-0.0033,0.2596,31.19,101.06,35.0,-5.591,7.4162,-1.5704,9.4194,P001_Barbell_Back_Squats_Inclination_Asymmetry_2_01.csv,9
1,13,1,3,2,35.286,35286,-3.96,8.51,-1.3,9.4758,-0.0164,-0.0654,0.1276,29.38,101.06,37.0,-5.3761,7.5603,-1.5348,9.403,P001_Barbell_Back_Squats_Inclination_Asymmetry_2_01.csv,9
1,13,1,3,2,35.416,35416,-5.61,8.19,-1.58,10.0521,-0.0393,-0.0862,-0.5683,31.25,101.88,35.19,-5.4069,7.6433,-1.5408,9.4883,P001_Barbell_Back_Squats_Inclination_Asymmetry_2_01.csv,9
1,13,1,3,2,35.546,35546,-5.4,8.32,-1.86,10.0917,-0.0065,-0.1124,0.0207,32.0,102.56,34.69,-5.406,7.7325,-1.5828,9.5666,P001_Barbell_Back_Squats_Inclination_Asymmetry_2_01.csv,9
1,13,1,3,2,35.676,35676,-5.3,8.17,-1.97,9.9358,0.0382,-0.0709,0.0022,31.69,102.75,35.38,-5.392,7.7901,-1.6339,9.614,P001_Barbell_Back_Squats_Inclination_Asymmetry_2_01.csv,9
1,13,1,3,2,35.807,35807,-4.94,8.06,-1.83,9.6289,0.0305,-0.0404,0.0175,31.06,102.75,36.56,-5.3324,7.8257,-1.6597,9.6141,P001_Barbell_Back_Squats_Inclination_Asymmetry_2_01.csv,9
1,13,1,3,2,35.937,35937,-4.78,8.16,-1.93,9.6519,0.0295,-0.0011,-0.0044,31.38,102.63,36.38,-5.2597,7.8697,-1.6953,9.6162,P001_Barbell_Back_Squats_Inclination_Asymmetry_2_01.csv,9
1,13,1,3,2,36.067,36067,-5.1,8.28,-1.59,9.8538,0.0382,0.0229,-0.0393,31.25,102.31,36.5,-5.2386,7.9238,-1.6814,9.6466,P001_Barbell_Back_Squats_Inclination_Asymmetry_2_01.csv,9
1,13,1,3,2,36.24,36240,-5.26,7.81,-1.45,9.5271,0.0218,0.0502,-0.3251,32.75,101.88,34.94,-5.2414,7.9088,-1.6509,9.6305,P001_Barbell_Back_Squats_Inclination_Asymmetry_2_01.csv,9
1,13,1,3,2,36.37,36370,-5.16,6.98,-1.47,8.8038,-0.0076,0.0524,-0.2138,34.56,101.81,32.81,-5.2307,7.7864,-1.6271,9.5203,P001_Barbell_Back_Squats_Inclination_Asymmetry_2_01.csv,9
1,13,1,3,2,36.5,36500,-5.57,8.4,-1.54,10.1959,-0.0305,0.072,0.1385,33.69,101.56,33.19,-5.2754,7.8673,-1.6156,9.6091,P001_Barbell_Back_Squats_Inclination_Asymmetry_2_01.csv,9
1,13,1,3,2,36.63,36630,-5.46,7.4,-1.64,9.3414,-0.0578,0.0589,-0.1647,34.56,101.75,31.75,-5.2997,7.8057,-1.6188,9.5727,P001_Barbell_Back_Squats_Inclination_Asymmetry_2_01.csv,9
1,13,1,3,2,36.76,36760,-5.07,7.92,-1.6,9.5389,-0.0731,0.072,0.2574,33.69,101.75,31.88,-5.2695,7.8208,-1.6164,9.5679,P001_Barbell_Back_Squats_Inclination_Asymmetry_2_01.csv,9
1,13,1,3,2,36.891,36891,-5.36,7.75,-1.65,9.5663,-0.1134,0.0349,-0.1134,33.75,102.25,31.13,-5.2814,7.8114,-1.6208,9.5676,P001_Barbell_Back_Squats_Inclination_Asymmetry_2_01.csv,9
1,13,1,3,2,37.021,37021,-5.32,7.54,-1.65,9.3742,-0.1527,-0.0087,0.0033,34.25,103.19,29.81,-5.2865,7.7757,-1.6246,9.5419,P001_Barbell_Back_Squats_Inclination_Asymmetry_2_01.csv,9
1,13,1,3,2,37.152,37152,-5.55,7.94,-2.09,9.9103,-0.1625,-0.0578,0.0698,34.0,104.56,29.44,-5.3212,7.7973,-1.686,9.5894,P001_Barbell_Back_Squats_Inclination_Asymmetry_2_01.csv,9
1,13,1,3,2,37.324,37324,-5.45,8.08,-2.28,10.0094,-0.0676,-0.0371,-0.0262,33.56,105.88,29.56,-5.3382,7.8346,-1.7642,9.6431,P001_Barbell_Back_Squats_Inclination_Asymmetry_2_01.csv,9
1,13,1,3,2,37.454,37454,-5.4,7.88,-2.26,9.8164,0.0011,-0.0044,0.0644,33.38,106.13,29.69,-5.3463,7.8406,-1.8296,9.6646,P001_Barbell_Back_Squats_Inclination_Asymmetry_2_01.csv,9
1,13,1,3,2,37.584,37584,-5.22,7.9,-2.38,9.7633,0.0196,0.012,0.0338,32.88,105.94,30.31,-5.3297,7.8484,-1.9021,9.6758,P001_Barbell_Back_Squats_Inclination_Asymmetry_2_01.csv,9
1,13,1,3,2,37.714,37714,-4.68,7.67,-2.16,9.241,0.0109,0.0055,0.0316,32.5,105.75,30.75,-5.2441,7.8249,-1.9361,9.6165,P001_Barbell_Back_Squats_Inclination_Asymmetry_2_01.csv,9
1,13,1,3,2,37.844,37844,-4.28,7.08,-1.91,8.4908,-0.012,-0.0185,-0.0796,32.38,105.75,30.94,-5.117,7.7267,-1.9326,9.4669,P001_Barbell_Back_Squats_Inclination_Asymmetry_2_01.csv,9
1,13,1,3,2,37.975,37975,-3.53,6.62,-1.74,7.7015,-0.0207,-0.0513,-0.1516,32.25,106.13,31.25,-4.9079,7.5809,-1.9073,9.2301,P001_Barbell_Back_Squats_Inclination_Asymmetry_2_01.csv,9
1,13,1,3,2,38.106,38106,-5.09,6.21,-1.99,8.2724,0.0,-0.0425,-0.1931,34.63,106.94,29.06,-4.9319,7.4002,-1.9182,9.0976,P001_Barbell_Back_Squats_Inclination_Asymmetry_2_01.csv,9
1,14,1,3,2,38.236,38236,-4.71,7.41,-2.36,9.0919,-0.108,-0.0982,0.6283,32.25,107.19,31.63,-4.9027,7.4015,-1.9764,9.0953,P001_Barbell_Back_Squats_Inclination_Asymmetry_2_01.csv,9
1,14,1,3,2,38.409,38409,-5.53,7.7,-2.62,9.8354,-0.1113,-0.0676,-0.4505,31.94,108.75,31.81,-4.9853,7.4409,-2.0612,9.1907,P001_Barbell_Back_Squats_Inclination_Asymmetry_2_01.csv,9
1,14,1,3,2,38.54,38540,-6.33,7.86,-3.17,10.5782,-0.0818,-0.084,-0.216,34.06,110.31,29.38,-5.1625,7.4961,-2.2073,9.3656,P001_Barbell_Back_Squats_Inclination_Asymmetry_2_01.csv,9
1,14,1,3,2,38.671,38671,-5.12,8.0,-2.66,9.8636,-0.1407,-0.1233,0.3894,34.13,111.56,29.31,-5.1569,7.5625,-2.267,9.43,P001_Barbell_Back_Squats_Inclination_Asymmetry_2_01.csv,9
1,14,1,3,2,38.801,38801,-5.66,8.06,-3.27,10.3775,-0.0938,-0.1451,-0.1778,33.5,113.0,29.94,-5.2232,7.6281,-2.3991,9.5512,P001_Barbell_Back_Squats_Inclination_Asymmetry_2_01.csv,9
1,14,1,3,2,38.936,38936,-6.15,8.58,-3.48,11.1153,0.0175,-0.1276,-0.0556,34.06,114.19,29.81,-5.3453,7.7535,-2.5416,9.7544,P001_Barbell_Back_Squats_Inclination_Asymmetry_2_01.csv,9
1,14,1,3,2,39.067,39067,-7.19,8.81,-4.01,12.0579,0.1265,0.0011,-0.4265,35.06,114.31,29.56,-5.5884,7.8927,-2.7351,10.0502,P001_Barbell_Back_Squats_Inclination_Asymmetry_2_01.csv,9
1,14,1,3,2,39.199,39199,-8.03,8.48,-4.3,12.4451,0.0142,0.0829,-0.2727,37.56,114.19,27.0,-5.9102,7.9701,-2.9413,10.3491,P001_Barbell_Back_Squats_Inclination_Asymmetry_2_01.csv,9
1,14,1,3,2,39.33,39330,-8.04,7.53,-3.61,11.592,-0.0382,0.1124,-0.2105,39.94,114.75,23.81,-6.1908,7.9121,-3.0294,10.4931,P001_Barbell_Back_Squats_Inclination_Asymmetry_2_01.csv,9
1,14,1,3,2,39.502,39502,-6.79,6.63,-3.16,10.0023,0.012,0.1571,0.0447,41.25,113.88,21.63,-6.2698,7.7432,-3.0466,10.4187,P001_Barbell_Back_Squats_Inclination_Asymmetry_2_01.csv,10
1,14,1,3,2,39.632,39632,-6.09,6.19,-2.84,9.1362,0.0196,0.12,0.0131,41.56,113.0,20.81,-6.2461,7.5385,-3.0194,10.245,P001_Barbell_Back_Squats_Inclination_Asymmetry_2_01.csv,10
1,14,1,3,2,39.762,39762,-5.85,6.4,-2.47,9.0157,0.0207,0.048,0.0327,41.06,112.19,21.06,-6.1939,7.3885,-2.947,10.0816,P001_Barbell_Back_Squats_Inclination_Asymmetry_2_01.csv,10
1,14,1,3,2,39.892,39892,-5.71,6.17,-2.45,8.7565,0.0469,0.0076,-0.0109,41.0,111.81,21.31,-6.1301,7.2279,-2.8815,9.9058,P001_Barbell_Back_Squats_Inclination_Asymmetry_2_01.csv,10
1,14,1,3,2,40.022,40022,-6.22,6.48,-2.37,9.2895,0.06,0.0011,0.0873,40.44,111.25,22.25,-6.142,7.1294,-2.8141,9.8219,P001_Barbell_Back_Squats_Inclination_Asymmetry_2_01.csv,10
1,14,1,3,2,40.153,40153,-5.54,6.84,-2.4,9.1234,0.1102,-0.0185,0.2313,39.56,110.25,23.75,-6.0626,7.0912,-2.7595,9.7291,P001_Barbell_Back_Squats_Inclination_Asymmetry_2_01.csv,10
1,14,1,3,2,40.283,40283,-4.57,5.25,-1.89,7.2125,0.132,-0.0785,-0.0676,39.06,109.5,25.25,-5.866,6.8486,-2.6449,9.3973,P001_Barbell_Back_Squats_Inclination_Asymmetry_2_01.csv,10
1,14,1,3,2,40.414,40414,-5.71,7.65,-2.59,9.8911,0.1942,-0.0862,0.721,35.63,107.94,30.31,-5.8454,6.9542,-2.6377,9.4598,P001_Barbell_Back_Squats_Inclination_Asymmetry_2_01.csv,10
1,14,1,3,2,40.586,40586,-5.01,7.14,-2.26,9.0104,0.1898,-0.12,-0.36,33.81,106.31,34.38,-5.7353,6.9787,-2.5879,9.3965,P001_Barbell_Back_Squats_Inclination_Asymmetry_2_01.csv,10
1,15,1,3,2,40.716,40716,-5.62,7.22,-2.04,9.3741,0.1134,-0.0927,0.2782,34.63,105.94,34.88,-5.7201,7.0105,-2.5157,9.3912,P001_Barbell_Back_Squats_Inclination_Asymmetry_2_01.csv,10
1,15,1,3,2,40.846,40846,-5.19,8.63,-2.02,10.271,0.0894,-0.1014,0.4865,31.5,105.25,39.13,-5.6503,7.2239,-2.4504,9.4929,P001_Barbell_Back_Squats_Inclination_Asymmetry_2_01.csv,10
1,15,1,3,2,40.976,40976,-4.69,7.95,-2.04,9.4531,0.1385,-0.0796,-0.0251,29.75,104.38,42.19,-5.5237,7.3196,-2.3963,9.4779,P001_Barbell_Back_Squats_Inclination_Asymmetry_2_01.csv,10
1,15,1,3,2,41.106,41106,-4.76,8.0,-1.95,9.5111,0.0938,-0.0665,0.1396,29.38,103.75,43.56,-5.4231,7.4092,-2.3375,9.4747,P001_Barbell_Back_Squats_Inclination_Asymmetry_2_01.csv,10
1,15,1,3,2,41.236,41236,-4.72,8.16,-1.81,9.599,0.0436,-0.0415,-0.0611,28.81,103.44,44.75,-5.3304,7.5082,-2.268,9.4831,P001_Barbell_Back_Squats_Inclination_Asymmetry_2_01.csv,10
1,15,1,3,2,41.367,41367,-5.33,8.16,-1.91,9.9319,0.0142,0.0065,-0.0829,29.75,103.44,44.13,-5.3304,7.5941,-2.2208,9.5402,P001_Barbell_Back_Squats_Inclination_Asymmetry_2_01.csv,10
1,15,1,3,2,41.498,41498,-5.15,8.32,-1.93,9.9735,0.0905,0.1178,0.0447,29.75,102.75,44.0,-5.3066,7.6897,-2.1825,9.5945,P001_Barbell_Back_Squats_Inclination_Asymmetry_2_01.csv,10
1,15,1,3,2,41.67,41670,-4.83,8.06,-1.66,9.5419,0.0142,0.1538,0.0393,29.88,101.31,43.19,-5.2438,7.7385,-2.1136,9.5838,P001_Barbell_Back_Squats_Inclination_Asymmetry_2_01.csv,10
1,15,1,3,2,41.8,41800,-5.36,8.71,-1.46,10.3308,0.0415,0.1985,-0.0654,30.63,100.63,41.38,-5.2591,7.8665,-2.0275,9.6774,P001_Barbell_Back_Squats_Inclination_Asymmetry_2_01.csv,10
1,15,1,3,2,41.93,41930,-5.12,8.27,-1.49,9.8401,0.1353,0.2367,0.1167,30.63,98.88,40.5,-5.2408,7.9197,-1.9567,9.6962,P001_Barbell_Back_Squats_Inclination_Asymmetry_2_01.csv,10
1,15,1,3,2,42.06,42060,-4.87,7.38,-1.15,8.9165,0.1516,0.2585,-0.108,29.5,96.63,40.75,-5.1919,7.8486,-1.8504,9.5906,P001_Barbell_Back_Squats_Inclination_Asymmetry_2_01.csv,10
1,15,1,3,2,42.19,42190,-4.69,7.81,-0.93,9.1574,-0.0796,0.1604,-0.0818,30.81,95.56,38.13,-5.1258,7.8435,-1.7291,9.5281,P001_Barbell_Back_Squats_Inclination_Asymmetry_2_01.csv,10
1,15,1,3,2,42.321,42321,-4.86,8.39,-0.8,9.7289,-0.1189,0.0393,0.5596,29.19,96.0,38.81,-5.0908,7.9155,-1.6067,9.5474,P001_Barbell_Back_Squats_Inclination_Asymmetry_2_01.csv,10
1,15,1,3,2,42.451,42451,-3.55,9.2,-0.56,9.877,-0.0087,-0.0098,0.5661,24.56,96.13,43.06,-4.8877,8.0848,-1.4687,9.5609,P001_Barbell_Back_Squats_Inclination_Asymmetry_2_01.csv,10
1,15,1,3,2,42.581,42581,-3.05,9.01,-0.82,9.5475,0.0196,-0.0513,0.1418,21.5,95.75,45.88,-4.6456,8.2067,-1.3833,9.5312,P001_Barbell_Back_Squats_Inclination_Asymmetry_2_01.csv,10
1,15,1,3,2,42.754,42754,-3.33,8.96,-0.81,9.593,0.0055,-0.084,0.0371,21.13,95.94,46.5,-4.4722,8.306,-1.3077,9.5236,P001_Barbell_Back_Squats_Inclination_Asymmetry_2_01.csv,10
1,15,1,3,2,42.884,42884,-2.95,8.52,-0.71,9.0442,0.0044,-0.0796,-0.1418,21.13,96.0,46.56,-4.2716,8.3342,-1.229,9.4454,P001_Barbell_Back_Squats_Inclination_Asymmetry_2_01.csv,10
1,15,1,3,2,43.014,43014,-3.34,6.95,-1.04,7.7807,-0.0153,-0.0796,-0.577,24.06,96.31,43.94,-4.1489,8.1518,-1.2041,9.2257,P001_Barbell_Back_Squats_Inclination_Asymmetry_2_01.csv,10
1,15,1,3,2,43.144,43144,-4.34,6.27,-0.85,7.6727,-0.0676,-0.0796,-0.3796,28.06,97.19,40.25,-4.174,7.9038,-1.1574,9.0129,P001_Barbell_Back_Squats_Inclination_Asymmetry_2_01.csv,10
1,2,1,3,2,1.216,1216,-1.37,10.06,0.78,10.1828,-0.1244,-0.1233,0.0556,9.5,85.19,42.38,-1.0668,9.2734,1.1482,9.4049,P001_Barbell_Back_Squats_Inclination_Asymmetry_2_02.csv,1
1,2,1,3,2,1.346,1346,-1.93,9.81,0.61,10.0166,-0.0742,-0.1571,-0.2782,10.75,86.06,42.0,-1.1805,9.3441,1.0773,9.4798,P001_Barbell_Back_Squats_Inclination_Asymmetry_2_02.csv,1
1,2,1,3,2,1.476,1476,-2.08,9.14,0.47,9.3855,-0.0273,-0.1549,-0.3011,11.81,86.56,42.0,-1.2991,9.3172,0.9972,9.4601,P001_Barbell_Back_Squats_Inclination_Asymmetry_2_02.csv,1
1,2,1,3,2,1.606,1606,-2.93,9.56,0.06,9.9991,-0.0578,-0.1265,0.0185,13.0,87.13,41.75,-1.514,9.3492,0.8737,9.5112,P001_Barbell_Back_Squats_Inclination_Asymmetry_2_02.csv,1
1,2,1,3,2,1.736,1736,-2.51,9.77,0.05,10.0874,-0.0774,-0.0622,0.024,12.31,87.88,43.06,-1.6452,9.4047,0.7652,9.5781,P001_Barbell_Back_Squats_Inclination_Asymmetry_2_02.csv,1
1,2,1,3,2,1.866,1866,-2.84,11.54,-0.07,11.8845,-0.0916,0.0458,0.4025,11.56,88.69,43.69,-1.8027,9.6861,0.6551,9.8741,P001_Barbell_Back_Squats_Inclination_Asymmetry_2_02.csv,1
1,2,1,3,2,2.039,2039,-1.01,12.24,0.46,12.2902,0.0753,0.1636,0.4614,6.38,88.69,47.81,-1.6982,10.0226,0.6294,10.1849,P001_Barbell_Back_Squats_Inclination_Asymmetry_2_02.csv,1
1,2,1,3,2,2.17,2170,-1.4,10.41,0.47,10.5142,0.0938,0.1407,-0.6796,7.69,87.75,45.38,-1.6589,10.0737,0.6084,10.2274,P001_Barbell_Back_Squats_Inclination_Asymmetry_2_02.csv,1
1,2,1,3,2,2.3,2300,-1.71,9.64,0.79,9.8223,0.036,0.0644,-0.372,11.0,87.13,41.38,-1.6656,10.0165,0.6323,10.1737,P001_Barbell_Back_Squats_Inclination_Asymmetry_2_02.csv,1
1,2,1,3,2,2.43,2430,-2.09,9.43,0.54,9.6739,0.0065,0.0153,-0.2334,13.31,86.88,38.81,-1.7216,9.9392,0.6202,10.1063,P001_Barbell_Back_Squats_Inclination_Asymmetry_2_02.csv,1
1,2,1,3,2,2.56,2560,-2.37,9.38,0.56,9.691,0.0207,-0.0371,-0.288,14.69,86.75,37.5,-1.807,9.8655,0.6122,10.0483,P001_Barbell_Back_Squats_Inclination_Asymmetry_2_02.csv,1
1,2,1,3,2,2.69,2690,-2.79,8.99,0.4,9.4215,0.0349,-0.0611,-0.1702,16.38,86.63,36.25,-1.9365,9.7502,0.5843,9.9578,P001_Barbell_Back_Squats_Inclination_Asymmetry_2_02.csv,1
1,2,1,3,2,2.82,2820,-2.91,8.72,0.6,9.2123,0.0633,-0.0556,-0.0382,17.13,86.38,36.0,-2.0648,9.6144,0.5863,9.8511,P001_Barbell_Back_Squats_Inclination_Asymmetry_2_02.csv,1
1,2,1,3,2,2.95,2950,-2.72,8.77,0.5,9.1957,0.0556,-0.0502,0.1102,16.94,86.06,36.69,-2.1512,9.5031,0.575,9.7605,P001_Barbell_Back_Squats_Inclination_Asymmetry_2_02.csv,1
1,2,1,3,2,3.123,3123,-1.1,7.19,0.13,7.2748,0.0393,-0.0698,-0.4952,15.56,85.69,38.56,-2.0126,9.1983,0.5163,9.4301,P001_Barbell_Back_Squats_Inclination_Asymmetry_2_02.csv,1
1,2,1,3,2,3.253,3253,-4.13,8.72,0.21,9.6509,-0.0098,-0.0862,-0.0753,19.63,85.75,35.13,-2.2917,9.1353,0.476,9.4304,P001_Barbell_Back_Squats_Inclination_Asymmetry_2_02.csv,2
1,2,1,3,2,3.383,3383,-2.88,9.75,0.74,10.1934,0.1244,0.0273,0.5138,16.44,85.5,38.56,-2.3692,9.2163,0.5108,9.5296,P001_Barbell_Back_Squats_Inclination_Asymmetry_2_02.csv,2
1,2,1,3,2,3.513,3513,-2.77,8.67,1.24,9.1858,0.1702,0.0742,-0.0022,15.06,84.31,39.81,-2.422,9.1443,0.6069,9.4791,P001_Barbell_Back_Squats_Inclination_Asymmetry_2_02.csv,2
1,2,1,3,2,3.643,3643,-2.1,9.08,1.01,9.3742,0.1145,0.12,0.1647,14.38,83.13,40.0,-2.3796,9.1358,0.66,9.4637,P001_Barbell_Back_Squats_Inclination_Asymmetry_2_02.csv,2
1,2,1,3,2,3.774,3774,-2.04,9.02,1.38,9.3502,0.0524,0.1124,-0.2662,14.06,82.13,39.56,-2.3348,9.1206,0.7549,9.4449,P001_Barbell_Back_Squats_Inclination_Asymmetry_2_02.csv,2
1,2,1,3,2,3.904,3904,-3.07,8.85,1.4,9.4714,-0.0305,0.0829,-0.216,16.31,81.88,36.63,-2.4317,9.0849,0.8399,9.4422,P001_Barbell_Back_Squats_Inclination_Asymmetry_2_02.csv,2
1,2,1,3,2,4.035,4035,-2.96,9.21,1.24,9.7531,-0.0447,0.1014,0.12,16.63,81.94,35.63,-2.5013,9.1014,0.8926,9.481,P001_Barbell_Back_Squats_Inclination_Asymmetry_2_02.csv,2
1,2,1,3,2,4.208,4208,-2.19,9.23,1.19,9.5606,-0.0458,0.0796,0.0382,14.88,82.25,36.38,-2.4603,9.1183,0.9318,9.4903,P001_Barbell_Back_Squats_Inclination_Asymmetry_2_02.csv,2
1,2,1,3,2,4.338,4338,-2.33,9.42,1.09,9.7649,-0.0305,0.0545,0.0404,14.88,82.5,35.88,-2.4431,9.1581,0.9526,9.5261,P001_Barbell_Back_Squats_Inclination_Asymmetry_2_02.csv,2
1,2,1,3,2,4.468,4468,-2.08,9.24,0.84,9.5084,0.0316,0.0393,-0.1396,14.63,82.63,35.75,-2.3953,9.1689,0.9378,9.5229,P001_Barbell_Back_Squats_Inclination_Asymmetry_2_02.csv,2
1,2,1,3,2,4.598,4598,-3.09,9.64,1.19,10.1928,0.1287,0.0371,0.1593,15.69,81.94,34.56,-2.4868,9.231,0.971,9.6093,P001_Barbell_Back_Squats_Inclination_Asymmetry_2_02.csv,2
1,2,1,3,2,4.728,4728,-1.13,8.05,1.41,8.2503,0.1789,0.0425,-0.1025,14.56,80.75,35.75,-2.308,9.0753,1.0289,9.4206,P001_Barbell_Back_Squats_Inclination_Asymmetry_2_02.csv,2
1,2,1,3,2,4.858,4858,-2.24,7.97,1.23,8.3697,0.1025,-0.0305,-0.336,16.31,79.63,34.31,-2.2991,8.9297,1.0554,9.2811,P001_Barbell_Back_Squats_Inclination_Asymmetry_2_02.csv,2
1,2,1,3,2,4.988,4988,-2.97,8.14,1.57,8.806,0.0338,-0.06,-0.0218,17.81,79.25,33.25,-2.3875,8.8256,1.1232,9.2116,P001_Barbell_Back_Squats_Inclination_Asymmetry_2_02.csv,2
1,2,1,3,2,5.119,5119,-2.27,8.62,1.65,9.0653,0.0164,-0.0938,-0.24,18.0,79.31,33.63,-2.372,8.7985,1.1926,9.1904,P001_Barbell_Back_Squats_Inclination_Asymmetry_2_02.csv,2
1,3,1,3,2,5.291,5291,-4.34,8.45,1.83,9.674,0.0327,-0.0938,-0.1593,21.81,79.13,30.75,-2.6313,8.7526,1.2766,9.2283,P001_Barbell_Back_Squats_Inclination_Asymmetry_2_02.csv,2
1,3,1,3,2,5.421,5421,-3.68,8.45,1.78,9.3869,-0.0611,-0.108,0.1331,22.0,79.38,31.19,-2.7695,8.7127,1.3429,9.2404,P001_Barbell_Back_Squats_Inclination_Asymmetry_2_02.csv,2
1,3,1,3,2,5.551,5551,-3.38,8.77,1.54,9.5241,-0.1287,-0.1734,-0.2771,21.81,80.5,32.19,-2.85,8.7203,1.3689,9.2757,P001_Barbell_Back_Squats_Inclination_Asymmetry_2_02.csv,2
1,3,1,3,2,5.681,5681,-4.84,8.92,1.04,10.2016,-0.168,-0.1876,-0.324,24.75,81.94,30.13,-3.1122,8.7466,1.3256,9.3779,P001_Barbell_Back_Squats_Inclination_Asymmetry_2_02.csv,2
1,3,1,3,2,5.812,5812,-5.91,9.35,1.18,11.124,-0.1014,-0.12,-0.1876,26.31,83.5,29.19,-3.4809,8.8261,1.3064,9.5772,P001_Barbell_Back_Squats_Inclination_Asymmetry_2_02.csv,2
1,3,1,3,2,5.942,5942,-4.31,10.08,1.2,11.0283,-0.0022,-0.0164,0.5149,24.81,84.13,30.88,-3.5901,8.9913,1.2924,9.7675,P001_Barbell_Back_Squats_Inclination_Asymmetry_2_02.csv,2
1,3,1,3,2,6.073,6073,-4.53,10.85,1.23,11.8219,-0.0654,0.0338,-0.3065,24.0,84.31,31.44,-3.714,9.2363,1.2841,10.0375,P001_Barbell_Back_Squats_Inclination_Asymmetry_2_02.csv,2
1,3,1,3,2,6.203,6203,-6.13,9.94,0.95,11.7168,-0.0753,0.1047,-0.2531,27.25,84.5,27.56,-4.0324,9.329,1.2401,10.2386,P001_Barbell_Back_Squats_Inclination_Asymmetry_2_02.csv,2
1,3,1,3,2,6.376,6376,-4.64,8.8,0.65,9.9696,-0.0873,0.1407,-0.0404,27.13,84.63,26.19,-4.1124,9.2593,1.1624,10.1979,P001_Barbell_Back_Squats_Inclination_Asymmetry_2_02.csv,3
1,3,1,3,2,6.507,6507,-4.2,8.03,0.57,9.08,-0.0676,0.0916,-0.1516,28.06,84.69,24.25,-4.124,9.0973,1.0843,10.0471,P001_Barbell_Back_Squats_Inclination_Asymmetry_2_02.csv,3
1,3,1,3,2,6.637,6637,-4.2,7.44,0.9,8.5909,-0.0535,0.0295,-0.0698,28.81,84.81,22.88,-4.134,8.8789,1.06,9.8513,P001_Barbell_Back_Squats_Inclination_Asymmetry_2_02.csv,3
1,3,1,3,2,6.767,6767,-4.49,8.26,0.78,9.4338,-0.0644,-0.0458,0.2138,28.13,85.0,23.44,-4.1809,8.7974,1.0231,9.7939,P001_Barbell_Back_Squats_Inclination_Asymmetry_2_02.csv,3
1,3,1,3,2,6.897,6897,-2.01,6.83,0.48,7.1358,-0.0305,-0.0774,0.4342,25.38,85.75,26.5,-3.8948,8.5381,0.9515,9.4326,P001_Barbell_Back_Squats_Inclination_Asymmetry_2_02.csv,3
1,3,1,3,2,7.027,7027,-6.39,7.46,0.07,9.8229,-0.0153,-0.0916,-0.4549,28.5,86.19,23.88,-4.2236,8.396,0.8354,9.4356,P001_Barbell_Back_Squats_Inclination_Asymmetry_2_02.csv,3
1,3,1,3,2,7.157,7157,-2.87,9.23,0.46,9.6768,-0.0131,0.0055,0.9992,23.13,86.69,29.44,-4.0453,8.5059,0.7859,9.4516,P001_Barbell_Back_Squats_Inclination_Asymmetry_2_02.csv,3
1,4,1,3,2,7.288,7288,-3.12,9.18,0.28,9.6998,-0.0185,-0.012,0.0644,20.31,87.13,32.13,-3.9233,8.5948,0.7192,9.4752,P001_Barbell_Back_Squats_Inclination_Asymmetry_2_02.csv,3
1,4,1,3,2,7.46,7460,-2.95,8.97,0.25,9.4459,0.0131,-0.0033,0.3098,19.25,87.44,33.13,-3.7951,8.6442,0.6574,9.4635,P001_Barbell_Back_Squats_Inclination_Asymmetry_2_02.csv,3
1,4,1,3,2,7.59,7590,-1.75,9.52,0.17,9.681,0.0164,-0.0109,0.5749,15.31,87.38,37.19,-3.5256,8.7596,0.5932,9.4611,P001_Barbell_Back_Squats_Inclination_Asymmetry_2_02.csv,3
1,4,1,3,2,7.72,7720,-2.63,9.73,0.15,10.0803,-0.0109,-0.0022,-0.0633,14.56,87.38,38.0,-3.4076,8.8875,0.5348,9.5334,P001_Barbell_Back_Squats_Inclination_Asymmetry_2_02.csv,3
1,4,1,3,2,7.85,7850,-2.92,9.57,0.13,10.0064,0.0305,0.0611,0.0698,15.38,87.25,37.0,-3.3433,8.9774,0.4814,9.5919,P001_Barbell_Back_Squats_Inclination_Asymmetry_2_02.csv,3
1,4,1,3,2,7.98,7980,-2.39,9.35,0.43,9.6602,0.0349,0.0709,0.0491,14.56,86.94,37.38,-3.2177,9.0265,0.4747,9.5946,P001_Barbell_Back_Squats_Inclination_Asymmetry_2_02.csv,3
1,4,1,3,2,8.111,8111,-2.95,9.49,0.74,9.9655,-0.0142,0.0742,-0.1189,14.75,86.69,36.75,-3.1824,9.0876,0.5096,9.6422,P001_Barbell_Back_Squats_Inclination_Asymmetry_2_02.csv,3
1,4,1,3,2,8.241,8241,-3.3,9.25,0.58,9.8381,-0.0087,0.0982,0.2945,15.44,86.56,35.44,-3.1979,9.109,0.5189,9.668,P001_Barbell_Back_Squats_Inclination_Asymmetry_2_02.csv,3
1,4,1,3,2,8.372,8372,-1.67,9.37,0.57,9.5347,0.0153,0.1265,0.5127,11.75,86.31,38.31,-2.9966,9.1434,0.5256,9.6363,P001_Barbell_Back_Squats_Inclination_Asymmetry_2_02.csv,3
1,4,1,3,2,8.545,8545,-0.91,9.32,0.6,9.3835,0.0022,0.12,0.0916,8.75,86.19,40.19,-2.7216,9.1667,0.5354,9.5771,P001_Barbell_Back_Squats_Inclination_Asymmetry_2_02.csv,3
1,4,1,3,2,8.675,8675,-1.01,9.37,0.64,9.446,-0.0033,0.1058,0.0796,8.0,86.06,40.13,-2.4961,9.1935,0.5492,9.5421,P001_Barbell_Back_Squats_Inclination_Asymmetry_2_02.csv,3
1,4,1,3,2,8.805,8805,-1.06,9.5,0.52,9.5731,-0.0425,0.0764,0.1134,7.44,86.13,39.94,-2.3068,9.2339,0.5454,9.5333,P001_Barbell_Back_Squats_Inclination_Asymmetry_2_02.csv,3
1,4,1,3,2,8.935,8935,-1.36,9.72,0.64,9.8355,-0.0665,0.0295,-0.0011,7.13,86.56,39.88,-2.1821,9.2979,0.5578,9.5668,P001_Barbell_Back_Squats_Inclination_Asymmetry_2_02.csv,3
1,4,1,3,2,9.065,9065,-0.95,9.4,0.54,9.4633,-0.0425,0.0098,-0.0218,7.0,86.88,39.88,-2.0197,9.3114,0.5555,9.5441,P001_Barbell_Back_Squats_Inclination_Asymmetry_2_02.csv,3
1,4,1,3,2,9.195,9195,-0.45,9.42,0.58,9.4486,-0.0316,-0.0545,0.0764,6.38,87.19,40.63,-1.8129,9.3257,0.5587,9.5167,P001_Barbell_Back_Squats_Inclination_Asymmetry_2_02.csv,3
1,4,1,3,2,9.325,9325,-0.4,8.44,0.13,8.4505,-0.024,-0.0709,-0.432,6.75,87.38,40.69,-1.6267,9.209,0.5022,9.365,P001_Barbell_Back_Squats_Inclination_Asymmetry_2_02.csv,3
1,4,1,3,2,9.456,9456,-2.17,8.07,-0.08,8.357,-0.0109,-0.0764,-0.7472,11.63,87.63,36.38,-1.6983,9.0589,0.4255,9.2265,P001_Barbell_Back_Squats_Inclination_Asymmetry_2_02.csv,3
1,5,1,3,2,9.628,9628,-2.72,9.19,0.11,9.5847,-0.0076,-0.0491,0.4429,14.0,87.81,34.63,-1.8329,9.0762,0.3839,9.2673,P001_Barbell_Back_Squats_Inclination_Asymmetry_2_02.csv,3
1,5,1,3,2,9.758,9758,-2.11,9.41,0.38,9.6511,0.0382,-0.0131,0.0316,12.81,87.81,36.06,-1.8694,9.1202,0.3834,9.3177,P001_Barbell_Back_Squats_Inclination_Asymmetry_2_02.csv,3
1,5,1,3,2,9.888,9888,-3.81,10.43,0.55,11.1177,0.0796,0.0284,-0.2007,14.06,87.5,34.88,-2.1251,9.2928,0.4054,9.5413,P001_Barbell_Back_Squats_Inclination_Asymmetry_2_02.csv,3
1,5,1,3,2,10.018,10018,-2.04,9.06,0.66,9.3103,0.0644,0.1145,0.3098,13.19,86.75,35.19,-2.1139,9.2621,0.4389,9.5104,P001_Barbell_Back_Squats_Inclination_Asymmetry_2_02.csv,3
1,5,1,3,2,10.149,10149,-2.21,9.87,0.61,10.1328,-0.0491,0.0349,-0.3033,13.5,86.69,34.38,-2.1266,9.3422,0.4615,9.5923,P001_Barbell_Back_Squats_Inclination_Asymmetry_2_02.csv,3
1,5,1,3,2,10.279,10279,-3.64,11.25,0.53,11.8361,-0.0796,-0.0087,-0.1462,15.38,87.25,32.25,-2.326,9.5936,0.4705,9.8827,P001_Barbell_Back_Squats_Inclination_Asymmetry_2_02.csv,3
1,5,1,3,2,10.409,10409,-3.62,10.83,0.79,11.4463,-0.0207,0.0316,-0.0971,16.19,87.56,31.31,-2.4965,9.7565,0.5126,10.0839,P001_Barbell_Back_Squats_Inclination_Asymmetry_2_02.csv,3
1,5,1,3,2,10.54,10540,-2.82,10.95,0.47,11.3171,-0.0229,0.0316,0.0982,15.38,87.56,31.81,-2.5392,9.9138,0.507,10.2463,P001_Barbell_Back_Squats_Inclination_Asymmetry_2_02.csv,3
1,5,1,3,2,10.712,10712,-3.75,10.37,0.39,11.0341,0.0076,-0.0044,-0.0491,16.5,87.63,30.63,-2.6987,9.9739,0.4916,10.3443,P001_Barbell_Back_Squats_Inclination_Asymmetry_2_02.csv,3
1,5,1,3,2,10.842,10842,-2.66,9.58,0.4,9.9505,0.0251,0.0033,0.0654,15.63,87.56,31.56,-2.6936,9.922,0.4795,10.2923,P001_Barbell_Back_Squats_Inclination_Asymmetry_2_02.csv,4
1,5,1,3,2,10.972,10972,-2.81,8.84,0.33,9.2817,0.0055,-0.024,-0.0022,16.06,87.5,31.19,-2.7089,9.7794,0.4598,10.1581,P001_Barbell_Back_Squats_Inclination_Asymmetry_2_02.csv,4
1,5,1,3,2,11.102,11102,-2.05,8.71,0.33,8.9541,0.0196,-0.0404,0.2673,14.38,87.5,33.13,-2.6221,9.6385,0.4427,9.9986,P001_Barbell_Back_Squats_Inclination_Asymmetry_2_02.csv,4
1,5,1,3,2,11.232,11232,-1.93,8.84,0.32,9.0539,0.0229,-0.0447,-0.0175,13.63,87.44,34.25,-2.5309,9.5333,0.4265,9.8727,P001_Barbell_Back_Squats_Inclination_Asymmetry_2_02.csv,4
1,5,1,3,2,11.363,11363,-3.16,9.36,0.53,9.8932,0.048,0.0087,-0.1167,15.06,87.19,33.0,-2.6138,9.5104,0.4402,9.8729,P001_Barbell_Back_Squats_Inclination_Asymmetry_2_02.csv,4
1,5,1,3,2,11.493,11493,-1.74,7.96,0.19,8.1502,0.0567,0.0327,0.1058,13.44,86.69,34.44,-2.4987,9.3061,0.4072,9.6443,P001_Barbell_Back_Squats_Inclination_Asymmetry_2_02.csv,4
1,5,1,3,2,11.624,11624,-3.79,9.58,-0.01,10.3025,0.0044,0.0218,-0.2029,14.63,86.44,33.19,-2.6688,9.3422,0.3522,9.7223,P001_Barbell_Back_Squats_Inclination_Asymmetry_2_02.csv,4
1,5,1,3,2,11.797,11797,-2.18,8.42,0.86,8.74,0.0087,0.0382,0.0382,11.56,86.25,35.88,-2.6044,9.2207,0.4191,9.5906,P001_Barbell_Back_Squats_Inclination_Asymmetry_2_02.csv,4
1,5,1,3,2,11.928,11928,-1.71,9.41,0.88,9.6045,-0.0011,0.0665,0.5083,8.81,86.19,38.31,-2.4866,9.2456,0.4799,9.5862,P001_Barbell_Back_Squats_Inclination_Asymmetry_2_02.csv,4
1,5,1,3,2,12.059,12059,-0.38,9.67,0.63,9.6979,0.0109,0.0611,0.0502,5.63,85.94,41.0,-2.209,9.3016,0.4996,9.5733,P001_Barbell_Back_Squats_Inclination_Asymmetry_2_02.csv,4
1,5,1,3,2,12.189,12189,-0.95,9.8,0.72,9.8722,-0.0175,0.0447,-0.0305,6.06,85.88,40.19,-2.0431,9.3672,0.5287,9.602,P001_Barbell_Back_Squats_Inclination_Asymmetry_2_02.csv,4
1,5,1,3,2,12.32,12320,-1.13,10.03,0.66,10.115,-0.0033,0.0131,-0.1222,6.63,85.81,39.44,-1.9227,9.4546,0.546,9.6635,P001_Barbell_Back_Squats_Inclination_Asymmetry_2_02.csv,4
1,5,1,3,2,12.45,12450,-1.02,9.77,0.76,9.8525,0.024,0.0011,-0.1374,7.06,85.69,38.94,-1.8038,9.4961,0.5742,9.683,P001_Barbell_Back_Squats_Inclination_Asymmetry_2_02.csv,4
1,5,1,3,2,12.58,12580,-1.96,9.14,0.83,9.3846,0.0545,-0.0109,-0.1614,8.56,85.38,37.63,-1.8244,9.4492,0.6079,9.6429,P001_Barbell_Back_Squats_Inclination_Asymmetry_2_02.csv,4
1,5,1,3,2,12.711,12711,-1.68,9.47,0.8,9.6511,0.0535,0.0109,0.3338,8.25,85.0,38.0,-1.8053,9.452,0.6332,9.6436,P001_Barbell_Back_Squats_Inclination_Asymmetry_2_02.csv,4
1,5,1,3,2,12.887,12887,-0.65,9.76,0.96,9.8286,0.0131,-0.0153,0.0622,5.63,84.69,40.56,-1.6531,9.4925,0.6763,9.6591,P001_Barbell_Back_Squats_Inclination_Asymmetry_2_02.csv,4
1,5,1,3,2,13.018,13018,-0.58,9.38,0.99,9.4499,-0.0196,-0.0687,-0.1233,5.75,84.75,40.75,-1.5117,9.4777,0.7176,9.6243,P001_Barbell_Back_Squats_Inclination_Asymmetry_2_02.csv,4
1,5,1,3,2,13.15,13150,-1.59,9.38,0.88,9.5544,-0.0371,-0.0545,0.0949,6.94,84.94,40.0,-1.522,9.4648,0.739,9.6149,P001_Barbell_Back_Squats_Inclination_Asymmetry_2_02.csv,4
1,5,1,3,2,13.28,13280,-1.02,9.67,0.64,9.7447,-0.0447,-0.0622,0.0338,6.38,85.31,40.94,-1.4559,9.4919,0.726,9.6303,P001_Barbell_Back_Squats_Inclination_Asymmetry_2_02.csv,4
1,5,1,3,2,13.411,13411,-1.0,9.82,0.55,9.8861,-0.0491,-0.0774,0.0153,6.25,85.75,41.56,-1.3958,9.5351,0.7028,9.6623,P001_Barbell_Back_Squats_Inclination_Asymmetry_2_02.csv,4
1,5,1,3,2,13.541,13541,-1.72,9.68,0.67,9.8544,-0.036,-0.0829,-0.2029,7.5,86.13,40.94,-1.4385,9.5542,0.6985,9.6871,P001_Barbell_Back_Squats_Inclination_Asymmetry_2_02.csv,4
1,5,1,3,2,13.672,13672,-1.39,9.51,0.54,9.6262,-0.0196,-0.0709,-0.06,8.31,86.38,40.63,-1.4321,9.5484,0.6776,9.6789,P001_Barbell_Back_Squats_Inclination_Asymmetry_2_02.csv,4
1,5,1,3,2,13.802,13802,-0.7,9.11,0.32,9.1425,0.024,-0.0622,-0.2313,9.13,86.44,40.31,-1.3356,9.4906,0.6305,9.6048,P001_Barbell_Back_Squats_Inclination_Asymmetry_2_02.csv,4
1,5,1,3,2,13.975,13975,-2.09,7.81,0.25,8.0887,0.0338,-0.0393,-0.4211,13.06,85.94,36.88,-1.435,9.2692,0.5803,9.3975,P001_Barbell_Back_Squats_Inclination_Asymmetry_2_02.csv,4
1,5,1,3,2,14.105,14105,-3.54,7.4,0.46,8.216,-0.0491,-0.0764,-0.6,17.94,86.19,32.31,-1.7124,9.0228,0.5645,9.2012,P001_Barbell_Back_Squats_Inclination_Asymmetry_2_02.csv,4
1,5,1,3,2,14.235,14235,-3.48,9.38,0.69,10.0285,-0.0524,-0.0142,0.8716,17.06,86.75,33.38,-1.9453,9.0699,0.581,9.2944,P001_Barbell_Back_Squats_Inclination_Asymmetry_2_02.csv,4
1,6,1,3,2,14.365,14365,-1.77,9.62,-0.15,9.7826,-0.0611,0.0785,0.2214,13.25,87.0,37.19,-1.9222,9.1424,0.4847,9.3549,P001_Barbell_Back_Squats_Inclination_Asymmetry_2_02.csv,4
1,6,1,3,2,14.495,14495,-1.09,8.83,1.16,8.9723,-0.0142,0.0011,0.0229,12.13,87.19,38.19,-1.8126,9.1012,0.5737,9.2977,P001_Barbell_Back_Squats_Inclination_Asymmetry_2_02.csv,4
1,6,1,3,2,14.625,14625,-2.57,9.48,0.28,9.8262,-0.0807,-0.0502,-0.577,14.06,87.63,36.31,-1.9124,9.1511,0.535,9.3641,P001_Barbell_Back_Squats_Inclination_Asymmetry_2_02.csv,4
1,6,1,3,2,14.756,14756,-3.87,10.39,0.2,11.0891,-0.1189,-0.048,-0.1069,17.06,88.56,33.5,-2.1703,9.3144,0.4908,9.5765,P001_Barbell_Back_Squats_Inclination_Asymmetry_2_02.csv,4
1,6,1,3,2,14.886,14886,-3.77,11.43,0.06,12.0358,-0.0633,0.0087,0.2149,16.5,89.19,34.0,-2.3811,9.5932,0.4341,9.8938,P001_Barbell_Back_Squats_Inclination_Asymmetry_2_02.csv,4
1,6,1,3,2,15.059,15059,-3.12,11.62,0.18,12.0329,-0.0011,0.0415,-0.0731,14.44,89.44,35.75,-2.4785,9.8603,0.4006,10.1749,P001_Barbell_Back_Squats_Inclination_Asymmetry_2_02.csv,4
1,6,1,3,2,15.19,15190,-3.55,10.21,0.18,10.8111,-0.0207,0.0622,-0.2454,16.31,89.38,33.5,-2.6197,9.9063,0.3715,10.2536,P001_Barbell_Back_Squats_Inclination_Asymmetry_2_02.csv,4
1,6,1,3,2,15.321,15321,-3.35,9.72,0.23,10.2837,0.0207,0.0665,-0.1963,17.63,89.25,31.75,-2.7159,9.8818,0.3529,10.2543,P001_Barbell_Back_Squats_Inclination_Asymmetry_2_02.csv,4
1,6,1,3,2,15.451,15451,-3.45,9.52,0.24,10.1287,0.0785,0.0578,-0.0818,19.06,88.69,30.0,-2.8127,9.8341,0.338,10.234,P001_Barbell_Back_Squats_Inclination_Asymmetry_2_02.csv,5
1,6,1,3,2,15.581,15581,-3.09,8.82,0.12,9.3464,0.0654,0.0153,-0.2323,19.75,88.0,29.25,-2.8492,9.7005,0.3093,10.115,P001_Barbell_Back_Squats_Inclination_Asymmetry_2_02.csv,5
1,6,1,3,2,15.711,15711,-3.7,8.32,0.36,9.1127,0.0502,0.0044,-0.1004,21.25,87.56,27.88,-2.9613,9.5186,0.316,9.9736,P001_Barbell_Back_Squats_Inclination_Asymmetry_2_02.csv,5
1,6,1,3,2,15.841,15841,-3.48,8.62,0.4,9.3046,0.0535,0.0109,0.2563,20.56,87.19,28.69,-3.0297,9.4002,0.327,9.8817,P001_Barbell_Back_Squats_Inclination_Asymmetry_2_02.csv,5
1,6,1,3,2,15.971,15971,-2.83,8.47,0.41,8.9397,0.0589,-0.0153,0.4352,18.44,86.75,30.94,-3.0034,9.2776,0.338,9.7575,P001_Barbell_Back_Squats_Inclination_Asymmetry_2_02.csv,5
1,6,1,3,2,16.144,16144,-1.13,7.16,0.0,7.2486,-0.0851,-0.0796,-0.3643,14.88,87.0,35.0,-2.7565,8.9985,0.2934,9.4158,P001_Barbell_Back_Squats_Inclination_Asymmetry_2_02.csv,5
1,6,1,3,2,16.275,16275,-3.01,8.89,0.89,9.4278,-0.0327,-0.0491,0.6698,15.5,87.56,34.69,-2.7899,8.9842,0.372,9.4148,P001_Barbell_Back_Squats_Inclination_Asymmetry_2_02.csv,5
1,6,1,3,2,16.405,16405,-1.36,9.72,0.59,9.8324,-0.0829,-0.0774,0.0807,10.94,88.19,39.63,-2.6015,9.0812,0.4008,9.455,P001_Barbell_Back_Squats_Inclination_Asymmetry_2_02.csv,5
1,6,1,3,2,16.536,16536,-1.56,9.9,0.12,10.0229,-0.0774,-0.0654,0.1047,9.63,88.88,41.31,-2.4642,9.1891,0.3638,9.5207,P001_Barbell_Back_Squats_Inclination_Asymmetry_2_02.csv,5
1,6,1,3,2,16.666,16666,-1.81,9.63,0.06,9.7988,0.0065,-0.0556,0.0044,9.88,89.13,41.56,-2.378,9.2472,0.3237,9.5536,P001_Barbell_Back_Squats_Inclination_Asymmetry_2_02.csv,5
1,6,1,3,2,16.797,16797,-1.89,9.69,-0.04,9.8727,0.072,-0.0011,-0.1407,10.25,88.94,41.38,-2.3137,9.3055,0.2758,9.5928,P001_Barbell_Back_Squats_Inclination_Asymmetry_2_02.csv,5
1,6,1,3,2,16.927,16927,-2.15,9.36,0.16,9.6051,0.0916,0.0447,-0.2105,11.56,88.38,40.06,-2.2921,9.3127,0.2605,9.5942,P001_Barbell_Back_Squats_Inclination_Asymmetry_2_02.csv,5
1,6,1,3,2,17.057,17057,-2.0,9.27,0.47,9.4949,0.0687,0.06,0.0545,12.0,87.69,39.31,-2.2536,9.3071,0.2881,9.5804,P001_Barbell_Back_Squats_Inclination_Asymmetry_2_02.csv,5
1,6,1,3,2,17.23,17230,-1.6,9.66,0.54,9.8065,0.0425,0.0458,0.0524,10.88,87.0,40.0,-2.1675,9.3536,0.3213,9.6068,P001_Barbell_Back_Squats_Inclination_Asymmetry_2_02.csv,5
1,6,1,3,2,17.365,17365,-1.41,9.01,0.58,9.1381,0.0316,0.0251,-0.264,11.44,86.63,39.25,-2.0677,9.3083,0.3554,9.5418,P001_Barbell_Back_Squats_Inclination_Asymmetry_2_02.csv,5
1,6,1,3,2,17.495,17495,-1.81,8.67,0.48,8.8699,-0.0098,-0.0087,-0.1614,13.19,86.56,37.44,-2.0337,9.2242,0.3718,9.4531,P001_Barbell_Back_Squats_Inclination_Asymmetry_2_02.csv,5
1,6,1,3,2,17.627,17627,-2.43,8.51,0.5,8.8643,-0.024,-0.0469,-0.2051,14.31,86.75,36.56,-2.086,9.1301,0.3887,9.3734,P001_Barbell_Back_Squats_Inclination_Asymmetry_2_02.csv,5
1,6,1,3,2,17.757,17757,-2.44,8.84,0.22,9.1732,-0.0262,-0.0371,0.072,13.94,87.0,37.19,-2.1326,9.0919,0.3665,9.3458,P001_Barbell_Back_Squats_Inclination_Asymmetry_2_02.csv,5
1,6,1,3,2,17.887,17887,-2.61,8.63,0.47,9.0283,-0.0458,-0.0556,-0.1604,14.25,87.31,37.06,-2.1955,9.031,0.3801,9.3018,P001_Barbell_Back_Squats_Inclination_Asymmetry_2_02.csv,5
1,7,1,3,2,18.018,18018,-1.6,9.42,0.36,9.5617,-0.0218,-0.0153,0.3643,12.38,87.69,39.19,-2.117,9.0823,0.3775,9.3334,P001_Barbell_Back_Squats_Inclination_Asymmetry_2_02.csv,5
1,7,1,3,2,18.149,18149,-2.08,9.36,0.23,9.5911,-0.0076,-0.0065,-0.3676,12.63,87.75,38.88,-2.1122,9.1189,0.358,9.3671,P001_Barbell_Back_Squats_Inclination_Asymmetry_2_02.csv,5
1,7,1,3,2,18.321,18321,-2.49,9.47,0.03,9.7919,-0.0371,0.0295,-0.0774,14.5,87.81,36.81,-2.1619,9.1651,0.3148,9.4219,P001_Barbell_Back_Squats_Inclination_Asymmetry_2_02.csv,5
1,7,1,3,2,18.451,18451,-2.46,9.46,0.1,9.7751,-0.0654,-0.0098,-0.0851,15.38,88.13,35.88,-2.2012,9.204,0.2865,9.4679,P001_Barbell_Back_Squats_Inclination_Asymmetry_2_02.csv,5
1,7,1,3,2,18.581,18581,-2.99,10.06,0.06,10.4951,-0.0207,-0.0262,-0.2094,16.06,88.44,35.31,-2.3052,9.3168,0.2567,9.6012,P001_Barbell_Back_Squats_Inclination_Asymmetry_2_02.csv,5
1,7,1,3,2,18.711,18711,-4.27,10.78,0.28,11.5983,0.0982,0.0644,-0.4287,18.56,88.13,32.75,-2.5641,9.5096,0.2597,9.8526,P001_Barbell_Back_Squats_Inclination_Asymmetry_2_02.csv,5
1,7,1,3,2,18.841,18841,-4.61,11.22,0.27,12.1332,0.1811,0.1887,-0.0251,20.25,86.56,30.38,-2.8337,9.735,0.2611,10.1424,P001_Barbell_Back_Squats_Inclination_Asymmetry_2_02.csv,5
1,7,1,3,2,18.972,18972,-3.96,10.72,0.79,11.4553,0.1265,0.1724,-0.0731,20.56,85.0,29.19,-2.9821,9.8648,0.3308,10.311,P001_Barbell_Back_Squats_Inclination_Asymmetry_2_02.csv,5
1,7,1,3,2,19.102,19102,-4.36,10.53,0.94,11.4357,0.1265,0.1669,-0.2236,21.75,83.56,27.19,-3.1637,9.9524,0.4111,10.4513,P001_Barbell_Back_Squats_Inclination_Asymmetry_2_02.csv,5
1,7,1,3,2,19.233,19233,-4.43,9.5,1.33,10.5662,0.1276,0.1538,-0.2094,23.19,82.06,24.94,-3.3305,9.8928,0.5322,10.452,P001_Barbell_Back_Squats_Inclination_Asymmetry_2_02.csv,5
1,7,1,3,2,19.405,19405,-3.62,9.09,1.7,9.9309,0.0949,0.072,0.1462,22.94,80.44,24.5,-3.3687,9.787,0.686,10.3733,P001_Barbell_Back_Squats_Inclination_Asymmetry_2_02.csv,6
1,7,1,3,2,19.535,19535,-3.82,8.83,1.64,9.7597,0.0774,-0.0382,-0.0415,22.81,79.81,24.75,-3.4282,9.6609,0.8118,10.2832,P001_Barbell_Back_Squats_Inclination_Asymmetry_2_02.csv,6
1,7,1,3,2,19.665,19665,-3.4,8.52,1.6,9.3118,0.108,-0.0676,0.2018,22.13,79.38,26.06,-3.4244,9.5106,0.9156,10.1497,P001_Barbell_Back_Squats_Inclination_Asymmetry_2_02.csv,6
1,7,1,3,2,19.795,19795,-3.0,7.26,1.43,7.9845,0.1134,-0.084,0.0022,21.5,78.81,27.56,-3.3685,9.214,0.9834,9.8596,P001_Barbell_Back_Squats_Inclination_Asymmetry_2_02.csv,6
1,7,1,3,2,19.925,19925,-2.15,5.69,0.96,6.1579,0.0196,-0.0894,-0.601,23.13,78.38,26.63,-3.2079,8.7496,0.9803,9.3706,P001_Barbell_Back_Squats_Inclination_Asymmetry_2_02.csv,6
1,7,1,3,2,20.056,20056,-5.34,7.74,1.45,9.5145,-0.1156,-0.1091,-0.228,27.5,78.75,22.69,-3.4889,8.6166,1.0422,9.3544,P001_Barbell_Back_Squats_Inclination_Asymmetry_2_02.csv,6
1,7,1,3,2,20.187,20187,-4.18,8.86,1.65,9.9345,-0.1647,-0.0622,0.2923,25.31,80.38,25.06,-3.58,8.6487,1.1223,9.4274,P001_Barbell_Back_Squats_Inclination_Asymmetry_2_02.csv,6
1,7,1,3,2,20.317,20317,-4.11,9.54,1.02,10.4376,-0.0524,-0.0273,0.0665,24.19,81.5,26.13,-3.6498,8.7661,1.1088,9.5601,P001_Barbell_Back_Squats_Inclination_Asymmetry_2_02.csv,6
1,7,1,3,2,20.49,20490,-3.69,8.85,1.35,9.683,0.0654,0.084,0.2487,22.5,81.19,27.75,-3.6551,8.7772,1.1406,9.576,P001_Barbell_Back_Squats_Inclination_Asymmetry_2_02.csv,6
1,7,1,3,2,20.62,20620,-3.79,8.76,1.29,9.6315,0.0535,0.1102,-0.0371,22.19,80.44,27.5,-3.6729,8.7749,1.1603,9.5831,P001_Barbell_Back_Squats_Inclination_Asymmetry_2_02.csv,6
1,7,1,3,2,20.75,20750,-3.36,8.78,1.51,9.5215,0.0644,0.1298,0.1811,21.44,79.69,27.56,-3.6317,8.7756,1.2064,9.5737,P001_Barbell_Back_Squats_Inclination_Asymmetry_2_02.csv,6
1,7,1,3,2,20.88,20880,-3.61,8.61,1.91,9.5295,0.024,0.1298,-0.0818,21.19,78.94,27.0,-3.6288,8.7538,1.2991,9.5647,P001_Barbell_Back_Squats_Inclination_Asymmetry_2_02.csv,6
1,7,1,3,2,21.01,21010,-3.38,8.62,1.8,9.4323,-0.0295,0.0905,0.18,20.88,78.63,26.5,-3.596,8.7361,1.3651,9.5454,P001_Barbell_Back_Squats_Inclination_Asymmetry_2_02.csv,6
1,7,1,3,2,21.14,21140,-2.47,8.98,1.95,9.5155,-0.0545,0.0393,0.2476,18.75,78.94,28.19,-3.4476,8.7683,1.4422,9.5315,P001_Barbell_Back_Squats_Inclination_Asymmetry_2_02.csv,6
1,7,1,3,2,21.271,21271,-3.12,9.2,1.54,9.836,-0.0371,-0.0196,-0.2193,19.0,79.31,27.69,-3.4045,8.8252,1.4551,9.5703,P001_Barbell_Back_Squats_Inclination_Asymmetry_2_02.csv,6
1,7,1,3,2,21.401,21401,-3.27,8.97,1.62,9.6839,0.0065,-0.0153,0.0229,19.69,79.38,27.13,-3.3867,8.8442,1.4768,9.585,P001_Barbell_Back_Squats_Inclination_Asymmetry_2_02.csv,6
1,7,1,3,2,21.574,21574,-2.61,8.08,1.4,8.6057,0.0295,-0.0589,0.0415,19.38,79.31,27.81,-3.2844,8.7435,1.4667,9.4545,P001_Barbell_Back_Squats_Inclination_Asymmetry_2_02.csv,6
1,7,1,3,2,21.705,21705,-2.87,7.37,1.61,8.0713,0.0109,-0.0654,-0.1069,19.88,79.31,27.81,-3.2298,8.5625,1.4856,9.2712,P001_Barbell_Back_Squats_Inclination_Asymmetry_2_02.csv,6
1,7,1,3,2,21.835,21835,-2.49,7.43,1.51,7.9803,-0.0469,-0.0982,0.5367,18.69,79.69,29.56,-3.1323,8.4133,1.4888,9.1001,P001_Barbell_Back_Squats_Inclination_Asymmetry_2_02.csv,6
1,7,1,3,2,21.966,21966,-1.91,8.53,1.46,8.8623,-0.0971,-0.1473,0.4123,15.44,80.75,33.63,-2.9712,8.4287,1.485,9.0596,P001_Barbell_Back_Squats_Inclination_Asymmetry_2_02.csv,6
1,8,1,3,2,22.097,22097,-2.67,9.29,1.4,9.7669,-0.1156,-0.1571,-0.1124,15.06,81.75,34.88,-2.9315,8.5422,1.4738,9.1507,P001_Barbell_Back_Squats_Inclination_Asymmetry_2_02.csv,6
1,8,1,3,2,22.227,22227,-2.81,9.22,1.27,9.722,-0.1473,-0.1647,0.1069,15.56,82.94,35.31,-2.9155,8.6315,1.4469,9.2248,P001_Barbell_Back_Squats_Inclination_Asymmetry_2_02.csv,6
1,8,1,3,2,22.357,22357,-1.89,9.28,0.58,9.4883,-0.1745,-0.1702,0.0611,14.56,84.5,37.25,-2.7804,8.717,1.3327,9.2462,P001_Barbell_Back_Squats_Inclination_Asymmetry_2_02.csv,6
1,8,1,3,2,22.487,22487,-3.85,10.04,0.67,10.7737,-0.1505,-0.1505,-0.5334,17.19,85.94,35.5,-2.9213,8.8913,1.2454,9.4414,P001_Barbell_Back_Squats_Inclination_Asymmetry_2_02.csv,6
1,8,1,3,2,22.66,22660,-3.44,11.68,0.67,12.1945,-0.144,-0.0207,0.8225,15.5,87.5,37.63,-2.9897,9.2588,1.1696,9.7995,P001_Barbell_Back_Squats_Inclination_Asymmetry_2_02.csv,6
1,8,1,3,2,22.792,22792,-2.35,13.13,-0.22,13.3405,-0.108,0.0196,0.0589,12.5,88.44,40.25,-2.9054,9.7689,0.9864,10.2394,P001_Barbell_Back_Squats_Inclination_Asymmetry_2_02.csv,6
1,8,1,3,2,22.927,22927,-3.6,11.22,0.21,11.7853,-0.0535,0.084,-0.6589,15.81,89.13,36.25,-2.9969,9.9601,0.8841,10.4387,P001_Barbell_Back_Squats_Inclination_Asymmetry_2_02.csv,6
1,8,1,3,2,23.057,23057,-4.67,10.1,0.27,11.1307,0.0207,0.1538,-0.468,19.88,89.06,31.38,-3.2174,9.9786,0.8032,10.5151,P001_Barbell_Back_Squats_Inclination_Asymmetry_2_02.csv,6
1,8,1,3,2,23.188,23188,-4.0,9.08,0.31,9.9269,0.1614,0.2422,-0.0316,22.06,87.69,28.0,-3.3205,9.8601,0.7382,10.4304,P001_Barbell_Back_Squats_Inclination_Asymmetry_2_02.csv,7
1,8,1,3,2,23.319,23319,-2.5,8.59,0.66,8.9707,0.1942,0.2029,-0.0851,21.38,85.81,27.56,-3.2124,9.6928,0.7279,10.2371,P001_Barbell_Back_Squats_Inclination_Asymmetry_2_02.csv,7
1,8,1,3,2,23.45,23450,-3.68,8.09,1.11,8.9567,0.1942,0.1309,-0.6207,25.06,83.75,23.31,-3.274,9.4816,0.7783,10.0611,P001_Barbell_Back_Squats_Inclination_Asymmetry_2_02.csv,7
1,8,1,3,2,23.58,23580,-3.42,6.54,1.04,7.4532,0.156,0.1047,-0.2618,27.75,81.75,20.31,-3.2932,9.0939,0.8127,9.706,P001_Barbell_Back_Squats_Inclination_Asymmetry_2_02.csv,7
1,8,1,3,2,23.753,23753,-3.87,6.38,1.33,7.5796,0.0404,-0.0393,-0.3087,30.94,80.25,17.13,-3.3692,8.7363,0.8809,9.4048,P001_Barbell_Back_Squats_Inclination_Asymmetry_2_02.csv,7
1,8,1,3,2,23.883,23883,-5.34,9.13,0.76,10.6042,0.048,-0.1025,0.3218,30.5,80.56,18.31,-3.6289,8.7882,0.865,9.5472,P001_Barbell_Back_Squats_Inclination_Asymmetry_2_02.csv,7
1,8,1,3,2,24.013,24013,-4.7,8.63,0.19,9.8287,0.1091,-0.0404,-0.1156,28.94,80.31,20.63,-3.7701,8.7673,0.776,9.5751,P001_Barbell_Back_Squats_Inclination_Asymmetry_2_02.csv,7
1,8,1,3,2,24.143,24143,-5.08,7.82,0.94,9.3724,-0.0011,-0.0644,0.2618,28.94,80.13,21.19,-3.9427,8.6425,0.7976,9.5328,P001_Barbell_Back_Squats_Inclination_Asymmetry_2_02.csv,7
1,8,1,3,2,24.273,24273,-3.11,7.72,1.74,8.5028,-0.1571,-0.0916,-0.1004,27.19,81.19,23.13,-3.833,8.5209,0.9218,9.3887,P001_Barbell_Back_Squats_Inclination_Asymmetry_2_02.csv,7
1,8,1,3,2,24.403,24403,-5.34,8.05,2.58,9.9987,-0.0273,-0.1756,-0.721,30.5,82.38,20.38,-4.0316,8.4589,1.1403,9.4396,P001_Barbell_Back_Squats_Inclination_Asymmetry_2_02.csv,7
1,8,1,3,2,24.533,24533,-6.53,8.51,2.24,10.958,0.1462,-0.0633,0.4418,32.75,81.88,19.13,-4.3608,8.4656,1.2852,9.6091,P001_Barbell_Back_Squats_Inclination_Asymmetry_2_02.csv,7
1,8,1,3,2,24.664,24664,-4.34,7.15,1.74,8.5432,0.3458,-0.0338,-0.0404,28.63,80.5,24.25,-4.358,8.2923,1.3452,9.4638,P001_Barbell_Back_Squats_Inclination_Asymmetry_2_02.csv,7
1,8,1,3,2,24.837,24837,-5.09,8.8,1.29,10.2475,0.2378,-0.0044,0.1865,28.44,78.19,25.5,-4.4545,8.3592,1.3379,9.566,P001_Barbell_Back_Squats_Inclination_Asymmetry_2_02.csv,7
1,8,1,3,2,24.968,24968,-3.59,7.82,1.26,8.6964,0.0654,-0.0098,-0.0567,27.38,77.44,26.88,-4.3406,8.2881,1.3276,9.4497,P001_Barbell_Back_Squats_Inclination_Asymmetry_2_02.csv,7
1,8,1,3,2,25.098,25098,-5.7,8.43,1.79,10.3324,-0.0022,-0.0436,-0.0502,28.88,77.25,25.69,-4.5197,8.3068,1.3886,9.5582,P001_Barbell_Back_Squats_Inclination_Asymmetry_2_02.csv,7
1,8,1,3,2,25.229,25229,-4.53,8.37,2.08,9.7419,0.0535,0.06,0.3872,26.75,77.25,27.81,-4.5211,8.3151,1.4797,9.5797,P001_Barbell_Back_Squats_Inclination_Asymmetry_2_02.csv,7
1,8,1,3,2,25.36,25360,-4.68,8.66,1.98,10.0408,0.0676,0.0709,0.2302,25.13,76.75,29.25,-4.542,8.3606,1.5456,9.6394,P001_Barbell_Back_Squats_Inclination_Asymmetry_2_02.csv,7
1,8,1,3,2,25.49,25490,-3.23,8.21,1.68,8.9811,0.0545,0.096,0.0535,23.31,76.19,30.63,-4.3691,8.3407,1.5633,9.5447,P001_Barbell_Back_Squats_Inclination_Asymmetry_2_02.csv,7
1,8,1,3,2,25.621,25621,-3.32,7.8,2.09,8.731,-0.0065,0.0393,0.1353,23.13,75.88,30.38,-4.2309,8.2695,1.6327,9.4314,P001_Barbell_Back_Squats_Inclination_Asymmetry_2_02.csv,7
1,8,1,3,2,25.752,25752,-2.93,7.76,1.62,8.4514,-0.0665,0.0131,0.2498,21.94,76.25,31.38,-4.0595,8.2023,1.631,9.2961,P001_Barbell_Back_Squats_Inclination_Asymmetry_2_02.csv,7
1,8,1,3,2,25.925,25925,-2.56,7.98,1.91,8.5955,-0.1473,-0.0578,0.0622,20.31,77.56,33.0,-3.8619,8.173,1.6678,9.1921,P001_Barbell_Back_Squats_Inclination_Asymmetry_2_02.csv,7
1,9,1,3,2,26.059,26059,-3.11,8.59,1.66,9.2852,-0.1451,-0.0731,-0.0905,20.75,78.81,32.69,-3.7628,8.228,1.6668,9.1998,P001_Barbell_Back_Squats_Inclination_Asymmetry_2_02.csv,7
1,9,1,3,2,26.19,26190,-3.07,8.63,1.43,9.2707,-0.0087,-0.0436,-0.2683,21.44,79.44,32.25,-3.6715,8.281,1.6356,9.2049,P001_Barbell_Back_Squats_Inclination_Asymmetry_2_02.csv,7
1,9,1,3,2,26.32,26320,-4.7,9.18,1.71,10.454,0.1233,0.0502,-0.2705,23.88,78.81,29.81,-3.807,8.3994,1.6454,9.3676,P001_Barbell_Back_Squats_Inclination_Asymmetry_2_02.csv,7
1,9,1,3,2,26.451,26451,-4.78,8.65,1.93,10.0695,0.192,0.1233,0.1974,24.25,77.19,29.31,-3.9352,8.4325,1.6829,9.4565,P001_Barbell_Back_Squats_Inclination_Asymmetry_2_02.csv,7
1,9,1,3,2,26.581,26581,-4.5,8.39,2.25,9.7829,0.0774,0.1287,-0.012,23.31,75.81,29.69,-4.0097,8.4269,1.7576,9.4962,P001_Barbell_Back_Squats_Inclination_Asymmetry_2_02.csv,7
1,9,1,3,2,26.712,26712,-4.53,9.85,2.86,11.2126,-0.0502,0.1233,0.1778,22.69,75.44,29.44,-4.0782,8.6144,1.9029,9.7191,P001_Barbell_Back_Squats_Inclination_Asymmetry_2_02.csv,7
1,9,1,3,2,26.842,26842,-4.76,11.21,2.84,12.5055,-0.1069,0.0633,0.0447,21.75,75.88,29.63,-4.1681,8.9564,2.0264,10.0845,P001_Barbell_Back_Squats_Inclination_Asymmetry_2_02.csv,7
1,9,1,3,2,27.015,27015,-4.89,10.65,2.72,12.0305,-0.0491,0.1833,-0.6076,23.5,76.06,26.25,-4.2632,9.1796,2.1178,10.3404,P001_Barbell_Back_Squats_Inclination_Asymmetry_2_02.csv,7
1,9,1,3,2,27.145,27145,-4.8,9.57,2.48,10.9898,-0.0087,0.204,0.0055,25.06,75.19,23.13,-4.3339,9.231,2.1655,10.4252,P001_Barbell_Back_Squats_Inclination_Asymmetry_2_02.csv,7
1,9,1,3,2,27.275,27275,-4.13,8.58,2.24,9.7822,-0.0469,0.0894,-0.1342,25.13,74.88,22.0,-4.3071,9.1453,2.1753,10.3401,P001_Barbell_Back_Squats_Inclination_Asymmetry_2_02.csv,8
1,9,1,3,2,27.405,27405,-4.28,8.1,2.11,9.4011,-0.0665,0.0164,0.1974,25.5,75.06,21.13,-4.3035,9.0075,2.1667,10.2152,P001_Barbell_Back_Squats_Inclination_Asymmetry_2_02.csv,8
1,9,1,3,2,27.535,27535,-3.31,7.79,2.05,8.7088,-0.0873,-0.0753,0.0273,24.06,76.06,22.69,-4.1726,8.8471,2.1513,10.0155,P001_Barbell_Back_Squats_Inclination_Asymmetry_2_02.csv,8
1,9,1,3,2,27.666,27666,-3.71,8.26,1.6,9.1952,0.0524,-0.0349,0.1909,23.44,76.44,23.75,-4.1116,8.7697,2.0787,9.9063,P001_Barbell_Back_Squats_Inclination_Asymmetry_2_02.csv,8
1,9,1,3,2,27.796,27796,-3.15,7.83,2.02,8.6782,0.1407,0.0491,0.7189,21.44,76.06,26.13,-3.9849,8.6459,2.0709,9.7427,P001_Barbell_Back_Squats_Inclination_Asymmetry_2_02.csv,8
1,9,1,3,2,27.926,27926,-2.76,6.45,2.38,7.4084,0.0676,0.0371,0.0393,19.63,75.5,27.88,-3.8235,8.3565,2.1117,9.4292,P001_Barbell_Back_Squats_Inclination_Asymmetry_2_02.csv,8
1,9,1,3,2,28.099,28099,-2.84,9.15,2.13,9.8145,-0.0415,0.0447,0.5356,18.06,75.56,29.06,-3.6939,8.4611,2.1141,9.4712,P001_Barbell_Back_Squats_Inclination_Asymmetry_2_02.csv,8
1,9,1,3,2,28.229,28229,-2.77,9.0,2.82,9.8298,0.0611,0.036,-0.1538,16.69,75.63,30.19,-3.5721,8.5321,2.2071,9.5094,P001_Barbell_Back_Squats_Inclination_Asymmetry_2_02.csv,8
1,10,1,3,2,28.359,28359,-2.76,8.67,2.25,9.3728,0.0109,0.0447,0.0513,16.81,75.19,29.75,-3.4651,8.5503,2.2128,9.4874,P001_Barbell_Back_Squats_Inclination_Asymmetry_2_02.csv,8
1,10,1,3,2,28.489,28489,-3.23,9.61,2.31,10.3981,0.0175,0.0447,0.0436,16.44,75.0,29.88,-3.4341,8.6899,2.2256,9.6053,P001_Barbell_Back_Squats_Inclination_Asymmetry_2_02.csv,8
1,10,1,3,2,28.619,28619,-2.48,8.49,2.39,9.162,-0.0349,0.0153,0.0818,15.0,75.06,31.06,-3.3084,8.6636,2.2472,9.5422,P001_Barbell_Back_Squats_Inclination_Asymmetry_2_02.csv,8
1,10,1,3,2,28.75,28750,-2.25,9.02,2.42,9.6062,-0.1004,-0.0076,0.0709,14.31,75.56,31.69,-3.1689,8.7105,2.27,9.543,P001_Barbell_Back_Squats_Inclination_Asymmetry_2_02.csv,8
1,10,1,3,2,28.88,28880,-2.25,8.86,2.2,9.4022,-0.1516,-0.0425,0.0513,14.19,76.5,31.81,-3.0478,8.7302,2.2608,9.5193,P001_Barbell_Back_Squats_Inclination_Asymmetry_2_02.csv,8
1,10,1,3,2,29.011,29011,-2.4,9.34,1.83,9.8155,-0.1473,-0.0469,-0.1353,14.81,77.75,31.25,-2.9625,8.8106,2.204,9.553,P001_Barbell_Back_Squats_Inclination_Asymmetry_2_02.csv,8
1,10,1,3,2,29.183,29183,-3.25,9.33,1.61,10.0102,-0.0175,-0.024,-0.1396,16.69,78.56,29.56,-3.0004,8.879,2.1257,9.6103,P001_Barbell_Back_Squats_Inclination_Asymmetry_2_02.csv,8
1,10,1,3,2,29.313,29313,-2.85,9.42,1.78,10.0014,0.0622,0.0164,0.1527,16.0,78.44,30.38,-2.9806,8.9503,2.0802,9.6602,P001_Barbell_Back_Squats_Inclination_Asymmetry_2_02.csv,8
1,10,1,3,2,29.443,29443,-2.54,9.01,1.88,9.5481,0.0676,0.0436,0.0633,15.06,77.88,31.19,-2.9225,8.9582,2.0538,9.6441,P001_Barbell_Back_Squats_Inclination_Asymmetry_2_02.csv,8
1,10,1,3,2,29.573,29573,-2.32,8.73,2.19,9.2947,0.0164,0.0458,0.1625,14.5,77.5,31.56,-2.8431,8.9281,2.0717,9.5962,P001_Barbell_Back_Squats_Inclination_Asymmetry_2_02.csv,8
1,10,1,3,2,29.703,29703,-1.89,9.11,2.33,9.5913,-0.0764,0.0654,-0.1069,13.81,77.5,31.75,-2.7175,8.9521,2.1058,9.5895,P001_Barbell_Back_Squats_Inclination_Asymmetry_2_02.csv,8
1,10,1,3,2,29.853,29853,-3.11,9.08,1.72,9.7507,-0.0829,0.0545,-0.4636,16.13,77.81,28.75,-2.7692,8.9689,2.0549,9.609,P001_Barbell_Back_Squats_Inclination_Asymmetry_2_02.csv,8
1,10,1,3,2,29.983,29983,-2.99,9.37,1.88,10.0136,-0.0687,0.0731,-0.0044,16.5,78.19,27.81,-2.7983,9.0218,2.0319,9.6619,P001_Barbell_Back_Squats_Inclination_Asymmetry_2_02.csv,8
1,10,1,3,2,30.115,30115,-2.64,9.3,1.83,9.8391,-0.0371,0.0676,0.1734,15.63,78.5,28.0,-2.7775,9.0584,2.0053,9.6846,P001_Barbell_Back_Squats_Inclination_Asymmetry_2_02.csv,8
1,10,1,3,2,30.287,30287,-2.12,9.09,1.9,9.5254,0.0055,0.036,0.084,14.19,78.56,29.0,-2.6908,9.0626,1.9914,9.6611,P001_Barbell_Back_Squats_Inclination_Asymmetry_2_02.csv,8
1,10,1,3,2,30.417,30417,-1.63,8.27,1.54,8.5686,0.0,-0.0065,-0.1124,13.94,78.44,29.06,-2.551,8.9582,1.9319,9.5126,P001_Barbell_Back_Squats_Inclination_Asymmetry_2_02.csv,8
1,10,1,3,2,30.547,30547,-2.05,7.3,1.22,7.6799,-0.0371,-0.0742,-0.3218,15.81,78.5,27.44,-2.485,8.7397,1.8381,9.2701,P001_Barbell_Back_Squats_Inclination_Asymmetry_2_02.csv,8
1,10,1,3,2,30.677,30677,-3.29,8.55,1.46,9.2768,-0.0753,-0.0993,0.2825,16.13,79.13,27.63,-2.5911,8.7147,1.7883,9.2659,P001_Barbell_Back_Squats_Inclination_Asymmetry_2_02.csv,8
1,10,1,3,2,30.807,30807,-0.98,8.77,1.63,8.9739,-0.1734,-0.1364,0.0851,12.88,80.44,31.56,-2.3788,8.722,1.7674,9.2117,P001_Barbell_Back_Squats_Inclination_Asymmetry_2_02.csv,8
1,11,1,3,2,30.938,30938,-2.91,8.88,1.31,9.436,-0.1745,-0.2007,-0.1844,15.81,82.0,29.56,-2.4488,8.7428,1.7072,9.2384,P001_Barbell_Back_Squats_Inclination_Asymmetry_2_02.csv,8
1,11,1,3,2,31.068,31068,-3.26,8.55,0.66,9.1742,-0.1494,-0.1974,0.1462,16.69,83.63,29.88,-2.5557,8.7174,1.5692,9.2188,P001_Barbell_Back_Squats_Inclination_Asymmetry_2_02.csv,8
1,11,1,3,2,31.199,31199,-1.8,9.97,0.95,10.1756,-0.2029,-0.1014,0.2683,13.63,85.25,33.63,-2.4561,8.8824,1.4876,9.335,P001_Barbell_Back_Squats_Inclination_Asymmetry_2_02.csv,8
1,11,1,3,2,31.372,31372,-3.74,10.82,0.29,11.4518,-0.072,-0.1189,0.0142,16.06,86.75,32.06,-2.6253,9.1378,1.3298,9.6,P001_Barbell_Back_Squats_Inclination_Asymmetry_2_02.csv,8
1,11,1,3,2,31.503,31503,-2.91,11.28,0.24,11.6518,0.0305,-0.0731,0.312,14.13,86.94,34.63,-2.6628,9.4201,1.1862,9.8608,P001_Barbell_Back_Squats_Inclination_Asymmetry_2_02.csv,8
1,11,1,3,2,31.634,31634,-2.37,11.78,0.97,12.0551,0.0818,-0.0251,0.0338,12.5,86.63,36.75,-2.6242,9.731,1.1577,10.1449,P001_Barbell_Back_Squats_Inclination_Asymmetry_2_02.csv,8
1,11,1,3,2,31.764,31764,-2.61,10.3,0.78,10.6541,0.0469,0.0894,-0.3272,14.19,85.94,34.94,-2.6223,9.806,1.1079,10.2109,P001_Barbell_Back_Squats_Inclination_Asymmetry_2_02.csv,8
1,11,1,3,2,31.895,31895,-3.98,10.27,1.0,11.0595,-0.108,0.1702,-0.6447,18.5,85.88,29.5,-2.8013,9.8672,1.0937,10.3152,P001_Barbell_Back_Squats_Inclination_Asymmetry_2_02.csv,8
1,11,1,3,2,32.025,32025,-4.29,9.78,0.65,10.6993,-0.0731,0.1516,-0.3229,21.63,86.13,25.0,-2.9974,9.8557,1.0352,10.3533,P001_Barbell_Back_Squats_Inclination_Asymmetry_2_02.csv,8
1,11,1,3,2,32.159,32159,-3.71,9.37,0.64,10.098,-0.0109,0.0829,0.0524,22.56,86.13,23.19,-3.0913,9.7917,0.9831,10.315,P001_Barbell_Back_Squats_Inclination_Asymmetry_2_02.csv,9
1,11,1,3,2,32.29,32290,-3.7,9.1,0.21,9.8257,0.0076,-0.0087,-0.0076,22.38,85.94,23.13,-3.1715,9.7005,0.8813,10.2438,P001_Barbell_Back_Squats_Inclination_Asymmetry_2_02.csv,9
1,11,1,3,2,32.464,32464,-3.51,9.04,0.56,9.7137,0.0316,-0.0545,0.0938,21.44,86.25,24.63,-3.2161,9.6135,0.8389,10.1718,P001_Barbell_Back_Squats_Inclination_Asymmetry_2_02.csv,9
1,11,1,3,2,32.594,32594,-3.27,8.55,0.5,9.1676,0.0851,-0.0633,0.1276,20.94,86.0,25.69,-3.2232,9.4733,0.7943,10.0381,P001_Barbell_Back_Squats_Inclination_Asymmetry_2_02.csv,9
1,11,1,3,2,32.725,32725,-3.09,7.5,0.34,8.1187,0.0938,-0.0796,-0.0251,20.56,85.63,26.75,-3.2057,9.2133,0.7344,9.7827,P001_Barbell_Back_Squats_Inclination_Asymmetry_2_02.csv,9
1,11,1,3,2,32.855,32855,-3.16,6.89,0.29,7.5856,0.084,-0.0393,-0.2094,21.63,85.19,26.38,-3.1997,8.9072,0.6758,9.4885,P001_Barbell_Back_Squats_Inclination_Asymmetry_2_02.csv,9
1,11,1,3,2,32.986,32986,-1.99,8.77,0.82,9.0302,-0.024,-0.0633,0.624,18.81,85.19,29.5,-3.0403,8.8891,0.6948,9.4203,P001_Barbell_Back_Squats_Inclination_Asymmetry_2_02.csv,9
1,11,1,3,2,33.116,33116,-3.36,9.22,1.04,9.8681,-0.0327,-0.0764,-0.0687,18.69,85.69,30.19,-3.0824,8.9327,0.7403,9.4785,P001_Barbell_Back_Squats_Inclination_Asymmetry_2_02.csv,9
1,11,1,3,2,33.247,33247,-3.28,9.2,0.67,9.7902,0.0327,-0.0316,0.2618,18.19,85.81,31.0,-3.1084,8.9679,0.7311,9.5195,P001_Barbell_Back_Squats_Inclination_Asymmetry_2_02.csv,9
1,11,1,3,2,33.377,33377,-2.51,9.64,0.75,9.9896,0.0982,-0.0087,0.3327,15.56,85.44,33.94,-3.0296,9.0565,0.7336,9.5779,P001_Barbell_Back_Squats_Inclination_Asymmetry_2_02.csv,9
1,11,1,3,2,33.55,33550,-2.47,9.39,0.88,9.7492,0.1505,0.0338,-0.0164,14.5,84.13,35.13,-2.9558,9.1004,0.7529,9.598,P001_Barbell_Back_Squats_Inclination_Asymmetry_2_02.csv,9
1,11,1,3,2,33.68,33680,-2.5,9.28,1.12,9.6759,0.1582,0.0589,0.0589,14.31,83.0,35.19,-2.8958,9.1241,0.8012,9.6061,P001_Barbell_Back_Squats_Inclination_Asymmetry_2_02.csv,9
1,11,1,3,2,33.81,33810,-2.18,9.39,1.36,9.7352,0.1593,0.0807,0.4625,12.88,81.88,36.44,-2.8014,9.1591,0.8749,9.6179,P001_Barbell_Back_Squats_Inclination_Asymmetry_2_02.csv,9
1,11,1,3,2,33.94,33940,-1.71,9.36,1.54,9.6387,0.1582,0.0894,0.06,11.63,80.56,37.25,-2.6576,9.1856,0.9625,9.6107,P001_Barbell_Back_Squats_Inclination_Asymmetry_2_02.csv,9
1,11,1,3,2,34.07,34070,-1.88,9.23,1.99,9.6274,0.1593,0.0611,0.0633,11.5,79.25,37.0,-2.5552,9.1915,1.0979,9.603,P001_Barbell_Back_Squats_Inclination_Asymmetry_2_02.csv,9
1,11,1,3,2,34.201,34201,-1.79,9.05,2.01,9.4418,0.1069,0.0447,-0.0687,11.31,78.19,37.0,-2.4543,9.1728,1.2181,9.5733,P001_Barbell_Back_Squats_Inclination_Asymmetry_2_02.csv,9
1,11,1,3,2,34.331,34331,-1.72,9.04,2.25,9.4733,0.0436,0.0251,-0.0218,11.38,77.5,36.81,-2.3576,9.1553,1.3541,9.5505,P001_Barbell_Back_Squats_Inclination_Asymmetry_2_02.csv,9
1,11,1,3,2,34.462,34462,-1.71,9.05,2.31,9.4954,-0.0349,-0.0185,-0.0076,11.44,77.13,36.63,-2.2722,9.1414,1.48,9.5352,P001_Barbell_Back_Squats_Inclination_Asymmetry_2_02.csv,9
1,11,1,3,2,34.635,34635,-1.14,7.82,1.33,8.0138,-0.1582,-0.1276,-0.2411,11.94,78.25,36.69,-2.123,8.9673,1.4603,9.3302,P001_Barbell_Back_Squats_Inclination_Asymmetry_2_02.csv,9
1,11,1,3,2,34.765,34765,-1.82,7.77,1.55,8.1294,-0.1233,-0.1364,-0.2803,14.38,79.56,34.94,-2.0831,8.8095,1.4721,9.1714,P001_Barbell_Back_Squats_Inclination_Asymmetry_2_02.csv,9
1,11,1,3,2,34.896,34896,-2.28,8.17,0.99,8.5398,-0.0884,-0.1429,-0.2258,16.13,80.38,34.06,-2.109,8.7253,1.4086,9.0864,P001_Barbell_Back_Squats_Inclination_Asymmetry_2_02.csv,9
1,12,1,3,2,35.026,35026,-2.99,8.72,1.48,9.3364,-0.0524,-0.1451,0.3218,15.88,81.25,35.25,-2.2251,8.7246,1.418,9.1148,P001_Barbell_Back_Squats_Inclination_Asymmetry_2_02.csv,9
1,12,1,3,2,35.157,35157,-1.94,10.15,1.54,10.4479,0.0065,-0.0884,0.8792,11.94,81.81,40.06,-2.1876,8.9124,1.4341,9.2883,P001_Barbell_Back_Squats_Inclination_Asymmetry_2_02.csv,9
1,12,1,3,2,35.287,35287,-2.5,9.99,1.04,10.3504,-0.0349,-0.1244,-0.5683,11.75,82.13,40.94,-2.2287,9.0544,1.3821,9.4265,P001_Barbell_Back_Squats_Inclination_Asymmetry_2_02.csv,9
1,12,1,3,2,35.417,35417,-3.09,9.48,1.52,10.0861,-0.0545,-0.1222,-0.2814,13.88,82.81,39.56,-2.3422,9.1105,1.4003,9.5104,P001_Barbell_Back_Squats_Inclination_Asymmetry_2_02.csv,9
1,12,1,3,2,35.547,35547,-3.34,10.08,1.14,10.68,-0.0644,-0.0862,-0.0131,15.0,83.38,39.19,-2.4737,9.2382,1.366,9.6608,P001_Barbell_Back_Squats_Inclination_Asymmetry_2_02.csv,9
1,12,1,3,2,35.722,35722,-3.11,12.15,1.19,12.598,0.036,0.024,0.1985,13.25,83.56,41.25,-2.5576,9.6219,1.3428,10.0462,P001_Barbell_Back_Squats_Inclination_Asymmetry_2_02.csv,9
1,12,1,3,2,35.853,35853,-2.61,12.63,1.26,12.9583,0.0011,0.1189,-0.1822,13.06,83.31,40.88,-2.5645,10.0183,1.3319,10.4268,P001_Barbell_Back_Squats_Inclination_Asymmetry_2_02.csv,9
1,12,1,3,2,35.987,35987,-4.17,10.46,1.13,11.3171,0.0545,0.0698,-0.9392,17.0,82.88,36.31,-2.776,10.0765,1.3053,10.5331,P001_Barbell_Back_Squats_Inclination_Asymmetry_2_02.csv,9
1,12,1,3,2,36.118,36118,-3.54,9.71,1.15,10.399,0.0851,0.0818,0.1844,18.88,82.13,33.94,-2.8767,10.0282,1.2848,10.5115,P001_Barbell_Back_Squats_Inclination_Asymmetry_2_02.csv,10
1,12,1,3,2,36.249,36249,-3.37,8.71,1.08,9.4015,0.1036,0.0862,-0.1844,19.56,81.19,32.81,-2.9417,9.8545,1.2578,10.3609,P001_Barbell_Back_Squats_Inclination_Asymmetry_2_02.csv,10
1,12,1,3,2,36.379,36379,-3.37,8.83,1.6,9.5857,0.1396,0.0633,0.2083,19.56,80.25,32.63,-2.9981,9.7195,1.3029,10.2545,P001_Barbell_Back_Squats_Inclination_Asymmetry_2_02.csv,10
1,12,1,3,2,36.51,36510,-2.87,8.67,1.64,9.2788,0.1342,0.0273,0.2574,17.63,79.19,34.56,-2.9813,9.5812,1.3473,10.1244,P001_Barbell_Back_Squats_Inclination_Asymmetry_2_02.csv,10
1,12,1,3,2,36.64,36640,-0.66,7.65,1.19,7.7701,0.1167,0.0131,0.2542,14.44,78.44,37.88,-2.6754,9.3267,1.3266,9.7931,P001_Barbell_Back_Squats_Inclination_Asymmetry_2_02.csv,10
1,12,1,3,2,36.813,36813,-4.27,6.72,2.15,8.247,0.0556,0.0524,0.0076,22.0,77.25,30.13,-2.8855,8.9832,1.4351,9.5438,P001_Barbell_Back_Squats_Inclination_Asymmetry_2_02.csv,10
1,12,1,3,2,36.943,36943,-1.56,9.65,2.25,10.0309,0.0545,0.096,0.7701,16.13,77.19,35.63,-2.7108,9.0711,1.5425,9.5923,P001_Barbell_Back_Squats_Inclination_Asymmetry_2_02.csv,10
1,12,1,3,2,37.073,37073,-2.61,9.68,1.34,10.1148,0.0818,0.0131,-0.1462,15.44,76.56,35.75,-2.6976,9.1513,1.5158,9.6603,P001_Barbell_Back_Squats_Inclination_Asymmetry_2_02.csv,10
1,12,1,3,2,37.203,37203,-2.46,8.95,2.59,9.6365,0.0633,0.0567,0.1156,15.5,76.06,35.38,-2.6662,9.1248,1.6574,9.6498,P001_Barbell_Back_Squats_Inclination_Asymmetry_2_02.csv,10
1,12,1,3,2,37.333,37333,-2.4,9.02,2.48,9.6577,0.0556,0.0447,0.1822,14.44,75.63,36.19,-2.6312,9.111,1.7658,9.6463,P001_Barbell_Back_Squats_Inclination_Asymmetry_2_02.csv,10
1,12,1,3,2,37.463,37463,-1.92,8.85,2.65,9.4356,0.024,0.0425,0.1396,12.88,75.31,37.5,-2.5375,9.0766,1.8823,9.6107,P001_Barbell_Back_Squats_Inclination_Asymmetry_2_02.csv,10
1,12,1,3,2,37.594,37594,-2.48,8.91,2.45,9.5677,-0.0284,0.0502,-0.0873,13.31,75.06,36.75,-2.5299,9.0546,1.9571,9.603,P001_Barbell_Back_Squats_Inclination_Asymmetry_2_02.csv,10
1,12,1,3,2,37.724,37724,-2.45,8.91,2.44,9.5574,-0.084,0.0731,0.0589,13.56,75.31,36.06,-2.5194,9.0356,2.0207,9.5954,P001_Barbell_Back_Squats_Inclination_Asymmetry_2_02.csv,10
1,12,1,3,2,37.897,37897,-2.16,9.49,2.14,9.9652,-0.0884,0.0611,-0.0349,12.88,76.13,35.81,-2.472,9.0955,2.0364,9.6429,P001_Barbell_Back_Squats_Inclination_Asymmetry_2_02.csv,10
1,12,1,3,2,38.027,38027,-2.06,9.37,2.12,9.8252,-0.0262,0.0545,-0.0098,12.69,76.5,35.5,-2.4177,9.1316,2.0475,9.6656,P001_Barbell_Back_Squats_Inclination_Asymmetry_2_02.csv,10
1,12,1,3,2,38.157,38157,-1.86,9.34,2.07,9.7458,-0.0131,0.0327,0.1244,12.13,76.69,35.69,-2.3442,9.1591,2.0504,9.6741,P001_Barbell_Back_Squats_Inclination_Asymmetry_2_02.csv,10
1,12,1,3,2,38.287,38287,-1.67,9.02,1.93,9.3741,-0.0055,-0.0011,-0.0654,11.5,76.75,36.25,-2.2554,9.1408,2.0346,9.6322,P001_Barbell_Back_Squats_Inclination_Asymmetry_2_02.csv,10
1,12,1,3,2,38.417,38417,-1.63,8.3,2.02,8.6964,-0.048,0.0218,-0.2683,12.19,76.88,35.44,-2.173,9.03,2.0326,9.5076,P001_Barbell_Back_Squats_Inclination_Asymmetry_2_02.csv,10
1,12,1,3,2,38.548,38548,-1.8,7.35,1.36,7.6884,-0.0818,-0.0087,-0.3131,14.5,77.25,32.88,-2.1238,8.8086,1.944,9.2672,P001_Barbell_Back_Squats_Inclination_Asymmetry_2_02.csv,10
1,12,1,3,2,38.678,38678,-2.63,8.23,1.82,8.8296,-0.0556,-0.0458,-0.0567,16.13,77.94,31.31,-2.1905,8.7324,1.9277,9.207,P001_Barbell_Back_Squats_Inclination_Asymmetry_2_02.csv,10
1,13,1,3,2,38.809,38809,-2.48,9.46,2.19,10.0219,0.0796,-0.0589,0.4592,14.63,78.06,33.25,-2.2287,8.8282,1.9622,9.3142,P001_Barbell_Back_Squats_Inclination_Asymmetry_2_02.csv,10
1,13,1,3,2,38.982,38982,-1.87,9.19,2.08,9.6062,0.1931,-0.0316,-0.024,9.81,76.81,38.88,-2.1814,8.8759,1.9778,9.3516,P001_Barbell_Back_Squats_Inclination_Asymmetry_2_02.csv,10
1,13,1,3,2,39.113,39113,-3.11,8.15,2.96,9.2117,0.0349,-0.0295,-0.1582,11.94,76.06,37.06,-2.3038,8.7803,2.1072,9.3188,P001_Barbell_Back_Squats_Inclination_Asymmetry_2_02.csv,10
1,13,1,3,2,39.243,39243,-1.91,9.25,2.44,9.7552,-0.0971,-0.036,0.48,10.63,76.5,38.56,-2.2519,8.8422,2.151,9.3745,P001_Barbell_Back_Squats_Inclination_Asymmetry_2_02.csv,10
1,13,1,3,2,39.374,39374,-1.94,11.37,2.5,11.8021,-0.1614,-0.0251,0.0153,8.56,77.56,40.81,-2.2108,9.1753,2.197,9.6902,P001_Barbell_Back_Squats_Inclination_Asymmetry_2_02.csv,10
1,13,1,3,2,39.504,39504,-2.05,12.57,2.95,13.0733,-0.1331,0.012,0.0676,8.5,78.69,40.81,-2.1896,9.6226,2.2962,10.1322,P001_Barbell_Back_Squats_Inclination_Asymmetry_2_02.csv,10
1,13,1,3,2,39.635,39635,-2.51,11.12,2.2,11.6101,-0.1833,0.0196,-0.2803,10.0,79.69,39.06,-2.2318,9.8199,2.2836,10.326,P001_Barbell_Back_Squats_Inclination_Asymmetry_2_02.csv,10
1,13,1,3,2,39.766,39766,-2.63,10.9,1.76,11.3501,-0.2334,-0.0044,-0.5181,12.06,81.31,36.63,-2.2843,9.9622,2.2146,10.4579,P001_Barbell_Back_Squats_Inclination_Asymmetry_2_02.csv,10
1,13,1,3,2,39.896,39896,-3.52,10.23,1.05,10.8695,-0.1113,-0.0284,-0.2782,15.5,82.44,33.06,-2.4471,9.9975,2.0611,10.497,P001_Barbell_Back_Squats_Inclination_Asymmetry_2_02.csv,10
1,13,1,3,2,40.069,40069,-2.32,9.42,1.19,9.7742,0.0644,0.0185,0.3174,14.13,82.69,34.38,-2.4304,9.9214,1.9463,10.3985,P001_Barbell_Back_Squats_Inclination_Asymmetry_2_02.csv,10
1,13,1,3,2,40.202,40202,-1.34,9.48,1.29,9.6608,0.1484,0.0295,-0.0753,13.0,81.88,35.56,-2.2867,9.8633,1.8598,10.2943,P001_Barbell_Back_Squats_Inclination_Asymmetry_2_02.csv,10
1,13,1,3,2,40.333,40333,-2.24,5.75,0.45,6.1873,0.1538,0.0567,-0.9098,16.63,80.38,31.81,-2.2805,9.3212,1.6741,9.7411,P001_Barbell_Back_Squats_Inclination_Asymmetry_2_02.csv,10
1,13,1,3,2,40.465,40465,-3.83,8.04,1.02,8.9639,0.1473,0.096,0.4232,18.75,78.94,29.31,-2.4847,9.1524,1.5879,9.6157,P001_Barbell_Back_Squats_Inclination_Asymmetry_2_02.csv,10
1,13,1,3,2,40.596,40596,-2.15,9.98,2.08,10.4187,0.1364,0.1145,0.1069,14.81,78.0,32.81,-2.4406,9.2615,1.6527,9.7192,P001_Barbell_Back_Squats_Inclination_Asymmetry_2_02.csv,10
1,13,1,3,2,40.726,40726,-1.54,7.92,1.82,8.2711,0.0415,0.0469,0.1505,13.75,77.13,33.31,-2.3219,9.0847,1.6748,9.5251,P001_Barbell_Back_Squats_Inclination_Asymmetry_2_02.csv,10
3,2,1,3,2,1.089,1089,3.28,9.14,0.31,9.7157,-0.0393,0.0578,0.0109,-12.44,89.5,19.5,2.147,9.3723,0.3277,9.6206,P003_Barbell_Back_Squats_Inclination_Asymmetry_2_01.csv,1
3,2,1,3,2,1.22,1220,1.06,9.7,-0.01,9.7578,-0.0774,0.0524,-0.2705,-10.75,90.19,17.56,2.0037,9.4155,0.2832,9.6305,P003_Barbell_Back_Squats_Inclination_Asymmetry_2_01.csv,1
3,2,1,3,2,1.35,1350,2.53,9.64,-0.05,9.9666,-0.0229,0.0524,0.4712,-11.25,90.56,17.69,2.0731,9.445,0.2393,9.6728,P003_Barbell_Back_Squats_Inclination_Asymmetry_2_01.csv,1
3,2,1,3,2,1.481,1481,1.13,10.1,-0.3,10.1674,-0.0524,0.0371,-0.084,-10.44,90.94,16.69,1.9488,9.5314,0.1682,9.73,P003_Barbell_Back_Squats_Inclination_Asymmetry_2_01.csv,1
3,2,1,3,2,1.658,1658,1.12,10.82,-0.5,10.8893,-0.108,0.0513,0.0545,-11.5,91.63,17.44,1.8396,9.7012,0.0802,9.8744,P003_Barbell_Back_Squats_Inclination_Asymmetry_2_01.csv,1
3,2,1,3,2,1.789,1789,3.47,11.26,-0.25,11.7852,-0.1156,0.0633,-0.3829,-12.31,92.75,18.0,2.0544,9.9066,0.0367,10.1174,P003_Barbell_Back_Squats_Inclination_Asymmetry_2_01.csv,1
3,2,1,3,2,1.92,1920,1.35,10.62,-0.5,10.7171,-0.1069,0.0753,0.2891,-9.63,93.69,15.06,1.9616,10.0006,-0.034,10.1912,P003_Barbell_Back_Squats_Inclination_Asymmetry_2_01.csv,1
3,2,1,3,2,2.05,2050,1.54,10.55,-0.81,10.6925,-0.0894,0.0436,-0.4134,-9.25,94.38,14.31,1.9061,10.073,-0.1363,10.2526,P003_Barbell_Back_Squats_Inclination_Asymmetry_2_01.csv,1
3,2,1,3,2,2.18,2180,2.01,10.58,-0.85,10.8027,-0.0545,0.0436,0.1876,-9.19,94.94,14.0,1.9197,10.1398,-0.2303,10.3225,P003_Barbell_Back_Squats_Inclination_Asymmetry_2_01.csv,1
3,2,1,3,2,2.311,2311,2.2,10.92,-0.92,11.1773,-0.024,0.0109,-0.0578,-9.44,95.19,14.13,1.9567,10.2426,-0.3212,10.4328,P003_Barbell_Back_Squats_Inclination_Asymmetry_2_01.csv,1
3,2,1,3,2,2.441,2441,2.39,11.32,-0.95,11.6085,0.0305,-0.0044,0.1113,-10.38,95.13,15.06,2.0138,10.3846,-0.4041,10.5858,P003_Barbell_Back_Squats_Inclination_Asymmetry_2_01.csv,1
3,2,1,3,2,2.572,2572,2.76,11.31,-0.98,11.6831,0.0524,-0.0251,-0.2596,-10.19,94.81,14.88,2.1121,10.5065,-0.48,10.7275,P003_Barbell_Back_Squats_Inclination_Asymmetry_2_01.csv,1
3,2,1,3,2,2.744,2744,1.33,9.69,-0.69,9.8052,-0.0207,-0.0327,-0.1298,-6.88,94.69,11.88,2.009,10.3989,-0.5076,10.6034,P003_Barbell_Back_Squats_Inclination_Asymmetry_2_01.csv,1
3,2,1,3,2,2.874,2874,0.55,9.7,-0.8,9.7485,-0.0371,-0.0327,-0.1025,-5.69,94.94,11.0,1.8168,10.3068,-0.5462,10.48,P003_Barbell_Back_Squats_Inclination_Asymmetry_2_01.csv,1
3,2,1,3,2,3.004,3004,0.93,9.8,-0.95,9.8898,-0.0742,-0.0316,-0.0851,-6.13,95.31,11.63,1.6999,10.24,-0.5994,10.3975,P003_Barbell_Back_Squats_Inclination_Asymmetry_2_01.csv,1
3,2,1,3,2,3.134,3134,1.63,9.46,-0.75,9.6287,0.0196,-0.0305,0.0709,-6.31,95.5,12.13,1.6907,10.1373,-0.6192,10.2959,P003_Barbell_Back_Squats_Inclination_Asymmetry_2_01.csv,1
3,2,1,3,2,3.264,3264,2.01,8.36,-0.68,8.6251,0.036,-0.0382,0.0665,-5.5,95.31,11.5,1.7328,9.9031,-0.6272,10.0731,P003_Barbell_Back_Squats_Inclination_Asymmetry_2_01.csv,1
3,2,1,3,2,3.394,3394,1.41,7.66,-0.44,7.8011,0.0687,-0.0447,-0.3163,-6.25,94.88,12.5,1.6903,9.6075,-0.6026,9.7736,P003_Barbell_Back_Squats_Inclination_Asymmetry_2_01.csv,1
3,2,1,3,2,3.525,3525,-1.41,8.66,-0.82,8.8123,0.0513,-0.0207,0.0153,-2.06,94.44,8.56,1.2817,9.4826,-0.6312,9.5897,P003_Barbell_Back_Squats_Inclination_Asymmetry_2_01.csv,1
3,2,1,3,2,3.655,3655,1.38,10.01,-0.73,10.131,0.0458,-0.0349,-0.3774,-5.31,94.0,11.94,1.2947,9.5521,-0.6442,9.661,P003_Barbell_Back_Squats_Inclination_Asymmetry_2_01.csv,2
3,2,1,3,2,3.828,3828,0.9,9.81,-0.52,9.8649,0.0665,-0.0044,0.4701,-5.69,93.38,12.38,1.2427,9.5861,-0.6279,9.6867,P003_Barbell_Back_Squats_Inclination_Asymmetry_2_01.csv,2
3,2,1,3,2,3.958,3958,1.87,10.29,-0.39,10.4658,0.0938,-0.0087,0.3163,-8.25,92.81,14.88,1.3253,9.6789,-0.5965,9.7874,P003_Barbell_Back_Squats_Inclination_Asymmetry_2_01.csv,2
3,2,1,3,2,4.088,4088,0.28,9.49,-0.44,9.5043,0.0785,-0.0087,-0.1996,-7.25,92.19,13.88,1.1876,9.654,-0.5759,9.7438,P003_Barbell_Back_Squats_Inclination_Asymmetry_2_01.csv,2
3,2,1,3,2,4.218,4218,2.46,9.94,-0.13,10.2407,0.0753,0.0076,0.036,-9.44,91.56,15.88,1.3553,9.6917,-0.5171,9.7996,P003_Barbell_Back_Squats_Inclination_Asymmetry_2_01.csv,2
3,2,1,3,2,4.348,4348,1.78,9.74,0.06,9.9015,0.0611,0.0098,-0.0164,-8.75,91.0,15.13,1.4112,9.698,-0.4411,9.8101,P003_Barbell_Back_Squats_Inclination_Asymmetry_2_01.csv,2
3,2,1,3,2,4.478,4478,0.95,9.31,-0.1,9.3589,0.0044,0.0327,0.132,-7.75,90.69,13.94,1.3504,9.6469,-0.3961,9.749,P003_Barbell_Back_Squats_Inclination_Asymmetry_2_01.csv,2
3,2,1,3,2,4.608,4608,1.25,9.7,-0.14,9.7812,-0.0513,0.0458,0.0556,-8.88,90.88,14.81,1.3372,9.6539,-0.3624,9.7528,P003_Barbell_Back_Squats_Inclination_Asymmetry_2_01.csv,2
3,2,1,3,2,4.738,4738,1.79,9.03,-0.1,9.2062,-0.0796,0.0524,0.1789,-9.94,91.38,15.56,1.3969,9.5717,-0.3278,9.6786,P003_Barbell_Back_Squats_Inclination_Asymmetry_2_01.csv,2
3,2,1,3,2,4.911,4911,1.03,8.5,-0.3,8.5674,-0.1516,0.0469,-0.1811,-9.69,92.5,15.06,1.3485,9.4305,-0.3241,9.5319,P003_Barbell_Back_Squats_Inclination_Asymmetry_2_01.csv,2
3,2,1,3,2,5.041,5041,1.67,8.39,-0.66,8.58,-0.1505,0.0436,-0.0644,-9.13,93.75,14.44,1.3909,9.2934,-0.3684,9.4041,P003_Barbell_Back_Squats_Inclination_Asymmetry_2_01.csv,2
3,3,1,3,2,5.171,5171,1.58,9.06,-0.79,9.2306,-0.1614,0.036,-0.1724,-9.06,94.88,14.19,1.4158,9.2626,-0.424,9.3798,P003_Barbell_Back_Squats_Inclination_Asymmetry_2_01.csv,2
3,3,1,3,2,5.301,5301,2.21,9.52,-1.06,9.8305,-0.0633,0.0295,0.1058,-9.56,95.75,14.63,1.5205,9.2965,-0.5078,9.4337,P003_Barbell_Back_Squats_Inclination_Asymmetry_2_01.csv,2
3,3,1,3,2,5.431,5431,2.09,10.36,-1.33,10.6521,-0.0676,0.0207,-0.192,-9.44,96.38,14.38,1.5955,9.4367,-0.6161,9.5904,P003_Barbell_Back_Squats_Inclination_Asymmetry_2_01.csv,2
3,3,1,3,2,5.561,5561,1.33,10.11,-0.83,10.2308,0.0055,-0.0022,-0.2225,-7.06,96.44,12.0,1.5605,9.5254,-0.6443,9.6739,P003_Barbell_Back_Squats_Inclination_Asymmetry_2_01.csv,2
3,3,1,3,2,5.692,5692,2.62,10.11,-1.36,10.5321,0.144,0.0087,0.384,-8.38,95.94,13.25,1.7001,9.6024,-0.7386,9.7797,P003_Barbell_Back_Squats_Inclination_Asymmetry_2_01.csv,2
3,3,1,3,2,5.822,5822,2.43,10.02,-0.73,10.3363,0.1265,-0.0065,-0.0589,-7.94,94.94,12.69,1.7963,9.6575,-0.7375,9.8507,P003_Barbell_Back_Squats_Inclination_Asymmetry_2_01.csv,2
3,3,1,3,2,5.995,5995,1.59,10.48,-0.59,10.6163,0.1778,0.0175,0.192,-7.0,93.5,11.44,1.7691,9.7658,-0.718,9.9507,P003_Barbell_Back_Squats_Inclination_Asymmetry_2_01.csv,2
3,3,1,3,2,6.125,6125,0.54,10.79,-0.91,10.8418,0.1636,0.0251,0.0153,-7.31,92.31,11.44,1.6072,9.9008,-0.7433,10.0579,P003_Barbell_Back_Squats_Inclination_Asymmetry_2_01.csv,2
3,3,1,3,2,6.255,6255,2.96,10.78,-0.33,11.1839,0.12,0.0316,-0.0316,-9.0,91.31,12.75,1.7854,10.0167,-0.6889,10.1978,P003_Barbell_Back_Squats_Inclination_Asymmetry_2_01.csv,2
3,3,1,3,2,6.385,6385,1.36,9.61,-0.14,9.7068,0.0851,0.0316,-0.1331,-7.69,90.56,11.06,1.7294,9.9631,-0.6165,10.1308,P003_Barbell_Back_Squats_Inclination_Asymmetry_2_01.csv,2
3,3,1,3,2,6.515,6515,1.04,9.07,0.04,9.1295,0.0262,0.0436,-0.1265,-7.0,90.31,10.06,1.6385,9.8454,-0.53,9.9949,P003_Barbell_Back_Squats_Inclination_Asymmetry_2_01.csv,2
3,3,1,3,2,6.645,6645,1.68,9.92,0.0,10.0613,-0.0524,0.0491,0.1189,-7.44,90.44,10.13,1.644,9.8552,-0.4602,10.002,P003_Barbell_Back_Squats_Inclination_Asymmetry_2_01.csv,2
3,3,1,3,2,6.776,6776,2.53,11.1,0.25,11.3874,-0.0633,0.0404,0.0654,-9.19,90.94,11.63,1.7607,10.0192,-0.3666,10.1794,P003_Barbell_Back_Squats_Inclination_Asymmetry_2_01.csv,2
3,3,1,3,2,6.906,6906,2.14,10.75,-0.71,10.9839,-0.1145,0.0262,-0.096,-9.63,91.63,11.88,1.8107,10.1155,-0.4119,10.2846,P003_Barbell_Back_Squats_Inclination_Asymmetry_2_01.csv,2
3,3,1,3,2,7.079,7079,1.57,10.21,-0.67,10.3517,-0.18,0.0109,-0.1407,-7.69,93.0,10.06,1.779,10.128,-0.4459,10.2927,P003_Barbell_Back_Squats_Inclination_Asymmetry_2_01.csv,2
3,3,1,3,2,7.21,7210,-0.04,10.36,-0.88,10.3974,-0.2029,-0.0327,-0.3392,-6.31,94.31,8.94,1.5393,10.1586,-0.5031,10.2868,P003_Barbell_Back_Squats_Inclination_Asymmetry_2_01.csv,2
3,3,1,3,2,7.341,7341,1.61,9.97,-1.07,10.1557,-0.1636,-0.0349,0.1145,-6.19,95.63,9.19,1.5486,10.1337,-0.5778,10.2676,P003_Barbell_Back_Squats_Inclination_Asymmetry_2_01.csv,2
3,3,1,3,2,7.471,7471,0.36,10.87,-1.4,10.9657,-0.132,-0.0535,0.1636,-6.19,96.63,9.69,1.392,10.2307,-0.6861,10.3478,P003_Barbell_Back_Squats_Inclination_Asymmetry_2_01.csv,2
3,3,1,3,2,7.602,7602,1.79,10.02,-0.86,10.2149,0.012,-0.0491,0.1429,-6.94,97.0,10.88,1.4444,10.203,-0.709,10.3291,P003_Barbell_Back_Squats_Inclination_Asymmetry_2_01.csv,2
3,3,1,3,2,7.732,7732,2.11,9.51,-1.25,9.8211,0.0131,-0.0764,-0.0894,-7.88,96.94,12.25,1.5321,10.1117,-0.7803,10.2568,P003_Barbell_Back_Squats_Inclination_Asymmetry_2_01.csv,2
3,3,1,3,2,7.865,7865,-0.97,5.78,-0.69,5.9013,0.036,-0.0905,-1.0788,-3.0,96.44,7.94,1.2024,9.5409,-0.7684,9.647,P003_Barbell_Back_Squats_Inclination_Asymmetry_2_01.csv,2
3,3,1,3,2,7.996,7996,1.94,10.47,-1.15,10.7101,0.0687,-0.0185,1.1868,-5.81,96.0,11.0,1.2996,9.6633,-0.8187,9.7846,P003_Barbell_Back_Squats_Inclination_Asymmetry_2_01.csv,3
3,3,1,3,2,8.17,8170,-0.48,9.23,-0.75,9.2729,0.0665,-0.0524,-0.1298,-4.13,95.13,9.88,1.0651,9.6062,-0.8097,9.6989,P003_Barbell_Back_Squats_Inclination_Asymmetry_2_01.csv,3
3,3,1,3,2,8.3,8300,0.6,9.98,-1.0,10.0479,0.0753,-0.0284,0.0982,-5.94,94.5,11.81,1.0038,9.6555,-0.8347,9.7433,P003_Barbell_Back_Squats_Inclination_Asymmetry_2_01.csv,3
3,3,1,3,2,8.431,8431,1.86,9.87,-0.67,10.0661,0.0316,-0.0316,-0.2334,-6.31,93.94,12.38,1.1166,9.6837,-0.813,9.7817,P003_Barbell_Back_Squats_Inclination_Asymmetry_2_01.csv,3
3,3,1,3,2,8.562,8562,0.53,9.33,-0.41,9.354,0.0087,-0.0065,-0.0524,-5.13,93.69,11.25,1.0393,9.6371,-0.7599,9.7227,P003_Barbell_Back_Squats_Inclination_Asymmetry_2_01.csv,3
3,3,1,3,2,8.693,8693,0.91,10.09,-0.69,10.1544,0.0033,0.0087,0.1549,-6.56,93.63,12.63,1.0223,9.6968,-0.7507,9.7794,P003_Barbell_Back_Squats_Inclination_Asymmetry_2_01.csv,3
3,3,1,3,2,8.823,8823,1.27,9.64,-0.57,9.74,-0.0458,0.0087,-0.2531,-5.94,93.81,11.94,1.0549,9.6893,-0.7269,9.7736,P003_Barbell_Back_Squats_Inclination_Asymmetry_2_01.csv,3
3,3,1,3,2,8.953,8953,1.71,9.71,-0.53,9.8737,-0.0535,0.0284,0.1734,-6.63,94.13,12.5,1.1413,9.692,-0.7009,9.7841,P003_Barbell_Back_Squats_Inclination_Asymmetry_2_01.csv,3
3,3,1,3,2,9.084,9084,0.99,10.13,-0.77,10.2073,-0.0164,0.0327,0.276,-7.44,94.44,13.19,1.1213,9.7497,-0.71,9.8397,P003_Barbell_Back_Squats_Inclination_Asymmetry_2_01.csv,3
3,3,1,3,2,9.256,9256,1.28,9.83,-0.77,9.9428,0.0098,0.0175,0.0131,-7.44,94.56,13.0,1.1422,9.7603,-0.7179,9.8531,P003_Barbell_Back_Squats_Inclination_Asymmetry_2_01.csv,3
3,3,1,3,2,9.386,9386,1.41,8.87,-0.67,9.0063,0.0098,0.0196,0.012,-7.38,94.5,12.75,1.1775,9.643,-0.7116,9.7407,P003_Barbell_Back_Squats_Inclination_Asymmetry_2_01.csv,3
3,3,1,3,2,9.516,9516,1.16,8.53,-0.5,8.623,0.0011,0.0076,-0.1418,-7.63,94.44,12.94,1.1752,9.4963,-0.6837,9.5932,P003_Barbell_Back_Squats_Inclination_Asymmetry_2_01.csv,3
3,3,1,3,2,9.646,9646,0.71,9.28,-0.98,9.3586,-0.0229,0.0142,0.1025,-7.0,94.56,12.31,1.1139,9.4678,-0.7228,9.5605,P003_Barbell_Back_Squats_Inclination_Asymmetry_2_01.csv,3
3,4,1,3,2,9.776,9776,1.09,8.83,-0.41,8.9065,0.0033,-0.0044,-0.2443,-6.88,94.5,12.13,1.1108,9.3838,-0.6816,9.4738,P003_Barbell_Back_Squats_Inclination_Asymmetry_2_01.csv,3
3,4,1,3,2,9.906,9906,2.09,9.34,-0.83,9.6069,-0.0131,-0.0065,0.2378,-7.5,94.63,12.75,1.2398,9.378,-0.7011,9.4856,P003_Barbell_Back_Squats_Inclination_Asymmetry_2_01.csv,3
3,4,1,3,2,10.037,10037,1.57,9.56,-0.81,9.7219,-0.0469,-0.0153,0.1145,-6.5,94.81,11.88,1.2833,9.402,-0.7155,9.5161,P003_Barbell_Back_Squats_Inclination_Asymmetry_2_01.csv,3
3,4,1,3,2,10.168,10168,0.63,10.45,-1.17,10.5341,-0.0044,0.0022,0.4603,-6.25,95.06,11.75,1.1972,9.5401,-0.7754,9.6461,P003_Barbell_Back_Squats_Inclination_Asymmetry_2_01.csv,3
3,4,1,3,2,10.34,10340,0.56,10.92,-1.23,11.0033,0.012,-0.0164,0.1636,-6.5,95.19,12.19,1.1133,9.7219,-0.8353,9.821,P003_Barbell_Back_Squats_Inclination_Asymmetry_2_01.csv,3
3,4,1,3,2,10.47,10470,1.45,10.58,-0.63,10.6975,0.0305,-0.0447,-0.0196,-7.0,95.0,13.0,1.1576,9.835,-0.8082,9.9358,P003_Barbell_Back_Squats_Inclination_Asymmetry_2_01.csv,3
3,4,1,3,2,10.6,10600,-0.54,10.75,-1.15,10.8248,0.0425,-0.036,0.0316,-6.13,94.69,12.44,0.9339,9.9556,-0.8533,10.0356,P003_Barbell_Back_Squats_Inclination_Asymmetry_2_01.csv,3
3,4,1,3,2,10.73,10730,2.62,10.52,-0.81,10.8716,0.0338,-0.0295,-0.0905,-8.31,94.31,14.75,1.1561,10.03,-0.8476,10.1319,P003_Barbell_Back_Squats_Inclination_Asymmetry_2_01.csv,3
3,4,1,3,2,10.86,10860,1.86,10.94,-0.82,11.1272,-0.0022,-0.0371,-0.3131,-8.25,94.13,14.88,1.2489,10.1499,-0.8439,10.2612,P003_Barbell_Back_Squats_Inclination_Asymmetry_2_01.csv,3
3,4,1,3,2,10.99,10990,1.66,9.65,-0.4,9.7999,0.0087,-0.0044,-0.0687,-7.69,94.0,14.44,1.303,10.084,-0.7854,10.1981,P003_Barbell_Back_Squats_Inclination_Asymmetry_2_01.csv,3
3,4,1,3,2,11.121,11121,1.18,9.56,-0.71,9.6587,-0.0469,0.0055,-0.1484,-6.25,94.19,13.0,1.2868,10.015,-0.7755,10.127,P003_Barbell_Back_Squats_Inclination_Asymmetry_2_01.csv,3
3,4,1,3,2,11.251,11251,0.79,10.03,-0.55,10.0761,-0.0731,0.012,-0.4614,-6.13,94.56,12.81,1.2214,10.0169,-0.7458,10.1186,P003_Barbell_Back_Squats_Inclination_Asymmetry_2_01.csv,3
3,4,1,3,2,11.424,11424,1.45,10.56,-1.41,10.7519,-0.1473,0.0469,0.0589,-6.88,95.63,13.31,1.2515,10.0885,-0.8333,10.1999,P003_Barbell_Back_Squats_Inclination_Asymmetry_2_01.csv,3
3,4,1,3,2,11.555,11555,1.12,11.16,-1.24,11.2844,-0.1636,0.0502,-0.2465,-6.19,96.88,12.38,1.2342,10.2297,-0.8869,10.342,P003_Barbell_Back_Squats_Inclination_Asymmetry_2_01.csv,3
3,4,1,3,2,11.685,11685,0.67,10.54,-1.18,10.627,-0.0993,0.0284,-0.2138,-4.63,97.88,10.63,1.1598,10.2706,-0.9255,10.3772,P003_Barbell_Back_Squats_Inclination_Asymmetry_2_01.csv,3
3,4,1,3,2,11.816,11816,1.03,11.21,-1.39,11.3427,0.0087,0.0251,0.0982,-4.56,98.31,10.38,1.1427,10.3944,-0.9867,10.5034,P003_Barbell_Back_Squats_Inclination_Asymmetry_2_01.csv,3
3,4,1,3,2,11.946,11946,1.47,9.64,-1.75,9.9072,0.0447,0.0044,-0.2247,-3.44,97.94,9.19,1.1858,10.295,-1.0873,10.4199,P003_Barbell_Back_Squats_Inclination_Asymmetry_2_01.csv,3
3,4,1,3,2,12.077,12077,-1.19,10.1,-1.64,10.3012,-0.036,0.0033,-0.42,-1.88,97.75,7.5,0.8728,10.2693,-1.1601,10.3714,P003_Barbell_Back_Squats_Inclination_Asymmetry_2_01.csv,3
3,4,1,3,2,12.208,12208,0.67,9.73,-1.37,9.8488,-0.0218,0.0349,0.2836,-2.75,98.06,8.19,0.846,10.1982,-1.1878,10.302,P003_Barbell_Back_Squats_Inclination_Asymmetry_2_01.csv,3
3,4,1,3,2,12.338,12338,3.7,6.54,-0.99,7.579,-0.1025,-0.0044,-0.2803,-4.75,98.63,10.13,1.2221,9.7162,-1.1617,9.8614,P003_Barbell_Back_Squats_Inclination_Asymmetry_2_01.csv,3
3,4,1,3,2,12.512,12512,-2.06,10.08,-1.02,10.3388,0.0513,0.0404,1.4824,0.0,99.06,5.44,0.7896,9.7641,-1.1431,9.8624,P003_Barbell_Back_Squats_Inclination_Asymmetry_2_01.csv,3
3,4,1,3,2,12.645,12645,3.94,10.29,-1.7,11.1489,0.1724,-0.0807,-0.3512,-10.5,97.88,15.94,1.2048,9.8334,-1.2164,9.9813,P003_Barbell_Back_Squats_Inclination_Asymmetry_2_01.csv,3
3,4,1,3,2,12.776,12776,0.56,8.94,-1.06,9.02,0.1527,-0.036,0.2683,-7.88,96.63,13.56,1.1198,9.7157,-1.1958,9.8528,P003_Barbell_Back_Squats_Inclination_Asymmetry_2_01.csv,3
3,4,1,3,2,12.907,12907,2.45,10.16,-1.02,10.5009,0.1516,-0.0295,0.348,-10.06,95.69,15.81,1.2951,9.7742,-1.1727,9.9291,P003_Barbell_Back_Squats_Inclination_Asymmetry_2_01.csv,3
3,4,1,3,2,13.037,13037,1.58,9.69,-0.85,9.8547,0.1178,-0.0349,-0.1985,-9.94,94.63,15.69,1.3326,9.7631,-1.1301,9.9183,P003_Barbell_Back_Squats_Inclination_Asymmetry_2_01.csv,3
3,4,1,3,2,13.167,13167,1.46,9.74,-0.56,9.8647,0.1473,-0.0284,0.3207,-10.0,93.63,15.88,1.3494,9.7601,-1.055,9.9092,P003_Barbell_Back_Squats_Inclination_Asymmetry_2_01.csv,3
3,4,1,3,2,13.298,13298,1.92,9.96,-0.42,10.1521,0.1484,-0.0491,0.1113,-11.44,92.5,17.38,1.4246,9.7864,-0.9713,9.9372,P003_Barbell_Back_Squats_Inclination_Asymmetry_2_01.csv,3
3,4,1,3,2,13.428,13428,1.99,9.36,-0.31,9.5742,0.1385,-0.0665,-0.1167,-11.88,91.38,18.0,1.4991,9.7302,-0.8842,9.8847,P003_Barbell_Back_Squats_Inclination_Asymmetry_2_01.csv,3
3,4,1,3,2,13.601,13601,2.29,9.48,0.06,9.7529,0.0884,-0.0415,0.0796,-12.5,90.19,18.94,1.6033,9.6973,-0.7598,9.8582,P003_Barbell_Back_Squats_Inclination_Asymmetry_2_01.csv,3
3,4,1,3,2,13.731,13731,2.48,9.44,0.2,9.7624,0.0556,-0.0338,0.0458,-13.13,89.63,19.63,1.7189,9.6634,-0.6333,9.8354,P003_Barbell_Back_Squats_Inclination_Asymmetry_2_01.csv,3
3,4,1,3,2,13.861,13861,2.58,9.53,0.21,9.8753,0.0273,-0.0207,0.0196,-13.31,89.25,20.0,1.8323,9.6458,-0.5222,9.8322,P003_Barbell_Back_Squats_Inclination_Asymmetry_2_01.csv,3
3,4,1,3,2,13.991,13991,2.5,9.26,0.23,9.5943,0.0022,-0.0044,0.0513,-13.44,89.06,20.25,1.9203,9.5949,-0.4231,9.7944,P003_Barbell_Back_Squats_Inclination_Asymmetry_2_01.csv,3
3,4,1,3,2,14.121,14121,1.87,8.65,0.11,8.8505,-0.0305,0.0164,0.0665,-13.19,89.25,20.0,1.9137,9.4704,-0.3528,9.6683,P003_Barbell_Back_Squats_Inclination_Asymmetry_2_01.csv,3
3,4,1,3,2,14.251,14251,2.26,8.21,-0.14,8.5165,-0.1582,0.06,0.084,-13.94,90.0,20.63,1.9593,9.3043,-0.3248,9.5139,P003_Barbell_Back_Squats_Inclination_Asymmetry_2_01.csv,3
3,4,1,3,2,14.381,14381,1.82,8.95,0.01,9.1332,-0.1724,0.0862,0.1233,-13.94,91.38,20.44,1.941,9.2576,-0.2807,9.4631,P003_Barbell_Back_Squats_Inclination_Asymmetry_2_01.csv,3
3,5,1,3,2,14.512,14512,2.18,8.64,-0.13,8.9117,-0.1767,0.0698,-0.1876,-13.69,92.63,19.94,1.9725,9.1763,-0.2608,9.3895,P003_Barbell_Back_Squats_Inclination_Asymmetry_2_01.csv,3
3,5,1,3,2,14.685,14685,3.13,9.49,-0.57,10.0091,-0.1298,0.0589,-0.0491,-13.94,94.19,19.94,2.125,9.2176,-0.3015,9.4642,P003_Barbell_Back_Squats_Inclination_Asymmetry_2_01.csv,4
3,5,1,3,2,14.816,14816,2.63,9.66,-0.75,10.0397,-0.0807,0.0633,0.0665,-12.81,95.19,18.63,2.1915,9.2759,-0.3606,9.5381,P003_Barbell_Back_Squats_Inclination_Asymmetry_2_01.csv,4
3,5,1,3,2,14.946,14946,2.68,9.68,-0.79,10.0752,-0.0807,0.0393,-0.2673,-11.63,95.88,17.25,2.2559,9.3291,-0.4172,9.6071,P003_Barbell_Back_Squats_Inclination_Asymmetry_2_01.csv,4
3,5,1,3,2,15.077,15077,1.93,10.68,-1.31,10.9318,0.0447,0.0142,-0.168,-10.5,96.06,16.0,2.213,9.5072,-0.5349,9.776,P003_Barbell_Back_Squats_Inclination_Asymmetry_2_01.csv,4
3,5,1,3,2,15.207,15207,1.0,11.02,-1.23,11.1334,0.0175,-0.0087,-0.2683,-9.38,95.75,14.81,2.0531,9.7065,-0.6265,9.941,P003_Barbell_Back_Squats_Inclination_Asymmetry_2_01.csv,4
3,5,1,3,2,15.34,15340,1.58,10.81,-0.73,10.9492,0.0982,0.0425,0.4331,-9.06,95.25,14.31,1.9908,9.8519,-0.6401,10.0714,P003_Barbell_Back_Squats_Inclination_Asymmetry_2_01.csv,4
3,5,1,3,2,15.471,15471,2.59,10.77,-0.88,11.1119,0.0654,0.0404,-0.0251,-10.19,94.81,15.06,2.0697,9.9729,-0.6717,10.2075,P003_Barbell_Back_Squats_Inclination_Asymmetry_2_01.csv,4
3,5,1,3,2,15.605,15605,0.46,10.48,-1.02,10.5396,0.0425,0.0709,0.2334,-8.75,94.44,13.13,1.8576,10.0397,-0.7176,10.2353,P003_Barbell_Back_Squats_Inclination_Asymmetry_2_01.csv,4
3,5,1,3,2,15.778,15778,1.04,9.81,-0.75,9.8934,0.0229,0.0502,-0.2269,-9.13,94.19,12.88,1.7499,10.0095,-0.7219,10.1869,P003_Barbell_Back_Squats_Inclination_Asymmetry_2_01.csv,4
3,5,1,3,2,15.908,15908,1.78,10.77,-0.68,10.9373,0.0044,0.0513,0.0829,-10.31,94.13,13.56,1.7538,10.1097,-0.7164,10.2857,P003_Barbell_Back_Squats_Inclination_Asymmetry_2_01.csv,4
3,5,1,3,2,16.038,16038,3.56,12.07,-0.42,12.5911,0.0785,0.0545,0.9261,-12.31,93.94,15.19,1.9919,10.368,-0.6773,10.5793,P003_Barbell_Back_Squats_Inclination_Asymmetry_2_01.csv,4
3,5,1,3,2,16.168,16168,2.85,10.74,-0.71,11.1344,0.0873,-0.0404,-0.6163,-13.5,93.31,16.19,2.1049,10.417,-0.6816,10.6494,P003_Barbell_Back_Squats_Inclination_Asymmetry_2_01.csv,4
3,5,1,3,2,16.298,16298,-0.63,9.47,-0.49,9.5036,0.0578,-0.036,-0.0654,-8.13,92.69,11.06,1.7445,10.2922,-0.6564,10.4596,P003_Barbell_Back_Squats_Inclination_Asymmetry_2_01.csv,4
3,5,1,3,2,16.428,16428,2.59,9.41,-0.31,9.7649,0.0469,-0.0458,0.0731,-9.88,92.19,13.0,1.8559,10.176,-0.6107,10.3618,P003_Barbell_Back_Squats_Inclination_Asymmetry_2_01.csv,4
3,5,1,3,2,16.559,16559,2.14,10.04,-0.33,10.2708,-0.0109,-0.0644,0.1724,-9.5,92.06,13.06,1.8934,10.1581,-0.5737,10.3489,P003_Barbell_Back_Squats_Inclination_Asymmetry_2_01.csv,4
3,5,1,3,2,16.689,16689,1.99,8.87,-0.74,9.1206,-0.1025,-0.0349,0.4167,-8.75,92.44,12.81,1.9061,9.9883,-0.5956,10.186,P003_Barbell_Back_Squats_Inclination_Asymmetry_2_01.csv,4
3,5,1,3,2,16.862,16862,2.26,9.79,-0.83,10.0817,-0.1254,0.0,0.3916,-10.0,93.81,14.56,1.9527,9.9622,-0.6265,10.1711,P003_Barbell_Back_Squats_Inclination_Asymmetry_2_01.csv,4
3,5,1,3,2,16.993,16993,1.78,9.44,-0.52,9.6204,-0.1854,-0.0142,-0.0033,-11.25,95.0,16.06,1.93,9.8934,-0.6125,10.0985,P003_Barbell_Back_Squats_Inclination_Asymmetry_2_01.csv,4
3,5,1,3,2,17.124,17124,0.37,4.89,-0.7,4.9537,-0.1244,-0.0338,-1.0788,-10.31,95.75,15.38,1.7244,9.2341,-0.624,9.4144,P003_Barbell_Back_Squats_Inclination_Asymmetry_2_01.csv,4
3,5,1,3,2,17.254,17254,1.96,10.69,-1.49,10.9699,-0.0764,0.0709,2.0835,-10.56,96.56,15.75,1.7555,9.4259,-0.7381,9.6164,P003_Barbell_Back_Squats_Inclination_Asymmetry_2_01.csv,5
3,6,1,3,2,17.385,17385,2.71,9.65,-1.28,10.1047,-0.1113,0.0055,-0.6272,-14.75,97.38,19.94,1.8812,9.4554,-0.8095,9.6747,P003_Barbell_Back_Squats_Inclination_Asymmetry_2_01.csv,5
3,6,1,3,2,17.516,17516,2.4,9.29,-1.01,9.648,-0.0894,0.0425,0.4091,-13.63,98.19,18.88,1.9496,9.4336,-0.836,9.6692,P003_Barbell_Back_Squats_Inclination_Asymmetry_2_01.csv,5
3,6,1,3,2,17.651,17651,2.79,9.65,-1.56,10.1656,-0.1036,0.024,0.0262,-14.56,98.94,19.88,2.0603,9.4622,-0.9314,9.7286,P003_Barbell_Back_Squats_Inclination_Asymmetry_2_01.csv,5
3,6,1,3,2,17.782,17782,2.56,9.7,-1.33,10.1199,-0.0404,0.0076,0.0578,-14.69,99.5,20.0,2.1262,9.4935,-0.9839,9.7783,P003_Barbell_Back_Squats_Inclination_Asymmetry_2_01.csv,5
3,6,1,3,2,17.955,17955,3.09,9.94,-1.47,10.5125,0.0556,-0.0349,0.0644,-15.69,99.31,21.06,2.2532,9.5523,-1.048,9.8703,P003_Barbell_Back_Squats_Inclination_Asymmetry_2_01.csv,5
3,6,1,3,2,18.085,18085,2.92,9.78,-1.34,10.2942,0.1211,-0.0611,-0.0993,-15.75,98.44,21.31,2.3411,9.5823,-1.0864,9.9238,P003_Barbell_Back_Squats_Inclination_Asymmetry_2_01.csv,5
3,6,1,3,2,18.215,18215,3.12,9.61,-1.1,10.1635,0.1691,-0.0894,-0.0502,-15.69,97.19,21.44,2.4437,9.586,-1.0882,9.9522,P003_Barbell_Back_Squats_Inclination_Asymmetry_2_01.csv,5
3,6,1,3,2,18.345,18345,2.49,8.88,-0.75,9.2529,0.2018,-0.0927,-0.1887,-14.88,95.56,20.94,2.4498,9.4929,-1.0437,9.8594,P003_Barbell_Back_Squats_Inclination_Asymmetry_2_01.csv,5
3,6,1,3,2,18.475,18475,2.37,8.45,-0.74,8.8072,0.1593,-0.072,-0.2694,-13.38,94.19,19.63,2.4393,9.3555,-1.0036,9.7202,P003_Barbell_Back_Squats_Inclination_Asymmetry_2_01.csv,5
3,6,1,3,2,18.605,18605,2.76,8.37,-0.68,8.8395,0.0774,-0.0644,-0.3262,-12.63,93.19,19.06,2.4816,9.2256,-0.961,9.6018,P003_Barbell_Back_Squats_Inclination_Asymmetry_2_01.csv,5
3,6,1,3,2,18.735,18735,0.91,9.28,-0.65,9.3471,0.0698,-0.0338,0.1418,-10.75,92.69,17.44,2.2745,9.2328,-0.92,9.5532,P003_Barbell_Back_Squats_Inclination_Asymmetry_2_01.csv,5
3,6,1,3,2,18.866,18866,1.84,8.46,-0.26,8.6617,0.0589,-0.0404,0.1658,-11.0,92.19,18.0,2.2172,9.131,-0.833,9.4332,P003_Barbell_Back_Squats_Inclination_Asymmetry_2_01.csv,5
3,7,1,3,2,19.039,19039,2.83,9.01,-0.12,9.4448,0.0545,-0.0502,-0.0633,-10.81,91.69,18.19,2.298,9.115,-0.7391,9.4292,P003_Barbell_Back_Squats_Inclination_Asymmetry_2_01.csv,5
3,7,1,3,2,19.169,19169,0.94,10.8,-0.48,10.8515,-0.0295,-0.0382,-0.12,-9.63,91.5,17.31,2.119,9.3371,-0.7049,9.6004,P003_Barbell_Back_Squats_Inclination_Asymmetry_2_01.csv,5
3,7,1,3,2,19.299,19299,2.0,9.01,0.4,9.238,0.0589,-0.0109,0.1014,-8.5,91.31,16.31,2.1033,9.294,-0.5593,9.5454,P003_Barbell_Back_Squats_Inclination_Asymmetry_2_01.csv,5
3,7,1,3,2,19.429,19429,0.1,10.29,-0.36,10.2968,-0.0687,-0.0044,-0.1473,-8.25,91.5,16.13,1.8393,9.4252,-0.5331,9.6178,P003_Barbell_Back_Squats_Inclination_Asymmetry_2_01.csv,5
3,7,1,3,2,19.559,19559,1.45,9.97,-0.51,10.0878,-0.0807,0.0142,0.0829,-8.25,91.88,16.19,1.788,9.497,-0.53,9.6784,P003_Barbell_Back_Squats_Inclination_Asymmetry_2_01.csv,5
3,7,1,3,2,19.689,19689,2.17,10.93,-0.34,11.1485,-0.108,0.0273,0.3087,-9.13,92.69,17.06,1.8384,9.6858,-0.505,9.8717,P003_Barbell_Back_Squats_Inclination_Asymmetry_2_01.csv,5
3,7,1,3,2,19.819,19819,1.29,10.93,-0.95,11.0468,-0.1396,0.024,-0.1167,-8.5,93.69,16.5,1.7661,9.8498,-0.5636,10.0227,P003_Barbell_Back_Squats_Inclination_Asymmetry_2_01.csv,5
3,7,1,3,2,19.95,19950,0.7,10.19,-1.01,10.2638,-0.1494,0.0371,-0.0055,-7.44,94.69,15.31,1.6256,9.8946,-0.6224,10.0466,P003_Barbell_Back_Squats_Inclination_Asymmetry_2_01.csv,5
3,7,1,3,2,20.123,20123,1.27,10.0,-0.8,10.112,-0.1527,0.0687,-0.048,-7.88,96.19,15.44,1.5788,9.9085,-0.6458,10.0543,P003_Barbell_Back_Squats_Inclination_Asymmetry_2_01.csv,5
3,7,1,3,2,20.254,20254,1.36,9.94,-1.32,10.1191,-0.1342,0.0731,0.0447,-7.94,97.25,15.13,1.5499,9.9127,-0.7347,10.06,P003_Barbell_Back_Squats_Inclination_Asymmetry_2_01.csv,5
3,7,1,3,2,20.384,20384,1.41,10.15,-1.67,10.3827,-0.1233,0.0698,0.0175,-8.06,98.25,14.88,1.5315,9.9439,-0.8579,10.0977,P003_Barbell_Back_Squats_Inclination_Asymmetry_2_01.csv,5
3,7,1,3,2,20.514,20514,1.68,10.64,-1.73,10.9099,-0.0894,0.0676,0.0545,-8.94,99.06,15.31,1.5511,10.0357,-0.9728,10.2013,P003_Barbell_Back_Squats_Inclination_Asymmetry_2_01.csv,5
3,7,1,3,2,20.645,20645,1.63,10.59,-1.84,10.8716,-0.0098,0.048,0.0709,-9.13,99.38,15.19,1.5615,10.1087,-1.0871,10.2862,P003_Barbell_Back_Squats_Inclination_Asymmetry_2_01.csv,5
3,7,1,3,2,20.775,20775,4.62,11.74,-1.75,12.7371,0.0425,0.0207,0.1265,-12.13,99.44,17.88,1.9645,10.3237,-1.1745,10.5743,P003_Barbell_Back_Squats_Inclination_Asymmetry_2_01.csv,5
3,7,1,3,2,20.907,20907,1.16,10.49,-1.59,10.673,0.0633,-0.0251,-0.5563,-8.94,98.94,14.56,1.8585,10.3456,-1.2292,10.5828,P003_Barbell_Back_Squats_Inclination_Asymmetry_2_01.csv,5
3,7,1,3,2,21.037,21037,1.18,10.15,-1.74,10.3654,0.096,-0.0076,0.1963,-7.94,98.31,13.56,1.7691,10.3198,-1.2965,10.5503,P003_Barbell_Back_Squats_Inclination_Asymmetry_2_01.csv,5
3,7,1,3,2,21.213,21213,1.49,9.89,-1.43,10.1033,0.0916,-0.0327,-0.1025,-7.31,97.31,13.06,1.7323,10.2632,-1.3141,10.491,P003_Barbell_Back_Squats_Inclination_Asymmetry_2_01.csv,5
3,7,1,3,2,21.344,21344,-0.57,10.7,-1.77,10.8604,0.1058,-0.0316,0.216,-6.69,96.56,12.56,1.4289,10.3207,-1.3742,10.5094,P003_Barbell_Back_Squats_Inclination_Asymmetry_2_01.csv,5
3,7,1,3,2,21.475,21475,2.11,8.28,-0.61,8.5664,0.0785,-0.0393,-0.2094,-7.06,95.88,13.19,1.5187,10.0518,-1.2735,10.2454,P003_Barbell_Back_Squats_Inclination_Asymmetry_2_01.csv,5
3,7,1,3,2,21.605,21605,2.53,6.63,-0.47,7.1119,0.0185,-0.0327,-0.384,-7.88,95.63,14.06,1.6519,9.6009,-1.1676,9.8117,P003_Barbell_Back_Squats_Inclination_Asymmetry_2_01.csv,5
3,7,1,3,2,21.736,21736,-1.33,5.66,-0.47,5.8331,-0.0873,-0.0273,-0.7243,-1.63,95.69,8.13,1.259,9.0816,-1.0757,9.2313,P003_Barbell_Back_Squats_Inclination_Asymmetry_2_01.csv,5
3,7,1,3,2,21.866,21866,3.77,10.87,-1.01,11.5495,-0.0055,0.0087,0.8781,-8.25,95.94,14.63,1.5899,9.3173,-1.067,9.512,P003_Barbell_Back_Squats_Inclination_Asymmetry_2_01.csv,6
3,8,1,3,2,21.996,21996,0.55,9.92,-0.87,9.9733,-0.0229,-0.0142,-0.2793,-7.38,96.13,13.88,1.4529,9.3967,-1.0411,9.5652,P003_Barbell_Back_Squats_Inclination_Asymmetry_2_01.csv,6
3,8,1,3,2,22.127,22127,2.6,9.44,-1.05,9.8476,-0.024,0.0022,0.2422,-9.75,96.25,16.25,1.604,9.4024,-1.0422,9.595,P003_Barbell_Back_Squats_Inclination_Asymmetry_2_01.csv,6
3,8,1,3,2,22.3,22300,2.14,9.65,-1.11,9.9466,-0.0273,-0.012,-0.0993,-11.19,96.5,17.75,1.6746,9.435,-1.0512,9.64,P003_Barbell_Back_Squats_Inclination_Asymmetry_2_01.csv,6
3,8,1,3,2,22.43,22430,2.4,10.07,-1.03,10.4032,-0.0055,-0.0142,0.0654,-11.56,96.63,18.25,1.7702,9.5187,-1.0484,9.7385,P003_Barbell_Back_Squats_Inclination_Asymmetry_2_01.csv,6
3,8,1,3,2,22.561,22561,2.02,9.63,-1.13,9.9043,0.0033,-0.0218,-0.0055,-11.63,96.63,18.44,1.8031,9.5334,-1.0591,9.76,P003_Barbell_Back_Squats_Inclination_Asymmetry_2_01.csv,6
3,8,1,3,2,22.691,22691,2.12,9.62,-1.02,9.9035,0.0218,-0.0338,-0.0175,-12.25,96.5,19.19,1.8449,9.5448,-1.054,9.7784,P003_Barbell_Back_Squats_Inclination_Asymmetry_2_01.csv,6
3,8,1,3,2,22.821,22821,2.47,9.61,-1.08,9.981,0.0098,-0.0295,-0.0076,-12.69,96.38,19.88,1.9273,9.5534,-1.0574,9.803,P003_Barbell_Back_Squats_Inclination_Asymmetry_2_01.csv,6
3,8,1,3,2,22.951,22951,2.39,9.68,-1.02,10.0227,0.0076,-0.0218,-0.0415,-12.63,96.31,19.94,1.9882,9.5701,-1.0525,9.8309,P003_Barbell_Back_Squats_Inclination_Asymmetry_2_01.csv,6
3,8,1,3,2,23.081,23081,1.73,9.54,-0.96,9.743,0.0065,-0.024,-0.0022,-12.19,96.25,19.69,1.9542,9.5661,-1.0403,9.8189,P003_Barbell_Back_Squats_Inclination_Asymmetry_2_01.csv,6
3,8,1,3,2,23.211,23211,2.7,9.4,-0.82,9.8144,0.0076,-0.0185,-0.0393,-12.88,96.13,20.5,2.0525,9.5442,-1.0113,9.8147,P003_Barbell_Back_Squats_Inclination_Asymmetry_2_01.csv,6
3,8,1,3,2,23.384,23384,2.01,8.73,-0.99,9.0129,-0.0142,-0.0196,-0.1756,-11.81,96.06,19.56,2.0469,9.4369,-1.0085,9.7089,P003_Barbell_Back_Squats_Inclination_Asymmetry_2_01.csv,6
3,8,1,3,2,23.516,23516,0.76,8.69,-1.13,8.7961,-0.0295,-0.0098,-0.3414,-10.25,96.19,18.13,1.8773,9.3385,-1.0245,9.5803,P003_Barbell_Back_Squats_Inclination_Asymmetry_2_01.csv,6
3,8,1,3,2,23.646,23646,1.85,8.6,-0.87,8.8396,-0.0502,-0.0011,-0.0153,-10.19,96.44,18.06,1.8737,9.2412,-1.0041,9.4825,P003_Barbell_Back_Squats_Inclination_Asymmetry_2_01.csv,6
3,9,1,3,2,23.779,23779,0.54,8.94,-1.19,9.035,-0.0316,-0.0022,-0.2007,-9.06,96.81,17.0,1.698,9.2015,-1.0286,9.4132,P003_Barbell_Back_Squats_Inclination_Asymmetry_2_01.csv,6
3,9,1,3,2,23.91,23910,3.04,9.1,-0.93,9.6393,-0.1374,0.0251,-0.0993,-10.69,97.38,18.63,1.8748,9.1881,-1.0156,9.4323,P003_Barbell_Back_Squats_Inclination_Asymmetry_2_01.csv,6
3,9,1,3,2,24.043,24043,-0.17,10.69,-1.57,10.806,-0.0436,0.0436,0.1494,-9.31,98.19,17.19,1.6054,9.386,-1.0887,9.5844,P003_Barbell_Back_Squats_Inclination_Asymmetry_2_01.csv,6
3,9,1,3,2,24.174,24174,2.94,10.04,-1.47,10.5644,-0.0458,0.0098,-0.5389,-9.5,98.63,17.13,1.7812,9.4722,-1.1389,9.7053,P003_Barbell_Back_Squats_Inclination_Asymmetry_2_01.csv,6
3,9,1,3,2,24.304,24304,1.21,11.51,-1.64,11.689,0.0709,0.0011,-0.0709,-9.06,98.38,16.56,1.706,9.7407,-1.205,9.9621,P003_Barbell_Back_Squats_Inclination_Asymmetry_2_01.csv,6
3,9,1,3,2,24.477,24477,1.57,10.38,-1.15,10.5609,0.2116,0.0109,0.1931,-8.25,96.69,15.5,1.688,9.825,-1.1977,10.0406,P003_Barbell_Back_Squats_Inclination_Asymmetry_2_01.csv,6
3,9,1,3,2,24.607,24607,1.3,10.5,-1.08,10.6351,0.2411,0.0185,-0.0436,-8.5,95.06,15.44,1.6369,9.9139,-1.1822,10.1175,P003_Barbell_Back_Squats_Inclination_Asymmetry_2_01.csv,6
3,9,1,3,2,24.737,24737,1.38,10.35,-0.87,10.4778,0.1582,0.0251,-0.1025,-7.75,93.63,14.25,1.6031,9.9714,-1.1411,10.1637,P003_Barbell_Back_Squats_Inclination_Asymmetry_2_01.csv,6
3,9,1,3,2,24.867,24867,1.71,10.23,-0.37,10.3785,0.1178,0.0262,0.0796,-7.94,92.63,14.13,1.6171,10.0055,-1.0395,10.1885,P003_Barbell_Back_Squats_Inclination_Asymmetry_2_01.csv,6
3,9,1,3,2,24.997,24997,1.39,9.51,-0.1,9.6116,0.0851,0.0284,0.0545,-7.5,91.94,13.38,1.5872,9.9402,-0.9157,10.1077,P003_Barbell_Back_Squats_Inclination_Asymmetry_2_01.csv,6
3,9,1,3,2,25.127,25127,0.83,9.92,-0.39,9.9623,-0.0033,0.0055,-0.2487,-7.25,91.69,13.0,1.4874,9.9375,-0.8464,10.0838,P003_Barbell_Back_Squats_Inclination_Asymmetry_2_01.csv,6
3,9,1,3,2,25.258,25258,1.51,11.27,-0.42,11.3785,-0.0262,0.0196,0.3534,-8.13,91.75,13.69,1.4904,10.1131,-0.7902,10.2528,P003_Barbell_Back_Squats_Inclination_Asymmetry_2_01.csv,6
3,9,1,3,2,25.388,25388,2.99,11.81,-0.15,12.1835,-0.048,0.0196,0.0033,-11.13,92.13,16.56,1.688,10.3367,-0.7058,10.4974,P003_Barbell_Back_Squats_Inclination_Asymmetry_2_01.csv,6
3,9,1,3,2,25.561,25561,-0.79,9.63,-0.85,9.6997,-0.1244,-0.0251,-0.5138,-7.63,92.88,13.19,1.3615,10.2436,-0.7248,10.3591,P003_Barbell_Back_Squats_Inclination_Asymmetry_2_01.csv,7
3,9,1,3,2,25.691,25691,1.68,10.76,-0.42,10.8985,-0.1047,-0.0316,-0.2225,-9.88,93.5,15.63,1.4034,10.3116,-0.6847,10.4292,P003_Barbell_Back_Squats_Inclination_Asymmetry_2_01.csv,7
3,9,1,3,2,25.821,25821,3.09,9.74,-0.96,10.2634,-0.0676,-0.0262,0.2683,-9.69,94.06,15.75,1.6257,10.2363,-0.7209,10.3896,P003_Barbell_Back_Squats_Inclination_Asymmetry_2_01.csv,7
3,9,1,3,2,25.951,25951,2.18,10.39,-0.85,10.6502,-0.1244,-0.0469,0.228,-10.5,94.69,17.06,1.6987,10.2566,-0.738,10.4224,P003_Barbell_Back_Squats_Inclination_Asymmetry_2_01.csv,7
3,9,1,3,2,26.081,26081,2.94,8.32,-0.29,8.8289,0.0065,-0.0502,0.1484,-11.81,95.19,18.81,1.8623,10.0014,-0.6789,10.1959,P003_Barbell_Back_Squats_Inclination_Asymmetry_2_01.csv,7
3,9,1,3,2,26.211,26211,-1.03,4.79,-0.3,4.9087,-0.0469,-0.06,-1.0156,-7.25,95.25,14.63,1.4812,9.3146,-0.629,9.4526,P003_Barbell_Back_Squats_Inclination_Asymmetry_2_01.csv,7
3,9,1,3,2,26.341,26341,4.27,10.66,-0.9,11.5186,0.0295,0.0207,1.7366,-11.63,95.44,19.13,1.8487,9.4919,-0.6647,9.6931,P003_Barbell_Back_Squats_Inclination_Asymmetry_2_01.csv,7
3,9,1,3,2,26.472,26472,2.62,9.47,-0.89,9.866,0.0098,-0.0305,-0.5934,-13.44,95.31,21.0,1.9503,9.489,-0.6944,9.7122,P003_Barbell_Back_Squats_Inclination_Asymmetry_2_01.csv,7
3,10,1,3,2,26.645,26645,2.9,9.91,-0.78,10.355,0.0338,-0.0076,0.2476,-12.31,95.06,20.0,2.0755,9.5445,-0.7057,9.793,P003_Barbell_Back_Squats_Inclination_Asymmetry_2_01.csv,7
3,10,1,3,2,26.776,26776,1.65,9.81,-0.87,9.9858,0.0393,-0.0065,0.2563,-12.31,94.81,20.06,2.0194,9.5795,-0.7273,9.817,P003_Barbell_Back_Squats_Inclination_Asymmetry_2_01.csv,7
3,10,1,3,2,26.907,26907,2.36,9.88,-0.83,10.1918,0.0535,0.0022,0.2225,-13.19,94.44,20.94,2.0643,9.6191,-0.7409,9.866,P003_Barbell_Back_Squats_Inclination_Asymmetry_2_01.csv,7
3,10,1,3,2,27.037,27037,2.02,9.62,-0.78,9.8607,0.0644,0.0153,0.0622,-13.69,94.13,21.31,2.0584,9.6192,-0.746,9.8652,P003_Barbell_Back_Squats_Inclination_Asymmetry_2_01.csv,7
3,10,1,3,2,27.168,27168,1.94,9.77,-0.55,9.9759,0.0491,0.0338,-0.0687,-14.0,93.81,21.38,2.0428,9.6391,-0.7202,9.8795,P003_Barbell_Back_Squats_Inclination_Asymmetry_2_01.csv,7
3,10,1,3,2,27.299,27299,2.9,9.59,-0.54,10.0334,0.0556,0.0633,0.0349,-14.38,93.56,21.25,2.1558,9.6326,-0.6964,9.8954,P003_Barbell_Back_Squats_Inclination_Asymmetry_2_01.csv,7
3,10,1,3,2,27.434,27434,3.52,9.21,-0.36,9.8663,0.084,0.0894,0.1745,-15.0,93.31,21.25,2.3356,9.5769,-0.6521,9.8791,P003_Barbell_Back_Squats_Inclination_Asymmetry_2_01.csv,7
3,10,1,3,2,27.564,27564,2.33,9.35,-0.54,9.6511,0.0349,0.1102,-0.0785,-14.19,93.25,19.69,2.3348,9.547,-0.6373,9.849,P003_Barbell_Back_Squats_Inclination_Asymmetry_2_01.csv,7
3,10,1,3,2,27.737,27737,1.68,9.29,-0.33,9.4464,0.0393,0.1036,-0.0916,-11.63,93.19,16.06,2.2485,9.5132,-0.5968,9.7935,P003_Barbell_Back_Squats_Inclination_Asymmetry_2_01.csv,7
3,10,1,3,2,27.867,27867,1.79,9.02,-0.74,9.2256,0.0055,0.0731,-0.1113,-10.69,93.06,14.5,2.1881,9.4482,-0.6157,9.7178,P003_Barbell_Back_Squats_Inclination_Asymmetry_2_01.csv,7
3,10,1,3,2,27.997,27997,1.27,8.67,-0.33,8.7687,0.0251,0.0502,-0.0502,-9.38,93.0,12.75,2.0671,9.3456,-0.5781,9.5889,P003_Barbell_Back_Squats_Inclination_Asymmetry_2_01.csv,7
3,10,1,3,2,28.127,28127,1.92,9.62,-0.71,9.8354,0.0338,0.048,0.2989,-9.31,93.06,12.38,2.0477,9.3818,-0.5954,9.6211,P003_Barbell_Back_Squats_Inclination_Asymmetry_2_01.csv,7
3,11,1,3,2,28.258,28258,1.96,9.44,-0.28,9.6454,-0.0185,0.0164,-0.0349,-9.19,93.06,12.06,2.0362,9.3895,-0.5539,9.6236,P003_Barbell_Back_Squats_Inclination_Asymmetry_2_01.csv,7
3,11,1,3,2,28.388,28388,1.4,9.24,-0.61,9.3653,-0.0153,0.0033,-0.3567,-8.75,93.19,11.63,1.9523,9.3698,-0.5613,9.5874,P003_Barbell_Back_Squats_Inclination_Asymmetry_2_01.csv,7
3,11,1,3,2,28.519,28519,2.56,9.41,-0.65,9.7736,-0.0774,0.0295,0.1963,-9.88,93.5,12.63,2.0324,9.3751,-0.573,9.6099,P003_Barbell_Back_Squats_Inclination_Asymmetry_2_01.csv,7
3,11,1,3,2,28.649,28649,0.77,9.62,-0.63,9.6713,-0.0556,0.0175,-0.1865,-10.25,94.0,12.88,1.8661,9.4073,-0.5805,9.6082,P003_Barbell_Back_Squats_Inclination_Asymmetry_2_01.csv,7
3,11,1,3,2,28.822,28822,0.59,10.73,-0.97,10.7899,-0.072,-0.0055,-0.6698,-8.5,94.63,11.06,1.6979,9.5816,-0.6318,9.7514,P003_Barbell_Back_Squats_Inclination_Asymmetry_2_01.csv,7
3,11,1,3,2,28.952,28952,2.58,10.95,-0.81,11.279,-0.0142,0.0065,0.2116,-9.25,94.81,11.81,1.8141,9.7619,-0.6553,9.9507,P003_Barbell_Back_Squats_Inclination_Asymmetry_2_01.csv,7
3,11,1,3,2,29.082,29082,1.41,10.44,-0.74,10.5607,-0.0371,0.0011,0.0218,-7.81,95.0,10.44,1.7609,9.8513,-0.6665,10.0296,P003_Barbell_Back_Squats_Inclination_Asymmetry_2_01.csv,7
3,11,1,3,2,29.212,29212,1.51,10.44,-0.85,10.5828,-0.0142,0.0033,0.0011,-8.25,95.25,10.88,1.7278,9.9289,-0.6906,10.1017,P003_Barbell_Back_Squats_Inclination_Asymmetry_2_01.csv,7
3,11,1,3,2,29.342,29342,1.55,10.33,-0.79,10.4755,-0.0393,0.0011,-0.1494,-8.25,95.44,10.94,1.7044,9.9817,-0.7037,10.1506,P003_Barbell_Back_Squats_Inclination_Asymmetry_2_01.csv,7
3,11,1,3,2,29.472,29472,0.78,10.02,-1.02,10.1019,-0.0284,-0.0044,-0.0207,-7.63,95.63,10.31,1.5826,9.9868,-0.7454,10.1388,P003_Barbell_Back_Squats_Inclination_Asymmetry_2_01.csv,7
3,11,1,3,2,29.602,29602,1.18,10.07,-1.15,10.2039,-0.0065,-0.0065,-0.0142,-8.06,95.69,10.75,1.5295,9.9977,-0.7987,10.1456,P003_Barbell_Back_Squats_Inclination_Asymmetry_2_01.csv,7
3,11,1,3,2,29.733,29733,3.32,11.72,-1.11,12.2316,-0.0022,-0.0207,0.1451,-9.13,95.69,11.94,1.7655,10.2247,-0.8397,10.4099,P003_Barbell_Back_Squats_Inclination_Asymmetry_2_01.csv,7
3,11,1,3,2,29.906,29906,1.9,11.0,-0.91,11.1999,0.0556,-0.0393,-0.0884,-7.38,95.5,10.5,1.7832,10.3269,-0.849,10.514,P003_Barbell_Back_Squats_Inclination_Asymmetry_2_01.csv,7
3,11,1,3,2,30.038,30038,0.39,10.37,-0.85,10.4121,0.0371,-0.0633,-0.1265,-5.88,95.25,9.38,1.5996,10.3325,-0.8491,10.4901,P003_Barbell_Back_Squats_Inclination_Asymmetry_2_01.csv,7
3,11,1,3,2,30.169,30169,1.53,10.63,-0.9,10.7772,0.0207,-0.0665,0.276,-7.0,94.94,10.88,1.5904,10.3717,-0.8558,10.5278,P003_Barbell_Back_Squats_Inclination_Asymmetry_2_01.csv,7
3,11,1,3,2,30.304,30304,0.89,10.77,-1.01,10.8538,0.0022,-0.0731,0.1876,-7.94,94.88,12.38,1.4981,10.4242,-0.8761,10.5677,P003_Barbell_Back_Squats_Inclination_Asymmetry_2_01.csv,7
3,11,1,3,2,30.435,30435,2.94,8.96,-0.76,9.4606,0.06,-0.0764,0.1702,-9.81,94.69,14.81,1.6881,10.2313,-0.8608,10.4053,P003_Barbell_Back_Squats_Inclination_Asymmetry_2_01.csv,8
3,11,1,3,2,30.566,30566,2.3,4.91,-0.31,5.4309,0.0425,-0.1222,-0.8705,-9.38,94.19,14.94,1.7688,9.5301,-0.7883,9.7248,P003_Barbell_Back_Squats_Inclination_Asymmetry_2_01.csv,8
3,11,1,3,2,30.696,30696,-1.26,9.2,-1.02,9.3417,0.0098,-0.06,0.6338,-6.13,93.94,12.31,1.3697,9.4866,-0.8188,9.6198,P003_Barbell_Back_Squats_Inclination_Asymmetry_2_01.csv,8
3,11,1,3,2,30.826,30826,4.09,10.7,-0.7,11.4764,0.0316,-0.0665,-0.0305,-12.19,93.63,18.63,1.7281,9.6465,-0.8031,9.8329,P003_Barbell_Back_Squats_Inclination_Asymmetry_2_01.csv,8
3,12,1,3,2,30.999,30999,1.42,9.34,-0.56,9.4639,0.0065,-0.0284,0.2716,-10.06,93.44,17.0,1.6875,9.6061,-0.7711,9.7836,P003_Barbell_Back_Squats_Inclination_Asymmetry_2_01.csv,8
3,12,1,3,2,31.13,31130,2.0,9.82,-0.53,10.0356,-0.0371,-0.0284,-0.0022,-11.88,93.5,19.0,1.7287,9.6343,-0.7393,9.816,P003_Barbell_Back_Squats_Inclination_Asymmetry_2_01.csv,8
3,12,1,3,2,31.26,31260,2.59,9.68,-0.4,10.0285,0.0065,-0.0229,-0.1276,-12.44,93.5,19.75,1.8422,9.6403,-0.6946,9.8393,P003_Barbell_Back_Squats_Inclination_Asymmetry_2_01.csv,8
3,12,1,3,2,31.391,31391,2.31,10.05,-0.2,10.314,0.0742,-0.0415,0.1625,-12.75,93.19,20.19,1.9038,9.6943,-0.6294,9.8995,P003_Barbell_Back_Squats_Inclination_Asymmetry_2_01.csv,8
3,12,1,3,2,31.522,31522,2.96,10.04,-0.41,10.4753,0.1178,-0.0785,0.0,-13.81,92.31,21.56,2.043,9.7398,-0.6005,9.9699,P003_Barbell_Back_Squats_Inclination_Asymmetry_2_01.csv,8
3,12,1,3,2,31.652,31652,2.49,9.75,-0.09,10.0633,0.1953,-0.096,-0.0796,-13.63,90.88,21.63,2.1019,9.7412,-0.5332,9.9796,P003_Barbell_Back_Squats_Inclination_Asymmetry_2_01.csv,8
3,12,1,3,2,31.783,31783,2.59,9.41,0.2,9.762,0.2793,-0.1298,-0.1996,-13.0,89.0,21.44,2.1662,9.6975,-0.4366,9.9461,P003_Barbell_Back_Squats_Inclination_Asymmetry_2_01.csv,8
3,12,1,3,2,31.914,31914,1.48,9.44,0.14,9.5563,0.3087,-0.1494,-0.3818,-11.0,86.69,20.0,2.0758,9.6636,-0.3606,9.8906,P003_Barbell_Back_Squats_Inclination_Asymmetry_2_01.csv,8
3,12,1,3,2,32.088,32088,1.36,8.95,0.45,9.0639,0.3305,-0.12,-0.1625,-9.13,83.31,18.94,1.9815,9.5696,-0.2538,9.7759,P003_Barbell_Back_Squats_Inclination_Asymmetry_2_01.csv,8
3,12,1,3,2,32.221,32221,0.64,7.86,1.22,7.9798,0.2476,-0.0698,-0.1909,-7.06,80.94,17.31,1.8047,9.3443,-0.0596,9.5172,P003_Barbell_Back_Squats_Inclination_Asymmetry_2_01.csv,8
3,12,1,3,2,32.351,32351,1.58,9.01,1.86,9.3347,0.1953,-0.0076,0.3742,-7.75,79.44,18.06,1.7751,9.3002,0.1933,9.4701,P003_Barbell_Back_Squats_Inclination_Asymmetry_2_01.csv,8
3,13,1,3,2,32.482,32482,1.43,9.43,2.11,9.7684,0.0513,0.0065,-0.0927,-8.13,78.56,18.38,1.7296,9.3173,0.4459,9.487,P003_Barbell_Back_Squats_Inclination_Asymmetry_2_01.csv,8
3,13,1,3,2,32.612,32612,0.78,9.55,1.92,9.7723,-0.0305,0.0305,-0.0578,-6.31,78.44,16.44,1.6045,9.348,0.6402,9.5063,P003_Barbell_Back_Squats_Inclination_Asymmetry_2_01.csv,8
3,13,1,3,2,32.743,32743,1.04,9.63,1.83,9.8574,-0.0644,0.0447,-0.1167,-7.13,78.69,17.0,1.5301,9.3852,0.797,9.5424,P003_Barbell_Back_Squats_Inclination_Asymmetry_2_01.csv,8
3,13,1,3,2,32.873,32873,1.02,10.53,1.83,10.7364,-0.0829,0.0676,0.0524,-6.63,79.25,16.13,1.4629,9.536,0.9331,9.6926,P003_Barbell_Back_Squats_Inclination_Asymmetry_2_01.csv,8
3,13,1,3,2,33.003,33003,-0.06,10.01,1.77,10.1655,-0.0785,0.0884,-0.1473,-5.69,79.81,14.69,1.2622,9.5985,1.0434,9.7372,P003_Barbell_Back_Squats_Inclination_Asymmetry_2_01.csv,8
3,13,1,3,2,33.176,33176,1.56,10.85,2.07,11.1553,-0.1014,0.0971,-0.1625,-7.75,80.75,15.81,1.3014,9.7634,1.1786,9.92,P003_Barbell_Back_Squats_Inclination_Asymmetry_2_01.csv,8
3,13,1,3,2,33.306,33306,1.72,10.74,1.46,10.9744,-0.1364,0.0993,0.0927,-7.13,81.81,14.56,1.3566,9.8921,1.2157,10.0584,P003_Barbell_Back_Squats_Inclination_Asymmetry_2_01.csv,8
3,13,1,3,2,33.436,33436,1.06,10.36,1.24,10.4876,-0.0905,0.0567,-0.132,-5.69,82.69,12.63,1.3175,9.9537,1.2189,10.1143,P003_Barbell_Back_Squats_Inclination_Asymmetry_2_01.csv,8
3,13,1,3,2,33.566,33566,1.59,10.75,0.85,10.9001,-0.0207,0.0164,-0.1047,-6.06,83.13,12.75,1.3534,10.0587,1.1703,10.2166,P003_Barbell_Back_Squats_Inclination_Asymmetry_2_01.csv,8
3,13,1,3,2,33.696,33696,0.87,10.94,1.36,11.0585,0.0044,-0.0131,-0.0578,-4.75,83.13,11.5,1.2897,10.1748,1.1953,10.3256,P003_Barbell_Back_Squats_Inclination_Asymmetry_2_01.csv,8
3,13,1,3,2,33.826,33826,1.98,11.87,0.93,12.0699,0.0131,-0.0251,0.3905,-6.44,82.94,13.31,1.3807,10.3982,1.1603,10.5534,P003_Barbell_Back_Squats_Inclination_Asymmetry_2_01.csv,8
3,13,1,3,2,33.957,33957,-1.94,10.97,1.18,11.2025,0.0273,-0.072,-0.4909,-3.38,82.81,10.69,0.9431,10.4735,1.1629,10.58,P003_Barbell_Back_Squats_Inclination_Asymmetry_2_01.csv,8
3,13,1,3,2,34.087,34087,1.77,10.31,1.31,10.5425,0.0393,-0.0774,0.2138,-5.56,82.25,13.31,1.0521,10.452,1.1823,10.5711,P003_Barbell_Back_Squats_Inclination_Asymmetry_2_01.csv,9
3,13,1,3,2,34.26,34260,0.81,10.49,1.2,10.5894,0.0055,-0.0884,0.3567,-6.25,82.0,14.81,1.0202,10.457,1.1846,10.5732,P003_Barbell_Back_Squats_Inclination_Asymmetry_2_01.csv,9
3,13,1,3,2,34.391,34391,2.42,9.52,1.44,9.9278,-0.0207,-0.0818,0.2182,-7.19,82.13,16.5,1.2046,10.3335,1.2183,10.4746,P003_Barbell_Back_Squats_Inclination_Asymmetry_2_01.csv,9
3,13,1,3,2,34.526,34526,2.68,6.74,1.15,7.3439,-0.0535,-0.0905,-0.1473,-7.88,82.38,17.81,1.399,9.86,1.2093,10.0319,P003_Barbell_Back_Squats_Inclination_Asymmetry_2_01.csv,9
3,13,1,3,2,34.659,34659,-2.55,6.53,0.82,7.058,-0.0633,-0.0578,0.2814,-5.0,82.81,15.69,0.8787,9.4212,1.158,9.5327,P003_Barbell_Back_Squats_Inclination_Asymmetry_2_01.csv,9
3,13,1,3,2,34.789,34789,3.5,9.51,2.22,10.3739,-0.0305,-0.0142,1.0767,-11.0,83.13,22.0,1.2241,9.4329,1.2979,9.6001,P003_Barbell_Back_Squats_Inclination_Asymmetry_2_01.csv,9
3,13,1,3,2,34.92,34920,0.41,9.96,0.14,9.9694,-0.1298,-0.0142,-0.5727,-8.56,84.06,19.88,1.1168,9.5023,1.1454,9.6361,P003_Barbell_Back_Squats_Inclination_Asymmetry_2_01.csv,9
3,14,1,3,2,35.05,35050,1.22,10.02,0.8,10.1257,-0.18,0.024,0.0774,-8.69,85.06,20.06,1.1304,9.5706,1.0998,9.6996,P003_Barbell_Back_Squats_Inclination_Asymmetry_2_01.csv,9
3,14,1,3,2,35.181,35181,2.13,9.96,0.32,10.1902,-0.0862,0.0415,0.2673,-10.06,86.06,21.25,1.2621,9.6219,0.9971,9.7554,P003_Barbell_Back_Squats_Inclination_Asymmetry_2_01.csv,9
3,14,1,3,2,35.353,35353,2.14,9.95,0.65,10.1983,-0.0502,0.0404,-0.0251,-10.88,87.0,21.88,1.3778,9.6651,0.9513,9.8091,P003_Barbell_Back_Squats_Inclination_Asymmetry_2_01.csv,9
3,14,1,3,2,35.484,35484,1.99,9.79,0.23,9.9929,-0.0709,0.0545,0.0611,-11.06,87.44,21.81,1.4585,9.6816,0.8563,9.8282,P003_Barbell_Back_Squats_Inclination_Asymmetry_2_01.csv,9
3,14,1,3,2,35.614,35614,1.81,9.99,0.41,10.1609,-0.0076,0.0611,0.0818,-11.19,87.81,21.56,1.5048,9.7222,0.7975,9.8703,P003_Barbell_Back_Squats_Inclination_Asymmetry_2_01.csv,9
3,14,1,3,2,35.745,35745,2.25,10.35,0.55,10.606,0.036,0.072,0.2476,-12.06,87.88,22.0,1.603,9.8049,0.7649,9.9645,P003_Barbell_Back_Squats_Inclination_Asymmetry_2_01.csv,9
3,14,1,3,2,35.875,35875,2.7,9.93,0.46,10.3008,0.1134,0.0338,-0.2498,-12.5,87.31,21.88,1.7476,9.8214,0.7247,10.002,P003_Barbell_Back_Squats_Inclination_Asymmetry_2_01.csv,9
3,14,1,3,2,36.006,36006,2.4,9.25,0.73,9.5841,0.1767,0.024,-0.096,-12.0,86.25,20.94,1.8335,9.7461,0.7254,9.9436,P003_Barbell_Back_Squats_Inclination_Asymmetry_2_01.csv,9
3,14,1,3,2,36.137,36137,1.53,8.97,0.8,9.1346,0.1702,0.0131,-0.3076,-10.44,85.06,19.0,1.7935,9.6438,0.7352,9.8367,P003_Barbell_Back_Squats_Inclination_Asymmetry_2_01.csv,9
3,14,1,3,2,36.267,36267,2.29,8.16,0.75,8.5084,0.1811,0.0218,0.0709,-9.13,83.88,17.38,1.859,9.4483,0.7372,9.6576,P003_Barbell_Back_Squats_Inclination_Asymmetry_2_01.csv,9
3,14,1,3,2,36.44,36440,1.14,8.69,0.95,8.8158,0.1734,0.0207,-0.1854,-7.0,82.44,14.88,1.7642,9.3484,0.7652,9.5441,P003_Barbell_Back_Squats_Inclination_Asymmetry_2_01.csv,9
3,15,1,3,2,36.574,36574,2.27,9.3,1.48,9.6868,0.0611,0.0065,0.1484,-7.38,81.63,15.13,1.8309,9.342,0.8594,9.5584,P003_Barbell_Back_Squats_Inclination_Asymmetry_2_01.csv,9
3,15,1,3,2,36.705,36705,-0.33,10.43,1.16,10.4995,0.0894,0.0087,0.1942,-5.88,81.31,13.56,1.5461,9.4854,0.899,9.6525,P003_Barbell_Back_Squats_Inclination_Asymmetry_2_01.csv,9
3,15,1,3,2,36.836,36836,2.03,9.02,1.51,9.3681,-0.0338,-0.0011,-0.192,-5.38,81.25,13.06,1.6099,9.4241,0.9795,9.6106,P003_Barbell_Back_Squats_Inclination_Asymmetry_2_01.csv,9
3,15,1,3,2,36.966,36966,2.1,11.4,1.7,11.7158,0.0905,0.0349,0.8083,-6.63,81.06,14.31,1.6745,9.6844,1.0745,9.8867,P003_Barbell_Back_Squats_Inclination_Asymmetry_2_01.csv,9
3,15,1,3,2,37.096,37096,0.53,9.91,1.47,10.0324,-0.0011,0.024,-0.1876,-5.44,80.81,13.0,1.5237,9.7142,1.1266,9.8973,P003_Barbell_Back_Squats_Inclination_Asymmetry_2_01.csv,9
3,15,1,3,2,37.227,37227,1.81,11.31,1.71,11.5809,0.0458,0.0065,-0.0327,-6.69,80.63,14.06,1.5614,9.9245,1.2035,10.1183,P003_Barbell_Back_Squats_Inclination_Asymmetry_2_01.csv,9
3,15,1,3,2,37.357,37357,-0.01,10.82,1.86,10.9787,0.0262,0.0207,0.1811,-5.06,80.5,12.38,1.3543,10.0425,1.29,10.2151,P003_Barbell_Back_Squats_Inclination_Asymmetry_2_01.csv,9
3,15,1,3,2,37.53,37530,1.89,10.27,1.72,10.5832,-0.0524,-0.0109,0.1145,-6.63,80.44,13.94,1.4249,10.0724,1.3466,10.2615,P003_Barbell_Back_Squats_Inclination_Asymmetry_2_01.csv,9
3,15,1,3,2,37.661,37661,0.59,10.01,2.18,10.2616,-0.0567,-0.0207,0.0807,-5.69,80.81,13.19,1.3149,10.0642,1.4565,10.2537,P003_Barbell_Back_Squats_Inclination_Asymmetry_2_01.csv,9
3,15,1,3,2,37.792,37792,1.61,11.5,1.73,11.7403,-0.0676,-0.0371,0.228,-7.5,81.19,15.19,1.3538,10.2534,1.4925,10.4495,P003_Barbell_Back_Squats_Inclination_Asymmetry_2_01.csv,9
3,15,1,3,2,37.922,37922,1.77,11.56,1.54,11.7957,-0.0578,-0.0513,-0.0633,-9.06,81.56,17.19,1.4086,10.4256,1.4988,10.6265,P003_Barbell_Back_Squats_Inclination_Asymmetry_2_01.csv,9
3,15,1,3,2,38.053,38053,1.54,10.47,1.47,10.6843,0.0076,-0.0742,-0.3218,-7.31,81.81,15.94,1.4259,10.4314,1.495,10.6341,P003_Barbell_Back_Squats_Inclination_Asymmetry_2_01.csv,9
3,15,1,3,2,38.183,38183,2.05,9.47,1.63,9.8255,0.072,-0.0829,0.1287,-6.56,81.56,15.75,1.5082,10.3047,1.5128,10.5238,P003_Barbell_Back_Squats_Inclination_Asymmetry_2_01.csv,10
3,15,1,3,2,38.316,38316,0.38,10.83,1.75,10.9771,-0.0207,-0.0982,-0.0425,-6.56,81.38,16.38,1.3595,10.374,1.544,10.576,P003_Barbell_Back_Squats_Inclination_Asymmetry_2_01.csv,10
3,15,1,3,2,38.447,38447,2.42,8.66,1.44,9.1063,-0.0142,-0.072,0.1963,-7.13,81.44,17.56,1.4993,10.1481,1.5303,10.3718,P003_Barbell_Back_Squats_Inclination_Asymmetry_2_01.csv,10
3,15,1,3,2,38.622,38622,-0.82,5.04,0.79,5.167,-0.036,-0.0611,-0.0982,-4.69,81.81,15.94,1.1936,9.475,1.4328,9.6568,P003_Barbell_Back_Squats_Inclination_Asymmetry_2_01.csv,10
3,15,1,3,2,38.752,38752,0.48,9.07,0.73,9.112,-0.0884,-0.024,0.6621,-7.69,82.19,19.31,1.0996,9.4216,1.3402,9.5798,P003_Barbell_Back_Squats_Inclination_Asymmetry_2_01.csv,10
3,15,1,3,2,38.883,38883,3.92,10.51,2.12,11.4158,-0.0993,-0.036,-0.3632,-11.13,82.75,23.06,1.4713,9.565,1.4429,9.7845,P003_Barbell_Back_Squats_Inclination_Asymmetry_2_01.csv,10
3,16,1,3,2,39.013,39013,0.62,9.17,1.04,9.2496,-0.1058,-0.0065,0.096,-8.25,83.56,20.44,1.3591,9.513,1.3898,9.7096,P003_Barbell_Back_Squats_Inclination_Asymmetry_2_01.csv,10
3,16,1,3,2,39.144,39144,1.72,10.31,1.01,10.5012,-0.084,0.024,0.3742,-10.19,84.25,22.5,1.4066,9.618,1.3398,9.8122,P003_Barbell_Back_Squats_Inclination_Asymmetry_2_01.csv,10
3,16,1,3,2,39.274,39274,1.24,9.79,0.69,9.8923,-0.0894,0.0229,-0.1898,-10.38,84.94,22.63,1.3847,9.6407,1.2542,9.82,P003_Barbell_Back_Squats_Inclination_Asymmetry_2_01.csv,10
3,16,1,3,2,39.404,39404,1.81,10.04,0.8,10.2332,-0.0262,0.0382,0.0753,-11.31,85.31,23.38,1.4407,9.6933,1.1943,9.8723,P003_Barbell_Back_Squats_Inclination_Asymmetry_2_01.csv,10
3,16,1,3,2,39.535,39535,2.04,9.94,0.68,10.1699,0.0044,0.0327,-0.1189,-11.75,85.44,23.5,1.5197,9.7258,1.1265,9.9081,P003_Barbell_Back_Squats_Inclination_Asymmetry_2_01.csv,10
3,16,1,3,2,39.708,39708,2.19,9.83,0.81,10.1035,0.0185,0.0447,0.0153,-12.13,85.38,23.44,1.608,9.7395,1.0848,9.9308,P003_Barbell_Back_Squats_Inclination_Asymmetry_2_01.csv,10
3,16,1,3,2,39.838,39838,2.05,9.53,0.92,9.7913,0.0316,0.0458,0.0807,-12.56,85.19,23.56,1.6663,9.7119,1.0631,9.911,P003_Barbell_Back_Squats_Inclination_Asymmetry_2_01.csv,10
3,16,1,3,2,39.968,39968,2.24,9.59,0.81,9.8814,0.0262,0.0316,-0.0851,-12.75,85.06,23.44,1.7419,9.6959,1.0298,9.9048,P003_Barbell_Back_Squats_Inclination_Asymmetry_2_01.csv,10
3,16,1,3,2,40.098,40098,2.6,9.25,0.95,9.6553,0.0033,0.0305,-0.1538,-12.63,84.94,23.0,1.8549,9.6371,1.0192,9.8668,P003_Barbell_Back_Squats_Inclination_Asymmetry_2_01.csv,10
3,16,1,3,2,40.228,40228,2.51,8.6,0.82,8.9962,0.0273,0.0338,-0.0709,-12.81,84.88,22.94,1.9413,9.5004,0.993,9.7475,P003_Barbell_Back_Squats_Inclination_Asymmetry_2_01.csv,10
3,16,1,3,2,40.358,40358,1.0,8.68,0.67,8.7631,-0.0153,0.0349,-0.0109,-10.19,85.0,20.13,1.8172,9.3923,0.9504,9.6136,P003_Barbell_Back_Squats_Inclination_Asymmetry_2_01.csv,10
3,16,1,3,2,40.488,40488,1.97,9.03,0.8,9.2769,-0.0164,0.0295,0.024,-10.75,85.06,20.44,1.8374,9.3446,0.9306,9.5689,P003_Barbell_Back_Squats_Inclination_Asymmetry_2_01.csv,10
3,16,1,3,2,40.619,40619,2.29,9.3,0.71,9.6041,0.0033,0.0087,-0.0807,-11.5,85.13,21.06,1.897,9.3387,0.9015,9.572,P003_Barbell_Back_Squats_Inclination_Asymmetry_2_01.csv,10
3,17,1,3,2,40.791,40791,2.45,9.69,1.0,10.0448,-0.0087,0.0055,-0.0502,-11.44,85.19,20.94,1.9699,9.385,0.9145,9.633,P003_Barbell_Back_Squats_Inclination_Asymmetry_2_01.csv,10
3,17,1,3,2,40.921,40921,1.87,9.69,0.86,9.9062,-0.0011,-0.0229,-0.4287,-10.25,85.19,19.81,1.9567,9.4252,0.9073,9.6688,P003_Barbell_Back_Squats_Inclination_Asymmetry_2_01.csv,10
3,17,1,3,2,41.051,41051,3.15,9.74,1.2,10.3068,0.0916,-0.0207,-0.0065,-10.13,84.81,19.75,2.114,9.4667,0.9459,9.7458,P003_Barbell_Back_Squats_Inclination_Asymmetry_2_01.csv,10
3,17,1,3,2,41.182,41182,1.29,9.86,0.85,9.9803,0.1233,-0.0305,0.3523,-9.13,84.25,18.88,2.0054,9.5185,0.9333,9.7721,P003_Barbell_Back_Squats_Inclination_Asymmetry_2_01.csv,10
3,17,1,3,2,41.312,41312,1.25,10.39,0.86,10.5002,0.0415,-0.0153,-0.1036,-7.75,83.69,17.69,1.9058,9.6333,0.9236,9.8634,P003_Barbell_Back_Squats_Inclination_Asymmetry_2_01.csv,10
3,17,1,3,2,41.442,41442,1.99,11.29,1.27,11.5342,0.0055,0.0109,0.2367,-8.44,83.44,18.38,1.9169,9.8517,0.9692,10.0831,P003_Barbell_Back_Squats_Inclination_Asymmetry_2_01.csv,10
3,17,1,3,2,41.572,41572,1.18,10.6,1.35,10.7506,-0.0305,0.0098,-0.0458,-8.38,83.56,18.25,1.8198,9.9503,1.0194,10.1665,P003_Barbell_Back_Squats_Inclination_Asymmetry_2_01.csv,10
3,17,1,3,2,41.702,41702,1.55,10.38,1.02,10.5445,-0.132,0.0207,-0.0022,-8.44,84.13,18.25,1.7843,10.0069,1.0195,10.2157,P003_Barbell_Back_Squats_Inclination_Asymmetry_2_01.csv,10
3,17,1,3,2,41.875,41875,0.12,11.04,0.81,11.0703,-0.1254,0.0305,0.3054,-8.25,85.31,18.0,1.565,10.143,0.9919,10.3109,P003_Barbell_Back_Squats_Inclination_Asymmetry_2_01.csv,10
3,17,1,3,2,42.006,42006,2.41,11.47,0.75,11.7444,-0.0905,0.0349,0.5563,-11.75,86.06,21.44,1.6763,10.3179,0.96,10.4972,P003_Barbell_Back_Squats_Inclination_Asymmetry_2_01.csv,10
3,17,1,3,2,42.136,42136,1.8,10.97,0.48,11.1271,-0.0949,0.0185,0.0022,-14.38,86.69,24.0,1.6926,10.4038,0.8968,10.5787,P003_Barbell_Back_Squats_Inclination_Asymmetry_2_01.csv,10
3,17,1,3,2,42.267,42267,1.02,9.81,0.49,9.875,-0.0251,-0.0065,-0.2618,-12.19,87.0,21.81,1.604,10.3256,0.8432,10.4834,P003_Barbell_Back_Squats_Inclination_Asymmetry_2_01.csv,10
3,17,1,3,2,42.397,42397,2.89,9.89,0.92,10.3446,0.0196,-0.024,-0.1331,-12.19,87.06,21.94,1.7734,10.2682,0.8533,10.4551,P003_Barbell_Back_Squats_Inclination_Asymmetry_2_01.csv,10
3,17,1,3,2,42.53,42530,1.4,10.2,0.27,10.2992,0.0207,-0.0393,-0.0742,-10.88,87.13,20.94,1.7242,10.2592,0.7764,10.432,P003_Barbell_Back_Squats_Inclination_Asymmetry_2_01.csv,10
3,17,1,3,2,42.661,42661,2.87,9.76,0.42,10.1819,-0.0491,-0.036,0.0644,-11.56,87.19,21.88,1.8752,10.1934,0.7295,10.3901,P003_Barbell_Back_Squats_Inclination_Asymmetry_2_01.csv,10
3,17,1,3,2,42.795,42795,1.2,11.07,0.51,11.1465,-0.0207,-0.0338,0.1287,-13.5,87.31,24.06,1.7862,10.3089,0.7005,10.486,P003_Barbell_Back_Squats_Inclination_Asymmetry_2_01.csv,10
3,17,1,3,2,42.968,42968,-1.77,5.31,0.51,5.6204,-0.0044,-0.0753,-1.0123,-7.31,86.88,18.38,1.3176,9.6502,0.6754,9.7631,P003_Barbell_Back_Squats_Inclination_Asymmetry_2_01.csv,10
7,2,1,3,2,0.953,953,-0.56,9.83,-0.31,9.8508,-0.0011,0.0644,0.3643,5.25,90.81,73.44,-2.9361,8.667,-0.0714,9.1511,P007_Barbell_Back_Squats_Inclination_Asymmetry_2_01.csv,1
7,2,1,3,2,1.083,1083,-1.81,10.07,-0.17,10.2328,0.0469,0.1254,0.0567,4.69,90.5,72.56,-2.7877,8.8519,-0.0844,9.2809,P007_Barbell_Back_Squats_Inclination_Asymmetry_2_01.csv,1
7,2,1,3,2,1.213,1213,-0.53,9.81,0.35,9.8305,0.0916,0.1025,0.3523,2.31,89.94,73.56,-2.4902,8.9782,-0.0271,9.3171,P007_Barbell_Back_Squats_Inclination_Asymmetry_2_01.csv,1
7,2,1,3,2,1.343,1343,-0.06,10.69,0.39,10.6973,0.0633,0.0731,-0.4701,2.5,89.06,71.75,-2.17,9.2037,0.0279,9.4561,P007_Barbell_Back_Squats_Inclination_Asymmetry_2_01.csv,1
7,2,1,3,2,1.474,1474,-1.73,12.76,0.18,12.878,-0.0513,0.0524,-0.4931,7.5,89.0,65.88,-2.112,9.6724,0.0479,9.9004,P007_Barbell_Back_Squats_Inclination_Asymmetry_2_01.csv,1
7,2,1,3,2,1.604,1604,-2.08,14.16,0.28,14.3147,-0.0862,-0.0055,0.0142,8.88,89.56,64.25,-2.1078,10.2637,0.0785,10.4782,P007_Barbell_Back_Squats_Inclination_Asymmetry_2_01.csv,1
7,2,1,3,2,1.735,1735,-1.1,8.62,0.14,8.691,-0.192,-0.0851,0.3251,7.19,90.44,66.0,-1.975,10.0471,0.0866,10.2398,P007_Barbell_Back_Squats_Inclination_Asymmetry_2_01.csv,1
7,2,1,3,2,1.908,1908,-0.75,9.92,-0.73,9.9751,-0.5345,-0.1713,-0.1189,5.31,94.19,68.56,-1.8135,10.0304,-0.021,10.193,P007_Barbell_Back_Squats_Inclination_Asymmetry_2_01.csv,1
7,2,1,3,2,2.039,2039,-1.83,11.69,-1.8,11.9685,-0.3949,-0.1702,-0.0993,6.38,97.94,67.38,-1.8157,10.2491,-0.2554,10.4118,P007_Barbell_Back_Squats_Inclination_Asymmetry_2_01.csv,1
7,2,1,3,2,2.169,2169,-0.55,11.03,-1.94,11.2128,0.0851,-0.0753,0.4647,4.5,99.06,69.94,-1.6489,10.352,-0.4774,10.4933,P007_Barbell_Back_Squats_Inclination_Asymmetry_2_01.csv,1
7,2,1,3,2,2.299,2299,-0.06,8.55,-1.28,8.6455,0.3971,-0.0698,-0.0033,2.63,97.06,71.81,-1.4395,10.1145,-0.5832,10.2331,P007_Barbell_Back_Squats_Inclination_Asymmetry_2_01.csv,1
7,2,1,3,2,2.429,2429,-0.56,6.86,-0.59,6.9081,0.4145,-0.0415,-0.0774,3.19,94.0,71.56,-1.3236,9.6857,-0.5841,9.7931,P007_Barbell_Back_Squats_Inclination_Asymmetry_2_01.csv,1
7,2,1,3,2,2.559,2559,-0.19,7.17,-0.3,7.1788,0.1963,-0.0229,0.2553,2.25,91.88,72.56,-1.1743,9.3542,-0.5466,9.4434,P007_Barbell_Back_Squats_Inclination_Asymmetry_2_01.csv,1
7,2,1,3,2,2.689,2689,0.55,9.05,-0.01,9.0667,0.0535,-0.0175,0.3862,-0.31,91.13,75.31,-0.947,9.3141,-0.4759,9.3742,P007_Barbell_Back_Squats_Inclination_Asymmetry_2_01.csv,1
7,2,1,3,2,2.819,2819,0.39,9.9,-0.05,9.9078,0.0393,-0.0055,-0.1113,-1.06,90.88,75.94,-0.7709,9.3913,-0.4198,9.4322,P007_Barbell_Back_Squats_Inclination_Asymmetry_2_01.csv,1
7,2,1,3,2,2.992,2992,0.32,9.31,-0.07,9.3158,-0.0218,-0.0098,0.0033,0.0,90.63,74.56,-0.6271,9.3806,-0.3737,9.4089,P007_Barbell_Back_Squats_Inclination_Asymmetry_2_01.csv,1
7,2,1,3,2,3.122,3122,0.03,9.44,-0.21,9.4424,-0.0938,-0.0295,-0.108,0.25,91.06,74.38,-0.5405,9.3884,-0.3521,9.4105,P007_Barbell_Back_Squats_Inclination_Asymmetry_2_01.csv,1
7,2,1,3,2,3.252,3252,-0.35,9.26,-0.3,9.2715,-0.0665,-0.0207,-0.1669,1.19,91.69,73.63,-0.5154,9.3715,-0.3453,9.392,P007_Barbell_Back_Squats_Inclination_Asymmetry_2_01.csv,1
7,2,1,3,2,3.382,3382,-0.26,8.75,-0.14,8.755,-0.0305,-0.0098,-0.0633,2.0,92.0,72.88,-0.4818,9.2896,-0.3182,9.3075,P007_Barbell_Back_Squats_Inclination_Asymmetry_2_01.csv,1
7,3,1,3,2,3.512,3512,-0.28,8.35,-0.48,8.3685,-0.0731,-0.0229,-0.0556,2.31,92.31,72.63,-0.4552,9.1658,-0.3395,9.1833,P007_Barbell_Back_Squats_Inclination_Asymmetry_2_01.csv,1
7,3,1,3,2,3.642,3642,-0.19,9.41,-0.43,9.4217,-0.1669,-0.0327,-0.0938,3.0,93.25,72.13,-0.4202,9.198,-0.3515,9.2143,P007_Barbell_Back_Squats_Inclination_Asymmetry_2_01.csv,2
7,3,1,3,2,3.773,3773,-1.09,9.55,-0.84,9.6486,-0.1876,-0.0142,-0.3589,4.44,94.56,70.81,-0.5085,9.2443,-0.4158,9.2677,P007_Barbell_Back_Squats_Inclination_Asymmetry_2_01.csv,2
7,3,1,3,2,3.903,3903,-0.77,10.82,-0.73,10.8719,0.1931,0.0916,0.2105,5.0,94.63,69.94,-0.5429,9.452,-0.4572,9.4786,P007_Barbell_Back_Squats_Inclination_Asymmetry_2_01.csv,2
7,3,1,3,2,4.076,4076,-1.13,10.19,-0.51,10.2651,0.528,0.1407,-0.0916,5.31,91.0,68.94,-0.6203,9.5492,-0.4642,9.5806,P007_Barbell_Back_Squats_Inclination_Asymmetry_2_01.csv,2
7,3,1,3,2,4.206,4206,-1.48,8.94,0.45,9.0728,0.5792,0.2182,-0.1854,6.56,86.69,66.75,-0.7336,9.4689,-0.3437,9.5035,P007_Barbell_Back_Squats_Inclination_Asymmetry_2_01.csv,2
7,3,1,3,2,4.336,4336,-1.53,8.0,1.08,8.2163,0.3567,0.2367,-0.1844,7.81,83.06,64.19,-0.8385,9.2754,-0.1561,9.3145,P007_Barbell_Back_Squats_Inclination_Asymmetry_2_01.csv,2
7,3,1,3,2,4.466,4466,-1.67,9.39,1.81,9.7076,0.0993,0.1593,-0.0185,8.5,81.31,62.25,-0.9481,9.2905,0.103,9.3393,P007_Barbell_Back_Squats_Inclination_Asymmetry_2_01.csv,2
7,3,1,3,2,4.596,4596,-0.85,11.25,2.11,11.4777,-0.0894,0.0349,0.1462,7.13,81.31,62.94,-0.9352,9.5487,0.3674,9.6014,P007_Barbell_Back_Squats_Inclination_Asymmetry_2_01.csv,2
7,3,1,3,2,4.727,4727,-1.21,14.21,1.48,14.338,-0.1342,-0.0993,0.096,6.63,82.31,63.63,-0.9714,10.1629,0.5141,10.2222,P007_Barbell_Back_Squats_Inclination_Asymmetry_2_01.csv,2
7,3,1,3,2,4.857,4857,-1.55,11.92,1.64,12.1317,-0.0153,-0.1134,-0.0807,6.69,82.88,64.38,-1.0476,10.3945,0.6624,10.4681,P007_Barbell_Back_Squats_Inclination_Asymmetry_2_01.csv,2
7,3,1,3,2,4.987,4987,-1.67,9.44,1.24,9.6664,-0.0567,-0.0709,0.1102,6.69,83.06,64.94,-1.1296,10.2687,0.7385,10.357,P007_Barbell_Back_Squats_Inclination_Asymmetry_2_01.csv,2
7,3,1,3,2,5.16,5160,-1.33,9.73,0.89,9.8607,-0.0851,-0.0436,0.2323,5.56,84.06,66.56,-1.156,10.1977,0.7585,10.291,P007_Barbell_Back_Squats_Inclination_Asymmetry_2_01.csv,2
7,3,1,3,2,5.29,5290,-0.51,9.51,0.93,9.569,-0.0185,-0.0556,0.3,3.38,84.5,69.06,-1.0709,10.1071,0.7811,10.1936,P007_Barbell_Back_Squats_Inclination_Asymmetry_2_01.csv,2
7,3,1,3,2,5.42,5420,0.23,7.5,0.68,7.5343,0.0022,-0.0774,0.1734,1.44,84.56,71.5,-0.8995,9.7635,0.7678,9.8349,P007_Barbell_Back_Squats_Inclination_Asymmetry_2_01.csv,2
7,3,1,3,2,5.55,5550,0.35,7.4,0.77,7.4482,-0.0545,-0.0807,0.0055,0.63,84.75,72.88,-0.7348,9.4521,0.7681,9.5117,P007_Barbell_Back_Squats_Inclination_Asymmetry_2_01.csv,2
7,3,1,3,2,5.681,5681,-0.35,7.99,0.58,8.0187,-0.1385,-0.0447,-0.1407,1.63,85.5,72.38,-0.6841,9.2594,0.7433,9.3144,P007_Barbell_Back_Squats_Inclination_Asymmetry_2_01.csv,2
7,3,1,3,2,5.811,5811,-0.41,9.18,0.59,9.2081,-0.1789,-0.0207,0.1985,1.5,86.75,72.69,-0.648,9.249,0.7231,9.2998,P007_Barbell_Back_Squats_Inclination_Asymmetry_2_01.csv,2
7,3,1,3,2,5.941,5941,0.51,10.29,0.53,10.3163,-0.1549,-0.0196,0.3382,-0.63,88.0,75.06,-0.4954,9.3861,0.6976,9.4251,P007_Barbell_Back_Squats_Inclination_Asymmetry_2_01.csv,2
7,3,1,3,2,6.072,6072,0.45,9.58,0.18,9.5923,-0.0513,-0.0164,-0.1822,-1.44,88.63,75.94,-0.3708,9.4117,0.6294,9.44,P007_Barbell_Back_Squats_Inclination_Asymmetry_2_01.csv,2
7,3,1,3,2,6.245,6245,0.37,7.92,0.18,7.9307,0.0055,-0.0076,-0.0884,-1.13,88.69,75.69,-0.2732,9.2151,0.5702,9.2368,P007_Barbell_Back_Squats_Inclination_Asymmetry_2_01.csv,2
7,3,1,3,2,6.375,6375,-0.44,9.43,0.26,9.4438,-0.0524,-0.0044,-0.0502,-0.06,88.94,74.69,-0.2952,9.2434,0.5293,9.2633,P007_Barbell_Back_Squats_Inclination_Asymmetry_2_01.csv,2
7,3,1,3,2,6.506,6506,0.07,8.48,0.07,8.4806,-0.0654,0.0109,-0.1058,0.19,89.38,74.38,-0.2471,9.1428,0.4688,9.1582,P007_Barbell_Back_Squats_Inclination_Asymmetry_2_01.csv,2
7,3,1,3,2,6.636,6636,0.05,9.4,-0.17,9.4017,-0.0851,0.0295,-0.0262,0.75,89.88,73.69,-0.2079,9.1767,0.3846,9.1871,P007_Barbell_Back_Squats_Inclination_Asymmetry_2_01.csv,3
7,4,1,3,2,6.766,6766,0.37,9.08,-0.22,9.0902,-0.1189,0.0076,-0.0109,0.5,90.75,73.75,-0.1318,9.164,0.3049,9.17,P007_Barbell_Back_Squats_Inclination_Asymmetry_2_01.csv,3
7,4,1,3,2,6.896,6896,0.37,9.35,-0.37,9.3646,-0.1113,-0.0284,-0.0327,0.5,91.63,73.81,-0.0656,9.1885,0.216,9.1913,P007_Barbell_Back_Squats_Inclination_Asymmetry_2_01.csv,3
7,4,1,3,2,7.026,7026,-0.26,9.76,-0.42,9.7725,-0.0578,-0.0447,-0.1931,1.25,92.31,73.38,-0.0913,9.2638,0.1322,9.2652,P007_Barbell_Back_Squats_Inclination_Asymmetry_2_01.csv,3
7,4,1,3,2,7.156,7156,-0.88,9.72,-0.36,9.7664,0.0218,-0.0785,-0.1276,2.56,92.44,72.5,-0.1952,9.3239,0.0673,9.3262,P007_Barbell_Back_Squats_Inclination_Asymmetry_2_01.csv,3
7,4,1,3,2,7.329,7329,-0.66,9.45,0.05,9.4732,-0.0676,-0.0873,-0.0436,2.44,92.06,73.44,-0.2564,9.3405,0.0651,9.3443,P007_Barbell_Back_Squats_Inclination_Asymmetry_2_01.csv,3
7,4,1,3,2,7.459,7459,-1.31,11.21,-0.87,11.3198,-0.1156,-0.0851,-0.0011,4.0,92.81,72.38,-0.3953,9.5869,-0.0582,9.5952,P007_Barbell_Back_Squats_Inclination_Asymmetry_2_01.csv,3
7,4,1,3,2,7.589,7589,-0.64,11.23,-1.03,11.2953,-0.1494,-0.0807,0.1702,3.06,93.69,73.94,-0.4275,9.8034,-0.1862,9.8145,P007_Barbell_Back_Squats_Inclination_Asymmetry_2_01.csv,3
7,4,1,3,2,7.719,7719,0.41,11.95,-1.17,12.0141,-0.2149,-0.1047,-0.1091,1.63,94.88,76.0,-0.3172,10.0863,-0.3159,10.0962,P007_Barbell_Back_Squats_Inclination_Asymmetry_2_01.csv,3
7,4,1,3,2,7.849,7849,-2.09,13.05,-1.79,13.337,-0.1658,-0.1222,-0.4538,5.56,96.5,73.19,-0.5508,10.4768,-0.5101,10.5037,P007_Barbell_Back_Squats_Inclination_Asymmetry_2_01.csv,3
7,4,1,3,2,7.979,7979,-1.23,12.09,-1.61,12.2586,0.0207,-0.1309,0.4658,4.63,97.19,75.31,-0.6403,10.6894,-0.6551,10.7286,P007_Barbell_Back_Squats_Inclination_Asymmetry_2_01.csv,3
7,4,1,3,2,8.11,8110,-0.54,10.18,-1.35,10.2833,0.2193,-0.108,0.3327,1.88,96.25,79.5,-0.6271,10.6223,-0.7466,10.6669,P007_Barbell_Back_Squats_Inclination_Asymmetry_2_01.csv,3
7,4,1,3,2,8.241,8241,-0.66,9.68,-1.1,9.7646,0.2683,0.0295,-0.0142,0.88,94.5,80.75,-0.6314,10.4981,-0.7932,10.5469,P007_Barbell_Back_Squats_Inclination_Asymmetry_2_01.csv,3
7,4,1,3,2,8.413,8413,0.22,7.97,-0.12,7.9739,0.1865,0.1516,0.1658,1.0,92.31,79.63,-0.5192,10.165,-0.7045,10.2026,P007_Barbell_Back_Squats_Inclination_Asymmetry_2_01.csv,3
7,4,1,3,2,8.543,8543,0.37,7.94,-0.1,7.9492,0.0764,0.1036,0.0338,0.25,91.31,79.38,-0.402,9.8718,-0.6248,9.8997,P007_Barbell_Back_Squats_Inclination_Asymmetry_2_01.csv,3
7,4,1,3,2,8.673,8673,0.05,8.01,0.0,8.0102,0.0731,0.0665,-0.1102,0.38,90.75,78.5,-0.3425,9.6264,-0.5425,9.6478,P007_Barbell_Back_Squats_Inclination_Asymmetry_2_01.csv,3
7,4,1,3,2,8.803,8803,-0.24,8.59,-0.09,8.5938,0.1254,0.0589,-0.0524,1.0,89.94,77.25,-0.329,9.4899,-0.4829,9.5078,P007_Barbell_Back_Squats_Inclination_Asymmetry_2_01.csv,3
7,4,1,3,2,8.933,8933,0.0,9.77,0.05,9.7701,0.1473,0.1069,0.0305,0.31,88.88,77.19,-0.2856,9.5268,-0.4126,9.54,P007_Barbell_Back_Squats_Inclination_Asymmetry_2_01.csv,3
7,4,1,3,2,9.063,9063,-0.81,9.54,0.01,9.5743,0.1396,0.1134,-0.1811,2.13,87.81,74.44,-0.3547,9.5285,-0.357,9.5418,P007_Barbell_Back_Squats_Inclination_Asymmetry_2_01.csv,3
7,4,1,3,2,9.194,9194,0.47,7.93,0.67,7.9721,0.0687,0.0982,0.0578,0.94,87.13,74.94,-0.246,9.3179,-0.2216,9.3238,P007_Barbell_Back_Squats_Inclination_Asymmetry_2_01.csv,3
7,4,1,3,2,9.325,9325,-0.47,9.28,0.65,9.3146,-0.0524,0.0469,-0.2956,2.31,87.13,73.19,-0.2756,9.3129,-0.1068,9.3176,P007_Barbell_Back_Squats_Inclination_Asymmetry_2_01.csv,3
7,4,1,3,2,9.497,9497,-0.04,8.84,0.1,8.8407,-0.0927,-0.0229,-0.1178,3.0,87.81,72.31,-0.2445,9.2506,-0.0795,9.2541,P007_Barbell_Back_Squats_Inclination_Asymmetry_2_01.csv,3
7,5,1,3,2,9.627,9627,-0.9,9.02,0.3,9.0698,-0.0578,-0.0469,-0.4527,4.69,88.38,70.94,-0.3309,9.2202,-0.0295,9.2262,P007_Barbell_Back_Squats_Inclination_Asymmetry_2_01.csv,3
7,5,1,3,2,9.757,9757,-1.75,9.81,-0.15,9.966,0.0055,-0.0207,-0.288,7.19,88.56,68.69,-0.5179,9.2979,-0.0454,9.3124,P007_Barbell_Back_Squats_Inclination_Asymmetry_2_01.csv,4
7,5,1,3,2,9.887,9887,-1.16,10.01,0.02,10.077,0.0796,-0.0175,-0.0196,7.56,88.31,68.5,-0.6025,9.3917,-0.0368,9.4111,P007_Barbell_Back_Squats_Inclination_Asymmetry_2_01.csv,4
7,5,1,3,2,10.017,10017,-1.08,9.93,0.49,10.0006,0.2607,-0.0393,-0.096,8.06,87.19,68.44,-0.6654,9.4627,0.0326,9.4861,P007_Barbell_Back_Squats_Inclination_Asymmetry_2_01.csv,4
7,5,1,3,2,10.148,10148,-1.61,9.26,1.01,9.453,0.3229,-0.0142,-0.0556,9.25,84.88,67.75,-0.7899,9.436,0.1614,9.4703,P007_Barbell_Back_Squats_Inclination_Asymmetry_2_01.csv,4
7,5,1,3,2,10.278,10278,-2.3,9.07,1.08,9.4192,0.2596,0.0349,-0.0458,9.81,82.88,67.5,-0.9889,9.3877,0.2825,9.4439,P007_Barbell_Back_Squats_Inclination_Asymmetry_2_01.csv,4
7,5,1,3,2,10.408,10408,-1.68,9.36,1.21,9.5862,0.2771,0.084,0.1233,9.38,81.19,67.75,-1.08,9.3841,0.4047,9.4547,P007_Barbell_Back_Squats_Inclination_Asymmetry_2_01.csv,4
7,5,1,3,2,10.581,10581,-1.78,9.8,2.04,10.1671,0.1473,0.0556,-0.1538,9.69,78.81,66.94,-1.1722,9.4389,0.6202,9.5316,P007_Barbell_Back_Squats_Inclination_Asymmetry_2_01.csv,4
7,5,1,3,2,10.711,10711,-1.1,9.96,2.43,10.311,-0.0087,0.0098,0.1538,9.0,78.38,67.44,-1.1627,9.5076,0.8587,9.6168,P007_Barbell_Back_Squats_Inclination_Asymmetry_2_01.csv,4
7,5,1,3,2,10.841,10841,-2.37,13.18,2.46,13.6155,-0.1134,-0.012,-0.2749,10.81,78.75,65.56,-1.3218,9.9915,1.0697,10.1352,P007_Barbell_Back_Squats_Inclination_Asymmetry_2_01.csv,4
7,5,1,3,2,10.971,10971,-2.13,11.97,2.27,12.3681,-0.1505,-0.0305,0.2836,10.81,79.75,65.56,-1.4283,10.2522,1.2279,10.4238,P007_Barbell_Back_Squats_Inclination_Asymmetry_2_01.csv,4
7,5,1,3,2,11.102,11102,-2.39,10.24,1.67,10.647,-0.1833,-0.0567,0.0916,10.0,81.13,66.5,-1.555,10.2506,1.2861,10.4473,P007_Barbell_Back_Squats_Inclination_Asymmetry_2_01.csv,4
7,5,1,3,2,11.232,11232,-1.82,9.17,1.22,9.4281,-0.1571,-0.0698,0.1462,8.63,82.44,68.19,-1.5899,10.1082,1.2774,10.3119,P007_Barbell_Back_Squats_Inclination_Asymmetry_2_01.csv,4
7,5,1,3,2,11.362,11362,-0.94,7.92,0.99,8.0368,-0.1582,-0.0578,0.0622,7.88,83.63,69.25,-1.5043,9.8199,1.2395,10.0114,P007_Barbell_Back_Squats_Inclination_Asymmetry_2_01.csv,4
7,5,1,3,2,11.493,11493,-1.22,8.12,0.75,8.2453,-0.1876,-0.0709,-0.1724,8.5,84.94,68.94,-1.4668,9.5959,1.175,9.7782,P007_Barbell_Back_Squats_Inclination_Asymmetry_2_01.csv,4
7,5,1,3,2,11.666,11666,-0.83,9.45,0.41,9.4952,-0.1691,-0.0774,0.3371,6.94,86.75,71.06,-1.3829,9.5766,1.0742,9.7354,P007_Barbell_Back_Squats_Inclination_Asymmetry_2_01.csv,4
7,5,1,3,2,11.796,11796,-0.24,9.06,0.3,9.0681,-0.1342,-0.0513,0.0185,5.06,87.88,73.25,-1.2323,9.5086,0.9722,9.6372,P007_Barbell_Back_Squats_Inclination_Asymmetry_2_01.csv,4
7,5,1,3,2,11.926,11926,-1.32,9.09,0.18,9.1871,-0.0698,-0.024,0.0218,5.75,88.69,72.75,-1.2439,9.4534,0.8678,9.5743,P007_Barbell_Back_Squats_Inclination_Asymmetry_2_01.csv,4
7,5,1,3,2,12.056,12056,-0.56,8.71,0.0,8.728,-0.0273,0.0131,0.1604,4.38,89.06,74.13,-1.1537,9.3554,0.7534,9.4564,P007_Barbell_Back_Squats_Inclination_Asymmetry_2_01.csv,4
7,5,1,3,2,12.186,12186,-0.35,9.65,0.2,9.6584,-0.0175,-0.0065,0.0338,3.38,89.19,75.06,-1.0478,9.3943,0.6805,9.477,P007_Barbell_Back_Squats_Inclination_Asymmetry_2_01.csv,4
7,5,1,3,2,12.316,12316,-0.4,9.99,0.12,9.9987,-0.0185,-0.0382,0.0284,3.13,89.31,75.56,-0.9625,9.4728,0.6067,9.5408,P007_Barbell_Back_Squats_Inclination_Asymmetry_2_01.csv,4
7,5,1,3,2,12.447,12447,-0.62,9.77,0.02,9.7897,0.0131,-0.0262,0.0785,2.88,89.31,76.0,-0.9173,9.5119,0.5294,9.5707,P007_Barbell_Back_Squats_Inclination_Asymmetry_2_01.csv,4
7,5,1,3,2,12.577,12577,-0.21,9.6,0.07,9.6026,0.0196,0.0,0.1014,2.13,89.19,76.88,-0.8241,9.5235,0.4688,9.5706,P007_Barbell_Back_Squats_Inclination_Asymmetry_2_01.csv,4
7,5,1,3,2,12.75,12750,-0.11,9.58,0.14,9.5817,-0.0469,-0.0065,0.0131,1.69,89.31,77.31,-0.73,9.531,0.4255,9.5684,P007_Barbell_Back_Squats_Inclination_Asymmetry_2_01.csv,4
7,5,1,3,2,12.88,12880,-0.03,9.5,0.09,9.5005,-0.0654,-0.0065,-0.0295,1.38,89.69,77.63,-0.6378,9.5269,0.3813,9.5558,P007_Barbell_Back_Squats_Inclination_Asymmetry_2_01.csv,4
7,5,1,3,2,13.01,13010,-0.53,9.65,0.02,9.6646,-0.108,-0.0044,-0.3229,2.94,90.31,76.0,-0.6236,9.5431,0.3337,9.5693,P007_Barbell_Back_Squats_Inclination_Asymmetry_2_01.csv,4
7,5,1,3,2,13.14,13140,-0.84,9.15,-0.16,9.1899,-0.1396,-0.0175,-0.3,4.75,91.19,74.25,-0.6521,9.4913,0.2686,9.5175,P007_Barbell_Back_Squats_Inclination_Asymmetry_2_01.csv,4
7,5,1,3,2,13.27,13270,-0.38,8.38,-0.26,8.3926,-0.2203,-0.024,0.0327,5.31,92.56,73.75,-0.6162,9.3449,0.199,9.3673,P007_Barbell_Back_Squats_Inclination_Asymmetry_2_01.csv,4
7,5,1,3,2,13.401,13401,-1.45,8.91,-0.65,9.0506,-0.24,0.0022,-0.0164,5.69,94.38,73.25,-0.7261,9.2876,0.0871,9.3163,P007_Barbell_Back_Squats_Inclination_Asymmetry_2_01.csv,4
7,5,1,3,2,13.531,13531,-0.74,9.17,-1.0,9.254,-0.2029,0.0273,0.0818,5.31,96.0,73.31,-0.7279,9.2721,-0.0562,9.3008,P007_Barbell_Back_Squats_Inclination_Asymmetry_2_01.csv,4
7,6,1,3,2,13.662,13662,-0.93,9.4,-1.22,9.5244,-0.1396,0.0164,0.0513,5.38,97.25,73.0,-0.7546,9.2889,-0.2095,9.3219,P007_Barbell_Back_Squats_Inclination_Asymmetry_2_01.csv,5
7,6,1,3,2,13.834,13834,-0.32,9.51,-1.44,9.6237,-0.0676,0.0229,0.0545,4.13,98.25,73.94,-0.6973,9.3181,-0.3717,9.3515,P007_Barbell_Back_Squats_Inclination_Asymmetry_2_01.csv,5
7,6,1,3,2,13.964,13964,-0.53,9.67,-1.61,9.8174,-0.0164,0.0076,0.012,4.13,98.69,73.81,-0.6753,9.3644,-0.5349,9.404,P007_Barbell_Back_Squats_Inclination_Asymmetry_2_01.csv,5
7,6,1,3,2,14.094,14094,-0.84,9.6,-1.41,9.7393,0.0371,-0.0338,0.0033,4.25,98.56,73.81,-0.697,9.3955,-0.6502,9.4437,P007_Barbell_Back_Squats_Inclination_Asymmetry_2_01.csv,5
7,6,1,3,2,14.224,14224,-0.41,9.34,-1.21,9.427,-0.0262,-0.0589,0.1244,3.06,98.44,75.31,-0.6591,9.3882,-0.7239,9.4391,P007_Barbell_Back_Squats_Inclination_Asymmetry_2_01.csv,5
7,6,1,3,2,14.354,14354,-0.69,9.82,-1.62,9.9766,-0.1527,-0.0894,-0.1527,3.44,99.19,75.44,-0.6632,9.4451,-0.842,9.5057,P007_Barbell_Back_Squats_Inclination_Asymmetry_2_01.csv,5
7,6,1,3,2,14.485,14485,-1.07,9.77,-1.39,9.9262,-0.1636,-0.0993,-0.024,4.63,100.44,74.88,-0.7168,9.4879,-0.9142,9.5588,P007_Barbell_Back_Squats_Inclination_Asymmetry_2_01.csv,5
7,6,1,3,2,14.616,14616,-1.06,10.6,-2.17,10.8716,-0.0665,-0.0949,-0.1473,4.88,101.44,75.19,-0.762,9.6344,-1.0797,9.7247,P007_Barbell_Back_Squats_Inclination_Asymmetry_2_01.csv,5
7,6,1,3,2,14.746,14746,-0.84,10.97,-2.68,11.3238,-0.036,-0.048,-0.0393,5.06,101.94,75.5,-0.7723,9.8104,-1.2906,9.9251,P007_Barbell_Back_Squats_Inclination_Asymmetry_2_01.csv,5
7,6,1,3,2,14.919,14919,-2.06,13.29,-2.79,13.7351,0.1058,0.0305,-0.0873,6.88,101.88,73.88,-0.942,10.2689,-1.4882,10.4189,P007_Barbell_Back_Squats_Inclination_Asymmetry_2_01.csv,5
7,6,1,3,2,15.049,15049,-1.72,12.15,-2.54,12.5313,0.1996,0.108,-0.1167,7.25,100.75,73.06,-1.0445,10.5168,-1.6268,10.693,P007_Barbell_Back_Squats_Inclination_Asymmetry_2_01.csv,5
7,6,1,3,2,15.179,15179,-2.49,9.88,-1.73,10.3348,0.2956,0.1374,-0.204,8.88,98.75,70.81,-1.235,10.4329,-1.6404,10.633,P007_Barbell_Back_Squats_Inclination_Asymmetry_2_01.csv,5
7,6,1,3,2,15.309,15309,-2.07,9.55,-1.32,9.8605,0.2607,0.1494,0.2749,9.06,96.69,69.94,-1.345,10.3166,-1.5982,10.5259,P007_Barbell_Back_Squats_Inclination_Asymmetry_2_01.csv,5
7,6,1,3,2,15.439,15439,-0.73,9.44,-0.54,9.4836,0.2934,0.0851,0.3523,6.44,94.5,72.0,-1.264,10.2011,-1.4587,10.3821,P007_Barbell_Back_Squats_Inclination_Asymmetry_2_01.csv,5
7,6,1,3,2,15.57,15570,-0.54,8.24,-0.28,8.2624,0.2553,0.0938,-0.0731,5.31,92.38,72.75,-1.1686,9.9426,-1.3034,10.0956,P007_Barbell_Back_Squats_Inclination_Asymmetry_2_01.csv,5
7,6,1,3,2,15.7,15700,-1.05,7.62,0.02,7.692,0.1527,0.1473,-0.2073,7.13,90.75,70.19,-1.153,9.6366,-1.129,9.7707,P007_Barbell_Back_Squats_Inclination_Asymmetry_2_01.csv,5
7,6,1,3,2,15.83,15830,-1.11,7.37,-0.16,7.4548,0.0578,0.1713,0.1702,7.5,89.81,68.81,-1.1473,9.3379,-1.0013,9.4612,P007_Barbell_Back_Squats_Inclination_Asymmetry_2_01.csv,5
7,6,1,3,2,16.003,16003,-0.09,10.31,0.17,10.3118,-0.0284,0.0938,0.4287,4.94,89.69,70.06,-1.008,9.466,-0.847,9.5571,P007_Barbell_Back_Squats_Inclination_Asymmetry_2_01.csv,6
7,6,1,3,2,16.134,16134,-0.99,9.8,-0.09,9.8503,-0.0087,0.0589,-0.3971,4.06,89.81,70.5,-1.0056,9.51,-0.7472,9.5922,P007_Barbell_Back_Squats_Inclination_Asymmetry_2_01.csv,6
7,6,1,3,2,16.264,16264,-0.58,10.12,-0.03,10.1367,0.0873,0.0665,0.0905,5.19,89.44,68.88,-0.9495,9.5904,-0.6527,9.6594,P007_Barbell_Back_Squats_Inclination_Asymmetry_2_01.csv,6
7,6,1,3,2,16.395,16395,-0.03,9.53,0.32,9.5354,0.1451,0.0175,0.0327,4.63,88.56,69.25,-0.8283,9.5824,-0.5245,9.6325,P007_Barbell_Back_Squats_Inclination_Asymmetry_2_01.csv,6
7,6,1,3,2,16.526,16526,-0.5,9.53,0.57,9.5601,0.1025,-0.0513,0.0404,4.94,87.81,69.19,-0.7851,9.5755,-0.3803,9.6152,P007_Barbell_Back_Squats_Inclination_Asymmetry_2_01.csv,6
7,6,1,3,2,16.656,16656,-0.38,9.63,0.3,9.6422,0.1614,-0.0567,0.3153,3.38,86.88,71.19,-0.7317,9.5827,-0.2907,9.615,P007_Barbell_Back_Squats_Inclination_Asymmetry_2_01.csv,6
7,6,1,3,2,16.787,16787,-0.73,8.96,0.65,9.0132,0.1833,-0.0578,-0.216,3.5,85.63,71.56,-0.7315,9.5006,-0.1667,9.5302,P007_Barbell_Back_Squats_Inclination_Asymmetry_2_01.csv,6
7,6,1,3,2,16.917,16917,-0.68,8.95,0.74,9.0062,0.2105,-0.0425,-0.084,4.5,84.38,71.0,-0.7247,9.4281,-0.0472,9.456,P007_Barbell_Back_Squats_Inclination_Asymmetry_2_01.csv,6
7,6,1,3,2,17.09,17090,-0.52,8.61,1.32,8.7261,0.12,0.0109,-0.0415,5.06,82.75,70.75,-0.6977,9.3203,0.1329,9.3473,P007_Barbell_Back_Squats_Inclination_Asymmetry_2_01.csv,6
7,6,1,3,2,17.225,17225,-1.47,8.9,1.28,9.1109,-0.0076,0.0404,-0.1374,6.06,82.31,69.56,-0.7995,9.2649,0.2841,9.3037,P007_Barbell_Back_Squats_Inclination_Asymmetry_2_01.csv,6
7,6,1,3,2,17.356,17356,-0.58,9.67,1.03,9.742,0.0262,0.0044,0.0142,6.06,82.31,69.38,-0.7706,9.3183,0.3824,9.3579,P007_Barbell_Back_Squats_Inclination_Asymmetry_2_01.csv,6
7,7,1,3,2,17.486,17486,-0.54,9.43,1.1,9.5093,0.1298,-0.0415,-0.1614,6.38,82.0,69.19,-0.7402,9.333,0.477,9.3744,P007_Barbell_Back_Squats_Inclination_Asymmetry_2_01.csv,6
7,7,1,3,2,17.617,17617,-1.65,9.04,1.83,9.3698,0.132,-0.0491,-0.2574,8.75,80.94,67.25,-0.8601,9.2944,0.6552,9.3571,P007_Barbell_Back_Squats_Inclination_Asymmetry_2_01.csv,6
7,7,1,3,2,17.747,17747,-2.48,9.0,1.98,9.5431,0.0458,-0.0458,-0.2236,10.25,80.19,66.19,-1.0735,9.2556,0.8298,9.3545,P007_Barbell_Back_Squats_Inclination_Asymmetry_2_01.csv,6
7,7,1,3,2,17.878,17878,-2.22,10.21,2.17,10.6715,-0.0676,-0.0578,0.084,10.69,80.38,66.06,-1.2246,9.3814,1.0064,9.5143,P007_Barbell_Back_Squats_Inclination_Asymmetry_2_01.csv,6
7,7,1,3,2,18.008,18008,-1.56,11.73,1.81,11.9709,-0.0382,-0.1222,0.0415,10.13,81.0,67.25,-1.2688,9.6909,1.1123,9.8367,P007_Barbell_Back_Squats_Inclination_Asymmetry_2_01.csv,6
7,7,1,3,2,18.181,18181,-3.4,13.91,2.12,14.4756,0.1036,-0.1004,0.0709,11.5,80.75,67.06,-1.5496,10.2468,1.2451,10.4379,P007_Barbell_Back_Squats_Inclination_Asymmetry_2_01.csv,6
7,7,1,3,2,18.311,18311,-1.82,12.49,1.73,12.7399,0.0862,-0.0295,0.3185,9.13,80.25,70.0,-1.5853,10.5424,1.309,10.741,P007_Barbell_Back_Squats_Inclination_Asymmetry_2_01.csv,6
7,7,1,3,2,18.441,18441,-2.85,9.5,2.02,10.1219,0.0131,-0.0415,-0.4211,10.19,79.94,69.19,-1.7519,10.4051,1.4027,10.6443,P007_Barbell_Back_Squats_Inclination_Asymmetry_2_01.csv,6
7,7,1,3,2,18.571,18571,-1.85,8.3,1.52,8.6385,-0.0207,-0.0262,0.2051,10.25,79.88,69.31,-1.7649,10.1277,1.4181,10.3776,P007_Barbell_Back_Squats_Inclination_Asymmetry_2_01.csv,6
7,7,1,3,2,18.701,18701,-1.09,8.34,1.58,8.558,-0.1385,-0.0393,0.2585,9.31,80.63,70.44,-1.6759,9.8921,1.4395,10.1358,P007_Barbell_Back_Squats_Inclination_Asymmetry_2_01.csv,6
7,7,1,3,2,18.832,18832,-2.2,8.64,1.14,8.9883,-0.2029,-0.0087,0.2454,8.13,82.06,71.75,-1.745,9.7271,1.4,9.9811,P007_Barbell_Back_Squats_Inclination_Asymmetry_2_01.csv,6
7,7,1,3,2,18.962,18962,-0.29,7.87,0.58,7.8967,-0.1974,0.0807,0.4821,4.06,83.5,75.38,-1.5533,9.4824,1.292,9.6952,P007_Barbell_Back_Squats_Inclination_Asymmetry_2_01.csv,6
7,7,1,3,2,19.092,19092,-1.09,7.37,0.88,7.502,-0.1462,0.0873,-0.2891,4.31,84.5,74.31,-1.4922,9.204,1.2377,9.406,P007_Barbell_Back_Squats_Inclination_Asymmetry_2_01.csv,6
7,7,1,3,2,19.265,19265,-0.44,8.8,1.26,8.9006,-0.1353,0.1484,0.2934,2.31,85.38,75.0,-1.3536,9.1508,1.2406,9.3332,P007_Barbell_Back_Squats_Inclination_Asymmetry_2_01.csv,6
7,7,1,3,2,19.396,19396,1.44,10.43,0.62,10.5472,-0.06,0.096,0.2869,-0.25,85.94,76.0,-0.9854,9.3194,1.1588,9.4427,P007_Barbell_Back_Squats_Inclination_Asymmetry_2_01.csv,7
7,7,1,3,2,19.526,19526,0.5,10.18,0.44,10.2018,0.0753,-0.048,-0.2847,0.19,85.75,75.06,-0.7897,9.4328,1.0641,9.5254,P007_Barbell_Back_Squats_Inclination_Asymmetry_2_01.csv,7
7,7,1,3,2,19.656,19656,-0.83,9.05,0.85,9.1276,0.0164,-0.0578,0.1265,1.25,85.25,74.44,-0.795,9.3823,1.0359,9.4728,P007_Barbell_Back_Squats_Inclination_Asymmetry_2_01.csv,7
7,7,1,3,2,19.786,19786,-0.04,8.86,0.79,8.8952,-0.2029,0.0033,0.3,-0.5,85.88,76.38,-0.6955,9.3135,1.0035,9.3932,P007_Barbell_Back_Squats_Inclination_Asymmetry_2_01.csv,7
7,7,1,3,2,19.916,19916,0.42,9.15,0.64,9.182,-0.3632,0.0262,-0.2302,-0.75,88.25,75.94,-0.5485,9.292,0.9556,9.3571,P007_Barbell_Back_Squats_Inclination_Asymmetry_2_01.csv,7
7,7,1,3,2,20.046,20046,0.34,9.13,-0.05,9.1365,-0.2716,0.0164,-0.1625,0.81,90.63,73.94,-0.4314,9.2706,0.8231,9.3171,P007_Barbell_Back_Squats_Inclination_Asymmetry_2_01.csv,7
7,7,1,3,2,20.177,20177,-0.29,8.75,-0.1,8.7554,-0.1047,-0.0109,-0.036,1.56,91.81,73.06,-0.4128,9.202,0.7014,9.2379,P007_Barbell_Back_Squats_Inclination_Asymmetry_2_01.csv,7
7,8,1,3,2,20.349,20349,0.17,9.21,-0.34,9.2178,-0.1451,-0.0196,0.0316,1.19,92.88,73.5,-0.336,9.2031,0.5642,9.2265,P007_Barbell_Back_Squats_Inclination_Asymmetry_2_01.csv,7
7,8,1,3,2,20.479,20479,0.29,9.54,-0.54,9.5597,-0.2531,-0.0687,-0.2171,1.13,94.31,73.88,-0.2535,9.2475,0.4187,9.2604,P007_Barbell_Back_Squats_Inclination_Asymmetry_2_01.csv,7
7,8,1,3,2,20.609,20609,-0.98,9.84,-1.12,9.9519,-0.2651,-0.0829,-0.1713,3.19,96.31,72.31,-0.3492,9.3255,0.2159,9.3346,P007_Barbell_Back_Squats_Inclination_Asymmetry_2_01.csv,7
7,8,1,3,2,20.739,20739,-0.62,9.87,-1.34,9.9798,-0.2083,-0.0644,0.1833,3.13,98.0,72.75,-0.3849,9.3973,0.0109,9.4052,P007_Barbell_Back_Squats_Inclination_Asymmetry_2_01.csv,7
7,8,1,3,2,20.87,20870,-0.42,9.16,-1.58,9.3048,-0.1625,-0.0905,-0.1287,2.81,99.38,73.63,-0.3895,9.366,-0.1987,9.3762,P007_Barbell_Back_Squats_Inclination_Asymmetry_2_01.csv,7
7,8,1,3,2,21.0,21000,-0.92,9.34,-1.7,9.5379,-0.1069,-0.0316,-0.3305,4.31,100.44,72.38,-0.4594,9.3626,-0.3966,9.3822,P007_Barbell_Back_Squats_Inclination_Asymmetry_2_01.csv,7
7,8,1,3,2,21.131,21131,-1.16,10.25,-1.94,10.4963,0.1309,0.0327,-0.1844,6.5,100.38,70.13,-0.5518,9.4795,-0.5999,9.5145,P007_Barbell_Back_Squats_Inclination_Asymmetry_2_01.csv,7
7,8,1,3,2,21.261,21261,-1.15,11.41,-1.59,11.5775,0.3949,0.0316,-0.2563,7.63,98.38,69.56,-0.6306,9.7339,-0.7304,9.7816,P007_Barbell_Back_Squats_Inclination_Asymmetry_2_01.csv,7
7,8,1,3,2,21.434,21434,-3.25,12.11,-1.43,12.6198,0.4265,0.0469,-0.2793,11.69,94.44,66.44,-0.9758,10.047,-0.8226,10.1278,P007_Barbell_Back_Squats_Inclination_Asymmetry_2_01.csv,7
7,8,1,3,2,21.565,21565,-3.01,12.62,-0.4,12.9802,0.4091,0.1353,0.5323,10.94,91.19,68.5,-1.2438,10.3861,-0.7669,10.4884,P007_Barbell_Back_Squats_Inclination_Asymmetry_2_01.csv,7
7,8,1,3,2,21.696,21696,-1.66,11.25,0.24,11.3743,0.228,0.1822,0.1396,8.13,88.63,70.69,-1.2987,10.4999,-0.6342,10.5989,P007_Barbell_Back_Squats_Inclination_Asymmetry_2_01.csv,7
7,8,1,3,2,21.826,21826,-2.0,8.81,0.72,9.0628,0.0382,0.1342,-0.1865,8.63,87.56,69.19,-1.3911,10.2772,-0.4558,10.381,P007_Barbell_Back_Squats_Inclination_Asymmetry_2_01.csv,7
7,8,1,3,2,21.957,21957,-1.36,9.2,0.39,9.3082,-0.1538,-0.0142,0.1996,8.69,87.81,68.75,-1.387,10.1353,-0.3443,10.2355,P007_Barbell_Back_Squats_Inclination_Asymmetry_2_01.csv,7
7,8,1,3,2,22.087,22087,-0.71,9.52,0.2,9.5485,-0.1462,-0.0742,-0.1407,7.88,89.13,69.69,-1.2978,10.0542,-0.2726,10.1413,P007_Barbell_Back_Squats_Inclination_Asymmetry_2_01.csv,7
7,8,1,3,2,22.218,22218,-1.78,9.0,0.29,9.1789,-0.0185,-0.0916,-0.3992,10.0,89.75,68.13,-1.3613,9.9153,-0.1985,10.0103,P007_Barbell_Back_Squats_Inclination_Asymmetry_2_01.csv,7
7,8,1,3,2,22.349,22349,-1.9,7.93,-0.04,8.1545,0.0196,-0.0513,0.1145,11.06,89.81,67.75,-1.4323,9.6537,-0.1776,9.761,P007_Barbell_Back_Squats_Inclination_Asymmetry_2_01.csv,7
7,8,1,3,2,22.526,22526,-2.07,8.84,-0.2,9.0813,0.0415,-0.0142,-0.1113,11.44,89.75,67.81,-1.5163,9.5465,-0.1805,9.6678,P007_Barbell_Back_Squats_Inclination_Asymmetry_2_01.csv,7
7,8,1,3,2,22.656,22656,-0.98,7.97,-0.62,8.0539,0.1145,0.0273,1.0025,6.44,89.25,72.94,-1.4457,9.3387,-0.2384,9.453,P007_Barbell_Back_Squats_Inclination_Asymmetry_2_01.csv,7
7,8,1,3,2,22.787,22787,0.96,10.5,0.5,10.5556,0.1287,0.0633,0.4614,1.13,88.56,77.56,-1.1287,9.4917,-0.1411,9.5597,P007_Barbell_Back_Squats_Inclination_Asymmetry_2_01.csv,7
7,8,1,3,2,22.917,22917,-0.65,9.14,0.24,9.1662,0.1505,0.0687,-1.3145,5.31,87.44,72.56,-1.0656,9.4454,-0.0909,9.5057,P007_Barbell_Back_Squats_Inclination_Asymmetry_2_01.csv,7
7,8,1,3,2,23.048,23048,-1.75,9.51,0.45,9.6801,0.1549,0.1014,0.6578,7.75,86.31,69.56,-1.1558,9.4539,-0.0196,9.5243,P007_Barbell_Back_Squats_Inclination_Asymmetry_2_01.csv,7
7,8,1,3,2,23.179,23179,0.28,9.61,0.84,9.6507,0.1233,0.0469,0.5018,1.5,85.31,75.19,-0.9666,9.4745,0.0936,9.5241,P007_Barbell_Back_Squats_Inclination_Asymmetry_2_01.csv,7
7,8,1,3,2,23.309,23309,0.23,9.42,0.89,9.4647,0.096,0.0273,-0.0862,0.13,84.5,75.63,-0.8089,9.4673,0.1986,9.5039,P007_Barbell_Back_Squats_Inclination_Asymmetry_2_01.csv,7
7,8,1,3,2,23.44,23440,-0.59,9.05,1.02,9.1264,0.1124,0.0731,-0.3742,2.19,83.81,73.0,-0.7801,9.4123,0.3068,9.4496,P007_Barbell_Back_Squats_Inclination_Asymmetry_2_01.csv,7
7,8,1,3,2,23.612,23612,-1.16,9.14,1.13,9.2824,0.2149,0.0949,-0.1854,4.69,82.25,69.44,-0.8301,9.3764,0.4153,9.4223,P007_Barbell_Back_Squats_Inclination_Asymmetry_2_01.csv,7
7,8,1,3,2,23.742,23742,-0.72,9.12,1.53,9.2754,0.1931,0.0851,0.1756,4.38,80.75,69.13,-0.8156,9.3426,0.5622,9.395,P007_Barbell_Back_Squats_Inclination_Asymmetry_2_01.csv,7
7,8,1,3,2,23.872,23872,-0.32,9.24,1.85,9.4288,0.1625,0.06,0.0862,3.06,79.44,69.81,-0.7503,9.3291,0.7319,9.3878,P007_Barbell_Back_Squats_Inclination_Asymmetry_2_01.csv,7
7,8,1,3,2,24.002,24002,-1.2,8.99,1.85,9.2565,0.1211,0.0622,-0.108,3.56,78.38,68.75,-0.8096,9.2844,0.8792,9.361,P007_Barbell_Back_Squats_Inclination_Asymmetry_2_01.csv,7
7,8,1,3,2,24.132,24132,-0.68,8.62,1.98,8.8706,0.0382,0.1134,0.2214,3.31,77.75,68.06,-0.7925,9.1969,1.0243,9.2876,P007_Barbell_Back_Squats_Inclination_Asymmetry_2_01.csv,7
7,9,1,3,2,24.263,24263,0.43,9.31,1.99,9.53,-0.0055,0.0742,0.1865,1.31,77.63,69.13,-0.6314,9.2118,1.1515,9.3049,P007_Barbell_Back_Squats_Inclination_Asymmetry_2_01.csv,8
7,9,1,3,2,24.393,24393,-1.03,9.48,1.98,9.7392,-0.0164,0.0262,-0.612,3.25,77.69,66.81,-0.6839,9.2471,1.2607,9.3577,P007_Barbell_Back_Squats_Inclination_Asymmetry_2_01.csv,8
7,9,1,3,2,24.524,24524,-0.98,9.41,2.3,9.7365,-0.0371,0.0153,-0.06,4.56,77.81,65.38,-0.7229,9.2686,1.3977,9.4012,P007_Barbell_Back_Squats_Inclination_Asymmetry_2_01.csv,8
7,9,1,3,2,24.697,24697,-1.48,9.73,1.98,10.0391,-0.1625,0.0087,-0.2236,5.94,78.56,63.88,-0.8227,9.3294,1.4744,9.4809,P007_Barbell_Back_Squats_Inclination_Asymmetry_2_01.csv,8
7,9,1,3,2,24.827,24827,-1.4,11.2,1.91,11.4476,-0.2596,0.0076,0.1887,6.56,80.06,63.13,-0.8988,9.5759,1.5318,9.7392,P007_Barbell_Back_Squats_Inclination_Asymmetry_2_01.csv,8
7,9,1,3,2,24.957,24957,-1.15,15.58,2.27,15.7864,-0.1702,-0.0076,0.2563,5.31,81.75,64.19,-0.9319,10.3671,1.6291,10.5356,P007_Barbell_Back_Squats_Inclination_Asymmetry_2_01.csv,8
7,9,1,3,2,25.087,25087,-0.48,12.15,1.39,12.2387,-0.0371,-0.0207,-0.0753,3.94,82.38,65.63,-0.8723,10.602,1.5976,10.7571,P007_Barbell_Back_Squats_Inclination_Asymmetry_2_01.csv,8
7,9,1,3,2,25.217,25217,-1.77,9.59,1.15,9.8195,-0.0284,-0.0349,-0.3796,6.13,82.56,63.63,-0.9906,10.4687,1.5386,10.6274,P007_Barbell_Back_Squats_Inclination_Asymmetry_2_01.csv,8
7,9,1,3,2,25.347,25347,-2.12,9.24,1.2,9.5557,-0.0393,-0.0305,-0.0055,7.88,82.75,62.13,-1.1394,10.3068,1.494,10.4766,P007_Barbell_Back_Squats_Inclination_Asymmetry_2_01.csv,8
7,9,1,3,2,25.478,25478,-0.97,8.39,1.04,8.5097,-0.1189,-0.0338,0.3414,6.88,83.38,63.38,-1.1171,10.0542,1.4342,10.2172,P007_Barbell_Back_Squats_Inclination_Asymmetry_2_01.csv,8
7,9,1,3,2,25.608,25608,-0.95,9.26,0.74,9.338,-0.1462,-0.0349,0.0164,5.75,84.56,64.69,-1.0951,9.9495,1.3427,10.0993,P007_Barbell_Back_Squats_Inclination_Asymmetry_2_01.csv,8
7,9,1,3,2,25.781,25781,-1.09,7.38,0.42,7.4719,-0.0545,0.0665,0.0425,6.13,85.56,64.0,-1.0944,9.6109,1.2211,9.7498,P007_Barbell_Back_Squats_Inclination_Asymmetry_2_01.csv,8
7,9,1,3,2,25.912,25912,-1.27,8.58,0.28,8.678,-0.0316,0.1265,0.2694,5.44,85.75,63.94,-1.1176,9.4751,1.0971,9.6036,P007_Barbell_Back_Squats_Inclination_Asymmetry_2_01.csv,8
7,9,1,3,2,26.042,26042,1.3,10.46,0.87,10.5763,0.0415,0.1254,0.7189,0.44,85.63,67.88,-0.799,9.6049,1.0672,9.6969,P007_Barbell_Back_Squats_Inclination_Asymmetry_2_01.csv,8
7,9,1,3,2,26.173,26173,1.41,9.53,0.66,9.6563,0.0131,0.0393,-0.3665,-1.31,85.44,68.19,-0.5079,9.595,1.0135,9.6617,P007_Barbell_Back_Squats_Inclination_Asymmetry_2_01.csv,8
7,9,1,3,2,26.303,26303,-0.11,9.7,0.82,9.7352,0.0033,-0.024,-0.3022,0.81,85.38,65.69,-0.4555,9.6088,0.988,9.6702,P007_Barbell_Back_Squats_Inclination_Asymmetry_2_01.csv,8
7,9,1,3,2,26.434,26434,-0.57,9.37,0.98,9.4383,-0.0109,-0.0469,0.0295,1.75,85.44,64.75,-0.4706,9.5774,0.987,9.6396,P007_Barbell_Back_Squats_Inclination_Asymmetry_2_01.csv,8
7,9,1,3,2,26.564,26564,0.4,9.2,0.55,9.2251,-0.0447,-0.0731,0.1833,1.0,85.63,65.81,-0.3558,9.5276,0.9294,9.5795,P007_Barbell_Back_Squats_Inclination_Asymmetry_2_01.csv,8
7,9,1,3,2,26.694,26694,-0.48,10.7,0.8,10.7406,-0.0633,-0.0567,-0.1614,0.56,86.13,66.75,-0.3722,9.6821,0.9123,9.7321,P007_Barbell_Back_Squats_Inclination_Asymmetry_2_01.csv,8
7,9,1,3,2,26.867,26867,-0.1,10.31,0.27,10.314,-0.0458,-0.0905,0.4331,1.38,86.56,66.5,-0.3363,9.7649,0.8277,9.8056,P007_Barbell_Back_Squats_Inclination_Asymmetry_2_01.csv,8
7,9,1,3,2,26.999,26999,0.37,9.59,0.46,9.6082,0.0469,-0.1091,-0.0316,-0.44,86.44,68.94,-0.2433,9.7418,0.7792,9.776,P007_Barbell_Back_Squats_Inclination_Asymmetry_2_01.csv,8
7,9,1,3,2,27.13,27130,-0.27,8.9,0.68,8.93,-0.0065,-0.084,-0.0927,0.88,86.25,68.31,-0.2468,9.6309,0.7662,9.6645,P007_Barbell_Back_Squats_Inclination_Asymmetry_2_01.csv,8
7,9,1,3,2,27.264,27264,-0.49,8.5,0.78,8.5498,-0.0491,-0.0644,-0.1331,2.19,86.38,67.5,-0.2788,9.4819,0.768,9.517,P007_Barbell_Back_Squats_Inclination_Asymmetry_2_01.csv,8
7,9,1,3,2,27.395,27395,-0.28,9.91,0.47,9.9251,-0.0709,-0.1004,0.0731,2.0,86.88,68.5,-0.279,9.5383,0.7287,9.5701,P007_Barbell_Back_Squats_Inclination_Asymmetry_2_01.csv,9
7,9,1,3,2,27.525,27525,-0.27,10.11,0.27,10.1172,-0.024,-0.0971,-0.1113,2.0,87.25,69.19,-0.2778,9.6136,0.6683,9.6408,P007_Barbell_Back_Squats_Inclination_Asymmetry_2_01.csv,9
7,9,1,3,2,27.656,27656,-0.58,9.88,0.24,9.8999,0.0011,-0.0415,-0.1189,2.81,87.5,68.94,-0.3176,9.6487,0.6118,9.6733,P007_Barbell_Back_Squats_Inclination_Asymmetry_2_01.csv,9
7,9,1,3,2,27.786,27786,-0.79,8.91,0.58,8.9637,0.0109,-0.0185,-0.0916,3.5,87.44,68.38,-0.3799,9.5514,0.6076,9.5782,P007_Barbell_Back_Squats_Inclination_Asymmetry_2_01.csv,9
7,9,1,3,2,27.959,27959,-0.14,8.37,0.25,8.3749,-0.12,0.0033,0.0251,3.13,87.94,68.81,-0.3483,9.3957,0.5605,9.4188,P007_Barbell_Back_Squats_Inclination_Asymmetry_2_01.csv,9
7,9,1,3,2,28.089,28089,-0.23,9.44,-0.11,9.4434,-0.2454,0.0185,-0.204,3.31,89.38,68.5,-0.3327,9.4015,0.4722,9.4193,P007_Barbell_Back_Squats_Inclination_Asymmetry_2_01.csv,9
7,10,1,3,2,28.219,28219,-1.49,9.93,-0.43,10.0504,-0.24,-0.0131,-0.3622,5.94,91.13,65.69,-0.4852,9.4712,0.3533,9.4902,P007_Barbell_Back_Squats_Inclination_Asymmetry_2_01.csv,9
7,10,1,3,2,28.349,28349,-1.28,9.45,-0.5,9.5494,-0.1385,-0.0425,0.3927,6.31,92.5,65.38,-0.5899,9.4684,0.2408,9.4898,P007_Barbell_Back_Squats_Inclination_Asymmetry_2_01.csv,9
7,10,1,3,2,28.479,28479,0.16,10.59,-0.03,10.5913,-0.0742,-0.0982,0.4396,1.75,93.19,70.56,-0.4911,9.6162,0.2051,9.6309,P007_Barbell_Back_Squats_Inclination_Asymmetry_2_01.csv,9
7,10,1,3,2,28.61,28610,-0.25,10.88,-0.11,10.8834,-0.0382,-0.1451,-0.06,2.63,93.44,70.75,-0.4593,9.7827,0.1636,9.7949,P007_Barbell_Back_Squats_Inclination_Asymmetry_2_01.csv,9
7,10,1,3,2,28.74,28740,-0.54,10.81,-0.77,10.8508,-0.0807,-0.1516,-0.1865,3.06,93.81,71.56,-0.47,9.9181,0.0406,9.9293,P007_Barbell_Back_Squats_Inclination_Asymmetry_2_01.csv,9
7,10,1,3,2,28.871,28871,-1.66,13.41,-1.27,13.5719,-0.1244,-0.0938,-0.0262,4.38,94.75,71.44,-0.6268,10.3782,-0.1321,10.398,P007_Barbell_Back_Squats_Inclination_Asymmetry_2_01.csv,9
7,10,1,3,2,29.044,29044,0.58,12.37,-1.67,12.4957,0.0404,-0.0545,0.4461,0.5,95.31,76.44,-0.4678,10.6407,-0.3348,10.6562,P007_Barbell_Back_Squats_Inclination_Asymmetry_2_01.csv,9
7,10,1,3,2,29.174,29174,-0.61,9.99,-0.62,10.0278,0.1669,-0.0578,-0.2509,0.31,94.56,77.13,-0.4865,10.555,-0.3724,10.5727,P007_Barbell_Back_Squats_Inclination_Asymmetry_2_01.csv,9
7,10,1,3,2,29.304,29304,-1.32,9.65,-0.58,9.7571,0.2051,-0.0044,-0.1614,2.0,93.19,75.81,-0.5963,10.4357,-0.3997,10.4604,P007_Barbell_Back_Squats_Inclination_Asymmetry_2_01.csv,9
7,10,1,3,2,29.434,29434,-0.91,9.36,-0.12,9.4049,0.2258,0.0818,0.1909,2.31,91.56,75.19,-0.6377,10.294,-0.3629,10.3201,P007_Barbell_Back_Squats_Inclination_Asymmetry_2_01.csv,9
7,10,1,3,2,29.564,29564,0.29,7.76,-0.07,7.7657,0.1582,0.1385,-0.1724,1.69,90.13,75.06,-0.5154,9.96,-0.3243,9.9786,P007_Barbell_Back_Squats_Inclination_Asymmetry_2_01.csv,9
7,10,1,3,2,29.694,29694,-0.73,7.66,-0.06,7.6949,0.0949,0.1233,-0.2913,4.06,89.19,71.56,-0.5437,9.657,-0.2894,9.6766,P007_Barbell_Back_Squats_Inclination_Asymmetry_2_01.csv,9
7,10,1,3,2,29.825,29825,-0.39,7.78,0.22,7.7929,0.0785,0.1407,0.384,2.81,88.44,71.88,-0.5234,9.4096,-0.2223,9.4268,P007_Barbell_Back_Squats_Inclination_Asymmetry_2_01.csv,9
7,10,1,3,2,29.955,29955,0.41,9.31,0.53,9.3341,0.1047,0.1549,0.3382,0.63,87.63,73.06,-0.4004,9.3965,-0.1232,9.4058,P007_Barbell_Back_Squats_Inclination_Asymmetry_2_01.csv,9
7,10,1,3,2,30.128,30128,0.96,9.19,0.33,9.2459,0.0774,0.0589,-0.4276,-1.19,86.75,73.81,-0.2212,9.3693,-0.0635,9.3721,P007_Barbell_Back_Squats_Inclination_Asymmetry_2_01.csv,9
7,10,1,3,2,30.258,30258,0.11,10.07,0.49,10.0825,0.0644,0.0164,0.1418,0.38,86.38,71.94,-0.1775,9.4616,0.0095,9.4633,P007_Barbell_Back_Squats_Inclination_Asymmetry_2_01.csv,10
7,10,1,3,2,30.388,30388,0.03,9.73,0.58,9.7473,0.0295,-0.0098,0.1036,-0.19,86.06,72.56,-0.1502,9.497,0.0847,9.4986,P007_Barbell_Back_Squats_Inclination_Asymmetry_2_01.csv,10
7,10,1,3,2,30.518,30518,0.28,9.48,0.62,9.5044,0.0404,-0.0262,0.0371,-0.69,85.88,73.25,-0.0935,9.4947,0.1552,9.4965,P007_Barbell_Back_Squats_Inclination_Asymmetry_2_01.csv,10
7,10,1,3,2,30.648,30648,0.64,8.46,0.74,8.5164,0.0818,-0.0349,-0.0055,-0.94,85.44,73.69,0.0032,9.3584,0.2323,9.3613,P007_Barbell_Back_Squats_Inclination_Asymmetry_2_01.csv,10
7,10,1,3,2,30.778,30778,-0.12,8.91,0.82,8.9485,0.132,-0.0436,-0.3076,0.5,84.63,72.5,-0.0131,9.2993,0.3097,9.3045,P007_Barbell_Back_Squats_Inclination_Asymmetry_2_01.csv,10
7,10,1,3,2,30.909,30909,-0.03,9.6,1.08,9.6606,0.1364,-0.0207,0.024,1.5,83.63,71.75,-0.0153,9.3389,0.4112,9.348,P007_Barbell_Back_Squats_Inclination_Asymmetry_2_01.csv,10
7,10,1,3,2,31.039,31039,-0.25,9.82,1.05,9.8791,0.0818,0.0076,-0.1505,1.44,82.88,71.88,-0.0462,9.4023,0.4954,9.4155,P007_Barbell_Back_Squats_Inclination_Asymmetry_2_01.csv,10
7,11,1,3,2,31.212,31212,-0.74,9.48,1.23,9.5881,0.0436,0.0556,-0.0949,3.25,82.38,69.75,-0.1376,9.4126,0.5922,9.4322,P007_Barbell_Back_Squats_Inclination_Asymmetry_2_01.csv,10
7,11,1,3,2,31.342,31342,-0.45,9.6,1.46,9.7208,0.0404,0.0622,0.0676,3.31,82.0,69.25,-0.1788,9.4373,0.7065,9.4654,P007_Barbell_Back_Squats_Inclination_Asymmetry_2_01.csv,10
7,11,1,3,2,31.472,31472,-0.17,8.91,1.69,9.0705,0.0065,0.0229,0.0011,2.88,81.81,69.38,-0.1776,9.3678,0.8361,9.4067,P007_Barbell_Back_Squats_Inclination_Asymmetry_2_01.csv,10
7,11,1,3,2,31.602,31602,-0.61,9.09,1.36,9.2114,-0.0862,-0.0065,-0.1353,3.13,81.75,69.0,-0.2346,9.3312,0.9052,9.3779,P007_Barbell_Back_Squats_Inclination_Asymmetry_2_01.csv,10
7,11,1,3,2,31.732,31732,-0.86,10.67,1.07,10.7579,-0.1036,-0.0393,0.0415,3.5,82.5,68.75,-0.317,9.5076,0.9269,9.5579,P007_Barbell_Back_Squats_Inclination_Asymmetry_2_01.csv,10
7,11,1,3,2,31.862,31862,-0.18,10.78,1.43,10.8759,0.0513,-0.0971,0.3043,1.94,82.69,70.88,-0.299,9.6753,0.9932,9.7307,P007_Barbell_Back_Squats_Inclination_Asymmetry_2_01.csv,10
7,11,1,3,2,31.993,31993,0.77,11.22,1.38,11.3307,0.0742,-0.1058,-0.1418,0.88,82.19,72.69,-0.1581,9.8788,1.0442,9.9351,P007_Barbell_Back_Squats_Inclination_Asymmetry_2_01.csv,10
7,11,1,3,2,32.123,32123,-0.49,10.4,1.37,10.5013,0.1484,-0.1396,-0.5694,4.44,81.44,70.06,-0.2018,9.9475,1.0871,10.0088,P007_Barbell_Back_Squats_Inclination_Asymmetry_2_01.csv,10
7,11,1,3,2,32.296,32296,-2.55,11.19,2.04,11.6568,0.3545,-0.084,0.1025,8.69,79.06,67.13,-0.5113,10.1112,1.2127,10.1965,P007_Barbell_Back_Squats_Inclination_Asymmetry_2_01.csv,10
7,11,1,3,2,32.426,32426,-1.41,12.2,3.26,12.7065,0.2891,0.0142,0.1865,6.31,76.63,70.0,-0.6297,10.3865,1.4825,10.5106,P007_Barbell_Back_Squats_Inclination_Asymmetry_2_01.csv,10
7,11,1,3,2,32.556,32556,-1.58,11.14,3.38,11.7482,-0.0033,0.1102,-0.0022,6.38,75.69,69.44,-0.7549,10.4858,1.7325,10.6547,P007_Barbell_Back_Squats_Inclination_Asymmetry_2_01.csv,10
7,11,1,3,2,32.686,32686,-1.91,8.42,2.05,8.874,-0.1898,0.1745,-0.2443,6.88,76.31,67.81,-0.9071,10.2136,1.7743,10.4061,P007_Barbell_Back_Squats_Inclination_Asymmetry_2_01.csv,10
7,11,1,3,2,32.816,32816,-1.4,9.35,1.92,9.6472,-0.2705,0.2105,0.2509,6.88,77.88,66.13,-0.9721,10.0998,1.7935,10.3037,P007_Barbell_Back_Squats_Inclination_Asymmetry_2_01.csv,10
7,11,1,3,2,32.946,32946,-1.07,9.0,1.69,9.2196,-0.2716,0.1473,-0.0044,6.31,79.69,65.25,-0.985,9.9548,1.7799,10.1606,P007_Barbell_Back_Squats_Inclination_Asymmetry_2_01.csv,10
7,11,1,3,2,33.077,33077,-0.94,8.39,1.34,8.5482,-0.2793,0.0447,0.3098,4.88,81.56,65.88,-0.9791,9.7486,1.7219,9.9478,P007_Barbell_Back_Squats_Inclination_Asymmetry_2_01.csv,10
7,11,1,3,2,33.207,33207,0.4,8.31,0.74,8.3525,-0.3632,0.036,0.8149,0.5,83.81,70.0,-0.7973,9.5591,1.5925,9.7236,P007_Barbell_Back_Squats_Inclination_Asymmetry_2_01.csv,10
7,11,1,3,2,33.38,33380,0.98,7.97,0.15,8.0314,-0.2705,-0.0764,-0.8312,-0.81,86.75,70.94,-0.5631,9.3497,1.4024,9.471,P007_Barbell_Back_Squats_Inclination_Asymmetry_2_01.csv,10
7,11,1,3,2,33.511,33511,1.37,10.57,-0.34,10.6638,-0.1004,-0.0982,0.4592,0.25,88.0,70.44,-0.3084,9.5105,1.1728,9.5875,P007_Barbell_Back_Squats_Inclination_Asymmetry_2_01.csv,11
7,11,1,3,2,33.642,33642,0.09,11.1,-0.36,11.1062,0.0545,-0.1385,-0.1014,0.69,88.0,70.63,-0.2559,9.7199,0.9708,9.7716,P007_Barbell_Back_Squats_Inclination_Asymmetry_2_01.csv,11
7,11,1,3,2,33.772,33772,-0.8,9.38,0.58,9.4319,0.1844,-0.1418,-0.0436,1.06,87.06,71.31,-0.3276,9.6751,0.9193,9.7242,P007_Barbell_Back_Squats_Inclination_Asymmetry_2_01.csv,11
7,11,1,3,2,33.903,33903,-0.17,9.17,0.6,9.1912,0.0949,-0.0764,0.1953,0.06,86.13,73.06,-0.3068,9.6086,0.8773,9.6534,P007_Barbell_Back_Squats_Inclination_Asymmetry_2_01.csv,11
7,11,1,3,2,34.033,34033,-0.11,9.14,0.92,9.1868,-0.0305,0.0098,0.0393,-0.19,85.94,73.63,-0.2809,9.5468,0.8829,9.5917,P007_Barbell_Back_Squats_Inclination_Asymmetry_2_01.csv,11
7,11,1,3,2,34.163,34163,0.43,9.64,0.82,9.6844,-0.12,0.0698,0.1025,-0.81,86.44,73.81,-0.1872,9.5591,0.8746,9.6009,P007_Barbell_Back_Squats_Inclination_Asymmetry_2_01.csv,11
7,11,1,3,2,34.293,34293,0.79,9.62,0.6,9.671,-0.1244,0.0458,-0.0371,-1.88,87.25,74.25,-0.0584,9.5671,0.8384,9.604,P007_Barbell_Back_Squats_Inclination_Asymmetry_2_01.csv,11
7,11,1,3,2,34.466,34466,0.15,7.04,0.23,7.0454,-0.0524,0.0229,-0.2073,-1.31,88.0,73.13,-0.031,9.2341,0.7582,9.2652,P007_Barbell_Back_Squats_Inclination_Asymmetry_2_01.csv,11
7,11,1,3,2,34.597,34597,-0.56,9.59,-0.07,9.6066,-0.0404,-0.0175,-0.1276,1.81,88.31,69.88,-0.1007,9.281,0.6491,9.3042,P007_Barbell_Back_Squats_Inclination_Asymmetry_2_01.csv,11
7,11,1,3,2,34.73,34730,0.17,10.64,-0.18,10.6429,-0.0731,-0.0327,0.0316,0.81,88.75,71.13,-0.065,9.4601,0.5398,9.4757,P007_Barbell_Back_Squats_Inclination_Asymmetry_2_01.csv,11
7,12,1,3,2,34.861,34861,-0.24,9.0,-0.31,9.0085,-0.0851,-0.0295,-0.216,1.31,89.31,70.81,-0.0881,9.3995,0.4279,9.4096,P007_Barbell_Back_Squats_Inclination_Asymmetry_2_01.csv,11
7,12,1,3,2,34.994,34994,-0.51,9.04,-0.05,9.0545,-0.0982,-0.0371,-0.1276,2.5,90.13,69.81,-0.1437,9.3521,0.3649,9.3603,P007_Barbell_Back_Squats_Inclination_Asymmetry_2_01.csv,11
7,12,1,3,2,35.125,35125,-0.93,9.6,-0.16,9.6463,-0.1353,-0.0731,-0.1494,3.5,91.06,69.25,-0.2473,9.3848,0.2957,9.3927,P007_Barbell_Back_Squats_Inclination_Asymmetry_2_01.csv,11
7,12,1,3,2,35.255,35255,-0.69,10.3,-0.48,10.3342,-0.132,-0.1047,-0.0164,3.94,92.13,69.38,-0.3056,9.5054,0.1935,9.5122,P007_Barbell_Back_Squats_Inclination_Asymmetry_2_01.csv,11
7,12,1,3,2,35.386,35386,-1.14,10.67,-0.45,10.7402,-0.12,-0.1451,0.1102,4.38,93.06,69.81,-0.4156,9.6588,0.1087,9.6684,P007_Barbell_Back_Squats_Inclination_Asymmetry_2_01.csv,11
7,12,1,3,2,35.559,35559,-0.04,10.73,-1.08,10.7843,-0.1233,-0.1233,0.0785,2.06,94.25,73.44,-0.3661,9.8,-0.0479,9.8069,P007_Barbell_Back_Squats_Inclination_Asymmetry_2_01.csv,11
7,12,1,3,2,35.689,35689,-0.63,10.67,-1.19,10.7546,-0.1396,-0.0513,-0.5301,3.5,95.44,72.56,-0.4009,9.9146,-0.1984,9.9247,P007_Barbell_Back_Squats_Inclination_Asymmetry_2_01.csv,11
7,12,1,3,2,35.819,35819,-1.95,10.17,-1.25,10.4304,-0.1342,-0.0305,-0.4309,7.75,96.38,69.0,-0.605,9.9483,-0.337,9.9724,P007_Barbell_Back_Squats_Inclination_Asymmetry_2_01.csv,11
7,12,1,3,2,35.949,35949,-1.29,12.21,-1.73,12.3992,-0.168,-0.0142,0.4058,7.25,97.5,70.5,-0.6953,10.2463,-0.5206,10.2831,P007_Barbell_Back_Squats_Inclination_Asymmetry_2_01.csv,11
7,12,1,3,2,36.079,36079,-0.09,14.06,-2.2,14.2314,-0.0218,-0.072,0.1571,4.5,98.19,73.94,-0.6155,10.7489,-0.7419,10.792,P007_Barbell_Back_Squats_Inclination_Asymmetry_2_01.csv,11
7,12,1,3,2,36.209,36209,-2.11,10.53,-1.11,10.7965,0.1604,-0.1167,-0.4614,6.44,97.75,72.88,-0.8124,10.72,-0.7904,10.7798,P007_Barbell_Back_Squats_Inclination_Asymmetry_2_01.csv,11
7,12,1,3,2,36.34,36340,-2.33,9.26,-1.53,9.6704,0.2083,-0.0698,0.3185,6.56,96.38,74.31,-1.0124,10.5276,-0.8878,10.6134,P007_Barbell_Back_Squats_Inclination_Asymmetry_2_01.csv,11
7,12,1,3,2,36.47,36470,-0.85,9.41,-0.97,9.498,0.1538,-0.0273,0.3742,3.56,95.25,77.88,-0.991,10.3804,-0.8987,10.4662,P007_Barbell_Back_Squats_Inclination_Asymmetry_2_01.csv,11
7,12,1,3,2,36.643,36643,0.26,8.51,-0.74,8.5461,0.2422,-0.0382,-0.1505,2.31,93.5,79.5,-0.8262,10.1339,-0.8778,10.2053,P007_Barbell_Back_Squats_Inclination_Asymmetry_2_01.csv,11
7,12,1,3,2,36.774,36774,-1.42,7.74,-0.6,7.892,0.2847,0.048,-0.4254,5.19,91.5,76.81,-0.9044,9.8184,-0.8412,9.8958,P007_Barbell_Back_Squats_Inclination_Asymmetry_2_01.csv,11
7,12,1,3,2,36.904,36904,-1.65,7.78,-0.39,7.9626,0.2869,0.2389,0.1702,6.81,89.31,74.44,-1.0027,9.5498,-0.7817,9.6341,P007_Barbell_Back_Squats_Inclination_Asymmetry_2_01.csv,11
7,12,1,3,2,37.034,37034,-0.29,9.03,-0.03,9.0347,0.2367,0.2967,0.3163,4.44,87.25,75.0,-0.9088,9.4813,-0.6827,9.5492,P007_Barbell_Back_Squats_Inclination_Asymmetry_2_01.csv,11
7,12,1,3,2,37.164,37164,0.06,9.93,1.08,9.9887,0.1996,0.2694,0.0578,2.81,85.63,74.44,-0.7811,9.5404,-0.4504,9.583,P007_Barbell_Back_Squats_Inclination_Asymmetry_2_01.csv,11
7,12,1,3,2,37.294,37294,-0.72,9.21,0.72,9.2661,0.1298,0.2618,-0.2083,3.69,84.31,71.56,-0.773,9.4969,-0.2962,9.5329,P007_Barbell_Back_Squats_Inclination_Asymmetry_2_01.csv,11
7,12,1,3,2,37.424,37424,0.19,9.63,0.77,9.6626,0.0622,0.2553,0.1102,3.94,83.56,69.44,-0.6461,9.5144,-0.1557,9.5376,P007_Barbell_Back_Squats_Inclination_Asymmetry_2_01.csv,11
7,12,1,3,2,37.555,37555,-0.08,9.22,1.42,9.3291,0.0393,0.1658,0.0284,3.13,83.06,68.69,-0.5715,9.4756,0.052,9.493,P007_Barbell_Back_Squats_Inclination_Asymmetry_2_01.csv,11
7,12,1,3,2,37.727,37727,0.27,9.24,1.1,9.3092,-0.0305,0.1233,0.2247,2.25,83.06,68.31,-0.4606,9.4446,0.1901,9.4577,P007_Barbell_Back_Squats_Inclination_Asymmetry_2_01.csv,11
7,12,1,3,2,37.858,37858,-0.07,8.8,1.15,8.8751,0.0196,0.0742,-0.2018,2.06,83.13,67.75,-0.4092,9.3597,0.3166,9.3739,P007_Barbell_Back_Squats_Inclination_Asymmetry_2_01.csv,11
7,12,1,3,2,37.988,37988,-0.55,9.75,1.43,9.8696,0.1211,0.0524,-0.0436,3.31,82.56,66.13,-0.4277,9.4111,0.4633,9.4322,P007_Barbell_Back_Squats_Inclination_Asymmetry_2_01.csv,12
7,12,1,3,2,38.118,38118,0.89,9.15,1.14,9.2636,0.2029,0.0644,-0.0142,2.63,81.25,66.5,-0.2541,9.3767,0.5525,9.3964,P007_Barbell_Back_Squats_Inclination_Asymmetry_2_01.csv,12
7,12,1,3,2,38.248,38248,-1.46,9.38,1.51,9.6123,0.2498,0.0316,-0.6774,5.69,79.56,63.13,-0.413,9.3771,0.6786,9.4107,P007_Barbell_Back_Squats_Inclination_Asymmetry_2_01.csv,12
7,13,1,3,2,38.378,38378,-2.47,8.67,1.74,9.1814,0.2171,0.0709,-0.0338,8.13,77.69,60.31,-0.6841,9.2839,0.8185,9.345,P007_Barbell_Back_Squats_Inclination_Asymmetry_2_01.csv,12
7,13,1,3,2,38.508,38508,-0.36,7.57,2.41,7.9525,0.096,0.0055,0.516,5.5,76.69,62.75,-0.6414,9.0581,1.0282,9.1388,P007_Barbell_Back_Squats_Inclination_Asymmetry_2_01.csv,12
7,13,1,3,2,38.639,38639,0.28,8.95,2.39,9.2678,-0.1756,-0.1374,0.1691,3.31,76.88,65.25,-0.5199,9.0438,1.2077,9.1389,P007_Barbell_Back_Squats_Inclination_Asymmetry_2_01.csv,12
7,13,1,3,2,38.811,38811,-1.32,11.73,1.43,11.8903,-0.1571,-0.2814,-0.0273,4.38,79.0,66.19,-0.6254,9.3978,1.237,9.4995,P007_Barbell_Back_Squats_Inclination_Asymmetry_2_01.csv,12
7,13,1,3,2,38.941,38941,-1.25,11.87,1.98,12.0988,0.1516,-0.2073,0.0545,4.31,79.06,68.06,-0.7077,9.7236,1.3349,9.8403,P007_Barbell_Back_Squats_Inclination_Asymmetry_2_01.csv,12
7,13,1,3,2,39.071,39071,-1.17,10.62,2.31,10.9311,0.276,-0.1451,-0.2727,5.5,77.44,68.19,-0.7686,9.8417,1.4634,9.9795,P007_Barbell_Back_Squats_Inclination_Asymmetry_2_01.csv,12
7,13,1,3,2,39.201,39201,-1.91,10.28,2.37,10.7212,0.3512,-0.1331,-0.1538,7.25,75.38,68.0,-0.919,9.8995,1.5828,10.0672,P007_Barbell_Back_Squats_Inclination_Asymmetry_2_01.csv,12
7,13,1,3,2,39.331,39331,-2.1,11.77,3.91,12.579,0.3218,-0.0447,-0.0611,7.88,72.88,68.31,-1.0746,10.146,1.8895,10.3762,P007_Barbell_Back_Squats_Inclination_Asymmetry_2_01.csv,12
7,13,1,3,2,39.462,39462,-1.45,10.68,4.5,11.6797,-0.1025,0.0535,-0.06,8.19,72.06,68.0,-1.1241,10.2163,2.2335,10.5179,P007_Barbell_Back_Squats_Inclination_Asymmetry_2_01.csv,12
7,13,1,3,2,39.593,39593,-2.72,8.3,2.8,9.1722,-0.4603,0.024,-0.348,10.0,74.19,65.5,-1.3344,9.9638,2.3082,10.3143,P007_Barbell_Back_Squats_Inclination_Asymmetry_2_01.csv,12
7,13,1,3,2,39.723,39723,-2.25,9.18,1.57,9.5812,-0.5247,0.0087,0.3731,9.75,78.0,65.13,-1.455,9.8605,2.2109,10.2096,P007_Barbell_Back_Squats_Inclination_Asymmetry_2_01.csv,12
7,13,1,3,2,39.896,39896,-0.84,9.53,0.91,9.6101,-0.3502,0.0076,0.2345,6.44,82.19,67.88,-1.374,9.817,2.0395,10.1203,P007_Barbell_Back_Squats_Inclination_Asymmetry_2_01.csv,12
7,13,1,3,2,40.026,40026,-0.16,8.42,0.48,8.4352,-0.2073,-0.0327,-0.0349,5.31,84.19,68.94,-1.214,9.6329,1.834,9.8808,P007_Barbell_Back_Squats_Inclination_Asymmetry_2_01.csv,12
7,13,1,3,2,40.156,40156,-1.23,8.66,0.36,8.7543,-0.1658,-0.0753,-0.0415,6.56,85.63,67.94,-1.2161,9.5047,1.6397,9.7215,P007_Barbell_Back_Squats_Inclination_Asymmetry_2_01.csv,12
7,13,1,3,2,40.286,40286,-0.72,7.09,0.38,7.1366,-0.0502,-0.0404,0.2858,4.81,86.44,70.19,-1.1508,9.1865,1.4737,9.3748,P007_Barbell_Back_Squats_Inclination_Asymmetry_2_01.csv,12
7,13,1,3,2,40.416,40416,0.0,9.89,0.47,9.9012,0.0415,0.0109,-0.108,3.75,86.5,71.25,-0.9991,9.2792,1.3415,9.4287,P007_Barbell_Back_Squats_Inclination_Asymmetry_2_01.csv,13
7,13,1,3,2,40.546,40546,-0.9,9.49,0.44,9.5427,0.0644,0.0022,-0.2127,4.94,86.06,70.06,-0.9861,9.307,1.2227,9.4386,P007_Barbell_Back_Squats_Inclination_Asymmetry_2_01.csv,13
7,13,1,3,2,40.677,40677,-0.64,9.72,0.69,9.7655,0.0535,-0.0011,0.4767,3.81,85.69,71.31,-0.9405,9.3614,1.1525,9.4788,P007_Barbell_Back_Squats_Inclination_Asymmetry_2_01.csv,13
7,13,1,3,2,40.808,40808,0.01,9.55,0.64,9.5714,0.0316,-0.0142,0.2356,1.19,85.38,74.0,-0.8152,9.3863,1.0849,9.4838,P007_Barbell_Back_Squats_Inclination_Asymmetry_2_01.csv,13
7,13,1,3,2,40.98,40980,-0.31,9.34,0.79,9.3785,-0.0753,-0.0153,0.1156,0.06,85.56,75.19,-0.7486,9.3802,1.0461,9.4679,P007_Barbell_Back_Squats_Inclination_Asymmetry_2_01.csv,13
7,13,1,3,2,41.11,41110,0.8,8.91,0.64,8.9687,-0.1833,-0.048,0.2749,-1.81,86.5,77.38,-0.5446,9.3182,0.9926,9.3867,P007_Barbell_Back_Squats_Inclination_Asymmetry_2_01.csv,13
7,13,1,3,2,41.24,41240,0.36,8.64,0.13,8.6485,-0.2367,-0.1113,-0.2193,-2.0,88.0,77.38,-0.4254,9.2288,0.8789,9.2803,P007_Barbell_Back_Squats_Inclination_Asymmetry_2_01.csv,13
7,13,1,3,2,41.37,41370,-0.02,8.49,0.26,8.494,-0.2378,-0.0894,-0.2116,-0.75,89.88,76.19,-0.3719,9.1315,0.7974,9.1738,P007_Barbell_Back_Squats_Inclination_Asymmetry_2_01.csv,13
7,13,1,3,2,41.5,41500,-0.26,9.48,-0.23,9.4864,-0.1604,-0.0393,-0.1494,0.31,91.25,75.38,-0.3572,9.1774,0.662,9.2082,P007_Barbell_Back_Squats_Inclination_Asymmetry_2_01.csv,13
7,14,1,3,2,41.63,41630,-0.72,9.21,-0.15,9.2393,-0.1353,-0.0207,-0.0578,1.13,92.13,74.31,-0.405,9.1817,0.555,9.2074,P007_Barbell_Back_Squats_Inclination_Asymmetry_2_01.csv,13
7,14,1,3,2,41.761,41761,-0.19,9.08,-0.38,9.0899,-0.1887,0.0349,0.4025,0.06,93.19,75.06,-0.3767,9.1683,0.4318,9.1862,P007_Barbell_Back_Squats_Inclination_Asymmetry_2_01.csv,13
7,14,1,3,2,41.891,41891,1.19,9.92,-0.56,10.0068,-0.2073,0.0393,0.0709,-2.13,94.63,76.75,-0.1702,9.2674,0.3011,9.2738,P007_Barbell_Back_Squats_Inclination_Asymmetry_2_01.csv,13
7,14,1,3,2,42.064,42064,-0.4,10.25,-1.21,10.3289,-0.0175,-0.0578,-0.4222,2.38,95.88,72.19,-0.2005,9.3968,0.102,9.3995,P007_Barbell_Back_Squats_Inclination_Asymmetry_2_01.csv,13
7,14,1,3,2,42.194,42194,-1.81,10.67,-0.96,10.8649,0.1516,-0.0971,-0.1309,4.81,95.38,70.44,-0.4126,9.5646,-0.038,9.5736,P007_Barbell_Back_Squats_Inclination_Asymmetry_2_01.csv,13
7,14,1,3,2,42.324,42324,-0.26,10.46,-1.23,10.5353,0.1156,-0.048,0.4865,2.56,94.25,73.63,-0.3925,9.6826,-0.1951,9.6925,P007_Barbell_Back_Squats_Inclination_Asymmetry_2_01.csv,13
7,14,1,3,2,42.454,42454,0.21,10.4,-0.96,10.4463,-0.0862,-0.0305,-0.1549,1.0,94.31,75.63,-0.3131,9.7771,-0.2959,9.7866,P007_Barbell_Back_Squats_Inclination_Asymmetry_2_01.csv,13
7,14,1,3,2,42.584,42584,-1.16,10.39,-1.24,10.5278,-0.2443,-0.0196,-0.4571,3.88,95.63,73.25,-0.4247,9.8579,-0.4203,9.876,P007_Barbell_Back_Squats_Inclination_Asymmetry_2_01.csv,13
7,14,1,3,2,42.715,42715,-0.79,14.23,-1.95,14.3847,-0.2323,-0.0076,0.5661,3.56,97.56,73.5,-0.4728,10.434,-0.6219,10.4632,P007_Barbell_Back_Squats_Inclination_Asymmetry_2_01.csv,13
7,14,1,3,2,42.845,42845,0.87,12.03,-1.86,12.204,-0.1418,-0.0949,0.0305,0.38,99.0,77.06,-0.2959,10.6443,-0.785,10.6773,P007_Barbell_Back_Squats_Inclination_Asymmetry_2_01.csv,13
7,14,1,3,2,42.976,42976,-2.23,9.44,-1.32,9.7892,0.0033,-0.0851,-0.4134,4.0,99.38,74.19,-0.5507,10.4856,-0.8555,10.5349,P007_Barbell_Back_Squats_Inclination_Asymmetry_2_01.csv,13
7,14,1,3,2,43.148,43148,-1.3,9.55,-1.48,9.751,0.1058,0.036,0.1789,3.94,98.88,74.31,-0.6495,10.3623,-0.9378,10.4249,P007_Barbell_Back_Squats_Inclination_Asymmetry_2_01.csv,13
7,14,1,3,2,43.278,43278,-0.04,8.83,-1.34,8.9312,0.1985,0.0218,0.3251,1.88,97.81,76.25,-0.5692,10.1604,-0.9908,10.2245,P007_Barbell_Back_Squats_Inclination_Asymmetry_2_01.csv,13
7,14,1,3,2,43.408,43408,0.01,8.11,-1.23,8.2027,0.3229,0.0425,-0.3883,2.06,95.88,75.88,-0.4928,9.8902,-1.0223,9.9551,P007_Barbell_Back_Squats_Inclination_Asymmetry_2_01.csv,13
7,14,1,3,2,43.538,43538,-0.38,7.64,-1.04,7.7198,0.4014,0.0404,-0.0578,4.5,93.44,73.19,-0.478,9.5937,-1.0246,9.6601,P007_Barbell_Back_Squats_Inclination_Asymmetry_2_01.csv,13
7,14,1,3,2,43.668,43668,-0.96,8.7,-0.37,8.7606,0.3349,0.0142,0.3632,3.5,90.81,74.19,-0.5415,9.4759,-0.9384,9.5377,P007_Barbell_Back_Squats_Inclination_Asymmetry_2_01.csv,13
7,14,1,3,2,43.799,43799,0.57,9.25,0.39,9.2757,0.192,0.0349,0.3131,-0.06,88.81,77.69,-0.395,9.4462,-0.7633,9.4852,P007_Barbell_Back_Squats_Inclination_Asymmetry_2_01.csv,13
7,14,1,3,2,43.93,43930,0.04,9.66,0.64,9.6813,0.1429,0.0665,-0.2454,1.06,87.63,76.13,-0.3377,9.4743,-0.5784,9.498,P007_Barbell_Back_Squats_Inclination_Asymmetry_2_01.csv,13
7,14,1,3,2,44.06,44060,-0.96,9.43,0.51,9.4924,0.12,0.1342,-0.4385,2.38,86.63,74.19,-0.4197,9.4685,-0.435,9.4878,P007_Barbell_Back_Squats_Inclination_Asymmetry_2_01.csv,13
7,14,1,3,2,44.233,44233,-0.3,9.65,0.86,9.6929,0.0905,0.1778,-0.0196,3.25,85.63,71.81,-0.4039,9.4924,-0.2643,9.5047,P007_Barbell_Back_Squats_Inclination_Asymmetry_2_01.csv,13
7,14,1,3,2,44.363,44363,-0.25,9.93,0.72,9.9592,0.0327,0.1604,0.0262,2.75,85.06,71.13,-0.3836,9.5501,-0.1346,9.5587,P007_Barbell_Back_Squats_Inclination_Asymmetry_2_01.csv,13
7,14,1,3,2,44.493,44493,-0.19,9.55,0.91,9.5951,0.0633,0.1298,-0.3578,3.06,84.69,69.75,-0.3581,9.5501,0.003,9.5568,P007_Barbell_Back_Squats_Inclination_Asymmetry_2_01.csv,13
7,14,1,3,2,44.623,44623,-0.83,10.59,0.95,10.6649,0.1331,0.0556,0.2891,4.06,83.94,68.13,-0.4203,9.6871,0.1278,9.6971,P007_Barbell_Back_Squats_Inclination_Asymmetry_2_01.csv,13
7,14,1,3,2,44.753,44753,-0.11,9.76,1.11,9.8235,0.2029,0.0033,0.0524,2.13,82.69,69.94,-0.3794,9.6967,0.2572,9.7075,P007_Barbell_Back_Squats_Inclination_Asymmetry_2_01.csv,13
7,14,1,3,2,44.883,44883,-0.44,7.75,1.17,7.8502,0.1571,-0.0011,-0.4483,3.88,81.44,68.19,-0.3874,9.4402,0.3775,9.4557,P007_Barbell_Back_Squats_Inclination_Asymmetry_2_01.csv,13
7,14,1,3,2,45.014,45014,-1.29,7.81,1.31,8.0235,0.1811,0.0055,-0.3949,7.13,80.19,65.0,-0.5063,9.2254,0.5004,9.2528,P007_Barbell_Back_Squats_Inclination_Asymmetry_2_01.csv,13
7,14,1,3,2,45.144,45144,-1.07,9.2,1.63,9.4043,0.228,-0.0185,0.1418,7.81,78.63,64.56,-0.5806,9.222,0.6492,9.2631,P007_Barbell_Back_Squats_Inclination_Asymmetry_2_01.csv,13
7,14,1,3,2,45.317,45317,-0.41,9.09,2.04,9.3251,0.2171,-0.0436,0.4614,5.13,76.75,67.81,-0.5581,9.2046,0.8325,9.259,P007_Barbell_Back_Squats_Inclination_Asymmetry_2_01.csv,13
7,15,1,3,2,45.447,45447,0.0,8.97,2.71,9.3704,0.192,-0.0218,-0.1756,2.88,75.25,70.5,-0.4846,9.1737,1.0799,9.2498,P007_Barbell_Back_Squats_Inclination_Asymmetry_2_01.csv,13
7,15,1,3,2,45.577,45577,-2.15,8.93,2.66,9.5626,0.1004,0.0044,-0.4691,6.69,74.13,66.63,-0.704,9.1416,1.2881,9.2587,P007_Barbell_Back_Squats_Inclination_Asymmetry_2_01.csv,13
7,15,1,3,2,45.707,45707,-1.01,8.61,2.06,8.9104,0.0055,-0.0076,0.1985,7.06,73.69,66.81,-0.7444,9.0715,1.3898,9.2075,P007_Barbell_Back_Squats_Inclination_Asymmetry_2_01.csv,13
7,15,1,3,2,45.837,45837,-1.55,10.4,2.78,10.8762,0.0327,-0.0196,-0.2236,7.69,73.69,66.31,-0.8505,9.2466,1.573,9.4179,P007_Barbell_Back_Squats_Inclination_Asymmetry_2_01.csv,14
7,15,1,3,2,45.967,45967,-1.59,11.27,2.85,11.733,0.1778,-0.0393,-0.1898,8.75,73.13,65.69,-0.948,9.5132,1.7413,9.7176,P007_Barbell_Back_Squats_Inclination_Asymmetry_2_01.csv,14
7,15,1,3,2,46.097,46097,-2.35,10.37,3.48,11.1879,0.2094,-0.0371,-0.3327,11.0,71.69,64.38,-1.1327,9.6261,1.9704,9.8908,P007_Barbell_Back_Squats_Inclination_Asymmetry_2_01.csv,14
7,15,1,3,2,46.228,46228,-3.18,9.87,3.98,11.1072,0.1036,0.0087,-0.0862,12.94,70.25,62.88,-1.4025,9.6583,2.2352,10.0123,P007_Barbell_Back_Squats_Inclination_Asymmetry_2_01.csv,14
7,15,1,3,2,46.401,46401,-1.75,10.36,4.58,11.4616,-0.3142,0.0022,0.288,11.44,71.31,64.88,-1.4483,9.7507,2.5442,10.1807,P007_Barbell_Back_Squats_Inclination_Asymmetry_2_01.csv,14
7,15,1,3,2,46.531,46531,-2.2,8.86,2.8,9.5488,-0.588,-0.036,-0.2596,11.44,74.75,64.63,-1.5473,9.6334,2.5779,10.0917,P007_Barbell_Back_Squats_Inclination_Asymmetry_2_01.csv,14
7,15,1,3,2,46.661,46661,-3.24,10.01,1.37,10.6101,-0.6283,-0.0491,-0.0055,13.56,79.31,62.0,-1.7704,9.683,2.4187,10.1363,P007_Barbell_Back_Squats_Inclination_Asymmetry_2_01.csv,14
7,15,1,3,2,46.791,46791,-2.12,10.75,1.2,11.0226,-0.3556,-0.0524,0.4451,10.88,83.06,64.44,-1.8165,9.8236,2.2581,10.2422,P007_Barbell_Back_Squats_Inclination_Asymmetry_2_01.csv,14
7,15,1,3,2,46.921,46921,-0.55,9.24,0.73,9.2851,-0.1724,-0.024,0.4298,7.75,84.94,67.44,-1.6496,9.7467,2.0568,10.097,P007_Barbell_Back_Squats_Inclination_Asymmetry_2_01.csv,14
7,15,1,3,2,47.051,47051,-0.84,6.7,0.48,6.7695,-0.1822,-0.0011,-0.5934,8.5,86.06,66.31,-1.5429,9.3452,1.849,9.6505,P007_Barbell_Back_Squats_Inclination_Asymmetry_2_01.csv,14
7,15,1,3,2,47.182,47182,-2.4,7.28,0.27,7.6702,-0.1669,0.0098,0.2716,10.88,87.31,63.69,-1.6558,9.0731,1.6409,9.3678,P007_Barbell_Back_Squats_Inclination_Asymmetry_2_01.csv,14
7,15,1,3,2,47.312,47312,-0.3,8.25,0.47,8.2688,-0.1473,0.0327,0.4603,5.44,88.5,68.38,-1.4772,8.9646,1.4866,9.2063,P007_Barbell_Back_Squats_Inclination_Asymmetry_2_01.csv,14
7,15,1,3,2,47.485,47485,-1.29,10.51,-0.2,10.5908,-0.0196,0.0709,-0.0404,5.13,89.56,67.31,-1.4525,9.1683,1.2644,9.3683,P007_Barbell_Back_Squats_Inclination_Asymmetry_2_01.csv,14
7,15,1,3,2,47.616,47616,-0.15,10.42,-0.21,10.4232,0.0927,0.0774,0.4996,4.25,89.13,67.44,-1.2809,9.3332,1.0701,9.4813,P007_Barbell_Back_Squats_Inclination_Asymmetry_2_01.csv,14
7,15,1,3,2,47.746,47746,-0.08,8.94,0.62,8.9618,0.1047,0.0404,0.0927,2.5,88.38,68.63,-1.1226,9.2814,1.0108,9.4035,P007_Barbell_Back_Squats_Inclination_Asymmetry_2_01.csv,14
7,15,1,3,2,47.876,47876,-0.15,8.79,0.32,8.7971,-0.0164,0.0371,0.1167,2.63,88.25,67.56,-0.9945,9.2166,0.9198,9.3156,P007_Barbell_Back_Squats_Inclination_Asymmetry_2_01.csv,14
7,15,1,3,2,48.006,48006,-0.56,7.74,0.7,7.7917,-0.1724,0.0262,-0.2869,3.19,88.88,66.25,-0.9372,9.0221,0.8908,9.1142,P007_Barbell_Back_Squats_Inclination_Asymmetry_2_01.csv,14
7,15,1,3,2,48.136,48136,-0.82,8.13,-0.22,8.1742,-0.2858,-0.0065,-0.0884,4.88,90.63,64.13,-0.9218,8.9045,0.7444,8.983,P007_Barbell_Back_Squats_Inclination_Asymmetry_2_01.csv,14
7,15,1,3,2,48.266,48266,-0.79,10.1,-0.72,10.1564,-0.2171,0.0033,-0.0676,5.13,92.5,63.44,-0.9044,9.062,0.5514,9.1237,P007_Barbell_Back_Squats_Inclination_Asymmetry_2_01.csv,15
7,16,1,3,2,48.397,48397,-0.27,9.07,-0.64,9.0966,-0.1833,-0.0065,-0.0207,4.5,93.81,63.94,-0.8208,9.0631,0.3944,9.1087,P007_Barbell_Back_Squats_Inclination_Asymmetry_2_01.csv,15
7,16,1,3,2,48.569,48569,-0.43,9.1,-0.7,9.137,-0.1713,-0.0698,-0.0044,5.06,95.63,63.38,-0.7693,9.068,0.2502,9.104,P007_Barbell_Back_Squats_Inclination_Asymmetry_2_01.csv,15
7,16,1,3,2,48.699,48699,-0.74,9.3,-0.95,9.3776,-0.1734,-0.1494,-0.4472,6.25,96.94,62.88,-0.7654,9.0985,0.0921,9.1311,P007_Barbell_Back_Squats_Inclination_Asymmetry_2_01.csv,15
7,16,1,3,2,48.829,48829,-2.31,10.13,-1.4,10.4839,-0.1505,-0.2356,-0.2094,9.25,98.31,61.06,-0.969,9.2345,-0.1046,9.2857,P007_Barbell_Back_Squats_Inclination_Asymmetry_2_01.csv,15
7,16,1,3,2,48.959,48959,-1.55,10.79,-2.1,11.1012,-0.1287,-0.2487,0.0033,8.63,99.63,63.38,-1.0455,9.4394,-0.3675,9.5043,P007_Barbell_Back_Squats_Inclination_Asymmetry_2_01.csv,15
7,16,1,3,2,49.089,49089,-1.99,11.65,-2.65,12.1122,-0.0971,-0.1822,-0.2116,9.44,100.69,63.94,-1.17,9.7307,-0.6683,9.8236,P007_Barbell_Back_Squats_Inclination_Asymmetry_2_01.csv,15
7,16,1,3,2,49.219,49219,-3.02,13.23,-2.88,13.8726,-0.0109,-0.1909,-0.1549,10.75,101.44,64.88,-1.4138,10.1918,-0.9597,10.3341,P007_Barbell_Back_Squats_Inclination_Asymmetry_2_01.csv,15
7,16,1,3,2,49.365,49365,-1.35,14.04,-4.24,14.7283,0.1538,-0.1145,0.0458,9.5,101.0,68.5,-1.4054,10.6989,-1.392,10.8803,P007_Barbell_Back_Squats_Inclination_Asymmetry_2_01.csv,15
7,16,1,3,2,49.5,49500,-3.34,10.66,-1.17,11.2321,0.3938,-0.0884,-0.5214,13.19,99.25,66.25,-1.6603,10.6938,-1.3627,10.9074,P007_Barbell_Back_Squats_Inclination_Asymmetry_2_01.csv,15
7,16,1,3,2,49.673,49673,-3.09,8.13,-0.85,8.7389,0.3818,-0.0807,0.1713,13.44,95.0,69.06,-1.8487,10.356,-1.2952,10.5991,P007_Barbell_Back_Squats_Inclination_Asymmetry_2_01.csv,15
7,16,1,3,2,49.803,49803,-2.62,7.62,-0.37,8.0663,0.2367,0.0458,0.1625,13.19,92.81,70.19,-1.9503,9.9954,-1.1733,10.2513,P007_Barbell_Back_Squats_Inclination_Asymmetry_2_01.csv,15
7,16,1,3,2,49.933,49933,-2.34,7.08,-0.45,7.4702,0.1429,0.1636,0.1167,12.31,91.44,70.81,-2.0017,9.6113,-1.0779,9.8765,P007_Barbell_Back_Squats_Inclination_Asymmetry_2_01.csv,15
7,16,1,3,2,50.063,50063,-1.29,7.55,0.13,7.6605,0.168,0.2454,0.3632,10.19,90.06,71.56,-1.9079,9.3396,-0.9188,9.5767,P007_Barbell_Back_Squats_Inclination_Asymmetry_2_01.csv,15
7,16,1,3,2,50.194,50194,-0.23,8.48,0.21,8.4857,0.1593,0.252,0.6458,6.75,88.5,73.38,-1.6868,9.2264,-0.77,9.4108,P007_Barbell_Back_Squats_Inclination_Asymmetry_2_01.csv,15
7,16,1,3,2,50.324,50324,0.34,9.45,0.74,9.485,0.0458,0.216,0.0785,3.88,87.63,73.69,-1.4197,9.2558,-0.571,9.3815,P007_Barbell_Back_Squats_Inclination_Asymmetry_2_01.csv,15
7,16,1,3,2,50.455,50455,-0.91,9.42,0.39,9.4719,-0.0382,0.2073,-0.1494,4.81,87.56,70.69,-1.3526,9.2775,-0.4444,9.3861,P007_Barbell_Back_Squats_Inclination_Asymmetry_2_01.csv,15
7,16,1,3,2,50.585,50585,-0.31,10.35,0.29,10.3587,-0.0491,0.1625,0.084,4.25,87.88,69.38,-1.2152,9.4188,-0.3476,9.5032,P007_Barbell_Back_Squats_Inclination_Asymmetry_2_01.csv,15
7,16,1,3,2,50.758,50758,-0.52,10.01,0.49,10.0355,0.1102,0.1298,0.1407,3.19,87.56,68.5,-1.1236,9.4967,-0.2372,9.5659,P007_Barbell_Back_Squats_Inclination_Asymmetry_2_01.csv,15
7,16,1,3,2,50.888,50888,0.54,9.68,0.47,9.7064,0.2934,0.0873,0.4003,1.31,86.13,69.44,-0.9043,9.5209,-0.1441,9.5648,P007_Barbell_Back_Squats_Inclination_Asymmetry_2_01.csv,15
7,16,1,3,2,51.018,51018,1.59,6.9,0.6,7.1062,0.3687,-0.0142,-0.4265,0.38,83.69,69.75,-0.5757,9.1755,-0.046,9.1936,P007_Barbell_Back_Squats_Inclination_Asymmetry_2_01.csv,15
7,16,1,3,2,51.148,51148,-0.8,8.13,1.38,8.285,0.3043,-0.0338,-0.3862,4.94,81.25,65.44,-0.6052,9.0377,0.1419,9.0591,P007_Barbell_Back_Squats_Inclination_Asymmetry_2_01.csv,15
7,16,1,3,2,51.278,51278,-0.76,8.63,1.28,8.7574,0.0993,-0.0469,-0.1473,6.44,79.81,64.44,-0.6256,8.984,0.2919,9.0105,P007_Barbell_Back_Squats_Inclination_Asymmetry_2_01.csv,15
7,17,1,3,2,51.408,51408,-1.5,9.27,1.77,9.5559,-0.0011,-0.0535,-0.2018,7.38,79.63,64.06,-0.7408,9.0217,0.4867,9.0651,P007_Barbell_Back_Squats_Inclination_Asymmetry_2_01.csv,16
7,17,1,3,2,51.539,51539,-0.44,10.11,1.56,10.2391,0.0458,-0.0535,0.2018,6.38,79.56,65.56,-0.7012,9.1651,0.6281,9.2133,P007_Barbell_Back_Squats_Inclination_Asymmetry_2_01.csv,16
7,17,1,3,2,51.669,51669,-1.57,9.97,2.49,10.3955,0.096,-0.0731,-0.5727,8.63,78.94,64.0,-0.8157,9.2712,0.8734,9.3479,P007_Barbell_Back_Squats_Inclination_Asymmetry_2_01.csv,16
7,17,1,3,2,51.842,51842,-2.29,9.63,2.24,10.1488,-0.0284,-0.0796,0.1669,11.75,78.38,61.88,-1.01,9.3184,1.0535,9.432,P007_Barbell_Back_Squats_Inclination_Asymmetry_2_01.csv,16
7,17,1,3,2,51.973,51973,-1.79,10.97,1.84,11.2663,-0.2062,-0.0982,-0.0393,10.81,79.56,63.56,-1.1127,9.5361,1.1572,9.6703,P007_Barbell_Back_Squats_Inclination_Asymmetry_2_01.csv,16
7,17,1,3,2,52.103,52103,-2.05,12.19,1.58,12.4617,-0.06,-0.1156,0.0633,10.31,80.81,64.88,-1.2363,9.8858,1.2129,10.0364,P007_Barbell_Back_Squats_Inclination_Asymmetry_2_01.csv,16
7,17,1,3,2,52.234,52234,-2.4,14.44,2.15,14.7951,0.1516,-0.0753,0.4309,9.56,80.38,66.81,-1.3896,10.4859,1.3364,10.6617,P007_Barbell_Back_Squats_Inclination_Asymmetry_2_01.csv,16
7,17,1,3,2,52.364,52364,-0.92,11.51,2.05,11.7273,0.0971,-0.0393,-0.0273,7.5,79.56,69.25,-1.3277,10.6209,1.4304,10.7987,P007_Barbell_Back_Squats_Inclination_Asymmetry_2_01.csv,16
7,17,1,3,2,52.494,52494,-2.47,8.56,1.83,9.0952,-0.0207,-0.0131,-0.0458,9.19,79.31,67.81,-1.4782,10.3493,1.4831,10.559,P007_Barbell_Back_Squats_Inclination_Asymmetry_2_01.csv,16
7,17,1,3,2,52.624,52624,-2.03,9.0,1.49,9.3456,-0.1484,0.0458,0.1374,9.38,80.0,67.56,-1.551,10.1715,1.484,10.3955,P007_Barbell_Back_Squats_Inclination_Asymmetry_2_01.csv,16
7,17,1,3,2,52.754,52754,-1.11,8.06,1.16,8.2184,-0.2782,0.0665,0.1571,8.13,81.5,68.19,-1.4928,9.8933,1.4413,10.1085,P007_Barbell_Back_Squats_Inclination_Asymmetry_2_01.csv,16
7,17,1,3,2,52.927,52927,-0.71,7.12,0.69,7.1885,-0.4145,0.0764,0.1593,7.06,84.81,68.19,-1.3897,9.5278,1.3423,9.7217,P007_Barbell_Back_Squats_Inclination_Asymmetry_2_01.csv,16
7,17,1,3,2,53.057,53057,0.02,8.18,0.4,8.1898,-0.3545,0.0578,0.2051,5.63,87.69,68.88,-1.2039,9.3502,1.2181,9.5058,P007_Barbell_Back_Squats_Inclination_Asymmetry_2_01.csv,16
7,17,1,3,2,53.188,53188,-0.42,9.91,-0.02,9.9189,-0.1625,0.0295,0.1189,4.38,89.38,69.63,-1.1006,9.424,1.055,9.5465,P007_Barbell_Back_Squats_Inclination_Asymmetry_2_01.csv,16
7,17,1,3,2,53.319,53319,0.9,9.42,-0.04,9.463,-0.0207,0.0447,0.1156,2.44,89.81,71.31,-0.837,9.4234,0.9107,9.5043,P007_Barbell_Back_Squats_Inclination_Asymmetry_2_01.csv,16
7,17,1,3,2,53.449,53449,-0.32,10.19,0.06,10.1952,-0.0087,0.0131,0.0295,3.69,89.94,70.0,-0.7689,9.5245,0.7986,9.5888,P007_Barbell_Back_Squats_Inclination_Asymmetry_2_01.csv,16
7,17,1,3,2,53.58,53580,0.36,9.43,0.02,9.4369,-0.0011,-0.0087,0.1233,3.0,89.94,70.63,-0.6201,9.512,0.696,9.5576,P007_Barbell_Back_Squats_Inclination_Asymmetry_2_01.csv,16
7,17,1,3,2,53.71,53710,0.16,9.16,0.1,9.1619,-0.0153,-0.0502,-0.2258,2.88,90.06,71.0,-0.5173,9.4656,0.6174,9.4998,P007_Barbell_Back_Squats_Inclination_Asymmetry_2_01.csv,16
7,17,1,3,2,53.841,53841,-0.39,8.27,-0.07,8.2795,-0.0611,-0.0589,0.0,3.94,90.38,70.25,-0.5005,9.3081,0.5269,9.3364,P007_Barbell_Back_Squats_Inclination_Asymmetry_2_01.csv,16
7,17,1,3,2,54.018,54018,-1.29,8.87,0.03,8.9634,-0.0295,-0.0687,-0.0524,5.06,90.75,69.75,-0.6046,9.2503,0.4614,9.2816,P007_Barbell_Back_Squats_Inclination_Asymmetry_2_01.csv,16
7,17,1,3,2,54.149,54149,0.06,10.09,-0.28,10.0941,-0.1036,-0.0731,0.0284,3.88,91.31,71.38,-0.517,9.361,0.3637,9.3823,P007_Barbell_Back_Squats_Inclination_Asymmetry_2_01.csv,16
7,17,1,3,2,54.279,54279,-0.06,9.1,-0.19,9.1022,-0.144,-0.084,-0.0698,3.81,92.19,72.0,-0.4568,9.3266,0.2907,9.3423,P007_Barbell_Back_Squats_Inclination_Asymmetry_2_01.csv,16
7,18,1,3,2,54.41,54410,-0.48,8.28,-0.53,8.3108,-0.2629,-0.072,-0.1462,4.19,93.69,72.19,-0.4598,9.1887,0.1826,9.202,P007_Barbell_Back_Squats_Inclination_Asymmetry_2_01.csv,16
7,18,1,3,2,54.54,54540,-0.77,8.57,-0.77,8.6389,-0.3403,-0.0698,-0.1331,4.88,95.81,71.81,-0.5007,9.1072,0.0571,9.1211,P007_Barbell_Back_Squats_Inclination_Asymmetry_2_01.csv,16
7,18,1,3,2,54.671,54671,-1.64,9.87,-1.53,10.1216,-0.3916,-0.0502,-0.1865,6.69,98.88,70.0,-0.6508,9.2077,-0.1521,9.2319,P007_Barbell_Back_Squats_Inclination_Asymmetry_2_01.csv,17
7,18,1,3,2,54.802,54802,-1.46,11.81,-2.16,12.0944,-0.2083,-0.0567,-0.1767,8.13,101.19,68.56,-0.7575,9.5506,-0.4167,9.5896,P007_Barbell_Back_Squats_Inclination_Asymmetry_2_01.csv,17
7,18,1,3,2,54.932,54932,-1.82,11.59,-3.24,12.1712,-0.0229,0.0065,-0.2891,9.63,102.0,67.13,-0.8975,9.8193,-0.7887,9.8918,P007_Barbell_Back_Squats_Inclination_Asymmetry_2_01.csv,17
7,18,1,3,2,55.105,55105,-3.55,14.44,-3.41,15.256,0.1505,0.1222,0.0076,13.38,101.38,62.88,-1.247,10.4282,-1.1341,10.5636,P007_Barbell_Back_Squats_Inclination_Asymmetry_2_01.csv,17
7,18,1,3,2,55.236,55236,-1.47,13.77,-2.96,14.1611,0.2225,0.1374,-0.0262,11.81,99.75,63.88,-1.2764,10.8686,-1.3747,11.0293,P007_Barbell_Back_Squats_Inclination_Asymmetry_2_01.csv,17
7,18,1,3,2,55.366,55366,-4.34,9.84,-1.1,10.8107,0.4123,0.1647,-0.5203,15.31,97.25,60.0,-1.6801,10.733,-1.3385,10.9459,P007_Barbell_Back_Squats_Inclination_Asymmetry_2_01.csv,17
7,18,1,3,2,55.496,55496,-2.3,8.6,-0.72,8.9313,0.3698,0.1833,0.3938,14.88,94.06,60.06,-1.7618,10.452,-1.257,10.6737,P007_Barbell_Back_Squats_Inclination_Asymmetry_2_01.csv,17
7,18,1,3,2,55.626,55626,-1.77,8.53,-0.27,8.7159,0.2945,0.1222,0.2847,12.63,91.5,61.81,-1.7629,10.1987,-1.127,10.4111,P007_Barbell_Back_Squats_Inclination_Asymmetry_2_01.csv,17
7,18,1,3,2,55.756,55756,-0.48,6.6,0.02,6.6175,0.2378,0.0524,0.144,10.56,89.44,63.69,-1.5938,9.7245,-0.9758,9.9024,P007_Barbell_Back_Squats_Inclination_Asymmetry_2_01.csv,17
7,18,1,3,2,55.886,55886,-1.76,6.16,0.21,6.4099,0.132,0.0229,-0.2302,11.75,88.06,62.56,-1.6157,9.2548,-0.8196,9.4304,P007_Barbell_Back_Squats_Inclination_Asymmetry_2_01.csv,17
7,18,1,3,2,56.017,56017,-1.93,7.57,0.47,7.8263,-0.0033,0.024,0.0916,11.13,87.63,63.06,-1.6571,9.0328,-0.6496,9.2065,P007_Barbell_Back_Squats_Inclination_Asymmetry_2_01.csv,17
7,18,1,3,2,56.189,56189,-0.6,9.84,0.56,9.8742,-0.0393,0.0196,0.1865,7.19,88.06,66.69,-1.5178,9.1391,-0.4902,9.2773,P007_Barbell_Back_Squats_Inclination_Asymmetry_2_01.csv,17
7,18,1,3,2,56.319,56319,-1.48,10.27,-0.09,10.3765,0.0436,0.024,0.468,6.5,88.06,67.25,-1.5128,9.2882,-0.4375,9.4207,P007_Barbell_Back_Squats_Inclination_Asymmetry_2_01.csv,17
7,18,1,3,2,56.449,56449,-0.28,9.93,0.08,9.9343,0.1276,0.0109,0.1287,3.88,87.38,69.81,-1.3504,9.3727,-0.3693,9.4767,P007_Barbell_Back_Squats_Inclination_Asymmetry_2_01.csv,17
7,18,1,3,2,56.579,56579,0.37,10.11,0.62,10.1357,0.12,-0.0316,-0.1025,3.38,86.56,70.44,-1.1237,9.4699,-0.2389,9.5393,P007_Barbell_Back_Squats_Inclination_Asymmetry_2_01.csv,17
7,18,1,3,2,56.709,56709,-0.07,8.62,0.67,8.6463,0.24,-0.0327,-0.1091,3.81,85.25,70.31,-0.9848,9.3579,-0.1192,9.4103,P007_Barbell_Back_Squats_Inclination_Asymmetry_2_01.csv,17
7,18,1,3,2,56.84,56840,-0.8,6.28,0.83,6.3849,0.2094,0.0316,-0.0556,4.25,83.5,69.94,-0.9605,8.9523,0.0059,9.0037,P007_Barbell_Back_Squats_Inclination_Asymmetry_2_01.csv,17
7,18,1,3,2,56.97,56970,0.04,8.71,0.99,8.7662,0.1145,-0.0087,-0.2083,4.5,82.31,69.63,-0.8286,8.9204,0.1356,8.9598,P007_Barbell_Back_Squats_Inclination_Asymmetry_2_01.csv,17
7,19,1,3,2,57.101,57101,-1.2,9.55,1.55,9.7491,0.1113,-0.0262,-0.3142,6.69,81.63,67.69,-0.8776,9.0033,0.322,9.0517,P007_Barbell_Back_Squats_Inclination_Asymmetry_2_01.csv,18
7,19,1,3,2,57.274,57274,-0.98,9.69,1.53,9.8589,0.204,0.0404,-0.1058,7.5,80.19,66.88,-0.8911,9.0938,0.4812,9.15,P007_Barbell_Back_Squats_Inclination_Asymmetry_2_01.csv,18
7,19,1,3,2,57.405,57405,-1.74,9.32,1.96,9.6815,0.2073,0.0349,-0.0774,8.81,78.44,65.44,-1.0029,9.1236,0.676,9.2035,P007_Barbell_Back_Squats_Inclination_Asymmetry_2_01.csv,18
7,19,1,3,2,57.536,57536,-1.63,9.81,2.6,10.2788,0.1582,-0.0491,-0.2411,9.56,76.94,64.94,-1.0856,9.2141,0.9296,9.3243,P007_Barbell_Back_Squats_Inclination_Asymmetry_2_01.csv,18
7,19,1,3,2,57.666,57666,-2.63,11.58,2.71,12.1802,0.0415,-0.1058,-0.1342,11.38,76.38,63.75,-1.2891,9.5258,1.1642,9.6829,P007_Barbell_Back_Squats_Inclination_Asymmetry_2_01.csv,18
7,19,1,3,2,57.797,57797,-3.32,13.07,3.3,13.883,0.1778,-0.0927,0.1058,11.56,75.88,64.88,-1.5567,9.9929,1.4456,10.2162,P007_Barbell_Back_Squats_Inclination_Asymmetry_2_01.csv,18
7,19,1,3,2,57.927,57927,-1.95,13.19,4.4,14.0406,0.1451,0.0011,0.3,9.56,74.56,67.56,-1.6085,10.4142,1.8349,10.6962,P007_Barbell_Back_Squats_Inclination_Asymmetry_2_01.csv,18
7,19,1,3,2,58.058,58058,-2.53,7.89,2.54,8.6663,-0.1996,0.0665,-0.4222,11.25,74.69,65.5,-1.73,10.0816,1.9278,10.409,P007_Barbell_Back_Squats_Inclination_Asymmetry_2_01.csv,18
7,19,1,3,2,58.189,58189,-2.48,8.88,1.95,9.4238,-0.4069,0.0284,0.1527,12.75,76.94,63.25,-1.8288,9.9232,1.9308,10.2734,P007_Barbell_Back_Squats_Inclination_Asymmetry_2_01.csv,18
7,19,1,3,2,58.365,58365,-1.32,8.35,1.34,8.5592,-0.4232,-0.0055,-0.0415,10.88,81.31,64.31,-1.7618,9.7159,1.8529,10.0467,P007_Barbell_Back_Squats_Inclination_Asymmetry_2_01.csv,18
7,19,1,3,2,58.496,58496,-1.71,7.84,0.64,8.0498,-0.4091,-0.0556,0.0731,10.31,84.38,64.69,-1.7549,9.4687,1.6931,9.7777,P007_Barbell_Back_Squats_Inclination_Asymmetry_2_01.csv,18
7,19,1,3,2,58.627,58627,-0.85,7.85,-0.17,7.8977,-0.3153,-0.0404,0.564,8.25,87.13,66.75,-1.6357,9.2554,1.4476,9.5097,P007_Barbell_Back_Squats_Inclination_Asymmetry_2_01.csv,18
7,19,1,3,2,58.757,58757,-1.02,8.67,-0.24,8.7331,-0.1724,0.0,0.0993,6.63,88.81,68.31,-1.5546,9.1783,1.2252,9.3893,P007_Barbell_Back_Squats_Inclination_Asymmetry_2_01.csv,18
7,19,1,3,2,58.888,58888,-0.01,10.77,0.1,10.7705,0.024,0.0349,0.1505,5.13,89.31,69.19,-1.351,9.388,1.0769,9.5457,P007_Barbell_Back_Squats_Inclination_Asymmetry_2_01.csv,18
7,19,1,3,2,59.019,59019,-0.94,9.38,0.05,9.4271,0.0785,-0.0076,-0.1494,5.63,88.81,68.44,-1.2969,9.387,0.9416,9.5228,P007_Barbell_Back_Squats_Inclination_Asymmetry_2_01.csv,18
7,19,1,3,2,59.149,59149,-0.67,9.99,-0.08,10.0128,0.0982,-0.0251,0.2465,4.63,88.25,69.56,-1.2143,9.4664,0.807,9.578,P007_Barbell_Back_Squats_Inclination_Asymmetry_2_01.csv,18
7,19,1,3,2,59.28,59280,0.08,9.27,0.42,9.2799,0.0022,0.0087,0.1538,2.5,88.0,71.81,-1.0437,9.4405,0.756,9.5281,P007_Barbell_Back_Squats_Inclination_Asymmetry_2_01.csv,18
7,19,1,3,2,59.452,59452,-0.19,7.21,0.21,7.2156,-0.1713,0.0415,-0.1614,2.81,88.63,71.19,-0.9312,9.1466,0.684,9.2193,P007_Barbell_Back_Squats_Inclination_Asymmetry_2_01.csv,18
7,19,1,3,2,59.582,59582,-1.06,7.53,0.54,7.6234,-0.276,0.0807,-0.3392,4.44,90.38,69.0,-0.9482,8.9336,0.6651,9.0083,P007_Barbell_Back_Squats_Inclination_Asymmetry_2_01.csv,18
7,19,1,3,2,59.712,59712,-0.97,9.37,-0.59,9.4385,-0.1963,0.0807,-0.1582,6.31,92.0,66.31,-0.9511,8.9911,0.4997,9.055,P007_Barbell_Back_Squats_Inclination_Asymmetry_2_01.csv,19
7,20,1,3,2,59.842,59842,-0.96,9.19,-0.89,9.2828,-0.2389,0.0207,0.2542,6.63,93.56,65.5,-0.9522,9.0173,0.3166,9.073,P007_Barbell_Back_Squats_Inclination_Asymmetry_2_01.csv,19
7,20,1,3,2,59.973,59973,-0.23,8.87,-1.05,8.9349,-0.1778,0.0055,-0.0262,4.94,95.06,67.06,-0.8571,8.9979,0.1365,9.0396,P007_Barbell_Back_Squats_Inclination_Asymmetry_2_01.csv,19
7,20,1,3,2,60.103,60103,-1.56,10.33,-0.67,10.4686,-0.0654,-0.0633,-0.2193,6.69,96.0,65.5,-0.9497,9.1734,0.0302,9.2225,P007_Barbell_Back_Squats_Inclination_Asymmetry_2_01.csv,19
7,20,1,3,2,60.234,60234,-2.43,11.93,-1.36,12.2507,-0.0611,-0.0698,-0.0938,8.31,96.5,64.31,-1.1448,9.5367,-0.153,9.6064,P007_Barbell_Back_Squats_Inclination_Asymmetry_2_01.csv,19
7,20,1,3,2,60.364,60364,-1.23,12.74,-1.9,12.9395,-0.0709,-0.0404,0.048,7.56,97.06,65.44,-1.156,9.9588,-0.3832,10.033,P007_Barbell_Back_Squats_Inclination_Asymmetry_2_01.csv,19
7,20,1,3,2,60.537,60537,-3.19,13.34,-2.19,13.8898,-0.1287,-0.072,-0.0022,9.88,98.06,63.38,-1.424,10.4043,-0.6213,10.5197,P007_Barbell_Back_Squats_Inclination_Asymmetry_2_01.csv,19
7,20,1,3,2,60.668,60668,-1.22,11.54,-2.11,11.7946,-0.0949,-0.1473,-0.0175,7.75,98.88,66.13,-1.3971,10.554,-0.8175,10.6774,P007_Barbell_Back_Squats_Inclination_Asymmetry_2_01.csv,19
7,20,1,3,2,60.799,60799,-2.22,10.24,-1.68,10.6117,0.0011,-0.2116,0.0644,8.06,99.5,67.13,-1.5056,10.5126,-0.9311,10.6606,P007_Barbell_Back_Squats_Inclination_Asymmetry_2_01.csv,19
7,20,1,3,2,60.929,60929,-1.71,10.17,-1.78,10.4652,0.2062,-0.1494,0.0742,7.81,98.94,68.81,-1.5325,10.4675,-1.043,10.6304,P007_Barbell_Back_Squats_Inclination_Asymmetry_2_01.csv,19
7,20,1,3,2,61.06,61060,-1.36,8.81,-1.19,8.9934,0.3927,-0.0338,0.0065,7.5,96.69,70.13,-1.5098,10.2491,-1.0624,10.414,P007_Barbell_Back_Squats_Inclination_Asymmetry_2_01.csv,19
7,20,1,3,2,61.19,61190,-1.26,6.79,-0.51,6.9247,0.4352,0.0458,0.0513,7.56,93.63,70.44,-1.4769,9.7932,-0.9896,9.9533,P007_Barbell_Back_Squats_Inclination_Asymmetry_2_01.csv,19
7,20,1,3,2,61.321,61321,-0.53,5.86,0.17,5.8864,0.408,0.0862,0.264,5.38,90.5,72.44,-1.3521,9.2749,-0.8368,9.4103,P007_Barbell_Back_Squats_Inclination_Asymmetry_2_01.csv,19
7,20,1,3,2,61.452,61452,0.08,10.23,0.62,10.2491,0.2793,0.1167,0.1069,4.19,87.94,73.06,-1.1634,9.4008,-0.6448,9.4944,P007_Barbell_Back_Squats_Inclination_Asymmetry_2_01.csv,19
7,20,1,3,2,61.629,61629,-1.4,9.57,0.58,9.6892,0.0971,0.1331,0.1898,5.94,85.94,70.19,-1.1946,9.4231,-0.4834,9.5108,P007_Barbell_Back_Squats_Inclination_Asymmetry_2_01.csv,19
7,20,1,3,2,61.759,61759,-0.63,9.5,0.47,9.5325,0.0316,0.0796,0.0251,4.06,85.44,71.5,-1.1202,9.4332,-0.3578,9.5062,P007_Barbell_Back_Squats_Inclination_Asymmetry_2_01.csv,19
7,20,1,3,2,61.89,61890,-0.58,9.84,0.92,9.8999,0.0262,0.1014,-0.0131,3.63,85.25,71.19,-1.049,9.4868,-0.1894,9.5465,P007_Barbell_Back_Squats_Inclination_Asymmetry_2_01.csv,19
7,20,1,3,2,62.021,62021,-0.38,9.67,0.87,9.7165,0.0644,0.1113,0.1331,3.25,84.88,70.81,-0.9608,9.511,-0.0498,9.5595,P007_Barbell_Back_Squats_Inclination_Asymmetry_2_01.csv,19
7,20,1,3,2,62.151,62151,0.65,8.15,1.01,8.238,0.1451,0.0545,-0.156,2.56,84.06,70.94,-0.7486,9.3316,0.0899,9.362,P007_Barbell_Back_Squats_Inclination_Asymmetry_2_01.csv,19
7,20,1,3,2,62.282,62282,-1.25,6.47,0.95,6.6578,0.1189,0.0011,-0.4636,5.56,83.06,67.81,-0.8146,8.9545,0.2032,8.9938,P007_Barbell_Back_Squats_Inclination_Asymmetry_2_01.csv,19
7,20,1,3,2,62.412,62412,-0.78,9.69,0.72,9.748,0.1364,-0.06,0.2378,5.13,82.19,68.63,-0.8101,9.0515,0.2713,9.0917,P007_Barbell_Back_Squats_Inclination_Asymmetry_2_01.csv,20
7,20,1,3,2,62.543,62543,-0.38,10.23,1.24,10.3119,0.2356,-0.0862,-0.1734,4.38,80.88,69.94,-0.7534,9.2068,0.399,9.2461,P007_Barbell_Back_Squats_Inclination_Asymmetry_2_01.csv,20
7,21,1,3,2,62.715,62715,-1.51,9.73,2.03,10.0536,0.3153,-0.0513,-0.2443,6.75,78.25,68.44,-0.8531,9.2757,0.6139,9.3351,P007_Barbell_Back_Squats_Inclination_Asymmetry_2_01.csv,20
7,21,1,3,2,62.845,62845,-1.45,8.69,2.46,9.1471,0.252,-0.0284,-0.0851,7.56,76.13,68.13,-0.9318,9.1985,0.8572,9.2852,P007_Barbell_Back_Squats_Inclination_Asymmetry_2_01.csv,20
7,21,1,3,2,62.975,62975,-1.39,8.74,2.73,9.2613,0.0622,-0.0382,-0.0415,8.31,74.75,67.63,-0.9921,9.1381,1.1039,9.2579,P007_Barbell_Back_Squats_Inclination_Asymmetry_2_01.csv,20
7,21,1,3,2,63.105,63105,-1.54,10.76,2.71,11.2024,-0.1494,-0.0654,0.0164,9.19,75.19,67.13,-1.0643,9.3518,1.3156,9.5037,P007_Barbell_Back_Squats_Inclination_Asymmetry_2_01.csv,20
7,21,1,3,2,63.235,63235,-3.52,13.32,2.85,14.0689,-0.1407,-0.0785,-0.3272,10.69,76.38,66.0,-1.3879,9.8747,1.5178,10.0866,P007_Barbell_Back_Squats_Inclination_Asymmetry_2_01.csv,20
7,21,1,3,2,63.366,63366,-1.44,14.65,3.41,15.1104,-0.0065,0.0011,0.3938,8.94,77.0,67.94,-1.3948,10.504,1.7671,10.7425,P007_Barbell_Back_Squats_Inclination_Asymmetry_2_01.csv,20
7,21,1,3,2,63.496,63496,-2.82,9.05,2.38,9.7734,-0.1134,0.0207,-0.4734,11.38,77.25,65.31,-1.5826,10.3124,1.8479,10.5955,P007_Barbell_Back_Squats_Inclination_Asymmetry_2_01.csv,20
7,21,1,3,2,63.627,63627,-1.84,9.0,1.26,9.2722,-0.1974,-0.0295,0.1102,12.0,78.31,64.5,-1.6165,10.1395,1.7704,10.419,P007_Barbell_Back_Squats_Inclination_Asymmetry_2_01.csv,20
7,21,1,3,2,63.8,63800,-1.67,7.88,1.44,8.1827,-0.2825,-0.0916,-0.0644,12.13,80.81,64.56,-1.6236,9.8417,1.7269,10.1231,P007_Barbell_Back_Squats_Inclination_Asymmetry_2_01.csv,20
7,21,1,3,2,63.931,63931,-1.97,7.26,0.85,7.5704,-0.2847,-0.0851,0.0393,12.25,83.0,64.69,-1.6692,9.5015,1.6113,9.7807,P007_Barbell_Back_Squats_Inclination_Asymmetry_2_01.csv,20
7,21,1,3,2,64.062,64062,-1.73,8.61,0.33,8.7883,-0.2574,-0.0415,0.2476,11.44,85.19,65.63,-1.6772,9.384,1.4425,9.6413,P007_Barbell_Back_Squats_Inclination_Asymmetry_2_01.csv,20
7,21,1,3,2,64.192,64192,-2.01,8.68,0.09,8.9101,-0.1691,0.0098,0.312,10.38,87.0,66.56,-1.7211,9.2913,1.2643,9.5335,P007_Barbell_Back_Squats_Inclination_Asymmetry_2_01.csv,20
7,21,1,3,2,64.323,64323,-0.02,9.4,0.52,9.4144,-0.0665,0.0524,0.3643,6.88,87.81,69.63,-1.4969,9.3056,1.1662,9.4971,P007_Barbell_Back_Squats_Inclination_Asymmetry_2_01.csv,20
7,21,1,3,2,64.453,64453,-1.51,9.12,0.31,9.2494,-0.0829,0.0578,-0.8781,8.75,88.31,67.19,-1.4986,9.2811,1.0534,9.4602,P007_Barbell_Back_Squats_Inclination_Asymmetry_2_01.csv,20
7,21,1,3,2,64.584,64584,-1.3,10.13,-0.16,10.2143,-0.1451,0.0065,0.5007,9.75,89.0,65.88,-1.4725,9.393,0.8935,9.5496,P007_Barbell_Back_Squats_Inclination_Asymmetry_2_01.csv,20
7,21,1,3,2,64.715,64715,-1.16,7.97,-0.22,8.057,-0.0567,0.0436,-0.1069,9.63,89.56,65.63,-1.4313,9.2055,0.7467,9.346,P007_Barbell_Back_Squats_Inclination_Asymmetry_2_01.csv,20
7,21,1,3,2,64.891,64891,-2.65,7.58,0.3,8.0355,-0.0022,0.0829,-0.1494,13.13,89.69,61.44,-1.5919,8.9913,0.6879,9.157,P007_Barbell_Back_Squats_Inclination_Asymmetry_2_01.csv,20
7,21,1,3,2,65.022,65022,0.49,9.93,-0.56,9.9578,-0.1429,0.1113,0.2018,10.0,89.88,63.75,-1.3175,9.115,0.5234,9.2246,P007_Barbell_Back_Squats_Inclination_Asymmetry_2_01.csv,21
7,22,1,3,2,65.153,65153,-1.76,9.21,-0.42,9.3861,-0.36,0.0611,-0.3763,11.5,91.5,61.38,-1.3759,9.1275,0.3991,9.2392,P007_Barbell_Back_Squats_Inclination_Asymmetry_2_01.csv,21
7,22,1,3,2,65.283,65283,-1.43,8.98,-0.85,9.1328,-0.4821,0.0567,-0.06,12.69,94.69,58.94,-1.383,9.1081,0.2345,9.2154,P007_Barbell_Back_Squats_Inclination_Asymmetry_2_01.csv,21
7,22,1,3,2,65.414,65414,-2.48,9.86,-1.44,10.2686,-0.4254,-0.0273,-0.1167,13.56,98.0,57.06,-1.5275,9.2071,0.0139,9.333,P007_Barbell_Back_Squats_Inclination_Asymmetry_2_01.csv,21
7,22,1,3,2,65.544,65544,-2.38,10.42,-2.22,10.9165,-0.3251,-0.0851,0.1898,12.75,100.75,57.44,-1.6399,9.367,-0.2805,9.5136,P007_Barbell_Back_Squats_Inclination_Asymmetry_2_01.csv,21
7,22,1,3,2,65.674,65674,-2.07,11.47,-2.66,11.955,-0.1178,-0.1014,0.1385,11.44,102.31,59.06,-1.6966,9.6441,-0.5941,9.8102,P007_Barbell_Back_Squats_Inclination_Asymmetry_2_01.csv,21
7,22,1,3,2,65.805,65805,-2.34,12.31,-3.27,12.9501,0.1549,-0.0109,-0.2029,11.31,102.13,59.88,-1.7813,9.9954,-0.9467,10.1969,P007_Barbell_Back_Squats_Inclination_Asymmetry_2_01.csv,21
7,22,1,3,2,65.978,65978,-3.76,14.1,-2.43,14.7937,0.3589,0.0927,-0.1004,13.81,99.5,57.69,-2.0421,10.5363,-1.1421,10.7929,P007_Barbell_Back_Squats_Inclination_Asymmetry_2_01.csv,21
7,22,1,3,2,66.108,66108,-2.27,11.46,-1.41,11.7674,0.3043,0.1004,0.06,12.88,96.81,58.5,-2.0721,10.658,-1.1774,10.9212,P007_Barbell_Back_Squats_Inclination_Asymmetry_2_01.csv,21
7,22,1,3,2,66.238,66238,-3.95,8.99,-0.85,9.8562,0.2258,0.0611,-0.108,13.75,94.81,57.5,-2.3196,10.4382,-1.1343,10.7528,P007_Barbell_Back_Squats_Inclination_Asymmetry_2_01.csv,21
7,22,1,3,2,66.368,66368,-3.88,10.37,-0.9,11.1086,0.1429,0.0753,0.8138,11.25,93.44,59.88,-2.5252,10.4292,-1.1034,10.7872,P007_Barbell_Back_Squats_Inclination_Asymmetry_2_01.csv,21
7,22,1,3,2,66.498,66498,0.34,10.03,0.2,10.0378,0.2171,0.0742,0.5094,5.88,92.0,64.56,-2.1476,10.3766,-0.9317,10.6374,P007_Barbell_Back_Squats_Inclination_Asymmetry_2_01.csv,21
7,22,1,3,2,66.628,66628,2.1,9.48,1.05,9.7664,0.168,0.0829,-0.4265,4.44,90.69,65.38,-1.5879,10.2585,-0.6705,10.4023,P007_Barbell_Back_Squats_Inclination_Asymmetry_2_01.csv,21
7,22,1,3,2,66.759,66759,-2.17,7.15,0.62,7.4977,0.0098,0.1287,-1.0821,15.88,90.19,53.38,-1.6646,9.8488,-0.5005,10.0011,P007_Barbell_Back_Squats_Inclination_Asymmetry_2_01.csv,21
7,22,1,3,2,66.889,66889,0.22,5.95,0.14,5.9557,0.0262,0.1582,0.5956,14.13,89.75,54.31,-1.4163,9.3351,-0.4161,9.4511,P007_Barbell_Back_Squats_Inclination_Asymmetry_2_01.csv,21
7,22,1,3,2,67.062,67062,-3.42,3.23,0.38,4.7195,0.0,0.0698,-0.7516,21.5,89.13,46.13,-1.6803,8.5306,-0.3112,8.7001,P007_Barbell_Back_Squats_Inclination_Asymmetry_2_01.csv,21
11,2,1,3,2,1.346,1346,-0.56,9.84,2.17,10.092,0.0295,0.0207,-0.168,6.06,77.69,75.88,-0.6288,9.436,1.6563,9.6009,P011_Barbell_Back_Squats_Inclination_Asymmetry_2_01.csv,1
11,2,1,3,2,1.518,1518,-1.53,9.53,2.16,9.8908,0.0273,-0.0185,-0.312,9.0,77.44,72.88,-0.7476,9.4484,1.7227,9.6332,P011_Barbell_Back_Squats_Inclination_Asymmetry_2_01.csv,1
11,2,1,3,2,1.649,1649,-2.02,8.77,2.22,9.2694,-0.0087,-0.0469,-0.2225,11.06,77.31,71.06,-0.9152,9.359,1.7882,9.5722,P011_Barbell_Back_Squats_Inclination_Asymmetry_2_01.csv,1
11,2,1,3,2,1.779,1779,-1.97,9.21,1.74,9.5777,-0.0349,-0.0371,0.1025,11.19,77.63,71.25,-1.0542,9.3394,1.7819,9.5661,P011_Barbell_Back_Squats_Inclination_Asymmetry_2_01.csv,1
11,2,1,3,2,1.909,1909,-2.49,9.72,1.95,10.2216,-0.0251,-0.0196,-0.2083,11.75,77.94,70.81,-1.2434,9.3895,1.804,9.6418,P011_Barbell_Back_Squats_Inclination_Asymmetry_2_01.csv,1
11,2,1,3,2,2.039,2039,-2.4,9.86,1.97,10.3373,0.024,0.0229,0.0709,12.69,77.88,69.94,-1.3958,9.4515,1.8259,9.727,P011_Barbell_Back_Squats_Inclination_Asymmetry_2_01.csv,1
11,2,1,3,2,2.169,2169,-1.89,9.76,1.9,10.1213,-0.0065,0.0502,-0.1494,12.38,77.81,69.94,-1.461,9.4922,1.8357,9.7778,P011_Barbell_Back_Squats_Inclination_Asymmetry_2_01.csv,1
11,2,1,3,2,2.299,2299,-2.56,9.5,1.8,10.0022,-0.0469,-0.0055,-0.3818,14.31,78.0,67.69,-1.6058,9.4932,1.831,9.8006,P011_Barbell_Back_Squats_Inclination_Asymmetry_2_01.csv,1
11,2,1,3,2,2.429,2429,-3.25,9.59,1.92,10.3062,-0.0295,-0.0415,-0.036,16.06,78.25,66.06,-1.8224,9.506,1.8427,9.8529,P011_Barbell_Back_Squats_Inclination_Asymmetry_2_01.csv,1
11,2,1,3,2,2.602,2602,-2.3,9.48,1.75,9.9107,0.0251,-0.0218,0.0894,14.88,78.5,67.63,-1.8854,9.5025,1.8305,9.8592,P011_Barbell_Back_Squats_Inclination_Asymmetry_2_01.csv,1
11,2,1,3,2,2.732,2732,-2.63,9.15,1.85,9.6986,0.0371,-0.0044,-0.0644,15.06,78.25,67.63,-1.9835,9.4561,1.8331,9.8342,P011_Barbell_Back_Squats_Inclination_Asymmetry_2_01.csv,1
11,2,1,3,2,2.862,2862,-3.01,9.78,2.02,10.4302,-0.0011,0.0251,0.0415,15.31,78.13,67.31,-2.1188,9.4988,1.8577,9.9079,P011_Barbell_Back_Squats_Inclination_Asymmetry_2_01.csv,1
11,2,1,3,2,2.992,2992,-2.51,8.58,1.78,9.1151,-0.0196,0.0622,-0.1145,15.25,78.13,67.06,-2.1703,9.3777,1.8475,9.8013,P011_Barbell_Back_Squats_Inclination_Asymmetry_2_01.csv,1
11,2,1,3,2,3.122,3122,-2.42,9.19,1.89,9.6894,-0.0502,0.0622,0.1854,15.31,78.25,66.44,-2.2032,9.353,1.8531,9.786,P011_Barbell_Back_Squats_Inclination_Asymmetry_2_01.csv,1
11,2,1,3,2,3.252,3252,-2.23,10.03,2.0,10.4678,-0.0524,0.0142,-0.0873,14.44,78.56,67.0,-2.2067,9.4422,1.8724,9.8758,P011_Barbell_Back_Squats_Inclination_Asymmetry_2_01.csv,1
11,2,1,3,2,3.383,3383,-2.34,9.04,1.72,9.495,-0.0316,-0.0218,-0.0491,15.19,78.81,66.19,-2.2243,9.3892,1.8523,9.8252,P011_Barbell_Back_Squats_Inclination_Asymmetry_2_01.csv,1
11,2,1,3,2,3.513,3513,-2.41,9.17,1.62,9.6188,-0.0371,-0.0578,-0.0731,15.38,79.19,66.19,-2.2488,9.3603,1.8217,9.7975,P011_Barbell_Back_Squats_Inclination_Asymmetry_2_01.csv,1
11,2,1,3,2,3.686,3686,-2.88,10.23,1.87,10.7909,0.0055,-0.0589,0.0175,15.88,79.5,66.19,-2.332,9.4749,1.8281,9.9274,P011_Barbell_Back_Squats_Inclination_Asymmetry_2_01.csv,1
11,2,1,3,2,3.816,3816,-3.03,9.68,1.61,10.2701,-0.0076,-0.0545,0.0164,16.06,79.63,66.5,-2.4239,9.5019,1.7993,9.9699,P011_Barbell_Back_Squats_Inclination_Asymmetry_2_01.csv,1
11,2,1,3,2,3.946,3946,-2.82,10.05,1.63,10.5646,0.0055,-0.0349,0.0567,15.5,79.94,67.31,-2.4761,9.5742,1.777,10.0476,P011_Barbell_Back_Squats_Inclination_Asymmetry_2_01.csv,1
11,2,1,3,2,4.076,4076,-3.21,9.06,1.52,9.7313,0.0665,0.0055,0.0513,15.75,79.75,67.31,-2.5728,9.5064,1.7432,10.0015,P011_Barbell_Back_Squats_Inclination_Asymmetry_2_01.csv,2
11,2,1,3,2,4.206,4206,-2.49,9.86,1.92,10.3492,0.0404,0.0447,0.2836,14.19,79.38,68.75,-2.5619,9.553,1.7665,10.0471,P011_Barbell_Back_Squats_Inclination_Asymmetry_2_01.csv,2
11,2,1,3,2,4.336,4336,-2.2,9.43,1.82,9.8528,0.0894,0.0513,0.0818,13.0,78.81,69.69,-2.5142,9.5368,1.7735,10.0208,P011_Barbell_Back_Squats_Inclination_Asymmetry_2_01.csv,2
11,2,1,3,2,4.466,4466,-2.01,8.95,1.97,9.3821,0.0807,0.0644,0.2247,11.88,78.13,70.5,-2.4478,9.4595,1.7994,9.9353,P011_Barbell_Back_Squats_Inclination_Asymmetry_2_01.csv,2
11,2,1,3,2,4.597,4597,-1.72,9.41,2.23,9.8224,0.0415,0.0742,0.1418,10.63,77.69,71.38,-2.3519,9.4529,1.8561,9.9164,P011_Barbell_Back_Squats_Inclination_Asymmetry_2_01.csv,2
11,2,1,3,2,4.77,4770,-1.3,8.74,2.11,9.0846,0.0055,0.036,0.192,8.5,77.25,73.06,-2.2133,9.359,1.8896,9.801,P011_Barbell_Back_Squats_Inclination_Asymmetry_2_01.csv,2
11,2,1,3,2,4.9,4900,-1.52,7.55,2.07,7.9748,-0.0185,0.0164,0.0447,8.0,77.31,73.38,-2.1219,9.1206,1.9134,9.5577,P011_Barbell_Back_Squats_Inclination_Asymmetry_2_01.csv,2
11,2,1,3,2,5.03,5030,-1.12,8.63,1.77,8.8806,-0.0611,0.0164,0.552,6.31,77.5,75.0,-1.9899,9.056,1.8945,9.4636,P011_Barbell_Back_Squats_Inclination_Asymmetry_2_01.csv,2
11,2,1,3,2,5.16,5160,0.19,9.6,2.02,9.8121,-0.0698,0.012,0.4767,2.06,78.13,79.19,-1.7026,9.1277,1.911,9.4797,P011_Barbell_Back_Squats_Inclination_Asymmetry_2_01.csv,2
11,2,1,3,2,5.29,5290,-0.07,9.12,1.91,9.3181,-0.0524,0.0425,0.096,0.13,78.5,81.0,-1.4875,9.1266,1.9109,9.4424,P011_Barbell_Back_Squats_Inclination_Asymmetry_2_01.csv,2
11,2,1,3,2,5.42,5420,0.88,9.49,1.79,9.6973,-0.0927,0.0698,0.4232,-1.94,79.13,82.69,-1.1755,9.1745,1.895,9.4416,P011_Barbell_Back_Squats_Inclination_Asymmetry_2_01.csv,2
11,2,1,3,2,5.55,5550,0.61,9.69,1.77,9.8692,-0.1069,0.0109,-0.0153,-2.75,79.75,83.31,-0.9402,9.2425,1.8785,9.4782,P011_Barbell_Back_Squats_Inclination_Asymmetry_2_01.csv,2
11,2,1,3,2,5.681,5681,0.7,9.87,1.41,9.9947,-0.0622,0.012,-0.0513,-3.0,80.56,83.5,-0.7241,9.3251,1.8168,9.528,P011_Barbell_Back_Squats_Inclination_Asymmetry_2_01.csv,2
11,2,1,3,2,5.854,5854,0.74,9.88,1.52,10.0236,0.0458,-0.0109,0.0709,-3.31,80.63,83.75,-0.5312,9.3983,1.7777,9.5796,P011_Barbell_Back_Squats_Inclination_Asymmetry_2_01.csv,2
11,2,1,3,2,5.985,5985,0.81,9.63,1.53,9.7844,0.0905,-0.0305,0.0251,-3.38,80.19,83.94,-0.3544,9.4288,1.745,9.5955,P011_Barbell_Back_Squats_Inclination_Asymmetry_2_01.csv,2
11,2,1,3,2,6.115,6115,0.95,8.15,1.74,8.3876,0.0491,-0.0327,-0.0469,-3.69,79.56,84.5,-0.1825,9.2603,1.7444,9.4249,P011_Barbell_Back_Squats_Inclination_Asymmetry_2_01.csv,2
11,2,1,3,2,6.245,6245,0.15,9.64,1.94,9.8344,0.048,-0.0458,-0.5225,-0.88,79.25,81.88,-0.1387,9.3103,1.7701,9.4781,P011_Barbell_Back_Squats_Inclination_Asymmetry_2_01.csv,2
11,2,1,3,2,6.375,6375,-0.09,9.03,1.95,9.2386,0.12,-0.072,-0.1756,0.88,78.63,80.5,-0.1323,9.2734,1.7938,9.4462,P011_Barbell_Back_Squats_Inclination_Asymmetry_2_01.csv,2
11,2,1,3,2,6.505,6505,-0.93,9.07,2.16,9.3699,0.1287,-0.0305,-0.3687,3.38,77.63,78.38,-0.2374,9.2466,1.8421,9.4313,P011_Barbell_Back_Squats_Inclination_Asymmetry_2_01.csv,2
11,3,1,3,2,6.635,6635,-1.26,8.34,2.0,8.6685,0.0567,0.0142,-0.5312,6.88,76.75,74.94,-0.3722,9.1271,1.8629,9.3227,P011_Barbell_Back_Squats_Inclination_Asymmetry_2_01.csv,2
11,3,1,3,2,6.765,6765,-2.18,9.12,2.15,9.6203,-0.0578,0.0316,-0.3371,9.88,76.75,71.69,-0.6104,9.1262,1.9007,9.342,P011_Barbell_Back_Squats_Inclination_Asymmetry_2_01.csv,2
11,3,1,3,2,6.938,6938,-1.65,9.6,2.18,9.9817,-0.012,-0.0055,-0.0567,11.81,77.13,69.38,-0.7474,9.1886,1.9375,9.4204,P011_Barbell_Back_Squats_Inclination_Asymmetry_2_01.csv,2
11,3,1,3,2,7.068,7068,-1.8,9.58,2.01,9.9527,0.0076,-0.1058,-0.1985,12.13,77.31,69.38,-0.8861,9.2402,1.9471,9.4846,P011_Barbell_Back_Squats_Inclination_Asymmetry_2_01.csv,2
11,3,1,3,2,7.198,7198,-2.4,9.29,2.21,9.8462,0.0338,-0.1364,-0.2018,14.06,77.31,68.31,-1.0856,9.2468,1.9817,9.5188,P011_Barbell_Back_Squats_Inclination_Asymmetry_2_01.csv,2
11,3,1,3,2,7.328,7328,-3.0,9.11,2.45,9.8992,0.0349,-0.1331,-0.1167,15.88,77.13,67.56,-1.3379,9.2287,2.0434,9.5465,P011_Barbell_Back_Squats_Inclination_Asymmetry_2_01.csv,2
11,3,1,3,2,7.458,7458,-3.42,9.1,2.46,10.0279,-0.0251,-0.1004,-0.0916,17.25,76.81,67.13,-1.6122,9.2118,2.0983,9.5843,P011_Barbell_Back_Squats_Inclination_Asymmetry_2_01.csv,2
11,3,1,3,2,7.588,7588,-3.36,9.88,2.2,10.6651,-0.0687,-0.0447,0.024,17.38,77.25,67.38,-1.8425,9.2998,2.1117,9.7129,P011_Barbell_Back_Squats_Inclination_Asymmetry_2_01.csv,2
11,3,1,3,2,7.719,7719,-3.22,9.67,1.76,10.3429,-0.0349,-0.0076,-0.168,18.31,77.69,66.5,-2.0241,9.3486,2.0654,9.7857,P011_Barbell_Back_Squats_Inclination_Asymmetry_2_01.csv,2
11,3,1,3,2,7.849,7849,-3.41,9.25,1.73,10.0092,-0.0076,-0.0284,0.0065,18.88,77.94,66.0,-2.2067,9.3356,2.0212,9.8035,P011_Barbell_Back_Squats_Inclination_Asymmetry_2_01.csv,2
11,3,1,3,2,8.022,8022,-3.0,9.24,1.77,9.8747,-0.048,0.0055,0.1287,18.0,78.31,67.06,-2.3112,9.323,1.9881,9.8088,P011_Barbell_Back_Squats_Inclination_Asymmetry_2_01.csv,2
11,3,1,3,2,8.152,8152,-3.13,9.09,1.74,9.77,-0.0404,0.0404,-0.0633,18.13,78.63,66.69,-2.4191,9.2923,1.9554,9.7991,P011_Barbell_Back_Squats_Inclination_Asymmetry_2_01.csv,2
11,3,1,3,2,8.282,8282,-2.98,9.4,1.72,10.0099,-0.0371,0.0327,0.0622,17.63,78.88,66.75,-2.493,9.3065,1.9244,9.8249,P011_Barbell_Back_Squats_Inclination_Asymmetry_2_01.csv,2
11,3,1,3,2,8.412,8412,-2.99,9.72,1.85,10.3364,-0.0153,0.0415,0.0753,17.38,79.06,66.69,-2.5585,9.361,1.9146,9.8914,P011_Barbell_Back_Squats_Inclination_Asymmetry_2_01.csv,2
11,3,1,3,2,8.542,8542,-2.59,9.68,1.99,10.2162,0.0,0.0076,0.048,16.56,79.0,67.31,-2.5627,9.403,1.9245,9.9342,P011_Barbell_Back_Squats_Inclination_Asymmetry_2_01.csv,2
11,3,1,3,2,8.672,8672,-2.79,9.34,1.75,9.9036,-0.0425,-0.0131,-0.1025,16.75,79.06,67.06,-2.5926,9.3947,1.9015,9.9297,P011_Barbell_Back_Squats_Inclination_Asymmetry_2_01.csv,2
11,3,1,3,2,8.802,8802,-2.93,9.29,1.55,9.8636,-0.0578,-0.0513,-0.0622,17.25,79.56,66.69,-2.6371,9.3809,1.8552,9.9196,P011_Barbell_Back_Squats_Inclination_Asymmetry_2_01.csv,2
11,3,1,3,2,8.932,8932,-3.56,9.64,1.6,10.4002,-0.0251,-0.0305,0.1985,17.38,79.94,66.88,-2.7587,9.4151,1.8216,9.9786,P011_Barbell_Back_Squats_Inclination_Asymmetry_2_01.csv,2
11,3,1,3,2,9.105,9105,-3.13,10.16,1.66,10.76,-0.0076,0.0316,0.2302,15.56,80.31,68.69,-2.8076,9.5132,1.8003,10.0809,P011_Barbell_Back_Squats_Inclination_Asymmetry_2_01.csv,2
11,3,1,3,2,9.235,9235,-2.06,9.27,1.5,9.6139,0.0142,0.0687,0.2313,13.44,80.25,70.5,-2.7091,9.4812,1.7607,10.0166,P011_Barbell_Back_Squats_Inclination_Asymmetry_2_01.csv,3
11,3,1,3,2,9.365,9365,-2.48,9.07,1.59,9.5364,-0.0305,0.0993,0.2389,12.13,80.25,71.19,-2.6789,9.427,1.7382,9.9532,P011_Barbell_Back_Squats_Inclination_Asymmetry_2_01.csv,3
11,3,1,3,2,9.495,9495,-1.09,8.99,1.49,9.1776,-0.0611,0.1538,0.4091,9.44,80.5,72.94,-2.4695,9.3694,1.7055,9.8384,P011_Barbell_Back_Squats_Inclination_Asymmetry_2_01.csv,3
11,3,1,3,2,9.625,9625,-1.39,8.96,1.48,9.1872,-0.0829,0.1244,-0.0436,8.13,80.88,73.13,-2.3273,9.3155,1.6758,9.7469,P011_Barbell_Back_Squats_Inclination_Asymmetry_2_01.csv,3
11,3,1,3,2,9.756,9756,-1.03,8.32,1.41,8.5013,-0.0633,0.0709,0.2814,6.94,81.25,73.56,-2.1563,9.1843,1.6408,9.5756,P011_Barbell_Back_Squats_Inclination_Asymmetry_2_01.csv,3
11,3,1,3,2,9.886,9886,-0.85,9.0,1.45,9.1556,-0.0873,0.0382,0.2422,5.06,81.81,75.06,-1.9842,9.16,1.6156,9.5107,P011_Barbell_Back_Squats_Inclination_Asymmetry_2_01.csv,3
11,3,1,3,2,10.016,10016,-0.13,9.4,0.75,9.4308,-0.1014,-0.0065,0.4254,3.06,82.5,76.88,-1.7399,9.1916,1.5016,9.4746,P011_Barbell_Back_Squats_Inclination_Asymmetry_2_01.csv,3
11,4,1,3,2,10.189,10189,0.74,9.54,1.22,9.6461,-0.0447,-0.0393,0.072,-1.94,83.19,82.25,-1.4131,9.2375,1.4645,9.459,P011_Barbell_Back_Squats_Inclination_Asymmetry_2_01.csv,3
11,4,1,3,2,10.319,10319,1.22,9.95,1.13,10.088,-0.0382,-0.0469,0.4385,-3.25,83.5,83.88,-1.0661,9.3314,1.4204,9.4989,P011_Barbell_Back_Squats_Inclination_Asymmetry_2_01.csv,3
11,4,1,3,2,10.449,10449,0.3,10.25,0.95,10.2983,0.0011,-0.0971,-0.2465,-3.19,83.56,84.44,-0.8861,9.4525,1.3584,9.5906,P011_Barbell_Back_Squats_Inclination_Asymmetry_2_01.csv,3
11,4,1,3,2,10.579,10579,0.65,9.79,1.12,9.8753,0.0687,-0.0589,0.1058,-3.5,83.25,85.25,-0.6837,9.4969,1.327,9.6135,P011_Barbell_Back_Squats_Inclination_Asymmetry_2_01.csv,3
11,4,1,3,2,10.709,10709,0.66,9.67,1.26,9.7741,0.0949,-0.0851,-0.0251,-3.25,82.63,85.5,-0.5066,9.5197,1.3182,9.6239,P011_Barbell_Back_Squats_Inclination_Asymmetry_2_01.csv,3
11,4,1,3,2,10.839,10839,0.38,9.84,1.18,9.9178,0.0884,-0.0731,-0.0578,-3.0,81.94,85.81,-0.3898,9.5619,1.3,9.6578,P011_Barbell_Back_Squats_Inclination_Asymmetry_2_01.csv,3
11,4,1,3,2,10.985,10985,0.26,9.73,1.42,9.8365,0.0993,-0.0109,-0.0971,-2.38,81.25,85.5,-0.3042,9.5841,1.3158,9.6788,P011_Barbell_Back_Squats_Inclination_Asymmetry_2_01.csv,3
11,4,1,3,2,11.119,11119,0.46,9.35,1.59,9.4954,0.0884,0.0284,-0.1014,-1.69,80.56,84.69,-0.2035,9.5532,1.3519,9.6506,P011_Barbell_Back_Squats_Inclination_Asymmetry_2_01.csv,3
11,4,1,3,2,11.292,11292,0.52,9.12,1.65,9.2826,0.108,-0.0305,-0.3098,-0.63,79.63,83.5,-0.1081,9.4962,1.3912,9.5981,P011_Barbell_Back_Squats_Inclination_Asymmetry_2_01.csv,3
11,4,1,3,2,11.422,11422,-0.56,8.97,1.94,9.1945,0.1331,-0.0349,-0.336,2.06,78.75,80.94,-0.1677,9.4268,1.4635,9.5412,P011_Barbell_Back_Squats_Inclination_Asymmetry_2_01.csv,3
11,4,1,3,2,11.552,11552,-0.8,8.76,2.14,9.053,0.0327,-0.0109,-0.3894,4.19,78.13,78.88,-0.251,9.339,1.5527,9.4705,P011_Barbell_Back_Squats_Inclination_Asymmetry_2_01.csv,3
11,4,1,3,2,11.683,11683,-1.33,9.23,2.08,9.5545,0.0273,-0.0447,-0.336,7.0,77.94,76.25,-0.3932,9.3246,1.6221,9.4728,P011_Barbell_Back_Squats_Inclination_Asymmetry_2_01.csv,3
11,5,1,3,2,11.813,11813,-2.11,8.92,2.06,9.3948,0.0196,-0.0447,-0.1069,9.06,77.69,74.56,-0.6194,9.2713,1.6798,9.4426,P011_Barbell_Back_Squats_Inclination_Asymmetry_2_01.csv,3
11,5,1,3,2,11.943,11943,-1.43,9.46,1.76,9.728,-0.0764,-0.0425,0.06,8.81,77.94,75.13,-0.7262,9.2961,1.6904,9.4765,P011_Barbell_Back_Squats_Inclination_Asymmetry_2_01.csv,3
11,5,1,3,2,12.074,12074,-1.9,9.48,1.81,9.8365,-0.0524,-0.0535,-0.3142,10.06,78.56,74.19,-0.8809,9.3204,1.7062,9.5161,P011_Barbell_Back_Squats_Inclination_Asymmetry_2_01.csv,3
11,5,1,3,2,12.204,12204,-1.78,9.56,1.9,9.9082,0.0349,-0.0153,-0.0829,11.25,78.63,73.13,-0.9994,9.352,1.7317,9.5633,P011_Barbell_Back_Squats_Inclination_Asymmetry_2_01.csv,3
11,5,1,3,2,12.377,12377,-2.45,9.31,1.95,9.8225,0.0065,-0.0491,-0.2105,13.25,78.25,71.5,-1.1905,9.3464,1.7605,9.585,P011_Barbell_Back_Squats_Inclination_Asymmetry_2_01.csv,3
11,5,1,3,2,12.507,12507,-2.58,9.53,1.89,10.0523,-0.0295,-0.0295,-0.1713,14.56,78.31,70.5,-1.3736,9.3706,1.7775,9.6361,P011_Barbell_Back_Squats_Inclination_Asymmetry_2_01.csv,3
11,5,1,3,2,12.637,12637,-3.08,9.77,1.91,10.4205,-0.0273,-0.0469,-0.2531,16.19,78.56,69.0,-1.5985,9.4232,1.795,9.725,P011_Barbell_Back_Squats_Inclination_Asymmetry_2_01.csv,3
11,5,1,3,2,12.767,12767,-3.18,9.95,1.84,10.6066,0.0011,-0.0295,0.1167,16.5,78.75,69.06,-1.8069,9.4927,1.8009,9.8295,P011_Barbell_Back_Squats_Inclination_Asymmetry_2_01.csv,3
11,5,1,3,2,12.897,12897,-3.0,9.8,1.97,10.4365,-0.0044,0.0065,-0.0316,16.5,78.88,69.13,-1.9641,9.5332,1.8232,9.9027,P011_Barbell_Back_Squats_Inclination_Asymmetry_2_01.csv,3
11,5,1,3,2,13.027,13027,-2.97,9.12,1.69,9.7392,0.0142,0.0164,0.0305,16.63,78.81,68.94,-2.0967,9.4787,1.8057,9.8743,P011_Barbell_Back_Squats_Inclination_Asymmetry_2_01.csv,4
11,5,1,3,2,13.158,13158,-2.77,9.24,1.81,9.8146,-0.0153,0.0447,0.0633,16.19,78.81,69.19,-2.1854,9.4473,1.8062,9.8635,P011_Barbell_Back_Squats_Inclination_Asymmetry_2_01.csv,4
11,5,1,3,2,13.289,13289,-2.64,9.08,1.85,9.6353,-0.0044,0.0415,0.0262,16.0,78.75,69.06,-2.2453,9.3989,1.812,9.8317,P011_Barbell_Back_Squats_Inclination_Asymmetry_2_01.csv,4
11,5,1,3,2,13.461,13461,-2.5,9.04,1.73,9.5375,-0.0611,0.0316,0.0087,15.38,78.94,69.31,-2.2789,9.3516,1.8012,9.7923,P011_Barbell_Back_Squats_Inclination_Asymmetry_2_01.csv,4
11,5,1,3,2,13.592,13592,-2.9,10.59,1.92,11.1465,-0.0327,0.0065,0.0545,15.06,79.31,69.38,-2.3607,9.5148,1.8168,9.9702,P011_Barbell_Back_Squats_Inclination_Asymmetry_2_01.csv,4
11,5,1,3,2,13.722,13722,-2.59,10.35,1.89,10.8353,-0.0076,-0.0218,0.0818,14.69,79.44,69.75,-2.3909,9.6248,1.8265,10.0841,P011_Barbell_Back_Squats_Inclination_Asymmetry_2_01.csv,4
11,5,1,3,2,13.852,13852,-2.23,9.41,1.53,9.7909,-0.0098,-0.0469,0.0753,13.94,79.56,70.75,-2.3697,9.5965,1.7874,10.0451,P011_Barbell_Back_Squats_Inclination_Asymmetry_2_01.csv,4
11,5,1,3,2,13.982,13982,-3.1,10.16,1.84,10.7806,-0.0142,-0.0229,0.0175,14.0,79.81,71.0,-2.466,9.6708,1.7943,10.1402,P011_Barbell_Back_Squats_Inclination_Asymmetry_2_01.csv,4
11,5,1,3,2,14.112,14112,-2.19,9.76,1.88,10.1778,0.0458,0.0044,0.3142,12.44,79.69,72.63,-2.4296,9.6825,1.8056,10.1447,P011_Barbell_Back_Squats_Inclination_Asymmetry_2_01.csv,4
11,5,1,3,2,14.242,14242,-1.97,8.89,1.6,9.2452,-0.0109,0.0109,0.2651,10.63,79.63,74.5,-2.369,9.5781,1.7785,10.0257,P011_Barbell_Back_Squats_Inclination_Asymmetry_2_01.csv,4
11,5,1,3,2,14.372,14372,-1.49,8.89,1.59,9.1532,-0.072,0.0513,0.3065,8.69,79.94,76.19,-2.2532,9.4874,1.7537,9.9077,P011_Barbell_Back_Squats_Inclination_Asymmetry_2_01.csv,4
11,5,1,3,2,14.545,14545,-0.71,9.12,1.59,9.2848,-0.0753,0.0502,0.2869,5.5,80.69,78.75,-2.0498,9.439,1.7321,9.8131,P011_Barbell_Back_Squats_Inclination_Asymmetry_2_01.csv,4
11,5,1,3,2,14.675,14675,-0.73,8.13,1.29,8.264,-0.0622,0.0458,0.2138,3.5,81.13,80.38,-1.8759,9.2665,1.6739,9.6015,P011_Barbell_Back_Squats_Inclination_Asymmetry_2_01.csv,4
11,5,1,3,2,14.805,14805,-0.17,9.09,1.24,9.1758,-0.06,0.0589,0.6774,0.81,81.56,82.75,-1.6511,9.2433,1.6167,9.5277,P011_Barbell_Back_Squats_Inclination_Asymmetry_2_01.csv,4
11,5,1,3,2,14.935,14935,1.58,9.39,1.24,9.6024,-0.0425,0.0687,0.5236,-4.56,81.94,87.75,-1.2253,9.2626,1.5671,9.4738,P011_Barbell_Back_Squats_Inclination_Asymmetry_2_01.csv,4
11,5,1,3,2,15.065,15065,0.48,9.46,1.81,9.6436,-0.0556,0.1004,-0.2389,-4.81,82.38,87.44,-1.0006,9.2886,1.5991,9.4782,P011_Barbell_Back_Squats_Inclination_Asymmetry_2_01.csv,4
11,5,1,3,2,15.196,15196,1.16,10.25,1.52,10.4268,0.0513,0.1396,0.2847,-4.94,82.5,86.69,-0.7159,9.4153,1.5886,9.5752,P011_Barbell_Back_Squats_Inclination_Asymmetry_2_01.csv,4
11,5,1,3,2,15.326,15326,1.06,9.65,0.81,9.7418,0.0676,0.0894,-0.2454,-5.5,82.13,86.38,-0.4819,9.4462,1.486,9.5745,P011_Barbell_Back_Squats_Inclination_Asymmetry_2_01.csv,4
11,5,1,3,2,15.456,15456,0.34,9.01,0.83,9.0545,0.0295,0.0873,-0.2116,-4.0,81.88,84.13,-0.3736,9.3887,1.3996,9.4998,P011_Barbell_Back_Squats_Inclination_Asymmetry_2_01.csv,4
11,5,1,3,2,15.629,15629,1.34,9.48,1.66,9.7171,-0.0207,0.0011,0.1364,-4.0,82.13,83.63,-0.1478,9.4008,1.4339,9.5106,P011_Barbell_Back_Squats_Inclination_Asymmetry_2_01.csv,4
11,5,1,3,2,15.76,15760,-0.13,10.45,1.95,10.6312,0.0349,-0.0622,-0.1254,-2.69,82.06,82.69,-0.1454,9.539,1.5019,9.6576,P011_Barbell_Back_Squats_Inclination_Asymmetry_2_01.csv,4
11,5,1,3,2,15.89,15890,1.34,9.31,1.67,9.553,0.1025,-0.0273,0.2411,-4.81,81.44,85.0,0.0503,9.5088,1.5241,9.6303,P011_Barbell_Back_Squats_Inclination_Asymmetry_2_01.csv,4
11,5,1,3,2,16.021,16021,1.16,9.05,1.42,9.2339,0.0251,-0.0185,-0.2334,-4.31,81.0,84.56,0.1965,9.4484,1.5104,9.5704,P011_Barbell_Back_Squats_Inclination_Asymmetry_2_01.csv,4
11,5,1,3,2,16.151,16151,0.34,7.78,1.32,7.8985,-0.0535,-0.0316,-0.4058,-2.56,81.13,83.0,0.2154,9.2285,1.4853,9.3498,P011_Barbell_Back_Squats_Inclination_Asymmetry_2_01.csv,4
11,5,1,3,2,16.281,16281,0.2,10.1,1.46,10.2069,-0.0894,-0.0753,0.0327,-0.25,81.69,81.06,0.2134,9.3434,1.4819,9.4626,P011_Barbell_Back_Squats_Inclination_Asymmetry_2_01.csv,4
11,5,1,3,2,16.411,16411,0.98,8.66,1.36,8.8207,-0.0185,-0.0916,-0.4222,-0.25,82.13,81.63,0.3144,9.2533,1.4659,9.374,P011_Barbell_Back_Squats_Inclination_Asymmetry_2_01.csv,4
11,6,1,3,2,16.541,16541,-0.8,8.82,1.19,8.9358,0.0338,-0.0949,-0.7439,5.13,82.0,76.88,0.1676,9.1962,1.4295,9.3082,P011_Barbell_Back_Squats_Inclination_Asymmetry_2_01.csv,4
11,6,1,3,2,16.714,16714,-2.38,9.38,1.3,9.7642,0.0338,-0.1102,-0.4723,10.69,81.63,72.38,-0.1681,9.2204,1.4125,9.3295,P011_Barbell_Back_Squats_Inclination_Asymmetry_2_01.csv,4
11,6,1,3,2,16.844,16844,-2.93,9.01,1.3,9.5632,-0.0338,-0.0622,-0.2105,13.06,81.75,70.56,-0.5321,9.1927,1.3976,9.3136,P011_Barbell_Back_Squats_Inclination_Asymmetry_2_01.csv,4
11,6,1,3,2,16.977,16977,-2.94,10.29,1.46,10.8009,-0.0098,0.0033,0.1014,13.5,82.0,70.31,-0.8494,9.3373,1.4059,9.4807,P011_Barbell_Back_Squats_Inclination_Asymmetry_2_01.csv,4
11,6,1,3,2,17.107,17107,-2.36,10.21,1.43,10.5763,0.1069,0.0502,0.3207,11.81,81.63,71.88,-1.0484,9.4523,1.409,9.6141,P011_Barbell_Back_Squats_Inclination_Asymmetry_2_01.csv,4
11,6,1,3,2,17.239,17239,-1.55,9.85,1.72,10.1185,0.0862,0.0698,0.0404,10.06,80.81,73.31,-1.1145,9.5047,1.45,9.6791,P011_Barbell_Back_Squats_Inclination_Asymmetry_2_01.csv,4
11,6,1,3,2,17.37,17370,-2.03,9.62,1.56,9.9548,0.0436,0.0545,-0.1571,11.0,80.19,71.94,-1.2352,9.5199,1.4645,9.7108,P011_Barbell_Back_Squats_Inclination_Asymmetry_2_01.csv,4
11,6,1,3,2,17.503,17503,-3.12,10.73,1.93,11.3398,-0.0251,0.072,-0.1582,12.19,80.06,70.31,-1.4835,9.6794,1.5258,9.9106,P011_Barbell_Back_Squats_Inclination_Asymmetry_2_01.csv,4
11,6,1,3,2,17.634,17634,-1.43,9.75,1.88,10.032,0.0491,0.0556,0.2716,11.06,79.94,70.88,-1.4765,9.6887,1.5725,9.9259,P011_Barbell_Back_Squats_Inclination_Asymmetry_2_01.csv,4
11,6,1,3,2,17.807,17807,-2.15,8.58,1.7,9.0072,-0.0185,-0.0109,-0.0633,12.0,79.69,69.88,-1.5652,9.5426,1.5893,9.7998,P011_Barbell_Back_Squats_Inclination_Asymmetry_2_01.csv,4
11,6,1,3,2,17.937,17937,-1.7,9.95,1.68,10.233,-0.084,-0.036,0.0862,10.75,80.19,71.25,-1.583,9.5963,1.6013,9.8569,P011_Barbell_Back_Squats_Inclination_Asymmetry_2_01.csv,4
11,6,1,3,2,18.067,18067,-1.96,10.23,1.64,10.5444,-0.0545,-0.0218,0.0404,11.06,80.75,71.06,-1.6327,9.6798,1.6064,9.9471,P011_Barbell_Back_Squats_Inclination_Asymmetry_2_01.csv,4
11,6,1,3,2,18.197,18197,-1.42,9.94,1.44,10.1436,-0.0447,-0.0262,-0.1309,10.75,81.19,71.44,-1.6047,9.7141,1.5844,9.9724,P011_Barbell_Back_Squats_Inclination_Asymmetry_2_01.csv,4
11,6,1,3,2,18.327,18327,-2.79,10.34,1.5,10.8143,-0.0175,-0.0535,-0.1647,12.75,81.44,69.69,-1.7608,9.7965,1.5733,10.0771,P011_Barbell_Back_Squats_Inclination_Asymmetry_2_01.csv,4
11,6,1,3,2,18.458,18458,-2.79,10.07,1.69,10.5851,0.0305,-0.0164,-0.012,12.88,81.38,69.88,-1.8965,9.8326,1.5887,10.139,P011_Barbell_Back_Squats_Inclination_Asymmetry_2_01.csv,4
11,6,1,3,2,18.588,18588,-2.3,9.46,1.46,9.8445,-0.024,0.0044,0.096,13.25,81.13,69.56,-1.9496,9.7835,1.5717,10.0989,P011_Barbell_Back_Squats_Inclination_Asymmetry_2_01.csv,4
11,6,1,3,2,18.718,18718,-2.45,10.32,1.47,10.7082,-0.0164,-0.0698,0.1669,12.25,81.56,70.81,-2.0156,9.8542,1.5583,10.1782,P011_Barbell_Back_Squats_Inclination_Asymmetry_2_01.csv,4
11,6,1,3,2,18.891,18891,-1.22,9.25,1.01,9.3846,-0.0589,0.0371,0.3458,9.38,81.88,73.69,-1.9107,9.7746,1.4861,10.0698,P011_Barbell_Back_Squats_Inclination_Asymmetry_2_01.csv,5
11,6,1,3,2,19.022,19022,-1.78,9.22,1.25,9.4731,-0.0033,0.0229,0.1331,8.25,82.13,74.63,-1.8935,9.7015,1.455,9.9911,P011_Barbell_Back_Squats_Inclination_Asymmetry_2_01.csv,5
11,6,1,3,2,19.152,19152,-1.35,8.75,1.31,8.9499,-0.0131,0.0687,0.408,6.31,82.19,76.25,-1.8219,9.5761,1.4359,9.8531,P011_Barbell_Back_Squats_Inclination_Asymmetry_2_01.csv,5
11,6,1,3,2,19.283,19283,-0.41,8.55,1.44,8.6801,-0.0011,0.0676,0.4909,3.06,82.13,79.06,-1.6358,9.4409,1.4364,9.6886,P011_Barbell_Back_Squats_Inclination_Asymmetry_2_01.csv,5
11,6,1,3,2,19.414,19414,0.39,8.71,1.31,8.8166,-0.0415,0.0207,0.4222,-0.44,82.25,82.31,-1.3689,9.3446,1.4197,9.5504,P011_Barbell_Back_Squats_Inclination_Asymmetry_2_01.csv,5
11,6,1,3,2,19.544,19544,0.79,9.01,1.39,9.1508,0.0,0.0022,0.4254,-3.25,82.38,85.13,-1.0844,9.3005,1.4158,9.4699,P011_Barbell_Back_Squats_Inclination_Asymmetry_2_01.csv,5
11,6,1,3,2,19.675,19675,1.88,9.67,0.75,9.8796,-0.0044,0.0022,0.5869,-7.25,82.25,89.19,-0.6938,9.3492,1.3281,9.4685,P011_Barbell_Back_Squats_Inclination_Asymmetry_2_01.csv,5
11,6,1,3,2,19.805,19805,2.15,9.79,1.66,10.1598,0.0273,-0.0131,-0.1462,-8.88,82.19,90.81,-0.319,9.4073,1.3718,9.5121,P011_Barbell_Back_Squats_Inclination_Asymmetry_2_01.csv,5
11,6,1,3,2,19.978,19978,0.9,9.66,1.34,9.7939,0.0545,0.0251,0.2629,-6.25,81.75,88.13,-0.1584,9.4406,1.3676,9.5404,P011_Barbell_Back_Squats_Inclination_Asymmetry_2_01.csv,5
11,6,1,3,2,20.111,20111,2.15,9.59,1.38,9.9245,0.0556,-0.0371,-0.0393,-8.56,81.31,90.38,0.1458,9.4603,1.3693,9.56,P011_Barbell_Back_Squats_Inclination_Asymmetry_2_01.csv,5
11,6,1,3,2,20.244,20244,0.85,9.56,1.58,9.7269,0.0578,-0.0316,-0.0218,-6.81,80.81,88.94,0.2386,9.4734,1.397,9.5788,P011_Barbell_Back_Squats_Inclination_Asymmetry_2_01.csv,5
11,6,1,3,2,20.374,20374,1.67,9.23,1.72,9.5363,0.0251,-0.0545,0.0654,-7.69,80.44,90.06,0.4272,9.4413,1.4396,9.56,P011_Barbell_Back_Squats_Inclination_Asymmetry_2_01.csv,5
11,6,1,3,2,20.505,20505,1.45,9.23,1.62,9.4826,-0.0436,-0.0742,-0.0862,-7.13,80.31,90.0,0.562,9.4135,1.4634,9.5431,P011_Barbell_Back_Squats_Inclination_Asymmetry_2_01.csv,5
11,6,1,3,2,20.636,20636,1.61,9.58,1.59,9.8436,-0.0502,-0.0709,-0.2934,-6.63,80.75,89.94,0.7001,9.4354,1.4801,9.5764,P011_Barbell_Back_Squats_Inclination_Asymmetry_2_01.csv,5
11,6,1,3,2,20.766,20766,0.65,8.64,1.55,8.802,-0.012,-0.06,-0.6,-3.0,80.88,86.81,0.6935,9.3306,1.4893,9.4741,P011_Barbell_Back_Squats_Inclination_Asymmetry_2_01.csv,5
11,6,1,3,2,20.896,20896,-1.07,8.36,1.17,8.509,-0.0491,-0.0796,-0.7156,2.25,81.06,82.0,0.4611,9.2027,1.4472,9.3272,P011_Barbell_Back_Squats_Inclination_Asymmetry_2_01.csv,5
11,6,1,3,2,21.069,21069,-0.17,9.02,1.36,9.1235,0.0185,-0.0873,-0.1865,4.44,81.44,80.5,0.3779,9.1786,1.4357,9.2979,P011_Barbell_Back_Squats_Inclination_Asymmetry_2_01.csv,5
11,7,1,3,2,21.199,21199,-2.17,8.85,1.23,9.1948,0.0033,-0.0807,-0.5705,7.69,81.31,77.88,0.0422,9.1353,1.4086,9.2434,P011_Barbell_Back_Squats_Inclination_Asymmetry_2_01.csv,5
11,7,1,3,2,21.329,21329,-2.56,9.13,1.29,9.5695,-0.0578,0.0076,-0.1189,10.69,81.63,75.19,-0.3007,9.1346,1.393,9.2451,P011_Barbell_Back_Squats_Inclination_Asymmetry_2_01.csv,5
11,7,1,3,2,21.459,21459,-2.27,9.43,1.32,9.7888,-0.0589,0.0524,0.0229,11.56,82.0,74.0,-0.5602,9.1735,1.3834,9.2942,P011_Barbell_Back_Squats_Inclination_Asymmetry_2_01.csv,5
11,7,1,3,2,21.589,21589,-1.36,10.17,1.24,10.3352,-0.0687,0.0458,0.1833,10.25,82.44,74.81,-0.6656,9.3049,1.3645,9.4279,P011_Barbell_Back_Squats_Inclination_Asymmetry_2_01.csv,5
11,7,1,3,2,21.72,21720,-1.78,10.36,1.29,10.5907,-0.0654,0.0295,-0.0349,9.88,82.88,74.94,-0.8125,9.4439,1.3547,9.5751,P011_Barbell_Back_Squats_Inclination_Asymmetry_2_01.csv,5
11,7,1,3,2,21.85,21850,-1.48,9.89,1.24,10.0767,-0.0513,-0.0098,0.0774,9.56,83.25,75.06,-0.9004,9.5027,1.3395,9.6388,P011_Barbell_Back_Squats_Inclination_Asymmetry_2_01.csv,5
11,7,1,3,2,21.98,21980,-1.6,10.42,1.09,10.5983,-0.0578,-0.0316,-0.1571,9.69,83.69,75.0,-0.9926,9.6236,1.3067,9.7625,P011_Barbell_Back_Squats_Inclination_Asymmetry_2_01.csv,5
11,7,1,3,2,22.153,22153,-2.27,10.0,1.0,10.3031,0.0164,-0.0502,-0.1244,11.31,84.0,73.81,-1.1609,9.6732,1.2663,9.8245,P011_Barbell_Back_Squats_Inclination_Asymmetry_2_01.csv,5
11,7,1,3,2,22.284,22284,-2.5,10.0,1.01,10.3571,0.0175,-0.0175,0.0884,12.25,83.94,73.19,-1.3374,9.7162,1.2325,9.885,P011_Barbell_Back_Squats_Inclination_Asymmetry_2_01.csv,5
11,7,1,3,2,22.414,22414,-1.84,9.63,0.98,9.8531,0.0164,0.0251,-0.1287,11.63,83.88,73.75,-1.4036,9.7049,1.1992,9.8789,P011_Barbell_Back_Squats_Inclination_Asymmetry_2_01.csv,6
11,7,1,3,2,22.544,22544,-2.23,8.64,0.95,8.9736,0.0,0.0436,-0.1298,12.94,83.75,72.19,-1.5125,9.5645,1.1664,9.7534,P011_Barbell_Back_Squats_Inclination_Asymmetry_2_01.csv,6
11,7,1,3,2,22.674,22674,-2.52,9.84,0.8,10.189,0.0164,0.0513,0.1353,13.56,83.69,71.25,-1.6453,9.6008,1.1181,9.8048,P011_Barbell_Back_Squats_Inclination_Asymmetry_2_01.csv,6
11,7,1,3,2,22.804,22804,-1.92,10.55,1.03,10.7726,0.0764,0.0251,0.0207,12.19,83.31,72.38,-1.6815,9.7259,1.1065,9.932,P011_Barbell_Back_Squats_Inclination_Asymmetry_2_01.csv,6
11,7,1,3,2,22.934,22934,-2.32,10.12,1.34,10.4686,0.1211,0.0207,-0.2934,13.0,82.5,71.5,-1.7656,9.7778,1.1373,10.0009,P011_Barbell_Back_Squats_Inclination_Asymmetry_2_01.csv,6
11,7,1,3,2,23.064,23064,-2.35,9.87,1.47,10.2518,0.1134,-0.0251,0.0807,13.38,81.69,71.38,-1.8426,9.79,1.1811,10.0317,P011_Barbell_Back_Squats_Inclination_Asymmetry_2_01.csv,6
11,7,1,3,2,23.237,23237,-2.8,9.64,1.63,10.1699,0.0927,-0.0087,-0.0829,14.0,80.75,71.19,-1.9688,9.7702,1.2403,10.0435,P011_Barbell_Back_Squats_Inclination_Asymmetry_2_01.csv,6
11,7,1,3,2,23.367,23367,-2.63,9.49,1.63,9.9817,0.0524,-0.024,0.1189,14.25,80.19,71.19,-2.0559,9.7333,1.2916,10.0316,P011_Barbell_Back_Squats_Inclination_Asymmetry_2_01.csv,6
11,7,1,3,2,23.497,23497,-2.32,9.72,1.87,10.1665,0.0349,-0.0709,0.2574,12.63,80.13,73.25,-2.0907,9.7315,1.3678,10.0471,P011_Barbell_Back_Squats_Inclination_Asymmetry_2_01.csv,6
11,7,1,3,2,23.627,23627,-1.76,9.78,1.45,10.0423,0.0109,-0.0349,0.2203,11.06,80.0,75.25,-2.0471,9.7379,1.3787,10.0458,P011_Barbell_Back_Squats_Inclination_Asymmetry_2_01.csv,6
11,7,1,3,2,23.757,23757,-1.78,9.49,1.66,9.7971,0.0131,-0.0524,0.2858,9.31,80.13,77.44,-2.0119,9.7053,1.4157,10.0122,P011_Barbell_Back_Squats_Inclination_Asymmetry_2_01.csv,6
11,7,1,3,2,23.887,23887,-1.47,9.27,1.49,9.5034,0.0044,0.0327,0.3687,7.31,80.25,79.56,-1.9405,9.6479,1.4255,9.9438,P011_Barbell_Back_Squats_Inclination_Asymmetry_2_01.csv,6
11,7,1,3,2,24.017,24017,-0.86,8.88,1.71,9.0839,0.0229,0.0774,0.3174,4.75,80.19,81.69,-1.7981,9.5467,1.463,9.8241,P011_Barbell_Back_Squats_Inclination_Asymmetry_2_01.csv,6
11,7,1,3,2,24.148,24148,-0.25,6.86,1.22,6.9721,-0.0055,0.0873,0.1713,3.06,80.0,82.75,-1.5941,9.1927,1.431,9.439,P011_Barbell_Back_Squats_Inclination_Asymmetry_2_01.csv,6
11,7,1,3,2,24.321,24321,1.3,9.47,1.85,9.7362,0.0185,0.0665,0.2694,-0.88,80.19,85.94,-1.2128,9.2292,1.4862,9.4265,P011_Barbell_Back_Squats_Inclination_Asymmetry_2_01.csv,6
11,7,1,3,2,24.453,24453,0.11,9.99,1.79,10.1497,0.0393,0.0371,0.0175,-0.5,79.88,85.25,-1.0385,9.3295,1.5262,9.5104,P011_Barbell_Back_Squats_Inclination_Asymmetry_2_01.csv,6
11,8,1,3,2,24.584,24584,0.26,9.08,1.92,9.2844,-0.0033,0.0251,0.0316,-1.19,79.69,85.69,-0.8673,9.2966,1.5781,9.4694,P011_Barbell_Back_Squats_Inclination_Asymmetry_2_01.csv,6
11,8,1,3,2,24.716,24716,0.73,9.54,1.54,9.691,-0.0894,0.0076,0.0404,-2.13,80.06,86.56,-0.6569,9.3287,1.5731,9.4832,P011_Barbell_Back_Squats_Inclination_Asymmetry_2_01.csv,6
11,8,1,3,2,24.847,24847,0.25,10.1,1.55,10.2213,-0.0524,-0.0109,-0.0425,-1.81,80.63,86.25,-0.5374,9.4303,1.5701,9.5752,P011_Barbell_Back_Squats_Inclination_Asymmetry_2_01.csv,6
11,8,1,3,2,24.98,24980,0.45,9.75,1.67,9.9022,0.0229,-0.0098,0.1134,-2.0,80.69,86.44,-0.4072,9.4724,1.5832,9.6125,P011_Barbell_Back_Squats_Inclination_Asymmetry_2_01.csv,6
11,8,1,3,2,25.111,25111,1.0,9.49,1.55,9.6676,0.0098,-0.0491,-0.0076,-3.0,80.5,87.63,-0.2218,9.4748,1.5788,9.608,P011_Barbell_Back_Squats_Inclination_Asymmetry_2_01.csv,6
11,8,1,3,2,25.242,25242,0.32,9.54,1.65,9.6869,-0.0229,-0.0556,0.0753,-3.0,80.5,88.06,-0.1504,9.4834,1.5882,9.6166,P011_Barbell_Back_Squats_Inclination_Asymmetry_2_01.csv,6
11,8,1,3,2,25.415,25415,0.79,9.46,1.44,9.6015,-0.0327,-0.0295,-0.1374,-3.06,80.69,88.5,-0.0265,9.4803,1.5687,9.6092,P011_Barbell_Back_Squats_Inclination_Asymmetry_2_01.csv,6
11,8,1,3,2,25.545,25545,0.64,9.44,1.61,9.5977,-0.0305,-0.0098,-0.2334,-1.94,80.94,87.5,0.0613,9.475,1.5741,9.605,P011_Barbell_Back_Squats_Inclination_Asymmetry_2_01.csv,6
11,8,1,3,2,25.676,25676,0.05,8.91,1.23,8.9946,-0.0316,-0.036,-0.4723,0.5,81.13,85.06,0.0598,9.4005,1.5288,9.5242,P011_Barbell_Back_Squats_Inclination_Asymmetry_2_01.csv,6
11,8,1,3,2,25.809,25809,-0.77,9.46,1.78,9.6568,-0.0033,-0.0295,-0.589,4.31,81.31,81.44,-0.0495,9.4084,1.5619,9.5372,P011_Barbell_Back_Squats_Inclination_Asymmetry_2_01.csv,6
11,8,1,3,2,25.94,25940,-1.66,8.87,1.39,9.1304,0.0131,-0.0393,-0.661,8.94,81.13,76.94,-0.2617,9.3374,1.5392,9.4671,P011_Barbell_Back_Squats_Inclination_Asymmetry_2_01.csv,6
11,8,1,3,2,26.074,26074,-3.02,9.52,1.07,10.0447,-0.012,-0.0458,-0.2825,12.38,81.13,73.88,-0.6252,9.3615,1.4774,9.4979,P011_Barbell_Back_Squats_Inclination_Asymmetry_2_01.csv,6
11,8,1,3,2,26.205,26205,-2.7,9.08,1.52,9.5941,-0.0022,-0.0175,-0.2182,14.5,81.38,71.88,-0.8986,9.3244,1.483,9.4842,P011_Barbell_Back_Squats_Inclination_Asymmetry_2_01.csv,6
11,8,1,3,2,26.336,26336,-2.34,9.22,1.35,9.6076,0.0349,0.0055,0.2083,14.63,81.25,71.81,-1.0885,9.3106,1.4655,9.4879,P011_Barbell_Back_Squats_Inclination_Asymmetry_2_01.csv,6
11,8,1,3,2,26.509,26509,-2.21,9.18,1.43,9.5499,0.048,-0.0022,-0.024,13.75,80.81,72.81,-1.2363,9.2934,1.4608,9.4884,P011_Barbell_Back_Squats_Inclination_Asymmetry_2_01.csv,6
11,8,1,3,2,26.64,26640,-2.38,9.23,1.43,9.6386,-0.0033,0.0185,-0.0731,14.0,80.63,72.5,-1.387,9.2851,1.4568,9.5004,P011_Barbell_Back_Squats_Inclination_Asymmetry_2_01.csv,6
11,9,1,3,2,26.77,26770,-2.65,9.08,1.59,9.5915,-0.0229,0.0338,-0.156,15.0,80.56,71.31,-1.5535,9.258,1.4743,9.5025,P011_Barbell_Back_Squats_Inclination_Asymmetry_2_01.csv,6
11,9,1,3,2,26.901,26901,-2.35,8.45,1.59,8.9136,-0.1473,0.0273,-0.0622,15.63,80.81,70.31,-1.6584,9.1516,1.4896,9.4191,P011_Barbell_Back_Squats_Inclination_Asymmetry_2_01.csv,6
11,9,1,3,2,27.031,27031,-2.91,9.59,1.28,10.1032,-0.2378,0.0196,-0.144,16.81,82.38,68.56,-1.8233,9.2093,1.4619,9.5012,P011_Barbell_Back_Squats_Inclination_Asymmetry_2_01.csv,6
11,9,1,3,2,27.162,27162,-3.06,9.21,0.91,9.7476,-0.2705,-0.0131,-0.1625,17.63,84.06,67.25,-1.9863,9.2094,1.3892,9.5231,P011_Barbell_Back_Squats_Inclination_Asymmetry_2_01.csv,6
11,9,1,3,2,27.293,27293,-3.54,9.36,0.3,10.0116,-0.3458,-0.0164,0.0905,18.06,86.31,66.31,-2.191,9.2293,1.2457,9.5672,P011_Barbell_Back_Squats_Inclination_Asymmetry_2_01.csv,6
11,9,1,3,2,27.428,27428,-2.86,9.66,0.31,10.0793,-0.4167,0.072,0.3785,16.13,89.13,67.25,-2.2792,9.286,1.1224,9.6273,P011_Barbell_Back_Squats_Inclination_Asymmetry_2_01.csv,6
11,9,1,3,2,27.601,27601,-2.49,9.99,-0.65,10.3161,-0.4036,0.0513,-0.3011,16.0,93.06,65.69,-2.307,9.3788,0.8888,9.6992,P011_Barbell_Back_Squats_Inclination_Asymmetry_2_01.csv,6
11,9,1,3,2,27.731,27731,-3.29,9.91,-0.91,10.4814,-0.2585,0.0284,-0.0371,17.69,95.44,62.94,-2.4365,9.4488,0.6518,9.7796,P011_Barbell_Back_Squats_Inclination_Asymmetry_2_01.csv,6
11,9,1,3,2,27.861,27861,-2.28,9.6,-1.4,9.9659,-0.1974,0.0196,0.3087,15.81,96.88,64.19,-2.4159,9.4687,0.3814,9.7795,P011_Barbell_Back_Squats_Inclination_Asymmetry_2_01.csv,6
11,9,1,3,2,27.991,27991,-2.43,9.52,-1.3,9.9109,-0.0938,-0.0218,-0.3436,16.06,98.06,63.63,-2.4177,9.4755,0.1598,9.7804,P011_Barbell_Back_Squats_Inclination_Asymmetry_2_01.csv,6
11,9,1,3,2,28.122,28122,-3.1,9.1,-1.48,9.7268,-0.0513,-0.0218,0.1374,17.19,98.69,62.56,-2.5077,9.426,-0.0562,9.754,P011_Barbell_Back_Squats_Inclination_Asymmetry_2_01.csv,6
11,9,1,3,2,28.252,28252,-2.66,9.99,-1.88,10.5076,-0.0491,0.0055,-0.1473,16.75,99.13,62.88,-2.5277,9.5003,-0.2966,9.8353,P011_Barbell_Back_Squats_Inclination_Asymmetry_2_01.csv,6
11,9,1,3,2,28.383,28383,-3.43,9.73,-1.7,10.456,0.0458,0.0262,-0.0567,18.13,99.06,61.38,-2.6466,9.5306,-0.4815,9.903,P011_Barbell_Back_Squats_Inclination_Asymmetry_2_01.csv,6
11,9,1,3,2,28.513,28513,-2.75,9.46,-1.44,9.9563,0.06,0.0415,0.0196,17.56,98.63,61.88,-2.6602,9.5213,-0.6078,9.9046,P011_Barbell_Back_Squats_Inclination_Asymmetry_2_01.csv,6
11,9,1,3,2,28.686,28686,-2.97,9.66,-1.35,10.196,0.0142,0.0196,0.1091,17.5,98.06,61.88,-2.7011,9.5396,-0.7056,9.9397,P011_Barbell_Back_Squats_Inclination_Asymmetry_2_01.csv,6
11,9,1,3,2,28.816,28816,-2.59,10.14,-1.19,10.533,0.0044,-0.0316,0.0556,16.94,98.0,62.5,-2.6864,9.6187,-0.7694,10.0164,P011_Barbell_Back_Squats_Inclination_Asymmetry_2_01.csv,6
11,9,1,3,2,28.946,28946,-2.88,9.39,-1.39,9.9196,-0.0327,-0.0698,-0.1985,16.94,98.13,62.88,-2.7119,9.5885,-0.8512,10.001,P011_Barbell_Back_Squats_Inclination_Asymmetry_2_01.csv,6
11,9,1,3,2,29.076,29076,-4.16,10.18,-1.34,11.0785,-0.024,-0.0458,-0.2825,18.94,98.63,61.19,-2.9028,9.6665,-0.9156,10.1344,P011_Barbell_Back_Squats_Inclination_Asymmetry_2_01.csv,6
11,9,1,3,2,29.206,29206,-4.11,8.94,-1.76,9.9957,-0.012,0.0949,0.2323,19.81,98.5,60.19,-3.0618,9.5708,-1.0269,10.1009,P011_Barbell_Back_Squats_Inclination_Asymmetry_2_01.csv,6
11,9,1,3,2,29.336,29336,-2.5,10.03,-1.55,10.4524,-0.0535,0.132,0.0196,18.13,98.5,60.88,-2.9878,9.6313,-1.0958,10.1434,P011_Barbell_Back_Squats_Inclination_Asymmetry_2_01.csv,6
11,9,1,3,2,29.466,29466,-3.27,9.37,-1.22,9.9989,0.0916,0.048,-0.156,19.63,98.19,58.88,-3.025,9.5968,-1.1122,10.1236,P011_Barbell_Back_Squats_Inclination_Asymmetry_2_01.csv,7
11,9,1,3,2,29.597,29597,-3.3,8.82,-1.45,9.5281,0.0567,0.0142,0.0338,19.5,97.56,59.0,-3.0612,9.4945,-1.1567,10.0426,P011_Barbell_Back_Squats_Inclination_Asymmetry_2_01.csv,7
11,9,1,3,2,29.77,29770,-3.7,8.98,-1.27,9.7951,0.0807,-0.0251,0.2738,19.63,97.0,59.13,-3.1454,9.4267,-1.1716,10.0064,P011_Barbell_Back_Squats_Inclination_Asymmetry_2_01.csv,7
11,9,1,3,2,29.901,29901,-2.79,10.04,-0.73,10.446,0.0971,-0.0774,0.4974,16.25,96.38,63.06,-3.0986,9.5075,-1.1134,10.0615,P011_Barbell_Back_Squats_Inclination_Asymmetry_2_01.csv,7
11,9,1,3,2,30.031,30031,-2.24,7.74,-1.05,8.1257,0.1342,-0.1069,0.3556,13.31,95.5,66.94,-2.9854,9.2746,-1.1051,9.8057,P011_Barbell_Back_Squats_Inclination_Asymmetry_2_01.csv,7
11,9,1,3,2,30.162,30162,-1.58,8.62,-0.82,8.8019,0.0938,-0.0742,0.5585,10.13,94.94,71.0,-2.8002,9.1883,-1.0675,9.6647,P011_Barbell_Back_Squats_Inclination_Asymmetry_2_01.csv,7
11,9,1,3,2,30.292,30292,-0.32,9.41,-0.69,9.4407,0.1167,-0.0949,0.6785,5.31,94.06,76.56,-2.4734,9.2175,-1.0178,9.5977,P011_Barbell_Back_Squats_Inclination_Asymmetry_2_01.csv,7
11,9,1,3,2,30.423,30423,0.1,9.58,-0.69,9.6053,0.0916,-0.1593,0.2716,1.94,93.38,80.88,-2.1343,9.2653,-0.9746,9.5578,P011_Barbell_Back_Squats_Inclination_Asymmetry_2_01.csv,7
11,9,1,3,2,30.553,30553,0.02,9.64,-0.46,9.651,0.0513,-0.1625,0.2803,-0.19,92.94,84.38,-1.8504,9.3147,-0.9068,9.5399,P011_Barbell_Back_Squats_Inclination_Asymmetry_2_01.csv,7
11,10,1,3,2,30.683,30683,-0.2,9.24,-0.04,9.2423,-0.0142,-0.0513,-0.0273,-1.06,92.63,86.0,-1.6329,9.3048,-0.7925,9.4802,P011_Barbell_Back_Squats_Inclination_Asymmetry_2_01.csv,7
11,10,1,3,2,30.856,30856,0.15,9.27,-0.4,9.2798,-0.1244,0.0862,0.0644,-0.5,92.88,85.19,-1.398,9.3002,-0.7408,9.4339,P011_Barbell_Back_Squats_Inclination_Asymmetry_2_01.csv,7
11,10,1,3,2,30.991,30991,-0.08,10.11,-0.59,10.1275,-0.1942,0.1102,-0.156,0.0,94.13,83.94,-1.2243,9.407,-0.7209,9.5136,P011_Barbell_Back_Squats_Inclination_Asymmetry_2_01.csv,7
11,10,1,3,2,31.121,31121,0.13,10.19,-0.89,10.2296,-0.0785,0.1298,0.2411,-0.06,95.13,83.13,-1.0458,9.5101,-0.7432,9.5963,P011_Barbell_Back_Squats_Inclination_Asymmetry_2_01.csv,7
11,10,1,3,2,31.253,31253,0.93,9.73,-1.14,9.8406,-0.0098,0.0829,-0.0949,-1.44,95.38,83.63,-0.7855,9.5391,-0.7955,9.6044,P011_Barbell_Back_Squats_Inclination_Asymmetry_2_01.csv,7
11,10,1,3,2,31.383,31383,0.05,9.91,-1.11,9.9721,-0.0044,0.0349,-0.1342,-0.25,95.56,82.06,-0.6754,9.588,-0.837,9.6481,P011_Barbell_Back_Squats_Inclination_Asymmetry_2_01.csv,7
11,10,1,3,2,31.513,31513,0.39,9.45,-0.86,9.4971,-0.0076,0.0076,-0.0971,-0.13,95.56,81.88,-0.535,9.5698,-0.84,9.6215,P011_Barbell_Back_Squats_Inclination_Asymmetry_2_01.csv,7
11,10,1,3,2,31.644,31644,-0.73,9.0,-1.06,9.0916,-0.0131,-0.0338,-0.5269,2.13,95.69,79.63,-0.5607,9.4947,-0.869,9.5509,P011_Barbell_Back_Squats_Inclination_Asymmetry_2_01.csv,7
11,10,1,3,2,31.774,31774,-1.3,9.03,-0.94,9.1714,0.0098,-0.012,-0.0207,5.19,95.75,76.69,-0.6581,9.4335,-0.8783,9.4971,P011_Barbell_Back_Squats_Inclination_Asymmetry_2_01.csv,7
11,10,1,3,2,31.947,31947,-0.59,9.79,-0.89,9.8481,0.0087,0.0065,-0.0654,4.94,95.75,76.94,-0.6491,9.4805,-0.8799,9.5433,P011_Barbell_Back_Squats_Inclination_Asymmetry_2_01.csv,7
11,10,1,3,2,32.078,32078,-0.99,10.35,-1.03,10.4481,0.0469,0.0273,-0.4003,6.69,95.5,75.19,-0.6941,9.595,-0.8997,9.6621,P011_Barbell_Back_Squats_Inclination_Asymmetry_2_01.csv,7
11,10,1,3,2,32.209,32209,-1.45,9.83,-0.8,9.9685,0.1178,0.036,-0.3611,9.56,94.88,72.13,-0.7937,9.626,-0.8865,9.6993,P011_Barbell_Back_Squats_Inclination_Asymmetry_2_01.csv,7
11,10,1,3,2,32.339,32339,-2.13,9.24,-0.7,9.5081,0.0654,0.0578,-0.4669,12.63,94.19,68.88,-0.9698,9.5751,-0.8619,9.6626,P011_Barbell_Back_Squats_Inclination_Asymmetry_2_01.csv,7
11,10,1,3,2,32.469,32469,-2.78,8.89,-0.59,9.3332,0.036,0.072,-0.3992,15.81,93.81,65.31,-1.2083,9.4849,-0.8261,9.5971,P011_Barbell_Back_Squats_Inclination_Asymmetry_2_01.csv,7
11,10,1,3,2,32.599,32599,-2.64,8.8,-0.58,9.2058,0.0131,0.0207,-0.1745,17.88,93.56,62.88,-1.397,9.3946,-0.7937,9.531,P011_Barbell_Back_Squats_Inclination_Asymmetry_2_01.csv,7
11,10,1,3,2,32.729,32729,-3.11,9.27,-0.56,9.7938,0.0065,-0.0578,-0.0654,18.63,93.63,62.38,-1.6227,9.3782,-0.7629,9.5481,P011_Barbell_Back_Squats_Inclination_Asymmetry_2_01.csv,7
11,10,1,3,2,32.859,32859,-3.15,9.37,-0.81,9.9184,-0.036,-0.0742,0.0676,18.44,93.88,63.0,-1.824,9.3771,-0.7691,9.5838,P011_Barbell_Back_Squats_Inclination_Asymmetry_2_01.csv,7
11,10,1,3,2,33.032,33032,-3.48,9.88,-0.65,10.4951,-0.0491,-0.0665,-0.1767,19.31,94.81,62.5,-2.0422,9.4434,-0.7534,9.691,P011_Barbell_Back_Squats_Inclination_Asymmetry_2_01.csv,7
11,10,1,3,2,33.162,33162,-3.14,9.57,-0.85,10.1078,0.0513,-0.1058,0.1287,19.0,94.94,63.44,-2.1868,9.4601,-0.7661,9.7397,P011_Barbell_Back_Squats_Inclination_Asymmetry_2_01.csv,7
11,10,1,3,2,33.292,33292,-3.67,9.47,-0.98,10.2034,0.0273,-0.0971,-0.0055,18.56,94.94,64.69,-2.3823,9.4614,-0.7943,9.789,P011_Barbell_Back_Squats_Inclination_Asymmetry_2_01.csv,7
11,10,1,3,2,33.422,33422,-4.0,9.5,-1.07,10.3632,-0.0011,0.0218,0.0927,18.69,94.94,64.88,-2.5955,9.4665,-0.8306,9.8509,P011_Barbell_Back_Squats_Inclination_Asymmetry_2_01.csv,7
11,10,1,3,2,33.552,33552,-3.04,9.19,-0.96,9.7272,-0.084,0.1091,0.0,18.63,95.06,64.25,-2.654,9.43,-0.8477,9.833,P011_Barbell_Back_Squats_Inclination_Asymmetry_2_01.csv,7
11,10,1,3,2,33.682,33682,-3.13,9.41,-0.89,9.9568,-0.0851,0.1418,-0.1145,19.06,95.38,62.75,-2.7168,9.4274,-0.8533,9.8481,P011_Barbell_Back_Squats_Inclination_Asymmetry_2_01.csv,7
11,10,1,3,2,33.812,33812,-3.08,9.76,-0.97,10.2803,-0.0524,0.0993,0.0196,19.31,95.5,61.5,-2.7646,9.4712,-0.8686,9.9046,P011_Barbell_Back_Squats_Inclination_Asymmetry_2_01.csv,7
11,10,1,3,2,33.942,33942,-3.17,10.0,-1.05,10.5428,-0.0436,0.0436,-0.1254,19.56,95.75,60.63,-2.818,9.5409,-0.8925,9.9883,P011_Barbell_Back_Squats_Inclination_Asymmetry_2_01.csv,7
11,10,1,3,2,34.115,34115,-3.96,9.38,-0.93,10.224,-0.0065,0.0327,-0.1876,21.19,95.94,58.63,-2.9685,9.5197,-0.8975,10.0121,P011_Barbell_Back_Squats_Inclination_Asymmetry_2_01.csv,7
11,10,1,3,2,34.245,34245,-3.53,9.19,-1.03,9.8984,0.0164,0.0229,0.0513,21.56,95.81,58.06,-3.0425,9.4763,-0.9149,9.9947,P011_Barbell_Back_Squats_Inclination_Asymmetry_2_01.csv,7
11,10,1,3,2,34.375,34375,-3.82,9.96,-1.18,10.7325,0.0175,-0.0469,0.0033,21.31,95.88,58.44,-3.145,9.54,-0.9499,10.0898,P011_Barbell_Back_Squats_Inclination_Asymmetry_2_01.csv,7
11,10,1,3,2,34.505,34505,-3.87,9.4,-0.91,10.2061,0.0949,0.0109,0.1538,21.0,95.5,59.06,-3.2405,9.5215,-0.9446,10.1021,P011_Barbell_Back_Squats_Inclination_Asymmetry_2_01.csv,7
11,10,1,3,2,34.635,34635,-3.45,8.76,-0.71,9.4416,0.1014,0.0022,0.0753,20.19,94.69,60.06,-3.2681,9.4212,-0.9137,10.0137,P011_Barbell_Back_Squats_Inclination_Asymmetry_2_01.csv,8
11,10,1,3,2,34.765,34765,-3.23,8.71,-0.47,9.3015,0.0589,-0.0327,0.4571,18.5,94.06,62.06,-3.2631,9.3275,-0.8552,9.9187,P011_Barbell_Back_Squats_Inclination_Asymmetry_2_01.csv,8
11,10,1,3,2,34.896,34896,-3.15,9.39,-0.49,9.9164,0.0687,-0.0436,0.4789,15.56,93.63,65.38,-3.2482,9.3357,-0.8071,9.9175,P011_Barbell_Back_Squats_Inclination_Asymmetry_2_01.csv,8
11,10,1,3,2,35.026,35026,-0.97,7.17,-0.15,7.2369,0.0425,-0.0807,0.685,10.56,93.13,70.94,-2.948,9.0503,-0.7205,9.5456,P011_Barbell_Back_Squats_Inclination_Asymmetry_2_01.csv,8
11,10,1,3,2,35.199,35199,-1.63,9.84,-0.65,9.9952,-0.0349,-0.0065,0.1462,8.25,93.56,73.81,-2.7743,9.1544,-0.7112,9.5919,P011_Barbell_Back_Squats_Inclination_Asymmetry_2_01.csv,8
11,10,1,3,2,35.33,35330,-0.55,9.16,-0.9,9.2205,0.0316,0.0098,0.3523,5.56,93.44,76.38,-2.4812,9.1551,-0.7361,9.5139,P011_Barbell_Back_Squats_Inclination_Asymmetry_2_01.csv,8
11,10,1,3,2,35.46,35460,-0.1,9.95,-0.56,9.9662,-0.0207,-0.0011,0.468,3.06,93.5,78.88,-2.1674,9.2599,-0.7129,9.5368,P011_Barbell_Back_Squats_Inclination_Asymmetry_2_01.csv,8
11,10,1,3,2,35.591,35591,-0.3,9.93,-0.61,9.9532,0.0,0.0153,-0.2258,2.06,93.56,79.88,-1.9213,9.3482,-0.6993,9.5692,P011_Barbell_Back_Squats_Inclination_Asymmetry_2_01.csv,8
11,10,1,3,2,35.722,35722,0.01,9.85,-0.56,9.8659,0.0185,0.0273,0.108,2.75,93.5,78.94,-1.6668,9.4143,-0.681,9.5849,P011_Barbell_Back_Squats_Inclination_Asymmetry_2_01.csv,8
11,10,1,3,2,35.852,35852,-0.32,9.7,-0.63,9.7257,0.0207,-0.0284,-0.1996,2.63,93.31,79.13,-1.4894,9.452,-0.6743,9.5923,P011_Barbell_Back_Squats_Inclination_Asymmetry_2_01.csv,8
11,10,1,3,2,35.983,35983,-0.36,9.77,-0.47,9.7879,0.0055,-0.0284,0.1811,3.0,93.31,79.0,-1.3405,9.4939,-0.6473,9.6099,P011_Barbell_Back_Squats_Inclination_Asymmetry_2_01.csv,8
11,10,1,3,2,36.113,36113,-0.09,9.65,-0.49,9.6629,0.012,-0.0415,0.0207,1.88,93.25,80.38,-1.1757,9.5144,-0.6266,9.6073,P011_Barbell_Back_Squats_Inclination_Asymmetry_2_01.csv,8
11,10,1,3,2,36.286,36286,-0.09,9.45,-0.54,9.4658,-0.036,-0.0295,0.0022,1.69,93.31,80.81,-1.0327,9.5059,-0.6152,9.5816,P011_Barbell_Back_Squats_Inclination_Asymmetry_2_01.csv,8
11,10,1,3,2,36.42,36420,-0.14,9.16,-0.51,9.1753,-0.0851,-0.0218,-0.1265,1.88,93.75,80.81,-0.915,9.4604,-0.6013,9.5235,P011_Barbell_Back_Squats_Inclination_Asymmetry_2_01.csv,8
11,10,1,3,2,36.551,36551,-1.09,8.76,-0.66,8.8522,-0.1473,0.0371,-0.3927,4.06,94.63,78.5,-0.9381,9.3681,-0.6091,9.4346,P011_Barbell_Back_Squats_Inclination_Asymmetry_2_01.csv,8
11,10,1,3,2,36.681,36681,-0.79,9.37,-0.71,9.43,-0.0884,0.0382,-0.2607,6.31,95.5,75.94,-0.9186,9.3683,-0.6224,9.4338,P011_Barbell_Back_Squats_Inclination_Asymmetry_2_01.csv,8
11,10,1,3,2,36.812,36812,-1.79,9.56,-1.13,9.7916,0.012,0.0447,-0.3851,9.25,95.56,72.69,-1.0334,9.3936,-0.6893,9.4754,P011_Barbell_Back_Squats_Inclination_Asymmetry_2_01.csv,8
11,11,1,3,2,36.942,36942,-1.59,9.41,-0.78,9.5752,0.0065,0.0644,-0.4036,11.13,95.5,70.44,-1.1068,9.3957,-0.7012,9.4867,P011_Barbell_Back_Squats_Inclination_Asymmetry_2_01.csv,8
11,11,1,3,2,37.073,37073,-3.21,8.78,-0.86,9.3879,0.0033,0.0829,-0.7309,16.88,95.44,64.13,-1.3839,9.3146,-0.7221,9.4445,P011_Barbell_Back_Squats_Inclination_Asymmetry_2_01.csv,8
11,11,1,3,2,37.204,37204,-3.23,9.21,-0.73,9.7872,0.0284,0.0709,-0.0873,19.19,95.25,61.19,-1.6272,9.3008,-0.7232,9.4697,P011_Barbell_Back_Squats_Inclination_Asymmetry_2_01.csv,8
11,11,1,3,2,37.377,37377,-3.96,8.98,-0.89,9.8546,0.0513,0.0109,-0.0044,20.56,94.75,59.81,-1.9346,9.2585,-0.7452,9.4878,P011_Barbell_Back_Squats_Inclination_Asymmetry_2_01.csv,8
11,11,1,3,2,37.507,37507,-3.26,9.27,-0.73,9.8536,-0.0349,0.0458,-0.0229,20.19,94.56,59.94,-2.1092,9.2601,-0.7432,9.5263,P011_Barbell_Back_Squats_Inclination_Asymmetry_2_01.csv,8
11,11,1,3,2,37.638,37638,-3.79,9.61,-0.93,10.3721,-0.0458,0.0076,-0.1244,21.19,94.88,58.69,-2.3307,9.3062,-0.7678,9.6243,P011_Barbell_Back_Squats_Inclination_Asymmetry_2_01.csv,8
11,11,1,3,2,37.768,37768,-3.5,9.61,-1.0,10.2763,0.0033,0.0185,0.1593,20.5,95.0,59.25,-2.4848,9.3462,-0.7984,9.7038,P011_Barbell_Back_Squats_Inclination_Asymmetry_2_01.csv,8
11,11,1,3,2,37.898,37898,-3.73,9.48,-0.96,10.2325,-0.0229,0.048,-0.1167,20.69,95.06,58.81,-2.6489,9.3638,-0.8197,9.7658,P011_Barbell_Back_Squats_Inclination_Asymmetry_2_01.csv,8
11,11,1,3,2,38.028,38028,-3.84,9.53,-0.83,10.308,-0.0284,0.0262,-0.18,21.56,95.19,57.56,-2.8058,9.3857,-0.821,9.8305,P011_Barbell_Back_Squats_Inclination_Asymmetry_2_01.csv,8
11,11,1,3,2,38.158,38158,-3.65,9.46,-0.85,10.1753,0.0087,-0.0218,0.18,21.94,95.13,57.25,-2.9171,9.3955,-0.8249,9.8725,P011_Barbell_Back_Squats_Inclination_Asymmetry_2_01.csv,8
11,11,1,3,2,38.288,38288,-3.43,9.63,-0.82,10.2554,-0.012,-0.0556,0.0109,20.88,95.31,58.56,-2.9847,9.4264,-0.8242,9.9219,P011_Barbell_Back_Squats_Inclination_Asymmetry_2_01.csv,8
11,11,1,3,2,38.461,38461,-3.93,8.96,-0.86,9.8217,0.0033,-0.06,-0.084,22.0,95.56,58.0,-3.1092,9.365,-0.8289,9.9024,P011_Barbell_Back_Squats_Inclination_Asymmetry_2_01.csv,8
11,11,1,3,2,38.592,38592,-3.68,9.17,-1.02,9.9334,0.0153,-0.0273,0.1134,21.69,95.63,58.63,-3.1845,9.3393,-0.8541,9.9041,P011_Barbell_Back_Squats_Inclination_Asymmetry_2_01.csv,8
11,11,1,3,2,38.723,38723,-4.09,9.62,-0.88,10.4903,0.0458,0.024,-0.0109,21.56,95.38,58.81,-3.3038,9.3763,-0.8575,9.9782,P011_Barbell_Back_Squats_Inclination_Asymmetry_2_01.csv,8
11,11,1,3,2,38.856,38856,-3.39,9.47,-0.81,10.091,0.0524,0.0807,0.1091,20.94,94.88,59.25,-3.3151,9.3886,-0.8513,9.993,P011_Barbell_Back_Squats_Inclination_Asymmetry_2_01.csv,8
11,11,1,3,2,38.987,38987,-3.63,9.34,-0.56,10.0362,0.0654,0.0949,-0.2945,21.81,94.25,57.88,-3.3566,9.3822,-0.8129,9.9977,P011_Barbell_Back_Squats_Inclination_Asymmetry_2_01.csv,8
11,11,1,3,2,39.12,39120,-4.15,9.51,-0.58,10.3923,0.0262,0.0665,0.1145,22.94,93.69,56.31,-3.4612,9.399,-0.7822,10.0466,P011_Barbell_Back_Squats_Inclination_Asymmetry_2_01.csv,8
11,11,1,3,2,39.25,39250,-3.12,9.16,-0.4,9.685,0.0251,-0.0065,-0.096,22.31,93.44,56.88,-3.4162,9.3675,-0.7318,9.9979,P011_Barbell_Back_Squats_Inclination_Asymmetry_2_01.csv,9
11,11,1,3,2,39.381,39381,-3.75,8.45,-0.42,9.2543,0.0251,-0.0785,-0.0109,23.06,93.25,56.63,-3.4602,9.2466,-0.6907,9.897,P011_Barbell_Back_Squats_Inclination_Asymmetry_2_01.csv,9
11,11,1,3,2,39.554,39554,-4.29,8.79,-0.81,9.8145,-0.0327,-0.0491,0.0894,23.31,93.69,57.06,-3.5695,9.1865,-0.7065,9.8809,P011_Barbell_Back_Squats_Inclination_Asymmetry_2_01.csv,9
11,11,1,3,2,39.684,39684,-4.45,9.68,-0.69,10.6762,0.024,-0.0349,0.1789,22.5,94.0,58.06,-3.6856,9.2515,-0.7043,9.9835,P011_Barbell_Back_Squats_Inclination_Asymmetry_2_01.csv,9
11,11,1,3,2,39.814,39814,-3.56,8.78,-0.46,9.4854,0.0687,-0.0098,0.5291,19.56,93.5,61.25,-3.669,9.1894,-0.6721,9.9176,P011_Barbell_Back_Squats_Inclination_Asymmetry_2_01.csv,9
11,11,1,3,2,39.944,39944,-2.92,8.33,-0.66,8.8516,-0.0011,0.0065,0.42,16.19,93.25,64.75,-3.5703,9.0761,-0.6705,9.7761,P011_Barbell_Back_Squats_Inclination_Asymmetry_2_01.csv,9
11,11,1,3,2,40.074,40074,-1.82,7.96,0.0,8.1654,0.0044,0.0218,0.5836,12.81,93.25,68.0,-3.3397,8.929,-0.5821,9.5509,P011_Barbell_Back_Squats_Inclination_Asymmetry_2_01.csv,9
11,11,1,3,2,40.204,40204,-0.94,8.62,-0.26,8.675,0.0262,0.0109,0.4669,9.25,93.06,71.5,-3.0235,8.8883,-0.5397,9.404,P011_Barbell_Back_Squats_Inclination_Asymmetry_2_01.csv,9
11,11,1,3,2,40.335,40335,-0.01,9.47,-0.65,9.4923,-0.0109,-0.0251,0.4625,5.25,92.94,75.56,-2.6264,8.965,-0.5542,9.3582,P011_Barbell_Back_Squats_Inclination_Asymmetry_2_01.csv,9
11,11,1,3,2,40.465,40465,-0.45,9.47,-0.25,9.484,-0.0611,-0.0153,-0.2236,4.31,93.38,76.63,-2.3396,9.0315,-0.5141,9.3438,P011_Barbell_Back_Squats_Inclination_Asymmetry_2_01.csv,9
11,12,1,3,2,40.638,40638,-0.51,9.74,-0.37,9.7604,-0.024,0.0273,0.2367,5.0,93.75,75.88,-2.0985,9.1249,-0.4951,9.3762,P011_Barbell_Back_Squats_Inclination_Asymmetry_2_01.csv,9
11,12,1,3,2,40.768,40768,-0.71,9.83,-0.6,9.8739,0.0098,0.0142,-0.0774,4.44,93.69,76.25,-1.9155,9.2178,-0.509,9.4285,P011_Barbell_Back_Squats_Inclination_Asymmetry_2_01.csv,9
11,12,1,3,2,40.898,40898,-0.45,9.54,-0.49,9.5632,0.0229,0.0338,0.2062,3.88,93.5,76.63,-1.7224,9.2603,-0.5065,9.4327,P011_Barbell_Back_Squats_Inclination_Asymmetry_2_01.csv,9
11,12,1,3,2,41.028,41028,-0.21,9.6,-0.44,9.6124,-0.0065,0.0153,-0.0851,3.13,93.44,77.25,-1.5231,9.305,-0.4977,9.442,P011_Barbell_Back_Squats_Inclination_Asymmetry_2_01.csv,9
11,12,1,3,2,41.158,41158,-0.68,9.56,-0.42,9.5934,-0.0229,0.0098,-0.0436,3.69,93.56,76.56,-1.412,9.3386,-0.4875,9.4573,P011_Barbell_Back_Squats_Inclination_Asymmetry_2_01.csv,9
11,12,1,3,2,41.288,41288,-0.31,9.73,-0.44,9.7449,0.0,0.0164,-0.12,3.88,93.5,76.31,-1.2668,9.3902,-0.4812,9.4875,P011_Barbell_Back_Squats_Inclination_Asymmetry_2_01.csv,9
11,12,1,3,2,41.418,41418,-0.65,9.66,-0.54,9.6969,-0.0055,-0.0055,-0.2214,4.88,93.38,75.25,-1.1855,9.4258,-0.489,9.5126,P011_Barbell_Back_Squats_Inclination_Asymmetry_2_01.csv,9
11,12,1,3,2,41.568,41568,-0.81,8.62,-0.48,8.6713,0.0153,-0.036,-0.5181,7.5,93.38,72.81,-1.136,9.3196,-0.4878,9.4012,P011_Barbell_Back_Squats_Inclination_Asymmetry_2_01.csv,9
11,12,1,3,2,41.741,41741,-2.46,8.85,-0.44,9.1961,-0.0175,-0.0622,-0.0164,12.0,93.44,68.88,-1.3105,9.2577,-0.4815,9.3624,P011_Barbell_Back_Squats_Inclination_Asymmetry_2_01.csv,9
11,12,1,3,2,41.871,41871,-2.47,8.85,-0.73,9.2172,-0.0829,-0.0055,-0.2018,13.13,93.94,67.88,-1.4633,9.204,-0.5142,9.3337,P011_Barbell_Back_Squats_Inclination_Asymmetry_2_01.csv,9
11,12,1,3,2,42.001,42001,-2.04,9.03,-0.43,9.2675,-0.0676,0.0818,-0.1538,14.31,94.5,66.19,-1.5393,9.181,-0.5031,9.3228,P011_Barbell_Back_Squats_Inclination_Asymmetry_2_01.csv,9
11,13,1,3,2,42.131,42131,-2.03,9.09,-0.72,9.3417,-0.0185,0.0447,-0.2629,15.69,94.56,64.25,-1.6039,9.169,-0.5317,9.3235,P011_Barbell_Back_Squats_Inclination_Asymmetry_2_01.csv,9
11,13,1,3,2,42.261,42261,-3.5,8.76,-1.02,9.4883,-0.0371,0.0076,-0.4134,18.13,94.75,61.69,-1.8538,9.1151,-0.5961,9.3208,P011_Barbell_Back_Squats_Inclination_Asymmetry_2_01.csv,9
11,13,1,3,2,42.392,42392,-3.7,9.05,-0.95,9.8232,-0.0829,0.0589,-0.0818,20.19,95.25,59.19,-2.0971,9.1066,-0.6427,9.367,P011_Barbell_Back_Squats_Inclination_Asymmetry_2_01.csv,9
11,13,1,3,2,42.522,42522,-3.55,9.25,-0.97,9.9552,-0.0873,0.0644,-0.2607,21.69,95.81,57.0,-2.2885,9.1255,-0.6858,9.433,P011_Barbell_Back_Squats_Inclination_Asymmetry_2_01.csv,9
11,13,1,3,2,42.652,42652,-4.03,9.45,-0.7,10.2973,0.0055,0.0807,-0.1353,23.19,96.0,54.88,-2.518,9.1682,-0.6877,9.5326,P011_Barbell_Back_Squats_Inclination_Asymmetry_2_01.csv,9
11,13,1,3,2,42.825,42825,-3.95,9.07,-1.11,9.9549,0.0404,-0.0251,-0.2138,24.19,95.63,53.69,-2.7067,9.1553,-0.7433,9.5759,P011_Barbell_Back_Squats_Inclination_Asymmetry_2_01.csv,9
11,13,1,3,2,42.956,42956,-4.83,8.91,-0.89,10.1739,0.0142,-0.0644,-0.0742,25.56,95.75,52.75,-2.9865,9.123,-0.7627,9.6296,P011_Barbell_Back_Squats_Inclination_Asymmetry_2_01.csv,9
11,13,1,3,2,43.086,43086,-4.25,8.66,-1.12,9.7115,0.0153,-0.06,0.1298,25.13,95.81,53.56,-3.153,9.062,-0.8098,9.6289,P011_Barbell_Back_Squats_Inclination_Asymmetry_2_01.csv,9
11,13,1,3,2,43.216,43216,-4.03,9.53,-0.94,10.3897,0.0578,-0.06,0.2836,23.31,95.75,55.88,-3.2686,9.1236,-0.8269,9.7267,P011_Barbell_Back_Squats_Inclination_Asymmetry_2_01.csv,9
11,13,1,3,2,43.346,43346,-4.0,9.04,-0.74,9.9131,0.0654,-0.0502,0.036,22.94,95.38,56.81,-3.365,9.1126,-0.8155,9.7482,P011_Barbell_Back_Squats_Inclination_Asymmetry_2_01.csv,9
11,13,1,3,2,43.476,43476,-3.6,8.66,-0.79,9.4117,0.0316,-0.0251,-0.0611,22.5,95.06,57.69,-3.3959,9.053,-0.8121,9.703,P011_Barbell_Back_Squats_Inclination_Asymmetry_2_01.csv,10
11,13,1,3,2,43.606,43606,-3.73,8.74,-0.62,9.5229,0.0207,0.0044,-0.1004,23.19,95.0,57.13,-3.44,9.0117,-0.7868,9.678,P011_Barbell_Back_Squats_Inclination_Asymmetry_2_01.csv,10
11,13,1,3,2,43.736,43736,-4.12,8.42,-0.67,9.3979,0.012,0.0316,-0.1014,23.94,94.81,56.31,-3.5296,8.9338,-0.7714,9.6366,P011_Barbell_Back_Squats_Inclination_Asymmetry_2_01.csv,10
11,13,1,3,2,43.909,43909,-3.87,9.19,-0.74,9.999,-0.0131,0.0458,0.072,24.06,94.56,55.75,-3.5744,8.9675,-0.7673,9.6841,P011_Barbell_Back_Squats_Inclination_Asymmetry_2_01.csv,10
11,13,1,3,2,44.039,44039,-4.64,9.71,-0.73,10.7864,-0.0153,0.048,-0.2094,24.88,94.63,54.56,-3.7148,9.0654,-0.7624,9.8266,P011_Barbell_Back_Squats_Inclination_Asymmetry_2_01.csv,10
11,13,1,3,2,44.169,44169,-4.26,9.1,-0.78,10.078,0.0316,0.0349,0.0262,25.5,94.38,53.63,-3.7867,9.0699,-0.7647,9.8584,P011_Barbell_Back_Squats_Inclination_Asymmetry_2_01.csv,10
11,13,1,3,2,44.299,44299,-4.02,8.74,-0.56,9.6365,-0.0404,0.0404,-0.2607,26.0,94.31,52.94,-3.8174,9.0264,-0.7377,9.8282,P011_Barbell_Back_Squats_Inclination_Asymmetry_2_01.csv,10
11,13,1,3,2,44.429,44429,-5.02,8.93,-0.68,10.2668,-0.0055,0.0076,-0.1484,28.31,94.44,50.44,-3.9759,9.0137,-0.7301,9.8787,P011_Barbell_Back_Squats_Inclination_Asymmetry_2_01.csv,10
11,13,1,3,2,44.559,44559,-5.25,8.67,-0.78,10.1656,0.0229,-0.0349,-0.0033,28.5,94.44,50.38,-4.1438,8.9684,-0.7367,9.9069,P011_Barbell_Back_Squats_Inclination_Asymmetry_2_01.csv,10
11,13,1,3,2,44.69,44690,-4.84,8.57,-0.8,9.8747,-0.024,0.0087,0.2443,27.81,94.5,51.19,-4.2355,8.9159,-0.745,9.8989,P011_Barbell_Back_Squats_Inclination_Asymmetry_2_01.csv,10
11,13,1,3,2,44.82,44820,-4.37,8.37,-0.85,9.4803,-0.0393,-0.0207,0.0044,27.0,94.75,51.81,-4.2533,8.844,-0.7589,9.8429,P011_Barbell_Back_Squats_Inclination_Asymmetry_2_01.csv,10
11,13,1,3,2,44.993,44993,-4.22,8.69,-0.68,9.6844,0.0044,-0.0022,0.4156,24.94,95.06,53.94,-4.2489,8.8237,-0.7485,9.822,P011_Barbell_Back_Squats_Inclination_Asymmetry_2_01.csv,10
11,13,1,3,2,45.124,45124,-3.47,8.57,-1.04,9.3042,0.0578,0.0196,0.5258,21.94,94.75,56.94,-4.1462,8.7903,-0.7869,9.7509,P011_Barbell_Back_Squats_Inclination_Asymmetry_2_01.csv,10
11,13,1,3,2,45.255,45255,-2.33,7.41,-0.06,7.7679,0.1156,-0.0033,0.3643,18.63,93.94,60.5,-3.9069,8.6084,-0.6911,9.4787,P011_Barbell_Back_Squats_Inclination_Asymmetry_2_01.csv,10
11,13,1,3,2,45.385,45385,-1.81,8.84,-0.46,9.0351,0.0764,-0.0458,0.8072,14.13,93.13,65.38,-3.6306,8.6389,-0.6606,9.3941,P011_Barbell_Back_Squats_Inclination_Asymmetry_2_01.csv,10
11,13,1,3,2,45.516,45516,-1.18,8.93,-0.68,9.0333,-0.0055,-0.0513,0.2367,9.94,92.88,70.06,-3.3077,8.6773,-0.6632,9.31,P011_Barbell_Back_Squats_Inclination_Asymmetry_2_01.csv,10
11,13,1,3,2,45.646,45646,-1.66,9.48,-0.26,9.6278,-0.0873,-0.036,0.0709,9.56,93.44,70.63,-3.0905,8.783,-0.6101,9.3309,P011_Barbell_Back_Squats_Inclination_Asymmetry_2_01.csv,10
11,13,1,3,2,45.777,45777,-1.04,9.84,-0.5,9.9074,-0.0436,-0.0436,0.48,7.19,93.88,73.25,-2.8203,8.9223,-0.5956,9.3764,P011_Barbell_Back_Squats_Inclination_Asymmetry_2_01.csv,10
11,13,1,3,2,45.908,45908,-0.5,9.94,-0.6,9.9706,0.0327,-0.0229,0.1865,4.38,93.94,76.25,-2.5146,9.0564,-0.5961,9.4179,P011_Barbell_Back_Squats_Inclination_Asymmetry_2_01.csv,10
11,13,1,3,2,46.084,46084,-0.73,9.43,-0.52,9.4725,0.0207,0.0044,0.1036,4.06,93.5,76.69,-2.2794,9.1057,-0.5861,9.4049,P011_Barbell_Back_Squats_Inclination_Asymmetry_2_01.csv,10
11,13,1,3,2,46.214,46214,-0.17,9.64,-0.55,9.6572,-0.024,0.0076,-0.024,3.69,93.56,77.06,-2.0014,9.1761,-0.5814,9.4098,P011_Barbell_Back_Squats_Inclination_Asymmetry_2_01.csv,10
11,13,1,3,2,46.345,46345,-0.46,9.48,-0.67,9.5148,-0.0436,-0.0229,-0.2302,4.19,93.75,76.63,-1.7983,9.2161,-0.593,9.4086,P011_Barbell_Back_Squats_Inclination_Asymmetry_2_01.csv,10
11,13,1,3,2,46.475,46475,-1.34,9.72,-0.53,9.8262,-0.0404,-0.0065,-0.264,5.81,94.06,75.06,-1.7379,9.2825,-0.5847,9.4619,P011_Barbell_Back_Squats_Inclination_Asymmetry_2_01.csv,10
11,13,1,3,2,46.606,46606,-1.23,9.41,-0.68,9.5144,-0.0229,0.0044,-0.2203,7.75,94.25,73.13,-1.671,9.2993,-0.5973,9.4671,P011_Barbell_Back_Squats_Inclination_Asymmetry_2_01.csv,10
11,13,1,3,2,46.737,46737,-1.75,8.54,-0.63,8.7402,-0.0153,0.0065,-0.4429,10.06,94.44,70.75,-1.6814,9.1993,-0.6016,9.371,P011_Barbell_Back_Squats_Inclination_Asymmetry_2_01.csv,10
11,13,1,3,2,46.867,46867,-2.72,8.43,-0.48,8.8709,-0.1036,0.0458,-0.2105,12.75,94.88,67.81,-1.8183,9.0979,-0.5856,9.2963,P011_Barbell_Back_Squats_Inclination_Asymmetry_2_01.csv,10
11,13,1,3,2,46.997,46997,-2.03,8.83,-0.6,9.0802,-0.132,0.0753,0.0742,13.56,95.56,66.25,-1.8462,9.0626,-0.5875,9.2674,P011_Barbell_Back_Squats_Inclination_Asymmetry_2_01.csv,10
11,14,1,3,2,47.17,47170,-1.51,9.26,-1.16,9.4537,-0.1724,-0.0469,-0.0949,13.13,97.0,66.25,-1.8019,9.0886,-0.6629,9.2892,P011_Barbell_Back_Squats_Inclination_Asymmetry_2_01.csv,10
11,14,1,3,2,47.3,47300,-3.16,9.13,-1.54,9.7834,-0.1484,-0.0022,-0.5945,16.25,98.31,63.0,-1.9808,9.0941,-0.7785,9.3398,P011_Barbell_Back_Squats_Inclination_Asymmetry_2_01.csv,10
11,14,1,3,2,47.43,47430,-2.91,9.32,-1.62,9.8972,-0.108,0.0033,-0.348,19.13,99.44,59.63,-2.1033,9.1238,-0.8894,9.4053,P011_Barbell_Back_Squats_Inclination_Asymmetry_2_01.csv,10
11,14,1,3,2,47.56,47560,-3.95,8.96,-1.67,9.9334,-0.012,-0.0513,-0.3545,22.06,100.13,56.63,-2.3466,9.1022,-0.9922,9.4521,P011_Barbell_Back_Squats_Inclination_Asymmetry_2_01.csv,10
11,14,1,3,2,47.69,47690,-3.8,8.83,-1.68,9.7587,0.0098,-0.024,-0.0196,22.88,100.31,56.06,-2.5381,9.0664,-1.0829,9.477,P011_Barbell_Back_Squats_Inclination_Asymmetry_2_01.csv,10
11,14,1,3,2,47.82,47820,-4.11,9.13,-1.69,10.1541,0.0229,-0.0109,-0.1745,23.94,100.38,55.25,-2.7453,9.0748,-1.1629,9.552,P011_Barbell_Back_Squats_Inclination_Asymmetry_2_01.csv,10
11,14,1,3,2,47.951,47951,-4.47,9.3,-1.66,10.4511,0.0993,0.0665,-0.108,24.88,99.94,54.25,-2.9725,9.1044,-1.2284,9.6559,P011_Barbell_Back_Squats_Inclination_Asymmetry_2_01.csv,10
11,14,1,3,2,48.081,48081,-4.43,8.67,-1.76,9.894,0.0327,0.0884,-0.1167,25.69,99.19,53.19,-3.1646,9.0472,-1.2984,9.6722,P011_Barbell_Back_Squats_Inclination_Asymmetry_2_01.csv,10
11,14,1,3,2,48.254,48254,-4.55,8.52,-1.17,9.7294,-0.0316,0.0567,-0.0273,26.75,99.0,51.38,-3.3472,8.9777,-1.2815,9.6667,P011_Barbell_Back_Squats_Inclination_Asymmetry_2_01.csv,10
11,14,1,3,2,48.385,48385,-4.03,8.74,-1.55,9.7484,-0.0218,-0.0185,0.0916,26.25,99.06,51.69,-3.4371,8.9464,-1.3169,9.674,P011_Barbell_Back_Squats_Inclination_Asymmetry_2_01.csv,10
11,14,1,3,2,48.515,48515,-4.87,9.0,-1.34,10.3205,0.0022,-0.0295,0.0578,25.94,99.25,52.25,-3.626,8.9535,-1.3199,9.7496,P011_Barbell_Back_Squats_Inclination_Asymmetry_2_01.csv,10
11,14,1,3,2,48.645,48645,-4.07,8.89,-1.57,9.9026,0.0164,0.0131,0.1309,25.0,99.13,53.19,-3.6845,8.9451,-1.3529,9.7683,P011_Barbell_Back_Squats_Inclination_Asymmetry_2_01.csv,10
11,14,1,3,2,48.775,48775,-4.02,8.85,-1.42,9.8234,0.0196,0.0251,-0.0622,24.81,99.0,53.31,-3.7287,8.9326,-1.3617,9.7749,P011_Barbell_Back_Squats_Inclination_Asymmetry_2_01.csv,10
11,14,1,3,2,48.905,48905,-3.96,8.64,-1.49,9.6204,0.0382,-0.0033,-0.1178,25.38,98.81,52.69,-3.7592,8.894,-1.3786,9.7537,P011_Barbell_Back_Squats_Inclination_Asymmetry_2_01.csv,10
11,14,1,3,2,49.035,49035,-4.72,8.8,-1.33,10.0741,0.0644,-0.0338,-0.0284,26.13,98.69,52.31,-3.8858,8.8816,-1.3722,9.7911,P011_Barbell_Back_Squats_Inclination_Asymmetry_2_01.csv,10
11,14,1,3,2,49.165,49165,-4.46,9.14,-1.21,10.2418,0.0927,-0.0251,0.108,25.56,98.13,53.31,-3.9614,8.9157,-1.3508,9.8492,P011_Barbell_Back_Squats_Inclination_Asymmetry_2_01.csv,10
11,14,1,3,2,49.338,49338,-4.5,9.07,-1.18,10.1935,0.0785,-0.0098,-0.0316,25.19,97.31,54.25,-4.0324,8.936,-1.3283,9.8933,P011_Barbell_Back_Squats_Inclination_Asymmetry_2_01.csv,10
11,14,1,3,2,49.468,49468,-4.23,9.26,-1.13,10.2429,0.0764,-0.0098,0.1604,24.5,96.75,55.25,-4.0585,8.9787,-1.3022,9.939,P011_Barbell_Back_Squats_Inclination_Asymmetry_2_01.csv,10
11,14,1,3,2,49.598,49598,-5.03,9.98,-1.23,11.2434,0.0535,-0.024,0.0382,23.88,96.19,56.19,-4.1865,9.1106,-1.2927,10.1095,P011_Barbell_Back_Squats_Inclination_Asymmetry_2_01.csv,10
11,14,1,3,2,49.729,49729,-3.8,8.9,-0.62,9.6971,0.1014,-0.1156,0.6752,21.19,95.88,59.63,-4.1355,9.0829,-1.204,10.0524,P011_Barbell_Back_Squats_Inclination_Asymmetry_2_01.csv,10
11,14,1,3,2,49.859,49859,-1.88,7.96,-0.94,8.2328,0.1102,-0.0982,0.4581,16.06,95.06,65.88,-3.8383,8.9349,-1.1692,9.7945,P011_Barbell_Back_Squats_Inclination_Asymmetry_2_01.csv,10
11,14,1,3,2,49.989,49989,-2.67,8.51,-0.56,8.9366,0.0404,-0.0316,0.2062,14.94,94.63,67.56,-3.6844,8.8789,-1.089,9.6745,P011_Barbell_Back_Squats_Inclination_Asymmetry_2_01.csv,10
11,14,1,3,2,50.119,50119,-2.0,9.22,-0.44,9.4447,0.0142,-0.0295,0.3872,11.81,94.5,70.81,-3.4624,8.9239,-1.0034,9.6245,P011_Barbell_Back_Squats_Inclination_Asymmetry_2_01.csv,10
11,14,1,3,2,50.249,50249,-1.44,8.39,-0.46,8.5251,0.0611,-0.0829,0.5116,9.25,94.13,73.88,-3.1959,8.8535,-0.9318,9.4587,P011_Barbell_Back_Squats_Inclination_Asymmetry_2_01.csv,10
11,14,1,3,2,50.422,50422,-0.6,9.63,-0.64,9.6699,0.1004,-0.0491,0.48,3.75,93.38,80.25,-2.8538,8.9558,-0.8934,9.4419,P011_Barbell_Back_Squats_Inclination_Asymmetry_2_01.csv,10
11,1,1,3,2,0.0,0,-0.63,9.6,0.83,9.6564,-0.0076,-0.0469,0.0785,5.0,84.63,65.5,-0.9065,9.4961,0.9307,9.5846,P011_Barbell_Back_Squats_Inclination_Asymmetry_2_02.csv,1
11,1,1,3,2,0.13,130,-0.72,9.25,0.79,9.3116,-0.0065,-0.0502,-0.1614,5.25,84.69,65.63,-0.8819,9.4637,0.9121,9.5484,P011_Barbell_Back_Squats_Inclination_Asymmetry_2_02.csv,1
11,1,1,3,2,0.26,260,-1.05,8.58,0.63,8.6669,-0.0076,-0.06,-0.2302,7.13,84.75,64.13,-0.9041,9.3473,0.875,9.4315,P011_Barbell_Back_Squats_Inclination_Asymmetry_2_02.csv,1
11,1,1,3,2,0.433,433,-1.99,8.83,0.81,9.0876,-0.0327,-0.1047,-0.384,9.38,85.13,62.63,-1.0472,9.2791,0.8664,9.3781,P011_Barbell_Back_Squats_Inclination_Asymmetry_2_02.csv,1
11,1,1,3,2,0.564,564,-2.13,9.34,0.77,9.6107,0.0185,-0.0349,0.0338,10.5,85.25,62.0,-1.1899,9.2871,0.8537,9.4019,P011_Barbell_Back_Squats_Inclination_Asymmetry_2_02.csv,1
11,1,1,3,2,0.694,694,-1.44,9.4,0.9,9.5522,-0.0055,-0.0295,0.0142,9.69,85.19,63.0,-1.2228,9.302,0.8598,9.4213,P011_Barbell_Back_Squats_Inclination_Asymmetry_2_02.csv,1
11,1,1,3,2,0.824,824,-1.84,9.66,0.67,9.8565,0.048,-0.0076,-0.18,9.94,85.06,62.88,-1.3042,9.3492,0.8348,9.4765,P011_Barbell_Back_Squats_Inclination_Asymmetry_2_02.csv,1
11,1,1,3,2,0.955,955,-1.54,8.94,0.79,9.106,0.0644,0.0044,-0.1091,10.06,84.56,62.88,-1.3352,9.2953,0.8289,9.4272,P011_Barbell_Back_Squats_Inclination_Asymmetry_2_02.csv,1
11,1,1,3,2,1.085,1085,-1.61,9.64,0.95,9.8196,-0.012,0.0087,-0.0153,10.25,84.38,62.63,-1.3714,9.3407,0.8448,9.4786,P011_Barbell_Back_Squats_Inclination_Asymmetry_2_02.csv,1
11,1,1,3,2,1.216,1216,-1.67,9.91,0.99,10.0984,0.0065,0.0033,-0.2651,10.56,84.31,62.31,-1.4108,9.4157,0.864,9.5599,P011_Barbell_Back_Squats_Inclination_Asymmetry_2_02.csv,1
11,1,1,3,2,1.346,1346,-1.19,8.82,1.04,8.9605,0.0393,-0.0404,-0.0175,12.19,84.13,60.81,-1.3817,9.3372,0.8872,9.4805,P011_Barbell_Back_Squats_Inclination_Asymmetry_2_02.csv,1
11,1,1,3,2,1.519,1519,-2.43,9.23,0.86,9.5832,0.0425,-0.0938,-0.4232,13.38,83.94,60.31,-1.5198,9.3231,0.8836,9.4874,P011_Barbell_Back_Squats_Inclination_Asymmetry_2_02.csv,1
11,1,1,3,2,1.654,1654,-3.07,8.03,0.76,8.6304,0.0185,-0.0382,0.072,15.13,83.81,59.19,-1.7241,9.1527,0.8673,9.3539,P011_Barbell_Back_Squats_Inclination_Asymmetry_2_02.csv,1
11,1,1,3,2,1.785,1785,-3.23,9.22,0.7,9.7945,-0.024,-0.0382,0.084,15.19,83.94,59.31,-1.9225,9.1616,0.8453,9.3992,P011_Barbell_Back_Squats_Inclination_Asymmetry_2_02.csv,1
11,1,1,3,2,1.915,1915,-2.46,10.57,1.33,10.9337,-0.0229,-0.0251,0.3153,12.38,84.19,62.44,-1.9934,9.3472,0.9091,9.6005,P011_Barbell_Back_Squats_Inclination_Asymmetry_2_02.csv,1
11,1,1,3,2,2.046,2046,-2.03,10.33,1.0,10.575,-0.0905,-0.1167,-0.3894,12.56,84.69,62.56,-1.9982,9.4767,0.9211,9.7287,P011_Barbell_Back_Squats_Inclination_Asymmetry_2_02.csv,1
11,1,1,3,2,2.176,2176,-2.28,9.68,0.66,9.9668,-0.0742,-0.1604,0.2651,13.06,85.56,63.06,-2.0353,9.5035,0.8867,9.7593,P011_Barbell_Back_Squats_Inclination_Asymmetry_2_02.csv,1
11,1,1,3,2,2.307,2307,-2.01,10.21,0.38,10.4129,-0.0404,-0.0687,0.18,11.25,86.25,65.5,-2.032,9.5966,0.8199,9.8435,P011_Barbell_Back_Squats_Inclination_Asymmetry_2_02.csv,1
11,1,1,3,2,2.437,2437,-1.96,9.94,0.44,10.1409,0.0676,-0.0131,-0.2051,11.06,86.19,66.0,-2.0225,9.6418,0.7699,9.8817,P011_Barbell_Back_Squats_Inclination_Asymmetry_2_02.csv,1
11,1,1,3,2,2.61,2610,-1.84,8.84,0.82,9.0666,0.1124,0.036,0.3392,11.5,85.19,65.56,-1.9985,9.5362,0.7765,9.7742,P011_Barbell_Back_Squats_Inclination_Asymmetry_2_02.csv,1
11,1,1,3,2,2.74,2740,-1.1,9.28,0.99,9.3973,0.0993,-0.0109,0.3272,9.06,84.5,68.0,-1.8801,9.5024,0.8046,9.72,P011_Barbell_Back_Squats_Inclination_Asymmetry_2_02.csv,1
11,1,1,3,2,2.87,2870,-1.32,8.9,0.91,9.0433,0.0065,-0.0502,0.1942,7.44,84.06,70.0,-1.8063,9.423,0.8185,9.6294,P011_Barbell_Back_Squats_Inclination_Asymmetry_2_02.csv,1
11,1,1,3,2,3.0,3000,-0.54,9.18,1.02,9.2523,-0.0545,-0.0327,0.2662,4.94,84.31,72.75,-1.6394,9.391,0.845,9.5704,P011_Barbell_Back_Squats_Inclination_Asymmetry_2_02.csv,1
11,1,1,3,2,3.13,3130,-0.55,9.57,0.95,9.6328,-0.0764,-0.012,0.156,4.06,84.75,73.75,-1.4958,9.4146,0.8589,9.5713,P011_Barbell_Back_Squats_Inclination_Asymmetry_2_02.csv,1
11,1,1,3,2,3.26,3260,-0.57,9.65,0.61,9.686,-0.0753,-0.0164,0.1276,3.19,85.38,74.69,-1.3738,9.4456,0.8261,9.5807,P011_Barbell_Back_Squats_Inclination_Asymmetry_2_02.csv,1
11,1,1,3,2,3.39,3390,-0.44,8.12,0.62,8.1555,0.024,-0.0153,-0.3392,3.5,85.63,73.94,-1.2508,9.2709,0.7989,9.389,P011_Barbell_Back_Squats_Inclination_Asymmetry_2_02.csv,1
11,1,1,3,2,3.52,3520,-0.57,9.81,0.61,9.8455,0.1091,0.0175,0.5956,3.0,85.06,74.31,-1.1611,9.342,0.774,9.4456,P011_Barbell_Back_Squats_Inclination_Asymmetry_2_02.csv,1
11,1,1,3,2,3.693,3693,-0.85,9.42,0.89,9.5001,0.0371,0.0164,-0.096,3.69,84.31,73.5,-1.1201,9.3522,0.7893,9.4521,P011_Barbell_Back_Squats_Inclination_Asymmetry_2_02.csv,1
11,1,1,3,2,3.824,3824,-0.71,9.16,0.85,9.2267,0.0022,0.0469,0.0109,3.0,84.19,73.88,-1.066,9.3269,0.7973,9.4214,P011_Barbell_Back_Squats_Inclination_Asymmetry_2_02.csv,1
11,1,1,3,2,3.954,3954,0.33,9.81,0.83,9.8506,-0.0196,0.0262,0.1014,2.19,84.31,74.19,-0.8821,9.3906,0.8016,9.4659,P011_Barbell_Back_Squats_Inclination_Asymmetry_2_02.csv,1
11,1,1,3,2,4.085,4085,0.87,8.87,1.07,8.9766,0.0513,-0.0993,0.0295,1.13,84.25,75.25,-0.6512,9.322,0.837,9.3821,P011_Barbell_Back_Squats_Inclination_Asymmetry_2_02.csv,1
11,1,1,3,2,4.216,4216,2.1,9.77,0.94,10.0373,0.0295,-0.1625,0.601,0.56,84.06,76.75,-0.2887,9.381,0.8506,9.4239,P011_Barbell_Back_Squats_Inclination_Asymmetry_2_02.csv,1
11,1,1,3,2,4.349,4349,-1.53,9.06,1.08,9.2515,0.072,-0.0785,0.0807,4.19,83.75,73.94,-0.4522,9.3387,0.8808,9.3911,P011_Barbell_Back_Squats_Inclination_Asymmetry_2_02.csv,1
11,1,1,3,2,4.48,4480,-0.45,8.7,0.77,8.7456,0.0098,-0.036,-0.4145,5.88,83.31,72.69,-0.4519,9.2545,0.8662,9.306,P011_Barbell_Back_Squats_Inclination_Asymmetry_2_02.csv,1
11,1,1,3,2,4.613,4613,-1.36,8.73,1.41,8.9471,-0.0218,-0.0305,-0.5389,9.88,83.5,69.0,-0.5716,9.1854,0.9379,9.2509,P011_Barbell_Back_Squats_Inclination_Asymmetry_2_02.csv,1
11,1,1,3,2,4.786,4786,-4.16,8.17,0.56,9.1852,-0.0545,0.0044,-0.6796,16.94,83.5,62.13,-1.0445,9.0516,0.8881,9.1549,P011_Barbell_Back_Squats_Inclination_Asymmetry_2_02.csv,1
11,2,1,3,2,4.916,4916,-3.91,9.3,1.25,10.1657,-0.0273,0.1276,-0.0262,17.63,83.69,61.63,-1.4221,9.0843,0.9358,9.2425,P011_Barbell_Back_Squats_Inclination_Asymmetry_2_02.csv,2
11,2,1,3,2,5.046,5046,-3.23,9.49,0.9,10.0649,-0.0633,0.1331,-0.0676,17.56,83.69,61.25,-1.6603,9.1378,0.931,9.334,P011_Barbell_Back_Squats_Inclination_Asymmetry_2_02.csv,2
11,2,1,3,2,5.176,5176,-3.12,9.18,0.86,9.7338,-0.0382,0.1047,-0.0076,17.69,83.88,60.31,-1.8527,9.1434,0.9217,9.3746,P011_Barbell_Back_Squats_Inclination_Asymmetry_2_02.csv,2
11,2,1,3,2,5.306,5306,-2.35,9.05,0.81,9.3852,0.0098,0.0611,0.3622,16.56,84.0,61.13,-1.9182,9.1311,0.907,9.3743,P011_Barbell_Back_Squats_Inclination_Asymmetry_2_02.csv,2
11,2,1,3,2,5.436,5436,-2.34,9.83,0.83,10.1387,0.0611,0.0415,0.0535,15.38,83.75,62.25,-1.9738,9.2232,0.8968,9.4745,P011_Barbell_Back_Squats_Inclination_Asymmetry_2_02.csv,2
11,2,1,3,2,5.566,5566,-2.66,9.91,1.17,10.3273,0.2443,0.0556,-0.012,15.81,82.5,61.75,-2.0642,9.3137,0.9328,9.5852,P011_Barbell_Back_Squats_Inclination_Asymmetry_2_02.csv,2
11,2,1,3,2,5.696,5696,-2.43,8.69,1.58,9.1606,0.2771,0.0305,-0.2269,15.94,80.38,61.75,-2.1124,9.2315,1.0181,9.5247,P011_Barbell_Back_Squats_Inclination_Asymmetry_2_02.csv,2
11,2,1,3,2,5.869,5869,-3.17,9.39,2.06,10.1225,0.1353,-0.0316,0.2203,15.69,78.5,62.5,-2.2518,9.2524,1.1554,9.5923,P011_Barbell_Back_Squats_Inclination_Asymmetry_2_02.csv,2
11,2,1,3,2,5.999,5999,-2.52,8.62,2.02,9.2052,0.108,-0.0709,0.0327,14.63,77.75,64.25,-2.2871,9.169,1.2693,9.5349,P011_Barbell_Back_Squats_Inclination_Asymmetry_2_02.csv,2
11,2,1,3,2,6.129,6129,-2.12,8.48,1.92,8.9494,0.0284,-0.0556,0.1222,14.25,77.38,65.25,-2.2651,9.0782,1.3551,9.4542,P011_Barbell_Back_Squats_Inclination_Asymmetry_2_02.csv,2
11,2,1,3,2,6.259,6259,-3.74,8.29,2.17,9.3499,0.0164,-0.0284,-0.4636,16.19,77.13,63.63,-2.4594,8.9744,1.4625,9.4195,P011_Barbell_Back_Squats_Inclination_Asymmetry_2_02.csv,2
11,2,1,3,2,6.389,6389,-2.8,8.26,2.05,8.9594,-0.0971,0.0502,0.1811,15.88,77.38,63.75,-2.5043,8.8802,1.5399,9.3542,P011_Barbell_Back_Squats_Inclination_Asymmetry_2_02.csv,2
11,2,1,3,2,6.519,6519,-2.35,9.94,2.14,10.4358,-0.0622,0.0611,-0.0065,14.44,78.0,64.56,-2.484,9.0199,1.619,9.4947,P011_Barbell_Back_Squats_Inclination_Asymmetry_2_02.csv,2
11,2,1,3,2,6.649,6649,-3.28,9.49,1.88,10.2153,0.0065,-0.0218,0.0829,15.44,78.0,63.44,-2.5889,9.0818,1.6534,9.5873,P011_Barbell_Back_Squats_Inclination_Asymmetry_2_02.csv,2
11,2,1,3,2,6.779,6779,-3.43,9.77,2.0,10.546,-0.0076,0.0044,-0.1549,15.69,78.06,63.38,-2.6997,9.1725,1.699,9.7114,P011_Barbell_Back_Squats_Inclination_Asymmetry_2_02.csv,2
11,2,1,3,2,6.952,6952,-2.4,8.99,2.0,9.5174,0.0055,-0.0218,-0.0894,15.5,77.94,63.44,-2.6602,9.1485,1.7387,9.6847,P011_Barbell_Back_Squats_Inclination_Asymmetry_2_02.csv,2
11,2,1,3,2,7.083,7083,-3.05,8.99,1.88,9.6777,0.0098,-0.048,0.0196,15.63,77.94,63.63,-2.7116,9.1276,1.7573,9.6826,P011_Barbell_Back_Squats_Inclination_Asymmetry_2_02.csv,2
11,2,1,3,2,7.213,7213,-2.44,9.57,2.32,10.145,0.0022,0.0087,-0.0796,14.88,78.0,64.5,-2.6758,9.1859,1.8315,9.7414,P011_Barbell_Back_Squats_Inclination_Asymmetry_2_02.csv,2
11,2,1,3,2,7.344,7344,-2.87,9.3,2.1,9.9568,-0.0327,-0.0098,0.0818,16.06,78.0,63.25,-2.7014,9.2009,1.8669,9.7693,P011_Barbell_Back_Squats_Inclination_Asymmetry_2_02.csv,2
11,2,1,3,2,7.475,7475,-3.28,9.16,1.77,9.8892,-0.0927,-0.0131,0.0338,16.13,78.56,63.19,-2.7776,9.1955,1.8541,9.7832,P011_Barbell_Back_Squats_Inclination_Asymmetry_2_02.csv,2
11,2,1,3,2,7.605,7605,-2.99,9.52,1.64,10.1124,-0.0742,0.0382,0.1789,15.44,79.25,63.69,-2.8056,9.2383,1.8259,9.8261,P011_Barbell_Back_Squats_Inclination_Asymmetry_2_02.csv,2
11,2,1,3,2,7.736,7736,-3.06,9.48,1.74,10.1124,-0.0393,0.0905,0.1985,14.88,79.56,63.81,-2.8391,9.2701,1.8146,9.8635,P011_Barbell_Back_Squats_Inclination_Asymmetry_2_02.csv,2
11,2,1,3,2,7.866,7866,-2.07,9.11,1.66,9.4886,-0.0633,0.0753,0.3185,12.56,79.81,65.5,-2.7378,9.249,1.7942,9.8112,P011_Barbell_Back_Squats_Inclination_Asymmetry_2_02.csv,2
11,2,1,3,2,8.039,8039,-1.11,9.13,1.53,9.3236,-0.0862,0.0447,0.324,9.06,80.56,68.31,-2.5233,9.2334,1.7594,9.7323,P011_Barbell_Back_Squats_Inclination_Asymmetry_2_02.csv,2
11,2,1,3,2,8.173,8173,-0.94,8.09,1.53,8.2869,-0.0753,0.0262,0.2443,7.19,81.13,69.94,-2.3147,9.0827,1.7292,9.5311,P011_Barbell_Back_Squats_Inclination_Asymmetry_2_02.csv,2
11,2,1,3,2,8.304,8304,-0.83,8.12,1.32,8.2684,-0.1724,0.0676,0.06,5.63,81.94,70.44,-2.119,8.9558,1.6752,9.3543,P011_Barbell_Back_Squats_Inclination_Asymmetry_2_02.csv,2
11,2,1,3,2,8.434,8434,-1.04,9.28,1.29,9.4268,-0.1353,0.0633,0.0469,5.44,82.94,69.25,-1.9768,8.9985,1.6245,9.3552,P011_Barbell_Back_Squats_Inclination_Asymmetry_2_02.csv,2
11,2,1,3,2,8.565,8565,1.39,9.74,0.96,9.8854,0.0044,0.0295,0.1298,2.0,83.31,72.25,-1.5332,9.0963,1.5369,9.3517,P011_Barbell_Back_Squats_Inclination_Asymmetry_2_02.csv,2
11,3,1,3,2,8.695,8695,-1.06,9.58,0.74,9.6668,0.0524,-0.0415,0.1156,4.88,83.19,69.06,-1.4708,9.16,1.4319,9.3872,P011_Barbell_Back_Squats_Inclination_Asymmetry_2_02.csv,3
11,3,1,3,2,8.826,8826,-0.23,9.54,1.23,9.6217,0.0644,-0.0262,0.0774,3.25,82.81,71.0,-1.3073,9.2101,1.4053,9.4079,P011_Barbell_Back_Squats_Inclination_Asymmetry_2_02.csv,3
11,3,1,3,2,8.956,8956,-0.79,9.26,1.33,9.3883,0.0644,-0.0098,-0.1462,4.31,82.44,69.88,-1.2391,9.2167,1.3954,9.4037,P011_Barbell_Back_Squats_Inclination_Asymmetry_2_02.csv,3
11,3,1,3,2,9.129,9129,-0.46,9.27,1.33,9.3762,0.0044,-0.0196,0.0785,3.63,82.06,70.63,-1.1365,9.2237,1.3868,9.3963,P011_Barbell_Back_Squats_Inclination_Asymmetry_2_02.csv,3
11,3,1,3,2,9.259,9259,-0.9,9.61,1.5,9.7679,0.0251,-0.0087,0.0229,3.75,81.94,70.5,-1.1053,9.2746,1.4017,9.4448,P011_Barbell_Back_Squats_Inclination_Asymmetry_2_02.csv,3
11,3,1,3,2,9.389,9389,-0.35,9.36,1.41,9.4721,0.0153,0.0044,0.0349,2.88,81.75,71.31,-1.0058,9.2858,1.4028,9.4449,P011_Barbell_Back_Squats_Inclination_Asymmetry_2_02.csv,3
11,3,1,3,2,9.519,9519,-0.33,9.46,1.4,9.5687,-0.0218,0.0098,0.0654,2.69,81.75,71.38,-0.9167,9.3088,1.4024,9.4584,P011_Barbell_Back_Squats_Inclination_Asymmetry_2_02.csv,3
11,3,1,3,2,9.649,9649,-0.41,9.69,1.31,9.7867,-0.0273,0.0109,-0.0284,2.56,81.94,71.25,-0.85,9.359,1.3902,9.4998,P011_Barbell_Back_Squats_Inclination_Asymmetry_2_02.csv,3
11,3,1,3,2,9.779,9779,-0.14,9.32,1.38,9.4227,-0.0055,0.0109,-0.0567,2.63,82.0,71.0,-0.7564,9.3539,1.3889,9.4866,P011_Barbell_Back_Squats_Inclination_Asymmetry_2_02.csv,3
11,3,1,3,2,9.909,9909,-1.24,9.35,1.32,9.5238,0.0305,0.0295,-0.1702,4.31,81.88,69.13,-0.8201,9.3534,1.3798,9.4901,P011_Barbell_Back_Squats_Inclination_Asymmetry_2_02.csv,3
11,3,1,3,2,10.039,10039,-0.62,8.76,1.21,8.8649,0.0022,0.0338,-0.2803,5.19,81.69,68.0,-0.7938,9.2752,1.3574,9.4075,P011_Barbell_Back_Squats_Inclination_Asymmetry_2_02.csv,3
11,3,1,3,2,10.212,10212,-0.7,9.4,1.35,9.5222,-0.0022,0.0131,-0.1647,6.25,81.75,66.75,-0.7814,9.2916,1.3565,9.4226,P011_Barbell_Back_Squats_Inclination_Asymmetry_2_02.csv,3
11,3,1,3,2,10.342,10342,-1.25,9.81,1.34,9.9797,0.132,0.0065,-0.3,8.06,81.31,64.81,-0.8431,9.3599,1.3543,9.4949,P011_Barbell_Back_Squats_Inclination_Asymmetry_2_02.csv,3
11,3,1,3,2,10.472,10472,-1.99,8.62,1.66,9.0011,0.0785,-0.0251,-0.228,10.5,80.31,62.56,-0.9943,9.2624,1.3946,9.4195,P011_Barbell_Back_Squats_Inclination_Asymmetry_2_02.csv,3
11,3,1,3,2,10.602,10602,-1.78,9.09,1.71,9.4192,-0.012,-0.0251,0.012,10.81,80.06,62.5,-1.0978,9.2397,1.4361,9.4149,P011_Barbell_Back_Squats_Inclination_Asymmetry_2_02.csv,3
11,3,1,3,2,10.732,10732,-1.73,9.5,1.48,9.769,0.0076,-0.0469,-0.1025,11.13,80.25,62.44,-1.1811,9.274,1.4419,9.4595,P011_Barbell_Back_Squats_Inclination_Asymmetry_2_02.csv,3
11,3,1,3,2,10.862,10862,-1.75,9.24,1.44,9.5139,0.0644,-0.0502,-0.0971,11.38,80.0,62.69,-1.2561,9.2695,1.4417,9.4647,P011_Barbell_Back_Squats_Inclination_Asymmetry_2_02.csv,3
11,3,1,3,2,10.992,10992,-2.4,9.31,1.81,9.7833,0.0884,-0.0044,-0.1582,12.69,79.5,61.63,-1.4068,9.2749,1.4902,9.4986,P011_Barbell_Back_Squats_Inclination_Asymmetry_2_02.csv,3
11,3,1,3,2,11.122,11122,-2.56,9.32,1.89,9.8483,0.108,0.0425,-0.1233,13.94,78.69,60.31,-1.5588,9.2808,1.5429,9.5364,P011_Barbell_Back_Squats_Inclination_Asymmetry_2_02.csv,3
11,3,1,3,2,11.295,11295,-2.95,8.85,1.92,9.5243,0.1145,0.0535,0.0971,14.69,77.44,59.38,-1.7421,9.224,1.5926,9.5212,P011_Barbell_Back_Squats_Inclination_Asymmetry_2_02.csv,3
11,3,1,3,2,11.425,11425,-2.52,8.89,2.26,9.5126,0.0087,0.0175,-0.036,14.31,77.0,59.56,-1.8446,9.18,1.6805,9.5131,P011_Barbell_Back_Squats_Inclination_Asymmetry_2_02.csv,3
11,3,1,3,2,11.555,11555,-2.51,9.08,2.14,9.6605,-0.0153,-0.0545,0.0578,14.06,77.0,60.0,-1.9323,9.1668,1.7411,9.5287,P011_Barbell_Back_Squats_Inclination_Asymmetry_2_02.csv,3
11,3,1,3,2,11.685,11685,-2.69,9.14,2.12,9.7606,-0.0109,-0.072,0.0458,13.81,77.19,60.69,-2.0321,9.1633,1.791,9.5553,P011_Barbell_Back_Squats_Inclination_Asymmetry_2_02.csv,3
11,3,1,3,2,11.815,11815,-3.03,9.22,2.2,9.9513,0.0109,-0.0371,0.0851,14.06,77.31,60.94,-2.1636,9.1708,1.8449,9.6015,P011_Barbell_Back_Squats_Inclination_Asymmetry_2_02.csv,3
11,3,1,3,2,11.945,11945,-2.52,9.53,2.13,10.085,-0.0393,0.0164,0.1724,13.44,77.38,61.63,-2.2106,9.2181,1.8825,9.6646,P011_Barbell_Back_Squats_Inclination_Asymmetry_2_02.csv,3
11,3,1,3,2,12.075,12075,-1.89,9.94,2.16,10.3461,-0.0393,-0.0131,-0.0785,12.19,77.75,62.75,-2.1683,9.3132,1.919,9.753,P011_Barbell_Back_Squats_Inclination_Asymmetry_2_02.csv,3
11,3,1,3,2,12.205,12205,-2.94,10.77,2.24,11.3866,-0.0633,-0.0687,0.0415,12.06,78.19,63.19,-2.27,9.5052,1.9613,9.9674,P011_Barbell_Back_Squats_Inclination_Asymmetry_2_02.csv,3
11,3,1,3,2,12.378,12378,-2.01,9.68,1.9,10.0674,-0.0502,-0.036,0.1167,10.63,78.94,65.06,-2.2358,9.5282,1.9533,9.98,P011_Barbell_Back_Squats_Inclination_Asymmetry_2_02.csv,3
11,3,1,3,2,12.509,12509,-1.36,9.36,1.96,9.6592,-0.0316,-0.0131,0.0284,9.44,79.31,66.31,-2.1204,9.5061,1.9541,9.9338,P011_Barbell_Back_Squats_Inclination_Asymmetry_2_02.csv,3
11,3,1,3,2,12.639,12639,-2.11,8.82,1.6,9.2089,-0.0415,0.048,-0.0262,10.13,79.44,65.5,-2.119,9.4157,1.9075,9.8378,P011_Barbell_Back_Squats_Inclination_Asymmetry_2_02.csv,3
11,3,1,3,2,12.769,12769,-1.64,9.1,1.75,9.4107,-0.1036,0.0927,0.0971,9.63,79.94,65.38,-2.0559,9.3741,1.8867,9.7806,P011_Barbell_Back_Squats_Inclination_Asymmetry_2_02.csv,3
11,3,1,3,2,12.9,12900,-1.46,9.24,1.59,9.4888,-0.1102,0.0993,0.1745,8.44,80.63,65.81,-1.9774,9.3564,1.8476,9.7399,P011_Barbell_Back_Squats_Inclination_Asymmetry_2_02.csv,3
11,3,1,3,2,13.03,13030,-0.42,9.06,1.48,9.1897,-0.1069,0.0753,0.3752,5.88,81.38,67.69,-1.7721,9.3173,1.7992,9.6535,P011_Barbell_Back_Squats_Inclination_Asymmetry_2_02.csv,3
11,3,1,3,2,13.161,13161,-0.75,9.25,1.59,9.4156,-0.06,0.0371,0.0654,4.88,81.94,68.25,-1.6374,9.3085,1.7716,9.616,P011_Barbell_Back_Squats_Inclination_Asymmetry_2_02.csv,3
11,3,1,3,2,13.291,13291,-0.66,8.42,1.37,8.5562,-0.0513,-0.0098,0.2149,4.0,82.19,69.0,-1.5086,9.1914,1.7187,9.4716,P011_Barbell_Back_Squats_Inclination_Asymmetry_2_02.csv,3
11,3,1,3,2,13.468,13468,0.52,8.9,0.98,8.9689,-0.072,-0.0938,0.2105,1.63,82.88,71.75,-1.2413,9.153,1.6214,9.378,P011_Barbell_Back_Squats_Inclination_Asymmetry_2_02.csv,3
11,4,1,3,2,13.598,13598,1.21,10.23,1.22,10.3733,0.0098,-0.1647,0.3567,-0.63,83.13,75.13,-0.9183,9.2949,1.5685,9.4709,P011_Barbell_Back_Squats_Inclination_Asymmetry_2_02.csv,4
11,4,1,3,2,13.73,13730,-0.96,9.46,0.66,9.5315,0.0164,-0.144,0.1887,1.56,83.13,74.13,-0.9238,9.3167,1.4488,9.4738,P011_Barbell_Back_Squats_Inclination_Asymmetry_2_02.csv,4
11,4,1,3,2,13.86,13860,0.22,9.42,1.25,9.5051,0.0262,-0.0676,0.1702,-0.31,83.0,76.88,-0.7731,9.3303,1.4226,9.4697,P011_Barbell_Back_Squats_Inclination_Asymmetry_2_02.csv,4
11,4,1,3,2,13.991,13991,-0.42,9.66,1.1,9.7315,-0.0458,-0.0055,0.0371,0.38,83.13,76.31,-0.7265,9.3737,1.3801,9.5026,P011_Barbell_Back_Squats_Inclination_Asymmetry_2_02.csv,4
11,4,1,3,2,14.121,14121,-0.29,9.72,1.2,9.7981,-0.0109,0.0196,-0.1582,0.31,83.31,76.31,-0.669,9.4194,1.3563,9.54,P011_Barbell_Back_Squats_Inclination_Asymmetry_2_02.csv,4
11,4,1,3,2,14.251,14251,0.4,9.81,1.22,9.8937,0.0142,0.0338,0.2149,-0.19,83.31,76.69,-0.5281,9.4708,1.3384,9.5795,P011_Barbell_Back_Squats_Inclination_Asymmetry_2_02.csv,4
11,4,1,3,2,14.382,14382,0.02,9.63,1.1,9.6926,0.0207,0.0044,-0.0764,-0.19,83.19,76.56,-0.4559,9.4918,1.307,9.5922,P011_Barbell_Back_Squats_Inclination_Asymmetry_2_02.csv,4
11,4,1,3,2,14.554,14554,0.28,9.54,1.15,9.6131,0.0295,0.0022,-0.036,-0.38,82.94,76.69,-0.3589,9.4982,1.2863,9.5916,P011_Barbell_Back_Squats_Inclination_Asymmetry_2_02.csv,4
11,4,1,3,2,14.684,14684,-0.04,9.59,1.15,9.6588,0.0142,-0.012,-0.1047,0.31,82.81,76.0,-0.3169,9.5103,1.2683,9.5997,P011_Barbell_Back_Squats_Inclination_Asymmetry_2_02.csv,4
11,4,1,3,2,14.814,14814,0.23,9.1,1.34,9.201,0.0273,-0.0153,-0.1985,0.94,82.56,75.38,-0.2448,9.4562,1.2778,9.5453,P011_Barbell_Back_Squats_Inclination_Asymmetry_2_02.csv,4
11,4,1,3,2,14.944,14944,-0.3,8.96,1.14,9.0372,0.0185,-0.0513,-0.1931,2.94,82.44,73.63,-0.2521,9.3908,1.2596,9.4783,P011_Barbell_Back_Squats_Inclination_Asymmetry_2_02.csv,4
11,4,1,3,2,15.074,15074,-0.52,9.19,1.26,9.2905,0.0349,-0.0425,-0.2793,4.5,82.19,72.44,-0.2874,9.3644,1.2597,9.4531,P011_Barbell_Back_Squats_Inclination_Asymmetry_2_02.csv,4
11,4,1,3,2,15.204,15204,-0.8,9.49,1.2,9.599,0.0556,-0.0644,-0.3916,6.5,81.94,70.81,-0.355,9.3809,1.2518,9.4707,P011_Barbell_Back_Squats_Inclination_Asymmetry_2_02.csv,4
11,5,1,3,2,15.334,15334,-2.45,9.52,1.37,9.9252,0.1451,-0.0284,-0.5705,9.81,81.25,67.94,-0.631,9.3992,1.2674,9.5053,P011_Barbell_Back_Squats_Inclination_Asymmetry_2_02.csv,4
11,5,1,3,2,15.465,15465,-1.81,8.97,1.71,9.3092,0.1462,0.0229,-0.0971,11.19,80.0,66.63,-0.7864,9.3427,1.3257,9.469,P011_Barbell_Back_Squats_Inclination_Asymmetry_2_02.csv,4
11,5,1,3,2,15.638,15638,-2.02,9.47,1.81,9.8508,0.0251,0.0164,-0.0807,12.31,79.25,65.44,-0.9489,9.3595,1.3895,9.5095,P011_Barbell_Back_Squats_Inclination_Asymmetry_2_02.csv,4
11,5,1,3,2,15.768,15768,-2.09,9.44,1.74,9.8239,0.0262,-0.0273,-0.1145,13.31,79.06,64.56,-1.0993,9.3701,1.4357,9.5429,P011_Barbell_Back_Squats_Inclination_Asymmetry_2_02.csv,4
11,5,1,3,2,15.898,15898,-2.85,9.29,1.79,9.8808,0.0491,-0.0284,-0.0611,14.56,78.81,63.63,-1.33,9.3595,1.4824,9.5691,P011_Barbell_Back_Squats_Inclination_Asymmetry_2_02.csv,4
11,5,1,3,2,16.028,16028,-2.52,9.34,2.05,9.8888,0.0622,-0.0207,-0.0851,14.88,78.38,63.5,-1.4868,9.3569,1.5572,9.6015,P011_Barbell_Back_Squats_Inclination_Asymmetry_2_02.csv,4
11,5,1,3,2,16.158,16158,-2.72,8.85,1.9,9.4515,0.0175,-0.048,-0.1876,15.75,78.06,62.94,-1.6493,9.2901,1.6024,9.5705,P011_Barbell_Back_Squats_Inclination_Asymmetry_2_02.csv,4
11,5,1,3,2,16.288,16288,-3.11,8.55,1.79,9.2725,-0.0425,-0.0371,-0.2127,17.5,78.13,61.5,-1.8418,9.1926,1.6271,9.5154,P011_Barbell_Back_Squats_Inclination_Asymmetry_2_02.csv,4
11,5,1,3,2,16.418,16418,-3.18,8.69,1.65,9.3995,-0.1004,-0.0327,-0.1058,19.06,78.69,61.13,-2.0181,9.1264,1.6301,9.4879,P011_Barbell_Back_Squats_Inclination_Asymmetry_2_02.csv,4
11,5,1,3,2,16.548,16548,-3.97,9.04,1.62,10.0053,-0.0982,0.0011,0.0207,20.25,79.38,60.19,-2.2753,9.115,1.6288,9.5348,P011_Barbell_Back_Squats_Inclination_Asymmetry_2_02.csv,4
11,5,1,3,2,16.721,16721,-3.95,9.48,1.63,10.3985,-0.0774,0.0065,0.0022,20.31,80.25,60.0,-2.496,9.1631,1.6289,9.6357,P011_Barbell_Back_Squats_Inclination_Asymmetry_2_02.csv,4
11,5,1,3,2,16.852,16852,-3.69,10.23,1.59,10.9908,-0.0185,0.0098,-0.0087,19.75,80.5,60.63,-2.6534,9.3037,1.6238,9.81,P011_Barbell_Back_Squats_Inclination_Asymmetry_2_02.csv,4
11,5,1,3,2,16.982,16982,-4.21,10.31,1.58,11.248,-0.0164,0.0098,0.1058,19.75,80.63,61.0,-2.8585,9.4363,1.618,9.9916,P011_Barbell_Back_Squats_Inclination_Asymmetry_2_02.csv,4
11,5,1,3,2,17.113,17113,-3.61,9.55,1.36,10.2997,-0.0229,0.0316,0.0393,19.38,80.81,61.13,-2.9575,9.4513,1.584,10.0291,P011_Barbell_Back_Squats_Inclination_Asymmetry_2_02.csv,4
11,5,1,3,2,17.243,17243,-3.09,9.07,1.5,9.6986,0.0229,0.0153,0.132,18.56,80.81,61.75,-2.975,9.401,1.573,9.9852,P011_Barbell_Back_Squats_Inclination_Asymmetry_2_02.csv,4
11,5,1,3,2,17.377,17377,-2.99,8.73,1.48,9.3458,0.0567,0.0338,0.1593,17.31,80.44,63.25,-2.977,9.3126,1.5607,9.9006,P011_Barbell_Back_Squats_Inclination_Asymmetry_2_02.csv,4
11,5,1,3,2,17.508,17508,-2.79,8.87,1.57,9.4301,-0.0055,0.0654,0.2105,15.88,80.25,64.44,-2.9523,9.2543,1.5619,9.8386,P011_Barbell_Back_Squats_Inclination_Asymmetry_2_02.csv,4
11,5,1,3,2,17.641,17641,-2.18,9.03,1.46,9.4035,-0.036,0.0491,0.3011,13.69,80.38,66.13,-2.8505,9.2247,1.5485,9.7785,P011_Barbell_Back_Squats_Inclination_Asymmetry_2_02.csv,4
11,5,1,3,2,17.813,17813,-1.73,8.78,1.59,9.089,-0.0229,0.0142,0.2258,11.44,80.75,68.06,-2.7029,9.1661,1.554,9.6819,P011_Barbell_Back_Squats_Inclination_Asymmetry_2_02.csv,4
11,5,1,3,2,17.943,17943,-1.75,7.75,1.21,8.0367,-0.0229,0.0,0.0458,10.56,80.94,68.94,-2.5773,8.9795,1.5086,9.4631,P011_Barbell_Back_Squats_Inclination_Asymmetry_2_02.csv,4
11,5,1,3,2,18.073,18073,-1.24,8.9,1.33,9.0839,-0.0305,0.0305,0.4832,8.69,81.19,70.75,-2.4011,8.969,1.4851,9.4029,P011_Barbell_Back_Squats_Inclination_Asymmetry_2_02.csv,4
11,6,1,3,2,18.203,18203,-0.75,10.08,1.32,10.1937,-0.0535,0.0295,0.3033,6.5,81.5,72.69,-2.1835,9.1154,1.4633,9.4868,P011_Barbell_Back_Squats_Inclination_Asymmetry_2_02.csv,5
11,6,1,3,2,18.333,18333,-1.97,9.7,1.18,9.9681,-0.0305,-0.0022,-0.3665,6.94,81.81,72.19,-2.1554,9.1925,1.426,9.5489,P011_Barbell_Back_Squats_Inclination_Asymmetry_2_02.csv,5
11,6,1,3,2,18.463,18463,-0.46,9.72,1.39,9.8297,0.0316,0.0229,0.3033,5.06,81.69,74.0,-1.932,9.262,1.4213,9.5675,P011_Barbell_Back_Squats_Inclination_Asymmetry_2_02.csv,5
11,6,1,3,2,18.594,18594,-0.98,9.35,1.31,9.492,0.0142,0.036,-0.0349,5.06,81.44,73.69,-1.8065,9.2736,1.4066,9.552,P011_Barbell_Back_Squats_Inclination_Asymmetry_2_02.csv,5
11,6,1,3,2,18.724,18724,-0.61,9.66,1.42,9.7828,-0.0098,0.0153,0.1494,4.25,81.38,74.44,-1.6489,9.3245,1.4084,9.5733,P011_Barbell_Back_Squats_Inclination_Asymmetry_2_02.csv,5
11,6,1,3,2,18.897,18897,-0.45,9.58,1.44,9.6981,0.0142,-0.0033,0.1636,2.88,81.38,74.88,-1.4909,9.3582,1.4125,9.5809,P011_Barbell_Back_Squats_Inclination_Asymmetry_2_02.csv,5
11,6,1,3,2,19.027,19027,0.28,9.65,1.45,9.7623,0.0218,-0.0338,0.1451,1.38,81.25,76.13,-1.2575,9.3966,1.4175,9.5858,P011_Barbell_Back_Squats_Inclination_Asymmetry_2_02.csv,5
11,6,1,3,2,19.157,19157,0.06,9.57,1.57,9.6981,0.0305,-0.0731,-0.0131,1.19,81.13,76.44,-1.0839,9.4195,1.4376,9.59,P011_Barbell_Back_Squats_Inclination_Asymmetry_2_02.csv,5
11,6,1,3,2,19.287,19287,0.19,9.09,1.54,9.2215,0.0044,-0.0764,-0.2236,1.38,80.88,76.31,-0.916,9.3761,1.4511,9.5318,P011_Barbell_Back_Squats_Inclination_Asymmetry_2_02.csv,5
11,6,1,3,2,19.417,19417,-1.65,9.02,1.2,9.2479,-0.0218,-0.0829,-0.612,4.69,80.88,73.25,-1.0128,9.3291,1.418,9.4905,P011_Barbell_Back_Squats_Inclination_Asymmetry_2_02.csv,5
11,6,1,3,2,19.547,19547,-1.17,9.32,1.93,9.5894,0.0175,-0.0578,-0.1658,5.94,80.94,72.38,-1.0335,9.3279,1.4855,9.5018,P011_Barbell_Back_Squats_Inclination_Asymmetry_2_02.csv,5
11,6,1,3,2,19.677,19677,-1.33,8.83,1.45,9.0466,0.0535,-0.0055,-0.2149,7.75,80.63,70.75,-1.0726,9.2623,1.4808,9.4411,P011_Barbell_Back_Squats_Inclination_Asymmetry_2_02.csv,5
11,7,1,3,2,19.807,19807,-1.26,9.08,1.56,9.2988,0.0458,-0.0262,-0.1767,8.81,80.25,69.81,-1.0973,9.2383,1.4912,9.422,P011_Barbell_Back_Squats_Inclination_Asymmetry_2_02.csv,5
11,7,1,3,2,19.98,19980,-2.34,9.22,1.53,9.6346,-0.0295,-0.0316,-0.2182,11.25,80.13,67.69,-1.261,9.2359,1.4963,9.4409,P011_Barbell_Back_Squats_Inclination_Asymmetry_2_02.csv,5
11,7,1,3,2,20.111,20111,-2.38,9.55,1.48,9.9528,-0.0404,-0.0327,0.0196,12.56,80.44,66.5,-1.4085,9.2773,1.4942,9.5018,P011_Barbell_Back_Squats_Inclination_Asymmetry_2_02.csv,5
11,7,1,3,2,20.241,20241,-2.22,9.73,1.46,10.0863,-0.0273,-0.0371,-0.0098,12.44,80.75,66.88,-1.5154,9.3369,1.4897,9.5757,P011_Barbell_Back_Squats_Inclination_Asymmetry_2_02.csv,5
11,7,1,3,2,20.372,20372,-2.6,9.39,1.45,9.8506,-0.0076,-0.0065,-0.1385,13.19,80.88,66.31,-1.6583,9.3439,1.4844,9.6053,P011_Barbell_Back_Squats_Inclination_Asymmetry_2_02.csv,5
11,7,1,3,2,20.502,20502,-2.47,9.4,1.37,9.8152,-0.036,0.0,0.0774,13.88,81.19,65.63,-1.7653,9.3513,1.4694,9.6292,P011_Barbell_Back_Squats_Inclination_Asymmetry_2_02.csv,5
11,7,1,3,2,20.633,20633,-2.32,9.32,1.32,9.6947,-0.0436,0.0164,-0.0469,13.94,81.5,65.38,-1.8384,9.3472,1.4497,9.6359,P011_Barbell_Back_Squats_Inclination_Asymmetry_2_02.csv,5
11,7,1,3,2,20.763,20763,-2.67,9.38,1.48,9.8643,-0.0425,0.0273,-0.0644,15.13,81.75,64.0,-1.948,9.3515,1.4537,9.6622,P011_Barbell_Back_Squats_Inclination_Asymmetry_2_02.csv,5
11,7,1,3,2,20.893,20893,-3.5,9.65,1.15,10.3293,-0.0753,0.0142,-0.2138,16.5,82.13,62.31,-2.1525,9.3908,1.4137,9.7375,P011_Barbell_Back_Squats_Inclination_Asymmetry_2_02.csv,5
11,7,1,3,2,21.066,21066,-2.54,9.33,1.14,9.7365,-0.0076,0.0033,-0.0545,17.25,82.5,61.38,-2.2036,9.3828,1.3776,9.7361,P011_Barbell_Back_Squats_Inclination_Asymmetry_2_02.csv,5
11,7,1,3,2,21.2,21200,-2.47,9.02,1.22,9.4313,0.024,-0.0491,0.072,17.25,82.5,61.56,-2.2387,9.335,1.3568,9.6951,P011_Barbell_Back_Squats_Inclination_Asymmetry_2_02.csv,5
11,7,1,3,2,21.331,21331,-2.97,9.41,1.13,9.9321,0.0273,-0.0665,0.0251,17.31,82.5,61.94,-2.335,9.3449,1.3269,9.7232,P011_Barbell_Back_Squats_Inclination_Asymmetry_2_02.csv,5
11,7,1,3,2,21.462,21462,-3.24,9.54,1.17,10.1429,0.0109,-0.0556,0.0065,17.13,82.5,62.69,-2.4543,9.3706,1.3063,9.7744,P011_Barbell_Back_Squats_Inclination_Asymmetry_2_02.csv,5
11,7,1,3,2,21.592,21592,-3.34,10.44,1.19,11.0257,0.0153,-0.0207,0.1953,16.25,82.56,63.81,-2.571,9.5115,1.2909,9.9371,P011_Barbell_Back_Squats_Inclination_Asymmetry_2_02.csv,5
11,7,1,3,2,21.722,21722,-3.32,10.53,1.13,11.0987,0.048,-0.0196,0.2378,15.06,82.63,65.25,-2.6697,9.6457,1.2697,10.0886,P011_Barbell_Back_Squats_Inclination_Asymmetry_2_02.csv,5
11,7,1,3,2,21.853,21853,-2.36,9.67,1.34,10.0436,0.0829,0.0251,0.2694,13.0,82.13,67.38,-2.6289,9.6489,1.279,10.0821,P011_Barbell_Back_Squats_Inclination_Asymmetry_2_02.csv,5
11,7,1,3,2,21.983,21983,-2.11,9.04,1.4,9.388,0.0447,0.0229,0.2585,11.38,81.69,68.94,-2.5605,9.5687,1.2949,9.9896,P011_Barbell_Back_Squats_Inclination_Asymmetry_2_02.csv,5
11,7,1,3,2,22.156,22156,-1.38,8.97,1.43,9.1875,-0.0218,0.0698,0.1844,8.94,81.44,70.94,-2.405,9.4898,1.3127,9.8774,P011_Barbell_Back_Squats_Inclination_Asymmetry_2_02.csv,5
11,7,1,3,2,22.287,22287,-1.01,8.4,1.51,8.5942,-0.0251,0.0349,0.2171,7.38,81.63,72.13,-2.2211,9.3462,1.3387,9.6993,P011_Barbell_Back_Squats_Inclination_Asymmetry_2_02.csv,5
11,7,1,3,2,22.418,22418,-1.63,8.02,1.34,8.2929,-0.012,0.0207,0.1167,6.38,81.69,72.94,-2.1432,9.1714,1.3389,9.5132,P011_Barbell_Back_Squats_Inclination_Asymmetry_2_02.csv,5
11,7,1,3,2,22.548,22548,0.06,9.41,1.45,9.5212,0.0011,0.084,0.4691,2.94,81.69,76.0,-1.8529,9.2029,1.3535,9.4846,P011_Barbell_Back_Squats_Inclination_Asymmetry_2_02.csv,5
11,7,1,3,2,22.679,22679,-0.13,9.26,1.44,9.3722,-0.0207,0.0589,0.0807,1.88,81.75,76.5,-1.6259,9.2104,1.3649,9.4519,P011_Barbell_Back_Squats_Inclination_Asymmetry_2_02.csv,5
11,8,1,3,2,22.811,22811,0.19,9.72,1.13,9.7873,-0.0556,0.0098,0.1429,0.38,82.06,77.75,-1.3866,9.2776,1.334,9.475,P011_Barbell_Back_Squats_Inclination_Asymmetry_2_02.csv,6
11,8,1,3,2,22.946,22946,-0.16,9.86,1.41,9.9616,-0.0393,0.0055,-0.0349,0.56,82.5,77.56,-1.225,9.3543,1.344,9.5294,P011_Barbell_Back_Squats_Inclination_Asymmetry_2_02.csv,6
11,8,1,3,2,23.076,23076,0.0,9.86,1.22,9.9352,0.0273,-0.0087,-0.0262,0.31,82.5,77.81,-1.0635,9.4209,1.3277,9.5733,P011_Barbell_Back_Squats_Inclination_Asymmetry_2_02.csv,6
11,8,1,3,2,23.249,23249,-0.3,9.49,1.4,9.5974,0.0764,-0.0229,0.0022,0.81,81.88,77.5,-0.9629,9.43,1.3372,9.5729,P011_Barbell_Back_Squats_Inclination_Asymmetry_2_02.csv,6
11,8,1,3,2,23.379,23379,-0.5,9.43,1.51,9.5632,0.0371,-0.0011,0.0273,1.19,81.44,77.25,-0.9019,9.43,1.36,9.5702,P011_Barbell_Back_Squats_Inclination_Asymmetry_2_02.csv,6
11,8,1,3,2,23.509,23509,-0.05,9.46,1.48,9.5752,0.0044,0.0207,0.0491,0.94,81.31,77.44,-0.7897,9.434,1.3758,9.5664,P011_Barbell_Back_Squats_Inclination_Asymmetry_2_02.csv,6
11,8,1,3,2,23.639,23639,0.18,9.54,1.61,9.6766,-0.0098,-0.0011,-0.012,0.63,81.25,77.63,-0.6619,9.448,1.4066,9.575,P011_Barbell_Back_Squats_Inclination_Asymmetry_2_02.csv,6
11,8,1,3,2,23.769,23769,-0.12,9.28,1.56,9.411,-0.0218,-0.0076,-0.2116,1.31,81.25,76.88,-0.5905,9.4258,1.4269,9.5515,P011_Barbell_Back_Squats_Inclination_Asymmetry_2_02.csv,6
11,8,1,3,2,23.899,23899,-0.89,9.27,1.06,9.3728,-0.0436,-0.0535,-0.1625,3.19,81.38,75.25,-0.6299,9.4053,1.3785,9.5266,P011_Barbell_Back_Squats_Inclination_Asymmetry_2_02.csv,6
11,8,1,3,2,24.029,24029,-0.61,9.98,1.68,10.1388,-0.0218,0.0044,-0.036,3.0,81.75,75.69,-0.6273,9.481,1.4182,9.607,P011_Barbell_Back_Squats_Inclination_Asymmetry_2_02.csv,6
11,8,1,3,2,24.16,24160,-0.37,9.25,1.26,9.3428,0.0033,0.0338,-0.2356,4.0,81.69,74.44,-0.5934,9.4506,1.3974,9.5717,P011_Barbell_Back_Squats_Inclination_Asymmetry_2_02.csv,6
11,8,1,3,2,24.332,24332,-1.03,9.3,1.38,9.4581,0.0251,0.0218,-0.3971,6.13,81.5,72.06,-0.6509,9.4307,1.3951,9.5556,P011_Barbell_Back_Squats_Inclination_Asymmetry_2_02.csv,6
11,8,1,3,2,24.462,24462,-1.21,8.77,1.34,8.9539,0.0,-0.036,-0.3283,8.44,81.31,69.75,-0.7246,9.3437,1.3878,9.4739,P011_Barbell_Back_Squats_Inclination_Asymmetry_2_02.csv,6
11,8,1,3,2,24.592,24592,-2.66,9.08,1.24,9.5425,-0.0295,-0.0502,-0.1767,11.06,81.44,67.5,-0.9796,9.3089,1.3684,9.4598,P011_Barbell_Back_Squats_Inclination_Asymmetry_2_02.csv,6
11,8,1,3,2,24.722,24722,-2.42,9.38,1.14,9.754,-0.0153,-0.0011,-0.096,11.56,81.63,67.06,-1.1694,9.3183,1.3383,9.4863,P011_Barbell_Back_Squats_Inclination_Asymmetry_2_02.csv,6
11,8,1,3,2,24.852,24852,-2.39,9.4,1.51,9.8159,0.0131,0.0087,-0.0971,12.0,81.63,66.63,-1.3303,9.3291,1.3609,9.5212,P011_Barbell_Back_Squats_Inclination_Asymmetry_2_02.csv,6
11,8,1,3,2,24.982,24982,-2.34,9.2,1.32,9.5843,-0.0142,0.0185,0.0033,12.44,81.56,66.19,-1.4633,9.3121,1.3555,9.5233,P011_Barbell_Back_Squats_Inclination_Asymmetry_2_02.csv,6
11,8,1,3,2,25.113,25113,-1.99,9.59,1.28,9.8776,-0.0469,0.0404,-0.0022,12.31,81.75,66.0,-1.5327,9.3487,1.3456,9.5686,P011_Barbell_Back_Squats_Inclination_Asymmetry_2_02.csv,6
11,8,1,3,2,25.243,25243,-2.32,9.84,1.14,10.1739,-0.0491,0.0371,-0.0185,12.69,82.13,65.31,-1.6365,9.4134,1.3185,9.6452,P011_Barbell_Back_Squats_Inclination_Asymmetry_2_02.csv,6
11,8,1,3,2,25.416,25416,-2.45,9.3,1.26,9.6995,-0.0207,0.0753,-0.1647,14.13,82.25,63.19,-1.7437,9.3985,1.3108,9.6483,P011_Barbell_Back_Squats_Inclination_Asymmetry_2_02.csv,6
11,8,1,3,2,25.547,25547,-2.56,9.08,1.42,9.5403,0.0044,0.0142,0.0949,14.81,82.19,62.19,-1.8513,9.3565,1.3252,9.6295,P011_Barbell_Back_Squats_Inclination_Asymmetry_2_02.csv,6
11,8,1,3,2,25.677,25677,-2.1,9.02,1.18,9.3361,0.0065,-0.0535,0.0284,14.31,82.13,62.81,-1.884,9.3122,1.306,9.5902,P011_Barbell_Back_Squats_Inclination_Asymmetry_2_02.csv,6
11,8,1,3,2,25.807,25807,-2.82,9.49,1.29,9.9838,-0.0098,-0.0742,-0.1462,14.75,82.31,62.88,-2.0074,9.3356,1.3039,9.6376,P011_Barbell_Back_Squats_Inclination_Asymmetry_2_02.csv,6
11,8,1,3,2,25.938,25938,-2.76,9.66,0.98,10.0942,-0.0011,-0.0513,0.1527,15.31,82.44,62.75,-2.1065,9.3783,1.2612,9.6944,P011_Barbell_Back_Squats_Inclination_Asymmetry_2_02.csv,6
11,8,1,3,2,26.068,26068,-3.17,9.84,1.27,10.4157,0.0251,-0.0393,0.0305,15.0,82.5,63.44,-2.2467,9.4392,1.2624,9.7846,P011_Barbell_Back_Squats_Inclination_Asymmetry_2_02.csv,6
11,8,1,3,2,26.199,26199,-3.22,10.03,1.22,10.6046,0.0218,0.024,0.0753,15.25,82.44,63.31,-2.3749,9.517,1.2568,9.8891,P011_Barbell_Back_Squats_Inclination_Asymmetry_2_02.csv,6
11,8,1,3,2,26.329,26329,-2.68,10.52,1.31,10.9348,0.0218,0.0567,0.1604,14.5,82.38,63.75,-2.4151,9.6492,1.2638,10.0268,P011_Barbell_Back_Squats_Inclination_Asymmetry_2_02.csv,6
11,8,1,3,2,26.506,26506,-2.43,9.78,1.29,10.1596,0.0273,0.0349,0.1865,13.19,82.0,64.75,-2.4171,9.6664,1.2673,10.0443,P011_Barbell_Back_Squats_Inclination_Asymmetry_2_02.csv,6
11,8,1,3,2,26.636,26636,-1.9,9.2,1.43,9.5024,0.0011,0.0273,0.2291,11.44,81.94,66.31,-2.349,9.605,1.2887,9.9717,P011_Barbell_Back_Squats_Inclination_Asymmetry_2_02.csv,6
11,8,1,3,2,26.767,26767,-1.29,9.36,1.41,9.5531,-0.0327,-0.0098,0.2902,9.25,82.0,68.44,-2.2094,9.5727,1.3047,9.9106,P011_Barbell_Back_Squats_Inclination_Asymmetry_2_02.csv,6
11,8,1,3,2,26.897,26897,-1.04,9.5,1.21,9.6331,-0.072,-0.0196,0.1996,7.56,82.38,70.13,-2.0553,9.5631,1.2922,9.8665,P011_Barbell_Back_Squats_Inclination_Asymmetry_2_02.csv,6
11,8,1,3,2,27.028,27028,-1.09,8.55,1.14,8.6943,-0.036,-0.0327,-0.0098,6.81,82.94,71.0,-1.9281,9.4296,1.2722,9.7084,P011_Barbell_Back_Squats_Inclination_Asymmetry_2_02.csv,6
11,8,1,3,2,27.158,27158,-1.51,7.46,1.18,7.7022,0.0033,0.0164,0.012,7.19,82.94,70.69,-1.873,9.1701,1.26,9.4438,P011_Barbell_Back_Squats_Inclination_Asymmetry_2_02.csv,6
11,8,1,3,2,27.289,27289,-0.16,9.27,1.13,9.34,-0.0425,0.1004,0.3403,5.31,83.06,72.13,-1.6473,9.1832,1.2429,9.4122,P011_Barbell_Back_Squats_Inclination_Asymmetry_2_02.csv,6
11,8,1,3,2,27.419,27419,-1.4,9.87,0.99,10.0178,-0.0687,0.0469,0.0458,5.88,83.44,70.94,-1.6147,9.2737,1.2096,9.4906,P011_Barbell_Back_Squats_Inclination_Asymmetry_2_02.csv,7
11,9,1,3,2,27.592,27592,-0.9,9.89,0.85,9.9672,-0.0076,0.0393,-0.0567,4.81,83.81,71.63,-1.5205,9.3549,1.1622,9.5487,P011_Barbell_Back_Squats_Inclination_Asymmetry_2_02.csv,7
11,9,1,3,2,27.722,27722,-0.18,9.48,1.09,9.5442,0.0524,0.0284,0.0491,3.94,83.56,72.25,-1.3439,9.3714,1.1527,9.5372,P011_Barbell_Back_Squats_Inclination_Asymmetry_2_02.csv,7
11,9,1,3,2,27.853,27853,-0.74,9.63,1.29,9.7442,0.0611,-0.0044,0.0829,4.19,83.13,72.0,-1.2643,9.4055,1.1708,9.562,P011_Barbell_Back_Squats_Inclination_Asymmetry_2_02.csv,7
11,9,1,3,2,27.983,27983,-0.94,9.56,1.31,9.695,0.0404,-0.0153,0.0055,4.38,82.75,71.88,-1.2216,9.4259,1.1891,9.5788,P011_Barbell_Back_Squats_Inclination_Asymmetry_2_02.csv,7
11,9,1,3,2,28.113,28113,-0.71,9.41,1.33,9.53,0.012,-0.0415,-0.0305,4.06,82.56,72.38,-1.1542,9.4238,1.2077,9.5707,P011_Barbell_Back_Squats_Inclination_Asymmetry_2_02.csv,7
11,9,1,3,2,28.243,28243,-0.5,9.63,1.3,9.7302,0.0,-0.0458,-0.0076,3.88,82.56,72.88,-1.068,9.4509,1.2198,9.589,P011_Barbell_Back_Squats_Inclination_Asymmetry_2_02.csv,7
11,9,1,3,2,28.373,28373,-0.54,9.6,1.15,9.6837,-0.0196,-0.0425,-0.0851,4.06,82.56,73.06,-0.9984,9.4706,1.2106,9.5997,P011_Barbell_Back_Squats_Inclination_Asymmetry_2_02.csv,7
11,9,1,3,2,28.503,28503,-0.73,9.51,1.39,9.6387,0.0076,-0.0305,-0.1724,5.0,82.63,72.31,-0.963,9.4758,1.2343,9.6042,P011_Barbell_Back_Squats_Inclination_Asymmetry_2_02.csv,7
11,9,1,3,2,28.676,28676,-1.45,9.37,1.2,9.5572,0.0284,-0.0436,-0.0731,7.13,82.44,70.63,-1.0272,9.4618,1.2298,9.5966,P011_Barbell_Back_Squats_Inclination_Asymmetry_2_02.csv,7
11,9,1,3,2,28.812,28812,-2.32,9.14,1.39,9.5317,0.0447,0.0044,-0.4352,9.0,82.13,68.88,-1.1975,9.4194,1.2509,9.5773,P011_Barbell_Back_Squats_Inclination_Asymmetry_2_02.csv,7
11,9,1,3,2,28.943,28943,-1.47,9.24,1.28,9.4434,0.0349,-0.0087,-0.0807,10.63,81.75,67.25,-1.2334,9.3958,1.2547,9.5591,P011_Barbell_Back_Squats_Inclination_Asymmetry_2_02.csv,7
11,9,1,3,2,29.073,29073,-2.56,9.23,1.19,9.6521,0.0524,-0.0731,-0.2443,12.19,81.5,66.0,-1.4083,9.3739,1.2462,9.5607,P011_Barbell_Back_Squats_Inclination_Asymmetry_2_02.csv,7
11,9,1,3,2,29.204,29204,-2.71,9.09,1.36,9.5824,0.06,-0.0218,-0.1516,13.38,81.06,65.38,-1.5798,9.3365,1.2612,9.5529,P011_Barbell_Back_Squats_Inclination_Asymmetry_2_02.csv,7
11,9,1,3,2,29.334,29334,-2.65,8.93,1.5,9.4349,-0.0055,0.0207,-0.0545,14.81,80.94,64.0,-1.7208,9.283,1.2927,9.5292,P011_Barbell_Back_Squats_Inclination_Asymmetry_2_02.csv,7
11,9,1,3,2,29.465,29465,-2.16,8.89,1.46,9.2644,-0.0535,0.0295,-0.0654,14.88,81.06,63.63,-1.7787,9.2312,1.3147,9.4925,P011_Barbell_Back_Squats_Inclination_Asymmetry_2_02.csv,7
11,10,1,3,2,29.595,29595,-2.16,8.77,1.24,9.1168,-0.1429,0.0033,-0.0993,15.31,81.69,62.88,-1.8289,9.1704,1.3049,9.4416,P011_Barbell_Back_Squats_Inclination_Asymmetry_2_02.csv,7
11,10,1,3,2,29.768,29768,-2.19,9.29,1.01,9.5979,-0.1854,0.0033,0.0251,15.5,83.5,62.25,-1.8765,9.1862,1.266,9.461,P011_Barbell_Back_Squats_Inclination_Asymmetry_2_02.csv,7
11,10,1,3,2,29.899,29899,-2.84,9.54,0.84,9.9891,-0.1713,-0.0142,-0.1036,15.44,84.81,62.06,-2.0035,9.2328,1.2099,9.5248,P011_Barbell_Back_Squats_Inclination_Asymmetry_2_02.csv,7
11,10,1,3,2,30.029,30029,-2.95,9.46,0.7,9.934,-0.1364,0.0273,-0.0535,16.06,85.94,61.06,-2.1282,9.2627,1.1427,9.5725,P011_Barbell_Back_Squats_Inclination_Asymmetry_2_02.csv,7
11,10,1,3,2,30.16,30160,-2.67,9.72,0.56,10.0956,-0.072,0.0196,-0.0578,16.13,86.63,60.69,-2.1996,9.323,1.0659,9.6381,P011_Barbell_Back_Squats_Inclination_Asymmetry_2_02.csv,7
11,10,1,3,2,30.29,30290,-3.12,9.44,0.48,9.9538,-0.0305,0.0109,-0.1451,16.75,86.88,59.88,-2.3209,9.3384,0.9887,9.6732,P011_Barbell_Back_Squats_Inclination_Asymmetry_2_02.csv,7
11,10,1,3,2,30.42,30420,-3.19,9.61,0.45,10.1356,0.0033,0.0305,-0.0894,17.38,87.0,59.0,-2.4354,9.3742,0.9177,9.7288,P011_Barbell_Back_Squats_Inclination_Asymmetry_2_02.csv,7
11,10,1,3,2,30.551,30551,-3.27,9.55,0.29,10.0985,0.0545,0.0469,-0.0404,17.94,86.75,58.25,-2.5454,9.3974,0.835,9.7717,P011_Barbell_Back_Squats_Inclination_Asymmetry_2_02.csv,7
11,10,1,3,2,30.681,30681,-3.49,9.59,0.66,10.2266,0.0829,0.0807,0.0371,18.31,86.06,57.5,-2.6699,9.4227,0.8119,9.8273,P011_Barbell_Back_Squats_Inclination_Asymmetry_2_02.csv,7
11,10,1,3,2,30.854,30854,-2.43,8.8,0.79,9.1635,0.0327,0.0382,0.1298,17.63,85.31,57.88,-2.6383,9.3407,0.809,9.7398,P011_Barbell_Back_Squats_Inclination_Asymmetry_2_02.csv,7
11,10,1,3,2,30.988,30988,-2.6,9.9,0.81,10.2677,0.0393,-0.0131,-0.0087,17.44,85.13,58.0,-2.6332,9.4144,0.8092,9.8091,P011_Barbell_Back_Squats_Inclination_Asymmetry_2_02.csv,7
11,10,1,3,2,31.119,31119,-3.45,9.51,0.8,10.148,0.0578,-0.0742,0.0436,17.5,84.81,58.5,-2.7408,9.427,0.808,9.8505,P011_Barbell_Back_Squats_Inclination_Asymmetry_2_02.csv,7
11,10,1,3,2,31.249,31249,-3.02,9.9,0.88,10.3877,0.0382,-0.0545,0.2978,15.94,84.63,60.63,-2.7776,9.4893,0.8175,9.9212,P011_Barbell_Back_Squats_Inclination_Asymmetry_2_02.csv,7
11,10,1,3,2,31.38,31380,-2.53,9.96,0.85,10.3114,0.0644,-0.0611,0.1767,13.94,84.44,63.13,-2.745,9.5513,0.8217,9.9719,P011_Barbell_Back_Squats_Inclination_Asymmetry_2_02.csv,7
11,10,1,3,2,31.51,31510,-2.23,9.56,1.03,9.8705,0.1145,-0.0175,0.2258,12.44,83.88,65.06,-2.6771,9.5525,0.8492,9.9568,P011_Barbell_Back_Squats_Inclination_Asymmetry_2_02.csv,8
11,10,1,3,2,31.641,31641,-1.9,9.25,1.12,9.5093,0.132,0.0153,0.0349,11.31,82.94,66.38,-2.5747,9.5126,0.8849,9.8946,P011_Barbell_Back_Squats_Inclination_Asymmetry_2_02.csv,8
11,10,1,3,2,31.771,31771,-2.11,8.99,1.41,9.3413,0.0818,0.0295,-0.0633,11.06,82.13,66.56,-2.5135,9.4438,0.9541,9.819,P011_Barbell_Back_Squats_Inclination_Asymmetry_2_02.csv,8
11,10,1,3,2,31.944,31944,-1.75,9.19,1.47,9.4699,0.0175,0.0513,0.1985,10.25,81.56,67.0,-2.4129,9.4103,1.0221,9.7683,P011_Barbell_Back_Squats_Inclination_Asymmetry_2_02.csv,8
11,10,1,3,2,32.074,32074,-1.11,9.13,1.56,9.3286,0.0709,0.0055,0.1113,9.06,81.19,68.0,-2.2412,9.3734,1.0929,9.6994,P011_Barbell_Back_Squats_Inclination_Asymmetry_2_02.csv,8
11,10,1,3,2,32.204,32204,-1.82,8.32,1.47,8.6427,0.1789,-0.024,0.0949,8.38,80.19,69.0,-2.1857,9.2346,1.1426,9.5582,P011_Barbell_Back_Squats_Inclination_Asymmetry_2_02.csv,8
11,10,1,3,2,32.334,32334,-0.83,8.2,1.87,8.4514,0.06,-0.0044,0.1963,6.31,79.31,71.31,-2.007,9.0982,1.2385,9.3989,P011_Barbell_Back_Squats_Inclination_Asymmetry_2_02.csv,8
11,10,1,3,2,32.464,32464,-0.65,9.59,1.7,9.7612,-0.0535,0.0338,0.4429,4.19,79.44,73.38,-1.8282,9.163,1.2993,9.4336,P011_Barbell_Back_Squats_Inclination_Asymmetry_2_02.csv,8
11,11,1,3,2,32.594,32594,-0.98,9.58,1.68,9.7754,-0.0295,0.036,0.1527,3.25,79.81,74.0,-1.7164,9.218,1.3495,9.473,P011_Barbell_Back_Squats_Inclination_Asymmetry_2_02.csv,8
11,11,1,3,2,32.724,32724,0.59,9.76,1.7,9.9245,0.0087,0.0644,0.0458,0.31,79.75,76.63,-1.4125,9.2894,1.3957,9.4993,P011_Barbell_Back_Squats_Inclination_Asymmetry_2_02.csv,8
11,11,1,3,2,32.854,32854,-0.11,9.6,1.77,9.7624,0.0207,0.0371,-0.0425,1.19,79.69,75.31,-1.2409,9.3303,1.445,9.5228,P011_Barbell_Back_Squats_Inclination_Asymmetry_2_02.csv,8
11,11,1,3,2,33.027,33027,-0.06,9.6,1.85,9.7768,0.0185,-0.0065,-0.0676,1.19,79.44,75.19,-1.0853,9.3659,1.4984,9.5469,P011_Barbell_Back_Squats_Inclination_Asymmetry_2_02.csv,8
11,11,1,3,2,33.157,33157,-0.11,9.61,1.85,9.7871,0.0338,-0.0175,0.0349,1.5,79.25,75.0,-0.9568,9.398,1.5447,9.5721,P011_Barbell_Back_Squats_Inclination_Asymmetry_2_02.csv,8
11,11,1,3,2,33.287,33287,-0.15,9.06,1.87,9.2522,0.0,-0.0611,-0.1451,1.69,79.0,75.06,-0.8504,9.3535,1.5876,9.5253,P011_Barbell_Back_Squats_Inclination_Asymmetry_2_02.csv,8
11,11,1,3,2,33.417,33417,-0.75,9.1,1.79,9.3047,-0.0349,-0.0578,-0.3098,2.69,79.19,74.5,-0.8372,9.3201,1.6142,9.4958,P011_Barbell_Back_Squats_Inclination_Asymmetry_2_02.csv,8
11,11,1,3,2,33.547,33547,-1.02,9.16,1.96,9.4227,0.0,-0.0316,0.0022,4.44,79.25,73.06,-0.8613,9.299,1.6598,9.4852,P011_Barbell_Back_Squats_Inclination_Asymmetry_2_02.csv,8
11,11,1,3,2,33.677,33677,-1.25,9.2,1.75,9.448,-0.0469,-0.0098,-0.0578,4.94,79.31,72.69,-0.9125,9.286,1.6717,9.4792,P011_Barbell_Back_Squats_Inclination_Asymmetry_2_02.csv,8
11,11,1,3,2,33.807,33807,-1.17,9.47,1.6,9.6752,-0.0905,0.024,-0.0873,5.38,79.88,72.19,-0.9464,9.3102,1.6622,9.5047,P011_Barbell_Back_Squats_Inclination_Asymmetry_2_02.csv,8
11,11,1,3,2,33.938,33938,-1.09,9.6,1.51,9.779,-0.0447,0.036,-0.144,6.13,80.38,71.13,-0.9654,9.3484,1.6422,9.5405,P011_Barbell_Back_Squats_Inclination_Asymmetry_2_02.csv,8
11,11,1,3,2,34.11,34110,-1.14,9.35,1.46,9.5317,-0.0218,0.0011,-0.1571,6.88,80.63,70.13,-0.9884,9.3486,1.6182,9.539,P011_Barbell_Back_Squats_Inclination_Asymmetry_2_02.csv,8
11,11,1,3,2,34.24,34240,-1.24,9.16,1.48,9.3613,-0.0469,-0.0142,-0.2105,7.81,80.81,69.19,-1.0215,9.3238,1.6,9.515,P011_Barbell_Back_Squats_Inclination_Asymmetry_2_02.csv,8
11,11,1,3,2,34.37,34370,-1.58,9.29,1.47,9.5374,-0.0502,-0.0218,-0.0436,9.06,81.25,68.06,-1.0951,9.3193,1.5828,9.516,P011_Barbell_Back_Squats_Inclination_Asymmetry_2_02.csv,8
11,11,1,3,2,34.5,34500,-2.03,9.89,1.41,10.1942,-0.0425,-0.0218,-0.0076,9.69,81.63,67.5,-1.2183,9.3945,1.5601,9.6008,P011_Barbell_Back_Squats_Inclination_Asymmetry_2_02.csv,8
11,11,1,3,2,34.63,34630,-1.78,9.73,1.27,9.9727,0.0076,0.0011,-0.0709,9.69,81.75,67.56,-1.2923,9.4387,1.5218,9.6476,P011_Barbell_Back_Squats_Inclination_Asymmetry_2_02.csv,8
11,11,1,3,2,34.76,34760,-1.59,9.74,1.3,9.9542,0.0873,0.0229,-0.0087,10.0,81.44,67.19,-1.3316,9.4784,1.4926,9.6872,P011_Barbell_Back_Squats_Inclination_Asymmetry_2_02.csv,8
11,11,1,3,2,34.89,34890,-1.58,9.4,1.67,9.677,0.1145,0.0218,-0.0873,10.0,80.63,67.19,-1.3643,9.4681,1.516,9.6853,P011_Barbell_Back_Squats_Inclination_Asymmetry_2_02.csv,8
11,11,1,3,2,35.021,35021,-2.48,9.5,1.54,9.9384,0.0764,0.0382,-0.1069,11.06,79.88,66.0,-1.5113,9.4723,1.5191,9.7117,P011_Barbell_Back_Squats_Inclination_Asymmetry_2_02.csv,8
11,11,1,3,2,35.194,35194,-1.16,9.65,1.85,9.894,0.1189,0.0524,0.1418,9.75,79.0,66.94,-1.465,9.4957,1.5627,9.7343,P011_Barbell_Back_Squats_Inclination_Asymmetry_2_02.csv,8
11,11,1,3,2,35.327,35327,-2.0,9.18,2.12,9.6316,0.1298,0.0425,0.0425,10.56,77.94,65.94,-1.5355,9.4541,1.6362,9.7167,P011_Barbell_Back_Squats_Inclination_Asymmetry_2_02.csv,8
11,11,1,3,2,35.457,35457,-1.67,9.17,2.08,9.5501,0.0665,0.0589,0.0327,10.56,77.19,65.69,-1.5532,9.4167,1.6947,9.6932,P011_Barbell_Back_Squats_Inclination_Asymmetry_2_02.csv,8
11,11,1,3,2,35.592,35592,-1.04,9.33,2.17,9.6353,0.0731,0.0131,0.096,10.31,76.69,65.69,-1.4856,9.4052,1.7573,9.6827,P011_Barbell_Back_Squats_Inclination_Asymmetry_2_02.csv,8
11,11,1,3,2,35.723,35723,-1.86,9.33,2.14,9.7513,0.0851,-0.0022,0.0676,10.13,76.06,66.0,-1.5349,9.3953,1.8077,9.69,P011_Barbell_Back_Squats_Inclination_Asymmetry_2_02.csv,8
11,11,1,3,2,35.854,35854,-1.75,9.53,2.41,9.9846,0.0338,-0.0196,-0.1669,10.19,75.63,66.06,-1.5633,9.4131,1.8871,9.7268,P011_Barbell_Back_Squats_Inclination_Asymmetry_2_02.csv,8
11,11,1,3,2,35.984,35984,-2.45,10.0,2.8,10.6697,0.0196,-0.0447,0.0131,10.88,75.44,65.63,-1.6801,9.4904,2.0074,9.8448,P011_Barbell_Back_Squats_Inclination_Asymmetry_2_02.csv,8
11,11,1,3,2,36.114,36114,-2.01,10.54,2.9,11.1149,-0.0131,-0.0338,0.0993,10.38,75.44,66.44,-1.7236,9.6287,2.125,10.0099,P011_Barbell_Back_Squats_Inclination_Asymmetry_2_02.csv,8
11,11,1,3,2,36.287,36287,-2.28,10.26,2.6,10.8271,-0.0316,-0.0698,0.1113,10.5,75.81,66.81,-1.7969,9.7119,2.1876,10.1161,P011_Barbell_Back_Squats_Inclination_Asymmetry_2_02.csv,8
11,11,1,3,2,36.417,36417,-2.03,9.7,2.47,10.2133,-0.06,-0.06,0.1865,9.38,76.19,68.5,-1.8276,9.7103,2.2248,10.1282,P011_Barbell_Back_Squats_Inclination_Asymmetry_2_02.csv,8
11,11,1,3,2,36.547,36547,-1.64,9.2,2.21,9.6028,-0.1265,-0.0087,0.3065,7.88,76.88,70.19,-1.8029,9.6431,2.2229,10.0589,P011_Barbell_Back_Squats_Inclination_Asymmetry_2_02.csv,9
11,11,1,3,2,36.677,36677,-1.12,7.95,1.84,8.2367,-0.1702,0.0567,0.0709,6.56,78.0,71.25,-1.7129,9.42,2.1724,9.8178,P011_Barbell_Back_Squats_Inclination_Asymmetry_2_02.csv,9
11,11,1,3,2,36.807,36807,-0.98,8.17,1.68,8.3983,-0.1734,0.0698,0.156,5.88,79.31,71.38,-1.6163,9.2553,2.1075,9.6288,P011_Barbell_Back_Squats_Inclination_Asymmetry_2_02.csv,9
11,11,1,3,2,36.937,36937,-0.78,8.8,1.39,8.9432,-0.1058,0.0502,0.0109,5.0,80.25,71.69,-1.5061,9.1953,2.013,9.5328,P011_Barbell_Back_Squats_Inclination_Asymmetry_2_02.csv,9
11,11,1,3,2,37.067,37067,-0.18,8.84,2.02,9.0696,-0.1025,0.0469,-0.1451,4.06,80.81,72.25,-1.3314,9.1485,2.0139,9.4616,P011_Barbell_Back_Squats_Inclination_Asymmetry_2_02.csv,9
11,12,1,3,2,37.197,37197,-0.8,9.58,1.15,9.6819,-0.0982,0.0916,0.6589,4.19,81.5,71.63,-1.2614,9.2053,1.9001,9.4836,P011_Barbell_Back_Squats_Inclination_Asymmetry_2_02.csv,9
11,12,1,3,2,37.37,37370,-0.3,9.82,1.27,9.9063,-0.0556,0.0633,0.0556,0.69,82.31,74.0,-1.1347,9.2863,1.817,9.5302,P011_Barbell_Back_Squats_Inclination_Asymmetry_2_02.csv,9
11,12,1,3,2,37.5,37500,0.53,9.68,1.14,9.7613,-0.0251,0.1429,0.2716,-0.38,82.5,74.19,-0.9153,9.3382,1.7278,9.5407,P011_Barbell_Back_Squats_Inclination_Asymmetry_2_02.csv,9
11,12,1,3,2,37.63,37630,0.6,10.38,1.17,10.4629,-0.0044,0.1134,-0.0622,-0.88,82.63,73.25,-0.7156,9.4755,1.6543,9.6454,P011_Barbell_Back_Squats_Inclination_Asymmetry_2_02.csv,9
11,12,1,3,2,37.76,37760,-0.16,9.51,1.2,9.5867,0.06,0.0404,-0.3763,0.31,82.44,71.31,-0.6424,9.48,1.5944,9.6346,P011_Barbell_Back_Squats_Inclination_Asymmetry_2_02.csv,9
11,12,1,3,2,37.89,37890,0.35,9.37,1.37,9.4761,0.1014,0.0175,0.1691,0.25,81.81,70.63,-0.5116,9.4655,1.5649,9.6076,P011_Barbell_Back_Squats_Inclination_Asymmetry_2_02.csv,9
11,12,1,3,2,38.02,38020,-0.19,9.85,1.56,9.9746,0.0993,-0.0273,0.1909,0.56,81.19,70.31,-0.4693,9.5162,1.5642,9.6553,P011_Barbell_Back_Squats_Inclination_Asymmetry_2_02.csv,9
11,12,1,3,2,38.15,38150,0.17,9.38,1.55,9.5087,0.0447,-0.072,-0.0393,-0.44,80.56,71.75,-0.385,9.4982,1.5624,9.6336,P011_Barbell_Back_Squats_Inclination_Asymmetry_2_02.csv,9
11,12,1,3,2,38.28,38280,0.34,9.52,1.85,9.704,0.0229,-0.1134,0.1178,-0.94,80.31,72.81,-0.2895,9.5011,1.6003,9.6393,P011_Barbell_Back_Squats_Inclination_Asymmetry_2_02.csv,9
11,12,1,3,2,38.453,38453,0.1,9.71,1.62,9.8447,0.0229,-0.1298,-0.1396,0.19,80.13,72.75,-0.2382,9.5286,1.6029,9.6654,P011_Barbell_Back_Squats_Inclination_Asymmetry_2_02.csv,9
11,12,1,3,2,38.583,38583,-0.32,8.75,2.02,8.9858,0.0654,-0.1505,-0.4931,1.88,79.75,72.06,-0.2489,9.426,1.6578,9.5739,P011_Barbell_Back_Squats_Inclination_Asymmetry_2_02.csv,9
11,12,1,3,2,38.713,38713,-0.56,9.02,1.5,9.161,0.0262,-0.1691,0.0556,3.81,79.44,71.31,-0.2899,9.3725,1.637,9.5188,P011_Barbell_Back_Squats_Inclination_Asymmetry_2_02.csv,9
11,12,1,3,2,38.843,38843,-1.24,8.52,1.76,8.7878,-0.0305,-0.1047,-0.288,5.25,79.63,70.88,-0.4151,9.2602,1.6532,9.4158,P011_Barbell_Back_Squats_Inclination_Asymmetry_2_02.csv,9
11,12,1,3,2,38.973,38973,-0.84,9.45,1.61,9.6229,-0.0273,-0.0578,0.0862,6.0,79.88,70.63,-0.4711,9.2852,1.6475,9.442,P011_Barbell_Back_Squats_Inclination_Asymmetry_2_02.csv,9
11,13,1,3,2,39.103,39103,-1.61,9.12,1.59,9.3965,0.0087,-0.0458,-0.2814,6.88,79.94,70.13,-0.6212,9.2634,1.64,9.428,P011_Barbell_Back_Squats_Inclination_Asymmetry_2_02.csv,9
11,13,1,3,2,39.233,39233,-0.82,9.34,1.75,9.5378,-0.0055,-0.0131,0.1713,6.56,80.0,70.63,-0.6474,9.2735,1.6545,9.4422,P011_Barbell_Back_Squats_Inclination_Asymmetry_2_02.csv,9
11,13,1,3,2,39.364,39364,-1.4,9.55,1.76,9.8112,-0.0076,0.0207,-0.2683,8.06,80.06,69.06,-0.7466,9.31,1.6684,9.4877,P011_Barbell_Back_Squats_Inclination_Asymmetry_2_02.csv,9
11,13,1,3,2,39.536,39536,-1.07,9.57,1.77,9.7909,-0.0153,0.0185,0.2247,8.06,80.06,68.88,-0.7892,9.3442,1.6818,9.5271,P011_Barbell_Back_Squats_Inclination_Asymmetry_2_02.csv,9
11,13,1,3,2,39.667,39667,-1.45,9.65,1.57,9.8838,-0.0404,0.036,-0.1713,8.38,80.25,68.31,-0.8763,9.3845,1.667,9.5716,P011_Barbell_Back_Squats_Inclination_Asymmetry_2_02.csv,9
11,13,1,3,2,39.797,39797,-1.55,9.59,1.73,9.8673,-0.0164,0.0164,0.036,9.13,80.38,67.31,-0.965,9.4116,1.6753,9.6081,P011_Barbell_Back_Squats_Inclination_Asymmetry_2_02.csv,9
11,13,1,3,2,39.927,39927,-1.87,9.22,1.39,9.5099,-0.0513,0.024,-0.0938,9.63,80.63,66.69,-1.0843,9.3863,1.6377,9.5896,P011_Barbell_Back_Squats_Inclination_Asymmetry_2_02.csv,9
11,13,1,3,2,40.057,40057,-1.39,9.93,1.64,10.16,-0.0447,0.0393,-0.1462,10.06,80.94,65.88,-1.1246,9.458,1.638,9.6644,P011_Barbell_Back_Squats_Inclination_Asymmetry_2_02.csv,9
11,13,1,3,2,40.187,40187,-1.9,9.7,1.69,10.0278,-0.0425,-0.0011,-0.1025,11.19,81.19,64.63,-1.2268,9.4899,1.6449,9.7092,P011_Barbell_Back_Squats_Inclination_Asymmetry_2_02.csv,9
11,13,1,3,2,40.317,40317,-2.42,9.52,1.48,9.9336,-0.0175,0.0131,-0.1898,11.94,81.31,63.81,-1.384,9.4938,1.6232,9.7305,P011_Barbell_Back_Squats_Inclination_Asymmetry_2_02.csv,9
11,13,1,3,2,40.447,40447,-2.19,9.71,1.24,10.0308,-0.0284,-0.0262,0.0382,12.25,81.44,63.56,-1.4902,9.5223,1.5727,9.7657,P011_Barbell_Back_Squats_Inclination_Asymmetry_2_02.csv,9
11,13,1,3,2,40.62,40620,-2.11,10.47,1.49,10.7839,0.0393,-0.0436,0.2269,11.06,81.63,65.06,-1.5719,9.6472,1.5618,9.8984,P011_Barbell_Back_Squats_Inclination_Asymmetry_2_02.csv,9
11,13,1,3,2,40.75,40750,-2.06,10.11,1.43,10.4164,0.06,-0.0262,0.2738,10.13,81.31,66.38,-1.6362,9.7082,1.5444,9.9655,P011_Barbell_Back_Squats_Inclination_Asymmetry_2_02.csv,9
11,13,1,3,2,40.881,40881,-1.83,10.43,1.78,10.7379,0.0425,0.0196,0.1953,8.63,81.06,68.0,-1.6617,9.8033,1.5755,10.0672,P011_Barbell_Back_Squats_Inclination_Asymmetry_2_02.csv,9
11,13,1,3,2,41.012,41012,-1.97,9.79,1.81,10.1489,0.0524,0.0458,0.2018,7.13,80.63,69.31,-1.7024,9.8016,1.6064,10.0771,P011_Barbell_Back_Squats_Inclination_Asymmetry_2_02.csv,9
11,13,1,3,2,41.147,41147,-0.9,8.94,1.58,9.123,-0.0698,0.0698,0.3938,4.69,80.69,71.31,-1.5966,9.688,1.6029,9.9487,P011_Barbell_Back_Squats_Inclination_Asymmetry_2_02.csv,10
11,13,1,3,2,41.277,41277,0.11,9.76,1.34,9.8522,-0.0927,0.0436,0.4243,1.5,81.38,74.0,-1.3717,9.6975,1.5682,9.9188,P011_Barbell_Back_Squats_Inclination_Asymmetry_2_02.csv,10
11,13,1,3,2,41.409,41409,0.38,9.37,1.08,9.4397,-0.0796,0.0022,0.3043,-1.63,82.06,77.13,-1.1409,9.6544,1.5039,9.8372,P011_Barbell_Back_Squats_Inclination_Asymmetry_2_02.csv,10
11,13,1,3,2,41.539,41539,0.86,6.98,0.98,7.1007,-0.072,0.0393,-0.3698,-2.94,82.63,78.25,-0.8772,9.3019,1.4349,9.4527,P011_Barbell_Back_Squats_Inclination_Asymmetry_2_02.csv,10
11,13,1,3,2,41.712,41712,1.98,10.18,1.54,10.4845,0.0415,0.0338,0.7232,-3.44,82.94,78.31,-0.5007,9.4176,1.4487,9.5416,P011_Barbell_Back_Squats_Inclination_Asymmetry_2_02.csv,10
11,13,1,3,2,41.843,41843,0.28,9.44,1.2,9.5201,0.0709,-0.0065,-0.2258,-3.19,82.44,77.94,-0.3978,9.4206,1.4159,9.5347,P011_Barbell_Back_Squats_Inclination_Asymmetry_2_02.csv,10
11,14,1,3,2,41.974,41974,0.38,9.51,1.54,9.6414,0.0567,0.0196,0.036,-2.56,81.94,77.19,-0.2953,9.4324,1.4323,9.5451,P011_Barbell_Back_Squats_Inclination_Asymmetry_2_02.csv,10
11,14,1,3,2,42.107,42107,0.17,9.57,1.47,9.6837,0.024,0.0087,0.0218,-2.31,81.69,76.69,-0.234,9.4505,1.4373,9.562,P011_Barbell_Back_Squats_Inclination_Asymmetry_2_02.csv,10
11,14,1,3,2,42.238,42238,0.75,9.57,1.62,9.7351,0.0087,0.0185,0.0556,-2.94,81.56,77.19,-0.1044,9.4663,1.4613,9.579,P011_Barbell_Back_Squats_Inclination_Asymmetry_2_02.csv,10
11,14,1,3,2,42.371,42371,0.56,9.54,1.52,9.6765,0.0207,0.0055,0.012,-3.25,81.44,77.31,-0.0168,9.476,1.4691,9.5892,P011_Barbell_Back_Squats_Inclination_Asymmetry_2_02.csv,10
11,14,1,3,2,42.502,42502,0.45,9.49,1.6,9.6344,-0.012,0.0044,-0.0207,-3.31,81.38,77.25,0.0447,9.4778,1.4863,9.5938,P011_Barbell_Back_Squats_Inclination_Asymmetry_2_02.csv,10
11,14,1,3,2,42.632,42632,0.73,9.53,1.45,9.6673,-0.0425,-0.0076,-0.048,-3.31,81.56,76.81,0.135,9.4847,1.4815,9.6007,P011_Barbell_Back_Squats_Inclination_Asymmetry_2_02.csv,10
11,14,1,3,2,42.805,42805,0.7,9.75,1.28,9.8585,-0.0262,-0.0284,-0.1091,-3.31,81.81,77.0,0.2095,9.5197,1.455,9.6325,P011_Barbell_Back_Squats_Inclination_Asymmetry_2_02.csv,10
11,14,1,3,2,42.935,42935,0.61,9.79,1.34,9.9001,0.0142,-0.0305,-0.0404,-2.44,81.88,76.25,0.2622,9.5553,1.4398,9.6667,P011_Barbell_Back_Squats_Inclination_Asymmetry_2_02.csv,10
11,14,1,3,2,43.065,43065,0.68,9.57,1.28,9.6791,0.0393,-0.0458,-0.0851,-2.38,81.69,76.44,0.3173,9.5572,1.4188,9.6672,P011_Barbell_Back_Squats_Inclination_Asymmetry_2_02.csv,10
11,14,1,3,2,43.195,43195,0.67,9.05,1.65,9.2236,0.0578,-0.0556,-0.1047,-1.75,81.31,76.19,0.3638,9.4904,1.4492,9.6073,P011_Barbell_Back_Squats_Inclination_Asymmetry_2_02.csv,10
11,14,1,3,2,43.325,43325,-0.11,9.23,1.25,9.3149,0.0513,-0.0851,-0.1745,-0.19,80.88,75.06,0.3013,9.4561,1.423,9.5673,P011_Barbell_Back_Squats_Inclination_Asymmetry_2_02.csv,10
11,14,1,3,2,43.455,43455,-0.23,9.65,1.68,9.7978,0.0687,-0.0862,-0.156,0.56,80.5,74.94,0.2313,9.4816,1.4569,9.5957,P011_Barbell_Back_Squats_Inclination_Asymmetry_2_02.csv,10
11,14,1,3,2,43.585,43585,-0.76,9.21,1.68,9.3928,0.1134,-0.0262,-0.1953,2.38,79.75,73.56,0.1007,9.4458,1.4863,9.5626,P011_Barbell_Back_Squats_Inclination_Asymmetry_2_02.csv,10
11,14,1,3,2,43.715,43715,-0.56,9.26,2.02,9.4943,0.1167,0.0185,0.0076,2.56,78.88,73.38,0.0136,9.4213,1.5566,9.5491,P011_Barbell_Back_Squats_Inclination_Asymmetry_2_02.csv,10
11,14,1,3,2,43.888,43888,-1.05,9.04,2.05,9.3288,0.048,-0.024,-0.3316,4.88,77.94,71.0,-0.1265,9.3711,1.6216,9.5112,P011_Barbell_Back_Squats_Inclination_Asymmetry_2_02.csv,10
11,15,1,3,2,44.018,44018,-0.85,9.17,2.07,9.4391,-0.0251,-0.0295,-0.1287,5.63,77.88,70.44,-0.2219,9.3446,1.6807,9.4971,P011_Barbell_Back_Squats_Inclination_Asymmetry_2_02.csv,10
11,15,1,3,2,44.148,44148,-0.96,9.27,1.95,9.5214,-0.06,-0.0131,-0.0185,6.63,78.19,69.63,-0.3191,9.3348,1.7162,9.4966,P011_Barbell_Back_Squats_Inclination_Asymmetry_2_02.csv,10
11,15,1,3,2,44.278,44278,-1.02,9.24,1.81,9.4707,-0.0862,-0.0491,-0.1418,7.44,78.75,68.94,-0.4115,9.3223,1.7285,9.4901,P011_Barbell_Back_Squats_Inclination_Asymmetry_2_02.csv,10
11,15,1,3,2,44.408,44408,-1.76,9.82,1.72,10.1237,-0.0425,-0.0545,-0.1494,8.25,79.25,68.44,-0.5892,9.3879,1.7274,9.5636,P011_Barbell_Back_Squats_Inclination_Asymmetry_2_02.csv,10
11,15,1,3,2,44.538,44538,-1.82,9.91,1.88,10.2496,-0.0425,-0.0098,-0.096,9.31,79.5,67.63,-0.7514,9.4567,1.7475,9.6461,P011_Barbell_Back_Squats_Inclination_Asymmetry_2_02.csv,10
11,15,1,3,2,44.668,44668,-1.38,9.59,1.77,9.8491,-0.0371,-0.0327,-0.0556,9.63,79.75,67.38,-0.8342,9.4742,1.7505,9.6706,P011_Barbell_Back_Squats_Inclination_Asymmetry_2_02.csv,10
11,15,1,3,2,44.798,44798,-2.07,9.85,1.68,10.2044,-0.0567,-0.0524,-0.168,10.5,80.19,66.75,-0.9971,9.5238,1.7412,9.7328,P011_Barbell_Back_Squats_Inclination_Asymmetry_2_02.csv,10
11,15,1,3,2,44.971,44971,-2.37,9.84,1.37,10.2137,-0.0175,-0.0327,0.0535,12.0,80.69,65.63,-1.178,9.5654,1.6923,9.7851,P011_Barbell_Back_Squats_Inclination_Asymmetry_2_02.csv,10
11,15,1,3,2,45.101,45101,-2.16,9.81,1.57,10.1669,0.0022,-0.0393,-0.0251,12.06,80.81,65.75,-1.3074,9.5977,1.6762,9.8302,P011_Barbell_Back_Squats_Inclination_Asymmetry_2_02.csv,10
11,15,1,3,2,45.231,45231,-2.58,9.73,1.45,10.1701,-0.0044,-0.0076,0.0731,12.38,80.94,65.69,-1.4751,9.6151,1.6464,9.8659,P011_Barbell_Back_Squats_Inclination_Asymmetry_2_02.csv,10
11,15,1,3,2,45.361,45361,-2.23,9.97,1.53,10.3303,-0.0022,0.0578,0.0273,12.06,80.94,66.44,-1.5746,9.6619,1.631,9.9243,P011_Barbell_Back_Squats_Inclination_Asymmetry_2_02.csv,10
11,15,1,3,2,45.491,45491,-2.14,10.21,1.51,10.5406,0.0175,0.0327,0.1222,11.38,80.81,67.44,-1.6491,9.7341,1.6151,10.004,P011_Barbell_Back_Squats_Inclination_Asymmetry_2_02.csv,10
11,15,1,3,2,45.621,45621,-1.85,10.36,1.63,10.6494,0.0425,0.0284,0.0742,9.75,80.56,69.13,-1.6755,9.8166,1.617,10.089,P011_Barbell_Back_Squats_Inclination_Asymmetry_2_02.csv,10
11,15,1,3,2,45.751,45751,-1.8,9.55,1.78,9.8798,0.0404,0.0436,0.1571,8.75,80.25,69.88,-1.6919,9.7814,1.6385,10.061,P011_Barbell_Back_Squats_Inclination_Asymmetry_2_02.csv,10
11,15,1,3,2,45.882,45882,-1.48,9.16,1.67,9.4279,-0.0164,0.0535,0.2389,6.94,80.13,71.44,-1.664,9.6996,1.6427,9.9774,P011_Barbell_Back_Squats_Inclination_Asymmetry_2_02.csv,10
11,15,1,3,2,46.054,46054,-0.67,9.77,1.65,9.931,-0.0284,0.0862,0.2673,3.81,80.38,73.94,-1.533,9.7088,1.6436,9.9656,P011_Barbell_Back_Squats_Inclination_Asymmetry_2_02.csv,10
11,15,1,3,2,46.184,46184,-0.02,9.01,1.69,9.1671,0.0535,0.0894,0.2923,1.88,80.25,75.25,-1.3337,9.6167,1.6497,9.848,P011_Barbell_Back_Squats_Inclination_Asymmetry_2_02.csv,10
11,15,1,3,2,46.314,46314,0.26,7.4,1.57,7.5692,0.0905,0.0633,-0.0076,0.75,79.69,75.81,-1.1237,9.3246,1.6392,9.5341,P011_Barbell_Back_Squats_Inclination_Asymmetry_2_02.csv,10
11,15,1,3,2,46.444,46444,-0.39,9.13,1.99,9.3525,0.0633,0.0295,0.4538,0.44,79.13,75.69,-1.027,9.299,1.6855,9.5061,P011_Barbell_Back_Squats_Inclination_Asymmetry_2_02.csv,10
11,2,1,3,2,1.213,1213,6.8,6.73,-0.73,9.5951,0.0447,0.0524,-0.1364,-45.56,95.88,110.56,7.3472,6.0804,-0.811,9.5713,P011_Barbell_Back_Squats_Inclination_Asymmetry_2_03.csv,1
11,2,1,3,2,1.343,1343,6.85,6.8,-0.82,9.6868,0.012,0.1124,0.1167,-45.31,96.25,109.75,7.2817,6.1753,-0.8122,9.5821,P011_Barbell_Back_Squats_Inclination_Asymmetry_2_03.csv,1
11,2,1,3,2,1.473,1473,7.81,6.46,-0.82,10.1686,-0.0262,0.1505,0.2542,-46.63,97.5,110.44,7.3513,6.2128,-0.8132,9.6593,P011_Barbell_Back_Squats_Inclination_Asymmetry_2_03.csv,1
11,2,1,3,2,1.603,1603,8.3,6.8,-0.97,10.7736,0.0185,0.0491,-0.1985,-47.13,98.44,110.56,7.4763,6.2902,-0.8339,9.8059,P011_Barbell_Back_Squats_Inclination_Asymmetry_2_03.csv,1
11,2,1,3,2,1.776,1776,6.26,6.77,-1.01,9.2758,0.0338,-0.0338,-0.0785,-44.25,97.38,107.5,7.316,6.3534,-0.8571,9.7275,P011_Barbell_Back_Squats_Inclination_Asymmetry_2_03.csv,1
11,2,1,3,2,1.907,1907,6.85,7.98,-1.11,10.5752,-0.0175,0.0371,0.0393,-44.5,97.5,107.75,7.2546,6.5677,-0.8904,9.8264,P011_Barbell_Back_Squats_Inclination_Asymmetry_2_03.csv,1
11,2,1,3,2,2.037,2037,7.78,8.33,-1.04,11.4455,-0.0284,0.0709,-0.0229,-44.38,98.06,107.38,7.3238,6.8,-0.9101,10.0353,P011_Barbell_Back_Squats_Inclination_Asymmetry_2_03.csv,1
11,2,1,3,2,2.168,2168,7.73,7.75,-1.21,11.0127,-0.0556,0.0109,0.0753,-44.44,98.69,107.44,7.3774,6.9252,-0.9496,10.1629,P011_Barbell_Back_Squats_Inclination_Asymmetry_2_03.csv,1
11,2,1,3,2,2.298,2298,6.41,6.63,-1.43,9.3322,-0.0884,-0.072,-0.0404,-44.75,99.13,108.44,7.2499,6.8863,-1.0129,10.0502,P011_Barbell_Back_Squats_Inclination_Asymmetry_2_03.csv,2
11,2,1,3,2,2.428,2428,6.93,6.85,-1.19,9.8165,-0.0251,-0.1145,0.2509,-45.56,98.88,110.0,7.2077,6.8815,-1.0363,10.019,P011_Barbell_Back_Squats_Inclination_Asymmetry_2_03.csv,2
11,2,1,3,2,2.558,2558,7.27,6.64,-0.92,9.8888,-0.0131,-0.096,-0.0545,-47.0,98.38,112.0,7.2159,6.8497,-1.0209,10.0015,P011_Barbell_Back_Squats_Inclination_Asymmetry_2_03.csv,2
11,2,1,3,2,2.688,2688,6.21,6.35,-1.0,8.9379,-0.0305,-0.0447,-0.0818,-46.0,97.88,111.5,7.0834,6.7838,-1.0182,9.8606,P011_Barbell_Back_Squats_Inclination_Asymmetry_2_03.csv,2
11,2,1,3,2,2.861,2861,7.87,7.02,-0.93,10.5869,0.0,0.0055,0.1909,-47.44,98.25,113.19,7.187,6.8149,-1.0066,9.9554,P011_Barbell_Back_Squats_Inclination_Asymmetry_2_03.csv,2
11,2,1,3,2,2.996,2996,7.2,6.62,-0.78,9.8119,0.0469,-0.0338,-0.1156,-47.44,97.94,113.06,7.1887,6.7893,-0.9767,9.9361,P011_Barbell_Back_Squats_Inclination_Asymmetry_2_03.csv,2
11,2,1,3,2,3.127,3127,6.38,6.3,-1.0,9.0219,0.0556,-0.0033,0.0938,-47.19,97.38,112.63,7.0822,6.7248,-0.9798,9.8153,P011_Barbell_Back_Squats_Inclination_Asymmetry_2_03.csv,2
11,2,1,3,2,3.257,3257,7.76,6.61,-0.66,10.215,0.0393,0.0251,0.2967,-48.69,97.44,113.75,7.1715,6.7097,-0.9376,9.8655,P011_Barbell_Back_Squats_Inclination_Asymmetry_2_03.csv,2
11,2,1,3,2,3.388,3388,8.51,6.42,-1.0,10.7068,-0.0153,0.0469,0.0087,-50.19,97.88,115.0,7.3479,6.6715,-0.9459,9.9697,P011_Barbell_Back_Squats_Inclination_Asymmetry_2_03.csv,2
11,2,1,3,2,3.518,3518,7.47,6.66,-0.84,10.043,-0.0175,0.0087,-0.3098,-48.56,98.0,113.38,7.364,6.67,-0.9319,9.9792,P011_Barbell_Back_Squats_Inclination_Asymmetry_2_03.csv,2
11,2,1,3,2,3.649,3649,7.31,6.76,-1.05,10.0118,-0.0327,-0.0175,0.132,-48.06,98.13,113.06,7.3569,6.6818,-0.9475,9.9834,P011_Barbell_Back_Squats_Inclination_Asymmetry_2_03.csv,2
11,2,1,3,2,3.779,3779,7.53,6.45,-0.99,9.9641,-0.0393,-0.0273,0.1909,-49.38,98.5,114.69,7.3797,6.6513,-0.9531,9.9804,P011_Barbell_Back_Squats_Inclination_Asymmetry_2_03.csv,2
11,2,1,3,2,3.952,3952,6.88,5.78,-0.79,9.0204,-0.0229,-0.1004,0.0982,-50.69,98.31,116.63,7.3138,6.5365,-0.9316,9.8532,P011_Barbell_Back_Squats_Inclination_Asymmetry_2_03.csv,2
11,2,1,3,2,4.082,4082,7.6,5.4,-0.82,9.3591,0.0033,-0.1582,0.3971,-52.94,97.5,119.38,7.3515,6.3867,-0.9169,9.7814,P011_Barbell_Back_Squats_Inclination_Asymmetry_2_03.csv,2
11,2,1,3,2,4.212,4212,7.39,5.48,-1.0,9.2543,-0.0076,-0.1004,-0.0251,-54.44,96.69,121.44,7.3566,6.2672,-0.9278,9.7087,P011_Barbell_Back_Squats_Inclination_Asymmetry_2_03.csv,2
11,2,1,3,2,4.342,4342,7.63,5.65,-0.48,9.5063,-0.0164,0.0055,-0.0316,-53.94,96.56,121.13,7.3926,6.1859,-0.8688,9.6784,P011_Barbell_Back_Squats_Inclination_Asymmetry_2_03.csv,2
11,2,1,3,2,4.472,4472,7.9,5.76,-0.46,9.7877,-0.024,0.0316,-0.0098,-54.0,96.63,121.25,7.4595,6.1298,-0.8149,9.6893,P011_Barbell_Back_Squats_Inclination_Asymmetry_2_03.csv,2
11,2,1,3,2,4.602,4602,7.89,5.79,-0.66,9.8088,-0.0131,0.0327,-0.0633,-53.5,96.94,120.69,7.5162,6.085,-0.7945,9.7032,P011_Barbell_Back_Squats_Inclination_Asymmetry_2_03.csv,2
11,2,1,3,2,4.732,4732,7.89,5.68,-0.77,9.7523,-0.0033,0.0251,-0.0665,-53.25,97.19,120.38,7.5655,6.0316,-0.7913,9.7079,P011_Barbell_Back_Squats_Inclination_Asymmetry_2_03.csv,2
11,2,1,3,2,4.862,4862,8.19,6.01,-0.76,10.1869,-0.0153,0.0055,-0.2083,-52.25,97.25,119.31,7.6478,6.0288,-0.7872,9.7701,P011_Barbell_Back_Squats_Inclination_Asymmetry_2_03.csv,2
11,2,1,3,2,5.035,5035,7.26,5.99,-0.73,9.4404,-0.0087,-0.0469,-0.0404,-50.31,96.88,117.69,7.5967,6.0237,-0.7796,9.7264,P011_Barbell_Back_Squats_Inclination_Asymmetry_2_03.csv,2
11,2,1,3,2,5.165,5165,6.77,5.95,-0.85,9.0531,0.0055,-0.0196,-0.2422,-49.88,96.5,117.38,7.4877,6.014,-0.7889,9.6362,P011_Barbell_Back_Squats_Inclination_Asymmetry_2_03.csv,2
11,2,1,3,2,5.295,5295,6.5,6.47,-0.53,9.1865,-0.0109,0.0436,-0.2891,-47.5,96.44,114.94,7.3576,6.0741,-0.7548,9.5707,P011_Barbell_Back_Squats_Inclination_Asymmetry_2_03.csv,2
11,2,1,3,2,5.425,5425,7.44,6.5,-0.72,9.9057,-0.0044,0.0371,0.1298,-47.63,96.81,114.88,7.3684,6.1302,-0.7502,9.6144,P011_Barbell_Back_Squats_Inclination_Asymmetry_2_03.csv,2
11,3,1,3,2,5.555,5555,7.59,6.64,-0.85,10.1203,0.0098,0.0273,-0.156,-47.5,97.13,114.69,7.3976,6.1974,-0.7634,9.6807,P011_Barbell_Back_Squats_Inclination_Asymmetry_2_03.csv,2
11,3,1,3,2,5.685,5685,6.92,6.86,-1.04,9.7994,0.0305,0.0284,-0.1505,-46.0,97.0,112.94,7.3347,6.2847,-0.7998,9.692,P011_Barbell_Back_Squats_Inclination_Asymmetry_2_03.csv,2
11,3,1,3,2,5.815,5815,6.91,6.67,-0.92,9.648,0.0469,0.0349,-0.0305,-45.25,97.0,111.75,7.2787,6.3355,-0.8157,9.6842,P011_Barbell_Back_Squats_Inclination_Asymmetry_2_03.csv,2
11,3,1,3,2,5.945,5945,6.76,6.99,-0.83,9.7594,0.0578,0.0589,-0.2389,-44.31,96.81,110.31,7.2104,6.4217,-0.8175,9.69,P011_Barbell_Back_Squats_Inclination_Asymmetry_2_03.csv,2
11,3,1,3,2,6.118,6118,6.77,6.85,-0.88,9.6711,-0.0022,0.0938,-0.0415,-42.81,97.0,108.06,7.1523,6.4781,-0.8258,9.6853,P011_Barbell_Back_Squats_Inclination_Asymmetry_2_03.csv,2
11,3,1,3,2,6.248,6248,6.61,7.05,-1.2,9.7383,-0.0862,0.1244,-0.0905,-42.19,98.06,107.13,7.0809,6.5535,-0.8751,9.6878,P011_Barbell_Back_Squats_Inclination_Asymmetry_2_03.csv,2
11,3,1,3,2,6.378,6378,7.06,7.43,-1.37,10.3405,-0.1036,0.0851,0.0011,-42.06,99.56,107.06,7.0781,6.669,-0.9403,9.7703,P011_Barbell_Back_Squats_Inclination_Asymmetry_2_03.csv,2
11,3,1,3,2,6.508,6508,6.61,7.38,-1.41,10.0072,-0.0633,0.0458,-0.1396,-41.38,100.5,106.5,7.0164,6.7627,-1.0022,9.7964,P011_Barbell_Back_Squats_Inclination_Asymmetry_2_03.csv,2
11,3,1,3,2,6.638,6638,6.66,7.73,-1.45,10.3059,-0.0371,0.0065,-0.1276,-40.31,100.88,105.63,6.9695,6.8902,-1.0612,9.8577,P011_Barbell_Back_Squats_Inclination_Asymmetry_2_03.csv,2
11,3,1,3,2,6.768,6768,6.39,8.1,-1.3,10.3987,0.0382,-0.0622,-0.1353,-39.5,100.5,104.88,6.8931,7.0496,-1.0927,9.92,P011_Barbell_Back_Squats_Inclination_Asymmetry_2_03.csv,2
11,3,1,3,2,6.898,6898,6.01,8.32,-1.52,10.3756,0.0665,-0.0175,-0.0131,-38.56,99.69,103.81,6.7767,7.217,-1.149,9.9664,P011_Barbell_Back_Squats_Inclination_Asymmetry_2_03.csv,2
11,3,1,3,2,7.028,7028,7.3,8.24,-1.3,11.085,0.0567,0.0109,0.348,-39.69,99.44,104.56,6.8457,7.3518,-1.1689,10.1133,P011_Barbell_Back_Squats_Inclination_Asymmetry_2_03.csv,2
11,3,1,3,2,7.201,7201,6.63,7.29,-1.35,9.946,-0.0327,-0.048,-0.2029,-40.44,99.31,105.44,6.8173,7.3437,-1.1928,10.0909,P011_Barbell_Back_Squats_Inclination_Asymmetry_2_03.csv,3
11,3,1,3,2,7.331,7331,6.28,7.48,-1.37,9.8623,-0.0262,-0.0665,0.1745,-40.38,99.13,105.81,6.7465,7.3616,-1.2161,10.0592,P011_Barbell_Back_Squats_Inclination_Asymmetry_2_03.csv,3
11,3,1,3,2,7.461,7461,6.98,7.31,-1.23,10.1818,-0.0131,-0.0305,0.1527,-42.0,99.13,107.75,6.7772,7.3548,-1.2179,10.0751,P011_Barbell_Back_Squats_Inclination_Asymmetry_2_03.csv,3
11,3,1,3,2,7.591,7591,6.89,7.21,-1.08,10.0311,0.0,-0.0338,0.0065,-42.38,99.06,108.31,6.7921,7.3357,-1.1998,10.069,P011_Barbell_Back_Squats_Inclination_Asymmetry_2_03.csv,3
11,3,1,3,2,7.721,7721,6.27,7.33,-1.23,9.7239,0.0076,-0.0218,0.0633,-42.38,98.81,108.5,6.7233,7.335,-1.2037,10.0227,P011_Barbell_Back_Squats_Inclination_Asymmetry_2_03.csv,3
11,3,1,3,2,7.851,7851,6.7,7.23,-1.18,9.9275,0.0175,0.0371,0.1767,-43.13,98.94,109.06,6.7202,7.3211,-1.2006,10.0101,P011_Barbell_Back_Squats_Inclination_Asymmetry_2_03.csv,3
11,3,1,3,2,7.981,7981,7.1,6.83,-0.88,9.8911,0.0229,0.0185,0.1713,-44.44,99.25,110.06,6.7703,7.2564,-1.1584,9.9917,P011_Barbell_Back_Squats_Inclination_Asymmetry_2_03.csv,3
11,3,1,3,2,8.112,8112,6.82,6.22,-0.91,9.2752,0.0644,-0.0742,0.2029,-45.5,98.69,111.13,6.7768,7.1199,-1.1256,9.8937,P011_Barbell_Back_Squats_Inclination_Asymmetry_2_03.csv,3
11,3,1,3,2,8.284,8284,7.29,6.37,-0.63,9.7014,0.0469,-0.0665,0.1745,-47.63,97.75,113.25,6.8445,7.021,-1.0603,9.8623,P011_Barbell_Back_Squats_Inclination_Asymmetry_2_03.csv,3
11,3,1,3,2,8.414,8414,5.99,5.65,-0.59,8.2553,0.0022,-0.0796,-0.1025,-47.63,96.94,113.44,6.7319,6.8404,-0.9983,9.6491,P011_Barbell_Back_Squats_Inclination_Asymmetry_2_03.csv,3
11,3,1,3,2,8.544,8544,7.5,5.95,-1.0,9.6256,-0.0327,-0.0022,0.4669,-49.69,97.13,115.81,6.8331,6.723,-0.9986,9.6378,P011_Barbell_Back_Squats_Inclination_Asymmetry_2_03.csv,3
11,3,1,3,2,8.674,8674,8.1,5.87,-0.79,10.0345,-0.0851,0.0076,-0.0764,-51.19,97.81,117.69,7.0,6.6106,-0.9711,9.677,P011_Barbell_Back_Squats_Inclination_Asymmetry_2_03.csv,3
11,3,1,3,2,8.804,8804,7.57,6.3,-0.88,9.8878,-0.0687,-0.0251,-0.0654,-50.25,98.19,117.31,7.0751,6.5697,-0.9591,9.7025,P011_Barbell_Back_Squats_Inclination_Asymmetry_2_03.csv,3
11,3,1,3,2,8.934,8934,7.79,6.42,-0.84,10.1295,-0.0284,-0.0731,0.0393,-50.69,98.06,118.19,7.1693,6.55,-0.9434,9.7566,P011_Barbell_Back_Squats_Inclination_Asymmetry_2_03.csv,3
11,3,1,3,2,9.064,9064,7.27,6.21,-0.98,9.6113,0.0076,-0.0578,-0.0556,-50.31,97.5,118.19,7.1826,6.5052,-0.9482,9.7368,P011_Barbell_Back_Squats_Inclination_Asymmetry_2_03.csv,3
11,3,1,3,2,9.194,9194,7.46,6.13,-0.81,9.6894,-0.0153,-0.0131,0.0676,-50.5,97.44,118.5,7.2192,6.4557,-0.93,9.7292,P011_Barbell_Back_Squats_Inclination_Asymmetry_2_03.csv,3
11,3,1,3,2,9.367,9367,7.65,5.97,-0.83,9.7392,-0.0327,0.0229,0.0524,-50.81,97.81,119.06,7.2759,6.3917,-0.9168,9.728,P011_Barbell_Back_Squats_Inclination_Asymmetry_2_03.csv,3
11,3,1,3,2,9.497,9497,7.54,6.0,-1.05,9.693,-0.0371,0.0305,-0.1298,-50.75,98.38,119.13,7.3107,6.3401,-0.9344,9.722,P011_Barbell_Back_Squats_Inclination_Asymmetry_2_03.csv,3
11,3,1,3,2,9.627,9627,7.35,6.38,-0.66,9.7551,0.0415,-0.0087,-0.18,-49.44,98.25,117.75,7.3159,6.3454,-0.8982,9.7259,P011_Barbell_Back_Squats_Inclination_Asymmetry_2_03.csv,3
11,3,1,3,2,9.757,9757,6.37,6.08,-1.01,8.8636,0.0698,-0.0131,-0.3065,-47.75,97.31,115.69,7.1913,6.3104,-0.9129,9.6109,P011_Barbell_Back_Squats_Inclination_Asymmetry_2_03.csv,3
11,4,1,3,2,9.887,9887,7.15,6.47,-0.77,9.6735,0.0709,0.0,0.0654,-46.81,96.75,114.38,7.1858,6.3314,-0.8941,9.6189,P011_Barbell_Back_Squats_Inclination_Asymmetry_2_03.csv,3
11,4,1,3,2,10.017,10017,6.98,6.53,-0.6,9.5771,0.0567,0.024,-0.2782,-46.69,96.25,113.81,7.1587,6.3576,-0.8554,9.6124,P011_Barbell_Back_Squats_Inclination_Asymmetry_2_03.csv,3
11,4,1,3,2,10.147,10147,6.93,7.1,-0.95,9.9668,-0.0033,0.0862,-0.2116,-44.56,96.31,111.31,7.1286,6.4554,-0.8678,9.6562,P011_Barbell_Back_Squats_Inclination_Asymmetry_2_03.csv,3
11,4,1,3,2,10.277,10277,7.42,7.3,-0.71,10.4331,0.0295,0.0785,-0.0458,-43.75,96.75,110.06,7.167,6.5667,-0.847,9.7573,P011_Barbell_Back_Squats_Inclination_Asymmetry_2_03.csv,3
11,4,1,3,2,10.45,10450,6.4,7.1,-1.06,9.6174,0.0905,0.048,-0.0676,-42.56,96.38,108.19,7.0659,6.637,-0.8751,9.7336,P011_Barbell_Back_Squats_Inclination_Asymmetry_2_03.csv,3
11,4,1,3,2,10.58,10580,6.56,6.91,-0.77,9.559,0.0785,0.0785,-0.1222,-41.88,96.25,106.63,6.9992,6.673,-0.8612,9.7087,P011_Barbell_Back_Squats_Inclination_Asymmetry_2_03.csv,3
11,4,1,3,2,10.71,10710,6.61,7.38,-0.89,9.9473,0.0185,0.0731,-0.1691,-40.75,96.44,104.88,6.9479,6.7661,-0.865,9.7367,P011_Barbell_Back_Squats_Inclination_Asymmetry_2_03.csv,3
11,4,1,3,2,10.84,10840,6.71,7.48,-1.05,10.1033,-0.0055,0.0436,0.0524,-40.63,96.81,104.44,6.9166,6.8602,-0.8894,9.7823,P011_Barbell_Back_Squats_Inclination_Asymmetry_2_03.csv,3
11,4,1,3,2,10.97,10970,6.73,7.64,-0.77,10.2106,-0.024,0.0196,-0.1538,-40.31,97.06,104.06,6.892,6.963,-0.8737,9.8359,P011_Barbell_Back_Squats_Inclination_Asymmetry_2_03.csv,3
11,4,1,3,2,11.1,11100,6.21,7.48,-0.81,9.7555,-0.0371,0.0153,-0.1102,-39.31,97.25,103.13,6.8021,7.0311,-0.8653,9.8211,P011_Barbell_Back_Squats_Inclination_Asymmetry_2_03.csv,3
11,4,1,3,2,11.23,11230,6.22,8.05,-1.3,10.2558,-0.0807,0.0142,0.0458,-39.0,97.69,103.0,6.7254,7.1654,-0.9226,9.8704,P011_Barbell_Back_Squats_Inclination_Asymmetry_2_03.csv,3
11,4,1,3,2,11.36,11360,6.76,8.32,-1.3,10.7986,-0.0927,0.0393,0.0273,-39.25,98.63,103.63,6.73,7.3175,-0.9723,9.9892,P011_Barbell_Back_Squats_Inclination_Asymmetry_2_03.csv,3
11,4,1,3,2,11.533,11533,7.26,8.55,-1.54,11.3217,-0.0687,0.0,-0.0164,-40.06,99.75,104.81,6.7998,7.4799,-1.0471,10.1628,P011_Barbell_Back_Squats_Inclination_Asymmetry_2_03.csv,3
11,4,1,3,2,11.663,11663,6.45,8.24,-1.52,10.574,0.0262,-0.0382,0.0654,-39.69,99.69,104.63,6.7537,7.5801,-1.1094,10.2128,P011_Barbell_Back_Squats_Inclination_Asymmetry_2_03.csv,3
11,4,1,3,2,11.793,11793,6.59,7.34,-1.23,9.9407,0.0218,-0.0207,0.1778,-41.13,99.5,106.06,6.7321,7.5484,-1.1253,10.1768,P011_Barbell_Back_Squats_Inclination_Asymmetry_2_03.csv,4
11,4,1,3,2,11.923,11923,6.72,7.16,-1.07,9.8777,-0.024,-0.0535,0.0938,-41.88,99.5,107.06,6.7305,7.4973,-1.118,10.137,P011_Barbell_Back_Squats_Inclination_Asymmetry_2_03.csv,4
11,4,1,3,2,12.053,12053,6.04,7.37,-1.34,9.6226,-0.0196,-0.0709,0.1374,-42.81,99.31,108.5,6.6396,7.4805,-1.1473,10.0677,P011_Barbell_Back_Squats_Inclination_Asymmetry_2_03.csv,4
11,4,1,3,2,12.183,12183,6.69,6.76,-0.98,9.5611,0.0295,-0.0622,0.3327,-44.69,99.13,110.63,6.6462,7.3855,-1.1252,9.9992,P011_Barbell_Back_Squats_Inclination_Asymmetry_2_03.csv,4
11,4,1,3,2,12.313,12313,6.78,6.29,-0.73,9.2771,0.0665,-0.0796,0.0687,-46.19,98.44,112.13,6.6638,7.2412,-1.0732,9.8991,P011_Barbell_Back_Squats_Inclination_Asymmetry_2_03.csv,4
11,4,1,3,2,12.443,12443,6.62,6.18,-0.82,9.0934,0.0578,-0.0796,0.1385,-46.75,97.25,112.69,6.6581,7.1013,-1.0398,9.7898,P011_Barbell_Back_Squats_Inclination_Asymmetry_2_03.csv,4
11,4,1,3,2,12.616,12616,7.55,6.05,-0.59,9.6929,0.0109,-0.0949,0.0676,-49.06,96.38,115.19,6.7756,6.9628,-0.9805,9.7648,P011_Barbell_Back_Squats_Inclination_Asymmetry_2_03.csv,4
11,4,1,3,2,12.746,12746,6.57,6.37,-0.92,9.1972,-0.0076,-0.0807,-0.1233,-48.13,95.56,114.69,6.7485,6.8847,-0.9725,9.6895,P011_Barbell_Back_Squats_Inclination_Asymmetry_2_03.csv,4
11,4,1,3,2,12.877,12877,7.41,6.28,-1.14,9.7799,-0.0502,0.0076,0.4363,-49.19,95.75,116.0,6.8357,6.805,-0.9946,9.6966,P011_Barbell_Back_Squats_Inclination_Asymmetry_2_03.csv,4
11,4,1,3,2,13.007,13007,7.83,6.07,-0.42,9.9162,-0.0709,0.012,0.0153,-51.19,96.56,118.31,6.9667,6.7082,-0.9189,9.7149,P011_Barbell_Back_Squats_Inclination_Asymmetry_2_03.csv,4
11,4,1,3,2,13.138,13138,7.82,6.11,-0.64,9.9446,0.0033,0.0175,0.0665,-51.06,96.69,118.31,7.0791,6.6293,-0.8821,9.7386,P011_Barbell_Back_Squats_Inclination_Asymmetry_2_03.csv,4
11,4,1,3,2,13.268,13268,8.03,5.98,-0.68,10.0351,0.024,-0.0251,0.0393,-52.0,96.56,119.25,7.2044,6.5438,-0.8555,9.7702,P011_Barbell_Back_Squats_Inclination_Asymmetry_2_03.csv,4
11,4,1,3,2,13.399,13399,7.69,5.88,-0.58,9.6978,0.0164,-0.0185,-0.0916,-51.5,96.19,118.69,7.2684,6.4563,-0.8192,9.7563,P011_Barbell_Back_Squats_Inclination_Asymmetry_2_03.csv,4
11,4,1,3,2,13.529,13529,7.72,6.09,-0.69,9.8571,0.0055,-0.0142,-0.1014,-51.19,95.94,118.44,7.3279,6.408,-0.8022,9.7675,P011_Barbell_Back_Squats_Inclination_Asymmetry_2_03.csv,4
11,4,1,3,2,13.706,13706,7.14,6.1,-0.52,9.4053,0.0044,0.0327,-0.036,-49.88,95.81,117.06,7.3032,6.3674,-0.765,9.7193,P011_Barbell_Back_Squats_Inclination_Asymmetry_2_03.csv,4
11,4,1,3,2,13.837,13837,7.49,5.82,-0.63,9.5063,0.0076,0.0709,0.0491,-50.25,96.38,117.19,7.3278,6.2953,-0.7472,9.6895,P011_Barbell_Back_Squats_Inclination_Asymmetry_2_03.csv,4
11,4,1,3,2,13.967,13967,7.19,6.18,-0.51,9.4947,0.0033,0.0665,-0.3174,-49.25,96.75,115.88,7.3096,6.2801,-0.7159,9.6635,P011_Barbell_Back_Squats_Inclination_Asymmetry_2_03.csv,4
11,4,1,3,2,14.097,14097,6.95,6.14,-0.74,9.3032,-0.0218,0.0382,-0.1484,-47.81,96.88,114.25,7.2622,6.2616,-0.7191,9.6159,P011_Barbell_Back_Squats_Inclination_Asymmetry_2_03.csv,4
11,5,1,3,2,14.228,14228,6.74,6.37,-0.94,9.3214,-0.0513,0.0545,-0.1887,-46.56,97.44,113.0,7.1934,6.2759,-0.7482,9.5756,P011_Barbell_Back_Squats_Inclination_Asymmetry_2_03.csv,4
11,5,1,3,2,14.358,14358,6.95,6.8,-1.17,9.7934,-0.0447,0.0458,-0.192,-45.06,98.0,111.56,7.1613,6.345,-0.8038,9.6015,P011_Barbell_Back_Squats_Inclination_Asymmetry_2_03.csv,4
11,5,1,3,2,14.488,14488,7.1,6.91,-1.25,9.986,-0.0687,0.0447,0.0131,-44.38,98.81,111.0,7.1533,6.4194,-0.8626,9.65,P011_Barbell_Back_Squats_Inclination_Asymmetry_2_03.csv,4
11,5,1,3,2,14.619,14619,6.96,6.91,-1.13,9.8725,-0.0556,0.0262,-0.204,-43.94,99.5,110.81,7.1278,6.4841,-0.8978,9.6775,P011_Barbell_Back_Squats_Inclination_Asymmetry_2_03.csv,4
11,5,1,3,2,14.791,14791,6.48,7.6,-1.31,10.0731,0.0349,0.0273,-0.1614,-41.56,99.44,108.31,7.0424,6.6311,-0.9521,9.7198,P011_Barbell_Back_Squats_Inclination_Asymmetry_2_03.csv,4
11,5,1,3,2,14.921,14921,6.31,7.71,-1.22,10.0374,0.0764,0.0251,-0.1582,-40.38,99.0,106.69,6.9459,6.7733,-0.9874,9.7518,P011_Barbell_Back_Squats_Inclination_Asymmetry_2_03.csv,4
11,5,1,3,2,15.051,15051,6.3,7.57,-1.06,9.9055,0.0851,0.0502,-0.0076,-39.75,98.56,105.44,6.8608,6.8783,-0.997,9.766,P011_Barbell_Back_Squats_Inclination_Asymmetry_2_03.csv,4
11,5,1,3,2,15.181,15181,6.18,7.4,-1.11,9.7049,0.0065,0.1047,-0.0949,-39.5,98.63,104.44,6.7711,6.947,-1.0119,9.7536,P011_Barbell_Back_Squats_Inclination_Asymmetry_2_03.csv,4
11,5,1,3,2,15.311,15311,6.59,7.63,-1.22,10.1555,-0.0513,0.1047,0.0567,-38.88,99.38,103.38,6.7472,7.037,-1.0393,9.8043,P011_Barbell_Back_Squats_Inclination_Asymmetry_2_03.csv,4
11,5,1,3,2,15.441,15441,6.59,7.56,-1.39,10.1249,-0.0753,0.0611,-0.0491,-39.06,100.31,103.5,6.7265,7.1059,-1.0855,9.8447,P011_Barbell_Back_Squats_Inclination_Asymmetry_2_03.csv,4
11,5,1,3,2,15.571,15571,6.38,7.96,-1.49,10.3095,-0.072,0.024,-0.1298,-38.13,101.0,102.75,6.6808,7.2185,-1.1388,9.9014,P011_Barbell_Back_Squats_Inclination_Asymmetry_2_03.csv,4
11,5,1,3,2,15.701,15701,5.88,7.74,-1.66,9.8609,-0.0535,0.0196,0.0393,-37.81,101.44,102.69,6.5753,7.2872,-1.2075,9.8892,P011_Barbell_Back_Squats_Inclination_Asymmetry_2_03.csv,4
11,5,1,3,2,15.874,15874,6.1,7.71,-1.58,9.9574,-0.0393,0.0644,-0.0273,-37.75,102.25,102.63,6.5127,7.3429,-1.2566,9.8951,P011_Barbell_Back_Squats_Inclination_Asymmetry_2_03.csv,4
11,5,1,3,2,16.004,16004,6.3,7.6,-1.82,10.038,-0.0218,0.0295,0.0665,-37.94,102.75,102.69,6.4847,7.3768,-1.3308,9.9116,P011_Barbell_Back_Squats_Inclination_Asymmetry_2_03.csv,4
11,5,1,3,2,16.134,16134,6.2,7.64,-1.87,10.0153,-0.0262,-0.0065,0.0687,-38.38,103.0,103.25,6.4471,7.4115,-1.4019,9.9228,P011_Barbell_Back_Squats_Inclination_Asymmetry_2_03.csv,4
11,5,1,3,2,16.264,16264,6.52,7.93,-1.95,10.4498,-0.0153,-0.0262,-0.0055,-38.63,103.06,103.63,6.4567,7.4798,-1.4741,9.9905,P011_Barbell_Back_Squats_Inclination_Asymmetry_2_03.csv,4
11,5,1,3,2,16.394,16394,6.94,8.13,-1.96,10.8675,-0.0175,-0.0535,0.1429,-39.19,103.0,104.5,6.5204,7.5655,-1.5381,10.1054,P011_Barbell_Back_Squats_Inclination_Asymmetry_2_03.csv,4
11,5,1,3,2,16.524,16524,6.92,7.97,-1.96,10.7354,-0.0458,-0.0567,0.0731,-39.94,103.0,105.75,6.5731,7.6188,-1.5937,10.1878,P011_Barbell_Back_Squats_Inclination_Asymmetry_2_03.csv,4
11,5,1,3,2,16.654,16654,6.94,7.73,-1.7,10.5265,-0.0578,-0.0774,0.0785,-40.75,103.13,107.19,6.6214,7.6334,-1.6077,10.2322,P011_Barbell_Back_Squats_Inclination_Asymmetry_2_03.csv,4
11,5,1,3,2,16.785,16785,6.63,7.5,-1.39,10.1064,-0.024,-0.1353,0.1658,-41.69,102.75,108.81,6.6226,7.6159,-1.579,10.2153,P011_Barbell_Back_Squats_Inclination_Asymmetry_2_03.csv,5
11,5,1,3,2,16.957,16957,6.0,6.96,-1.58,9.3241,0.0382,-0.1178,0.2465,-43.31,102.06,111.25,6.5405,7.5294,-1.5792,10.0978,P011_Barbell_Back_Squats_Inclination_Asymmetry_2_03.csv,5
11,5,1,3,2,17.087,17087,6.63,6.26,-1.35,9.2178,0.1134,-0.0807,0.3196,-45.38,101.38,113.25,6.5523,7.3622,-1.549,9.9766,P011_Barbell_Back_Squats_Inclination_Asymmetry_2_03.csv,5
11,5,1,3,2,17.217,17217,6.63,5.94,-1.06,8.9646,0.1189,-0.0676,0.1287,-47.0,100.25,114.5,6.5626,7.1748,-1.4845,9.8361,P011_Barbell_Back_Squats_Inclination_Asymmetry_2_03.csv,5
11,5,1,3,2,17.347,17347,6.29,5.68,-0.77,8.51,0.0971,-0.0469,0.1134,-47.63,99.06,114.69,6.5266,6.9778,-1.3904,9.655,P011_Barbell_Back_Squats_Inclination_Asymmetry_2_03.csv,5
11,5,1,3,2,17.477,17477,7.37,5.55,-0.98,9.2779,0.0164,-0.0207,0.3709,-49.69,98.75,116.56,6.6378,6.7896,-1.3363,9.5888,P011_Barbell_Back_Squats_Inclination_Asymmetry_2_03.csv,5
11,5,1,3,2,17.607,17607,7.68,5.82,-0.87,9.6753,-0.0436,-0.012,0.0044,-51.0,99.0,118.13,6.7751,6.6619,-1.2749,9.5869,P011_Barbell_Back_Squats_Inclination_Asymmetry_2_03.csv,5
11,5,1,3,2,17.737,17737,7.61,5.8,-1.03,9.6236,-0.0447,0.0131,0.2291,-51.5,99.44,118.94,6.8851,6.5483,-1.2426,9.5828,P011_Barbell_Back_Squats_Inclination_Asymmetry_2_03.csv,5
11,5,1,3,2,17.867,17867,8.21,5.67,-0.81,10.0104,-0.0251,-0.0011,0.1113,-53.63,100.19,121.25,7.0597,6.4326,-1.1856,9.6241,P011_Barbell_Back_Squats_Inclination_Asymmetry_2_03.csv,5
11,5,1,3,2,18.04,18040,7.66,5.86,-1.04,9.7004,0.036,0.0011,-0.1124,-52.56,99.75,120.06,7.1388,6.3571,-1.1664,9.63,P011_Barbell_Back_Squats_Inclination_Asymmetry_2_03.csv,5
11,5,1,3,2,18.17,18170,7.83,5.72,-0.98,9.7462,0.0338,-0.0065,0.0153,-52.75,99.5,120.0,7.2299,6.2732,-1.1418,9.6399,P011_Barbell_Back_Squats_Inclination_Asymmetry_2_03.csv,5
11,5,1,3,2,18.3,18300,7.64,5.84,-0.89,9.6575,0.0382,0.0011,-0.0502,-52.25,99.13,119.31,7.2839,6.2161,-1.1087,9.6397,P011_Barbell_Back_Squats_Inclination_Asymmetry_2_03.csv,5
11,5,1,3,2,18.43,18430,7.72,5.7,-0.91,9.6393,0.0295,0.0065,-0.0022,-52.31,98.88,119.13,7.3414,6.1481,-1.0825,9.6367,P011_Barbell_Back_Squats_Inclination_Asymmetry_2_03.csv,5
11,5,1,3,2,18.56,18560,7.76,5.64,-0.87,9.6325,-0.0022,0.0196,-0.0055,-52.25,98.88,119.0,7.3966,6.0811,-1.0545,9.6333,P011_Barbell_Back_Squats_Inclination_Asymmetry_2_03.csv,5
11,5,1,3,2,18.69,18690,7.83,5.72,-0.85,9.734,-0.0033,0.0327,-0.1058,-52.0,99.0,118.63,7.4537,6.0335,-1.0275,9.6445,P011_Barbell_Back_Squats_Inclination_Asymmetry_2_03.csv,5
11,5,1,3,2,18.82,18820,7.1,5.6,-0.76,9.0746,0.0098,0.0196,-0.336,-50.63,99.0,117.13,7.4071,5.9764,-0.9923,9.569,P011_Barbell_Back_Squats_Inclination_Asymmetry_2_03.csv,5
11,5,1,3,2,18.95,18950,6.81,6.39,-1.03,9.3952,-0.0033,0.0175,-0.1724,-48.19,98.69,114.63,7.3284,6.0309,-0.9972,9.5431,P011_Barbell_Back_Squats_Inclination_Asymmetry_2_03.csv,5
11,5,1,3,2,19.123,19123,7.04,6.08,-1.0,9.3556,-0.0218,0.048,-0.0622,-47.75,98.88,114.06,7.2904,6.0374,-0.9976,9.5181,P011_Barbell_Back_Squats_Inclination_Asymmetry_2_03.csv,5
11,5,1,3,2,19.253,19253,7.07,6.3,-1.08,9.5311,-0.084,0.1091,-0.1811,-47.0,99.94,113.31,7.2613,6.072,-1.0085,9.5191,P011_Barbell_Back_Squats_Inclination_Asymmetry_2_03.csv,5
11,6,1,3,2,19.383,19383,6.8,6.52,-1.22,9.4994,-0.1233,0.0731,-0.1963,-45.38,101.06,111.88,7.2006,6.131,-1.0363,9.5137,P011_Barbell_Back_Squats_Inclination_Asymmetry_2_03.csv,5
11,6,1,3,2,19.513,19513,6.82,6.74,-1.44,9.6961,-0.1244,0.0404,-0.0993,-44.63,102.25,111.69,7.1504,6.2113,-1.0895,9.5339,P011_Barbell_Back_Squats_Inclination_Asymmetry_2_03.csv,5
11,6,1,3,2,19.643,19643,6.6,7.17,-1.64,9.8822,-0.0665,0.0207,-0.2269,-43.31,102.88,110.69,7.0779,6.3376,-1.1621,9.5714,P011_Barbell_Back_Squats_Inclination_Asymmetry_2_03.csv,5
11,6,1,3,2,19.773,19773,6.53,7.04,-1.68,9.7481,-0.0142,0.0175,-0.1745,-42.13,103.0,109.56,7.0057,6.4302,-1.2303,9.5885,P011_Barbell_Back_Squats_Inclination_Asymmetry_2_03.csv,5
11,6,1,3,2,19.903,19903,6.34,7.22,-1.79,9.7738,-0.0175,0.0295,-0.108,-40.94,103.06,108.38,6.918,6.5342,-1.3041,9.605,P011_Barbell_Back_Squats_Inclination_Asymmetry_2_03.csv,5
11,6,1,3,2,20.033,20033,6.23,7.45,-1.97,9.9094,-0.0371,0.0709,-0.1014,-40.19,103.5,107.44,6.8273,6.6549,-1.3918,9.6352,P011_Barbell_Back_Squats_Inclination_Asymmetry_2_03.csv,5
11,6,1,3,2,20.206,20206,6.83,7.94,-1.96,10.6552,-0.0436,0.06,0.0175,-39.44,104.63,106.63,6.8277,6.8243,-1.4667,9.7641,P011_Barbell_Back_Squats_Inclination_Asymmetry_2_03.csv,5
11,6,1,3,2,20.336,20336,6.8,7.67,-2.12,10.4672,0.0262,0.0076,0.0502,-40.06,104.88,107.13,6.824,6.9357,-1.5528,9.853,P011_Barbell_Back_Squats_Inclination_Asymmetry_2_03.csv,5
11,6,1,3,2,20.466,20466,6.65,7.63,-1.85,10.2889,0.0535,0.0055,-0.0458,-39.69,104.5,106.56,6.8011,7.0272,-1.5919,9.9081,P011_Barbell_Back_Squats_Inclination_Asymmetry_2_03.csv,5
11,6,1,3,2,20.596,20596,6.53,7.44,-1.85,10.0706,0.0491,-0.0022,0.0218,-39.81,104.06,106.31,6.7654,7.0816,-1.626,9.9279,P011_Barbell_Back_Squats_Inclination_Asymmetry_2_03.csv,5
11,6,1,3,2,20.726,20726,6.44,7.24,-1.83,9.861,0.0153,0.0076,0.0371,-39.94,103.81,106.19,6.7225,7.1025,-1.6528,9.9181,P011_Barbell_Back_Squats_Inclination_Asymmetry_2_03.csv,5
11,6,1,3,2,20.857,20857,7.13,7.67,-1.94,10.6503,-0.0284,0.0087,0.0818,-40.63,104.0,106.94,6.7762,7.1773,-1.6907,10.0144,P011_Barbell_Back_Squats_Inclination_Asymmetry_2_03.csv,5
11,6,1,3,2,20.987,20987,7.05,7.67,-1.98,10.6043,-0.0502,-0.0295,0.0404,-40.94,104.31,107.63,6.8123,7.2422,-1.7288,10.0918,P011_Barbell_Back_Squats_Inclination_Asymmetry_2_03.csv,5
11,6,1,3,2,21.117,21117,7.22,7.49,-2.03,10.5995,-0.0436,-0.084,0.1985,-42.13,104.56,109.44,6.866,7.2748,-1.7685,10.1584,P011_Barbell_Back_Squats_Inclination_Asymmetry_2_03.csv,5
11,6,1,3,2,21.29,21290,6.82,7.27,-1.85,10.1384,0.0316,-0.1374,0.1669,-43.69,103.94,111.81,6.8599,7.2742,-1.7792,10.1557,P011_Barbell_Back_Squats_Inclination_Asymmetry_2_03.csv,6
11,6,1,3,2,21.422,21422,7.05,7.01,-1.4,10.0401,0.0622,-0.1091,0.2203,-45.31,103.13,113.69,6.885,7.2394,-1.7293,10.1391,P011_Barbell_Back_Squats_Inclination_Asymmetry_2_03.csv,6
11,6,1,3,2,21.553,21553,6.56,6.41,-1.42,9.2811,0.0502,-0.0687,0.1276,-46.25,102.25,114.63,6.8422,7.1301,-1.6885,10.0252,P011_Barbell_Back_Squats_Inclination_Asymmetry_2_03.csv,6
11,6,1,3,2,21.687,21687,7.29,5.95,-1.09,9.4728,0.048,-0.0491,0.4178,-48.31,102.06,116.69,6.9012,6.9746,-1.6096,9.9429,P011_Barbell_Back_Squats_Inclination_Asymmetry_2_03.csv,6
11,6,1,3,2,21.818,21818,6.59,5.32,-0.91,8.5181,0.0556,-0.108,-0.1538,-49.56,101.13,117.88,6.8602,6.7566,-1.5174,9.7476,P011_Barbell_Back_Squats_Inclination_Asymmetry_2_03.csv,6
11,6,1,3,2,21.948,21948,6.75,5.81,-1.38,9.0124,0.0676,-0.0993,0.324,-49.69,99.81,118.0,6.8457,6.6318,-1.4993,9.6484,P011_Barbell_Back_Squats_Inclination_Asymmetry_2_03.csv,6
11,6,1,3,2,22.079,22079,7.52,5.18,-1.03,9.1893,0.0295,-0.0273,0.2651,-53.13,99.69,121.31,6.9345,6.4405,-1.4375,9.5726,P011_Barbell_Back_Squats_Inclination_Asymmetry_2_03.csv,6
11,7,1,3,2,22.209,22209,7.91,5.59,-1.1,9.7481,-0.024,0.072,0.0938,-53.75,100.31,121.88,7.0631,6.3284,-1.393,9.5852,P011_Barbell_Back_Squats_Inclination_Asymmetry_2_03.csv,6
11,7,1,3,2,22.382,22382,8.03,5.82,-1.04,9.9717,-0.0262,0.0109,-0.1342,-54.0,100.88,122.19,7.1905,6.2614,-1.3465,9.6292,P011_Barbell_Back_Squats_Inclination_Asymmetry_2_03.csv,6
11,7,1,3,2,22.513,22513,8.08,5.5,-1.11,9.8371,0.0153,0.0011,0.2149,-54.5,100.94,122.69,7.3077,6.1611,-1.3153,9.6484,P011_Barbell_Back_Squats_Inclination_Asymmetry_2_03.csv,6
11,7,1,3,2,22.643,22643,8.13,5.46,-1.12,9.8571,0.012,-0.0098,-0.1593,-54.81,100.88,122.88,7.4161,6.0687,-1.2896,9.669,P011_Barbell_Back_Squats_Inclination_Asymmetry_2_03.csv,6
11,7,1,3,2,22.774,22774,7.87,5.69,-1.03,9.766,0.036,-0.0175,0.0142,-54.0,100.44,122.0,7.4759,6.0188,-1.2554,9.6794,P011_Barbell_Back_Squats_Inclination_Asymmetry_2_03.csv,6
11,7,1,3,2,22.905,22905,8.09,5.52,-0.96,9.8407,0.048,-0.024,-0.012,-54.44,100.0,122.19,7.5568,5.9531,-1.2165,9.6966,P011_Barbell_Back_Squats_Inclination_Asymmetry_2_03.csv,6
11,7,1,3,2,23.035,23035,7.77,5.63,-0.95,9.6422,0.024,-0.0229,-0.0884,-53.81,99.31,121.44,7.5849,5.9105,-1.1813,9.6881,P011_Barbell_Back_Squats_Inclination_Asymmetry_2_03.csv,6
11,7,1,3,2,23.166,23166,7.74,5.75,-0.89,9.6831,0.0065,-0.0087,-0.0316,-53.56,99.0,121.13,7.6053,5.8894,-1.143,9.6867,P011_Barbell_Back_Squats_Inclination_Asymmetry_2_03.csv,6
11,7,1,3,2,23.298,23298,7.79,5.69,-0.87,9.6859,-0.0065,0.0055,0.0153,-53.5,98.94,121.06,7.6297,5.8631,-1.107,9.6857,P011_Barbell_Back_Squats_Inclination_Asymmetry_2_03.csv,6
11,7,1,3,2,23.471,23471,7.8,5.75,-0.88,9.7302,-0.0164,0.0011,0.0404,-53.56,99.13,121.31,7.6521,5.8482,-1.0771,9.691,P011_Barbell_Back_Squats_Inclination_Asymmetry_2_03.csv,6
11,7,1,3,2,23.603,23603,8.05,5.65,-0.89,9.8751,-0.0109,-0.0076,0.0731,-54.25,99.38,122.06,7.7045,5.8221,-1.0524,9.7141,P011_Barbell_Back_Squats_Inclination_Asymmetry_2_03.csv,6
11,7,1,3,2,23.733,23733,7.92,5.59,-0.96,9.7415,0.0022,-0.0055,0.0065,-54.38,99.44,122.19,7.7329,5.7915,-1.0402,9.7171,P011_Barbell_Back_Squats_Inclination_Asymmetry_2_03.csv,6
11,7,1,3,2,23.863,23863,7.89,5.39,-0.99,9.6065,0.0131,0.0153,0.0098,-54.5,99.44,122.31,7.7536,5.7386,-1.0336,9.7015,P011_Barbell_Back_Squats_Inclination_Asymmetry_2_03.csv,6
11,7,1,3,2,23.993,23993,7.44,5.17,-1.03,9.1183,0.0229,0.0676,-0.0087,-54.44,99.75,122.0,7.7123,5.6637,-1.0331,9.6241,P011_Barbell_Back_Squats_Inclination_Asymmetry_2_03.csv,6
11,7,1,3,2,24.124,24124,7.0,5.2,-1.07,8.7855,0.0535,0.1025,-0.3622,-53.38,100.06,120.38,7.6184,5.6026,-1.038,9.5135,P011_Barbell_Back_Squats_Inclination_Asymmetry_2_03.csv,6
11,7,1,3,2,24.254,24254,6.99,5.59,-0.61,8.9711,0.0196,0.1364,-0.396,-50.25,100.31,116.44,7.5356,5.6009,-0.9816,9.4403,P011_Barbell_Back_Squats_Inclination_Asymmetry_2_03.csv,6
11,8,1,3,2,24.385,24385,7.15,5.93,-1.18,9.3637,-0.0011,0.1276,-0.1625,-48.38,100.69,114.0,7.4848,5.6443,-1.0077,9.4285,P011_Barbell_Back_Squats_Inclination_Asymmetry_2_03.csv,6
11,8,1,3,2,24.558,24558,6.67,6.37,-1.64,9.3678,-0.1473,0.1767,-0.312,-45.31,102.5,110.69,7.3774,5.7399,-1.0911,9.4108,P011_Barbell_Back_Squats_Inclination_Asymmetry_2_03.csv,6
11,8,1,3,2,24.688,24688,7.41,7.23,-1.79,10.5064,-0.1494,0.1265,-0.0142,-44.38,104.63,109.94,7.3817,5.9363,-1.1832,9.5462,P011_Barbell_Back_Squats_Inclination_Asymmetry_2_03.csv,6
11,8,1,3,2,24.818,24818,6.84,7.4,-2.3,10.3361,-0.0807,0.0774,-0.2989,-43.19,105.81,109.06,7.3103,6.1291,-1.3303,9.6321,P011_Barbell_Back_Squats_Inclination_Asymmetry_2_03.csv,6
11,8,1,3,2,24.948,24948,6.72,7.52,-2.14,10.3096,0.0011,0.084,-0.0654,-41.5,106.31,107.19,7.2326,6.3124,-1.437,9.7068,P011_Barbell_Back_Squats_Inclination_Asymmetry_2_03.csv,6
11,8,1,3,2,25.078,25078,6.68,7.67,-2.09,10.3836,0.0949,0.0382,-0.1756,-40.88,106.13,105.94,7.1597,6.4913,-1.5231,9.7836,P011_Barbell_Back_Squats_Inclination_Asymmetry_2_03.csv,6
11,8,1,3,2,25.208,25208,6.14,7.14,-2.02,9.6312,0.1124,0.0295,-0.1233,-39.5,105.19,103.69,7.0254,6.5768,-1.5886,9.7536,P011_Barbell_Back_Squats_Inclination_Asymmetry_2_03.csv,6
11,8,1,3,2,25.338,25338,6.75,7.68,-2.07,10.4322,0.0524,0.0513,-0.0327,-39.25,104.88,102.75,6.9891,6.7222,-1.652,9.8369,P011_Barbell_Back_Squats_Inclination_Asymmetry_2_03.csv,6
11,8,1,3,2,25.468,25468,7.0,7.95,-2.13,10.8046,-0.0153,0.0076,-0.1025,-38.75,104.75,101.94,6.9905,6.884,-1.715,9.9598,P011_Barbell_Back_Squats_Inclination_Asymmetry_2_03.csv,6
11,8,1,3,2,25.641,25641,6.78,7.8,-2.24,10.5748,-0.0916,-0.0611,0.1004,-39.5,105.31,103.38,6.9628,7.0047,-1.7842,10.0364,P011_Barbell_Back_Squats_Inclination_Asymmetry_2_03.csv,6
11,8,1,3,2,25.772,25772,6.73,7.94,-2.35,10.6705,-0.0687,-0.0949,-0.0916,-39.63,105.56,104.44,6.9321,7.1279,-1.8587,10.1152,P011_Barbell_Back_Squats_Inclination_Asymmetry_2_03.csv,6
11,8,1,3,2,25.902,25902,6.87,7.87,-2.11,10.6577,-0.012,-0.1571,0.1811,-40.13,105.25,105.75,6.9239,7.2257,-1.8918,10.1848,P011_Barbell_Back_Squats_Inclination_Asymmetry_2_03.csv,6
11,8,1,3,2,26.033,26033,6.7,7.46,-1.8,10.1873,0.0229,-0.1854,0.1516,-41.88,104.38,108.31,6.8944,7.2566,-1.8797,10.1845,P011_Barbell_Back_Squats_Inclination_Asymmetry_2_03.csv,7
11,8,1,3,2,26.164,26164,6.32,6.98,-1.62,9.5544,0.0327,-0.1276,0.1222,-42.81,103.25,109.81,6.8187,7.2201,-1.8455,10.1011,P011_Barbell_Back_Squats_Inclination_Asymmetry_2_03.csv,7
11,8,1,3,2,26.294,26294,6.4,6.5,-1.48,9.2412,0.0251,-0.0949,0.1876,-44.0,102.56,111.31,6.7635,7.1252,-1.7973,9.9872,P011_Barbell_Back_Squats_Inclination_Asymmetry_2_03.csv,7
11,8,1,3,2,26.425,26425,6.26,6.06,-1.24,8.8005,0.0545,-0.1418,0.1854,-45.56,101.75,113.19,6.6972,6.9849,-1.7239,9.8292,P011_Barbell_Back_Squats_Inclination_Asymmetry_2_03.csv,7
11,8,1,3,2,26.559,26559,6.48,6.43,-1.16,9.2022,0.0774,-0.1604,0.3043,-47.13,100.5,115.0,6.6686,6.9118,-1.6496,9.7449,P011_Barbell_Back_Squats_Inclination_Asymmetry_2_03.csv,7
11,8,1,3,2,26.732,26732,7.21,5.36,-0.79,9.0187,0.0687,-0.1494,0.5116,-51.75,98.88,119.81,6.7399,6.7073,-1.5363,9.6319,P011_Barbell_Back_Squats_Inclination_Asymmetry_2_03.csv,7
11,8,1,3,2,26.862,26862,7.71,5.24,-0.96,9.3714,0.0404,-0.1014,0.2683,-54.88,97.94,123.13,6.8677,6.5139,-1.4604,9.5776,P011_Barbell_Back_Squats_Inclination_Asymmetry_2_03.csv,7
11,8,1,3,2,26.992,26992,7.99,5.22,-0.75,9.5735,0.0338,-0.0251,0.0567,-55.88,97.38,124.06,7.0156,6.3434,-1.3668,9.5565,P011_Barbell_Back_Squats_Inclination_Asymmetry_2_03.csv,7
11,8,1,3,2,27.122,27122,7.81,5.18,-0.89,9.4139,0.0175,-0.0196,-0.0273,-56.06,97.06,124.19,7.1203,6.1901,-1.3039,9.5245,P011_Barbell_Back_Squats_Inclination_Asymmetry_2_03.csv,7
11,8,1,3,2,27.252,27252,8.24,5.22,-0.52,9.7681,0.0087,0.0218,0.1724,-56.81,97.38,124.88,7.2679,6.0623,-1.2006,9.5401,P011_Barbell_Back_Squats_Inclination_Asymmetry_2_03.csv,7
11,8,1,3,2,27.382,27382,8.07,5.11,-0.58,9.5694,0.0175,0.0338,-0.0535,-56.88,97.38,124.75,7.3736,5.9368,-1.1189,9.5324,P011_Barbell_Back_Squats_Inclination_Asymmetry_2_03.csv,7
11,8,1,3,2,27.513,27513,8.55,4.94,-0.46,9.8852,0.0065,0.0371,0.1494,-57.69,97.75,125.38,7.5286,5.8054,-1.032,9.5628,P011_Barbell_Back_Squats_Inclination_Asymmetry_2_03.csv,7
11,8,1,3,2,27.643,27643,8.33,5.16,-0.58,9.8158,-0.0153,0.0087,-0.1189,-57.81,97.69,125.44,7.6342,5.7204,-0.9725,9.589,P011_Barbell_Back_Squats_Inclination_Asymmetry_2_03.csv,7
11,8,1,3,2,27.816,27816,8.22,4.98,-0.66,9.6335,-0.0044,0.012,0.2051,-58.19,97.81,125.88,7.7114,5.6228,-0.9313,9.589,P011_Barbell_Back_Squats_Inclination_Asymmetry_2_03.csv,7
11,8,1,3,2,27.946,27946,8.46,4.79,-0.83,9.7573,-0.0262,0.0229,0.0185,-59.13,98.38,126.88,7.81,5.5131,-0.9179,9.6038,P011_Barbell_Back_Squats_Inclination_Asymmetry_2_03.csv,7
11,8,1,3,2,28.076,28076,8.27,4.89,-0.87,9.6469,-0.0295,0.0251,-0.0109,-58.94,98.88,126.81,7.8706,5.431,-0.9116,9.6059,P011_Barbell_Back_Squats_Inclination_Asymmetry_2_03.csv,7
11,8,1,3,2,28.206,28206,8.3,4.64,-0.79,9.5417,-0.0153,0.0425,-0.0731,-58.88,99.44,126.75,7.9272,5.3267,-0.8956,9.5926,P011_Barbell_Back_Squats_Inclination_Asymmetry_2_03.csv,7
11,8,1,3,2,28.336,28336,7.8,4.98,-0.9,9.2979,-0.0295,0.0524,-0.3447,-57.19,99.63,125.06,7.9105,5.281,-0.8962,9.5534,P011_Barbell_Back_Squats_Inclination_Asymmetry_2_03.csv,7
11,8,1,3,2,28.466,28466,7.93,5.28,-0.78,9.5589,-0.0262,0.072,-0.1156,-55.38,100.06,123.25,7.913,5.2809,-0.8809,9.5541,P011_Barbell_Back_Squats_Inclination_Asymmetry_2_03.csv,7
11,8,1,3,2,28.596,28596,7.42,5.08,-0.75,9.0236,0.0076,0.0295,-0.504,-53.44,100.25,121.19,7.8481,5.2544,-0.8636,9.484,P011_Barbell_Back_Squats_Inclination_Asymmetry_2_03.csv,7
11,8,1,3,2,28.726,28726,6.41,6.07,-1.15,8.9026,-0.0273,0.0513,-0.5661,-49.0,99.63,116.63,7.6586,5.3619,-0.9014,9.3923,P011_Barbell_Back_Squats_Inclination_Asymmetry_2_03.csv,7
11,9,1,3,2,28.899,28899,6.89,6.62,-1.46,9.6658,0.0,0.0971,-0.0185,-46.63,100.06,113.88,7.5573,5.5277,-0.975,9.4137,P011_Barbell_Back_Squats_Inclination_Asymmetry_2_03.csv,7
11,9,1,3,2,29.03,29030,7.14,6.65,-1.54,9.8779,-0.0556,0.0993,-0.1614,-45.94,101.19,112.94,7.5023,5.6756,-1.0494,9.4656,P011_Barbell_Back_Squats_Inclination_Asymmetry_2_03.csv,7
11,9,1,3,2,29.16,29160,7.19,6.99,-1.71,10.1725,-0.0425,0.0349,-0.0436,-45.13,102.06,112.19,7.4611,5.8488,-1.1365,9.5482,P011_Barbell_Back_Squats_Inclination_Asymmetry_2_03.csv,7
11,9,1,3,2,29.291,29291,6.88,7.17,-1.61,10.0665,0.0164,-0.0229,-0.1113,-44.38,102.06,111.5,7.3846,6.0229,-1.1989,9.6044,P011_Barbell_Back_Squats_Inclination_Asymmetry_2_03.csv,7
11,9,1,3,2,29.422,29422,7.0,6.71,-1.53,9.8166,0.0502,-0.0316,0.1254,-44.5,101.69,111.56,7.3339,6.1134,-1.2425,9.6283,P011_Barbell_Back_Squats_Inclination_Asymmetry_2_03.csv,7
11,9,1,3,2,29.552,29552,7.3,7.19,-1.38,10.3388,0.0371,0.0022,-0.1047,-44.69,101.31,111.56,7.3294,6.2553,-1.2606,9.7179,P011_Barbell_Back_Squats_Inclination_Asymmetry_2_03.csv,7
11,9,1,3,2,29.683,29683,6.65,7.12,-1.23,9.8199,0.0327,0.0382,-0.2127,-42.88,100.88,109.38,7.2399,6.3692,-1.2566,9.7243,P011_Barbell_Back_Squats_Inclination_Asymmetry_2_03.csv,7
11,9,1,3,2,29.815,29815,6.54,7.43,-1.44,10.0025,0.0087,0.0447,0.0022,-42.19,100.88,108.38,7.1477,6.509,-1.2808,9.7518,P011_Barbell_Back_Squats_Inclination_Asymmetry_2_03.csv,7
11,9,1,3,2,29.988,29988,7.14,7.84,-1.38,10.6934,0.0425,0.0665,0.0458,-42.44,101.19,108.13,7.1467,6.6844,-1.2938,9.8707,P011_Barbell_Back_Squats_Inclination_Asymmetry_2_03.csv,7
11,9,1,3,2,30.12,30120,7.78,7.94,-1.61,11.2323,0.0316,0.0415,0.1702,-42.88,101.25,108.06,7.2301,6.8499,-1.3355,10.0488,P011_Barbell_Back_Squats_Inclination_Asymmetry_2_03.csv,7
11,9,1,3,2,30.25,30250,7.78,7.42,-1.56,10.8636,-0.0044,-0.0076,0.0196,-44.13,101.56,109.19,7.3026,6.925,-1.3651,10.1561,P011_Barbell_Back_Squats_Inclination_Asymmetry_2_03.csv,7
11,9,1,3,2,30.38,30380,6.76,7.35,-1.53,10.1025,-0.0404,-0.0295,0.0742,-44.06,101.56,109.38,7.2311,6.981,-1.3868,10.1462,P011_Barbell_Back_Squats_Inclination_Asymmetry_2_03.csv,8
11,9,1,3,2,30.511,30511,7.31,6.79,-1.34,10.0666,-0.012,-0.0611,0.2553,-45.69,101.75,111.38,7.2415,6.9558,-1.3806,10.1355,P011_Barbell_Back_Squats_Inclination_Asymmetry_2_03.csv,8
11,9,1,3,2,30.641,30641,6.98,6.26,-1.4,9.4799,-0.0491,-0.0982,0.1418,-46.94,101.56,113.19,7.207,6.8641,-1.3832,10.0484,P011_Barbell_Back_Squats_Inclination_Asymmetry_2_03.csv,8
11,9,1,3,2,30.772,30772,7.1,6.34,-1.31,9.6084,-0.0611,-0.1014,0.0589,-47.69,101.44,114.75,7.1929,6.7951,-1.3736,9.9899,P011_Barbell_Back_Squats_Inclination_Asymmetry_2_03.csv,8
11,9,1,3,2,30.902,30902,6.87,5.9,-1.15,9.1285,-0.0556,-0.156,0.2334,-48.94,101.06,116.94,7.1504,6.6771,-1.3441,9.8751,P011_Barbell_Back_Squats_Inclination_Asymmetry_2_03.csv,8
11,9,1,3,2,31.075,31075,7.25,5.22,-0.71,8.9619,-0.0371,-0.1931,0.1745,-51.5,100.13,120.75,7.1635,6.4851,-1.2605,9.7448,P011_Barbell_Back_Squats_Inclination_Asymmetry_2_03.csv,8
11,9,1,3,2,31.205,31205,7.98,5.29,-0.83,9.6101,-0.1451,-0.2836,0.2236,-53.5,98.75,124.13,7.2711,6.3276,-1.2038,9.7137,P011_Barbell_Back_Squats_Inclination_Asymmetry_2_03.csv,8
11,9,1,3,2,31.335,31335,7.39,5.16,-0.57,9.0312,-0.2171,-0.2738,0.3534,-55.56,97.56,128.44,7.2868,6.1738,-1.1203,9.616,P011_Barbell_Back_Squats_Inclination_Asymmetry_2_03.csv,8
11,9,1,3,2,31.465,31465,8.3,4.51,-0.68,9.4706,-0.2782,-0.2269,0.6163,-59.75,97.5,135.06,7.4203,5.9545,-1.0623,9.5732,P011_Barbell_Back_Squats_Inclination_Asymmetry_2_03.csv,8
11,9,1,3,2,31.595,31595,8.9,4.39,-0.44,9.9336,-0.2803,-0.2618,0.4723,-63.5,97.13,141.44,7.6153,5.7484,-0.9803,9.5915,P011_Barbell_Back_Squats_Inclination_Asymmetry_2_03.csv,8
11,9,1,3,2,31.725,31725,8.68,3.7,-0.65,9.4581,-0.2716,-0.2149,0.1724,-66.25,95.94,146.75,7.7556,5.4784,-0.9367,9.5415,P011_Barbell_Back_Squats_Inclination_Asymmetry_2_03.csv,8
11,9,1,3,2,31.855,31855,8.37,4.4,-0.2,9.4582,-0.1974,-0.0698,-0.2214,-65.81,95.69,148.31,7.8365,5.3363,-0.8397,9.518,P011_Barbell_Back_Squats_Inclination_Asymmetry_2_03.csv,8
11,9,1,3,2,31.985,31985,8.51,4.73,-0.57,9.7528,-0.0436,0.0065,-0.0851,-64.06,95.25,147.31,7.9253,5.2564,-0.8041,9.5439,P011_Barbell_Back_Squats_Inclination_Asymmetry_2_03.csv,8
11,9,1,3,2,32.158,32158,8.48,4.72,-0.15,9.7063,0.1047,0.1124,-0.1713,-62.25,95.88,144.88,7.9984,5.1857,-0.7179,9.5594,P011_Barbell_Back_Squats_Inclination_Asymmetry_2_03.csv,8
11,9,1,3,2,32.289,32289,8.29,5.01,-0.58,9.7036,0.1996,0.1702,-0.1396,-60.56,96.19,141.69,8.0368,5.1626,-0.6998,9.5777,P011_Barbell_Back_Squats_Inclination_Asymmetry_2_03.csv,8
11,9,1,3,2,32.419,32419,8.49,4.63,-0.59,9.6884,0.2716,0.2018,0.1058,-60.5,96.88,139.5,8.0965,5.0924,-0.6853,9.5894,P011_Barbell_Back_Squats_Inclination_Asymmetry_2_03.csv,8
11,9,1,3,2,32.55,32550,8.43,4.46,-0.84,9.574,0.2978,0.24,-0.0229,-60.38,97.69,136.75,8.1405,5.0091,-0.7057,9.5842,P011_Barbell_Back_Squats_Inclination_Asymmetry_2_03.csv,8
11,9,1,3,2,32.681,32681,8.73,4.34,-0.79,9.7812,0.3229,0.2574,-0.0044,-60.63,99.13,134.31,8.2182,4.9209,-0.7168,9.6056,P011_Barbell_Back_Squats_Inclination_Asymmetry_2_03.csv,8
11,9,1,3,2,32.815,32815,7.63,4.23,-0.7,8.7521,0.3076,0.2378,-0.3272,-59.06,99.5,129.88,8.1407,4.8299,-0.7146,9.4925,P011_Barbell_Back_Squats_Inclination_Asymmetry_2_03.csv,8
11,9,1,3,2,32.945,32945,7.87,4.25,-0.95,8.9945,0.2193,0.2705,0.0545,-57.88,100.5,126.19,8.105,4.7534,-0.7456,9.4256,P011_Barbell_Back_Squats_Inclination_Asymmetry_2_03.csv,8
11,10,1,3,2,33.077,33077,8.25,5.13,-0.86,9.7529,0.1025,0.216,-0.516,-55.88,101.75,122.25,8.1241,4.8031,-0.7607,9.4683,P011_Barbell_Back_Squats_Inclination_Asymmetry_2_03.csv,8
11,10,1,3,2,33.25,33250,7.4,5.36,-1.23,9.2197,-0.012,0.1342,-0.0316,-52.06,102.63,117.31,8.0287,4.8765,-0.8225,9.4295,P011_Barbell_Back_Squats_Inclination_Asymmetry_2_03.csv,8
11,10,1,3,2,33.38,33380,8.22,5.7,-1.22,10.077,-0.0142,0.1069,-0.0982,-52.13,103.88,117.19,8.0539,4.985,-0.8749,9.5121,P011_Barbell_Back_Squats_Inclination_Asymmetry_2_03.csv,8
11,10,1,3,2,33.51,33510,7.8,6.27,-1.94,10.1939,-0.0327,0.0949,-0.5301,-49.5,104.13,114.31,8.0204,5.1543,-1.0153,9.5878,P011_Barbell_Back_Squats_Inclination_Asymmetry_2_03.csv,8
11,10,1,3,2,33.64,33640,7.64,6.73,-1.91,10.3591,-0.0415,0.0316,-0.2476,-46.44,104.19,111.13,7.9703,5.3619,-1.1332,9.6727,P011_Barbell_Back_Squats_Inclination_Asymmetry_2_03.csv,8
11,10,1,3,2,33.77,33770,7.37,6.86,-2.06,10.2772,-0.012,-0.0469,-0.2596,-45.63,104.25,110.63,7.8912,5.5594,-1.2553,9.7341,P011_Barbell_Back_Squats_Inclination_Asymmetry_2_03.csv,8
11,10,1,3,2,33.9,33900,6.4,7.42,-2.01,10.0028,0.0251,-0.0022,-0.4516,-42.69,103.38,107.63,7.6947,5.8045,-1.3547,9.7333,P011_Barbell_Back_Squats_Inclination_Asymmetry_2_03.csv,8
11,10,1,3,2,34.03,34030,6.68,7.59,-1.49,10.2201,0.0982,0.0175,-0.0185,-41.38,102.75,105.81,7.561,6.0398,-1.3726,9.774,P011_Barbell_Back_Squats_Inclination_Asymmetry_2_03.csv,8
11,10,1,3,2,34.16,34160,6.6,7.37,-1.65,10.0299,0.0709,0.0175,-0.1593,-40.75,101.88,104.56,7.4344,6.2151,-1.4091,9.792,P011_Barbell_Back_Squats_Inclination_Asymmetry_2_03.csv,8
11,10,1,3,2,34.333,34333,6.72,7.33,-1.55,10.0643,-0.0349,0.0993,-0.4123,-38.94,102.0,102.19,7.3402,6.362,-1.4277,9.818,P011_Barbell_Back_Squats_Inclination_Asymmetry_2_03.csv,8
11,10,1,3,2,34.463,34463,6.22,7.83,-1.71,10.145,-0.1113,0.0415,-0.0818,-36.75,102.63,100.0,7.1926,6.5555,-1.4649,9.8414,P011_Barbell_Back_Squats_Inclination_Asymmetry_2_03.csv,8
11,10,1,3,2,34.593,34593,6.96,8.47,-2.27,11.1953,-0.1549,-0.0382,0.1789,-37.69,103.81,101.69,7.162,6.8077,-1.571,10.0053,P011_Barbell_Back_Squats_Inclination_Asymmetry_2_03.csv,8
11,10,1,3,2,34.723,34723,7.13,8.47,-2.48,11.3458,-0.1407,-0.1244,0.1254,-39.13,104.75,104.5,7.1577,7.0268,-1.6908,10.1719,P011_Barbell_Back_Squats_Inclination_Asymmetry_2_03.csv,8
11,10,1,3,2,34.853,34853,6.69,8.05,-2.19,10.6937,-0.0535,-0.18,0.2793,-40.75,104.88,107.44,7.0961,7.1616,-1.7566,10.2337,P011_Barbell_Back_Squats_Inclination_Asymmetry_2_03.csv,8
11,10,1,3,2,34.983,34983,6.84,7.41,-1.79,10.242,0.0207,-0.1942,0.3894,-43.19,104.19,110.88,7.0624,7.1944,-1.761,10.2341,P011_Barbell_Back_Squats_Inclination_Asymmetry_2_03.csv,8
11,10,1,3,2,35.113,35113,6.91,6.43,-1.61,9.5752,0.0196,-0.1396,0.312,-46.06,103.5,114.31,7.0423,7.0936,-1.7411,10.1462,P011_Barbell_Back_Squats_Inclination_Asymmetry_2_03.csv,9
11,10,1,3,2,35.243,35243,7.08,6.01,-1.38,9.3889,-0.0513,-0.1069,0.2498,-48.25,103.25,117.19,7.0473,6.9508,-1.6935,10.0422,P011_Barbell_Back_Squats_Inclination_Asymmetry_2_03.csv,9
11,10,1,3,2,35.416,35416,6.74,5.72,-1.01,8.8975,-0.0665,-0.1342,0.0469,-50.19,103.06,120.38,7.0068,6.7886,-1.6034,9.8869,P011_Barbell_Back_Squats_Inclination_Asymmetry_2_03.csv,9
11,10,1,3,2,35.546,35546,6.22,5.57,-1.05,8.4152,0.0545,-0.1298,0.2323,-50.5,101.75,121.19,6.9031,6.6281,-1.5305,9.6916,P011_Barbell_Back_Squats_Inclination_Asymmetry_2_03.csv,9
11,10,1,3,2,35.676,35676,7.72,4.88,-1.31,9.2265,0.0894,-0.1058,0.661,-54.19,100.81,124.75,7.0107,6.3977,-1.5014,9.6091,P011_Barbell_Back_Squats_Inclination_Asymmetry_2_03.csv,9
11,10,1,3,2,35.806,35806,8.31,5.14,-1.3,9.8573,0.0393,-0.0436,0.06,-57.0,100.44,127.44,7.1819,6.232,-1.4749,9.6225,P011_Barbell_Back_Squats_Inclination_Asymmetry_2_03.csv,9
11,10,1,3,2,35.936,35936,8.18,5.28,-0.83,9.7714,0.0731,-0.0011,0.1538,-56.94,100.13,127.06,7.3135,6.1065,-1.3899,9.6285,P011_Barbell_Back_Squats_Inclination_Asymmetry_2_03.csv,9
11,10,1,3,2,36.066,36066,8.55,4.66,-0.89,9.778,0.1004,-0.0273,0.2596,-59.19,99.81,128.81,7.4764,5.9159,-1.324,9.6254,P011_Barbell_Back_Squats_Inclination_Asymmetry_2_03.csv,9
11,10,1,3,2,36.196,36196,8.33,4.52,-0.76,9.5077,0.0633,0.0098,-0.0011,-59.81,99.38,128.94,7.5889,5.732,-1.2497,9.5921,P011_Barbell_Back_Squats_Inclination_Asymmetry_2_03.csv,9
11,10,1,3,2,36.326,36326,8.4,4.43,-0.68,9.5209,0.024,0.0305,0.0382,-60.19,99.25,129.0,7.6958,5.5604,-1.1746,9.5668,P011_Barbell_Back_Squats_Inclination_Asymmetry_2_03.csv,9
11,10,1,3,2,36.499,36499,8.81,4.54,-0.73,9.9378,-0.012,0.0305,0.0273,-61.06,100.0,129.75,7.8426,5.4259,-1.116,9.6017,P011_Barbell_Back_Squats_Inclination_Asymmetry_2_03.csv,9
11,10,1,3,2,36.629,36629,8.5,4.7,-0.82,9.7474,-0.0131,0.0065,-0.1222,-60.56,100.13,129.25,7.9292,5.3303,-1.077,9.6148,P011_Barbell_Back_Squats_Inclination_Asymmetry_2_03.csv,9
11,10,1,3,2,36.759,36759,8.18,4.43,-0.67,9.3266,0.0175,-0.012,-0.1265,-59.81,99.88,128.5,7.9623,5.2116,-1.0234,9.5711,P011_Barbell_Back_Squats_Inclination_Asymmetry_2_03.csv,9
11,10,1,3,2,36.889,36889,7.37,5.47,-0.99,9.2314,0.0316,0.0011,-0.4723,-57.69,98.88,126.19,7.8842,5.2457,-1.019,9.5245,P011_Barbell_Back_Squats_Inclination_Asymmetry_2_03.csv,9
11,10,1,3,2,37.019,37019,8.14,5.74,-0.82,9.994,0.0284,0.0753,0.1647,-56.69,98.94,124.81,7.9179,5.3108,-0.9928,9.5856,P011_Barbell_Back_Squats_Inclination_Asymmetry_2_03.csv,9
11,10,1,3,2,37.149,37149,8.22,4.86,-0.68,9.5734,-0.0055,0.096,0.0207,-57.63,100.06,125.5,7.9577,5.2514,-0.9516,9.5817,P011_Barbell_Back_Squats_Inclination_Asymmetry_2_03.csv,9
11,10,1,3,2,37.279,37279,7.56,4.94,-0.96,9.0818,-0.0425,0.1822,-0.2989,-56.25,101.5,123.88,7.9053,5.2104,-0.9527,9.5158,P011_Barbell_Back_Squats_Inclination_Asymmetry_2_03.csv,9
11,11,1,3,2,37.409,37409,7.96,5.13,-1.33,9.5628,-0.0785,0.1353,-0.1069,-54.38,103.31,121.88,7.9125,5.1998,-1.0024,9.5211,P011_Barbell_Back_Squats_Inclination_Asymmetry_2_03.csv,9
11,11,1,3,2,37.582,37582,7.24,5.43,-1.81,9.2292,-0.1374,0.1331,-0.3338,-52.75,105.19,120.69,7.8239,5.2301,-1.1088,9.4761,P011_Barbell_Back_Squats_Inclination_Asymmetry_2_03.csv,9
11,11,1,3,2,37.713,37713,7.75,5.92,-2.03,9.9614,-0.1407,0.1069,-0.1756,-50.56,106.88,119.06,7.8142,5.321,-1.2302,9.5335,P011_Barbell_Back_Squats_Inclination_Asymmetry_2_03.csv,9
11,11,1,3,2,37.843,37843,7.59,6.09,-2.08,9.951,-0.0873,0.0556,-0.2051,-49.31,107.94,118.31,7.7846,5.4224,-1.3422,9.5814,P011_Barbell_Back_Squats_Inclination_Asymmetry_2_03.csv,9
11,11,1,3,2,37.973,37973,7.45,6.22,-2.17,9.9448,-0.0415,0.0055,-0.1996,-47.63,108.19,116.94,7.7405,5.5275,-1.4513,9.6216,P011_Barbell_Back_Squats_Inclination_Asymmetry_2_03.csv,9
11,11,1,3,2,38.104,38104,7.25,7.04,-2.25,10.3531,0.0251,-0.0447,-0.096,-46.44,107.63,115.75,7.6759,5.7268,-1.5565,9.7025,P011_Barbell_Back_Squats_Inclination_Asymmetry_2_03.csv,9
11,11,1,3,2,38.234,38234,6.7,6.39,-1.9,9.4516,0.0469,-0.0545,-0.0415,-46.31,106.88,115.56,7.5473,5.8142,-1.6018,9.6609,P011_Barbell_Back_Squats_Inclination_Asymmetry_2_03.csv,9
11,11,1,3,2,38.365,38365,7.08,6.75,-1.98,9.9804,0.024,0.0,-0.0404,-45.81,106.31,114.94,7.4857,5.9375,-1.6516,9.6963,P011_Barbell_Back_Squats_Inclination_Asymmetry_2_03.csv,9
11,11,1,3,2,38.496,38496,7.54,7.24,-2.08,10.6581,0.0153,-0.0065,-0.1004,-45.38,106.13,114.38,7.4929,6.1091,-1.7081,9.8174,P011_Barbell_Back_Squats_Inclination_Asymmetry_2_03.csv,9
11,11,1,3,2,38.672,38672,7.23,6.97,-1.99,10.2379,0.0404,-0.0404,0.0753,-45.38,105.5,114.25,7.4582,6.2226,-1.7452,9.8687,P011_Barbell_Back_Squats_Inclination_Asymmetry_2_03.csv,9
11,11,1,3,2,38.802,38802,7.38,6.96,-1.88,10.317,0.0218,-0.0273,-0.0567,-45.5,105.06,114.31,7.4479,6.3197,-1.763,9.9257,P011_Barbell_Back_Squats_Inclination_Asymmetry_2_03.csv,9
11,11,1,3,2,38.933,38933,7.12,6.81,-1.83,10.0209,0.0055,-0.0229,0.0425,-45.5,104.75,114.31,7.4047,6.3844,-1.7718,9.9362,P011_Barbell_Back_Squats_Inclination_Asymmetry_2_03.csv,9
11,11,1,3,2,39.063,39063,7.48,7.13,-1.93,10.5125,0.0109,0.0131,0.1178,-45.94,104.88,114.75,7.4146,6.4826,-1.7927,10.0107,P011_Barbell_Back_Squats_Inclination_Asymmetry_2_03.csv,9
11,11,1,3,2,39.194,39194,8.19,7.19,-1.84,11.0525,-0.0076,-0.0109,0.084,-46.75,105.19,115.56,7.5168,6.5758,-1.7989,10.1479,P011_Barbell_Back_Squats_Inclination_Asymmetry_2_03.csv,9
11,11,1,3,2,39.324,39324,7.58,6.88,-1.88,10.4079,-0.0218,-0.1036,0.1844,-47.69,105.0,116.88,7.5251,6.6159,-1.8096,10.182,P011_Barbell_Back_Squats_Inclination_Asymmetry_2_03.csv,9
11,11,1,3,2,39.454,39454,7.26,6.16,-1.71,9.6735,0.0065,-0.1145,0.3829,-50.06,104.75,119.81,7.4902,6.5558,-1.7965,10.1148,P011_Barbell_Back_Squats_Inclination_Asymmetry_2_03.csv,10
11,11,1,3,2,39.585,39585,7.87,5.44,-1.41,9.6705,0.0142,-0.1047,0.204,-52.44,104.31,122.44,7.5402,6.4088,-1.7455,10.0486,P011_Barbell_Back_Squats_Inclination_Asymmetry_2_03.csv,10
11,11,1,3,2,39.757,39757,7.24,5.31,-1.15,9.0519,-0.0011,-0.156,0.2094,-54.0,103.06,124.63,7.5007,6.264,-1.6671,9.9135,P011_Barbell_Back_Squats_Inclination_Asymmetry_2_03.csv,10
11,11,1,3,2,39.887,39887,6.9,4.79,-0.81,8.4386,0.0251,-0.1854,0.2814,-56.0,101.69,127.06,7.4215,6.0698,-1.5541,9.7127,P011_Barbell_Back_Squats_Inclination_Asymmetry_2_03.csv,10
11,11,1,3,2,40.017,40017,7.96,4.44,-0.92,9.1609,0.0218,-0.1647,0.4712,-59.0,100.31,130.44,7.4925,5.855,-1.4706,9.6219,P011_Barbell_Back_Squats_Inclination_Asymmetry_2_03.csv,10
11,11,1,3,2,40.147,40147,7.8,4.32,-0.75,8.9479,-0.0164,-0.0665,0.0207,-61.06,99.44,132.88,7.533,5.6527,-1.3756,9.518,P011_Barbell_Back_Squats_Inclination_Asymmetry_2_03.csv,10
11,11,1,3,2,40.277,40277,8.28,4.46,-0.96,9.4537,-0.0415,0.0349,0.2029,-61.44,99.81,133.44,7.6314,5.4956,-1.3208,9.4966,P011_Barbell_Back_Squats_Inclination_Asymmetry_2_03.csv,10
11,12,1,3,2,40.407,40407,9.28,4.47,-0.61,10.3185,-0.0316,0.0436,0.0567,-62.88,101.38,135.06,7.8487,5.3604,-1.2272,9.5834,P011_Barbell_Back_Squats_Inclination_Asymmetry_2_03.csv,10
11,12,1,3,2,40.537,40537,8.49,4.78,-0.87,9.7819,-0.0076,-0.0055,-0.2825,-61.31,100.94,133.63,7.9332,5.2839,-1.1801,9.6046,P011_Barbell_Back_Squats_Inclination_Asymmetry_2_03.csv,10
11,12,1,3,2,40.668,40668,8.52,4.54,-1.07,9.7132,0.0229,-0.0175,0.1462,-61.5,100.75,133.69,8.0105,5.1859,-1.1656,9.6136,P011_Barbell_Back_Squats_Inclination_Asymmetry_2_03.csv,10
11,12,1,3,2,40.841,40841,8.13,4.64,-0.86,9.4003,0.0011,0.0393,-0.1374,-60.38,100.5,132.5,8.0263,5.114,-1.1253,9.5833,P011_Barbell_Back_Squats_Inclination_Asymmetry_2_03.csv,10
11,12,1,3,2,40.971,40971,8.62,4.65,-0.78,9.8252,0.0098,0.0807,0.0,-60.5,101.31,132.44,8.1045,5.0528,-1.0798,9.6115,P011_Barbell_Back_Squats_Inclination_Asymmetry_2_03.csv,10
11,12,1,3,2,41.102,41102,8.12,4.83,-0.99,9.4997,-0.0316,0.0687,-0.1484,-59.19,101.88,131.0,8.1065,5.0235,-1.068,9.5964,P011_Barbell_Back_Squats_Inclination_Asymmetry_2_03.csv,10
11,12,1,3,2,41.232,41232,8.69,4.76,-1.09,9.968,0.0185,0.0665,0.1833,-59.69,102.94,131.44,8.1834,4.9887,-1.0709,9.6438,P011_Barbell_Back_Squats_Inclination_Asymmetry_2_03.csv,10
11,12,1,3,2,41.363,41363,8.53,4.57,-1.21,9.7524,0.0196,0.0458,-0.2585,-59.5,103.38,130.88,8.2291,4.9336,-1.0892,9.6563,P011_Barbell_Back_Squats_Inclination_Asymmetry_2_03.csv,10
11,12,1,3,2,41.493,41493,7.61,5.19,-1.17,9.2853,0.0251,0.0251,-0.2345,-57.5,102.88,128.63,8.1475,4.9674,-1.0999,9.6055,P011_Barbell_Back_Squats_Inclination_Asymmetry_2_03.csv,10
11,12,1,3,2,41.624,41624,7.84,5.42,-1.31,9.6207,0.0251,0.0545,-0.0327,-55.88,102.88,126.69,8.107,5.027,-1.1276,9.6055,P011_Barbell_Back_Squats_Inclination_Asymmetry_2_03.csv,10
11,12,1,3,2,41.755,41755,8.43,5.16,-1.15,9.9505,0.0556,0.06,0.0175,-56.31,103.38,126.63,8.1496,5.0445,-1.1305,9.6509,P011_Barbell_Back_Squats_Inclination_Asymmetry_2_03.csv,10
11,12,1,3,2,41.931,41931,7.85,5.27,-1.18,9.5283,-0.0142,0.0338,-0.2607,-54.75,103.44,124.69,8.1101,5.0742,-1.137,9.634,P011_Barbell_Back_Squats_Inclination_Asymmetry_2_03.csv,10
11,12,1,3,2,42.061,42061,7.78,5.48,-1.24,9.5967,0.0076,-0.0109,-0.0251,-53.94,103.19,123.88,8.0666,5.1277,-1.1506,9.6274,P011_Barbell_Back_Squats_Inclination_Asymmetry_2_03.csv,10
11,12,1,3,2,42.192,42192,7.59,5.7,-1.33,9.5847,-0.012,0.0207,-0.3327,-52.81,102.88,122.75,8.0038,5.2031,-1.1742,9.6183,P011_Barbell_Back_Squats_Inclination_Asymmetry_2_03.csv,10
11,12,1,3,2,42.322,42322,6.98,5.92,-1.56,9.2844,-0.0556,0.0709,-0.3622,-50.06,102.94,120.0,7.8689,5.2976,-1.2251,9.5648,P011_Barbell_Back_Squats_Inclination_Asymmetry_2_03.csv,10
11,12,1,3,2,42.453,42453,7.04,6.31,-1.41,9.5585,-0.0262,0.0535,-0.2116,-47.94,103.31,117.88,7.7597,5.431,-1.2494,9.5535,P011_Barbell_Back_Squats_Inclination_Asymmetry_2_03.csv,10
11,12,1,3,2,42.583,42583,6.95,6.41,-1.77,9.6189,-0.0262,0.0469,-0.0284,-46.94,103.56,116.81,7.653,5.56,-1.318,9.5508,P011_Barbell_Back_Squats_Inclination_Asymmetry_2_03.csv,10
11,12,1,3,2,42.713,42713,7.21,6.89,-1.71,10.1183,-0.0327,0.0884,-0.0785,-46.44,104.44,116.25,7.5946,5.7353,-1.3697,9.6149,P011_Barbell_Back_Squats_Inclination_Asymmetry_2_03.csv,10
11,12,1,3,2,42.844,42844,7.25,6.9,-1.85,10.1782,-0.0087,0.0644,-0.2029,-45.06,104.75,114.63,7.5492,5.8887,-1.433,9.681,P011_Barbell_Back_Squats_Inclination_Asymmetry_2_03.csv,10
11,12,1,3,2,43.016,43016,7.12,7.4,-1.63,10.3977,0.0829,-0.0044,0.0109,-44.13,104.44,113.25,7.4926,6.0879,-1.4589,9.7637,P011_Barbell_Back_Squats_Inclination_Asymmetry_2_03.csv,10
11,12,1,3,2,43.146,43146,6.84,6.69,-1.75,9.7265,0.144,-0.0284,0.0524,-44.25,103.44,112.75,7.4066,6.1672,-1.4973,9.7537,P011_Barbell_Back_Squats_Inclination_Asymmetry_2_03.csv,10
11,12,1,3,2,43.276,43276,6.98,6.92,-1.65,9.9664,0.1189,-0.0218,0.0894,-44.75,102.5,112.56,7.3504,6.2664,-1.5174,9.7775,P011_Barbell_Back_Squats_Inclination_Asymmetry_2_03.csv,10
11,12,1,3,2,43.406,43406,7.82,7.18,-1.58,10.7332,0.0665,0.0033,0.1047,-45.81,102.0,113.06,7.4123,6.3868,-1.5257,9.9026,P011_Barbell_Back_Squats_Inclination_Asymmetry_2_03.csv,10
11,12,1,3,2,43.536,43536,7.67,7.31,-1.47,10.697,0.0295,-0.0273,-0.0284,-45.75,101.56,112.75,7.4462,6.5085,-1.5183,10.0056,P011_Barbell_Back_Squats_Inclination_Asymmetry_2_03.csv,10
11,12,1,3,2,43.666,43666,8.12,7.37,-1.45,11.0614,-0.0153,-0.0578,0.3011,-47.0,101.5,114.19,7.535,6.622,-1.5093,10.1442,P011_Barbell_Back_Squats_Inclination_Asymmetry_2_03.csv,10
11,12,1,3,2,43.796,43796,7.84,7.06,-1.67,10.6817,-0.0458,-0.0273,0.3752,-49.56,102.0,117.25,7.5752,6.6797,-1.5305,10.2149,P011_Barbell_Back_Squats_Inclination_Asymmetry_2_03.csv,10
11,12,1,3,2,43.927,43927,7.63,6.37,-1.4,10.0376,0.0371,-0.0316,0.3011,-51.56,102.69,119.44,7.5824,6.6389,-1.5133,10.1911,P011_Barbell_Back_Squats_Inclination_Asymmetry_2_03.csv,10
11,12,1,3,2,44.1,44100,7.99,4.86,-1.24,9.4338,0.0938,-0.1036,0.7276,-56.0,102.5,123.56,7.6361,6.4045,-1.4773,10.0752,P011_Barbell_Back_Squats_Inclination_Asymmetry_2_03.csv,10
11,12,1,3,2,44.232,44232,7.91,4.43,-0.84,9.1049,0.0654,-0.132,0.2116,-59.75,101.75,127.19,7.6722,6.1443,-1.3933,9.9276,P011_Barbell_Back_Squats_Inclination_Asymmetry_2_03.csv,10
11,12,1,3,2,44.363,44363,7.97,4.26,-0.56,9.0544,0.1102,-0.1484,0.42,-61.69,100.13,128.88,7.7115,5.896,-1.2835,9.7917,P011_Barbell_Back_Squats_Inclination_Asymmetry_2_03.csv,10
11,12,1,3,2,44.497,44497,8.18,4.21,-0.26,9.2035,0.1156,-0.1669,-0.0153,-63.56,97.25,130.31,7.7732,5.6738,-1.1486,9.692,P011_Barbell_Back_Squats_Inclination_Asymmetry_2_03.csv,10
11,12,1,3,2,44.628,44628,8.1,3.84,-0.13,8.9651,0.1113,-0.1396,0.1625,-63.88,93.75,130.19,7.8163,5.4322,-1.0144,9.5724,P011_Barbell_Back_Squats_Inclination_Asymmetry_2_03.csv,10
11,12,1,3,2,44.759,44759,8.45,3.61,-0.73,9.2178,0.0436,-0.0644,0.192,-65.19,91.56,131.25,7.8998,5.1921,-0.9769,9.5036,P011_Barbell_Back_Squats_Inclination_Asymmetry_2_03.csv,10
11,12,1,3,2,44.889,44889,9.29,3.51,0.1,9.9315,-0.0218,-0.0142,-0.0622,-67.0,91.25,133.06,8.083,4.9704,-0.835,9.5256,P011_Barbell_Back_Squats_Inclination_Asymmetry_2_03.csv,10
11,12,1,3,2,45.02,45020,8.15,4.45,-0.05,9.2859,0.0251,-0.0404,-0.0273,-65.06,90.81,131.31,8.0918,4.9018,-0.7316,9.489,P011_Barbell_Back_Squats_Inclination_Asymmetry_2_03.csv,10
11,12,1,3,2,45.193,45193,8.75,3.46,0.15,9.4105,0.0131,-0.0644,0.2454,-67.63,88.81,133.75,8.1785,4.7118,-0.6154,9.4588,P011_Barbell_Back_Squats_Inclination_Asymmetry_2_03.csv,10
11,2,1,3,2,1.218,1218,-2.82,9.16,0.7,9.6098,0.0185,0.0273,0.0971,20.5,86.81,53.81,-2.7814,8.9285,0.5374,9.3671,P011_Barbell_Back_Squats_Inclination_Asymmetry_2_04.csv,1
11,2,1,3,2,1.348,1348,-3.29,8.32,0.38,8.9549,-0.0785,0.0033,-0.2105,20.38,86.88,53.81,-2.8485,8.8483,0.5167,9.3098,P011_Barbell_Back_Squats_Inclination_Asymmetry_2_04.csv,1
11,2,1,3,2,1.479,1479,-3.26,7.84,0.14,8.4919,-0.2083,-0.0109,-0.0098,22.13,87.94,51.69,-2.9027,8.7154,0.4671,9.198,P011_Barbell_Back_Squats_Inclination_Asymmetry_2_04.csv,1
11,2,1,3,2,1.609,1609,-3.37,8.42,-0.04,9.0694,-0.3982,-0.0578,0.3534,20.75,90.25,52.63,-2.9643,8.6765,0.4002,9.1776,P011_Barbell_Back_Squats_Inclination_Asymmetry_2_04.csv,1
11,2,1,3,2,1.74,1740,-3.78,9.92,-1.07,10.6696,-0.3938,0.0131,0.0055,18.69,93.25,53.88,-3.0718,8.8404,0.2065,9.3611,P011_Barbell_Back_Squats_Inclination_Asymmetry_2_04.csv,1
11,2,1,3,2,1.871,1871,-3.5,9.22,-1.13,9.9265,-0.2422,0.0731,-0.0851,18.88,95.38,52.75,-3.1282,8.8904,0.0304,9.4247,P011_Barbell_Back_Squats_Inclination_Asymmetry_2_04.csv,1
11,2,1,3,2,2.044,2044,-3.11,9.72,-0.93,10.2477,-0.0905,0.1582,0.0305,19.06,96.63,50.81,-3.1258,8.9997,-0.0962,9.5276,P011_Barbell_Back_Squats_Inclination_Asymmetry_2_04.csv,1
11,2,1,3,2,2.175,2175,-3.72,9.97,-1.2,10.7088,-0.0305,0.1374,-0.2345,19.94,96.63,48.75,-3.2041,9.1276,-0.2416,9.6766,P011_Barbell_Back_Squats_Inclination_Asymmetry_2_04.csv,1
11,2,1,3,2,2.308,2308,-3.93,9.99,-1.49,10.8381,-0.0076,0.0633,-0.1963,21.94,96.63,45.94,-3.2997,9.2412,-0.4061,9.8211,P011_Barbell_Back_Squats_Inclination_Asymmetry_2_04.csv,1
11,2,1,3,2,2.439,2439,-4.04,9.73,-1.41,10.6293,0.0513,-0.0382,-0.1396,23.0,96.56,44.88,-3.3973,9.3056,-0.5384,9.921,P011_Barbell_Back_Squats_Inclination_Asymmetry_2_04.csv,1
11,2,1,3,2,2.57,2570,-4.51,9.79,-1.11,10.8359,0.036,-0.084,0.0949,23.0,96.56,45.38,-3.5439,9.3695,-0.6137,10.0361,P011_Barbell_Back_Squats_Inclination_Asymmetry_2_04.csv,1
11,2,1,3,2,2.7,2700,-4.27,9.83,-1.12,10.7757,0.0447,-0.108,-0.0371,22.69,96.63,46.44,-3.6396,9.4301,-0.6804,10.131,P011_Barbell_Back_Squats_Inclination_Asymmetry_2_04.csv,1
11,2,1,3,2,2.831,2831,-3.98,9.15,-0.99,10.0271,0.0938,-0.0927,0.0022,22.69,96.44,47.38,-3.6845,9.3932,-0.7212,10.1157,P011_Barbell_Back_Squats_Inclination_Asymmetry_2_04.csv,2
11,2,1,3,2,2.961,2961,-3.57,8.39,-0.66,9.1418,0.0993,-0.0818,-0.0185,22.81,95.88,48.19,-3.6694,9.261,-0.7132,9.987,P011_Barbell_Back_Squats_Inclination_Asymmetry_2_04.csv,2
11,2,1,3,2,3.134,3134,-4.25,8.54,-0.52,9.5532,0.0556,-0.0611,-0.0818,23.31,95.31,48.63,-3.7459,9.166,-0.6877,9.9257,P011_Barbell_Back_Squats_Inclination_Asymmetry_2_04.csv,2
11,2,1,3,2,3.264,3264,-3.97,8.88,-0.72,9.7537,-0.0022,-0.0207,0.1702,23.19,95.06,49.06,-3.7754,9.1283,-0.692,9.9025,P011_Barbell_Back_Squats_Inclination_Asymmetry_2_04.csv,2
11,2,1,3,2,3.394,3394,-3.84,9.43,-0.67,10.2039,-0.0142,-0.0109,0.1658,21.75,95.0,50.56,-3.7839,9.1681,-0.6891,9.9422,P011_Barbell_Back_Squats_Inclination_Asymmetry_2_04.csv,2
11,2,1,3,2,3.524,3524,-3.88,9.32,-0.62,10.1144,-0.0382,0.0185,-0.0185,21.31,95.13,50.88,-3.7966,9.1881,-0.68,9.9648,P011_Barbell_Back_Squats_Inclination_Asymmetry_2_04.csv,2
11,2,1,3,2,3.654,3654,-3.88,9.31,-0.7,10.1104,-0.0415,0.0382,0.0284,21.31,95.44,50.5,-3.8076,9.2042,-0.6826,9.984,P011_Barbell_Back_Squats_Inclination_Asymmetry_2_04.csv,2
11,2,1,3,2,3.784,3784,-3.67,9.2,-0.8,9.9372,0.0055,0.0251,0.1691,20.75,95.38,50.81,-3.7895,9.2036,-0.6981,9.9777,P011_Barbell_Back_Squats_Inclination_Asymmetry_2_04.csv,2
11,2,1,3,2,3.915,3915,-3.2,8.95,-0.64,9.5264,0.0513,-0.0022,0.2596,19.06,95.0,52.56,-3.7118,9.1702,-0.6904,9.917,P011_Barbell_Back_Squats_Inclination_Asymmetry_2_04.csv,2
11,2,1,3,2,4.045,4045,-2.51,7.99,-0.49,8.3893,0.0535,-0.012,0.2389,17.06,94.5,54.69,-3.5534,9.0147,-0.664,9.7125,P011_Barbell_Back_Squats_Inclination_Asymmetry_2_04.csv,2
11,2,1,3,2,4.218,4218,-1.54,8.51,-0.47,8.661,0.0491,-0.0185,0.2673,15.19,93.88,56.94,-3.2881,8.9482,-0.6384,9.5545,P011_Barbell_Back_Squats_Inclination_Asymmetry_2_04.csv,2
11,2,1,3,2,4.348,4348,-2.29,8.26,0.09,8.572,-0.06,-0.0513,-0.0927,15.5,94.06,56.38,-3.1566,8.8575,-0.5425,9.4188,P011_Barbell_Back_Squats_Inclination_Asymmetry_2_04.csv,2
11,2,1,3,2,4.478,4478,-1.79,8.59,-0.31,8.78,0.0131,-0.0175,0.1538,14.63,94.25,56.88,-2.9765,8.8222,-0.5118,9.3249,P011_Barbell_Back_Squats_Inclination_Asymmetry_2_04.csv,2
11,2,1,3,2,4.608,4608,-1.53,9.6,-0.67,9.7442,0.0425,-0.0065,0.5105,12.19,93.94,59.06,-2.7859,8.9247,-0.5327,9.3646,P011_Barbell_Back_Squats_Inclination_Asymmetry_2_04.csv,2
11,2,1,3,2,4.738,4738,-2.12,9.11,-0.65,9.376,0.0076,0.0316,-0.0229,10.88,93.69,59.88,-2.6981,8.9491,-0.5481,9.3631,P011_Barbell_Back_Squats_Inclination_Asymmetry_2_04.csv,2
11,2,1,3,2,4.869,4869,-1.2,9.12,-0.47,9.2106,0.012,0.0807,0.0393,10.38,93.5,59.5,-2.5007,8.9717,-0.5378,9.3292,P011_Barbell_Back_Squats_Inclination_Asymmetry_2_04.csv,2
11,2,1,3,2,4.999,4999,-1.44,9.11,-0.08,9.2235,0.0,0.0556,-0.2716,10.63,93.19,58.38,-2.3609,8.9899,-0.4775,9.307,P011_Barbell_Back_Squats_Inclination_Asymmetry_2_04.csv,2
11,2,1,3,2,5.13,5130,-1.62,8.42,-0.37,8.5824,-0.0556,-0.012,-0.1342,12.31,93.25,56.44,-2.2633,8.9148,-0.4633,9.2093,P011_Barbell_Back_Squats_Inclination_Asymmetry_2_04.csv,2
11,2,1,3,2,5.302,5302,-1.88,8.01,-0.15,8.229,-0.0589,-0.0502,-0.3392,13.81,93.94,55.06,-2.2128,8.7956,-0.422,9.0795,P011_Barbell_Back_Squats_Inclination_Asymmetry_2_04.csv,2
11,2,1,3,2,5.433,5433,-2.37,8.78,-0.79,9.1285,-0.0676,-0.0262,0.108,15.19,94.56,53.81,-2.2335,8.7935,-0.4705,9.0849,P011_Barbell_Back_Squats_Inclination_Asymmetry_2_04.csv,2
11,3,1,3,2,5.563,5563,-2.31,8.49,-0.82,8.8368,-0.0753,-0.0065,-0.024,15.0,95.0,53.94,-2.2436,8.7535,-0.5166,9.0512,P011_Barbell_Back_Squats_Inclination_Asymmetry_2_04.csv,2
11,3,1,3,2,5.693,5693,-2.34,8.67,-1.06,9.0426,-0.1385,-0.0076,-0.3894,15.94,95.81,52.75,-2.2563,8.7425,-0.5882,9.0481,P011_Barbell_Back_Squats_Inclination_Asymmetry_2_04.csv,2
11,3,1,3,2,5.823,5823,-3.26,9.23,-0.96,9.8358,-0.1036,0.0207,-0.4102,19.13,96.88,49.19,-2.3886,8.8067,-0.6372,9.1471,P011_Barbell_Back_Squats_Inclination_Asymmetry_2_04.csv,2
11,3,1,3,2,5.953,5953,-4.34,8.78,-1.2,9.8673,-0.0862,0.0698,-0.4974,22.75,97.63,44.94,-2.6457,8.8032,-0.7114,9.2197,P011_Barbell_Back_Squats_Inclination_Asymmetry_2_04.csv,2
11,3,1,3,2,6.084,6084,-4.09,8.89,-1.34,9.877,-0.0305,0.1113,-0.0415,24.38,97.75,42.44,-2.836,8.8147,-0.7942,9.2937,P011_Barbell_Back_Squats_Inclination_Asymmetry_2_04.csv,2
11,3,1,3,2,6.214,6214,-4.08,8.8,-1.03,9.7543,0.0,0.0818,-0.1462,25.06,97.5,41.13,-3.0,8.8127,-0.8253,9.3459,P011_Barbell_Back_Squats_Inclination_Asymmetry_2_04.csv,2
11,3,1,3,2,6.387,6387,-4.36,8.88,-1.11,9.9547,0.0196,0.0491,-0.0447,25.94,97.06,39.81,-3.1792,8.8216,-0.8628,9.4166,P011_Barbell_Back_Squats_Inclination_Asymmetry_2_04.csv,2
11,3,1,3,2,6.517,6517,-4.39,8.84,-1.17,9.9391,0.0458,0.0055,-0.0665,26.13,96.69,39.56,-3.3387,8.824,-0.9033,9.4777,P011_Barbell_Back_Squats_Inclination_Asymmetry_2_04.csv,2
11,3,1,3,2,6.647,6647,-4.46,9.02,-1.07,10.1191,0.0818,-0.024,-0.0065,26.56,96.25,39.44,-3.4865,8.8498,-0.9252,9.5567,P011_Barbell_Back_Squats_Inclination_Asymmetry_2_04.csv,2
11,3,1,3,2,6.777,6777,-4.41,8.49,-1.01,9.6202,0.0796,-0.0556,-0.0731,26.38,95.75,40.63,-3.6082,8.8024,-0.9364,9.5592,P011_Barbell_Back_Squats_Inclination_Asymmetry_2_04.csv,2
11,3,1,3,2,6.907,6907,-4.7,8.78,-0.84,9.9942,0.0273,-0.0644,-0.1287,27.25,95.69,40.63,-3.7521,8.7995,-0.9237,9.6105,P011_Barbell_Back_Squats_Inclination_Asymmetry_2_04.csv,2
11,3,1,3,2,7.037,7037,-4.87,8.64,-0.75,9.9463,-0.0033,-0.0807,-0.0305,27.88,95.94,40.81,-3.8994,8.7785,-0.9008,9.6477,P011_Barbell_Back_Squats_Inclination_Asymmetry_2_04.csv,2
11,3,1,3,2,7.168,7168,-4.86,9.23,-0.97,10.4763,0.0142,-0.0742,0.0611,27.56,96.19,41.56,-4.026,8.838,-0.9099,9.7543,P011_Barbell_Back_Squats_Inclination_Asymmetry_2_04.csv,2
11,3,1,3,2,7.298,7298,-5.0,8.93,-0.83,10.2681,0.0709,-0.048,0.0185,27.44,96.13,42.44,-4.1543,8.8501,-0.8994,9.8179,P011_Barbell_Back_Squats_Inclination_Asymmetry_2_04.csv,2
11,3,1,3,2,7.471,7471,-4.26,8.32,-1.02,9.4027,0.0425,0.0305,0.1069,26.38,95.44,44.0,-4.1682,8.7802,-0.9153,9.7624,P011_Barbell_Back_Squats_Inclination_Asymmetry_2_04.csv,3
11,3,1,3,2,7.601,7601,-4.23,8.4,-0.73,9.4332,-0.0349,0.0338,-0.1254,26.25,95.44,43.94,-4.1764,8.7301,-0.8909,9.7186,P011_Barbell_Back_Squats_Inclination_Asymmetry_2_04.csv,3
11,3,1,3,2,7.731,7731,-4.33,8.55,-0.78,9.6156,-0.0022,0.0098,0.1614,26.44,95.44,43.69,-4.1966,8.7064,-0.8763,9.7047,P011_Barbell_Back_Squats_Inclination_Asymmetry_2_04.csv,3
11,3,1,3,2,7.861,7861,-4.36,8.62,-0.74,9.6882,-0.012,-0.0175,0.1254,25.31,95.5,44.81,-4.2181,8.695,-0.8583,9.7022,P011_Barbell_Back_Squats_Inclination_Asymmetry_2_04.csv,3
11,3,1,3,2,7.991,7991,-4.55,8.57,-0.72,9.7296,-0.0218,-0.0175,0.2803,24.31,95.69,45.81,-4.2619,8.6785,-0.8401,9.705,P011_Barbell_Back_Squats_Inclination_Asymmetry_2_04.csv,3
11,3,1,3,2,8.121,8121,-3.6,8.07,-0.7,8.8642,-0.0033,-0.0098,0.4211,21.63,95.63,48.56,-4.1747,8.5983,-0.8216,9.5935,P011_Barbell_Back_Squats_Inclination_Asymmetry_2_04.csv,3
11,3,1,3,2,8.253,8253,-2.63,8.49,-0.81,8.9249,0.0327,-0.0164,0.5967,18.13,95.31,52.06,-3.9711,8.5841,-0.8201,9.4936,P011_Barbell_Back_Squats_Inclination_Asymmetry_2_04.csv,3
11,3,1,3,2,8.383,8383,-1.59,8.54,-0.54,8.7035,0.0753,-0.0273,0.6207,13.81,94.88,56.69,-3.6573,8.5783,-0.7832,9.3582,P011_Barbell_Back_Squats_Inclination_Asymmetry_2_04.csv,3
11,3,1,3,2,8.556,8556,-1.82,8.64,-0.67,8.855,0.0545,0.0065,-0.1549,12.69,94.19,58.13,-3.4152,8.5864,-0.7683,9.2726,P011_Barbell_Back_Squats_Inclination_Asymmetry_2_04.csv,3
11,3,1,3,2,8.686,8686,-1.56,9.38,-0.75,9.5384,0.0633,0.0273,0.2803,12.19,93.75,58.56,-3.1708,8.691,-0.7659,9.283,P011_Barbell_Back_Squats_Inclination_Asymmetry_2_04.csv,3
11,3,1,3,2,8.817,8817,-1.1,9.38,-0.42,9.4536,0.1004,0.0,0.2509,9.81,93.13,60.94,-2.8979,8.7818,-0.7203,9.2756,P011_Barbell_Back_Squats_Inclination_Asymmetry_2_04.csv,3
11,3,1,3,2,8.948,8948,-1.51,9.43,-0.18,9.5518,0.0916,-0.0055,0.1702,8.69,92.44,62.19,-2.715,8.8672,-0.6491,9.2962,P011_Barbell_Back_Squats_Inclination_Asymmetry_2_04.csv,3
11,3,1,3,2,9.078,9078,-0.6,8.96,-0.12,8.9809,0.048,-0.0033,0.1625,7.0,91.81,63.31,-2.4363,8.8794,-0.5794,9.2258,P011_Barbell_Back_Squats_Inclination_Asymmetry_2_04.csv,3
11,3,1,3,2,9.208,9208,-0.88,9.17,0.05,9.2123,-0.0491,-0.0065,0.012,6.56,91.75,63.31,-2.2312,8.9177,-0.4964,9.206,P011_Barbell_Back_Squats_Inclination_Asymmetry_2_04.csv,3
11,3,1,3,2,9.338,9338,-0.94,9.36,-0.31,9.4122,-0.072,-0.0055,-0.0207,6.44,92.13,63.25,-2.0611,8.976,-0.4719,9.2217,P011_Barbell_Back_Squats_Inclination_Asymmetry_2_04.csv,3
11,3,1,3,2,9.468,9468,-0.89,8.56,-0.42,8.6164,-0.1036,0.0185,0.0796,6.44,92.69,62.75,-1.9067,8.9212,-0.465,9.1345,P011_Barbell_Back_Squats_Inclination_Asymmetry_2_04.csv,3
11,4,1,3,2,9.643,9643,-1.39,9.05,-0.32,9.1617,-0.1167,0.072,-0.5509,7.13,94.0,61.25,-1.8387,8.9382,-0.4459,9.1362,P011_Barbell_Back_Squats_Inclination_Asymmetry_2_04.csv,3
11,4,1,3,2,9.777,9777,-0.83,10.38,-0.66,10.434,-0.0065,0.0175,0.0284,9.13,94.31,58.38,-1.7057,9.1282,-0.4741,9.2983,P011_Barbell_Back_Squats_Inclination_Asymmetry_2_04.csv,3
11,4,1,3,2,9.908,9908,-1.08,8.41,-0.79,8.5158,0.0774,0.0273,-0.3589,10.56,93.88,56.81,-1.6233,9.0335,-0.5158,9.1927,P011_Barbell_Back_Squats_Inclination_Asymmetry_2_04.csv,3
11,4,1,3,2,10.039,10039,-1.77,9.16,-0.58,9.3475,0.0513,0.036,-0.06,11.5,93.38,55.75,-1.6426,9.0502,-0.5242,9.213,P011_Barbell_Back_Squats_Inclination_Asymmetry_2_04.csv,3
11,4,1,3,2,10.169,10169,-1.69,8.88,-0.48,9.0521,0.048,0.048,-0.1953,12.63,93.0,54.44,-1.6489,9.0278,-0.5184,9.1917,P011_Barbell_Back_Squats_Inclination_Asymmetry_2_04.csv,3
11,4,1,3,2,10.315,10315,-1.8,9.3,-0.45,9.4833,-0.0076,-0.012,-0.5411,15.38,92.88,51.5,-1.6688,9.0636,-0.5094,9.23,P011_Barbell_Back_Squats_Inclination_Asymmetry_2_04.csv,3
11,4,1,3,2,10.45,10450,-4.11,8.98,-0.74,9.9035,-0.0207,-0.0218,-0.8683,21.19,93.0,45.88,-1.9905,9.0526,-0.5398,9.2846,P011_Barbell_Back_Squats_Inclination_Asymmetry_2_04.csv,3
11,4,1,3,2,10.581,10581,-4.24,8.82,-0.57,9.8028,0.0,-0.0218,-0.2563,24.5,93.19,43.06,-2.2869,9.022,-0.5438,9.3232,P011_Barbell_Back_Squats_Inclination_Asymmetry_2_04.csv,3
11,4,1,3,2,10.754,10754,-4.12,8.79,-0.47,9.719,0.0109,0.048,0.1025,25.56,93.25,42.25,-2.5285,8.9914,-0.534,9.3554,P011_Barbell_Back_Squats_Inclination_Asymmetry_2_04.csv,3
11,4,1,3,2,10.884,10884,-4.31,8.68,-0.52,9.7051,0.0065,0.0774,0.1538,25.0,93.0,42.88,-2.7632,8.9504,-0.5322,9.3823,P011_Barbell_Back_Squats_Inclination_Asymmetry_2_04.csv,3
11,4,1,3,2,11.014,11014,-3.99,8.64,-0.28,9.5209,0.0055,0.0884,-0.0469,24.38,92.63,43.06,-2.9249,8.9095,-0.499,9.3905,P011_Barbell_Back_Squats_Inclination_Asymmetry_2_04.csv,3
11,4,1,3,2,11.144,11144,-4.23,9.22,-0.29,10.1482,-0.0447,0.1069,0.0055,24.94,92.56,41.94,-3.0969,8.9504,-0.4714,9.4827,P011_Barbell_Back_Squats_Inclination_Asymmetry_2_04.csv,3
11,4,1,3,2,11.274,11274,-3.72,8.84,-0.46,9.6019,-0.012,0.0447,-0.0065,24.63,92.38,41.81,-3.179,8.9358,-0.4699,9.4961,P011_Barbell_Back_Squats_Inclination_Asymmetry_2_04.csv,3
11,4,1,3,2,11.405,11405,-4.17,9.0,-0.49,9.9312,-0.0131,-0.0218,-0.0218,24.94,92.44,41.56,-3.3096,8.9443,-0.4726,9.5487,P011_Barbell_Back_Squats_Inclination_Asymmetry_2_04.csv,3
11,4,1,3,2,11.535,11535,-4.33,9.71,-0.59,10.6481,-0.0469,-0.0676,-0.0545,25.06,92.88,41.75,-3.444,9.0452,-0.488,9.691,P011_Barbell_Back_Squats_Inclination_Asymmetry_2_04.csv,3
11,4,1,3,2,11.665,11665,-4.18,9.11,-0.57,10.0394,0.0055,-0.0949,0.084,24.88,93.31,42.56,-3.541,9.0537,-0.4988,9.7344,P011_Barbell_Back_Squats_Inclination_Asymmetry_2_04.csv,3
11,4,1,3,2,11.838,11838,-4.17,8.89,-0.73,9.8465,0.0338,-0.0447,-0.0971,24.63,93.5,43.5,-3.6239,9.0322,-0.5293,9.7464,P011_Barbell_Back_Squats_Inclination_Asymmetry_2_04.csv,3
11,4,1,3,2,11.968,11968,-3.96,8.49,-0.36,9.375,0.0044,0.0349,-0.18,25.69,93.38,42.5,-3.6682,8.9607,-0.507,9.6957,P011_Barbell_Back_Squats_Inclination_Asymmetry_2_04.csv,3
11,4,1,3,2,12.098,12098,-5.39,8.97,-0.66,10.4856,-0.0327,0.0513,-0.2193,27.81,93.38,40.0,-3.8951,8.9619,-0.5272,9.786,P011_Barbell_Back_Squats_Inclination_Asymmetry_2_04.csv,3
11,4,1,3,2,12.228,12228,-5.08,8.53,-0.61,9.9468,-0.0338,0.0851,0.1887,28.25,93.44,39.0,-4.0512,8.905,-0.5381,9.798,P011_Barbell_Back_Squats_Inclination_Asymmetry_2_04.csv,3
11,4,1,3,2,12.359,12359,-3.81,8.76,-0.61,9.5721,-0.0327,0.0982,0.18,26.44,93.38,40.0,-4.0194,8.8859,-0.5475,9.7681,P011_Barbell_Back_Squats_Inclination_Asymmetry_2_04.csv,4
11,4,1,3,2,12.489,12489,-4.0,8.93,-0.58,9.8021,0.0033,0.0327,0.1058,25.56,93.38,40.44,-4.0169,8.8917,-0.5518,9.7725,P011_Barbell_Back_Squats_Inclination_Asymmetry_2_04.csv,4
11,4,1,3,2,12.619,12619,-3.9,8.22,-0.63,9.12,0.0011,-0.024,0.2465,24.5,93.38,41.5,-4.0015,8.8032,-0.5621,9.6863,P011_Barbell_Back_Squats_Inclination_Asymmetry_2_04.csv,4
11,4,1,3,2,12.75,12750,-3.49,7.04,-0.54,7.8761,-0.036,-0.0393,0.2749,22.63,93.5,43.63,-3.9341,8.5709,-0.5592,9.4472,P011_Barbell_Back_Squats_Inclination_Asymmetry_2_04.csv,4
11,4,1,3,2,12.922,12922,-1.81,8.97,-0.28,9.1551,-0.0251,-0.0076,0.5618,17.31,93.75,49.0,-3.6542,8.6235,-0.5224,9.3803,P011_Barbell_Back_Squats_Inclination_Asymmetry_2_04.csv,4
11,4,1,3,2,13.053,13053,-2.39,7.43,-0.02,7.805,-0.0425,0.0011,-0.2051,17.13,94.0,48.94,-3.4876,8.4662,-0.4562,9.1678,P011_Barbell_Back_Squats_Inclination_Asymmetry_2_04.csv,4
11,4,1,3,2,13.183,13183,-1.99,9.45,-0.37,9.6643,0.0207,-0.0065,0.684,16.19,94.19,49.5,-3.2902,8.5958,-0.4449,9.2148,P011_Barbell_Back_Squats_Inclination_Asymmetry_2_04.csv,4
11,4,1,3,2,13.313,13313,-2.62,8.87,-0.86,9.2888,0.0415,-0.0316,-0.072,14.31,93.94,51.38,-3.2019,8.632,-0.4996,9.2202,P011_Barbell_Back_Squats_Inclination_Asymmetry_2_04.csv,4
11,4,1,3,2,13.443,13443,-1.91,9.21,-0.9,9.4489,-0.0164,-0.0251,0.1091,13.88,94.0,51.88,-3.0317,8.7081,-0.5523,9.2373,P011_Barbell_Back_Squats_Inclination_Asymmetry_2_04.csv,4
11,4,1,3,2,13.573,13573,-2.12,9.16,-0.78,9.4344,0.0142,-0.0491,0.0142,13.5,94.19,52.38,-2.9115,8.7677,-0.5823,9.2568,P011_Barbell_Back_Squats_Inclination_Asymmetry_2_04.csv,4
11,4,1,3,2,13.703,13703,-1.78,9.26,-0.74,9.4585,0.0065,-0.048,0.1396,12.88,94.19,53.38,-2.7624,8.8326,-0.6031,9.2741,P011_Barbell_Back_Squats_Inclination_Asymmetry_2_04.csv,4
11,4,1,3,2,13.834,13834,-1.76,8.88,-0.71,9.0805,-0.0316,-0.0567,-0.2083,13.06,94.31,53.5,-2.6303,8.8388,-0.6172,9.2425,P011_Barbell_Back_Squats_Inclination_Asymmetry_2_04.csv,4
11,4,1,3,2,14.007,14007,-2.37,9.08,-0.51,9.3981,-0.0436,-0.048,-0.06,14.44,94.94,52.56,-2.596,8.8706,-0.6031,9.2623,P011_Barbell_Back_Squats_Inclination_Asymmetry_2_04.csv,4
11,4,1,3,2,14.138,14138,-2.08,8.73,-0.93,9.0224,-0.0633,-0.0076,-0.1113,15.25,95.31,51.81,-2.528,8.8521,-0.6461,9.2286,P011_Barbell_Back_Squats_Inclination_Asymmetry_2_04.csv,4
11,4,1,3,2,14.269,14269,-2.08,9.2,-0.5,9.4454,-0.0513,-0.0065,-0.2531,16.63,95.81,50.25,-2.469,8.8979,-0.6269,9.2554,P011_Barbell_Back_Squats_Inclination_Asymmetry_2_04.csv,4
11,4,1,3,2,14.399,14399,-2.29,8.84,-1.21,9.2116,-0.0175,-0.0109,-0.2007,18.19,95.94,48.69,-2.4454,8.8903,-0.7037,9.2473,P011_Barbell_Back_Squats_Inclination_Asymmetry_2_04.csv,4
11,4,1,3,2,14.53,14530,-2.99,9.05,-1.06,9.5899,-0.0011,-0.0218,-0.4265,20.13,96.38,46.81,-2.5172,8.9113,-0.7507,9.2904,P011_Barbell_Back_Squats_Inclination_Asymmetry_2_04.csv,4
11,4,1,3,2,14.66,14660,-4.03,7.37,-1.16,8.4796,0.0415,0.0458,-0.5781,24.06,96.38,42.88,-2.7165,8.7082,-0.8046,9.1575,P011_Barbell_Back_Squats_Inclination_Asymmetry_2_04.csv,4
11,4,1,3,2,14.792,14792,-4.5,8.87,-0.87,9.9842,0.0807,0.0818,-0.0229,25.63,95.88,41.06,-2.9515,8.7295,-0.8132,9.2508,P011_Barbell_Back_Squats_Inclination_Asymmetry_2_04.csv,4
11,4,1,3,2,14.923,14923,-4.17,8.04,-0.97,9.1089,0.0742,0.096,-0.24,26.63,95.0,39.75,-3.1121,8.6387,-0.8339,9.2199,P011_Barbell_Back_Squats_Inclination_Asymmetry_2_04.csv,4
11,4,1,3,2,15.098,15098,-3.94,7.73,-0.75,8.7086,0.12,0.1113,-0.1604,28.63,93.5,37.38,-3.2212,8.5189,-0.8228,9.1447,P011_Barbell_Back_Squats_Inclination_Asymmetry_2_04.csv,4
11,4,1,3,2,15.229,15229,-5.3,8.23,-0.02,9.7889,0.0938,0.072,-0.288,31.5,92.44,34.31,-3.4951,8.4809,-0.717,9.2008,P011_Barbell_Back_Squats_Inclination_Asymmetry_2_04.csv,4
11,4,1,3,2,15.36,15360,-5.21,7.1,0.06,8.8067,0.0175,0.012,-0.2334,33.25,91.69,32.5,-3.7211,8.2989,-0.6146,9.1157,P011_Barbell_Back_Squats_Inclination_Asymmetry_2_04.csv,4
11,5,1,3,2,15.49,15490,-5.3,7.53,-0.41,9.2173,-0.06,-0.0513,-0.0153,34.06,92.06,33.0,-3.9292,8.1976,-0.5877,9.1096,P011_Barbell_Back_Squats_Inclination_Asymmetry_2_04.csv,4
11,5,1,3,2,15.621,15621,-5.41,7.84,-0.35,9.5319,-0.0753,-0.0491,-0.0654,34.06,92.81,33.25,-4.1243,8.1505,-0.5564,9.1515,P011_Barbell_Back_Squats_Inclination_Asymmetry_2_04.csv,4
11,5,1,3,2,15.751,15751,-5.1,7.75,-0.48,9.2899,-0.0807,-0.0295,-0.0927,34.44,93.56,33.25,-4.2529,8.0977,-0.5463,9.1629,P011_Barbell_Back_Squats_Inclination_Asymmetry_2_04.csv,4
11,5,1,3,2,15.881,15881,-5.46,7.93,-0.55,9.6436,-0.0305,-0.0742,-0.0142,34.69,94.25,33.56,-4.4119,8.0756,-0.5468,9.2184,P011_Barbell_Back_Squats_Inclination_Asymmetry_2_04.csv,4
11,5,1,3,2,16.012,16012,-6.27,8.08,-0.76,10.2556,-0.0611,-0.0785,-0.1058,35.06,95.0,33.56,-4.6568,8.0762,-0.5749,9.3403,P011_Barbell_Back_Squats_Inclination_Asymmetry_2_04.csv,4
11,5,1,3,2,16.185,16185,-5.45,8.39,-1.21,10.0776,-0.0742,-0.1102,0.1724,34.5,96.25,34.69,-4.7613,8.1175,-0.6586,9.4339,P011_Barbell_Back_Squats_Inclination_Asymmetry_2_04.csv,4
11,5,1,3,2,16.315,16315,-5.65,8.36,-1.25,10.1673,-0.0011,-0.0785,0.0818,33.63,96.94,36.0,-4.8784,8.1495,-0.7365,9.5266,P011_Barbell_Back_Squats_Inclination_Asymmetry_2_04.csv,4
11,5,1,3,2,16.445,16445,-5.42,8.15,-1.1,9.8493,0.0262,-0.0425,0.0622,33.13,97.13,37.06,-4.9498,8.1495,-0.7844,9.5672,P011_Barbell_Back_Squats_Inclination_Asymmetry_2_04.csv,4
11,5,1,3,2,16.575,16575,-5.43,8.3,-1.09,9.9781,0.0404,-0.0153,0.0491,32.63,97.0,37.88,-5.0131,8.1694,-0.8247,9.6203,P011_Barbell_Back_Squats_Inclination_Asymmetry_2_04.csv,4
11,5,1,3,2,16.705,16705,-4.63,7.66,-1.05,9.0119,0.0305,0.0,-0.0524,32.56,96.75,38.13,-4.9626,8.1023,-0.8544,9.5396,P011_Barbell_Back_Squats_Inclination_Asymmetry_2_04.csv,4
11,5,1,3,2,16.835,16835,-5.22,8.1,-0.95,9.683,0.0295,0.0033,-0.0295,33.5,96.63,37.38,-4.9965,8.102,-0.867,9.5582,P011_Barbell_Back_Squats_Inclination_Asymmetry_2_04.csv,4
11,5,1,3,2,16.966,16966,-5.5,8.7,-1.15,10.3568,0.0305,0.0055,-0.048,33.19,96.31,37.75,-5.0629,8.1808,-0.9043,9.6631,P011_Barbell_Back_Squats_Inclination_Asymmetry_2_04.csv,4
11,5,1,3,2,17.096,17096,-5.97,8.59,-1.04,10.5124,0.0676,-0.0044,-0.1276,34.06,96.0,37.13,-5.1824,8.2347,-0.9222,9.7733,P011_Barbell_Back_Squats_Inclination_Asymmetry_2_04.csv,4
11,5,1,3,2,17.269,17269,-5.38,8.27,-0.84,9.9017,0.1058,0.0076,0.4309,32.63,94.94,39.19,-5.2084,8.2393,-0.9113,9.79,P011_Barbell_Back_Squats_Inclination_Asymmetry_2_04.csv,4
11,5,1,3,2,17.399,17399,-4.82,8.31,-0.73,9.6344,0.0175,0.0055,-0.0011,30.19,94.31,41.81,-5.1572,8.2487,-0.8874,9.7686,P011_Barbell_Back_Squats_Inclination_Asymmetry_2_04.csv,5
11,5,1,3,2,17.529,17529,-5.34,8.25,-0.54,9.8422,0.048,-0.0175,-0.1244,30.75,94.13,41.38,-5.1813,8.2488,-0.8417,9.7774,P011_Barbell_Back_Squats_Inclination_Asymmetry_2_04.csv,5
11,5,1,3,2,17.659,17659,-5.34,7.63,-0.91,9.3574,-0.0142,-0.0327,0.2607,29.81,94.0,42.63,-5.2022,8.1673,-0.8507,9.7207,P011_Barbell_Back_Squats_Inclination_Asymmetry_2_04.csv,5
11,5,1,3,2,17.789,17789,-4.49,8.15,-0.44,9.3154,-0.1364,0.012,0.2465,27.5,94.63,44.63,-5.1084,8.165,-0.7965,9.6642,P011_Barbell_Back_Squats_Inclination_Asymmetry_2_04.csv,5
11,5,1,3,2,17.92,17920,-4.19,8.43,-0.96,9.4627,-0.1124,-0.0262,0.3414,25.81,95.5,45.88,-4.9874,8.1999,-0.8181,9.6323,P011_Barbell_Back_Squats_Inclination_Asymmetry_2_04.csv,5
11,5,1,3,2,18.05,18050,-4.34,7.55,-0.41,8.7182,0.0055,0.0065,0.0589,23.5,95.75,48.19,-4.9021,8.1143,-0.7643,9.5108,P011_Barbell_Back_Squats_Inclination_Asymmetry_2_04.csv,5
11,5,1,3,2,18.181,18181,-2.8,7.8,-0.49,8.3018,0.0273,0.0251,0.4898,20.19,95.25,51.31,-4.6251,8.0729,-0.7282,9.3323,P011_Barbell_Back_Squats_Inclination_Asymmetry_2_04.csv,5
11,5,1,3,2,18.353,18353,-2.77,9.02,-0.82,9.4713,0.0349,0.0251,0.54,16.19,94.75,54.63,-4.3806,8.1977,-0.7403,9.3241,P011_Barbell_Back_Squats_Inclination_Asymmetry_2_04.csv,5
11,5,1,3,2,18.483,18483,-0.98,9.33,-0.69,9.4067,0.012,0.0164,0.2138,12.63,94.56,57.69,-3.9325,8.3469,-0.7336,9.256,P011_Barbell_Back_Squats_Inclination_Asymmetry_2_04.csv,5
11,5,1,3,2,18.613,18613,-1.84,9.1,-0.74,9.3136,0.0905,-0.0698,0.2443,11.31,94.13,58.81,-3.6568,8.4461,-0.7345,9.233,P011_Barbell_Back_Squats_Inclination_Asymmetry_2_04.csv,5
11,5,1,3,2,18.743,18743,-1.03,9.51,-0.6,9.5844,0.0611,-0.0851,0.3632,8.63,93.75,61.75,-3.3106,8.5863,-0.7168,9.2303,P011_Barbell_Back_Squats_Inclination_Asymmetry_2_04.csv,5
11,6,1,3,2,18.873,18873,-1.39,9.12,-0.13,9.2262,0.0829,-0.0589,-0.0273,8.81,93.31,62.0,-3.0575,8.6566,-0.6394,9.203,P011_Barbell_Back_Squats_Inclination_Asymmetry_2_04.csv,5
11,6,1,3,2,19.003,19003,-1.72,9.08,-0.33,9.2474,-0.0098,-0.012,0.1625,8.69,93.06,62.19,-2.8813,8.7124,-0.5987,9.196,P011_Barbell_Back_Squats_Inclination_Asymmetry_2_04.csv,5
11,6,1,3,2,19.149,19149,-1.16,9.3,-0.27,9.376,-0.0742,0.0033,0.0611,7.81,93.38,62.69,-2.6545,8.7899,-0.5554,9.1987,P011_Barbell_Back_Squats_Inclination_Asymmetry_2_04.csv,5
11,6,1,3,2,19.284,19284,-1.4,9.69,-0.6,9.809,-0.0774,0.0251,0.0796,7.31,93.94,62.94,-2.4892,8.9085,-0.5612,9.2667,P011_Barbell_Back_Squats_Inclination_Asymmetry_2_04.csv,5
11,6,1,3,2,19.457,19457,-0.6,9.44,-0.73,9.4872,-0.0927,0.0284,-0.0589,6.38,94.63,63.44,-2.2402,8.9785,-0.5835,9.2721,P011_Barbell_Back_Squats_Inclination_Asymmetry_2_04.csv,5
11,6,1,3,2,19.587,19587,-2.21,9.45,-0.69,9.7295,-0.0873,0.0382,-0.552,8.94,95.25,60.56,-2.2362,9.0406,-0.5975,9.3323,P011_Barbell_Back_Squats_Inclination_Asymmetry_2_04.csv,5
11,6,1,3,2,19.717,19717,-1.24,9.1,-1.04,9.2428,-0.048,0.0229,-0.1909,11.13,95.69,58.0,-2.105,9.0485,-0.6558,9.3132,P011_Barbell_Back_Squats_Inclination_Asymmetry_2_04.csv,5
11,6,1,3,2,19.847,19847,-2.84,9.72,-1.19,10.1961,-0.0011,0.0022,-0.0687,12.19,95.88,56.88,-2.2018,9.137,-0.7262,9.4265,P011_Barbell_Back_Squats_Inclination_Asymmetry_2_04.csv,5
11,6,1,3,2,19.977,19977,-1.73,9.19,-0.98,9.4026,0.0305,0.0698,0.2127,9.88,95.63,59.0,-2.1396,9.1439,-0.7597,9.4216,P011_Barbell_Back_Squats_Inclination_Asymmetry_2_04.csv,5
11,6,1,3,2,20.108,20108,-0.9,8.03,-0.82,8.1218,0.0022,0.0884,-0.1647,10.06,95.5,58.19,-1.9763,8.9972,-0.7676,9.2436,P011_Barbell_Back_Squats_Inclination_Asymmetry_2_04.csv,5
11,6,1,3,2,20.239,20239,-2.29,9.0,-1.03,9.3437,-0.0425,0.0818,-0.264,12.19,95.56,55.44,-2.0176,8.9975,-0.8022,9.2558,P011_Barbell_Back_Squats_Inclination_Asymmetry_2_04.csv,5
11,6,1,3,2,20.369,20369,-1.47,9.3,-0.8,9.4494,0.0076,0.0709,-0.2193,12.56,95.5,54.44,-1.9455,9.0374,-0.8019,9.2791,P011_Barbell_Back_Squats_Inclination_Asymmetry_2_04.csv,5
11,6,1,3,2,20.542,20542,-2.75,8.71,-0.69,9.1598,0.0305,0.0393,-0.4581,15.94,95.13,50.88,-2.0515,8.9942,-0.7872,9.2588,P011_Barbell_Back_Squats_Inclination_Asymmetry_2_04.csv,5
11,6,1,3,2,20.672,20672,-2.87,8.81,-1.07,9.3273,0.0622,0.0818,-0.7003,19.75,94.69,46.69,-2.1593,8.97,-0.8244,9.263,P011_Barbell_Back_Squats_Inclination_Asymmetry_2_04.csv,5
11,6,1,3,2,20.802,20802,-4.71,8.18,-0.59,9.4575,0.0785,0.0665,-0.5269,24.56,94.13,42.06,-2.4955,8.8659,-0.7935,9.2445,P011_Barbell_Back_Squats_Inclination_Asymmetry_2_04.csv,5
11,6,1,3,2,20.932,20932,-3.94,8.51,-0.7,9.4039,0.0273,0.0633,-0.0175,25.75,93.5,40.63,-2.6858,8.819,-0.7812,9.2519,P011_Barbell_Back_Squats_Inclination_Asymmetry_2_04.csv,5
11,6,1,3,2,21.062,21062,-5.2,9.48,-0.51,10.8245,0.0065,-0.0229,-0.12,27.06,93.44,39.44,-3.0171,8.9061,-0.7455,9.4328,P011_Barbell_Back_Squats_Inclination_Asymmetry_2_04.csv,5
11,6,1,3,2,21.192,21192,-4.3,8.87,-0.77,9.8874,-0.0284,-0.0709,0.0087,26.88,93.63,40.25,-3.1862,8.9013,-0.7487,9.484,P011_Barbell_Back_Squats_Inclination_Asymmetry_2_04.csv,5
11,6,1,3,2,21.323,21323,-4.18,8.81,-0.62,9.771,-0.0164,-0.0927,0.0436,26.88,94.13,41.0,-3.3171,8.8893,-0.7317,9.5162,P011_Barbell_Back_Squats_Inclination_Asymmetry_2_04.csv,5
11,6,1,3,2,21.453,21453,-4.71,8.93,-0.63,10.1156,0.0382,-0.048,-0.1625,27.38,94.38,41.19,-3.5007,8.8947,-0.7183,9.5857,P011_Barbell_Back_Squats_Inclination_Asymmetry_2_04.csv,5
11,6,1,3,2,21.626,21626,-5.16,8.32,-0.83,9.8253,0.0131,-0.0284,0.0076,28.88,94.25,40.19,-3.7193,8.8189,-0.733,9.5992,P011_Barbell_Back_Squats_Inclination_Asymmetry_2_04.csv,5
11,6,1,3,2,21.757,21757,-4.97,8.99,-0.62,10.291,-0.0022,-0.0316,0.0,28.44,94.44,41.13,-3.8841,8.8415,-0.7182,9.6837,P011_Barbell_Back_Squats_Inclination_Asymmetry_2_04.csv,5
11,6,1,3,2,21.887,21887,-4.74,8.64,-0.81,9.888,0.0633,-0.0011,0.0993,28.38,94.25,41.44,-3.9969,8.8149,-0.7303,9.7063,P011_Barbell_Back_Squats_Inclination_Asymmetry_2_04.csv,5
11,6,1,3,2,22.018,22018,-4.59,8.6,-0.64,9.7692,0.0524,0.0109,0.0393,27.81,93.81,42.19,-4.0751,8.7866,-0.7184,9.7122,P011_Barbell_Back_Squats_Inclination_Asymmetry_2_04.csv,5
11,6,1,3,2,22.148,22148,-4.59,8.74,-0.46,9.8827,0.0611,0.0153,0.1604,27.44,93.38,42.69,-4.1429,8.7805,-0.6843,9.7329,P011_Barbell_Back_Squats_Inclination_Asymmetry_2_04.csv,5
11,6,1,3,2,22.278,22278,-4.12,8.71,-0.61,9.6546,0.0022,0.0153,0.1124,26.31,93.06,43.81,-4.1399,8.7712,-0.6745,9.7225,P011_Barbell_Back_Squats_Inclination_Asymmetry_2_04.csv,5
11,6,1,3,2,22.408,22408,-4.78,9.15,-0.37,10.3299,0.0065,-0.0142,-0.0567,26.88,93.06,43.25,-4.2243,8.8211,-0.6344,9.8009,P011_Barbell_Back_Squats_Inclination_Asymmetry_2_04.csv,5
11,6,1,3,2,22.538,22538,-4.65,8.66,-0.71,9.8551,-0.0109,-0.0382,0.1244,25.94,93.06,44.44,-4.2804,8.7999,-0.6444,9.8069,P011_Barbell_Back_Squats_Inclination_Asymmetry_2_04.csv,5
11,6,1,3,2,22.711,22711,-4.44,9.18,-0.69,10.2207,-0.0284,0.0273,0.2029,24.69,93.44,45.63,-4.3014,8.85,-0.6504,9.8614,P011_Barbell_Back_Squats_Inclination_Asymmetry_2_04.csv,5
11,6,1,3,2,22.841,22841,-3.15,8.96,-0.78,9.5296,-0.0251,-0.024,0.3076,22.81,93.56,47.38,-4.1497,8.8645,-0.6675,9.8104,P011_Barbell_Back_Squats_Inclination_Asymmetry_2_04.csv,6
11,6,1,3,2,22.973,22973,-2.87,7.75,-0.42,8.275,0.0055,-0.0458,0.0938,21.44,93.88,49.0,-3.981,8.7176,-0.6348,9.6046,P011_Barbell_Back_Squats_Inclination_Asymmetry_2_04.csv,6
11,6,1,3,2,23.104,23104,-2.67,8.27,-0.76,8.7235,-0.036,-0.0175,0.4931,21.13,94.0,49.5,-3.8083,8.6586,-0.6513,9.4815,P011_Barbell_Back_Squats_Inclination_Asymmetry_2_04.csv,6
11,6,1,3,2,23.239,23239,-3.36,7.36,-0.34,8.0978,-0.0829,-0.0316,0.1004,18.94,94.44,51.81,-3.7492,8.4875,-0.6103,9.2987,P011_Barbell_Back_Squats_Inclination_Asymmetry_2_04.csv,6
11,6,1,3,2,23.369,23369,-2.64,9.22,-0.39,9.5984,-0.0774,0.0109,0.4974,16.38,95.25,54.13,-3.603,8.584,-0.5813,9.3277,P011_Barbell_Back_Squats_Inclination_Asymmetry_2_04.csv,6
11,6,1,3,2,23.501,23501,-0.74,9.13,-0.73,9.189,0.0,0.0033,0.3905,12.38,95.56,57.88,-3.2258,8.656,-0.6009,9.257,P011_Barbell_Back_Squats_Inclination_Asymmetry_2_04.csv,6
11,6,1,3,2,23.631,23631,-1.56,9.96,-1.29,10.1636,0.0404,-0.0774,0.252,10.5,95.44,60.19,-3.0063,8.8278,-0.6917,9.3513,P011_Barbell_Back_Squats_Inclination_Asymmetry_2_04.csv,6
11,6,1,3,2,23.804,23804,-1.36,9.61,-1.09,9.7668,0.0971,-0.0196,0.0884,9.31,95.0,61.06,-2.7893,8.9309,-0.7442,9.3859,P011_Barbell_Back_Squats_Inclination_Asymmetry_2_04.csv,6
11,6,1,3,2,23.934,23934,-1.63,8.79,-0.85,8.9802,0.0556,0.0055,-0.2182,9.94,94.56,60.25,-2.6366,8.9123,-0.7581,9.325,P011_Barbell_Back_Squats_Inclination_Asymmetry_2_04.csv,6
11,6,1,3,2,24.064,24064,-1.91,9.56,-0.67,9.7719,-0.0022,0.0273,0.2258,9.5,94.31,60.44,-2.5408,8.9977,-0.7465,9.3793,P011_Barbell_Back_Squats_Inclination_Asymmetry_2_04.csv,6
11,6,1,3,2,24.194,24194,-0.4,9.58,-0.42,9.5975,0.0273,0.0502,0.4352,7.06,94.13,62.25,-2.2587,9.0744,-0.7035,9.3777,P011_Barbell_Back_Squats_Inclination_Asymmetry_2_04.csv,6
11,6,1,3,2,24.324,24324,-1.05,9.43,-0.66,9.5112,0.0011,0.0295,-0.1254,6.88,93.94,61.81,-2.0994,9.1213,-0.6978,9.3857,P011_Barbell_Back_Squats_Inclination_Asymmetry_2_04.csv,6
11,6,1,3,2,24.455,24455,-0.25,9.52,-0.5,9.5364,0.0065,-0.0033,0.0098,6.94,93.94,61.38,-1.8557,9.1738,-0.6717,9.3837,P011_Barbell_Back_Squats_Inclination_Asymmetry_2_04.csv,6
11,6,1,3,2,24.585,24585,-0.36,8.81,-0.24,8.8206,0.0556,-0.0513,-0.2094,8.13,93.81,60.25,-1.6586,9.1259,-0.6148,9.2957,P011_Barbell_Back_Squats_Inclination_Asymmetry_2_04.csv,6
11,6,1,3,2,24.715,24715,-1.91,9.52,-0.54,9.7247,0.0687,-0.012,-0.1931,10.31,93.5,58.38,-1.6918,9.1778,-0.6049,9.352,P011_Barbell_Back_Squats_Inclination_Asymmetry_2_04.csv,6
11,6,1,3,2,24.888,24888,-1.59,8.5,-0.51,8.6625,-0.0098,-0.024,-0.3153,12.06,93.13,56.69,-1.6783,9.0885,-0.5924,9.2611,P011_Barbell_Back_Squats_Inclination_Asymmetry_2_04.csv,6
11,7,1,3,2,25.019,25019,-2.77,8.02,-0.45,8.4968,0.0251,-0.0327,-0.5138,14.56,93.19,54.38,-1.8222,8.9477,-0.5737,9.1493,P011_Barbell_Back_Squats_Inclination_Asymmetry_2_04.csv,6
11,7,1,3,2,25.149,25149,-1.8,9.29,-0.47,9.4744,0.0109,0.0098,-0.0622,16.13,93.06,52.94,-1.8193,8.9928,-0.56,9.192,P011_Barbell_Back_Squats_Inclination_Asymmetry_2_04.csv,6
11,7,1,3,2,25.279,25279,-3.93,9.65,-0.85,10.4542,-0.0589,-0.0076,-0.6807,19.5,93.19,49.63,-2.0974,9.0794,-0.5982,9.3377,P011_Barbell_Back_Squats_Inclination_Asymmetry_2_04.csv,6
11,7,1,3,2,25.409,25409,-5.05,9.12,-0.51,10.4373,-0.0033,0.0622,-0.5705,24.5,93.31,44.63,-2.4865,9.0847,-0.5866,9.4371,P011_Barbell_Back_Squats_Inclination_Asymmetry_2_04.csv,6
11,7,1,3,2,25.539,25539,-5.69,8.89,-1.49,10.6597,-0.0567,0.0567,-0.336,27.81,93.31,41.25,-2.9086,9.0591,-0.7056,9.5407,P011_Barbell_Back_Squats_Inclination_Asymmetry_2_04.csv,6
11,7,1,3,2,25.669,25669,-4.98,8.85,-0.62,10.1739,-0.1124,0.0065,0.0436,28.56,94.06,40.63,-3.1816,9.0315,-0.6944,9.6007,P011_Barbell_Back_Squats_Inclination_Asymmetry_2_04.csv,6
11,7,1,3,2,25.8,25800,-4.73,9.12,-0.87,10.3104,-0.0796,-0.0425,0.1189,27.88,94.88,41.13,-3.3856,9.0432,-0.7175,9.6828,P011_Barbell_Back_Squats_Inclination_Asymmetry_2_04.csv,6
11,7,1,3,2,25.972,25972,-4.64,8.92,-0.72,10.0804,0.0065,-0.0556,0.2345,26.69,95.44,43.0,-3.5509,9.027,-0.7178,9.7268,P011_Barbell_Back_Squats_Inclination_Asymmetry_2_04.csv,6
11,7,1,3,2,26.102,26102,-3.61,8.9,-1.04,9.6604,0.0535,-0.0218,0.2094,24.25,95.25,45.81,-3.5587,9.0102,-0.7603,9.7173,P011_Barbell_Back_Squats_Inclination_Asymmetry_2_04.csv,6
11,7,1,3,2,26.232,26232,-4.42,9.19,-0.82,10.2306,0.0644,-0.0153,0.0371,24.31,95.0,46.13,-3.6722,9.0339,-0.7682,9.782,P011_Barbell_Back_Squats_Inclination_Asymmetry_2_04.csv,6
11,7,1,3,2,26.362,26362,-3.51,9.23,-0.44,9.8847,0.1505,-0.0044,0.3731,22.0,94.13,49.0,-3.6508,9.0598,-0.7249,9.7945,P011_Barbell_Back_Squats_Inclination_Asymmetry_2_04.csv,6
11,7,1,3,2,26.492,26492,-3.47,8.56,-0.68,9.2616,0.0218,0.012,-0.1974,22.06,93.5,49.19,-3.627,8.9939,-0.719,9.7243,P011_Barbell_Back_Squats_Inclination_Asymmetry_2_04.csv,6
11,7,1,3,2,26.623,26623,-3.66,9.34,-0.71,10.0566,-0.0349,-0.0196,-0.0458,23.13,93.63,48.19,-3.6313,9.0395,-0.7178,9.768,P011_Barbell_Back_Squats_Inclination_Asymmetry_2_04.csv,6
11,7,1,3,2,26.753,26753,-3.89,9.72,-0.92,10.5098,-0.0513,-0.0393,-0.156,23.69,94.06,47.69,-3.6654,9.1292,-0.7445,9.8657,P011_Barbell_Back_Squats_Inclination_Asymmetry_2_04.csv,6
11,7,1,3,2,26.884,26884,-5.28,9.47,-1.47,10.9417,-0.0109,-0.0305,-0.3665,25.88,94.5,45.69,-3.8782,9.1741,-0.8401,9.9955,P011_Barbell_Back_Squats_Inclination_Asymmetry_2_04.csv,6
11,7,1,3,2,27.056,27056,-4.16,8.88,-0.69,9.8304,0.0371,-0.0185,0.0502,25.63,94.44,46.13,-3.9153,9.1353,-0.8203,9.9728,P011_Barbell_Back_Squats_Inclination_Asymmetry_2_04.csv,6
11,7,1,3,2,27.186,27186,-4.8,8.9,-0.84,10.1467,-0.048,0.0,-0.0993,25.94,94.63,45.88,-4.0319,9.1043,-0.8229,9.9911,P011_Barbell_Back_Squats_Inclination_Asymmetry_2_04.csv,6
11,7,1,3,2,27.316,27316,-4.76,8.86,-0.85,10.0935,-0.084,-0.0284,0.0142,26.81,95.31,44.69,-4.1278,9.0721,-0.8265,10.0013,P011_Barbell_Back_Squats_Inclination_Asymmetry_2_04.csv,6
11,7,1,3,2,27.446,27446,-3.66,7.77,-0.85,8.6308,-0.0764,-0.0295,0.528,25.06,95.81,46.44,-4.0662,8.9005,-0.8296,9.8205,P011_Barbell_Back_Squats_Inclination_Asymmetry_2_04.csv,7
11,7,1,3,2,27.576,27576,-3.31,7.71,-0.51,8.406,-0.1287,-0.0447,0.4102,21.75,96.56,49.63,-3.9665,8.7437,-0.7874,9.6335,P011_Barbell_Back_Squats_Inclination_Asymmetry_2_04.csv,7
11,7,1,3,2,27.707,27707,-2.16,8.12,-0.92,8.4526,-0.0905,0.0131,0.601,17.94,97.13,53.31,-3.7285,8.6615,-0.8049,9.4642,P011_Barbell_Back_Squats_Inclination_Asymmetry_2_04.csv,7
11,7,1,3,2,27.837,27837,-1.92,9.24,-1.04,9.4945,-0.0535,-0.0185,0.2771,15.63,97.56,55.44,-3.4902,8.7377,-0.8359,9.446,P011_Barbell_Back_Squats_Inclination_Asymmetry_2_04.csv,7
11,7,1,3,2,27.968,27968,-1.62,9.32,-1.26,9.5433,0.0349,-0.048,0.2847,13.06,97.5,57.88,-3.2437,8.8144,-0.8918,9.4346,P011_Barbell_Back_Squats_Inclination_Asymmetry_2_04.csv,7
11,7,1,3,2,28.141,28141,-2.06,9.36,-1.53,9.7054,0.1582,-0.0087,0.0284,11.69,96.75,59.44,-3.0878,8.8863,-0.9759,9.458,P011_Barbell_Back_Squats_Inclination_Asymmetry_2_04.csv,7
11,7,1,3,2,28.271,28271,-1.75,9.04,-0.83,9.2452,0.1276,0.0415,0.0982,10.56,95.63,60.44,-2.9115,8.9066,-0.9567,9.4191,P011_Barbell_Back_Squats_Inclination_Asymmetry_2_04.csv,7
11,7,1,3,2,28.401,28401,-1.23,9.18,-0.88,9.3037,0.0709,0.0109,0.168,9.88,94.94,61.0,-2.6899,8.9426,-0.9466,9.3863,P011_Barbell_Back_Squats_Inclination_Asymmetry_2_04.csv,7
11,7,1,3,2,28.531,28531,-0.99,9.22,-0.41,9.2821,0.0131,0.0,0.2476,8.31,94.56,62.31,-2.4659,8.9792,-0.8759,9.3527,P011_Barbell_Back_Squats_Inclination_Asymmetry_2_04.csv,7
11,7,1,3,2,28.661,28661,-1.54,9.65,-0.4,9.7803,-0.0229,0.0415,-0.0262,7.31,94.5,62.81,-2.3439,9.0676,-0.8131,9.4008,P011_Barbell_Back_Squats_Inclination_Asymmetry_2_04.csv,7
11,7,1,3,2,28.791,28791,-0.8,9.87,-0.28,9.9063,0.0545,0.0491,0.1145,6.81,94.25,62.38,-2.1404,9.1733,-0.7429,9.449,P011_Barbell_Back_Squats_Inclination_Asymmetry_2_04.csv,7
11,7,1,3,2,28.922,28922,-0.81,9.69,-0.83,9.7592,0.0709,-0.0142,-0.0447,6.31,93.69,62.81,-1.9651,9.2414,-0.7544,9.4781,P011_Barbell_Back_Squats_Inclination_Asymmetry_2_04.csv,7
11,7,1,3,2,29.052,29052,-1.66,9.57,-0.51,9.7263,0.0469,-0.0185,-0.0665,6.88,93.38,62.44,-1.9249,9.2847,-0.7222,9.5096,P011_Barbell_Back_Squats_Inclination_Asymmetry_2_04.csv,7
11,7,1,3,2,29.225,29225,-0.65,9.16,-0.48,9.1956,0.0098,0.0284,0.3349,5.75,93.13,63.44,-1.7569,9.2683,-0.6903,9.4585,P011_Barbell_Back_Squats_Inclination_Asymmetry_2_04.csv,7
11,7,1,3,2,29.355,29355,-0.41,9.1,-0.65,9.1324,-0.0415,0.0316,-0.1374,4.75,93.19,64.25,-1.5794,9.2461,-0.685,9.405,P011_Barbell_Back_Squats_Inclination_Asymmetry_2_04.csv,7
11,7,1,3,2,29.485,29485,-1.06,9.72,-0.27,9.7814,0.0055,0.0589,-0.2858,6.75,93.38,61.94,-1.511,9.3085,-0.6303,9.4514,P011_Barbell_Back_Squats_Inclination_Asymmetry_2_04.csv,7
11,7,1,3,2,29.615,29615,-0.61,8.84,-0.15,8.8623,0.0611,0.0884,-0.6414,9.06,93.0,59.13,-1.3923,9.2468,-0.567,9.3682,P011_Barbell_Back_Squats_Inclination_Asymmetry_2_04.csv,7
11,7,1,3,2,29.745,29745,-2.63,7.69,0.04,8.1274,0.0207,0.072,-0.7014,14.5,92.75,53.06,-1.5554,9.0417,-0.487,9.1874,P011_Barbell_Back_Squats_Inclination_Asymmetry_2_04.csv,7
11,7,1,3,2,29.876,29876,-2.93,8.51,-0.47,9.0125,-0.0535,0.1211,-0.5869,18.63,92.88,48.06,-1.7365,8.9716,-0.4848,9.151,P011_Barbell_Back_Squats_Inclination_Asymmetry_2_04.csv,7
11,8,1,3,2,30.006,30006,-3.34,8.5,-0.88,9.175,-0.0491,0.0622,-0.4636,22.88,93.31,43.31,-1.9478,8.9094,-0.5368,9.1357,P011_Barbell_Back_Squats_Inclination_Asymmetry_2_04.csv,7
11,8,1,3,2,30.136,30136,-4.8,8.68,-0.75,9.9471,-0.1058,0.0055,-0.2498,25.88,93.94,40.5,-2.3236,8.8792,-0.5649,9.1956,P011_Barbell_Back_Squats_Inclination_Asymmetry_2_04.csv,7
11,8,1,3,2,30.309,30309,-4.14,8.41,-0.85,9.4122,-0.1669,-0.0698,-0.3294,27.38,95.38,38.63,-2.563,8.8174,-0.6025,9.2021,P011_Barbell_Back_Squats_Inclination_Asymmetry_2_04.csv,7
11,8,1,3,2,30.439,30439,-5.0,8.9,-1.0,10.2572,-0.0894,-0.12,-0.1113,29.25,96.94,37.25,-2.8841,8.8283,-0.6549,9.3105,P011_Barbell_Back_Squats_Inclination_Asymmetry_2_04.csv,7
11,8,1,3,2,30.569,30569,-5.19,8.63,-1.22,10.144,0.0109,-0.0262,-0.0404,29.44,97.25,37.56,-3.188,8.8021,-0.7293,9.39,P011_Barbell_Back_Squats_Inclination_Asymmetry_2_04.csv,7
11,8,1,3,2,30.699,30699,-4.97,8.82,-1.27,10.2032,-0.0578,-0.0175,-0.1462,29.94,97.56,37.25,-3.4228,8.8045,-0.8006,9.4803,P011_Barbell_Back_Squats_Inclination_Asymmetry_2_04.csv,7
11,8,1,3,2,30.83,30830,-5.07,8.66,-1.51,10.1479,0.0076,-0.0273,0.0829,30.31,97.75,37.0,-3.6399,8.7855,-0.8941,9.5516,P011_Barbell_Back_Squats_Inclination_Asymmetry_2_04.csv,7
11,8,1,3,2,30.96,30960,-5.33,8.67,-1.13,10.2399,0.0218,-0.0251,-0.1091,30.25,98.0,37.56,-3.8626,8.7702,-0.9252,9.6277,P011_Barbell_Back_Squats_Inclination_Asymmetry_2_04.csv,7
11,8,1,3,2,31.09,31090,-4.9,8.44,-1.21,9.834,0.0502,-0.036,0.012,30.5,97.69,37.88,-3.9993,8.7267,-0.9627,9.6476,P011_Barbell_Back_Squats_Inclination_Asymmetry_2_04.csv,7
11,8,1,3,2,31.221,31221,-5.24,8.48,-1.18,10.0379,0.0425,-0.0535,-0.0022,30.44,97.69,38.44,-4.1628,8.6942,-0.9913,9.6902,P011_Barbell_Back_Squats_Inclination_Asymmetry_2_04.csv,7
11,8,1,3,2,31.393,31393,-4.72,8.5,-1.15,9.7903,0.0513,-0.0415,-0.1156,30.75,97.5,38.69,-4.2362,8.6686,-1.0122,9.7013,P011_Barbell_Back_Squats_Inclination_Asymmetry_2_04.csv,7
11,8,1,3,2,31.523,31523,-5.16,8.39,-1.25,9.9288,0.036,-0.0316,0.0033,31.19,97.44,38.69,-4.3579,8.6319,-1.0436,9.7258,P011_Barbell_Back_Squats_Inclination_Asymmetry_2_04.csv,7
11,8,1,3,2,31.653,31653,-5.41,8.5,-1.14,10.1399,0.0567,-0.0218,0.0044,31.5,97.25,38.75,-4.4966,8.6145,-1.0563,9.7747,P011_Barbell_Back_Squats_Inclination_Asymmetry_2_04.csv,7
11,8,1,3,2,31.783,31783,-5.01,8.79,-1.15,10.1827,0.0873,0.0055,0.2291,30.19,96.63,40.38,-4.5642,8.6376,-1.0686,9.8277,P011_Barbell_Back_Squats_Inclination_Asymmetry_2_04.csv,7
11,8,1,3,2,31.914,31914,-4.95,8.54,-0.97,9.9184,0.0971,0.0295,-0.0076,29.63,95.94,41.25,-4.6151,8.6248,-1.0556,9.8387,P011_Barbell_Back_Squats_Inclination_Asymmetry_2_04.csv,7
11,8,1,3,2,32.044,32044,-5.44,8.27,-0.87,9.937,0.0949,0.0971,0.0229,29.88,95.06,41.0,-4.7238,8.578,-1.0312,9.8468,P011_Barbell_Back_Squats_Inclination_Asymmetry_2_04.csv,7
11,8,1,3,2,32.175,32175,-5.08,8.54,-0.58,9.9536,0.1396,0.1418,0.1833,29.5,93.63,41.06,-4.7707,8.573,-0.9717,9.859,P011_Barbell_Back_Squats_Inclination_Asymmetry_2_04.csv,7
11,8,1,3,2,32.305,32305,-3.82,8.66,-0.11,9.4657,0.1702,0.1134,0.3632,27.0,92.0,43.25,-4.6454,8.5845,-0.8582,9.7985,P011_Barbell_Back_Squats_Inclination_Asymmetry_2_04.csv,8
11,8,1,3,2,32.478,32478,-4.13,8.07,0.27,9.0694,0.1636,0.0785,0.228,25.13,89.94,45.13,-4.5775,8.5167,-0.7095,9.6949,P011_Barbell_Back_Squats_Inclination_Asymmetry_2_04.csv,8
11,8,1,3,2,32.609,32609,-3.51,8.65,0.24,9.3381,0.2105,0.0633,0.2182,23.31,88.5,47.0,-4.4368,8.5343,-0.5844,9.6364,P011_Barbell_Back_Squats_Inclination_Asymmetry_2_04.csv,8
11,8,1,3,2,32.739,32739,-3.23,8.1,0.47,8.7329,0.2934,0.0829,0.1124,22.31,86.44,48.13,-4.2778,8.477,-0.4454,9.5057,P011_Barbell_Back_Squats_Inclination_Asymmetry_2_04.csv,8
11,8,1,3,2,32.869,32869,-2.74,8.1,0.77,8.5855,0.3207,0.0502,0.492,20.13,84.06,50.69,-4.0752,8.4273,-0.2853,9.3653,P011_Barbell_Back_Squats_Inclination_Asymmetry_2_04.csv,8
11,8,1,3,2,32.999,32999,-1.9,8.99,1.46,9.3039,0.3676,0.0305,0.5705,16.19,81.69,55.06,-3.7885,8.5015,-0.0553,9.3076,P011_Barbell_Back_Squats_Inclination_Asymmetry_2_04.csv,8
11,8,1,3,2,33.129,33129,-1.38,7.95,1.58,8.2221,0.2858,-0.0044,0.036,14.19,79.38,57.5,-3.4712,8.4288,0.1602,9.117,P011_Barbell_Back_Squats_Inclination_Asymmetry_2_04.csv,8
11,8,1,3,2,33.259,33259,-2.22,8.82,2.12,9.3389,0.0851,-0.0087,0.829,12.5,78.19,59.56,-3.3063,8.4804,0.4184,9.1117,P011_Barbell_Back_Squats_Inclination_Asymmetry_2_04.csv,8
11,9,1,3,2,33.39,33390,-1.28,9.11,2.78,9.6104,0.0327,0.0251,0.0371,8.44,78.06,63.81,-3.0393,8.5633,0.7296,9.1159,P011_Barbell_Back_Squats_Inclination_Asymmetry_2_04.csv,8
11,9,1,3,2,33.562,33562,-0.13,9.18,2.38,9.4844,0.0611,0.0458,0.0818,6.25,77.38,65.56,-2.6559,8.6446,0.9471,9.0928,P011_Barbell_Back_Squats_Inclination_Asymmetry_2_04.csv,8
11,9,1,3,2,33.692,33692,-1.07,9.13,2.27,9.4686,-0.0251,0.0273,-0.432,7.5,77.06,63.75,-2.4469,8.7086,1.1214,9.115,P011_Barbell_Back_Squats_Inclination_Asymmetry_2_04.csv,8
11,9,1,3,2,33.822,33822,-1.79,9.4,2.27,9.8345,-0.0251,0.0229,-0.2356,9.69,77.13,61.25,-2.3604,8.7997,1.2728,9.1992,P011_Barbell_Back_Squats_Inclination_Asymmetry_2_04.csv,8
11,9,1,3,2,33.952,33952,-1.19,9.28,2.26,9.6251,-0.0065,0.0109,0.0316,9.88,77.13,60.63,-2.2061,8.863,1.4029,9.2405,P011_Barbell_Back_Squats_Inclination_Asymmetry_2_04.csv,8
11,9,1,3,2,34.082,34082,-1.11,8.99,1.99,9.2743,-0.0349,-0.0753,-0.0207,9.5,77.25,61.31,-2.0617,8.8797,1.4802,9.2353,P011_Barbell_Back_Squats_Inclination_Asymmetry_2_04.csv,8
11,9,1,3,2,34.213,34213,-1.05,8.14,1.65,8.3717,-0.0469,-0.1254,-0.2542,10.44,77.56,61.0,-1.9284,8.7822,1.5026,9.1161,P011_Barbell_Back_Squats_Inclination_Asymmetry_2_04.csv,8
11,9,1,3,2,34.344,34344,-2.25,8.05,1.72,8.5337,-0.0305,-0.1745,-0.4734,13.81,77.94,58.81,-1.9708,8.6857,1.5313,9.0372,P011_Barbell_Back_Squats_Inclination_Asymmetry_2_04.csv,8
11,9,1,3,2,34.474,34474,-1.92,9.57,1.7,9.9076,0.024,-0.1254,0.2563,13.69,78.38,60.06,-1.9641,8.8023,1.5535,9.1515,P011_Barbell_Back_Squats_Inclination_Asymmetry_2_04.csv,8
11,9,1,3,2,34.647,34647,-2.84,9.31,0.38,9.741,-0.0076,-0.1014,-0.3185,16.81,78.06,58.06,-2.0795,8.8692,1.3989,9.2165,P011_Barbell_Back_Squats_Inclination_Asymmetry_2_04.csv,8
11,9,1,3,2,34.777,34777,-2.85,7.58,2.04,8.3511,0.1516,-0.0873,-1.0003,21.25,77.06,54.44,-2.181,8.6993,1.4833,9.0904,P011_Barbell_Back_Squats_Inclination_Asymmetry_2_04.csv,8
11,9,1,3,2,34.907,34907,-6.21,8.17,2.88,10.6587,0.156,-0.0524,-0.6087,27.25,75.75,49.94,-2.7119,8.6295,1.6674,9.198,P011_Barbell_Back_Squats_Inclination_Asymmetry_2_04.csv,8
11,9,1,3,2,35.037,35037,-5.54,7.54,2.13,9.5958,0.0295,0.012,-0.288,29.56,74.69,48.63,-3.0846,8.486,1.7283,9.1931,P011_Barbell_Back_Squats_Inclination_Asymmetry_2_04.csv,8
11,9,1,3,2,35.167,35167,-5.66,8.72,2.48,10.6876,-0.0065,-0.0044,-0.0567,30.69,74.56,48.38,-3.424,8.5168,1.8274,9.3594,P011_Barbell_Back_Squats_Inclination_Asymmetry_2_04.csv,8
11,9,1,3,2,35.297,35297,-5.77,7.6,2.33,9.8225,-0.0393,0.0207,0.2607,30.13,74.63,49.19,-3.7331,8.396,1.8936,9.3816,P011_Barbell_Back_Squats_Inclination_Asymmetry_2_04.csv,8
11,9,1,3,2,35.428,35428,-5.02,8.86,2.5,10.4857,-0.1418,-0.0316,0.1069,28.0,75.75,51.63,-3.9027,8.4571,1.9735,9.521,P011_Barbell_Back_Squats_Inclination_Asymmetry_2_04.csv,8
11,9,1,3,2,35.558,35558,-4.76,8.82,1.76,10.1758,-0.0458,-0.0229,-0.2073,28.56,76.5,51.13,-4.0157,8.505,1.9454,9.6044,P011_Barbell_Back_Squats_Inclination_Asymmetry_2_04.csv,8
11,9,1,3,2,35.731,35731,-5.48,8.7,1.71,10.4233,-0.0087,-0.0033,-0.1625,30.31,76.69,49.56,-4.2086,8.5307,1.9144,9.7031,P011_Barbell_Back_Squats_Inclination_Asymmetry_2_04.csv,8
11,9,1,3,2,35.862,35862,-5.16,8.05,1.78,9.7261,0.0589,0.0251,-0.0284,31.19,76.19,48.88,-4.334,8.4673,1.8967,9.6993,P011_Barbell_Back_Squats_Inclination_Asymmetry_2_04.csv,8
11,9,1,3,2,35.992,35992,-4.96,8.09,2.09,9.7169,0.0556,0.0065,0.0644,30.69,75.75,49.63,-4.4165,8.4176,1.9221,9.6982,P011_Barbell_Back_Squats_Inclination_Asymmetry_2_04.csv,8
11,9,1,3,2,36.122,36122,-5.48,8.32,2.19,10.2004,-0.0131,-0.0196,0.0,30.88,75.69,49.81,-4.5566,8.4047,1.9574,9.7588,P011_Barbell_Back_Squats_Inclination_Asymmetry_2_04.csv,8
11,9,1,3,2,36.252,36252,-4.96,8.56,2.04,10.1013,-0.0371,-0.0065,0.2694,30.06,76.13,50.69,-4.6098,8.4252,1.9683,9.8035,P011_Barbell_Back_Squats_Inclination_Asymmetry_2_04.csv,8
11,9,1,3,2,36.382,36382,-4.39,8.53,1.86,9.772,-0.0305,-0.0185,0.0371,28.94,76.5,51.75,-4.5808,8.439,1.954,9.7989,P011_Barbell_Back_Squats_Inclination_Asymmetry_2_04.csv,9
11,9,1,3,2,36.512,36512,-4.21,7.81,1.67,9.0282,0.0,-0.0316,-0.072,29.0,76.81,51.88,-4.532,8.3561,1.9166,9.6973,P011_Barbell_Back_Squats_Inclination_Asymmetry_2_04.csv,9
11,9,1,3,2,36.642,36642,-5.18,8.59,1.94,10.2169,0.0196,-0.0218,0.0316,29.81,76.81,51.25,-4.6174,8.3869,1.9197,9.7645,P011_Barbell_Back_Squats_Inclination_Asymmetry_2_04.csv,9
11,9,1,3,2,36.815,36815,-5.28,8.22,1.96,9.9644,0.0109,0.036,-0.0753,29.94,76.63,51.06,-4.7047,8.3649,1.925,9.7884,P011_Barbell_Back_Squats_Inclination_Asymmetry_2_04.csv,9
11,9,1,3,2,36.945,36945,-5.61,8.31,1.86,10.1974,-0.0349,0.0447,0.0251,30.31,76.5,50.44,-4.824,8.3577,1.9164,9.8384,P011_Barbell_Back_Squats_Inclination_Asymmetry_2_04.csv,9
11,9,1,3,2,37.075,37075,-5.23,8.09,1.84,9.8075,-0.0982,0.0295,0.3436,29.56,76.94,50.88,-4.8775,8.3224,1.9064,9.8329,P011_Barbell_Back_Squats_Inclination_Asymmetry_2_04.csv,9
11,9,1,3,2,37.205,37205,-4.66,7.94,1.75,9.3713,-0.1014,0.1058,0.3425,27.19,77.75,52.63,-4.8488,8.272,1.8858,9.7721,P011_Barbell_Back_Squats_Inclination_Asymmetry_2_04.csv,9
11,9,1,3,2,37.335,37335,-3.6,7.41,1.62,8.396,-0.1276,0.1538,0.516,24.31,78.31,54.38,-4.6843,8.1584,1.8507,9.5879,P011_Barbell_Back_Squats_Inclination_Asymmetry_2_04.csv,9
11,9,1,3,2,37.465,37465,-2.86,7.68,1.57,8.3443,-0.1145,0.1593,0.2749,21.44,78.94,55.88,-4.4439,8.0954,1.8137,9.4113,P011_Barbell_Back_Squats_Inclination_Asymmetry_2_04.csv,9
11,9,1,3,2,37.596,37596,-2.38,8.19,1.43,8.6479,-0.1014,0.1462,0.2629,19.19,79.38,56.81,-4.1719,8.1079,1.7632,9.2871,P011_Barbell_Back_Squats_Inclination_Asymmetry_2_04.csv,9
11,9,1,3,2,37.726,37726,-2.32,9.07,1.65,9.5063,-0.1036,0.0644,0.3371,16.94,80.0,57.75,-3.9279,8.2346,1.7483,9.2895,P011_Barbell_Back_Squats_Inclination_Asymmetry_2_04.csv,9
11,9,1,3,2,37.899,37899,-1.96,9.15,1.22,9.4368,-0.0469,0.0273,0.3185,14.13,80.69,59.75,-3.6686,8.3553,1.6787,9.2783,P011_Barbell_Back_Squats_Inclination_Asymmetry_2_04.csv,9
11,9,1,3,2,38.029,38029,-1.77,9.45,1.49,9.7291,-0.0371,0.0491,0.1407,12.06,81.06,60.81,-3.4184,8.4995,1.6538,9.3093,P011_Barbell_Back_Squats_Inclination_Asymmetry_2_04.csv,9
11,9,1,3,2,38.159,38159,-1.45,9.43,1.47,9.6534,-0.0207,0.0633,-0.0371,11.44,81.19,60.44,-3.159,8.6221,1.6296,9.3261,P011_Barbell_Back_Squats_Inclination_Asymmetry_2_04.csv,9
11,9,1,3,2,38.289,38289,-1.28,9.08,1.39,9.2745,-0.0065,0.024,0.0098,11.5,81.25,59.56,-2.9114,8.6825,1.598,9.296,P011_Barbell_Back_Squats_Inclination_Asymmetry_2_04.csv,9
11,9,1,3,2,38.419,38419,-1.11,8.21,1.48,8.4159,-0.0022,-0.0262,-0.4723,12.31,81.19,58.13,-2.674,8.6202,1.5825,9.1631,P011_Barbell_Back_Squats_Inclination_Asymmetry_2_04.csv,9
11,9,1,3,2,38.549,38549,-2.09,8.67,1.09,8.9847,-0.0578,-0.0807,-0.4287,15.56,81.31,55.0,-2.5971,8.6268,1.5176,9.1361,P011_Barbell_Back_Squats_Inclination_Asymmetry_2_04.csv,9
11,9,1,3,2,38.68,38680,-2.71,8.71,1.34,9.2198,0.0251,-0.0949,-0.3818,18.31,81.56,52.88,-2.6119,8.6377,1.4942,9.1469,P011_Barbell_Back_Squats_Inclination_Asymmetry_2_04.csv,9
11,10,1,3,2,38.811,38811,-3.42,9.25,0.3,9.8666,0.1822,-0.0938,-0.3872,21.63,81.0,50.56,-2.7184,8.7184,1.3368,9.2297,P011_Barbell_Back_Squats_Inclination_Asymmetry_2_04.csv,9
11,10,1,3,2,38.983,38983,-3.76,8.38,1.73,9.3464,0.1789,-0.0578,-0.1996,23.31,79.13,50.19,-2.8557,8.6738,1.3886,9.2368,P011_Barbell_Back_Squats_Inclination_Asymmetry_2_04.csv,9
11,10,1,3,2,39.113,39113,-4.14,7.79,1.86,9.0157,0.0698,-0.0938,-0.3698,26.0,78.0,48.31,-3.0249,8.5574,1.4507,9.1915,P011_Barbell_Back_Squats_Inclination_Asymmetry_2_04.csv,9
11,10,1,3,2,39.243,39243,-4.41,7.89,1.81,9.2183,-0.0316,-0.1538,-0.0611,27.56,78.25,48.19,-3.2074,8.4694,1.4981,9.1795,P011_Barbell_Back_Squats_Inclination_Asymmetry_2_04.csv,9
11,10,1,3,2,39.373,39373,-4.66,8.4,1.62,9.7417,-0.0731,-0.168,-0.0535,28.44,79.19,48.63,-3.3988,8.4603,1.5141,9.2423,P011_Barbell_Back_Squats_Inclination_Asymmetry_2_04.csv,9
11,10,1,3,2,39.503,39503,-5.07,8.87,1.41,10.3136,-0.0109,-0.0862,-0.0785,29.0,80.0,49.13,-3.6191,8.5143,1.5004,9.3724,P011_Barbell_Back_Squats_Inclination_Asymmetry_2_04.csv,9
11,10,1,3,2,39.633,39633,-5.49,8.33,1.06,10.0326,-0.0654,-0.1047,-0.0818,29.88,80.56,48.88,-3.8656,8.49,1.4424,9.4394,P011_Barbell_Back_Squats_Inclination_Asymmetry_2_04.csv,9
11,10,1,3,2,39.764,39764,-5.79,8.83,1.23,10.6304,-0.0098,-0.0622,-0.0022,30.44,81.19,48.75,-4.1192,8.5348,1.4144,9.5818,P011_Barbell_Back_Squats_Inclination_Asymmetry_2_04.csv,9
11,10,1,3,2,39.895,39895,-5.17,8.66,1.14,10.1501,0.0262,-0.024,0.24,29.19,81.31,50.63,-4.2577,8.5513,1.3782,9.6515,P011_Barbell_Back_Squats_Inclination_Asymmetry_2_04.csv,9
11,10,1,3,2,40.067,40067,-4.74,8.58,1.2,9.8754,0.0415,0.0742,-0.0807,27.69,80.81,52.31,-4.3212,8.5551,1.3548,9.6797,P011_Barbell_Back_Squats_Inclination_Asymmetry_2_04.csv,9
11,10,1,3,2,40.197,40197,-4.69,8.92,1.54,10.1948,0.0415,0.0807,-0.0371,27.94,80.31,51.75,-4.3698,8.6032,1.3792,9.7474,P011_Barbell_Back_Squats_Inclination_Asymmetry_2_04.csv,9
11,10,1,3,2,40.327,40327,-4.07,8.54,1.5,9.5784,0.0425,0.048,-0.1636,28.44,79.69,50.94,-4.3303,8.5948,1.3951,9.7247,P011_Barbell_Back_Squats_Inclination_Asymmetry_2_04.csv,10
11,10,1,3,2,40.457,40457,-3.82,7.56,1.41,8.5869,0.0251,0.0087,-0.2182,30.63,79.13,48.56,-4.2631,8.4585,1.3971,9.5745,P011_Barbell_Back_Squats_Inclination_Asymmetry_2_04.csv,10
11,10,1,3,2,40.587,40587,-5.59,8.65,1.3,10.3808,0.0185,-0.0764,-0.204,32.13,79.13,47.38,-4.4379,8.4837,1.3843,9.6739,P011_Barbell_Back_Squats_Inclination_Asymmetry_2_04.csv,10
11,10,1,3,2,40.718,40718,-6.01,8.58,1.16,10.5395,0.0,-0.096,-0.1614,33.69,79.44,46.38,-4.6451,8.4964,1.3547,9.7776,P011_Barbell_Back_Squats_Inclination_Asymmetry_2_04.csv,10
11,10,1,3,2,40.848,40848,-6.53,8.29,1.44,10.6508,0.0065,-0.0295,0.1276,34.31,79.75,46.19,-4.8935,8.4692,1.3659,9.8762,P011_Barbell_Back_Squats_Inclination_Asymmetry_2_04.csv,10
11,10,1,3,2,40.978,40978,-5.74,8.35,1.46,10.2373,-0.0316,0.0349,0.0556,33.13,79.94,47.25,-5.005,8.4535,1.3783,9.9203,P011_Barbell_Back_Squats_Inclination_Asymmetry_2_04.csv,10
11,10,1,3,2,41.151,41151,-6.05,8.1,1.31,10.1945,-0.0109,0.0295,-0.0065,33.19,80.13,46.75,-5.1427,8.4069,1.3693,9.9498,P011_Barbell_Back_Squats_Inclination_Asymmetry_2_04.csv,10
11,10,1,3,2,41.281,41281,-5.47,7.99,1.21,9.7583,0.0055,0.0589,0.3131,32.25,80.19,47.5,-5.1858,8.352,1.3483,9.923,P011_Barbell_Back_Squats_Inclination_Asymmetry_2_04.csv,10
11,10,1,3,2,41.411,41411,-3.31,7.38,1.31,8.1937,0.0164,0.0589,0.4254,29.19,80.25,50.13,-4.9387,8.2239,1.3433,9.6864,P011_Barbell_Back_Squats_Inclination_Asymmetry_2_04.csv,10
11,10,1,3,2,41.541,41541,-4.06,6.8,1.49,8.0588,-0.0327,0.0305,0.1014,28.0,80.31,51.06,-4.8229,8.0363,1.3626,9.4709,P011_Barbell_Back_Squats_Inclination_Asymmetry_2_04.csv,10
11,10,1,3,2,41.671,41671,-3.78,7.93,1.03,8.845,-0.0578,0.072,0.7483,24.75,80.88,53.88,-4.6854,8.0223,1.3188,9.3835,P011_Barbell_Back_Squats_Inclination_Asymmetry_2_04.csv,10
11,10,1,3,2,41.802,41802,-2.27,8.91,1.63,9.338,-0.0164,0.1614,0.3534,20.19,81.06,57.5,-4.3672,8.1392,1.3598,9.3364,P011_Barbell_Back_Squats_Inclination_Asymmetry_2_04.csv,10
11,10,1,3,2,41.932,41932,-3.68,9.17,0.97,9.9284,0.0742,0.1636,-0.0142,21.75,80.5,54.63,-4.2766,8.2751,1.3084,9.4063,P011_Barbell_Back_Squats_Inclination_Asymmetry_2_04.csv,10
11,10,1,3,2,42.063,42063,-3.1,7.82,1.46,8.5378,0.0654,0.0687,0.1974,20.31,79.69,55.38,-4.1216,8.2151,1.3284,9.2865,P011_Barbell_Back_Squats_Inclination_Asymmetry_2_04.csv,10
11,10,1,3,2,42.235,42235,-3.03,9.07,2.01,9.7717,-0.0415,0.0796,0.2313,17.25,79.56,57.69,-3.9777,8.3278,1.4182,9.3373,P011_Barbell_Back_Squats_Inclination_Asymmetry_2_04.csv,10
11,10,1,3,2,42.365,42365,-2.33,9.0,1.67,9.4455,0.0087,0.1167,0.0633,16.38,79.5,57.63,-3.7606,8.4163,1.4514,9.3318,P011_Barbell_Back_Squats_Inclination_Asymmetry_2_04.csv,10
11,10,1,3,2,42.495,42495,-1.71,9.5,2.04,9.8659,0.024,0.0545,0.2673,14.69,79.31,58.25,-3.4904,8.5591,1.529,9.3691,P011_Barbell_Back_Squats_Inclination_Asymmetry_2_04.csv,10
11,10,1,3,2,42.625,42625,-1.6,8.95,1.71,9.2513,0.0175,-0.0098,-0.216,14.69,79.06,58.0,-3.2413,8.6106,1.5528,9.3306,P011_Barbell_Back_Squats_Inclination_Asymmetry_2_04.csv,10
11,10,1,3,2,42.755,42755,-1.97,8.8,1.99,9.2348,0.0469,-0.0742,-0.2007,16.75,78.88,56.19,-3.0738,8.6356,1.6104,9.3067,P011_Barbell_Back_Squats_Inclination_Asymmetry_2_04.csv,10
11,10,1,3,2,42.885,42885,-3.26,7.52,2.2,8.4863,0.0644,-0.1222,-0.4036,19.81,78.5,53.88,-3.0983,8.4886,1.6881,9.1927,P011_Barbell_Back_Squats_Inclination_Asymmetry_2_04.csv,10
11,10,1,3,2,43.016,43016,-3.12,8.38,2.15,9.1968,0.0425,-0.1756,-0.204,21.69,78.38,53.13,-3.1012,8.4743,1.749,9.1918,P011_Barbell_Back_Squats_Inclination_Asymmetry_2_04.csv,10
11,10,1,3,2,43.146,43146,-3.77,7.73,1.52,8.7336,0.0556,-0.2214,-0.3054,23.81,78.38,52.81,-3.1893,8.3762,1.7188,9.1262,P011_Barbell_Back_Squats_Inclination_Asymmetry_2_04.csv,10
11,11,1,3,2,43.319,43319,-3.7,7.57,1.04,8.4898,-0.0371,-0.1451,-0.4614,26.63,78.69,51.63,-3.2566,8.27,1.6294,9.0362,P011_Barbell_Back_Squats_Inclination_Asymmetry_2_04.csv,10
11,11,1,3,2,43.45,43450,-5.15,8.51,1.5,10.0595,-0.036,-0.1353,-0.2007,29.25,79.31,50.13,-3.5061,8.3016,1.6123,9.1547,P011_Barbell_Back_Squats_Inclination_Asymmetry_2_04.csv,10
11,11,1,3,2,43.581,43581,-5.39,8.28,1.18,9.95,0.0371,-0.0567,-0.2509,31.5,79.25,48.81,-3.7543,8.2988,1.5553,9.2403,P011_Barbell_Back_Squats_Inclination_Asymmetry_2_04.csv,10
11,11,1,3,2,43.711,43711,-5.11,8.18,1.62,9.78,0.0316,-0.0196,0.0535,32.19,79.13,49.0,-3.933,8.2831,1.5639,9.3018,P011_Barbell_Back_Squats_Inclination_Asymmetry_2_04.csv,10
11,11,1,3,2,43.842,43842,-5.19,8.03,1.29,9.6479,0.0382,0.012,-0.2094,32.56,78.88,48.88,-4.0986,8.2497,1.5278,9.3376,P011_Barbell_Back_Squats_Inclination_Asymmetry_2_04.csv,10
11,11,1,3,2,43.972,43972,-6.2,8.73,2.03,10.8983,0.0862,0.0284,0.0676,33.75,78.25,48.0,-4.3755,8.313,1.594,9.5285,P011_Barbell_Back_Squats_Inclination_Asymmetry_2_04.csv,10
11,11,1,3,2,44.104,44104,-4.96,7.58,1.38,9.1631,0.0567,0.0044,0.0011,32.81,77.63,49.13,-4.4526,8.2164,1.5658,9.4756,P011_Barbell_Back_Squats_Inclination_Asymmetry_2_04.csv,10
11,11,1,3,2,44.235,44235,-5.92,8.48,2.06,10.5452,0.012,-0.0153,-0.0731,33.5,77.5,48.5,-4.6459,8.2512,1.6309,9.6087,P011_Barbell_Back_Squats_Inclination_Asymmetry_2_04.csv,10
11,11,1,3,2,44.411,44411,-5.33,8.16,1.77,9.9059,-0.0087,-0.0404,0.2618,32.5,77.63,49.88,-4.7361,8.2392,1.6492,9.6454,P011_Barbell_Back_Squats_Inclination_Asymmetry_2_04.csv,10
11,11,1,3,2,44.541,44541,-5.07,8.44,1.65,9.983,-0.0349,-0.0535,0.0087,31.63,78.06,51.0,-4.7801,8.2656,1.6493,9.6897,P011_Barbell_Back_Squats_Inclination_Asymmetry_2_04.csv,10
11,11,1,3,2,44.672,44672,-5.67,8.14,1.74,10.0715,-0.0349,-0.0022,-0.0273,32.06,78.38,50.69,-4.8973,8.2491,1.6613,9.7361,P011_Barbell_Back_Squats_Inclination_Asymmetry_2_04.csv,10
11,11,1,3,2,44.802,44802,-5.37,8.73,1.63,10.3782,-0.0076,0.036,0.0644,31.88,78.56,50.69,-4.9596,8.3124,1.6572,9.8204,P011_Barbell_Back_Squats_Inclination_Asymmetry_2_04.csv,10
11,11,1,3,2,44.933,44933,-5.63,8.12,1.55,10.0017,0.0131,0.0676,-0.1364,31.94,78.31,50.31,-5.048,8.2871,1.643,9.8416,P011_Barbell_Back_Squats_Inclination_Asymmetry_2_04.csv,10
11,11,1,3,2,45.064,45064,-5.15,8.13,2.08,9.8461,-0.0175,0.0458,0.108,31.75,78.06,50.06,-5.0614,8.2664,1.7006,9.8409,P011_Barbell_Back_Squats_Inclination_Asymmetry_2_04.csv,10
11,11,1,3,2,45.194,45194,-5.18,8.31,1.64,9.9287,-0.0654,-0.0164,0.0153,31.19,78.31,50.44,-5.077,8.2721,1.6926,9.8524,P011_Barbell_Back_Squats_Inclination_Asymmetry_2_04.csv,10
11,11,1,3,2,45.325,45325,-5.75,8.67,1.47,10.5068,-0.0491,-0.0524,0.2182,30.56,79.13,51.19,-5.1657,8.3246,1.6633,9.9373,P011_Barbell_Back_Squats_Inclination_Asymmetry_2_04.csv,10
11,11,1,3,2,45.497,45497,-4.16,8.09,1.62,9.24,-0.0185,0.0087,0.5967,27.13,79.88,54.88,-5.0332,8.2937,1.6576,9.842,P011_Barbell_Back_Squats_Inclination_Asymmetry_2_04.csv,10
11,11,1,3,2,45.627,45627,-3.81,7.58,1.34,8.5888,-0.1789,-0.0175,0.0022,25.31,80.81,56.5,-4.872,8.1996,1.6157,9.6737,P011_Barbell_Back_Squats_Inclination_Asymmetry_2_04.csv,10
11,11,1,3,2,45.757,45757,-3.77,7.86,1.13,8.7903,-0.1865,-0.0142,0.5629,24.13,82.19,57.31,-4.7268,8.1549,1.5517,9.5526,P011_Barbell_Back_Squats_Inclination_Asymmetry_2_04.csv,10
11,11,1,3,2,45.887,45887,-3.19,8.07,0.94,8.7284,-0.1691,0.0175,0.444,20.25,83.69,60.75,-4.5243,8.1437,1.4711,9.4315,P011_Barbell_Back_Squats_Inclination_Asymmetry_2_04.csv,10
11,11,1,3,2,46.017,46017,-2.23,8.56,0.69,8.8726,-0.1167,0.0611,0.6054,16.44,84.81,64.0,-4.222,8.1985,1.3682,9.3227,P011_Barbell_Back_Squats_Inclination_Asymmetry_2_04.csv,10
11,11,1,3,2,46.148,46148,-0.88,9.39,0.63,9.4522,-0.1625,0.0633,0.5487,11.38,85.88,67.25,-3.7816,8.3555,1.2709,9.2591,P011_Barbell_Back_Squats_Inclination_Asymmetry_2_04.csv,10
11,1,1,3,2,0.0,0,7.05,4.04,1.93,8.3516,-0.0295,0.0022,-0.2422,-53.69,67.25,117.31,7.9321,5.079,2.1016,9.6505,P011_Barbell_Back_Squats_Inclination_Asymmetry_2_05.csv,1
11,1,1,3,2,0.13,130,7.74,4.67,2.17,9.2965,-0.1091,-0.0153,0.0644,-53.63,67.75,117.5,7.9068,5.0251,2.1106,9.6034,P011_Barbell_Back_Squats_Inclination_Asymmetry_2_05.csv,1
11,1,1,3,2,0.26,260,8.14,6.09,2.22,10.4056,-0.1604,-0.0229,-0.288,-52.94,68.88,117.63,7.9376,5.1654,2.125,9.7058,P011_Barbell_Back_Squats_Inclination_Asymmetry_2_05.csv,1
11,1,1,3,2,0.39,390,7.63,6.7,2.01,10.3512,-0.0207,-0.1091,-0.5432,-50.0,70.31,115.38,7.897,5.3676,2.1099,9.7789,P011_Barbell_Back_Squats_Inclination_Asymmetry_2_05.csv,1
11,1,1,3,2,0.52,520,6.74,5.72,1.93,9.0483,0.048,-0.0905,-0.1418,-47.5,70.19,113.31,7.7446,5.4141,2.0862,9.6769,P011_Barbell_Back_Squats_Inclination_Asymmetry_2_05.csv,1
11,1,1,3,2,0.651,651,6.84,6.71,2.28,9.8493,0.0469,-0.0142,-0.6054,-45.13,70.5,110.88,7.6254,5.5848,2.1117,9.6848,P011_Barbell_Back_Squats_Inclination_Asymmetry_2_05.csv,1
11,1,1,3,2,0.781,781,6.19,7.18,2.58,9.8247,0.0731,0.0153,-0.1865,-41.75,71.19,107.19,7.4362,5.795,2.1734,9.6749,P011_Barbell_Back_Squats_Inclination_Asymmetry_2_05.csv,1
11,1,1,3,2,0.912,912,6.31,6.64,2.19,9.4182,0.0698,0.0742,-0.2149,-41.06,71.13,106.06,7.2878,5.9064,2.1756,9.6297,P011_Barbell_Back_Squats_Inclination_Asymmetry_2_05.csv,1
11,1,1,3,2,1.084,1084,6.19,7.54,2.49,10.0682,0.0229,0.1124,-0.2302,-38.31,72.38,102.25,7.1431,6.1217,2.217,9.6651,P011_Barbell_Back_Squats_Inclination_Asymmetry_2_05.csv,1
11,1,1,3,2,1.214,1214,6.24,8.23,1.98,10.5162,0.0349,0.0393,-0.1429,-37.38,72.94,100.81,7.0241,6.3995,2.1858,9.7504,P011_Barbell_Back_Squats_Inclination_Asymmetry_2_05.csv,1
11,1,1,3,2,1.344,1344,6.17,7.93,2.21,10.2878,0.0622,0.0142,-0.3502,-36.06,72.94,99.31,6.9116,6.6012,2.189,9.805,P011_Barbell_Back_Squats_Inclination_Asymmetry_2_05.csv,1
11,1,1,3,2,1.475,1475,6.54,9.15,2.44,11.5086,0.0164,-0.0295,0.1265,-34.69,72.81,98.5,6.8626,6.937,2.2221,10.0078,P011_Barbell_Back_Squats_Inclination_Asymmetry_2_05.csv,1
11,1,1,3,2,1.605,1605,5.74,8.23,2.47,10.3335,0.012,-0.0731,-0.2542,-34.06,72.63,98.31,6.7147,7.1074,2.2547,10.0343,P011_Barbell_Back_Squats_Inclination_Asymmetry_2_05.csv,1
11,1,1,3,2,1.735,1735,5.27,7.56,2.41,9.5255,-0.0065,-0.0284,0.1364,-33.88,72.25,98.69,6.5243,7.1671,2.2752,9.9554,P011_Barbell_Back_Squats_Inclination_Asymmetry_2_05.csv,1
11,1,1,3,2,1.865,1865,5.55,7.68,2.57,9.8178,-0.0447,0.0262,-0.1429,-33.75,72.5,98.63,6.3959,7.2346,2.314,9.9299,P011_Barbell_Back_Squats_Inclination_Asymmetry_2_05.csv,1
11,1,1,3,2,1.995,1995,5.77,8.05,2.49,10.2125,-0.0654,0.0065,0.132,-33.75,73.06,98.69,6.3134,7.3421,2.3372,9.9614,P011_Barbell_Back_Squats_Inclination_Asymmetry_2_05.csv,1
11,1,1,3,2,2.168,2168,5.89,8.58,2.51,10.7055,-0.0556,0.0033,0.1571,-34.25,73.5,99.44,6.2576,7.5052,2.36,10.0527,P011_Barbell_Back_Squats_Inclination_Asymmetry_2_05.csv,1
11,1,1,3,2,2.298,2298,6.08,8.06,2.25,10.3437,-0.0545,0.0316,0.0971,-35.75,73.69,101.0,6.2342,7.5783,2.3455,10.0895,P011_Barbell_Back_Squats_Inclination_Asymmetry_2_05.csv,1
11,1,1,3,2,2.428,2428,6.58,8.2,2.42,10.7885,-0.0469,0.0458,0.1407,-36.5,74.19,101.69,6.2798,7.6602,2.3553,10.1815,P011_Barbell_Back_Squats_Inclination_Asymmetry_2_05.csv,1
11,1,1,3,2,2.558,2558,5.55,7.75,1.73,9.688,-0.0644,-0.0207,-0.0284,-36.88,74.5,102.19,6.1836,7.6721,2.2729,10.1126,P011_Barbell_Back_Squats_Inclination_Asymmetry_2_05.csv,1
11,1,1,3,2,2.688,2688,5.54,7.79,1.95,9.7559,-0.0284,0.0076,0.5607,-38.13,74.81,103.81,6.0988,7.6876,2.2304,10.0633,P011_Barbell_Back_Squats_Inclination_Asymmetry_2_05.csv,1
11,1,1,3,2,2.819,2819,6.6,6.99,1.82,9.7843,0.0709,0.0851,0.1473,-41.5,74.06,106.88,6.1649,7.5957,2.1763,10.0218,P011_Barbell_Back_Squats_Inclination_Asymmetry_2_05.csv,1
11,1,1,3,2,2.949,2949,5.96,6.22,1.88,8.8173,0.0731,0.0611,0.1298,-42.0,73.94,106.56,6.1379,7.4144,2.1372,9.8597,P011_Barbell_Back_Squats_Inclination_Asymmetry_2_05.csv,1
11,1,1,3,2,3.079,3079,5.63,6.5,1.87,8.8002,0.036,0.072,0.3294,-43.06,73.75,107.19,6.0709,7.2939,2.102,9.7199,P011_Barbell_Back_Squats_Inclination_Asymmetry_2_05.csv,1
11,1,1,3,2,3.252,3252,7.03,5.51,1.81,9.1136,0.0229,0.108,-0.1385,-46.88,73.63,110.06,6.1973,7.0588,2.0635,9.6173,P011_Barbell_Back_Squats_Inclination_Asymmetry_2_05.csv,1
11,1,1,3,2,3.383,3383,6.3,6.52,1.5,9.1897,0.0076,0.0764,0.2989,-45.63,74.5,108.19,6.2109,6.9878,1.9893,9.5583,P011_Barbell_Back_Squats_Inclination_Asymmetry_2_05.csv,1
11,1,1,3,2,3.513,3513,8.38,5.55,1.7,10.194,0.012,0.0654,0.5541,-50.81,73.38,112.94,6.4967,6.7984,1.9512,9.6037,P011_Barbell_Back_Squats_Inclination_Asymmetry_2_05.csv,2
11,1,1,3,2,3.644,3644,7.64,5.54,1.64,9.5787,0.0131,0.0273,0.0545,-51.75,73.38,113.31,6.6473,6.6325,1.9102,9.5826,P011_Barbell_Back_Squats_Inclination_Asymmetry_2_05.csv,2
11,1,1,3,2,3.775,3775,8.07,5.3,1.75,9.8121,0.0087,0.0142,0.2258,-53.38,72.81,114.44,6.8348,6.4569,1.8891,9.5904,P011_Barbell_Back_Squats_Inclination_Asymmetry_2_05.csv,2
11,1,1,3,2,3.905,3905,7.97,5.32,1.69,9.7303,-0.0196,0.0175,0.0382,-53.88,72.75,114.69,6.9844,6.3071,1.8628,9.5933,P011_Barbell_Back_Squats_Inclination_Asymmetry_2_05.csv,2
11,1,1,3,2,4.036,4036,8.05,5.24,1.52,9.7247,-0.0393,-0.0022,0.012,-54.44,72.88,115.19,7.1248,6.1665,1.8177,9.5965,P011_Barbell_Back_Squats_Inclination_Asymmetry_2_05.csv,2
11,1,1,3,2,4.166,4166,7.55,4.36,1.44,8.8366,-0.0262,-0.0229,-0.108,-54.63,73.0,115.38,7.1809,5.9285,1.7679,9.4782,P011_Barbell_Back_Squats_Inclination_Asymmetry_2_05.csv,2
11,1,1,3,2,4.339,4339,8.76,6.68,2.33,11.2601,-0.0044,-0.1145,0.4483,-52.5,73.19,113.69,7.3889,6.0275,1.842,9.7118,P011_Barbell_Back_Squats_Inclination_Asymmetry_2_05.csv,2
11,1,1,3,2,4.474,4474,7.43,4.66,1.32,8.8692,0.0764,-0.1364,-0.3163,-53.75,70.88,115.56,7.3944,5.8473,1.7732,9.5923,P011_Barbell_Back_Squats_Inclination_Asymmetry_2_05.csv,2
11,1,1,3,2,4.605,4605,6.08,4.96,1.68,8.0244,0.0055,-0.0491,-0.0044,-50.81,70.88,112.81,7.2212,5.7304,1.7609,9.3853,P011_Barbell_Back_Squats_Inclination_Asymmetry_2_05.csv,2
11,1,1,3,2,4.735,4735,8.41,5.29,2.16,10.1675,0.0,-0.0087,0.2214,-52.75,69.88,114.94,7.3778,5.6723,1.8135,9.4814,P011_Barbell_Back_Squats_Inclination_Asymmetry_2_05.csv,2
11,1,1,3,2,4.866,4866,7.13,4.84,1.85,8.8139,-0.0251,-0.0709,-0.5574,-51.06,70.19,113.44,7.3452,5.5627,1.8183,9.3915,P011_Barbell_Back_Squats_Inclination_Asymmetry_2_05.csv,2
11,2,1,3,2,4.996,4996,6.97,6.18,2.2,9.5715,-0.0654,-0.0676,-0.3927,-47.69,71.38,110.56,7.2957,5.644,1.8686,9.4114,P011_Barbell_Back_Squats_Inclination_Asymmetry_2_05.csv,2
11,2,1,3,2,5.127,5127,6.98,6.97,1.79,10.0252,-0.0295,-0.0982,-0.4516,-44.81,72.06,108.25,7.2541,5.8187,1.8582,9.4833,P011_Barbell_Back_Squats_Inclination_Asymmetry_2_05.csv,2
11,2,1,3,2,5.257,5257,5.98,7.38,2.15,9.739,0.0033,-0.048,-0.1996,-41.94,72.31,105.94,7.0862,6.0245,1.8967,9.4924,P011_Barbell_Back_Squats_Inclination_Asymmetry_2_05.csv,2
11,2,1,3,2,5.43,5430,6.09,7.28,2.37,9.7828,0.0251,0.0862,-0.2313,-40.0,72.94,103.56,6.9549,6.1899,1.9591,9.5144,P011_Barbell_Back_Squats_Inclination_Asymmetry_2_05.csv,2
11,2,1,3,2,5.56,5560,6.75,7.9,2.16,10.6131,0.0436,0.1254,-0.0807,-39.94,73.44,102.63,6.9279,6.4153,1.9855,9.6485,P011_Barbell_Back_Squats_Inclination_Asymmetry_2_05.csv,2
11,2,1,3,2,5.69,5690,6.67,7.65,2.06,10.3564,0.0458,0.1473,0.1494,-39.5,74.0,101.13,6.8939,6.578,1.9953,9.7354,P011_Barbell_Back_Squats_Inclination_Asymmetry_2_05.csv,2
11,2,1,3,2,5.82,5820,7.32,7.52,2.16,10.7144,0.0175,0.0589,-0.2531,-40.0,74.38,100.75,6.9501,6.7021,2.017,9.8636,P011_Barbell_Back_Squats_Inclination_Asymmetry_2_05.csv,2
11,2,1,3,2,5.95,5950,6.6,7.61,2.23,10.3172,-0.0676,0.0044,0.0338,-38.81,74.94,99.88,6.904,6.8217,2.0451,9.9188,P011_Barbell_Back_Squats_Inclination_Asymmetry_2_05.csv,2
11,2,1,3,2,6.08,6080,6.78,8.28,1.84,10.8587,-0.1222,0.0022,-0.1167,-38.81,75.75,100.5,6.8876,7.0139,2.0181,10.0353,P011_Barbell_Back_Squats_Inclination_Asymmetry_2_05.csv,2
11,2,1,3,2,6.21,6210,7.55,8.74,1.59,11.6584,-0.0153,-0.0567,0.2127,-39.31,76.0,101.75,6.9749,7.2414,1.9617,10.2438,P011_Barbell_Back_Squats_Inclination_Asymmetry_2_05.csv,2
11,2,1,3,2,6.341,6341,5.68,7.74,2.0,9.8066,0.084,-0.0993,-0.2989,-38.13,75.44,101.0,6.8043,7.3071,1.9667,10.1764,P011_Barbell_Back_Squats_Inclination_Asymmetry_2_05.csv,2
11,2,1,3,2,6.514,6514,6.35,7.3,1.93,9.866,-0.0022,0.0327,-0.036,-37.94,75.0,100.69,6.7444,7.3061,1.9619,10.1349,P011_Barbell_Back_Squats_Inclination_Asymmetry_2_05.csv,2
11,2,1,3,2,6.645,6645,6.45,7.44,2.1,10.0681,-0.0142,-0.0371,-0.0164,-38.13,75.06,100.94,6.7056,7.3238,1.9801,10.1254,P011_Barbell_Back_Squats_Inclination_Asymmetry_2_05.csv,2
11,2,1,3,2,6.775,6775,5.67,7.42,1.8,9.5103,-0.0415,-0.0327,0.0196,-37.63,75.13,100.81,6.5691,7.3365,1.9564,10.0401,P011_Barbell_Back_Squats_Inclination_Asymmetry_2_05.csv,2
11,2,1,3,2,6.905,6905,5.97,7.47,2.08,9.7861,-0.0524,0.0076,0.1963,-38.31,75.31,102.06,6.4902,7.3541,1.9726,10.0048,P011_Barbell_Back_Squats_Inclination_Asymmetry_2_05.csv,2
11,2,1,3,2,7.035,7035,5.72,7.2,1.62,9.3372,-0.0709,0.0567,0.1604,-39.63,75.69,103.56,6.3887,7.3338,1.9262,9.9151,P011_Barbell_Back_Squats_Inclination_Asymmetry_2_05.csv,2
11,2,1,3,2,7.165,7165,5.54,7.17,1.22,9.1427,-0.0153,0.0644,0.2662,-40.06,76.63,103.88,6.2769,7.3122,1.8331,9.8096,P011_Barbell_Back_Squats_Inclination_Asymmetry_2_05.csv,2
11,2,1,3,2,7.295,7295,6.08,5.95,1.61,8.658,0.0491,0.0436,0.3142,-42.88,76.19,106.31,6.2509,7.1327,1.8037,9.6541,P011_Barbell_Back_Squats_Inclination_Asymmetry_2_05.csv,2
11,2,1,3,2,7.425,7425,6.78,6.58,1.71,9.6015,0.0436,0.0185,0.4996,-45.5,75.25,108.69,6.3206,7.0598,1.7914,9.6437,P011_Barbell_Back_Squats_Inclination_Asymmetry_2_05.csv,2
11,2,1,3,2,7.598,7598,7.15,5.69,1.9,9.3332,0.072,0.0458,0.1233,-49.56,73.69,112.25,6.4299,6.8793,1.8057,9.588,P011_Barbell_Back_Squats_Inclination_Asymmetry_2_05.csv,2
11,2,1,3,2,7.728,7728,7.49,5.1,1.6,9.2016,0.0545,0.0829,0.5007,-51.31,73.0,113.44,6.5696,6.6449,1.7786,9.512,P011_Barbell_Back_Squats_Inclination_Asymmetry_2_05.csv,2
11,2,1,3,2,7.859,7859,8.56,4.84,1.75,9.9881,0.0044,0.0916,0.1669,-54.44,72.44,116.06,6.8319,6.407,1.7748,9.5328,P011_Barbell_Back_Squats_Inclination_Asymmetry_2_05.csv,3
11,2,1,3,2,7.989,7989,8.01,5.24,1.64,9.7112,0.0033,0.084,0.0033,-55.0,73.19,116.13,6.9871,6.2532,1.757,9.5399,P011_Barbell_Back_Squats_Inclination_Asymmetry_2_05.csv,3
11,2,1,3,2,8.119,8119,8.78,4.98,1.51,10.2063,0.0142,0.0524,0.2214,-56.25,73.44,116.88,7.2234,6.0855,1.7245,9.6013,P011_Barbell_Back_Squats_Inclination_Asymmetry_2_05.csv,3
11,2,1,3,2,8.249,8249,8.7,4.83,1.45,10.0559,0.036,-0.0305,-0.1811,-57.19,73.06,117.56,7.418,5.92,1.6883,9.6397,P011_Barbell_Back_Squats_Inclination_Asymmetry_2_05.csv,3
11,2,1,3,2,8.379,8379,8.16,4.83,1.56,9.6098,0.0065,-0.0753,-0.0796,-55.5,73.06,116.0,7.5158,5.7764,1.6714,9.6253,P011_Barbell_Back_Squats_Inclination_Asymmetry_2_05.csv,3
11,2,1,3,2,8.509,8509,7.86,5.27,1.65,9.606,-0.048,-0.1134,-0.4287,-55.0,72.5,115.94,7.5611,5.7097,1.6686,9.6205,P011_Barbell_Back_Squats_Inclination_Asymmetry_2_05.csv,3
11,2,1,3,2,8.682,8682,7.45,5.41,1.59,9.3434,-0.0622,-0.1069,0.0033,-53.25,72.25,115.38,7.5465,5.6702,1.6582,9.5838,P011_Barbell_Back_Squats_Inclination_Asymmetry_2_05.csv,3
11,2,1,3,2,8.813,8813,6.58,5.29,1.58,8.5893,-0.0654,-0.0622,-0.2389,-51.44,72.63,114.25,7.4191,5.6201,1.6479,9.4522,P011_Barbell_Back_Squats_Inclination_Asymmetry_2_05.csv,3
11,2,1,3,2,8.943,8943,7.37,6.71,1.98,10.1618,-0.0305,-0.0011,0.0011,-49.94,73.31,113.06,7.4126,5.7637,1.6917,9.5409,P011_Barbell_Back_Squats_Inclination_Asymmetry_2_05.csv,3
11,2,1,3,2,9.073,9073,8.64,6.22,2.3,10.8916,-0.0458,-0.0207,0.0535,-51.38,73.0,114.75,7.5744,5.8238,1.7718,9.7174,P011_Barbell_Back_Squats_Inclination_Asymmetry_2_05.csv,3
11,2,1,3,2,9.204,9204,5.84,6.09,1.51,8.5717,-0.0469,-0.0262,-0.6709,-48.13,74.13,111.69,7.3458,5.8589,1.7373,9.5554,P011_Barbell_Back_Squats_Inclination_Asymmetry_2_05.csv,3
11,2,1,3,2,9.337,9337,6.31,6.35,1.16,9.0269,0.0185,-0.0044,0.0949,-45.81,74.88,109.44,7.2093,5.9236,1.6613,9.4775,P011_Barbell_Back_Squats_Inclination_Asymmetry_2_05.csv,3
11,2,1,3,2,9.472,9472,7.59,6.25,1.89,10.0121,0.0545,-0.0753,-0.1571,-46.63,74.06,110.13,7.2595,5.9666,1.6914,9.5479,P011_Barbell_Back_Squats_Inclination_Asymmetry_2_05.csv,3
11,2,1,3,2,9.602,9602,6.08,6.78,1.86,9.2949,0.0665,-0.1134,-0.4331,-43.0,73.81,106.81,7.1041,6.0738,1.7136,9.5024,P011_Barbell_Back_Squats_Inclination_Asymmetry_2_05.csv,3
11,3,1,3,2,9.775,9775,6.76,7.03,2.13,9.9828,0.0611,-0.1549,-0.4036,-40.88,72.81,105.13,7.0587,6.1998,1.7685,9.5599,P011_Barbell_Back_Squats_Inclination_Asymmetry_2_05.csv,3
11,3,1,3,2,9.905,9905,5.41,7.36,2.42,9.4496,0.0469,-0.1691,-0.3043,-37.75,72.06,102.88,6.8415,6.3527,1.8543,9.5185,P011_Barbell_Back_Squats_Inclination_Asymmetry_2_05.csv,3
11,3,1,3,2,10.035,10035,5.63,7.93,2.86,10.1371,0.024,-0.0545,-0.1942,-35.69,71.63,101.63,6.6818,6.5605,1.9869,9.5726,P011_Barbell_Back_Squats_Inclination_Asymmetry_2_05.csv,3
11,3,1,3,2,10.165,10165,5.29,7.49,2.58,9.5258,0.0044,-0.0469,-0.1353,-34.19,71.38,100.56,6.4984,6.683,2.065,9.5476,P011_Barbell_Back_Squats_Inclination_Asymmetry_2_05.csv,3
11,3,1,3,2,10.296,10296,5.41,8.1,2.56,10.0713,-0.0382,-0.0622,0.0262,-33.69,71.38,100.69,6.355,6.8697,2.1302,9.5978,P011_Barbell_Back_Squats_Inclination_Asymmetry_2_05.csv,3
11,3,1,3,2,10.426,10426,5.49,8.48,2.68,10.4515,-0.0076,-0.0207,0.1124,-33.94,71.31,101.38,6.241,7.0819,2.2027,9.6931,P011_Barbell_Back_Squats_Inclination_Asymmetry_2_05.csv,3
11,3,1,3,2,10.556,10556,5.91,8.28,2.84,10.5618,0.0185,-0.0022,0.12,-34.5,71.13,102.0,6.1974,7.2398,2.2867,9.8006,P011_Barbell_Back_Squats_Inclination_Asymmetry_2_05.csv,3
11,3,1,3,2,10.687,10687,6.04,8.62,2.89,10.915,0.0098,0.0305,0.1767,-35.06,71.0,102.5,6.1767,7.4217,2.3662,9.9414,P011_Barbell_Back_Squats_Inclination_Asymmetry_2_05.csv,3
11,3,1,3,2,10.859,10859,6.3,7.6,2.82,10.2666,-0.0229,0.0207,-0.096,-35.69,71.13,102.81,6.1929,7.4452,2.426,9.9834,P011_Barbell_Back_Squats_Inclination_Asymmetry_2_05.csv,3
11,3,1,3,2,10.989,10989,5.76,7.82,2.65,10.0674,-0.0382,-0.0229,-0.1953,-35.13,71.38,102.38,6.1359,7.4946,2.4555,9.9923,P011_Barbell_Back_Squats_Inclination_Asymmetry_2_05.csv,3
11,3,1,3,2,11.119,11119,5.53,7.68,2.57,9.8065,-0.0785,0.0175,0.1124,-34.5,71.94,101.88,6.056,7.519,2.4706,9.9657,P011_Barbell_Back_Squats_Inclination_Asymmetry_2_05.csv,3
11,3,1,3,2,11.249,11249,6.2,8.1,2.4,10.479,-0.0644,-0.0153,0.0742,-35.38,72.38,102.94,6.075,7.5956,2.4613,10.0328,P011_Barbell_Back_Squats_Inclination_Asymmetry_2_05.csv,3
11,3,1,3,2,11.379,11379,5.95,7.77,2.24,10.0396,0.0033,-0.0175,0.1156,-35.94,72.19,103.81,6.0585,7.6186,2.4321,10.0331,P011_Barbell_Back_Squats_Inclination_Asymmetry_2_05.csv,3
11,3,1,3,2,11.51,11510,6.08,8.42,2.48,10.6777,-0.0971,-0.0098,0.0251,-36.19,72.38,104.25,6.0614,7.7242,2.4384,10.1168,P011_Barbell_Back_Squats_Inclination_Asymmetry_2_05.csv,3
11,3,1,3,2,11.64,11640,6.17,8.57,2.5,10.8519,-0.0862,0.0087,0.2214,-37.56,72.75,106.13,6.0757,7.8356,2.4465,10.2126,P011_Barbell_Back_Squats_Inclination_Asymmetry_2_05.csv,3
11,3,1,3,2,11.771,11771,5.51,7.49,2.48,9.6234,0.0011,0.0785,0.3916,-39.69,72.88,108.25,6.0011,7.7901,2.451,10.1344,P011_Barbell_Back_Squats_Inclination_Asymmetry_2_05.csv,3
11,3,1,3,2,11.943,11943,5.3,5.41,1.67,7.7554,0.0153,0.1527,0.4058,-43.38,72.88,110.88,5.9087,7.4764,2.348,9.8145,P011_Barbell_Back_Squats_Inclination_Asymmetry_2_05.csv,3
11,3,1,3,2,12.073,12073,6.47,6.09,1.86,9.0779,0.036,0.144,0.4472,-45.75,73.0,112.31,5.9827,7.2937,2.2837,9.706,P011_Barbell_Back_Squats_Inclination_Asymmetry_2_05.csv,3
11,3,1,3,2,12.203,12203,8.25,5.46,1.89,10.0721,0.0295,0.1145,0.4418,-50.75,72.19,116.5,6.2815,7.0521,2.2318,9.7041,P011_Barbell_Back_Squats_Inclination_Asymmetry_2_05.csv,3
11,3,1,3,2,12.333,12333,7.5,5.4,1.87,9.429,0.0349,-0.0011,-0.2858,-50.06,72.63,114.88,6.442,6.8344,2.1842,9.6426,P011_Barbell_Back_Squats_Inclination_Asymmetry_2_05.csv,3
11,3,1,3,2,12.463,12463,7.09,5.73,1.69,9.2713,0.0273,-0.0393,0.1451,-49.94,72.25,114.5,6.5274,6.6889,2.119,9.5832,P011_Barbell_Back_Squats_Inclination_Asymmetry_2_05.csv,3
11,3,1,3,2,12.594,12594,7.45,5.28,1.92,9.331,0.0,0.0436,0.2934,-52.0,71.38,116.44,6.649,6.5032,2.0928,9.5331,P011_Barbell_Back_Squats_Inclination_Asymmetry_2_05.csv,3
11,3,1,3,2,12.725,12725,7.85,5.59,2.02,9.8464,-0.0349,0.1113,0.0774,-53.38,71.75,117.13,6.8073,6.3829,2.0832,9.5614,P011_Barbell_Back_Squats_Inclination_Asymmetry_2_05.csv,4
11,3,1,3,2,12.855,12855,8.24,5.41,1.81,10.0221,0.0022,0.0818,0.1124,-54.31,72.44,117.44,6.9961,6.2547,2.0472,9.605,P011_Barbell_Back_Squats_Inclination_Asymmetry_2_05.csv,4
11,3,1,3,2,13.028,13028,8.24,5.32,1.54,9.9283,0.0284,0.0196,0.0142,-55.38,72.38,117.81,7.16,6.1315,1.9804,9.6324,P011_Barbell_Back_Squats_Inclination_Asymmetry_2_05.csv,4
11,3,1,3,2,13.158,13158,8.28,5.06,1.62,9.838,0.0338,0.0076,0.0687,-55.31,72.44,117.38,7.3076,5.9903,1.9329,9.6447,P011_Barbell_Back_Squats_Inclination_Asymmetry_2_05.csv,4
11,3,1,3,2,13.288,13288,7.68,4.73,1.55,9.1519,0.0153,-0.0087,-0.1898,-55.31,72.38,117.19,7.3566,5.8242,1.8824,9.57,P011_Barbell_Back_Squats_Inclination_Asymmetry_2_05.csv,4
11,3,1,3,2,13.418,13418,7.55,5.47,1.27,9.4094,0.0022,0.0273,-0.2389,-53.88,73.06,115.63,7.3821,5.7776,1.8017,9.5458,P011_Barbell_Back_Squats_Inclination_Asymmetry_2_05.csv,4
11,3,1,3,2,13.548,13548,7.81,5.67,2.43,9.9524,0.0153,-0.0349,-0.4603,-52.25,73.81,113.75,7.4385,5.7634,1.8845,9.5968,P011_Barbell_Back_Squats_Inclination_Asymmetry_2_05.csv,4
11,3,1,3,2,13.678,13678,7.5,6.14,1.57,9.8191,0.0185,-0.1505,-0.1767,-49.63,73.75,111.56,7.4466,5.813,1.8431,9.625,P011_Barbell_Back_Squats_Inclination_Asymmetry_2_05.csv,4
11,3,1,3,2,13.809,13809,6.21,6.08,1.74,8.8633,0.0622,-0.192,-0.2749,-47.06,72.81,109.88,7.2837,5.8482,1.8295,9.5184,P011_Barbell_Back_Squats_Inclination_Asymmetry_2_05.csv,4
11,3,1,3,2,13.939,13939,6.53,5.88,2.09,9.0324,0.0665,-0.1254,-0.1974,-45.5,71.56,108.88,7.1843,5.8524,1.8638,9.4519,P011_Barbell_Back_Squats_Inclination_Asymmetry_2_05.csv,4
11,4,1,3,2,14.112,14112,6.19,7.15,2.37,9.7496,-0.0262,-0.0436,-0.2422,-41.63,71.81,105.38,7.0533,6.0234,1.9305,9.474,P011_Barbell_Back_Squats_Inclination_Asymmetry_2_05.csv,4
11,4,1,3,2,14.242,14242,6.13,7.39,2.21,9.8526,-0.0556,-0.0469,-0.4069,-39.88,72.31,104.0,6.9316,6.2035,1.9674,9.508,P011_Barbell_Back_Squats_Inclination_Asymmetry_2_05.csv,4
11,4,1,3,2,14.373,14373,5.63,8.02,2.23,10.0494,-0.0807,0.0415,-0.0633,-38.0,73.31,102.38,6.7601,6.4428,2.002,9.5508,P011_Barbell_Back_Squats_Inclination_Asymmetry_2_05.csv,4
11,4,1,3,2,14.503,14503,6.09,7.97,2.32,10.2952,-0.0251,0.0458,-0.0011,-38.25,74.0,102.56,6.6718,6.6441,2.0439,9.6351,P011_Barbell_Back_Squats_Inclination_Asymmetry_2_05.csv,4
11,4,1,3,2,14.633,14633,6.12,7.63,2.28,10.0434,0.0436,0.0556,0.1767,-38.44,73.94,102.5,6.5991,6.774,2.075,9.682,P011_Barbell_Back_Squats_Inclination_Asymmetry_2_05.csv,4
11,4,1,3,2,14.763,14763,6.48,7.68,2.2,10.2865,0.0611,0.1091,-0.0556,-38.94,74.06,102.19,6.5834,6.8934,2.0915,9.7588,P011_Barbell_Back_Squats_Inclination_Asymmetry_2_05.csv,4
11,4,1,3,2,14.893,14893,6.54,7.7,1.97,10.2928,0.0338,0.072,0.1113,-39.13,74.19,101.63,6.5777,6.9997,2.0755,9.827,P011_Barbell_Back_Squats_Inclination_Asymmetry_2_05.csv,4
11,4,1,3,2,15.023,15023,6.71,7.52,2.15,10.3052,-0.0011,0.0513,0.0393,-40.44,74.13,102.63,6.5951,7.0682,2.0853,9.8896,P011_Barbell_Back_Squats_Inclination_Asymmetry_2_05.csv,4
11,4,1,3,2,15.196,15196,7.19,7.48,2.03,10.572,-0.0305,0.0993,0.0251,-40.81,74.88,102.31,6.6735,7.1225,2.078,9.9792,P011_Barbell_Back_Squats_Inclination_Asymmetry_2_05.csv,4
11,4,1,3,2,15.327,15327,7.28,7.62,2.02,10.7305,-0.0731,0.0022,-0.0098,-41.44,75.56,102.81,6.7534,7.1881,2.0704,10.0779,P011_Barbell_Back_Squats_Inclination_Asymmetry_2_05.csv,4
11,4,1,3,2,15.457,15457,6.24,8.05,2.0,10.3798,-0.0567,-0.0207,-0.0796,-40.88,76.06,102.63,6.6858,7.3016,2.0611,10.1124,P011_Barbell_Back_Squats_Inclination_Asymmetry_2_05.csv,4
11,4,1,3,2,15.59,15590,6.76,8.05,1.77,10.6599,0.0022,0.0524,0.1331,-41.25,76.25,103.06,6.6956,7.4003,2.0227,10.1826,P011_Barbell_Back_Squats_Inclination_Asymmetry_2_05.csv,4
11,4,1,3,2,15.721,15721,6.98,7.69,1.64,10.5141,0.0709,0.0262,0.1102,-41.56,76.38,102.88,6.733,7.4384,1.9723,10.2252,P011_Barbell_Back_Squats_Inclination_Asymmetry_2_05.csv,4
11,4,1,3,2,15.855,15855,6.96,6.8,1.73,9.883,0.0425,-0.0502,0.1953,-42.94,75.5,104.19,6.7629,7.3543,1.9404,10.1778,P011_Barbell_Back_Squats_Inclination_Asymmetry_2_05.csv,4
11,4,1,3,2,15.986,15986,6.25,6.94,1.58,9.4722,0.0055,-0.0087,0.1047,-43.81,74.81,105.25,6.6954,7.2997,1.8929,10.0845,P011_Barbell_Back_Squats_Inclination_Asymmetry_2_05.csv,4
11,4,1,3,2,16.117,16117,7.02,6.46,1.88,9.7235,0.0098,0.0567,0.0905,-45.81,74.56,107.13,6.7381,7.1891,1.8912,10.033,P011_Barbell_Back_Squats_Inclination_Asymmetry_2_05.csv,4
11,4,1,3,2,16.289,16289,6.08,5.7,1.69,8.5037,-0.0196,0.0425,0.3611,-46.25,74.94,107.25,6.6514,6.9928,1.8647,9.8294,P011_Barbell_Back_Squats_Inclination_Asymmetry_2_05.csv,4
11,4,1,3,2,16.419,16419,7.03,5.05,1.82,8.8451,-0.0644,0.0022,0.1909,-48.88,74.69,110.0,6.7013,6.7368,1.8588,9.6823,P011_Barbell_Back_Squats_Inclination_Asymmetry_2_05.csv,4
11,4,1,3,2,16.549,16549,7.02,6.32,1.97,9.649,-0.0742,-0.0153,0.0404,-48.5,75.13,109.94,6.7433,6.6819,1.8734,9.6762,P011_Barbell_Back_Squats_Inclination_Asymmetry_2_05.csv,4
11,4,1,3,2,16.679,16679,7.35,6.48,1.82,9.9662,-0.0567,-0.0305,0.1669,-49.69,74.94,111.75,6.8232,6.6553,1.8664,9.7125,P011_Barbell_Back_Squats_Inclination_Asymmetry_2_05.csv,4
11,4,1,3,2,16.809,16809,7.34,6.02,1.49,9.6092,-0.036,-0.0131,0.2356,-50.88,74.69,113.38,6.8913,6.5716,1.8168,9.6942,P011_Barbell_Back_Squats_Inclination_Asymmetry_2_05.csv,4
11,4,1,3,2,16.939,16939,7.34,5.59,1.15,9.2976,-0.0011,0.0262,0.2476,-52.06,74.69,114.56,6.9505,6.4422,1.7289,9.6333,P011_Barbell_Back_Squats_Inclination_Asymmetry_2_05.csv,4
11,4,1,3,2,17.07,17070,8.39,5.36,1.5,10.0684,0.0,0.0644,0.0796,-54.63,74.5,116.88,7.1402,6.2996,1.6988,9.6723,P011_Barbell_Back_Squats_Inclination_Asymmetry_2_05.csv,4
11,4,1,3,2,17.201,17201,7.83,5.51,1.72,9.7277,0.0076,0.0295,0.2203,-54.63,74.94,116.63,7.2311,6.1956,1.7016,9.6731,P011_Barbell_Back_Squats_Inclination_Asymmetry_2_05.csv,4
11,4,1,3,2,17.373,17373,8.48,4.67,1.3,9.7678,-0.0207,-0.0382,0.2323,-56.69,73.5,118.81,7.3956,5.9945,1.6486,9.6617,P011_Barbell_Back_Squats_Inclination_Asymmetry_2_05.csv,4
11,4,1,3,2,17.503,17503,8.57,4.39,1.2,9.7035,-0.1025,-0.0927,0.3491,-59.5,72.31,122.31,7.5504,5.7831,1.5895,9.6426,P011_Barbell_Back_Squats_Inclination_Asymmetry_2_05.csv,4
11,4,1,3,2,17.633,17633,8.77,4.81,1.69,10.1442,-0.0371,-0.0982,-0.0153,-60.63,71.06,124.5,7.7111,5.6549,1.6028,9.6957,P011_Barbell_Back_Squats_Inclination_Asymmetry_2_05.csv,4
11,4,1,3,2,17.763,17763,8.11,4.08,1.49,9.1999,0.0262,-0.1069,-0.1745,-59.38,70.38,123.69,7.7637,5.4473,1.5879,9.6161,P011_Barbell_Back_Squats_Inclination_Asymmetry_2_05.csv,4
11,4,1,3,2,17.893,17893,7.35,4.39,1.36,8.6686,0.0229,-0.0774,-0.6392,-56.63,70.63,121.13,7.7092,5.308,1.5579,9.4886,P011_Barbell_Back_Squats_Inclination_Asymmetry_2_05.csv,4
11,4,1,3,2,18.024,18024,7.35,5.69,2.34,9.5851,0.0807,-0.0807,-0.4036,-53.0,71.25,117.44,7.6618,5.3583,1.6609,9.496,P011_Barbell_Back_Squats_Inclination_Asymmetry_2_05.csv,4
11,4,1,3,2,18.154,18154,7.1,5.36,2.42,9.2193,0.1211,-0.108,-0.0436,-50.63,70.5,114.94,7.5878,5.3586,1.761,9.4546,P011_Barbell_Back_Squats_Inclination_Asymmetry_2_05.csv,4
11,5,1,3,2,18.285,18285,6.91,5.49,2.26,9.1102,0.0731,-0.0829,-0.5629,-49.06,69.44,113.5,7.4985,5.3759,1.8267,9.4055,P011_Barbell_Back_Squats_Inclination_Asymmetry_2_05.csv,4
11,5,1,3,2,18.458,18458,7.25,6.92,2.27,10.2763,0.012,-0.0491,-0.0349,-45.06,70.13,109.38,7.4657,5.5794,1.8851,9.509,P011_Barbell_Back_Squats_Inclination_Asymmetry_2_05.csv,5
11,5,1,3,2,18.589,18589,6.98,6.55,2.34,9.8539,-0.0011,-0.0251,-0.4331,-44.25,70.13,108.75,7.4017,5.7073,1.9451,9.5468,P011_Barbell_Back_Squats_Inclination_Asymmetry_2_05.csv,5
11,5,1,3,2,18.719,18719,6.13,7.02,2.34,9.609,-0.0273,-0.0033,-0.3283,-41.06,71.19,105.44,7.2341,5.8803,1.9971,9.5341,P011_Barbell_Back_Squats_Inclination_Asymmetry_2_05.csv,5
11,5,1,3,2,18.85,18850,5.86,6.95,2.33,9.3846,0.0011,0.0676,-0.1233,-39.38,71.69,103.63,7.0531,6.0212,2.041,9.4956,P011_Barbell_Back_Squats_Inclination_Asymmetry_2_05.csv,5
11,5,1,3,2,18.981,18981,6.77,7.37,2.35,10.2797,-0.0556,0.0862,0.0382,-39.19,72.56,102.94,7.0158,6.199,2.0817,9.5907,P011_Barbell_Back_Squats_Inclination_Asymmetry_2_05.csv,5
11,5,1,3,2,19.111,19111,6.74,7.54,2.16,10.3414,-0.0633,0.036,-0.0742,-39.56,73.38,103.19,6.9794,6.3757,2.092,9.6818,P011_Barbell_Back_Squats_Inclination_Asymmetry_2_05.csv,5
11,5,1,3,2,19.242,19242,6.17,8.49,2.18,10.7192,-0.0284,0.0415,-0.1178,-38.25,74.31,102.38,6.8728,6.6543,2.1036,9.7949,P011_Barbell_Back_Squats_Inclination_Asymmetry_2_05.csv,5
11,5,1,3,2,19.372,19372,6.61,7.78,2.06,10.4146,0.036,0.0535,0.1178,-38.94,74.31,103.0,6.8381,6.8026,2.0979,9.871,P011_Barbell_Back_Squats_Inclination_Asymmetry_2_05.csv,5
11,5,1,3,2,19.545,19545,7.06,8.06,2.17,10.9323,0.0425,0.0196,0.2029,-39.75,74.19,103.56,6.8674,6.9683,2.1074,10.008,P011_Barbell_Back_Squats_Inclination_Asymmetry_2_05.csv,5
11,5,1,3,2,19.68,19680,6.99,7.57,2.28,10.5529,0.0436,-0.0011,-0.1222,-40.13,73.81,103.81,6.8835,7.0476,2.1301,10.0791,P011_Barbell_Back_Squats_Inclination_Asymmetry_2_05.csv,5
11,5,1,3,2,19.811,19811,6.88,7.17,2.25,10.1885,0.0033,-0.0349,-0.2127,-39.38,73.69,103.0,6.8831,7.0637,2.1459,10.0935,P011_Barbell_Back_Squats_Inclination_Asymmetry_2_05.csv,5
11,5,1,3,2,19.941,19941,5.62,7.52,2.26,9.6562,-0.0698,-0.0284,-0.12,-37.63,74.13,101.69,6.7166,7.1239,2.161,10.0266,P011_Barbell_Back_Squats_Inclination_Asymmetry_2_05.csv,5
11,5,1,3,2,20.072,20072,5.85,7.89,2.0,10.0237,-0.0829,-0.0011,0.0753,-37.69,74.75,102.19,6.6024,7.2248,2.1397,10.0184,P011_Barbell_Back_Squats_Inclination_Asymmetry_2_05.csv,5
11,5,1,3,2,20.202,20202,6.33,8.33,1.84,10.6228,-0.0153,0.0055,0.0938,-37.94,75.13,102.75,6.5665,7.3704,2.1002,10.0923,P011_Barbell_Back_Squats_Inclination_Asymmetry_2_05.csv,5
11,5,1,3,2,20.333,20333,6.32,7.82,1.91,10.2344,0.0578,-0.0033,0.0044,-38.44,74.88,103.19,6.534,7.4297,2.0752,10.1094,P011_Barbell_Back_Squats_Inclination_Asymmetry_2_05.csv,5
11,5,1,3,2,20.463,20463,5.74,7.24,2.01,9.4554,0.0393,0.0295,0.204,-39.0,74.38,103.5,6.4294,7.4047,2.0666,10.0219,P011_Barbell_Back_Squats_Inclination_Asymmetry_2_05.csv,5
11,5,1,3,2,20.636,20636,5.91,6.88,2.03,9.2943,-0.0087,0.0884,0.3938,-40.75,74.31,104.75,6.361,7.3356,2.0618,9.9259,P011_Barbell_Back_Squats_Inclination_Asymmetry_2_05.csv,5
11,5,1,3,2,20.766,20766,5.9,6.37,1.69,8.8455,-0.0262,0.0938,0.2094,-43.38,74.5,107.0,6.3002,7.2083,2.0128,9.7828,P011_Barbell_Back_Squats_Inclination_Asymmetry_2_05.csv,5
11,5,1,3,2,20.896,20896,6.94,5.89,1.78,9.2749,-0.0175,0.0644,0.5803,-45.94,74.5,109.25,6.3845,7.0346,1.9821,9.7045,P011_Barbell_Back_Squats_Inclination_Asymmetry_2_05.csv,5
11,5,1,3,2,21.026,21026,6.9,5.86,1.56,9.186,0.0022,-0.0033,0.1418,-48.38,73.94,111.63,6.4525,6.8798,1.9265,9.6269,P011_Barbell_Back_Squats_Inclination_Asymmetry_2_05.csv,5
11,5,1,3,2,21.156,21156,7.35,5.56,1.7,9.3716,0.0185,0.012,0.4189,-50.75,73.06,114.06,6.5707,6.7059,1.8966,9.5781,P011_Barbell_Back_Squats_Inclination_Asymmetry_2_05.csv,5
11,5,1,3,2,21.286,21286,8.16,5.26,1.73,9.8613,0.0295,-0.0153,0.4287,-53.81,71.69,117.19,6.7802,6.5154,1.8747,9.5883,P011_Barbell_Back_Squats_Inclination_Asymmetry_2_05.csv,5
11,5,1,3,2,21.417,21417,7.95,5.14,1.73,9.6237,0.0393,-0.0131,0.1593,-55.31,70.56,118.69,6.9343,6.3341,1.8556,9.5734,P011_Barbell_Back_Squats_Inclination_Asymmetry_2_05.csv,5
11,5,1,3,2,21.547,21547,8.3,4.69,2.04,9.7492,0.0338,0.0065,0.3523,-57.38,69.19,120.25,7.1143,6.1175,1.8799,9.5692,P011_Barbell_Back_Squats_Inclination_Asymmetry_2_05.csv,5
11,5,1,3,2,21.72,21720,8.21,4.51,2.09,9.5975,0.0131,0.0578,-0.1396,-58.31,68.75,120.56,7.2587,5.9056,1.9076,9.5501,P011_Barbell_Back_Squats_Inclination_Asymmetry_2_05.csv,5
11,5,1,3,2,21.85,21850,8.63,5.07,2.29,10.2677,0.0567,0.0905,-0.1767,-57.19,69.31,118.81,7.4394,5.7955,1.958,9.6315,P011_Barbell_Back_Squats_Inclination_Asymmetry_2_05.csv,5
11,5,1,3,2,21.98,21980,8.29,5.04,1.75,9.8584,0.0447,0.0371,-0.6338,-55.06,70.75,115.75,7.5515,5.696,1.9306,9.6538,P011_Barbell_Back_Squats_Inclination_Asymmetry_2_05.csv,5
11,5,1,3,2,22.11,22110,8.07,4.95,1.26,9.5507,-0.0622,-0.0425,0.1658,-54.25,71.88,114.81,7.6198,5.5977,1.8422,9.6327,P011_Barbell_Back_Squats_Inclination_Asymmetry_2_05.csv,5
11,5,1,3,2,22.24,22240,7.98,5.48,1.6,9.8118,-0.084,-0.0611,-0.1549,-54.81,72.38,116.0,7.6673,5.5822,1.8103,9.6553,P011_Barbell_Back_Squats_Inclination_Asymmetry_2_05.csv,5
11,5,1,3,2,22.37,22370,7.03,4.57,1.46,8.511,-0.0927,-0.0382,-0.24,-53.38,72.94,115.13,7.5833,5.4488,1.7641,9.503,P011_Barbell_Back_Squats_Inclination_Asymmetry_2_05.csv,5
11,5,1,3,2,22.501,22501,8.0,5.42,1.47,9.7743,-0.2269,0.0502,0.1451,-52.44,74.63,114.94,7.6382,5.445,1.7254,9.5377,P011_Barbell_Back_Squats_Inclination_Asymmetry_2_05.csv,5
11,5,1,3,2,22.631,22631,6.99,6.54,1.56,9.6987,-0.1069,-0.0764,-1.0123,-49.69,76.75,113.06,7.5528,5.5893,1.7036,9.5492,P011_Barbell_Back_Squats_Inclination_Asymmetry_2_05.csv,5
11,5,1,3,2,22.804,22804,5.44,6.21,1.55,8.4,-0.0164,-0.0676,-0.0644,-43.63,77.5,107.75,7.2744,5.6711,1.6833,9.3761,P011_Barbell_Back_Squats_Inclination_Asymmetry_2_05.csv,5
11,6,1,3,2,22.934,22934,6.69,7.72,1.99,10.4074,0.0044,-0.0709,-0.3087,-42.38,77.31,106.88,7.1974,5.9411,1.7238,9.4905,P011_Barbell_Back_Squats_Inclination_Asymmetry_2_05.csv,6
11,6,1,3,2,23.064,23064,5.62,7.64,1.37,9.5828,0.0109,-0.1178,-0.4909,-39.19,77.19,104.19,6.9895,6.165,1.6771,9.4696,P011_Barbell_Back_Squats_Inclination_Asymmetry_2_05.csv,6
11,6,1,3,2,23.194,23194,5.38,8.03,1.64,9.8038,0.0251,-0.0316,0.0273,-37.38,77.0,102.75,6.7774,6.4107,1.6722,9.4777,P011_Barbell_Back_Squats_Inclination_Asymmetry_2_05.csv,6
11,6,1,3,2,23.324,23324,6.76,7.93,1.63,10.547,-0.0087,-0.0055,0.1342,-38.56,76.75,103.94,6.7751,6.6109,1.6667,9.6117,P011_Barbell_Back_Squats_Inclination_Asymmetry_2_05.csv,6
11,6,1,3,2,23.454,23454,6.3,8.5,1.95,10.7584,0.0436,-0.0545,0.0916,-38.44,76.31,104.13,6.7125,6.8599,1.704,9.7478,P011_Barbell_Back_Squats_Inclination_Asymmetry_2_05.csv,6
11,6,1,3,2,23.585,23585,7.01,8.13,2.33,10.9848,0.168,-0.0273,0.1178,-39.44,74.94,104.94,6.7517,7.0272,1.7865,9.9075,P011_Barbell_Back_Squats_Inclination_Asymmetry_2_05.csv,6
11,6,1,3,2,23.715,23715,6.9,8.16,2.21,10.9124,0.0753,-0.0251,-0.1429,-39.25,73.94,104.44,6.7713,7.1765,1.8423,10.0372,P011_Barbell_Back_Squats_Inclination_Asymmetry_2_05.csv,6
11,6,1,3,2,23.888,23888,6.02,7.26,2.07,9.6557,0.0033,-0.0502,-0.1396,-38.94,73.25,104.25,6.6723,7.1875,1.8723,9.9842,P011_Barbell_Back_Squats_Inclination_Asymmetry_2_05.csv,6
11,6,1,3,2,24.019,24019,5.86,6.71,2.43,9.2341,0.0065,-0.024,0.0415,-38.38,73.06,103.88,6.5652,7.1246,1.9458,9.8817,P011_Barbell_Back_Squats_Inclination_Asymmetry_2_05.csv,6
11,6,1,3,2,24.149,24149,5.86,7.54,2.19,9.7973,-0.0065,0.0011,-0.0295,-38.44,73.0,104.0,6.4723,7.1793,1.978,9.8664,P011_Barbell_Back_Squats_Inclination_Asymmetry_2_05.csv,6
11,6,1,3,2,24.279,24279,6.17,7.28,2.59,9.8881,-0.0349,0.036,-0.2574,-37.75,73.5,103.19,6.4325,7.1926,2.0586,9.8665,P011_Barbell_Back_Squats_Inclination_Asymmetry_2_05.csv,6
11,6,1,3,2,24.409,24409,7.16,8.4,2.17,11.2488,-0.0938,0.0316,0.2618,-37.94,74.13,103.38,6.5283,7.3517,2.0733,10.0481,P011_Barbell_Back_Squats_Inclination_Asymmetry_2_05.csv,6
11,6,1,3,2,24.539,24539,6.89,7.72,2.5,10.6452,-0.0055,-0.0164,-0.3087,-37.56,74.63,103.06,6.576,7.4002,2.1295,10.1263,P011_Barbell_Back_Squats_Inclination_Asymmetry_2_05.csv,6
11,6,1,3,2,24.669,24669,5.37,8.15,2.1,9.9835,0.0011,-0.0535,-0.5171,-34.56,74.88,100.38,6.4171,7.499,2.1256,10.0962,P011_Barbell_Back_Squats_Inclination_Asymmetry_2_05.csv,6
11,6,1,3,2,24.8,24800,4.68,8.73,1.92,10.0897,-0.0295,0.036,-0.252,-31.25,75.44,96.94,6.1882,7.6612,2.0985,10.0694,P011_Barbell_Back_Squats_Inclination_Asymmetry_2_05.csv,6
11,6,1,3,2,24.972,24972,4.52,8.15,2.17,9.5688,-0.0022,0.0851,-0.1985,-29.63,76.19,94.75,5.9683,7.7256,2.108,9.9875,P011_Barbell_Back_Squats_Inclination_Asymmetry_2_05.csv,6
11,6,1,3,2,25.102,25102,4.75,8.65,2.03,10.075,-0.0567,0.1025,-0.0218,-29.19,76.88,93.69,5.8078,7.8475,2.0977,9.9857,P011_Barbell_Back_Squats_Inclination_Asymmetry_2_05.csv,6
11,6,1,3,2,25.232,25232,4.98,9.19,2.03,10.6479,-0.0524,0.1124,0.084,-29.75,77.75,93.75,5.6987,8.0244,2.0888,10.0612,P011_Barbell_Back_Squats_Inclination_Asymmetry_2_05.csv,6
11,6,1,3,2,25.362,25362,4.74,9.12,1.67,10.413,-0.0065,0.0938,0.2378,-30.31,78.44,93.75,5.5724,8.1687,2.0336,10.0953,P011_Barbell_Back_Squats_Inclination_Asymmetry_2_05.csv,6
11,6,1,3,2,25.492,25492,5.28,7.73,1.71,9.5161,0.0295,0.072,0.5749,-33.63,78.25,96.56,5.5339,8.1109,1.9909,10.0187,P011_Barbell_Back_Squats_Inclination_Asymmetry_2_05.csv,6
11,6,1,3,2,25.622,25622,5.06,7.2,1.56,8.9374,0.0087,0.0698,0.3774,-36.81,78.06,99.31,5.4714,7.9909,1.9342,9.8758,P011_Barbell_Back_Squats_Inclination_Asymmetry_2_05.csv,6
11,6,1,3,2,25.768,25768,5.21,6.19,1.28,8.1914,-0.0087,0.0535,0.7167,-40.69,77.88,102.81,5.437,7.7536,1.848,9.6485,P011_Barbell_Back_Squats_Inclination_Asymmetry_2_05.csv,6
11,6,1,3,2,25.903,25903,7.38,5.88,1.5,9.5545,-0.0164,0.0578,0.8498,-47.69,76.94,109.75,5.693,7.5067,1.8021,9.5921,P011_Barbell_Back_Squats_Inclination_Asymmetry_2_05.csv,6
11,6,1,3,2,26.076,26076,7.47,5.25,1.38,9.2341,-0.0436,0.0436,0.6392,-52.63,76.31,114.69,5.9272,7.2093,1.7465,9.495,P011_Barbell_Back_Squats_Inclination_Asymmetry_2_05.csv,6
11,6,1,3,2,26.206,26206,8.62,5.26,1.16,10.1645,-0.0316,0.0807,0.3109,-56.13,75.94,118.13,6.282,6.9524,1.6692,9.5177,P011_Barbell_Back_Squats_Inclination_Asymmetry_2_05.csv,6
11,6,1,3,2,26.336,26336,8.03,5.16,1.24,9.6252,-0.0142,0.0175,-0.0829,-56.88,76.44,118.75,6.5124,6.7162,1.6126,9.4931,P011_Barbell_Back_Squats_Inclination_Asymmetry_2_05.csv,6
11,6,1,3,2,26.466,26466,8.8,4.73,1.3,10.0749,-0.0087,-0.0131,0.5378,-59.0,75.69,121.0,6.8138,6.4545,1.5714,9.5162,P011_Barbell_Back_Squats_Inclination_Asymmetry_2_05.csv,7
11,6,1,3,2,26.596,26596,8.6,4.67,1.29,9.8708,-0.0011,-0.0469,-0.2138,-59.75,74.94,122.0,7.0492,6.2194,1.5344,9.525,P011_Barbell_Back_Squats_Inclination_Asymmetry_2_05.csv,7
11,6,1,3,2,26.726,26726,8.2,4.73,1.39,9.5679,-0.0295,-0.0611,-0.0535,-58.88,74.69,121.38,7.2008,6.0231,1.5153,9.5093,P011_Barbell_Back_Squats_Inclination_Asymmetry_2_05.csv,7
11,6,1,3,2,26.857,26857,8.04,5.07,1.45,9.615,-0.0513,-0.0349,-0.0284,-58.25,74.69,121.25,7.3114,5.8975,1.5067,9.5135,P011_Barbell_Back_Squats_Inclination_Asymmetry_2_05.csv,7
11,6,1,3,2,26.987,26987,8.18,5.11,1.42,9.7489,0.0055,-0.0022,0.1364,-58.25,74.69,121.44,7.4259,5.7937,1.4953,9.5366,P011_Barbell_Back_Squats_Inclination_Asymmetry_2_05.csv,7
11,6,1,3,2,27.16,27160,8.58,4.45,1.42,9.7691,-0.0175,-0.036,-0.0665,-59.25,73.88,122.56,7.578,5.6167,1.4854,9.5487,P011_Barbell_Back_Squats_Inclination_Asymmetry_2_05.csv,7
11,6,1,3,2,27.29,27290,8.17,4.4,1.41,9.386,-0.0076,-0.0273,-0.156,-58.75,73.75,122.31,7.656,5.4563,1.4754,9.5164,P011_Barbell_Back_Squats_Inclination_Asymmetry_2_05.csv,7
11,6,1,3,2,27.42,27420,6.99,5.01,1.01,8.6591,0.0055,0.0142,-0.3142,-56.5,74.44,120.13,7.5682,5.3975,1.4141,9.4027,P011_Barbell_Back_Squats_Inclination_Asymmetry_2_05.csv,7
11,6,1,3,2,27.55,27550,8.18,6.28,1.9,10.4862,0.0436,0.0262,-0.1844,-55.19,75.38,118.44,7.6488,5.5138,1.4781,9.5442,P011_Barbell_Back_Squats_Inclination_Asymmetry_2_05.csv,7
11,6,1,3,2,27.68,27680,7.6,4.79,1.18,9.0607,0.1254,-0.0709,-0.4614,-54.75,74.63,117.63,7.6424,5.4184,1.4388,9.4782,P011_Barbell_Back_Squats_Inclination_Asymmetry_2_05.csv,7
11,6,1,3,2,27.811,27811,6.69,5.57,1.54,8.8404,0.1593,-0.0993,-0.1876,-50.19,74.38,112.69,7.5169,5.4384,1.4522,9.3909,P011_Barbell_Back_Squats_Inclination_Asymmetry_2_05.csv,7
11,7,1,3,2,27.941,27941,8.21,5.62,2.25,10.2005,0.1418,-0.1702,-0.2302,-49.94,72.13,112.5,7.6082,5.4623,1.5573,9.4946,P011_Barbell_Back_Squats_Inclination_Asymmetry_2_05.csv,7
11,7,1,3,2,28.071,28071,6.35,5.89,1.7,8.8264,0.0513,-0.108,-0.7767,-45.06,71.88,107.81,7.4424,5.5187,1.5761,9.3984,P011_Barbell_Back_Squats_Inclination_Asymmetry_2_05.csv,7
11,7,1,3,2,28.244,28244,5.8,7.77,2.3,9.9651,-0.0338,0.0076,-0.4342,-39.5,73.13,102.38,7.226,5.8154,1.6715,9.4248,P011_Barbell_Back_Squats_Inclination_Asymmetry_2_05.csv,7
11,7,1,3,2,28.374,28374,5.97,7.25,2.3,9.6692,-0.0349,-0.0011,0.0807,-38.06,73.75,101.0,7.0605,6.0044,1.7543,9.433,P011_Barbell_Back_Squats_Inclination_Asymmetry_2_05.csv,7
11,7,1,3,2,28.504,28504,6.2,7.98,1.9,10.2825,-0.0687,-0.0644,-0.0894,-38.44,73.88,101.88,6.9471,6.2647,1.7735,9.5213,P011_Barbell_Back_Squats_Inclination_Asymmetry_2_05.csv,7
11,7,1,3,2,28.634,28634,6.18,7.9,2.13,10.2537,-0.0131,-0.0393,0.048,-38.5,73.81,102.44,6.846,6.4802,1.8205,9.6008,P011_Barbell_Back_Squats_Inclination_Asymmetry_2_05.csv,7
11,7,1,3,2,28.764,28764,5.75,7.79,2.32,9.9564,-0.0524,-0.0033,-0.0851,-37.5,74.19,101.56,6.7016,6.6528,1.8863,9.6296,P011_Barbell_Back_Squats_Inclination_Asymmetry_2_05.csv,7
11,7,1,3,2,28.895,28895,6.72,7.85,1.99,10.5234,-0.0491,0.0011,0.0894,-38.31,74.38,102.56,6.704,6.8106,1.9,9.7436,P011_Barbell_Back_Squats_Inclination_Asymmetry_2_05.csv,7
11,7,1,3,2,29.025,29025,6.29,8.21,2.28,10.5909,0.0087,-0.0185,0.1364,-38.31,74.56,102.75,6.6495,6.995,1.9501,9.8462,P011_Barbell_Back_Squats_Inclination_Asymmetry_2_05.csv,7
11,7,1,3,2,29.156,29156,6.23,7.24,2.16,9.7927,0.0382,0.0644,-0.0447,-38.94,74.25,103.19,6.5942,7.0273,1.9777,9.8375,P011_Barbell_Back_Squats_Inclination_Asymmetry_2_05.csv,7
11,7,1,3,2,29.328,29328,6.37,7.1,2.02,9.7502,0.0153,0.0742,0.1374,-38.94,74.75,102.31,6.5646,7.0369,1.9833,9.8257,P011_Barbell_Back_Squats_Inclination_Asymmetry_2_05.csv,7
11,7,1,3,2,29.458,29458,6.12,7.84,2.0,10.1449,-0.0207,0.0676,-0.1102,-39.25,75.19,102.19,6.506,7.1427,1.9855,9.8635,P011_Barbell_Back_Squats_Inclination_Asymmetry_2_05.csv,7
11,7,1,3,2,29.588,29588,6.73,7.86,1.73,10.4912,-0.0033,0.0753,0.1331,-39.69,75.69,102.19,6.5356,7.2372,1.9518,9.9449,P011_Barbell_Back_Squats_Inclination_Asymmetry_2_05.csv,7
11,7,1,3,2,29.718,29718,6.63,7.55,2.0,10.245,0.0185,0.0458,0.0556,-40.56,75.88,102.69,6.548,7.2784,1.9582,9.9843,P011_Barbell_Back_Squats_Inclination_Asymmetry_2_05.csv,7
11,7,1,3,2,29.848,29848,6.45,7.42,1.68,9.974,0.0065,0.0469,0.0698,-41.0,75.88,102.88,6.5351,7.2971,1.9215,9.9823,P011_Barbell_Back_Squats_Inclination_Asymmetry_2_05.csv,7
11,7,1,3,2,29.978,29978,6.69,7.6,1.96,10.313,-0.0425,0.0774,0.1614,-41.63,76.44,103.13,6.5555,7.337,1.9266,10.0259,P011_Barbell_Back_Squats_Inclination_Asymmetry_2_05.csv,7
11,7,1,3,2,30.109,30109,6.19,6.87,1.46,9.3619,-0.0229,0.0415,0.324,-43.31,76.75,104.69,6.5073,7.2755,1.8651,9.9376,P011_Barbell_Back_Squats_Inclination_Asymmetry_2_05.csv,7
11,7,1,3,2,30.239,30239,6.71,6.47,1.33,9.4156,0.0022,0.0611,0.4625,-46.69,76.5,107.94,6.534,7.1693,1.7946,9.8648,P011_Barbell_Back_Squats_Inclination_Asymmetry_2_05.csv,7
11,7,1,3,2,30.412,30412,7.07,5.52,1.44,9.0845,0.0196,0.048,0.3752,-50.81,75.94,111.56,6.6047,6.952,1.7479,9.7471,P011_Barbell_Back_Squats_Inclination_Asymmetry_2_05.csv,7
11,7,1,3,2,30.543,30543,6.09,4.64,1.45,7.7923,0.0175,0.0295,0.1473,-52.31,75.69,112.81,6.5368,6.6473,1.7086,9.4782,P011_Barbell_Back_Squats_Inclination_Asymmetry_2_05.csv,7
11,7,1,3,2,30.674,30674,7.43,4.22,1.39,8.6571,-0.0371,-0.0207,0.8759,-55.31,74.5,116.0,6.6545,6.3275,1.6666,9.3326,P011_Barbell_Back_Squats_Inclination_Asymmetry_2_05.csv,7
11,7,1,3,2,30.804,30804,8.56,4.33,1.56,9.7189,-0.0436,-0.0371,0.0513,-59.75,72.38,121.13,6.9056,6.0642,1.6526,9.3378,P011_Barbell_Back_Squats_Inclination_Asymmetry_2_05.csv,7
11,7,1,3,2,30.934,30934,7.49,4.19,1.18,8.6631,-0.0513,-0.0055,0.1538,-58.88,72.81,120.56,6.9826,5.8173,1.5903,9.2264,P011_Barbell_Back_Squats_Inclination_Asymmetry_2_05.csv,7
11,7,1,3,2,31.064,31064,9.15,4.01,1.51,10.1036,-0.0633,0.0425,0.3665,-61.94,71.94,124.0,7.2682,5.5791,1.5797,9.2978,P011_Barbell_Back_Squats_Inclination_Asymmetry_2_05.csv,8
11,7,1,3,2,31.194,31194,8.05,4.42,1.29,9.2738,-0.0415,0.0273,-0.2149,-61.25,73.13,123.44,7.3713,5.4264,1.5415,9.2821,P011_Barbell_Back_Squats_Inclination_Asymmetry_2_05.csv,8
11,7,1,3,2,31.324,31324,8.75,4.23,1.3,9.8054,-0.0098,0.0218,0.1593,-62.19,73.13,124.38,7.5529,5.2687,1.5097,9.332,P011_Barbell_Back_Squats_Inclination_Asymmetry_2_05.csv,8
11,7,1,3,2,31.497,31497,8.45,4.22,1.31,9.5356,0.0065,-0.0153,0.0665,-61.94,73.31,124.06,7.6712,5.1305,1.4834,9.3472,P011_Barbell_Back_Squats_Inclination_Asymmetry_2_05.csv,8
11,7,1,3,2,31.627,31627,8.7,4.1,1.27,9.7012,-0.0131,-0.0415,-0.084,-62.13,72.88,124.44,7.8067,4.9947,1.4553,9.3814,P011_Barbell_Back_Squats_Inclination_Asymmetry_2_05.csv,8
11,7,1,3,2,31.757,31757,8.35,4.23,1.21,9.4382,-0.0349,-0.0425,-0.0916,-61.44,72.81,124.13,7.8783,4.894,1.423,9.3832,P011_Barbell_Back_Squats_Inclination_Asymmetry_2_05.csv,8
11,7,1,3,2,31.887,31887,8.12,4.1,1.3,9.1888,-0.0316,-0.0436,-0.2476,-60.56,73.06,123.5,7.9102,4.7893,1.4068,9.3535,P011_Barbell_Back_Squats_Inclination_Asymmetry_2_05.csv,8
11,7,1,3,2,32.017,32017,7.55,4.27,1.02,8.7336,-0.0316,-0.0469,-0.3371,-58.19,74.19,121.44,7.8627,4.7209,1.3558,9.2708,P011_Barbell_Back_Squats_Inclination_Asymmetry_2_05.csv,8
11,7,1,3,2,32.147,32147,7.63,5.45,1.91,9.5691,0.0055,-0.1036,-0.552,-54.81,75.0,118.38,7.832,4.817,1.4288,9.3051,P011_Barbell_Back_Squats_Inclination_Asymmetry_2_05.csv,8
11,7,1,3,2,32.277,32277,7.17,5.12,1.51,8.9389,-0.012,-0.1549,-0.3807,-52.63,74.44,116.75,7.7448,4.8569,1.4395,9.2544,P011_Barbell_Back_Squats_Inclination_Asymmetry_2_05.csv,8
11,7,1,3,2,32.408,32408,6.43,5.07,1.5,8.3247,-0.0175,-0.1942,-0.2073,-49.25,74.0,114.38,7.5715,4.885,1.4475,9.1261,P011_Barbell_Back_Squats_Inclination_Asymmetry_2_05.csv,8
11,8,1,3,2,32.581,32581,6.7,6.73,1.77,9.66,-0.0447,-0.0371,-0.5116,-45.88,74.38,111.94,7.4567,5.1281,1.49,9.1717,P011_Barbell_Back_Squats_Inclination_Asymmetry_2_05.csv,8
11,8,1,3,2,32.711,32711,6.31,7.3,1.82,9.8193,-0.0327,-0.0589,-0.2094,-43.25,74.81,109.75,7.3056,5.4143,1.5335,9.2216,P011_Barbell_Back_Squats_Inclination_Asymmetry_2_05.csv,8
11,8,1,3,2,32.842,32842,6.2,7.59,1.96,9.9945,-0.0142,0.0327,-0.3665,-41.06,75.63,107.75,7.1599,5.701,1.5897,9.2894,P011_Barbell_Back_Squats_Inclination_Asymmetry_2_05.csv,8
11,8,1,3,2,32.972,32972,6.31,7.46,1.77,9.9298,0.0709,0.0687,0.1396,-39.81,76.25,106.06,7.0479,5.9328,1.6134,9.3528,P011_Barbell_Back_Squats_Inclination_Asymmetry_2_05.csv,8
11,8,1,3,2,33.103,33103,6.07,6.64,1.71,9.1574,0.0567,0.0633,0.0153,-40.19,76.0,105.69,6.919,6.026,1.6262,9.3183,P011_Barbell_Back_Squats_Inclination_Asymmetry_2_05.csv,8
11,8,1,3,2,33.234,33234,7.12,7.45,1.86,10.4717,0.0065,0.0349,0.2029,-41.25,76.0,106.31,6.9455,6.2136,1.657,9.4655,P011_Barbell_Back_Squats_Inclination_Asymmetry_2_05.csv,8
11,8,1,3,2,33.364,33364,7.28,7.65,2.01,10.7499,0.0502,0.0065,-0.0436,-42.19,75.69,107.13,6.9896,6.4029,1.7035,9.6309,P011_Barbell_Back_Squats_Inclination_Asymmetry_2_05.csv,8
11,8,1,3,2,33.495,33495,6.55,7.25,1.88,9.9498,0.1014,0.0153,-0.0829,-41.25,75.38,105.75,6.9317,6.5145,1.7268,9.6679,P011_Barbell_Back_Squats_Inclination_Asymmetry_2_05.csv,8
11,8,1,3,2,33.672,33672,6.67,6.76,1.96,9.6968,0.0087,-0.0055,-0.0415,-41.13,74.56,105.19,6.8972,6.5469,1.7575,9.6707,P011_Barbell_Back_Squats_Inclination_Asymmetry_2_05.csv,8
11,8,1,3,2,33.802,33802,6.23,7.14,1.97,9.6785,-0.0567,0.0262,0.0164,-40.75,74.88,104.88,6.8093,6.625,1.7855,9.6667,P011_Barbell_Back_Squats_Inclination_Asymmetry_2_05.csv,8
11,8,1,3,2,33.934,33934,6.85,7.33,1.81,10.1945,-0.0262,0.0349,-0.0175,-41.38,75.31,105.5,6.8146,6.7179,1.7887,9.735,P011_Barbell_Back_Squats_Inclination_Asymmetry_2_05.csv,8
11,8,1,3,2,34.064,34064,7.14,6.98,1.82,10.1495,-0.0076,0.0087,-0.1254,-41.63,75.38,105.56,6.8575,6.7525,1.7928,9.7896,P011_Barbell_Back_Squats_Inclination_Asymmetry_2_05.csv,8
11,8,1,3,2,34.194,34194,6.02,7.42,1.76,9.7157,-0.0567,0.0262,-0.1014,-40.13,76.0,104.0,6.7471,6.8404,1.7885,9.7731,P011_Barbell_Back_Squats_Inclination_Asymmetry_2_05.csv,8
11,8,1,3,2,34.325,34325,7.34,7.5,1.84,10.6542,-0.024,0.0044,0.0905,-41.56,76.06,105.56,6.8253,6.9273,1.7953,9.8892,P011_Barbell_Back_Squats_Inclination_Asymmetry_2_05.csv,8
11,8,1,3,2,34.455,34455,6.49,7.32,1.88,9.9618,-0.0524,0.0076,-0.072,-40.75,76.5,104.81,6.7811,6.9791,1.8065,9.8972,P011_Barbell_Back_Squats_Inclination_Asymmetry_2_05.csv,8
11,8,1,3,2,34.586,34586,5.57,6.88,1.72,9.0176,-0.12,0.0371,-0.0131,-40.44,77.13,104.81,6.6215,6.966,1.7951,9.7771,P011_Barbell_Back_Squats_Inclination_Asymmetry_2_05.csv,8
11,8,1,3,2,34.759,34759,7.59,7.98,1.23,11.0816,-0.2498,0.156,0.3436,-42.88,79.63,107.44,6.7491,7.0996,1.7206,9.9457,P011_Barbell_Back_Squats_Inclination_Asymmetry_2_05.csv,8
11,8,1,3,2,34.89,34890,6.7,7.91,0.71,10.3905,0.0022,-0.0022,-0.1167,-43.81,80.75,108.56,6.7427,7.2064,1.5874,9.9958,P011_Barbell_Back_Squats_Inclination_Asymmetry_2_05.csv,8
11,8,1,3,2,35.02,35020,6.03,6.51,0.74,8.9044,0.1418,0.0076,0.3327,-44.44,80.0,108.75,6.6487,7.1147,1.4758,9.849,P011_Barbell_Back_Squats_Inclination_Asymmetry_2_05.csv,8
11,8,1,3,2,35.151,35151,5.91,5.44,1.04,8.0996,0.1691,-0.0753,0.3491,-47.0,78.06,110.81,6.5514,6.894,1.4183,9.6156,P011_Barbell_Back_Squats_Inclination_Asymmetry_2_05.csv,8
11,8,1,3,2,35.281,35281,6.75,5.38,1.39,8.7429,0.1156,-0.0436,0.6447,-50.31,75.69,114.0,6.5776,6.6945,1.4146,9.4911,P011_Barbell_Back_Squats_Inclination_Asymmetry_2_05.csv,8
11,8,1,3,2,35.412,35412,7.41,4.5,1.43,8.7865,0.0633,-0.0502,0.4985,-54.44,72.94,118.06,6.6873,6.4053,1.4166,9.3677,P011_Barbell_Back_Squats_Inclination_Asymmetry_2_05.csv,8
11,8,1,3,2,35.543,35543,8.22,4.31,1.86,9.4659,0.0,-0.0033,0.5007,-57.75,70.94,121.56,6.8892,6.1292,1.4751,9.3383,P011_Barbell_Back_Squats_Inclination_Asymmetry_2_05.csv,8
11,8,1,3,2,35.673,35673,8.1,4.27,1.79,9.3299,-0.0295,-0.0065,0.1233,-59.56,69.69,123.56,7.0488,5.8842,1.5166,9.3064,P011_Barbell_Back_Squats_Inclination_Asymmetry_2_05.csv,8
11,8,1,3,2,35.846,35846,8.61,4.06,1.66,9.6629,-0.0349,0.0284,0.1364,-61.75,68.69,126.0,7.2545,5.6438,1.5355,9.3187,P011_Barbell_Back_Squats_Inclination_Asymmetry_2_05.csv,9
11,8,1,3,2,35.98,35980,8.49,4.35,1.64,9.6795,-0.0305,0.0469,-0.0469,-61.63,69.5,125.88,7.4173,5.4733,1.5492,9.3474,P011_Barbell_Back_Squats_Inclination_Asymmetry_2_05.csv,9
11,8,1,3,2,36.111,36111,8.48,4.44,1.44,9.6798,0.0087,0.0218,-0.0491,-61.13,70.5,125.19,7.5574,5.3372,1.5348,9.3784,P011_Barbell_Back_Squats_Inclination_Asymmetry_2_05.csv,9
11,8,1,3,2,36.242,36242,8.68,4.11,1.51,9.7219,0.0262,-0.0175,-0.0764,-61.31,70.31,125.25,7.7053,5.1755,1.5316,9.4076,P011_Barbell_Back_Squats_Inclination_Asymmetry_2_05.csv,9
11,8,1,3,2,36.373,36373,8.28,4.44,1.56,9.5239,0.0491,-0.0535,-0.2127,-60.19,70.38,124.0,7.781,5.0785,1.5353,9.4177,P011_Barbell_Back_Squats_Inclination_Asymmetry_2_05.csv,9
11,8,1,3,2,36.503,36503,8.22,4.35,1.74,9.4614,0.0556,-0.0687,-0.0916,-59.06,69.81,122.94,7.8389,4.9825,1.5623,9.4188,P011_Barbell_Back_Squats_Inclination_Asymmetry_2_05.csv,9
11,8,1,3,2,36.634,36634,7.62,4.17,1.49,8.8133,-0.012,-0.0295,-0.5149,-57.13,70.13,121.0,7.81,4.8755,1.5528,9.3369,P011_Barbell_Back_Squats_Inclination_Asymmetry_2_05.csv,9
11,8,1,3,2,36.764,36764,7.14,4.84,1.87,8.8262,-0.0382,-0.0142,-0.4211,-54.06,71.88,118.0,7.7217,4.8708,1.5946,9.2678,P011_Barbell_Back_Squats_Inclination_Asymmetry_2_05.csv,9
11,8,1,3,2,36.937,36937,6.63,5.79,1.56,8.9395,-0.0938,0.0033,-0.0862,-50.25,73.63,114.63,7.5779,4.9919,1.59,9.2126,P011_Barbell_Back_Squats_Inclination_Asymmetry_2_05.csv,9
11,9,1,3,2,37.067,37067,6.53,5.62,1.17,8.6945,-0.0753,0.0545,-0.4112,-48.94,75.13,113.38,7.4398,5.0747,1.5347,9.1355,P011_Barbell_Back_Squats_Inclination_Asymmetry_2_05.csv,9
11,9,1,3,2,37.197,37197,7.21,6.84,1.64,10.0727,-0.0545,-0.0109,-0.1473,-46.56,76.63,111.13,7.4095,5.3073,1.5485,9.2448,P011_Barbell_Back_Squats_Inclination_Asymmetry_2_05.csv,9
11,9,1,3,2,37.327,37327,6.42,7.06,1.19,9.6164,0.0098,-0.0447,-0.3731,-44.63,76.94,109.5,7.2791,5.5383,1.5013,9.2689,P011_Barbell_Back_Squats_Inclination_Asymmetry_2_05.csv,9
11,9,1,3,2,37.457,37457,6.44,7.24,1.51,9.8067,0.0273,0.0098,-0.1516,-43.5,76.94,108.44,7.1685,5.7625,1.5024,9.3194,P011_Barbell_Back_Squats_Inclination_Asymmetry_2_05.csv,9
11,9,1,3,2,37.587,37587,6.41,7.47,1.53,9.9614,0.0175,0.0654,-0.1614,-41.56,77.56,106.06,7.0686,5.9875,1.5061,9.3853,P011_Barbell_Back_Squats_Inclination_Asymmetry_2_05.csv,9
11,9,1,3,2,37.718,37718,6.96,7.6,1.48,10.4111,0.048,0.0022,0.0273,-42.13,77.5,106.31,7.0543,6.2,1.5026,9.5111,P011_Barbell_Back_Squats_Inclination_Asymmetry_2_05.csv,9
11,9,1,3,2,37.848,37848,6.37,7.24,1.63,9.7802,0.0611,0.0131,0.06,-41.69,77.13,105.63,6.9641,6.337,1.5194,9.5376,P011_Barbell_Back_Squats_Inclination_Asymmetry_2_05.csv,9
11,9,1,3,2,38.021,38021,6.82,7.31,1.72,10.1443,0.0316,0.0665,0.1004,-43.13,76.69,106.63,6.9451,6.4653,1.5459,9.6137,P011_Barbell_Back_Squats_Inclination_Asymmetry_2_05.csv,9
11,9,1,3,2,38.151,38151,7.49,7.12,1.62,10.4603,0.0447,0.0774,0.0709,-43.75,76.81,106.56,7.0169,6.5515,1.5556,9.7252,P011_Barbell_Back_Squats_Inclination_Asymmetry_2_05.csv,9
11,9,1,3,2,38.281,38281,6.79,6.7,1.64,9.679,0.0153,0.0033,0.0316,-43.81,77.0,106.25,6.987,6.5711,1.5667,9.7187,P011_Barbell_Back_Squats_Inclination_Asymmetry_2_05.csv,9
11,9,1,3,2,38.411,38411,6.41,6.17,1.68,9.0542,0.0033,-0.0033,0.0262,-44.25,76.88,106.75,6.911,6.5182,1.5817,9.6307,P011_Barbell_Back_Squats_Inclination_Asymmetry_2_05.csv,9
11,9,1,3,2,38.541,38541,7.11,6.68,1.51,9.8719,-0.0447,0.0164,0.1789,-45.13,76.94,107.75,6.9372,6.5396,1.5722,9.6624,P011_Barbell_Back_Squats_Inclination_Asymmetry_2_05.csv,9
11,9,1,3,2,38.671,38671,7.5,7.22,1.49,10.5166,-0.0327,0.0229,-0.0305,-45.19,77.56,107.88,7.0114,6.6292,1.5614,9.7747,P011_Barbell_Back_Squats_Inclination_Asymmetry_2_05.csv,9
11,9,1,3,2,38.802,38802,7.83,7.92,1.4,11.2248,0.0055,-0.0207,-0.0295,-44.88,77.81,107.69,7.1192,6.7993,1.5401,9.9643,P011_Barbell_Back_Squats_Inclination_Asymmetry_2_05.csv,9
11,9,1,3,2,38.932,38932,7.17,7.59,2.04,10.6385,0.0458,-0.0033,-0.0491,-44.0,77.69,106.69,7.1259,6.9035,1.606,10.0507,P011_Barbell_Back_Squats_Inclination_Asymmetry_2_05.csv,9
11,9,1,3,2,39.105,39105,6.95,6.2,1.29,9.4025,-0.0262,-0.0502,-0.0284,-45.5,76.88,108.44,7.1027,6.8108,1.5644,9.9641,P011_Barbell_Back_Squats_Inclination_Asymmetry_2_05.csv,9
11,9,1,3,2,39.235,39235,6.49,6.32,1.48,9.1789,-0.0338,-0.0284,0.0033,-45.13,76.88,108.44,7.022,6.7461,1.5532,9.8606,P011_Barbell_Back_Squats_Inclination_Asymmetry_2_05.csv,9
11,9,1,3,2,39.366,39366,6.43,6.46,1.53,9.2422,-0.0535,0.012,0.0502,-45.25,77.13,108.75,6.944,6.7084,1.5502,9.7788,P011_Barbell_Back_Squats_Inclination_Asymmetry_2_05.csv,9
11,9,1,3,2,39.496,39496,6.82,7.11,1.43,9.9554,-0.0589,0.0425,0.1789,-45.81,77.69,109.44,6.9277,6.7613,1.5343,9.8011,P011_Barbell_Back_Squats_Inclination_Asymmetry_2_05.csv,9
11,9,1,3,2,39.626,39626,6.86,6.47,1.71,9.5836,-0.0185,0.0196,0.3109,-47.63,77.94,111.31,6.9187,6.7229,1.5575,9.772,P011_Barbell_Back_Squats_Inclination_Asymmetry_2_05.csv,9
11,9,1,3,2,39.756,39756,5.77,4.86,1.1,7.6238,0.0305,-0.0447,0.288,-49.25,77.31,113.0,6.7674,6.4775,1.4972,9.4866,P011_Barbell_Back_Squats_Inclination_Asymmetry_2_05.csv,9
11,9,1,3,2,39.886,39886,7.94,5.41,1.29,9.6941,0.0818,-0.0098,0.7996,-53.5,75.5,117.25,6.9219,6.3368,1.4699,9.4988,P011_Barbell_Back_Squats_Inclination_Asymmetry_2_05.csv,9
11,9,1,3,2,40.016,40016,7.64,4.69,1.41,9.0749,0.1102,-0.0382,-0.0076,-55.69,73.63,119.06,7.0165,6.1198,1.462,9.4245,P011_Barbell_Back_Squats_Inclination_Asymmetry_2_05.csv,9
11,9,1,3,2,40.189,40189,8.25,4.41,1.55,9.4823,0.0447,-0.0109,0.4385,-57.63,71.5,120.88,7.1791,5.8945,1.4736,9.4051,P011_Barbell_Back_Squats_Inclination_Asymmetry_2_05.csv,9
11,9,1,3,2,40.32,40320,8.01,4.47,1.91,9.3696,0.0153,-0.012,-0.1844,-58.56,70.56,121.75,7.2886,5.7068,1.5311,9.3827,P011_Barbell_Back_Squats_Inclination_Asymmetry_2_05.csv,9
11,9,1,3,2,40.45,40450,8.1,4.58,1.82,9.4815,-0.0142,0.0164,0.2018,-58.81,70.38,122.0,7.3955,5.5583,1.5692,9.3835,P011_Barbell_Back_Squats_Inclination_Asymmetry_2_05.csv,9
11,9,1,3,2,40.58,40580,8.14,4.56,1.63,9.4715,-0.0502,0.0295,0.0982,-59.5,70.38,122.75,7.4936,5.4267,1.5772,9.3857,P011_Barbell_Back_Squats_Inclination_Asymmetry_2_05.csv,9
11,9,1,3,2,40.71,40710,8.5,4.17,1.49,9.5843,-0.0295,0.0185,0.0818,-60.63,70.44,124.0,7.6262,5.2611,1.5657,9.3963,P011_Barbell_Back_Squats_Inclination_Asymmetry_2_05.csv,9
11,9,1,3,2,40.84,40840,8.02,4.15,1.42,9.1411,-0.0196,0.0393,0.1244,-60.94,70.81,124.31,7.6781,5.1147,1.5465,9.3544,P011_Barbell_Back_Squats_Inclination_Asymmetry_2_05.csv,9
11,9,1,3,2,40.97,40970,8.73,3.73,1.4,9.5961,0.0076,0.0545,0.1167,-62.44,70.81,125.56,7.8167,4.9322,1.5272,9.3681,P011_Barbell_Back_Squats_Inclination_Asymmetry_2_05.csv,9
11,9,1,3,2,41.101,41101,8.82,3.42,1.48,9.5749,0.0076,0.0131,-0.3098,-63.06,71.19,125.88,7.9489,4.733,1.521,9.3755,P011_Barbell_Back_Squats_Inclination_Asymmetry_2_05.csv,9
11,9,1,3,2,41.273,41273,7.37,4.61,1.58,8.8355,-0.0175,-0.0785,-0.7549,-57.69,73.69,120.63,7.8726,4.7168,1.5288,9.3039,P011_Barbell_Back_Squats_Inclination_Asymmetry_2_05.csv,9
11,9,1,3,2,41.403,41403,6.48,5.81,1.04,8.7652,0.0044,-0.0818,-0.5738,-52.56,74.94,115.75,7.6891,4.8608,1.4643,9.2138,P011_Barbell_Back_Squats_Inclination_Asymmetry_2_05.csv,9
11,9,1,3,2,41.533,41533,6.83,6.13,1.62,9.3193,0.0545,-0.1287,-0.4091,-49.19,74.81,112.69,7.5759,5.0281,1.4849,9.2131,P011_Barbell_Back_Squats_Inclination_Asymmetry_2_05.csv,9
11,10,1,3,2,41.663,41663,5.9,5.97,1.51,8.5282,-0.0033,-0.0796,-0.5552,-45.56,74.69,109.44,7.3551,5.1522,1.4882,9.1026,P011_Barbell_Back_Squats_Inclination_Asymmetry_2_05.csv,9
11,10,1,3,2,41.793,41793,6.58,7.16,1.94,9.9159,-0.0753,-0.0567,-0.1887,-43.06,75.31,107.44,7.2529,5.4168,1.5477,9.1838,P011_Barbell_Back_Squats_Inclination_Asymmetry_2_05.csv,10
11,10,1,3,2,41.924,41924,6.07,7.95,1.91,10.1831,-0.0687,-0.0927,-0.4625,-40.38,75.94,105.44,7.0971,5.7506,1.5955,9.2727,P011_Barbell_Back_Squats_Inclination_Asymmetry_2_05.csv,10
11,10,1,3,2,42.054,42054,5.8,7.85,1.77,9.9194,-0.0524,-0.06,0.0153,-38.63,76.31,104.5,6.9261,6.0272,1.6185,9.323,P011_Barbell_Back_Squats_Inclination_Asymmetry_2_05.csv,10
11,10,1,3,2,42.184,42184,5.68,7.55,1.94,9.6451,-0.0327,-0.0033,-0.072,-37.88,76.56,104.13,6.7619,6.2279,1.6608,9.3418,P011_Barbell_Back_Squats_Inclination_Asymmetry_2_05.csv,10
11,10,1,3,2,42.357,42357,6.44,8.34,1.62,10.6608,0.0458,0.0469,-0.0753,-37.88,76.81,103.94,6.7195,6.5062,1.6554,9.4986,P011_Barbell_Back_Squats_Inclination_Asymmetry_2_05.csv,10
11,10,1,3,2,42.487,42487,5.58,8.51,1.84,10.3413,0.1102,0.0458,-0.3382,-35.44,76.94,100.75,6.5693,6.7703,1.6798,9.582,P011_Barbell_Back_Squats_Inclination_Asymmetry_2_05.csv,10
11,10,1,3,2,42.617,42617,5.93,7.84,1.96,10.0236,0.12,0.048,0.2629,-35.5,76.31,100.13,6.4851,6.9112,1.7167,9.6316,P011_Barbell_Back_Squats_Inclination_Asymmetry_2_05.csv,10
11,10,1,3,2,42.747,42747,6.23,7.43,1.96,9.8924,0.06,0.0076,0.1036,-37.19,75.5,101.38,6.4515,6.9796,1.7488,9.6641,P011_Barbell_Back_Squats_Inclination_Asymmetry_2_05.csv,10
11,10,1,3,2,42.877,42877,6.28,7.32,2.1,9.8707,0.0382,0.0022,0.0731,-37.88,75.06,101.88,6.4289,7.0244,1.795,9.69,P011_Barbell_Back_Squats_Inclination_Asymmetry_2_05.csv,10
11,10,1,3,2,43.008,43008,5.72,7.34,2.01,9.5202,-0.0175,0.0087,-0.1473,-37.19,75.13,101.13,6.3355,7.066,1.8234,9.6639,P011_Barbell_Back_Squats_Inclination_Asymmetry_2_05.csv,10
11,10,1,3,2,43.138,43138,5.85,7.31,1.94,9.5615,-0.0654,-0.0109,-0.0916,-37.06,75.5,101.13,6.2715,7.0982,1.8387,9.6487,P011_Barbell_Back_Squats_Inclination_Asymmetry_2_05.csv,10
11,10,1,3,2,43.269,43269,6.04,7.73,1.83,9.9791,-0.0742,0.0065,-0.0251,-36.38,76.13,100.69,6.241,7.1814,1.8376,9.6902,P011_Barbell_Back_Squats_Inclination_Asymmetry_2_05.csv,10
11,10,1,3,2,43.442,43442,5.93,8.33,1.77,10.3772,-0.0622,-0.0229,-0.2902,-34.88,77.19,99.5,6.2,7.3328,1.8287,9.7752,P011_Barbell_Back_Squats_Inclination_Asymmetry_2_05.csv,10
11,10,1,3,2,43.573,43573,4.51,8.27,1.46,9.5323,0.0109,-0.0338,-0.4254,-32.5,77.56,97.38,5.9773,7.4563,1.7801,9.7208,P011_Barbell_Back_Squats_Inclination_Asymmetry_2_05.csv,10
11,10,1,3,2,43.703,43703,5.58,8.87,2.04,10.6759,0.0251,-0.0055,0.1811,-31.69,77.38,96.63,5.925,7.6426,1.8143,9.839,P011_Barbell_Back_Squats_Inclination_Asymmetry_2_05.csv,10
11,10,1,3,2,43.834,43834,5.01,8.94,1.93,10.4283,0.0196,0.0011,-0.1734,-31.5,77.25,96.44,5.8044,7.8135,1.8296,9.904,P011_Barbell_Back_Squats_Inclination_Asymmetry_2_05.csv,10
11,10,1,3,2,43.964,43964,4.97,8.6,1.69,10.0756,0.06,0.0218,0.1974,-31.5,77.19,96.25,5.6944,7.9172,1.8112,9.9191,P011_Barbell_Back_Squats_Inclination_Asymmetry_2_05.csv,10
11,10,1,3,2,44.094,44094,5.2,8.49,1.8,10.1173,0.1025,0.0305,0.3316,-32.5,76.75,96.88,5.6293,7.9927,1.8097,9.9422,P011_Barbell_Back_Squats_Inclination_Asymmetry_2_05.csv,10
11,10,1,3,2,44.224,44224,5.27,7.44,1.77,9.2876,0.0916,0.0196,0.5378,-35.81,75.63,99.81,5.5819,7.9198,1.8045,9.8559,P011_Barbell_Back_Squats_Inclination_Asymmetry_2_05.csv,10
11,10,1,3,2,44.354,44354,5.28,6.1,1.51,8.2078,0.0273,0.0884,0.4865,-39.38,74.75,102.88,5.5422,7.68,1.7657,9.6341,P011_Barbell_Back_Squats_Inclination_Asymmetry_2_05.csv,10
11,10,1,3,2,44.527,44527,6.08,5.73,2.21,8.642,-0.0251,0.0305,0.5978,-44.56,74.31,107.81,5.613,7.4231,1.8242,9.4834,P011_Barbell_Back_Squats_Inclination_Asymmetry_2_05.csv,10
11,10,1,3,2,44.657,44657,6.54,5.74,1.98,8.9241,-0.0185,0.0687,0.48,-47.69,73.69,110.94,5.7352,7.2013,1.8448,9.389,P011_Barbell_Back_Squats_Inclination_Asymmetry_2_05.csv,10
11,10,1,3,2,44.788,44788,7.43,5.33,1.79,9.3176,0.0284,0.0393,0.504,-51.56,72.75,114.63,5.9585,6.9547,1.8375,9.3407,P011_Barbell_Back_Squats_Inclination_Asymmetry_2_05.csv,10
11,10,1,3,2,44.918,44918,8.05,4.72,1.57,9.4629,0.024,0.0644,0.2411,-54.5,71.75,117.38,6.2341,6.6602,1.8023,9.299,P011_Barbell_Back_Squats_Inclination_Asymmetry_2_05.csv,10
11,10,1,3,2,45.049,45049,7.81,5.1,1.69,9.4796,0.0164,0.0676,-0.1156,-54.88,72.31,117.19,6.4418,6.4546,1.7875,9.2927,P011_Barbell_Back_Squats_Inclination_Asymmetry_2_05.csv,10
11,10,1,3,2,45.179,45179,8.02,5.07,1.63,9.6272,-0.0175,0.0196,0.2683,-55.44,72.56,117.56,6.6497,6.2722,1.7667,9.3102,P011_Barbell_Back_Squats_Inclination_Asymmetry_2_05.csv,10
11,10,1,3,2,45.309,45309,8.47,4.91,1.61,9.9217,-0.0251,-0.0218,0.1091,-57.31,71.75,119.69,6.8896,6.0927,1.7461,9.3614,P011_Barbell_Back_Squats_Inclination_Asymmetry_2_05.csv,10
11,10,1,3,2,45.439,45439,7.97,4.78,1.62,9.4336,-0.0185,-0.0327,-0.012,-57.13,71.69,119.69,7.032,5.9197,1.7295,9.3532,P011_Barbell_Back_Squats_Inclination_Asymmetry_2_05.csv,10
11,10,1,3,2,45.613,45613,8.07,4.83,1.64,9.5469,-0.0153,-0.0164,-0.0611,-57.31,71.25,120.13,7.1688,5.7761,1.7177,9.3651,P011_Barbell_Back_Squats_Inclination_Asymmetry_2_05.csv,10
11,10,1,3,2,45.748,45748,7.89,5.04,1.76,9.5263,-0.012,0.0055,-0.0142,-56.75,71.63,119.69,7.2638,5.6791,1.7233,9.38,P011_Barbell_Back_Squats_Inclination_Asymmetry_2_05.csv,10
11,10,1,3,2,45.879,45879,8.29,4.95,1.75,9.8127,-0.0284,-0.0076,-0.0894,-56.94,71.56,119.94,7.399,5.583,1.7268,9.4285,P011_Barbell_Back_Squats_Inclination_Asymmetry_2_05.csv,10
11,1,1,3,2,0.0,0,3.05,9.35,0.13,9.8357,0.0153,0.0055,0.0774,-17.19,88.69,83.94,2.6803,9.369,0.1384,9.7458,P011_Barbell_Back_Squats_Inclination_Asymmetry_2_06 (1).csv,1
11,1,1,3,2,0.13,130,2.98,9.23,0.26,9.7026,0.0131,0.0087,-0.1364,-16.88,88.63,83.56,2.7198,9.3507,0.1544,9.7394,P011_Barbell_Back_Squats_Inclination_Asymmetry_2_06 (1).csv,1
11,1,1,3,2,0.26,260,2.76,9.24,0.24,9.6464,-0.0022,0.012,-0.0982,-16.06,88.63,82.69,2.7251,9.3361,0.1657,9.7271,P011_Barbell_Back_Squats_Inclination_Asymmetry_2_06 (1).csv,1
11,1,1,3,2,0.39,390,2.7,9.27,0.3,9.6599,-0.0022,0.012,-0.0567,-15.69,88.63,82.25,2.7218,9.3274,0.1834,9.7181,P011_Barbell_Back_Squats_Inclination_Asymmetry_2_06 (1).csv,1
11,1,1,3,2,0.521,521,2.94,9.36,0.17,9.8123,0.0065,0.0164,-0.1767,-15.25,88.63,81.69,2.7506,9.3317,0.1816,9.7303,P011_Barbell_Back_Squats_Inclination_Asymmetry_2_06 (1).csv,1
11,1,1,3,2,0.694,694,1.78,8.31,0.36,8.5061,0.0273,0.0207,-0.2902,-12.69,88.5,78.94,2.6227,9.197,0.2051,9.5659,P011_Barbell_Back_Squats_Inclination_Asymmetry_2_06 (1).csv,1
11,1,1,3,2,0.825,825,1.87,8.63,0.23,8.8333,-0.0055,0.0065,-0.1069,-11.44,88.5,77.56,2.5235,9.1223,0.2084,9.4672,P011_Barbell_Back_Squats_Inclination_Asymmetry_2_06 (1).csv,1
11,1,1,3,2,0.955,955,1.92,8.44,0.09,8.6561,-0.0305,-0.0349,-0.1222,-10.38,88.56,76.69,2.444,9.0324,0.1928,9.3592,P011_Barbell_Back_Squats_Inclination_Asymmetry_2_06 (1).csv,1
11,2,1,3,2,1.085,1085,1.44,8.66,0.24,8.7822,-0.0742,-0.0611,-0.108,-9.63,89.0,77.19,2.3117,8.9833,0.199,9.2781,P011_Barbell_Back_Squats_Inclination_Asymmetry_2_06 (1).csv,1
11,2,1,3,2,1.215,1215,1.68,10.31,-0.08,10.4463,-0.0851,-0.0611,0.4963,-11.25,89.56,79.63,2.2284,9.1582,0.1623,9.4268,P011_Barbell_Back_Squats_Inclination_Asymmetry_2_06 (1).csv,1
11,2,1,3,2,1.345,1345,1.79,9.75,-0.48,9.9246,-0.1069,-0.0491,0.0,-14.63,90.19,83.5,2.1707,9.2361,0.0776,9.4881,P011_Barbell_Back_Squats_Inclination_Asymmetry_2_06 (1).csv,1
11,2,1,3,2,1.475,1475,2.45,10.73,-0.22,11.0084,-0.1091,-0.0295,-0.2749,-13.44,90.94,82.81,2.2075,9.433,0.0384,9.6879,P011_Barbell_Back_Squats_Inclination_Asymmetry_2_06 (1).csv,1
11,2,1,3,2,1.605,1605,1.16,10.48,-0.26,10.5472,-0.0524,-0.0513,-0.3327,-10.63,91.44,80.56,2.0694,9.571,-0.0009,9.7921,P011_Barbell_Back_Squats_Inclination_Asymmetry_2_06 (1).csv,1
11,2,1,3,2,1.778,1778,1.14,9.89,-0.35,9.9616,-0.0185,-0.036,0.3491,-9.88,91.75,80.63,1.947,9.613,-0.0469,9.8083,P011_Barbell_Back_Squats_Inclination_Asymmetry_2_06 (1).csv,1
11,2,1,3,2,1.908,1908,2.24,10.19,-0.45,10.443,-0.0022,-0.0305,0.204,-12.56,91.75,83.81,1.9856,9.689,-0.1,9.8909,P011_Barbell_Back_Squats_Inclination_Asymmetry_2_06 (1).csv,1
11,2,1,3,2,2.039,2039,2.3,11.3,-0.15,11.5327,0.0436,-0.0044,-0.1451,-12.44,91.56,84.0,2.027,9.9013,-0.1066,10.1072,P011_Barbell_Back_Squats_Inclination_Asymmetry_2_06 (1).csv,1
11,2,1,3,2,2.169,2169,1.79,10.68,-0.16,10.8301,0.0207,0.0295,-0.1091,-11.31,91.31,82.75,1.9958,10.0039,-0.1137,10.2017,P011_Barbell_Back_Squats_Inclination_Asymmetry_2_06 (1).csv,1
11,2,1,3,2,2.3,2300,1.35,9.89,-0.35,9.9878,0.0011,0.0764,0.1658,-11.56,91.38,82.63,1.9107,9.9889,-0.1448,10.171,P011_Barbell_Back_Squats_Inclination_Asymmetry_2_06 (1).csv,1
11,2,1,3,2,2.43,2430,2.64,9.33,-0.15,9.6975,0.0109,0.1025,0.4374,-13.81,91.56,84.19,2.0068,9.9021,-0.1455,10.1044,P011_Barbell_Back_Squats_Inclination_Asymmetry_2_06 (1).csv,1
11,2,1,3,2,2.56,2560,3.15,9.23,-0.2,9.7548,0.0295,0.0938,0.1254,-15.69,91.56,85.19,2.1574,9.8135,-0.1527,10.049,P011_Barbell_Back_Squats_Inclination_Asymmetry_2_06 (1).csv,1
11,2,1,3,2,2.69,2690,2.48,9.1,-0.22,9.4344,0.048,0.0764,-0.3807,-14.5,91.44,83.38,2.1999,9.7195,-0.1615,9.9667,P011_Barbell_Back_Squats_Inclination_Asymmetry_2_06 (1).csv,1
11,2,1,3,2,2.866,2866,2.14,8.86,-0.14,9.1159,0.1047,0.0633,0.3436,-13.69,90.88,81.81,2.192,9.6062,-0.1587,9.8544,P011_Barbell_Back_Squats_Inclination_Asymmetry_2_06 (1).csv,1
11,2,1,3,2,2.997,2997,2.84,7.95,-0.04,8.4421,0.132,0.0218,0.2247,-16.19,90.06,83.75,2.2774,9.388,-0.1431,9.6613,P011_Barbell_Back_Squats_Inclination_Asymmetry_2_06 (1).csv,1
11,2,1,3,2,3.13,3130,2.45,9.04,0.22,9.3687,0.1669,0.0055,0.3731,-17.94,88.88,85.13,2.3002,9.3421,-0.0952,9.6216,P011_Barbell_Back_Squats_Inclination_Asymmetry_2_06 (1).csv,1
11,2,1,3,2,3.261,3261,4.38,8.09,0.48,9.2121,0.1102,0.0175,0.1974,-20.69,87.88,87.44,2.5742,9.1771,-0.0194,9.5314,P011_Barbell_Back_Squats_Inclination_Asymmetry_2_06 (1).csv,1
11,2,1,3,2,3.392,3392,3.14,8.21,0.66,8.8147,0.0785,0.0447,0.3403,-21.88,87.31,88.25,2.6488,9.0497,0.0701,9.4296,P011_Barbell_Back_Squats_Inclination_Asymmetry_2_06 (1).csv,1
11,3,1,3,2,3.522,3522,4.49,8.97,0.36,10.0375,0.0338,0.0774,0.3523,-24.25,87.13,90.06,2.8914,9.0392,0.1083,9.491,P011_Barbell_Back_Squats_Inclination_Asymmetry_2_06 (1).csv,2
11,3,1,3,2,3.652,3652,3.95,8.65,0.58,9.5269,0.0502,0.048,-0.5127,-23.56,87.06,88.81,3.0309,8.9879,0.1705,9.4867,P011_Barbell_Back_Squats_Inclination_Asymmetry_2_06 (1).csv,2
11,3,1,3,2,3.783,3783,3.55,9.39,0.54,10.0532,0.0774,0.0469,-0.0535,-21.44,86.81,86.19,3.0993,9.0409,0.2192,9.5599,P011_Barbell_Back_Squats_Inclination_Asymmetry_2_06 (1).csv,2
11,3,1,3,2,3.955,3955,3.6,8.98,0.77,9.7053,0.0513,0.0524,-0.2127,-20.19,86.31,84.25,3.1653,9.0329,0.2917,9.5758,P011_Barbell_Back_Squats_Inclination_Asymmetry_2_06 (1).csv,2
11,3,1,3,2,4.085,4085,3.16,9.05,0.67,9.6092,0.0044,0.0404,-0.264,-18.25,86.25,81.94,3.1646,9.0351,0.3416,9.5794,P011_Barbell_Back_Squats_Inclination_Asymmetry_2_06 (1).csv,2
11,3,1,3,2,4.215,4215,3.1,9.2,0.68,9.732,-0.0349,0.0131,-0.2705,-16.81,86.38,80.31,3.1561,9.0569,0.3862,9.5988,P011_Barbell_Back_Squats_Inclination_Asymmetry_2_06 (1).csv,2
11,3,1,3,2,4.345,4345,2.45,9.25,0.39,9.5769,-0.0513,0.0033,-0.0447,-15.31,86.69,78.88,3.063,9.0823,0.3867,9.5927,P011_Barbell_Back_Squats_Inclination_Asymmetry_2_06 (1).csv,2
11,3,1,3,2,4.475,4475,2.24,9.06,0.7,9.359,-0.0764,-0.0327,-0.012,-15.13,87.13,78.81,2.9546,9.0794,0.428,9.5576,P011_Barbell_Back_Squats_Inclination_Asymmetry_2_06 (1).csv,2
11,3,1,3,2,4.605,4605,2.79,9.41,0.35,9.8211,-0.1145,-0.0458,0.1298,-16.0,87.75,80.25,2.9329,9.1229,0.4177,9.5919,P011_Barbell_Back_Squats_Inclination_Asymmetry_2_06 (1).csv,2
11,3,1,3,2,4.736,4736,3.05,9.64,0.12,10.1117,-0.0916,-0.0404,0.096,-16.38,88.44,81.13,2.9483,9.1911,0.3785,9.6598,P011_Barbell_Back_Squats_Inclination_Asymmetry_2_06 (1).csv,2
11,3,1,3,2,4.867,4867,3.02,9.25,0.09,9.7309,-0.0425,-0.0404,-0.0142,-16.56,88.81,81.69,2.9578,9.1988,0.3405,9.6687,P011_Barbell_Back_Squats_Inclination_Asymmetry_2_06 (1).csv,2
11,3,1,3,2,5.039,5039,2.62,8.66,0.29,9.0523,-0.036,-0.0556,-0.1604,-15.56,89.0,81.19,2.9133,9.1278,0.3338,9.5873,P011_Barbell_Back_Squats_Inclination_Asymmetry_2_06 (1).csv,2
11,3,1,3,2,5.169,5169,1.06,8.5,0.0,8.5658,-0.0295,-0.0796,-0.4396,-12.88,89.13,79.06,2.669,9.0451,0.2898,9.4351,P011_Barbell_Back_Squats_Inclination_Asymmetry_2_06 (1).csv,2
11,3,1,3,2,5.299,5299,2.68,8.69,0.02,9.0939,-0.0393,-0.0524,-0.072,-12.69,89.25,79.38,2.6705,8.9983,0.2543,9.3897,P011_Barbell_Back_Squats_Inclination_Asymmetry_2_06 (1).csv,2
11,4,1,3,2,5.429,5429,1.62,8.93,-0.36,9.0829,-0.0796,-0.0436,-0.2465,-10.69,89.56,77.81,2.5321,8.9893,0.1733,9.3407,P011_Barbell_Back_Squats_Inclination_Asymmetry_2_06 (1).csv,2
11,4,1,3,2,5.559,5559,2.46,9.24,-0.01,9.5619,-0.0698,-0.024,0.1974,-10.38,90.06,77.88,2.5226,9.0223,0.1492,9.3695,P011_Barbell_Back_Squats_Inclination_Asymmetry_2_06 (1).csv,2
11,4,1,3,2,5.69,5690,1.71,9.82,-0.5,9.9803,-0.0731,-0.0349,0.1702,-10.88,90.56,78.69,2.4155,9.1275,0.0636,9.4419,P011_Barbell_Back_Squats_Inclination_Asymmetry_2_06 (1).csv,2
11,4,1,3,2,5.82,5820,2.21,10.57,-0.57,10.8136,-0.0654,-0.0295,0.1342,-12.13,91.13,80.31,2.3884,9.3175,-0.0199,9.6188,P011_Barbell_Back_Squats_Inclination_Asymmetry_2_06 (1).csv,2
11,4,1,3,2,5.95,5950,2.0,10.72,-0.37,10.9112,-0.0153,-0.0338,0.0262,-12.5,91.38,80.94,2.3372,9.5024,-0.066,9.7858,P011_Barbell_Back_Squats_Inclination_Asymmetry_2_06 (1).csv,2
11,4,1,3,2,6.123,6123,2.36,10.16,-0.31,10.4351,0.0022,-0.0415,-0.0764,-12.56,91.31,81.38,2.3402,9.589,-0.0982,9.8709,P011_Barbell_Back_Squats_Inclination_Asymmetry_2_06 (1).csv,2
11,4,1,3,2,6.253,6253,1.82,10.05,-0.16,10.2147,0.0076,-0.0175,-0.3033,-11.06,91.19,80.13,2.2717,9.6498,-0.1063,9.9141,P011_Barbell_Back_Squats_Inclination_Asymmetry_2_06 (1).csv,2
11,4,1,3,2,6.383,6383,1.45,11.05,-0.25,11.1475,-0.0371,-0.0098,-0.1614,-9.06,91.31,78.19,2.1634,9.8343,-0.1252,10.0702,P011_Barbell_Back_Squats_Inclination_Asymmetry_2_06 (1).csv,2
11,4,1,3,2,6.513,6513,1.42,9.86,-0.18,9.9634,-0.0436,-0.0382,0.2182,-9.5,91.56,78.81,2.0654,9.8377,-0.1325,10.053,P011_Barbell_Back_Squats_Inclination_Asymmetry_2_06 (1).csv,2
11,4,1,3,2,6.643,6643,2.33,11.5,-0.57,11.7475,-0.0611,-0.0611,0.2203,-11.44,91.88,81.25,2.1003,10.0567,-0.1901,10.2755,P011_Barbell_Back_Squats_Inclination_Asymmetry_2_06 (1).csv,2
11,4,1,3,2,6.773,6773,2.56,11.81,-0.3,12.088,-0.0371,-0.0458,0.0011,-12.19,92.06,82.44,2.1609,10.2878,-0.2046,10.5142,P011_Barbell_Back_Squats_Inclination_Asymmetry_2_06 (1).csv,2
11,4,1,3,2,6.904,6904,1.8,10.65,-0.36,10.807,-0.0065,0.0142,-0.3251,-11.0,92.19,81.38,2.1133,10.3355,-0.2251,10.5517,P011_Barbell_Back_Squats_Inclination_Asymmetry_2_06 (1).csv,2
11,4,1,3,2,7.034,7034,1.0,9.61,-0.09,9.6623,0.0218,0.0545,-0.5018,-7.75,92.19,77.81,1.9666,10.2399,-0.2073,10.4291,P011_Barbell_Back_Squats_Inclination_Asymmetry_2_06 (1).csv,3
11,4,1,3,2,7.207,7207,0.84,8.88,-0.29,8.9244,0.0796,0.0393,-0.0327,-5.19,91.69,74.69,1.8182,10.0607,-0.2182,10.226,P011_Barbell_Back_Squats_Inclination_Asymmetry_2_06 (1).csv,3
11,4,1,3,2,7.337,7337,1.09,8.7,-0.33,8.7742,0.0982,0.0153,0.1647,-5.81,91.06,75.06,1.7222,9.8814,-0.2329,10.033,P011_Barbell_Back_Squats_Inclination_Asymmetry_2_06 (1).csv,3
11,4,1,3,2,7.467,7467,0.65,8.52,-0.18,8.5467,0.1025,0.0109,0.3283,-7.63,90.31,76.75,1.5809,9.702,-0.2259,9.8325,P011_Barbell_Back_Squats_Inclination_Asymmetry_2_06 (1).csv,3
11,4,1,3,2,7.597,7597,3.39,8.14,0.06,8.8179,0.0676,0.048,0.5803,-11.31,89.75,80.06,1.8193,9.4962,-0.1883,9.6707,P011_Barbell_Back_Squats_Inclination_Asymmetry_2_06 (1).csv,3
11,4,1,3,2,7.727,7727,2.15,8.95,-0.04,9.2047,-0.0044,0.0436,0.2793,-14.0,89.5,82.38,1.8629,9.4242,-0.1687,9.608,P011_Barbell_Back_Squats_Inclination_Asymmetry_2_06 (1).csv,3
11,4,1,3,2,7.857,7857,2.92,9.21,-0.16,9.6631,-0.0131,0.0753,0.2531,-16.19,89.75,84.19,2.0022,9.396,-0.1676,9.6084,P011_Barbell_Back_Squats_Inclination_Asymmetry_2_06 (1).csv,3
11,4,1,3,2,7.988,7988,3.1,9.15,-0.03,9.6609,0.0164,0.0905,0.1854,-17.94,89.88,85.31,2.1468,9.3636,-0.1494,9.6077,P011_Barbell_Back_Squats_Inclination_Asymmetry_2_06 (1).csv,3
11,4,1,3,2,8.118,8118,3.6,9.14,0.06,9.8236,0.0589,0.1058,0.1364,-19.38,89.81,86.0,2.3383,9.3341,-0.1218,9.6233,P011_Barbell_Back_Squats_Inclination_Asymmetry_2_06 (1).csv,3
11,4,1,3,2,8.291,8291,3.85,9.03,0.1,9.817,0.0153,0.0829,0.0458,-19.5,89.75,85.13,2.5375,9.294,-0.0926,9.6347,P011_Barbell_Back_Squats_Inclination_Asymmetry_2_06 (1).csv,3
11,4,1,3,2,8.422,8422,3.33,9.18,0.0,9.7653,-0.0327,0.0447,-0.0022,-19.06,89.94,84.38,2.642,9.279,-0.0804,9.6481,P011_Barbell_Back_Squats_Inclination_Asymmetry_2_06 (1).csv,3
11,4,1,3,2,8.552,8552,3.49,9.12,0.02,9.765,-0.0098,0.0065,0.0404,-19.63,90.19,84.75,2.7537,9.258,-0.0672,9.6591,P011_Barbell_Back_Squats_Inclination_Asymmetry_2_06 (1).csv,3
11,4,1,3,2,8.682,8682,3.41,9.13,0.12,9.7468,0.0175,-0.0131,-0.0927,-19.0,90.13,84.19,2.8402,9.2412,-0.0425,9.6679,P011_Barbell_Back_Squats_Inclination_Asymmetry_2_06 (1).csv,3
11,4,1,3,2,8.812,8812,2.87,8.82,0.05,9.2753,0.0218,-0.0284,-0.1713,-18.25,89.94,83.44,2.8441,9.1857,-0.0303,9.616,P011_Barbell_Back_Squats_Inclination_Asymmetry_2_06 (1).csv,3
11,4,1,3,2,8.942,8942,3.48,9.53,-0.09,10.1459,-0.0065,-0.0545,0.0033,-18.06,89.81,83.56,2.9279,9.231,-0.0382,9.6843,P011_Barbell_Back_Squats_Inclination_Asymmetry_2_06 (1).csv,3
11,4,1,3,2,9.072,9072,3.7,9.29,-0.14,10.0007,-0.0153,-0.0938,0.0371,-17.5,89.75,83.63,3.0297,9.2388,-0.0516,9.723,P011_Barbell_Back_Squats_Inclination_Asymmetry_2_06 (1).csv,3
11,4,1,3,2,9.202,9202,2.14,9.14,0.01,9.3872,-0.0284,-0.0851,0.0196,-16.75,89.63,83.44,2.9124,9.2258,-0.0435,9.6747,P011_Barbell_Back_Squats_Inclination_Asymmetry_2_06 (1).csv,3
11,4,1,3,2,9.375,9375,2.72,9.26,0.01,9.6512,-0.0044,-0.0731,-0.0829,-16.75,89.56,84.19,2.8871,9.2303,-0.0364,9.6713,P011_Barbell_Back_Squats_Inclination_Asymmetry_2_06 (1).csv,3
11,4,1,3,2,9.505,9505,2.82,9.33,0.03,9.7469,0.0,-0.0545,0.0153,-16.69,89.44,84.56,2.8782,9.2434,-0.0277,9.6812,P011_Barbell_Back_Squats_Inclination_Asymmetry_2_06 (1).csv,3
11,4,1,3,2,9.635,9635,2.61,9.4,0.08,9.7559,0.0098,-0.0371,-0.0687,-16.38,89.38,84.56,2.8429,9.2641,-0.0135,9.6905,P011_Barbell_Back_Squats_Inclination_Asymmetry_2_06 (1).csv,3
11,4,1,3,2,9.765,9765,2.74,9.39,0.1,9.7821,0.0349,-0.0404,-0.0436,-16.06,89.13,84.44,2.8293,9.2807,0.0015,9.7024,P011_Barbell_Back_Squats_Inclination_Asymmetry_2_06 (1).csv,3
11,4,1,3,2,9.895,9895,2.58,9.53,0.28,9.877,0.0807,-0.0556,0.0284,-16.0,88.63,84.63,2.7965,9.3135,0.0382,9.7244,P011_Barbell_Back_Squats_Inclination_Asymmetry_2_06 (1).csv,3
11,4,1,3,2,10.025,10025,2.49,9.38,0.39,9.7127,0.0993,-0.0098,0.0425,-16.5,87.81,85.19,2.7561,9.3223,0.0845,9.7215,P011_Barbell_Back_Squats_Inclination_Asymmetry_2_06 (1).csv,3
11,4,1,3,2,10.156,10156,2.0,9.5,0.39,9.7161,0.0633,-0.0055,0.2203,-16.56,87.25,85.13,2.6565,9.3457,0.1248,9.7167,P011_Barbell_Back_Squats_Inclination_Asymmetry_2_06 (1).csv,3
11,4,1,3,2,10.286,10286,3.53,8.72,0.51,9.4212,0.0447,0.0033,0.5454,-20.31,86.75,88.69,2.7716,9.2632,0.1755,9.6706,P011_Barbell_Back_Squats_Inclination_Asymmetry_2_06 (1).csv,3
11,4,1,3,2,10.459,10459,3.63,8.72,0.66,9.4684,-0.0207,0.0709,-0.4658,-22.06,86.75,90.13,2.8847,9.1917,0.2394,9.6367,P011_Barbell_Back_Squats_Inclination_Asymmetry_2_06 (1).csv,3
11,4,1,3,2,10.589,10589,3.36,9.23,0.48,9.8343,-0.0338,0.0884,-0.3425,-19.69,87.25,87.25,2.9473,9.1967,0.2711,9.6612,P011_Barbell_Back_Squats_Inclination_Asymmetry_2_06 (1).csv,3
11,4,1,3,2,10.72,10720,2.98,9.37,0.45,9.8428,0.0033,0.0862,-0.06,-18.38,87.56,85.38,2.9516,9.2195,0.2947,9.685,P011_Barbell_Back_Squats_Inclination_Asymmetry_2_06 (1).csv,3
11,4,1,3,2,10.85,10850,3.33,9.49,0.57,10.0734,0.0305,0.084,0.0327,-18.5,87.63,84.81,3.0015,9.2552,0.3309,9.7353,P011_Barbell_Back_Squats_Inclination_Asymmetry_2_06 (1).csv,3
11,4,1,3,2,10.98,10980,3.31,9.17,0.23,9.7518,0.0556,0.0185,-0.1527,-18.44,87.38,84.25,3.0421,9.244,0.3176,9.7369,P011_Barbell_Back_Squats_Inclination_Asymmetry_2_06 (1).csv,3
11,4,1,3,2,11.11,11110,1.88,8.43,-0.13,8.6381,0.0131,-0.0284,-0.4331,-15.94,87.06,81.75,2.889,9.1367,0.2587,9.5861,P011_Barbell_Back_Squats_Inclination_Asymmetry_2_06 (1).csv,3
11,4,1,3,2,11.24,11240,3.11,9.04,1.06,9.6186,0.0142,0.0644,-0.5029,-15.75,87.31,81.56,2.9181,9.124,0.3643,9.5862,P011_Barbell_Back_Squats_Inclination_Asymmetry_2_06 (1).csv,3
11,4,1,3,2,11.37,11370,2.62,8.91,0.34,9.2934,0.0,-0.0033,-0.1287,-12.75,87.5,78.38,2.8788,9.0958,0.3611,9.5473,P011_Barbell_Back_Squats_Inclination_Asymmetry_2_06 (1).csv,3
11,4,1,3,2,11.543,11543,1.53,7.79,0.17,7.9406,-0.0818,-0.0502,-0.1985,-10.56,87.56,76.75,2.7011,8.9237,0.3359,9.3296,P011_Barbell_Back_Squats_Inclination_Asymmetry_2_06 (1).csv,3
11,5,1,3,2,11.674,11674,2.44,9.75,0.19,10.0525,-0.0436,-0.0098,0.636,-11.13,88.06,77.88,2.6667,9.0326,0.3167,9.4233,P011_Barbell_Back_Squats_Inclination_Asymmetry_2_06 (1).csv,3
11,5,1,3,2,11.804,11804,0.79,8.6,0.28,8.6407,-0.0894,-0.0436,-0.2727,-12.19,88.63,79.25,2.4194,8.9756,0.3118,9.3012,P011_Barbell_Back_Squats_Inclination_Asymmetry_2_06 (1).csv,3
11,5,1,3,2,11.935,11935,2.29,9.9,-0.06,10.1616,-0.1233,-0.0502,-0.3338,-10.0,89.31,77.69,2.4023,9.0974,0.2628,9.4129,P011_Barbell_Back_Squats_Inclination_Asymmetry_2_06 (1).csv,3
11,5,1,3,2,12.066,12066,1.13,10.37,-0.08,10.4317,-0.06,-0.0567,-0.3556,-6.94,89.88,75.38,2.2347,9.2651,0.2177,9.5333,P011_Barbell_Back_Squats_Inclination_Asymmetry_2_06 (1).csv,3
11,5,1,3,2,12.198,12198,0.46,10.33,-0.18,10.3418,-0.0589,-0.0425,-0.1091,-5.19,90.31,74.19,2.0008,9.4054,0.1653,9.6173,P011_Barbell_Back_Squats_Inclination_Asymmetry_2_06 (1).csv,3
11,5,1,3,2,12.329,12329,0.6,9.9,0.02,9.9182,-0.0447,-0.0425,-0.1691,-4.13,90.69,74.19,1.8162,9.4706,0.1461,9.6443,P011_Barbell_Back_Squats_Inclination_Asymmetry_2_06 (1).csv,3
11,5,1,3,2,12.463,12463,0.51,10.45,-0.11,10.463,-0.0382,-0.012,-0.1167,-3.13,90.94,73.81,1.6441,9.5997,0.1124,9.7401,P011_Barbell_Back_Squats_Inclination_Asymmetry_2_06 (1).csv,3
11,5,1,3,2,12.636,12636,0.01,12.46,-0.3,12.4636,-0.0273,-0.0055,-0.2891,-0.69,91.31,71.81,1.4288,9.9766,0.058,10.0785,P011_Barbell_Back_Squats_Inclination_Asymmetry_2_06 (1).csv,3
11,5,1,3,2,12.766,12766,-0.2,11.69,-0.37,11.6976,-0.0044,-0.024,0.0404,0.13,91.44,71.13,1.2141,10.2024,0.0016,10.2744,P011_Barbell_Back_Squats_Inclination_Asymmetry_2_06 (1).csv,3
11,5,1,3,2,12.896,12896,0.46,10.57,-0.34,10.5855,0.0109,0.0142,0.0011,-0.63,91.44,72.25,1.1148,10.2508,-0.0434,10.3113,P011_Barbell_Back_Squats_Inclination_Asymmetry_2_06 (1).csv,3
11,5,1,3,2,13.026,13026,-0.33,9.93,-0.24,9.9384,0.0371,0.0415,-0.3033,0.94,91.25,70.44,0.9244,10.2085,-0.0693,10.2505,P011_Barbell_Back_Squats_Inclination_Asymmetry_2_06 (1).csv,4
11,5,1,3,2,13.156,13156,-0.64,9.11,-0.3,9.1374,0.0382,0.0371,-0.0316,2.44,91.0,68.69,0.7182,10.0638,-0.0997,10.0899,P011_Barbell_Back_Squats_Inclination_Asymmetry_2_06 (1).csv,4
11,5,1,3,2,13.286,13286,-0.52,8.48,-0.21,8.4985,0.0502,0.0371,0.168,1.69,90.75,69.19,0.5551,9.8551,-0.1142,9.8714,P011_Barbell_Back_Squats_Inclination_Asymmetry_2_06 (1).csv,4
11,5,1,3,2,13.417,13417,-0.36,8.58,0.01,8.5876,0.0785,0.0305,0.3862,0.19,90.25,70.5,0.4345,9.6871,-0.0979,9.6973,P011_Barbell_Back_Squats_Inclination_Asymmetry_2_06 (1).csv,4
11,5,1,3,2,13.547,13547,0.98,8.76,-0.04,8.8147,0.0884,0.0349,0.685,-4.13,89.75,74.69,0.5064,9.5649,-0.0902,9.5787,P011_Barbell_Back_Squats_Inclination_Asymmetry_2_06 (1).csv,4
11,5,1,3,2,13.72,13720,1.63,9.03,0.02,9.176,0.0447,0.0142,0.2083,-8.31,89.19,78.56,0.6544,9.4944,-0.0757,9.5172,P011_Barbell_Back_Squats_Inclination_Asymmetry_2_06 (1).csv,4
11,5,1,3,2,13.85,13850,2.02,9.17,0.15,9.391,0.0404,0.0229,0.504,-10.75,88.88,80.75,0.8344,9.4517,-0.046,9.4885,P011_Barbell_Back_Squats_Inclination_Asymmetry_2_06 (1).csv,4
11,6,1,3,2,13.98,13980,3.24,8.72,0.37,9.3098,0.0447,0.0218,0.4963,-14.63,88.63,84.25,1.1514,9.3552,0.0088,9.4258,P011_Barbell_Back_Squats_Inclination_Asymmetry_2_06 (1).csv,4
11,6,1,3,2,14.11,14110,2.98,9.64,0.23,10.0927,0.0164,-0.0109,-0.192,-16.13,88.44,85.31,1.3923,9.3928,0.038,9.4955,P011_Barbell_Back_Squats_Inclination_Asymmetry_2_06 (1).csv,4
11,6,1,3,2,14.24,14240,1.51,9.57,0.43,9.6979,0.0229,0.0196,-0.4898,-13.56,88.31,82.38,1.4078,9.4161,0.0896,9.5212,P011_Barbell_Back_Squats_Inclination_Asymmetry_2_06 (1).csv,4
11,6,1,3,2,14.371,14371,2.02,9.33,0.24,9.5492,0.0262,0.0447,0.2258,-12.75,88.13,81.25,1.4885,9.4048,0.1095,9.5225,P011_Barbell_Back_Squats_Inclination_Asymmetry_2_06 (1).csv,4
11,6,1,3,2,14.501,14501,2.21,9.28,0.17,9.541,-0.0055,0.0338,0.1691,-14.63,88.06,82.75,1.5836,9.3883,0.1174,9.5217,P011_Barbell_Back_Squats_Inclination_Asymmetry_2_06 (1).csv,4
11,6,1,3,2,14.631,14631,3.19,9.68,0.27,10.1957,-0.0229,0.0371,0.3065,-16.44,88.25,84.13,1.7953,9.4268,0.1375,9.5972,P011_Barbell_Back_Squats_Inclination_Asymmetry_2_06 (1).csv,4
11,6,1,3,2,14.804,14804,2.86,9.23,0.25,9.6662,-0.0109,0.0142,-0.0589,-17.13,88.44,84.38,1.9356,9.4008,0.1524,9.5992,P011_Barbell_Back_Squats_Inclination_Asymmetry_2_06 (1).csv,4
11,6,1,3,2,14.935,14935,3.44,9.41,0.13,10.0199,0.0,-0.0087,0.1014,-17.5,88.5,84.75,2.1338,9.402,0.1494,9.6423,P011_Barbell_Back_Squats_Inclination_Asymmetry_2_06 (1).csv,4
11,6,1,3,2,15.065,15065,2.7,9.19,0.2,9.5805,0.0,-0.0251,-0.0785,-17.38,88.44,84.69,2.2084,9.3741,0.1561,9.632,P011_Barbell_Back_Squats_Inclination_Asymmetry_2_06 (1).csv,4
11,6,1,3,2,15.195,15195,2.91,9.2,0.27,9.653,0.0033,-0.0218,-0.0665,-17.19,88.38,84.69,2.3009,9.3512,0.1711,9.6316,P011_Barbell_Back_Squats_Inclination_Asymmetry_2_06 (1).csv,4
11,6,1,3,2,15.325,15325,2.72,9.18,0.2,9.5766,-0.0131,-0.0371,-0.0676,-16.56,88.31,84.25,2.3561,9.3286,0.1749,9.6231,P011_Barbell_Back_Squats_Inclination_Asymmetry_2_06 (1).csv,4
11,6,1,3,2,15.455,15455,2.88,9.45,0.22,9.8816,-0.0033,-0.0382,0.0884,-16.75,88.31,84.75,2.4251,9.3446,0.1808,9.6559,P011_Barbell_Back_Squats_Inclination_Asymmetry_2_06 (1).csv,4
11,6,1,3,2,15.585,15585,2.72,9.38,0.26,9.7699,0.0044,-0.0284,-0.0164,-16.94,88.25,85.19,2.464,9.3493,0.1913,9.6704,P011_Barbell_Back_Squats_Inclination_Asymmetry_2_06 (1).csv,4
11,6,1,3,2,15.715,15715,2.6,9.28,0.28,9.6414,0.0142,-0.012,0.0447,-16.69,88.19,85.13,2.4819,9.3401,0.203,9.6664,P011_Barbell_Back_Squats_Inclination_Asymmetry_2_06 (1).csv,4
11,6,1,3,2,15.888,15888,2.81,9.25,0.29,9.6717,0.0098,0.0055,0.1462,-17.38,88.06,85.75,2.5252,9.3283,0.2144,9.6664,P011_Barbell_Back_Squats_Inclination_Asymmetry_2_06 (1).csv,4
11,6,1,3,2,16.018,16018,3.39,9.23,0.46,9.8436,0.0055,0.0164,0.0229,-18.25,88.0,86.5,2.6391,9.3153,0.2468,9.6851,P011_Barbell_Back_Squats_Inclination_Asymmetry_2_06 (1).csv,4
11,6,1,3,2,16.148,16148,3.19,8.79,0.5,9.3643,0.0327,0.024,-0.156,-17.81,87.81,85.94,2.7117,9.2461,0.2802,9.6396,P011_Barbell_Back_Squats_Inclination_Asymmetry_2_06 (1).csv,4
11,6,1,3,2,16.278,16278,1.95,7.16,0.56,7.4419,0.0665,0.0273,-0.7439,-15.25,87.44,83.06,2.6113,8.9712,0.317,9.3489,P011_Barbell_Back_Squats_Inclination_Asymmetry_2_06 (1).csv,4
11,6,1,3,2,16.408,16408,3.92,8.72,0.08,9.5609,0.0654,0.0513,0.589,-15.75,87.06,83.25,2.7838,8.9381,0.2858,9.3659,P011_Barbell_Back_Squats_Inclination_Asymmetry_2_06 (1).csv,4
11,7,1,3,2,16.538,16538,1.41,8.74,0.15,8.8543,-0.0654,0.024,-0.6261,-13.81,87.06,81.0,2.6028,8.912,0.2679,9.2881,P011_Barbell_Back_Squats_Inclination_Asymmetry_2_06 (1).csv,4
11,7,1,3,2,16.668,16668,1.99,9.57,-0.08,9.775,-0.1124,-0.0098,0.0305,-11.38,87.63,78.56,2.522,8.9987,0.2221,9.3481,P011_Barbell_Back_Squats_Inclination_Asymmetry_2_06 (1).csv,4
11,7,1,3,2,16.799,16799,2.48,9.83,0.16,10.1393,-0.1244,-0.0153,-0.0949,-11.44,88.31,78.81,2.5165,9.1082,0.2139,9.4519,P011_Barbell_Back_Squats_Inclination_Asymmetry_2_06 (1).csv,4
11,7,1,3,2,16.972,16972,2.52,10.12,-0.36,10.4352,-0.1385,-0.0742,0.0087,-12.31,89.44,80.38,2.5169,9.2416,0.1383,9.5792,P011_Barbell_Back_Squats_Inclination_Asymmetry_2_06 (1).csv,4
11,7,1,3,2,17.103,17103,1.81,10.19,-0.11,10.3501,-0.1124,-0.1156,-0.4592,-10.06,90.19,79.0,2.4238,9.3665,0.1055,9.6756,P011_Barbell_Back_Squats_Inclination_Asymmetry_2_06 (1).csv,4
11,7,1,3,2,17.234,17234,0.47,10.03,-0.33,10.0464,-0.0731,-0.1222,-0.4712,-6.5,90.75,76.38,2.1663,9.454,0.0482,9.6991,P011_Barbell_Back_Squats_Inclination_Asymmetry_2_06 (1).csv,4
11,7,1,3,2,17.364,17364,0.41,10.87,-0.35,10.8834,-0.0742,-0.084,0.0382,-5.25,91.19,76.31,1.9349,9.6406,-0.0043,9.8328,P011_Barbell_Back_Squats_Inclination_Asymmetry_2_06 (1).csv,4
11,7,1,3,2,17.495,17495,0.75,13.44,-0.38,13.4663,-0.0502,-0.0873,0.0273,-5.69,91.56,77.69,1.7787,10.1412,-0.0538,10.2962,P011_Barbell_Back_Squats_Inclination_Asymmetry_2_06 (1).csv,4
11,7,1,3,2,17.627,17627,0.79,11.66,-0.49,11.697,-0.0022,-0.0458,0.0393,-6.19,91.63,78.69,1.6485,10.3414,-0.1113,10.4725,P011_Barbell_Back_Squats_Inclination_Asymmetry_2_06 (1).csv,4
11,7,1,3,2,17.762,17762,1.13,10.31,-0.19,10.3735,0.0436,0.0338,0.0044,-6.19,91.44,78.88,1.5801,10.3372,-0.1217,10.458,P011_Barbell_Back_Squats_Inclination_Asymmetry_2_06 (1).csv,5
11,7,1,3,2,17.892,17892,0.88,9.83,0.0,9.8693,0.0949,0.0578,-0.3109,-4.75,90.94,77.0,1.4879,10.2704,-0.1056,10.3781,P011_Barbell_Back_Squats_Inclination_Asymmetry_2_06 (1).csv,5
11,7,1,3,2,18.065,18065,0.49,9.06,0.21,9.0757,0.1571,0.0273,-0.54,-2.13,89.75,73.81,1.3564,10.1109,-0.064,10.2017,P011_Barbell_Back_Squats_Inclination_Asymmetry_2_06 (1).csv,5
11,7,1,3,2,18.195,18195,-1.3,8.85,-0.15,8.9462,0.1647,-0.0055,-0.4494,1.81,88.69,70.25,1.0063,9.9447,-0.0754,9.9958,P011_Barbell_Back_Squats_Inclination_Asymmetry_2_06 (1).csv,5
11,7,1,3,2,18.325,18325,0.04,8.55,0.41,8.5599,0.1233,0.0273,0.696,-0.94,87.69,73.94,0.879,9.761,-0.0114,9.8005,P011_Barbell_Back_Squats_Inclination_Asymmetry_2_06 (1).csv,5
11,7,1,3,2,18.455,18455,0.75,8.3,0.44,8.3454,0.0829,0.0382,0.66,-5.75,86.94,78.63,0.862,9.5684,0.0481,9.6073,P011_Barbell_Back_Squats_Inclination_Asymmetry_2_06 (1).csv,5
11,7,1,3,2,18.585,18585,1.59,9.06,0.46,9.21,0.0131,0.0513,0.4811,-9.69,86.63,82.19,0.9579,9.5014,0.1024,9.5502,P011_Barbell_Back_Squats_Inclination_Asymmetry_2_06 (1).csv,5
11,7,1,3,2,18.716,18716,2.06,8.64,0.62,8.9038,-0.0382,0.0622,0.1778,-12.44,86.75,84.25,1.1032,9.3879,0.1706,9.4541,P011_Barbell_Back_Squats_Inclination_Asymmetry_2_06 (1).csv,5
11,7,1,3,2,18.846,18846,2.3,9.61,0.7,9.9062,-0.0076,0.0654,0.2738,-13.69,87.06,84.81,1.2609,9.4172,0.2403,9.5043,P011_Barbell_Back_Squats_Inclination_Asymmetry_2_06 (1).csv,5
11,7,1,3,2,18.977,18977,4.0,9.71,0.39,10.5089,0.0164,0.0774,-0.0055,-15.69,87.19,86.13,1.6218,9.4558,0.2601,9.5974,P011_Barbell_Back_Squats_Inclination_Asymmetry_2_06 (1).csv,5
11,7,1,3,2,19.149,19149,2.72,9.19,0.5,9.5971,0.0273,0.0513,-0.0535,-13.69,87.13,83.0,1.7665,9.4207,0.2917,9.5894,P011_Barbell_Back_Squats_Inclination_Asymmetry_2_06 (1).csv,5
11,7,1,3,2,19.279,19279,2.42,9.45,0.19,9.7568,-0.0295,0.0447,0.012,-13.31,87.19,82.0,1.8526,9.4246,0.2783,9.609,P011_Barbell_Back_Squats_Inclination_Asymmetry_2_06 (1).csv,5
11,7,1,3,2,19.409,19409,2.21,8.42,0.92,8.7537,-0.0065,0.0404,-0.1385,-12.81,87.44,81.19,1.8997,9.2922,0.3628,9.4914,P011_Barbell_Back_Squats_Inclination_Asymmetry_2_06 (1).csv,5
11,7,1,3,2,19.539,19539,1.54,7.9,0.29,8.0539,-0.048,0.0044,-0.4418,-10.56,87.75,78.81,1.8523,9.1088,0.3532,9.3019,P011_Barbell_Back_Squats_Inclination_Asymmetry_2_06 (1).csv,5
11,7,1,3,2,19.669,19669,1.81,8.09,0.25,8.2938,-0.0665,-0.0055,-0.0502,-8.56,88.19,76.88,1.8468,8.9745,0.3396,9.1688,P011_Barbell_Back_Squats_Inclination_Asymmetry_2_06 (1).csv,5
11,8,1,3,2,19.799,19799,1.52,9.44,0.0,9.5616,-0.1276,-0.0633,-0.0305,-8.5,88.94,77.25,1.8037,9.0359,0.2949,9.2188,P011_Barbell_Back_Squats_Inclination_Asymmetry_2_06 (1).csv,5
11,8,1,3,2,19.93,19930,1.39,9.35,-0.07,9.453,-0.1287,-0.0796,-0.264,-7.56,89.88,77.0,1.7492,9.0773,0.2468,9.2475,P011_Barbell_Back_Squats_Inclination_Asymmetry_2_06 (1).csv,5
11,8,1,3,2,20.06,20060,0.86,9.73,-0.3,9.7725,-0.1091,-0.0622,-0.4123,-4.94,90.63,74.94,1.632,9.1633,0.1747,9.3091,P011_Barbell_Back_Squats_Inclination_Asymmetry_2_06 (1).csv,5
11,8,1,3,2,20.233,20233,-0.43,11.28,-0.35,11.2936,-0.0851,-0.0535,-0.2323,-1.25,91.5,71.75,1.3603,9.4422,0.1056,9.5403,P011_Barbell_Back_Squats_Inclination_Asymmetry_2_06 (1).csv,5
11,8,1,3,2,20.364,20364,0.16,9.77,-0.37,9.7783,-0.0654,-0.0687,-0.12,-0.81,92.0,71.88,1.2021,9.4854,0.0429,9.5614,P011_Barbell_Back_Squats_Inclination_Asymmetry_2_06 (1).csv,5
11,8,1,3,2,20.495,20495,-0.47,9.42,-0.2,9.4338,-0.048,-0.0502,-0.1745,0.75,92.5,70.63,0.9818,9.4768,0.0109,9.5275,P011_Barbell_Back_Squats_Inclination_Asymmetry_2_06 (1).csv,5
11,8,1,3,2,20.625,20625,-0.21,11.29,-0.56,11.3058,-0.0916,-0.0185,-0.0229,1.13,93.0,70.44,0.8247,9.7157,-0.0643,9.7509,P011_Barbell_Back_Squats_Inclination_Asymmetry_2_06 (1).csv,5
11,8,1,3,2,20.756,20756,-0.82,12.38,-1.02,12.449,-0.0654,-0.0404,0.0164,1.75,93.5,70.06,0.608,10.0668,-0.1903,10.0869,P011_Barbell_Back_Squats_Inclination_Asymmetry_2_06 (1).csv,5
11,8,1,3,2,20.886,20886,-0.09,11.56,-1.02,11.6053,-0.0022,-0.0578,0.072,0.56,93.63,71.63,0.516,10.2636,-0.2996,10.2809,P011_Barbell_Back_Squats_Inclination_Asymmetry_2_06 (1).csv,5
11,8,1,3,2,21.017,21017,0.11,11.1,-0.84,11.1323,0.072,-0.0502,0.012,0.69,93.31,72.0,0.4625,10.3738,-0.3708,10.3907,P011_Barbell_Back_Squats_Inclination_Asymmetry_2_06 (1).csv,5
11,8,1,3,2,21.148,21148,-0.15,9.98,-0.47,9.9922,0.1124,-0.0065,0.0044,0.31,92.69,72.94,0.3818,10.3219,-0.3839,10.3361,P011_Barbell_Back_Squats_Inclination_Asymmetry_2_06 (1).csv,6
11,8,1,3,2,21.323,21323,0.02,9.41,-0.33,9.4158,0.108,0.012,-0.0436,0.75,91.69,73.38,0.3341,10.2017,-0.3768,10.2142,P011_Barbell_Back_Squats_Inclination_Asymmetry_2_06 (1).csv,6
11,8,1,3,2,21.453,21453,-0.6,8.97,-0.24,8.9932,0.1134,0.0087,-0.1931,1.56,90.88,72.56,0.211,10.0394,-0.3588,10.048,P011_Barbell_Back_Squats_Inclination_Asymmetry_2_06 (1).csv,6
11,8,1,3,2,21.586,21586,-0.94,9.03,-0.07,9.0791,0.0873,0.0229,0.3414,0.88,90.06,73.44,0.0594,9.9064,-0.3207,9.9118,P011_Barbell_Back_Squats_Inclination_Asymmetry_2_06 (1).csv,6
11,8,1,3,2,21.716,21716,0.29,9.28,0.06,9.2847,0.0807,0.0284,0.6512,-3.31,89.44,77.63,0.0897,9.8239,-0.2705,9.828,P011_Barbell_Back_Squats_Inclination_Asymmetry_2_06 (1).csv,6
11,8,1,3,2,21.862,21862,0.88,8.21,0.2,8.2594,0.0436,0.0327,0.2193,-6.75,88.94,80.69,0.1939,9.6112,-0.2085,9.6154,P011_Barbell_Back_Squats_Inclination_Asymmetry_2_06 (1).csv,6
11,8,1,3,2,21.997,21997,1.02,9.53,0.15,9.5856,0.0164,0.0382,0.3785,-8.44,88.81,82.0,0.3027,9.6005,-0.1613,9.6066,P011_Barbell_Back_Squats_Inclination_Asymmetry_2_06 (1).csv,6
11,8,1,3,2,22.128,22128,2.14,8.8,0.36,9.0636,0.0175,0.0556,0.4211,-12.38,88.75,85.38,0.5448,9.495,-0.0926,9.5111,P011_Barbell_Back_Squats_Inclination_Asymmetry_2_06 (1).csv,6
11,8,1,3,2,22.258,22258,2.42,9.03,0.29,9.3531,0.0349,0.0524,0.1571,-14.13,88.63,86.31,0.7919,9.4337,-0.0422,9.467,P011_Barbell_Back_Squats_Inclination_Asymmetry_2_06 (1).csv,6
11,8,1,3,2,22.431,22431,2.84,8.89,0.28,9.3368,0.0229,0.0545,-0.1385,-15.81,88.44,87.25,1.0618,9.3621,0.0003,9.4221,P011_Barbell_Back_Squats_Inclination_Asymmetry_2_06 (1).csv,6
11,8,1,3,2,22.562,22562,3.12,9.5,0.51,10.0122,0.0207,0.0644,0.3,-15.94,88.5,86.75,1.333,9.3803,0.0674,9.4747,P011_Barbell_Back_Squats_Inclination_Asymmetry_2_06 (1).csv,6
11,8,1,3,2,22.692,22692,2.95,9.28,0.39,9.7454,-0.0175,0.0622,0.0818,-16.38,88.63,86.56,1.5461,9.367,0.11,9.4944,P011_Barbell_Back_Squats_Inclination_Asymmetry_2_06 (1).csv,6
11,8,1,3,2,22.822,22822,2.99,9.28,0.16,9.7511,-0.0229,0.048,-0.0818,-16.38,88.81,85.88,1.7364,9.3556,0.1165,9.5161,P011_Barbell_Back_Squats_Inclination_Asymmetry_2_06 (1).csv,6
11,8,1,3,2,22.952,22952,2.91,9.3,0.27,9.7484,-0.0229,0.0327,-0.0327,-15.63,89.0,84.69,1.891,9.3483,0.1368,9.5386,P011_Barbell_Back_Squats_Inclination_Asymmetry_2_06 (1).csv,6
11,8,1,3,2,23.082,23082,2.58,8.75,0.08,9.1228,-0.0131,-0.0011,-0.1516,-15.31,89.13,84.31,1.9818,9.2694,0.1293,9.4798,P011_Barbell_Back_Squats_Inclination_Asymmetry_2_06 (1).csv,6
11,8,1,3,2,23.212,23212,1.4,8.46,0.49,8.589,0.0033,-0.0142,-0.4123,-12.94,89.13,81.94,1.9052,9.1628,0.1768,9.3604,P011_Barbell_Back_Squats_Inclination_Asymmetry_2_06 (1).csv,6
11,8,1,3,2,23.342,23342,2.3,8.36,0.17,8.6723,-0.012,-0.0033,-0.2771,-11.31,89.06,80.44,1.9572,9.057,0.1759,9.2677,P011_Barbell_Back_Squats_Inclination_Asymmetry_2_06 (1).csv,6
11,9,1,3,2,23.515,23515,1.08,9.4,-0.33,9.4676,-0.0436,-0.0087,-0.3185,-8.5,89.19,77.63,1.8416,9.1022,0.1093,9.2873,P011_Barbell_Back_Squats_Inclination_Asymmetry_2_06 (1).csv,6
11,9,1,3,2,23.645,23645,1.07,9.38,0.11,9.4415,-0.0185,-0.0371,-0.0284,-7.25,89.31,76.56,1.7399,9.1388,0.1094,9.3036,P011_Barbell_Back_Squats_Inclination_Asymmetry_2_06 (1).csv,6
11,9,1,3,2,23.775,23775,1.34,9.95,-0.09,10.0402,-0.0425,-0.0425,0.072,-7.81,89.56,77.5,1.6872,9.2457,0.0831,9.3987,P011_Barbell_Back_Squats_Inclination_Asymmetry_2_06 (1).csv,6
11,9,1,3,2,23.905,23905,0.91,9.68,-0.1,9.7232,-0.0371,-0.0338,-0.348,-6.56,89.81,76.56,1.5848,9.3029,0.059,9.4371,P011_Barbell_Back_Squats_Inclination_Asymmetry_2_06 (1).csv,6
11,9,1,3,2,24.035,24035,0.52,10.63,-0.12,10.6434,-0.0371,0.0033,-0.0982,-4.69,90.13,74.88,1.4445,9.4778,0.0354,9.5873,P011_Barbell_Back_Squats_Inclination_Asymmetry_2_06 (1).csv,6
11,9,1,3,2,24.165,24165,0.8,9.85,-0.12,9.8832,-0.0458,-0.0175,-0.3272,-3.63,90.38,73.81,1.3596,9.5268,0.0149,9.6234,P011_Barbell_Back_Squats_Inclination_Asymmetry_2_06 (1).csv,6
11,9,1,3,2,24.296,24296,0.27,9.81,0.06,9.8139,-0.036,-0.0415,-0.6218,-0.13,90.69,70.94,1.216,9.5642,0.0208,9.6412,P011_Barbell_Back_Squats_Inclination_Asymmetry_2_06 (1).csv,6
11,9,1,3,2,24.426,24426,-1.37,10.26,-0.27,10.3546,-0.0316,-0.0654,-0.1014,3.19,90.94,68.75,0.8752,9.6558,-0.0175,9.6954,P011_Barbell_Back_Squats_Inclination_Asymmetry_2_06 (1).csv,6
11,9,1,3,2,24.599,24599,-0.6,10.53,-0.34,10.5526,-0.0251,-0.0545,0.2694,1.88,91.31,71.31,0.6808,9.771,-0.06,9.7949,P011_Barbell_Back_Squats_Inclination_Asymmetry_2_06 (1).csv,6
11,9,1,3,2,24.73,24730,-0.15,11.76,-0.53,11.7729,-0.0295,-0.0371,0.1767,-0.06,91.5,73.75,0.5713,10.0331,-0.1219,10.0501,P011_Barbell_Back_Squats_Inclination_Asymmetry_2_06 (1).csv,6
11,9,1,3,2,24.86,24860,-0.52,11.72,-0.35,11.7368,0.0087,-0.0153,0.0862,-0.75,91.44,74.75,0.4275,10.2554,-0.152,10.2655,P011_Barbell_Back_Squats_Inclination_Asymmetry_2_06 (1).csv,6
11,9,1,3,2,24.99,24990,0.07,10.6,-0.25,10.6032,0.0011,0.036,0.3556,-2.31,91.38,76.63,0.3804,10.3008,-0.1649,10.3092,P011_Barbell_Back_Squats_Inclination_Asymmetry_2_06 (1).csv,6
11,9,1,3,2,25.12,25120,0.77,9.97,-0.18,10.0013,0.0327,0.0622,0.2116,-4.56,91.31,78.56,0.4318,10.2572,-0.1669,10.2677,P011_Barbell_Back_Squats_Inclination_Asymmetry_2_06 (1).csv,7
11,9,1,3,2,25.25,25250,0.85,8.98,-0.12,9.0209,0.0447,0.0469,0.0415,-5.31,91.06,78.75,0.4869,10.0889,-0.1607,10.1019,P011_Barbell_Back_Squats_Inclination_Asymmetry_2_06 (1).csv,7
11,9,1,3,2,25.38,25380,0.84,8.2,-0.26,8.247,0.0491,-0.0044,0.3043,-6.44,90.75,79.31,0.5334,9.84,-0.1738,9.856,P011_Barbell_Back_Squats_Inclination_Asymmetry_2_06 (1).csv,7
11,9,1,3,2,25.51,25510,1.61,8.41,-0.13,8.5637,0.0251,-0.0142,0.3163,-8.81,90.56,81.69,0.6753,9.6516,-0.168,9.6766,P011_Barbell_Back_Squats_Inclination_Asymmetry_2_06 (1).csv,7
11,9,1,3,2,25.683,25683,1.45,8.22,-0.02,8.3469,0.0305,0.0076,-0.2563,-10.88,90.38,83.75,0.7774,9.4629,-0.1485,9.496,P011_Barbell_Back_Squats_Inclination_Asymmetry_2_06 (1).csv,7
11,9,1,3,2,25.814,25814,1.55,9.88,0.04,10.0009,0.0742,0.0371,0.2869,-9.75,89.94,82.38,0.8792,9.5179,-0.1237,9.5592,P011_Barbell_Back_Squats_Inclination_Asymmetry_2_06 (1).csv,7
11,9,1,3,2,25.944,25944,2.1,8.32,0.36,8.5885,0.1156,0.0535,0.1331,-12.31,89.31,84.44,1.04,9.36,-0.0599,9.4178,P011_Barbell_Back_Squats_Inclination_Asymmetry_2_06 (1).csv,7
11,9,1,3,2,26.075,26075,2.81,9.94,0.12,10.3303,0.072,0.0916,0.2782,-13.69,88.75,85.19,1.2733,9.4365,-0.0362,9.522,P011_Barbell_Back_Squats_Inclination_Asymmetry_2_06 (1).csv,7
11,9,1,3,2,26.205,26205,2.54,9.18,0.53,9.5396,0.0545,0.0807,-0.1473,-14.0,88.31,84.75,1.4402,9.4027,0.0384,9.5124,P011_Barbell_Back_Squats_Inclination_Asymmetry_2_06 (1).csv,7
11,9,1,3,2,26.335,26335,2.47,9.31,0.31,9.6371,0.0164,0.0578,0.216,-14.38,88.13,84.63,1.5759,9.3905,0.0742,9.5221,P011_Barbell_Back_Squats_Inclination_Asymmetry_2_06 (1).csv,7
11,9,1,3,2,26.465,26465,2.47,9.52,0.38,9.8425,-0.024,0.0633,0.0251,-15.0,88.31,84.81,1.6937,9.4075,0.1145,9.5595,P011_Barbell_Back_Squats_Inclination_Asymmetry_2_06 (1).csv,7
11,9,1,3,2,26.595,26595,2.94,9.29,0.48,9.7559,0.0164,0.0665,-0.0927,-15.25,88.5,84.06,1.858,9.392,0.1626,9.5754,P011_Barbell_Back_Squats_Inclination_Asymmetry_2_06 (1).csv,7
11,9,1,3,2,26.768,26768,2.29,8.79,0.19,9.0854,0.0218,0.0665,-0.0742,-13.0,88.5,81.0,1.9149,9.3127,0.1663,9.509,P011_Barbell_Back_Squats_Inclination_Asymmetry_2_06 (1).csv,7
11,9,1,3,2,26.898,26898,1.46,7.53,0.44,7.6828,0.0316,0.0654,-0.3763,-11.06,88.38,78.25,1.8549,9.0778,0.2023,9.2676,P011_Barbell_Back_Squats_Inclination_Asymmetry_2_06 (1).csv,7
11,9,1,3,2,27.029,27029,1.44,9.69,0.03,9.7965,0.0087,0.0687,0.2062,-9.88,88.38,76.56,1.8003,9.1585,0.1796,9.3355,P011_Barbell_Back_Squats_Inclination_Asymmetry_2_06 (1).csv,7
11,10,1,3,2,27.159,27159,2.36,10.18,-0.12,10.4507,-0.0349,0.036,-0.2858,-10.44,88.38,76.69,1.874,9.2931,0.1401,9.4812,P011_Barbell_Back_Squats_Inclination_Asymmetry_2_06 (1).csv,7
11,10,1,3,2,27.292,27292,1.25,8.95,0.39,9.0453,0.0196,-0.0131,-0.4756,-7.56,88.38,73.69,1.7918,9.2479,0.1731,9.4214,P011_Barbell_Back_Squats_Inclination_Asymmetry_2_06 (1).csv,7
11,10,1,3,2,27.422,27422,1.36,9.64,0.16,9.7368,0.0087,-0.0382,-0.0654,-5.81,88.38,72.06,1.7349,9.2995,0.1713,9.4615,P011_Barbell_Back_Squats_Inclination_Asymmetry_2_06 (1).csv,7
11,10,1,3,2,27.555,27555,1.0,9.6,0.19,9.6538,-0.0338,-0.0785,-0.1702,-5.25,88.44,72.0,1.6381,9.3391,0.1738,9.4833,P011_Barbell_Back_Squats_Inclination_Asymmetry_2_06 (1).csv,7
11,10,1,3,2,27.686,27686,-0.03,10.23,0.12,10.2307,-0.0698,-0.0971,-0.1462,-3.44,88.75,71.06,1.4182,9.4565,0.1667,9.5637,P011_Barbell_Back_Squats_Inclination_Asymmetry_2_06 (1).csv,7
11,10,1,3,2,27.859,27859,0.61,9.63,-0.2,9.6514,-0.0993,-0.1102,-0.1265,-4.31,89.5,73.0,1.3117,9.4794,0.1184,9.5704,P011_Barbell_Back_Squats_Inclination_Asymmetry_2_06 (1).csv,7
11,10,1,3,2,27.989,27989,0.43,10.38,-0.02,10.3889,-0.0753,-0.1025,-0.288,-2.56,90.19,72.13,1.1955,9.5981,0.1002,9.6728,P011_Barbell_Back_Squats_Inclination_Asymmetry_2_06 (1).csv,7
11,10,1,3,2,28.12,28120,0.04,10.62,-0.1,10.6205,-0.0349,-0.0971,-0.3272,-0.63,90.56,70.94,1.0433,9.7327,0.0738,9.7888,P011_Barbell_Back_Squats_Inclination_Asymmetry_2_06 (1).csv,7
11,10,1,3,2,28.25,28250,-0.82,10.8,-0.09,10.8315,-0.0065,-0.1145,-0.4996,2.19,90.69,69.44,0.7977,9.8734,0.0522,9.9057,P011_Barbell_Back_Squats_Inclination_Asymmetry_2_06 (1).csv,7
11,10,1,3,2,28.38,28380,-2.32,11.74,-0.18,11.9684,0.0218,-0.0687,0.0349,3.88,90.69,68.88,0.3869,10.1193,0.0216,10.1268,P011_Barbell_Back_Squats_Inclination_Asymmetry_2_06 (1).csv,7
11,10,1,3,2,28.511,28511,-0.1,10.75,-0.19,10.7521,0.0153,-0.0098,0.4189,1.31,90.56,71.94,0.3227,10.2024,-0.0063,10.2076,P011_Barbell_Back_Squats_Inclination_Asymmetry_2_06 (1).csv,7
11,10,1,3,2,28.641,28641,0.16,10.37,-0.1,10.3717,0.0349,0.0011,-0.144,0.63,90.38,72.94,0.3013,10.2245,-0.0186,10.229,P011_Barbell_Back_Squats_Inclination_Asymmetry_2_06 (1).csv,7
11,10,1,3,2,28.787,28787,-1.45,9.93,0.04,10.0354,0.036,-0.0098,-0.0742,2.31,90.06,71.31,0.0705,10.1857,-0.0109,10.186,P011_Barbell_Back_Squats_Inclination_Asymmetry_2_06 (1).csv,8
11,10,1,3,2,28.962,28962,0.41,9.57,0.16,9.5801,0.0109,-0.0065,0.4865,-1.5,90.0,75.38,0.1153,10.1046,0.0116,10.1052,P011_Barbell_Back_Squats_Inclination_Asymmetry_2_06 (1).csv,8
11,10,1,3,2,29.093,29093,0.02,9.06,-0.07,9.0603,-0.0131,0.0065,-0.0229,-2.38,90.0,76.25,0.1027,9.9669,0.0009,9.9675,P011_Barbell_Back_Squats_Inclination_Asymmetry_2_06 (1).csv,8
11,10,1,3,2,29.224,29224,0.07,8.86,0.04,8.8604,-0.0087,0.0076,0.18,-2.88,90.06,76.69,0.0984,9.8211,0.006,9.8216,P011_Barbell_Back_Squats_Inclination_Asymmetry_2_06 (1).csv,8
11,10,1,3,2,29.354,29354,1.05,9.08,-0.15,9.1417,0.0098,-0.0153,0.6796,-6.56,90.06,80.31,0.2238,9.7234,-0.0145,9.726,P011_Barbell_Back_Squats_Inclination_Asymmetry_2_06 (1).csv,8
11,10,1,3,2,29.484,29484,1.6,8.73,-0.14,8.8765,0.0087,-0.0338,0.6534,-11.38,90.0,85.06,0.4051,9.5925,-0.0311,9.6011,P011_Barbell_Back_Squats_Inclination_Asymmetry_2_06 (1).csv,8
11,10,1,3,2,29.615,29615,2.93,9.06,0.0,9.522,0.012,-0.0207,0.6469,-16.13,89.94,89.5,0.7379,9.5223,-0.027,9.5509,P011_Barbell_Back_Squats_Inclination_Asymmetry_2_06 (1).csv,8
11,10,1,3,2,29.745,29745,3.35,8.56,0.18,9.1939,0.0175,-0.0175,0.1876,-18.88,89.75,91.63,1.0821,9.3955,0.0003,9.4576,P011_Barbell_Back_Squats_Inclination_Asymmetry_2_06 (1).csv,8
11,10,1,3,2,29.876,29876,3.29,8.81,0.54,9.4198,0.0207,-0.0229,0.0535,-19.94,89.38,92.5,1.373,9.3184,0.0714,9.4192,P011_Barbell_Back_Squats_Inclination_Asymmetry_2_06 (1).csv,8
11,10,1,3,2,30.049,30049,3.14,8.64,0.02,9.1929,-0.012,0.012,-0.4003,-20.0,89.25,91.88,1.6059,9.229,0.0646,9.3679,P011_Barbell_Back_Squats_Inclination_Asymmetry_2_06 (1).csv,8
11,10,1,3,2,30.18,30180,3.83,9.15,0.23,9.9219,0.0033,0.0382,-0.0578,-19.63,89.38,91.0,1.8989,9.2186,0.0864,9.4125,P011_Barbell_Back_Squats_Inclination_Asymmetry_2_06 (1).csv,8
11,10,1,3,2,30.31,30310,2.51,9.18,0.14,9.518,0.0,0.036,-0.1669,-17.75,89.44,88.69,1.9795,9.2135,0.0935,9.4242,P011_Barbell_Back_Squats_Inclination_Asymmetry_2_06 (1).csv,8
11,10,1,3,2,30.44,30440,3.39,9.39,0.02,9.9832,-0.0065,0.0305,0.1593,-18.13,89.5,88.63,2.1653,9.2367,0.0838,9.4875,P011_Barbell_Back_Squats_Inclination_Asymmetry_2_06 (1).csv,8
11,10,1,3,2,30.57,30570,2.61,9.01,0.11,9.3811,-0.0055,0.0229,-0.2727,-18.06,89.56,88.38,2.2239,9.2069,0.0873,9.4721,P011_Barbell_Back_Squats_Inclination_Asymmetry_2_06 (1).csv,8
11,10,1,3,2,30.7,30700,2.86,9.31,0.21,9.7417,0.0142,0.0076,-0.0404,-16.81,89.63,87.06,2.3078,9.2205,0.1034,9.5054,P011_Barbell_Back_Squats_Inclination_Asymmetry_2_06 (1).csv,8
11,10,1,3,2,30.83,30830,2.63,8.18,0.13,8.5934,0.0295,-0.0142,-0.1265,-16.0,89.38,86.19,2.3502,9.0834,0.1069,9.3831,P011_Barbell_Back_Squats_Inclination_Asymmetry_2_06 (1).csv,8
11,10,1,3,2,30.96,30960,0.96,8.25,0.0,8.3057,-0.0109,-0.0153,-0.2062,-14.69,89.31,84.88,2.167,8.9735,0.0928,9.232,P011_Barbell_Back_Squats_Inclination_Asymmetry_2_06 (1).csv,8
11,11,1,3,2,31.133,31133,1.91,9.54,-0.02,9.7293,-0.0447,-0.0065,-0.2116,-13.5,89.5,83.75,2.1332,9.0482,0.078,9.2966,P011_Barbell_Back_Squats_Inclination_Asymmetry_2_06 (1).csv,8
11,11,1,3,2,31.263,31263,2.15,9.44,-0.09,9.6822,-0.072,0.0011,0.0175,-13.19,89.88,83.5,2.1354,9.0998,0.0558,9.3472,P011_Barbell_Back_Squats_Inclination_Asymmetry_2_06 (1).csv,8
11,11,1,3,2,31.394,31394,2.16,9.38,-0.1,9.626,-0.0884,0.0218,-0.3338,-12.06,90.44,82.44,2.1386,9.1367,0.0353,9.3838,P011_Barbell_Back_Squats_Inclination_Asymmetry_2_06 (1).csv,8
11,11,1,3,2,31.524,31524,1.52,9.52,-0.22,9.6431,-0.0742,0.0295,-0.408,-9.0,91.0,79.31,2.0571,9.1872,0.0017,9.4147,P011_Barbell_Back_Squats_Inclination_Asymmetry_2_06 (1).csv,8
11,11,1,3,2,31.654,31654,0.82,10.47,-0.37,10.5086,-0.0818,0.0,-0.3545,-6.31,91.63,76.63,1.8941,9.3563,-0.0473,9.5462,P011_Barbell_Back_Squats_Inclination_Asymmetry_2_06 (1).csv,8
11,11,1,3,2,31.784,31784,0.56,10.24,-0.39,10.2627,-0.0578,-0.0065,-0.2705,-4.19,92.19,74.56,1.7183,9.4727,-0.0925,9.6278,P011_Barbell_Back_Squats_Inclination_Asymmetry_2_06 (1).csv,8
11,11,1,3,2,31.914,31914,-0.38,9.62,-0.66,9.6501,-0.0753,0.024,-0.3916,-1.5,92.56,73.06,1.4418,9.4921,-0.1673,9.6025,P011_Barbell_Back_Squats_Inclination_Asymmetry_2_06 (1).csv,8
11,11,1,3,2,32.044,32044,0.4,10.13,-0.53,10.1517,-0.0731,0.012,0.2585,-1.94,93.13,73.63,1.3045,9.5762,-0.2151,9.667,P011_Barbell_Back_Squats_Inclination_Asymmetry_2_06 (1).csv,8
11,11,1,3,2,32.217,32217,0.28,10.73,-0.72,10.7578,-0.0262,0.0022,-0.3491,-1.5,93.56,73.25,1.1695,9.7282,-0.2816,9.8023,P011_Barbell_Back_Squats_Inclination_Asymmetry_2_06 (1).csv,8
11,11,1,3,2,32.348,32348,-0.39,11.15,-0.63,11.1746,0.0393,-0.0425,-0.0393,0.69,93.5,71.56,0.964,9.9156,-0.3275,9.9677,P011_Barbell_Back_Squats_Inclination_Asymmetry_2_06 (1).csv,8
11,11,1,3,2,32.478,32478,-0.02,11.26,-0.57,11.2744,0.0731,-0.0338,0.12,0.25,93.06,72.69,0.8343,10.0927,-0.3595,10.1335,P011_Barbell_Back_Squats_Inclination_Asymmetry_2_06 (1).csv,8
11,11,1,3,2,32.608,32608,-0.44,10.72,-0.24,10.7317,0.1167,-0.0142,-0.0273,0.25,92.44,73.13,0.6664,10.1754,-0.3437,10.203,P011_Barbell_Back_Squats_Inclination_Asymmetry_2_06 (1).csv,8
11,11,1,3,2,32.738,32738,-0.37,10.41,-0.36,10.4228,0.1189,0.0371,0.0665,0.44,91.56,73.06,0.5298,10.2063,-0.3459,10.2259,P011_Barbell_Back_Squats_Inclination_Asymmetry_2_06 (1).csv,8
11,11,1,3,2,32.868,32868,-1.02,9.79,-0.13,9.8439,0.0993,0.0349,-0.4843,1.81,90.81,71.56,0.3256,10.1515,-0.3174,10.1616,P011_Barbell_Back_Squats_Inclination_Asymmetry_2_06 (1).csv,9
11,11,1,3,2,32.998,32998,-0.78,10.0,-0.37,10.0372,0.0589,0.0153,0.6316,2.0,90.13,71.75,0.1799,10.1315,-0.3243,10.1383,P011_Barbell_Back_Squats_Inclination_Asymmetry_2_06 (1).csv,9
11,11,1,3,2,33.128,33128,0.24,8.31,0.17,8.3152,0.0785,-0.0447,0.9447,-4.0,89.56,78.0,0.1878,9.8915,-0.2592,9.8966,P011_Barbell_Back_Squats_Inclination_Asymmetry_2_06 (1).csv,9
11,11,1,3,2,33.301,33301,3.07,8.33,0.21,8.8802,0.0295,-0.0567,0.9654,-13.75,89.13,87.81,0.5676,9.6857,-0.1974,9.7043,P011_Barbell_Back_Squats_Inclination_Asymmetry_2_06 (1).csv,9
11,11,1,3,2,33.431,33431,2.64,7.93,0.14,8.3591,0.0011,-0.0469,0.2214,-16.94,88.94,91.0,0.8407,9.4544,-0.1529,9.4929,P011_Barbell_Back_Squats_Inclination_Asymmetry_2_06 (1).csv,9
11,11,1,3,2,33.562,33562,3.35,7.99,0.03,8.6639,-0.0382,-0.0273,0.4396,-19.0,89.0,92.63,1.1714,9.2614,-0.1288,9.3361,P011_Barbell_Back_Squats_Inclination_Asymmetry_2_06 (1).csv,9
11,11,1,3,2,33.693,33693,3.59,8.94,0.28,9.638,-0.1025,0.0,0.3098,-20.88,89.5,94.0,1.4901,9.219,-0.0749,9.339,P011_Barbell_Back_Squats_Inclination_Asymmetry_2_06 (1).csv,9
11,11,1,3,2,33.823,33823,3.74,8.77,0.15,9.5354,-0.0709,0.0065,0.2716,-23.06,90.06,95.69,1.7866,9.1599,-0.0453,9.3326,P011_Barbell_Back_Squats_Inclination_Asymmetry_2_06 (1).csv,9
11,11,1,3,2,33.953,33953,4.55,9.25,0.3,10.3129,-0.0207,0.0207,0.3218,-25.25,90.44,97.19,2.1507,9.1717,0.0002,9.4205,P011_Barbell_Back_Squats_Inclination_Asymmetry_2_06 (1).csv,9
11,11,1,3,2,34.083,34083,4.4,8.88,0.07,9.9106,0.0175,0.0436,-0.0665,-26.13,90.44,97.44,2.4471,9.1333,0.0094,9.4555,P011_Barbell_Back_Squats_Inclination_Asymmetry_2_06 (1).csv,9
11,11,1,3,2,34.213,34213,4.27,8.64,-0.07,9.6378,0.0229,0.0524,-0.1254,-25.25,90.44,95.56,2.6873,9.0683,-0.0011,9.4581,P011_Barbell_Back_Squats_Inclination_Asymmetry_2_06 (1).csv,9
11,11,1,3,2,34.386,34386,3.93,8.48,0.04,9.3465,-0.0033,0.0524,-0.3076,-23.25,90.56,92.81,2.8511,8.9908,0.0043,9.432,P011_Barbell_Back_Squats_Inclination_Asymmetry_2_06 (1).csv,9
11,11,1,3,2,34.517,34517,3.17,8.71,-0.06,9.2691,-0.0131,0.0425,-0.2214,-21.13,90.75,90.31,2.8931,8.9538,-0.0041,9.4096,P011_Barbell_Back_Squats_Inclination_Asymmetry_2_06 (1).csv,9
11,11,1,3,2,34.647,34647,2.58,7.77,-0.1,8.1878,-0.0153,0.0458,-0.3392,-19.81,91.0,88.69,2.8518,8.7978,-0.0168,9.2485,P011_Barbell_Back_Squats_Inclination_Asymmetry_2_06 (1).csv,9
11,11,1,3,2,34.778,34778,2.48,8.77,-0.18,9.1157,-0.0218,0.0491,-0.1418,-18.13,91.19,86.56,2.8028,8.7941,-0.0383,9.2301,P011_Barbell_Back_Squats_Inclination_Asymmetry_2_06 (1).csv,9
11,12,1,3,2,34.908,34908,2.66,8.82,-0.08,9.2127,0.0033,0.0654,-0.372,-16.25,91.31,84.44,2.784,8.7975,-0.0438,9.2276,P011_Barbell_Back_Squats_Inclination_Asymmetry_2_06 (1).csv,9
11,12,1,3,2,35.039,35039,1.83,9.55,-0.28,9.7278,-0.0262,0.0502,-0.2716,-13.38,91.56,81.19,2.6583,8.8967,-0.0749,9.2856,P011_Barbell_Back_Squats_Inclination_Asymmetry_2_06 (1).csv,9
11,12,1,3,2,35.169,35169,2.26,9.64,-0.32,9.9065,-0.0327,0.0316,-0.1004,-12.75,91.88,80.38,2.6058,8.9946,-0.1072,9.3651,P011_Barbell_Back_Squats_Inclination_Asymmetry_2_06 (1).csv,9
11,12,1,3,2,35.299,35299,1.54,9.43,-0.64,9.5763,-0.0436,0.0327,-0.3545,-10.88,92.19,78.31,2.4654,9.052,-0.1774,9.3834,P011_Barbell_Back_Squats_Inclination_Asymmetry_2_06 (1).csv,9
11,12,1,3,2,35.472,35472,1.5,9.83,-0.4,9.9518,-0.0393,0.0218,-0.2727,-8.44,92.75,75.69,2.3382,9.1545,-0.2067,9.4507,P011_Barbell_Back_Squats_Inclination_Asymmetry_2_06 (1).csv,9
11,12,1,3,2,35.603,35603,0.48,9.49,-0.52,9.5163,-0.0382,0.0131,-0.3272,-6.0,93.06,73.19,2.0933,9.1987,-0.248,9.4372,P011_Barbell_Back_Squats_Inclination_Asymmetry_2_06 (1).csv,9
11,12,1,3,2,35.737,35737,0.82,10.87,-0.8,10.9302,-0.0262,0.0382,0.1178,-5.44,93.31,72.5,1.9255,9.419,-0.3208,9.6191,P011_Barbell_Back_Squats_Inclination_Asymmetry_2_06 (1).csv,9
11,12,1,3,2,35.867,35867,0.93,10.23,-0.71,10.2967,-0.0469,0.0229,-0.2378,-4.81,93.5,71.63,1.7943,9.5258,-0.372,9.7005,P011_Barbell_Back_Squats_Inclination_Asymmetry_2_06 (1).csv,9
11,12,1,3,2,35.998,35998,0.68,9.85,0.01,9.8734,-0.0447,0.0295,-1.1934,-1.44,93.69,68.25,1.6475,9.5686,-0.3217,9.7147,P011_Barbell_Back_Squats_Inclination_Asymmetry_2_06 (1).csv,9
11,12,1,3,2,36.129,36129,-1.46,11.31,-0.97,11.445,0.0185,-0.132,-0.9425,6.06,93.75,62.69,1.238,9.798,-0.4071,9.8843,P011_Barbell_Back_Squats_Inclination_Asymmetry_2_06 (1).csv,9
11,12,1,3,2,36.259,36259,-1.04,11.57,-0.83,11.6463,0.0196,-0.0513,0.5607,5.31,93.75,65.38,0.9378,10.0315,-0.4629,10.0859,P011_Barbell_Back_Squats_Inclination_Asymmetry_2_06 (1).csv,9
11,12,1,3,2,36.389,36389,0.04,10.19,-0.61,10.2083,0.0578,0.0055,0.3818,2.06,93.31,69.13,0.8195,10.0524,-0.4822,10.0973,P011_Barbell_Back_Squats_Inclination_Asymmetry_2_06 (1).csv,9
11,12,1,3,2,36.562,36562,-0.3,10.62,-0.66,10.6447,0.0873,-0.0415,0.0938,1.38,92.56,70.81,0.672,10.1272,-0.5057,10.1621,P011_Barbell_Back_Squats_Inclination_Asymmetry_2_06 (1).csv,9
11,12,1,3,2,36.693,36693,0.14,9.56,-0.27,9.5648,0.0774,-0.0251,0.348,0.13,91.94,72.63,0.6019,10.0525,-0.4746,10.0816,P011_Barbell_Back_Squats_Inclination_Asymmetry_2_06 (1).csv,10
11,12,1,3,2,36.824,36824,0.27,8.8,-0.34,8.8107,0.0524,-0.0098,0.5443,-2.88,91.44,76.0,0.5582,9.8874,-0.4569,9.9137,P011_Barbell_Back_Squats_Inclination_Asymmetry_2_06 (1).csv,10
11,12,1,3,2,36.955,36955,0.91,8.28,-0.32,8.336,0.0371,-0.012,0.2225,-5.94,91.06,79.06,0.6045,9.6756,-0.4388,9.7044,P011_Barbell_Back_Squats_Inclination_Asymmetry_2_06 (1).csv,10
11,12,1,3,2,37.085,37085,0.82,8.09,-0.18,8.1334,0.0502,-0.0065,0.3371,-7.19,90.81,80.19,0.6329,9.4667,-0.4047,9.4964,P011_Barbell_Back_Squats_Inclination_Asymmetry_2_06 (1).csv,10
11,12,1,3,2,37.216,37216,1.34,8.89,-0.15,8.9917,0.0349,-0.0044,0.5705,-10.88,90.5,83.75,0.7261,9.3907,-0.3712,9.426,P011_Barbell_Back_Squats_Inclination_Asymmetry_2_06 (1).csv,10
11,12,1,3,2,37.346,37346,3.33,9.04,0.04,9.6339,0.0425,0.0087,0.6796,-15.56,90.25,87.88,1.0692,9.3445,-0.317,9.4108,P011_Barbell_Back_Squats_Inclination_Asymmetry_2_06 (1).csv,10
11,13,1,3,2,37.477,37477,3.02,8.69,0.11,9.2005,-0.0131,0.0218,0.1625,-18.0,90.13,89.69,1.3263,9.2582,-0.2607,9.3564,P011_Barbell_Back_Squats_Inclination_Asymmetry_2_06 (1).csv,10
11,13,1,3,2,37.654,37654,3.85,9.32,-0.04,10.084,-0.0513,0.0087,-0.0382,-19.31,90.38,90.13,1.6588,9.2664,-0.2316,9.4165,P011_Barbell_Back_Squats_Inclination_Asymmetry_2_06 (1).csv,10
11,13,1,3,2,37.784,37784,3.51,9.13,-0.1,9.782,-0.0305,0.0022,-0.096,-19.13,90.63,89.56,1.9028,9.2484,-0.2143,9.4445,P011_Barbell_Back_Squats_Inclination_Asymmetry_2_06 (1).csv,10
11,13,1,3,2,37.915,37915,2.75,9.05,-0.17,9.4601,-0.0196,0.0087,0.0415,-18.63,90.81,88.94,2.0144,9.2223,-0.2085,9.442,P011_Barbell_Back_Squats_Inclination_Asymmetry_2_06 (1).csv,10
11,13,1,3,2,38.045,38045,3.35,9.13,-0.2,9.7273,-0.0284,0.0087,0.0513,-19.06,91.0,89.31,2.1904,9.2101,-0.2073,9.4693,P011_Barbell_Back_Squats_Inclination_Asymmetry_2_06 (1).csv,10
11,13,1,3,2,38.176,38176,3.4,9.36,-0.09,9.9588,-0.0153,-0.0022,0.1396,-19.63,91.19,89.63,2.3498,9.2298,-0.1919,9.5262,P011_Barbell_Back_Squats_Inclination_Asymmetry_2_06 (1).csv,10
11,13,1,3,2,38.307,38307,3.16,9.17,-0.08,9.6995,0.0033,0.0087,-0.1124,-19.56,91.25,89.44,2.4566,9.222,-0.1771,9.5452,P011_Barbell_Back_Squats_Inclination_Asymmetry_2_06 (1).csv,10
11,13,1,3,2,38.437,38437,2.95,9.13,-0.3,9.5994,0.0098,-0.0273,-0.2313,-18.25,91.19,87.88,2.5216,9.2098,-0.1933,9.5508,P011_Barbell_Back_Squats_Inclination_Asymmetry_2_06 (1).csv,10
11,13,1,3,2,38.567,38567,0.41,9.24,-1.22,9.3292,-0.0556,-0.0295,-0.0316,-17.19,91.06,87.13,2.2433,9.2138,-0.3286,9.4887,P011_Barbell_Back_Squats_Inclination_Asymmetry_2_06 (1).csv,10
11,13,1,3,2,38.74,38740,2.36,8.53,0.45,8.8619,-0.0567,0.0338,-0.2214,-17.94,92.06,87.81,2.2587,9.1237,-0.226,9.4019,P011_Barbell_Back_Squats_Inclination_Asymmetry_2_06 (1).csv,10
11,13,1,3,2,38.871,38871,1.59,7.85,-0.44,8.0215,-0.0327,0.0273,-0.5629,-15.69,92.38,85.44,2.1706,8.9559,-0.2542,9.2187,P011_Barbell_Back_Squats_Inclination_Asymmetry_2_06 (1).csv,10
11,14,1,3,2,39.001,39001,1.91,9.72,-0.66,9.9278,-0.0087,0.0644,-0.2858,-12.81,92.44,82.25,2.1363,9.0566,-0.3077,9.3102,P011_Barbell_Back_Squats_Inclination_Asymmetry_2_06 (1).csv,10
11,14,1,3,2,39.131,39131,1.72,9.44,-0.48,9.6074,0.0535,0.0818,-0.2356,-11.19,92.25,80.06,2.0814,9.1071,-0.3304,9.3477,P011_Barbell_Back_Squats_Inclination_Asymmetry_2_06 (1).csv,10
11,14,1,3,2,39.261,39261,1.68,9.93,-0.26,10.0745,0.0796,0.0698,-0.0764,-10.44,91.88,78.63,2.0285,9.2155,-0.3211,9.4416,P011_Barbell_Back_Squats_Inclination_Asymmetry_2_06 (1).csv,10
11,14,1,3,2,39.391,39391,1.87,9.56,-0.17,9.7427,0.0436,0.0622,-0.1396,-10.06,91.56,77.69,2.0076,9.2609,-0.3012,9.4808,P011_Barbell_Back_Squats_Inclination_Asymmetry_2_06 (1).csv,10
11,14,1,3,2,39.521,39521,1.16,9.73,-0.25,9.8021,0.0055,0.0535,-0.2553,-7.94,91.44,75.13,1.8959,9.3227,-0.2945,9.5181,P011_Barbell_Back_Squats_Inclination_Asymmetry_2_06 (1).csv,10
11,14,1,3,2,39.651,39651,1.23,10.11,-0.32,10.1896,-0.0153,0.0338,-0.0524,-7.5,91.56,74.38,1.8082,9.4265,-0.2978,9.6029,P011_Barbell_Back_Squats_Inclination_Asymmetry_2_06 (1).csv,10
11,14,1,3,2,39.824,39824,0.99,10.1,-0.35,10.1544,-0.0469,-0.0087,-0.1342,-5.75,92.0,72.63,1.7004,9.5152,-0.3047,9.6708,P011_Barbell_Back_Squats_Inclination_Asymmetry_2_06 (1).csv,10
11,14,1,3,2,39.954,39954,0.99,10.24,-0.56,10.303,-0.024,-0.0676,-0.0971,-5.06,92.19,72.19,1.6068,9.6107,-0.3383,9.75,P011_Barbell_Back_Squats_Inclination_Asymmetry_2_06 (1).csv,10
11,14,1,3,2,40.084,40084,-0.12,10.01,-0.43,10.02,-0.0196,-0.1342,-0.4887,-2.81,92.31,70.75,1.3792,9.6633,-0.3504,9.7676,P011_Barbell_Back_Squats_Inclination_Asymmetry_2_06 (1).csv,10
11,14,1,3,2,40.214,40214,-0.39,10.53,-0.13,10.538,-0.0185,-0.1396,-0.0382,-1.25,92.31,70.63,1.1461,9.7775,-0.3214,9.8497,P011_Barbell_Back_Squats_Inclination_Asymmetry_2_06 (1).csv,10
11,14,1,3,2,40.344,40344,0.26,11.07,-0.73,11.0971,-0.0218,-0.1309,-0.024,-2.25,92.31,73.75,1.0293,9.9479,-0.3752,10.008,P011_Barbell_Back_Squats_Inclination_Asymmetry_2_06 (1).csv,10
11,14,1,3,2,40.474,40474,-0.33,11.53,-0.45,11.5435,0.0065,-0.0611,-0.0894,-1.13,92.38,73.81,0.8502,10.1563,-0.3851,10.1991,P011_Barbell_Back_Squats_Inclination_Asymmetry_2_06 (1).csv,10
11,14,1,3,2,40.605,40605,-0.03,10.91,-0.43,10.9185,0.0251,0.0011,0.2869,-2.0,92.31,75.31,0.7342,10.2557,-0.391,10.2893,P011_Barbell_Back_Squats_Inclination_Asymmetry_2_06 (1).csv,10
11,14,1,3,2,40.735,40735,0.3,10.24,-0.31,10.2491,0.0327,0.0327,0.2705,-4.06,92.13,77.56,0.677,10.2536,-0.3803,10.283,P011_Barbell_Back_Squats_Inclination_Asymmetry_2_06 (1).csv,10
11,14,1,3,2,40.908,40908,1.5,9.8,-0.05,9.9143,0.0404,0.0142,0.3458,-7.13,91.75,80.44,0.7854,10.1938,-0.3368,10.2296,P011_Barbell_Back_Squats_Inclination_Asymmetry_2_06 (1).csv,10
11,14,1,3,2,41.039,41039,1.39,9.2,-0.27,9.3083,0.0175,-0.0262,-0.2443,-7.25,91.56,80.69,0.8651,10.0629,-0.328,10.1053,P011_Barbell_Back_Squats_Inclination_Asymmetry_2_06 (1).csv,10
11,14,1,3,2,41.169,41169,-0.22,8.71,-0.63,8.7355,0.0502,-0.0698,-0.1604,-5.25,91.25,79.0,0.7221,9.8846,-0.3678,9.9178,P011_Barbell_Back_Squats_Inclination_Asymmetry_2_06 (1).csv,10
11,14,1,3,2,41.299,41299,0.74,7.07,-0.63,7.1365,0.0382,-0.0665,0.4156,-7.56,90.94,81.81,0.7245,9.5137,-0.4023,9.5497,P011_Barbell_Back_Squats_Inclination_Asymmetry_2_06 (1).csv,10
11,14,1,3,2,41.429,41429,0.77,9.1,-0.49,9.1457,-0.0153,-0.0164,0.9621,-11.5,90.81,85.94,0.7305,9.4592,-0.4139,9.4964,P011_Barbell_Back_Squats_Inclination_Asymmetry_2_06 (1).csv,10
11,14,1,3,2,41.559,41559,2.73,8.63,0.21,9.0539,-0.0535,0.024,0.1429,-18.81,91.06,92.75,0.994,9.3499,-0.3317,9.4085,P011_Barbell_Back_Squats_Inclination_Asymmetry_2_06 (1).csv,10
11,2,1,3,2,1.214,1214,-2.86,9.14,1.69,9.725,-0.0022,0.0284,0.1309,20.5,80.56,55.88,-2.9894,8.8189,1.5773,9.4444,P011_Barbell_Back_Squats_Inclination_Asymmetry_2_06 (2).csv,1
11,2,1,3,2,1.345,1345,-2.55,8.77,1.22,9.2143,0.024,0.0044,-0.4036,20.94,80.31,55.31,-2.9315,8.8124,1.5302,9.4124,P011_Barbell_Back_Squats_Inclination_Asymmetry_2_06 (2).csv,1
11,2,1,3,2,1.475,1475,-4.14,8.5,1.57,9.5841,-0.0567,-0.0993,-0.384,25.06,80.5,51.44,-3.0907,8.7713,1.5355,9.4258,P011_Barbell_Back_Squats_Inclination_Asymmetry_2_06 (2).csv,1
11,2,1,3,2,1.648,1648,-5.24,9.22,1.07,10.6588,-0.1025,-0.024,-0.3774,27.5,81.63,49.31,-3.3739,8.8304,1.4741,9.5673,P011_Barbell_Back_Squats_Inclination_Asymmetry_2_06 (2).csv,1
11,2,1,3,2,1.779,1779,-6.45,8.57,1.31,10.8057,0.0087,0.0371,-0.3916,31.0,81.56,45.5,-3.7793,8.7961,1.4525,9.6832,P011_Barbell_Back_Squats_Inclination_Asymmetry_2_06 (2).csv,1
11,2,1,3,2,1.91,1910,-4.69,8.41,1.17,9.7002,-0.0109,0.0295,0.2073,30.94,81.31,45.31,-3.8993,8.7452,1.4153,9.6792,P011_Barbell_Back_Squats_Inclination_Asymmetry_2_06 (2).csv,1
11,2,1,3,2,2.04,2040,-5.75,9.2,1.4,10.939,0.06,-0.036,-0.2705,31.31,81.38,45.0,-4.1432,8.8051,1.4133,9.8333,P011_Barbell_Back_Squats_Inclination_Asymmetry_2_06 (2).csv,1
11,2,1,3,2,2.171,2171,-6.39,8.32,1.49,10.596,0.1134,0.0785,-0.2149,33.44,80.31,43.06,-4.4392,8.7412,1.4234,9.9066,P011_Barbell_Back_Squats_Inclination_Asymmetry_2_06 (2).csv,1
11,2,1,3,2,2.301,2301,-6.52,8.56,1.44,10.8562,-0.0404,0.0251,0.0425,34.19,80.0,42.06,-4.7134,8.7173,1.4256,10.012,P011_Barbell_Back_Squats_Inclination_Asymmetry_2_06 (2).csv,1
11,2,1,3,2,2.434,2434,-4.54,7.68,1.28,9.0129,0.024,0.0033,0.1942,32.75,80.19,43.44,-4.6906,8.5806,1.4064,9.8796,P011_Barbell_Back_Squats_Inclination_Asymmetry_2_06 (2).csv,1
11,2,1,3,2,2.565,2565,-4.88,8.87,1.26,10.2019,0.0207,-0.0185,0.06,31.81,80.19,44.5,-4.7155,8.6188,1.3871,9.9219,P011_Barbell_Back_Squats_Inclination_Asymmetry_2_06 (2).csv,1
11,2,1,3,2,2.74,2740,-5.48,8.24,1.59,10.0228,0.0513,-0.0502,-0.1244,33.13,80.0,43.75,-4.8163,8.5689,1.4138,9.9308,P011_Barbell_Back_Squats_Inclination_Asymmetry_2_06 (2).csv,1
11,2,1,3,2,2.87,2870,-5.48,8.13,1.55,9.9262,-0.0065,-0.0447,-0.1004,33.69,80.0,43.63,-4.9037,8.511,1.4318,9.9264,P011_Barbell_Back_Squats_Inclination_Asymmetry_2_06 (2).csv,1
11,2,1,3,2,3.001,3001,-5.55,8.32,1.35,10.0919,-0.0273,-0.048,-0.1091,34.5,80.19,42.94,-4.9889,8.4859,1.421,9.9458,P011_Barbell_Back_Squats_Inclination_Asymmetry_2_06 (2).csv,1
11,2,1,3,2,3.131,3131,-6.11,8.51,1.54,10.5889,-0.0011,-0.0796,-0.0175,35.06,80.5,42.81,-5.1366,8.489,1.4367,10.0256,P011_Barbell_Back_Squats_Inclination_Asymmetry_2_06 (2).csv,1
11,2,1,3,2,3.262,3262,-6.51,8.72,1.29,10.9582,-0.0229,-0.0687,0.1887,34.56,81.13,43.81,-5.3176,8.5195,1.4174,10.1423,P011_Barbell_Back_Squats_Inclination_Asymmetry_2_06 (2).csv,1
11,2,1,3,2,3.392,3392,-6.12,8.92,1.1,10.8734,0.0316,0.0273,0.2454,33.38,81.56,45.13,-5.4233,8.5722,1.3755,10.2366,P011_Barbell_Back_Squats_Inclination_Asymmetry_2_06 (2).csv,1
11,2,1,3,2,3.523,3523,-5.12,8.29,1.2,9.8173,0.0742,0.0327,0.3894,31.06,81.06,47.5,-5.3834,8.5351,1.3524,10.1812,P011_Barbell_Back_Squats_Inclination_Asymmetry_2_06 (2).csv,2
11,2,1,3,2,3.653,3653,-4.41,8.15,1.39,9.3703,-0.012,-0.0316,0.2825,28.44,81.19,50.31,-5.2551,8.4843,1.3574,10.0718,P011_Barbell_Back_Squats_Inclination_Asymmetry_2_06 (2).csv,2
11,2,1,3,2,3.826,3826,-3.9,7.46,1.09,8.4882,-0.0044,-0.0338,0.2574,26.44,81.69,52.63,-5.0765,8.3493,1.3221,9.8606,P011_Barbell_Back_Squats_Inclination_Asymmetry_2_06 (2).csv,2
11,2,1,3,2,3.956,3956,-3.34,7.87,0.79,8.5858,0.0894,-0.0098,0.3109,24.19,81.63,55.13,-4.8477,8.2862,1.252,9.6813,P011_Barbell_Back_Squats_Inclination_Asymmetry_2_06 (2).csv,2
11,2,1,3,2,4.086,4086,-3.33,8.65,1.41,9.3755,0.216,0.0251,0.2007,22.31,80.44,57.38,-4.6477,8.3341,1.2728,9.627,P011_Barbell_Back_Squats_Inclination_Asymmetry_2_06 (2).csv,2
11,2,1,3,2,4.216,4216,-3.66,8.08,1.68,9.028,0.1189,0.0545,0.0447,21.94,79.06,57.88,-4.5176,8.3006,1.3265,9.543,P011_Barbell_Back_Squats_Inclination_Asymmetry_2_06 (2).csv,2
11,3,1,3,2,4.346,4346,-3.22,8.35,2.07,9.1856,-0.0305,0.0654,0.1876,20.25,78.75,59.25,-4.3466,8.3071,1.4245,9.4832,P011_Barbell_Back_Squats_Inclination_Asymmetry_2_06 (2).csv,2
11,3,1,3,2,4.476,4476,-3.0,9.05,2.38,9.8268,-0.0513,0.0295,0.2607,19.5,78.94,59.56,-4.1691,8.405,1.5504,9.5095,P011_Barbell_Back_Squats_Inclination_Asymmetry_2_06 (2).csv,2
11,3,1,3,2,4.607,4607,-2.65,8.97,2.27,9.6248,-0.0545,-0.0087,0.1734,17.63,79.38,61.31,-3.9689,8.4795,1.6452,9.5058,P011_Barbell_Back_Squats_Inclination_Asymmetry_2_06 (2).csv,2
11,3,1,3,2,4.737,4737,-2.62,9.02,1.5,9.5118,-0.0545,0.0458,-0.1091,17.25,79.81,61.44,-3.7912,8.5507,1.6261,9.4938,P011_Barbell_Back_Squats_Inclination_Asymmetry_2_06 (2).csv,2
11,3,1,3,2,4.91,4910,-5.7,11.4,1.06,12.7896,-0.1167,-0.0251,-0.0873,20.94,80.19,57.38,-4.0427,8.9262,1.5515,9.921,P011_Barbell_Back_Squats_Inclination_Asymmetry_2_06 (2).csv,2
11,3,1,3,2,5.041,5041,-4.83,9.11,1.93,10.4903,-0.0676,-0.0633,-1.801,19.0,81.19,59.38,-4.1465,8.9504,1.6014,9.9933,P011_Barbell_Back_Squats_Inclination_Asymmetry_2_06 (2).csv,2
11,3,1,3,2,5.172,5172,-5.14,7.66,3.73,9.9503,0.1724,0.0011,0.7014,21.63,81.63,56.75,-4.2774,8.7804,1.8819,9.9465,P011_Barbell_Back_Squats_Inclination_Asymmetry_2_06 (2).csv,2
11,3,1,3,2,5.302,5302,-1.94,9.34,0.45,9.55,-0.0513,0.1364,-0.1254,20.0,81.75,57.81,-3.9694,8.8541,1.6932,9.8498,P011_Barbell_Back_Squats_Inclination_Asymmetry_2_06 (2).csv,2
11,3,1,3,2,5.433,5433,-2.4,8.22,1.5,8.6936,0.0382,0.0665,-0.2716,20.94,81.38,56.19,-3.7626,8.7705,1.6677,9.6882,P011_Barbell_Back_Squats_Inclination_Asymmetry_2_06 (2).csv,2
11,3,1,3,2,5.563,5563,-3.05,7.57,1.14,8.2406,0.0065,0.0305,-0.6883,24.0,81.0,52.75,-3.6687,8.6123,1.5982,9.4966,P011_Barbell_Back_Squats_Inclination_Asymmetry_2_06 (2).csv,2
11,3,1,3,2,5.694,5694,-4.49,7.9,1.35,9.1865,0.0589,-0.0109,-0.6632,29.63,80.31,47.06,-3.7769,8.5185,1.5655,9.4488,P011_Barbell_Back_Squats_Inclination_Asymmetry_2_06 (2).csv,2
11,4,1,3,2,5.825,5825,-5.55,7.63,1.17,9.5073,0.1091,-0.0829,-0.2782,32.63,79.63,44.63,-4.0106,8.4014,1.5134,9.4318,P011_Barbell_Back_Squats_Inclination_Asymmetry_2_06 (2).csv,2
11,4,1,3,2,6.002,6002,-5.11,7.77,1.81,9.4742,0.0218,-0.0818,-0.1156,31.44,79.25,47.13,-4.1554,8.3182,1.5525,9.4271,P011_Barbell_Back_Squats_Inclination_Asymmetry_2_06 (2).csv,2
11,4,1,3,2,6.132,6132,-5.82,7.82,1.56,9.8721,-0.0415,-0.0415,-0.1145,33.56,79.44,45.25,-4.3748,8.2525,1.5534,9.4687,P011_Barbell_Back_Squats_Inclination_Asymmetry_2_06 (2).csv,2
11,4,1,3,2,6.278,6278,-6.58,8.29,1.04,10.6349,-0.0065,-0.0229,0.0185,34.0,79.88,44.94,-4.6654,8.2575,1.4858,9.6,P011_Barbell_Back_Squats_Inclination_Asymmetry_2_06 (2).csv,2
11,4,1,3,2,6.413,6413,-4.87,8.71,1.26,10.0583,-0.0545,0.0109,0.2705,30.81,80.25,48.06,-4.6923,8.3171,1.456,9.6598,P011_Barbell_Back_Squats_Inclination_Asymmetry_2_06 (2).csv,2
11,4,1,3,2,6.544,6544,-4.96,8.98,1.35,10.3472,-0.0229,-0.048,-0.1734,31.63,80.63,47.31,-4.7276,8.4045,1.4421,9.7501,P011_Barbell_Back_Squats_Inclination_Asymmetry_2_06 (2).csv,2
11,4,1,3,2,6.675,6675,-5.4,7.23,1.25,9.1102,-0.0305,-0.0404,-0.4723,34.5,80.56,44.69,-4.8162,8.2497,1.4168,9.6572,P011_Barbell_Back_Squats_Inclination_Asymmetry_2_06 (2).csv,2
11,4,1,3,2,6.805,6805,-6.21,8.7,1.66,10.8171,-0.0033,-0.0425,0.2465,35.5,80.88,43.88,-4.9999,8.309,1.4488,9.805,P011_Barbell_Back_Squats_Inclination_Asymmetry_2_06 (2).csv,2
11,4,1,3,2,6.935,6935,-5.67,8.14,1.24,9.9973,0.0524,-0.0011,0.0513,34.38,80.81,45.25,-5.0882,8.2868,1.4213,9.8275,P011_Barbell_Back_Squats_Inclination_Asymmetry_2_06 (2).csv,2
11,4,1,3,2,7.108,7108,-5.38,8.43,1.3,10.0846,0.0807,0.0055,0.0556,34.06,80.63,45.75,-5.1266,8.3056,1.4053,9.8611,P011_Barbell_Back_Squats_Inclination_Asymmetry_2_06 (2).csv,2
11,4,1,3,2,7.238,7238,-5.26,7.44,1.11,9.179,0.0273,0.0316,-0.1909,34.38,79.88,45.5,-5.1442,8.1916,1.3664,9.7689,P011_Barbell_Back_Squats_Inclination_Asymmetry_2_06 (2).csv,2
11,4,1,3,2,7.368,7368,-5.73,8.38,1.48,10.259,0.0022,0.0153,-0.0556,34.88,79.69,44.88,-5.2214,8.2164,1.3814,9.8326,P011_Barbell_Back_Squats_Inclination_Asymmetry_2_06 (2).csv,2
11,4,1,3,2,7.498,7498,-5.77,8.77,1.47,10.6003,0.0251,0.0065,0.0764,34.75,79.56,44.94,-5.2937,8.2893,1.393,9.9336,P011_Barbell_Back_Squats_Inclination_Asymmetry_2_06 (2).csv,2
11,4,1,3,2,7.629,7629,-5.76,8.56,1.61,10.4424,0.0807,-0.0262,-0.3643,35.19,79.13,44.75,-5.3551,8.325,1.4216,10.0002,P011_Barbell_Back_Squats_Inclination_Asymmetry_2_06 (2).csv,2
11,4,1,3,2,7.759,7759,-6.17,7.62,1.42,9.9071,0.0633,-0.0142,-0.0469,36.69,78.44,43.69,-5.4625,8.2321,1.4214,9.9813,P011_Barbell_Back_Squats_Inclination_Asymmetry_2_06 (2).csv,2
11,4,1,3,2,7.889,7889,-6.46,8.04,1.91,10.4891,0.0469,0.0055,-0.1025,37.0,78.13,43.63,-5.594,8.2068,1.4858,10.0425,P011_Barbell_Back_Squats_Inclination_Asymmetry_2_06 (2).csv,2
11,4,1,3,2,8.02,8020,-6.14,7.31,1.63,9.6847,-0.0469,-0.0382,0.0273,37.06,78.06,43.69,-5.6659,8.0886,1.5048,9.9896,P011_Barbell_Back_Squats_Inclination_Asymmetry_2_06 (2).csv,3
11,4,1,3,2,8.192,8192,-5.19,8.85,1.43,10.3587,-0.0938,-0.0764,0.625,34.19,79.88,46.81,-5.6032,8.189,1.4949,10.0344,P011_Barbell_Back_Squats_Inclination_Asymmetry_2_06 (2).csv,3
11,4,1,3,2,8.322,8322,-4.74,7.98,1.28,9.3694,0.0044,-0.0753,0.2334,31.44,80.81,49.88,-5.4895,8.1614,1.4666,9.9445,P011_Barbell_Back_Squats_Inclination_Asymmetry_2_06 (2).csv,3
11,4,1,3,2,8.452,8452,-4.71,7.94,1.25,9.3161,-0.0415,-0.072,0.3556,29.75,81.5,52.06,-5.3867,8.1322,1.4381,9.8599,P011_Barbell_Back_Squats_Inclination_Asymmetry_2_06 (2).csv,3
11,4,1,3,2,8.583,8583,-4.51,8.59,1.11,9.7653,-0.0567,-0.024,0.3371,27.13,82.25,54.88,-5.2712,8.1926,1.3948,9.8412,P011_Barbell_Back_Squats_Inclination_Asymmetry_2_06 (2).csv,3
11,4,1,3,2,8.713,8713,-4.9,8.2,0.82,9.5876,-0.0382,0.0687,0.2509,25.25,82.63,56.44,-5.2223,8.1935,1.3191,9.8054,P011_Barbell_Back_Squats_Inclination_Asymmetry_2_06 (2).csv,3
11,4,1,3,2,8.843,8843,-3.42,7.95,0.78,8.6895,-0.0851,0.1745,0.6218,22.63,83.0,58.19,-4.9848,8.1614,1.2481,9.6444,P011_Barbell_Back_Squats_Inclination_Asymmetry_2_06 (2).csv,3
11,4,1,3,2,8.973,8973,-1.79,8.43,1.01,8.6769,-0.0349,0.1134,0.1156,20.06,83.13,59.5,-4.5638,8.1968,1.2167,9.4603,P011_Barbell_Back_Squats_Inclination_Asymmetry_2_06 (2).csv,3
11,4,1,3,2,9.104,9104,-3.05,9.27,1.24,9.8373,-0.0022,0.0698,0.1451,19.0,83.06,59.94,-4.3643,8.3383,1.2198,9.4901,P011_Barbell_Back_Squats_Inclination_Asymmetry_2_06 (2).csv,3
11,4,1,3,2,9.277,9277,-2.09,9.24,0.99,9.525,0.0295,0.0382,0.4712,16.56,82.63,61.81,-4.0646,8.4571,1.1895,9.4582,P011_Barbell_Back_Squats_Inclination_Asymmetry_2_06 (2).csv,3
11,4,1,3,2,9.408,9408,-2.07,9.44,1.21,9.7397,-0.0305,-0.0131,0.24,14.0,82.75,64.44,-3.8018,8.5866,1.1922,9.466,P011_Barbell_Back_Squats_Inclination_Asymmetry_2_06 (2).csv,3
11,4,1,3,2,9.539,9539,-1.34,9.82,1.22,9.9858,-0.0196,-0.0022,0.1604,12.13,83.06,66.25,-3.4774,8.7491,1.1959,9.4905,P011_Barbell_Back_Squats_Inclination_Asymmetry_2_06 (2).csv,3
11,4,1,3,2,9.669,9669,-1.52,9.88,1.17,10.0645,0.0316,-0.0087,-0.0305,11.0,83.0,67.38,-3.2195,8.8982,1.1924,9.5375,P011_Barbell_Back_Squats_Inclination_Asymmetry_2_06 (2).csv,3
11,4,1,3,2,9.8,9800,-1.51,9.71,1.2,9.8997,0.0535,-0.0164,-0.204,11.19,82.63,67.19,-2.9942,9.0051,1.1934,9.5646,P011_Barbell_Back_Squats_Inclination_Asymmetry_2_06 (2).csv,3
11,4,1,3,2,9.93,9930,-1.79,9.31,1.17,9.5524,0.0545,-0.0338,-0.2891,12.81,82.25,65.75,-2.8355,9.0453,1.1904,9.5538,P011_Barbell_Back_Squats_Inclination_Asymmetry_2_06 (2).csv,3
11,4,1,3,2,10.066,10066,-2.03,8.21,1.28,8.5536,0.0589,-0.0589,-0.6043,15.75,81.88,63.25,-2.7294,8.9352,1.2022,9.4198,P011_Barbell_Back_Squats_Inclination_Asymmetry_2_06 (2).csv,3
11,4,1,3,2,10.196,10196,-3.92,8.82,1.63,9.7885,0.0687,-0.0218,-0.2694,19.94,81.31,59.44,-2.8863,8.9201,1.2585,9.4595,P011_Barbell_Back_Squats_Inclination_Asymmetry_2_06 (2).csv,3
11,4,1,3,2,10.369,10369,-3.27,7.48,1.03,8.2283,0.0665,-0.0284,-0.5934,22.56,80.5,57.06,-2.9368,8.7303,1.2284,9.2926,P011_Barbell_Back_Squats_Inclination_Asymmetry_2_06 (2).csv,3
11,5,1,3,2,10.499,10499,-4.77,8.11,1.67,9.5558,0.0535,-0.0131,-0.1865,25.25,79.88,54.69,-3.1784,8.6486,1.2866,9.3035,P011_Barbell_Back_Squats_Inclination_Asymmetry_2_06 (2).csv,3
11,5,1,3,2,10.629,10629,-3.94,8.36,1.42,9.3504,-0.012,0.0207,-0.1636,25.81,79.63,54.06,-3.2788,8.6105,1.3042,9.3055,P011_Barbell_Back_Squats_Inclination_Asymmetry_2_06 (2).csv,3
11,5,1,3,2,10.76,10760,-5.11,8.51,1.48,10.0361,-0.0905,-0.0131,-0.4669,28.44,79.88,51.25,-3.5201,8.5973,1.3274,9.3843,P011_Barbell_Back_Squats_Inclination_Asymmetry_2_06 (2).csv,3
11,5,1,3,2,10.89,10890,-5.15,8.66,1.43,10.1766,-0.0982,0.0142,-0.168,30.38,80.38,48.94,-3.7348,8.6055,1.3409,9.4764,P011_Barbell_Back_Squats_Inclination_Asymmetry_2_06 (2).csv,3
11,5,1,3,2,11.021,11021,-5.69,8.55,1.39,10.3639,-0.0524,0.0022,-0.1571,32.38,80.75,46.63,-3.9925,8.5982,1.3474,9.5752,P011_Barbell_Back_Squats_Inclination_Asymmetry_2_06 (2).csv,3
11,5,1,3,2,11.151,11151,-5.71,8.43,1.44,10.2831,-0.0229,0.0218,-0.2443,33.25,80.88,45.44,-4.2188,8.5761,1.3596,9.6538,P011_Barbell_Back_Squats_Inclination_Asymmetry_2_06 (2).csv,3
11,5,1,3,2,11.282,11282,-6.19,8.44,1.53,10.5778,-0.0415,0.0371,0.1527,34.0,80.94,44.38,-4.4786,8.5581,1.382,9.7575,P011_Barbell_Back_Squats_Inclination_Asymmetry_2_06 (2).csv,3
11,5,1,3,2,11.454,11454,-5.02,8.44,1.07,9.8782,-0.0327,-0.0447,-0.0349,32.63,81.38,45.63,-4.5499,8.5426,1.3409,9.7711,P011_Barbell_Back_Squats_Inclination_Asymmetry_2_06 (2).csv,3
11,5,1,3,2,11.584,11584,-5.44,8.4,1.07,10.0647,0.0,-0.0644,0.1374,32.44,81.88,46.19,-4.6672,8.5238,1.3052,9.8052,P011_Barbell_Back_Squats_Inclination_Asymmetry_2_06 (2).csv,3
11,5,1,3,2,11.714,11714,-5.59,8.32,0.91,10.0647,-0.0142,-0.0535,-0.0785,32.5,82.25,46.44,-4.7888,8.4969,1.2531,9.8337,P011_Barbell_Back_Squats_Inclination_Asymmetry_2_06 (2).csv,3
11,5,1,3,2,11.844,11844,-5.64,8.12,1.12,9.9498,0.0327,-0.0153,0.0131,32.44,82.44,46.81,-4.901,8.4473,1.2356,9.8439,P011_Barbell_Back_Squats_Inclination_Asymmetry_2_06 (2).csv,3
11,5,1,3,2,11.974,11974,-5.48,8.37,0.99,10.0532,0.0185,0.0153,0.0644,32.19,82.31,47.19,-4.9773,8.4371,1.2032,9.8694,P011_Barbell_Back_Squats_Inclination_Asymmetry_2_06 (2).csv,3
11,5,1,3,2,12.104,12104,-5.37,8.74,1.12,10.3189,0.0076,0.0371,-0.0305,32.06,82.13,47.19,-5.029,8.477,1.1923,9.9283,P011_Barbell_Back_Squats_Inclination_Asymmetry_2_06 (2).csv,3
11,5,1,3,2,12.235,12235,-5.63,8.64,1.11,10.372,0.0076,0.0349,-0.0665,32.63,81.94,46.38,-5.1082,8.4985,1.1814,9.9857,P011_Barbell_Back_Squats_Inclination_Asymmetry_2_06 (2).csv,3
11,5,1,3,2,12.365,12365,-5.62,8.8,1.41,10.5362,0.0665,0.0295,-0.1178,33.0,81.56,45.81,-5.1757,8.5382,1.2115,10.0576,P011_Barbell_Back_Squats_Inclination_Asymmetry_2_06 (2).csv,3
11,5,1,3,2,12.538,12538,-6.01,7.57,1.5,9.7814,0.0894,0.0185,-0.2083,34.38,80.5,44.81,-5.2856,8.4106,1.2496,10.0119,P011_Barbell_Back_Squats_Inclination_Asymmetry_2_06 (2).csv,3
11,5,1,3,2,12.67,12670,-5.82,8.4,1.47,10.3244,-0.0065,-0.024,0.0011,34.0,80.25,45.25,-5.356,8.4092,1.2786,10.0517,P011_Barbell_Back_Squats_Inclination_Asymmetry_2_06 (2).csv,3
11,5,1,3,2,12.801,12801,-6.66,8.26,1.4,10.7025,0.0065,-0.0131,0.144,34.13,80.38,45.25,-5.5279,8.3896,1.2946,10.13,P011_Barbell_Back_Squats_Inclination_Asymmetry_2_06 (2).csv,3
11,5,1,3,2,12.936,12936,-4.43,7.14,1.32,8.5057,-0.0295,-0.0818,0.4996,31.44,80.94,48.25,-5.3832,8.2249,1.2979,9.9153,P011_Barbell_Back_Squats_Inclination_Asymmetry_2_06 (2).csv,4
11,5,1,3,2,13.066,13066,-4.62,8.77,1.18,9.9825,-0.1178,-0.0884,0.5072,28.13,82.19,51.94,-5.2826,8.2967,1.2824,9.919,P011_Barbell_Back_Squats_Inclination_Asymmetry_2_06 (2).csv,4
11,5,1,3,2,13.198,13198,-4.6,9.14,0.81,10.2643,-0.0622,-0.0535,0.4003,24.94,83.5,55.38,-5.1927,8.4079,1.2202,9.9571,P011_Barbell_Back_Squats_Inclination_Asymmetry_2_06 (2).csv,4
11,5,1,3,2,13.329,13329,-3.17,7.82,1.08,8.5069,-0.0076,0.0524,0.4134,21.69,83.75,58.56,-4.9261,8.3304,1.2017,9.7522,P011_Barbell_Back_Squats_Inclination_Asymmetry_2_06 (2).csv,4
11,5,1,3,2,13.459,13459,-2.7,7.74,0.66,8.2239,-0.0393,0.0589,0.144,20.0,83.88,59.69,-4.6328,8.2526,1.1303,9.5313,P011_Barbell_Back_Squats_Inclination_Asymmetry_2_06 (2).csv,4
11,5,1,3,2,13.632,13632,-1.75,9.36,0.98,9.5725,0.0055,0.0327,0.3971,14.94,84.06,64.44,-4.2529,8.3985,1.1105,9.4792,P011_Barbell_Back_Squats_Inclination_Asymmetry_2_06 (2).csv,4
11,5,1,3,2,13.763,13763,-1.73,9.76,0.84,9.9477,0.0109,0.0404,0.2007,13.38,84.0,65.75,-3.9205,8.5779,1.0749,9.4924,P011_Barbell_Back_Squats_Inclination_Asymmetry_2_06 (2).csv,4
11,5,1,3,2,13.893,13893,-1.98,9.57,0.94,9.8178,-0.0011,0.0447,-0.2007,12.63,83.94,66.25,-3.6647,8.7087,1.0571,9.5073,P011_Barbell_Back_Squats_Inclination_Asymmetry_2_06 (2).csv,4
11,5,1,3,2,14.024,14024,-2.51,9.17,1.14,9.5754,-0.0055,0.0316,-0.2313,13.81,84.0,64.69,-3.5126,8.7694,1.068,9.507,P011_Barbell_Back_Squats_Inclination_Asymmetry_2_06 (2).csv,4
11,5,1,3,2,14.155,14155,-2.04,9.7,1.11,9.9742,-0.0185,0.0295,0.1582,13.75,84.06,64.5,-3.3185,8.8921,1.0735,9.5517,P011_Barbell_Back_Squats_Inclination_Asymmetry_2_06 (2).csv,4
11,5,1,3,2,14.285,14285,-2.26,9.38,1.1,9.7109,0.0131,-0.012,-0.0327,14.31,84.06,63.81,-3.179,8.9564,1.077,9.5647,P011_Barbell_Back_Squats_Inclination_Asymmetry_2_06 (2).csv,4
11,5,1,3,2,14.416,14416,-2.2,9.43,0.92,9.7268,0.0196,-0.0425,-0.1713,14.38,84.0,64.0,-3.05,9.0188,1.0563,9.579,P011_Barbell_Back_Squats_Inclination_Asymmetry_2_06 (2).csv,4
11,5,1,3,2,14.546,14546,-2.84,9.26,0.99,9.7362,0.0338,-0.0316,-0.2356,15.56,83.94,63.13,-3.0224,9.0506,1.0476,9.5992,P011_Barbell_Back_Squats_Inclination_Asymmetry_2_06 (2).csv,4
11,5,1,3,2,14.719,14719,-2.55,9.26,0.91,9.6477,0.0415,-0.0087,-0.1429,17.0,83.56,61.81,-2.9601,9.0782,1.0295,9.6039,P011_Barbell_Back_Squats_Inclination_Asymmetry_2_06 (2).csv,4
11,5,1,3,2,14.854,14854,-3.02,8.42,1.1,9.0126,0.0131,-0.0153,-0.4429,19.44,83.25,59.56,-2.968,8.9914,1.0388,9.5254,P011_Barbell_Back_Squats_Inclination_Asymmetry_2_06 (2).csv,4
11,5,1,3,2,14.985,14985,-3.67,7.93,0.77,8.7719,0.0251,-0.0251,-0.4832,22.75,83.13,56.31,-3.0605,8.8516,1.0033,9.4193,P011_Barbell_Back_Squats_Inclination_Asymmetry_2_06 (2).csv,4
11,5,1,3,2,15.115,15115,-4.47,8.59,1.46,9.7929,0.0469,0.0175,-0.0415,25.19,82.81,54.06,-3.2462,8.8171,1.0635,9.4557,P011_Barbell_Back_Squats_Inclination_Asymmetry_2_06 (2).csv,4
11,6,1,3,2,15.246,15246,-3.86,7.81,1.04,8.7737,0.0611,0.0578,-0.4211,26.0,82.06,53.13,-3.3271,8.6844,1.0604,9.3602,P011_Barbell_Back_Squats_Inclination_Asymmetry_2_06 (2).csv,4
11,6,1,3,2,15.376,15376,-4.68,8.52,1.29,9.806,0.0087,0.0458,-0.2891,28.56,81.56,50.25,-3.5054,8.6627,1.0907,9.4085,P011_Barbell_Back_Squats_Inclination_Asymmetry_2_06 (2).csv,4
11,6,1,3,2,15.507,15507,-4.98,8.82,1.02,10.18,0.0338,-0.0022,-0.252,30.38,81.31,48.25,-3.6997,8.6835,1.0814,9.5005,P011_Barbell_Back_Squats_Inclination_Asymmetry_2_06 (2).csv,4
11,6,1,3,2,15.637,15637,-5.52,8.25,1.64,10.0609,0.1244,0.0218,-0.3174,32.13,80.63,46.75,-3.9396,8.6263,1.155,9.5534,P011_Barbell_Back_Squats_Inclination_Asymmetry_2_06 (2).csv,4
11,6,1,3,2,15.81,15810,-6.48,8.06,1.5,10.4501,0.06,0.1102,0.1364,34.81,79.19,43.94,-4.2743,8.5517,1.2004,9.6355,P011_Barbell_Back_Squats_Inclination_Asymmetry_2_06 (2).csv,4
11,6,1,3,2,15.94,15940,-5.13,7.72,1.99,9.4803,0.096,0.1374,-0.1298,34.13,77.94,44.06,-4.3871,8.4421,1.3045,9.603,P011_Barbell_Back_Squats_Inclination_Asymmetry_2_06 (2).csv,4
11,6,1,3,2,16.07,16070,-5.51,7.37,1.82,9.3803,-0.0622,0.048,-0.2193,35.44,77.0,42.13,-4.5351,8.3008,1.3724,9.5579,P011_Barbell_Back_Squats_Inclination_Asymmetry_2_06 (2).csv,4
11,6,1,3,2,16.2,16200,-6.01,8.55,2.14,10.6678,-0.0524,-0.048,0.0087,35.63,77.5,41.75,-4.7294,8.3337,1.4736,9.6948,P011_Barbell_Back_Squats_Inclination_Asymmetry_2_06 (2).csv,4
11,6,1,3,2,16.33,16330,-5.94,7.43,2.0,9.7205,-0.0349,-0.0447,-0.192,35.94,77.88,41.69,-4.8889,8.2146,1.5429,9.6831,P011_Barbell_Back_Squats_Inclination_Asymmetry_2_06 (2).csv,4
11,6,1,3,2,16.46,16460,-6.0,8.56,1.26,10.5291,-0.0927,-0.0916,0.0818,36.13,78.81,41.63,-5.0354,8.2601,1.5057,9.7904,P011_Barbell_Back_Squats_Inclination_Asymmetry_2_06 (2).csv,4
11,6,1,3,2,16.59,16590,-6.22,8.17,1.51,10.3787,0.0796,-0.0196,0.024,35.69,79.31,42.44,-5.1915,8.2482,1.5062,9.8617,P011_Barbell_Back_Squats_Inclination_Asymmetry_2_06 (2).csv,4
11,6,1,3,2,16.721,16721,-5.64,7.49,1.54,9.5016,-0.012,0.0,0.0065,36.19,78.94,42.06,-5.2506,8.1483,1.5107,9.8105,P011_Barbell_Back_Squats_Inclination_Asymmetry_2_06 (2).csv,4
11,6,1,3,2,16.894,16894,-5.71,7.61,1.37,9.6121,-0.0207,-0.0044,0.0545,36.25,79.31,42.0,-5.3111,8.0774,1.4921,9.7815,P011_Barbell_Back_Squats_Inclination_Asymmetry_2_06 (2).csv,4
11,6,1,3,2,17.025,17025,-5.87,8.48,1.42,10.4107,-0.0033,0.024,0.1364,36.0,79.44,42.13,-5.3848,8.1304,1.4826,9.864,P011_Barbell_Back_Squats_Inclination_Asymmetry_2_06 (2).csv,4
11,6,1,3,2,17.155,17155,-5.49,7.46,1.46,9.3767,0.0622,0.0098,-0.2334,36.31,79.06,41.75,-5.3986,8.0421,1.4796,9.7985,P011_Barbell_Back_Squats_Inclination_Asymmetry_2_06 (2).csv,5
11,6,1,3,2,17.286,17286,-5.84,7.36,1.65,9.5393,0.0284,-0.0491,-0.1429,37.69,78.69,40.75,-5.4568,7.9522,1.5021,9.7607,P011_Barbell_Back_Squats_Inclination_Asymmetry_2_06 (2).csv,5
11,6,1,3,2,17.417,17417,-6.02,7.34,1.43,9.6,0.0382,-0.0687,-0.1156,38.06,78.69,40.88,-5.531,7.8715,1.4926,9.7355,P011_Barbell_Back_Squats_Inclination_Asymmetry_2_06 (2).csv,5
11,6,1,3,2,17.547,17547,-6.88,7.8,1.3,10.4816,0.0055,-0.0284,-0.0207,39.19,78.63,40.0,-5.7088,7.8621,1.4672,9.8263,P011_Barbell_Back_Squats_Inclination_Asymmetry_2_06 (2).csv,5
11,6,1,3,2,17.678,17678,-7.2,8.02,1.55,10.8887,-0.0142,-0.0055,-0.1374,39.69,78.75,39.69,-5.9053,7.8829,1.4781,9.9598,P011_Barbell_Back_Squats_Inclination_Asymmetry_2_06 (2).csv,5
11,6,1,3,2,17.808,17808,-7.62,8.15,1.78,11.2985,-0.0513,-0.0076,-0.0884,40.25,78.88,38.94,-6.1312,7.9181,1.5179,10.1288,P011_Barbell_Back_Squats_Inclination_Asymmetry_2_06 (2).csv,5
11,6,1,3,2,17.981,17981,-7.13,7.49,1.46,10.4436,-0.1276,-0.0065,0.0742,40.5,79.63,38.31,-6.2628,7.8617,1.5103,10.1642,P011_Barbell_Back_Squats_Inclination_Asymmetry_2_06 (2).csv,5
11,6,1,3,2,18.116,18116,-6.6,6.79,1.37,9.5677,-0.1658,-0.0022,0.2422,39.81,80.75,38.5,-6.3073,7.7205,1.4918,10.0803,P011_Barbell_Back_Squats_Inclination_Asymmetry_2_06 (2).csv,5
11,6,1,3,2,18.247,18247,-5.35,6.64,0.82,8.5665,-0.3054,-0.0589,0.5574,36.5,83.0,40.94,-6.1811,7.5781,1.4033,9.8794,P011_Barbell_Back_Squats_Inclination_Asymmetry_2_06 (2).csv,5
11,6,1,3,2,18.377,18377,-5.0,7.0,0.82,8.6413,-0.3971,-0.1058,0.3752,32.75,86.31,43.94,-6.0255,7.5019,1.3264,9.7131,P011_Barbell_Back_Squats_Inclination_Asymmetry_2_06 (2).csv,5
11,6,1,3,2,18.508,18508,-3.86,5.93,-0.11,7.0765,-0.4854,-0.1058,0.2694,30.69,89.88,45.0,-5.7401,7.2948,1.1371,9.3518,P011_Barbell_Back_Squats_Inclination_Asymmetry_2_06 (2).csv,5
11,6,1,3,2,18.638,18638,-3.95,8.92,-0.48,9.7673,-0.4363,-0.0164,0.6916,26.75,93.5,47.69,-5.5042,7.5089,0.924,9.356,P011_Barbell_Back_Squats_Inclination_Asymmetry_2_06 (2).csv,5
11,7,1,3,2,18.769,18769,-3.45,8.99,-1.26,9.7113,-0.2978,0.0404,0.2705,23.0,95.94,50.13,-5.2335,7.7041,0.6362,9.3353,P011_Barbell_Back_Squats_Inclination_Asymmetry_2_06 (2).csv,5
11,7,1,3,2,18.899,18899,-3.07,9.75,-2.07,10.4294,-0.2738,0.1047,0.5378,20.5,97.75,51.25,-4.9484,7.9737,0.2796,9.3886,P011_Barbell_Back_Squats_Inclination_Asymmetry_2_06 (2).csv,5
11,7,1,3,2,19.072,19072,-3.02,9.85,-1.34,10.3893,-0.0087,0.1484,-0.072,18.19,98.69,52.0,-4.6943,8.221,0.0662,9.4671,P011_Barbell_Back_Squats_Inclination_Asymmetry_2_06 (2).csv,5
11,7,1,3,2,19.202,19202,-2.58,9.39,-1.42,9.841,0.0818,0.1396,0.2062,18.06,98.0,51.19,-4.4157,8.375,-0.1296,9.4687,P011_Barbell_Back_Squats_Inclination_Asymmetry_2_06 (2).csv,5
11,7,1,3,2,19.332,19332,-2.6,9.55,-1.2,9.9701,0.0993,0.0415,0.1484,16.38,97.13,52.5,-4.1764,8.5298,-0.2707,9.5013,P011_Barbell_Back_Squats_Inclination_Asymmetry_2_06 (2).csv,5
11,7,1,3,2,19.462,19462,-2.21,9.49,-1.02,9.7972,0.096,-0.0087,0.0894,15.88,96.31,53.19,-3.9173,8.6564,-0.3694,9.5087,P011_Barbell_Back_Squats_Inclination_Asymmetry_2_06 (2).csv,5
11,7,1,3,2,19.592,19592,-2.31,9.33,-0.61,9.631,0.1156,-0.0698,0.024,14.88,95.5,54.75,-3.7055,8.7451,-0.4011,9.5063,P011_Barbell_Back_Squats_Inclination_Asymmetry_2_06 (2).csv,5
11,7,1,3,2,19.722,19722,-2.11,9.23,-0.7,9.4939,0.0753,-0.1134,0.012,14.06,94.81,56.44,-3.4953,8.809,-0.4405,9.4874,P011_Barbell_Back_Squats_Inclination_Asymmetry_2_06 (2).csv,5
11,7,1,3,2,19.852,19852,-2.27,9.86,-0.82,10.1511,-0.0185,-0.1156,-0.1724,14.56,94.88,56.88,-3.3338,8.9475,-0.4905,9.561,P011_Barbell_Back_Squats_Inclination_Asymmetry_2_06 (2).csv,5
11,7,1,3,2,19.983,19983,-3.59,9.03,-0.83,9.7528,0.072,-0.0742,-0.4287,16.88,94.88,55.31,-3.3676,8.9584,-0.5353,9.5854,P011_Barbell_Back_Squats_Inclination_Asymmetry_2_06 (2).csv,5
11,7,1,3,2,20.156,20156,-3.21,9.31,-0.75,9.8764,0.0076,-0.0338,0.5029,16.25,94.5,56.44,-3.3468,9.0047,-0.5636,9.6231,P011_Barbell_Back_Squats_Inclination_Asymmetry_2_06 (2).csv,5
11,7,1,3,2,20.287,20287,-1.95,9.65,-0.41,9.8536,-0.0131,0.0185,0.3447,12.63,94.5,60.13,-3.1627,9.0898,-0.5433,9.6396,P011_Barbell_Back_Squats_Inclination_Asymmetry_2_06 (2).csv,5
11,7,1,3,2,20.417,20417,-1.96,9.41,-0.78,9.6436,0.0109,0.0447,-0.1985,12.56,94.44,59.94,-3.0042,9.132,-0.5745,9.6306,P011_Barbell_Back_Squats_Inclination_Asymmetry_2_06 (2).csv,5
11,7,1,3,2,20.548,20548,-2.04,7.72,-0.7,8.0156,0.0044,0.0665,-0.576,14.63,94.31,57.44,-2.8772,8.9459,-0.591,9.4158,P011_Barbell_Back_Squats_Inclination_Asymmetry_2_06 (2).csv,5
11,7,1,3,2,20.679,20679,-3.05,9.3,-0.18,9.789,-0.0644,0.1047,-0.2945,18.44,94.69,52.88,-2.9,8.9926,-0.5369,9.4638,P011_Barbell_Back_Squats_Inclination_Asymmetry_2_06 (2).csv,5
11,7,1,3,2,20.809,20809,-3.22,8.62,-0.66,9.2254,0.0371,0.0458,-0.3382,21.06,94.69,49.75,-2.9421,8.9435,-0.5531,9.4312,P011_Barbell_Back_Squats_Inclination_Asymmetry_2_06 (2).csv,5
11,8,1,3,2,20.94,20940,-3.58,8.34,-0.26,9.0796,0.0196,0.0404,-0.2138,23.0,94.5,47.56,-3.0262,8.8639,-0.5145,9.3804,P011_Barbell_Back_Squats_Inclination_Asymmetry_2_06 (2).csv,5
11,8,1,3,2,21.071,21071,-3.14,7.64,-0.73,8.2923,-0.0807,0.0218,-0.1058,24.31,94.44,45.94,-3.0412,8.7027,-0.5429,9.2347,P011_Barbell_Back_Squats_Inclination_Asymmetry_2_06 (2).csv,5
11,8,1,3,2,21.244,21244,-5.29,9.5,-1.01,10.9204,-0.1473,-0.0033,-0.588,27.75,96.25,41.69,-3.3375,8.8077,-0.6044,9.4382,P011_Barbell_Back_Squats_Inclination_Asymmetry_2_06 (2).csv,5
11,8,1,3,2,21.377,21377,-5.81,8.81,-1.74,10.6958,-0.1124,-0.0349,0.0109,30.44,97.25,38.75,-3.6633,8.808,-0.7541,9.5692,P011_Barbell_Back_Squats_Inclination_Asymmetry_2_06 (2).csv,5
11,8,1,3,2,21.508,21508,-5.7,9.38,-1.51,11.0795,-0.0742,0.0513,-0.1462,29.94,97.94,38.75,-3.9317,8.8834,-0.8537,9.752,P011_Barbell_Back_Squats_Inclination_Asymmetry_2_06 (2).csv,5
11,8,1,3,2,21.639,21639,-6.28,9.63,-1.62,11.6103,0.0884,0.0818,0.0175,31.31,97.88,36.94,-4.2412,8.9818,-0.9547,9.9785,P011_Barbell_Back_Squats_Inclination_Asymmetry_2_06 (2).csv,5
11,8,1,3,2,21.769,21769,-5.32,8.2,-1.19,9.8468,0.0567,0.1004,-0.0502,30.88,96.63,37.25,-4.3833,8.8788,-0.9857,9.9508,P011_Barbell_Back_Squats_Inclination_Asymmetry_2_06 (2).csv,6
11,8,1,3,2,21.9,21900,-5.29,8.45,-0.75,9.9975,-0.0175,-0.0098,-0.2847,32.5,96.38,35.31,-4.5028,8.8223,-0.9546,9.9508,P011_Barbell_Back_Squats_Inclination_Asymmetry_2_06 (2).csv,6
11,8,1,3,2,22.031,22031,-5.38,7.81,-1.16,9.5544,-0.0109,-0.1178,-0.0742,33.81,96.94,34.25,-4.6184,8.6889,-0.9817,9.8889,P011_Barbell_Back_Squats_Inclination_Asymmetry_2_06 (2).csv,6
11,8,1,3,2,22.161,22161,-5.71,8.03,-0.89,9.8933,-0.0349,-0.1582,-0.0185,33.69,97.94,35.19,-4.7622,8.602,-0.9696,9.88,P011_Barbell_Back_Squats_Inclination_Asymmetry_2_06 (2).csv,6
11,8,1,3,2,22.334,22334,-6.55,7.73,-1.71,10.2752,-0.0349,-0.0687,-0.1625,34.81,99.06,34.69,-4.9978,8.4871,-1.0672,9.907,P011_Barbell_Back_Squats_Inclination_Asymmetry_2_06 (2).csv,6
11,8,1,3,2,22.464,22464,-5.88,8.22,-1.59,10.2309,-0.0349,0.0164,-0.1091,35.19,99.5,34.25,-5.1141,8.4519,-1.1361,9.9438,P011_Barbell_Back_Squats_Inclination_Asymmetry_2_06 (2).csv,6
11,8,1,3,2,22.594,22594,-6.05,7.69,-1.54,9.9051,0.0033,0.0611,-0.0513,36.06,99.5,33.06,-5.2374,8.3515,-1.1893,9.9294,P011_Barbell_Back_Squats_Inclination_Asymmetry_2_06 (2).csv,6
11,8,1,3,2,22.724,22724,-5.61,8.03,-1.44,9.9008,-0.0207,0.0742,0.0109,36.25,99.31,32.38,-5.2865,8.3092,-1.2223,9.9239,P011_Barbell_Back_Squats_Inclination_Asymmetry_2_06 (2).csv,6
11,8,1,3,2,22.854,22854,-5.77,7.81,-1.14,9.7769,0.0055,0.0469,-0.1844,36.69,99.13,31.56,-5.3502,8.2434,-1.2115,9.9018,P011_Barbell_Back_Squats_Inclination_Asymmetry_2_06 (2).csv,6
11,8,1,3,2,22.984,22984,-6.09,7.57,-1.49,9.8292,-0.0098,-0.0065,-0.1931,38.19,99.25,29.88,-5.4477,8.1546,-1.2482,9.886,P011_Barbell_Back_Squats_Inclination_Asymmetry_2_06 (2).csv,6
11,8,1,3,2,23.114,23114,-7.56,8.63,-1.46,11.5656,0.0622,-0.0164,-0.0153,38.81,99.25,29.44,-5.726,8.2173,-1.2761,10.0965,P011_Barbell_Back_Squats_Inclination_Asymmetry_2_06 (2).csv,6
11,8,1,3,2,23.244,23244,-6.88,8.26,-1.41,10.8421,0.096,0.0142,0.2683,37.75,98.56,30.94,-5.8781,8.2229,-1.2937,10.1903,P011_Barbell_Back_Squats_Inclination_Asymmetry_2_06 (2).csv,6
11,8,1,3,2,23.417,23417,-6.05,7.77,-1.03,9.9013,0.0524,-0.0305,-0.1353,36.75,97.75,32.38,-5.9008,8.1632,-1.259,10.151,P011_Barbell_Back_Squats_Inclination_Asymmetry_2_06 (2).csv,6
11,8,1,3,2,23.547,23547,-6.55,7.02,-0.75,9.6304,0.0065,-0.0065,0.0633,36.94,97.88,32.44,-5.9863,8.0126,-1.1919,10.0726,P011_Barbell_Back_Squats_Inclination_Asymmetry_2_06 (2).csv,6
11,8,1,3,2,23.677,23677,-6.28,8.15,-0.78,10.3184,0.0491,0.0218,0.456,35.0,97.31,34.44,-6.025,8.0307,-1.1376,10.1038,P011_Barbell_Back_Squats_Inclination_Asymmetry_2_06 (2).csv,6
11,8,1,3,2,23.807,23807,-4.12,6.85,-1.27,8.0938,0.0229,-0.048,0.5291,30.81,96.75,38.94,-5.774,7.8751,-1.1551,9.8331,P011_Barbell_Back_Squats_Inclination_Asymmetry_2_06 (2).csv,6
11,8,1,3,2,23.937,23937,-4.2,7.01,-0.23,8.1751,0.0229,0.0164,0.3,28.06,96.5,41.94,-5.5666,7.7611,-1.0332,9.6067,P011_Barbell_Back_Squats_Inclination_Asymmetry_2_06 (2).csv,6
11,8,1,3,2,24.068,24068,-3.09,8.01,-0.85,8.6273,0.0578,0.0589,0.5672,24.31,95.69,45.56,-5.2402,7.7939,-1.009,9.4458,P011_Barbell_Back_Squats_Inclination_Asymmetry_2_06 (2).csv,6
11,8,1,3,2,24.198,24198,-3.21,8.61,-0.91,9.2339,0.024,-0.0676,0.1887,21.75,95.19,48.31,-4.9727,7.9014,-0.996,9.389,P011_Barbell_Back_Squats_Inclination_Asymmetry_2_06 (2).csv,6
11,9,1,3,2,24.328,24328,-3.38,8.81,-1.12,9.5024,-0.036,-0.0764,0.3447,20.0,95.38,50.63,-4.7628,8.0212,-1.0123,9.3834,P011_Barbell_Back_Squats_Inclination_Asymmetry_2_06 (2).csv,6
11,9,1,3,2,24.501,24501,-2.99,9.38,-0.83,9.8799,-0.0425,-0.0862,0.024,17.5,95.94,53.75,-4.5292,8.2002,-0.9883,9.4199,P011_Barbell_Back_Squats_Inclination_Asymmetry_2_06 (2).csv,6
11,9,1,3,2,24.631,24631,-2.83,9.52,-0.99,9.981,0.0022,-0.0513,0.2258,16.38,96.19,55.25,-4.3053,8.3741,-0.9885,9.4678,P011_Barbell_Back_Squats_Inclination_Asymmetry_2_06 (2).csv,6
11,9,1,3,2,24.761,24761,-3.1,9.37,-1.05,9.9252,0.024,-0.0338,-0.0087,15.81,96.19,56.19,-4.1465,8.5054,-0.9966,9.5146,P011_Barbell_Back_Squats_Inclination_Asymmetry_2_06 (2).csv,6
11,9,1,3,2,24.891,24891,-2.36,8.94,-1.12,9.3138,-0.0295,0.0164,0.2127,15.06,96.13,56.94,-3.9111,8.5626,-1.0129,9.4679,P011_Barbell_Back_Squats_Inclination_Asymmetry_2_06 (2).csv,6
11,9,1,3,2,25.021,25021,-1.94,9.37,-1.01,9.6219,-0.1222,0.0011,-0.0698,14.38,96.75,57.44,-3.6513,8.669,-1.0125,9.4609,P011_Barbell_Back_Squats_Inclination_Asymmetry_2_06 (2).csv,6
11,9,1,3,2,25.151,25151,-2.42,9.11,-0.99,9.4778,-0.0644,0.0142,-0.3578,15.5,97.44,56.13,-3.4891,8.7271,-1.0095,9.4528,P011_Barbell_Back_Squats_Inclination_Asymmetry_2_06 (2).csv,6
11,9,1,3,2,25.282,25282,-3.85,8.57,-1.34,9.4902,-0.0513,0.0829,-0.6141,20.06,98.0,51.06,-3.5366,8.7064,-1.0531,9.4561,P011_Barbell_Back_Squats_Inclination_Asymmetry_2_06 (2).csv,6
11,9,1,3,2,25.413,25413,-2.87,7.98,-1.01,8.5403,0.0175,0.084,-0.3,23.06,97.81,47.31,-3.4488,8.6107,-1.0474,9.3346,P011_Barbell_Back_Squats_Inclination_Asymmetry_2_06 (2).csv,6
11,9,1,3,2,25.585,25585,-4.64,8.92,-1.46,10.1601,0.0873,-0.0011,-0.3534,26.63,97.5,43.69,-3.6058,8.6515,-1.1018,9.4373,P011_Barbell_Back_Squats_Inclination_Asymmetry_2_06 (2).csv,6
11,9,1,3,2,25.715,25715,-5.19,8.57,-1.34,10.1082,0.1036,-0.048,-0.3982,29.19,97.06,41.69,-3.8145,8.6407,-1.1332,9.513,P011_Barbell_Back_Squats_Inclination_Asymmetry_2_06 (2).csv,6
11,9,1,3,2,25.845,25845,-5.68,7.73,-1.22,9.6697,0.0513,0.0033,-0.4014,31.81,96.81,39.5,-4.0603,8.5207,-1.1446,9.5078,P011_Barbell_Back_Squats_Inclination_Asymmetry_2_06 (2).csv,6
11,9,1,3,2,25.975,25975,-5.99,7.93,-1.0,9.9882,0.0218,0.0447,-0.0927,34.38,96.75,36.88,-4.3146,8.4429,-1.1256,9.548,P011_Barbell_Back_Squats_Inclination_Asymmetry_2_06 (2).csv,6
11,9,1,3,2,26.105,26105,-6.27,7.92,-1.14,10.1656,-0.0164,0.0742,0.0785,34.69,96.38,36.31,-4.5723,8.374,-1.1275,9.6073,P011_Barbell_Back_Squats_Inclination_Asymmetry_2_06 (2).csv,6
11,9,1,3,2,26.235,26235,-6.0,8.25,-1.14,10.2646,-0.0698,0.1233,0.0098,35.31,96.63,34.81,-4.7604,8.3576,-1.1291,9.6844,P011_Barbell_Back_Squats_Inclination_Asymmetry_2_06 (2).csv,6
11,9,1,3,2,26.366,26366,-5.57,8.23,-0.78,9.9683,-0.0545,0.1124,-0.0927,35.63,96.38,33.5,-4.8671,8.3408,-1.0831,9.7176,P011_Barbell_Back_Squats_Inclination_Asymmetry_2_06 (2).csv,6
11,9,1,3,2,26.497,26497,-5.91,8.31,-0.65,10.218,-0.0175,0.0993,-0.2487,36.81,96.06,31.56,-5.0045,8.3368,-1.026,9.7775,P011_Barbell_Back_Squats_Inclination_Asymmetry_2_06 (2).csv,6
11,9,1,3,2,26.669,26669,-6.4,7.58,-0.91,9.9622,0.0851,0.0153,-0.0502,39.0,95.19,29.31,-5.1884,8.237,-1.0107,9.7872,P011_Barbell_Back_Squats_Inclination_Asymmetry_2_06 (2).csv,6
11,9,1,3,2,26.8,26800,-6.49,7.62,-0.82,10.0428,0.0044,-0.024,-0.1658,39.63,95.0,28.81,-5.3599,8.1557,-0.9856,9.809,P011_Barbell_Back_Squats_Inclination_Asymmetry_2_06 (2).csv,6
11,9,1,3,2,26.93,26930,-6.79,7.4,-0.95,10.0879,0.0262,-0.0687,-0.0774,40.63,95.31,28.19,-5.5484,8.0561,-0.9809,9.831,P011_Barbell_Back_Squats_Inclination_Asymmetry_2_06 (2).csv,6
11,9,1,3,2,27.06,27060,-6.62,7.27,-0.92,9.8754,0.0087,-0.0774,-0.0273,40.63,95.81,28.63,-5.6896,7.9525,-0.9729,9.8265,P011_Barbell_Back_Squats_Inclination_Asymmetry_2_06 (2).csv,6
11,9,1,3,2,27.19,27190,-7.12,7.34,-0.93,10.2681,0.012,-0.0742,-0.0785,41.0,96.38,28.63,-5.8781,7.8718,-0.9672,9.8718,P011_Barbell_Back_Squats_Inclination_Asymmetry_2_06 (2).csv,6
11,9,1,3,2,27.32,27320,-6.75,7.68,-1.19,10.2937,-0.0098,-0.0098,0.1854,40.38,96.63,29.44,-5.993,7.8466,-0.9966,9.9236,P011_Barbell_Back_Squats_Inclination_Asymmetry_2_06 (2).csv,6
11,9,1,3,2,27.45,27450,-6.53,8.08,-0.89,10.4269,-0.0033,0.0065,0.0764,39.69,96.63,30.13,-6.0637,7.8773,-0.9825,9.9893,P011_Barbell_Back_Squats_Inclination_Asymmetry_2_06 (2).csv,6
11,9,1,3,2,27.58,27580,-6.9,8.52,-1.05,11.0138,-0.0153,-0.0098,-0.24,40.56,96.63,29.19,-6.1739,7.962,-0.9914,10.1239,P011_Barbell_Back_Squats_Inclination_Asymmetry_2_06 (2).csv,6
11,9,1,3,2,27.753,27753,-7.33,7.25,-1.12,10.3704,-0.0022,-0.0436,-0.1844,43.19,97.13,26.69,-6.3263,7.8682,-1.0084,10.1463,P011_Barbell_Back_Squats_Inclination_Asymmetry_2_06 (2).csv,6
11,9,1,3,2,27.883,27883,-7.54,7.01,-0.99,10.3427,0.0142,-0.0033,0.0207,44.31,97.63,25.69,-6.4862,7.7551,-1.006,10.1599,P011_Barbell_Back_Squats_Inclination_Asymmetry_2_06 (2).csv,6
11,9,1,3,2,28.013,28013,-6.38,7.28,-1.23,9.7579,0.06,0.0327,0.2683,43.13,97.06,26.94,-6.4722,7.6925,-1.0355,10.1062,P011_Barbell_Back_Squats_Inclination_Asymmetry_2_06 (2).csv,7
11,9,1,3,2,28.143,28143,-7.0,6.87,-0.91,9.8501,0.1124,0.0175,0.1364,41.81,96.13,28.69,-6.5418,7.5841,-1.0189,10.0674,P011_Barbell_Back_Squats_Inclination_Asymmetry_2_06 (2).csv,7
11,9,1,3,2,28.273,28273,-5.58,6.51,-0.42,8.5845,0.0545,-0.0087,0.589,39.06,95.31,31.81,-6.415,7.4426,-0.94,9.8706,P011_Barbell_Back_Squats_Inclination_Asymmetry_2_06 (2).csv,7
11,9,1,3,2,28.403,28403,-3.96,6.39,-0.55,7.5377,0.0502,-0.072,0.733,34.31,94.88,37.06,-6.0915,7.3039,-0.8886,9.5521,P011_Barbell_Back_Squats_Inclination_Asymmetry_2_06 (2).csv,7
11,9,1,3,2,28.533,28533,-4.85,7.57,-0.49,9.0037,0.0142,-0.0894,0.3752,30.75,94.88,41.31,-5.9279,7.3389,-0.8361,9.471,P011_Barbell_Back_Squats_Inclination_Asymmetry_2_06 (2).csv,7
11,9,1,3,2,28.664,28664,-3.63,8.3,-0.89,9.1027,0.0229,-0.0687,0.6861,25.75,94.81,46.88,-5.6251,7.4656,-0.8432,9.3855,P011_Barbell_Back_Squats_Inclination_Asymmetry_2_06 (2).csv,7
11,10,1,3,2,28.837,28837,-2.86,9.3,-0.63,9.7502,-0.0687,-0.0327,0.3218,20.69,95.25,52.31,-5.2607,7.7073,-0.8151,9.3671,P011_Barbell_Back_Squats_Inclination_Asymmetry_2_06 (2).csv,7
11,10,1,3,2,28.968,28968,-3.74,9.27,-0.81,10.0288,-0.0502,0.0109,-0.0938,21.19,95.69,51.69,-5.0603,7.9132,-0.8144,9.4281,P011_Barbell_Back_Squats_Inclination_Asymmetry_2_06 (2).csv,7
11,10,1,3,2,29.098,29098,-2.81,9.22,-1.0,9.6904,-0.0349,-0.0065,0.1124,20.13,95.94,52.56,-4.7638,8.0854,-0.8389,9.4219,P011_Barbell_Back_Squats_Inclination_Asymmetry_2_06 (2).csv,7
11,10,1,3,2,29.229,29229,-3.5,9.64,-1.38,10.3481,-0.0142,-0.0153,-0.0884,20.5,96.13,52.31,-4.5973,8.2903,-0.9102,9.5232,P011_Barbell_Back_Squats_Inclination_Asymmetry_2_06 (2).csv,7
11,10,1,3,2,29.359,29359,-3.47,9.25,-1.31,9.9659,0.0316,-0.0284,-0.2476,21.31,96.19,51.63,-4.4487,8.4167,-0.9629,9.5687,P011_Barbell_Back_Squats_Inclination_Asymmetry_2_06 (2).csv,7
11,10,1,3,2,29.489,29489,-3.59,9.16,-0.97,9.8861,0.0818,-0.0251,0.1473,21.75,95.88,51.63,-4.3356,8.5147,-0.9638,9.6034,P011_Barbell_Back_Squats_Inclination_Asymmetry_2_06 (2).csv,7
11,10,1,3,2,29.619,29619,-3.46,9.2,-0.75,9.8577,0.0753,0.0076,-0.0654,21.19,95.31,52.44,-4.2202,8.605,-0.9356,9.6297,P011_Barbell_Back_Squats_Inclination_Asymmetry_2_06 (2).csv,7
11,10,1,3,2,29.749,29749,-3.13,8.53,-0.69,9.1123,0.0611,0.0131,-0.0927,21.94,94.69,51.88,-4.0765,8.5951,-0.9033,9.5556,P011_Barbell_Back_Squats_Inclination_Asymmetry_2_06 (2).csv,7
11,10,1,3,2,29.922,29922,-4.07,7.29,-0.66,8.3752,-0.048,0.0229,-0.3578,23.5,94.5,50.13,-4.0757,8.4231,-0.8712,9.3978,P011_Barbell_Back_Squats_Inclination_Asymmetry_2_06 (2).csv,7
11,10,1,3,2,30.052,30052,-3.53,8.07,0.18,8.8101,-0.0993,0.0927,-0.0654,24.25,95.0,48.75,-4.0038,8.3766,-0.7327,9.3131,P011_Barbell_Back_Squats_Inclination_Asymmetry_2_06 (2).csv,7
11,10,1,3,2,30.187,30187,-3.67,8.71,-0.56,9.4682,-0.048,0.1134,-0.324,26.31,95.19,45.75,-3.9598,8.4205,-0.7099,9.3322,P011_Barbell_Back_Squats_Inclination_Asymmetry_2_06 (2).csv,7
11,11,1,3,2,30.317,30317,-4.53,8.29,-1.22,9.5254,-0.0764,0.0709,-0.6785,29.69,95.5,41.56,-4.0349,8.4033,-0.7771,9.3542,P011_Barbell_Back_Squats_Inclination_Asymmetry_2_06 (2).csv,7
11,11,1,3,2,30.45,30450,-5.44,8.01,-0.6,9.7012,0.0513,0.0709,-0.613,35.19,95.56,35.5,-4.2201,8.3515,-0.7538,9.3875,P011_Barbell_Back_Squats_Inclination_Asymmetry_2_06 (2).csv,7
11,11,1,3,2,30.58,30580,-6.22,7.45,-1.22,9.7816,-0.0098,-0.0665,-0.3131,38.0,95.75,32.75,-4.4836,8.2327,-0.8152,9.4098,P011_Barbell_Back_Squats_Inclination_Asymmetry_2_06 (2).csv,7
11,11,1,3,2,30.711,30711,-6.82,7.51,-0.93,10.1871,-0.0404,-0.0611,-0.4516,40.69,97.13,30.19,-4.7915,8.1375,-0.8304,9.4798,P011_Barbell_Back_Squats_Inclination_Asymmetry_2_06 (2).csv,7
11,11,1,3,2,30.842,30842,-7.17,7.34,-0.89,10.2993,0.0207,0.0044,-0.1756,43.13,97.63,27.88,-5.1049,8.0324,-0.8382,9.5542,P011_Barbell_Back_Squats_Inclination_Asymmetry_2_06 (2).csv,7
11,11,1,3,2,31.014,31014,-7.07,7.41,-1.07,10.2975,0.0055,0.0076,-0.0447,43.44,97.44,27.56,-5.3639,7.9504,-0.8688,9.6299,P011_Barbell_Back_Squats_Inclination_Asymmetry_2_06 (2).csv,7
11,11,1,3,2,31.144,31144,-6.92,7.12,-1.08,9.9874,-0.036,0.0295,-0.2509,44.19,97.5,26.69,-5.5689,7.8409,-0.8966,9.6591,P011_Barbell_Back_Squats_Inclination_Asymmetry_2_06 (2).csv,7
11,11,1,3,2,31.274,31274,-7.65,7.22,-0.95,10.5619,0.0011,0.024,-0.06,46.06,97.75,24.56,-5.8432,7.7591,-0.9036,9.7552,P011_Barbell_Back_Squats_Inclination_Asymmetry_2_06 (2).csv,7
11,11,1,3,2,31.404,31404,-6.95,7.16,-0.99,10.0274,0.0654,0.0175,0.0556,45.13,97.19,25.56,-5.989,7.6802,-0.915,9.7822,P011_Barbell_Back_Squats_Inclination_Asymmetry_2_06 (2).csv,7
11,11,1,3,2,31.534,31534,-6.92,7.0,-0.8,9.8755,0.096,-0.0153,0.1331,44.56,96.5,26.69,-6.1117,7.5905,-0.8999,9.7867,P011_Barbell_Back_Squats_Inclination_Asymmetry_2_06 (2).csv,7
11,11,1,3,2,31.665,31665,-6.45,7.13,-0.65,9.6365,0.108,-0.0709,0.132,43.44,95.94,28.56,-6.1563,7.5299,-0.8669,9.7647,P011_Barbell_Back_Squats_Inclination_Asymmetry_2_06 (2).csv,7
11,11,1,3,2,31.795,31795,-6.81,7.08,-0.76,9.8529,0.0622,-0.0938,0.1058,42.5,95.75,30.5,-6.2424,7.4706,-0.8528,9.7726,P011_Barbell_Back_Squats_Inclination_Asymmetry_2_06 (2).csv,7
11,11,1,3,2,31.925,31925,-6.75,7.49,-0.7,10.1071,0.0251,-0.0644,0.1276,41.5,95.88,32.06,-6.3093,7.4731,-0.8327,9.8157,P011_Barbell_Back_Squats_Inclination_Asymmetry_2_06 (2).csv,7
11,11,1,3,2,32.098,32098,-6.69,7.78,-0.81,10.2927,-0.0098,-0.0196,0.0556,40.56,96.13,33.31,-6.3595,7.5136,-0.8297,9.8785,P011_Barbell_Back_Squats_Inclination_Asymmetry_2_06 (2).csv,7
11,11,1,3,2,32.228,32228,-6.63,7.84,-0.91,10.3078,-0.0327,-0.0109,-0.0513,40.38,96.44,33.38,-6.3951,7.5566,-0.8403,9.9351,P011_Barbell_Back_Squats_Inclination_Asymmetry_2_06 (2).csv,7
11,11,1,3,2,32.358,32358,-7.02,7.44,-0.76,10.2573,0.0044,0.0044,-0.0185,40.88,96.63,32.81,-6.4775,7.5412,-0.8297,9.9758,P011_Barbell_Back_Squats_Inclination_Asymmetry_2_06 (2).csv,7
11,11,1,3,2,32.488,32488,-7.06,7.36,-0.73,10.2248,0.0142,0.0109,0.1484,40.69,96.56,32.94,-6.5542,7.5173,-0.8166,10.0068,P011_Barbell_Back_Squats_Inclination_Asymmetry_2_06 (2).csv,7
11,11,1,3,2,32.618,32618,-6.2,7.57,-0.76,9.8144,0.0764,-0.0033,0.5083,38.25,96.06,35.5,-6.5075,7.5243,-0.8091,9.9809,P011_Barbell_Back_Squats_Inclination_Asymmetry_2_06 (2).csv,8
11,11,1,3,2,32.749,32749,-4.8,7.49,-0.81,8.9329,0.0709,-0.0065,0.721,34.0,95.31,40.13,-6.2825,7.5198,-0.8092,9.8322,P011_Barbell_Back_Squats_Inclination_Asymmetry_2_06 (2).csv,8
11,11,1,3,2,32.879,32879,-5.07,7.93,-0.67,9.436,0.0295,-0.0436,0.1963,31.19,95.06,43.13,-6.1228,7.5738,-0.7909,9.7712,P011_Barbell_Back_Squats_Inclination_Asymmetry_2_06 (2).csv,8
11,11,1,3,2,33.009,33009,-4.06,6.35,-0.56,7.5578,-0.0065,-0.0404,0.3872,28.19,94.94,46.56,-5.8509,7.4126,-0.7605,9.4741,P011_Barbell_Back_Squats_Inclination_Asymmetry_2_06 (2).csv,8
11,11,1,3,2,33.182,33182,-2.95,7.95,-0.48,8.4933,0.0065,-0.0218,0.8061,23.25,95.13,51.75,-5.4687,7.4834,-0.7235,9.2968,P011_Barbell_Back_Squats_Inclination_Asymmetry_2_06 (2).csv,8
11,11,1,3,2,33.312,33312,-2.24,10.27,-0.94,10.5534,0.0393,0.0098,0.7396,17.44,94.75,57.69,-5.0432,7.8506,-0.752,9.3612,P011_Barbell_Back_Squats_Inclination_Asymmetry_2_06 (2).csv,8
11,13,1,3,2,35.057,35057,-3.83,8.47,-0.16,9.2971,-0.2662,0.0175,-0.1658,24.5,94.25,51.31,-3.4836,8.6073,-0.3498,9.2922,P011_Barbell_Back_Squats_Inclination_Asymmetry_2_06 (2).csv,8
11,13,1,3,2,35.187,35187,-4.47,8.68,-1.05,9.8197,-0.3131,-0.0807,-0.6261,27.94,96.69,47.13,-3.6136,8.6169,-0.4421,9.3544,P011_Barbell_Back_Squats_Inclination_Asymmetry_2_06 (2).csv,8
11,13,1,3,2,35.36,35360,-5.86,8.45,-1.46,10.3862,-0.0524,-0.0055,-0.276,32.19,98.88,42.25,-3.9096,8.5949,-0.5762,9.4599,P011_Barbell_Back_Squats_Inclination_Asymmetry_2_06 (2).csv,8
11,13,1,3,2,35.491,35491,-5.62,8.03,-1.38,9.898,-0.084,0.0524,-0.1745,32.94,99.25,41.13,-4.135,8.5205,-0.6821,9.4954,P011_Barbell_Back_Squats_Inclination_Asymmetry_2_06 (2).csv,8
11,13,1,3,2,35.621,35621,-5.85,8.16,-1.5,10.1518,-0.0545,0.0938,-0.2313,35.31,99.69,37.88,-4.361,8.473,-0.7899,9.5621,P011_Barbell_Back_Squats_Inclination_Asymmetry_2_06 (2).csv,8
11,13,1,3,2,35.751,35751,-6.03,7.81,-1.38,9.963,-0.012,0.1233,0.0633,36.44,99.56,36.06,-4.5809,8.3856,-0.8677,9.5946,P011_Barbell_Back_Squats_Inclination_Asymmetry_2_06 (2).csv,8
11,13,1,3,2,35.881,35881,-6.11,7.79,-1.33,9.9892,-0.0916,0.1222,-0.0218,36.94,99.38,34.56,-4.7824,8.3071,-0.9286,9.6303,P011_Barbell_Back_Squats_Inclination_Asymmetry_2_06 (2).csv,8
11,13,1,3,2,36.011,36011,-5.72,8.16,-1.05,10.0203,-0.0829,0.0578,-0.0873,37.63,99.75,32.81,-4.906,8.2877,-0.9446,9.6772,P011_Barbell_Back_Squats_Inclination_Asymmetry_2_06 (2).csv,8
11,13,1,3,2,36.141,36141,-6.51,7.84,-1.53,10.3047,0.0109,-0.0447,-0.0654,38.19,100.06,32.13,-5.1173,8.2287,-1.0217,9.7439,P011_Barbell_Back_Squats_Inclination_Asymmetry_2_06 (2).csv,8
11,13,1,3,2,36.271,36271,-5.75,8.28,-1.26,10.1592,0.036,-0.0556,-0.0469,38.0,100.19,32.69,-5.2007,8.2355,-1.0531,9.7969,P011_Barbell_Back_Squats_Inclination_Asymmetry_2_06 (2).csv,8
11,13,1,3,2,36.444,36444,-6.37,7.47,-1.28,9.9003,0.1145,-0.1058,-0.0567,38.44,100.06,33.56,-5.3548,8.1346,-1.083,9.7989,P011_Barbell_Back_Squats_Inclination_Asymmetry_2_06 (2).csv,8
11,13,1,3,2,36.574,36574,-6.43,7.36,-1.24,9.8515,0.0436,-0.0556,0.0665,38.5,99.88,34.31,-5.4965,8.0325,-1.1037,9.7955,P011_Barbell_Back_Squats_Inclination_Asymmetry_2_06 (2).csv,8
11,13,1,3,2,36.704,36704,-6.39,7.96,-1.33,10.2938,0.0065,-0.0131,-0.1974,38.94,99.94,34.13,-5.6142,8.023,-1.1335,9.8576,P011_Barbell_Back_Squats_Inclination_Asymmetry_2_06 (2).csv,8
11,13,1,3,2,36.834,36834,-6.67,8.09,-1.5,10.5918,-0.0065,-0.0458,-0.1145,39.75,100.38,33.5,-5.7533,8.0318,-1.1818,9.9503,P011_Barbell_Back_Squats_Inclination_Asymmetry_2_06 (2).csv,8
11,13,1,3,2,36.964,36964,-7.04,7.04,-1.48,10.0655,-0.0371,0.0316,-0.2967,41.13,100.69,32.13,-5.9229,7.9011,-1.2211,9.9498,P011_Barbell_Back_Squats_Inclination_Asymmetry_2_06 (2).csv,9
11,13,1,3,2,37.094,37094,-6.76,6.5,-1.45,9.4895,-0.0382,0.0316,-0.2389,42.69,101.06,30.06,-6.0332,7.7165,-1.2513,9.8747,P011_Barbell_Back_Squats_Inclination_Asymmetry_2_06 (2).csv,9
11,13,1,3,2,37.225,37225,-6.47,7.44,-1.69,10.0035,0.0033,-0.0033,0.2563,41.75,100.94,30.88,-6.0908,7.6801,-1.3091,9.8891,P011_Barbell_Back_Squats_Inclination_Asymmetry_2_06 (2).csv,9
11,13,1,3,2,37.355,37355,-6.47,7.96,-1.54,10.3728,0.0654,0.0033,0.3905,39.44,100.31,33.44,-6.1407,7.7169,-1.3395,9.9526,P011_Barbell_Back_Squats_Inclination_Asymmetry_2_06 (2).csv,9
11,13,1,3,2,37.528,37528,-6.14,8.1,-1.28,10.2444,0.1451,0.036,0.3578,36.38,98.63,37.13,-6.1406,7.7674,-1.3317,9.9907,P011_Barbell_Back_Squats_Inclination_Asymmetry_2_06 (2).csv,9
11,13,1,3,2,37.658,37658,-5.0,7.81,-0.75,9.3037,0.168,0.0382,0.5978,32.5,96.94,41.56,-5.9903,7.773,-1.255,9.8934,P011_Barbell_Back_Squats_Inclination_Asymmetry_2_06 (2).csv,9
11,13,1,3,2,37.788,37788,-4.31,7.12,-0.64,8.3475,0.1298,0.0425,0.432,29.38,95.63,45.06,-5.7689,7.687,-1.174,9.6824,P011_Barbell_Back_Squats_Inclination_Asymmetry_2_06 (2).csv,9
11,13,1,3,2,37.918,37918,-2.85,6.69,-0.42,7.2839,0.132,0.0164,0.2978,26.88,94.56,47.81,-5.3843,7.5556,-1.0746,9.3398,P011_Barbell_Back_Squats_Inclination_Asymmetry_2_06 (2).csv,9
11,13,1,3,2,38.048,38048,-2.57,8.5,-0.47,8.8925,0.0774,-0.0305,0.745,22.94,93.75,52.13,-5.0134,7.68,-0.995,9.2254,P011_Barbell_Back_Squats_Inclination_Asymmetry_2_06 (2).csv,9
11,13,1,3,2,38.178,38178,-2.9,9.24,-0.65,9.7062,0.0175,-0.0785,0.0862,19.75,93.75,55.88,-4.7349,7.8856,-0.9495,9.2468,P011_Barbell_Back_Squats_Inclination_Asymmetry_2_06 (2).csv,9
11,15,1,3,2,39.826,39826,-5.67,8.22,-0.95,10.0309,-0.1244,-0.0676,-0.5978,31.25,95.75,43.63,-3.8842,8.3502,-0.634,9.2312,P011_Barbell_Back_Squats_Inclination_Asymmetry_2_06 (2).csv,9
11,15,1,3,2,39.956,39956,-5.98,8.12,-1.14,10.1486,-0.0491,0.0327,0.1091,33.13,96.69,41.5,-4.1604,8.3199,-0.7007,9.3284,P011_Barbell_Back_Squats_Inclination_Asymmetry_2_06 (2).csv,9
11,15,1,3,2,40.086,40086,-5.13,7.22,-0.95,8.9077,-0.1167,0.1189,-0.0905,33.0,96.69,40.75,-4.2881,8.1749,-0.7336,9.2604,P011_Barbell_Back_Squats_Inclination_Asymmetry_2_06 (2).csv,9
11,15,1,3,2,40.216,40216,-4.99,7.91,-1.06,9.4123,-0.1658,0.0404,-0.3185,34.5,97.56,38.13,-4.3806,8.14,-0.7766,9.2765,P011_Barbell_Back_Squats_Inclination_Asymmetry_2_06 (2).csv,9
11,15,1,3,2,40.346,40346,-6.97,7.95,-1.58,10.6902,-0.0818,0.0742,-0.6392,38.69,98.75,33.0,-4.7218,8.115,-0.8825,9.4301,P011_Barbell_Back_Squats_Inclination_Asymmetry_2_06 (2).csv,9
11,15,1,3,2,40.476,40476,-7.2,7.79,-1.13,10.6678,0.0295,0.1298,-0.0927,41.38,98.56,29.5,-5.0484,8.0721,-0.9151,9.5647,P011_Barbell_Back_Squats_Inclination_Asymmetry_2_06 (2).csv,9
11,15,1,3,2,40.607,40607,-6.84,7.24,-0.98,10.0082,0.0087,0.0862,-0.0753,41.88,97.69,28.63,-5.2845,7.9625,-0.9236,9.601,P011_Barbell_Back_Squats_Inclination_Asymmetry_2_06 (2).csv,9
11,15,1,3,2,40.78,40780,-6.97,7.06,-0.94,9.9653,0.0633,-0.0087,0.0153,42.56,97.25,27.94,-5.5066,7.8436,-0.9258,9.6281,P011_Barbell_Back_Squats_Inclination_Asymmetry_2_06 (2).csv,9
11,15,1,3,2,40.911,40911,-6.84,7.1,-0.99,9.9084,0.048,-0.0415,-0.0196,42.44,97.13,28.5,-5.6823,7.7456,-0.9342,9.6517,P011_Barbell_Back_Squats_Inclination_Asymmetry_2_06 (2).csv,9
11,15,1,3,2,41.041,41041,-7.27,7.1,-0.99,10.2099,0.0676,-0.0513,0.012,42.5,97.13,28.94,-5.8915,7.6605,-0.9416,9.7098,P011_Barbell_Back_Squats_Inclination_Asymmetry_2_06 (2).csv,9
11,15,1,3,2,41.171,41171,-6.3,7.11,-1.02,9.5542,0.0044,-0.0371,0.1745,41.5,97.0,30.31,-5.9453,7.588,-0.9519,9.6866,P011_Barbell_Back_Squats_Inclination_Asymmetry_2_06 (2).csv,9
11,15,1,3,2,41.302,41302,-6.78,7.14,-0.89,9.8864,-0.0545,-0.0207,-0.42,42.25,97.44,29.56,-6.0553,7.5289,-0.9438,9.7079,P011_Barbell_Back_Squats_Inclination_Asymmetry_2_06 (2).csv,9
11,15,1,3,2,41.432,41432,-6.88,7.35,-1.15,10.1331,-0.0349,-0.0458,0.0982,43.69,98.19,28.06,-6.164,7.5054,-0.9709,9.7605,P011_Barbell_Back_Squats_Inclination_Asymmetry_2_06 (2).csv,9
11,15,1,3,2,41.563,41563,-7.61,7.21,-1.18,10.5493,-0.036,-0.0218,-0.1811,44.44,98.81,27.25,-6.3545,7.4664,-0.9985,9.8552,P011_Barbell_Back_Squats_Inclination_Asymmetry_2_06 (2).csv,9
11,15,1,3,2,41.693,41693,-7.56,7.1,-1.21,10.4416,0.0273,0.0338,0.0196,44.94,98.94,26.69,-6.5134,7.4182,-1.0264,9.9251,P011_Barbell_Back_Squats_Inclination_Asymmetry_2_06 (2).csv,9
11,15,1,3,2,41.866,41866,-7.47,7.44,-0.93,10.5839,0.0447,0.0753,0.2203,44.25,97.88,27.31,-6.6395,7.421,-1.0137,10.0091,P011_Barbell_Back_Squats_Inclination_Asymmetry_2_06 (2).csv,9
11,15,1,3,2,42.001,42001,-7.0,7.91,-1.35,10.6485,0.048,0.0316,0.4309,42.31,96.94,29.25,-6.687,7.4855,-1.058,10.0929,P011_Barbell_Back_Squats_Inclination_Asymmetry_2_06 (2).csv,9
11,15,1,3,2,42.132,42132,-5.27,6.91,-0.52,8.7058,0.1505,-0.12,0.6436,37.88,96.13,34.56,-6.5002,7.4096,-0.9871,9.9061,P011_Barbell_Back_Squats_Inclination_Asymmetry_2_06 (2).csv,10
11,15,1,3,2,42.262,42262,-4.93,6.42,-0.47,8.1082,0.0131,-0.0993,0.5149,33.06,95.56,40.56,-6.2933,7.2792,-0.919,9.6663,P011_Barbell_Back_Squats_Inclination_Asymmetry_2_06 (2).csv,10
11,15,1,3,2,42.394,42394,-4.5,7.09,-1.13,8.4732,-0.0851,-0.0578,0.2291,30.19,96.13,43.63,-6.057,7.2543,-0.9468,9.4978,P011_Barbell_Back_Squats_Inclination_Asymmetry_2_06 (2).csv,10
11,15,1,3,2,42.524,42524,-4.2,7.16,-0.03,8.301,0.0153,-0.0567,0.2913,28.06,96.44,46.06,-5.8123,7.2419,-0.826,9.3225,P011_Barbell_Back_Squats_Inclination_Asymmetry_2_06 (2).csv,10
11,15,1,3,2,42.654,42654,-2.81,8.83,-1.16,9.3387,0.0436,0.0316,0.7963,23.0,96.06,51.25,-5.4167,7.4511,-0.87,9.2529,P011_Barbell_Back_Squats_Inclination_Asymmetry_2_06 (2).csv,10
11,15,1,3,2,42.784,42784,-4.38,8.95,-1.43,10.0664,-0.0044,-0.024,-0.0971,23.25,95.88,51.0,-5.2801,7.6487,-0.9438,9.3419,P011_Barbell_Back_Squats_Inclination_Asymmetry_2_06 (2).csv,10
11,15,1,3,2,42.957,42957,-3.65,8.98,-0.67,9.7166,0.0262,0.0,-0.0044,21.38,95.69,53.06,-5.0653,7.8241,-0.9077,9.3647,P011_Barbell_Back_Squats_Inclination_Asymmetry_2_06 (2).csv,10
11,15,1,3,2,43.087,43087,-3.13,9.25,-0.86,9.803,0.0611,0.0109,0.5061,19.94,95.25,54.56,-4.8102,8.012,-0.9014,9.3884,P011_Barbell_Back_Squats_Inclination_Asymmetry_2_06 (2).csv,10
11,15,1,3,2,43.217,43217,-2.64,9.54,-0.64,9.9192,0.0698,-0.0098,0.2967,17.06,94.63,57.63,-4.5243,8.2133,-0.867,9.417,P011_Barbell_Back_Squats_Inclination_Asymmetry_2_06 (2).csv,10
11,15,1,3,2,43.347,43347,-2.38,9.07,-0.7,9.4032,0.0436,-0.0295,0.0033,15.75,94.13,59.19,-4.2417,8.3262,-0.845,9.3825,P011_Barbell_Back_Squats_Inclination_Asymmetry_2_06 (2).csv,10
11,15,1,3,2,43.477,43477,-2.4,9.19,-0.47,9.5098,-0.0109,-0.036,0.0491,15.63,94.06,59.63,-3.999,8.44,-0.7956,9.3733,P011_Barbell_Back_Squats_Inclination_Asymmetry_2_06 (2).csv,10
11,15,1,3,2,43.608,43608,-2.39,9.52,-0.54,9.8303,-0.0513,-0.0513,-0.2062,15.94,94.31,59.5,-3.787,8.5824,-0.7619,9.4116,P011_Barbell_Back_Squats_Inclination_Asymmetry_2_06 (2).csv,10
11,15,1,3,2,43.738,43738,-2.71,9.15,-0.51,9.5565,-0.0316,-0.0251,-0.2367,17.38,94.69,58.25,-3.6451,8.6572,-0.7287,9.4215,P011_Barbell_Back_Squats_Inclination_Asymmetry_2_06 (2).csv,10
11,15,1,3,2,43.868,43868,-3.0,9.16,-0.47,9.6502,-0.0207,-0.012,-0.3436,19.38,94.81,56.31,-3.5601,8.7234,-0.6946,9.4475,P011_Barbell_Back_Squats_Inclination_Asymmetry_2_06 (2).csv,10
11,15,1,3,2,44.041,44041,-3.27,7.38,-0.58,8.0928,-0.0687,0.0153,-0.8061,24.19,95.31,51.31,-3.5218,8.5464,-0.6795,9.2685,P011_Barbell_Back_Squats_Inclination_Asymmetry_2_06 (2).csv,10
11,15,1,3,2,44.172,44172,-5.6,7.29,-0.9,9.2366,-0.1254,-0.0545,-1.0352,31.56,96.56,43.69,-3.7957,8.3808,-0.7086,9.2275,P011_Barbell_Back_Squats_Inclination_Asymmetry_2_06 (2).csv,10
11,15,1,3,2,44.302,44302,-5.08,7.58,-1.24,9.2087,-0.0513,-0.0316,0.2138,34.31,97.63,40.75,-3.9649,8.2753,-0.7786,9.2091,P011_Barbell_Back_Squats_Inclination_Asymmetry_2_06 (2).csv,10
11,16,1,3,2,44.433,44433,-4.9,7.8,-1.45,9.3248,-0.0731,-0.0491,-0.2334,33.75,98.44,41.31,-4.0881,8.2127,-0.8671,9.2148,P011_Barbell_Back_Squats_Inclination_Asymmetry_2_06 (2).csv,10
11,16,1,3,2,44.563,44563,-6.03,6.93,-1.54,9.3144,-0.0447,0.0207,-0.4996,37.06,99.5,37.69,-4.344,8.0436,-0.9557,9.1915,P011_Barbell_Back_Squats_Inclination_Asymmetry_2_06 (2).csv,10
11,16,1,3,2,44.693,44693,-6.69,7.27,-1.24,9.9572,0.0065,0.0262,-0.0458,39.56,99.81,34.88,-4.6532,7.9417,-0.9932,9.2579,P011_Barbell_Back_Squats_Inclination_Asymmetry_2_06 (2).csv,10
11,16,1,3,2,44.823,44823,-6.54,7.32,-1.46,9.924,-0.0578,0.0284,-0.0753,40.44,100.13,33.63,-4.9018,7.8598,-1.0547,9.3229,P011_Barbell_Back_Squats_Inclination_Asymmetry_2_06 (2).csv,10
11,16,1,3,2,44.953,44953,-7.03,7.4,-1.34,10.2945,-0.048,0.0371,-0.1571,41.69,100.69,31.88,-5.1822,7.7992,-1.0923,9.4274,P011_Barbell_Back_Squats_Inclination_Asymmetry_2_06 (2).csv,10
11,16,1,3,2,45.126,45126,-6.5,7.27,-1.27,9.8344,-0.0273,0.0556,0.0665,41.69,100.44,31.19,-5.3559,7.7295,-1.1157,9.4697,P011_Barbell_Back_Squats_Inclination_Asymmetry_2_06 (2).csv,10
11,16,1,3,2,45.256,45256,-6.6,7.24,-1.23,9.8737,-0.0087,0.036,0.0153,41.25,100.25,31.31,-5.5198,7.665,-1.1308,9.5131,P011_Barbell_Back_Squats_Inclination_Asymmetry_2_06 (2).csv,10
11,16,1,3,2,45.387,45387,-6.68,7.48,-1.45,10.1329,0.0011,0.0065,0.0251,41.0,100.13,31.5,-5.6727,7.6406,-1.1728,9.5882,P011_Barbell_Back_Squats_Inclination_Asymmetry_2_06 (2).csv,10
11,16,1,3,2,45.517,45517,-6.76,7.45,-1.43,10.161,0.0316,-0.0076,-0.0142,41.25,100.13,31.31,-5.816,7.6155,-1.2067,9.658,P011_Barbell_Back_Squats_Inclination_Asymmetry_2_06 (2).csv,10
11,16,1,3,2,45.647,45647,-6.48,7.61,-1.49,10.1056,0.0687,-0.0229,0.1156,40.88,99.75,32.06,-5.9035,7.6147,-1.2441,9.7151,P011_Barbell_Back_Squats_Inclination_Asymmetry_2_06 (2).csv,10
11,16,1,3,2,45.778,45778,-6.48,7.36,-1.31,9.8932,0.0709,-0.0229,-0.0251,40.63,99.31,32.81,-5.9795,7.5812,-1.2527,9.7364,P011_Barbell_Back_Squats_Inclination_Asymmetry_2_06 (2).csv,10
11,16,1,3,2,45.908,45908,-6.36,7.36,-1.31,9.8151,0.0284,-0.0098,0.0022,40.5,99.0,33.31,-6.0296,7.552,-1.2603,9.7457,P011_Barbell_Back_Squats_Inclination_Asymmetry_2_06 (2).csv,10
11,16,1,3,2,46.039,46039,-6.1,6.88,-1.08,9.258,-0.0295,-0.036,-0.2182,41.5,99.38,32.38,-6.0389,7.4635,-1.2365,9.6799,P011_Barbell_Back_Squats_Inclination_Asymmetry_2_06 (2).csv,10
11,16,1,3,2,46.216,46216,-6.54,7.33,-1.32,9.9118,-0.0109,-0.0469,0.0142,41.81,99.94,32.25,-6.1049,7.4459,-1.2475,9.7092,P011_Barbell_Back_Squats_Inclination_Asymmetry_2_06 (2).csv,10
11,16,1,3,2,46.347,46347,-7.03,7.66,-1.51,10.506,0.0,0.0033,-0.1745,42.69,100.25,31.44,-6.2268,7.4741,-1.2821,9.8122,P011_Barbell_Back_Squats_Inclination_Asymmetry_2_06 (2).csv,10
11,16,1,3,2,46.477,46477,-7.97,7.9,-1.3,11.2969,0.0273,0.0654,-0.1724,44.13,100.31,29.88,-6.4565,7.5302,-1.2845,10.002,P011_Barbell_Back_Squats_Inclination_Asymmetry_2_06 (2).csv,10
11,16,1,3,2,46.608,46608,-7.74,7.03,-1.4,10.5493,0.0131,0.1156,-0.0349,45.0,99.63,28.69,-6.6257,7.4643,-1.2997,10.065,P011_Barbell_Back_Squats_Inclination_Asymmetry_2_06 (2).csv,10
11,16,1,3,2,46.738,46738,-7.47,6.86,-1.06,10.1973,0.0393,0.1047,0.1604,45.06,98.75,28.19,-6.7369,7.3847,-1.2681,10.0761,P011_Barbell_Back_Squats_Inclination_Asymmetry_2_06 (2).csv,10
11,16,1,3,2,46.869,46869,-6.18,6.59,-0.72,9.0631,0.0709,0.0513,0.5389,42.25,97.38,31.0,-6.6635,7.28,-1.1959,9.9414,P011_Barbell_Back_Squats_Inclination_Asymmetry_2_06 (2).csv,10
11,16,1,3,2,47.0,47000,-6.03,7.17,-0.88,9.4098,-0.0175,-0.0349,0.3109,39.25,96.88,34.06,-6.58,7.2655,-1.1543,9.87,P011_Barbell_Back_Squats_Inclination_Asymmetry_2_06 (2).csv,10
11,16,1,3,2,47.13,47130,-5.29,6.75,-1.08,8.6437,0.0425,-0.0338,0.3665,36.25,96.69,37.38,-6.4101,7.1975,-1.1445,9.7058,P011_Barbell_Back_Squats_Inclination_Asymmetry_2_06 (2).csv,10
11,16,1,3,2,47.303,47303,-4.23,7.52,-0.13,8.629,0.1374,0.0262,0.649,30.94,95.75,43.25,-6.1228,7.24,-1.0108,9.5356,P011_Barbell_Back_Squats_Inclination_Asymmetry_2_06 (2).csv,10
11,16,1,3,2,47.434,47434,-3.95,8.31,-0.57,9.2186,0.1691,-0.0251,0.3883,27.19,94.31,47.56,-5.8365,7.381,-0.9527,9.4579,P011_Barbell_Back_Squats_Inclination_Asymmetry_2_06 (2).csv,10
11,16,1,3,2,47.564,47564,-3.59,8.35,-1.15,9.1615,0.2051,-0.0578,0.4483,24.25,93.06,51.5,-5.5404,7.5087,-0.9787,9.3827,P011_Barbell_Back_Squats_Inclination_Asymmetry_2_06 (2).csv,10
